t_s,role,source,channel,dev_ms,fields
0.047,left_hand,og,acc,97314,"{""seq"":0,""x_mg"":204,""y_mg"":-144,""z_mg"":984}"
0.047,left_hand,og,tilt,,"{""roll_deg"":0.0,""pitch_deg"":0.0,""steady"":true}"
0.094,left_hand,og,acc,97335,"{""seq"":1,""x_mg"":212,""y_mg"":-140,""z_mg"":952}"
0.094,left_hand,og,tilt,,"{""roll_deg"":-0.0,""pitch_deg"":0.1,""steady"":true}"
0.110,left_hand,og,acc,97355,"{""seq"":2,""x_mg"":212,""y_mg"":-160,""z_mg"":960}"
0.110,left_hand,og,tilt,,"{""roll_deg"":-0.0,""pitch_deg"":0.1,""steady"":true}"
0.141,left_hand,og,acc,97376,"{""seq"":3,""x_mg"":212,""y_mg"":-188,""z_mg"":972}"
0.141,left_hand,og,tilt,,"{""roll_deg"":-0.1,""pitch_deg"":0.2,""steady"":true}"
0.172,left_hand,og,acc,97397,"{""seq"":4,""x_mg"":216,""y_mg"":-216,""z_mg"":936}"
0.172,left_hand,og,tilt,,"{""roll_deg"":-0.2,""pitch_deg"":0.3,""steady"":true}"
0.172,left_hand,og,acc,97417,"{""seq"":5,""x_mg"":224,""y_mg"":-236,""z_mg"":952}"
0.172,left_hand,og,tilt,,"{""roll_deg"":-0.5,""pitch_deg"":0.3,""steady"":true}"
0.204,left_hand,og,acc,97438,"{""seq"":6,""x_mg"":208,""y_mg"":-184,""z_mg"":960}"
0.204,left_hand,og,tilt,,"{""roll_deg"":-0.7,""pitch_deg"":0.4,""steady"":true}"
0.235,left_hand,og,acc,97458,"{""seq"":7,""x_mg"":200,""y_mg"":-124,""z_mg"":976}"
0.235,left_hand,og,tilt,,"{""roll_deg"":-1.0,""pitch_deg"":0.4,""steady"":true}"
0.235,left_hand,og,acc,97479,"{""seq"":8,""x_mg"":212,""y_mg"":-192,""z_mg"":952}"
0.235,left_hand,og,tilt,,"{""roll_deg"":-1.2,""pitch_deg"":0.5,""steady"":true}"
0.266,left_hand,og,acc,97499,"{""seq"":9,""x_mg"":216,""y_mg"":-252,""z_mg"":928}"
0.266,left_hand,og,tilt,,"{""roll_deg"":-1.4,""pitch_deg"":0.5,""steady"":true}"
0.266,left_hand,og,acc,97520,"{""seq"":10,""x_mg"":216,""y_mg"":-204,""z_mg"":976}"
0.266,left_hand,og,tilt,,"{""roll_deg"":-1.6,""pitch_deg"":0.5,""steady"":true}"
0.297,left_hand,og,acc,97541,"{""seq"":11,""x_mg"":212,""y_mg"":-136,""z_mg"":956}"
0.297,left_hand,og,tilt,,"{""roll_deg"":-1.8,""pitch_deg"":0.6,""steady"":true}"
0.329,left_hand,og,acc,97561,"{""seq"":12,""x_mg"":204,""y_mg"":-172,""z_mg"":948}"
0.329,left_hand,og,tilt,,"{""roll_deg"":-2.0,""pitch_deg"":0.6,""steady"":true}"
0.329,left_hand,og,acc,97582,"{""seq"":13,""x_mg"":192,""y_mg"":-220,""z_mg"":960}"
0.329,left_hand,og,tilt,,"{""roll_deg"":-2.1,""pitch_deg"":0.6,""steady"":true}"
0.360,left_hand,og,acc,97602,"{""seq"":14,""x_mg"":208,""y_mg"":-236,""z_mg"":964}"
0.360,left_hand,og,tilt,,"{""roll_deg"":-2.3,""pitch_deg"":0.6,""steady"":true}"
0.375,left_hand,og,acc,97623,"{""seq"":15,""x_mg"":212,""y_mg"":-204,""z_mg"":956}"
0.375,left_hand,og,tilt,,"{""roll_deg"":-2.5,""pitch_deg"":0.6,""steady"":true}"
0.407,left_hand,og,acc,97643,"{""seq"":16,""x_mg"":208,""y_mg"":-176,""z_mg"":952}"
0.407,left_hand,og,tilt,,"{""roll_deg"":-2.6,""pitch_deg"":0.6,""steady"":true}"
0.422,left_hand,og,acc,97664,"{""seq"":17,""x_mg"":212,""y_mg"":-188,""z_mg"":936}"
0.422,left_hand,og,tilt,,"{""roll_deg"":-2.8,""pitch_deg"":0.6,""steady"":true}"
0.438,left_hand,og,acc,97685,"{""seq"":18,""x_mg"":204,""y_mg"":-184,""z_mg"":948}"
0.438,left_hand,og,tilt,,"{""roll_deg"":-2.8,""pitch_deg"":0.6,""steady"":true}"
0.454,left_hand,og,acc,97705,"{""seq"":19,""x_mg"":200,""y_mg"":-192,""z_mg"":960}"
0.454,left_hand,og,tilt,,"{""roll_deg"":-2.8,""pitch_deg"":0.6,""steady"":true}"
0.485,left_hand,og,acc,97726,"{""seq"":20,""x_mg"":204,""y_mg"":-200,""z_mg"":964}"
0.485,left_hand,og,tilt,,"{""roll_deg"":-2.8,""pitch_deg"":0.6,""steady"":true}"
0.500,left_hand,og,acc,97746,"{""seq"":21,""x_mg"":196,""y_mg"":-232,""z_mg"":960}"
0.500,left_hand,og,tilt,,"{""roll_deg"":-2.9,""pitch_deg"":0.5,""steady"":true}"
0.532,left_hand,og,acc,97767,"{""seq"":22,""x_mg"":200,""y_mg"":-244,""z_mg"":948}"
0.532,left_hand,og,tilt,,"{""roll_deg"":-2.9,""pitch_deg"":0.5,""steady"":true}"
0.532,left_hand,og,acc,97787,"{""seq"":23,""x_mg"":204,""y_mg"":-220,""z_mg"":956}"
0.532,left_hand,og,tilt,,"{""roll_deg"":-3.1,""pitch_deg"":0.5,""steady"":true}"
0.547,,game,brick,,"{""n"":1}"
0.547,left_hand,og,acc,97808,"{""seq"":24,""x_mg"":204,""y_mg"":-192,""z_mg"":948}"
0.547,left_hand,og,tilt,,"{""roll_deg"":-3.3,""pitch_deg"":0.4,""steady"":true}"
0.579,left_hand,og,acc,97828,"{""seq"":25,""x_mg"":212,""y_mg"":-196,""z_mg"":956}"
0.579,left_hand,og,tilt,,"{""roll_deg"":-3.5,""pitch_deg"":0.4,""steady"":true}"
0.610,left_hand,og,acc,97849,"{""seq"":26,""x_mg"":200,""y_mg"":-200,""z_mg"":960}"
0.610,left_hand,og,tilt,,"{""roll_deg"":-3.5,""pitch_deg"":0.4,""steady"":true}"
0.625,left_hand,og,acc,97870,"{""seq"":27,""x_mg"":204,""y_mg"":-208,""z_mg"":952}"
0.625,left_hand,og,tilt,,"{""roll_deg"":-3.5,""pitch_deg"":0.4,""steady"":true}"
0.641,left_hand,og,acc,97890,"{""seq"":28,""x_mg"":204,""y_mg"":-192,""z_mg"":960}"
0.641,left_hand,og,tilt,,"{""roll_deg"":-3.4,""pitch_deg"":0.4,""steady"":true}"
0.657,left_hand,og,acc,97911,"{""seq"":29,""x_mg"":200,""y_mg"":-200,""z_mg"":960}"
0.657,left_hand,og,tilt,,"{""roll_deg"":-3.4,""pitch_deg"":0.4,""steady"":true}"
0.672,left_hand,og,acc,97931,"{""seq"":30,""x_mg"":212,""y_mg"":-208,""z_mg"":960}"
0.672,left_hand,og,tilt,,"{""roll_deg"":-3.4,""pitch_deg"":0.4,""steady"":true}"
0.704,left_hand,og,acc,97952,"{""seq"":31,""x_mg"":200,""y_mg"":-200,""z_mg"":964}"
0.704,left_hand,og,tilt,,"{""roll_deg"":-3.4,""pitch_deg"":0.4,""steady"":true}"
0.719,left_hand,og,acc,97972,"{""seq"":32,""x_mg"":204,""y_mg"":-236,""z_mg"":948}"
0.719,left_hand,og,tilt,,"{""roll_deg"":-3.4,""pitch_deg"":0.4,""steady"":true}"
0.766,left_hand,og,acc,97993,"{""seq"":33,""x_mg"":208,""y_mg"":-216,""z_mg"":960}"
0.766,left_hand,og,tilt,,"{""roll_deg"":-3.5,""pitch_deg"":0.4,""steady"":true}"
0.782,left_hand,og,acc,98014,"{""seq"":34,""x_mg"":204,""y_mg"":-192,""z_mg"":948}"
0.782,left_hand,og,tilt,,"{""roll_deg"":-3.5,""pitch_deg"":0.4,""steady"":true}"
0.782,left_hand,og,acc,98034,"{""seq"":35,""x_mg"":212,""y_mg"":-204,""z_mg"":932}"
0.782,left_hand,og,tilt,,"{""roll_deg"":-3.6,""pitch_deg"":0.4,""steady"":true}"
0.797,left_hand,og,acc,98055,"{""seq"":36,""x_mg"":200,""y_mg"":-208,""z_mg"":952}"
0.797,left_hand,og,tilt,,"{""roll_deg"":-3.7,""pitch_deg"":0.4,""steady"":true}"
0.829,left_hand,og,acc,98075,"{""seq"":37,""x_mg"":204,""y_mg"":-220,""z_mg"":964}"
0.829,left_hand,og,tilt,,"{""roll_deg"":-3.7,""pitch_deg"":0.4,""steady"":true}"
0.844,left_hand,og,acc,98096,"{""seq"":38,""x_mg"":204,""y_mg"":-216,""z_mg"":956}"
0.844,left_hand,og,tilt,,"{""roll_deg"":-3.7,""pitch_deg"":0.4,""steady"":true}"
0.875,left_hand,og,acc,98116,"{""seq"":39,""x_mg"":208,""y_mg"":-232,""z_mg"":968}"
0.875,left_hand,og,tilt,,"{""roll_deg"":-3.8,""pitch_deg"":0.4,""steady"":true}"
0.907,left_hand,og,acc,98137,"{""seq"":40,""x_mg"":192,""y_mg"":-240,""z_mg"":980}"
0.907,left_hand,og,tilt,,"{""roll_deg"":-3.9,""pitch_deg"":0.4,""steady"":true}"
0.907,left_hand,og,acc,98157,"{""seq"":41,""x_mg"":180,""y_mg"":-236,""z_mg"":996}"
0.907,left_hand,og,tilt,,"{""roll_deg"":-4.0,""pitch_deg"":0.3,""steady"":true}"
0.938,left_hand,og,acc,98178,"{""seq"":42,""x_mg"":204,""y_mg"":-244,""z_mg"":1000}"
0.938,left_hand,og,tilt,,"{""roll_deg"":-4.2,""pitch_deg"":0.3,""steady"":true}"
0.969,left_hand,og,acc,98199,"{""seq"":43,""x_mg"":204,""y_mg"":-248,""z_mg"":996}"
0.969,left_hand,og,tilt,,"{""roll_deg"":-4.3,""pitch_deg"":0.2,""steady"":true}"
0.969,left_hand,og,acc,98219,"{""seq"":44,""x_mg"":196,""y_mg"":-236,""z_mg"":964}"
0.969,left_hand,og,tilt,,"{""roll_deg"":-4.4,""pitch_deg"":0.2,""steady"":true}"
0.985,left_hand,og,acc,98240,"{""seq"":45,""x_mg"":196,""y_mg"":-208,""z_mg"":984}"
0.985,left_hand,og,tilt,,"{""roll_deg"":-4.6,""pitch_deg"":0.1,""steady"":true}"
1.016,left_hand,og,acc,98260,"{""seq"":46,""x_mg"":216,""y_mg"":-176,""z_mg"":972}"
1.016,left_hand,og,tilt,,"{""roll_deg"":-4.7,""pitch_deg"":0.1,""steady"":true}"
1.047,left_hand,og,acc,98281,"{""seq"":47,""x_mg"":224,""y_mg"":-188,""z_mg"":940}"
1.047,left_hand,og,tilt,,"{""roll_deg"":-4.5,""pitch_deg"":0.1,""steady"":true}"
1.079,left_hand,og,acc,98301,"{""seq"":48,""x_mg"":252,""y_mg"":-192,""z_mg"":956}"
1.079,left_hand,og,tilt,,"{""roll_deg"":-4.4,""pitch_deg"":0.2,""steady"":true}"
1.079,left_hand,og,acc,98322,"{""seq"":49,""x_mg"":272,""y_mg"":-208,""z_mg"":948}"
1.079,left_hand,og,tilt,,"{""roll_deg"":-4.2,""pitch_deg"":0.3,""steady"":true}"
1.110,left_hand,og,acc,98343,"{""seq"":50,""x_mg"":264,""y_mg"":-184,""z_mg"":960}"
1.110,left_hand,og,tilt,,"{""roll_deg"":-4.0,""pitch_deg"":0.7,""steady"":true}"
1.110,left_hand,og,acc,98363,"{""seq"":51,""x_mg"":260,""y_mg"":-164,""z_mg"":964}"
1.110,left_hand,og,tilt,,"{""roll_deg"":-3.9,""pitch_deg"":1.0,""steady"":true}"
1.141,left_hand,og,acc,98384,"{""seq"":52,""x_mg"":276,""y_mg"":-164,""z_mg"":920}"
1.141,left_hand,og,tilt,,"{""roll_deg"":-3.8,""pitch_deg"":1.3,""steady"":true}"
1.172,left_hand,og,acc,98404,"{""seq"":53,""x_mg"":280,""y_mg"":-172,""z_mg"":912}"
1.172,left_hand,og,tilt,,"{""roll_deg"":-3.6,""pitch_deg"":1.7,""steady"":true}"
1.172,left_hand,og,acc,98425,"{""seq"":54,""x_mg"":284,""y_mg"":-204,""z_mg"":952}"
1.172,left_hand,og,tilt,,"{""roll_deg"":-3.4,""pitch_deg"":2.1,""steady"":true}"
1.204,left_hand,og,acc,98445,"{""seq"":55,""x_mg"":292,""y_mg"":-192,""z_mg"":964}"
1.204,left_hand,og,tilt,,"{""roll_deg"":-3.3,""pitch_deg"":2.4,""steady"":true}"
1.235,left_hand,og,acc,98466,"{""seq"":56,""x_mg"":280,""y_mg"":-176,""z_mg"":976}"
1.235,left_hand,og,tilt,,"{""roll_deg"":-3.2,""pitch_deg"":2.7,""steady"":true}"
1.235,left_hand,og,acc,98487,"{""seq"":57,""x_mg"":288,""y_mg"":-180,""z_mg"":980}"
1.235,left_hand,og,tilt,,"{""roll_deg"":-3.1,""pitch_deg"":3.0,""steady"":true}"
1.250,left_hand,og,acc,98507,"{""seq"":58,""x_mg"":320,""y_mg"":-152,""z_mg"":944}"
1.250,left_hand,og,tilt,,"{""roll_deg"":-3.0,""pitch_deg"":3.2,""steady"":true}"
1.282,left_hand,og,acc,98528,"{""seq"":59,""x_mg"":392,""y_mg"":-112,""z_mg"":832}"
1.282,left_hand,og,tilt,,"{""roll_deg"":-2.8,""pitch_deg"":3.4,""steady"":true}"
1.297,,game,drop,,"{""n"":1}"
1.313,left_hand,og,acc,98548,"{""seq"":60,""x_mg"":452,""y_mg"":-60,""z_mg"":800}"
1.313,left_hand,og,tilt,,"{""roll_deg"":-2.6,""pitch_deg"":3.9,""steady"":true}"
1.313,left_hand,og,acc,98569,"{""seq"":61,""x_mg"":416,""y_mg"":100,""z_mg"":892}"
1.313,left_hand,og,tilt,,"{""roll_deg"":-2.2,""pitch_deg"":5.0,""steady"":true}"
1.344,left_hand,og,acc,98589,"{""seq"":62,""x_mg"":372,""y_mg"":208,""z_mg"":940}"
1.344,left_hand,og,tilt,,"{""roll_deg"":-1.5,""pitch_deg"":6.0,""steady"":true}"
1.375,left_hand,og,acc,98610,"{""seq"":63,""x_mg"":380,""y_mg"":136,""z_mg"":924}"
1.375,left_hand,og,tilt,,"{""roll_deg"":0.5,""pitch_deg"":6.9,""steady"":true}"
1.375,left_hand,og,acc,98631,"{""seq"":64,""x_mg"":364,""y_mg"":-68,""z_mg"":888}"
1.375,left_hand,og,tilt,,"{""roll_deg"":2.2,""pitch_deg"":7.3,""steady"":true}"
1.407,left_hand,og,acc,98651,"{""seq"":65,""x_mg"":312,""y_mg"":-232,""z_mg"":864}"
1.407,left_hand,og,tilt,,"{""roll_deg"":3.7,""pitch_deg"":7.7,""steady"":true}"
1.438,left_hand,og,acc,98672,"{""seq"":66,""x_mg"":292,""y_mg"":-280,""z_mg"":876}"
1.438,left_hand,og,tilt,,"{""roll_deg"":3.7,""pitch_deg"":8.0,""steady"":true}"
1.438,left_hand,og,acc,98692,"{""seq"":67,""x_mg"":288,""y_mg"":-268,""z_mg"":880}"
1.438,left_hand,og,tilt,,"{""roll_deg"":2.5,""pitch_deg"":8.0,""steady"":true}"
1.469,left_hand,og,acc,98713,"{""seq"":68,""x_mg"":276,""y_mg"":-284,""z_mg"":884}"
1.469,left_hand,og,tilt,,"{""roll_deg"":1.1,""pitch_deg"":7.8,""steady"":true}"
1.485,left_hand,og,acc,98733,"{""seq"":69,""x_mg"":236,""y_mg"":-400,""z_mg"":948}"
1.485,left_hand,og,tilt,,"{""roll_deg"":-0.1,""pitch_deg"":7.7,""steady"":true}"
1.516,left_hand,og,acc,98754,"{""seq"":70,""x_mg"":200,""y_mg"":-500,""z_mg"":944}"
1.516,left_hand,og,tilt,,"{""roll_deg"":-1.2,""pitch_deg"":7.4,""steady"":true}"
1.516,left_hand,og,acc,98774,"{""seq"":71,""x_mg"":192,""y_mg"":-548,""z_mg"":968}"
1.516,left_hand,og,tilt,,"{""roll_deg"":-2.8,""pitch_deg"":6.8,""steady"":true}"
1.563,left_hand,og,acc,98795,"{""seq"":72,""x_mg"":188,""y_mg"":-552,""z_mg"":988}"
1.563,left_hand,og,tilt,,"{""roll_deg"":-4.9,""pitch_deg"":6.0,""steady"":true}"
1.594,left_hand,og,acc,98816,"{""seq"":73,""x_mg"":156,""y_mg"":-544,""z_mg"":952}"
1.594,left_hand,og,tilt,,"{""roll_deg"":-6.8,""pitch_deg"":5.2,""steady"":true}"
1.594,left_hand,og,acc,98836,"{""seq"":74,""x_mg"":164,""y_mg"":-528,""z_mg"":920}"
1.594,left_hand,og,tilt,,"{""roll_deg"":-8.5,""pitch_deg"":4.5,""steady"":true}"
1.625,left_hand,og,acc,98857,"{""seq"":75,""x_mg"":172,""y_mg"":-468,""z_mg"":880}"
1.625,left_hand,og,tilt,,"{""roll_deg"":-10.0,""pitch_deg"":3.8,""steady"":true}"
1.657,left_hand,og,acc,98877,"{""seq"":76,""x_mg"":172,""y_mg"":-416,""z_mg"":908}"
1.657,left_hand,og,tilt,,"{""roll_deg"":-11.3,""pitch_deg"":3.3,""steady"":true}"
1.657,left_hand,og,acc,98898,"{""seq"":77,""x_mg"":212,""y_mg"":-388,""z_mg"":916}"
1.657,left_hand,og,tilt,,"{""roll_deg"":-12.3,""pitch_deg"":2.8,""steady"":true}"
1.672,left_hand,og,acc,98918,"{""seq"":78,""x_mg"":224,""y_mg"":-328,""z_mg"":888}"
1.672,left_hand,og,tilt,,"{""roll_deg"":-12.8,""pitch_deg"":2.3,""steady"":true}"
1.704,left_hand,og,acc,98939,"{""seq"":79,""x_mg"":228,""y_mg"":-320,""z_mg"":892}"
1.704,left_hand,og,tilt,,"{""roll_deg"":-13.0,""pitch_deg"":2.2,""steady"":true}"
1.735,left_hand,og,acc,98960,"{""seq"":80,""x_mg"":236,""y_mg"":-276,""z_mg"":876}"
1.735,left_hand,og,tilt,,"{""roll_deg"":-12.9,""pitch_deg"":2.2,""steady"":true}"
1.735,left_hand,og,acc,98980,"{""seq"":81,""x_mg"":280,""y_mg"":-272,""z_mg"":920}"
1.735,left_hand,og,tilt,,"{""roll_deg"":-12.7,""pitch_deg"":2.3,""steady"":true}"
1.766,left_hand,og,acc,99001,"{""seq"":82,""x_mg"":284,""y_mg"":-176,""z_mg"":924}"
1.766,left_hand,og,tilt,,"{""roll_deg"":-12.3,""pitch_deg"":2.4,""steady"":true}"
1.797,left_hand,og,acc,99021,"{""seq"":83,""x_mg"":280,""y_mg"":-84,""z_mg"":948}"
1.797,left_hand,og,tilt,,"{""roll_deg"":-11.8,""pitch_deg"":2.7,""steady"":true}"
1.797,left_hand,og,acc,99042,"{""seq"":84,""x_mg"":284,""y_mg"":-120,""z_mg"":948}"
1.797,left_hand,og,tilt,,"{""roll_deg"":-10.7,""pitch_deg"":3.0,""steady"":true}"
1.829,left_hand,og,acc,99062,"{""seq"":85,""x_mg"":328,""y_mg"":-112,""z_mg"":916}"
1.829,left_hand,og,tilt,,"{""roll_deg"":-9.3,""pitch_deg"":3.2,""steady"":true}"
1.860,left_hand,og,acc,99083,"{""seq"":86,""x_mg"":348,""y_mg"":-168,""z_mg"":952}"
1.860,left_hand,og,tilt,,"{""roll_deg"":-8.0,""pitch_deg"":3.5,""steady"":true}"
1.860,left_hand,og,acc,99103,"{""seq"":87,""x_mg"":324,""y_mg"":-128,""z_mg"":928}"
1.860,left_hand,og,tilt,,"{""roll_deg"":-6.9,""pitch_deg"":4.0,""steady"":true}"
1.891,,game,brick,,"{""n"":2}"
1.891,left_hand,og,acc,99124,"{""seq"":88,""x_mg"":324,""y_mg"":-96,""z_mg"":952}"
1.891,left_hand,og,tilt,,"{""roll_deg"":-6.0,""pitch_deg"":4.4,""steady"":true}"
1.922,left_hand,og,acc,99145,"{""seq"":89,""x_mg"":324,""y_mg"":-84,""z_mg"":948}"
1.922,left_hand,og,tilt,,"{""roll_deg"":-5.1,""pitch_deg"":4.8,""steady"":true}"
1.922,left_hand,og,acc,99165,"{""seq"":90,""x_mg"":308,""y_mg"":-148,""z_mg"":948}"
1.922,left_hand,og,tilt,,"{""roll_deg"":-4.4,""pitch_deg"":5.1,""steady"":true}"
1.954,left_hand,og,acc,99186,"{""seq"":91,""x_mg"":300,""y_mg"":-208,""z_mg"":944}"
1.954,left_hand,og,tilt,,"{""roll_deg"":-3.8,""pitch_deg"":5.3,""steady"":true}"
1.954,left_hand,og,acc,99206,"{""seq"":92,""x_mg"":284,""y_mg"":-244,""z_mg"":932}"
1.954,left_hand,og,tilt,,"{""roll_deg"":-3.4,""pitch_deg"":5.4,""steady"":true}"
1.985,left_hand,og,acc,99227,"{""seq"":93,""x_mg"":268,""y_mg"":-252,""z_mg"":936}"
1.985,left_hand,og,tilt,,"{""roll_deg"":-3.5,""pitch_deg"":5.5,""steady"":true}"
2.016,left_hand,og,acc,99248,"{""seq"":94,""x_mg"":260,""y_mg"":-260,""z_mg"":932}"
2.016,left_hand,og,tilt,,"{""roll_deg"":-3.9,""pitch_deg"":5.5,""steady"":true}"
2.016,left_hand,og,acc,99268,"{""seq"":95,""x_mg"":288,""y_mg"":-260,""z_mg"":928}"
2.016,left_hand,og,tilt,,"{""roll_deg"":-4.2,""pitch_deg"":5.4,""steady"":true}"
2.047,left_hand,og,acc,99289,"{""seq"":96,""x_mg"":292,""y_mg"":-268,""z_mg"":924}"
2.047,left_hand,og,tilt,,"{""roll_deg"":-4.6,""pitch_deg"":5.4,""steady"":true}"
2.079,left_hand,og,acc,99309,"{""seq"":97,""x_mg"":280,""y_mg"":-256,""z_mg"":936}"
2.079,left_hand,og,tilt,,"{""roll_deg"":-4.9,""pitch_deg"":5.4,""steady"":true}"
2.079,left_hand,og,acc,99330,"{""seq"":98,""x_mg"":300,""y_mg"":-244,""z_mg"":912}"
2.079,left_hand,og,tremor,,"{""rms_mg"":54.5,""peak_hz"":6.9}"
2.079,left_hand,og,tilt,,"{""roll_deg"":-5.2,""pitch_deg"":5.4,""steady"":true}"
2.110,left_hand,og,acc,99350,"{""seq"":99,""x_mg"":308,""y_mg"":-220,""z_mg"":908}"
2.110,left_hand,og,tilt,,"{""roll_deg"":-5.4,""pitch_deg"":5.4,""steady"":true}"
2.141,left_hand,og,acc,99371,"{""seq"":100,""x_mg"":304,""y_mg"":-184,""z_mg"":900}"
2.141,left_hand,og,tilt,,"{""roll_deg"":-5.5,""pitch_deg"":5.6,""steady"":true}"
2.141,left_hand,og,acc,99391,"{""seq"":101,""x_mg"":316,""y_mg"":-184,""z_mg"":912}"
2.141,left_hand,og,tilt,,"{""roll_deg"":-5.5,""pitch_deg"":5.7,""steady"":true}"
2.172,left_hand,og,acc,99412,"{""seq"":102,""x_mg"":316,""y_mg"":-192,""z_mg"":920}"
2.172,left_hand,og,tilt,,"{""roll_deg"":-5.3,""pitch_deg"":5.9,""steady"":true}"
2.204,left_hand,og,acc,99433,"{""seq"":103,""x_mg"":328,""y_mg"":-176,""z_mg"":920}"
2.204,left_hand,og,tilt,,"{""roll_deg"":-5.0,""pitch_deg"":6.0,""steady"":true}"
2.204,left_hand,og,acc,99453,"{""seq"":104,""x_mg"":336,""y_mg"":-148,""z_mg"":928}"
2.204,left_hand,og,tilt,,"{""roll_deg"":-4.8,""pitch_deg"":6.2,""steady"":true}"
2.235,left_hand,og,acc,99474,"{""seq"":105,""x_mg"":312,""y_mg"":-128,""z_mg"":928}"
2.235,left_hand,og,tilt,,"{""roll_deg"":-4.5,""pitch_deg"":6.3,""steady"":true}"
2.235,left_hand,og,acc,99494,"{""seq"":106,""x_mg"":324,""y_mg"":-128,""z_mg"":932}"
2.235,left_hand,og,tilt,,"{""roll_deg"":-4.1,""pitch_deg"":6.5,""steady"":true}"
2.266,left_hand,og,acc,99515,"{""seq"":107,""x_mg"":320,""y_mg"":-156,""z_mg"":924}"
2.266,left_hand,og,tilt,,"{""roll_deg"":-3.7,""pitch_deg"":6.6,""steady"":true}"
2.282,left_hand,og,acc,99535,"{""seq"":108,""x_mg"":304,""y_mg"":-172,""z_mg"":936}"
2.282,left_hand,og,tilt,,"{""roll_deg"":-3.3,""pitch_deg"":6.7,""steady"":true}"
2.329,left_hand,og,acc,99556,"{""seq"":109,""x_mg"":308,""y_mg"":-184,""z_mg"":952}"
2.329,left_hand,og,tilt,,"{""roll_deg"":-3.1,""pitch_deg"":6.7,""steady"":true}"
2.360,left_hand,og,acc,99577,"{""seq"":110,""x_mg"":296,""y_mg"":-180,""z_mg"":924}"
2.360,left_hand,og,tilt,,"{""roll_deg"":-2.9,""pitch_deg"":6.7,""steady"":true}"
2.360,left_hand,og,acc,99597,"{""seq"":111,""x_mg"":296,""y_mg"":-196,""z_mg"":936}"
2.360,left_hand,og,tilt,,"{""roll_deg"":-2.9,""pitch_deg"":6.6,""steady"":true}"
2.391,left_hand,og,acc,99618,"{""seq"":112,""x_mg"":292,""y_mg"":-224,""z_mg"":940}"
2.391,left_hand,og,tilt,,"{""roll_deg"":-2.9,""pitch_deg"":6.5,""steady"":true}"
2.391,left_hand,og,acc,99638,"{""seq"":113,""x_mg"":300,""y_mg"":-228,""z_mg"":932}"
2.391,left_hand,og,tilt,,"{""roll_deg"":-3.0,""pitch_deg"":6.5,""steady"":true}"
2.422,left_hand,og,acc,99659,"{""seq"":114,""x_mg"":304,""y_mg"":-196,""z_mg"":932}"
2.422,left_hand,og,tilt,,"{""roll_deg"":-3.0,""pitch_deg"":6.4,""steady"":true}"
2.454,left_hand,og,acc,99679,"{""seq"":115,""x_mg"":292,""y_mg"":-192,""z_mg"":932}"
2.454,left_hand,og,tilt,,"{""roll_deg"":-3.1,""pitch_deg"":6.4,""steady"":true}"
2.454,left_hand,og,acc,99700,"{""seq"":116,""x_mg"":296,""y_mg"":-216,""z_mg"":928}"
2.454,left_hand,og,tilt,,"{""roll_deg"":-3.3,""pitch_deg"":6.3,""steady"":true}"
2.485,left_hand,og,acc,99720,"{""seq"":117,""x_mg"":300,""y_mg"":-208,""z_mg"":940}"
2.485,left_hand,og,tilt,,"{""roll_deg"":-3.4,""pitch_deg"":6.3,""steady"":true}"
2.500,left_hand,og,acc,99741,"{""seq"":118,""x_mg"":304,""y_mg"":-200,""z_mg"":928}"
2.500,left_hand,og,tilt,,"{""roll_deg"":-3.4,""pitch_deg"":6.2,""steady"":true}"
2.500,left_hand,og,acc,99762,"{""seq"":119,""x_mg"":304,""y_mg"":-188,""z_mg"":932}"
2.500,left_hand,og,tilt,,"{""roll_deg"":-3.5,""pitch_deg"":6.2,""steady"":true}"
2.532,left_hand,og,acc,99782,"{""seq"":120,""x_mg"":296,""y_mg"":-160,""z_mg"":932}"
2.532,left_hand,og,tilt,,"{""roll_deg"":-3.5,""pitch_deg"":6.2,""steady"":true}"
2.563,left_hand,og,acc,99803,"{""seq"":121,""x_mg"":312,""y_mg"":-160,""z_mg"":928}"
2.563,left_hand,og,tilt,,"{""roll_deg"":-3.5,""pitch_deg"":6.2,""steady"":true}"
2.594,left_hand,og,acc,99823,"{""seq"":122,""x_mg"":308,""y_mg"":-172,""z_mg"":924}"
2.594,left_hand,og,tilt,,"{""roll_deg"":-3.3,""pitch_deg"":6.2,""steady"":true}"
2.594,left_hand,og,acc,99844,"{""seq"":123,""x_mg"":308,""y_mg"":-180,""z_mg"":924}"
2.594,left_hand,og,tilt,,"{""roll_deg"":-3.2,""pitch_deg"":6.3,""steady"":true}"
2.625,left_hand,og,acc,99864,"{""seq"":124,""x_mg"":308,""y_mg"":-188,""z_mg"":928}"
2.625,left_hand,og,tilt,,"{""roll_deg"":-3.1,""pitch_deg"":6.3,""steady"":true}"
2.657,left_hand,og,acc,99885,"{""seq"":125,""x_mg"":296,""y_mg"":-188,""z_mg"":940}"
2.657,left_hand,og,tilt,,"{""roll_deg"":-3.0,""pitch_deg"":6.4,""steady"":true}"
2.657,left_hand,og,acc,99906,"{""seq"":126,""x_mg"":304,""y_mg"":-184,""z_mg"":932}"
2.657,left_hand,og,tilt,,"{""roll_deg"":-3.0,""pitch_deg"":6.4,""steady"":true}"
2.688,left_hand,og,acc,99926,"{""seq"":127,""x_mg"":304,""y_mg"":-200,""z_mg"":928}"
2.688,left_hand,og,tilt,,"{""roll_deg"":-3.0,""pitch_deg"":6.4,""steady"":true}"
2.719,left_hand,og,acc,99947,"{""seq"":128,""x_mg"":300,""y_mg"":-212,""z_mg"":932}"
2.719,left_hand,og,tilt,,"{""roll_deg"":-3.0,""pitch_deg"":6.4,""steady"":true}"
2.719,left_hand,og,acc,99967,"{""seq"":129,""x_mg"":308,""y_mg"":-208,""z_mg"":928}"
2.719,left_hand,og,tilt,,"{""roll_deg"":-3.1,""pitch_deg"":6.4,""steady"":true}"
2.750,left_hand,og,acc,99988,"{""seq"":130,""x_mg"":296,""y_mg"":-196,""z_mg"":928}"
2.750,left_hand,og,tilt,,"{""roll_deg"":-3.2,""pitch_deg"":6.4,""steady"":true}"
2.782,left_hand,og,acc,100008,"{""seq"":131,""x_mg"":296,""y_mg"":-208,""z_mg"":928}"
2.782,left_hand,og,tilt,,"{""roll_deg"":-3.3,""pitch_deg"":6.4,""steady"":true}"
2.782,left_hand,og,acc,100029,"{""seq"":132,""x_mg"":292,""y_mg"":-200,""z_mg"":936}"
2.782,left_hand,og,tilt,,"{""roll_deg"":-3.5,""pitch_deg"":6.3,""steady"":true}"
2.813,left_hand,og,acc,100050,"{""seq"":133,""x_mg"":304,""y_mg"":-200,""z_mg"":940}"
2.813,left_hand,og,tilt,,"{""roll_deg"":-3.5,""pitch_deg"":6.3,""steady"":true}"
2.813,left_hand,og,acc,100070,"{""seq"":134,""x_mg"":300,""y_mg"":-212,""z_mg"":936}"
2.813,left_hand,og,tilt,,"{""roll_deg"":-3.5,""pitch_deg"":6.2,""steady"":true}"
2.844,left_hand,og,acc,100091,"{""seq"":135,""x_mg"":300,""y_mg"":-192,""z_mg"":936}"
2.844,left_hand,og,tilt,,"{""roll_deg"":-3.5,""pitch_deg"":6.2,""steady"":true}"
2.875,left_hand,og,acc,100111,"{""seq"":136,""x_mg"":308,""y_mg"":-172,""z_mg"":920}"
2.875,left_hand,og,tilt,,"{""roll_deg"":-3.6,""pitch_deg"":6.2,""steady"":true}"
2.875,left_hand,og,acc,100132,"{""seq"":137,""x_mg"":316,""y_mg"":-160,""z_mg"":928}"
2.875,left_hand,og,tilt,,"{""roll_deg"":-3.5,""pitch_deg"":6.2,""steady"":true}"
2.907,left_hand,og,acc,100152,"{""seq"":138,""x_mg"":312,""y_mg"":-168,""z_mg"":920}"
2.907,left_hand,og,tilt,,"{""roll_deg"":-3.4,""pitch_deg"":6.3,""steady"":true}"
2.938,left_hand,og,acc,100173,"{""seq"":139,""x_mg"":312,""y_mg"":-160,""z_mg"":920}"
2.938,left_hand,og,tilt,,"{""roll_deg"":-3.2,""pitch_deg"":6.4,""steady"":true}"
2.938,left_hand,og,acc,100193,"{""seq"":140,""x_mg"":312,""y_mg"":-168,""z_mg"":916}"
2.938,left_hand,og,tilt,,"{""roll_deg"":-3.1,""pitch_deg"":6.4,""steady"":true}"
2.969,left_hand,og,acc,100214,"{""seq"":141,""x_mg"":300,""y_mg"":-168,""z_mg"":912}"
2.969,left_hand,og,tilt,,"{""roll_deg"":-2.9,""pitch_deg"":6.5,""steady"":true}"
3.000,left_hand,og,acc,100235,"{""seq"":142,""x_mg"":316,""y_mg"":-160,""z_mg"":916}"
3.000,left_hand,og,tilt,,"{""roll_deg"":-2.8,""pitch_deg"":6.6,""steady"":true}"
3.000,left_hand,og,acc,100255,"{""seq"":143,""x_mg"":308,""y_mg"":-180,""z_mg"":920}"
3.000,left_hand,og,tilt,,"{""roll_deg"":-2.7,""pitch_deg"":6.6,""steady"":true}"
3.032,left_hand,og,acc,100276,"{""seq"":144,""x_mg"":316,""y_mg"":-192,""z_mg"":912}"
3.032,left_hand,og,tilt,,"{""roll_deg"":-2.7,""pitch_deg"":6.7,""steady"":true}"
3.079,left_hand,og,acc,100296,"{""seq"":145,""x_mg"":316,""y_mg"":-192,""z_mg"":936}"
3.079,left_hand,og,tilt,,"{""roll_deg"":-2.7,""pitch_deg"":6.7,""steady"":true}"
3.079,left_hand,og,acc,100317,"{""seq"":146,""x_mg"":312,""y_mg"":-192,""z_mg"":924}"
3.079,left_hand,og,tilt,,"{""roll_deg"":-2.7,""pitch_deg"":6.7,""steady"":true}"
3.110,left_hand,og,acc,100337,"{""seq"":147,""x_mg"":308,""y_mg"":-192,""z_mg"":940}"
3.110,left_hand,og,tilt,,"{""roll_deg"":-2.8,""pitch_deg"":6.8,""steady"":true}"
3.110,left_hand,og,acc,100358,"{""seq"":148,""x_mg"":296,""y_mg"":-188,""z_mg"":920}"
3.110,left_hand,og,tilt,,"{""roll_deg"":-2.9,""pitch_deg"":6.8,""steady"":true}"
3.125,left_hand,og,acc,100379,"{""seq"":149,""x_mg"":296,""y_mg"":-184,""z_mg"":936}"
3.125,left_hand,og,tilt,,"{""roll_deg"":-2.9,""pitch_deg"":6.7,""steady"":true}"
3.157,left_hand,og,acc,100399,"{""seq"":150,""x_mg"":296,""y_mg"":-192,""z_mg"":936}"
3.157,left_hand,og,tilt,,"{""roll_deg"":-2.9,""pitch_deg"":6.7,""steady"":true}"
3.188,left_hand,og,acc,100420,"{""seq"":151,""x_mg"":300,""y_mg"":-204,""z_mg"":944}"
3.188,left_hand,og,tilt,,"{""roll_deg"":-3.0,""pitch_deg"":6.6,""steady"":true}"
3.204,,game,brick,,"{""n"":3}"
3.204,left_hand,og,acc,100440,"{""seq"":152,""x_mg"":288,""y_mg"":-188,""z_mg"":944}"
3.204,left_hand,og,tilt,,"{""roll_deg"":-3.0,""pitch_deg"":6.5,""steady"":true}"
3.235,left_hand,og,acc,100461,"{""seq"":153,""x_mg"":288,""y_mg"":-192,""z_mg"":948}"
3.235,left_hand,og,tilt,,"{""roll_deg"":-3.0,""pitch_deg"":6.4,""steady"":true}"
3.235,left_hand,og,acc,100481,"{""seq"":154,""x_mg"":300,""y_mg"":-212,""z_mg"":936}"
3.235,left_hand,og,tilt,,"{""roll_deg"":-3.1,""pitch_deg"":6.3,""steady"":true}"
3.266,left_hand,og,acc,100502,"{""seq"":155,""x_mg"":296,""y_mg"":-224,""z_mg"":932}"
3.266,left_hand,og,tilt,,"{""roll_deg"":-3.1,""pitch_deg"":6.3,""steady"":true}"
3.297,left_hand,og,acc,100523,"{""seq"":156,""x_mg"":288,""y_mg"":-208,""z_mg"":940}"
3.297,left_hand,og,tilt,,"{""roll_deg"":-3.3,""pitch_deg"":6.2,""steady"":true}"
3.297,left_hand,og,acc,100543,"{""seq"":157,""x_mg"":284,""y_mg"":-188,""z_mg"":948}"
3.297,left_hand,og,tilt,,"{""roll_deg"":-3.4,""pitch_deg"":6.1,""steady"":true}"
3.329,left_hand,og,acc,100564,"{""seq"":158,""x_mg"":288,""y_mg"":-196,""z_mg"":940}"
3.329,left_hand,og,tilt,,"{""roll_deg"":-3.5,""pitch_deg"":6.0,""steady"":true}"
3.360,left_hand,og,acc,100584,"{""seq"":159,""x_mg"":280,""y_mg"":-204,""z_mg"":940}"
3.360,left_hand,og,tilt,,"{""roll_deg"":-3.5,""pitch_deg"":5.9,""steady"":true}"
3.360,left_hand,og,acc,100605,"{""seq"":160,""x_mg"":300,""y_mg"":-208,""z_mg"":936}"
3.360,left_hand,og,tilt,,"{""roll_deg"":-3.6,""pitch_deg"":5.8,""steady"":true}"
3.391,left_hand,og,acc,100625,"{""seq"":161,""x_mg"":296,""y_mg"":-192,""z_mg"":932}"
3.391,left_hand,og,tilt,,"{""roll_deg"":-3.6,""pitch_deg"":5.8,""steady"":true}"
3.422,left_hand,og,acc,100646,"{""seq"":162,""x_mg"":288,""y_mg"":-196,""z_mg"":936}"
3.422,left_hand,og,tilt,,"{""roll_deg"":-3.5,""pitch_deg"":5.7,""steady"":true}"
3.422,left_hand,og,acc,100666,"{""seq"":163,""x_mg"":300,""y_mg"":-200,""z_mg"":928}"
3.422,left_hand,og,tilt,,"{""roll_deg"":-3.6,""pitch_deg"":5.7,""steady"":true}"
3.454,left_hand,og,acc,100687,"{""seq"":164,""x_mg"":292,""y_mg"":-204,""z_mg"":916}"
3.454,left_hand,og,tilt,,"{""roll_deg"":-3.6,""pitch_deg"":5.8,""steady"":true}"
3.454,left_hand,og,acc,100708,"{""seq"":165,""x_mg"":280,""y_mg"":-192,""z_mg"":936}"
3.454,left_hand,og,tilt,,"{""roll_deg"":-3.6,""pitch_deg"":5.8,""steady"":true}"
3.485,left_hand,og,acc,100728,"{""seq"":166,""x_mg"":288,""y_mg"":-216,""z_mg"":920}"
3.485,left_hand,og,tilt,,"{""roll_deg"":-3.6,""pitch_deg"":5.8,""steady"":true}"
3.516,left_hand,og,acc,100749,"{""seq"":167,""x_mg"":284,""y_mg"":-236,""z_mg"":940}"
3.516,left_hand,og,tilt,,"{""roll_deg"":-3.7,""pitch_deg"":5.8,""steady"":true}"
3.516,left_hand,og,acc,100769,"{""seq"":168,""x_mg"":296,""y_mg"":-236,""z_mg"":936}"
3.516,left_hand,og,tilt,,"{""roll_deg"":-3.8,""pitch_deg"":5.8,""steady"":true}"
3.532,left_hand,og,acc,100790,"{""seq"":169,""x_mg"":296,""y_mg"":-224,""z_mg"":932}"
3.532,left_hand,og,tilt,,"{""roll_deg"":-4.0,""pitch_deg"":5.7,""steady"":true}"
3.563,left_hand,og,acc,100810,"{""seq"":170,""x_mg"":288,""y_mg"":-220,""z_mg"":920}"
3.563,left_hand,og,tilt,,"{""roll_deg"":-4.1,""pitch_deg"":5.7,""steady"":true}"
3.594,left_hand,og,acc,100831,"{""seq"":171,""x_mg"":284,""y_mg"":-212,""z_mg"":920}"
3.594,left_hand,og,tilt,,"{""roll_deg"":-4.3,""pitch_deg"":5.7,""steady"":true}"
3.594,left_hand,og,acc,100852,"{""seq"":172,""x_mg"":292,""y_mg"":-216,""z_mg"":928}"
3.594,left_hand,og,tilt,,"{""roll_deg"":-4.4,""pitch_deg"":5.7,""steady"":true}"
3.625,left_hand,og,acc,100872,"{""seq"":173,""x_mg"":284,""y_mg"":-220,""z_mg"":928}"
3.625,left_hand,og,tilt,,"{""roll_deg"":-4.5,""pitch_deg"":5.7,""steady"":true}"
3.657,left_hand,og,acc,100893,"{""seq"":174,""x_mg"":288,""y_mg"":-220,""z_mg"":936}"
3.657,left_hand,og,tilt,,"{""roll_deg"":-4.5,""pitch_deg"":5.7,""steady"":true}"
3.657,left_hand,og,acc,100913,"{""seq"":175,""x_mg"":280,""y_mg"":-192,""z_mg"":932}"
3.657,left_hand,og,tilt,,"{""roll_deg"":-4.5,""pitch_deg"":5.7,""steady"":true}"
3.688,left_hand,og,acc,100934,"{""seq"":176,""x_mg"":288,""y_mg"":-192,""z_mg"":932}"
3.688,left_hand,og,tilt,,"{""roll_deg"":-4.6,""pitch_deg"":5.6,""steady"":true}"
3.719,left_hand,og,acc,100954,"{""seq"":177,""x_mg"":284,""y_mg"":-188,""z_mg"":932}"
3.719,left_hand,og,tilt,,"{""roll_deg"":-4.4,""pitch_deg"":5.6,""steady"":true}"
3.719,left_hand,og,acc,100975,"{""seq"":178,""x_mg"":300,""y_mg"":-180,""z_mg"":920}"
3.719,left_hand,og,tilt,,"{""roll_deg"":-4.3,""pitch_deg"":5.6,""steady"":true}"
3.750,left_hand,og,acc,100996,"{""seq"":179,""x_mg"":292,""y_mg"":-192,""z_mg"":936}"
3.750,left_hand,og,tilt,,"{""roll_deg"":-4.2,""pitch_deg"":5.5,""steady"":true}"
3.782,left_hand,og,acc,101016,"{""seq"":180,""x_mg"":296,""y_mg"":-196,""z_mg"":932}"
3.782,left_hand,og,tilt,,"{""roll_deg"":-4.1,""pitch_deg"":5.6,""steady"":true}"
3.782,left_hand,og,acc,101037,"{""seq"":181,""x_mg"":316,""y_mg"":-184,""z_mg"":936}"
3.782,left_hand,og,tilt,,"{""roll_deg"":-3.9,""pitch_deg"":5.6,""steady"":true}"
3.813,left_hand,og,acc,101057,"{""seq"":182,""x_mg"":284,""y_mg"":-188,""z_mg"":944}"
3.813,left_hand,og,tilt,,"{""roll_deg"":-3.8,""pitch_deg"":5.6,""steady"":true}"
3.844,left_hand,og,acc,101078,"{""seq"":183,""x_mg"":272,""y_mg"":-172,""z_mg"":940}"
3.844,left_hand,og,tilt,,"{""roll_deg"":-3.7,""pitch_deg"":5.6,""steady"":true}"
3.844,left_hand,og,acc,101098,"{""seq"":184,""x_mg"":312,""y_mg"":-180,""z_mg"":924}"
3.844,left_hand,og,tilt,,"{""roll_deg"":-3.6,""pitch_deg"":5.7,""steady"":true}"
3.891,left_hand,og,acc,101119,"{""seq"":185,""x_mg"":332,""y_mg"":-196,""z_mg"":916}"
3.891,left_hand,og,tilt,,"{""roll_deg"":-3.5,""pitch_deg"":5.8,""steady"":true}"
3.922,left_hand,og,acc,101139,"{""seq"":186,""x_mg"":316,""y_mg"":-232,""z_mg"":920}"
3.922,left_hand,og,tilt,,"{""roll_deg"":-3.4,""pitch_deg"":6.0,""steady"":true}"
3.922,left_hand,og,acc,101160,"{""seq"":187,""x_mg"":288,""y_mg"":-188,""z_mg"":928}"
3.922,left_hand,og,tilt,,"{""roll_deg"":-3.4,""pitch_deg"":6.1,""steady"":true}"
3.954,left_hand,og,acc,101181,"{""seq"":188,""x_mg"":320,""y_mg"":-272,""z_mg"":936}"
3.954,left_hand,og,tilt,,"{""roll_deg"":-3.4,""pitch_deg"":6.2,""steady"":true}"
3.954,left_hand,og,acc,101201,"{""seq"":189,""x_mg"":312,""y_mg"":-340,""z_mg"":920}"
3.954,left_hand,og,tilt,,"{""roll_deg"":-3.7,""pitch_deg"":6.3,""steady"":true}"
3.985,left_hand,og,acc,101222,"{""seq"":190,""x_mg"":256,""y_mg"":-336,""z_mg"":924}"
3.985,left_hand,og,tilt,,"{""roll_deg"":-4.2,""pitch_deg"":6.4,""steady"":true}"
4.016,left_hand,og,acc,101242,"{""seq"":191,""x_mg"":240,""y_mg"":-288,""z_mg"":924}"
4.016,left_hand,og,tilt,,"{""roll_deg"":-4.8,""pitch_deg"":6.3,""steady"":true}"
4.016,left_hand,og,acc,101263,"{""seq"":192,""x_mg"":280,""y_mg"":-252,""z_mg"":900}"
4.016,left_hand,og,tilt,,"{""roll_deg"":-5.3,""pitch_deg"":6.2,""steady"":true}"
4.047,left_hand,og,acc,101283,"{""seq"":193,""x_mg"":316,""y_mg"":-248,""z_mg"":948}"
4.047,left_hand,og,tilt,,"{""roll_deg"":-5.7,""pitch_deg"":6.1,""steady"":true}"
4.079,left_hand,og,acc,101304,"{""seq"":194,""x_mg"":340,""y_mg"":-252,""z_mg"":932}"
4.079,left_hand,og,tilt,,"{""roll_deg"":-5.9,""pitch_deg"":6.1,""steady"":true}"
4.079,left_hand,og,acc,101325,"{""seq"":195,""x_mg"":328,""y_mg"":-268,""z_mg"":912}"
4.079,left_hand,og,tilt,,"{""roll_deg"":-6.1,""pitch_deg"":6.1,""steady"":true}"
4.110,left_hand,og,acc,101345,"{""seq"":196,""x_mg"":276,""y_mg"":-292,""z_mg"":896}"
4.110,left_hand,og,tremor,,"{""rms_mg"":36.6,""peak_hz"":9.1}"
4.110,left_hand,og,tilt,,"{""roll_deg"":-6.2,""pitch_deg"":6.2,""steady"":true}"
4.110,,game,drop,,"{""n"":2}"
4.141,left_hand,og,acc,101366,"{""seq"":197,""x_mg"":256,""y_mg"":-308,""z_mg"":916}"
4.141,left_hand,og,tilt,,"{""roll_deg"":-6.5,""pitch_deg"":6.3,""steady"":true}"
4.141,left_hand,og,acc,101386,"{""seq"":198,""x_mg"":252,""y_mg"":-292,""z_mg"":940}"
4.141,left_hand,og,tilt,,"{""roll_deg"":-6.8,""pitch_deg"":6.2,""steady"":true}"
4.172,left_hand,og,acc,101407,"{""seq"":199,""x_mg"":276,""y_mg"":-276,""z_mg"":940}"
4.172,left_hand,og,tilt,,"{""roll_deg"":-7.0,""pitch_deg"":6.0,""steady"":true}"
4.188,left_hand,og,acc,101427,"{""seq"":200,""x_mg"":268,""y_mg"":-300,""z_mg"":932}"
4.188,left_hand,og,tilt,,"{""roll_deg"":-7.3,""pitch_deg"":5.8,""steady"":true}"
4.219,left_hand,og,acc,101448,"{""seq"":201,""x_mg"":264,""y_mg"":-324,""z_mg"":884}"
4.219,left_hand,og,tilt,,"{""roll_deg"":-7.6,""pitch_deg"":5.6,""steady"":true}"
4.219,left_hand,og,acc,101469,"{""seq"":202,""x_mg"":252,""y_mg"":-316,""z_mg"":912}"
4.219,left_hand,og,tilt,,"{""roll_deg"":-7.8,""pitch_deg"":5.5,""steady"":true}"
4.250,left_hand,og,acc,101489,"{""seq"":203,""x_mg"":304,""y_mg"":-284,""z_mg"":928}"
4.250,left_hand,og,tilt,,"{""roll_deg"":-8.0,""pitch_deg"":5.4,""steady"":true}"
4.282,left_hand,og,acc,101510,"{""seq"":204,""x_mg"":316,""y_mg"":-256,""z_mg"":916}"
4.282,left_hand,og,tilt,,"{""roll_deg"":-8.2,""pitch_deg"":5.3,""steady"":true}"
4.282,left_hand,og,acc,101530,"{""seq"":205,""x_mg"":312,""y_mg"":-252,""z_mg"":908}"
4.282,left_hand,og,tilt,,"{""roll_deg"":-8.3,""pitch_deg"":5.4,""steady"":true}"
4.313,left_hand,og,acc,101551,"{""seq"":206,""x_mg"":304,""y_mg"":-268,""z_mg"":912}"
4.313,left_hand,og,tilt,,"{""roll_deg"":-8.2,""pitch_deg"":5.6,""steady"":true}"
4.344,left_hand,og,acc,101571,"{""seq"":207,""x_mg"":312,""y_mg"":-276,""z_mg"":912}"
4.344,left_hand,og,tilt,,"{""roll_deg"":-8.2,""pitch_deg"":5.8,""steady"":true}"
4.344,left_hand,og,acc,101592,"{""seq"":208,""x_mg"":332,""y_mg"":-260,""z_mg"":920}"
4.344,left_hand,og,tilt,,"{""roll_deg"":-8.1,""pitch_deg"":6.0,""steady"":true}"
4.375,left_hand,og,acc,101613,"{""seq"":209,""x_mg"":304,""y_mg"":-224,""z_mg"":932}"
4.375,left_hand,og,tilt,,"{""roll_deg"":-8.0,""pitch_deg"":6.1,""steady"":true}"
4.391,left_hand,og,acc,101633,"{""seq"":210,""x_mg"":272,""y_mg"":-216,""z_mg"":960}"
4.391,left_hand,og,tilt,,"{""roll_deg"":-8.0,""pitch_deg"":6.2,""steady"":true}"
4.422,left_hand,og,acc,101654,"{""seq"":211,""x_mg"":272,""y_mg"":-260,""z_mg"":924}"
4.422,left_hand,og,tilt,,"{""roll_deg"":-7.9,""pitch_deg"":6.2,""steady"":true}"
4.422,left_hand,og,acc,101674,"{""seq"":212,""x_mg"":304,""y_mg"":-272,""z_mg"":940}"
4.422,left_hand,og,tilt,,"{""roll_deg"":-7.8,""pitch_deg"":6.2,""steady"":true}"
4.454,left_hand,og,acc,101695,"{""seq"":213,""x_mg"":276,""y_mg"":-276,""z_mg"":976}"
4.454,left_hand,og,tilt,,"{""roll_deg"":-7.8,""pitch_deg"":6.0,""steady"":true}"
4.485,left_hand,og,acc,101715,"{""seq"":214,""x_mg"":236,""y_mg"":-264,""z_mg"":1000}"
4.485,left_hand,og,tilt,,"{""roll_deg"":-7.7,""pitch_deg"":5.8,""steady"":true}"
4.485,left_hand,og,acc,101736,"{""seq"":215,""x_mg"":224,""y_mg"":-280,""z_mg"":968}"
4.485,left_hand,og,tilt,,"{""roll_deg"":-7.7,""pitch_deg"":5.6,""steady"":true}"
4.516,left_hand,og,acc,101757,"{""seq"":216,""x_mg"":208,""y_mg"":-320,""z_mg"":936}"
4.516,left_hand,og,tilt,,"{""roll_deg"":-7.7,""pitch_deg"":5.1,""steady"":true}"
4.547,left_hand,og,acc,101777,"{""seq"":217,""x_mg"":188,""y_mg"":-368,""z_mg"":924}"
4.547,left_hand,og,tilt,,"{""roll_deg"":-7.7,""pitch_deg"":4.6,""steady"":true}"
4.547,left_hand,og,acc,101798,"{""seq"":218,""x_mg"":200,""y_mg"":-376,""z_mg"":920}"
4.547,left_hand,og,tilt,,"{""roll_deg"":-8.1,""pitch_deg"":4.2,""steady"":true}"
4.563,left_hand,og,acc,101818,"{""seq"":219,""x_mg"":200,""y_mg"":-340,""z_mg"":904}"
4.563,left_hand,og,tilt,,"{""roll_deg"":-8.6,""pitch_deg"":3.8,""steady"":true}"
4.594,left_hand,og,acc,101839,"{""seq"":220,""x_mg"":212,""y_mg"":-316,""z_mg"":900}"
4.594,left_hand,og,tilt,,"{""roll_deg"":-9.0,""pitch_deg"":3.4,""steady"":true}"
4.625,left_hand,og,acc,101859,"{""seq"":221,""x_mg"":216,""y_mg"":-308,""z_mg"":912}"
4.625,left_hand,og,tilt,,"{""roll_deg"":-9.4,""pitch_deg"":3.1,""steady"":true}"
4.625,left_hand,og,acc,101880,"{""seq"":222,""x_mg"":216,""y_mg"":-312,""z_mg"":924}"
4.625,left_hand,og,tilt,,"{""roll_deg"":-9.6,""pitch_deg"":2.9,""steady"":true}"
4.672,left_hand,og,acc,101900,"{""seq"":223,""x_mg"":232,""y_mg"":-344,""z_mg"":920}"
4.672,left_hand,og,tilt,,"{""roll_deg"":-9.8,""pitch_deg"":2.7,""steady"":true}"
4.704,left_hand,og,acc,101921,"{""seq"":224,""x_mg"":224,""y_mg"":-328,""z_mg"":920}"
4.704,left_hand,og,tilt,,"{""roll_deg"":-9.9,""pitch_deg"":2.6,""steady"":true}"
4.704,left_hand,og,acc,101942,"{""seq"":225,""x_mg"":232,""y_mg"":-304,""z_mg"":928}"
4.704,left_hand,og,tilt,,"{""roll_deg"":-10.0,""pitch_deg"":2.5,""steady"":true}"
4.719,,game,brick,,"{""n"":4}"
4.735,left_hand,og,acc,101962,"{""seq"":226,""x_mg"":220,""y_mg"":-292,""z_mg"":928}"
4.735,left_hand,og,tilt,,"{""roll_deg"":-10.0,""pitch_deg"":2.5,""steady"":true}"
4.735,left_hand,og,acc,101983,"{""seq"":227,""x_mg"":220,""y_mg"":-268,""z_mg"":920}"
4.735,left_hand,og,tilt,,"{""roll_deg"":-10.0,""pitch_deg"":2.4,""steady"":true}"
4.766,left_hand,og,acc,102003,"{""seq"":228,""x_mg"":224,""y_mg"":-244,""z_mg"":928}"
4.766,left_hand,og,tilt,,"{""roll_deg"":-9.9,""pitch_deg"":2.3,""steady"":true}"
4.782,left_hand,og,acc,102024,"{""seq"":229,""x_mg"":240,""y_mg"":-268,""z_mg"":972}"
4.782,left_hand,og,tilt,,"{""roll_deg"":-9.7,""pitch_deg"":2.3,""steady"":true}"
4.813,left_hand,og,acc,102044,"{""seq"":230,""x_mg"":256,""y_mg"":-280,""z_mg"":976}"
4.813,left_hand,og,tilt,,"{""roll_deg"":-9.4,""pitch_deg"":2.2,""steady"":true}"
4.844,left_hand,og,acc,102065,"{""seq"":231,""x_mg"":280,""y_mg"":-256,""z_mg"":964}"
4.844,left_hand,og,tilt,,"{""roll_deg"":-9.1,""pitch_deg"":2.2,""steady"":true}"
4.844,left_hand,og,acc,102086,"{""seq"":232,""x_mg"":308,""y_mg"":-220,""z_mg"":956}"
4.844,left_hand,og,tilt,,"{""roll_deg"":-8.8,""pitch_deg"":2.3,""steady"":true}"
4.875,left_hand,og,acc,102106,"{""seq"":233,""x_mg"":280,""y_mg"":-208,""z_mg"":932}"
4.875,left_hand,og,tilt,,"{""roll_deg"":-8.6,""pitch_deg"":2.6,""steady"":true}"
4.875,left_hand,og,acc,102127,"{""seq"":234,""x_mg"":276,""y_mg"":-184,""z_mg"":940}"
4.875,left_hand,og,tilt,,"{""roll_deg"":-8.1,""pitch_deg"":2.8,""steady"":true}"
4.907,left_hand,og,acc,102147,"{""seq"":235,""x_mg"":284,""y_mg"":-192,""z_mg"":904}"
4.907,left_hand,og,tilt,,"{""roll_deg"":-7.6,""pitch_deg"":3.1,""steady"":true}"
4.938,left_hand,og,acc,102168,"{""seq"":236,""x_mg"":288,""y_mg"":-236,""z_mg"":912}"
4.938,left_hand,og,tilt,,"{""roll_deg"":-7.2,""pitch_deg"":3.4,""steady"":true}"
4.938,left_hand,og,acc,102188,"{""seq"":237,""x_mg"":260,""y_mg"":-256,""z_mg"":896}"
4.938,left_hand,og,tilt,,"{""roll_deg"":-6.9,""pitch_deg"":3.6,""steady"":true}"
4.969,left_hand,og,acc,102209,"{""seq"":238,""x_mg"":248,""y_mg"":-244,""z_mg"":900}"
4.969,left_hand,og,tilt,,"{""roll_deg"":-6.8,""pitch_deg"":3.7,""steady"":true}"
4.985,left_hand,og,acc,102230,"{""seq"":239,""x_mg"":256,""y_mg"":-248,""z_mg"":868}"
4.985,left_hand,og,tilt,,"{""roll_deg"":-6.8,""pitch_deg"":3.8,""steady"":true}"
4.985,left_hand,og,acc,102250,"{""seq"":240,""x_mg"":252,""y_mg"":-188,""z_mg"":824}"
4.985,left_hand,og,tilt,,"{""roll_deg"":-6.8,""pitch_deg"":3.9,""steady"":true}"
5.016,left_hand,og,acc,102271,"{""seq"":241,""x_mg"":268,""y_mg"":-120,""z_mg"":828}"
5.016,left_hand,og,tilt,,"{""roll_deg"":-6.8,""pitch_deg"":4.0,""steady"":true}"
5.047,left_hand,og,acc,102291,"{""seq"":242,""x_mg"":296,""y_mg"":-172,""z_mg"":912}"
5.047,left_hand,og,tilt,,"{""roll_deg"":-6.5,""pitch_deg"":4.2,""steady"":true}"
5.079,left_hand,og,acc,102312,"{""seq"":243,""x_mg"":312,""y_mg"":-316,""z_mg"":1044}"
5.079,left_hand,og,tilt,,"{""roll_deg"":-6.3,""pitch_deg"":4.3,""steady"":true}"
5.079,left_hand,og,acc,102332,"{""seq"":244,""x_mg"":316,""y_mg"":-324,""z_mg"":1016}"
5.079,left_hand,og,tilt,,"{""roll_deg"":-6.1,""pitch_deg"":4.5,""steady"":true}"
5.110,left_hand,og,acc,102353,"{""seq"":245,""x_mg"":336,""y_mg"":-356,""z_mg"":928}"
5.110,left_hand,og,tilt,,"{""roll_deg"":-6.4,""pitch_deg"":4.7,""steady"":true}"
5.141,left_hand,og,acc,102373,"{""seq"":246,""x_mg"":408,""y_mg"":-368,""z_mg"":824}"
5.141,left_hand,og,tilt,,"{""roll_deg"":-6.7,""pitch_deg"":4.9,""steady"":true}"
5.141,left_hand,og,acc,102394,"{""seq"":247,""x_mg"":380,""y_mg"":-420,""z_mg"":816}"
5.141,left_hand,og,tilt,,"{""roll_deg"":-7.4,""pitch_deg"":5.3,""steady"":true}"
5.172,left_hand,og,acc,102415,"{""seq"":248,""x_mg"":344,""y_mg"":-512,""z_mg"":796}"
5.172,left_hand,og,tilt,,"{""roll_deg"":-8.4,""pitch_deg"":6.0,""steady"":true}"
5.188,left_hand,og,acc,102435,"{""seq"":249,""x_mg"":356,""y_mg"":-536,""z_mg"":788}"
5.188,left_hand,og,tilt,,"{""roll_deg"":-9.7,""pitch_deg"":6.8,""steady"":true}"
5.219,left_hand,og,acc,102456,"{""seq"":250,""x_mg"":356,""y_mg"":-484,""z_mg"":828}"
5.219,left_hand,og,tilt,,"{""roll_deg"":-11.2,""pitch_deg"":7.5,""steady"":true}"
5.219,left_hand,og,acc,102476,"{""seq"":251,""x_mg"":316,""y_mg"":-356,""z_mg"":848}"
5.219,left_hand,og,tilt,,"{""roll_deg"":-12.5,""pitch_deg"":8.0,""steady"":true}"
5.250,left_hand,og,acc,102497,"{""seq"":252,""x_mg"":292,""y_mg"":-316,""z_mg"":872}"
5.250,left_hand,og,tilt,,"{""roll_deg"":-13.6,""pitch_deg"":8.4,""steady"":true}"
5.282,left_hand,og,acc,102517,"{""seq"":253,""x_mg"":300,""y_mg"":-368,""z_mg"":896}"
5.282,left_hand,og,tilt,,"{""roll_deg"":-13.7,""pitch_deg"":8.5,""steady"":true}"
5.282,left_hand,og,acc,102538,"{""seq"":254,""x_mg"":320,""y_mg"":-468,""z_mg"":888}"
5.282,left_hand,og,tilt,,"{""roll_deg"":-13.8,""pitch_deg"":8.4,""steady"":true}"
5.313,left_hand,og,acc,102559,"{""seq"":255,""x_mg"":316,""y_mg"":-496,""z_mg"":856}"
5.313,left_hand,og,tilt,,"{""roll_deg"":-13.9,""pitch_deg"":8.4,""steady"":true}"
5.360,left_hand,og,acc,102579,"{""seq"":256,""x_mg"":300,""y_mg"":-384,""z_mg"":848}"
5.360,left_hand,og,tilt,,"{""roll_deg"":-14.1,""pitch_deg"":8.3,""steady"":true}"
5.360,left_hand,og,acc,102600,"{""seq"":257,""x_mg"":300,""y_mg"":-368,""z_mg"":868}"
5.360,left_hand,og,tilt,,"{""roll_deg"":-14.4,""pitch_deg"":8.3,""steady"":true}"
5.391,left_hand,og,acc,102620,"{""seq"":258,""x_mg"":296,""y_mg"":-520,""z_mg"":844}"
5.391,left_hand,og,tilt,,"{""roll_deg"":-15.0,""pitch_deg"":8.2,""steady"":true}"
5.407,left_hand,og,acc,102641,"{""seq"":259,""x_mg"":308,""y_mg"":-560,""z_mg"":852}"
5.407,left_hand,og,tilt,,"{""roll_deg"":-15.8,""pitch_deg"":8.1,""steady"":true}"
5.407,left_hand,og,acc,102661,"{""seq"":260,""x_mg"":316,""y_mg"":-544,""z_mg"":844}"
5.407,left_hand,og,tilt,,"{""roll_deg"":-16.7,""pitch_deg"":8.1,""steady"":true}"
5.438,left_hand,og,acc,102682,"{""seq"":261,""x_mg"":292,""y_mg"":-536,""z_mg"":840}"
5.438,left_hand,og,tilt,,"{""roll_deg"":-17.6,""pitch_deg"":8.0,""steady"":true}"
5.469,left_hand,og,acc,102702,"{""seq"":262,""x_mg"":284,""y_mg"":-508,""z_mg"":856}"
5.469,left_hand,og,tilt,,"{""roll_deg"":-18.4,""pitch_deg"":8.0,""steady"":true}"
5.500,left_hand,og,acc,102723,"{""seq"":263,""x_mg"":292,""y_mg"":-412,""z_mg"":872}"
5.500,left_hand,og,tilt,,"{""roll_deg"":-19.1,""pitch_deg"":7.9,""steady"":true}"
5.500,left_hand,og,acc,102744,"{""seq"":264,""x_mg"":288,""y_mg"":-376,""z_mg"":868}"
5.500,left_hand,og,tilt,,"{""roll_deg"":-19.5,""pitch_deg"":7.8,""steady"":true}"
5.516,left_hand,og,acc,102764,"{""seq"":265,""x_mg"":304,""y_mg"":-420,""z_mg"":876}"
5.516,left_hand,og,tilt,,"{""roll_deg"":-19.2,""pitch_deg"":7.7,""steady"":true}"
5.547,left_hand,og,acc,102785,"{""seq"":266,""x_mg"":332,""y_mg"":-508,""z_mg"":872}"
5.547,left_hand,og,tilt,,"{""roll_deg"":-19.0,""pitch_deg"":7.6,""steady"":true}"
5.579,left_hand,og,acc,102805,"{""seq"":267,""x_mg"":320,""y_mg"":-448,""z_mg"":860}"
5.579,left_hand,og,tilt,,"{""roll_deg"":-18.8,""pitch_deg"":7.5,""steady"":true}"
5.579,left_hand,og,acc,102826,"{""seq"":268,""x_mg"":296,""y_mg"":-260,""z_mg"":876}"
5.579,left_hand,og,tilt,,"{""roll_deg"":-18.6,""pitch_deg"":7.5,""steady"":true}"
5.610,left_hand,og,acc,102846,"{""seq"":269,""x_mg"":276,""y_mg"":-60,""z_mg"":868}"
5.610,left_hand,og,tilt,,"{""roll_deg"":-18.4,""pitch_deg"":7.5,""steady"":true}"
5.641,left_hand,og,acc,102867,"{""seq"":270,""x_mg"":288,""y_mg"":-80,""z_mg"":892}"
5.641,left_hand,og,tilt,,"{""roll_deg"":-17.2,""pitch_deg"":7.5,""steady"":true}"
5.641,left_hand,og,acc,102888,"{""seq"":271,""x_mg"":320,""y_mg"":-316,""z_mg"":916}"
5.641,left_hand,og,tilt,,"{""roll_deg"":-16.1,""pitch_deg"":7.4,""steady"":true}"
5.672,left_hand,og,acc,102908,"{""seq"":272,""x_mg"":308,""y_mg"":-476,""z_mg"":904}"
5.672,left_hand,og,tilt,,"{""roll_deg"":-15.2,""pitch_deg"":7.3,""steady"":true}"
5.704,left_hand,og,acc,102929,"{""seq"":273,""x_mg"":296,""y_mg"":-440,""z_mg"":872}"
5.704,left_hand,og,tilt,,"{""roll_deg"":-14.6,""pitch_deg"":7.3,""steady"":true}"
5.704,left_hand,og,acc,102949,"{""seq"":274,""x_mg"":284,""y_mg"":-340,""z_mg"":904}"
5.704,left_hand,og,tilt,,"{""roll_deg"":-14.4,""pitch_deg"":7.3,""steady"":true}"
5.735,left_hand,og,acc,102970,"{""seq"":275,""x_mg"":272,""y_mg"":-356,""z_mg"":896}"
5.735,left_hand,og,tilt,,"{""roll_deg"":-14.2,""pitch_deg"":7.2,""steady"":true}"
5.735,left_hand,og,acc,102990,"{""seq"":276,""x_mg"":272,""y_mg"":-436,""z_mg"":876}"
5.735,left_hand,og,tilt,,"{""roll_deg"":-14.7,""pitch_deg"":7.1,""steady"":true}"
5.766,left_hand,og,acc,103011,"{""seq"":277,""x_mg"":280,""y_mg"":-340,""z_mg"":876}"
5.766,left_hand,og,tilt,,"{""roll_deg"":-14.5,""pitch_deg"":6.9,""steady"":true}"
5.797,left_hand,og,acc,103031,"{""seq"":278,""x_mg"":276,""y_mg"":-364,""z_mg"":868}"
5.797,left_hand,og,tilt,,"{""roll_deg"":-14.4,""pitch_deg"":6.8,""steady"":true}"
5.797,left_hand,og,acc,103052,"{""seq"":279,""x_mg"":280,""y_mg"":-440,""z_mg"":880}"
5.797,left_hand,og,tilt,,"{""roll_deg"":-14.4,""pitch_deg"":6.7,""steady"":true}"
5.813,left_hand,og,acc,103073,"{""seq"":280,""x_mg"":296,""y_mg"":-436,""z_mg"":876}"
5.813,left_hand,og,tilt,,"{""roll_deg"":-14.9,""pitch_deg"":6.6,""steady"":true}"
5.844,left_hand,og,acc,103093,"{""seq"":281,""x_mg"":288,""y_mg"":-404,""z_mg"":880}"
5.844,left_hand,og,tilt,,"{""roll_deg"":-15.0,""pitch_deg"":6.5,""steady"":true}"
5.875,left_hand,og,acc,103114,"{""seq"":282,""x_mg"":276,""y_mg"":-380,""z_mg"":868}"
5.875,left_hand,og,tilt,,"{""roll_deg"":-15.2,""pitch_deg"":6.4,""steady"":true}"
5.875,left_hand,og,acc,103134,"{""seq"":283,""x_mg"":276,""y_mg"":-296,""z_mg"":852}"
5.875,left_hand,og,tilt,,"{""roll_deg"":-15.3,""pitch_deg"":6.4,""steady"":true}"
5.907,left_hand,og,acc,103155,"{""seq"":284,""x_mg"":276,""y_mg"":-300,""z_mg"":868}"
5.907,left_hand,og,tilt,,"{""roll_deg"":-15.3,""pitch_deg"":6.4,""steady"":true}"
5.938,left_hand,og,acc,103175,"{""seq"":285,""x_mg"":292,""y_mg"":-480,""z_mg"":880}"
5.938,left_hand,og,tilt,,"{""roll_deg"":-15.3,""pitch_deg"":6.4,""steady"":true}"
5.938,left_hand,og,acc,103196,"{""seq"":286,""x_mg"":284,""y_mg"":-636,""z_mg"":876}"
5.938,left_hand,og,tilt,,"{""roll_deg"":-15.3,""pitch_deg"":6.4,""steady"":true}"
5.969,left_hand,og,acc,103217,"{""seq"":287,""x_mg"":284,""y_mg"":-512,""z_mg"":844}"
5.969,left_hand,og,tilt,,"{""roll_deg"":-15.9,""pitch_deg"":6.3,""steady"":true}"
6.016,left_hand,og,acc,103237,"{""seq"":288,""x_mg"":272,""y_mg"":-384,""z_mg"":844}"
6.016,left_hand,og,tilt,,"{""roll_deg"":-16.4,""pitch_deg"":6.3,""steady"":true}"
6.016,left_hand,og,acc,103258,"{""seq"":289,""x_mg"":280,""y_mg"":-468,""z_mg"":824}"
6.016,left_hand,og,tilt,,"{""roll_deg"":-17.0,""pitch_deg"":6.4,""steady"":true}"
6.032,left_hand,og,acc,103278,"{""seq"":290,""x_mg"":272,""y_mg"":-604,""z_mg"":824}"
6.032,left_hand,og,tilt,,"{""roll_deg"":-17.7,""pitch_deg"":6.4,""steady"":true}"
6.063,left_hand,og,acc,103299,"{""seq"":291,""x_mg"":284,""y_mg"":-612,""z_mg"":808}"
6.063,left_hand,og,tilt,,"{""roll_deg"":-18.4,""pitch_deg"":6.5,""steady"":true}"
6.094,left_hand,og,acc,103319,"{""seq"":292,""x_mg"":272,""y_mg"":-432,""z_mg"":808}"
6.094,left_hand,og,tilt,,"{""roll_deg"":-18.7,""pitch_deg"":6.5,""steady"":true}"
6.094,left_hand,og,acc,103340,"{""seq"":293,""x_mg"":276,""y_mg"":-404,""z_mg"":832}"
6.094,left_hand,og,tilt,,"{""roll_deg"":-19.0,""pitch_deg"":6.6,""steady"":true}"
6.125,left_hand,og,acc,103361,"{""seq"":294,""x_mg"":276,""y_mg"":-544,""z_mg"":844}"
6.125,left_hand,og,tremor,,"{""rms_mg"":25.2,""peak_hz"":8.9}"
6.125,left_hand,og,tilt,,"{""roll_deg"":-19.7,""pitch_deg"":6.6,""steady"":true}"
6.157,left_hand,og,acc,103381,"{""seq"":295,""x_mg"":284,""y_mg"":-540,""z_mg"":820}"
6.157,left_hand,og,tilt,,"{""roll_deg"":-20.2,""pitch_deg"":6.6,""steady"":true}"
6.157,left_hand,og,acc,103402,"{""seq"":296,""x_mg"":272,""y_mg"":-432,""z_mg"":800}"
6.157,left_hand,og,tilt,,"{""roll_deg"":-20.2,""pitch_deg"":6.6,""steady"":true}"
6.188,left_hand,og,acc,103422,"{""seq"":297,""x_mg"":268,""y_mg"":-488,""z_mg"":808}"
6.188,left_hand,og,tilt,,"{""roll_deg"":-20.5,""pitch_deg"":6.6,""steady"":true}"
6.219,left_hand,og,acc,103443,"{""seq"":298,""x_mg"":272,""y_mg"":-608,""z_mg"":796}"
6.219,left_hand,og,tilt,,"{""roll_deg"":-21.0,""pitch_deg"":6.7,""steady"":true}"
6.219,left_hand,og,acc,103463,"{""seq"":299,""x_mg"":284,""y_mg"":-700,""z_mg"":780}"
6.219,left_hand,og,tilt,,"{""roll_deg"":-21.5,""pitch_deg"":6.7,""steady"":true}"
6.235,left_hand,og,acc,103484,"{""seq"":300,""x_mg"":284,""y_mg"":-636,""z_mg"":760}"
6.235,left_hand,og,tilt,,"{""roll_deg"":-22.4,""pitch_deg"":6.8,""steady"":true}"
6.266,left_hand,og,acc,103505,"{""seq"":301,""x_mg"":288,""y_mg"":-596,""z_mg"":756}"
6.266,left_hand,og,tilt,,"{""roll_deg"":-23.3,""pitch_deg"":7.0,""steady"":true}"
6.297,left_hand,og,acc,103525,"{""seq"":302,""x_mg"":288,""y_mg"":-652,""z_mg"":732}"
6.297,left_hand,og,tilt,,"{""roll_deg"":-24.3,""pitch_deg"":7.2,""steady"":true}"
6.297,left_hand,og,acc,103546,"{""seq"":303,""x_mg"":300,""y_mg"":-652,""z_mg"":728}"
6.297,left_hand,og,tilt,,"{""roll_deg"":-25.4,""pitch_deg"":7.4,""steady"":true}"
6.329,left_hand,og,acc,103566,"{""seq"":304,""x_mg"":284,""y_mg"":-612,""z_mg"":728}"
6.329,left_hand,og,tilt,,"{""roll_deg"":-26.1,""pitch_deg"":7.7,""steady"":true}"
6.360,left_hand,og,acc,103587,"{""seq"":305,""x_mg"":280,""y_mg"":-624,""z_mg"":740}"
6.360,left_hand,og,tilt,,"{""roll_deg"":-26.8,""pitch_deg"":7.9,""steady"":true}"
6.360,left_hand,og,acc,103607,"{""seq"":306,""x_mg"":288,""y_mg"":-684,""z_mg"":744}"
6.360,left_hand,og,tilt,,"{""roll_deg"":-27.6,""pitch_deg"":8.1,""steady"":true}"
6.391,left_hand,og,acc,103628,"{""seq"":307,""x_mg"":292,""y_mg"":-688,""z_mg"":764}"
6.391,left_hand,og,tilt,,"{""roll_deg"":-28.3,""pitch_deg"":8.3,""steady"":true}"
6.422,left_hand,og,acc,103648,"{""seq"":308,""x_mg"":292,""y_mg"":-636,""z_mg"":776}"
6.422,left_hand,og,tilt,,"{""roll_deg"":-28.7,""pitch_deg"":8.4,""steady"":true}"
6.422,left_hand,og,acc,103669,"{""seq"":309,""x_mg"":284,""y_mg"":-544,""z_mg"":812}"
6.422,left_hand,og,tilt,,"{""roll_deg"":-29.1,""pitch_deg"":8.5,""steady"":true}"
6.438,left_hand,og,acc,103690,"{""seq"":310,""x_mg"":280,""y_mg"":-500,""z_mg"":832}"
6.438,left_hand,og,tilt,,"{""roll_deg"":-29.3,""pitch_deg"":8.5,""steady"":true}"
6.469,left_hand,og,acc,103710,"{""seq"":311,""x_mg"":280,""y_mg"":-452,""z_mg"":856}"
6.469,left_hand,og,tilt,,"{""roll_deg"":-28.9,""pitch_deg"":8.4,""steady"":true}"
6.500,left_hand,og,acc,103731,"{""seq"":312,""x_mg"":300,""y_mg"":-420,""z_mg"":860}"
6.500,left_hand,og,tilt,,"{""roll_deg"":-28.1,""pitch_deg"":8.3,""steady"":true}"
6.500,left_hand,og,acc,103751,"{""seq"":313,""x_mg"":328,""y_mg"":-404,""z_mg"":876}"
6.500,left_hand,og,tilt,,"{""roll_deg"":-27.1,""pitch_deg"":8.2,""steady"":true}"
6.532,left_hand,og,acc,103772,"{""seq"":314,""x_mg"":328,""y_mg"":-396,""z_mg"":868}"
6.532,left_hand,og,tilt,,"{""roll_deg"":-26.0,""pitch_deg"":8.1,""steady"":true}"
6.563,left_hand,og,acc,103792,"{""seq"":315,""x_mg"":348,""y_mg"":-400,""z_mg"":872}"
6.563,left_hand,og,tilt,,"{""roll_deg"":-24.8,""pitch_deg"":8.2,""steady"":true}"
6.563,left_hand,og,acc,103813,"{""seq"":316,""x_mg"":332,""y_mg"":-392,""z_mg"":880}"
6.563,left_hand,og,tilt,,"{""roll_deg"":-23.8,""pitch_deg"":8.3,""steady"":true}"
6.594,left_hand,og,acc,103834,"{""seq"":317,""x_mg"":352,""y_mg"":-364,""z_mg"":904}"
6.594,left_hand,og,tilt,,"{""roll_deg"":-22.9,""pitch_deg"":8.4,""steady"":true}"
6.625,left_hand,og,acc,103854,"{""seq"":318,""x_mg"":332,""y_mg"":-400,""z_mg"":900}"
6.625,left_hand,og,tilt,,"{""roll_deg"":-22.0,""pitch_deg"":8.5,""steady"":true}"
6.625,left_hand,og,acc,103875,"{""seq"":319,""x_mg"":320,""y_mg"":-328,""z_mg"":892}"
6.625,left_hand,og,tilt,,"{""roll_deg"":-21.3,""pitch_deg"":8.5,""steady"":true}"
6.657,left_hand,og,acc,103895,"{""seq"":320,""x_mg"":320,""y_mg"":-252,""z_mg"":896}"
6.657,left_hand,og,tilt,,"{""roll_deg"":-20.3,""pitch_deg"":8.5,""steady"":true}"
6.672,,game,brick,,"{""n"":5}"
6.672,left_hand,og,acc,103916,"{""seq"":321,""x_mg"":340,""y_mg"":-228,""z_mg"":880}"
6.672,left_hand,og,tilt,,"{""roll_deg"":-19.3,""pitch_deg"":8.5,""steady"":true}"
6.704,left_hand,og,acc,103936,"{""seq"":322,""x_mg"":332,""y_mg"":-244,""z_mg"":880}"
6.704,left_hand,og,tilt,,"{""roll_deg"":-17.9,""pitch_deg"":8.5,""steady"":true}"
6.704,left_hand,og,acc,103957,"{""seq"":323,""x_mg"":324,""y_mg"":-256,""z_mg"":892}"
6.704,left_hand,og,tilt,,"{""roll_deg"":-16.6,""pitch_deg"":8.5,""steady"":true}"
6.750,left_hand,og,acc,103978,"{""seq"":324,""x_mg"":336,""y_mg"":-272,""z_mg"":908}"
6.750,left_hand,og,tilt,,"{""roll_deg"":-15.5,""pitch_deg"":8.5,""steady"":true}"
6.782,left_hand,og,acc,103998,"{""seq"":325,""x_mg"":364,""y_mg"":-332,""z_mg"":924}"
6.782,left_hand,og,tilt,,"{""roll_deg"":-14.6,""pitch_deg"":8.6,""steady"":true}"
6.782,left_hand,og,acc,104019,"{""seq"":326,""x_mg"":360,""y_mg"":-428,""z_mg"":928}"
6.782,left_hand,og,tilt,,"{""roll_deg"":-13.8,""pitch_deg"":8.6,""steady"":true}"
6.813,left_hand,og,acc,104039,"{""seq"":327,""x_mg"":348,""y_mg"":-336,""z_mg"":908}"
6.813,left_hand,og,tilt,,"{""roll_deg"":-13.5,""pitch_deg"":8.7,""steady"":true}"
6.813,left_hand,og,acc,104060,"{""seq"":328,""x_mg"":336,""y_mg"":-104,""z_mg"":888}"
6.813,left_hand,og,tilt,,"{""roll_deg"":-13.3,""pitch_deg"":8.8,""steady"":true}"
6.844,left_hand,og,acc,104080,"{""seq"":329,""x_mg"":344,""y_mg"":28,""z_mg"":868}"
6.844,left_hand,og,tilt,,"{""roll_deg"":-13.1,""pitch_deg"":8.8,""steady"":true}"
6.860,left_hand,og,acc,104101,"{""seq"":330,""x_mg"":344,""y_mg"":-60,""z_mg"":868}"
6.875,left_hand,og,tilt,,"{""roll_deg"":-11.3,""pitch_deg"":8.9,""steady"":true}"
6.875,left_hand,og,acc,104121,"{""seq"":331,""x_mg"":336,""y_mg"":-88,""z_mg"":900}"
6.875,left_hand,og,tilt,,"{""roll_deg"":-9.6,""pitch_deg"":9.0,""steady"":true}"
6.891,left_hand,og,acc,104142,"{""seq"":332,""x_mg"":348,""y_mg"":-44,""z_mg"":948}"
6.891,left_hand,og,tilt,,"{""roll_deg"":-7.9,""pitch_deg"":9.0,""steady"":true}"
6.922,left_hand,og,acc,104163,"{""seq"":333,""x_mg"":340,""y_mg"":-12,""z_mg"":960}"
6.922,left_hand,og,tilt,,"{""roll_deg"":-6.3,""pitch_deg"":8.9,""steady"":true}"
6.954,left_hand,og,acc,104183,"{""seq"":334,""x_mg"":344,""y_mg"":-28,""z_mg"":920}"
6.954,left_hand,og,tilt,,"{""roll_deg"":-4.9,""pitch_deg"":8.9,""steady"":true}"
6.954,left_hand,og,acc,104204,"{""seq"":335,""x_mg"":356,""y_mg"":-24,""z_mg"":924}"
6.954,left_hand,og,tilt,,"{""roll_deg"":-3.5,""pitch_deg"":8.9,""steady"":true}"
6.985,left_hand,og,acc,104224,"{""seq"":336,""x_mg"":360,""y_mg"":-20,""z_mg"":940}"
6.985,left_hand,og,tilt,,"{""roll_deg"":-2.3,""pitch_deg"":8.9,""steady"":true}"
7.016,left_hand,og,acc,104245,"{""seq"":337,""x_mg"":364,""y_mg"":-20,""z_mg"":928}"
7.016,left_hand,og,tilt,,"{""roll_deg"":-1.1,""pitch_deg"":8.9,""steady"":true}"
7.016,left_hand,og,acc,104265,"{""seq"":338,""x_mg"":376,""y_mg"":-40,""z_mg"":956}"
7.016,left_hand,og,tilt,,"{""roll_deg"":-0.2,""pitch_deg"":9.0,""steady"":true}"
7.047,left_hand,og,acc,104286,"{""seq"":339,""x_mg"":372,""y_mg"":-64,""z_mg"":972}"
7.047,left_hand,og,tilt,,"{""roll_deg"":0.7,""pitch_deg"":9.0,""steady"":true}"
7.079,left_hand,og,acc,104307,"{""seq"":340,""x_mg"":388,""y_mg"":-108,""z_mg"":976}"
7.079,left_hand,og,tilt,,"{""roll_deg"":1.3,""pitch_deg"":9.1,""steady"":true}"
7.079,left_hand,og,acc,104327,"{""seq"":341,""x_mg"":436,""y_mg"":-108,""z_mg"":956}"
7.079,left_hand,og,tilt,,"{""roll_deg"":1.7,""pitch_deg"":9.2,""steady"":true}"
7.110,left_hand,og,acc,104348,"{""seq"":342,""x_mg"":388,""y_mg"":-56,""z_mg"":948}"
7.110,left_hand,og,tilt,,"{""roll_deg"":2.0,""pitch_deg"":9.3,""steady"":true}"
7.141,left_hand,og,acc,104368,"{""seq"":343,""x_mg"":384,""y_mg"":-24,""z_mg"":964}"
7.141,left_hand,og,tilt,,"{""roll_deg"":2.3,""pitch_deg"":9.4,""steady"":true}"
7.141,left_hand,og,acc,104389,"{""seq"":344,""x_mg"":436,""y_mg"":-24,""z_mg"":1012}"
7.141,left_hand,og,tilt,,"{""roll_deg"":2.6,""pitch_deg"":9.5,""steady"":true}"
7.172,left_hand,og,acc,104409,"{""seq"":345,""x_mg"":440,""y_mg"":-48,""z_mg"":1004}"
7.172,left_hand,og,tilt,,"{""roll_deg"":3.0,""pitch_deg"":9.8,""steady"":true}"
7.172,left_hand,og,acc,104430,"{""seq"":346,""x_mg"":388,""y_mg"":-80,""z_mg"":984}"
7.172,left_hand,og,tilt,,"{""roll_deg"":3.3,""pitch_deg"":9.9,""steady"":true}"
7.204,left_hand,og,acc,104451,"{""seq"":347,""x_mg"":356,""y_mg"":-148,""z_mg"":956}"
7.204,left_hand,og,tilt,,"{""roll_deg"":3.6,""pitch_deg"":9.9,""steady"":true}"
7.235,left_hand,og,acc,104471,"{""seq"":348,""x_mg"":352,""y_mg"":-164,""z_mg"":908}"
7.235,left_hand,og,tilt,,"{""roll_deg"":3.6,""pitch_deg"":9.9,""steady"":true}"
7.235,left_hand,og,acc,104492,"{""seq"":349,""x_mg"":384,""y_mg"":-160,""z_mg"":904}"
7.235,left_hand,og,tilt,,"{""roll_deg"":3.1,""pitch_deg"":9.9,""steady"":true}"
7.266,left_hand,og,acc,104512,"{""seq"":350,""x_mg"":340,""y_mg"":-112,""z_mg"":924}"
7.266,left_hand,og,tilt,,"{""roll_deg"":2.7,""pitch_deg"":9.8,""steady"":true}"
7.313,left_hand,og,acc,104533,"{""seq"":351,""x_mg"":268,""y_mg"":-164,""z_mg"":936}"
7.313,left_hand,og,tilt,,"{""roll_deg"":2.2,""pitch_deg"":9.7,""steady"":true}"
7.313,left_hand,og,acc,104553,"{""seq"":352,""x_mg"":296,""y_mg"":-296,""z_mg"":936}"
7.313,left_hand,og,tilt,,"{""roll_deg"":1.7,""pitch_deg"":9.5,""steady"":true}"
7.344,left_hand,og,acc,104574,"{""seq"":353,""x_mg"":300,""y_mg"":-232,""z_mg"":904}"
7.344,left_hand,og,tilt,,"{""roll_deg"":1.3,""pitch_deg"":9.2,""steady"":true}"
7.375,left_hand,og,acc,104594,"{""seq"":354,""x_mg"":268,""y_mg"":-128,""z_mg"":876}"
7.375,left_hand,og,tilt,,"{""roll_deg"":0.9,""pitch_deg"":8.8,""steady"":true}"
7.375,left_hand,og,acc,104615,"{""seq"":355,""x_mg"":248,""y_mg"":-256,""z_mg"":824}"
7.375,left_hand,og,tilt,,"{""roll_deg"":0.1,""pitch_deg"":8.4,""steady"":true}"
7.407,left_hand,og,acc,104636,"{""seq"":356,""x_mg"":236,""y_mg"":-360,""z_mg"":848}"
7.407,left_hand,og,tilt,,"{""roll_deg"":-1.0,""pitch_deg"":8.0,""steady"":true}"
7.407,left_hand,og,acc,104656,"{""seq"":357,""x_mg"":212,""y_mg"":-312,""z_mg"":872}"
7.407,left_hand,og,tilt,,"{""roll_deg"":-1.9,""pitch_deg"":7.6,""steady"":true}"
7.438,left_hand,og,acc,104677,"{""seq"":358,""x_mg"":204,""y_mg"":-140,""z_mg"":868}"
7.438,left_hand,og,tilt,,"{""roll_deg"":-2.8,""pitch_deg"":7.2,""steady"":true}"
7.469,left_hand,og,acc,104697,"{""seq"":359,""x_mg"":192,""y_mg"":-180,""z_mg"":900}"
7.469,left_hand,og,tilt,,"{""roll_deg"":-3.5,""pitch_deg"":6.6,""steady"":true}"
7.469,left_hand,og,acc,104718,"{""seq"":360,""x_mg"":224,""y_mg"":-356,""z_mg"":944}"
7.469,left_hand,og,tilt,,"{""roll_deg"":-4.5,""pitch_deg"":6.0,""steady"":true}"
7.485,left_hand,og,acc,104738,"{""seq"":361,""x_mg"":248,""y_mg"":-400,""z_mg"":956}"
7.485,left_hand,og,tilt,,"{""roll_deg"":-5.3,""pitch_deg"":5.4,""steady"":true}"
7.516,left_hand,og,acc,104759,"{""seq"":362,""x_mg"":320,""y_mg"":-412,""z_mg"":932}"
7.516,left_hand,og,tilt,,"{""roll_deg"":-6.1,""pitch_deg"":5.0,""steady"":true}"
7.547,left_hand,og,acc,104780,"{""seq"":363,""x_mg"":376,""y_mg"":-344,""z_mg"":960}"
7.547,left_hand,og,tilt,,"{""roll_deg"":-6.9,""pitch_deg"":4.7,""steady"":true}"
7.579,left_hand,og,acc,104800,"{""seq"":364,""x_mg"":360,""y_mg"":-124,""z_mg"":956}"
7.579,left_hand,og,tilt,,"{""roll_deg"":-7.5,""pitch_deg"":5.0,""steady"":true}"
7.579,left_hand,og,acc,104821,"{""seq"":365,""x_mg"":348,""y_mg"":-44,""z_mg"":932}"
7.579,left_hand,og,tilt,,"{""roll_deg"":-8.0,""pitch_deg"":5.5,""steady"":true}"
7.610,left_hand,og,acc,104841,"{""seq"":366,""x_mg"":400,""y_mg"":-188,""z_mg"":872}"
7.610,left_hand,og,tilt,,"{""roll_deg"":-7.5,""pitch_deg"":5.9,""steady"":true}"
7.610,left_hand,og,acc,104862,"{""seq"":367,""x_mg"":424,""y_mg"":-220,""z_mg"":844}"
7.610,left_hand,og,tilt,,"{""roll_deg"":-7.1,""pitch_deg"":6.3,""steady"":true}"
7.641,left_hand,og,acc,104882,"{""seq"":368,""x_mg"":396,""y_mg"":-144,""z_mg"":872}"
7.641,left_hand,og,tilt,,"{""roll_deg"":-6.3,""pitch_deg"":7.1,""steady"":true}"
7.672,left_hand,og,acc,104903,"{""seq"":369,""x_mg"":368,""y_mg"":-72,""z_mg"":928}"
7.672,left_hand,og,tilt,,"{""roll_deg"":-5.7,""pitch_deg"":7.8,""steady"":true}"
7.672,left_hand,og,acc,104924,"{""seq"":370,""x_mg"":384,""y_mg"":-92,""z_mg"":952}"
7.672,left_hand,og,tilt,,"{""roll_deg"":-5.1,""pitch_deg"":8.4,""steady"":true}"
7.704,left_hand,og,acc,104944,"{""seq"":371,""x_mg"":396,""y_mg"":-164,""z_mg"":932}"
7.704,left_hand,og,tilt,,"{""roll_deg"":-4.7,""pitch_deg"":8.7,""steady"":true}"
7.719,left_hand,og,acc,104965,"{""seq"":372,""x_mg"":380,""y_mg"":-168,""z_mg"":900}"
7.719,left_hand,og,tilt,,"{""roll_deg"":-4.2,""pitch_deg"":9.0,""steady"":true}"
7.750,left_hand,og,acc,104985,"{""seq"":373,""x_mg"":388,""y_mg"":-92,""z_mg"":892}"
7.750,left_hand,og,tilt,,"{""roll_deg"":-3.4,""pitch_deg"":9.3,""steady"":true}"
7.750,left_hand,og,acc,105006,"{""seq"":374,""x_mg"":424,""y_mg"":-120,""z_mg"":896}"
7.750,left_hand,og,tilt,,"{""roll_deg"":-2.9,""pitch_deg"":9.5,""steady"":true}"
7.782,left_hand,og,acc,105026,"{""seq"":375,""x_mg"":420,""y_mg"":-172,""z_mg"":884}"
7.782,left_hand,og,tilt,,"{""roll_deg"":-2.8,""pitch_deg"":9.8,""steady"":true}"
7.813,left_hand,og,acc,105047,"{""seq"":376,""x_mg"":416,""y_mg"":-128,""z_mg"":880}"
7.813,left_hand,og,tilt,,"{""roll_deg"":-2.4,""pitch_deg"":10.3,""steady"":true}"
7.813,left_hand,og,acc,105067,"{""seq"":377,""x_mg"":444,""y_mg"":-112,""z_mg"":908}"
7.813,left_hand,og,tilt,,"{""roll_deg"":-2.1,""pitch_deg"":10.7,""steady"":true}"
7.844,left_hand,og,acc,105088,"{""seq"":378,""x_mg"":440,""y_mg"":-128,""z_mg"":932}"
7.844,left_hand,og,tilt,,"{""roll_deg"":-1.8,""pitch_deg"":11.0,""steady"":true}"
7.875,left_hand,og,acc,105109,"{""seq"":379,""x_mg"":440,""y_mg"":-144,""z_mg"":924}"
7.875,left_hand,og,tilt,,"{""roll_deg"":-1.5,""pitch_deg"":11.3,""steady"":true}"
7.875,left_hand,og,acc,105129,"{""seq"":380,""x_mg"":448,""y_mg"":-84,""z_mg"":992}"
7.875,left_hand,og,tilt,,"{""roll_deg"":-1.3,""pitch_deg"":11.6,""steady"":true}"
7.907,left_hand,og,acc,105150,"{""seq"":381,""x_mg"":392,""y_mg"":-108,""z_mg"":972}"
7.907,left_hand,og,tilt,,"{""roll_deg"":-1.0,""pitch_deg"":11.8,""steady"":true}"
7.922,left_hand,og,acc,105170,"{""seq"":382,""x_mg"":396,""y_mg"":-172,""z_mg"":948}"
7.922,left_hand,og,tilt,,"{""roll_deg"":-0.8,""pitch_deg"":11.9,""steady"":true}"
7.954,left_hand,og,acc,105191,"{""seq"":383,""x_mg"":452,""y_mg"":-172,""z_mg"":940}"
7.954,left_hand,og,tilt,,"{""roll_deg"":-0.8,""pitch_deg"":12.0,""steady"":true}"
7.954,left_hand,og,acc,105211,"{""seq"":384,""x_mg"":420,""y_mg"":-120,""z_mg"":960}"
7.954,left_hand,og,tilt,,"{""roll_deg"":-0.5,""pitch_deg"":12.0,""steady"":true}"
7.985,left_hand,og,acc,105232,"{""seq"":385,""x_mg"":372,""y_mg"":-112,""z_mg"":936}"
7.985,left_hand,og,tilt,,"{""roll_deg"":-0.3,""pitch_deg"":11.9,""steady"":true}"
8.016,left_hand,og,acc,105252,"{""seq"":386,""x_mg"":416,""y_mg"":-148,""z_mg"":904}"
8.016,left_hand,og,tilt,,"{""roll_deg"":-0.4,""pitch_deg"":11.9,""steady"":true}"
8.016,left_hand,og,acc,105273,"{""seq"":387,""x_mg"":488,""y_mg"":-148,""z_mg"":876}"
8.016,left_hand,og,tilt,,"{""roll_deg"":-0.5,""pitch_deg"":12.0,""steady"":true}"
8.063,left_hand,og,acc,105294,"{""seq"":388,""x_mg"":436,""y_mg"":-80,""z_mg"":904}"
8.063,left_hand,og,tilt,,"{""roll_deg"":-0.3,""pitch_deg"":12.1,""steady"":true}"
8.094,left_hand,og,acc,105314,"{""seq"":389,""x_mg"":404,""y_mg"":-96,""z_mg"":860}"
8.094,left_hand,og,tilt,,"{""roll_deg"":-0.1,""pitch_deg"":12.3,""steady"":true}"
8.094,left_hand,og,acc,105335,"{""seq"":390,""x_mg"":452,""y_mg"":-60,""z_mg"":864}"
8.094,left_hand,og,tilt,,"{""roll_deg"":0.2,""pitch_deg"":12.5,""steady"":true}"
8.110,left_hand,og,acc,105355,"{""seq"":391,""x_mg"":424,""y_mg"":-36,""z_mg"":896}"
8.110,left_hand,og,tilt,,"{""roll_deg"":0.6,""pitch_deg"":12.7,""steady"":true}"
8.141,left_hand,og,acc,105376,"{""seq"":392,""x_mg"":368,""y_mg"":-60,""z_mg"":880}"
8.141,left_hand,og,tremor,,"{""rms_mg"":69.0,""peak_hz"":8.2}"
8.141,left_hand,og,tilt,,"{""roll_deg"":1.0,""pitch_deg"":12.8,""steady"":true}"
8.172,left_hand,og,acc,105396,"{""seq"":393,""x_mg"":392,""y_mg"":-40,""z_mg"":880}"
8.172,left_hand,og,tilt,,"{""roll_deg"":1.4,""pitch_deg"":12.9,""steady"":true}"
8.172,left_hand,og,acc,105417,"{""seq"":394,""x_mg"":420,""y_mg"":0,""z_mg"":888}"
8.172,left_hand,og,tilt,,"{""roll_deg"":1.9,""pitch_deg"":13.0,""steady"":true}"
8.204,left_hand,og,acc,105438,"{""seq"":395,""x_mg"":348,""y_mg"":24,""z_mg"":900}"
8.204,left_hand,og,tilt,,"{""roll_deg"":2.4,""pitch_deg"":12.9,""steady"":true}"
8.235,left_hand,og,acc,105458,"{""seq"":396,""x_mg"":280,""y_mg"":-16,""z_mg"":892}"
8.235,left_hand,og,tilt,,"{""roll_deg"":3.0,""pitch_deg"":12.7,""steady"":true}"
8.235,left_hand,og,acc,105479,"{""seq"":397,""x_mg"":308,""y_mg"":-76,""z_mg"":880}"
8.235,left_hand,og,tilt,,"{""roll_deg"":3.5,""pitch_deg"":12.3,""steady"":true}"
8.266,left_hand,og,acc,105499,"{""seq"":398,""x_mg"":332,""y_mg"":-80,""z_mg"":900}"
8.266,left_hand,og,tilt,,"{""roll_deg"":4.0,""pitch_deg"":11.8,""steady"":true}"
8.297,left_hand,og,acc,105520,"{""seq"":399,""x_mg"":264,""y_mg"":-32,""z_mg"":940}"
8.297,left_hand,og,tilt,,"{""roll_deg"":4.3,""pitch_deg"":11.3,""steady"":true}"
8.297,left_hand,og,acc,105540,"{""seq"":400,""x_mg"":172,""y_mg"":-52,""z_mg"":952}"
8.297,left_hand,og,tilt,,"{""roll_deg"":4.4,""pitch_deg"":10.6,""steady"":true}"
8.313,,game,drop,,"{""n"":3}"
8.313,left_hand,og,acc,105561,"{""seq"":401,""x_mg"":204,""y_mg"":-52,""z_mg"":952}"
8.313,left_hand,og,tilt,,"{""roll_deg"":4.5,""pitch_deg"":9.8,""steady"":true}"
8.344,left_hand,og,acc,105582,"{""seq"":402,""x_mg"":220,""y_mg"":-76,""z_mg"":924}"
8.344,left_hand,og,tilt,,"{""roll_deg"":4.6,""pitch_deg"":8.9,""steady"":true}"
8.375,left_hand,og,acc,105602,"{""seq"":403,""x_mg"":164,""y_mg"":-104,""z_mg"":960}"
8.375,left_hand,og,tilt,,"{""roll_deg"":4.6,""pitch_deg"":7.8,""steady"":true}"
8.375,left_hand,og,acc,105623,"{""seq"":404,""x_mg"":168,""y_mg"":-152,""z_mg"":988}"
8.375,left_hand,og,tilt,,"{""roll_deg"":4.5,""pitch_deg"":6.7,""steady"":true}"
8.407,left_hand,og,acc,105643,"{""seq"":405,""x_mg"":208,""y_mg"":-188,""z_mg"":992}"
8.407,left_hand,og,tilt,,"{""roll_deg"":4.2,""pitch_deg"":5.9,""steady"":true}"
8.438,left_hand,og,acc,105664,"{""seq"":406,""x_mg"":180,""y_mg"":-192,""z_mg"":988}"
8.438,left_hand,og,tilt,,"{""roll_deg"":3.7,""pitch_deg"":5.1,""steady"":true}"
8.438,left_hand,og,acc,105684,"{""seq"":407,""x_mg"":164,""y_mg"":-168,""z_mg"":968}"
8.438,left_hand,og,tilt,,"{""roll_deg"":3.1,""pitch_deg"":4.2,""steady"":true}"
8.469,left_hand,og,acc,105705,"{""seq"":408,""x_mg"":236,""y_mg"":-176,""z_mg"":968}"
8.469,left_hand,og,tilt,,"{""roll_deg"":2.4,""pitch_deg"":3.5,""steady"":true}"
8.500,left_hand,og,acc,105725,"{""seq"":409,""x_mg"":240,""y_mg"":-200,""z_mg"":1000}"
8.500,left_hand,og,tilt,,"{""roll_deg"":1.9,""pitch_deg"":3.1,""steady"":true}"
8.500,left_hand,og,acc,105746,"{""seq"":410,""x_mg"":204,""y_mg"":-200,""z_mg"":996}"
8.500,left_hand,og,tilt,,"{""roll_deg"":1.3,""pitch_deg"":2.7,""steady"":true}"
8.532,left_hand,og,acc,105767,"{""seq"":411,""x_mg"":180,""y_mg"":-196,""z_mg"":984}"
8.532,left_hand,og,tilt,,"{""roll_deg"":0.8,""pitch_deg"":2.4,""steady"":true}"
8.547,left_hand,og,acc,105787,"{""seq"":412,""x_mg"":264,""y_mg"":-148,""z_mg"":976}"
8.547,left_hand,og,tilt,,"{""roll_deg"":0.4,""pitch_deg"":2.3,""steady"":true}"
8.579,left_hand,og,acc,105808,"{""seq"":413,""x_mg"":312,""y_mg"":-116,""z_mg"":992}"
8.579,left_hand,og,tilt,,"{""roll_deg"":-0.0,""pitch_deg"":2.3,""steady"":true}"
8.579,left_hand,og,acc,105828,"{""seq"":414,""x_mg"":284,""y_mg"":-108,""z_mg"":1004}"
8.579,left_hand,og,tilt,,"{""roll_deg"":-0.1,""pitch_deg"":2.4,""steady"":true}"
8.610,left_hand,og,acc,105849,"{""seq"":415,""x_mg"":256,""y_mg"":-96,""z_mg"":1000}"
8.610,left_hand,og,tilt,,"{""roll_deg"":0.1,""pitch_deg"":2.5,""steady"":true}"
8.641,left_hand,og,acc,105869,"{""seq"":416,""x_mg"":272,""y_mg"":-56,""z_mg"":968}"
8.641,left_hand,og,tilt,,"{""roll_deg"":0.4,""pitch_deg"":2.7,""steady"":true}"
8.641,left_hand,og,acc,105890,"{""seq"":417,""x_mg"":308,""y_mg"":-40,""z_mg"":956}"
8.641,left_hand,og,tilt,,"{""roll_deg"":0.7,""pitch_deg"":2.9,""steady"":true}"
8.672,left_hand,og,acc,105911,"{""seq"":418,""x_mg"":312,""y_mg"":-8,""z_mg"":960}"
8.672,left_hand,og,tilt,,"{""roll_deg"":1.2,""pitch_deg"":3.0,""steady"":true}"
8.704,left_hand,og,acc,105931,"{""seq"":419,""x_mg"":308,""y_mg"":-12,""z_mg"":952}"
8.704,left_hand,og,tilt,,"{""roll_deg"":1.8,""pitch_deg"":3.4,""steady"":true}"
8.704,left_hand,og,acc,105952,"{""seq"":420,""x_mg"":288,""y_mg"":-32,""z_mg"":948}"
8.704,left_hand,og,tilt,,"{""roll_deg"":2.3,""pitch_deg"":3.7,""steady"":true}"
8.735,left_hand,og,acc,105972,"{""seq"":421,""x_mg"":312,""y_mg"":-48,""z_mg"":932}"
8.735,left_hand,og,tilt,,"{""roll_deg"":2.8,""pitch_deg"":4.0,""steady"":true}"
8.750,left_hand,og,acc,105993,"{""seq"":422,""x_mg"":320,""y_mg"":-56,""z_mg"":928}"
8.750,left_hand,og,tilt,,"{""roll_deg"":3.2,""pitch_deg"":4.3,""steady"":true}"
8.782,left_hand,og,acc,106013,"{""seq"":423,""x_mg"":292,""y_mg"":-56,""z_mg"":920}"
8.782,left_hand,og,tilt,,"{""roll_deg"":3.5,""pitch_deg"":4.5,""steady"":true}"
8.782,left_hand,og,acc,106034,"{""seq"":424,""x_mg"":268,""y_mg"":-76,""z_mg"":940}"
8.782,left_hand,og,tilt,,"{""roll_deg"":3.7,""pitch_deg"":4.7,""steady"":true}"
8.813,left_hand,og,acc,106055,"{""seq"":425,""x_mg"":292,""y_mg"":-112,""z_mg"":944}"
8.813,left_hand,og,tilt,,"{""roll_deg"":3.8,""pitch_deg"":4.8,""steady"":true}"
8.844,left_hand,og,acc,106075,"{""seq"":426,""x_mg"":292,""y_mg"":-172,""z_mg"":928}"
8.844,left_hand,og,tilt,,"{""roll_deg"":3.8,""pitch_deg"":4.9,""steady"":true}"
8.844,left_hand,og,acc,106096,"{""seq"":427,""x_mg"":280,""y_mg"":-216,""z_mg"":940}"
8.844,left_hand,og,tilt,,"{""roll_deg"":3.5,""pitch_deg"":5.0,""steady"":true}"
8.891,left_hand,og,acc,106116,"{""seq"":428,""x_mg"":248,""y_mg"":-184,""z_mg"":948}"
8.891,left_hand,og,tilt,,"{""roll_deg"":2.8,""pitch_deg"":5.0,""steady"":true}"
8.891,left_hand,og,acc,106137,"{""seq"":429,""x_mg"":260,""y_mg"":-164,""z_mg"":940}"
8.891,left_hand,og,tilt,,"{""roll_deg"":2.2,""pitch_deg"":5.0,""steady"":true}"
8.922,left_hand,og,acc,106157,"{""seq"":430,""x_mg"":268,""y_mg"":-156,""z_mg"":948}"
8.922,left_hand,og,tilt,,"{""roll_deg"":1.7,""pitch_deg"":4.9,""steady"":true}"
8.938,left_hand,og,acc,106178,"{""seq"":431,""x_mg"":252,""y_mg"":-160,""z_mg"":940}"
8.938,left_hand,og,tilt,,"{""roll_deg"":1.3,""pitch_deg"":4.7,""steady"":true}"
8.969,left_hand,og,acc,106198,"{""seq"":432,""x_mg"":244,""y_mg"":-164,""z_mg"":944}"
8.969,left_hand,og,tilt,,"{""roll_deg"":1.0,""pitch_deg"":4.6,""steady"":true}"
9.000,left_hand,og,acc,106219,"{""seq"":433,""x_mg"":252,""y_mg"":-168,""z_mg"":928}"
9.000,left_hand,og,tilt,,"{""roll_deg"":0.7,""pitch_deg"":4.4,""steady"":true}"
9.000,left_hand,og,acc,106240,"{""seq"":434,""x_mg"":272,""y_mg"":-160,""z_mg"":948}"
9.000,left_hand,og,tilt,,"{""roll_deg"":0.4,""pitch_deg"":4.3,""steady"":true}"
9.032,,game,brick,,"{""n"":6}"
9.032,left_hand,og,acc,106260,"{""seq"":435,""x_mg"":264,""y_mg"":-156,""z_mg"":960}"
9.032,left_hand,og,tilt,,"{""roll_deg"":0.2,""pitch_deg"":4.2,""steady"":true}"
9.032,left_hand,og,acc,106281,"{""seq"":436,""x_mg"":236,""y_mg"":-148,""z_mg"":956}"
9.032,left_hand,og,tilt,,"{""roll_deg"":0.0,""pitch_deg"":4.1,""steady"":true}"
9.063,left_hand,og,acc,106301,"{""seq"":437,""x_mg"":248,""y_mg"":-156,""z_mg"":948}"
9.063,left_hand,og,tilt,,"{""roll_deg"":-0.1,""pitch_deg"":4.1,""steady"":true}"
9.094,left_hand,og,acc,106322,"{""seq"":438,""x_mg"":280,""y_mg"":-136,""z_mg"":944}"
9.094,left_hand,og,tilt,,"{""roll_deg"":-0.2,""pitch_deg"":4.0,""steady"":true}"
9.094,left_hand,og,acc,106342,"{""seq"":439,""x_mg"":256,""y_mg"":-112,""z_mg"":972}"
9.094,left_hand,og,tilt,,"{""roll_deg"":-0.2,""pitch_deg"":3.9,""steady"":true}"
9.125,left_hand,og,acc,106363,"{""seq"":440,""x_mg"":244,""y_mg"":-128,""z_mg"":968}"
9.125,left_hand,og,tilt,,"{""roll_deg"":-0.2,""pitch_deg"":3.8,""steady"":true}"
9.157,left_hand,og,acc,106384,"{""seq"":441,""x_mg"":252,""y_mg"":-148,""z_mg"":956}"
9.157,left_hand,og,tilt,,"{""roll_deg"":-0.1,""pitch_deg"":3.7,""steady"":true}"
9.157,left_hand,og,acc,106404,"{""seq"":442,""x_mg"":280,""y_mg"":-156,""z_mg"":964}"
9.157,left_hand,og,tilt,,"{""roll_deg"":-0.1,""pitch_deg"":3.6,""steady"":true}"
9.172,left_hand,og,acc,106425,"{""seq"":443,""x_mg"":260,""y_mg"":-140,""z_mg"":948}"
9.172,left_hand,og,tilt,,"{""roll_deg"":-0.1,""pitch_deg"":3.5,""steady"":true}"
9.204,left_hand,og,acc,106445,"{""seq"":444,""x_mg"":248,""y_mg"":-120,""z_mg"":956}"
9.204,left_hand,og,tilt,,"{""roll_deg"":-0.1,""pitch_deg"":3.5,""steady"":true}"
9.235,left_hand,og,acc,106466,"{""seq"":445,""x_mg"":240,""y_mg"":-136,""z_mg"":956}"
9.235,left_hand,og,tilt,,"{""roll_deg"":-0.1,""pitch_deg"":3.4,""steady"":true}"
9.235,left_hand,og,acc,106486,"{""seq"":446,""x_mg"":208,""y_mg"":-192,""z_mg"":952}"
9.235,left_hand,og,tilt,,"{""roll_deg"":-0.1,""pitch_deg"":3.4,""steady"":true}"
9.266,left_hand,og,acc,106507,"{""seq"":447,""x_mg"":292,""y_mg"":-168,""z_mg"":956}"
9.266,left_hand,og,tilt,,"{""roll_deg"":-0.1,""pitch_deg"":3.3,""steady"":true}"
9.297,left_hand,og,acc,106528,"{""seq"":448,""x_mg"":280,""y_mg"":-136,""z_mg"":968}"
9.297,left_hand,og,tilt,,"{""roll_deg"":-0.1,""pitch_deg"":3.2,""steady"":true}"
9.297,left_hand,og,acc,106548,"{""seq"":449,""x_mg"":240,""y_mg"":-120,""z_mg"":984}"
9.297,left_hand,og,tilt,,"{""roll_deg"":-0.0,""pitch_deg"":3.1,""steady"":true}"
9.329,left_hand,og,acc,106569,"{""seq"":450,""x_mg"":240,""y_mg"":-100,""z_mg"":984}"
9.329,left_hand,og,tilt,,"{""roll_deg"":0.0,""pitch_deg"":3.0,""steady"":true}"
9.360,left_hand,og,acc,106589,"{""seq"":451,""x_mg"":292,""y_mg"":-136,""z_mg"":980}"
9.360,left_hand,og,tilt,,"{""roll_deg"":0.1,""pitch_deg"":3.2,""steady"":true}"
9.360,left_hand,og,acc,106610,"{""seq"":452,""x_mg"":260,""y_mg"":-128,""z_mg"":964}"
9.360,left_hand,og,tilt,,"{""roll_deg"":0.2,""pitch_deg"":3.2,""steady"":true}"
9.391,left_hand,og,acc,106630,"{""seq"":453,""x_mg"":236,""y_mg"":-88,""z_mg"":980}"
9.391,left_hand,og,tilt,,"{""roll_deg"":0.3,""pitch_deg"":3.1,""steady"":true}"
9.422,left_hand,og,acc,106651,"{""seq"":454,""x_mg"":248,""y_mg"":-76,""z_mg"":972}"
9.422,left_hand,og,tilt,,"{""roll_deg"":0.6,""pitch_deg"":3.0,""steady"":true}"
9.422,left_hand,og,acc,106671,"{""seq"":455,""x_mg"":252,""y_mg"":-84,""z_mg"":992}"
9.422,left_hand,og,tilt,,"{""roll_deg"":0.9,""pitch_deg"":3.0,""steady"":true}"
9.454,left_hand,og,acc,106692,"{""seq"":456,""x_mg"":216,""y_mg"":-124,""z_mg"":984}"
9.454,left_hand,og,tilt,,"{""roll_deg"":1.2,""pitch_deg"":2.9,""steady"":true}"
9.454,left_hand,og,acc,106713,"{""seq"":457,""x_mg"":260,""y_mg"":-224,""z_mg"":932}"
9.454,left_hand,og,tilt,,"{""roll_deg"":1.4,""pitch_deg"":2.9,""steady"":true}"
9.485,left_hand,og,acc,106733,"{""seq"":458,""x_mg"":316,""y_mg"":-176,""z_mg"":940}"
9.485,left_hand,og,tilt,,"{""roll_deg"":1.4,""pitch_deg"":2.8,""steady"":true}"
9.532,left_hand,og,acc,106754,"{""seq"":459,""x_mg"":280,""y_mg"":-124,""z_mg"":948}"
9.532,left_hand,og,tilt,,"{""roll_deg"":1.3,""pitch_deg"":3.0,""steady"":true}"
9.532,left_hand,og,acc,106774,"{""seq"":460,""x_mg"":280,""y_mg"":-144,""z_mg"":944}"
9.532,left_hand,og,tilt,,"{""roll_deg"":1.1,""pitch_deg"":3.2,""steady"":true}"
9.563,left_hand,og,acc,106795,"{""seq"":461,""x_mg"":260,""y_mg"":-148,""z_mg"":928}"
9.563,left_hand,og,tilt,,"{""roll_deg"":0.9,""pitch_deg"":3.4,""steady"":true}"
9.594,left_hand,og,acc,106815,"{""seq"":462,""x_mg"":268,""y_mg"":-152,""z_mg"":912}"
9.594,left_hand,og,tilt,,"{""roll_deg"":0.7,""pitch_deg"":3.5,""steady"":true}"
9.594,left_hand,og,acc,106836,"{""seq"":463,""x_mg"":296,""y_mg"":-148,""z_mg"":916}"
9.594,left_hand,og,tilt,,"{""roll_deg"":0.5,""pitch_deg"":3.7,""steady"":true}"
9.625,left_hand,og,acc,106857,"{""seq"":464,""x_mg"":280,""y_mg"":-152,""z_mg"":928}"
9.625,left_hand,og,tilt,,"{""roll_deg"":0.4,""pitch_deg"":3.8,""steady"":true}"
9.657,left_hand,og,acc,106877,"{""seq"":465,""x_mg"":272,""y_mg"":-156,""z_mg"":920}"
9.657,left_hand,og,tilt,,"{""roll_deg"":0.2,""pitch_deg"":3.9,""steady"":true}"
9.657,left_hand,og,acc,106898,"{""seq"":466,""x_mg"":312,""y_mg"":-168,""z_mg"":920}"
9.657,left_hand,og,tilt,,"{""roll_deg"":0.0,""pitch_deg"":4.1,""steady"":true}"
9.688,left_hand,og,acc,106918,"{""seq"":467,""x_mg"":320,""y_mg"":-164,""z_mg"":892}"
9.688,left_hand,og,tilt,,"{""roll_deg"":-0.1,""pitch_deg"":4.3,""steady"":true}"
9.719,left_hand,og,acc,106939,"{""seq"":468,""x_mg"":304,""y_mg"":-144,""z_mg"":900}"
9.719,left_hand,og,tilt,,"{""roll_deg"":-0.3,""pitch_deg"":4.6,""steady"":true}"
9.719,left_hand,og,acc,106959,"{""seq"":469,""x_mg"":332,""y_mg"":-112,""z_mg"":924}"
9.719,left_hand,og,tilt,,"{""roll_deg"":-0.4,""pitch_deg"":4.9,""steady"":true}"
9.750,left_hand,og,acc,106980,"{""seq"":470,""x_mg"":364,""y_mg"":-100,""z_mg"":940}"
9.750,left_hand,og,tilt,,"{""roll_deg"":-0.4,""pitch_deg"":5.3,""steady"":true}"
9.750,left_hand,og,acc,107000,"{""seq"":471,""x_mg"":364,""y_mg"":-132,""z_mg"":916}"
9.750,left_hand,og,tilt,,"{""roll_deg"":-0.4,""pitch_deg"":5.6,""steady"":true}"
9.766,left_hand,og,acc,107021,"{""seq"":472,""x_mg"":360,""y_mg"":-144,""z_mg"":884}"
9.766,left_hand,og,tilt,,"{""roll_deg"":-0.3,""pitch_deg"":6.1,""steady"":true}"
9.797,left_hand,og,acc,107042,"{""seq"":473,""x_mg"":380,""y_mg"":-104,""z_mg"":908}"
9.797,left_hand,og,tilt,,"{""roll_deg"":-0.1,""pitch_deg"":6.5,""steady"":true}"
9.829,left_hand,og,acc,107062,"{""seq"":474,""x_mg"":404,""y_mg"":-68,""z_mg"":896}"
9.829,left_hand,og,tilt,,"{""roll_deg"":0.1,""pitch_deg"":7.0,""steady"":true}"
9.860,left_hand,og,acc,107083,"{""seq"":475,""x_mg"":400,""y_mg"":-64,""z_mg"":896}"
9.860,left_hand,og,tilt,,"{""roll_deg"":0.3,""pitch_deg"":7.5,""steady"":true}"
9.860,left_hand,og,acc,107103,"{""seq"":476,""x_mg"":376,""y_mg"":-72,""z_mg"":880}"
9.860,left_hand,og,tilt,,"{""roll_deg"":0.7,""pitch_deg"":8.0,""steady"":true}"
9.891,left_hand,og,acc,107124,"{""seq"":477,""x_mg"":372,""y_mg"":-88,""z_mg"":896}"
9.891,left_hand,og,tilt,,"{""roll_deg"":1.1,""pitch_deg"":8.4,""steady"":true}"
9.891,left_hand,og,acc,107144,"{""seq"":478,""x_mg"":404,""y_mg"":-88,""z_mg"":888}"
9.891,left_hand,og,tilt,,"{""roll_deg"":1.4,""pitch_deg"":8.9,""steady"":true}"
9.922,left_hand,og,acc,107165,"{""seq"":479,""x_mg"":432,""y_mg"":-48,""z_mg"":892}"
9.922,left_hand,og,tilt,,"{""roll_deg"":1.7,""pitch_deg"":9.3,""steady"":true}"
9.954,left_hand,og,acc,107186,"{""seq"":480,""x_mg"":396,""y_mg"":-20,""z_mg"":904}"
9.954,left_hand,og,tilt,,"{""roll_deg"":1.9,""pitch_deg"":9.6,""steady"":true}"
9.954,left_hand,og,acc,107206,"{""seq"":481,""x_mg"":380,""y_mg"":0,""z_mg"":908}"
9.954,left_hand,og,tilt,,"{""roll_deg"":2.3,""pitch_deg"":9.9,""steady"":true}"
9.969,,game,drop,,"{""n"":4}"
9.969,left_hand,og,acc,107227,"{""seq"":482,""x_mg"":400,""y_mg"":-16,""z_mg"":920}"
9.969,left_hand,og,tilt,,"{""roll_deg"":2.9,""pitch_deg"":10.1,""steady"":true}"
10.000,left_hand,og,acc,107247,"{""seq"":483,""x_mg"":416,""y_mg"":-32,""z_mg"":916}"
10.000,left_hand,og,tilt,,"{""roll_deg"":3.4,""pitch_deg"":10.3,""steady"":true}"
10.032,left_hand,og,acc,107268,"{""seq"":484,""x_mg"":408,""y_mg"":-8,""z_mg"":892}"
10.032,left_hand,og,tilt,,"{""roll_deg"":3.8,""pitch_deg"":10.5,""steady"":true}"
10.032,left_hand,og,acc,107288,"{""seq"":485,""x_mg"":404,""y_mg"":16,""z_mg"":916}"
10.032,left_hand,og,tilt,,"{""roll_deg"":4.3,""pitch_deg"":10.7,""steady"":true}"
10.063,left_hand,og,acc,107309,"{""seq"":486,""x_mg"":436,""y_mg"":40,""z_mg"":952}"
10.063,left_hand,og,tilt,,"{""roll_deg"":4.7,""pitch_deg"":11.0,""steady"":true}"
10.094,left_hand,og,acc,107330,"{""seq"":487,""x_mg"":460,""y_mg"":88,""z_mg"":944}"
10.094,left_hand,og,tilt,,"{""roll_deg"":5.3,""pitch_deg"":11.2,""steady"":true}"
10.094,left_hand,og,acc,107350,"{""seq"":488,""x_mg"":452,""y_mg"":112,""z_mg"":932}"
10.094,left_hand,og,tilt,,"{""roll_deg"":5.9,""pitch_deg"":11.4,""steady"":true}"
10.125,left_hand,og,acc,107371,"{""seq"":489,""x_mg"":460,""y_mg"":140,""z_mg"":908}"
10.125,left_hand,og,tilt,,"{""roll_deg"":6.9,""pitch_deg"":11.7,""steady"":true}"
10.172,left_hand,og,acc,107391,"{""seq"":490,""x_mg"":444,""y_mg"":148,""z_mg"":896}"
10.172,left_hand,og,tremor,,"{""rms_mg"":57.0,""peak_hz"":9.7}"
10.172,left_hand,og,tilt,,"{""roll_deg"":7.9,""pitch_deg"":12.0,""steady"":true}"
10.172,left_hand,og,acc,107412,"{""seq"":491,""x_mg"":456,""y_mg"":152,""z_mg"":924}"
10.172,left_hand,og,tilt,,"{""roll_deg"":9.0,""pitch_deg"":12.3,""steady"":true}"
10.188,left_hand,og,acc,107432,"{""seq"":492,""x_mg"":468,""y_mg"":136,""z_mg"":936}"
10.188,left_hand,og,tilt,,"{""roll_deg"":9.9,""pitch_deg"":12.6,""steady"":true}"
10.219,left_hand,og,acc,107453,"{""seq"":493,""x_mg"":456,""y_mg"":104,""z_mg"":936}"
10.219,left_hand,og,tilt,,"{""roll_deg"":10.8,""pitch_deg"":12.9,""steady"":true}"
10.250,left_hand,og,acc,107474,"{""seq"":494,""x_mg"":460,""y_mg"":100,""z_mg"":912}"
10.250,left_hand,og,tilt,,"{""roll_deg"":11.5,""pitch_deg"":13.1,""steady"":true}"
10.250,left_hand,og,acc,107494,"{""seq"":495,""x_mg"":440,""y_mg"":76,""z_mg"":900}"
10.250,left_hand,og,tilt,,"{""roll_deg"":11.9,""pitch_deg"":13.2,""steady"":true}"
10.282,left_hand,og,acc,107515,"{""seq"":496,""x_mg"":436,""y_mg"":52,""z_mg"":900}"
10.282,left_hand,og,tilt,,"{""roll_deg"":12.2,""pitch_deg"":13.4,""steady"":true}"
10.313,left_hand,og,acc,107535,"{""seq"":497,""x_mg"":428,""y_mg"":20,""z_mg"":904}"
10.313,left_hand,og,tilt,,"{""roll_deg"":12.3,""pitch_deg"":13.5,""steady"":true}"
10.313,left_hand,og,acc,107556,"{""seq"":498,""x_mg"":420,""y_mg"":12,""z_mg"":920}"
10.313,left_hand,og,tilt,,"{""roll_deg"":12.2,""pitch_deg"":13.6,""steady"":true}"
10.344,left_hand,og,acc,107576,"{""seq"":499,""x_mg"":404,""y_mg"":12,""z_mg"":916}"
10.344,left_hand,og,tilt,,"{""roll_deg"":11.9,""pitch_deg"":13.6,""steady"":true}"
10.375,left_hand,og,acc,107597,"{""seq"":500,""x_mg"":396,""y_mg"":4,""z_mg"":920}"
10.375,left_hand,og,tilt,,"{""roll_deg"":11.6,""pitch_deg"":13.5,""steady"":true}"
10.375,left_hand,og,acc,107617,"{""seq"":501,""x_mg"":364,""y_mg"":-8,""z_mg"":916}"
10.375,left_hand,og,tilt,,"{""roll_deg"":11.3,""pitch_deg"":13.3,""steady"":true}"
10.391,left_hand,og,acc,107638,"{""seq"":502,""x_mg"":372,""y_mg"":-20,""z_mg"":920}"
10.391,left_hand,og,tilt,,"{""roll_deg"":11.0,""pitch_deg"":13.1,""steady"":true}"
10.422,left_hand,og,acc,107659,"{""seq"":503,""x_mg"":364,""y_mg"":-36,""z_mg"":920}"
10.422,left_hand,og,tilt,,"{""roll_deg"":10.6,""pitch_deg"":12.8,""steady"":true}"
10.454,left_hand,og,acc,107679,"{""seq"":504,""x_mg"":340,""y_mg"":-48,""z_mg"":932}"
10.454,left_hand,og,tilt,,"{""roll_deg"":10.2,""pitch_deg"":12.4,""steady"":true}"
10.454,left_hand,og,acc,107700,"{""seq"":505,""x_mg"":328,""y_mg"":-44,""z_mg"":948}"
10.454,left_hand,og,tilt,,"{""roll_deg"":9.7,""pitch_deg"":12.1,""steady"":true}"
10.485,left_hand,og,acc,107720,"{""seq"":506,""x_mg"":336,""y_mg"":-48,""z_mg"":944}"
10.485,left_hand,og,tilt,,"{""roll_deg"":9.2,""pitch_deg"":11.7,""steady"":true}"
10.516,left_hand,og,acc,107741,"{""seq"":507,""x_mg"":328,""y_mg"":-52,""z_mg"":952}"
10.516,left_hand,og,tilt,,"{""roll_deg"":8.7,""pitch_deg"":11.2,""steady"":true}"
10.516,left_hand,og,acc,107761,"{""seq"":508,""x_mg"":332,""y_mg"":-56,""z_mg"":940}"
10.516,left_hand,og,tilt,,"{""roll_deg"":8.3,""pitch_deg"":10.8,""steady"":true}"
10.547,left_hand,og,acc,107782,"{""seq"":509,""x_mg"":324,""y_mg"":-60,""z_mg"":952}"
10.547,left_hand,og,tilt,,"{""roll_deg"":8.0,""pitch_deg"":10.4,""steady"":true}"
10.547,left_hand,og,acc,107803,"{""seq"":510,""x_mg"":324,""y_mg"":-56,""z_mg"":944}"
10.547,left_hand,og,tilt,,"{""roll_deg"":7.6,""pitch_deg"":10.0,""steady"":true}"
10.579,left_hand,og,acc,107823,"{""seq"":511,""x_mg"":332,""y_mg"":-68,""z_mg"":944}"
10.579,left_hand,og,tilt,,"{""roll_deg"":7.3,""pitch_deg"":9.7,""steady"":true}"
10.610,left_hand,og,acc,107844,"{""seq"":512,""x_mg"":332,""y_mg"":-60,""z_mg"":936}"
10.610,left_hand,og,tilt,,"{""roll_deg"":7.0,""pitch_deg"":9.4,""steady"":true}"
10.610,left_hand,og,acc,107864,"{""seq"":513,""x_mg"":336,""y_mg"":-72,""z_mg"":940}"
10.610,left_hand,og,tilt,,"{""roll_deg"":6.7,""pitch_deg"":9.2,""steady"":true}"
10.625,left_hand,og,acc,107885,"{""seq"":514,""x_mg"":340,""y_mg"":-64,""z_mg"":936}"
10.625,left_hand,og,tilt,,"{""roll_deg"":6.4,""pitch_deg"":9.1,""steady"":true}"
10.657,left_hand,og,acc,107906,"{""seq"":515,""x_mg"":348,""y_mg"":-76,""z_mg"":924}"
10.657,left_hand,og,tilt,,"{""roll_deg"":6.2,""pitch_deg"":8.9,""steady"":true}"
10.688,left_hand,og,acc,107926,"{""seq"":516,""x_mg"":352,""y_mg"":-72,""z_mg"":932}"
10.688,left_hand,og,tilt,,"{""roll_deg"":5.9,""pitch_deg"":8.8,""steady"":true}"
10.688,left_hand,og,acc,107947,"{""seq"":517,""x_mg"":352,""y_mg"":-68,""z_mg"":940}"
10.688,left_hand,og,tilt,,"{""roll_deg"":5.7,""pitch_deg"":8.8,""steady"":true}"
10.719,left_hand,og,acc,107967,"{""seq"":518,""x_mg"":356,""y_mg"":-52,""z_mg"":924}"
10.719,left_hand,og,tilt,,"{""roll_deg"":5.5,""pitch_deg"":8.9,""steady"":true}"
10.735,,game,brick,,"{""n"":7}"
10.750,left_hand,og,acc,107988,"{""seq"":519,""x_mg"":344,""y_mg"":-60,""z_mg"":928}"
10.750,left_hand,og,tilt,,"{""roll_deg"":5.3,""pitch_deg"":8.9,""steady"":true}"
10.750,left_hand,og,acc,108008,"{""seq"":520,""x_mg"":364,""y_mg"":-64,""z_mg"":928}"
10.750,left_hand,og,tilt,,"{""roll_deg"":5.2,""pitch_deg"":8.9,""steady"":true}"
10.797,left_hand,og,acc,108029,"{""seq"":521,""x_mg"":356,""y_mg"":-60,""z_mg"":936}"
10.797,left_hand,og,tilt,,"{""roll_deg"":5.1,""pitch_deg"":8.9,""steady"":true}"
10.813,left_hand,og,acc,108049,"{""seq"":522,""x_mg"":368,""y_mg"":-48,""z_mg"":924}"
10.813,left_hand,og,tilt,,"{""roll_deg"":5.1,""pitch_deg"":9.0,""steady"":true}"
10.813,left_hand,og,acc,108070,"{""seq"":523,""x_mg"":352,""y_mg"":-40,""z_mg"":920}"
10.813,left_hand,og,tilt,,"{""roll_deg"":5.0,""pitch_deg"":9.0,""steady"":true}"
10.844,left_hand,og,acc,108091,"{""seq"":524,""x_mg"":340,""y_mg"":-52,""z_mg"":940}"
10.844,left_hand,og,tilt,,"{""roll_deg"":5.0,""pitch_deg"":9.0,""steady"":true}"
10.875,left_hand,og,acc,108111,"{""seq"":525,""x_mg"":352,""y_mg"":-72,""z_mg"":928}"
10.875,left_hand,og,tilt,,"{""roll_deg"":5.1,""pitch_deg"":9.0,""steady"":true}"
10.907,left_hand,og,acc,108132,"{""seq"":526,""x_mg"":364,""y_mg"":-72,""z_mg"":940}"
10.907,left_hand,og,tilt,,"{""roll_deg"":5.1,""pitch_deg"":9.1,""steady"":true}"
10.907,left_hand,og,acc,108152,"{""seq"":527,""x_mg"":340,""y_mg"":-48,""z_mg"":936}"
10.907,left_hand,og,tilt,,"{""roll_deg"":5.1,""pitch_deg"":9.1,""steady"":true}"
10.938,left_hand,og,acc,108173,"{""seq"":528,""x_mg"":332,""y_mg"":-48,""z_mg"":936}"
10.938,left_hand,og,tilt,,"{""roll_deg"":5.1,""pitch_deg"":9.0,""steady"":true}"
10.969,left_hand,og,acc,108193,"{""seq"":529,""x_mg"":340,""y_mg"":-64,""z_mg"":920}"
10.969,left_hand,og,tilt,,"{""roll_deg"":5.0,""pitch_deg"":8.9,""steady"":true}"
10.969,left_hand,og,acc,108214,"{""seq"":530,""x_mg"":352,""y_mg"":-72,""z_mg"":928}"
10.969,left_hand,og,tilt,,"{""roll_deg"":4.9,""pitch_deg"":8.9,""steady"":true}"
11.000,left_hand,og,acc,108235,"{""seq"":531,""x_mg"":352,""y_mg"":-68,""z_mg"":920}"
11.000,left_hand,og,tilt,,"{""roll_deg"":4.9,""pitch_deg"":8.8,""steady"":true}"
11.016,left_hand,og,acc,108255,"{""seq"":532,""x_mg"":352,""y_mg"":-48,""z_mg"":916}"
11.016,left_hand,og,tilt,,"{""roll_deg"":4.8,""pitch_deg"":8.9,""steady"":true}"
11.016,left_hand,og,acc,108276,"{""seq"":533,""x_mg"":352,""y_mg"":-40,""z_mg"":932}"
11.016,left_hand,og,tilt,,"{""roll_deg"":4.7,""pitch_deg"":8.9,""steady"":true}"
11.047,left_hand,og,acc,108296,"{""seq"":534,""x_mg"":352,""y_mg"":-48,""z_mg"":936}"
11.047,left_hand,og,tilt,,"{""roll_deg"":4.8,""pitch_deg"":8.9,""steady"":true}"
11.079,left_hand,og,acc,108317,"{""seq"":535,""x_mg"":360,""y_mg"":-60,""z_mg"":932}"
11.079,left_hand,og,tilt,,"{""roll_deg"":4.9,""pitch_deg"":8.9,""steady"":true}"
11.110,left_hand,og,acc,108337,"{""seq"":536,""x_mg"":352,""y_mg"":-44,""z_mg"":940}"
11.110,left_hand,og,tilt,,"{""roll_deg"":4.9,""pitch_deg"":8.9,""steady"":true}"
11.110,left_hand,og,acc,108358,"{""seq"":537,""x_mg"":356,""y_mg"":-24,""z_mg"":932}"
11.110,left_hand,og,tilt,,"{""roll_deg"":5.0,""pitch_deg"":9.0,""steady"":true}"
11.141,left_hand,og,acc,108379,"{""seq"":538,""x_mg"":348,""y_mg"":-36,""z_mg"":940}"
11.141,left_hand,og,tilt,,"{""roll_deg"":5.1,""pitch_deg"":8.9,""steady"":true}"
11.172,left_hand,og,acc,108399,"{""seq"":539,""x_mg"":344,""y_mg"":-56,""z_mg"":940}"
11.172,left_hand,og,tilt,,"{""roll_deg"":5.2,""pitch_deg"":8.9,""steady"":true}"
11.172,left_hand,og,acc,108420,"{""seq"":540,""x_mg"":352,""y_mg"":-76,""z_mg"":944}"
11.172,left_hand,og,tilt,,"{""roll_deg"":5.2,""pitch_deg"":8.9,""steady"":true}"
11.204,left_hand,og,acc,108440,"{""seq"":541,""x_mg"":348,""y_mg"":-72,""z_mg"":948}"
11.204,left_hand,og,tilt,,"{""roll_deg"":5.2,""pitch_deg"":8.9,""steady"":true}"
11.219,left_hand,og,acc,108461,"{""seq"":542,""x_mg"":328,""y_mg"":-56,""z_mg"":940}"
11.219,left_hand,og,tilt,,"{""roll_deg"":5.2,""pitch_deg"":8.8,""steady"":true}"
11.219,left_hand,og,acc,108481,"{""seq"":543,""x_mg"":344,""y_mg"":-52,""z_mg"":936}"
11.219,left_hand,og,tilt,,"{""roll_deg"":5.1,""pitch_deg"":8.8,""steady"":true}"
11.250,left_hand,og,acc,108502,"{""seq"":544,""x_mg"":340,""y_mg"":-64,""z_mg"":936}"
11.250,left_hand,og,tilt,,"{""roll_deg"":5.0,""pitch_deg"":8.7,""steady"":true}"
11.282,left_hand,og,acc,108523,"{""seq"":545,""x_mg"":344,""y_mg"":-72,""z_mg"":940}"
11.282,left_hand,og,tilt,,"{""roll_deg"":5.0,""pitch_deg"":8.7,""steady"":true}"
11.313,left_hand,og,acc,108543,"{""seq"":546,""x_mg"":348,""y_mg"":-56,""z_mg"":920}"
11.313,left_hand,og,tilt,,"{""roll_deg"":4.9,""pitch_deg"":8.7,""steady"":true}"
11.313,left_hand,og,acc,108564,"{""seq"":547,""x_mg"":352,""y_mg"":-24,""z_mg"":928}"
11.313,left_hand,og,tilt,,"{""roll_deg"":4.9,""pitch_deg"":8.6,""steady"":true}"
11.344,left_hand,og,acc,108584,"{""seq"":548,""x_mg"":348,""y_mg"":-36,""z_mg"":928}"
11.344,left_hand,og,tilt,,"{""roll_deg"":4.9,""pitch_deg"":8.7,""steady"":true}"
11.375,left_hand,og,acc,108605,"{""seq"":549,""x_mg"":344,""y_mg"":-68,""z_mg"":936}"
11.375,left_hand,og,tilt,,"{""roll_deg"":4.9,""pitch_deg"":8.7,""steady"":true}"
11.375,left_hand,og,acc,108625,"{""seq"":550,""x_mg"":344,""y_mg"":-60,""z_mg"":944}"
11.375,left_hand,og,tilt,,"{""roll_deg"":4.9,""pitch_deg"":8.7,""steady"":true}"
11.407,left_hand,og,acc,108646,"{""seq"":551,""x_mg"":352,""y_mg"":-44,""z_mg"":936}"
11.407,left_hand,og,tilt,,"{""roll_deg"":5.0,""pitch_deg"":8.7,""steady"":true}"
11.407,left_hand,og,acc,108666,"{""seq"":552,""x_mg"":340,""y_mg"":-48,""z_mg"":944}"
11.407,left_hand,og,tilt,,"{""roll_deg"":5.0,""pitch_deg"":8.7,""steady"":true}"
11.422,left_hand,og,acc,108687,"{""seq"":553,""x_mg"":336,""y_mg"":-48,""z_mg"":936}"
11.422,left_hand,og,tilt,,"{""roll_deg"":5.1,""pitch_deg"":8.6,""steady"":true}"
11.454,left_hand,og,acc,108708,"{""seq"":554,""x_mg"":340,""y_mg"":-60,""z_mg"":936}"
11.454,left_hand,og,tilt,,"{""roll_deg"":5.1,""pitch_deg"":8.6,""steady"":true}"
11.500,left_hand,og,acc,108728,"{""seq"":555,""x_mg"":352,""y_mg"":-60,""z_mg"":936}"
11.500,left_hand,og,tilt,,"{""roll_deg"":5.2,""pitch_deg"":8.6,""steady"":true}"
11.532,left_hand,og,acc,108749,"{""seq"":556,""x_mg"":340,""y_mg"":-64,""z_mg"":940}"
11.532,left_hand,og,tilt,,"{""roll_deg"":5.1,""pitch_deg"":8.5,""steady"":true}"
11.532,left_hand,og,acc,108769,"{""seq"":557,""x_mg"":348,""y_mg"":-56,""z_mg"":932}"
11.532,left_hand,og,tilt,,"{""roll_deg"":5.0,""pitch_deg"":8.5,""steady"":true}"
11.563,left_hand,og,acc,108790,"{""seq"":558,""x_mg"":352,""y_mg"":-40,""z_mg"":928}"
11.563,left_hand,og,tilt,,"{""roll_deg"":5.0,""pitch_deg"":8.5,""steady"":true}"
11.563,left_hand,og,acc,108810,"{""seq"":559,""x_mg"":344,""y_mg"":-40,""z_mg"":932}"
11.563,left_hand,og,tilt,,"{""roll_deg"":5.0,""pitch_deg"":8.5,""steady"":true}"
11.594,left_hand,og,acc,108831,"{""seq"":560,""x_mg"":344,""y_mg"":-48,""z_mg"":940}"
11.594,left_hand,og,tilt,,"{""roll_deg"":5.0,""pitch_deg"":8.5,""steady"":true}"
11.625,left_hand,og,acc,108852,"{""seq"":561,""x_mg"":352,""y_mg"":-56,""z_mg"":932}"
11.625,left_hand,og,tilt,,"{""roll_deg"":5.1,""pitch_deg"":8.6,""steady"":true}"
11.625,left_hand,og,acc,108872,"{""seq"":562,""x_mg"":356,""y_mg"":-36,""z_mg"":924}"
11.625,left_hand,og,tilt,,"{""roll_deg"":5.2,""pitch_deg"":8.6,""steady"":true}"
11.641,left_hand,og,acc,108893,"{""seq"":563,""x_mg"":356,""y_mg"":-16,""z_mg"":944}"
11.641,left_hand,og,tilt,,"{""roll_deg"":5.3,""pitch_deg"":8.7,""steady"":true}"
11.672,left_hand,og,acc,108913,"{""seq"":564,""x_mg"":352,""y_mg"":-16,""z_mg"":940}"
11.672,left_hand,og,tilt,,"{""roll_deg"":5.4,""pitch_deg"":8.7,""steady"":true}"
11.704,left_hand,og,acc,108934,"{""seq"":565,""x_mg"":360,""y_mg"":-40,""z_mg"":932}"
11.704,left_hand,og,tilt,,"{""roll_deg"":5.4,""pitch_deg"":8.7,""steady"":true}"
11.704,left_hand,og,acc,108954,"{""seq"":566,""x_mg"":372,""y_mg"":-32,""z_mg"":940}"
11.704,left_hand,og,tilt,,"{""roll_deg"":5.6,""pitch_deg"":8.8,""steady"":true}"
11.735,left_hand,og,acc,108975,"{""seq"":567,""x_mg"":344,""y_mg"":-20,""z_mg"":944}"
11.735,left_hand,og,tilt,,"{""roll_deg"":5.7,""pitch_deg"":8.8,""steady"":true}"
11.766,left_hand,og,acc,108996,"{""seq"":568,""x_mg"":340,""y_mg"":-40,""z_mg"":936}"
11.766,left_hand,og,tilt,,"{""roll_deg"":5.8,""pitch_deg"":8.8,""steady"":true}"
11.766,left_hand,og,acc,109016,"{""seq"":569,""x_mg"":340,""y_mg"":-68,""z_mg"":932}"
11.766,left_hand,og,tilt,,"{""roll_deg"":5.8,""pitch_deg"":8.8,""steady"":true}"
11.797,left_hand,og,acc,109037,"{""seq"":570,""x_mg"":348,""y_mg"":-68,""z_mg"":920}"
11.797,left_hand,og,tilt,,"{""roll_deg"":5.8,""pitch_deg"":8.7,""steady"":true}"
11.829,left_hand,og,acc,109057,"{""seq"":571,""x_mg"":348,""y_mg"":-56,""z_mg"":932}"
11.829,left_hand,og,tilt,,"{""roll_deg"":5.7,""pitch_deg"":8.7,""steady"":true}"
11.829,left_hand,og,acc,109078,"{""seq"":572,""x_mg"":336,""y_mg"":-56,""z_mg"":936}"
11.829,left_hand,og,tilt,,"{""roll_deg"":5.6,""pitch_deg"":8.6,""steady"":true}"
11.860,left_hand,og,acc,109098,"{""seq"":573,""x_mg"":336,""y_mg"":-60,""z_mg"":924}"
11.860,left_hand,og,tilt,,"{""roll_deg"":5.5,""pitch_deg"":8.6,""steady"":true}"
11.875,left_hand,og,acc,109119,"{""seq"":574,""x_mg"":356,""y_mg"":-52,""z_mg"":932}"
11.875,left_hand,og,tilt,,"{""roll_deg"":5.4,""pitch_deg"":8.6,""steady"":true}"
11.907,left_hand,og,acc,109139,"{""seq"":575,""x_mg"":340,""y_mg"":-32,""z_mg"":952}"
11.907,left_hand,og,tilt,,"{""roll_deg"":5.4,""pitch_deg"":8.6,""steady"":true}"
11.907,left_hand,og,acc,109160,"{""seq"":576,""x_mg"":328,""y_mg"":-64,""z_mg"":964}"
11.907,left_hand,og,tilt,,"{""roll_deg"":5.3,""pitch_deg"":8.5,""steady"":true}"
11.938,left_hand,og,acc,109181,"{""seq"":577,""x_mg"":316,""y_mg"":-88,""z_mg"":948}"
11.938,left_hand,og,tilt,,"{""roll_deg"":5.2,""pitch_deg"":8.4,""steady"":true}"
11.969,left_hand,og,acc,109201,"{""seq"":578,""x_mg"":312,""y_mg"":-84,""z_mg"":948}"
11.969,left_hand,og,tilt,,"{""roll_deg"":5.1,""pitch_deg"":8.3,""steady"":true}"
11.969,left_hand,og,acc,109222,"{""seq"":579,""x_mg"":308,""y_mg"":-92,""z_mg"":956}"
11.969,left_hand,og,tilt,,"{""roll_deg"":4.9,""pitch_deg"":8.1,""steady"":true}"
12.000,left_hand,og,acc,109242,"{""seq"":580,""x_mg"":308,""y_mg"":-100,""z_mg"":956}"
12.000,left_hand,og,tilt,,"{""roll_deg"":4.7,""pitch_deg"":7.9,""steady"":true}"
12.032,left_hand,og,acc,109263,"{""seq"":581,""x_mg"":312,""y_mg"":-120,""z_mg"":952}"
12.032,left_hand,og,tilt,,"{""roll_deg"":4.5,""pitch_deg"":7.7,""steady"":true}"
12.032,left_hand,og,acc,109283,"{""seq"":582,""x_mg"":292,""y_mg"":-132,""z_mg"":940}"
12.032,left_hand,og,tilt,,"{""roll_deg"":4.2,""pitch_deg"":7.5,""steady"":true}"
12.063,left_hand,og,acc,109304,"{""seq"":583,""x_mg"":308,""y_mg"":-120,""z_mg"":928}"
12.063,left_hand,og,tilt,,"{""roll_deg"":3.8,""pitch_deg"":7.4,""steady"":true}"
12.079,left_hand,og,acc,109325,"{""seq"":584,""x_mg"":320,""y_mg"":-92,""z_mg"":932}"
12.079,left_hand,og,tilt,,"{""roll_deg"":3.5,""pitch_deg"":7.3,""steady"":true}"
12.125,left_hand,og,acc,109345,"{""seq"":585,""x_mg"":316,""y_mg"":-76,""z_mg"":956}"
12.125,left_hand,og,tilt,,"{""roll_deg"":3.2,""pitch_deg"":7.2,""steady"":true}"
12.125,left_hand,og,acc,109366,"{""seq"":586,""x_mg"":300,""y_mg"":-92,""z_mg"":948}"
12.125,left_hand,og,tilt,,"{""roll_deg"":3.2,""pitch_deg"":7.1,""steady"":true}"
12.157,left_hand,og,acc,109386,"{""seq"":587,""x_mg"":304,""y_mg"":-88,""z_mg"":936}"
12.157,left_hand,og,tilt,,"{""roll_deg"":3.1,""pitch_deg"":7.0,""steady"":true}"
12.188,left_hand,og,acc,109407,"{""seq"":588,""x_mg"":308,""y_mg"":-80,""z_mg"":952}"
12.188,left_hand,og,tremor,,"{""rms_mg"":25.2,""peak_hz"":9.7}"
12.188,left_hand,og,tilt,,"{""roll_deg"":3.1,""pitch_deg"":6.9,""steady"":true}"
12.188,left_hand,og,acc,109427,"{""seq"":589,""x_mg"":324,""y_mg"":-64,""z_mg"":956}"
12.188,left_hand,og,tilt,,"{""roll_deg"":3.2,""pitch_deg"":6.9,""steady"":true}"
12.219,left_hand,og,acc,109448,"{""seq"":590,""x_mg"":316,""y_mg"":-72,""z_mg"":936}"
12.219,left_hand,og,tilt,,"{""roll_deg"":3.2,""pitch_deg"":6.8,""steady"":true}"
12.250,left_hand,og,acc,109468,"{""seq"":591,""x_mg"":324,""y_mg"":-72,""z_mg"":944}"
12.250,left_hand,og,tilt,,"{""roll_deg"":3.3,""pitch_deg"":6.8,""steady"":true}"
12.250,left_hand,og,acc,109489,"{""seq"":592,""x_mg"":328,""y_mg"":-68,""z_mg"":932}"
12.250,left_hand,og,tilt,,"{""roll_deg"":3.4,""pitch_deg"":6.8,""steady"":true}"
12.266,left_hand,og,acc,109510,"{""seq"":593,""x_mg"":332,""y_mg"":-72,""z_mg"":932}"
12.266,left_hand,og,tilt,,"{""roll_deg"":3.4,""pitch_deg"":6.9,""steady"":true}"
12.297,left_hand,og,acc,109530,"{""seq"":594,""x_mg"":324,""y_mg"":-72,""z_mg"":936}"
12.297,left_hand,og,tilt,,"{""roll_deg"":3.5,""pitch_deg"":6.9,""steady"":true}"
12.329,left_hand,og,acc,109551,"{""seq"":595,""x_mg"":332,""y_mg"":-72,""z_mg"":940}"
12.329,left_hand,og,tilt,,"{""roll_deg"":3.6,""pitch_deg"":7.0,""steady"":true}"
12.329,left_hand,og,acc,109571,"{""seq"":596,""x_mg"":336,""y_mg"":-84,""z_mg"":928}"
12.329,left_hand,og,tilt,,"{""roll_deg"":3.6,""pitch_deg"":7.1,""steady"":true}"
12.360,left_hand,og,acc,109592,"{""seq"":597,""x_mg"":336,""y_mg"":-80,""z_mg"":924}"
12.360,left_hand,og,tilt,,"{""roll_deg"":3.6,""pitch_deg"":7.2,""steady"":true}"
12.360,left_hand,og,acc,109612,"{""seq"":598,""x_mg"":324,""y_mg"":-72,""z_mg"":940}"
12.360,left_hand,og,tilt,,"{""roll_deg"":3.7,""pitch_deg"":7.3,""steady"":true}"
12.391,left_hand,og,acc,109633,"{""seq"":599,""x_mg"":324,""y_mg"":-88,""z_mg"":936}"
12.391,left_hand,og,tilt,,"{""roll_deg"":3.6,""pitch_deg"":7.3,""steady"":true}"
12.422,left_hand,og,acc,109654,"{""seq"":600,""x_mg"":340,""y_mg"":-80,""z_mg"":940}"
12.422,left_hand,og,tilt,,"{""roll_deg"":3.6,""pitch_deg"":7.4,""steady"":true}"
12.422,left_hand,og,acc,109674,"{""seq"":601,""x_mg"":332,""y_mg"":-72,""z_mg"":940}"
12.422,left_hand,og,tilt,,"{""roll_deg"":3.6,""pitch_deg"":7.5,""steady"":true}"
12.454,left_hand,og,acc,109695,"{""seq"":602,""x_mg"":332,""y_mg"":-60,""z_mg"":944}"
12.454,left_hand,og,tilt,,"{""roll_deg"":3.6,""pitch_deg"":7.5,""steady"":true}"
12.469,left_hand,og,acc,109715,"{""seq"":603,""x_mg"":316,""y_mg"":-48,""z_mg"":948}"
12.469,left_hand,og,tilt,,"{""roll_deg"":3.7,""pitch_deg"":7.5,""steady"":true}"
12.500,left_hand,og,acc,109736,"{""seq"":604,""x_mg"":320,""y_mg"":-72,""z_mg"":936}"
12.500,left_hand,og,tilt,,"{""roll_deg"":3.7,""pitch_deg"":7.5,""steady"":true}"
12.500,left_hand,og,acc,109756,"{""seq"":605,""x_mg"":332,""y_mg"":-92,""z_mg"":936}"
12.500,left_hand,og,tilt,,"{""roll_deg"":3.7,""pitch_deg"":7.5,""steady"":true}"
12.532,left_hand,og,acc,109777,"{""seq"":606,""x_mg"":336,""y_mg"":-76,""z_mg"":936}"
12.532,left_hand,og,tilt,,"{""roll_deg"":3.8,""pitch_deg"":7.6,""steady"":true}"
12.563,left_hand,og,acc,109798,"{""seq"":607,""x_mg"":348,""y_mg"":-60,""z_mg"":928}"
12.563,left_hand,og,tilt,,"{""roll_deg"":3.8,""pitch_deg"":7.6,""steady"":true}"
12.563,left_hand,og,acc,109818,"{""seq"":608,""x_mg"":340,""y_mg"":-44,""z_mg"":936}"
12.563,left_hand,og,tilt,,"{""roll_deg"":3.8,""pitch_deg"":7.6,""steady"":true}"
12.594,left_hand,og,acc,109839,"{""seq"":609,""x_mg"":340,""y_mg"":-44,""z_mg"":948}"
12.594,left_hand,og,tilt,,"{""roll_deg"":3.9,""pitch_deg"":7.7,""steady"":true}"
12.625,left_hand,og,acc,109859,"{""seq"":610,""x_mg"":324,""y_mg"":-64,""z_mg"":960}"
12.625,left_hand,og,tilt,,"{""roll_deg"":4.0,""pitch_deg"":7.7,""steady"":true}"
12.625,left_hand,og,acc,109880,"{""seq"":611,""x_mg"":328,""y_mg"":-76,""z_mg"":952}"
12.625,left_hand,og,tilt,,"{""roll_deg"":4.1,""pitch_deg"":7.8,""steady"":true}"
12.657,left_hand,og,acc,109900,"{""seq"":612,""x_mg"":320,""y_mg"":-68,""z_mg"":940}"
12.657,left_hand,og,tilt,,"{""roll_deg"":4.1,""pitch_deg"":7.7,""steady"":true}"
12.672,left_hand,og,acc,109921,"{""seq"":613,""x_mg"":328,""y_mg"":-60,""z_mg"":952}"
12.672,left_hand,og,tilt,,"{""roll_deg"":4.2,""pitch_deg"":7.7,""steady"":true}"
12.672,left_hand,og,acc,109942,"{""seq"":614,""x_mg"":352,""y_mg"":-44,""z_mg"":936}"
12.672,left_hand,og,tilt,,"{""roll_deg"":4.2,""pitch_deg"":7.6,""steady"":true}"
12.704,left_hand,og,acc,109962,"{""seq"":615,""x_mg"":372,""y_mg"":-48,""z_mg"":944}"
12.704,left_hand,og,tilt,,"{""roll_deg"":4.3,""pitch_deg"":7.6,""steady"":true}"
12.735,,game,brick,,"{""n"":8}"
12.735,left_hand,og,acc,109983,"{""seq"":616,""x_mg"":360,""y_mg"":-24,""z_mg"":936}"
12.735,left_hand,og,tilt,,"{""roll_deg"":4.4,""pitch_deg"":7.7,""steady"":true}"
12.750,left_hand,og,acc,110003,"{""seq"":617,""x_mg"":348,""y_mg"":-28,""z_mg"":948}"
12.750,left_hand,og,tilt,,"{""roll_deg"":4.6,""pitch_deg"":7.9,""steady"":true}"
12.797,left_hand,og,acc,110024,"{""seq"":618,""x_mg"":348,""y_mg"":-20,""z_mg"":948}"
12.797,left_hand,og,tilt,,"{""roll_deg"":4.8,""pitch_deg"":8.0,""steady"":true}"
12.797,left_hand,og,acc,110044,"{""seq"":619,""x_mg"":352,""y_mg"":-28,""z_mg"":936}"
12.797,left_hand,og,tilt,,"{""roll_deg"":5.0,""pitch_deg"":8.1,""steady"":true}"
12.829,left_hand,og,acc,110065,"{""seq"":620,""x_mg"":344,""y_mg"":-28,""z_mg"":936}"
12.829,left_hand,og,tilt,,"{""roll_deg"":5.2,""pitch_deg"":8.2,""steady"":true}"
12.860,left_hand,og,acc,110086,"{""seq"":621,""x_mg"":344,""y_mg"":-40,""z_mg"":916}"
12.860,left_hand,og,tilt,,"{""roll_deg"":5.4,""pitch_deg"":8.2,""steady"":true}"
12.860,left_hand,og,acc,110106,"{""seq"":622,""x_mg"":352,""y_mg"":-44,""z_mg"":928}"
12.860,left_hand,og,tilt,,"{""roll_deg"":5.5,""pitch_deg"":8.3,""steady"":true}"
12.891,left_hand,og,acc,110127,"{""seq"":623,""x_mg"":340,""y_mg"":-44,""z_mg"":940}"
12.891,left_hand,og,tilt,,"{""roll_deg"":5.6,""pitch_deg"":8.3,""steady"":true}"
12.922,left_hand,og,acc,110147,"{""seq"":624,""x_mg"":336,""y_mg"":-68,""z_mg"":924}"
12.922,left_hand,og,tilt,,"{""roll_deg"":5.6,""pitch_deg"":8.4,""steady"":true}"
12.922,left_hand,og,acc,110168,"{""seq"":625,""x_mg"":316,""y_mg"":-60,""z_mg"":928}"
12.922,left_hand,og,tilt,,"{""roll_deg"":5.6,""pitch_deg"":8.3,""steady"":true}"
12.954,left_hand,og,acc,110188,"{""seq"":626,""x_mg"":324,""y_mg"":-68,""z_mg"":940}"
12.954,left_hand,og,tilt,,"{""roll_deg"":5.5,""pitch_deg"":8.3,""steady"":true}"
12.985,left_hand,og,acc,110209,"{""seq"":627,""x_mg"":336,""y_mg"":-84,""z_mg"":916}"
12.985,left_hand,og,tilt,,"{""roll_deg"":5.3,""pitch_deg"":8.3,""steady"":true}"
12.985,left_hand,og,acc,110230,"{""seq"":628,""x_mg"":328,""y_mg"":-80,""z_mg"":932}"
12.985,left_hand,og,tilt,,"{""roll_deg"":5.2,""pitch_deg"":8.2,""steady"":true}"
13.016,left_hand,og,acc,110250,"{""seq"":629,""x_mg"":320,""y_mg"":-56,""z_mg"":920}"
13.016,left_hand,og,tilt,,"{""roll_deg"":5.1,""pitch_deg"":8.1,""steady"":true}"
13.016,left_hand,og,acc,110271,"{""seq"":630,""x_mg"":336,""y_mg"":-84,""z_mg"":932}"
13.016,left_hand,og,tilt,,"{""roll_deg"":4.9,""pitch_deg"":8.1,""steady"":true}"
13.047,left_hand,og,acc,110291,"{""seq"":631,""x_mg"":328,""y_mg"":-64,""z_mg"":936}"
13.047,left_hand,og,tilt,,"{""roll_deg"":4.7,""pitch_deg"":8.0,""steady"":true}"
13.079,left_hand,og,acc,110312,"{""seq"":632,""x_mg"":316,""y_mg"":-32,""z_mg"":948}"
13.079,left_hand,og,tilt,,"{""roll_deg"":4.7,""pitch_deg"":8.0,""steady"":true}"
13.079,left_hand,og,acc,110332,"{""seq"":633,""x_mg"":300,""y_mg"":-52,""z_mg"":964}"
13.079,left_hand,og,tilt,,"{""roll_deg"":4.7,""pitch_deg"":7.9,""steady"":true}"
13.094,left_hand,og,acc,110353,"{""seq"":634,""x_mg"":324,""y_mg"":-68,""z_mg"":952}"
13.094,left_hand,og,tilt,,"{""roll_deg"":4.6,""pitch_deg"":7.8,""steady"":true}"
13.125,left_hand,og,acc,110373,"{""seq"":635,""x_mg"":316,""y_mg"":-76,""z_mg"":964}"
13.125,left_hand,og,tilt,,"{""roll_deg"":4.6,""pitch_deg"":7.7,""steady"":true}"
13.157,left_hand,og,acc,110394,"{""seq"":636,""x_mg"":336,""y_mg"":-56,""z_mg"":952}"
13.157,left_hand,og,tilt,,"{""roll_deg"":4.7,""pitch_deg"":7.6,""steady"":true}"
13.188,left_hand,og,acc,110415,"{""seq"":637,""x_mg"":328,""y_mg"":-72,""z_mg"":952}"
13.188,left_hand,og,tilt,,"{""roll_deg"":4.6,""pitch_deg"":7.5,""steady"":true}"
13.188,left_hand,og,acc,110435,"{""seq"":638,""x_mg"":308,""y_mg"":-36,""z_mg"":956}"
13.188,left_hand,og,tilt,,"{""roll_deg"":4.6,""pitch_deg"":7.5,""steady"":true}"
13.219,left_hand,og,acc,110456,"{""seq"":639,""x_mg"":316,""y_mg"":-64,""z_mg"":952}"
13.219,left_hand,og,tilt,,"{""roll_deg"":4.6,""pitch_deg"":7.4,""steady"":true}"
13.219,left_hand,og,acc,110476,"{""seq"":640,""x_mg"":312,""y_mg"":-100,""z_mg"":936}"
13.219,left_hand,og,tilt,,"{""roll_deg"":4.5,""pitch_deg"":7.3,""steady"":true}"
13.250,left_hand,og,acc,110497,"{""seq"":641,""x_mg"":320,""y_mg"":-56,""z_mg"":956}"
13.250,left_hand,og,tilt,,"{""roll_deg"":4.5,""pitch_deg"":7.2,""steady"":true}"
13.282,left_hand,og,acc,110517,"{""seq"":642,""x_mg"":316,""y_mg"":-40,""z_mg"":944}"
13.282,left_hand,og,tilt,,"{""roll_deg"":4.6,""pitch_deg"":7.2,""steady"":true}"
13.282,left_hand,og,acc,110538,"{""seq"":643,""x_mg"":324,""y_mg"":-24,""z_mg"":940}"
13.282,left_hand,og,tilt,,"{""roll_deg"":4.6,""pitch_deg"":7.1,""steady"":true}"
13.297,left_hand,og,acc,110559,"{""seq"":644,""x_mg"":296,""y_mg"":-60,""z_mg"":944}"
13.297,left_hand,og,tilt,,"{""roll_deg"":4.7,""pitch_deg"":7.1,""steady"":true}"
13.329,left_hand,og,acc,110579,"{""seq"":645,""x_mg"":316,""y_mg"":-80,""z_mg"":936}"
13.329,left_hand,og,tilt,,"{""roll_deg"":4.7,""pitch_deg"":7.0,""steady"":true}"
13.360,left_hand,og,acc,110600,"{""seq"":646,""x_mg"":324,""y_mg"":-72,""z_mg"":932}"
13.360,left_hand,og,tilt,,"{""roll_deg"":4.7,""pitch_deg"":7.0,""steady"":true}"
13.391,left_hand,og,acc,110620,"{""seq"":647,""x_mg"":320,""y_mg"":-64,""z_mg"":944}"
13.391,left_hand,og,tilt,,"{""roll_deg"":4.7,""pitch_deg"":7.0,""steady"":true}"
13.391,left_hand,og,acc,110641,"{""seq"":648,""x_mg"":308,""y_mg"":-36,""z_mg"":936}"
13.391,left_hand,og,tilt,,"{""roll_deg"":4.6,""pitch_deg"":7.0,""steady"":true}"
13.422,left_hand,og,acc,110661,"{""seq"":649,""x_mg"":280,""y_mg"":-76,""z_mg"":960}"
13.422,left_hand,og,tilt,,"{""roll_deg"":4.6,""pitch_deg"":7.0,""steady"":true}"
13.422,left_hand,og,acc,110682,"{""seq"":650,""x_mg"":324,""y_mg"":-76,""z_mg"":924}"
13.422,left_hand,og,tilt,,"{""roll_deg"":4.5,""pitch_deg"":7.0,""steady"":true}"
13.454,left_hand,og,acc,110703,"{""seq"":651,""x_mg"":308,""y_mg"":-92,""z_mg"":936}"
13.454,left_hand,og,tilt,,"{""roll_deg"":4.4,""pitch_deg"":6.9,""steady"":true}"
13.485,left_hand,og,acc,110723,"{""seq"":652,""x_mg"":304,""y_mg"":-80,""z_mg"":916}"
13.485,left_hand,og,tilt,,"{""roll_deg"":4.3,""pitch_deg"":6.9,""steady"":true}"
13.485,left_hand,og,acc,110744,"{""seq"":653,""x_mg"":332,""y_mg"":-68,""z_mg"":936}"
13.485,left_hand,og,tilt,,"{""roll_deg"":4.2,""pitch_deg"":6.9,""steady"":true}"
13.516,left_hand,og,acc,110764,"{""seq"":654,""x_mg"":308,""y_mg"":-60,""z_mg"":956}"
13.516,left_hand,og,tilt,,"{""roll_deg"":4.2,""pitch_deg"":6.8,""steady"":true}"
13.547,left_hand,og,acc,110785,"{""seq"":655,""x_mg"":328,""y_mg"":-24,""z_mg"":944}"
13.547,left_hand,og,tilt,,"{""roll_deg"":4.2,""pitch_deg"":6.8,""steady"":true}"
13.579,left_hand,og,acc,110805,"{""seq"":656,""x_mg"":272,""y_mg"":-60,""z_mg"":968}"
13.579,left_hand,og,tilt,,"{""roll_deg"":4.2,""pitch_deg"":6.8,""steady"":true}"
13.579,left_hand,og,acc,110826,"{""seq"":657,""x_mg"":288,""y_mg"":-124,""z_mg"":980}"
13.579,left_hand,og,tilt,,"{""roll_deg"":4.3,""pitch_deg"":6.7,""steady"":true}"
13.610,left_hand,og,acc,110846,"{""seq"":658,""x_mg"":312,""y_mg"":-72,""z_mg"":960}"
13.610,left_hand,og,tilt,,"{""roll_deg"":4.3,""pitch_deg"":6.6,""steady"":true}"
13.641,left_hand,og,acc,110867,"{""seq"":659,""x_mg"":308,""y_mg"":-120,""z_mg"":976}"
13.641,left_hand,og,tilt,,"{""roll_deg"":4.3,""pitch_deg"":6.5,""steady"":true}"
13.641,left_hand,og,acc,110888,"{""seq"":660,""x_mg"":320,""y_mg"":-20,""z_mg"":984}"
13.641,left_hand,og,tilt,,"{""roll_deg"":4.3,""pitch_deg"":6.5,""steady"":true}"
13.672,left_hand,og,acc,110908,"{""seq"":661,""x_mg"":288,""y_mg"":-44,""z_mg"":960}"
13.672,left_hand,og,tilt,,"{""roll_deg"":4.2,""pitch_deg"":6.4,""steady"":true}"
13.704,left_hand,og,acc,110929,"{""seq"":662,""x_mg"":308,""y_mg"":-64,""z_mg"":952}"
13.704,left_hand,og,tilt,,"{""roll_deg"":4.3,""pitch_deg"":6.4,""steady"":true}"
13.704,left_hand,og,acc,110949,"{""seq"":663,""x_mg"":316,""y_mg"":-52,""z_mg"":948}"
13.704,left_hand,og,tilt,,"{""roll_deg"":4.4,""pitch_deg"":6.3,""steady"":true}"
13.719,left_hand,og,acc,110970,"{""seq"":664,""x_mg"":260,""y_mg"":-100,""z_mg"":980}"
13.719,left_hand,og,tilt,,"{""roll_deg"":4.5,""pitch_deg"":6.3,""steady"":true}"
13.750,left_hand,og,acc,110990,"{""seq"":665,""x_mg"":272,""y_mg"":-64,""z_mg"":980}"
13.750,left_hand,og,tilt,,"{""roll_deg"":4.5,""pitch_deg"":6.2,""steady"":true}"
13.782,left_hand,og,acc,111011,"{""seq"":666,""x_mg"":268,""y_mg"":-116,""z_mg"":972}"
13.782,left_hand,og,tilt,,"{""roll_deg"":4.5,""pitch_deg"":5.9,""steady"":true}"
13.782,left_hand,og,acc,111032,"{""seq"":667,""x_mg"":256,""y_mg"":-152,""z_mg"":964}"
13.782,left_hand,og,tilt,,"{""roll_deg"":4.3,""pitch_deg"":5.6,""steady"":true}"
13.813,left_hand,og,acc,111052,"{""seq"":668,""x_mg"":268,""y_mg"":-64,""z_mg"":980}"
13.813,left_hand,og,tilt,,"{""roll_deg"":4.0,""pitch_deg"":5.4,""steady"":true}"
13.844,left_hand,og,acc,111073,"{""seq"":669,""x_mg"":256,""y_mg"":-68,""z_mg"":964}"
13.844,left_hand,og,tilt,,"{""roll_deg"":4.1,""pitch_deg"":5.2,""steady"":true}"
13.844,left_hand,og,acc,111093,"{""seq"":670,""x_mg"":264,""y_mg"":-92,""z_mg"":972}"
13.844,left_hand,og,tilt,,"{""roll_deg"":3.9,""pitch_deg"":5.0,""steady"":true}"
13.875,left_hand,og,acc,111114,"{""seq"":671,""x_mg"":276,""y_mg"":-72,""z_mg"":968}"
13.875,left_hand,og,tilt,,"{""roll_deg"":3.9,""pitch_deg"":4.8,""steady"":true}"
13.907,left_hand,og,acc,111134,"{""seq"":672,""x_mg"":260,""y_mg"":-96,""z_mg"":980}"
13.907,left_hand,og,tilt,,"{""roll_deg"":4.0,""pitch_deg"":4.6,""steady"":true}"
13.907,left_hand,og,acc,111155,"{""seq"":673,""x_mg"":304,""y_mg"":-68,""z_mg"":960}"
13.907,left_hand,og,tilt,,"{""roll_deg"":4.0,""pitch_deg"":4.5,""steady"":true}"
13.938,left_hand,og,acc,111176,"{""seq"":674,""x_mg"":284,""y_mg"":-80,""z_mg"":964}"
13.938,left_hand,og,tilt,,"{""roll_deg"":3.9,""pitch_deg"":4.5,""steady"":true}"
13.954,left_hand,og,acc,111196,"{""seq"":675,""x_mg"":308,""y_mg"":-76,""z_mg"":964}"
13.954,left_hand,og,tilt,,"{""roll_deg"":3.9,""pitch_deg"":4.5,""steady"":true}"
13.985,left_hand,og,acc,111217,"{""seq"":676,""x_mg"":324,""y_mg"":-72,""z_mg"":940}"
13.985,left_hand,og,tilt,,"{""roll_deg"":3.9,""pitch_deg"":4.6,""steady"":true}"
13.985,left_hand,og,acc,111237,"{""seq"":677,""x_mg"":304,""y_mg"":-44,""z_mg"":916}"
13.985,left_hand,og,tilt,,"{""roll_deg"":3.9,""pitch_deg"":4.8,""steady"":true}"
14.016,left_hand,og,acc,111258,"{""seq"":678,""x_mg"":336,""y_mg"":-28,""z_mg"":952}"
14.016,left_hand,og,tilt,,"{""roll_deg"":3.9,""pitch_deg"":5.0,""steady"":true}"
14.047,left_hand,og,acc,111278,"{""seq"":679,""x_mg"":336,""y_mg"":8,""z_mg"":948}"
14.047,left_hand,og,tilt,,"{""roll_deg"":4.1,""pitch_deg"":5.3,""steady"":true}"
14.047,left_hand,og,acc,111299,"{""seq"":680,""x_mg"":348,""y_mg"":8,""z_mg"":932}"
14.047,left_hand,og,tilt,,"{""roll_deg"":4.4,""pitch_deg"":5.6,""steady"":true}"
14.079,left_hand,og,acc,111320,"{""seq"":681,""x_mg"":332,""y_mg"":20,""z_mg"":924}"
14.079,left_hand,og,tilt,,"{""roll_deg"":4.9,""pitch_deg"":5.9,""steady"":true}"
14.079,left_hand,og,acc,111340,"{""seq"":682,""x_mg"":340,""y_mg"":52,""z_mg"":936}"
14.079,left_hand,og,tilt,,"{""roll_deg"":5.4,""pitch_deg"":6.1,""steady"":true}"
14.110,left_hand,og,acc,111361,"{""seq"":683,""x_mg"":356,""y_mg"":8,""z_mg"":912}"
14.110,left_hand,og,tilt,,"{""roll_deg"":5.8,""pitch_deg"":6.4,""steady"":true}"
14.141,left_hand,og,acc,111381,"{""seq"":684,""x_mg"":376,""y_mg"":-24,""z_mg"":904}"
14.141,left_hand,og,tilt,,"{""roll_deg"":6.2,""pitch_deg"":6.7,""steady"":true}"
14.188,left_hand,og,acc,111402,"{""seq"":685,""x_mg"":368,""y_mg"":-20,""z_mg"":912}"
14.188,left_hand,og,tilt,,"{""roll_deg"":6.5,""pitch_deg"":7.0,""steady"":true}"
14.188,left_hand,og,acc,111422,"{""seq"":686,""x_mg"":384,""y_mg"":8,""z_mg"":904}"
14.188,left_hand,og,tremor,,"{""rms_mg"":13.4,""peak_hz"":9.3}"
14.188,left_hand,og,tilt,,"{""roll_deg"":6.8,""pitch_deg"":7.4,""steady"":true}"
14.219,left_hand,og,acc,111443,"{""seq"":687,""x_mg"":372,""y_mg"":-20,""z_mg"":908}"
14.219,left_hand,og,tilt,,"{""roll_deg"":6.8,""pitch_deg"":7.8,""steady"":true}"
14.219,left_hand,og,acc,111464,"{""seq"":688,""x_mg"":396,""y_mg"":-32,""z_mg"":900}"
14.219,left_hand,og,tilt,,"{""roll_deg"":6.8,""pitch_deg"":8.2,""steady"":true}"
14.250,left_hand,og,acc,111484,"{""seq"":689,""x_mg"":380,""y_mg"":-8,""z_mg"":908}"
14.250,left_hand,og,tilt,,"{""roll_deg"":6.9,""pitch_deg"":8.5,""steady"":true}"
14.282,left_hand,og,acc,111505,"{""seq"":690,""x_mg"":364,""y_mg"":32,""z_mg"":912}"
14.282,left_hand,og,tilt,,"{""roll_deg"":7.0,""pitch_deg"":8.8,""steady"":true}"
14.282,left_hand,og,acc,111525,"{""seq"":691,""x_mg"":368,""y_mg"":4,""z_mg"":924}"
14.282,left_hand,og,tilt,,"{""roll_deg"":7.1,""pitch_deg"":9.0,""steady"":true}"
14.313,left_hand,og,acc,111546,"{""seq"":692,""x_mg"":380,""y_mg"":-28,""z_mg"":924}"
14.313,left_hand,og,tilt,,"{""roll_deg"":7.2,""pitch_deg"":9.2,""steady"":true}"
14.344,left_hand,og,acc,111566,"{""seq"":693,""x_mg"":376,""y_mg"":-36,""z_mg"":904}"
14.344,left_hand,og,tilt,,"{""roll_deg"":7.3,""pitch_deg"":9.4,""steady"":true}"
14.344,left_hand,og,acc,111587,"{""seq"":694,""x_mg"":384,""y_mg"":-12,""z_mg"":908}"
14.344,left_hand,og,tilt,,"{""roll_deg"":7.3,""pitch_deg"":9.5,""steady"":true}"
14.375,left_hand,og,acc,111608,"{""seq"":695,""x_mg"":380,""y_mg"":-4,""z_mg"":932}"
14.375,left_hand,og,tilt,,"{""roll_deg"":7.3,""pitch_deg"":9.7,""steady"":true}"
14.375,left_hand,og,acc,111628,"{""seq"":696,""x_mg"":368,""y_mg"":-28,""z_mg"":932}"
14.375,left_hand,og,tilt,,"{""roll_deg"":7.2,""pitch_deg"":9.8,""steady"":true}"
14.407,left_hand,og,acc,111649,"{""seq"":697,""x_mg"":352,""y_mg"":-24,""z_mg"":932}"
14.407,left_hand,og,tilt,,"{""roll_deg"":7.2,""pitch_deg"":9.9,""steady"":true}"
14.438,left_hand,og,acc,111669,"{""seq"":698,""x_mg"":376,""y_mg"":-16,""z_mg"":940}"
14.438,left_hand,og,tilt,,"{""roll_deg"":7.2,""pitch_deg"":9.9,""steady"":true}"
14.438,left_hand,og,acc,111690,"{""seq"":699,""x_mg"":368,""y_mg"":-8,""z_mg"":932}"
14.438,left_hand,og,tilt,,"{""roll_deg"":7.2,""pitch_deg"":9.9,""steady"":true}"
14.469,left_hand,og,acc,111710,"{""seq"":700,""x_mg"":360,""y_mg"":4,""z_mg"":952}"
14.469,left_hand,og,tilt,,"{""roll_deg"":7.2,""pitch_deg"":9.9,""steady"":true}"
14.500,left_hand,og,acc,111731,"{""seq"":701,""x_mg"":356,""y_mg"":-4,""z_mg"":944}"
14.500,left_hand,og,tilt,,"{""roll_deg"":7.3,""pitch_deg"":9.8,""steady"":true}"
14.500,left_hand,og,acc,111752,"{""seq"":702,""x_mg"":352,""y_mg"":0,""z_mg"":948}"
14.500,left_hand,og,tilt,,"{""roll_deg"":7.4,""pitch_deg"":9.7,""steady"":true}"
14.532,left_hand,og,acc,111772,"{""seq"":703,""x_mg"":352,""y_mg"":-20,""z_mg"":940}"
14.532,left_hand,og,tilt,,"{""roll_deg"":7.5,""pitch_deg"":9.6,""steady"":true}"
14.547,left_hand,og,acc,111793,"{""seq"":704,""x_mg"":368,""y_mg"":-36,""z_mg"":952}"
14.547,left_hand,og,tilt,,"{""roll_deg"":7.6,""pitch_deg"":9.5,""steady"":true}"
14.579,left_hand,og,acc,111813,"{""seq"":705,""x_mg"":348,""y_mg"":-36,""z_mg"":944}"
14.579,left_hand,og,tilt,,"{""roll_deg"":7.5,""pitch_deg"":9.4,""steady"":true}"
14.579,left_hand,og,acc,111834,"{""seq"":706,""x_mg"":356,""y_mg"":-44,""z_mg"":948}"
14.579,left_hand,og,tilt,,"{""roll_deg"":7.3,""pitch_deg"":9.4,""steady"":true}"
14.610,left_hand,og,acc,111854,"{""seq"":707,""x_mg"":348,""y_mg"":-60,""z_mg"":924}"
14.610,left_hand,og,tilt,,"{""roll_deg"":7.2,""pitch_deg"":9.3,""steady"":true}"
14.641,left_hand,og,acc,111875,"{""seq"":708,""x_mg"":344,""y_mg"":-56,""z_mg"":928}"
14.641,left_hand,og,tilt,,"{""roll_deg"":7.0,""pitch_deg"":9.2,""steady"":true}"
14.641,left_hand,og,acc,111895,"{""seq"":709,""x_mg"":348,""y_mg"":-36,""z_mg"":940}"
14.641,left_hand,og,tilt,,"{""roll_deg"":6.9,""pitch_deg"":9.2,""steady"":true}"
14.672,left_hand,og,acc,111916,"{""seq"":710,""x_mg"":332,""y_mg"":-52,""z_mg"":932}"
14.672,left_hand,og,tilt,,"{""roll_deg"":6.6,""pitch_deg"":9.1,""steady"":true}"
14.704,left_hand,og,acc,111937,"{""seq"":711,""x_mg"":344,""y_mg"":-60,""z_mg"":920}"
14.704,left_hand,og,tilt,,"{""roll_deg"":6.4,""pitch_deg"":9.0,""steady"":true}"
14.704,left_hand,og,acc,111957,"{""seq"":712,""x_mg"":340,""y_mg"":-28,""z_mg"":924}"
14.704,left_hand,og,tilt,,"{""roll_deg"":6.3,""pitch_deg"":9.0,""steady"":true}"
14.735,left_hand,og,acc,111978,"{""seq"":713,""x_mg"":336,""y_mg"":-16,""z_mg"":948}"
14.735,left_hand,og,tilt,,"{""roll_deg"":6.3,""pitch_deg"":8.9,""steady"":true}"
14.766,left_hand,og,acc,111998,"{""seq"":714,""x_mg"":344,""y_mg"":-32,""z_mg"":936}"
14.766,left_hand,og,tilt,,"{""roll_deg"":6.3,""pitch_deg"":8.9,""steady"":true}"
14.766,left_hand,og,acc,112019,"{""seq"":715,""x_mg"":352,""y_mg"":-56,""z_mg"":928}"
14.766,left_hand,og,tilt,,"{""roll_deg"":6.3,""pitch_deg"":8.8,""steady"":true}"
14.782,left_hand,og,acc,112039,"{""seq"":716,""x_mg"":352,""y_mg"":-44,""z_mg"":912}"
14.782,left_hand,og,tilt,,"{""roll_deg"":6.3,""pitch_deg"":8.8,""steady"":true}"
14.829,left_hand,og,acc,112060,"{""seq"":717,""x_mg"":356,""y_mg"":-28,""z_mg"":928}"
14.829,left_hand,og,tilt,,"{""roll_deg"":6.3,""pitch_deg"":8.8,""steady"":true}"
14.860,left_hand,og,acc,112081,"{""seq"":718,""x_mg"":364,""y_mg"":-44,""z_mg"":920}"
14.860,left_hand,og,tilt,,"{""roll_deg"":6.2,""pitch_deg"":8.9,""steady"":true}"
14.860,left_hand,og,acc,112101,"{""seq"":719,""x_mg"":352,""y_mg"":-52,""z_mg"":920}"
14.860,left_hand,og,tilt,,"{""roll_deg"":6.1,""pitch_deg"":8.9,""steady"":true}"
14.891,left_hand,og,acc,112122,"{""seq"":720,""x_mg"":348,""y_mg"":-44,""z_mg"":920}"
14.891,left_hand,og,tilt,,"{""roll_deg"":6.1,""pitch_deg"":9.0,""steady"":true}"
14.922,left_hand,og,acc,112142,"{""seq"":721,""x_mg"":336,""y_mg"":-20,""z_mg"":924}"
14.922,left_hand,og,tilt,,"{""roll_deg"":6.0,""pitch_deg"":9.0,""steady"":true}"
14.922,left_hand,og,acc,112163,"{""seq"":722,""x_mg"":332,""y_mg"":-24,""z_mg"":928}"
14.922,left_hand,og,tilt,,"{""roll_deg"":6.0,""pitch_deg"":9.0,""steady"":true}"
14.954,left_hand,og,acc,112183,"{""seq"":723,""x_mg"":340,""y_mg"":-36,""z_mg"":912}"
14.954,left_hand,og,tilt,,"{""roll_deg"":6.0,""pitch_deg"":9.0,""steady"":true}"
14.954,left_hand,og,acc,112204,"{""seq"":724,""x_mg"":336,""y_mg"":-32,""z_mg"":916}"
14.954,left_hand,og,tilt,,"{""roll_deg"":6.0,""pitch_deg"":8.9,""steady"":true}"
14.969,left_hand,og,acc,112225,"{""seq"":725,""x_mg"":340,""y_mg"":-40,""z_mg"":900}"
14.969,left_hand,og,tilt,,"{""roll_deg"":6.1,""pitch_deg"":8.8,""steady"":true}"
15.000,left_hand,og,acc,112245,"{""seq"":726,""x_mg"":344,""y_mg"":-20,""z_mg"":912}"
15.000,left_hand,og,tilt,,"{""roll_deg"":6.1,""pitch_deg"":8.8,""steady"":true}"
15.032,left_hand,og,acc,112266,"{""seq"":727,""x_mg"":348,""y_mg"":-4,""z_mg"":928}"
15.032,left_hand,og,tilt,,"{""roll_deg"":6.1,""pitch_deg"":8.8,""steady"":true}"
15.063,left_hand,og,acc,112286,"{""seq"":728,""x_mg"":344,""y_mg"":-20,""z_mg"":928}"
15.063,left_hand,og,tilt,,"{""roll_deg"":6.2,""pitch_deg"":8.8,""steady"":true}"
15.063,left_hand,og,acc,112307,"{""seq"":729,""x_mg"":356,""y_mg"":-12,""z_mg"":936}"
15.063,left_hand,og,tilt,,"{""roll_deg"":6.3,""pitch_deg"":8.8,""steady"":true}"
15.094,left_hand,og,acc,112327,"{""seq"":730,""x_mg"":372,""y_mg"":-4,""z_mg"":936}"
15.094,left_hand,og,tilt,,"{""roll_deg"":6.5,""pitch_deg"":8.9,""steady"":true}"
15.094,left_hand,og,acc,112348,"{""seq"":731,""x_mg"":368,""y_mg"":-20,""z_mg"":952}"
15.094,left_hand,og,tilt,,"{""roll_deg"":6.6,""pitch_deg"":8.9,""steady"":true}"
15.125,left_hand,og,acc,112369,"{""seq"":732,""x_mg"":356,""y_mg"":-12,""z_mg"":960}"
15.125,left_hand,og,tilt,,"{""roll_deg"":6.7,""pitch_deg"":8.9,""steady"":true}"
15.157,left_hand,og,acc,112389,"{""seq"":733,""x_mg"":356,""y_mg"":-4,""z_mg"":956}"
15.157,left_hand,og,tilt,,"{""roll_deg"":6.8,""pitch_deg"":8.9,""steady"":true}"
15.157,left_hand,og,acc,112410,"{""seq"":734,""x_mg"":360,""y_mg"":-4,""z_mg"":952}"
15.157,left_hand,og,tilt,,"{""roll_deg"":7.0,""pitch_deg"":8.9,""steady"":true}"
15.172,left_hand,og,acc,112430,"{""seq"":735,""x_mg"":364,""y_mg"":12,""z_mg"":964}"
15.172,left_hand,og,tilt,,"{""roll_deg"":7.1,""pitch_deg"":9.0,""steady"":true}"
15.204,left_hand,og,acc,112451,"{""seq"":736,""x_mg"":360,""y_mg"":4,""z_mg"":940}"
15.204,left_hand,og,tilt,,"{""roll_deg"":7.2,""pitch_deg"":9.0,""steady"":true}"
15.235,left_hand,og,acc,112471,"{""seq"":737,""x_mg"":352,""y_mg"":12,""z_mg"":940}"
15.235,left_hand,og,tilt,,"{""roll_deg"":7.4,""pitch_deg"":9.0,""steady"":true}"
15.235,left_hand,og,acc,112492,"{""seq"":738,""x_mg"":360,""y_mg"":8,""z_mg"":928}"
15.235,left_hand,og,tilt,,"{""roll_deg"":7.6,""pitch_deg"":9.0,""steady"":true}"
15.266,left_hand,og,acc,112513,"{""seq"":739,""x_mg"":348,""y_mg"":4,""z_mg"":924}"
15.266,left_hand,og,tilt,,"{""roll_deg"":7.7,""pitch_deg"":9.0,""steady"":true}"
15.297,left_hand,og,acc,112533,"{""seq"":740,""x_mg"":340,""y_mg"":12,""z_mg"":916}"
15.297,left_hand,og,tilt,,"{""roll_deg"":7.8,""pitch_deg"":9.0,""steady"":true}"
15.297,left_hand,og,acc,112554,"{""seq"":741,""x_mg"":352,""y_mg"":0,""z_mg"":912}"
15.297,left_hand,og,tilt,,"{""roll_deg"":8.0,""pitch_deg"":9.0,""steady"":true}"
15.329,left_hand,og,acc,112574,"{""seq"":742,""x_mg"":344,""y_mg"":20,""z_mg"":908}"
15.329,left_hand,og,tilt,,"{""roll_deg"":8.1,""pitch_deg"":9.0,""steady"":true}"
15.375,left_hand,og,acc,112595,"{""seq"":743,""x_mg"":348,""y_mg"":24,""z_mg"":904}"
15.375,left_hand,og,tilt,,"{""roll_deg"":8.2,""pitch_deg"":9.0,""steady"":true}"
15.375,left_hand,og,acc,112615,"{""seq"":744,""x_mg"":356,""y_mg"":20,""z_mg"":904}"
15.375,left_hand,og,tilt,,"{""roll_deg"":8.4,""pitch_deg"":9.0,""steady"":true}"
15.391,left_hand,og,acc,112636,"{""seq"":745,""x_mg"":356,""y_mg"":4,""z_mg"":912}"
15.391,left_hand,og,tilt,,"{""roll_deg"":8.5,""pitch_deg"":9.1,""steady"":true}"
15.422,left_hand,og,acc,112656,"{""seq"":746,""x_mg"":356,""y_mg"":20,""z_mg"":916}"
15.422,left_hand,og,tilt,,"{""roll_deg"":8.6,""pitch_deg"":9.1,""steady"":true}"
15.454,left_hand,og,acc,112677,"{""seq"":747,""x_mg"":356,""y_mg"":20,""z_mg"":916}"
15.454,left_hand,og,tilt,,"{""roll_deg"":8.7,""pitch_deg"":9.2,""steady"":true}"
15.454,left_hand,og,acc,112698,"{""seq"":748,""x_mg"":368,""y_mg"":12,""z_mg"":920}"
15.454,left_hand,og,tilt,,"{""roll_deg"":8.8,""pitch_deg"":9.2,""steady"":true}"
15.485,left_hand,og,acc,112718,"{""seq"":749,""x_mg"":364,""y_mg"":16,""z_mg"":936}"
15.485,left_hand,og,tilt,,"{""roll_deg"":8.9,""pitch_deg"":9.3,""steady"":true}"
15.516,left_hand,og,acc,112739,"{""seq"":750,""x_mg"":368,""y_mg"":32,""z_mg"":928}"
15.516,left_hand,og,tilt,,"{""roll_deg"":9.0,""pitch_deg"":9.3,""steady"":true}"
15.516,left_hand,og,acc,112759,"{""seq"":751,""x_mg"":372,""y_mg"":24,""z_mg"":936}"
15.516,left_hand,og,tilt,,"{""roll_deg"":9.1,""pitch_deg"":9.4,""steady"":true}"
15.547,left_hand,og,acc,112780,"{""seq"":752,""x_mg"":368,""y_mg"":36,""z_mg"":928}"
15.547,left_hand,og,tilt,,"{""roll_deg"":9.1,""pitch_deg"":9.4,""steady"":true}"
15.579,left_hand,og,acc,112800,"{""seq"":753,""x_mg"":372,""y_mg"":36,""z_mg"":940}"
15.579,left_hand,og,tilt,,"{""roll_deg"":9.3,""pitch_deg"":9.5,""steady"":true}"
15.579,left_hand,og,acc,112821,"{""seq"":754,""x_mg"":352,""y_mg"":40,""z_mg"":928}"
15.579,left_hand,og,tilt,,"{""roll_deg"":9.4,""pitch_deg"":9.5,""steady"":true}"
15.594,left_hand,og,acc,112842,"{""seq"":755,""x_mg"":356,""y_mg"":44,""z_mg"":932}"
15.594,left_hand,og,tilt,,"{""roll_deg"":9.6,""pitch_deg"":9.6,""steady"":true}"
15.625,left_hand,og,acc,112862,"{""seq"":756,""x_mg"":360,""y_mg"":36,""z_mg"":936}"
15.625,left_hand,og,tilt,,"{""roll_deg"":9.7,""pitch_deg"":9.6,""steady"":true}"
15.657,left_hand,og,acc,112883,"{""seq"":757,""x_mg"":356,""y_mg"":40,""z_mg"":936}"
15.657,left_hand,og,tilt,,"{""roll_deg"":9.8,""pitch_deg"":9.5,""steady"":true}"
15.657,left_hand,og,acc,112903,"{""seq"":758,""x_mg"":352,""y_mg"":36,""z_mg"":952}"
15.657,left_hand,og,tilt,,"{""roll_deg"":9.9,""pitch_deg"":9.5,""steady"":true}"
15.688,left_hand,og,acc,112924,"{""seq"":759,""x_mg"":344,""y_mg"":32,""z_mg"":932}"
15.688,left_hand,og,tilt,,"{""roll_deg"":10.0,""pitch_deg"":9.4,""steady"":true}"
15.719,left_hand,og,acc,112944,"{""seq"":760,""x_mg"":348,""y_mg"":40,""z_mg"":936}"
15.719,left_hand,og,tilt,,"{""roll_deg"":10.1,""pitch_deg"":9.3,""steady"":true}"
15.719,left_hand,og,acc,112965,"{""seq"":761,""x_mg"":356,""y_mg"":28,""z_mg"":936}"
15.719,left_hand,og,tilt,,"{""roll_deg"":10.1,""pitch_deg"":9.3,""steady"":true}"
15.750,left_hand,og,acc,112985,"{""seq"":762,""x_mg"":348,""y_mg"":28,""z_mg"":928}"
15.750,left_hand,og,tilt,,"{""roll_deg"":10.1,""pitch_deg"":9.2,""steady"":true}"
15.782,left_hand,og,acc,113006,"{""seq"":763,""x_mg"":344,""y_mg"":40,""z_mg"":916}"
15.782,left_hand,og,tilt,,"{""roll_deg"":10.2,""pitch_deg"":9.1,""steady"":true}"
15.782,left_hand,og,acc,113027,"{""seq"":764,""x_mg"":352,""y_mg"":32,""z_mg"":928}"
15.782,left_hand,og,tilt,,"{""roll_deg"":10.2,""pitch_deg"":9.1,""steady"":true}"
15.813,left_hand,og,acc,113047,"{""seq"":765,""x_mg"":356,""y_mg"":28,""z_mg"":932}"
15.813,left_hand,og,tilt,,"{""roll_deg"":10.2,""pitch_deg"":9.1,""steady"":true}"
15.829,left_hand,og,acc,113068,"{""seq"":766,""x_mg"":344,""y_mg"":28,""z_mg"":924}"
15.829,left_hand,og,tilt,,"{""roll_deg"":10.1,""pitch_deg"":9.1,""steady"":true}"
15.860,left_hand,og,acc,113088,"{""seq"":767,""x_mg"":348,""y_mg"":40,""z_mg"":936}"
15.860,left_hand,og,tilt,,"{""roll_deg"":10.2,""pitch_deg"":9.1,""steady"":true}"
15.860,left_hand,og,acc,113109,"{""seq"":768,""x_mg"":344,""y_mg"":40,""z_mg"":928}"
15.860,left_hand,og,tilt,,"{""roll_deg"":10.2,""pitch_deg"":9.0,""steady"":true}"
15.891,left_hand,og,acc,113129,"{""seq"":769,""x_mg"":344,""y_mg"":32,""z_mg"":924}"
15.891,left_hand,og,tilt,,"{""roll_deg"":10.2,""pitch_deg"":9.0,""steady"":true}"
15.922,left_hand,og,acc,113150,"{""seq"":770,""x_mg"":348,""y_mg"":16,""z_mg"":924}"
15.922,left_hand,og,tilt,,"{""roll_deg"":10.2,""pitch_deg"":8.9,""steady"":true}"
15.922,left_hand,og,acc,113171,"{""seq"":771,""x_mg"":352,""y_mg"":32,""z_mg"":928}"
15.922,left_hand,og,tilt,,"{""roll_deg"":10.2,""pitch_deg"":8.9,""steady"":true}"
15.954,left_hand,og,acc,113191,"{""seq"":772,""x_mg"":352,""y_mg"":28,""z_mg"":920}"
15.954,left_hand,og,tilt,,"{""roll_deg"":10.2,""pitch_deg"":8.9,""steady"":true}"
15.954,left_hand,og,acc,113212,"{""seq"":773,""x_mg"":356,""y_mg"":28,""z_mg"":924}"
15.954,left_hand,og,tilt,,"{""roll_deg"":10.2,""pitch_deg"":8.9,""steady"":true}"
15.969,,game,brick,,"{""n"":9}"
15.985,left_hand,og,acc,113232,"{""seq"":774,""x_mg"":340,""y_mg"":36,""z_mg"":928}"
15.985,left_hand,og,tilt,,"{""roll_deg"":10.2,""pitch_deg"":8.9,""steady"":true}"
16.016,left_hand,og,acc,113253,"{""seq"":775,""x_mg"":340,""y_mg"":36,""z_mg"":940}"
16.016,left_hand,og,tilt,,"{""roll_deg"":10.2,""pitch_deg"":9.0,""steady"":true}"
16.016,left_hand,og,acc,113273,"{""seq"":776,""x_mg"":348,""y_mg"":32,""z_mg"":932}"
16.016,left_hand,og,tilt,,"{""roll_deg"":10.2,""pitch_deg"":8.9,""steady"":true}"
16.032,left_hand,og,acc,113294,"{""seq"":777,""x_mg"":356,""y_mg"":16,""z_mg"":944}"
16.032,left_hand,og,tilt,,"{""roll_deg"":10.2,""pitch_deg"":8.9,""steady"":true}"
16.079,left_hand,og,acc,113315,"{""seq"":778,""x_mg"":356,""y_mg"":16,""z_mg"":928}"
16.079,left_hand,og,tilt,,"{""roll_deg"":10.2,""pitch_deg"":8.9,""steady"":true}"
16.110,left_hand,og,acc,113335,"{""seq"":779,""x_mg"":340,""y_mg"":24,""z_mg"":932}"
16.110,left_hand,og,tilt,,"{""roll_deg"":10.2,""pitch_deg"":8.9,""steady"":true}"
16.110,left_hand,og,acc,113356,"{""seq"":780,""x_mg"":340,""y_mg"":24,""z_mg"":932}"
16.110,left_hand,og,tilt,,"{""roll_deg"":10.1,""pitch_deg"":8.9,""steady"":true}"
16.141,left_hand,og,acc,113376,"{""seq"":781,""x_mg"":344,""y_mg"":20,""z_mg"":916}"
16.141,left_hand,og,tilt,,"{""roll_deg"":10.1,""pitch_deg"":8.9,""steady"":true}"
16.141,,game,brick,,"{""n"":10}"
16.172,left_hand,og,acc,113397,"{""seq"":782,""x_mg"":344,""y_mg"":20,""z_mg"":932}"
16.172,left_hand,og,tilt,,"{""roll_deg"":10.0,""pitch_deg"":8.8,""steady"":true}"
16.172,left_hand,og,acc,113417,"{""seq"":783,""x_mg"":352,""y_mg"":28,""z_mg"":928}"
16.172,left_hand,og,tilt,,"{""roll_deg"":10.0,""pitch_deg"":8.8,""steady"":true}"
16.204,left_hand,og,acc,113438,"{""seq"":784,""x_mg"":344,""y_mg"":28,""z_mg"":916}"
16.204,left_hand,og,tremor,,"{""rms_mg"":19.0,""peak_hz"":11.0}"
16.204,left_hand,og,tilt,,"{""roll_deg"":10.0,""pitch_deg"":8.8,""steady"":true}"
16.219,left_hand,og,acc,113458,"{""seq"":785,""x_mg"":336,""y_mg"":36,""z_mg"":920}"
16.219,left_hand,og,tilt,,"{""roll_deg"":10.0,""pitch_deg"":8.8,""steady"":true}"
16.219,left_hand,og,acc,113479,"{""seq"":786,""x_mg"":340,""y_mg"":20,""z_mg"":928}"
16.219,left_hand,og,tilt,,"{""roll_deg"":10.0,""pitch_deg"":8.8,""steady"":true}"
16.250,left_hand,og,acc,113500,"{""seq"":787,""x_mg"":348,""y_mg"":12,""z_mg"":928}"
16.250,left_hand,og,tilt,,"{""roll_deg"":10.0,""pitch_deg"":8.8,""steady"":true}"
16.282,left_hand,og,acc,113520,"{""seq"":788,""x_mg"":344,""y_mg"":20,""z_mg"":920}"
16.282,left_hand,og,tilt,,"{""roll_deg"":9.9,""pitch_deg"":8.8,""steady"":true}"
16.313,left_hand,og,acc,113541,"{""seq"":789,""x_mg"":352,""y_mg"":32,""z_mg"":924}"
16.313,left_hand,og,tilt,,"{""roll_deg"":9.9,""pitch_deg"":8.8,""steady"":true}"
16.313,left_hand,og,acc,113561,"{""seq"":790,""x_mg"":348,""y_mg"":32,""z_mg"":940}"
16.313,left_hand,og,tilt,,"{""roll_deg"":9.9,""pitch_deg"":8.8,""steady"":true}"
16.344,left_hand,og,acc,113582,"{""seq"":791,""x_mg"":344,""y_mg"":28,""z_mg"":932}"
16.344,left_hand,og,tilt,,"{""roll_deg"":9.9,""pitch_deg"":8.8,""steady"":true}"
16.375,left_hand,og,acc,113602,"{""seq"":792,""x_mg"":348,""y_mg"":16,""z_mg"":928}"
16.375,left_hand,og,tilt,,"{""roll_deg"":9.9,""pitch_deg"":8.8,""steady"":true}"
16.375,left_hand,og,acc,113623,"{""seq"":793,""x_mg"":348,""y_mg"":24,""z_mg"":944}"
16.375,left_hand,og,tilt,,"{""roll_deg"":9.9,""pitch_deg"":8.8,""steady"":true}"
16.407,left_hand,og,acc,113644,"{""seq"":794,""x_mg"":348,""y_mg"":20,""z_mg"":924}"
16.407,left_hand,og,tilt,,"{""roll_deg"":9.9,""pitch_deg"":8.7,""steady"":true}"
16.422,left_hand,og,acc,113664,"{""seq"":795,""x_mg"":352,""y_mg"":24,""z_mg"":932}"
16.422,left_hand,og,tilt,,"{""roll_deg"":9.9,""pitch_deg"":8.8,""steady"":true}"
16.422,left_hand,og,acc,113685,"{""seq"":796,""x_mg"":348,""y_mg"":20,""z_mg"":936}"
16.422,left_hand,og,tilt,,"{""roll_deg"":9.8,""pitch_deg"":8.8,""steady"":true}"
16.454,left_hand,og,acc,113705,"{""seq"":797,""x_mg"":348,""y_mg"":32,""z_mg"":928}"
16.454,left_hand,og,tilt,,"{""roll_deg"":9.8,""pitch_deg"":8.8,""steady"":true}"
16.485,left_hand,og,acc,113726,"{""seq"":798,""x_mg"":352,""y_mg"":20,""z_mg"":924}"
16.485,left_hand,og,tilt,,"{""roll_deg"":9.8,""pitch_deg"":8.8,""steady"":true}"
16.516,left_hand,og,acc,113746,"{""seq"":799,""x_mg"":348,""y_mg"":16,""z_mg"":928}"
16.516,left_hand,og,tilt,,"{""roll_deg"":9.8,""pitch_deg"":8.8,""steady"":true}"
16.516,left_hand,og,acc,113767,"{""seq"":800,""x_mg"":344,""y_mg"":24,""z_mg"":936}"
16.516,left_hand,og,tilt,,"{""roll_deg"":9.8,""pitch_deg"":8.8,""steady"":true}"
16.547,left_hand,og,acc,113788,"{""seq"":801,""x_mg"":352,""y_mg"":20,""z_mg"":932}"
16.547,left_hand,og,tilt,,"{""roll_deg"":9.7,""pitch_deg"":8.8,""steady"":true}"
16.547,left_hand,og,acc,113808,"{""seq"":802,""x_mg"":340,""y_mg"":20,""z_mg"":940}"
16.547,left_hand,og,tilt,,"{""roll_deg"":9.7,""pitch_deg"":8.8,""steady"":true}"
16.579,left_hand,og,acc,113829,"{""seq"":803,""x_mg"":340,""y_mg"":32,""z_mg"":936}"
16.579,left_hand,og,tilt,,"{""roll_deg"":9.7,""pitch_deg"":8.8,""steady"":true}"
16.610,left_hand,og,acc,113849,"{""seq"":804,""x_mg"":344,""y_mg"":24,""z_mg"":948}"
16.610,left_hand,og,tilt,,"{""roll_deg"":9.7,""pitch_deg"":8.7,""steady"":true}"
16.610,left_hand,og,acc,113870,"{""seq"":805,""x_mg"":340,""y_mg"":24,""z_mg"":944}"
16.610,left_hand,og,tilt,,"{""roll_deg"":9.7,""pitch_deg"":8.7,""steady"":true}"
16.625,left_hand,og,acc,113890,"{""seq"":806,""x_mg"":348,""y_mg"":8,""z_mg"":928}"
16.625,left_hand,og,tilt,,"{""roll_deg"":9.7,""pitch_deg"":8.6,""steady"":true}"
16.657,left_hand,og,acc,113911,"{""seq"":807,""x_mg"":348,""y_mg"":12,""z_mg"":928}"
16.657,left_hand,og,tilt,,"{""roll_deg"":9.7,""pitch_deg"":8.6,""steady"":true}"
16.688,left_hand,og,acc,113932,"{""seq"":808,""x_mg"":344,""y_mg"":16,""z_mg"":924}"
16.688,left_hand,og,tilt,,"{""roll_deg"":9.7,""pitch_deg"":8.6,""steady"":true}"
16.735,left_hand,og,acc,113952,"{""seq"":809,""x_mg"":340,""y_mg"":8,""z_mg"":932}"
16.735,left_hand,og,tilt,,"{""roll_deg"":9.6,""pitch_deg"":8.6,""steady"":true}"
16.735,left_hand,og,acc,113973,"{""seq"":810,""x_mg"":340,""y_mg"":32,""z_mg"":928}"
16.735,left_hand,og,tilt,,"{""roll_deg"":9.5,""pitch_deg"":8.6,""steady"":true}"
16.766,left_hand,og,acc,113993,"{""seq"":811,""x_mg"":340,""y_mg"":24,""z_mg"":924}"
16.766,left_hand,og,tilt,,"{""roll_deg"":9.5,""pitch_deg"":8.6,""steady"":true}"
16.766,left_hand,og,acc,114014,"{""seq"":812,""x_mg"":344,""y_mg"":12,""z_mg"":920}"
16.766,left_hand,og,tilt,,"{""roll_deg"":9.5,""pitch_deg"":8.6,""steady"":true}"
16.797,left_hand,og,acc,114034,"{""seq"":813,""x_mg"":344,""y_mg"":32,""z_mg"":936}"
16.797,left_hand,og,tilt,,"{""roll_deg"":9.5,""pitch_deg"":8.6,""steady"":true}"
16.829,left_hand,og,acc,114055,"{""seq"":814,""x_mg"":348,""y_mg"":32,""z_mg"":920}"
16.829,left_hand,og,tilt,,"{""roll_deg"":9.6,""pitch_deg"":8.6,""steady"":true}"
16.829,left_hand,og,acc,114075,"{""seq"":815,""x_mg"":344,""y_mg"":20,""z_mg"":920}"
16.829,left_hand,og,tilt,,"{""roll_deg"":9.6,""pitch_deg"":8.6,""steady"":true}"
16.844,left_hand,og,acc,114096,"{""seq"":816,""x_mg"":344,""y_mg"":28,""z_mg"":924}"
16.844,left_hand,og,tilt,,"{""roll_deg"":9.7,""pitch_deg"":8.6,""steady"":true}"
16.875,left_hand,og,acc,114117,"{""seq"":817,""x_mg"":348,""y_mg"":24,""z_mg"":928}"
16.875,left_hand,og,tilt,,"{""roll_deg"":9.7,""pitch_deg"":8.6,""steady"":true}"
16.907,left_hand,og,acc,114137,"{""seq"":818,""x_mg"":348,""y_mg"":20,""z_mg"":928}"
16.907,left_hand,og,tilt,,"{""roll_deg"":9.7,""pitch_deg"":8.7,""steady"":true}"
16.938,left_hand,og,acc,114158,"{""seq"":819,""x_mg"":352,""y_mg"":24,""z_mg"":928}"
16.938,left_hand,og,tilt,,"{""roll_deg"":9.8,""pitch_deg"":8.7,""steady"":true}"
16.938,left_hand,og,acc,114178,"{""seq"":820,""x_mg"":344,""y_mg"":28,""z_mg"":920}"
16.938,left_hand,og,tilt,,"{""roll_deg"":9.8,""pitch_deg"":8.7,""steady"":true}"
16.969,left_hand,og,acc,114199,"{""seq"":821,""x_mg"":352,""y_mg"":20,""z_mg"":924}"
16.969,left_hand,og,tilt,,"{""roll_deg"":9.8,""pitch_deg"":8.7,""steady"":true}"
16.969,left_hand,og,acc,114219,"{""seq"":822,""x_mg"":348,""y_mg"":32,""z_mg"":928}"
16.969,left_hand,og,tilt,,"{""roll_deg"":9.8,""pitch_deg"":8.7,""steady"":true}"
17.000,left_hand,og,acc,114240,"{""seq"":823,""x_mg"":348,""y_mg"":24,""z_mg"":936}"
17.000,left_hand,og,tilt,,"{""roll_deg"":9.8,""pitch_deg"":8.7,""steady"":true}"
17.032,left_hand,og,acc,114261,"{""seq"":824,""x_mg"":356,""y_mg"":12,""z_mg"":932}"
17.032,left_hand,og,tilt,,"{""roll_deg"":9.8,""pitch_deg"":8.8,""steady"":true}"
17.032,left_hand,og,acc,114281,"{""seq"":825,""x_mg"":352,""y_mg"":32,""z_mg"":928}"
17.032,left_hand,og,tilt,,"{""roll_deg"":9.8,""pitch_deg"":8.8,""steady"":true}"
17.047,left_hand,og,acc,114302,"{""seq"":826,""x_mg"":336,""y_mg"":28,""z_mg"":932}"
17.047,left_hand,og,tilt,,"{""roll_deg"":9.8,""pitch_deg"":8.8,""steady"":true}"
17.079,left_hand,og,acc,114322,"{""seq"":827,""x_mg"":336,""y_mg"":24,""z_mg"":932}"
17.079,left_hand,og,tilt,,"{""roll_deg"":9.8,""pitch_deg"":8.8,""steady"":true}"
17.110,left_hand,og,acc,114343,"{""seq"":828,""x_mg"":344,""y_mg"":16,""z_mg"":932}"
17.110,left_hand,og,tilt,,"{""roll_deg"":9.8,""pitch_deg"":8.8,""steady"":true}"
17.110,left_hand,og,acc,114363,"{""seq"":829,""x_mg"":336,""y_mg"":24,""z_mg"":936}"
17.110,left_hand,og,tilt,,"{""roll_deg"":9.8,""pitch_deg"":8.7,""steady"":true}"
17.141,left_hand,og,acc,114384,"{""seq"":830,""x_mg"":332,""y_mg"":16,""z_mg"":924}"
17.141,left_hand,og,tilt,,"{""roll_deg"":9.8,""pitch_deg"":8.6,""steady"":true}"
17.172,left_hand,og,acc,114404,"{""seq"":831,""x_mg"":344,""y_mg"":24,""z_mg"":924}"
17.172,left_hand,og,tilt,,"{""roll_deg"":9.8,""pitch_deg"":8.6,""steady"":true}"
17.172,left_hand,og,acc,114425,"{""seq"":832,""x_mg"":344,""y_mg"":28,""z_mg"":928}"
17.172,left_hand,og,tilt,,"{""roll_deg"":9.8,""pitch_deg"":8.6,""steady"":true}"
17.204,left_hand,og,acc,114446,"{""seq"":833,""x_mg"":344,""y_mg"":20,""z_mg"":940}"
17.204,left_hand,og,tilt,,"{""roll_deg"":9.8,""pitch_deg"":8.5,""steady"":true}"
17.235,left_hand,og,acc,114466,"{""seq"":834,""x_mg"":340,""y_mg"":12,""z_mg"":932}"
17.235,left_hand,og,tilt,,"{""roll_deg"":9.8,""pitch_deg"":8.5,""steady"":true}"
17.235,left_hand,og,acc,114487,"{""seq"":835,""x_mg"":340,""y_mg"":16,""z_mg"":932}"
17.235,left_hand,og,tilt,,"{""roll_deg"":9.7,""pitch_deg"":8.5,""steady"":true}"
17.266,left_hand,og,acc,114507,"{""seq"":836,""x_mg"":340,""y_mg"":24,""z_mg"":936}"
17.266,left_hand,og,tilt,,"{""roll_deg"":9.7,""pitch_deg"":8.5,""steady"":true}"
17.282,left_hand,og,acc,114528,"{""seq"":837,""x_mg"":344,""y_mg"":32,""z_mg"":920}"
17.282,left_hand,og,tilt,,"{""roll_deg"":9.7,""pitch_deg"":8.5,""steady"":true}"
17.313,left_hand,og,acc,114548,"{""seq"":838,""x_mg"":340,""y_mg"":32,""z_mg"":936}"
17.313,left_hand,og,tilt,,"{""roll_deg"":9.7,""pitch_deg"":8.4,""steady"":true}"
17.313,left_hand,og,acc,114569,"{""seq"":839,""x_mg"":344,""y_mg"":24,""z_mg"":940}"
17.313,left_hand,og,tilt,,"{""roll_deg"":9.7,""pitch_deg"":8.4,""steady"":true}"
17.360,left_hand,og,acc,114590,"{""seq"":840,""x_mg"":332,""y_mg"":20,""z_mg"":936}"
17.360,left_hand,og,tilt,,"{""roll_deg"":9.7,""pitch_deg"":8.4,""steady"":true}"
17.391,left_hand,og,acc,114610,"{""seq"":841,""x_mg"":356,""y_mg"":24,""z_mg"":932}"
17.391,left_hand,og,tilt,,"{""roll_deg"":9.7,""pitch_deg"":8.4,""steady"":true}"
17.391,left_hand,og,acc,114631,"{""seq"":842,""x_mg"":344,""y_mg"":36,""z_mg"":932}"
17.391,left_hand,og,tilt,,"{""roll_deg"":9.7,""pitch_deg"":8.4,""steady"":true}"
17.422,left_hand,og,acc,114651,"{""seq"":843,""x_mg"":340,""y_mg"":24,""z_mg"":928}"
17.422,left_hand,og,tilt,,"{""roll_deg"":9.8,""pitch_deg"":8.4,""steady"":true}"
17.422,left_hand,og,acc,114672,"{""seq"":844,""x_mg"":340,""y_mg"":0,""z_mg"":940}"
17.422,left_hand,og,tilt,,"{""roll_deg"":9.8,""pitch_deg"":8.4,""steady"":true}"
17.454,left_hand,og,acc,114692,"{""seq"":845,""x_mg"":332,""y_mg"":0,""z_mg"":924}"
17.454,left_hand,og,tilt,,"{""roll_deg"":9.8,""pitch_deg"":8.4,""steady"":true}"
17.469,left_hand,og,acc,114713,"{""seq"":846,""x_mg"":344,""y_mg"":16,""z_mg"":924}"
17.469,left_hand,og,tilt,,"{""roll_deg"":9.7,""pitch_deg"":8.4,""steady"":true}"
17.500,left_hand,og,acc,114734,"{""seq"":847,""x_mg"":336,""y_mg"":20,""z_mg"":920}"
17.500,left_hand,og,tilt,,"{""roll_deg"":9.7,""pitch_deg"":8.4,""steady"":true}"
17.532,left_hand,og,acc,114754,"{""seq"":848,""x_mg"":340,""y_mg"":16,""z_mg"":944}"
17.532,left_hand,og,tilt,,"{""roll_deg"":9.6,""pitch_deg"":8.4,""steady"":true}"
17.532,left_hand,og,acc,114775,"{""seq"":849,""x_mg"":336,""y_mg"":24,""z_mg"":932}"
17.532,left_hand,og,tilt,,"{""roll_deg"":9.6,""pitch_deg"":8.3,""steady"":true}"
17.563,left_hand,og,acc,114795,"{""seq"":850,""x_mg"":336,""y_mg"":44,""z_mg"":932}"
17.563,left_hand,og,tilt,,"{""roll_deg"":9.6,""pitch_deg"":8.3,""steady"":true}"
17.563,left_hand,og,acc,114816,"{""seq"":851,""x_mg"":340,""y_mg"":44,""z_mg"":936}"
17.563,left_hand,og,tilt,,"{""roll_deg"":9.6,""pitch_deg"":8.3,""steady"":true}"
17.594,left_hand,og,acc,114836,"{""seq"":852,""x_mg"":344,""y_mg"":28,""z_mg"":928}"
17.594,left_hand,og,tilt,,"{""roll_deg"":9.7,""pitch_deg"":8.3,""steady"":true}"
17.625,left_hand,og,acc,114857,"{""seq"":853,""x_mg"":348,""y_mg"":32,""z_mg"":916}"
17.625,left_hand,og,tilt,,"{""roll_deg"":9.7,""pitch_deg"":8.3,""steady"":true}"
17.625,left_hand,og,acc,114877,"{""seq"":854,""x_mg"":344,""y_mg"":48,""z_mg"":932}"
17.625,left_hand,og,tilt,,"{""roll_deg"":9.9,""pitch_deg"":8.3,""steady"":true}"
17.657,left_hand,og,acc,114898,"{""seq"":855,""x_mg"":340,""y_mg"":56,""z_mg"":932}"
17.657,left_hand,og,tilt,,"{""roll_deg"":10.0,""pitch_deg"":8.3,""steady"":true}"
17.688,left_hand,og,acc,114919,"{""seq"":856,""x_mg"":328,""y_mg"":64,""z_mg"":936}"
17.688,left_hand,og,tilt,,"{""roll_deg"":10.2,""pitch_deg"":8.4,""steady"":true}"
17.688,left_hand,og,acc,114939,"{""seq"":857,""x_mg"":348,""y_mg"":60,""z_mg"":928}"
17.688,left_hand,og,tilt,,"{""roll_deg"":10.4,""pitch_deg"":8.4,""steady"":true}"
17.719,left_hand,og,acc,114960,"{""seq"":858,""x_mg"":356,""y_mg"":100,""z_mg"":936}"
17.719,left_hand,og,tilt,,"{""roll_deg"":10.6,""pitch_deg"":8.4,""steady"":true}"
17.750,left_hand,og,acc,114980,"{""seq"":859,""x_mg"":356,""y_mg"":168,""z_mg"":928}"
17.750,left_hand,og,tilt,,"{""roll_deg"":10.8,""pitch_deg"":8.5,""steady"":true}"
17.750,left_hand,og,acc,115001,"{""seq"":860,""x_mg"":360,""y_mg"":160,""z_mg"":916}"
17.750,left_hand,og,tilt,,"{""roll_deg"":11.2,""pitch_deg"":8.5,""steady"":true}"
17.782,left_hand,og,acc,115021,"{""seq"":861,""x_mg"":376,""y_mg"":72,""z_mg"":924}"
17.782,left_hand,og,tilt,,"{""roll_deg"":11.6,""pitch_deg"":8.6,""steady"":true}"
17.813,left_hand,og,acc,115042,"{""seq"":862,""x_mg"":376,""y_mg"":28,""z_mg"":912}"
17.813,left_hand,og,tilt,,"{""roll_deg"":11.9,""pitch_deg"":8.8,""steady"":true}"
17.813,left_hand,og,acc,115063,"{""seq"":863,""x_mg"":372,""y_mg"":20,""z_mg"":916}"
17.813,left_hand,og,tilt,,"{""roll_deg"":12.0,""pitch_deg"":9.0,""steady"":true}"
17.844,left_hand,og,acc,115083,"{""seq"":864,""x_mg"":380,""y_mg"":40,""z_mg"":928}"
17.844,left_hand,og,tilt,,"{""roll_deg"":11.9,""pitch_deg"":9.1,""steady"":true}"
17.844,left_hand,og,acc,115104,"{""seq"":865,""x_mg"":360,""y_mg"":68,""z_mg"":936}"
17.844,left_hand,og,tilt,,"{""roll_deg"":11.8,""pitch_deg"":9.3,""steady"":true}"
17.875,left_hand,og,acc,115124,"{""seq"":866,""x_mg"":348,""y_mg"":48,""z_mg"":932}"
17.875,left_hand,og,tilt,,"{""roll_deg"":11.6,""pitch_deg"":9.4,""steady"":true}"
17.907,left_hand,og,acc,115145,"{""seq"":867,""x_mg"":344,""y_mg"":8,""z_mg"":928}"
17.907,left_hand,og,tilt,,"{""roll_deg"":11.5,""pitch_deg"":9.4,""steady"":true}"
17.907,left_hand,og,acc,115165,"{""seq"":868,""x_mg"":352,""y_mg"":-20,""z_mg"":924}"
17.907,left_hand,og,tilt,,"{""roll_deg"":11.4,""pitch_deg"":9.4,""steady"":true}"
17.938,left_hand,og,acc,115186,"{""seq"":869,""x_mg"":376,""y_mg"":-32,""z_mg"":924}"
17.938,left_hand,og,tilt,,"{""roll_deg"":11.1,""pitch_deg"":9.3,""steady"":true}"
17.969,left_hand,og,acc,115207,"{""seq"":870,""x_mg"":364,""y_mg"":-28,""z_mg"":944}"
17.969,left_hand,og,tilt,,"{""roll_deg"":10.6,""pitch_deg"":9.3,""steady"":true}"
17.969,left_hand,og,acc,115227,"{""seq"":871,""x_mg"":348,""y_mg"":-20,""z_mg"":948}"
17.969,left_hand,og,tilt,,"{""roll_deg"":10.2,""pitch_deg"":9.3,""steady"":true}"
18.000,left_hand,og,acc,115248,"{""seq"":872,""x_mg"":344,""y_mg"":-24,""z_mg"":928}"
18.000,left_hand,og,tilt,,"{""roll_deg"":9.8,""pitch_deg"":9.3,""steady"":true}"
18.032,left_hand,og,acc,115268,"{""seq"":873,""x_mg"":348,""y_mg"":-20,""z_mg"":916}"
18.032,left_hand,og,tilt,,"{""roll_deg"":9.5,""pitch_deg"":9.3,""steady"":true}"
18.032,left_hand,og,acc,115289,"{""seq"":874,""x_mg"":344,""y_mg"":4,""z_mg"":912}"
18.032,left_hand,og,tilt,,"{""roll_deg"":9.2,""pitch_deg"":9.2,""steady"":true}"
18.063,left_hand,og,acc,115309,"{""seq"":875,""x_mg"":332,""y_mg"":20,""z_mg"":952}"
18.063,left_hand,og,tilt,,"{""roll_deg"":8.9,""pitch_deg"":9.2,""steady"":true}"
18.094,left_hand,og,acc,115330,"{""seq"":876,""x_mg"":332,""y_mg"":16,""z_mg"":948}"
18.094,left_hand,og,tilt,,"{""roll_deg"":8.9,""pitch_deg"":9.1,""steady"":true}"
18.094,left_hand,og,acc,115351,"{""seq"":877,""x_mg"":344,""y_mg"":4,""z_mg"":940}"
18.094,left_hand,og,tilt,,"{""roll_deg"":8.8,""pitch_deg"":9.0,""steady"":true}"
18.110,left_hand,og,acc,115371,"{""seq"":878,""x_mg"":384,""y_mg"":16,""z_mg"":948}"
18.110,left_hand,og,tilt,,"{""roll_deg"":8.9,""pitch_deg"":8.9,""steady"":true}"
18.141,left_hand,og,acc,115392,"{""seq"":879,""x_mg"":372,""y_mg"":68,""z_mg"":940}"
18.141,left_hand,og,tilt,,"{""roll_deg"":8.9,""pitch_deg"":8.9,""steady"":true}"
18.188,left_hand,og,acc,115412,"{""seq"":880,""x_mg"":320,""y_mg"":76,""z_mg"":940}"
18.188,left_hand,og,tilt,,"{""roll_deg"":9.0,""pitch_deg"":8.8,""steady"":true}"
18.188,left_hand,og,acc,115433,"{""seq"":881,""x_mg"":332,""y_mg"":48,""z_mg"":904}"
18.188,left_hand,og,tilt,,"{""roll_deg"":9.3,""pitch_deg"":8.8,""steady"":true}"
18.219,left_hand,og,acc,115453,"{""seq"":882,""x_mg"":432,""y_mg"":64,""z_mg"":892}"
18.219,left_hand,og,tremor,,"{""rms_mg"":9.5,""peak_hz"":11.2}"
18.219,left_hand,og,tilt,,"{""roll_deg"":9.7,""pitch_deg"":8.9,""steady"":true}"
18.250,left_hand,og,acc,115474,"{""seq"":883,""x_mg"":408,""y_mg"":104,""z_mg"":868}"
18.250,left_hand,og,tilt,,"{""roll_deg"":10.0,""pitch_deg"":9.0,""steady"":true}"
18.250,left_hand,og,acc,115494,"{""seq"":884,""x_mg"":348,""y_mg"":144,""z_mg"":856}"
18.250,left_hand,og,tilt,,"{""roll_deg"":10.3,""pitch_deg"":9.2,""steady"":true}"
18.282,left_hand,og,acc,115515,"{""seq"":885,""x_mg"":476,""y_mg"":140,""z_mg"":912}"
18.282,left_hand,og,tilt,,"{""roll_deg"":10.9,""pitch_deg"":9.7,""steady"":true}"
18.297,left_hand,og,acc,115536,"{""seq"":886,""x_mg"":524,""y_mg"":140,""z_mg"":928}"
18.297,left_hand,og,tilt,,"{""roll_deg"":11.6,""pitch_deg"":10.2,""steady"":true}"
18.297,left_hand,og,acc,115556,"{""seq"":887,""x_mg"":448,""y_mg"":140,""z_mg"":920}"
18.297,left_hand,og,tilt,,"{""roll_deg"":12.3,""pitch_deg"":10.7,""steady"":true}"
18.329,left_hand,og,acc,115577,"{""seq"":888,""x_mg"":392,""y_mg"":120,""z_mg"":880}"
18.329,left_hand,og,tilt,,"{""roll_deg"":12.8,""pitch_deg"":11.1,""steady"":true}"
18.360,left_hand,og,acc,115597,"{""seq"":889,""x_mg"":424,""y_mg"":96,""z_mg"":908}"
18.360,left_hand,og,tilt,,"{""roll_deg"":13.3,""pitch_deg"":11.5,""steady"":true}"
18.391,left_hand,og,acc,115618,"{""seq"":890,""x_mg"":472,""y_mg"":52,""z_mg"":936}"
18.391,left_hand,og,tilt,,"{""roll_deg"":13.7,""pitch_deg"":11.8,""steady"":true}"
18.391,left_hand,og,acc,115638,"{""seq"":891,""x_mg"":484,""y_mg"":4,""z_mg"":928}"
18.391,left_hand,og,tilt,,"{""roll_deg"":13.7,""pitch_deg"":12.1,""steady"":true}"
18.422,left_hand,og,acc,115659,"{""seq"":892,""x_mg"":456,""y_mg"":36,""z_mg"":896}"
18.422,left_hand,og,tilt,,"{""roll_deg"":13.5,""pitch_deg"":12.5,""steady"":true}"
18.454,left_hand,og,acc,115680,"{""seq"":893,""x_mg"":416,""y_mg"":60,""z_mg"":916}"
18.454,left_hand,og,tilt,,"{""roll_deg"":13.2,""pitch_deg"":12.8,""steady"":true}"
18.454,left_hand,og,acc,115700,"{""seq"":894,""x_mg"":344,""y_mg"":28,""z_mg"":944}"
18.454,left_hand,og,tilt,,"{""roll_deg"":12.9,""pitch_deg"":13.1,""steady"":true}"
18.485,left_hand,og,acc,115721,"{""seq"":895,""x_mg"":384,""y_mg"":-4,""z_mg"":952}"
18.485,left_hand,og,tilt,,"{""roll_deg"":12.6,""pitch_deg"":13.0,""steady"":true}"
18.485,left_hand,og,acc,115741,"{""seq"":896,""x_mg"":312,""y_mg"":8,""z_mg"":952}"
18.485,left_hand,og,tilt,,"{""roll_deg"":12.3,""pitch_deg"":12.7,""steady"":true}"
18.500,left_hand,og,acc,115762,"{""seq"":897,""x_mg"":220,""y_mg"":-12,""z_mg"":976}"
18.500,left_hand,og,tilt,,"{""roll_deg"":11.9,""pitch_deg"":12.2,""steady"":true}"
18.532,left_hand,og,acc,115782,"{""seq"":898,""x_mg"":180,""y_mg"":-68,""z_mg"":996}"
18.532,left_hand,og,tilt,,"{""roll_deg"":11.4,""pitch_deg"":11.5,""steady"":true}"
18.563,left_hand,og,acc,115803,"{""seq"":899,""x_mg"":236,""y_mg"":-120,""z_mg"":984}"
18.563,left_hand,og,tilt,,"{""roll_deg"":11.0,""pitch_deg"":10.3,""steady"":true}"
18.594,left_hand,og,acc,115824,"{""seq"":900,""x_mg"":268,""y_mg"":-120,""z_mg"":988}"
18.594,left_hand,og,tilt,,"{""roll_deg"":10.2,""pitch_deg"":9.3,""steady"":true}"
18.594,left_hand,og,acc,115844,"{""seq"":901,""x_mg"":224,""y_mg"":-100,""z_mg"":980}"
18.594,left_hand,og,tilt,,"{""roll_deg"":9.2,""pitch_deg"":8.3,""steady"":true}"
18.625,left_hand,og,acc,115865,"{""seq"":902,""x_mg"":224,""y_mg"":-108,""z_mg"":968}"
18.625,left_hand,og,tilt,,"{""roll_deg"":8.4,""pitch_deg"":7.5,""steady"":true}"
18.625,left_hand,og,acc,115885,"{""seq"":903,""x_mg"":244,""y_mg"":-140,""z_mg"":964}"
18.625,left_hand,og,tilt,,"{""roll_deg"":7.5,""pitch_deg"":6.8,""steady"":true}"
18.657,left_hand,og,acc,115906,"{""seq"":904,""x_mg"":288,""y_mg"":-116,""z_mg"":960}"
18.657,left_hand,og,tilt,,"{""roll_deg"":6.8,""pitch_deg"":6.3,""steady"":true}"
18.688,left_hand,og,acc,115926,"{""seq"":905,""x_mg"":272,""y_mg"":-104,""z_mg"":952}"
18.688,left_hand,og,tilt,,"{""roll_deg"":6.2,""pitch_deg"":5.8,""steady"":true}"
18.688,left_hand,og,acc,115947,"{""seq"":906,""x_mg"":284,""y_mg"":-104,""z_mg"":936}"
18.688,left_hand,og,tilt,,"{""roll_deg"":5.7,""pitch_deg"":5.6,""steady"":true}"
18.719,,game,drop,,"{""n"":5}"
18.719,left_hand,og,acc,115967,"{""seq"":907,""x_mg"":392,""y_mg"":-76,""z_mg"":920}"
18.719,left_hand,og,tilt,,"{""roll_deg"":5.3,""pitch_deg"":5.6,""steady"":true}"
18.735,left_hand,og,acc,115988,"{""seq"":908,""x_mg"":432,""y_mg"":-44,""z_mg"":936}"
18.735,left_hand,og,tilt,,"{""roll_deg"":4.9,""pitch_deg"":5.5,""steady"":true}"
18.766,left_hand,og,acc,116009,"{""seq"":909,""x_mg"":304,""y_mg"":8,""z_mg"":940}"
18.766,left_hand,og,tilt,,"{""roll_deg"":4.7,""pitch_deg"":5.6,""steady"":true}"
18.766,left_hand,og,acc,116029,"{""seq"":910,""x_mg"":264,""y_mg"":36,""z_mg"":944}"
18.766,left_hand,og,tilt,,"{""roll_deg"":4.8,""pitch_deg"":5.7,""steady"":true}"
18.813,left_hand,og,acc,116050,"{""seq"":911,""x_mg"":356,""y_mg"":16,""z_mg"":940}"
18.813,left_hand,og,tilt,,"{""roll_deg"":5.3,""pitch_deg"":6.1,""steady"":true}"
18.844,left_hand,og,acc,116070,"{""seq"":912,""x_mg"":384,""y_mg"":-12,""z_mg"":948}"
18.844,left_hand,og,tilt,,"{""roll_deg"":5.7,""pitch_deg"":6.4,""steady"":true}"
18.844,left_hand,og,acc,116091,"{""seq"":913,""x_mg"":324,""y_mg"":0,""z_mg"":964}"
18.844,left_hand,og,tilt,,"{""roll_deg"":6.1,""pitch_deg"":6.5,""steady"":true}"
18.875,left_hand,og,acc,116111,"{""seq"":914,""x_mg"":252,""y_mg"":24,""z_mg"":948}"
18.875,left_hand,og,tilt,,"{""roll_deg"":6.5,""pitch_deg"":6.5,""steady"":true}"
18.907,left_hand,og,acc,116132,"{""seq"":915,""x_mg"":272,""y_mg"":12,""z_mg"":940}"
18.907,left_hand,og,tilt,,"{""roll_deg"":6.8,""pitch_deg"":6.6,""steady"":true}"
18.907,left_hand,og,acc,116153,"{""seq"":916,""x_mg"":272,""y_mg"":-36,""z_mg"":948}"
18.907,left_hand,og,tilt,,"{""roll_deg"":7.0,""pitch_deg"":6.3,""steady"":true}"
18.922,left_hand,og,acc,116173,"{""seq"":917,""x_mg"":224,""y_mg"":-64,""z_mg"":948}"
18.922,left_hand,og,tilt,,"{""roll_deg"":7.1,""pitch_deg"":6.1,""steady"":true}"
18.954,left_hand,og,acc,116194,"{""seq"":918,""x_mg"":200,""y_mg"":-80,""z_mg"":940}"
18.954,left_hand,og,tilt,,"{""roll_deg"":7.0,""pitch_deg"":5.7,""steady"":true}"
18.985,left_hand,og,acc,116214,"{""seq"":919,""x_mg"":288,""y_mg"":-100,""z_mg"":928}"
18.985,left_hand,og,tilt,,"{""roll_deg"":6.7,""pitch_deg"":5.5,""steady"":true}"
18.985,left_hand,og,acc,116235,"{""seq"":920,""x_mg"":272,""y_mg"":-76,""z_mg"":936}"
18.985,left_hand,og,tilt,,"{""roll_deg"":6.4,""pitch_deg"":5.4,""steady"":true}"
19.016,left_hand,og,acc,116255,"{""seq"":921,""x_mg"":236,""y_mg"":-40,""z_mg"":932}"
19.016,left_hand,og,tilt,,"{""roll_deg"":6.0,""pitch_deg"":5.1,""steady"":true}"
19.047,left_hand,og,acc,116276,"{""seq"":922,""x_mg"":256,""y_mg"":-12,""z_mg"":956}"
19.047,left_hand,og,tilt,,"{""roll_deg"":5.7,""pitch_deg"":4.8,""steady"":true}"
19.047,left_hand,og,acc,116296,"{""seq"":923,""x_mg"":244,""y_mg"":-16,""z_mg"":976}"
19.047,left_hand,og,tilt,,"{""roll_deg"":5.8,""pitch_deg"":4.7,""steady"":true}"
19.079,left_hand,og,acc,116317,"{""seq"":924,""x_mg"":256,""y_mg"":-28,""z_mg"":980}"
19.079,left_hand,og,tilt,,"{""roll_deg"":5.9,""pitch_deg"":4.4,""steady"":true}"
19.110,left_hand,og,acc,116338,"{""seq"":925,""x_mg"":320,""y_mg"":-44,""z_mg"":980}"
19.110,left_hand,og,tilt,,"{""roll_deg"":6.0,""pitch_deg"":4.3,""steady"":true}"
19.110,left_hand,og,acc,116358,"{""seq"":926,""x_mg"":344,""y_mg"":-12,""z_mg"":984}"
19.110,left_hand,og,tilt,,"{""roll_deg"":6.1,""pitch_deg"":4.1,""steady"":true}"
19.125,left_hand,og,acc,116379,"{""seq"":927,""x_mg"":308,""y_mg"":36,""z_mg"":976}"
19.125,left_hand,og,tilt,,"{""roll_deg"":6.3,""pitch_deg"":4.3,""steady"":true}"
19.157,left_hand,og,acc,116399,"{""seq"":928,""x_mg"":308,""y_mg"":40,""z_mg"":976}"
19.157,left_hand,og,tilt,,"{""roll_deg"":6.5,""pitch_deg"":4.5,""steady"":true}"
19.188,left_hand,og,acc,116420,"{""seq"":929,""x_mg"":372,""y_mg"":36,""z_mg"":984}"
19.188,left_hand,og,tilt,,"{""roll_deg"":6.9,""pitch_deg"":4.7,""steady"":true}"
19.188,left_hand,og,acc,116440,"{""seq"":930,""x_mg"":368,""y_mg"":48,""z_mg"":976}"
19.188,left_hand,og,tilt,,"{""roll_deg"":7.3,""pitch_deg"":5.1,""steady"":true}"
19.219,left_hand,og,acc,116461,"{""seq"":931,""x_mg"":332,""y_mg"":48,""z_mg"":944}"
19.219,left_hand,og,tilt,,"{""roll_deg"":7.7,""pitch_deg"":5.4,""steady"":true}"
19.250,left_hand,og,acc,116482,"{""seq"":932,""x_mg"":328,""y_mg"":36,""z_mg"":936}"
19.250,left_hand,og,tilt,,"{""roll_deg"":8.1,""pitch_deg"":5.7,""steady"":true}"
19.250,left_hand,og,acc,116502,"{""seq"":933,""x_mg"":372,""y_mg"":8,""z_mg"":928}"
19.250,left_hand,og,tilt,,"{""roll_deg"":8.4,""pitch_deg"":6.1,""steady"":true}"
19.282,left_hand,og,acc,116523,"{""seq"":934,""x_mg"":352,""y_mg"":-4,""z_mg"":924}"
19.282,left_hand,og,tilt,,"{""roll_deg"":8.6,""pitch_deg"":6.4,""steady"":true}"
19.313,left_hand,og,acc,116543,"{""seq"":935,""x_mg"":332,""y_mg"":-4,""z_mg"":908}"
19.313,left_hand,og,tilt,,"{""roll_deg"":8.7,""pitch_deg"":6.6,""steady"":true}"
19.313,left_hand,og,acc,116564,"{""seq"":936,""x_mg"":328,""y_mg"":-12,""z_mg"":900}"
19.313,left_hand,og,tilt,,"{""roll_deg"":8.6,""pitch_deg"":6.8,""steady"":true}"
19.344,left_hand,og,acc,116584,"{""seq"":937,""x_mg"":312,""y_mg"":0,""z_mg"":892}"
19.344,left_hand,og,tilt,,"{""roll_deg"":8.5,""pitch_deg"":7.0,""steady"":true}"
19.360,left_hand,og,acc,116605,"{""seq"":938,""x_mg"":328,""y_mg"":-16,""z_mg"":904}"
19.360,left_hand,og,tilt,,"{""roll_deg"":8.5,""pitch_deg"":7.2,""steady"":true}"
19.391,left_hand,og,acc,116625,"{""seq"":939,""x_mg"":356,""y_mg"":-32,""z_mg"":920}"
19.391,left_hand,og,tilt,,"{""roll_deg"":8.4,""pitch_deg"":7.3,""steady"":true}"
19.391,left_hand,og,acc,116646,"{""seq"":940,""x_mg"":332,""y_mg"":-8,""z_mg"":904}"
19.391,left_hand,og,tilt,,"{""roll_deg"":8.3,""pitch_deg"":7.4,""steady"":true}"
19.422,left_hand,og,acc,116667,"{""seq"":941,""x_mg"":320,""y_mg"":28,""z_mg"":928}"
19.422,left_hand,og,tilt,,"{""roll_deg"":8.2,""pitch_deg"":7.5,""steady"":true}"
19.454,left_hand,og,acc,116687,"{""seq"":942,""x_mg"":324,""y_mg"":60,""z_mg"":932}"
19.469,left_hand,og,tilt,,"{""roll_deg"":8.2,""pitch_deg"":7.6,""steady"":true}"
19.469,left_hand,og,acc,116708,"{""seq"":943,""x_mg"":304,""y_mg"":20,""z_mg"":956}"
19.469,left_hand,og,tilt,,"{""roll_deg"":8.3,""pitch_deg"":7.6,""steady"":true}"
19.485,left_hand,og,acc,116728,"{""seq"":944,""x_mg"":328,""y_mg"":-8,""z_mg"":952}"
19.485,left_hand,og,tilt,,"{""roll_deg"":8.5,""pitch_deg"":7.6,""steady"":true}"
19.532,left_hand,og,acc,116749,"{""seq"":945,""x_mg"":328,""y_mg"":-4,""z_mg"":956}"
19.532,left_hand,og,tilt,,"{""roll_deg"":8.6,""pitch_deg"":7.5,""steady"":true}"
19.532,left_hand,og,acc,116769,"{""seq"":946,""x_mg"":316,""y_mg"":20,""z_mg"":952}"
19.532,left_hand,og,tilt,,"{""roll_deg"":8.7,""pitch_deg"":7.5,""steady"":true}"
19.547,left_hand,og,acc,116790,"{""seq"":947,""x_mg"":308,""y_mg"":32,""z_mg"":956}"
19.547,left_hand,og,tilt,,"{""roll_deg"":8.8,""pitch_deg"":7.4,""steady"":true}"
19.579,left_hand,og,acc,116811,"{""seq"":948,""x_mg"":308,""y_mg"":8,""z_mg"":952}"
19.579,left_hand,og,tilt,,"{""roll_deg"":8.8,""pitch_deg"":7.3,""steady"":true}"
19.610,left_hand,og,acc,116831,"{""seq"":949,""x_mg"":340,""y_mg"":-16,""z_mg"":960}"
19.610,left_hand,og,tilt,,"{""roll_deg"":8.8,""pitch_deg"":7.2,""steady"":true}"
19.610,left_hand,og,acc,116852,"{""seq"":950,""x_mg"":324,""y_mg"":-20,""z_mg"":952}"
19.610,left_hand,og,tilt,,"{""roll_deg"":8.8,""pitch_deg"":7.2,""steady"":true}"
19.641,left_hand,og,acc,116872,"{""seq"":951,""x_mg"":296,""y_mg"":-8,""z_mg"":948}"
19.641,left_hand,og,tilt,,"{""roll_deg"":8.7,""pitch_deg"":7.0,""steady"":true}"
19.641,left_hand,og,acc,116893,"{""seq"":952,""x_mg"":296,""y_mg"":4,""z_mg"":936}"
19.641,left_hand,og,tilt,,"{""roll_deg"":8.6,""pitch_deg"":6.9,""steady"":true}"
19.672,left_hand,og,acc,116913,"{""seq"":953,""x_mg"":312,""y_mg"":4,""z_mg"":944}"
19.672,left_hand,og,tilt,,"{""roll_deg"":8.5,""pitch_deg"":6.9,""steady"":true}"
19.704,left_hand,og,acc,116934,"{""seq"":954,""x_mg"":332,""y_mg"":-4,""z_mg"":948}"
19.704,left_hand,og,tilt,,"{""roll_deg"":8.5,""pitch_deg"":6.9,""steady"":true}"
19.704,left_hand,og,acc,116954,"{""seq"":955,""x_mg"":288,""y_mg"":-4,""z_mg"":960}"
19.704,left_hand,og,tilt,,"{""roll_deg"":8.4,""pitch_deg"":6.7,""steady"":true}"
19.735,left_hand,og,acc,116975,"{""seq"":956,""x_mg"":320,""y_mg"":4,""z_mg"":940}"
19.735,left_hand,og,tilt,,"{""roll_deg"":8.4,""pitch_deg"":6.7,""steady"":true}"
19.750,left_hand,og,acc,116996,"{""seq"":957,""x_mg"":320,""y_mg"":24,""z_mg"":944}"
19.750,left_hand,og,tilt,,"{""roll_deg"":8.4,""pitch_deg"":6.8,""steady"":true}"
19.782,left_hand,og,acc,117016,"{""seq"":958,""x_mg"":296,""y_mg"":16,""z_mg"":940}"
19.782,left_hand,og,tilt,,"{""roll_deg"":8.5,""pitch_deg"":6.8,""steady"":true}"
19.782,left_hand,og,acc,117037,"{""seq"":959,""x_mg"":296,""y_mg"":12,""z_mg"":948}"
19.782,left_hand,og,tilt,,"{""roll_deg"":8.5,""pitch_deg"":6.7,""steady"":true}"
19.813,left_hand,og,acc,117057,"{""seq"":960,""x_mg"":304,""y_mg"":4,""z_mg"":944}"
19.813,left_hand,og,tilt,,"{""roll_deg"":8.6,""pitch_deg"":6.6,""steady"":true}"
19.844,left_hand,og,acc,117078,"{""seq"":961,""x_mg"":332,""y_mg"":16,""z_mg"":944}"
19.844,left_hand,og,tilt,,"{""roll_deg"":8.7,""pitch_deg"":6.5,""steady"":true}"
19.844,left_hand,og,acc,117098,"{""seq"":962,""x_mg"":304,""y_mg"":12,""z_mg"":944}"
19.844,left_hand,og,tilt,,"{""roll_deg"":8.7,""pitch_deg"":6.5,""steady"":true}"
19.875,left_hand,og,acc,117119,"{""seq"":963,""x_mg"":300,""y_mg"":4,""z_mg"":940}"
19.875,left_hand,og,tilt,,"{""roll_deg"":8.8,""pitch_deg"":6.5,""steady"":true}"
19.891,,game,brick,,"{""n"":11}"
19.907,left_hand,og,acc,117140,"{""seq"":964,""x_mg"":308,""y_mg"":16,""z_mg"":940}"
19.907,left_hand,og,tilt,,"{""roll_deg"":8.8,""pitch_deg"":6.4,""steady"":true}"
19.907,left_hand,og,acc,117160,"{""seq"":965,""x_mg"":316,""y_mg"":0,""z_mg"":936}"
19.907,left_hand,og,tilt,,"{""roll_deg"":8.8,""pitch_deg"":6.4,""steady"":true}"
19.938,left_hand,og,acc,117181,"{""seq"":966,""x_mg"":288,""y_mg"":-4,""z_mg"":944}"
19.938,left_hand,og,tilt,,"{""roll_deg"":8.8,""pitch_deg"":6.4,""steady"":true}"
19.969,left_hand,og,acc,117201,"{""seq"":967,""x_mg"":288,""y_mg"":-12,""z_mg"":936}"
19.969,left_hand,og,tilt,,"{""roll_deg"":8.7,""pitch_deg"":6.3,""steady"":true}"
19.969,left_hand,og,acc,117222,"{""seq"":968,""x_mg"":308,""y_mg"":-4,""z_mg"":940}"
19.969,left_hand,og,tilt,,"{""roll_deg"":8.7,""pitch_deg"":6.3,""steady"":true}"
19.985,left_hand,og,acc,117242,"{""seq"":969,""x_mg"":308,""y_mg"":8,""z_mg"":944}"
19.985,left_hand,og,tilt,,"{""roll_deg"":8.6,""pitch_deg"":6.3,""steady"":true}"
20.016,left_hand,og,acc,117263,"{""seq"":970,""x_mg"":304,""y_mg"":4,""z_mg"":952}"
20.016,left_hand,og,tilt,,"{""roll_deg"":8.5,""pitch_deg"":6.3,""steady"":true}"
20.047,left_hand,og,acc,117284,"{""seq"":971,""x_mg"":300,""y_mg"":-4,""z_mg"":948}"
20.047,left_hand,og,tilt,,"{""roll_deg"":8.5,""pitch_deg"":6.3,""steady"":true}"
20.047,left_hand,og,acc,117304,"{""seq"":972,""x_mg"":296,""y_mg"":-4,""z_mg"":940}"
20.047,left_hand,og,tilt,,"{""roll_deg"":8.4,""pitch_deg"":6.2,""steady"":true}"
20.094,left_hand,og,acc,117325,"{""seq"":973,""x_mg"":324,""y_mg"":16,""z_mg"":936}"
20.094,left_hand,og,tilt,,"{""roll_deg"":8.4,""pitch_deg"":6.2,""steady"":true}"
20.125,left_hand,og,acc,117345,"{""seq"":974,""x_mg"":312,""y_mg"":40,""z_mg"":948}"
20.125,left_hand,og,tilt,,"{""roll_deg"":8.5,""pitch_deg"":6.2,""steady"":true}"
20.125,left_hand,og,acc,117366,"{""seq"":975,""x_mg"":296,""y_mg"":24,""z_mg"":948}"
20.125,left_hand,og,tilt,,"{""roll_deg"":8.6,""pitch_deg"":6.1,""steady"":true}"
20.157,left_hand,og,acc,117386,"{""seq"":976,""x_mg"":304,""y_mg"":8,""z_mg"":956}"
20.157,left_hand,og,tilt,,"{""roll_deg"":8.7,""pitch_deg"":6.1,""steady"":true}"
20.157,left_hand,og,acc,117407,"{""seq"":977,""x_mg"":312,""y_mg"":0,""z_mg"":944}"
20.157,left_hand,og,tilt,,"{""roll_deg"":8.7,""pitch_deg"":6.2,""steady"":true}"
20.172,left_hand,og,acc,117428,"{""seq"":978,""x_mg"":308,""y_mg"":16,""z_mg"":952}"
20.172,left_hand,og,tilt,,"{""roll_deg"":8.8,""pitch_deg"":6.2,""steady"":true}"
20.204,left_hand,og,acc,117448,"{""seq"":979,""x_mg"":296,""y_mg"":32,""z_mg"":944}"
20.204,left_hand,og,tilt,,"{""roll_deg"":8.9,""pitch_deg"":6.1,""steady"":true}"
20.235,left_hand,og,acc,117469,"{""seq"":980,""x_mg"":300,""y_mg"":20,""z_mg"":944}"
20.235,left_hand,og,tremor,,"{""rms_mg"":26.8,""peak_hz"":11.6}"
20.235,left_hand,og,tilt,,"{""roll_deg"":8.9,""pitch_deg"":6.1,""steady"":true}"
20.266,left_hand,og,acc,117489,"{""seq"":981,""x_mg"":324,""y_mg"":12,""z_mg"":956}"
20.266,left_hand,og,tilt,,"{""roll_deg"":9.0,""pitch_deg"":6.1,""steady"":true}"
20.266,left_hand,og,acc,117510,"{""seq"":982,""x_mg"":288,""y_mg"":20,""z_mg"":972}"
20.266,left_hand,og,tilt,,"{""roll_deg"":9.0,""pitch_deg"":6.1,""steady"":true}"
20.297,left_hand,og,acc,117530,"{""seq"":983,""x_mg"":284,""y_mg"":4,""z_mg"":956}"
20.297,left_hand,og,tilt,,"{""roll_deg"":9.1,""pitch_deg"":6.1,""steady"":true}"
20.329,left_hand,og,acc,117551,"{""seq"":984,""x_mg"":292,""y_mg"":0,""z_mg"":948}"
20.329,left_hand,og,tilt,,"{""roll_deg"":9.1,""pitch_deg"":6.0,""steady"":true}"
20.329,left_hand,og,acc,117571,"{""seq"":985,""x_mg"":308,""y_mg"":-4,""z_mg"":940}"
20.329,left_hand,og,tilt,,"{""roll_deg"":9.0,""pitch_deg"":5.9,""steady"":true}"
20.360,left_hand,og,acc,117592,"{""seq"":986,""x_mg"":316,""y_mg"":16,""z_mg"":952}"
20.360,left_hand,og,tilt,,"{""roll_deg"":9.0,""pitch_deg"":5.8,""steady"":true}"
20.360,left_hand,og,acc,117613,"{""seq"":987,""x_mg"":284,""y_mg"":20,""z_mg"":964}"
20.360,left_hand,og,tilt,,"{""roll_deg"":8.9,""pitch_deg"":5.8,""steady"":true}"
20.391,left_hand,og,acc,117633,"{""seq"":988,""x_mg"":280,""y_mg"":16,""z_mg"":968}"
20.391,left_hand,og,tilt,,"{""roll_deg"":9.0,""pitch_deg"":5.7,""steady"":true}"
20.407,left_hand,og,acc,117654,"{""seq"":989,""x_mg"":292,""y_mg"":28,""z_mg"":984}"
20.407,left_hand,og,tilt,,"{""roll_deg"":9.0,""pitch_deg"":5.6,""steady"":true}"
20.438,left_hand,og,acc,117674,"{""seq"":990,""x_mg"":328,""y_mg"":60,""z_mg"":1012}"
20.438,left_hand,og,tilt,,"{""roll_deg"":9.1,""pitch_deg"":5.5,""steady"":true}"
20.469,left_hand,og,acc,117695,"{""seq"":991,""x_mg"":348,""y_mg"":96,""z_mg"":1032}"
20.469,left_hand,og,tilt,,"{""roll_deg"":9.2,""pitch_deg"":5.5,""steady"":true}"
20.469,left_hand,og,acc,117715,"{""seq"":992,""x_mg"":424,""y_mg"":100,""z_mg"":1048}"
20.469,left_hand,og,tilt,,"{""roll_deg"":9.5,""pitch_deg"":5.5,""steady"":true}"
20.500,left_hand,og,acc,117736,"{""seq"":993,""x_mg"":492,""y_mg"":132,""z_mg"":1084}"
20.500,left_hand,og,tilt,,"{""roll_deg"":10.0,""pitch_deg"":5.7,""steady"":true}"
20.532,left_hand,og,acc,117757,"{""seq"":994,""x_mg"":460,""y_mg"":204,""z_mg"":1120}"
20.532,left_hand,og,tilt,,"{""roll_deg"":10.4,""pitch_deg"":6.3,""steady"":true}"
20.532,left_hand,og,acc,117777,"{""seq"":995,""x_mg"":440,""y_mg"":312,""z_mg"":1084}"
20.532,left_hand,og,tilt,,"{""roll_deg"":11.0,""pitch_deg"":6.8,""steady"":true}"
20.563,left_hand,og,acc,117798,"{""seq"":996,""x_mg"":512,""y_mg"":344,""z_mg"":1036}"
20.563,left_hand,og,tilt,,"{""roll_deg"":11.9,""pitch_deg"":7.2,""steady"":true}"
20.563,left_hand,og,acc,117818,"{""seq"":997,""x_mg"":556,""y_mg"":316,""z_mg"":1004}"
20.563,left_hand,og,tilt,,"{""roll_deg"":13.4,""pitch_deg"":7.9,""steady"":true}"
20.579,left_hand,og,acc,117839,"{""seq"":998,""x_mg"":528,""y_mg"":312,""z_mg"":980}"
20.579,left_hand,og,tilt,,"{""roll_deg"":14.9,""pitch_deg"":8.7,""steady"":true}"
20.610,left_hand,og,acc,117859,"{""seq"":999,""x_mg"":480,""y_mg"":236,""z_mg"":936}"
20.610,left_hand,og,tilt,,"{""roll_deg"":16.2,""pitch_deg"":9.5,""steady"":true}"
20.641,left_hand,og,acc,117880,"{""seq"":1000,""x_mg"":408,""y_mg"":152,""z_mg"":904}"
20.641,left_hand,og,tilt,,"{""roll_deg"":17.4,""pitch_deg"":10.2,""steady"":true}"
20.672,left_hand,og,acc,117901,"{""seq"":1001,""x_mg"":400,""y_mg"":92,""z_mg"":852}"
20.672,left_hand,og,tilt,,"{""roll_deg"":18.0,""pitch_deg"":10.8,""steady"":true}"
20.672,left_hand,og,acc,117921,"{""seq"":1002,""x_mg"":312,""y_mg"":20,""z_mg"":800}"
20.672,left_hand,og,tilt,,"{""roll_deg"":18.0,""pitch_deg"":11.1,""steady"":true}"
20.704,left_hand,og,acc,117942,"{""seq"":1003,""x_mg"":248,""y_mg"":-44,""z_mg"":808}"
20.704,left_hand,og,tilt,,"{""roll_deg"":17.5,""pitch_deg"":11.3,""steady"":true}"
20.704,left_hand,og,acc,117962,"{""seq"":1004,""x_mg"":136,""y_mg"":-92,""z_mg"":772}"
20.704,left_hand,og,tilt,,"{""roll_deg"":16.6,""pitch_deg"":11.1,""steady"":true}"
20.735,left_hand,og,acc,117983,"{""seq"":1005,""x_mg"":108,""y_mg"":-124,""z_mg"":756}"
20.735,left_hand,og,tilt,,"{""roll_deg"":15.2,""pitch_deg"":10.4,""steady"":true}"
20.766,left_hand,og,acc,118003,"{""seq"":1006,""x_mg"":144,""y_mg"":-128,""z_mg"":772}"
20.766,left_hand,og,tilt,,"{""roll_deg"":13.6,""pitch_deg"":9.0,""steady"":true}"
20.766,left_hand,og,acc,118024,"{""seq"":1007,""x_mg"":164,""y_mg"":-168,""z_mg"":784}"
20.766,left_hand,og,tilt,,"{""roll_deg"":11.8,""pitch_deg"":7.8,""steady"":true}"
20.797,left_hand,og,acc,118045,"{""seq"":1008,""x_mg"":168,""y_mg"":-212,""z_mg"":804}"
20.797,left_hand,og,tilt,,"{""roll_deg"":10.3,""pitch_deg"":6.7,""steady"":true}"
20.813,left_hand,og,acc,118065,"{""seq"":1009,""x_mg"":168,""y_mg"":-212,""z_mg"":848}"
20.813,left_hand,og,tilt,,"{""roll_deg"":8.6,""pitch_deg"":5.9,""steady"":true}"
20.860,left_hand,og,acc,118086,"{""seq"":1010,""x_mg"":168,""y_mg"":-144,""z_mg"":896}"
20.860,left_hand,og,tilt,,"{""roll_deg"":7.1,""pitch_deg"":5.1,""steady"":true}"
20.860,left_hand,og,acc,118106,"{""seq"":1011,""x_mg"":188,""y_mg"":-64,""z_mg"":920}"
20.860,left_hand,og,tilt,,"{""roll_deg"":5.8,""pitch_deg"":4.5,""steady"":true}"
20.891,left_hand,og,acc,118127,"{""seq"":1012,""x_mg"":200,""y_mg"":-36,""z_mg"":960}"
20.891,left_hand,og,tilt,,"{""roll_deg"":5.0,""pitch_deg"":3.9,""steady"":true}"
20.922,left_hand,og,acc,118147,"{""seq"":1013,""x_mg"":200,""y_mg"":-52,""z_mg"":996}"
20.922,left_hand,og,tilt,,"{""roll_deg"":4.9,""pitch_deg"":3.4,""steady"":true}"
20.922,left_hand,og,acc,118168,"{""seq"":1014,""x_mg"":256,""y_mg"":-52,""z_mg"":1012}"
20.922,left_hand,og,tilt,,"{""roll_deg"":5.0,""pitch_deg"":3.0,""steady"":true}"
20.954,left_hand,og,acc,118188,"{""seq"":1015,""x_mg"":292,""y_mg"":-24,""z_mg"":1024}"
20.954,left_hand,og,tilt,,"{""roll_deg"":5.0,""pitch_deg"":2.6,""steady"":true}"
20.985,left_hand,og,acc,118209,"{""seq"":1016,""x_mg"":296,""y_mg"":-16,""z_mg"":1012}"
20.985,left_hand,og,tilt,,"{""roll_deg"":5.2,""pitch_deg"":2.6,""steady"":true}"
20.985,left_hand,og,acc,118230,"{""seq"":1017,""x_mg"":216,""y_mg"":-16,""z_mg"":984}"
20.985,left_hand,og,tilt,,"{""roll_deg"":5.4,""pitch_deg"":2.6,""steady"":true}"
21.000,left_hand,og,acc,118250,"{""seq"":1018,""x_mg"":172,""y_mg"":-12,""z_mg"":976}"
21.000,left_hand,og,tilt,,"{""roll_deg"":5.6,""pitch_deg"":2.6,""steady"":true}"
21.032,left_hand,og,acc,118271,"{""seq"":1019,""x_mg"":168,""y_mg"":-20,""z_mg"":988}"
21.032,left_hand,og,tilt,,"{""roll_deg"":5.8,""pitch_deg"":2.3,""steady"":true}"
21.063,left_hand,og,acc,118291,"{""seq"":1020,""x_mg"":168,""y_mg"":-52,""z_mg"":980}"
21.063,left_hand,og,tilt,,"{""roll_deg"":6.0,""pitch_deg"":1.9,""steady"":true}"
21.063,left_hand,og,acc,118312,"{""seq"":1021,""x_mg"":140,""y_mg"":-68,""z_mg"":976}"
21.063,left_hand,og,tilt,,"{""roll_deg"":6.2,""pitch_deg"":1.4,""steady"":true}"
21.094,left_hand,og,acc,118332,"{""seq"":1022,""x_mg"":120,""y_mg"":-60,""z_mg"":968}"
21.094,left_hand,og,tilt,,"{""roll_deg"":6.1,""pitch_deg"":1.0,""steady"":true}"
21.125,left_hand,og,acc,118353,"{""seq"":1023,""x_mg"":128,""y_mg"":-24,""z_mg"":948}"
21.125,left_hand,og,tilt,,"{""roll_deg"":6.0,""pitch_deg"":0.4,""steady"":true}"
21.125,left_hand,og,acc,118373,"{""seq"":1024,""x_mg"":120,""y_mg"":-12,""z_mg"":964}"
21.125,left_hand,og,tilt,,"{""roll_deg"":5.9,""pitch_deg"":-0.1,""steady"":true}"
21.157,left_hand,og,acc,118394,"{""seq"":1025,""x_mg"":140,""y_mg"":-60,""z_mg"":1000}"
21.157,left_hand,og,tilt,,"{""roll_deg"":5.8,""pitch_deg"":-0.6,""steady"":true}"
21.188,left_hand,og,acc,118415,"{""seq"":1026,""x_mg"":180,""y_mg"":-100,""z_mg"":996}"
21.188,left_hand,og,tilt,,"{""roll_deg"":5.7,""pitch_deg"":-1.0,""steady"":true}"
21.188,left_hand,og,acc,118435,"{""seq"":1027,""x_mg"":228,""y_mg"":-96,""z_mg"":988}"
21.188,left_hand,og,tilt,,"{""roll_deg"":5.6,""pitch_deg"":-1.3,""steady"":true}"
21.219,left_hand,og,acc,118456,"{""seq"":1028,""x_mg"":220,""y_mg"":-48,""z_mg"":984}"
21.219,left_hand,og,tilt,,"{""roll_deg"":5.5,""pitch_deg"":-1.3,""steady"":true}"
21.235,left_hand,og,acc,118476,"{""seq"":1029,""x_mg"":228,""y_mg"":-12,""z_mg"":988}"
21.235,left_hand,og,tilt,,"{""roll_deg"":5.4,""pitch_deg"":-1.1,""steady"":true}"
21.266,left_hand,og,acc,118497,"{""seq"":1030,""x_mg"":236,""y_mg"":-28,""z_mg"":980}"
21.266,left_hand,og,tilt,,"{""roll_deg"":5.4,""pitch_deg"":-0.8,""steady"":true}"
21.266,left_hand,og,acc,118517,"{""seq"":1031,""x_mg"":232,""y_mg"":-44,""z_mg"":992}"
21.266,left_hand,og,tilt,,"{""roll_deg"":5.5,""pitch_deg"":-0.5,""steady"":true}"
21.297,left_hand,og,acc,118538,"{""seq"":1032,""x_mg"":268,""y_mg"":-48,""z_mg"":984}"
21.297,left_hand,og,tilt,,"{""roll_deg"":5.5,""pitch_deg"":-0.3,""steady"":true}"
21.329,left_hand,og,acc,118559,"{""seq"":1033,""x_mg"":276,""y_mg"":-56,""z_mg"":992}"
21.329,left_hand,og,tilt,,"{""roll_deg"":5.5,""pitch_deg"":-0.0,""steady"":true}"
21.329,left_hand,og,acc,118579,"{""seq"":1034,""x_mg"":272,""y_mg"":-52,""z_mg"":968}"
21.329,left_hand,og,tilt,,"{""roll_deg"":5.5,""pitch_deg"":0.4,""steady"":true}"
21.360,left_hand,og,acc,118600,"{""seq"":1035,""x_mg"":240,""y_mg"":-36,""z_mg"":948}"
21.360,left_hand,og,tilt,,"{""roll_deg"":5.5,""pitch_deg"":0.8,""steady"":true}"
21.360,left_hand,og,acc,118620,"{""seq"":1036,""x_mg"":220,""y_mg"":-12,""z_mg"":940}"
21.360,left_hand,og,tilt,,"{""roll_deg"":5.5,""pitch_deg"":1.1,""steady"":true}"
21.391,,game,drop,,"{""n"":6}"
21.391,left_hand,og,acc,118641,"{""seq"":1037,""x_mg"":260,""y_mg"":-36,""z_mg"":952}"
21.391,left_hand,og,tilt,,"{""roll_deg"":5.6,""pitch_deg"":1.4,""steady"":true}"
21.422,left_hand,og,acc,118661,"{""seq"":1038,""x_mg"":248,""y_mg"":-56,""z_mg"":940}"
21.422,left_hand,og,tilt,,"{""roll_deg"":5.7,""pitch_deg"":1.6,""steady"":true}"
21.438,left_hand,og,acc,118682,"{""seq"":1039,""x_mg"":216,""y_mg"":-60,""z_mg"":936}"
21.438,left_hand,og,tilt,,"{""roll_deg"":5.7,""pitch_deg"":1.7,""steady"":true}"
21.469,left_hand,og,acc,118703,"{""seq"":1040,""x_mg"":212,""y_mg"":-44,""z_mg"":928}"
21.469,left_hand,og,tilt,,"{""roll_deg"":5.7,""pitch_deg"":1.7,""steady"":true}"
21.469,left_hand,og,acc,118723,"{""seq"":1041,""x_mg"":176,""y_mg"":-32,""z_mg"":924}"
21.469,left_hand,og,tilt,,"{""roll_deg"":5.7,""pitch_deg"":1.6,""steady"":true}"
21.500,left_hand,og,acc,118744,"{""seq"":1042,""x_mg"":176,""y_mg"":-40,""z_mg"":948}"
21.500,left_hand,og,tilt,,"{""roll_deg"":5.7,""pitch_deg"":1.6,""steady"":true}"
21.532,left_hand,og,acc,118764,"{""seq"":1043,""x_mg"":232,""y_mg"":-80,""z_mg"":952}"
21.547,left_hand,og,tilt,,"{""roll_deg"":5.7,""pitch_deg"":1.5,""steady"":true}"
21.547,left_hand,og,acc,118785,"{""seq"":1044,""x_mg"":296,""y_mg"":-76,""z_mg"":964}"
21.547,left_hand,og,tilt,,"{""roll_deg"":5.7,""pitch_deg"":1.5,""steady"":true}"
21.579,left_hand,og,acc,118805,"{""seq"":1045,""x_mg"":268,""y_mg"":-44,""z_mg"":956}"
21.579,left_hand,og,tilt,,"{""roll_deg"":5.7,""pitch_deg"":1.5,""steady"":true}"
21.579,left_hand,og,acc,118826,"{""seq"":1046,""x_mg"":216,""y_mg"":-8,""z_mg"":960}"
21.579,left_hand,og,tilt,,"{""roll_deg"":5.7,""pitch_deg"":1.6,""steady"":true}"
21.610,left_hand,og,acc,118847,"{""seq"":1047,""x_mg"":272,""y_mg"":12,""z_mg"":984}"
21.610,left_hand,og,tilt,,"{""roll_deg"":5.7,""pitch_deg"":1.8,""steady"":true}"
21.625,left_hand,og,acc,118867,"{""seq"":1048,""x_mg"":320,""y_mg"":-20,""z_mg"":988}"
21.625,left_hand,og,tilt,,"{""roll_deg"":5.9,""pitch_deg"":2.1,""steady"":true}"
21.657,left_hand,og,acc,118888,"{""seq"":1049,""x_mg"":328,""y_mg"":-20,""z_mg"":992}"
21.657,left_hand,og,tilt,,"{""roll_deg"":6.0,""pitch_deg"":2.3,""steady"":true}"
21.688,left_hand,og,acc,118908,"{""seq"":1050,""x_mg"":368,""y_mg"":4,""z_mg"":992}"
21.688,left_hand,og,tilt,,"{""roll_deg"":6.2,""pitch_deg"":2.8,""steady"":true}"
21.688,left_hand,og,acc,118929,"{""seq"":1051,""x_mg"":356,""y_mg"":28,""z_mg"":980}"
21.688,left_hand,og,tilt,,"{""roll_deg"":6.5,""pitch_deg"":3.2,""steady"":true}"
21.719,left_hand,og,acc,118949,"{""seq"":1052,""x_mg"":304,""y_mg"":36,""z_mg"":960}"
21.719,left_hand,og,tilt,,"{""roll_deg"":6.8,""pitch_deg"":3.6,""steady"":true}"
21.719,left_hand,og,acc,118970,"{""seq"":1053,""x_mg"":352,""y_mg"":36,""z_mg"":976}"
21.719,left_hand,og,tilt,,"{""roll_deg"":7.1,""pitch_deg"":4.2,""steady"":true}"
21.750,left_hand,og,acc,118991,"{""seq"":1054,""x_mg"":352,""y_mg"":16,""z_mg"":972}"
21.750,left_hand,og,tilt,,"{""roll_deg"":7.5,""pitch_deg"":4.7,""steady"":true}"
21.782,left_hand,og,acc,119011,"{""seq"":1055,""x_mg"":316,""y_mg"":8,""z_mg"":964}"
21.782,left_hand,og,tilt,,"{""roll_deg"":7.8,""pitch_deg"":5.1,""steady"":true}"
21.782,left_hand,og,acc,119032,"{""seq"":1056,""x_mg"":284,""y_mg"":12,""z_mg"":936}"
21.782,left_hand,og,tilt,,"{""roll_deg"":8.0,""pitch_deg"":5.2,""steady"":true}"
21.813,left_hand,og,acc,119052,"{""seq"":1057,""x_mg"":268,""y_mg"":12,""z_mg"":900}"
21.813,left_hand,og,tilt,,"{""roll_deg"":8.1,""pitch_deg"":5.4,""steady"":true}"
21.829,left_hand,og,acc,119073,"{""seq"":1058,""x_mg"":256,""y_mg"":-4,""z_mg"":908}"
21.829,left_hand,og,tilt,,"{""roll_deg"":8.2,""pitch_deg"":5.4,""steady"":true}"
21.860,left_hand,og,acc,119093,"{""seq"":1059,""x_mg"":312,""y_mg"":-12,""z_mg"":924}"
21.860,left_hand,og,tilt,,"{""roll_deg"":8.3,""pitch_deg"":5.3,""steady"":true}"
21.860,left_hand,og,acc,119114,"{""seq"":1060,""x_mg"":316,""y_mg"":-32,""z_mg"":920}"
21.860,left_hand,og,tilt,,"{""roll_deg"":8.3,""pitch_deg"":5.3,""steady"":true}"
21.891,left_hand,og,acc,119134,"{""seq"":1061,""x_mg"":348,""y_mg"":-32,""z_mg"":928}"
21.891,left_hand,og,tilt,,"{""roll_deg"":8.2,""pitch_deg"":5.5,""steady"":true}"
21.922,left_hand,og,acc,119155,"{""seq"":1062,""x_mg"":352,""y_mg"":16,""z_mg"":912}"
21.922,left_hand,og,tilt,,"{""roll_deg"":8.1,""pitch_deg"":5.7,""steady"":true}"
21.922,left_hand,og,acc,119176,"{""seq"":1063,""x_mg"":372,""y_mg"":64,""z_mg"":924}"
21.922,left_hand,og,tilt,,"{""roll_deg"":8.0,""pitch_deg"":6.1,""steady"":true}"
21.954,left_hand,og,acc,119196,"{""seq"":1064,""x_mg"":408,""y_mg"":56,""z_mg"":944}"
21.954,left_hand,og,tilt,,"{""roll_deg"":8.2,""pitch_deg"":6.5,""steady"":true}"
21.985,left_hand,og,acc,119217,"{""seq"":1065,""x_mg"":372,""y_mg"":36,""z_mg"":952}"
21.985,left_hand,og,tilt,,"{""roll_deg"":8.5,""pitch_deg"":6.9,""steady"":true}"
21.985,left_hand,og,acc,119237,"{""seq"":1066,""x_mg"":340,""y_mg"":36,""z_mg"":948}"
21.985,left_hand,og,tilt,,"{""roll_deg"":8.7,""pitch_deg"":7.2,""steady"":true}"
22.016,left_hand,og,acc,119258,"{""seq"":1067,""x_mg"":328,""y_mg"":68,""z_mg"":956}"
22.016,left_hand,og,tilt,,"{""roll_deg"":9.1,""pitch_deg"":7.5,""steady"":true}"
22.032,left_hand,og,acc,119278,"{""seq"":1068,""x_mg"":316,""y_mg"":52,""z_mg"":956}"
22.032,left_hand,og,tilt,,"{""roll_deg"":9.4,""pitch_deg"":7.6,""steady"":true}"
22.032,left_hand,og,acc,119299,"{""seq"":1069,""x_mg"":308,""y_mg"":8,""z_mg"":940}"
22.032,left_hand,og,tilt,,"{""roll_deg"":9.5,""pitch_deg"":7.5,""steady"":true}"
22.063,left_hand,og,acc,119320,"{""seq"":1070,""x_mg"":288,""y_mg"":-16,""z_mg"":948}"
22.063,left_hand,og,tilt,,"{""roll_deg"":9.6,""pitch_deg"":7.4,""steady"":true}"
22.094,left_hand,og,acc,119340,"{""seq"":1071,""x_mg"":312,""y_mg"":-32,""z_mg"":940}"
22.094,left_hand,og,tilt,,"{""roll_deg"":9.5,""pitch_deg"":7.3,""steady"":true}"
22.125,left_hand,og,acc,119361,"{""seq"":1072,""x_mg"":312,""y_mg"":-56,""z_mg"":928}"
22.125,left_hand,og,tilt,,"{""roll_deg"":9.3,""pitch_deg"":7.2,""steady"":true}"
22.125,left_hand,og,acc,119381,"{""seq"":1073,""x_mg"":296,""y_mg"":-40,""z_mg"":944}"
22.125,left_hand,og,tilt,,"{""roll_deg"":8.9,""pitch_deg"":7.1,""steady"":true}"
22.157,left_hand,og,acc,119402,"{""seq"":1074,""x_mg"":292,""y_mg"":-52,""z_mg"":952}"
22.157,left_hand,og,tilt,,"{""roll_deg"":8.6,""pitch_deg"":7.0,""steady"":true}"
22.188,left_hand,og,acc,119422,"{""seq"":1075,""x_mg"":300,""y_mg"":-64,""z_mg"":936}"
22.188,left_hand,og,tilt,,"{""roll_deg"":8.2,""pitch_deg"":6.8,""steady"":true}"
22.188,left_hand,og,acc,119443,"{""seq"":1076,""x_mg"":304,""y_mg"":-40,""z_mg"":944}"
22.188,left_hand,og,tilt,,"{""roll_deg"":7.8,""pitch_deg"":6.7,""steady"":true}"
22.235,left_hand,og,acc,119464,"{""seq"":1077,""x_mg"":288,""y_mg"":-16,""z_mg"":952}"
22.235,left_hand,og,tilt,,"{""roll_deg"":7.6,""pitch_deg"":6.6,""steady"":true}"
22.250,left_hand,og,acc,119484,"{""seq"":1078,""x_mg"":292,""y_mg"":-20,""z_mg"":960}"
22.250,left_hand,og,tremor,,"{""rms_mg"":28.8,""peak_hz"":11.4}"
22.250,left_hand,og,tilt,,"{""roll_deg"":7.4,""pitch_deg"":6.5,""steady"":true}"
22.250,left_hand,og,acc,119505,"{""seq"":1079,""x_mg"":312,""y_mg"":-16,""z_mg"":968}"
22.250,left_hand,og,tilt,,"{""roll_deg"":7.3,""pitch_deg"":6.4,""steady"":true}"
22.282,left_hand,og,acc,119525,"{""seq"":1080,""x_mg"":324,""y_mg"":-16,""z_mg"":964}"
22.282,left_hand,og,tilt,,"{""roll_deg"":7.3,""pitch_deg"":6.4,""steady"":true}"
22.313,left_hand,og,acc,119546,"{""seq"":1081,""x_mg"":308,""y_mg"":-16,""z_mg"":956}"
22.313,left_hand,og,tilt,,"{""roll_deg"":7.3,""pitch_deg"":6.4,""steady"":true}"
22.344,left_hand,og,acc,119566,"{""seq"":1082,""x_mg"":336,""y_mg"":-24,""z_mg"":956}"
22.344,left_hand,og,tilt,,"{""roll_deg"":7.3,""pitch_deg"":6.3,""steady"":true}"
22.344,left_hand,og,acc,119587,"{""seq"":1083,""x_mg"":376,""y_mg"":-12,""z_mg"":964}"
22.344,left_hand,og,tilt,,"{""roll_deg"":7.4,""pitch_deg"":6.4,""steady"":true}"
22.375,left_hand,og,acc,119608,"{""seq"":1084,""x_mg"":332,""y_mg"":-40,""z_mg"":976}"
22.375,left_hand,og,tilt,,"{""roll_deg"":7.4,""pitch_deg"":6.5,""steady"":true}"
22.375,left_hand,og,acc,119628,"{""seq"":1085,""x_mg"":320,""y_mg"":-28,""z_mg"":964}"
22.375,left_hand,og,tilt,,"{""roll_deg"":7.3,""pitch_deg"":6.5,""steady"":true}"
22.407,left_hand,og,acc,119649,"{""seq"":1086,""x_mg"":292,""y_mg"":12,""z_mg"":960}"
22.407,left_hand,og,tilt,,"{""roll_deg"":7.2,""pitch_deg"":6.6,""steady"":true}"
22.438,left_hand,og,acc,119669,"{""seq"":1087,""x_mg"":244,""y_mg"":36,""z_mg"":956}"
22.438,left_hand,og,tilt,,"{""roll_deg"":7.3,""pitch_deg"":6.6,""steady"":true}"
22.438,left_hand,og,acc,119690,"{""seq"":1088,""x_mg"":188,""y_mg"":20,""z_mg"":944}"
22.438,left_hand,og,tilt,,"{""roll_deg"":7.5,""pitch_deg"":6.4,""steady"":true}"
22.469,left_hand,og,acc,119710,"{""seq"":1089,""x_mg"":192,""y_mg"":-16,""z_mg"":960}"
22.469,left_hand,og,tilt,,"{""roll_deg"":7.7,""pitch_deg"":6.0,""steady"":true}"
22.485,left_hand,og,acc,119731,"{""seq"":1090,""x_mg"":204,""y_mg"":-60,""z_mg"":964}"
22.485,left_hand,og,tilt,,"{""roll_deg"":7.8,""pitch_deg"":5.3,""steady"":true}"
22.500,,game,brick,,"{""n"":12}"
22.516,left_hand,og,acc,119751,"{""seq"":1091,""x_mg"":180,""y_mg"":-76,""z_mg"":948}"
22.516,left_hand,og,tilt,,"{""roll_deg"":7.8,""pitch_deg"":4.6,""steady"":true}"
22.516,left_hand,og,acc,119772,"{""seq"":1092,""x_mg"":168,""y_mg"":-84,""z_mg"":956}"
22.516,left_hand,og,tilt,,"{""roll_deg"":7.4,""pitch_deg"":4.0,""steady"":true}"
22.547,left_hand,og,acc,119793,"{""seq"":1093,""x_mg"":180,""y_mg"":-96,""z_mg"":952}"
22.547,left_hand,og,tilt,,"{""roll_deg"":7.0,""pitch_deg"":3.4,""steady"":true}"
22.579,left_hand,og,acc,119813,"{""seq"":1094,""x_mg"":192,""y_mg"":-104,""z_mg"":960}"
22.579,left_hand,og,tilt,,"{""roll_deg"":6.5,""pitch_deg"":2.9,""steady"":true}"
22.579,left_hand,og,acc,119834,"{""seq"":1095,""x_mg"":188,""y_mg"":-116,""z_mg"":972}"
22.579,left_hand,og,tilt,,"{""roll_deg"":6.1,""pitch_deg"":2.4,""steady"":true}"
22.610,left_hand,og,acc,119854,"{""seq"":1096,""x_mg"":180,""y_mg"":-144,""z_mg"":984}"
22.610,left_hand,og,tilt,,"{""roll_deg"":5.6,""pitch_deg"":2.0,""steady"":true}"
22.641,left_hand,og,acc,119875,"{""seq"":1097,""x_mg"":204,""y_mg"":-128,""z_mg"":988}"
22.641,left_hand,og,tilt,,"{""roll_deg"":5.1,""pitch_deg"":1.7,""steady"":true}"
22.641,left_hand,og,acc,119895,"{""seq"":1098,""x_mg"":240,""y_mg"":-68,""z_mg"":1000}"
22.641,left_hand,og,tilt,,"{""roll_deg"":4.7,""pitch_deg"":1.4,""steady"":true}"
22.657,left_hand,og,acc,119916,"{""seq"":1099,""x_mg"":200,""y_mg"":-48,""z_mg"":1000}"
22.657,left_hand,og,tilt,,"{""roll_deg"":4.3,""pitch_deg"":1.2,""steady"":true}"
22.688,left_hand,og,acc,119937,"{""seq"":1100,""x_mg"":204,""y_mg"":-72,""z_mg"":1000}"
22.688,left_hand,og,tilt,,"{""roll_deg"":4.3,""pitch_deg"":1.0,""steady"":true}"
22.719,left_hand,og,acc,119957,"{""seq"":1101,""x_mg"":236,""y_mg"":-76,""z_mg"":992}"
22.719,left_hand,og,tilt,,"{""roll_deg"":4.3,""pitch_deg"":0.9,""steady"":true}"
22.719,left_hand,og,acc,119978,"{""seq"":1102,""x_mg"":232,""y_mg"":-68,""z_mg"":988}"
22.719,left_hand,og,tilt,,"{""roll_deg"":4.3,""pitch_deg"":1.0,""steady"":true}"
22.750,left_hand,og,acc,119998,"{""seq"":1103,""x_mg"":212,""y_mg"":-60,""z_mg"":972}"
22.750,left_hand,og,tilt,,"{""roll_deg"":4.3,""pitch_deg"":0.9,""steady"":true}"
22.782,left_hand,og,acc,120019,"{""seq"":1104,""x_mg"":236,""y_mg"":-68,""z_mg"":972}"
22.782,left_hand,og,tilt,,"{""roll_deg"":4.3,""pitch_deg"":1.0,""steady"":true}"
22.782,left_hand,og,acc,120039,"{""seq"":1105,""x_mg"":264,""y_mg"":-52,""z_mg"":980}"
22.782,left_hand,og,tilt,,"{""roll_deg"":4.3,""pitch_deg"":1.1,""steady"":true}"
22.813,left_hand,og,acc,120060,"{""seq"":1106,""x_mg"":248,""y_mg"":-28,""z_mg"":976}"
22.813,left_hand,og,tilt,,"{""roll_deg"":4.4,""pitch_deg"":1.2,""steady"":true}"
22.829,left_hand,og,acc,120081,"{""seq"":1107,""x_mg"":228,""y_mg"":-48,""z_mg"":980}"
22.829,left_hand,og,tilt,,"{""roll_deg"":4.5,""pitch_deg"":1.3,""steady"":true}"
22.860,left_hand,og,acc,120101,"{""seq"":1108,""x_mg"":244,""y_mg"":-68,""z_mg"":956}"
22.860,left_hand,og,tilt,,"{""roll_deg"":4.6,""pitch_deg"":1.4,""steady"":true}"
22.860,left_hand,og,acc,120122,"{""seq"":1109,""x_mg"":320,""y_mg"":-56,""z_mg"":960}"
22.860,left_hand,og,tilt,,"{""roll_deg"":4.7,""pitch_deg"":1.6,""steady"":true}"
22.907,left_hand,og,acc,120142,"{""seq"":1110,""x_mg"":332,""y_mg"":-36,""z_mg"":948}"
22.907,left_hand,og,tilt,,"{""roll_deg"":4.8,""pitch_deg"":1.7,""steady"":true}"
22.938,left_hand,og,acc,120163,"{""seq"":1111,""x_mg"":304,""y_mg"":-44,""z_mg"":944}"
22.938,left_hand,og,tilt,,"{""roll_deg"":4.9,""pitch_deg"":2.2,""steady"":true}"
22.938,left_hand,og,acc,120183,"{""seq"":1112,""x_mg"":348,""y_mg"":-36,""z_mg"":936}"
22.938,left_hand,og,tilt,,"{""roll_deg"":5.0,""pitch_deg"":2.8,""steady"":true}"
22.969,left_hand,og,acc,120204,"{""seq"":1113,""x_mg"":380,""y_mg"":-20,""z_mg"":944}"
22.969,left_hand,og,tilt,,"{""roll_deg"":5.1,""pitch_deg"":3.3,""steady"":true}"
23.000,left_hand,og,acc,120224,"{""seq"":1114,""x_mg"":368,""y_mg"":-12,""z_mg"":936}"
23.000,left_hand,og,tilt,,"{""roll_deg"":5.2,""pitch_deg"":4.0,""steady"":true}"
23.000,left_hand,og,acc,120245,"{""seq"":1115,""x_mg"":344,""y_mg"":-16,""z_mg"":932}"
23.000,left_hand,og,tilt,,"{""roll_deg"":5.4,""pitch_deg"":4.5,""steady"":true}"
23.032,left_hand,og,acc,120266,"{""seq"":1116,""x_mg"":340,""y_mg"":-16,""z_mg"":928}"
23.032,left_hand,og,tilt,,"{""roll_deg"":5.7,""pitch_deg"":5.0,""steady"":true}"
23.063,left_hand,og,acc,120286,"{""seq"":1117,""x_mg"":340,""y_mg"":4,""z_mg"":936}"
23.063,left_hand,og,tilt,,"{""roll_deg"":5.9,""pitch_deg"":5.5,""steady"":true}"
23.063,left_hand,og,acc,120307,"{""seq"":1118,""x_mg"":316,""y_mg"":-24,""z_mg"":920}"
23.063,left_hand,og,tilt,,"{""roll_deg"":6.1,""pitch_deg"":5.8,""steady"":true}"
23.079,left_hand,og,acc,120327,"{""seq"":1119,""x_mg"":336,""y_mg"":-48,""z_mg"":912}"
23.079,left_hand,og,tilt,,"{""roll_deg"":6.2,""pitch_deg"":6.1,""steady"":true}"
23.110,left_hand,og,acc,120348,"{""seq"":1120,""x_mg"":336,""y_mg"":-52,""z_mg"":908}"
23.110,left_hand,og,tilt,,"{""roll_deg"":6.3,""pitch_deg"":6.4,""steady"":true}"
23.141,left_hand,og,acc,120368,"{""seq"":1121,""x_mg"":332,""y_mg"":-52,""z_mg"":920}"
23.141,left_hand,og,tilt,,"{""roll_deg"":6.2,""pitch_deg"":6.6,""steady"":true}"
23.141,left_hand,og,acc,120389,"{""seq"":1122,""x_mg"":356,""y_mg"":-60,""z_mg"":932}"
23.141,left_hand,og,tilt,,"{""roll_deg"":6.0,""pitch_deg"":6.9,""steady"":true}"
23.172,left_hand,og,acc,120410,"{""seq"":1123,""x_mg"":384,""y_mg"":-52,""z_mg"":932}"
23.172,left_hand,og,tilt,,"{""roll_deg"":5.9,""pitch_deg"":7.1,""steady"":true}"
23.204,left_hand,og,acc,120430,"{""seq"":1124,""x_mg"":348,""y_mg"":-52,""z_mg"":944}"
23.204,left_hand,og,tilt,,"{""roll_deg"":5.8,""pitch_deg"":7.2,""steady"":true}"
23.204,left_hand,og,acc,120451,"{""seq"":1125,""x_mg"":340,""y_mg"":-16,""z_mg"":956}"
23.204,left_hand,og,tilt,,"{""roll_deg"":5.7,""pitch_deg"":7.4,""steady"":true}"
23.235,left_hand,og,acc,120471,"{""seq"":1126,""x_mg"":384,""y_mg"":-12,""z_mg"":964}"
23.235,left_hand,og,tilt,,"{""roll_deg"":5.7,""pitch_deg"":7.6,""steady"":true}"
23.266,left_hand,og,acc,120492,"{""seq"":1127,""x_mg"":392,""y_mg"":-32,""z_mg"":976}"
23.266,left_hand,og,tilt,,"{""roll_deg"":5.8,""pitch_deg"":7.9,""steady"":true}"
23.266,left_hand,og,acc,120512,"{""seq"":1128,""x_mg"":376,""y_mg"":-68,""z_mg"":980}"
23.266,left_hand,og,tilt,,"{""roll_deg"":5.8,""pitch_deg"":8.1,""steady"":true}"
23.297,left_hand,og,acc,120533,"{""seq"":1129,""x_mg"":340,""y_mg"":-52,""z_mg"":956}"
23.297,left_hand,og,tilt,,"{""roll_deg"":5.9,""pitch_deg"":8.2,""steady"":true}"
23.313,left_hand,og,acc,120554,"{""seq"":1130,""x_mg"":356,""y_mg"":-52,""z_mg"":944}"
23.313,left_hand,og,tilt,,"{""roll_deg"":5.8,""pitch_deg"":8.3,""steady"":true}"
23.344,left_hand,og,acc,120574,"{""seq"":1131,""x_mg"":320,""y_mg"":-56,""z_mg"":940}"
23.344,left_hand,og,tilt,,"{""roll_deg"":5.8,""pitch_deg"":8.4,""steady"":true}"
23.344,left_hand,og,acc,120595,"{""seq"":1132,""x_mg"":280,""y_mg"":-88,""z_mg"":936}"
23.344,left_hand,og,tilt,,"{""roll_deg"":5.7,""pitch_deg"":8.3,""steady"":true}"
23.375,left_hand,og,acc,120615,"{""seq"":1133,""x_mg"":280,""y_mg"":-128,""z_mg"":948}"
23.375,left_hand,og,tilt,,"{""roll_deg"":5.6,""pitch_deg"":8.2,""steady"":true}"
23.407,left_hand,og,acc,120636,"{""seq"":1134,""x_mg"":256,""y_mg"":-140,""z_mg"":928}"
23.407,left_hand,og,tilt,,"{""roll_deg"":5.3,""pitch_deg"":7.8,""steady"":true}"
23.407,left_hand,og,acc,120656,"{""seq"":1135,""x_mg"":224,""y_mg"":-140,""z_mg"":908}"
23.407,left_hand,og,tilt,,"{""roll_deg"":4.7,""pitch_deg"":7.4,""steady"":true}"
23.438,left_hand,og,acc,120677,"{""seq"":1136,""x_mg"":220,""y_mg"":-128,""z_mg"":924}"
23.438,left_hand,og,tilt,,"{""roll_deg"":4.2,""pitch_deg"":7.0,""steady"":true}"
23.438,left_hand,og,acc,120697,"{""seq"":1137,""x_mg"":216,""y_mg"":-104,""z_mg"":920}"
23.438,left_hand,og,tilt,,"{""roll_deg"":3.7,""pitch_deg"":6.4,""steady"":true}"
23.469,left_hand,og,acc,120718,"{""seq"":1138,""x_mg"":212,""y_mg"":-104,""z_mg"":940}"
23.469,left_hand,og,tilt,,"{""roll_deg"":3.3,""pitch_deg"":5.8,""steady"":true}"
23.500,left_hand,og,acc,120739,"{""seq"":1139,""x_mg"":228,""y_mg"":-132,""z_mg"":952}"
23.500,left_hand,og,tilt,,"{""roll_deg"":3.0,""pitch_deg"":5.3,""steady"":true}"
23.500,left_hand,og,acc,120759,"{""seq"":1140,""x_mg"":192,""y_mg"":-168,""z_mg"":952}"
23.500,left_hand,og,tilt,,"{""roll_deg"":2.7,""pitch_deg"":4.9,""steady"":true}"
23.532,left_hand,og,acc,120780,"{""seq"":1141,""x_mg"":180,""y_mg"":-136,""z_mg"":956}"
23.532,left_hand,og,tilt,,"{""roll_deg"":2.4,""pitch_deg"":4.4,""steady"":true}"
23.579,left_hand,og,acc,120800,"{""seq"":1142,""x_mg"":204,""y_mg"":-88,""z_mg"":984}"
23.579,left_hand,og,tilt,,"{""roll_deg"":2.2,""pitch_deg"":3.9,""steady"":true}"
23.579,left_hand,og,acc,120821,"{""seq"":1143,""x_mg"":128,""y_mg"":-132,""z_mg"":976}"
23.579,left_hand,og,tilt,,"{""roll_deg"":2.0,""pitch_deg"":3.4,""steady"":true}"
23.610,left_hand,og,acc,120841,"{""seq"":1144,""x_mg"":140,""y_mg"":-164,""z_mg"":992}"
23.610,left_hand,og,tilt,,"{""roll_deg"":1.8,""pitch_deg"":2.9,""steady"":true}"
23.641,left_hand,og,acc,120862,"{""seq"":1145,""x_mg"":144,""y_mg"":-180,""z_mg"":980}"
23.641,left_hand,og,tilt,,"{""roll_deg"":1.6,""pitch_deg"":2.1,""steady"":true}"
23.641,left_hand,og,acc,120883,"{""seq"":1146,""x_mg"":180,""y_mg"":-176,""z_mg"":980}"
23.641,left_hand,og,tilt,,"{""roll_deg"":1.3,""pitch_deg"":1.5,""steady"":true}"
23.672,left_hand,og,acc,120903,"{""seq"":1147,""x_mg"":204,""y_mg"":-172,""z_mg"":976}"
23.672,left_hand,og,tilt,,"{""roll_deg"":0.9,""pitch_deg"":0.9,""steady"":true}"
23.704,left_hand,og,acc,120924,"{""seq"":1148,""x_mg"":256,""y_mg"":-140,""z_mg"":968}"
23.704,left_hand,og,tilt,,"{""roll_deg"":0.6,""pitch_deg"":0.6,""steady"":true}"
23.704,left_hand,og,acc,120944,"{""seq"":1149,""x_mg"":256,""y_mg"":-116,""z_mg"":980}"
23.704,left_hand,og,tilt,,"{""roll_deg"":0.3,""pitch_deg"":0.6,""steady"":true}"
23.735,left_hand,og,acc,120965,"{""seq"":1150,""x_mg"":248,""y_mg"":-108,""z_mg"":984}"
23.735,left_hand,og,tilt,,"{""roll_deg"":0.3,""pitch_deg"":0.8,""steady"":true}"
23.735,left_hand,og,acc,120985,"{""seq"":1151,""x_mg"":244,""y_mg"":-96,""z_mg"":972}"
23.735,left_hand,og,tilt,,"{""roll_deg"":0.5,""pitch_deg"":1.0,""steady"":true}"
23.766,left_hand,og,acc,121006,"{""seq"":1152,""x_mg"":244,""y_mg"":-92,""z_mg"":984}"
23.766,left_hand,og,tilt,,"{""roll_deg"":0.6,""pitch_deg"":1.2,""steady"":true}"
23.797,left_hand,og,acc,121027,"{""seq"":1153,""x_mg"":240,""y_mg"":-88,""z_mg"":980}"
23.797,left_hand,og,tilt,,"{""roll_deg"":0.9,""pitch_deg"":1.3,""steady"":true}"
23.797,left_hand,og,acc,121047,"{""seq"":1154,""x_mg"":232,""y_mg"":-84,""z_mg"":968}"
23.797,left_hand,og,tilt,,"{""roll_deg"":1.1,""pitch_deg"":1.4,""steady"":true}"
23.829,left_hand,og,acc,121068,"{""seq"":1155,""x_mg"":292,""y_mg"":-96,""z_mg"":948}"
23.829,left_hand,og,tilt,,"{""roll_deg"":1.4,""pitch_deg"":1.5,""steady"":true}"
23.860,left_hand,og,acc,121088,"{""seq"":1156,""x_mg"":292,""y_mg"":-96,""z_mg"":956}"
23.860,left_hand,og,tilt,,"{""roll_deg"":1.6,""pitch_deg"":1.6,""steady"":true}"
23.860,left_hand,og,acc,121109,"{""seq"":1157,""x_mg"":256,""y_mg"":-92,""z_mg"":952}"
23.860,left_hand,og,tilt,,"{""roll_deg"":1.7,""pitch_deg"":1.8,""steady"":true}"
23.891,left_hand,og,acc,121129,"{""seq"":1158,""x_mg"":224,""y_mg"":-80,""z_mg"":944}"
23.891,left_hand,og,tilt,,"{""roll_deg"":1.8,""pitch_deg"":2.0,""steady"":true}"
23.907,left_hand,og,acc,121150,"{""seq"":1159,""x_mg"":236,""y_mg"":-88,""z_mg"":924}"
23.907,left_hand,og,tilt,,"{""roll_deg"":2.0,""pitch_deg"":2.1,""steady"":true}"
23.907,left_hand,og,acc,121171,"{""seq"":1160,""x_mg"":244,""y_mg"":-64,""z_mg"":924}"
23.907,left_hand,og,tilt,,"{""roll_deg"":2.1,""pitch_deg"":2.3,""steady"":true}"
23.938,left_hand,og,acc,121191,"{""seq"":1161,""x_mg"":212,""y_mg"":-80,""z_mg"":932}"
23.938,left_hand,og,tilt,,"{""roll_deg"":2.2,""pitch_deg"":2.3,""steady"":true}"
23.969,left_hand,og,acc,121212,"{""seq"":1162,""x_mg"":152,""y_mg"":-128,""z_mg"":936}"
23.969,left_hand,og,tilt,,"{""roll_deg"":2.4,""pitch_deg"":2.2,""steady"":true}"
24.000,left_hand,og,acc,121232,"{""seq"":1163,""x_mg"":160,""y_mg"":-160,""z_mg"":940}"
24.000,left_hand,og,tilt,,"{""roll_deg"":2.4,""pitch_deg"":2.1,""steady"":true}"
24.000,left_hand,og,acc,121253,"{""seq"":1164,""x_mg"":264,""y_mg"":-144,""z_mg"":968}"
24.000,left_hand,og,tilt,,"{""roll_deg"":2.2,""pitch_deg"":2.0,""steady"":true}"
24.032,left_hand,og,acc,121273,"{""seq"":1165,""x_mg"":280,""y_mg"":-136,""z_mg"":968}"
24.032,left_hand,og,tilt,,"{""roll_deg"":2.0,""pitch_deg"":1.9,""steady"":true}"
24.063,left_hand,og,acc,121294,"{""seq"":1166,""x_mg"":236,""y_mg"":-144,""z_mg"":960}"
24.063,left_hand,og,tilt,,"{""roll_deg"":1.7,""pitch_deg"":1.9,""steady"":true}"
24.063,left_hand,og,acc,121315,"{""seq"":1167,""x_mg"":272,""y_mg"":-140,""z_mg"":952}"
24.063,left_hand,og,tilt,,"{""roll_deg"":1.5,""pitch_deg"":2.1,""steady"":true}"
24.094,left_hand,og,acc,121335,"{""seq"":1168,""x_mg"":392,""y_mg"":-120,""z_mg"":988}"
24.094,left_hand,og,tilt,,"{""roll_deg"":1.3,""pitch_deg"":2.3,""steady"":true}"
24.110,left_hand,og,acc,121356,"{""seq"":1169,""x_mg"":348,""y_mg"":-112,""z_mg"":968}"
24.110,left_hand,og,tilt,,"{""roll_deg"":1.2,""pitch_deg"":2.6,""steady"":true}"
24.141,left_hand,og,acc,121376,"{""seq"":1170,""x_mg"":256,""y_mg"":-116,""z_mg"":936}"
24.141,left_hand,og,tilt,,"{""roll_deg"":1.2,""pitch_deg"":2.8,""steady"":true}"
24.141,left_hand,og,acc,121397,"{""seq"":1171,""x_mg"":232,""y_mg"":-92,""z_mg"":936}"
24.141,left_hand,og,tilt,,"{""roll_deg"":1.2,""pitch_deg"":3.0,""steady"":true}"
24.172,left_hand,og,acc,121417,"{""seq"":1172,""x_mg"":296,""y_mg"":-60,""z_mg"":972}"
24.172,left_hand,og,tilt,,"{""roll_deg"":1.3,""pitch_deg"":3.2,""steady"":true}"
24.204,left_hand,og,acc,121438,"{""seq"":1173,""x_mg"":300,""y_mg"":-52,""z_mg"":984}"
24.204,left_hand,og,tilt,,"{""roll_deg"":1.5,""pitch_deg"":3.5,""steady"":true}"
24.204,left_hand,og,acc,121458,"{""seq"":1174,""x_mg"":252,""y_mg"":-80,""z_mg"":976}"
24.204,left_hand,og,tilt,,"{""roll_deg"":1.7,""pitch_deg"":3.5,""steady"":true}"
24.235,left_hand,og,acc,121479,"{""seq"":1175,""x_mg"":224,""y_mg"":-104,""z_mg"":940}"
24.235,left_hand,og,tilt,,"{""roll_deg"":2.0,""pitch_deg"":3.4,""steady"":true}"
24.235,left_hand,og,acc,121500,"{""seq"":1176,""x_mg"":276,""y_mg"":-140,""z_mg"":936}"
24.235,left_hand,og,tremor,,"{""rms_mg"":29.9,""peak_hz"":8.5}"
24.235,left_hand,og,tilt,,"{""roll_deg"":2.2,""pitch_deg"":3.6,""steady"":true}"
24.282,left_hand,og,acc,121520,"{""seq"":1177,""x_mg"":336,""y_mg"":-176,""z_mg"":936}"
24.282,left_hand,og,tilt,,"{""roll_deg"":2.1,""pitch_deg"":3.7,""steady"":true}"
24.313,left_hand,og,acc,121541,"{""seq"":1178,""x_mg"":328,""y_mg"":-148,""z_mg"":880}"
24.313,left_hand,og,tilt,,"{""roll_deg"":1.9,""pitch_deg"":3.8,""steady"":true}"
24.313,left_hand,og,acc,121561,"{""seq"":1179,""x_mg"":284,""y_mg"":-68,""z_mg"":864}"
24.313,left_hand,og,tilt,,"{""roll_deg"":1.6,""pitch_deg"":4.1,""steady"":true}"
24.329,left_hand,og,acc,121582,"{""seq"":1180,""x_mg"":324,""y_mg"":-36,""z_mg"":832}"
24.329,left_hand,og,tilt,,"{""roll_deg"":1.4,""pitch_deg"":4.6,""steady"":true}"
24.360,left_hand,og,acc,121602,"{""seq"":1181,""x_mg"":332,""y_mg"":-52,""z_mg"":816}"
24.360,left_hand,og,tilt,,"{""roll_deg"":1.7,""pitch_deg"":5.1,""steady"":true}"
24.391,left_hand,og,acc,121623,"{""seq"":1182,""x_mg"":388,""y_mg"":-96,""z_mg"":892}"
24.391,left_hand,og,tilt,,"{""roll_deg"":1.9,""pitch_deg"":5.6,""steady"":true}"
24.422,left_hand,og,acc,121644,"{""seq"":1183,""x_mg"":440,""y_mg"":-140,""z_mg"":920}"
24.422,left_hand,og,tilt,,"{""roll_deg"":2.2,""pitch_deg"":6.2,""steady"":true}"
24.422,left_hand,og,acc,121664,"{""seq"":1184,""x_mg"":448,""y_mg"":-140,""z_mg"":956}"
24.422,left_hand,og,tilt,,"{""roll_deg"":2.2,""pitch_deg"":6.9,""steady"":true}"
24.454,left_hand,og,acc,121685,"{""seq"":1185,""x_mg"":412,""y_mg"":-120,""z_mg"":944}"
24.454,left_hand,og,tilt,,"{""roll_deg"":2.0,""pitch_deg"":7.5,""steady"":true}"
24.454,left_hand,og,acc,121705,"{""seq"":1186,""x_mg"":404,""y_mg"":-72,""z_mg"":932}"
24.454,left_hand,og,tilt,,"{""roll_deg"":1.9,""pitch_deg"":8.0,""steady"":true}"
24.485,left_hand,og,acc,121726,"{""seq"":1187,""x_mg"":412,""y_mg"":-4,""z_mg"":892}"
24.485,left_hand,og,tilt,,"{""roll_deg"":1.8,""pitch_deg"":8.6,""steady"":true}"
24.516,left_hand,og,acc,121746,"{""seq"":1188,""x_mg"":464,""y_mg"":28,""z_mg"":876}"
24.516,left_hand,og,tilt,,"{""roll_deg"":2.1,""pitch_deg"":9.2,""steady"":true}"
24.516,left_hand,og,acc,121767,"{""seq"":1189,""x_mg"":484,""y_mg"":28,""z_mg"":852}"
24.516,left_hand,og,tilt,,"{""roll_deg"":2.8,""pitch_deg"":9.6,""steady"":true}"
24.532,left_hand,og,acc,121787,"{""seq"":1190,""x_mg"":452,""y_mg"":48,""z_mg"":884}"
24.532,left_hand,og,tilt,,"{""roll_deg"":3.7,""pitch_deg"":10.3,""steady"":true}"
24.563,left_hand,og,acc,121808,"{""seq"":1191,""x_mg"":412,""y_mg"":104,""z_mg"":876}"
24.563,left_hand,og,tilt,,"{""roll_deg"":4.5,""pitch_deg"":10.9,""steady"":true}"
24.594,left_hand,og,acc,121829,"{""seq"":1192,""x_mg"":468,""y_mg"":100,""z_mg"":868}"
24.594,left_hand,og,tilt,,"{""roll_deg"":5.3,""pitch_deg"":11.6,""steady"":true}"
24.594,left_hand,og,acc,121849,"{""seq"":1193,""x_mg"":488,""y_mg"":72,""z_mg"":844}"
24.594,left_hand,og,tilt,,"{""roll_deg"":6.2,""pitch_deg"":12.2,""steady"":true}"
24.625,left_hand,og,acc,121870,"{""seq"":1194,""x_mg"":440,""y_mg"":52,""z_mg"":876}"
24.625,left_hand,og,tilt,,"{""roll_deg"":7.1,""pitch_deg"":12.5,""steady"":true}"
24.657,left_hand,og,acc,121890,"{""seq"":1195,""x_mg"":404,""y_mg"":20,""z_mg"":940}"
24.657,left_hand,og,tilt,,"{""roll_deg"":7.8,""pitch_deg"":12.8,""steady"":true}"
24.657,left_hand,og,acc,121911,"{""seq"":1196,""x_mg"":420,""y_mg"":144,""z_mg"":900}"
24.657,left_hand,og,tilt,,"{""roll_deg"":8.5,""pitch_deg"":13.1,""steady"":true}"
24.688,left_hand,og,acc,121931,"{""seq"":1197,""x_mg"":392,""y_mg"":136,""z_mg"":980}"
24.688,left_hand,og,tilt,,"{""roll_deg"":9.0,""pitch_deg"":13.1,""steady"":true}"
24.719,left_hand,og,acc,121952,"{""seq"":1198,""x_mg"":356,""y_mg"":56,""z_mg"":952}"
24.719,left_hand,og,tilt,,"{""roll_deg"":9.4,""pitch_deg"":12.9,""steady"":true}"
24.719,left_hand,og,acc,121973,"{""seq"":1199,""x_mg"":324,""y_mg"":-80,""z_mg"":1020}"
24.719,left_hand,og,tilt,,"{""roll_deg"":9.6,""pitch_deg"":12.6,""steady"":true}"
24.750,left_hand,og,acc,121993,"{""seq"":1200,""x_mg"":312,""y_mg"":-116,""z_mg"":1056}"
24.750,left_hand,og,tilt,,"{""roll_deg"":9.9,""pitch_deg"":12.1,""steady"":true}"
24.766,left_hand,og,acc,122014,"{""seq"":1201,""x_mg"":320,""y_mg"":-12,""z_mg"":1048}"
24.766,left_hand,og,tilt,,"{""roll_deg"":9.6,""pitch_deg"":11.4,""steady"":true}"
24.797,left_hand,og,acc,122034,"{""seq"":1202,""x_mg"":316,""y_mg"":4,""z_mg"":1016}"
24.797,left_hand,og,tilt,,"{""roll_deg"":9.4,""pitch_deg"":10.7,""steady"":true}"
24.813,left_hand,og,acc,122055,"{""seq"":1203,""x_mg"":324,""y_mg"":-144,""z_mg"":972}"
24.813,left_hand,og,tilt,,"{""roll_deg"":8.7,""pitch_deg"":10.1,""steady"":true}"
24.844,left_hand,og,acc,122075,"{""seq"":1204,""x_mg"":316,""y_mg"":-164,""z_mg"":952}"
24.844,left_hand,og,tilt,,"{""roll_deg"":7.9,""pitch_deg"":9.5,""steady"":true}"
24.844,left_hand,og,acc,122096,"{""seq"":1205,""x_mg"":304,""y_mg"":-128,""z_mg"":948}"
24.844,left_hand,og,tilt,,"{""roll_deg"":7.0,""pitch_deg"":9.1,""steady"":true}"
24.875,left_hand,og,acc,122117,"{""seq"":1206,""x_mg"":272,""y_mg"":-88,""z_mg"":968}"
24.875,left_hand,og,tilt,,"{""roll_deg"":6.3,""pitch_deg"":8.7,""steady"":true}"
24.907,left_hand,og,acc,122137,"{""seq"":1207,""x_mg"":264,""y_mg"":-56,""z_mg"":1020}"
24.907,left_hand,og,tilt,,"{""roll_deg"":5.6,""pitch_deg"":8.4,""steady"":true}"
24.907,left_hand,og,acc,122158,"{""seq"":1208,""x_mg"":224,""y_mg"":-4,""z_mg"":1068}"
24.907,left_hand,og,tilt,,"{""roll_deg"":5.3,""pitch_deg"":7.9,""steady"":true}"
24.938,left_hand,og,acc,122178,"{""seq"":1209,""x_mg"":180,""y_mg"":-72,""z_mg"":1044}"
24.938,left_hand,og,tilt,,"{""roll_deg"":5.2,""pitch_deg"":7.3,""steady"":true}"
24.954,left_hand,og,acc,122199,"{""seq"":1210,""x_mg"":232,""y_mg"":-52,""z_mg"":992}"
24.954,left_hand,og,tilt,,"{""roll_deg"":5.2,""pitch_deg"":6.6,""steady"":true}"
24.985,left_hand,og,acc,122219,"{""seq"":1211,""x_mg"":260,""y_mg"":60,""z_mg"":940}"
24.985,left_hand,og,tilt,,"{""roll_deg"":5.2,""pitch_deg"":6.0,""steady"":true}"
25.016,left_hand,og,acc,122240,"{""seq"":1212,""x_mg"":252,""y_mg"":32,""z_mg"":952}"
25.016,left_hand,og,tilt,,"{""roll_deg"":5.6,""pitch_deg"":5.4,""steady"":true}"
25.016,left_hand,og,acc,122261,"{""seq"":1213,""x_mg"":280,""y_mg"":-104,""z_mg"":956}"
25.016,left_hand,og,tilt,,"{""roll_deg"":5.5,""pitch_deg"":5.1,""steady"":true}"
25.032,left_hand,og,acc,122281,"{""seq"":1214,""x_mg"":320,""y_mg"":-136,""z_mg"":968}"
25.032,left_hand,og,tilt,,"{""roll_deg"":5.5,""pitch_deg"":5.0,""steady"":true}"
25.063,left_hand,og,acc,122302,"{""seq"":1215,""x_mg"":312,""y_mg"":-76,""z_mg"":944}"
25.063,left_hand,og,tilt,,"{""roll_deg"":5.3,""pitch_deg"":4.9,""steady"":true}"
25.079,left_hand,og,acc,122322,"{""seq"":1216,""x_mg"":288,""y_mg"":-60,""z_mg"":932}"
25.079,left_hand,og,tilt,,"{""roll_deg"":5.1,""pitch_deg"":5.0,""steady"":true}"
25.110,left_hand,og,acc,122343,"{""seq"":1217,""x_mg"":272,""y_mg"":-96,""z_mg"":920}"
25.110,left_hand,og,tilt,,"{""roll_deg"":4.8,""pitch_deg"":5.1,""steady"":true}"
25.110,left_hand,og,acc,122363,"{""seq"":1218,""x_mg"":260,""y_mg"":-140,""z_mg"":956}"
25.110,left_hand,og,tilt,,"{""roll_deg"":4.5,""pitch_deg"":5.1,""steady"":true}"
25.141,left_hand,og,acc,122384,"{""seq"":1219,""x_mg"":236,""y_mg"":-116,""z_mg"":984}"
25.141,left_hand,og,tilt,,"{""roll_deg"":4.2,""pitch_deg"":5.1,""steady"":true}"
25.157,left_hand,og,acc,122404,"{""seq"":1220,""x_mg"":220,""y_mg"":-68,""z_mg"":1004}"
25.157,left_hand,og,tilt,,"{""roll_deg"":4.0,""pitch_deg"":4.9,""steady"":true}"
25.188,left_hand,og,acc,122425,"{""seq"":1221,""x_mg"":216,""y_mg"":-84,""z_mg"":988}"
25.188,left_hand,og,tilt,,"{""roll_deg"":3.8,""pitch_deg"":4.5,""steady"":true}"
25.204,left_hand,og,acc,122446,"{""seq"":1222,""x_mg"":260,""y_mg"":-100,""z_mg"":944}"
25.204,left_hand,og,tilt,,"{""roll_deg"":3.6,""pitch_deg"":4.2,""steady"":true}"
25.235,left_hand,og,acc,122466,"{""seq"":1223,""x_mg"":284,""y_mg"":-84,""z_mg"":948}"
25.235,left_hand,og,tilt,,"{""roll_deg"":3.6,""pitch_deg"":3.9,""steady"":true}"
25.235,left_hand,og,acc,122487,"{""seq"":1224,""x_mg"":264,""y_mg"":-80,""z_mg"":960}"
25.235,left_hand,og,tilt,,"{""roll_deg"":3.6,""pitch_deg"":3.9,""steady"":true}"
25.250,left_hand,og,acc,122507,"{""seq"":1225,""x_mg"":264,""y_mg"":-44,""z_mg"":976}"
25.250,left_hand,og,tilt,,"{""roll_deg"":3.6,""pitch_deg"":3.8,""steady"":true}"
25.282,left_hand,og,acc,122528,"{""seq"":1226,""x_mg"":264,""y_mg"":-60,""z_mg"":976}"
25.282,left_hand,og,tilt,,"{""roll_deg"":3.6,""pitch_deg"":3.8,""steady"":true}"
25.313,left_hand,og,acc,122548,"{""seq"":1227,""x_mg"":268,""y_mg"":-72,""z_mg"":992}"
25.313,left_hand,og,tilt,,"{""roll_deg"":3.6,""pitch_deg"":3.8,""steady"":true}"
25.329,left_hand,og,acc,122569,"{""seq"":1228,""x_mg"":276,""y_mg"":-76,""z_mg"":972}"
25.329,left_hand,og,tilt,,"{""roll_deg"":3.7,""pitch_deg"":3.7,""steady"":true}"
25.360,left_hand,og,acc,122590,"{""seq"":1229,""x_mg"":296,""y_mg"":-64,""z_mg"":948}"
25.360,left_hand,og,tilt,,"{""roll_deg"":3.8,""pitch_deg"":3.7,""steady"":true}"
25.360,left_hand,og,acc,122610,"{""seq"":1230,""x_mg"":304,""y_mg"":-68,""z_mg"":936}"
25.360,left_hand,og,tilt,,"{""roll_deg"":3.8,""pitch_deg"":3.7,""steady"":true}"
25.391,left_hand,og,acc,122631,"{""seq"":1231,""x_mg"":276,""y_mg"":-76,""z_mg"":940}"
25.391,left_hand,og,tilt,,"{""roll_deg"":3.9,""pitch_deg"":3.9,""steady"":true}"
25.407,left_hand,og,acc,122651,"{""seq"":1232,""x_mg"":260,""y_mg"":-100,""z_mg"":944}"
25.407,left_hand,og,tilt,,"{""roll_deg"":3.9,""pitch_deg"":3.9,""steady"":true}"
25.438,left_hand,og,acc,122672,"{""seq"":1233,""x_mg"":240,""y_mg"":-88,""z_mg"":956}"
25.438,left_hand,og,tilt,,"{""roll_deg"":3.9,""pitch_deg"":4.0,""steady"":true}"
25.438,left_hand,og,acc,122692,"{""seq"":1234,""x_mg"":232,""y_mg"":-80,""z_mg"":984}"
25.438,left_hand,og,tilt,,"{""roll_deg"":3.8,""pitch_deg"":4.0,""steady"":true}"
25.454,left_hand,og,acc,122713,"{""seq"":1235,""x_mg"":240,""y_mg"":-76,""z_mg"":968}"
25.454,left_hand,og,tilt,,"{""roll_deg"":3.8,""pitch_deg"":3.8,""steady"":true}"
25.485,left_hand,og,acc,122734,"{""seq"":1236,""x_mg"":276,""y_mg"":-48,""z_mg"":960}"
25.485,left_hand,og,tilt,,"{""roll_deg"":3.8,""pitch_deg"":3.6,""steady"":true}"
25.516,left_hand,og,acc,122754,"{""seq"":1237,""x_mg"":288,""y_mg"":-88,""z_mg"":932}"
25.516,left_hand,og,tilt,,"{""roll_deg"":3.8,""pitch_deg"":3.5,""steady"":true}"
25.547,left_hand,og,acc,122775,"{""seq"":1238,""x_mg"":276,""y_mg"":-76,""z_mg"":952}"
25.547,left_hand,og,tilt,,"{""roll_deg"":3.8,""pitch_deg"":3.6,""steady"":true}"
25.547,left_hand,og,acc,122795,"{""seq"":1239,""x_mg"":268,""y_mg"":-76,""z_mg"":960}"
25.547,left_hand,og,tilt,,"{""roll_deg"":3.8,""pitch_deg"":3.7,""steady"":true}"
25.547,,game,brick,,"{""n"":13}"
25.563,left_hand,og,acc,122816,"{""seq"":1240,""x_mg"":280,""y_mg"":-92,""z_mg"":956}"
25.563,left_hand,og,tilt,,"{""roll_deg"":3.8,""pitch_deg"":3.8,""steady"":true}"
25.579,left_hand,og,acc,122836,"{""seq"":1241,""x_mg"":276,""y_mg"":-88,""z_mg"":976}"
25.579,left_hand,og,tilt,,"{""roll_deg"":3.7,""pitch_deg"":3.8,""steady"":true}"
25.610,left_hand,og,acc,122857,"{""seq"":1242,""x_mg"":260,""y_mg"":-68,""z_mg"":956}"
25.610,left_hand,og,tilt,,"{""roll_deg"":3.7,""pitch_deg"":3.9,""steady"":true}"
25.625,left_hand,og,acc,122878,"{""seq"":1243,""x_mg"":252,""y_mg"":-68,""z_mg"":960}"
25.625,left_hand,og,tilt,,"{""roll_deg"":3.7,""pitch_deg"":3.9,""steady"":true}"
25.641,left_hand,og,acc,122898,"{""seq"":1244,""x_mg"":256,""y_mg"":-96,""z_mg"":980}"
25.641,left_hand,og,tilt,,"{""roll_deg"":3.7,""pitch_deg"":3.8,""steady"":true}"
25.672,left_hand,og,acc,122919,"{""seq"":1245,""x_mg"":276,""y_mg"":-104,""z_mg"":952}"
25.672,left_hand,og,tilt,,"{""roll_deg"":3.6,""pitch_deg"":3.8,""steady"":true}"
25.688,left_hand,og,acc,122939,"{""seq"":1246,""x_mg"":272,""y_mg"":-84,""z_mg"":956}"
25.688,left_hand,og,tilt,,"{""roll_deg"":3.6,""pitch_deg"":3.8,""steady"":true}"
25.719,left_hand,og,acc,122960,"{""seq"":1247,""x_mg"":264,""y_mg"":-76,""z_mg"":960}"
25.719,left_hand,og,tilt,,"{""roll_deg"":3.5,""pitch_deg"":3.7,""steady"":true}"
25.750,left_hand,og,acc,122980,"{""seq"":1248,""x_mg"":276,""y_mg"":-72,""z_mg"":952}"
25.750,left_hand,og,tilt,,"{""roll_deg"":3.5,""pitch_deg"":3.8,""steady"":true}"
25.750,left_hand,og,acc,123001,"{""seq"":1249,""x_mg"":268,""y_mg"":-72,""z_mg"":964}"
25.750,left_hand,og,tilt,,"{""roll_deg"":3.5,""pitch_deg"":3.8,""steady"":true}"
25.766,left_hand,og,acc,123021,"{""seq"":1250,""x_mg"":280,""y_mg"":-84,""z_mg"":960}"
25.766,left_hand,og,tilt,,"{""roll_deg"":3.6,""pitch_deg"":3.9,""steady"":true}"
25.813,left_hand,og,acc,123042,"{""seq"":1251,""x_mg"":276,""y_mg"":-88,""z_mg"":948}"
25.813,left_hand,og,tilt,,"{""roll_deg"":3.6,""pitch_deg"":3.9,""steady"":true}"
25.813,left_hand,og,acc,123063,"{""seq"":1252,""x_mg"":276,""y_mg"":-88,""z_mg"":956}"
25.813,left_hand,og,tilt,,"{""roll_deg"":3.6,""pitch_deg"":4.0,""steady"":true}"
25.829,left_hand,og,acc,123083,"{""seq"":1253,""x_mg"":264,""y_mg"":-72,""z_mg"":964}"
25.829,left_hand,og,tilt,,"{""roll_deg"":3.5,""pitch_deg"":4.1,""steady"":true}"
25.829,left_hand,og,acc,123104,"{""seq"":1254,""x_mg"":268,""y_mg"":-60,""z_mg"":960}"
25.829,left_hand,og,tilt,,"{""roll_deg"":3.5,""pitch_deg"":4.1,""steady"":true}"
25.875,left_hand,og,acc,123124,"{""seq"":1255,""x_mg"":276,""y_mg"":-96,""z_mg"":960}"
25.875,left_hand,og,tilt,,"{""roll_deg"":3.5,""pitch_deg"":4.1,""steady"":true}"
25.891,left_hand,og,acc,123145,"{""seq"":1256,""x_mg"":280,""y_mg"":-88,""z_mg"":956}"
25.891,left_hand,og,tilt,,"{""roll_deg"":3.4,""pitch_deg"":4.1,""steady"":true}"
25.907,left_hand,og,acc,123165,"{""seq"":1257,""x_mg"":276,""y_mg"":-80,""z_mg"":960}"
25.907,left_hand,og,tilt,,"{""roll_deg"":3.4,""pitch_deg"":4.2,""steady"":true}"
25.938,left_hand,og,acc,123186,"{""seq"":1258,""x_mg"":272,""y_mg"":-80,""z_mg"":948}"
25.938,left_hand,og,tilt,,"{""roll_deg"":3.4,""pitch_deg"":4.2,""steady"":true}"
25.954,left_hand,og,acc,123207,"{""seq"":1259,""x_mg"":268,""y_mg"":-96,""z_mg"":952}"
25.954,left_hand,og,tilt,,"{""roll_deg"":3.4,""pitch_deg"":4.2,""steady"":true}"
25.985,left_hand,og,acc,123227,"{""seq"":1260,""x_mg"":264,""y_mg"":-96,""z_mg"":960}"
25.985,left_hand,og,tilt,,"{""roll_deg"":3.4,""pitch_deg"":4.2,""steady"":true}"
25.985,left_hand,og,acc,123248,"{""seq"":1261,""x_mg"":276,""y_mg"":-88,""z_mg"":980}"
25.985,left_hand,og,tilt,,"{""roll_deg"":3.3,""pitch_deg"":4.2,""steady"":true}"
26.016,left_hand,og,acc,123268,"{""seq"":1262,""x_mg"":260,""y_mg"":-24,""z_mg"":1020}"
26.016,left_hand,og,tilt,,"{""roll_deg"":3.3,""pitch_deg"":4.2,""steady"":true}"
26.047,left_hand,og,acc,123289,"{""seq"":1263,""x_mg"":272,""y_mg"":-68,""z_mg"":992}"
26.047,left_hand,og,tilt,,"{""roll_deg"":3.3,""pitch_deg"":4.1,""steady"":true}"
