t_s,role,source,channel,dev_ms,fields
0.047,right_hand,og,acc,2615924,"{""seq"":0,""x_mg"":204,""y_mg"":-8,""z_mg"":848}"
0.047,right_hand,og,tilt,,"{""roll_deg"":0.0,""pitch_deg"":0.0,""steady"":true}"
0.094,right_hand,og,acc,2615945,"{""seq"":1,""x_mg"":160,""y_mg"":-28,""z_mg"":864}"
0.094,right_hand,og,tilt,,"{""roll_deg"":0.0,""pitch_deg"":0.0,""steady"":true}"
0.094,right_hand,og,acc,2615965,"{""seq"":2,""x_mg"":160,""y_mg"":-8,""z_mg"":1004}"
0.094,right_hand,og,tilt,,"{""roll_deg"":0.0,""pitch_deg"":-0.0,""steady"":true}"
0.110,right_hand,og,acc,2615986,"{""seq"":3,""x_mg"":188,""y_mg"":-20,""z_mg"":1080}"
0.110,right_hand,og,tilt,,"{""roll_deg"":0.0,""pitch_deg"":-0.5,""steady"":true}"
0.141,right_hand,og,acc,2616006,"{""seq"":4,""x_mg"":192,""y_mg"":-92,""z_mg"":1072}"
0.141,right_hand,og,tilt,,"{""roll_deg"":0.0,""pitch_deg"":-0.9,""steady"":true}"
0.172,right_hand,og,acc,2616027,"{""seq"":5,""x_mg"":160,""y_mg"":-148,""z_mg"":1028}"
0.172,right_hand,og,tilt,,"{""roll_deg"":-0.2,""pitch_deg"":-1.4,""steady"":true}"
0.172,right_hand,og,acc,2616048,"{""seq"":6,""x_mg"":172,""y_mg"":-140,""z_mg"":932}"
0.172,right_hand,og,tilt,,"{""roll_deg"":-1.6,""pitch_deg"":-1.7,""steady"":true}"
0.203,right_hand,og,acc,2616068,"{""seq"":7,""x_mg"":200,""y_mg"":-76,""z_mg"":984}"
0.203,right_hand,og,tilt,,"{""roll_deg"":-2.8,""pitch_deg"":-1.8,""steady"":true}"
0.219,right_hand,og,acc,2616089,"{""seq"":8,""x_mg"":184,""y_mg"":-36,""z_mg"":1056}"
0.219,right_hand,og,tilt,,"{""roll_deg"":-2.9,""pitch_deg"":-2.0,""steady"":true}"
0.250,right_hand,og,acc,2616109,"{""seq"":9,""x_mg"":208,""y_mg"":-72,""z_mg"":1004}"
0.250,right_hand,og,tilt,,"{""roll_deg"":-3.0,""pitch_deg"":-2.0,""steady"":true}"
0.281,right_hand,og,acc,2616130,"{""seq"":10,""x_mg"":240,""y_mg"":-136,""z_mg"":960}"
0.281,right_hand,og,tilt,,"{""roll_deg"":-3.0,""pitch_deg"":-2.0,""steady"":true}"
0.281,right_hand,og,acc,2616150,"{""seq"":11,""x_mg"":244,""y_mg"":-140,""z_mg"":912}"
0.281,right_hand,og,tilt,,"{""roll_deg"":-3.8,""pitch_deg"":-2.0,""steady"":true}"
0.313,right_hand,og,acc,2616171,"{""seq"":12,""x_mg"":248,""y_mg"":-96,""z_mg"":904}"
0.313,right_hand,og,tilt,,"{""roll_deg"":-4.5,""pitch_deg"":-2.0,""steady"":true}"
0.344,right_hand,og,acc,2616192,"{""seq"":13,""x_mg"":240,""y_mg"":-92,""z_mg"":900}"
0.344,right_hand,og,tilt,,"{""roll_deg"":-4.6,""pitch_deg"":-1.9,""steady"":true}"
0.344,right_hand,og,acc,2616212,"{""seq"":14,""x_mg"":248,""y_mg"":-152,""z_mg"":880}"
0.344,right_hand,og,tilt,,"{""roll_deg"":-4.7,""pitch_deg"":-1.5,""steady"":true}"
0.375,right_hand,og,acc,2616233,"{""seq"":15,""x_mg"":224,""y_mg"":-96,""z_mg"":896}"
0.375,right_hand,og,tilt,,"{""roll_deg"":-4.7,""pitch_deg"":-1.1,""steady"":true}"
0.406,right_hand,og,acc,2616253,"{""seq"":16,""x_mg"":208,""y_mg"":-64,""z_mg"":936}"
0.406,right_hand,og,tilt,,"{""roll_deg"":-4.8,""pitch_deg"":-0.9,""steady"":true}"
0.406,right_hand,og,acc,2616274,"{""seq"":17,""x_mg"":188,""y_mg"":-40,""z_mg"":956}"
0.406,right_hand,og,tilt,,"{""roll_deg"":-4.8,""pitch_deg"":-0.9,""steady"":true}"
0.438,right_hand,og,acc,2616294,"{""seq"":18,""x_mg"":180,""y_mg"":-36,""z_mg"":1012}"
0.438,right_hand,og,tilt,,"{""roll_deg"":-4.8,""pitch_deg"":-0.9,""steady"":true}"
0.469,right_hand,og,acc,2616315,"{""seq"":19,""x_mg"":140,""y_mg"":-80,""z_mg"":1040}"
0.469,right_hand,og,tilt,,"{""roll_deg"":-4.8,""pitch_deg"":-0.9,""steady"":true}"
0.469,right_hand,og,acc,2616336,"{""seq"":20,""x_mg"":108,""y_mg"":-96,""z_mg"":1064}"
0.469,right_hand,og,tilt,,"{""roll_deg"":-4.8,""pitch_deg"":-1.1,""steady"":true}"
0.500,right_hand,og,acc,2616356,"{""seq"":21,""x_mg"":96,""y_mg"":-72,""z_mg"":1060}"
0.500,right_hand,og,tilt,,"{""roll_deg"":-4.7,""pitch_deg"":-2.2,""steady"":true}"
0.516,right_hand,og,acc,2616377,"{""seq"":22,""x_mg"":88,""y_mg"":-72,""z_mg"":1060}"
0.516,right_hand,og,tilt,,"{""roll_deg"":-4.6,""pitch_deg"":-3.4,""steady"":true}"
0.516,right_hand,og,acc,2616397,"{""seq"":23,""x_mg"":96,""y_mg"":-104,""z_mg"":1032}"
0.516,right_hand,og,tilt,,"{""roll_deg"":-4.6,""pitch_deg"":-4.5,""steady"":true}"
0.547,right_hand,og,acc,2616418,"{""seq"":24,""x_mg"":92,""y_mg"":-120,""z_mg"":1016}"
0.547,right_hand,og,tilt,,"{""roll_deg"":-4.6,""pitch_deg"":-5.4,""steady"":true}"
0.563,,game,brick,,"{""n"":1}"
0.578,right_hand,og,acc,2616438,"{""seq"":25,""x_mg"":108,""y_mg"":-124,""z_mg"":992}"
0.578,right_hand,og,tilt,,"{""roll_deg"":-4.6,""pitch_deg"":-6.0,""steady"":true}"
0.578,right_hand,og,acc,2616459,"{""seq"":26,""x_mg"":136,""y_mg"":-132,""z_mg"":980}"
0.578,right_hand,og,tilt,,"{""roll_deg"":-4.6,""pitch_deg"":-6.2,""steady"":true}"
0.610,right_hand,og,acc,2616479,"{""seq"":27,""x_mg"":164,""y_mg"":-128,""z_mg"":968}"
0.610,right_hand,og,tilt,,"{""roll_deg"":-4.6,""pitch_deg"":-6.2,""steady"":true}"
0.641,right_hand,og,acc,2616500,"{""seq"":28,""x_mg"":176,""y_mg"":-116,""z_mg"":960}"
0.641,right_hand,og,tilt,,"{""roll_deg"":-4.8,""pitch_deg"":-6.2,""steady"":true}"
0.672,right_hand,og,acc,2616521,"{""seq"":29,""x_mg"":184,""y_mg"":-96,""z_mg"":952}"
0.672,right_hand,og,tilt,,"{""roll_deg"":-4.9,""pitch_deg"":-6.0,""steady"":true}"
0.703,right_hand,og,acc,2616541,"{""seq"":30,""x_mg"":192,""y_mg"":-92,""z_mg"":960}"
0.703,right_hand,og,tilt,,"{""roll_deg"":-4.9,""pitch_deg"":-5.7,""steady"":true}"
0.703,right_hand,og,acc,2616562,"{""seq"":31,""x_mg"":200,""y_mg"":-76,""z_mg"":980}"
0.703,right_hand,og,tilt,,"{""roll_deg"":-4.9,""pitch_deg"":-5.5,""steady"":true}"
0.735,right_hand,og,acc,2616582,"{""seq"":32,""x_mg"":200,""y_mg"":-68,""z_mg"":992}"
0.735,right_hand,og,tilt,,"{""roll_deg"":-4.9,""pitch_deg"":-5.2,""steady"":true}"
0.735,right_hand,og,acc,2616603,"{""seq"":33,""x_mg"":188,""y_mg"":-80,""z_mg"":968}"
0.735,right_hand,og,tilt,,"{""roll_deg"":-4.9,""pitch_deg"":-4.9,""steady"":true}"
0.750,right_hand,og,acc,2616623,"{""seq"":34,""x_mg"":180,""y_mg"":-84,""z_mg"":980}"
0.750,right_hand,og,tilt,,"{""roll_deg"":-4.9,""pitch_deg"":-4.6,""steady"":true}"
0.781,right_hand,og,acc,2616644,"{""seq"":35,""x_mg"":160,""y_mg"":-88,""z_mg"":1024}"
0.781,right_hand,og,tilt,,"{""roll_deg"":-4.9,""pitch_deg"":-4.5,""steady"":true}"
0.813,right_hand,og,acc,2616665,"{""seq"":36,""x_mg"":148,""y_mg"":-112,""z_mg"":1004}"
0.813,right_hand,og,tilt,,"{""roll_deg"":-4.9,""pitch_deg"":-4.5,""steady"":true}"
0.813,right_hand,og,acc,2616685,"{""seq"":37,""x_mg"":164,""y_mg"":-124,""z_mg"":984}"
0.813,right_hand,og,tilt,,"{""roll_deg"":-4.9,""pitch_deg"":-4.5,""steady"":true}"
0.828,right_hand,og,acc,2616706,"{""seq"":38,""x_mg"":180,""y_mg"":-128,""z_mg"":984}"
0.828,right_hand,og,tilt,,"{""roll_deg"":-4.9,""pitch_deg"":-4.5,""steady"":true}"
0.860,right_hand,og,acc,2616726,"{""seq"":39,""x_mg"":160,""y_mg"":-144,""z_mg"":964}"
0.860,right_hand,og,tilt,,"{""roll_deg"":-4.9,""pitch_deg"":-4.5,""steady"":true}"
0.891,right_hand,og,acc,2616747,"{""seq"":40,""x_mg"":196,""y_mg"":-204,""z_mg"":964}"
0.891,right_hand,og,tilt,,"{""roll_deg"":-5.2,""pitch_deg"":-4.5,""steady"":true}"
0.922,right_hand,og,acc,2616767,"{""seq"":41,""x_mg"":180,""y_mg"":-164,""z_mg"":980}"
0.922,right_hand,og,tilt,,"{""roll_deg"":-5.6,""pitch_deg"":-4.4,""steady"":true}"
0.922,right_hand,og,acc,2616788,"{""seq"":42,""x_mg"":172,""y_mg"":-176,""z_mg"":980}"
0.922,right_hand,og,tilt,,"{""roll_deg"":-6.3,""pitch_deg"":-4.3,""steady"":true}"
0.938,right_hand,og,acc,2616809,"{""seq"":43,""x_mg"":176,""y_mg"":-196,""z_mg"":964}"
0.938,right_hand,og,tilt,,"{""roll_deg"":-6.8,""pitch_deg"":-4.2,""steady"":true}"
0.953,right_hand,og,acc,2616829,"{""seq"":44,""x_mg"":176,""y_mg"":-64,""z_mg"":1020}"
0.953,right_hand,og,tilt,,"{""roll_deg"":-7.3,""pitch_deg"":-4.2,""steady"":true}"
0.985,right_hand,og,acc,2616850,"{""seq"":45,""x_mg"":168,""y_mg"":88,""z_mg"":1020}"
0.985,right_hand,og,tilt,,"{""roll_deg"":-7.3,""pitch_deg"":-4.2,""steady"":true}"
1.016,right_hand,og,acc,2616870,"{""seq"":46,""x_mg"":172,""y_mg"":144,""z_mg"":864}"
1.016,right_hand,og,tilt,,"{""roll_deg"":-5.8,""pitch_deg"":-4.2,""steady"":true}"
1.016,right_hand,og,acc,2616891,"{""seq"":47,""x_mg"":212,""y_mg"":140,""z_mg"":880}"
1.016,right_hand,og,tilt,,"{""roll_deg"":-1.9,""pitch_deg"":-4.1,""steady"":true}"
1.031,right_hand,og,acc,2616911,"{""seq"":48,""x_mg"":232,""y_mg"":68,""z_mg"":916}"
1.031,right_hand,og,tilt,,"{""roll_deg"":1.6,""pitch_deg"":-3.5,""steady"":true}"
1.063,right_hand,og,acc,2616932,"{""seq"":49,""x_mg"":232,""y_mg"":112,""z_mg"":900}"
1.063,right_hand,og,tilt,,"{""roll_deg"":3.4,""pitch_deg"":-2.9,""steady"":true}"
1.094,right_hand,og,acc,2616953,"{""seq"":50,""x_mg"":184,""y_mg"":336,""z_mg"":876}"
1.094,right_hand,og,tilt,,"{""roll_deg"":4.6,""pitch_deg"":-2.2,""steady"":true}"
1.094,right_hand,og,acc,2616973,"{""seq"":51,""x_mg"":176,""y_mg"":400,""z_mg"":856}"
1.094,right_hand,og,tilt,,"{""roll_deg"":11.1,""pitch_deg"":-2.2,""steady"":true}"
1.125,right_hand,og,acc,2616994,"{""seq"":52,""x_mg"":232,""y_mg"":244,""z_mg"":856}"
1.125,right_hand,og,tilt,,"{""roll_deg"":15.3,""pitch_deg"":-2.2,""steady"":true}"
1.156,right_hand,og,acc,2617014,"{""seq"":53,""x_mg"":260,""y_mg"":220,""z_mg"":824}"
1.156,right_hand,og,tilt,,"{""roll_deg"":15.4,""pitch_deg"":-1.9,""steady"":true}"
1.156,right_hand,og,acc,2617035,"{""seq"":54,""x_mg"":208,""y_mg"":468,""z_mg"":812}"
1.156,right_hand,og,tilt,,"{""roll_deg"":15.4,""pitch_deg"":-1.4,""steady"":true}"
1.188,right_hand,og,acc,2617055,"{""seq"":55,""x_mg"":136,""y_mg"":768,""z_mg"":820}"
1.188,right_hand,og,tilt,,"{""roll_deg"":21.3,""pitch_deg"":-1.4,""steady"":true}"
1.219,right_hand,og,acc,2617076,"{""seq"":56,""x_mg"":84,""y_mg"":828,""z_mg"":812}"
1.219,right_hand,og,tilt,,"{""roll_deg"":32.1,""pitch_deg"":-1.4,""steady"":true}"
1.219,right_hand,og,acc,2617097,"{""seq"":57,""x_mg"":140,""y_mg"":584,""z_mg"":816}"
1.219,right_hand,og,tilt,,"{""roll_deg"":37.6,""pitch_deg"":-1.6,""steady"":true}"
1.235,right_hand,og,acc,2617117,"{""seq"":58,""x_mg"":172,""y_mg"":500,""z_mg"":812}"
1.235,right_hand,og,tilt,,"{""roll_deg"":37.3,""pitch_deg"":-2.0,""steady"":true}"
1.266,,game,drop,,"{""n"":1}"
1.266,right_hand,og,acc,2617138,"{""seq"":59,""x_mg"":160,""y_mg"":540,""z_mg"":768}"
1.266,right_hand,og,tilt,,"{""roll_deg"":36.5,""pitch_deg"":-2.2,""steady"":true}"
1.297,right_hand,og,acc,2617158,"{""seq"":60,""x_mg"":128,""y_mg"":584,""z_mg"":764}"
1.297,right_hand,og,tilt,,"{""roll_deg"":36.1,""pitch_deg"":-2.4,""steady"":true}"
1.297,right_hand,og,acc,2617179,"{""seq"":61,""x_mg"":168,""y_mg"":516,""z_mg"":772}"
1.297,right_hand,og,tilt,,"{""roll_deg"":35.9,""pitch_deg"":-2.5,""steady"":true}"
1.344,right_hand,og,acc,2617199,"{""seq"":62,""x_mg"":140,""y_mg"":608,""z_mg"":764}"
1.344,right_hand,og,tilt,,"{""roll_deg"":35.9,""pitch_deg"":-2.9,""steady"":true}"
1.375,right_hand,og,acc,2617220,"{""seq"":63,""x_mg"":120,""y_mg"":716,""z_mg"":728}"
1.375,right_hand,og,tilt,,"{""roll_deg"":36.6,""pitch_deg"":-3.3,""steady"":true}"
1.375,right_hand,og,acc,2617240,"{""seq"":64,""x_mg"":132,""y_mg"":660,""z_mg"":704}"
1.375,right_hand,og,tilt,,"{""roll_deg"":38.8,""pitch_deg"":-3.6,""steady"":true}"
1.406,right_hand,og,acc,2617261,"{""seq"":65,""x_mg"":172,""y_mg"":524,""z_mg"":700}"
1.406,right_hand,og,tilt,,"{""roll_deg"":40.3,""pitch_deg"":-3.9,""steady"":true}"
1.438,right_hand,og,acc,2617282,"{""seq"":66,""x_mg"":192,""y_mg"":504,""z_mg"":688}"
1.438,right_hand,og,tilt,,"{""roll_deg"":39.8,""pitch_deg"":-3.9,""steady"":true}"
1.438,right_hand,og,acc,2617302,"{""seq"":67,""x_mg"":148,""y_mg"":668,""z_mg"":688}"
1.438,right_hand,og,tilt,,"{""roll_deg"":39.0,""pitch_deg"":-3.9,""steady"":true}"
1.453,right_hand,og,acc,2617323,"{""seq"":68,""x_mg"":128,""y_mg"":812,""z_mg"":648}"
1.453,right_hand,og,tilt,,"{""roll_deg"":39.8,""pitch_deg"":-3.9,""steady"":true}"
1.485,right_hand,og,acc,2617343,"{""seq"":69,""x_mg"":144,""y_mg"":784,""z_mg"":620}"
1.485,right_hand,og,tilt,,"{""roll_deg"":43.6,""pitch_deg"":-3.9,""steady"":true}"
1.516,right_hand,og,acc,2617364,"{""seq"":70,""x_mg"":148,""y_mg"":732,""z_mg"":620}"
1.516,right_hand,og,tilt,,"{""roll_deg"":46.4,""pitch_deg"":-3.9,""steady"":true}"
1.516,right_hand,og,acc,2617385,"{""seq"":71,""x_mg"":160,""y_mg"":708,""z_mg"":616}"
1.516,right_hand,og,tilt,,"{""roll_deg"":47.4,""pitch_deg"":-4.0,""steady"":true}"
1.547,right_hand,og,acc,2617405,"{""seq"":72,""x_mg"":152,""y_mg"":716,""z_mg"":644}"
1.547,right_hand,og,tilt,,"{""roll_deg"":47.6,""pitch_deg"":-4.0,""steady"":true}"
1.578,right_hand,og,acc,2617426,"{""seq"":73,""x_mg"":152,""y_mg"":716,""z_mg"":656}"
1.578,right_hand,og,tilt,,"{""roll_deg"":47.6,""pitch_deg"":-4.0,""steady"":true}"
1.578,right_hand,og,acc,2617446,"{""seq"":74,""x_mg"":160,""y_mg"":692,""z_mg"":668}"
1.578,right_hand,og,tilt,,"{""roll_deg"":47.6,""pitch_deg"":-4.0,""steady"":true}"
1.610,right_hand,og,acc,2617467,"{""seq"":75,""x_mg"":160,""y_mg"":672,""z_mg"":688}"
1.610,right_hand,og,tilt,,"{""roll_deg"":47.6,""pitch_deg"":-4.0,""steady"":true}"
1.641,right_hand,og,acc,2617487,"{""seq"":76,""x_mg"":156,""y_mg"":636,""z_mg"":692}"
1.641,right_hand,og,tilt,,"{""roll_deg"":47.0,""pitch_deg"":-4.0,""steady"":true}"
1.641,right_hand,og,acc,2617508,"{""seq"":77,""x_mg"":156,""y_mg"":612,""z_mg"":696}"
1.641,right_hand,og,tilt,,"{""roll_deg"":46.4,""pitch_deg"":-4.0,""steady"":true}"
1.672,right_hand,og,acc,2617529,"{""seq"":78,""x_mg"":148,""y_mg"":624,""z_mg"":692}"
1.672,right_hand,og,tilt,,"{""roll_deg"":46.0,""pitch_deg"":-4.0,""steady"":true}"
1.672,right_hand,og,acc,2617549,"{""seq"":79,""x_mg"":144,""y_mg"":656,""z_mg"":696}"
1.672,right_hand,og,tilt,,"{""roll_deg"":45.7,""pitch_deg"":-4.0,""steady"":true}"
1.703,right_hand,og,acc,2617570,"{""seq"":80,""x_mg"":136,""y_mg"":680,""z_mg"":704}"
1.703,right_hand,og,tilt,,"{""roll_deg"":45.5,""pitch_deg"":-4.0,""steady"":true}"
1.735,right_hand,og,acc,2617590,"{""seq"":81,""x_mg"":144,""y_mg"":652,""z_mg"":696}"
1.735,right_hand,og,tilt,,"{""roll_deg"":45.3,""pitch_deg"":-4.0,""steady"":true}"
1.735,right_hand,og,acc,2617611,"{""seq"":82,""x_mg"":152,""y_mg"":656,""z_mg"":688}"
1.735,right_hand,og,tilt,,"{""roll_deg"":45.1,""pitch_deg"":-4.1,""steady"":true}"
1.766,right_hand,og,acc,2617631,"{""seq"":83,""x_mg"":144,""y_mg"":676,""z_mg"":688}"
1.766,right_hand,og,tilt,,"{""roll_deg"":45.0,""pitch_deg"":-4.1,""steady"":true}"
1.797,right_hand,og,acc,2617652,"{""seq"":84,""x_mg"":164,""y_mg"":628,""z_mg"":684}"
1.797,right_hand,og,tilt,,"{""roll_deg"":44.8,""pitch_deg"":-4.1,""steady"":true}"
1.797,right_hand,og,acc,2617672,"{""seq"":85,""x_mg"":152,""y_mg"":632,""z_mg"":684}"
1.797,right_hand,og,tilt,,"{""roll_deg"":44.5,""pitch_deg"":-4.1,""steady"":true}"
1.828,right_hand,og,acc,2617693,"{""seq"":86,""x_mg"":136,""y_mg"":680,""z_mg"":700}"
1.828,right_hand,og,tilt,,"{""roll_deg"":44.3,""pitch_deg"":-4.1,""steady"":true}"
1.860,right_hand,og,acc,2617714,"{""seq"":87,""x_mg"":136,""y_mg"":716,""z_mg"":692}"
1.860,right_hand,og,tilt,,"{""roll_deg"":44.3,""pitch_deg"":-4.2,""steady"":true}"
1.860,right_hand,og,acc,2617734,"{""seq"":88,""x_mg"":148,""y_mg"":688,""z_mg"":696}"
1.860,right_hand,og,tilt,,"{""roll_deg"":44.3,""pitch_deg"":-4.3,""steady"":true}"
1.891,right_hand,og,acc,2617755,"{""seq"":89,""x_mg"":156,""y_mg"":608,""z_mg"":696}"
1.891,right_hand,og,tilt,,"{""roll_deg"":44.3,""pitch_deg"":-4.3,""steady"":true}"
1.922,right_hand,og,acc,2617775,"{""seq"":90,""x_mg"":172,""y_mg"":596,""z_mg"":704}"
1.922,right_hand,og,tilt,,"{""roll_deg"":44.0,""pitch_deg"":-4.3,""steady"":true}"
1.922,right_hand,og,acc,2617796,"{""seq"":91,""x_mg"":156,""y_mg"":640,""z_mg"":724}"
1.922,right_hand,og,tilt,,"{""roll_deg"":43.6,""pitch_deg"":-4.3,""steady"":true}"
1.953,right_hand,og,acc,2617816,"{""seq"":92,""x_mg"":132,""y_mg"":664,""z_mg"":724}"
1.953,right_hand,og,tilt,,"{""roll_deg"":43.3,""pitch_deg"":-4.3,""steady"":true}"
1.953,right_hand,og,acc,2617837,"{""seq"":93,""x_mg"":132,""y_mg"":688,""z_mg"":696}"
1.953,right_hand,og,tilt,,"{""roll_deg"":43.2,""pitch_deg"":-4.3,""steady"":true}"
1.985,right_hand,og,acc,2617858,"{""seq"":94,""x_mg"":120,""y_mg"":692,""z_mg"":720}"
1.985,right_hand,og,tilt,,"{""roll_deg"":43.2,""pitch_deg"":-4.4,""steady"":true}"
2.000,,game,brick,,"{""n"":2}"
2.016,right_hand,og,acc,2617878,"{""seq"":95,""x_mg"":140,""y_mg"":708,""z_mg"":728}"
2.016,right_hand,og,tilt,,"{""roll_deg"":43.2,""pitch_deg"":-4.5,""steady"":true}"
2.016,right_hand,og,acc,2617899,"{""seq"":96,""x_mg"":132,""y_mg"":724,""z_mg"":740}"
2.016,right_hand,og,tilt,,"{""roll_deg"":43.2,""pitch_deg"":-4.7,""steady"":true}"
2.047,right_hand,og,acc,2617919,"{""seq"":97,""x_mg"":132,""y_mg"":728,""z_mg"":728}"
2.047,right_hand,og,tilt,,"{""roll_deg"":43.2,""pitch_deg"":-4.8,""steady"":true}"
2.078,right_hand,og,acc,2617940,"{""seq"":98,""x_mg"":108,""y_mg"":760,""z_mg"":684}"
2.094,right_hand,og,tremor,,"{""rms_mg"":92.4,""peak_hz"":8.3}"
2.094,right_hand,og,tilt,,"{""roll_deg"":43.2,""pitch_deg"":-4.9,""steady"":true}"
2.094,right_hand,og,acc,2617960,"{""seq"":99,""x_mg"":132,""y_mg"":764,""z_mg"":724}"
2.094,right_hand,og,tilt,,"{""roll_deg"":43.4,""pitch_deg"":-5.1,""steady"":true}"
2.125,right_hand,og,acc,2617981,"{""seq"":100,""x_mg"":92,""y_mg"":772,""z_mg"":788}"
2.125,right_hand,og,tilt,,"{""roll_deg"":43.7,""pitch_deg"":-5.4,""steady"":true}"
2.156,right_hand,og,acc,2618002,"{""seq"":101,""x_mg"":44,""y_mg"":748,""z_mg"":732}"
2.156,right_hand,og,tilt,,"{""roll_deg"":44.0,""pitch_deg"":-5.9,""steady"":true}"
2.156,right_hand,og,acc,2618022,"{""seq"":102,""x_mg"":76,""y_mg"":708,""z_mg"":716}"
2.156,right_hand,og,tilt,,"{""roll_deg"":44.1,""pitch_deg"":-6.4,""steady"":true}"
2.188,right_hand,og,acc,2618043,"{""seq"":103,""x_mg"":140,""y_mg"":620,""z_mg"":812}"
2.188,right_hand,og,tilt,,"{""roll_deg"":44.2,""pitch_deg"":-6.9,""steady"":true}"
2.219,right_hand,og,acc,2618063,"{""seq"":104,""x_mg"":108,""y_mg"":544,""z_mg"":844}"
2.219,right_hand,og,tilt,,"{""roll_deg"":44.2,""pitch_deg"":-6.9,""steady"":true}"
2.219,right_hand,og,acc,2618084,"{""seq"":105,""x_mg"":128,""y_mg"":548,""z_mg"":832}"
2.219,right_hand,og,tilt,,"{""roll_deg"":42.5,""pitch_deg"":-6.9,""steady"":true}"
2.250,right_hand,og,acc,2618104,"{""seq"":106,""x_mg"":188,""y_mg"":564,""z_mg"":804}"
2.250,right_hand,og,tilt,,"{""roll_deg"":40.4,""pitch_deg"":-6.9,""steady"":true}"
2.281,right_hand,og,acc,2618125,"{""seq"":107,""x_mg"":216,""y_mg"":524,""z_mg"":820}"
2.281,right_hand,og,tilt,,"{""roll_deg"":38.5,""pitch_deg"":-6.9,""steady"":true}"
2.281,right_hand,og,acc,2618146,"{""seq"":108,""x_mg"":232,""y_mg"":500,""z_mg"":856}"
2.281,right_hand,og,tilt,,"{""roll_deg"":36.7,""pitch_deg"":-6.4,""steady"":true}"
2.313,right_hand,og,acc,2618166,"{""seq"":109,""x_mg"":192,""y_mg"":524,""z_mg"":820}"
2.313,right_hand,og,tilt,,"{""roll_deg"":35.5,""pitch_deg"":-5.6,""steady"":true}"
2.344,right_hand,og,acc,2618187,"{""seq"":110,""x_mg"":136,""y_mg"":624,""z_mg"":816}"
2.344,right_hand,og,tilt,,"{""roll_deg"":34.6,""pitch_deg"":-5.1,""steady"":true}"
2.344,right_hand,og,acc,2618207,"{""seq"":111,""x_mg"":184,""y_mg"":600,""z_mg"":768}"
2.344,right_hand,og,tilt,,"{""roll_deg"":34.7,""pitch_deg"":-4.8,""steady"":true}"
2.375,right_hand,og,acc,2618228,"{""seq"":112,""x_mg"":216,""y_mg"":576,""z_mg"":756}"
2.375,right_hand,og,tilt,,"{""roll_deg"":35.2,""pitch_deg"":-4.5,""steady"":true}"
2.406,right_hand,og,acc,2618248,"{""seq"":113,""x_mg"":244,""y_mg"":504,""z_mg"":712}"
2.406,right_hand,og,tilt,,"{""roll_deg"":35.5,""pitch_deg"":-3.8,""steady"":true}"
2.406,right_hand,og,acc,2618269,"{""seq"":114,""x_mg"":212,""y_mg"":488,""z_mg"":676}"
2.406,right_hand,og,tilt,,"{""roll_deg"":35.5,""pitch_deg"":-2.8,""steady"":true}"
2.438,right_hand,og,acc,2618289,"{""seq"":115,""x_mg"":248,""y_mg"":528,""z_mg"":620}"
2.438,right_hand,og,tilt,,"{""roll_deg"":35.5,""pitch_deg"":-1.7,""steady"":true}"
2.438,right_hand,og,acc,2618310,"{""seq"":116,""x_mg"":228,""y_mg"":608,""z_mg"":584}"
2.438,right_hand,og,tilt,,"{""roll_deg"":35.7,""pitch_deg"":-1.0,""steady"":true}"
2.469,right_hand,og,acc,2618331,"{""seq"":117,""x_mg"":224,""y_mg"":660,""z_mg"":540}"
2.469,right_hand,og,tilt,,"{""roll_deg"":36.5,""pitch_deg"":-0.4,""steady"":true}"
2.485,right_hand,og,acc,2618351,"{""seq"":118,""x_mg"":240,""y_mg"":624,""z_mg"":540}"
2.485,right_hand,og,tilt,,"{""roll_deg"":38.4,""pitch_deg"":-0.0,""steady"":true}"
2.516,right_hand,og,acc,2618372,"{""seq"":119,""x_mg"":208,""y_mg"":636,""z_mg"":564}"
2.516,right_hand,og,tilt,,"{""roll_deg"":40.6,""pitch_deg"":0.2,""steady"":true}"
2.547,right_hand,og,acc,2618392,"{""seq"":120,""x_mg"":200,""y_mg"":616,""z_mg"":580}"
2.547,right_hand,og,tilt,,"{""roll_deg"":42.3,""pitch_deg"":0.2,""steady"":true}"
2.547,right_hand,og,acc,2618413,"{""seq"":121,""x_mg"":212,""y_mg"":612,""z_mg"":612}"
2.547,right_hand,og,tilt,,"{""roll_deg"":43.2,""pitch_deg"":0.2,""steady"":true}"
2.578,right_hand,og,acc,2618433,"{""seq"":122,""x_mg"":224,""y_mg"":632,""z_mg"":676}"
2.578,right_hand,og,tilt,,"{""roll_deg"":43.2,""pitch_deg"":0.2,""steady"":true}"
2.578,right_hand,og,acc,2618454,"{""seq"":123,""x_mg"":228,""y_mg"":604,""z_mg"":736}"
2.578,right_hand,og,tilt,,"{""roll_deg"":43.2,""pitch_deg"":0.2,""steady"":true}"
2.610,right_hand,og,acc,2618475,"{""seq"":124,""x_mg"":188,""y_mg"":620,""z_mg"":816}"
2.610,right_hand,og,tilt,,"{""roll_deg"":42.8,""pitch_deg"":0.2,""steady"":true}"
2.641,right_hand,og,acc,2618495,"{""seq"":125,""x_mg"":180,""y_mg"":544,""z_mg"":892}"
2.641,right_hand,og,tilt,,"{""roll_deg"":42.3,""pitch_deg"":0.2,""steady"":true}"
2.641,right_hand,og,acc,2618516,"{""seq"":126,""x_mg"":192,""y_mg"":416,""z_mg"":944}"
2.641,right_hand,og,tilt,,"{""roll_deg"":40.8,""pitch_deg"":0.1,""steady"":true}"
2.672,right_hand,og,acc,2618536,"{""seq"":127,""x_mg"":204,""y_mg"":372,""z_mg"":960}"
2.672,right_hand,og,tilt,,"{""roll_deg"":36.2,""pitch_deg"":-0.1,""steady"":true}"
2.688,right_hand,og,acc,2618557,"{""seq"":128,""x_mg"":192,""y_mg"":360,""z_mg"":980}"
2.688,right_hand,og,tilt,,"{""roll_deg"":30.9,""pitch_deg"":-0.4,""steady"":true}"
2.688,right_hand,og,acc,2618577,"{""seq"":129,""x_mg"":172,""y_mg"":320,""z_mg"":976}"
2.688,right_hand,og,tilt,,"{""roll_deg"":27.0,""pitch_deg"":-0.7,""steady"":true}"
2.719,right_hand,og,acc,2618598,"{""seq"":130,""x_mg"":132,""y_mg"":304,""z_mg"":968}"
2.719,right_hand,og,tilt,,"{""roll_deg"":23.6,""pitch_deg"":-1.2,""steady"":true}"
2.750,right_hand,og,acc,2618619,"{""seq"":131,""x_mg"":112,""y_mg"":340,""z_mg"":936}"
2.750,right_hand,og,tilt,,"{""roll_deg"":21.6,""pitch_deg"":-2.1,""steady"":true}"
2.781,right_hand,og,acc,2618639,"{""seq"":132,""x_mg"":88,""y_mg"":384,""z_mg"":940}"
2.781,right_hand,og,tilt,,"{""roll_deg"":21.3,""pitch_deg"":-3.1,""steady"":true}"
2.781,right_hand,og,acc,2618660,"{""seq"":133,""x_mg"":92,""y_mg"":364,""z_mg"":940}"
2.781,right_hand,og,tilt,,"{""roll_deg"":21.3,""pitch_deg"":-4.3,""steady"":true}"
2.813,right_hand,og,acc,2618680,"{""seq"":134,""x_mg"":120,""y_mg"":280,""z_mg"":936}"
2.813,right_hand,og,tilt,,"{""roll_deg"":21.3,""pitch_deg"":-5.2,""steady"":true}"
2.844,right_hand,og,acc,2618701,"{""seq"":135,""x_mg"":112,""y_mg"":260,""z_mg"":916}"
2.844,right_hand,og,tilt,,"{""roll_deg"":20.2,""pitch_deg"":-5.5,""steady"":true}"
2.844,right_hand,og,acc,2618721,"{""seq"":136,""x_mg"":68,""y_mg"":328,""z_mg"":916}"
2.844,right_hand,og,tilt,,"{""roll_deg"":19.3,""pitch_deg"":-5.7,""steady"":true}"
2.891,right_hand,og,acc,2618742,"{""seq"":137,""x_mg"":84,""y_mg"":376,""z_mg"":896}"
2.891,right_hand,og,tilt,,"{""roll_deg"":19.3,""pitch_deg"":-6.3,""steady"":true}"
2.906,right_hand,og,acc,2618762,"{""seq"":138,""x_mg"":116,""y_mg"":360,""z_mg"":896}"
2.906,right_hand,og,tilt,,"{""roll_deg"":19.7,""pitch_deg"":-6.8,""steady"":true}"
2.906,right_hand,og,acc,2618783,"{""seq"":139,""x_mg"":124,""y_mg"":380,""z_mg"":868}"
2.906,right_hand,og,tilt,,"{""roll_deg"":20.3,""pitch_deg"":-6.8,""steady"":true}"
2.938,right_hand,og,acc,2618804,"{""seq"":140,""x_mg"":128,""y_mg"":404,""z_mg"":880}"
2.938,right_hand,og,tilt,,"{""roll_deg"":20.9,""pitch_deg"":-6.8,""steady"":true}"
2.953,,game,drop,,"{""n"":2}"
2.969,right_hand,og,acc,2618824,"{""seq"":141,""x_mg"":120,""y_mg"":432,""z_mg"":880}"
2.969,right_hand,og,tilt,,"{""roll_deg"":21.3,""pitch_deg"":-6.8,""steady"":true}"
3.000,right_hand,og,acc,2618845,"{""seq"":142,""x_mg"":136,""y_mg"":432,""z_mg"":864}"
3.000,right_hand,og,tilt,,"{""roll_deg"":21.6,""pitch_deg"":-6.8,""steady"":true}"
3.000,right_hand,og,acc,2618865,"{""seq"":143,""x_mg"":160,""y_mg"":356,""z_mg"":844}"
3.000,right_hand,og,tilt,,"{""roll_deg"":22.2,""pitch_deg"":-6.8,""steady"":true}"
3.031,right_hand,og,acc,2618886,"{""seq"":144,""x_mg"":168,""y_mg"":312,""z_mg"":840}"
3.031,right_hand,og,tilt,,"{""roll_deg"":22.2,""pitch_deg"":-6.6,""steady"":true}"
3.063,right_hand,og,acc,2618906,"{""seq"":145,""x_mg"":144,""y_mg"":340,""z_mg"":844}"
3.063,right_hand,og,tilt,,"{""roll_deg"":22.2,""pitch_deg"":-6.4,""steady"":true}"
3.063,right_hand,og,acc,2618927,"{""seq"":146,""x_mg"":144,""y_mg"":408,""z_mg"":864}"
3.063,right_hand,og,tilt,,"{""roll_deg"":22.2,""pitch_deg"":-6.3,""steady"":true}"
3.094,right_hand,og,acc,2618948,"{""seq"":147,""x_mg"":164,""y_mg"":400,""z_mg"":832}"
3.094,right_hand,og,tilt,,"{""roll_deg"":22.5,""pitch_deg"":-6.2,""steady"":true}"
3.094,right_hand,og,acc,2618968,"{""seq"":148,""x_mg"":180,""y_mg"":376,""z_mg"":884}"
3.094,right_hand,og,tilt,,"{""roll_deg"":22.9,""pitch_deg"":-5.9,""steady"":true}"
3.110,right_hand,og,acc,2618989,"{""seq"":149,""x_mg"":156,""y_mg"":316,""z_mg"":888}"
3.110,right_hand,og,tilt,,"{""roll_deg"":22.9,""pitch_deg"":-5.6,""steady"":true}"
3.141,right_hand,og,acc,2619009,"{""seq"":150,""x_mg"":160,""y_mg"":248,""z_mg"":892}"
3.141,right_hand,og,tilt,,"{""roll_deg"":22.9,""pitch_deg"":-5.4,""steady"":true}"
3.172,right_hand,og,acc,2619030,"{""seq"":151,""x_mg"":148,""y_mg"":204,""z_mg"":916}"
3.172,right_hand,og,tilt,,"{""roll_deg"":22.5,""pitch_deg"":-5.3,""steady"":true}"
3.203,right_hand,og,acc,2619050,"{""seq"":152,""x_mg"":140,""y_mg"":212,""z_mg"":912}"
3.203,right_hand,og,tilt,,"{""roll_deg"":20.8,""pitch_deg"":-5.2,""steady"":true}"
3.203,right_hand,og,acc,2619071,"{""seq"":153,""x_mg"":140,""y_mg"":252,""z_mg"":908}"
3.203,right_hand,og,tilt,,"{""roll_deg"":19.1,""pitch_deg"":-5.2,""steady"":true}"
3.235,right_hand,og,acc,2619092,"{""seq"":154,""x_mg"":136,""y_mg"":288,""z_mg"":924}"
3.235,right_hand,og,tilt,,"{""roll_deg"":18.3,""pitch_deg"":-5.2,""steady"":true}"
3.235,right_hand,og,acc,2619112,"{""seq"":155,""x_mg"":140,""y_mg"":288,""z_mg"":928}"
3.235,right_hand,og,tilt,,"{""roll_deg"":18.3,""pitch_deg"":-5.2,""steady"":true}"
3.266,right_hand,og,acc,2619133,"{""seq"":156,""x_mg"":124,""y_mg"":256,""z_mg"":932}"
3.266,right_hand,og,tilt,,"{""roll_deg"":18.2,""pitch_deg"":-5.2,""steady"":true}"
3.297,right_hand,og,acc,2619153,"{""seq"":157,""x_mg"":124,""y_mg"":252,""z_mg"":932}"
3.297,right_hand,og,tilt,,"{""roll_deg"":17.7,""pitch_deg"":-5.2,""steady"":true}"
3.297,right_hand,og,acc,2619174,"{""seq"":158,""x_mg"":84,""y_mg"":324,""z_mg"":940}"
3.297,right_hand,og,tilt,,"{""roll_deg"":17.4,""pitch_deg"":-5.2,""steady"":true}"
3.313,right_hand,og,acc,2619194,"{""seq"":159,""x_mg"":96,""y_mg"":364,""z_mg"":948}"
3.313,right_hand,og,tilt,,"{""roll_deg"":17.4,""pitch_deg"":-5.2,""steady"":true}"
3.344,right_hand,og,acc,2619215,"{""seq"":160,""x_mg"":108,""y_mg"":384,""z_mg"":976}"
3.344,right_hand,og,tilt,,"{""roll_deg"":17.6,""pitch_deg"":-5.4,""steady"":true}"
3.375,right_hand,og,acc,2619236,"{""seq"":161,""x_mg"":120,""y_mg"":348,""z_mg"":972}"
3.375,right_hand,og,tilt,,"{""roll_deg"":17.9,""pitch_deg"":-5.6,""steady"":true}"
3.375,right_hand,og,acc,2619256,"{""seq"":162,""x_mg"":140,""y_mg"":264,""z_mg"":984}"
3.375,right_hand,og,tilt,,"{""roll_deg"":18.0,""pitch_deg"":-5.8,""steady"":true}"
3.422,right_hand,og,acc,2619277,"{""seq"":163,""x_mg"":144,""y_mg"":232,""z_mg"":980}"
3.422,right_hand,og,tilt,,"{""roll_deg"":18.0,""pitch_deg"":-5.8,""steady"":true}"
3.438,right_hand,og,acc,2619297,"{""seq"":164,""x_mg"":152,""y_mg"":216,""z_mg"":988}"
3.438,right_hand,og,tilt,,"{""roll_deg"":17.9,""pitch_deg"":-5.8,""steady"":true}"
3.438,right_hand,og,acc,2619318,"{""seq"":165,""x_mg"":160,""y_mg"":224,""z_mg"":984}"
3.438,right_hand,og,tilt,,"{""roll_deg"":17.1,""pitch_deg"":-5.8,""steady"":true}"
3.485,right_hand,og,acc,2619338,"{""seq"":166,""x_mg"":128,""y_mg"":284,""z_mg"":988}"
3.485,right_hand,og,tilt,,"{""roll_deg"":16.4,""pitch_deg"":-5.8,""steady"":true}"
3.516,right_hand,og,acc,2619359,"{""seq"":167,""x_mg"":132,""y_mg"":328,""z_mg"":976}"
3.516,right_hand,og,tilt,,"{""roll_deg"":16.4,""pitch_deg"":-5.8,""steady"":true}"
3.516,right_hand,og,acc,2619380,"{""seq"":168,""x_mg"":148,""y_mg"":296,""z_mg"":964}"
3.516,right_hand,og,tilt,,"{""roll_deg"":16.4,""pitch_deg"":-5.8,""steady"":true}"
3.531,right_hand,og,acc,2619400,"{""seq"":169,""x_mg"":164,""y_mg"":232,""z_mg"":964}"
3.531,right_hand,og,tilt,,"{""roll_deg"":16.4,""pitch_deg"":-5.8,""steady"":true}"
3.563,right_hand,og,acc,2619421,"{""seq"":170,""x_mg"":148,""y_mg"":184,""z_mg"":972}"
3.563,right_hand,og,tilt,,"{""roll_deg"":16.4,""pitch_deg"":-5.8,""steady"":true}"
3.594,right_hand,og,acc,2619441,"{""seq"":171,""x_mg"":172,""y_mg"":148,""z_mg"":964}"
3.594,right_hand,og,tilt,,"{""roll_deg"":15.5,""pitch_deg"":-5.8,""steady"":true}"
3.594,right_hand,og,acc,2619462,"{""seq"":172,""x_mg"":172,""y_mg"":116,""z_mg"":968}"
3.594,right_hand,og,tilt,,"{""roll_deg"":14.1,""pitch_deg"":-5.8,""steady"":true}"
3.625,right_hand,og,acc,2619482,"{""seq"":173,""x_mg"":164,""y_mg"":88,""z_mg"":972}"
3.625,right_hand,og,tilt,,"{""roll_deg"":12.4,""pitch_deg"":-5.6,""steady"":true}"
3.656,,game,brick,,"{""n"":3}"
3.656,right_hand,og,acc,2619503,"{""seq"":174,""x_mg"":168,""y_mg"":56,""z_mg"":944}"
3.656,right_hand,og,tilt,,"{""roll_deg"":10.5,""pitch_deg"":-5.4,""steady"":true}"
3.656,right_hand,og,acc,2619524,"{""seq"":175,""x_mg"":188,""y_mg"":32,""z_mg"":936}"
3.656,right_hand,og,tilt,,"{""roll_deg"":8.4,""pitch_deg"":-5.2,""steady"":true}"
3.688,right_hand,og,acc,2619544,"{""seq"":176,""x_mg"":192,""y_mg"":24,""z_mg"":936}"
3.688,right_hand,og,tilt,,"{""roll_deg"":6.6,""pitch_deg"":-4.7,""steady"":true}"
3.719,right_hand,og,acc,2619565,"{""seq"":177,""x_mg"":180,""y_mg"":24,""z_mg"":940}"
3.719,right_hand,og,tilt,,"{""roll_deg"":5.1,""pitch_deg"":-4.4,""steady"":true}"
3.719,right_hand,og,acc,2619585,"{""seq"":178,""x_mg"":172,""y_mg"":20,""z_mg"":928}"
3.719,right_hand,og,tilt,,"{""roll_deg"":4.2,""pitch_deg"":-4.2,""steady"":true}"
3.735,right_hand,og,acc,2619606,"{""seq"":179,""x_mg"":172,""y_mg"":0,""z_mg"":932}"
3.735,right_hand,og,tilt,,"{""roll_deg"":3.5,""pitch_deg"":-4.0,""steady"":true}"
3.766,right_hand,og,acc,2619626,"{""seq"":180,""x_mg"":184,""y_mg"":16,""z_mg"":940}"
3.766,right_hand,og,tilt,,"{""roll_deg"":3.0,""pitch_deg"":-3.9,""steady"":true}"
3.797,right_hand,og,acc,2619647,"{""seq"":181,""x_mg"":180,""y_mg"":16,""z_mg"":956}"
3.797,right_hand,og,tilt,,"{""roll_deg"":2.7,""pitch_deg"":-3.8,""steady"":true}"
3.797,right_hand,og,acc,2619668,"{""seq"":182,""x_mg"":160,""y_mg"":8,""z_mg"":964}"
3.797,right_hand,og,tilt,,"{""roll_deg"":2.4,""pitch_deg"":-3.7,""steady"":true}"
3.828,right_hand,og,acc,2619688,"{""seq"":183,""x_mg"":160,""y_mg"":-16,""z_mg"":976}"
3.828,right_hand,og,tilt,,"{""roll_deg"":2.2,""pitch_deg"":-3.7,""steady"":true}"
3.860,right_hand,og,acc,2619709,"{""seq"":184,""x_mg"":176,""y_mg"":-32,""z_mg"":972}"
3.860,right_hand,og,tilt,,"{""roll_deg"":1.6,""pitch_deg"":-3.7,""steady"":true}"
3.860,right_hand,og,acc,2619729,"{""seq"":185,""x_mg"":168,""y_mg"":-40,""z_mg"":984}"
3.860,right_hand,og,tilt,,"{""roll_deg"":0.9,""pitch_deg"":-3.7,""steady"":true}"
3.891,right_hand,og,acc,2619750,"{""seq"":186,""x_mg"":164,""y_mg"":-44,""z_mg"":984}"
3.891,right_hand,og,tilt,,"{""roll_deg"":0.3,""pitch_deg"":-3.7,""steady"":true}"
3.922,right_hand,og,acc,2619770,"{""seq"":187,""x_mg"":156,""y_mg"":-68,""z_mg"":964}"
3.922,right_hand,og,tilt,,"{""roll_deg"":-0.2,""pitch_deg"":-3.7,""steady"":true}"
3.922,right_hand,og,acc,2619791,"{""seq"":188,""x_mg"":148,""y_mg"":-52,""z_mg"":988}"
3.922,right_hand,og,tilt,,"{""roll_deg"":-0.7,""pitch_deg"":-3.7,""steady"":true}"
3.938,right_hand,og,acc,2619811,"{""seq"":189,""x_mg"":112,""y_mg"":-12,""z_mg"":964}"
3.938,right_hand,og,tilt,,"{""roll_deg"":-1.0,""pitch_deg"":-3.7,""steady"":true}"
3.969,right_hand,og,acc,2619832,"{""seq"":190,""x_mg"":68,""y_mg"":80,""z_mg"":952}"
3.969,right_hand,og,tilt,,"{""roll_deg"":-1.0,""pitch_deg"":-3.7,""steady"":true}"
4.000,right_hand,og,acc,2619853,"{""seq"":191,""x_mg"":80,""y_mg"":160,""z_mg"":972}"
4.000,right_hand,og,tilt,,"{""roll_deg"":-0.6,""pitch_deg"":-4.4,""steady"":true}"
4.000,right_hand,og,acc,2619873,"{""seq"":192,""x_mg"":76,""y_mg"":212,""z_mg"":988}"
4.000,right_hand,og,tilt,,"{""roll_deg"":0.4,""pitch_deg"":-5.2,""steady"":true}"
4.031,right_hand,og,acc,2619894,"{""seq"":193,""x_mg"":80,""y_mg"":208,""z_mg"":984}"
4.031,right_hand,og,tilt,,"{""roll_deg"":3.0,""pitch_deg"":-5.9,""steady"":true}"
4.063,right_hand,og,acc,2619914,"{""seq"":194,""x_mg"":104,""y_mg"":168,""z_mg"":1000}"
4.063,right_hand,og,tilt,,"{""roll_deg"":5.4,""pitch_deg"":-6.5,""steady"":true}"
4.063,right_hand,og,acc,2619935,"{""seq"":195,""x_mg"":128,""y_mg"":108,""z_mg"":976}"
4.063,right_hand,og,tilt,,"{""roll_deg"":6.6,""pitch_deg"":-6.6,""steady"":true}"
4.094,right_hand,og,acc,2619955,"{""seq"":196,""x_mg"":156,""y_mg"":84,""z_mg"":980}"
4.094,right_hand,og,tremor,,"{""rms_mg"":55.8,""peak_hz"":7.9}"
4.094,right_hand,og,tilt,,"{""roll_deg"":6.6,""pitch_deg"":-6.6,""steady"":true}"
4.094,right_hand,og,acc,2619976,"{""seq"":197,""x_mg"":164,""y_mg"":72,""z_mg"":988}"
4.094,right_hand,og,tilt,,"{""roll_deg"":6.6,""pitch_deg"":-6.6,""steady"":true}"
4.141,right_hand,og,acc,2619997,"{""seq"":198,""x_mg"":172,""y_mg"":56,""z_mg"":992}"
4.141,right_hand,og,tilt,,"{""roll_deg"":6.6,""pitch_deg"":-6.6,""steady"":true}"
4.156,right_hand,og,acc,2620017,"{""seq"":199,""x_mg"":164,""y_mg"":68,""z_mg"":980}"
4.156,right_hand,og,tilt,,"{""roll_deg"":6.3,""pitch_deg"":-6.5,""steady"":true}"
4.156,right_hand,og,acc,2620038,"{""seq"":200,""x_mg"":152,""y_mg"":60,""z_mg"":992}"
4.156,right_hand,og,tilt,,"{""roll_deg"":6.0,""pitch_deg"":-6.3,""steady"":true}"
4.188,right_hand,og,acc,2620058,"{""seq"":201,""x_mg"":172,""y_mg"":36,""z_mg"":976}"
4.188,right_hand,og,tilt,,"{""roll_deg"":5.8,""pitch_deg"":-6.2,""steady"":true}"
4.219,right_hand,og,acc,2620079,"{""seq"":202,""x_mg"":160,""y_mg"":28,""z_mg"":976}"
4.219,right_hand,og,tilt,,"{""roll_deg"":5.6,""pitch_deg"":-6.0,""steady"":true}"
4.250,right_hand,og,acc,2620099,"{""seq"":203,""x_mg"":136,""y_mg"":36,""z_mg"":964}"
4.250,right_hand,og,tilt,,"{""roll_deg"":5.4,""pitch_deg"":-5.8,""steady"":true}"
4.250,right_hand,og,acc,2620120,"{""seq"":204,""x_mg"":140,""y_mg"":56,""z_mg"":952}"
4.250,right_hand,og,tilt,,"{""roll_deg"":5.2,""pitch_deg"":-5.8,""steady"":true}"
4.281,right_hand,og,acc,2620141,"{""seq"":205,""x_mg"":96,""y_mg"":84,""z_mg"":956}"
4.281,right_hand,og,tilt,,"{""roll_deg"":5.1,""pitch_deg"":-5.8,""steady"":true}"
4.313,right_hand,og,acc,2620161,"{""seq"":206,""x_mg"":96,""y_mg"":128,""z_mg"":952}"
4.313,right_hand,og,tilt,,"{""roll_deg"":5.1,""pitch_deg"":-5.8,""steady"":true}"
4.313,right_hand,og,acc,2620182,"{""seq"":207,""x_mg"":96,""y_mg"":200,""z_mg"":964}"
4.313,right_hand,og,tilt,,"{""roll_deg"":5.1,""pitch_deg"":-5.8,""steady"":true}"
4.344,right_hand,og,acc,2620202,"{""seq"":208,""x_mg"":100,""y_mg"":228,""z_mg"":964}"
4.344,right_hand,og,tilt,,"{""roll_deg"":5.6,""pitch_deg"":-5.8,""steady"":true}"
4.375,right_hand,og,acc,2620223,"{""seq"":209,""x_mg"":104,""y_mg"":232,""z_mg"":968}"
4.375,right_hand,og,tilt,,"{""roll_deg"":7.3,""pitch_deg"":-5.8,""steady"":true}"
4.375,right_hand,og,acc,2620243,"{""seq"":210,""x_mg"":120,""y_mg"":228,""z_mg"":964}"
4.375,right_hand,og,tilt,,"{""roll_deg"":8.8,""pitch_deg"":-5.9,""steady"":true}"
4.391,right_hand,og,acc,2620264,"{""seq"":211,""x_mg"":124,""y_mg"":196,""z_mg"":976}"
4.391,right_hand,og,tilt,,"{""roll_deg"":10.1,""pitch_deg"":-6.0,""steady"":true}"
4.422,right_hand,og,acc,2620285,"{""seq"":212,""x_mg"":140,""y_mg"":208,""z_mg"":1004}"
4.422,right_hand,og,tilt,,"{""roll_deg"":10.5,""pitch_deg"":-6.0,""steady"":true}"
4.453,right_hand,og,acc,2620305,"{""seq"":213,""x_mg"":152,""y_mg"":176,""z_mg"":992}"
4.453,right_hand,og,tilt,,"{""roll_deg"":10.7,""pitch_deg"":-6.0,""steady"":true}"
4.453,right_hand,og,acc,2620326,"{""seq"":214,""x_mg"":164,""y_mg"":156,""z_mg"":996}"
4.453,right_hand,og,tilt,,"{""roll_deg"":10.7,""pitch_deg"":-6.0,""steady"":true}"
4.485,right_hand,og,acc,2620346,"{""seq"":215,""x_mg"":184,""y_mg"":120,""z_mg"":976}"
4.485,right_hand,og,tilt,,"{""roll_deg"":10.7,""pitch_deg"":-6.0,""steady"":true}"
4.516,right_hand,og,acc,2620367,"{""seq"":216,""x_mg"":176,""y_mg"":116,""z_mg"":992}"
4.516,right_hand,og,tilt,,"{""roll_deg"":10.5,""pitch_deg"":-6.0,""steady"":true}"
4.516,right_hand,og,acc,2620387,"{""seq"":217,""x_mg"":168,""y_mg"":112,""z_mg"":988}"
4.516,right_hand,og,tilt,,"{""roll_deg"":10.2,""pitch_deg"":-6.0,""steady"":true}"
4.547,right_hand,og,acc,2620408,"{""seq"":218,""x_mg"":168,""y_mg"":96,""z_mg"":976}"
4.547,right_hand,og,tilt,,"{""roll_deg"":10.0,""pitch_deg"":-5.7,""steady"":true}"
4.563,,game,drop,,"{""n"":3}"
4.578,right_hand,og,acc,2620429,"{""seq"":219,""x_mg"":176,""y_mg"":104,""z_mg"":980}"
4.578,right_hand,og,tilt,,"{""roll_deg"":9.7,""pitch_deg"":-5.5,""steady"":true}"
4.578,right_hand,og,acc,2620449,"{""seq"":220,""x_mg"":152,""y_mg"":116,""z_mg"":976}"
4.578,right_hand,og,tilt,,"{""roll_deg"":9.4,""pitch_deg"":-5.3,""steady"":true}"
4.594,right_hand,og,acc,2620470,"{""seq"":221,""x_mg"":156,""y_mg"":100,""z_mg"":972}"
4.594,right_hand,og,tilt,,"{""roll_deg"":9.0,""pitch_deg"":-5.3,""steady"":true}"
4.625,right_hand,og,acc,2620490,"{""seq"":222,""x_mg"":136,""y_mg"":100,""z_mg"":968}"
4.625,right_hand,og,tilt,,"{""roll_deg"":8.7,""pitch_deg"":-5.2,""steady"":true}"
4.656,right_hand,og,acc,2620511,"{""seq"":223,""x_mg"":116,""y_mg"":112,""z_mg"":980}"
4.656,right_hand,og,tilt,,"{""roll_deg"":8.4,""pitch_deg"":-5.2,""steady"":true}"
4.656,right_hand,og,acc,2620531,"{""seq"":224,""x_mg"":120,""y_mg"":148,""z_mg"":976}"
4.656,right_hand,og,tilt,,"{""roll_deg"":8.2,""pitch_deg"":-5.2,""steady"":true}"
4.688,right_hand,og,acc,2620552,"{""seq"":225,""x_mg"":108,""y_mg"":172,""z_mg"":964}"
4.688,right_hand,og,tilt,,"{""roll_deg"":8.2,""pitch_deg"":-5.2,""steady"":true}"
4.719,right_hand,og,acc,2620573,"{""seq"":226,""x_mg"":100,""y_mg"":164,""z_mg"":988}"
4.719,right_hand,og,tilt,,"{""roll_deg"":8.2,""pitch_deg"":-5.2,""steady"":true}"
4.719,right_hand,og,acc,2620593,"{""seq"":227,""x_mg"":128,""y_mg"":140,""z_mg"":972}"
4.719,right_hand,og,tilt,,"{""roll_deg"":8.2,""pitch_deg"":-5.2,""steady"":true}"
4.766,right_hand,og,acc,2620614,"{""seq"":228,""x_mg"":132,""y_mg"":116,""z_mg"":972}"
4.766,right_hand,og,tilt,,"{""roll_deg"":8.2,""pitch_deg"":-5.2,""steady"":true}"
4.766,right_hand,og,acc,2620634,"{""seq"":229,""x_mg"":140,""y_mg"":88,""z_mg"":972}"
4.766,right_hand,og,tilt,,"{""roll_deg"":8.2,""pitch_deg"":-5.2,""steady"":true}"
4.781,right_hand,og,acc,2620655,"{""seq"":230,""x_mg"":144,""y_mg"":96,""z_mg"":972}"
4.781,right_hand,og,tilt,,"{""roll_deg"":8.2,""pitch_deg"":-5.2,""steady"":true}"
4.828,right_hand,og,acc,2620675,"{""seq"":231,""x_mg"":152,""y_mg"":116,""z_mg"":972}"
4.828,right_hand,og,tilt,,"{""roll_deg"":8.2,""pitch_deg"":-5.2,""steady"":true}"
4.828,right_hand,og,acc,2620696,"{""seq"":232,""x_mg"":156,""y_mg"":148,""z_mg"":992}"
4.828,right_hand,og,tilt,,"{""roll_deg"":8.1,""pitch_deg"":-5.2,""steady"":true}"
4.860,right_hand,og,acc,2620717,"{""seq"":233,""x_mg"":172,""y_mg"":128,""z_mg"":996}"
4.860,right_hand,og,tilt,,"{""roll_deg"":8.1,""pitch_deg"":-5.2,""steady"":true}"
4.891,right_hand,og,acc,2620737,"{""seq"":234,""x_mg"":176,""y_mg"":100,""z_mg"":992}"
4.891,right_hand,og,tilt,,"{""roll_deg"":8.1,""pitch_deg"":-5.2,""steady"":true}"
4.891,right_hand,og,acc,2620758,"{""seq"":235,""x_mg"":176,""y_mg"":80,""z_mg"":996}"
4.891,right_hand,og,tilt,,"{""roll_deg"":7.9,""pitch_deg"":-5.2,""steady"":true}"
4.922,right_hand,og,acc,2620778,"{""seq"":236,""x_mg"":188,""y_mg"":80,""z_mg"":1008}"
4.922,right_hand,og,tilt,,"{""roll_deg"":7.6,""pitch_deg"":-5.2,""steady"":true}"
4.953,right_hand,og,acc,2620799,"{""seq"":237,""x_mg"":208,""y_mg"":60,""z_mg"":1000}"
4.953,right_hand,og,tilt,,"{""roll_deg"":7.2,""pitch_deg"":-5.1,""steady"":true}"
4.953,right_hand,og,acc,2620819,"{""seq"":238,""x_mg"":228,""y_mg"":20,""z_mg"":984}"
4.953,right_hand,og,tilt,,"{""roll_deg"":6.7,""pitch_deg"":-4.7,""steady"":true}"
4.985,right_hand,og,acc,2620840,"{""seq"":239,""x_mg"":244,""y_mg"":-32,""z_mg"":960}"
4.985,right_hand,og,tilt,,"{""roll_deg"":5.7,""pitch_deg"":-4.0,""steady"":true}"
5.016,right_hand,og,acc,2620861,"{""seq"":240,""x_mg"":232,""y_mg"":-84,""z_mg"":948}"
5.016,right_hand,og,tilt,,"{""roll_deg"":4.0,""pitch_deg"":-3.2,""steady"":true}"
5.016,right_hand,og,acc,2620881,"{""seq"":241,""x_mg"":216,""y_mg"":-68,""z_mg"":936}"
5.016,right_hand,og,tilt,,"{""roll_deg"":2.0,""pitch_deg"":-2.5,""steady"":true}"
5.047,right_hand,og,acc,2620902,"{""seq"":242,""x_mg"":200,""y_mg"":-20,""z_mg"":920}"
5.047,right_hand,og,tilt,,"{""roll_deg"":0.4,""pitch_deg"":-2.2,""steady"":true}"
5.078,right_hand,og,acc,2620922,"{""seq"":243,""x_mg"":188,""y_mg"":-8,""z_mg"":916}"
5.078,right_hand,og,tilt,,"{""roll_deg"":0.2,""pitch_deg"":-2.1,""steady"":true}"
5.078,right_hand,og,acc,2620943,"{""seq"":244,""x_mg"":184,""y_mg"":16,""z_mg"":924}"
5.078,right_hand,og,tilt,,"{""roll_deg"":0.2,""pitch_deg"":-2.1,""steady"":true}"
5.110,right_hand,og,acc,2620963,"{""seq"":245,""x_mg"":176,""y_mg"":32,""z_mg"":928}"
5.110,right_hand,og,tilt,,"{""roll_deg"":0.2,""pitch_deg"":-2.1,""steady"":true}"
5.110,right_hand,og,acc,2620984,"{""seq"":246,""x_mg"":168,""y_mg"":16,""z_mg"":932}"
5.110,right_hand,og,tilt,,"{""roll_deg"":0.2,""pitch_deg"":-2.1,""steady"":true}"
5.141,right_hand,og,acc,2621004,"{""seq"":247,""x_mg"":160,""y_mg"":12,""z_mg"":936}"
5.141,right_hand,og,tilt,,"{""roll_deg"":0.3,""pitch_deg"":-2.1,""steady"":true}"
5.172,right_hand,og,acc,2621025,"{""seq"":248,""x_mg"":160,""y_mg"":-4,""z_mg"":952}"
5.172,right_hand,og,tilt,,"{""roll_deg"":0.4,""pitch_deg"":-2.1,""steady"":true}"
5.172,right_hand,og,acc,2621046,"{""seq"":249,""x_mg"":160,""y_mg"":-16,""z_mg"":964}"
5.172,right_hand,og,tilt,,"{""roll_deg"":0.4,""pitch_deg"":-2.1,""steady"":true}"
5.188,right_hand,og,acc,2621066,"{""seq"":250,""x_mg"":172,""y_mg"":-28,""z_mg"":964}"
5.188,right_hand,og,tilt,,"{""roll_deg"":0.4,""pitch_deg"":-2.1,""steady"":true}"
5.219,right_hand,og,acc,2621087,"{""seq"":251,""x_mg"":164,""y_mg"":-44,""z_mg"":980}"
5.219,right_hand,og,tilt,,"{""roll_deg"":0.4,""pitch_deg"":-2.3,""steady"":true}"
5.250,right_hand,og,acc,2621107,"{""seq"":252,""x_mg"":160,""y_mg"":-28,""z_mg"":980}"
5.250,right_hand,og,tilt,,"{""roll_deg"":0.4,""pitch_deg"":-2.4,""steady"":true}"
5.250,right_hand,og,acc,2621128,"{""seq"":253,""x_mg"":172,""y_mg"":-44,""z_mg"":992}"
5.250,right_hand,og,tilt,,"{""roll_deg"":0.1,""pitch_deg"":-2.5,""steady"":true}"
5.281,right_hand,og,acc,2621148,"{""seq"":254,""x_mg"":176,""y_mg"":-56,""z_mg"":992}"
5.281,right_hand,og,tilt,,"{""roll_deg"":-0.2,""pitch_deg"":-2.6,""steady"":true}"
5.313,right_hand,og,acc,2621169,"{""seq"":255,""x_mg"":156,""y_mg"":-72,""z_mg"":988}"
5.313,right_hand,og,tilt,,"{""roll_deg"":-0.6,""pitch_deg"":-2.7,""steady"":true}"
5.313,right_hand,og,acc,2621190,"{""seq"":256,""x_mg"":148,""y_mg"":-44,""z_mg"":984}"
5.313,right_hand,og,tilt,,"{""roll_deg"":-0.9,""pitch_deg"":-2.9,""steady"":true}"
5.344,right_hand,og,acc,2621210,"{""seq"":257,""x_mg"":140,""y_mg"":-32,""z_mg"":976}"
5.344,right_hand,og,tilt,,"{""roll_deg"":-1.1,""pitch_deg"":-3.1,""steady"":true}"
5.391,right_hand,og,acc,2621231,"{""seq"":258,""x_mg"":140,""y_mg"":48,""z_mg"":972}"
5.391,right_hand,og,tilt,,"{""roll_deg"":-1.1,""pitch_deg"":-3.4,""steady"":true}"
5.391,right_hand,og,acc,2621251,"{""seq"":259,""x_mg"":140,""y_mg"":20,""z_mg"":980}"
5.391,right_hand,og,tilt,,"{""roll_deg"":-1.1,""pitch_deg"":-3.6,""steady"":true}"
5.406,right_hand,og,acc,2621272,"{""seq"":260,""x_mg"":112,""y_mg"":28,""z_mg"":988}"
5.406,right_hand,og,tilt,,"{""roll_deg"":-1.1,""pitch_deg"":-3.8,""steady"":true}"
5.438,right_hand,og,acc,2621292,"{""seq"":261,""x_mg"":108,""y_mg"":28,""z_mg"":1000}"
5.438,right_hand,og,tilt,,"{""roll_deg"":-1.0,""pitch_deg"":-4.3,""steady"":true}"
5.469,right_hand,og,acc,2621313,"{""seq"":262,""x_mg"":120,""y_mg"":36,""z_mg"":1000}"
5.469,right_hand,og,tilt,,"{""roll_deg"":-0.7,""pitch_deg"":-4.8,""steady"":true}"
5.469,right_hand,og,acc,2621334,"{""seq"":263,""x_mg"":108,""y_mg"":104,""z_mg"":1000}"
5.469,right_hand,og,tilt,,"{""roll_deg"":-0.3,""pitch_deg"":-5.2,""steady"":true}"
5.469,,game,brick,,"{""n"":4}"
5.500,right_hand,og,acc,2621354,"{""seq"":264,""x_mg"":104,""y_mg"":216,""z_mg"":1016}"
5.500,right_hand,og,tilt,,"{""roll_deg"":0.9,""pitch_deg"":-5.6,""steady"":true}"
5.531,right_hand,og,acc,2621375,"{""seq"":265,""x_mg"":116,""y_mg"":272,""z_mg"":1012}"
5.531,right_hand,og,tilt,,"{""roll_deg"":4.0,""pitch_deg"":-5.9,""steady"":true}"
5.531,right_hand,og,acc,2621395,"{""seq"":266,""x_mg"":128,""y_mg"":280,""z_mg"":1016}"
5.531,right_hand,og,tilt,,"{""roll_deg"":7.6,""pitch_deg"":-6.0,""steady"":true}"
5.563,right_hand,og,acc,2621416,"{""seq"":267,""x_mg"":128,""y_mg"":244,""z_mg"":1020}"
5.563,right_hand,og,tilt,,"{""roll_deg"":10.3,""pitch_deg"":-6.1,""steady"":true}"
5.563,right_hand,og,acc,2621436,"{""seq"":268,""x_mg"":144,""y_mg"":216,""z_mg"":1012}"
5.563,right_hand,og,tilt,,"{""roll_deg"":11.4,""pitch_deg"":-6.1,""steady"":true}"
5.594,right_hand,og,acc,2621457,"{""seq"":269,""x_mg"":156,""y_mg"":204,""z_mg"":1012}"
5.594,right_hand,og,tilt,,"{""roll_deg"":11.6,""pitch_deg"":-6.1,""steady"":true}"
5.610,right_hand,og,acc,2621478,"{""seq"":270,""x_mg"":164,""y_mg"":204,""z_mg"":1020}"
5.610,right_hand,og,tilt,,"{""roll_deg"":11.6,""pitch_deg"":-6.1,""steady"":true}"
5.641,right_hand,og,acc,2621498,"{""seq"":271,""x_mg"":160,""y_mg"":188,""z_mg"":1012}"
5.641,right_hand,og,tilt,,"{""roll_deg"":11.6,""pitch_deg"":-6.1,""steady"":true}"
5.672,right_hand,og,acc,2621519,"{""seq"":272,""x_mg"":164,""y_mg"":176,""z_mg"":996}"
5.672,right_hand,og,tilt,,"{""roll_deg"":11.6,""pitch_deg"":-6.1,""steady"":true}"
5.672,right_hand,og,acc,2621539,"{""seq"":273,""x_mg"":180,""y_mg"":172,""z_mg"":1008}"
5.672,right_hand,og,tilt,,"{""roll_deg"":11.6,""pitch_deg"":-6.1,""steady"":true}"
5.703,right_hand,og,acc,2621560,"{""seq"":274,""x_mg"":188,""y_mg"":152,""z_mg"":988}"
5.703,right_hand,og,tilt,,"{""roll_deg"":11.5,""pitch_deg"":-6.0,""steady"":true}"
5.735,right_hand,og,acc,2621580,"{""seq"":275,""x_mg"":180,""y_mg"":128,""z_mg"":976}"
5.735,right_hand,og,tilt,,"{""roll_deg"":11.2,""pitch_deg"":-5.7,""steady"":true}"
5.735,right_hand,og,acc,2621601,"{""seq"":276,""x_mg"":168,""y_mg"":88,""z_mg"":972}"
5.735,right_hand,og,tilt,,"{""roll_deg"":10.8,""pitch_deg"":-5.4,""steady"":true}"
5.766,right_hand,og,acc,2621621,"{""seq"":277,""x_mg"":184,""y_mg"":32,""z_mg"":944}"
5.766,right_hand,og,tilt,,"{""roll_deg"":10.5,""pitch_deg"":-5.2,""steady"":true}"
5.766,right_hand,og,acc,2621642,"{""seq"":278,""x_mg"":172,""y_mg"":24,""z_mg"":952}"
5.766,right_hand,og,tilt,,"{""roll_deg"":9.4,""pitch_deg"":-4.9,""steady"":true}"
5.797,right_hand,og,acc,2621663,"{""seq"":279,""x_mg"":172,""y_mg"":20,""z_mg"":936}"
5.797,right_hand,og,tilt,,"{""roll_deg"":7.9,""pitch_deg"":-4.7,""steady"":true}"
5.828,right_hand,og,acc,2621683,"{""seq"":280,""x_mg"":168,""y_mg"":32,""z_mg"":932}"
5.828,right_hand,og,tilt,,"{""roll_deg"":6.6,""pitch_deg"":-4.6,""steady"":true}"
5.828,right_hand,og,acc,2621704,"{""seq"":281,""x_mg"":164,""y_mg"":48,""z_mg"":912}"
5.828,right_hand,og,tilt,,"{""roll_deg"":5.6,""pitch_deg"":-4.4,""steady"":true}"
5.860,right_hand,og,acc,2621724,"{""seq"":282,""x_mg"":172,""y_mg"":52,""z_mg"":904}"
5.860,right_hand,og,tilt,,"{""roll_deg"":5.2,""pitch_deg"":-4.3,""steady"":true}"
5.891,right_hand,og,acc,2621745,"{""seq"":283,""x_mg"":168,""y_mg"":28,""z_mg"":912}"
5.891,right_hand,og,tilt,,"{""roll_deg"":4.9,""pitch_deg"":-4.2,""steady"":true}"
5.891,right_hand,og,acc,2621765,"{""seq"":284,""x_mg"":156,""y_mg"":64,""z_mg"":924}"
5.891,right_hand,og,tilt,,"{""roll_deg"":4.7,""pitch_deg"":-4.1,""steady"":true}"
5.922,right_hand,og,acc,2621786,"{""seq"":285,""x_mg"":156,""y_mg"":52,""z_mg"":916}"
5.922,right_hand,og,tilt,,"{""roll_deg"":4.6,""pitch_deg"":-4.1,""steady"":true}"
5.953,right_hand,og,acc,2621807,"{""seq"":286,""x_mg"":168,""y_mg"":8,""z_mg"":936}"
5.953,right_hand,og,tilt,,"{""roll_deg"":4.5,""pitch_deg"":-4.1,""steady"":true}"
5.953,right_hand,og,acc,2621827,"{""seq"":287,""x_mg"":164,""y_mg"":4,""z_mg"":920}"
5.953,right_hand,og,tilt,,"{""roll_deg"":3.8,""pitch_deg"":-4.1,""steady"":true}"
5.985,right_hand,og,acc,2621848,"{""seq"":288,""x_mg"":172,""y_mg"":-32,""z_mg"":948}"
5.985,right_hand,og,tilt,,"{""roll_deg"":3.2,""pitch_deg"":-4.1,""steady"":true}"
6.016,right_hand,og,acc,2621868,"{""seq"":289,""x_mg"":160,""y_mg"":-28,""z_mg"":976}"
6.016,right_hand,og,tilt,,"{""roll_deg"":2.2,""pitch_deg"":-4.0,""steady"":true}"
6.016,right_hand,og,acc,2621889,"{""seq"":290,""x_mg"":144,""y_mg"":-48,""z_mg"":968}"
6.016,right_hand,og,tilt,,"{""roll_deg"":1.4,""pitch_deg"":-4.0,""steady"":true}"
6.047,right_hand,og,acc,2621909,"{""seq"":291,""x_mg"":152,""y_mg"":-104,""z_mg"":952}"
6.047,right_hand,og,tilt,,"{""roll_deg"":0.6,""pitch_deg"":-4.0,""steady"":true}"
6.078,right_hand,og,acc,2621930,"{""seq"":292,""x_mg"":152,""y_mg"":-148,""z_mg"":932}"
6.078,right_hand,og,tilt,,"{""roll_deg"":-1.2,""pitch_deg"":-4.0,""steady"":true}"
6.078,right_hand,og,acc,2621951,"{""seq"":293,""x_mg"":136,""y_mg"":-156,""z_mg"":948}"
6.078,right_hand,og,tilt,,"{""roll_deg"":-3.4,""pitch_deg"":-4.0,""steady"":true}"
6.110,right_hand,og,acc,2621971,"{""seq"":294,""x_mg"":104,""y_mg"":-128,""z_mg"":940}"
6.110,right_hand,og,tremor,,"{""rms_mg"":40.0,""peak_hz"":4.2}"
6.110,right_hand,og,tilt,,"{""roll_deg"":-4.8,""pitch_deg"":-4.0,""steady"":true}"
6.110,right_hand,og,acc,2621992,"{""seq"":295,""x_mg"":100,""y_mg"":-144,""z_mg"":936}"
6.110,right_hand,og,tilt,,"{""roll_deg"":-5.8,""pitch_deg"":-4.0,""steady"":true}"
6.141,right_hand,og,acc,2622012,"{""seq"":296,""x_mg"":104,""y_mg"":-168,""z_mg"":940}"
6.141,right_hand,og,tilt,,"{""roll_deg"":-6.4,""pitch_deg"":-4.4,""steady"":true}"
6.188,right_hand,og,acc,2622033,"{""seq"":297,""x_mg"":84,""y_mg"":-156,""z_mg"":984}"
6.188,right_hand,og,tilt,,"{""roll_deg"":-6.9,""pitch_deg"":-4.8,""steady"":true}"
6.188,right_hand,og,acc,2622053,"{""seq"":298,""x_mg"":48,""y_mg"":-192,""z_mg"":984}"
6.188,right_hand,og,tilt,,"{""roll_deg"":-7.6,""pitch_deg"":-5.4,""steady"":true}"
6.219,right_hand,og,acc,2622074,"{""seq"":299,""x_mg"":84,""y_mg"":-212,""z_mg"":956}"
6.219,right_hand,og,tilt,,"{""roll_deg"":-8.3,""pitch_deg"":-6.0,""steady"":true}"
6.235,right_hand,og,acc,2622095,"{""seq"":300,""x_mg"":92,""y_mg"":-212,""z_mg"":968}"
6.235,right_hand,og,tilt,,"{""roll_deg"":-9.3,""pitch_deg"":-6.5,""steady"":true}"
6.235,right_hand,og,acc,2622115,"{""seq"":301,""x_mg"":40,""y_mg"":-200,""z_mg"":964}"
6.235,right_hand,og,tilt,,"{""roll_deg"":-9.9,""pitch_deg"":-6.8,""steady"":true}"
6.266,right_hand,og,acc,2622136,"{""seq"":302,""x_mg"":44,""y_mg"":-160,""z_mg"":976}"
6.266,right_hand,og,tilt,,"{""roll_deg"":-10.1,""pitch_deg"":-7.7,""steady"":true}"
6.297,right_hand,og,acc,2622156,"{""seq"":303,""x_mg"":64,""y_mg"":-148,""z_mg"":984}"
6.297,right_hand,og,tilt,,"{""roll_deg"":-10.1,""pitch_deg"":-8.4,""steady"":true}"
6.328,right_hand,og,acc,2622177,"{""seq"":304,""x_mg"":44,""y_mg"":-184,""z_mg"":1012}"
6.328,right_hand,og,tilt,,"{""roll_deg"":-10.1,""pitch_deg"":-8.9,""steady"":true}"
6.328,right_hand,og,acc,2622197,"{""seq"":305,""x_mg"":8,""y_mg"":-184,""z_mg"":1008}"
6.328,right_hand,og,tilt,,"{""roll_deg"":-10.1,""pitch_deg"":-9.3,""steady"":true}"
6.360,right_hand,og,acc,2622218,"{""seq"":306,""x_mg"":-12,""y_mg"":-176,""z_mg"":988}"
6.360,right_hand,og,tilt,,"{""roll_deg"":-10.1,""pitch_deg"":-10.2,""steady"":true}"
6.391,right_hand,og,acc,2622239,"{""seq"":307,""x_mg"":-16,""y_mg"":-196,""z_mg"":1020}"
6.391,right_hand,og,tilt,,"{""roll_deg"":-10.1,""pitch_deg"":-11.1,""steady"":true}"
6.391,right_hand,og,acc,2622259,"{""seq"":308,""x_mg"":-44,""y_mg"":-208,""z_mg"":1044}"
6.391,right_hand,og,tilt,,"{""roll_deg"":-10.1,""pitch_deg"":-11.9,""steady"":true}"
6.422,right_hand,og,acc,2622280,"{""seq"":309,""x_mg"":-40,""y_mg"":-228,""z_mg"":1052}"
6.422,right_hand,og,tilt,,"{""roll_deg"":-10.1,""pitch_deg"":-12.8,""steady"":true}"
6.438,right_hand,og,acc,2622300,"{""seq"":310,""x_mg"":-40,""y_mg"":-256,""z_mg"":1052}"
6.438,right_hand,og,tilt,,"{""roll_deg"":-10.1,""pitch_deg"":-13.5,""steady"":true}"
6.438,right_hand,og,acc,2622321,"{""seq"":311,""x_mg"":-60,""y_mg"":-268,""z_mg"":1044}"
6.438,right_hand,og,tilt,,"{""roll_deg"":-10.5,""pitch_deg"":-13.9,""steady"":true}"
6.469,right_hand,og,acc,2622341,"{""seq"":312,""x_mg"":-80,""y_mg"":-276,""z_mg"":1048}"
6.469,right_hand,og,tilt,,"{""roll_deg"":-11.1,""pitch_deg"":-14.6,""steady"":true}"
6.500,right_hand,og,acc,2622362,"{""seq"":313,""x_mg"":-64,""y_mg"":-292,""z_mg"":1036}"
6.500,right_hand,og,tilt,,"{""roll_deg"":-11.6,""pitch_deg"":-15.1,""steady"":true}"
6.531,right_hand,og,acc,2622383,"{""seq"":314,""x_mg"":-60,""y_mg"":-284,""z_mg"":1040}"
6.531,right_hand,og,tilt,,"{""roll_deg"":-12.3,""pitch_deg"":-15.5,""steady"":true}"
6.531,right_hand,og,acc,2622403,"{""seq"":315,""x_mg"":-96,""y_mg"":-276,""z_mg"":1044}"
6.531,right_hand,og,tilt,,"{""roll_deg"":-12.7,""pitch_deg"":-15.7,""steady"":true}"
6.563,right_hand,og,acc,2622424,"{""seq"":316,""x_mg"":-128,""y_mg"":-280,""z_mg"":1036}"
6.563,right_hand,og,tilt,,"{""roll_deg"":-13.0,""pitch_deg"":-16.4,""steady"":true}"
6.594,right_hand,og,acc,2622444,"{""seq"":317,""x_mg"":-132,""y_mg"":-300,""z_mg"":1028}"
6.594,right_hand,og,tilt,,"{""roll_deg"":-13.2,""pitch_deg"":-17.3,""steady"":true}"
6.594,right_hand,og,acc,2622465,"{""seq"":318,""x_mg"":-116,""y_mg"":-300,""z_mg"":1028}"
6.594,right_hand,og,tilt,,"{""roll_deg"":-13.7,""pitch_deg"":-18.0,""steady"":true}"
6.625,right_hand,og,acc,2622485,"{""seq"":319,""x_mg"":-108,""y_mg"":-284,""z_mg"":1016}"
6.625,right_hand,og,tilt,,"{""roll_deg"":-14.0,""pitch_deg"":-18.3,""steady"":true}"
6.625,right_hand,og,acc,2622506,"{""seq"":320,""x_mg"":-100,""y_mg"":-232,""z_mg"":984}"
6.625,right_hand,og,tilt,,"{""roll_deg"":-14.1,""pitch_deg"":-18.5,""steady"":true}"
6.656,,game,drop,,"{""n"":4}"
6.656,right_hand,og,acc,2622526,"{""seq"":321,""x_mg"":-84,""y_mg"":-224,""z_mg"":968}"
6.656,right_hand,og,tilt,,"{""roll_deg"":-14.1,""pitch_deg"":-18.5,""steady"":true}"
6.672,right_hand,og,acc,2622547,"{""seq"":322,""x_mg"":-72,""y_mg"":-200,""z_mg"":984}"
6.672,right_hand,og,tilt,,"{""roll_deg"":-14.1,""pitch_deg"":-18.5,""steady"":true}"
6.703,right_hand,og,acc,2622568,"{""seq"":323,""x_mg"":-64,""y_mg"":-220,""z_mg"":968}"
6.703,right_hand,og,tilt,,"{""roll_deg"":-14.1,""pitch_deg"":-18.5,""steady"":true}"
6.750,right_hand,og,acc,2622588,"{""seq"":324,""x_mg"":-48,""y_mg"":-216,""z_mg"":980}"
6.750,right_hand,og,tilt,,"{""roll_deg"":-14.0,""pitch_deg"":-18.5,""steady"":true}"
6.750,right_hand,og,acc,2622609,"{""seq"":325,""x_mg"":-40,""y_mg"":-208,""z_mg"":984}"
6.750,right_hand,og,tilt,,"{""roll_deg"":-13.9,""pitch_deg"":-18.5,""steady"":true}"
6.781,right_hand,og,acc,2622629,"{""seq"":326,""x_mg"":-52,""y_mg"":-220,""z_mg"":1004}"
6.781,right_hand,og,tilt,,"{""roll_deg"":-13.8,""pitch_deg"":-18.4,""steady"":true}"
6.781,right_hand,og,acc,2622650,"{""seq"":327,""x_mg"":-60,""y_mg"":-248,""z_mg"":1012}"
6.781,right_hand,og,tilt,,"{""roll_deg"":-13.6,""pitch_deg"":-18.2,""steady"":true}"
6.813,right_hand,og,acc,2622670,"{""seq"":328,""x_mg"":-72,""y_mg"":-268,""z_mg"":1012}"
6.813,right_hand,og,tilt,,"{""roll_deg"":-13.6,""pitch_deg"":-18.2,""steady"":true}"
6.844,right_hand,og,acc,2622691,"{""seq"":329,""x_mg"":-60,""y_mg"":-272,""z_mg"":1016}"
6.844,right_hand,og,tilt,,"{""roll_deg"":-13.6,""pitch_deg"":-18.1,""steady"":true}"
6.844,right_hand,og,acc,2622712,"{""seq"":330,""x_mg"":-40,""y_mg"":-300,""z_mg"":1024}"
6.844,right_hand,og,tilt,,"{""roll_deg"":-13.6,""pitch_deg"":-18.0,""steady"":true}"
6.860,right_hand,og,acc,2622732,"{""seq"":331,""x_mg"":-48,""y_mg"":-324,""z_mg"":1020}"
6.860,right_hand,og,tilt,,"{""roll_deg"":-13.6,""pitch_deg"":-17.9,""steady"":true}"
6.891,right_hand,og,acc,2622753,"{""seq"":332,""x_mg"":-40,""y_mg"":-316,""z_mg"":1008}"
6.891,right_hand,og,tilt,,"{""roll_deg"":-13.6,""pitch_deg"":-17.7,""steady"":true}"
6.922,right_hand,og,acc,2622773,"{""seq"":333,""x_mg"":-32,""y_mg"":-296,""z_mg"":1016}"
6.922,right_hand,og,tilt,,"{""roll_deg"":-14.0,""pitch_deg"":-17.5,""steady"":true}"
6.922,right_hand,og,acc,2622794,"{""seq"":334,""x_mg"":-28,""y_mg"":-224,""z_mg"":1004}"
6.922,right_hand,og,tilt,,"{""roll_deg"":-14.2,""pitch_deg"":-17.2,""steady"":true}"
6.953,right_hand,og,acc,2622814,"{""seq"":335,""x_mg"":-20,""y_mg"":-152,""z_mg"":1004}"
6.953,right_hand,og,tilt,,"{""roll_deg"":-14.2,""pitch_deg"":-17.0,""steady"":true}"
6.985,right_hand,og,acc,2622835,"{""seq"":336,""x_mg"":-8,""y_mg"":-132,""z_mg"":1004}"
6.985,right_hand,og,tilt,,"{""roll_deg"":-14.2,""pitch_deg"":-16.6,""steady"":true}"
6.985,right_hand,og,acc,2622856,"{""seq"":337,""x_mg"":12,""y_mg"":-160,""z_mg"":1004}"
6.985,right_hand,og,tilt,,"{""roll_deg"":-13.3,""pitch_deg"":-16.2,""steady"":true}"
7.016,right_hand,og,acc,2622876,"{""seq"":338,""x_mg"":12,""y_mg"":-208,""z_mg"":976}"
7.016,right_hand,og,tilt,,"{""roll_deg"":-12.5,""pitch_deg"":-15.7,""steady"":true}"
7.047,right_hand,og,acc,2622897,"{""seq"":339,""x_mg"":20,""y_mg"":-228,""z_mg"":960}"
7.047,right_hand,og,tilt,,"{""roll_deg"":-12.4,""pitch_deg"":-15.2,""steady"":true}"
7.047,right_hand,og,acc,2622917,"{""seq"":340,""x_mg"":24,""y_mg"":-212,""z_mg"":956}"
7.047,right_hand,og,tilt,,"{""roll_deg"":-12.4,""pitch_deg"":-14.7,""steady"":true}"
7.063,right_hand,og,acc,2622938,"{""seq"":341,""x_mg"":8,""y_mg"":-144,""z_mg"":960}"
7.063,right_hand,og,tilt,,"{""roll_deg"":-12.4,""pitch_deg"":-14.3,""steady"":true}"
7.094,right_hand,og,acc,2622958,"{""seq"":342,""x_mg"":8,""y_mg"":-144,""z_mg"":964}"
7.094,right_hand,og,tilt,,"{""roll_deg"":-11.7,""pitch_deg"":-14.1,""steady"":true}"
7.125,right_hand,og,acc,2622979,"{""seq"":343,""x_mg"":28,""y_mg"":-136,""z_mg"":964}"
7.125,right_hand,og,tilt,,"{""roll_deg"":-11.0,""pitch_deg"":-14.0,""steady"":true}"
7.125,right_hand,og,acc,2622999,"{""seq"":344,""x_mg"":12,""y_mg"":-124,""z_mg"":968}"
7.125,right_hand,og,tilt,,"{""roll_deg"":-10.3,""pitch_deg"":-13.8,""steady"":true}"
7.156,right_hand,og,acc,2623020,"{""seq"":345,""x_mg"":8,""y_mg"":-96,""z_mg"":988}"
7.156,right_hand,og,tilt,,"{""roll_deg"":-9.6,""pitch_deg"":-13.7,""steady"":true}"
7.188,right_hand,og,acc,2623041,"{""seq"":346,""x_mg"":16,""y_mg"":-52,""z_mg"":1012}"
7.188,right_hand,og,tilt,,"{""roll_deg"":-8.5,""pitch_deg"":-13.6,""steady"":true}"
7.188,right_hand,og,acc,2623061,"{""seq"":347,""x_mg"":24,""y_mg"":0,""z_mg"":1016}"
7.188,right_hand,og,tilt,,"{""roll_deg"":-7.0,""pitch_deg"":-13.5,""steady"":true}"
7.219,right_hand,og,acc,2623082,"{""seq"":348,""x_mg"":28,""y_mg"":12,""z_mg"":1000}"
7.219,right_hand,og,tilt,,"{""roll_deg"":-4.7,""pitch_deg"":-13.4,""steady"":true}"
7.250,right_hand,og,acc,2623102,"{""seq"":349,""x_mg"":52,""y_mg"":-4,""z_mg"":996}"
7.250,right_hand,og,tilt,,"{""roll_deg"":-3.2,""pitch_deg"":-13.2,""steady"":true}"
7.250,right_hand,og,acc,2623123,"{""seq"":350,""x_mg"":64,""y_mg"":-16,""z_mg"":992}"
7.250,right_hand,og,tilt,,"{""roll_deg"":-2.2,""pitch_deg"":-12.8,""steady"":true}"
7.266,right_hand,og,acc,2623143,"{""seq"":351,""x_mg"":60,""y_mg"":-64,""z_mg"":980}"
7.266,right_hand,og,tilt,,"{""roll_deg"":-1.8,""pitch_deg"":-12.3,""steady"":true}"
7.297,right_hand,og,acc,2623164,"{""seq"":352,""x_mg"":60,""y_mg"":-4,""z_mg"":968}"
7.297,right_hand,og,tilt,,"{""roll_deg"":-1.5,""pitch_deg"":-12.0,""steady"":true}"
7.328,right_hand,og,acc,2623185,"{""seq"":353,""x_mg"":72,""y_mg"":144,""z_mg"":996}"
7.328,right_hand,og,tilt,,"{""roll_deg"":-1.1,""pitch_deg"":-11.6,""steady"":true}"
7.328,right_hand,og,acc,2623205,"{""seq"":354,""x_mg"":80,""y_mg"":228,""z_mg"":972}"
7.328,right_hand,og,tilt,,"{""roll_deg"":2.0,""pitch_deg"":-11.3,""steady"":true}"
7.360,right_hand,og,acc,2623226,"{""seq"":355,""x_mg"":124,""y_mg"":240,""z_mg"":944}"
7.360,right_hand,og,tilt,,"{""roll_deg"":6.3,""pitch_deg"":-10.9,""steady"":true}"
7.391,right_hand,og,acc,2623246,"{""seq"":356,""x_mg"":168,""y_mg"":224,""z_mg"":940}"
7.391,right_hand,og,tilt,,"{""roll_deg"":9.0,""pitch_deg"":-9.9,""steady"":true}"
7.391,right_hand,og,acc,2623267,"{""seq"":357,""x_mg"":180,""y_mg"":252,""z_mg"":936}"
7.391,right_hand,og,tilt,,"{""roll_deg"":11.1,""pitch_deg"":-8.4,""steady"":true}"
7.422,right_hand,og,acc,2623287,"{""seq"":358,""x_mg"":204,""y_mg"":284,""z_mg"":928}"
7.422,right_hand,og,tilt,,"{""roll_deg"":12.6,""pitch_deg"":-7.0,""steady"":true}"
7.469,,game,brick,,"{""n"":5}"
7.469,right_hand,og,acc,2623308,"{""seq"":359,""x_mg"":216,""y_mg"":308,""z_mg"":920}"
7.469,right_hand,og,tilt,,"{""roll_deg"":14.2,""pitch_deg"":-5.5,""steady"":true}"
7.469,right_hand,og,acc,2623329,"{""seq"":360,""x_mg"":220,""y_mg"":308,""z_mg"":920}"
7.469,right_hand,og,tilt,,"{""roll_deg"":15.8,""pitch_deg"":-4.2,""steady"":true}"
7.485,right_hand,og,acc,2623349,"{""seq"":361,""x_mg"":224,""y_mg"":308,""z_mg"":940}"
7.485,right_hand,og,tilt,,"{""roll_deg"":16.6,""pitch_deg"":-3.3,""steady"":true}"
7.516,right_hand,og,acc,2623370,"{""seq"":362,""x_mg"":220,""y_mg"":292,""z_mg"":920}"
7.516,right_hand,og,tilt,,"{""roll_deg"":17.1,""pitch_deg"":-2.6,""steady"":true}"
7.547,right_hand,og,acc,2623390,"{""seq"":363,""x_mg"":228,""y_mg"":220,""z_mg"":924}"
7.547,right_hand,og,tilt,,"{""roll_deg"":17.1,""pitch_deg"":-2.2,""steady"":true}"
7.547,right_hand,og,acc,2623411,"{""seq"":364,""x_mg"":228,""y_mg"":184,""z_mg"":940}"
7.547,right_hand,og,tilt,,"{""roll_deg"":16.8,""pitch_deg"":-1.7,""steady"":true}"
7.578,right_hand,og,acc,2623431,"{""seq"":365,""x_mg"":216,""y_mg"":160,""z_mg"":936}"
7.578,right_hand,og,tilt,,"{""roll_deg"":15.7,""pitch_deg"":-1.4,""steady"":true}"
7.610,right_hand,og,acc,2623452,"{""seq"":366,""x_mg"":212,""y_mg"":164,""z_mg"":928}"
7.610,right_hand,og,tilt,,"{""roll_deg"":14.9,""pitch_deg"":-1.3,""steady"":true}"
7.610,right_hand,og,acc,2623473,"{""seq"":367,""x_mg"":188,""y_mg"":156,""z_mg"":948}"
7.610,right_hand,og,tilt,,"{""roll_deg"":14.5,""pitch_deg"":-1.3,""steady"":true}"
7.641,right_hand,og,acc,2623493,"{""seq"":368,""x_mg"":164,""y_mg"":164,""z_mg"":976}"
7.641,right_hand,og,tilt,,"{""roll_deg"":14.1,""pitch_deg"":-1.3,""steady"":true}"
7.641,right_hand,og,acc,2623514,"{""seq"":369,""x_mg"":156,""y_mg"":116,""z_mg"":956}"
7.641,right_hand,og,tilt,,"{""roll_deg"":13.6,""pitch_deg"":-1.3,""steady"":true}"
7.672,right_hand,og,acc,2623534,"{""seq"":370,""x_mg"":140,""y_mg"":72,""z_mg"":960}"
7.672,right_hand,og,tilt,,"{""roll_deg"":12.6,""pitch_deg"":-1.6,""steady"":true}"
7.703,right_hand,og,acc,2623555,"{""seq"":371,""x_mg"":132,""y_mg"":8,""z_mg"":964}"
7.703,right_hand,og,tilt,,"{""roll_deg"":10.8,""pitch_deg"":-1.9,""steady"":true}"
7.719,right_hand,og,acc,2623575,"{""seq"":372,""x_mg"":116,""y_mg"":-4,""z_mg"":972}"
7.719,right_hand,og,tilt,,"{""roll_deg"":8.1,""pitch_deg"":-2.2,""steady"":true}"
7.750,right_hand,og,acc,2623596,"{""seq"":373,""x_mg"":84,""y_mg"":12,""z_mg"":968}"
7.750,right_hand,og,tilt,,"{""roll_deg"":5.9,""pitch_deg"":-2.7,""steady"":true}"
7.750,right_hand,og,acc,2623616,"{""seq"":374,""x_mg"":72,""y_mg"":4,""z_mg"":976}"
7.750,right_hand,og,tilt,,"{""roll_deg"":4.4,""pitch_deg"":-3.7,""steady"":true}"
7.781,right_hand,og,acc,2623637,"{""seq"":375,""x_mg"":52,""y_mg"":-72,""z_mg"":976}"
7.781,right_hand,og,tilt,,"{""roll_deg"":3.3,""pitch_deg"":-4.8,""steady"":true}"
7.781,right_hand,og,acc,2623658,"{""seq"":376,""x_mg"":48,""y_mg"":-140,""z_mg"":972}"
7.781,right_hand,og,tilt,,"{""roll_deg"":1.0,""pitch_deg"":-6.1,""steady"":true}"
7.813,right_hand,og,acc,2623678,"{""seq"":377,""x_mg"":36,""y_mg"":-140,""z_mg"":980}"
7.813,right_hand,og,tilt,,"{""roll_deg"":-2.0,""pitch_deg"":-7.2,""steady"":true}"
7.844,right_hand,og,acc,2623699,"{""seq"":378,""x_mg"":24,""y_mg"":-180,""z_mg"":984}"
7.844,right_hand,og,tilt,,"{""roll_deg"":-4.1,""pitch_deg"":-8.3,""steady"":true}"
7.844,right_hand,og,acc,2623719,"{""seq"":379,""x_mg"":24,""y_mg"":-216,""z_mg"":996}"
7.844,right_hand,og,tilt,,"{""roll_deg"":-6.1,""pitch_deg"":-9.2,""steady"":true}"
7.875,right_hand,og,acc,2623740,"{""seq"":380,""x_mg"":0,""y_mg"":-284,""z_mg"":1000}"
7.875,right_hand,og,tilt,,"{""roll_deg"":-8.2,""pitch_deg"":-10.0,""steady"":true}"
7.906,right_hand,og,acc,2623760,"{""seq"":381,""x_mg"":-44,""y_mg"":-316,""z_mg"":996}"
7.906,right_hand,og,tilt,,"{""roll_deg"":-10.8,""pitch_deg"":-10.8,""steady"":true}"
7.906,right_hand,og,acc,2623781,"{""seq"":382,""x_mg"":-36,""y_mg"":-368,""z_mg"":984}"
7.906,right_hand,og,tilt,,"{""roll_deg"":-13.2,""pitch_deg"":-12.1,""steady"":true}"
7.922,right_hand,og,acc,2623802,"{""seq"":383,""x_mg"":-32,""y_mg"":-356,""z_mg"":992}"
7.922,right_hand,og,tilt,,"{""roll_deg"":-15.5,""pitch_deg"":-13.0,""steady"":true}"
7.953,right_hand,og,acc,2623822,"{""seq"":384,""x_mg"":-64,""y_mg"":-344,""z_mg"":984}"
7.953,right_hand,og,tilt,,"{""roll_deg"":-16.8,""pitch_deg"":-13.6,""steady"":true}"
7.985,right_hand,og,acc,2623843,"{""seq"":385,""x_mg"":-64,""y_mg"":-360,""z_mg"":988}"
7.985,right_hand,og,tilt,,"{""roll_deg"":-17.6,""pitch_deg"":-14.5,""steady"":true}"
7.985,right_hand,og,acc,2623863,"{""seq"":386,""x_mg"":-60,""y_mg"":-376,""z_mg"":996}"
7.985,right_hand,og,tilt,,"{""roll_deg"":-18.1,""pitch_deg"":-15.1,""steady"":true}"
8.016,right_hand,og,acc,2623884,"{""seq"":387,""x_mg"":-80,""y_mg"":-368,""z_mg"":988}"
8.016,right_hand,og,tilt,,"{""roll_deg"":-18.6,""pitch_deg"":-15.5,""steady"":true}"
8.047,right_hand,og,acc,2623904,"{""seq"":388,""x_mg"":-84,""y_mg"":-360,""z_mg"":992}"
8.047,right_hand,og,tilt,,"{""roll_deg"":-18.9,""pitch_deg"":-16.1,""steady"":true}"
8.047,right_hand,og,acc,2623925,"{""seq"":389,""x_mg"":-88,""y_mg"":-376,""z_mg"":992}"
8.047,right_hand,og,tilt,,"{""roll_deg"":-19.1,""pitch_deg"":-16.5,""steady"":true}"
8.078,right_hand,og,acc,2623946,"{""seq"":390,""x_mg"":-92,""y_mg"":-388,""z_mg"":968}"
8.078,right_hand,og,tilt,,"{""roll_deg"":-19.3,""pitch_deg"":-16.9,""steady"":true}"
8.110,right_hand,og,acc,2623966,"{""seq"":391,""x_mg"":-76,""y_mg"":-388,""z_mg"":960}"
8.110,right_hand,og,tilt,,"{""roll_deg"":-19.7,""pitch_deg"":-17.1,""steady"":true}"
8.110,right_hand,og,acc,2623987,"{""seq"":392,""x_mg"":-84,""y_mg"":-380,""z_mg"":964}"
8.110,right_hand,og,tremor,,"{""rms_mg"":27.4,""peak_hz"":4.7}"
8.110,right_hand,og,tilt,,"{""roll_deg"":-20.0,""pitch_deg"":-17.3,""steady"":true}"
8.125,right_hand,og,acc,2624007,"{""seq"":393,""x_mg"":-88,""y_mg"":-388,""z_mg"":956}"
8.125,right_hand,og,tilt,,"{""roll_deg"":-20.3,""pitch_deg"":-17.4,""steady"":true}"
8.172,right_hand,og,acc,2624028,"{""seq"":394,""x_mg"":-76,""y_mg"":-396,""z_mg"":952}"
8.172,right_hand,og,tilt,,"{""roll_deg"":-20.5,""pitch_deg"":-17.5,""steady"":true}"
8.203,right_hand,og,acc,2624048,"{""seq"":395,""x_mg"":-44,""y_mg"":-372,""z_mg"":952}"
8.203,right_hand,og,tilt,,"{""roll_deg"":-20.6,""pitch_deg"":-17.5,""steady"":true}"
8.203,right_hand,og,acc,2624069,"{""seq"":396,""x_mg"":-36,""y_mg"":-380,""z_mg"":940}"
8.203,right_hand,og,tilt,,"{""roll_deg"":-20.7,""pitch_deg"":-17.5,""steady"":true}"
8.235,right_hand,og,acc,2624090,"{""seq"":397,""x_mg"":-32,""y_mg"":-348,""z_mg"":944}"
8.235,right_hand,og,tilt,,"{""roll_deg"":-20.7,""pitch_deg"":-17.5,""steady"":true}"
8.266,right_hand,og,acc,2624110,"{""seq"":398,""x_mg"":-36,""y_mg"":-320,""z_mg"":940}"
8.266,right_hand,og,tilt,,"{""roll_deg"":-20.7,""pitch_deg"":-17.5,""steady"":true}"
8.266,right_hand,og,acc,2624131,"{""seq"":399,""x_mg"":-16,""y_mg"":-320,""z_mg"":944}"
8.266,right_hand,og,tilt,,"{""roll_deg"":-20.7,""pitch_deg"":-17.3,""steady"":true}"
8.297,right_hand,og,acc,2624151,"{""seq"":400,""x_mg"":-12,""y_mg"":-312,""z_mg"":940}"
8.297,right_hand,og,tilt,,"{""roll_deg"":-20.6,""pitch_deg"":-17.2,""steady"":true}"
8.313,right_hand,og,acc,2624172,"{""seq"":401,""x_mg"":-8,""y_mg"":-296,""z_mg"":944}"
8.313,right_hand,og,tilt,,"{""roll_deg"":-20.4,""pitch_deg"":-16.9,""steady"":true}"
8.313,right_hand,og,acc,2624192,"{""seq"":402,""x_mg"":12,""y_mg"":-292,""z_mg"":948}"
8.313,right_hand,og,tilt,,"{""roll_deg"":-20.2,""pitch_deg"":-16.6,""steady"":true}"
8.344,right_hand,og,acc,2624213,"{""seq"":403,""x_mg"":16,""y_mg"":-276,""z_mg"":956}"
8.344,right_hand,og,tilt,,"{""roll_deg"":-19.8,""pitch_deg"":-16.1,""steady"":true}"
8.375,right_hand,og,acc,2624234,"{""seq"":404,""x_mg"":12,""y_mg"":-264,""z_mg"":960}"
8.375,right_hand,og,tilt,,"{""roll_deg"":-19.2,""pitch_deg"":-15.6,""steady"":true}"
8.406,right_hand,og,acc,2624254,"{""seq"":405,""x_mg"":24,""y_mg"":-264,""z_mg"":952}"
8.406,right_hand,og,tilt,,"{""roll_deg"":-18.5,""pitch_deg"":-15.1,""steady"":true}"
8.406,right_hand,og,acc,2624275,"{""seq"":406,""x_mg"":36,""y_mg"":-256,""z_mg"":956}"
8.406,right_hand,og,tilt,,"{""roll_deg"":-17.8,""pitch_deg"":-14.6,""steady"":true}"
8.438,right_hand,og,acc,2624295,"{""seq"":407,""x_mg"":40,""y_mg"":-264,""z_mg"":972}"
8.438,right_hand,og,tilt,,"{""roll_deg"":-17.2,""pitch_deg"":-14.0,""steady"":true}"
8.469,right_hand,og,acc,2624316,"{""seq"":408,""x_mg"":44,""y_mg"":-252,""z_mg"":976}"
8.469,right_hand,og,tilt,,"{""roll_deg"":-16.7,""pitch_deg"":-13.5,""steady"":true}"
8.469,right_hand,og,acc,2624336,"{""seq"":409,""x_mg"":44,""y_mg"":-232,""z_mg"":968}"
8.469,right_hand,og,tilt,,"{""roll_deg"":-16.2,""pitch_deg"":-13.0,""steady"":true}"
8.500,right_hand,og,acc,2624357,"{""seq"":410,""x_mg"":56,""y_mg"":-236,""z_mg"":972}"
8.500,right_hand,og,tilt,,"{""roll_deg"":-15.6,""pitch_deg"":-12.7,""steady"":true}"
8.531,right_hand,og,acc,2624377,"{""seq"":411,""x_mg"":60,""y_mg"":-244,""z_mg"":984}"
8.531,right_hand,og,tilt,,"{""roll_deg"":-15.1,""pitch_deg"":-12.3,""steady"":true}"
8.531,right_hand,og,acc,2624398,"{""seq"":412,""x_mg"":40,""y_mg"":-244,""z_mg"":976}"
8.531,right_hand,og,tilt,,"{""roll_deg"":-14.8,""pitch_deg"":-11.9,""steady"":true}"
8.547,right_hand,og,acc,2624419,"{""seq"":413,""x_mg"":40,""y_mg"":-244,""z_mg"":988}"
8.547,right_hand,og,tilt,,"{""roll_deg"":-14.6,""pitch_deg"":-11.9,""steady"":true}"
8.578,right_hand,og,acc,2624439,"{""seq"":414,""x_mg"":44,""y_mg"":-252,""z_mg"":976}"
8.578,right_hand,og,tilt,,"{""roll_deg"":-14.4,""pitch_deg"":-11.8,""steady"":true}"
8.610,right_hand,og,acc,2624460,"{""seq"":415,""x_mg"":52,""y_mg"":-244,""z_mg"":968}"
8.610,right_hand,og,tilt,,"{""roll_deg"":-14.3,""pitch_deg"":-11.7,""steady"":true}"
8.610,right_hand,og,acc,2624480,"{""seq"":416,""x_mg"":56,""y_mg"":-236,""z_mg"":972}"
8.610,right_hand,og,tilt,,"{""roll_deg"":-14.3,""pitch_deg"":-11.6,""steady"":true}"
8.641,right_hand,og,acc,2624501,"{""seq"":417,""x_mg"":44,""y_mg"":-248,""z_mg"":968}"
8.641,right_hand,og,tilt,,"{""roll_deg"":-14.2,""pitch_deg"":-11.5,""steady"":true}"
8.672,right_hand,og,acc,2624521,"{""seq"":418,""x_mg"":44,""y_mg"":-248,""z_mg"":964}"
8.672,right_hand,og,tilt,,"{""roll_deg"":-14.2,""pitch_deg"":-11.5,""steady"":true}"
8.672,right_hand,og,acc,2624542,"{""seq"":419,""x_mg"":36,""y_mg"":-260,""z_mg"":980}"
8.672,right_hand,og,tilt,,"{""roll_deg"":-14.2,""pitch_deg"":-11.5,""steady"":true}"
8.703,right_hand,og,acc,2624563,"{""seq"":420,""x_mg"":32,""y_mg"":-256,""z_mg"":972}"
8.703,right_hand,og,tilt,,"{""roll_deg"":-14.2,""pitch_deg"":-11.5,""steady"":true}"
8.703,right_hand,og,acc,2624583,"{""seq"":421,""x_mg"":20,""y_mg"":-272,""z_mg"":976}"
8.703,right_hand,og,tilt,,"{""roll_deg"":-14.2,""pitch_deg"":-11.5,""steady"":true}"
8.735,right_hand,og,acc,2624604,"{""seq"":422,""x_mg"":16,""y_mg"":-264,""z_mg"":972}"
8.735,right_hand,og,tilt,,"{""roll_deg"":-14.2,""pitch_deg"":-11.5,""steady"":true}"
8.766,right_hand,og,acc,2624624,"{""seq"":423,""x_mg"":16,""y_mg"":-260,""z_mg"":976}"
8.766,right_hand,og,tilt,,"{""roll_deg"":-14.2,""pitch_deg"":-11.5,""steady"":true}"
8.766,right_hand,og,acc,2624645,"{""seq"":424,""x_mg"":12,""y_mg"":-252,""z_mg"":972}"
8.766,right_hand,og,tilt,,"{""roll_deg"":-14.2,""pitch_deg"":-11.5,""steady"":true}"
8.797,right_hand,og,acc,2624665,"{""seq"":425,""x_mg"":8,""y_mg"":-264,""z_mg"":980}"
8.797,right_hand,og,tilt,,"{""roll_deg"":-14.2,""pitch_deg"":-11.5,""steady"":true}"
8.828,right_hand,og,acc,2624686,"{""seq"":426,""x_mg"":4,""y_mg"":-256,""z_mg"":980}"
8.828,right_hand,og,tilt,,"{""roll_deg"":-14.2,""pitch_deg"":-11.5,""steady"":true}"
8.828,right_hand,og,acc,2624706,"{""seq"":427,""x_mg"":4,""y_mg"":-288,""z_mg"":960}"
8.828,right_hand,og,tilt,,"{""roll_deg"":-14.2,""pitch_deg"":-11.5,""steady"":true}"
8.875,right_hand,og,acc,2624727,"{""seq"":428,""x_mg"":16,""y_mg"":-272,""z_mg"":976}"
8.875,right_hand,og,tilt,,"{""roll_deg"":-14.2,""pitch_deg"":-11.7,""steady"":true}"
8.906,right_hand,og,acc,2624748,"{""seq"":429,""x_mg"":4,""y_mg"":-280,""z_mg"":972}"
8.906,right_hand,og,tilt,,"{""roll_deg"":-14.2,""pitch_deg"":-11.8,""steady"":true}"
8.906,right_hand,og,acc,2624768,"{""seq"":430,""x_mg"":16,""y_mg"":-260,""z_mg"":964}"
8.906,right_hand,og,tilt,,"{""roll_deg"":-14.2,""pitch_deg"":-11.9,""steady"":true}"
8.938,right_hand,og,acc,2624789,"{""seq"":431,""x_mg"":20,""y_mg"":-252,""z_mg"":972}"
8.938,right_hand,og,tilt,,"{""roll_deg"":-14.2,""pitch_deg"":-11.9,""steady"":true}"
8.969,right_hand,og,acc,2624809,"{""seq"":432,""x_mg"":52,""y_mg"":-248,""z_mg"":968}"
8.969,right_hand,og,tilt,,"{""roll_deg"":-14.2,""pitch_deg"":-11.9,""steady"":true}"
8.969,right_hand,og,acc,2624830,"{""seq"":433,""x_mg"":52,""y_mg"":-232,""z_mg"":972}"
8.969,right_hand,og,tilt,,"{""roll_deg"":-14.2,""pitch_deg"":-11.9,""steady"":true}"
9.000,right_hand,og,acc,2624850,"{""seq"":434,""x_mg"":52,""y_mg"":-212,""z_mg"":976}"
9.000,right_hand,og,tilt,,"{""roll_deg"":-14.2,""pitch_deg"":-11.9,""steady"":true}"
9.000,right_hand,og,acc,2624871,"{""seq"":435,""x_mg"":32,""y_mg"":-204,""z_mg"":972}"
9.000,right_hand,og,tilt,,"{""roll_deg"":-14.2,""pitch_deg"":-11.9,""steady"":true}"
9.031,right_hand,og,acc,2624892,"{""seq"":436,""x_mg"":64,""y_mg"":-192,""z_mg"":976}"
9.031,right_hand,og,tilt,,"{""roll_deg"":-14.0,""pitch_deg"":-11.9,""steady"":true}"
9.063,right_hand,og,acc,2624912,"{""seq"":437,""x_mg"":72,""y_mg"":-196,""z_mg"":968}"
9.063,right_hand,og,tilt,,"{""roll_deg"":-13.6,""pitch_deg"":-11.9,""steady"":true}"
9.063,right_hand,og,acc,2624933,"{""seq"":438,""x_mg"":68,""y_mg"":-200,""z_mg"":964}"
9.063,right_hand,og,tilt,,"{""roll_deg"":-13.2,""pitch_deg"":-11.7,""steady"":true}"
9.094,right_hand,og,acc,2624953,"{""seq"":439,""x_mg"":64,""y_mg"":-204,""z_mg"":964}"
9.094,right_hand,og,tilt,,"{""roll_deg"":-13.0,""pitch_deg"":-11.5,""steady"":true}"
9.125,right_hand,og,acc,2624974,"{""seq"":440,""x_mg"":44,""y_mg"":-228,""z_mg"":956}"
9.125,right_hand,og,tilt,,"{""roll_deg"":-12.8,""pitch_deg"":-11.3,""steady"":true}"
9.125,right_hand,og,acc,2624994,"{""seq"":441,""x_mg"":32,""y_mg"":-232,""z_mg"":940}"
9.125,right_hand,og,tilt,,"{""roll_deg"":-12.8,""pitch_deg"":-11.3,""steady"":true}"
9.156,right_hand,og,acc,2625015,"{""seq"":442,""x_mg"":40,""y_mg"":-224,""z_mg"":936}"
9.156,right_hand,og,tilt,,"{""roll_deg"":-12.8,""pitch_deg"":-11.3,""steady"":true}"
9.172,right_hand,og,acc,2625036,"{""seq"":443,""x_mg"":36,""y_mg"":-224,""z_mg"":956}"
9.172,right_hand,og,tilt,,"{""roll_deg"":-12.8,""pitch_deg"":-11.3,""steady"":true}"
9.203,right_hand,og,acc,2625056,"{""seq"":444,""x_mg"":32,""y_mg"":-240,""z_mg"":948}"
9.203,right_hand,og,tilt,,"{""roll_deg"":-12.8,""pitch_deg"":-11.3,""steady"":true}"
9.203,right_hand,og,acc,2625077,"{""seq"":445,""x_mg"":8,""y_mg"":-252,""z_mg"":948}"
9.203,right_hand,og,tilt,,"{""roll_deg"":-12.8,""pitch_deg"":-11.3,""steady"":true}"
9.235,,game,brick,,"{""n"":6}"
9.235,right_hand,og,acc,2625097,"{""seq"":446,""x_mg"":-32,""y_mg"":-268,""z_mg"":948}"
9.235,right_hand,og,tilt,,"{""roll_deg"":-12.8,""pitch_deg"":-11.3,""steady"":true}"
9.266,right_hand,og,acc,2625118,"{""seq"":447,""x_mg"":-48,""y_mg"":-292,""z_mg"":952}"
9.266,right_hand,og,tilt,,"{""roll_deg"":-12.8,""pitch_deg"":-11.3,""steady"":true}"
9.266,right_hand,og,acc,2625138,"{""seq"":448,""x_mg"":-40,""y_mg"":-312,""z_mg"":952}"
9.266,right_hand,og,tilt,,"{""roll_deg"":-13.0,""pitch_deg"":-11.9,""steady"":true}"
9.297,right_hand,og,acc,2625159,"{""seq"":449,""x_mg"":-68,""y_mg"":-320,""z_mg"":968}"
9.297,right_hand,og,tilt,,"{""roll_deg"":-13.7,""pitch_deg"":-12.6,""steady"":true}"
9.328,right_hand,og,acc,2625179,"{""seq"":450,""x_mg"":-80,""y_mg"":-316,""z_mg"":976}"
9.328,right_hand,og,tilt,,"{""roll_deg"":-14.3,""pitch_deg"":-13.5,""steady"":true}"
9.328,right_hand,og,acc,2625200,"{""seq"":451,""x_mg"":-84,""y_mg"":-328,""z_mg"":988}"
9.328,right_hand,og,tilt,,"{""roll_deg"":-14.9,""pitch_deg"":-14.5,""steady"":true}"
9.360,right_hand,og,acc,2625221,"{""seq"":452,""x_mg"":-96,""y_mg"":-332,""z_mg"":984}"
9.360,right_hand,og,tilt,,"{""roll_deg"":-15.4,""pitch_deg"":-15.3,""steady"":true}"
9.375,right_hand,og,acc,2625241,"{""seq"":453,""x_mg"":-100,""y_mg"":-324,""z_mg"":984}"
9.375,right_hand,og,tilt,,"{""roll_deg"":-15.8,""pitch_deg"":-16.0,""steady"":true}"
9.406,right_hand,og,acc,2625262,"{""seq"":454,""x_mg"":-88,""y_mg"":-320,""z_mg"":980}"
9.406,right_hand,og,tilt,,"{""roll_deg"":-16.1,""pitch_deg"":-16.6,""steady"":true}"
9.406,right_hand,og,acc,2625282,"{""seq"":455,""x_mg"":-92,""y_mg"":-320,""z_mg"":972}"
9.406,right_hand,og,tilt,,"{""roll_deg"":-16.4,""pitch_deg"":-17.0,""steady"":true}"
9.438,right_hand,og,acc,2625303,"{""seq"":456,""x_mg"":-88,""y_mg"":-312,""z_mg"":976}"
9.438,right_hand,og,tilt,,"{""roll_deg"":-16.5,""pitch_deg"":-17.3,""steady"":true}"
9.469,right_hand,og,acc,2625323,"{""seq"":457,""x_mg"":-80,""y_mg"":-328,""z_mg"":984}"
9.469,right_hand,og,tilt,,"{""roll_deg"":-16.6,""pitch_deg"":-17.5,""steady"":true}"
9.469,right_hand,og,acc,2625344,"{""seq"":458,""x_mg"":-72,""y_mg"":-312,""z_mg"":988}"
9.469,right_hand,og,tilt,,"{""roll_deg"":-16.7,""pitch_deg"":-17.5,""steady"":true}"
9.500,right_hand,og,acc,2625365,"{""seq"":459,""x_mg"":-80,""y_mg"":-304,""z_mg"":968}"
9.500,right_hand,og,tilt,,"{""roll_deg"":-16.7,""pitch_deg"":-17.5,""steady"":true}"
9.531,right_hand,og,acc,2625385,"{""seq"":460,""x_mg"":-60,""y_mg"":-300,""z_mg"":972}"
9.531,right_hand,og,tilt,,"{""roll_deg"":-16.7,""pitch_deg"":-17.5,""steady"":true}"
9.531,right_hand,og,acc,2625406,"{""seq"":461,""x_mg"":-48,""y_mg"":-280,""z_mg"":968}"
9.531,right_hand,og,tilt,,"{""roll_deg"":-16.7,""pitch_deg"":-17.5,""steady"":true}"
9.547,right_hand,og,acc,2625426,"{""seq"":462,""x_mg"":-48,""y_mg"":-288,""z_mg"":980}"
9.547,right_hand,og,tilt,,"{""roll_deg"":-16.7,""pitch_deg"":-17.5,""steady"":true}"
9.578,right_hand,og,acc,2625447,"{""seq"":463,""x_mg"":-56,""y_mg"":-268,""z_mg"":968}"
9.578,right_hand,og,tilt,,"{""roll_deg"":-16.7,""pitch_deg"":-17.5,""steady"":true}"
9.610,right_hand,og,acc,2625467,"{""seq"":464,""x_mg"":-40,""y_mg"":-272,""z_mg"":964}"
9.610,right_hand,og,tilt,,"{""roll_deg"":-16.7,""pitch_deg"":-17.5,""steady"":true}"
9.610,right_hand,og,acc,2625488,"{""seq"":465,""x_mg"":-36,""y_mg"":-272,""z_mg"":956}"
9.610,right_hand,og,tilt,,"{""roll_deg"":-16.7,""pitch_deg"":-17.5,""steady"":true}"
9.656,right_hand,og,acc,2625509,"{""seq"":466,""x_mg"":-32,""y_mg"":-276,""z_mg"":960}"
9.656,right_hand,og,tilt,,"{""roll_deg"":-16.7,""pitch_deg"":-17.4,""steady"":true}"
9.688,right_hand,og,acc,2625529,"{""seq"":467,""x_mg"":-16,""y_mg"":-276,""z_mg"":956}"
9.688,right_hand,og,tilt,,"{""roll_deg"":-16.7,""pitch_deg"":-17.3,""steady"":true}"
9.688,right_hand,og,acc,2625550,"{""seq"":468,""x_mg"":-4,""y_mg"":-268,""z_mg"":952}"
9.688,right_hand,og,tilt,,"{""roll_deg"":-16.7,""pitch_deg"":-17.0,""steady"":true}"
9.719,right_hand,og,acc,2625570,"{""seq"":469,""x_mg"":-4,""y_mg"":-272,""z_mg"":964}"
9.719,right_hand,og,tilt,,"{""roll_deg"":-16.5,""pitch_deg"":-16.6,""steady"":true}"
9.750,right_hand,og,acc,2625591,"{""seq"":470,""x_mg"":-8,""y_mg"":-264,""z_mg"":968}"
9.750,right_hand,og,tilt,,"{""roll_deg"":-16.4,""pitch_deg"":-16.2,""steady"":true}"
9.750,right_hand,og,acc,2625611,"{""seq"":471,""x_mg"":0,""y_mg"":-260,""z_mg"":968}"
9.750,right_hand,og,tilt,,"{""roll_deg"":-16.3,""pitch_deg"":-15.9,""steady"":true}"
9.766,right_hand,og,acc,2625632,"{""seq"":472,""x_mg"":-8,""y_mg"":-256,""z_mg"":972}"
9.766,right_hand,og,tilt,,"{""roll_deg"":-16.1,""pitch_deg"":-15.6,""steady"":true}"
9.797,right_hand,og,acc,2625652,"{""seq"":473,""x_mg"":-16,""y_mg"":-260,""z_mg"":980}"
9.797,right_hand,og,tilt,,"{""roll_deg"":-15.9,""pitch_deg"":-15.4,""steady"":true}"
9.828,right_hand,og,acc,2625673,"{""seq"":474,""x_mg"":-24,""y_mg"":-268,""z_mg"":976}"
9.828,right_hand,og,tilt,,"{""roll_deg"":-15.8,""pitch_deg"":-15.3,""steady"":true}"
9.828,right_hand,og,acc,2625694,"{""seq"":475,""x_mg"":-28,""y_mg"":-264,""z_mg"":984}"
9.828,right_hand,og,tilt,,"{""roll_deg"":-15.6,""pitch_deg"":-15.3,""steady"":true}"
9.860,right_hand,og,acc,2625714,"{""seq"":476,""x_mg"":-24,""y_mg"":-268,""z_mg"":964}"
9.860,right_hand,og,tilt,,"{""roll_deg"":-15.6,""pitch_deg"":-15.3,""steady"":true}"
9.891,right_hand,og,acc,2625735,"{""seq"":477,""x_mg"":-16,""y_mg"":-264,""z_mg"":968}"
9.891,right_hand,og,tilt,,"{""roll_deg"":-15.5,""pitch_deg"":-15.3,""steady"":true}"
9.891,right_hand,og,acc,2625755,"{""seq"":478,""x_mg"":-16,""y_mg"":-280,""z_mg"":968}"
9.891,right_hand,og,tilt,,"{""roll_deg"":-15.5,""pitch_deg"":-15.2,""steady"":true}"
9.922,right_hand,og,acc,2625776,"{""seq"":479,""x_mg"":-24,""y_mg"":-280,""z_mg"":968}"
9.922,right_hand,og,tilt,,"{""roll_deg"":-15.5,""pitch_deg"":-15.2,""steady"":true}"
9.922,right_hand,og,acc,2625796,"{""seq"":480,""x_mg"":-28,""y_mg"":-284,""z_mg"":976}"
9.922,right_hand,og,tilt,,"{""roll_deg"":-15.5,""pitch_deg"":-15.2,""steady"":true}"
9.953,right_hand,og,acc,2625817,"{""seq"":481,""x_mg"":-40,""y_mg"":-276,""z_mg"":952}"
9.953,right_hand,og,tilt,,"{""roll_deg"":-15.5,""pitch_deg"":-15.2,""steady"":true}"
9.985,right_hand,og,acc,2625838,"{""seq"":482,""x_mg"":-36,""y_mg"":-284,""z_mg"":960}"
9.985,right_hand,og,tilt,,"{""roll_deg"":-15.5,""pitch_deg"":-15.2,""steady"":true}"
10.000,right_hand,og,acc,2625858,"{""seq"":483,""x_mg"":-40,""y_mg"":-292,""z_mg"":952}"
10.000,right_hand,og,tilt,,"{""roll_deg"":-15.5,""pitch_deg"":-15.2,""steady"":true}"
10.031,right_hand,og,acc,2625879,"{""seq"":484,""x_mg"":-36,""y_mg"":-276,""z_mg"":960}"
10.031,right_hand,og,tilt,,"{""roll_deg"":-15.5,""pitch_deg"":-15.2,""steady"":true}"
10.031,right_hand,og,acc,2625899,"{""seq"":485,""x_mg"":-36,""y_mg"":-276,""z_mg"":964}"
10.031,right_hand,og,tilt,,"{""roll_deg"":-15.5,""pitch_deg"":-15.2,""steady"":true}"
10.063,right_hand,og,acc,2625920,"{""seq"":486,""x_mg"":-32,""y_mg"":-272,""z_mg"":960}"
10.063,right_hand,og,tilt,,"{""roll_deg"":-15.5,""pitch_deg"":-15.2,""steady"":true}"
10.063,right_hand,og,acc,2625940,"{""seq"":487,""x_mg"":-44,""y_mg"":-272,""z_mg"":968}"
10.063,right_hand,og,tilt,,"{""roll_deg"":-15.5,""pitch_deg"":-15.2,""steady"":true}"
10.094,right_hand,og,acc,2625961,"{""seq"":488,""x_mg"":-40,""y_mg"":-272,""z_mg"":968}"
10.094,right_hand,og,tilt,,"{""roll_deg"":-15.5,""pitch_deg"":-15.2,""steady"":true}"
10.125,right_hand,og,acc,2625982,"{""seq"":489,""x_mg"":-28,""y_mg"":-264,""z_mg"":968}"
10.125,right_hand,og,tilt,,"{""roll_deg"":-15.5,""pitch_deg"":-15.2,""steady"":true}"
10.125,right_hand,og,acc,2626002,"{""seq"":490,""x_mg"":-32,""y_mg"":-264,""z_mg"":976}"
10.125,right_hand,og,tremor,,"{""rms_mg"":29.2,""peak_hz"":7.6}"
10.125,right_hand,og,tilt,,"{""roll_deg"":-15.5,""pitch_deg"":-15.2,""steady"":true}"
10.156,right_hand,og,acc,2626023,"{""seq"":491,""x_mg"":-28,""y_mg"":-260,""z_mg"":968}"
10.156,right_hand,og,tilt,,"{""roll_deg"":-15.5,""pitch_deg"":-15.2,""steady"":true}"
10.172,right_hand,og,acc,2626043,"{""seq"":492,""x_mg"":-36,""y_mg"":-268,""z_mg"":972}"
10.172,right_hand,og,tilt,,"{""roll_deg"":-15.5,""pitch_deg"":-15.2,""steady"":true}"
10.172,right_hand,og,acc,2626064,"{""seq"":493,""x_mg"":-28,""y_mg"":-268,""z_mg"":972}"
10.172,right_hand,og,tilt,,"{""roll_deg"":-15.5,""pitch_deg"":-15.2,""steady"":true}"
10.203,right_hand,og,acc,2626084,"{""seq"":494,""x_mg"":-28,""y_mg"":-260,""z_mg"":972}"
10.203,right_hand,og,tilt,,"{""roll_deg"":-15.5,""pitch_deg"":-15.2,""steady"":true}"
10.235,right_hand,og,acc,2626105,"{""seq"":495,""x_mg"":-32,""y_mg"":-280,""z_mg"":980}"
10.250,right_hand,og,tilt,,"{""roll_deg"":-15.5,""pitch_deg"":-15.2,""steady"":true}"
10.281,right_hand,og,acc,2626126,"{""seq"":496,""x_mg"":-36,""y_mg"":-276,""z_mg"":972}"
10.281,right_hand,og,tilt,,"{""roll_deg"":-15.5,""pitch_deg"":-15.2,""steady"":true}"
10.281,right_hand,og,acc,2626146,"{""seq"":497,""x_mg"":-32,""y_mg"":-276,""z_mg"":960}"
10.281,right_hand,og,tilt,,"{""roll_deg"":-15.5,""pitch_deg"":-15.2,""steady"":true}"
10.313,right_hand,og,acc,2626167,"{""seq"":498,""x_mg"":-32,""y_mg"":-276,""z_mg"":964}"
10.313,right_hand,og,tilt,,"{""roll_deg"":-15.5,""pitch_deg"":-15.2,""steady"":true}"
10.344,right_hand,og,acc,2626187,"{""seq"":499,""x_mg"":-24,""y_mg"":-284,""z_mg"":964}"
10.344,right_hand,og,tilt,,"{""roll_deg"":-15.5,""pitch_deg"":-15.2,""steady"":true}"
10.344,right_hand,og,acc,2626208,"{""seq"":500,""x_mg"":-36,""y_mg"":-276,""z_mg"":956}"
10.344,right_hand,og,tilt,,"{""roll_deg"":-15.5,""pitch_deg"":-15.2,""steady"":true}"
10.375,right_hand,og,acc,2626228,"{""seq"":501,""x_mg"":-40,""y_mg"":-272,""z_mg"":956}"
10.375,right_hand,og,tilt,,"{""roll_deg"":-15.5,""pitch_deg"":-15.2,""steady"":true}"
10.391,right_hand,og,acc,2626249,"{""seq"":502,""x_mg"":-36,""y_mg"":-264,""z_mg"":960}"
10.391,right_hand,og,tilt,,"{""roll_deg"":-15.5,""pitch_deg"":-15.2,""steady"":true}"
10.391,right_hand,og,acc,2626270,"{""seq"":503,""x_mg"":-40,""y_mg"":-256,""z_mg"":964}"
10.391,right_hand,og,tilt,,"{""roll_deg"":-15.5,""pitch_deg"":-15.2,""steady"":true}"
10.422,right_hand,og,acc,2626290,"{""seq"":504,""x_mg"":-36,""y_mg"":-256,""z_mg"":960}"
10.422,right_hand,og,tilt,,"{""roll_deg"":-15.5,""pitch_deg"":-15.2,""steady"":true}"
10.453,right_hand,og,acc,2626311,"{""seq"":505,""x_mg"":-32,""y_mg"":-252,""z_mg"":980}"
10.453,right_hand,og,tilt,,"{""roll_deg"":-15.5,""pitch_deg"":-15.2,""steady"":true}"
10.485,right_hand,og,acc,2626331,"{""seq"":506,""x_mg"":-28,""y_mg"":-260,""z_mg"":968}"
10.485,right_hand,og,tilt,,"{""roll_deg"":-15.4,""pitch_deg"":-15.2,""steady"":true}"
10.485,right_hand,og,acc,2626352,"{""seq"":507,""x_mg"":-24,""y_mg"":-252,""z_mg"":972}"
10.485,right_hand,og,tilt,,"{""roll_deg"":-15.3,""pitch_deg"":-15.2,""steady"":true}"
10.516,right_hand,og,acc,2626372,"{""seq"":508,""x_mg"":-28,""y_mg"":-268,""z_mg"":972}"
10.516,right_hand,og,tilt,,"{""roll_deg"":-15.3,""pitch_deg"":-15.2,""steady"":true}"
10.547,right_hand,og,acc,2626393,"{""seq"":509,""x_mg"":-32,""y_mg"":-268,""z_mg"":980}"
10.547,right_hand,og,tilt,,"{""roll_deg"":-15.3,""pitch_deg"":-15.2,""steady"":true}"
10.547,right_hand,og,acc,2626414,"{""seq"":510,""x_mg"":-32,""y_mg"":-268,""z_mg"":984}"
10.547,right_hand,og,tilt,,"{""roll_deg"":-15.3,""pitch_deg"":-15.2,""steady"":true}"
10.578,right_hand,og,acc,2626434,"{""seq"":511,""x_mg"":-28,""y_mg"":-268,""z_mg"":976}"
10.578,right_hand,og,tilt,,"{""roll_deg"":-15.3,""pitch_deg"":-15.2,""steady"":true}"
10.610,right_hand,og,acc,2626455,"{""seq"":512,""x_mg"":-32,""y_mg"":-268,""z_mg"":968}"
10.610,right_hand,og,tilt,,"{""roll_deg"":-15.3,""pitch_deg"":-15.2,""steady"":true}"
10.610,right_hand,og,acc,2626475,"{""seq"":513,""x_mg"":-28,""y_mg"":-276,""z_mg"":964}"
10.610,right_hand,og,tilt,,"{""roll_deg"":-15.3,""pitch_deg"":-15.2,""steady"":true}"
10.641,right_hand,og,acc,2626496,"{""seq"":514,""x_mg"":-44,""y_mg"":-276,""z_mg"":968}"
10.641,right_hand,og,tilt,,"{""roll_deg"":-15.3,""pitch_deg"":-15.2,""steady"":true}"
10.672,right_hand,og,acc,2626516,"{""seq"":515,""x_mg"":-36,""y_mg"":-272,""z_mg"":968}"
10.672,right_hand,og,tilt,,"{""roll_deg"":-15.3,""pitch_deg"":-15.2,""steady"":true}"
10.672,right_hand,og,acc,2626537,"{""seq"":516,""x_mg"":-48,""y_mg"":-276,""z_mg"":964}"
10.672,right_hand,og,tilt,,"{""roll_deg"":-15.3,""pitch_deg"":-15.2,""steady"":true}"
10.703,right_hand,og,acc,2626558,"{""seq"":517,""x_mg"":-40,""y_mg"":-264,""z_mg"":948}"
10.703,right_hand,og,tilt,,"{""roll_deg"":-15.3,""pitch_deg"":-15.2,""steady"":true}"
10.703,right_hand,og,acc,2626578,"{""seq"":518,""x_mg"":-40,""y_mg"":-268,""z_mg"":972}"
10.703,right_hand,og,tilt,,"{""roll_deg"":-15.3,""pitch_deg"":-15.2,""steady"":true}"
10.735,right_hand,og,acc,2626599,"{""seq"":519,""x_mg"":-40,""y_mg"":-268,""z_mg"":968}"
10.735,right_hand,og,tilt,,"{""roll_deg"":-15.3,""pitch_deg"":-15.2,""steady"":true}"
10.766,right_hand,og,acc,2626619,"{""seq"":520,""x_mg"":-40,""y_mg"":-260,""z_mg"":968}"
10.766,right_hand,og,tilt,,"{""roll_deg"":-15.3,""pitch_deg"":-15.2,""steady"":true}"
10.766,right_hand,og,acc,2626640,"{""seq"":521,""x_mg"":-44,""y_mg"":-272,""z_mg"":972}"
10.766,right_hand,og,tilt,,"{""roll_deg"":-15.3,""pitch_deg"":-15.2,""steady"":true}"
10.797,right_hand,og,acc,2626660,"{""seq"":522,""x_mg"":-44,""y_mg"":-268,""z_mg"":976}"
10.797,right_hand,og,tilt,,"{""roll_deg"":-15.3,""pitch_deg"":-15.2,""steady"":true}"
10.828,right_hand,og,acc,2626681,"{""seq"":523,""x_mg"":-44,""y_mg"":-288,""z_mg"":972}"
10.828,right_hand,og,tilt,,"{""roll_deg"":-15.3,""pitch_deg"":-15.2,""steady"":true}"
10.828,right_hand,og,acc,2626701,"{""seq"":524,""x_mg"":-52,""y_mg"":-280,""z_mg"":972}"
10.828,right_hand,og,tilt,,"{""roll_deg"":-15.3,""pitch_deg"":-15.3,""steady"":true}"
10.860,right_hand,og,acc,2626722,"{""seq"":525,""x_mg"":-56,""y_mg"":-288,""z_mg"":964}"
10.860,right_hand,og,tilt,,"{""roll_deg"":-15.3,""pitch_deg"":-15.3,""steady"":true}"
10.891,right_hand,og,acc,2626743,"{""seq"":526,""x_mg"":-60,""y_mg"":-292,""z_mg"":972}"
10.891,right_hand,og,tilt,,"{""roll_deg"":-15.3,""pitch_deg"":-15.4,""steady"":true}"
10.891,right_hand,og,acc,2626763,"{""seq"":527,""x_mg"":-60,""y_mg"":-308,""z_mg"":980}"
10.891,right_hand,og,tilt,,"{""roll_deg"":-15.3,""pitch_deg"":-15.6,""steady"":true}"
10.922,right_hand,og,acc,2626784,"{""seq"":528,""x_mg"":-56,""y_mg"":-316,""z_mg"":972}"
10.922,right_hand,og,tilt,,"{""roll_deg"":-15.3,""pitch_deg"":-15.7,""steady"":true}"
10.922,right_hand,og,acc,2626804,"{""seq"":529,""x_mg"":-60,""y_mg"":-312,""z_mg"":972}"
10.922,right_hand,og,tilt,,"{""roll_deg"":-15.3,""pitch_deg"":-15.8,""steady"":true}"
10.953,right_hand,og,acc,2626825,"{""seq"":530,""x_mg"":-60,""y_mg"":-320,""z_mg"":972}"
10.953,right_hand,og,tilt,,"{""roll_deg"":-15.5,""pitch_deg"":-15.8,""steady"":true}"
10.985,right_hand,og,acc,2626845,"{""seq"":531,""x_mg"":-60,""y_mg"":-316,""z_mg"":964}"
10.985,right_hand,og,tilt,,"{""roll_deg"":-15.8,""pitch_deg"":-15.9,""steady"":true}"
10.985,right_hand,og,acc,2626866,"{""seq"":532,""x_mg"":-52,""y_mg"":-336,""z_mg"":952}"
11.000,right_hand,og,tilt,,"{""roll_deg"":-16.0,""pitch_deg"":-16.0,""steady"":true}"
11.016,right_hand,og,acc,2626887,"{""seq"":533,""x_mg"":-28,""y_mg"":-340,""z_mg"":956}"
11.016,right_hand,og,tilt,,"{""roll_deg"":-16.4,""pitch_deg"":-16.0,""steady"":true}"
11.047,right_hand,og,acc,2626907,"{""seq"":534,""x_mg"":-32,""y_mg"":-332,""z_mg"":960}"
11.047,right_hand,og,tilt,,"{""roll_deg"":-16.8,""pitch_deg"":-16.0,""steady"":true}"
11.078,right_hand,og,acc,2626928,"{""seq"":535,""x_mg"":-24,""y_mg"":-276,""z_mg"":956}"
11.078,right_hand,og,tilt,,"{""roll_deg"":-17.0,""pitch_deg"":-16.0,""steady"":true}"
11.078,right_hand,og,acc,2626948,"{""seq"":536,""x_mg"":-24,""y_mg"":-252,""z_mg"":968}"
11.078,right_hand,og,tilt,,"{""roll_deg"":-17.0,""pitch_deg"":-16.0,""steady"":true}"
11.110,right_hand,og,acc,2626969,"{""seq"":537,""x_mg"":-16,""y_mg"":-236,""z_mg"":964}"
11.110,right_hand,og,tilt,,"{""roll_deg"":-17.0,""pitch_deg"":-16.0,""steady"":true}"
11.141,right_hand,og,acc,2626989,"{""seq"":538,""x_mg"":-20,""y_mg"":-232,""z_mg"":968}"
11.141,right_hand,og,tilt,,"{""roll_deg"":-17.0,""pitch_deg"":-16.0,""steady"":true}"
11.141,right_hand,og,acc,2627010,"{""seq"":539,""x_mg"":-24,""y_mg"":-220,""z_mg"":964}"
11.141,right_hand,og,tilt,,"{""roll_deg"":-16.6,""pitch_deg"":-16.0,""steady"":true}"
11.172,right_hand,og,acc,2627031,"{""seq"":540,""x_mg"":-24,""y_mg"":-212,""z_mg"":972}"
11.172,right_hand,og,tilt,,"{""roll_deg"":-16.0,""pitch_deg"":-16.0,""steady"":true}"
11.203,right_hand,og,acc,2627051,"{""seq"":541,""x_mg"":-16,""y_mg"":-216,""z_mg"":968}"
11.203,right_hand,og,tilt,,"{""roll_deg"":-15.4,""pitch_deg"":-16.0,""steady"":true}"
11.203,right_hand,og,acc,2627072,"{""seq"":542,""x_mg"":-20,""y_mg"":-232,""z_mg"":980}"
11.203,right_hand,og,tilt,,"{""roll_deg"":-14.8,""pitch_deg"":-15.9,""steady"":true}"
11.219,right_hand,og,acc,2627092,"{""seq"":543,""x_mg"":-24,""y_mg"":-268,""z_mg"":972}"
11.219,right_hand,og,tilt,,"{""roll_deg"":-14.5,""pitch_deg"":-15.8,""steady"":true}"
11.250,right_hand,og,acc,2627113,"{""seq"":544,""x_mg"":-28,""y_mg"":-268,""z_mg"":980}"
11.250,right_hand,og,tilt,,"{""roll_deg"":-14.5,""pitch_deg"":-15.7,""steady"":true}"
11.281,right_hand,og,acc,2627133,"{""seq"":545,""x_mg"":-36,""y_mg"":-260,""z_mg"":984}"
11.281,right_hand,og,tilt,,"{""roll_deg"":-14.5,""pitch_deg"":-15.7,""steady"":true}"
11.281,right_hand,og,acc,2627154,"{""seq"":546,""x_mg"":-48,""y_mg"":-252,""z_mg"":976}"
11.281,right_hand,og,tilt,,"{""roll_deg"":-14.5,""pitch_deg"":-15.7,""steady"":true}"
11.313,,game,brick,,"{""n"":7}"
11.313,right_hand,og,acc,2627175,"{""seq"":547,""x_mg"":-40,""y_mg"":-236,""z_mg"":968}"
11.313,right_hand,og,tilt,,"{""roll_deg"":-14.5,""pitch_deg"":-15.7,""steady"":true}"
11.344,right_hand,og,acc,2627195,"{""seq"":548,""x_mg"":-48,""y_mg"":-244,""z_mg"":968}"
11.344,right_hand,og,tilt,,"{""roll_deg"":-14.5,""pitch_deg"":-15.7,""steady"":true}"
11.344,right_hand,og,acc,2627216,"{""seq"":549,""x_mg"":-60,""y_mg"":-240,""z_mg"":964}"
11.344,right_hand,og,tilt,,"{""roll_deg"":-14.5,""pitch_deg"":-15.7,""steady"":true}"
11.375,right_hand,og,acc,2627236,"{""seq"":550,""x_mg"":-52,""y_mg"":-236,""z_mg"":964}"
11.375,right_hand,og,tilt,,"{""roll_deg"":-14.4,""pitch_deg"":-15.7,""steady"":true}"
11.406,right_hand,og,acc,2627257,"{""seq"":551,""x_mg"":-56,""y_mg"":-248,""z_mg"":976}"
11.406,right_hand,og,tilt,,"{""roll_deg"":-14.3,""pitch_deg"":-15.7,""steady"":true}"
11.406,right_hand,og,acc,2627277,"{""seq"":552,""x_mg"":-52,""y_mg"":-240,""z_mg"":976}"
11.406,right_hand,og,tilt,,"{""roll_deg"":-14.2,""pitch_deg"":-15.7,""steady"":true}"
11.422,right_hand,og,acc,2627298,"{""seq"":553,""x_mg"":-60,""y_mg"":-228,""z_mg"":968}"
11.422,right_hand,og,tilt,,"{""roll_deg"":-14.1,""pitch_deg"":-15.7,""steady"":true}"
11.453,right_hand,og,acc,2627318,"{""seq"":554,""x_mg"":-56,""y_mg"":-208,""z_mg"":984}"
11.453,right_hand,og,tilt,,"{""roll_deg"":-14.0,""pitch_deg"":-15.7,""steady"":true}"
11.485,right_hand,og,acc,2627339,"{""seq"":555,""x_mg"":-32,""y_mg"":-232,""z_mg"":972}"
11.485,right_hand,og,tilt,,"{""roll_deg"":-13.9,""pitch_deg"":-15.7,""steady"":true}"
11.485,right_hand,og,acc,2627360,"{""seq"":556,""x_mg"":-36,""y_mg"":-248,""z_mg"":956}"
11.485,right_hand,og,tilt,,"{""roll_deg"":-13.8,""pitch_deg"":-15.7,""steady"":true}"
11.516,right_hand,og,acc,2627380,"{""seq"":557,""x_mg"":-44,""y_mg"":-264,""z_mg"":968}"
11.516,right_hand,og,tilt,,"{""roll_deg"":-13.8,""pitch_deg"":-15.7,""steady"":true}"
11.563,right_hand,og,acc,2627401,"{""seq"":558,""x_mg"":-44,""y_mg"":-260,""z_mg"":984}"
11.563,right_hand,og,tilt,,"{""roll_deg"":-13.8,""pitch_deg"":-15.7,""steady"":true}"
11.563,right_hand,og,acc,2627421,"{""seq"":559,""x_mg"":-28,""y_mg"":-268,""z_mg"":992}"
11.563,right_hand,og,tilt,,"{""roll_deg"":-13.8,""pitch_deg"":-15.7,""steady"":true}"
11.594,right_hand,og,acc,2627442,"{""seq"":560,""x_mg"":-32,""y_mg"":-272,""z_mg"":964}"
11.594,right_hand,og,tilt,,"{""roll_deg"":-13.8,""pitch_deg"":-15.7,""steady"":true}"
11.594,right_hand,og,acc,2627462,"{""seq"":561,""x_mg"":-40,""y_mg"":-280,""z_mg"":980}"
11.594,right_hand,og,tilt,,"{""roll_deg"":-13.8,""pitch_deg"":-15.7,""steady"":true}"
11.625,right_hand,og,acc,2627483,"{""seq"":562,""x_mg"":-48,""y_mg"":-280,""z_mg"":996}"
11.625,right_hand,og,tilt,,"{""roll_deg"":-13.8,""pitch_deg"":-15.7,""steady"":true}"
11.641,right_hand,og,acc,2627504,"{""seq"":563,""x_mg"":-40,""y_mg"":-272,""z_mg"":980}"
11.641,right_hand,og,tilt,,"{""roll_deg"":-13.8,""pitch_deg"":-15.7,""steady"":true}"
11.672,right_hand,og,acc,2627524,"{""seq"":564,""x_mg"":-40,""y_mg"":-248,""z_mg"":980}"
11.672,right_hand,og,tilt,,"{""roll_deg"":-13.8,""pitch_deg"":-15.7,""steady"":true}"
11.703,right_hand,og,acc,2627545,"{""seq"":565,""x_mg"":-52,""y_mg"":-224,""z_mg"":980}"
11.703,right_hand,og,tilt,,"{""roll_deg"":-13.8,""pitch_deg"":-15.7,""steady"":true}"
11.703,right_hand,og,acc,2627565,"{""seq"":566,""x_mg"":-48,""y_mg"":-224,""z_mg"":984}"
11.703,right_hand,og,tilt,,"{""roll_deg"":-13.8,""pitch_deg"":-15.7,""steady"":true}"
11.735,right_hand,og,acc,2627586,"{""seq"":567,""x_mg"":-52,""y_mg"":-232,""z_mg"":980}"
11.735,right_hand,og,tilt,,"{""roll_deg"":-13.8,""pitch_deg"":-15.7,""steady"":true}"
11.766,right_hand,og,acc,2627606,"{""seq"":568,""x_mg"":-64,""y_mg"":-196,""z_mg"":988}"
11.766,right_hand,og,tilt,,"{""roll_deg"":-13.8,""pitch_deg"":-15.7,""steady"":true}"
11.766,right_hand,og,acc,2627627,"{""seq"":569,""x_mg"":-72,""y_mg"":-168,""z_mg"":992}"
11.766,right_hand,og,tilt,,"{""roll_deg"":-13.7,""pitch_deg"":-15.7,""steady"":true}"
11.797,right_hand,og,acc,2627648,"{""seq"":570,""x_mg"":-64,""y_mg"":-152,""z_mg"":976}"
11.797,right_hand,og,tilt,,"{""roll_deg"":-13.0,""pitch_deg"":-15.8,""steady"":true}"
11.797,right_hand,og,acc,2627668,"{""seq"":571,""x_mg"":-64,""y_mg"":-184,""z_mg"":980}"
11.797,right_hand,og,tilt,,"{""roll_deg"":-12.4,""pitch_deg"":-15.9,""steady"":true}"
11.828,right_hand,og,acc,2627689,"{""seq"":572,""x_mg"":-72,""y_mg"":-176,""z_mg"":984}"
11.828,right_hand,og,tilt,,"{""roll_deg"":-11.9,""pitch_deg"":-16.0,""steady"":true}"
11.844,right_hand,og,acc,2627709,"{""seq"":573,""x_mg"":-68,""y_mg"":-132,""z_mg"":988}"
11.844,right_hand,og,tilt,,"{""roll_deg"":-11.5,""pitch_deg"":-16.1,""steady"":true}"
11.875,right_hand,og,acc,2627730,"{""seq"":574,""x_mg"":-52,""y_mg"":-132,""z_mg"":992}"
11.875,right_hand,og,tilt,,"{""roll_deg"":-10.6,""pitch_deg"":-16.2,""steady"":true}"
11.906,right_hand,og,acc,2627750,"{""seq"":575,""x_mg"":-56,""y_mg"":-144,""z_mg"":984}"
11.906,right_hand,og,tilt,,"{""roll_deg"":-9.9,""pitch_deg"":-16.3,""steady"":true}"
11.906,right_hand,og,acc,2627771,"{""seq"":576,""x_mg"":-72,""y_mg"":-108,""z_mg"":996}"
11.906,right_hand,og,tilt,,"{""roll_deg"":-9.3,""pitch_deg"":-16.3,""steady"":true}"
11.938,right_hand,og,acc,2627792,"{""seq"":577,""x_mg"":-68,""y_mg"":-120,""z_mg"":992}"
11.938,right_hand,og,tilt,,"{""roll_deg"":-8.7,""pitch_deg"":-16.4,""steady"":true}"
11.938,right_hand,og,acc,2627812,"{""seq"":578,""x_mg"":-60,""y_mg"":-132,""z_mg"":984}"
11.938,right_hand,og,tilt,,"{""roll_deg"":-8.2,""pitch_deg"":-16.4,""steady"":true}"
11.969,right_hand,og,acc,2627833,"{""seq"":579,""x_mg"":-60,""y_mg"":-140,""z_mg"":992}"
11.969,right_hand,og,tilt,,"{""roll_deg"":-8.0,""pitch_deg"":-16.4,""steady"":true}"
12.000,right_hand,og,acc,2627853,"{""seq"":580,""x_mg"":-32,""y_mg"":-148,""z_mg"":972}"
12.000,right_hand,og,tilt,,"{""roll_deg"":-8.0,""pitch_deg"":-16.5,""steady"":true}"
12.000,right_hand,og,acc,2627874,"{""seq"":581,""x_mg"":-28,""y_mg"":-140,""z_mg"":992}"
12.000,right_hand,og,tilt,,"{""roll_deg"":-8.0,""pitch_deg"":-16.5,""steady"":true}"
12.031,right_hand,og,acc,2627894,"{""seq"":582,""x_mg"":-44,""y_mg"":-116,""z_mg"":1000}"
12.031,right_hand,og,tilt,,"{""roll_deg"":-8.0,""pitch_deg"":-16.5,""steady"":true}"
12.047,right_hand,og,acc,2627915,"{""seq"":583,""x_mg"":-32,""y_mg"":-104,""z_mg"":1000}"
12.047,right_hand,og,tilt,,"{""roll_deg"":-7.7,""pitch_deg"":-16.5,""steady"":true}"
12.047,right_hand,og,acc,2627936,"{""seq"":584,""x_mg"":-16,""y_mg"":-120,""z_mg"":996}"
12.047,right_hand,og,tilt,,"{""roll_deg"":-7.5,""pitch_deg"":-16.5,""steady"":true}"
12.078,right_hand,og,acc,2627956,"{""seq"":585,""x_mg"":-20,""y_mg"":-128,""z_mg"":1000}"
12.078,right_hand,og,tilt,,"{""roll_deg"":-7.3,""pitch_deg"":-16.5,""steady"":true}"
12.110,right_hand,og,acc,2627977,"{""seq"":586,""x_mg"":-16,""y_mg"":-116,""z_mg"":996}"
12.110,right_hand,og,tilt,,"{""roll_deg"":-7.2,""pitch_deg"":-16.4,""steady"":true}"
12.141,right_hand,og,acc,2627997,"{""seq"":587,""x_mg"":8,""y_mg"":-144,""z_mg"":996}"
12.141,right_hand,og,tilt,,"{""roll_deg"":-7.2,""pitch_deg"":-16.2,""steady"":true}"
12.141,right_hand,og,acc,2628018,"{""seq"":588,""x_mg"":16,""y_mg"":-144,""z_mg"":1004}"
12.141,right_hand,og,tremor,,"{""rms_mg"":9.9,""peak_hz"":5.1}"
12.141,right_hand,og,tilt,,"{""roll_deg"":-7.2,""pitch_deg"":-15.8,""steady"":true}"
12.172,right_hand,og,acc,2628038,"{""seq"":589,""x_mg"":4,""y_mg"":-116,""z_mg"":1012}"
12.172,right_hand,og,tilt,,"{""roll_deg"":-7.2,""pitch_deg"":-15.4,""steady"":true}"
12.203,right_hand,og,acc,2628059,"{""seq"":590,""x_mg"":4,""y_mg"":-128,""z_mg"":1012}"
12.203,right_hand,og,tilt,,"{""roll_deg"":-7.2,""pitch_deg"":-15.1,""steady"":true}"
12.203,right_hand,og,acc,2628079,"{""seq"":591,""x_mg"":0,""y_mg"":-136,""z_mg"":1008}"
12.203,right_hand,og,tilt,,"{""roll_deg"":-7.2,""pitch_deg"":-14.9,""steady"":true}"
12.235,right_hand,og,acc,2628100,"{""seq"":592,""x_mg"":4,""y_mg"":-152,""z_mg"":1000}"
12.235,right_hand,og,tilt,,"{""roll_deg"":-7.2,""pitch_deg"":-14.7,""steady"":true}"
12.266,right_hand,og,acc,2628121,"{""seq"":593,""x_mg"":12,""y_mg"":-196,""z_mg"":992}"
12.266,right_hand,og,tilt,,"{""roll_deg"":-7.2,""pitch_deg"":-14.5,""steady"":true}"
12.266,right_hand,og,acc,2628141,"{""seq"":594,""x_mg"":32,""y_mg"":-188,""z_mg"":984}"
12.266,right_hand,og,tilt,,"{""roll_deg"":-7.2,""pitch_deg"":-14.3,""steady"":true}"
12.281,right_hand,og,acc,2628162,"{""seq"":595,""x_mg"":28,""y_mg"":-160,""z_mg"":980}"
12.281,right_hand,og,tilt,,"{""roll_deg"":-7.2,""pitch_deg"":-13.9,""steady"":true}"
12.313,right_hand,og,acc,2628182,"{""seq"":596,""x_mg"":20,""y_mg"":-132,""z_mg"":976}"
12.313,right_hand,og,tilt,,"{""roll_deg"":-7.3,""pitch_deg"":-13.6,""steady"":true}"
12.344,right_hand,og,acc,2628203,"{""seq"":597,""x_mg"":28,""y_mg"":-120,""z_mg"":968}"
12.344,right_hand,og,tilt,,"{""roll_deg"":-7.3,""pitch_deg"":-13.4,""steady"":true}"
12.344,right_hand,og,acc,2628223,"{""seq"":598,""x_mg"":24,""y_mg"":-136,""z_mg"":964}"
12.344,right_hand,og,tilt,,"{""roll_deg"":-7.3,""pitch_deg"":-13.2,""steady"":true}"
12.375,right_hand,og,acc,2628244,"{""seq"":599,""x_mg"":24,""y_mg"":-164,""z_mg"":956}"
12.375,right_hand,og,tilt,,"{""roll_deg"":-7.3,""pitch_deg"":-13.1,""steady"":true}"
12.422,right_hand,og,acc,2628265,"{""seq"":600,""x_mg"":24,""y_mg"":-120,""z_mg"":960}"
12.422,right_hand,og,tilt,,"{""roll_deg"":-7.3,""pitch_deg"":-13.0,""steady"":true}"
12.422,right_hand,og,acc,2628285,"{""seq"":601,""x_mg"":24,""y_mg"":-128,""z_mg"":968}"
12.422,right_hand,og,tilt,,"{""roll_deg"":-7.3,""pitch_deg"":-12.9,""steady"":true}"
12.453,right_hand,og,acc,2628306,"{""seq"":602,""x_mg"":24,""y_mg"":-128,""z_mg"":972}"
12.453,right_hand,og,tilt,,"{""roll_deg"":-7.3,""pitch_deg"":-12.9,""steady"":true}"
12.469,right_hand,og,acc,2628326,"{""seq"":603,""x_mg"":16,""y_mg"":-112,""z_mg"":976}"
12.469,right_hand,og,tilt,,"{""roll_deg"":-7.3,""pitch_deg"":-12.8,""steady"":true}"
12.469,right_hand,og,acc,2628347,"{""seq"":604,""x_mg"":24,""y_mg"":-120,""z_mg"":984}"
12.469,right_hand,og,tilt,,"{""roll_deg"":-7.3,""pitch_deg"":-12.8,""steady"":true}"
12.516,right_hand,og,acc,2628367,"{""seq"":605,""x_mg"":40,""y_mg"":-136,""z_mg"":980}"
12.516,right_hand,og,tilt,,"{""roll_deg"":-7.3,""pitch_deg"":-12.7,""steady"":true}"
12.516,right_hand,og,acc,2628388,"{""seq"":606,""x_mg"":32,""y_mg"":-124,""z_mg"":976}"
12.516,right_hand,og,tilt,,"{""roll_deg"":-7.3,""pitch_deg"":-12.6,""steady"":true}"
12.547,right_hand,og,acc,2628409,"{""seq"":607,""x_mg"":44,""y_mg"":-120,""z_mg"":972}"
12.547,right_hand,og,tilt,,"{""roll_deg"":-7.3,""pitch_deg"":-12.5,""steady"":true}"
12.578,right_hand,og,acc,2628429,"{""seq"":608,""x_mg"":64,""y_mg"":-116,""z_mg"":980}"
12.578,right_hand,og,tilt,,"{""roll_deg"":-7.3,""pitch_deg"":-12.3,""steady"":true}"
12.578,right_hand,og,acc,2628450,"{""seq"":609,""x_mg"":60,""y_mg"":-132,""z_mg"":1000}"
12.578,right_hand,og,tilt,,"{""roll_deg"":-7.3,""pitch_deg"":-12.0,""steady"":true}"
12.610,right_hand,og,acc,2628470,"{""seq"":610,""x_mg"":44,""y_mg"":-136,""z_mg"":996}"
12.610,right_hand,og,tilt,,"{""roll_deg"":-7.3,""pitch_deg"":-11.8,""steady"":true}"
12.641,right_hand,og,acc,2628491,"{""seq"":611,""x_mg"":44,""y_mg"":-136,""z_mg"":1012}"
12.641,right_hand,og,tilt,,"{""roll_deg"":-7.3,""pitch_deg"":-11.7,""steady"":true}"
12.641,right_hand,og,acc,2628511,"{""seq"":612,""x_mg"":52,""y_mg"":-124,""z_mg"":1020}"
12.641,right_hand,og,tilt,,"{""roll_deg"":-7.3,""pitch_deg"":-11.7,""steady"":true}"
12.672,right_hand,og,acc,2628532,"{""seq"":613,""x_mg"":44,""y_mg"":-116,""z_mg"":1016}"
12.672,right_hand,og,tilt,,"{""roll_deg"":-7.3,""pitch_deg"":-11.7,""steady"":true}"
12.703,right_hand,og,acc,2628553,"{""seq"":614,""x_mg"":56,""y_mg"":-136,""z_mg"":1008}"
12.703,right_hand,og,tilt,,"{""roll_deg"":-7.3,""pitch_deg"":-11.6,""steady"":true}"
12.703,right_hand,og,acc,2628573,"{""seq"":615,""x_mg"":36,""y_mg"":-136,""z_mg"":1008}"
12.703,right_hand,og,tilt,,"{""roll_deg"":-7.3,""pitch_deg"":-11.6,""steady"":true}"
12.735,right_hand,og,acc,2628594,"{""seq"":616,""x_mg"":28,""y_mg"":-96,""z_mg"":1008}"
12.735,right_hand,og,tilt,,"{""roll_deg"":-7.3,""pitch_deg"":-11.6,""steady"":true}"
12.735,right_hand,og,acc,2628614,"{""seq"":617,""x_mg"":28,""y_mg"":-92,""z_mg"":1000}"
12.735,right_hand,og,tilt,,"{""roll_deg"":-7.2,""pitch_deg"":-11.6,""steady"":true}"
12.766,right_hand,og,acc,2628635,"{""seq"":618,""x_mg"":20,""y_mg"":-84,""z_mg"":996}"
12.766,right_hand,og,tilt,,"{""roll_deg"":-6.9,""pitch_deg"":-11.6,""steady"":true}"
12.797,right_hand,og,acc,2628655,"{""seq"":619,""x_mg"":24,""y_mg"":-60,""z_mg"":984}"
12.797,right_hand,og,tilt,,"{""roll_deg"":-6.6,""pitch_deg"":-11.6,""steady"":true}"
12.797,right_hand,og,acc,2628676,"{""seq"":620,""x_mg"":28,""y_mg"":-40,""z_mg"":984}"
12.797,right_hand,og,tilt,,"{""roll_deg"":-6.0,""pitch_deg"":-11.6,""steady"":true}"
12.828,right_hand,og,acc,2628697,"{""seq"":621,""x_mg"":36,""y_mg"":-44,""z_mg"":984}"
12.828,right_hand,og,tilt,,"{""roll_deg"":-5.3,""pitch_deg"":-11.6,""steady"":true}"
12.875,,game,drop,,"{""n"":5}"
12.875,right_hand,og,acc,2628717,"{""seq"":622,""x_mg"":52,""y_mg"":-68,""z_mg"":972}"
12.875,right_hand,og,tilt,,"{""roll_deg"":-4.8,""pitch_deg"":-11.6,""steady"":true}"
12.875,right_hand,og,acc,2628738,"{""seq"":623,""x_mg"":56,""y_mg"":-60,""z_mg"":968}"
12.875,right_hand,og,tilt,,"{""roll_deg"":-4.5,""pitch_deg"":-11.6,""steady"":true}"
12.891,right_hand,og,acc,2628758,"{""seq"":624,""x_mg"":52,""y_mg"":-32,""z_mg"":968}"
12.891,right_hand,og,tilt,,"{""roll_deg"":-4.3,""pitch_deg"":-11.6,""steady"":true}"
12.922,right_hand,og,acc,2628779,"{""seq"":625,""x_mg"":52,""y_mg"":-12,""z_mg"":964}"
12.922,right_hand,og,tilt,,"{""roll_deg"":-3.7,""pitch_deg"":-11.6,""steady"":true}"
12.922,right_hand,og,acc,2628799,"{""seq"":626,""x_mg"":52,""y_mg"":-20,""z_mg"":972}"
12.922,right_hand,og,tilt,,"{""roll_deg"":-3.2,""pitch_deg"":-11.6,""steady"":true}"
12.953,right_hand,og,acc,2628820,"{""seq"":627,""x_mg"":68,""y_mg"":-44,""z_mg"":988}"
12.953,right_hand,og,tilt,,"{""roll_deg"":-2.7,""pitch_deg"":-11.5,""steady"":true}"
13.000,right_hand,og,acc,2628840,"{""seq"":628,""x_mg"":56,""y_mg"":-68,""z_mg"":972}"
13.000,right_hand,og,tilt,,"{""roll_deg"":-2.6,""pitch_deg"":-11.4,""steady"":true}"
13.000,right_hand,og,acc,2628861,"{""seq"":629,""x_mg"":68,""y_mg"":-56,""z_mg"":984}"
13.000,right_hand,og,tilt,,"{""roll_deg"":-2.6,""pitch_deg"":-11.2,""steady"":true}"
13.031,right_hand,og,acc,2628882,"{""seq"":630,""x_mg"":60,""y_mg"":-36,""z_mg"":988}"
13.031,right_hand,og,tilt,,"{""roll_deg"":-2.6,""pitch_deg"":-11.1,""steady"":true}"
13.063,right_hand,og,acc,2628902,"{""seq"":631,""x_mg"":48,""y_mg"":-32,""z_mg"":1000}"
13.063,right_hand,og,tilt,,"{""roll_deg"":-2.6,""pitch_deg"":-11.1,""steady"":true}"
13.063,right_hand,og,acc,2628923,"{""seq"":632,""x_mg"":68,""y_mg"":-72,""z_mg"":1000}"
13.063,right_hand,og,tilt,,"{""roll_deg"":-2.5,""pitch_deg"":-11.0,""steady"":true}"
13.094,right_hand,og,acc,2628943,"{""seq"":633,""x_mg"":68,""y_mg"":-72,""z_mg"":1000}"
13.094,right_hand,og,tilt,,"{""roll_deg"":-2.5,""pitch_deg"":-10.9,""steady"":true}"
13.094,right_hand,og,acc,2628964,"{""seq"":634,""x_mg"":60,""y_mg"":-60,""z_mg"":980}"
13.094,right_hand,og,tilt,,"{""roll_deg"":-2.5,""pitch_deg"":-10.8,""steady"":true}"
13.125,right_hand,og,acc,2628984,"{""seq"":635,""x_mg"":56,""y_mg"":-12,""z_mg"":984}"
13.125,right_hand,og,tilt,,"{""roll_deg"":-2.5,""pitch_deg"":-10.7,""steady"":true}"
13.156,right_hand,og,acc,2629005,"{""seq"":636,""x_mg"":52,""y_mg"":0,""z_mg"":972}"
13.156,right_hand,og,tilt,,"{""roll_deg"":-2.5,""pitch_deg"":-10.7,""steady"":true}"
13.156,right_hand,og,acc,2629026,"{""seq"":637,""x_mg"":68,""y_mg"":-24,""z_mg"":972}"
13.156,right_hand,og,tilt,,"{""roll_deg"":-2.3,""pitch_deg"":-10.7,""steady"":true}"
13.188,right_hand,og,acc,2629046,"{""seq"":638,""x_mg"":64,""y_mg"":-28,""z_mg"":984}"
13.188,right_hand,og,tilt,,"{""roll_deg"":-2.2,""pitch_deg"":-10.7,""steady"":true}"
13.219,right_hand,og,acc,2629067,"{""seq"":639,""x_mg"":60,""y_mg"":-4,""z_mg"":980}"
13.219,right_hand,og,tilt,,"{""roll_deg"":-2.0,""pitch_deg"":-10.6,""steady"":true}"
13.219,right_hand,og,acc,2629087,"{""seq"":640,""x_mg"":60,""y_mg"":-4,""z_mg"":992}"
13.219,right_hand,og,tilt,,"{""roll_deg"":-1.8,""pitch_deg"":-10.6,""steady"":true}"
13.250,right_hand,og,acc,2629108,"{""seq"":641,""x_mg"":44,""y_mg"":-24,""z_mg"":984}"
13.250,right_hand,og,tilt,,"{""roll_deg"":-1.5,""pitch_deg"":-10.6,""steady"":true}"
13.281,right_hand,og,acc,2629128,"{""seq"":642,""x_mg"":56,""y_mg"":-24,""z_mg"":1004}"
13.281,right_hand,og,tilt,,"{""roll_deg"":-1.4,""pitch_deg"":-10.6,""steady"":true}"
13.281,right_hand,og,acc,2629149,"{""seq"":643,""x_mg"":56,""y_mg"":-8,""z_mg"":992}"
13.281,right_hand,og,tilt,,"{""roll_deg"":-1.4,""pitch_deg"":-10.6,""steady"":true}"
13.313,right_hand,og,acc,2629169,"{""seq"":644,""x_mg"":72,""y_mg"":-8,""z_mg"":988}"
13.313,right_hand,og,tilt,,"{""roll_deg"":-1.3,""pitch_deg"":-10.6,""steady"":true}"
13.328,right_hand,og,acc,2629190,"{""seq"":645,""x_mg"":60,""y_mg"":4,""z_mg"":1000}"
13.328,right_hand,og,tilt,,"{""roll_deg"":-1.1,""pitch_deg"":-10.6,""steady"":true}"
13.360,right_hand,og,acc,2629211,"{""seq"":646,""x_mg"":56,""y_mg"":12,""z_mg"":992}"
13.360,right_hand,og,tilt,,"{""roll_deg"":-0.9,""pitch_deg"":-10.6,""steady"":true}"
13.360,right_hand,og,acc,2629231,"{""seq"":647,""x_mg"":40,""y_mg"":32,""z_mg"":996}"
13.360,right_hand,og,tilt,,"{""roll_deg"":-0.6,""pitch_deg"":-10.6,""steady"":true}"
13.391,right_hand,og,acc,2629252,"{""seq"":648,""x_mg"":36,""y_mg"":12,""z_mg"":1008}"
13.391,right_hand,og,tilt,,"{""roll_deg"":-0.4,""pitch_deg"":-10.6,""steady"":true}"
13.422,right_hand,og,acc,2629272,"{""seq"":649,""x_mg"":32,""y_mg"":12,""z_mg"":1004}"
13.422,right_hand,og,tilt,,"{""roll_deg"":-0.2,""pitch_deg"":-10.6,""steady"":true}"
13.422,right_hand,og,acc,2629293,"{""seq"":650,""x_mg"":44,""y_mg"":24,""z_mg"":1004}"
13.422,right_hand,og,tilt,,"{""roll_deg"":-0.0,""pitch_deg"":-10.6,""steady"":true}"
13.453,right_hand,og,acc,2629313,"{""seq"":651,""x_mg"":48,""y_mg"":44,""z_mg"":1008}"
13.453,right_hand,og,tilt,,"{""roll_deg"":0.2,""pitch_deg"":-10.6,""steady"":true}"
13.453,right_hand,og,acc,2629334,"{""seq"":652,""x_mg"":40,""y_mg"":64,""z_mg"":1020}"
13.453,right_hand,og,tilt,,"{""roll_deg"":0.7,""pitch_deg"":-10.6,""steady"":true}"
13.485,right_hand,og,acc,2629355,"{""seq"":653,""x_mg"":60,""y_mg"":44,""z_mg"":996}"
13.485,right_hand,og,tilt,,"{""roll_deg"":1.1,""pitch_deg"":-10.6,""steady"":true}"
13.516,right_hand,og,acc,2629375,"{""seq"":654,""x_mg"":64,""y_mg"":24,""z_mg"":996}"
13.516,right_hand,og,tilt,,"{""roll_deg"":1.4,""pitch_deg"":-10.6,""steady"":true}"
13.516,right_hand,og,acc,2629396,"{""seq"":655,""x_mg"":60,""y_mg"":36,""z_mg"":1004}"
13.516,right_hand,og,tilt,,"{""roll_deg"":1.5,""pitch_deg"":-10.6,""steady"":true}"
13.563,right_hand,og,acc,2629416,"{""seq"":656,""x_mg"":56,""y_mg"":44,""z_mg"":1012}"
13.563,right_hand,og,tilt,,"{""roll_deg"":1.6,""pitch_deg"":-10.6,""steady"":true}"
13.563,right_hand,og,acc,2629437,"{""seq"":657,""x_mg"":48,""y_mg"":24,""z_mg"":1012}"
13.563,right_hand,og,tilt,,"{""roll_deg"":1.7,""pitch_deg"":-10.6,""steady"":true}"
13.594,right_hand,og,acc,2629457,"{""seq"":658,""x_mg"":72,""y_mg"":0,""z_mg"":1004}"
13.594,right_hand,og,tilt,,"{""roll_deg"":1.7,""pitch_deg"":-10.6,""steady"":true}"
13.641,right_hand,og,acc,2629478,"{""seq"":659,""x_mg"":76,""y_mg"":-16,""z_mg"":1016}"
13.641,right_hand,og,tilt,,"{""roll_deg"":1.7,""pitch_deg"":-10.6,""steady"":true}"
13.641,right_hand,og,acc,2629499,"{""seq"":660,""x_mg"":76,""y_mg"":-4,""z_mg"":996}"
13.641,right_hand,og,tilt,,"{""roll_deg"":1.7,""pitch_deg"":-10.6,""steady"":true}"
13.672,right_hand,og,acc,2629519,"{""seq"":661,""x_mg"":84,""y_mg"":8,""z_mg"":992}"
13.672,right_hand,og,tilt,,"{""roll_deg"":1.7,""pitch_deg"":-10.6,""steady"":true}"
13.672,right_hand,og,acc,2629540,"{""seq"":662,""x_mg"":76,""y_mg"":4,""z_mg"":984}"
13.672,right_hand,og,tilt,,"{""roll_deg"":1.7,""pitch_deg"":-10.5,""steady"":true}"
13.703,right_hand,og,acc,2629560,"{""seq"":663,""x_mg"":68,""y_mg"":-20,""z_mg"":968}"
13.703,right_hand,og,tilt,,"{""roll_deg"":1.7,""pitch_deg"":-10.4,""steady"":true}"
13.719,right_hand,og,acc,2629581,"{""seq"":664,""x_mg"":84,""y_mg"":-8,""z_mg"":972}"
13.719,right_hand,og,tilt,,"{""roll_deg"":1.7,""pitch_deg"":-10.3,""steady"":true}"
13.750,right_hand,og,acc,2629601,"{""seq"":665,""x_mg"":48,""y_mg"":8,""z_mg"":972}"
13.750,right_hand,og,tilt,,"{""roll_deg"":1.7,""pitch_deg"":-10.2,""steady"":true}"
13.750,right_hand,og,acc,2629622,"{""seq"":666,""x_mg"":48,""y_mg"":16,""z_mg"":984}"
13.750,right_hand,og,tilt,,"{""roll_deg"":1.6,""pitch_deg"":-10.2,""steady"":true}"
13.781,right_hand,og,acc,2629642,"{""seq"":667,""x_mg"":52,""y_mg"":32,""z_mg"":984}"
13.781,right_hand,og,tilt,,"{""roll_deg"":1.6,""pitch_deg"":-10.2,""steady"":true}"
13.813,right_hand,og,acc,2629663,"{""seq"":668,""x_mg"":44,""y_mg"":16,""z_mg"":984}"
13.813,right_hand,og,tilt,,"{""roll_deg"":1.6,""pitch_deg"":-10.2,""steady"":true}"
13.813,right_hand,og,acc,2629684,"{""seq"":669,""x_mg"":48,""y_mg"":8,""z_mg"":984}"
13.813,right_hand,og,tilt,,"{""roll_deg"":1.6,""pitch_deg"":-10.2,""steady"":true}"
13.844,,game,brick,,"{""n"":8}"
13.844,right_hand,og,acc,2629704,"{""seq"":670,""x_mg"":48,""y_mg"":12,""z_mg"":992}"
13.844,right_hand,og,tilt,,"{""roll_deg"":1.6,""pitch_deg"":-10.2,""steady"":true}"
13.875,right_hand,og,acc,2629725,"{""seq"":671,""x_mg"":64,""y_mg"":16,""z_mg"":992}"
13.875,right_hand,og,tilt,,"{""roll_deg"":1.6,""pitch_deg"":-10.2,""steady"":true}"
13.875,right_hand,og,acc,2629745,"{""seq"":672,""x_mg"":68,""y_mg"":12,""z_mg"":1004}"
13.875,right_hand,og,tilt,,"{""roll_deg"":1.6,""pitch_deg"":-10.2,""steady"":true}"
13.906,right_hand,og,acc,2629766,"{""seq"":673,""x_mg"":72,""y_mg"":-4,""z_mg"":1012}"
13.906,right_hand,og,tilt,,"{""roll_deg"":1.6,""pitch_deg"":-10.2,""steady"":true}"
13.922,right_hand,og,acc,2629786,"{""seq"":674,""x_mg"":64,""y_mg"":-12,""z_mg"":1020}"
13.922,right_hand,og,tilt,,"{""roll_deg"":1.6,""pitch_deg"":-10.2,""steady"":true}"
13.922,right_hand,og,acc,2629807,"{""seq"":675,""x_mg"":84,""y_mg"":-48,""z_mg"":1032}"
13.922,right_hand,og,tilt,,"{""roll_deg"":1.5,""pitch_deg"":-10.2,""steady"":true}"
13.953,right_hand,og,acc,2629828,"{""seq"":676,""x_mg"":92,""y_mg"":-88,""z_mg"":1028}"
13.953,right_hand,og,tilt,,"{""roll_deg"":1.0,""pitch_deg"":-10.2,""steady"":true}"
13.985,right_hand,og,acc,2629848,"{""seq"":677,""x_mg"":84,""y_mg"":-72,""z_mg"":1020}"
13.985,right_hand,og,tilt,,"{""roll_deg"":0.4,""pitch_deg"":-10.2,""steady"":true}"
14.016,right_hand,og,acc,2629869,"{""seq"":678,""x_mg"":84,""y_mg"":-60,""z_mg"":1020}"
14.016,right_hand,og,tilt,,"{""roll_deg"":-0.3,""pitch_deg"":-10.1,""steady"":true}"
14.016,right_hand,og,acc,2629889,"{""seq"":679,""x_mg"":84,""y_mg"":-72,""z_mg"":1008}"
14.016,right_hand,og,tilt,,"{""roll_deg"":-0.8,""pitch_deg"":-10.0,""steady"":true}"
14.047,right_hand,og,acc,2629910,"{""seq"":680,""x_mg"":84,""y_mg"":-80,""z_mg"":996}"
14.047,right_hand,og,tilt,,"{""roll_deg"":-1.3,""pitch_deg"":-9.9,""steady"":true}"
14.078,right_hand,og,acc,2629930,"{""seq"":681,""x_mg"":88,""y_mg"":-88,""z_mg"":984}"
14.078,right_hand,og,tilt,,"{""roll_deg"":-1.8,""pitch_deg"":-9.8,""steady"":true}"
14.078,right_hand,og,acc,2629951,"{""seq"":682,""x_mg"":88,""y_mg"":-92,""z_mg"":984}"
14.078,right_hand,og,tilt,,"{""roll_deg"":-2.4,""pitch_deg"":-9.7,""steady"":true}"
14.110,right_hand,og,acc,2629972,"{""seq"":683,""x_mg"":84,""y_mg"":-72,""z_mg"":968}"
14.110,right_hand,og,tilt,,"{""roll_deg"":-2.8,""pitch_deg"":-9.6,""steady"":true}"
14.110,right_hand,og,acc,2629992,"{""seq"":684,""x_mg"":92,""y_mg"":-76,""z_mg"":988}"
14.110,right_hand,og,tilt,,"{""roll_deg"":-2.9,""pitch_deg"":-9.5,""steady"":true}"
14.141,right_hand,og,acc,2630013,"{""seq"":685,""x_mg"":84,""y_mg"":-60,""z_mg"":964}"
14.141,right_hand,og,tilt,,"{""roll_deg"":-3.0,""pitch_deg"":-9.4,""steady"":true}"
14.156,right_hand,og,acc,2630033,"{""seq"":686,""x_mg"":92,""y_mg"":-104,""z_mg"":964}"
14.156,right_hand,og,tremor,,"{""rms_mg"":13.2,""peak_hz"":6.6}"
14.156,right_hand,og,tilt,,"{""roll_deg"":-3.1,""pitch_deg"":-9.3,""steady"":true}"
14.188,right_hand,og,acc,2630054,"{""seq"":687,""x_mg"":96,""y_mg"":-148,""z_mg"":948}"
14.188,right_hand,og,tilt,,"{""roll_deg"":-3.5,""pitch_deg"":-9.2,""steady"":true}"
14.235,right_hand,og,acc,2630074,"{""seq"":688,""x_mg"":104,""y_mg"":-168,""z_mg"":960}"
14.235,right_hand,og,tilt,,"{""roll_deg"":-4.5,""pitch_deg"":-9.1,""steady"":true}"
14.235,right_hand,og,acc,2630095,"{""seq"":689,""x_mg"":108,""y_mg"":-148,""z_mg"":960}"
14.235,right_hand,og,tilt,,"{""roll_deg"":-5.3,""pitch_deg"":-8.9,""steady"":true}"
14.266,right_hand,og,acc,2630116,"{""seq"":690,""x_mg"":100,""y_mg"":-116,""z_mg"":956}"
14.266,right_hand,og,tilt,,"{""roll_deg"":-5.9,""pitch_deg"":-8.8,""steady"":true}"
14.297,right_hand,og,acc,2630136,"{""seq"":691,""x_mg"":100,""y_mg"":-100,""z_mg"":988}"
14.297,right_hand,og,tilt,,"{""roll_deg"":-5.9,""pitch_deg"":-8.7,""steady"":true}"
14.297,right_hand,og,acc,2630157,"{""seq"":692,""x_mg"":100,""y_mg"":-116,""z_mg"":984}"
14.297,right_hand,og,tilt,,"{""roll_deg"":-5.9,""pitch_deg"":-8.6,""steady"":true}"
14.328,right_hand,og,acc,2630177,"{""seq"":693,""x_mg"":96,""y_mg"":-136,""z_mg"":988}"
14.328,right_hand,og,tilt,,"{""roll_deg"":-5.9,""pitch_deg"":-8.5,""steady"":true}"
14.328,right_hand,og,acc,2630198,"{""seq"":694,""x_mg"":108,""y_mg"":-164,""z_mg"":992}"
14.328,right_hand,og,tilt,,"{""roll_deg"":-6.1,""pitch_deg"":-8.5,""steady"":true}"
14.344,right_hand,og,acc,2630218,"{""seq"":695,""x_mg"":128,""y_mg"":-184,""z_mg"":996}"
14.344,right_hand,og,tilt,,"{""roll_deg"":-6.5,""pitch_deg"":-8.4,""steady"":true}"
14.375,right_hand,og,acc,2630239,"{""seq"":696,""x_mg"":140,""y_mg"":-212,""z_mg"":992}"
14.375,right_hand,og,tilt,,"{""roll_deg"":-7.2,""pitch_deg"":-8.2,""steady"":true}"
14.406,right_hand,og,acc,2630260,"{""seq"":697,""x_mg"":124,""y_mg"":-232,""z_mg"":968}"
14.406,right_hand,og,tilt,,"{""roll_deg"":-8.1,""pitch_deg"":-7.9,""steady"":true}"
14.438,right_hand,og,acc,2630280,"{""seq"":698,""x_mg"":136,""y_mg"":-196,""z_mg"":968}"
14.438,right_hand,og,tilt,,"{""roll_deg"":-8.8,""pitch_deg"":-7.7,""steady"":true}"
14.438,right_hand,og,acc,2630301,"{""seq"":699,""x_mg"":132,""y_mg"":-212,""z_mg"":952}"
14.438,right_hand,og,tilt,,"{""roll_deg"":-9.4,""pitch_deg"":-7.4,""steady"":true}"
14.469,right_hand,og,acc,2630321,"{""seq"":700,""x_mg"":144,""y_mg"":-212,""z_mg"":944}"
14.469,right_hand,og,tilt,,"{""roll_deg"":-9.9,""pitch_deg"":-7.2,""steady"":true}"
14.469,right_hand,og,acc,2630342,"{""seq"":701,""x_mg"":128,""y_mg"":-200,""z_mg"":944}"
14.469,right_hand,og,tilt,,"{""roll_deg"":-10.3,""pitch_deg"":-7.0,""steady"":true}"
14.500,right_hand,og,acc,2630362,"{""seq"":702,""x_mg"":128,""y_mg"":-184,""z_mg"":936}"
14.500,right_hand,og,tilt,,"{""roll_deg"":-10.5,""pitch_deg"":-6.9,""steady"":true}"
14.531,right_hand,og,acc,2630383,"{""seq"":703,""x_mg"":112,""y_mg"":-136,""z_mg"":948}"
14.531,right_hand,og,tilt,,"{""roll_deg"":-10.5,""pitch_deg"":-6.8,""steady"":true}"
14.531,right_hand,og,acc,2630404,"{""seq"":704,""x_mg"":72,""y_mg"":-120,""z_mg"":952}"
14.531,right_hand,og,tilt,,"{""roll_deg"":-10.5,""pitch_deg"":-6.8,""steady"":true}"
14.547,right_hand,og,acc,2630424,"{""seq"":705,""x_mg"":84,""y_mg"":-92,""z_mg"":972}"
14.547,right_hand,og,tilt,,"{""roll_deg"":-10.2,""pitch_deg"":-6.8,""steady"":true}"
14.594,right_hand,og,acc,2630445,"{""seq"":706,""x_mg"":92,""y_mg"":-88,""z_mg"":968}"
14.594,right_hand,og,tilt,,"{""roll_deg"":-9.9,""pitch_deg"":-6.8,""steady"":true}"
14.594,right_hand,og,acc,2630465,"{""seq"":707,""x_mg"":104,""y_mg"":-88,""z_mg"":980}"
14.594,right_hand,og,tilt,,"{""roll_deg"":-9.3,""pitch_deg"":-6.8,""steady"":true}"
14.625,right_hand,og,acc,2630486,"{""seq"":708,""x_mg"":116,""y_mg"":-128,""z_mg"":988}"
14.625,right_hand,og,tilt,,"{""roll_deg"":-8.6,""pitch_deg"":-6.8,""steady"":true}"
14.656,right_hand,og,acc,2630506,"{""seq"":709,""x_mg"":124,""y_mg"":-152,""z_mg"":988}"
14.656,right_hand,og,tilt,,"{""roll_deg"":-8.3,""pitch_deg"":-6.8,""steady"":true}"
14.656,right_hand,og,acc,2630527,"{""seq"":710,""x_mg"":120,""y_mg"":-152,""z_mg"":968}"
14.656,right_hand,og,tilt,,"{""roll_deg"":-8.3,""pitch_deg"":-6.8,""steady"":true}"
14.688,right_hand,og,acc,2630547,"{""seq"":711,""x_mg"":152,""y_mg"":-152,""z_mg"":988}"
14.688,right_hand,og,tilt,,"{""roll_deg"":-8.3,""pitch_deg"":-6.8,""steady"":true}"
14.688,right_hand,og,acc,2630568,"{""seq"":712,""x_mg"":160,""y_mg"":-148,""z_mg"":988}"
14.688,right_hand,og,tilt,,"{""roll_deg"":-8.3,""pitch_deg"":-6.8,""steady"":true}"
14.719,right_hand,og,acc,2630589,"{""seq"":713,""x_mg"":132,""y_mg"":-140,""z_mg"":980}"
14.719,right_hand,og,tilt,,"{""roll_deg"":-8.3,""pitch_deg"":-6.8,""steady"":true}"
14.750,right_hand,og,acc,2630609,"{""seq"":714,""x_mg"":144,""y_mg"":-164,""z_mg"":964}"
14.750,right_hand,og,tilt,,"{""roll_deg"":-8.3,""pitch_deg"":-6.8,""steady"":true}"
14.750,right_hand,og,acc,2630630,"{""seq"":715,""x_mg"":148,""y_mg"":-176,""z_mg"":964}"
14.750,right_hand,og,tilt,,"{""roll_deg"":-8.3,""pitch_deg"":-6.6,""steady"":true}"
14.781,right_hand,og,acc,2630650,"{""seq"":716,""x_mg"":140,""y_mg"":-176,""z_mg"":952}"
14.781,right_hand,og,tilt,,"{""roll_deg"":-8.3,""pitch_deg"":-6.5,""steady"":true}"
14.813,right_hand,og,acc,2630671,"{""seq"":717,""x_mg"":136,""y_mg"":-172,""z_mg"":944}"
14.813,right_hand,og,tilt,,"{""roll_deg"":-8.3,""pitch_deg"":-6.4,""steady"":true}"
14.844,right_hand,og,acc,2630691,"{""seq"":718,""x_mg"":136,""y_mg"":-160,""z_mg"":948}"
14.844,right_hand,og,tilt,,"{""roll_deg"":-8.3,""pitch_deg"":-6.3,""steady"":true}"
14.844,right_hand,og,acc,2630712,"{""seq"":719,""x_mg"":136,""y_mg"":-124,""z_mg"":936}"
14.844,right_hand,og,tilt,,"{""roll_deg"":-8.3,""pitch_deg"":-6.2,""steady"":true}"
14.860,right_hand,og,acc,2630733,"{""seq"":720,""x_mg"":144,""y_mg"":-108,""z_mg"":932}"
14.875,right_hand,og,tilt,,"{""roll_deg"":-8.3,""pitch_deg"":-6.2,""steady"":true}"
14.891,right_hand,og,acc,2630753,"{""seq"":721,""x_mg"":168,""y_mg"":-108,""z_mg"":932}"
14.891,right_hand,og,tilt,,"{""roll_deg"":-8.3,""pitch_deg"":-6.0,""steady"":true}"
14.922,right_hand,og,acc,2630774,"{""seq"":722,""x_mg"":168,""y_mg"":-124,""z_mg"":932}"
14.922,right_hand,og,tilt,,"{""roll_deg"":-8.3,""pitch_deg"":-5.7,""steady"":true}"
14.922,right_hand,og,acc,2630794,"{""seq"":723,""x_mg"":156,""y_mg"":-124,""z_mg"":924}"
14.922,right_hand,og,tilt,,"{""roll_deg"":-8.2,""pitch_deg"":-5.4,""steady"":true}"
14.953,right_hand,og,acc,2630815,"{""seq"":724,""x_mg"":168,""y_mg"":-116,""z_mg"":944}"
14.953,right_hand,og,tilt,,"{""roll_deg"":-8.1,""pitch_deg"":-5.2,""steady"":true}"
14.985,right_hand,og,acc,2630835,"{""seq"":725,""x_mg"":168,""y_mg"":-108,""z_mg"":952}"
14.985,right_hand,og,tilt,,"{""roll_deg"":-7.9,""pitch_deg"":-5.0,""steady"":true}"
14.985,right_hand,og,acc,2630856,"{""seq"":726,""x_mg"":188,""y_mg"":-104,""z_mg"":976}"
14.985,right_hand,og,tilt,,"{""roll_deg"":-7.7,""pitch_deg"":-4.8,""steady"":true}"
15.016,right_hand,og,acc,2630877,"{""seq"":727,""x_mg"":168,""y_mg"":-128,""z_mg"":992}"
15.016,right_hand,og,tilt,,"{""roll_deg"":-7.5,""pitch_deg"":-4.7,""steady"":true}"
15.016,right_hand,og,acc,2630897,"{""seq"":728,""x_mg"":168,""y_mg"":-168,""z_mg"":968}"
15.016,right_hand,og,tilt,,"{""roll_deg"":-7.4,""pitch_deg"":-4.6,""steady"":true}"
15.047,right_hand,og,acc,2630918,"{""seq"":729,""x_mg"":180,""y_mg"":-200,""z_mg"":968}"
15.047,right_hand,og,tilt,,"{""roll_deg"":-7.4,""pitch_deg"":-4.5,""steady"":true}"
15.078,right_hand,og,acc,2630938,"{""seq"":730,""x_mg"":160,""y_mg"":-180,""z_mg"":960}"
15.078,right_hand,og,tilt,,"{""roll_deg"":-7.4,""pitch_deg"":-4.5,""steady"":true}"
15.078,right_hand,og,acc,2630959,"{""seq"":731,""x_mg"":148,""y_mg"":-144,""z_mg"":988}"
15.078,right_hand,og,tilt,,"{""roll_deg"":-7.4,""pitch_deg"":-4.5,""steady"":true}"
15.125,right_hand,og,acc,2630979,"{""seq"":732,""x_mg"":132,""y_mg"":-116,""z_mg"":988}"
15.125,right_hand,og,tilt,,"{""roll_deg"":-7.4,""pitch_deg"":-4.5,""steady"":true}"
15.156,right_hand,og,acc,2631000,"{""seq"":733,""x_mg"":148,""y_mg"":-120,""z_mg"":964}"
15.156,right_hand,og,tilt,,"{""roll_deg"":-7.4,""pitch_deg"":-4.5,""steady"":true}"
15.156,right_hand,og,acc,2631021,"{""seq"":734,""x_mg"":140,""y_mg"":-128,""z_mg"":956}"
15.156,right_hand,og,tilt,,"{""roll_deg"":-7.4,""pitch_deg"":-4.5,""steady"":true}"
15.156,,game,drop,,"{""n"":6}"
15.172,right_hand,og,acc,2631041,"{""seq"":735,""x_mg"":120,""y_mg"":-144,""z_mg"":980}"
15.172,right_hand,og,tilt,,"{""roll_deg"":-7.4,""pitch_deg"":-4.5,""steady"":true}"
15.203,right_hand,og,acc,2631062,"{""seq"":736,""x_mg"":108,""y_mg"":-144,""z_mg"":968}"
15.203,right_hand,og,tilt,,"{""roll_deg"":-7.4,""pitch_deg"":-4.5,""steady"":true}"
15.235,right_hand,og,acc,2631082,"{""seq"":737,""x_mg"":96,""y_mg"":-148,""z_mg"":976}"
15.235,right_hand,og,tilt,,"{""roll_deg"":-7.4,""pitch_deg"":-4.5,""steady"":true}"
15.235,right_hand,og,acc,2631103,"{""seq"":738,""x_mg"":112,""y_mg"":-112,""z_mg"":976}"
15.235,right_hand,og,tilt,,"{""roll_deg"":-7.4,""pitch_deg"":-4.8,""steady"":true}"
15.266,right_hand,og,acc,2631123,"{""seq"":739,""x_mg"":100,""y_mg"":-104,""z_mg"":984}"
15.266,right_hand,og,tilt,,"{""roll_deg"":-7.4,""pitch_deg"":-5.2,""steady"":true}"
15.297,right_hand,og,acc,2631144,"{""seq"":740,""x_mg"":44,""y_mg"":-76,""z_mg"":1004}"
15.297,right_hand,og,tilt,,"{""roll_deg"":-7.4,""pitch_deg"":-5.5,""steady"":true}"
15.297,right_hand,og,acc,2631165,"{""seq"":741,""x_mg"":28,""y_mg"":-108,""z_mg"":1008}"
15.297,right_hand,og,tilt,,"{""roll_deg"":-7.4,""pitch_deg"":-6.6,""steady"":true}"
15.328,right_hand,og,acc,2631185,"{""seq"":742,""x_mg"":32,""y_mg"":-148,""z_mg"":996}"
15.328,right_hand,og,tilt,,"{""roll_deg"":-7.2,""pitch_deg"":-7.6,""steady"":true}"
15.360,right_hand,og,acc,2631206,"{""seq"":743,""x_mg"":28,""y_mg"":-168,""z_mg"":1000}"
15.360,right_hand,og,tilt,,"{""roll_deg"":-7.2,""pitch_deg"":-8.6,""steady"":true}"
15.360,right_hand,og,acc,2631226,"{""seq"":744,""x_mg"":32,""y_mg"":-168,""z_mg"":1008}"
15.360,right_hand,og,tilt,,"{""roll_deg"":-7.2,""pitch_deg"":-9.3,""steady"":true}"
15.391,right_hand,og,acc,2631247,"{""seq"":745,""x_mg"":20,""y_mg"":-172,""z_mg"":992}"
15.391,right_hand,og,tilt,,"{""roll_deg"":-7.2,""pitch_deg"":-9.9,""steady"":true}"
15.406,right_hand,og,acc,2631267,"{""seq"":746,""x_mg"":16,""y_mg"":-192,""z_mg"":976}"
15.406,right_hand,og,tilt,,"{""roll_deg"":-7.2,""pitch_deg"":-10.4,""steady"":true}"
15.438,right_hand,og,acc,2631288,"{""seq"":747,""x_mg"":12,""y_mg"":-184,""z_mg"":984}"
15.438,right_hand,og,tilt,,"{""roll_deg"":-7.3,""pitch_deg"":-10.9,""steady"":true}"
15.438,right_hand,og,acc,2631309,"{""seq"":748,""x_mg"":16,""y_mg"":-168,""z_mg"":984}"
15.438,right_hand,og,tilt,,"{""roll_deg"":-7.7,""pitch_deg"":-11.2,""steady"":true}"
15.469,right_hand,og,acc,2631329,"{""seq"":749,""x_mg"":52,""y_mg"":-160,""z_mg"":980}"
15.469,right_hand,og,tilt,,"{""roll_deg"":-7.8,""pitch_deg"":-11.4,""steady"":true}"
15.500,right_hand,og,acc,2631350,"{""seq"":750,""x_mg"":88,""y_mg"":-180,""z_mg"":1000}"
15.500,right_hand,og,tilt,,"{""roll_deg"":-8.0,""pitch_deg"":-11.4,""steady"":true}"
15.500,right_hand,og,acc,2631370,"{""seq"":751,""x_mg"":68,""y_mg"":-108,""z_mg"":1016}"
15.500,right_hand,og,tilt,,"{""roll_deg"":-8.0,""pitch_deg"":-11.4,""steady"":true}"
15.531,right_hand,og,acc,2631391,"{""seq"":752,""x_mg"":72,""y_mg"":-152,""z_mg"":1032}"
15.531,right_hand,og,tilt,,"{""roll_deg"":-8.0,""pitch_deg"":-11.4,""steady"":true}"
15.563,right_hand,og,acc,2631411,"{""seq"":753,""x_mg"":96,""y_mg"":-140,""z_mg"":1044}"
15.563,right_hand,og,tilt,,"{""roll_deg"":-8.0,""pitch_deg"":-11.2,""steady"":true}"
15.563,right_hand,og,acc,2631432,"{""seq"":754,""x_mg"":96,""y_mg"":-120,""z_mg"":1044}"
15.563,right_hand,og,tilt,,"{""roll_deg"":-8.0,""pitch_deg"":-11.0,""steady"":true}"
15.594,right_hand,og,acc,2631453,"{""seq"":755,""x_mg"":88,""y_mg"":-152,""z_mg"":1048}"
15.594,right_hand,og,tilt,,"{""roll_deg"":-8.0,""pitch_deg"":-10.8,""steady"":true}"
15.610,right_hand,og,acc,2631473,"{""seq"":756,""x_mg"":76,""y_mg"":-152,""z_mg"":1036}"
15.610,right_hand,og,tilt,,"{""roll_deg"":-8.0,""pitch_deg"":-10.7,""steady"":true}"
15.641,right_hand,og,acc,2631494,"{""seq"":757,""x_mg"":80,""y_mg"":-188,""z_mg"":1036}"
15.641,right_hand,og,tilt,,"{""roll_deg"":-8.0,""pitch_deg"":-10.6,""steady"":true}"
15.641,right_hand,og,acc,2631514,"{""seq"":758,""x_mg"":72,""y_mg"":-172,""z_mg"":1036}"
15.641,right_hand,og,tilt,,"{""roll_deg"":-8.0,""pitch_deg"":-10.5,""steady"":true}"
15.672,right_hand,og,acc,2631535,"{""seq"":759,""x_mg"":88,""y_mg"":-136,""z_mg"":1044}"
15.672,right_hand,og,tilt,,"{""roll_deg"":-8.0,""pitch_deg"":-10.4,""steady"":true}"
15.703,right_hand,og,acc,2631555,"{""seq"":760,""x_mg"":108,""y_mg"":-128,""z_mg"":1004}"
15.703,right_hand,og,tilt,,"{""roll_deg"":-8.0,""pitch_deg"":-10.3,""steady"":true}"
15.703,right_hand,og,acc,2631576,"{""seq"":761,""x_mg"":128,""y_mg"":-104,""z_mg"":996}"
15.703,right_hand,og,tilt,,"{""roll_deg"":-8.0,""pitch_deg"":-9.9,""steady"":true}"
15.735,right_hand,og,acc,2631597,"{""seq"":762,""x_mg"":160,""y_mg"":-52,""z_mg"":1016}"
15.735,right_hand,og,tilt,,"{""roll_deg"":-8.0,""pitch_deg"":-9.4,""steady"":true}"
15.735,right_hand,og,acc,2631617,"{""seq"":763,""x_mg"":168,""y_mg"":-36,""z_mg"":1008}"
15.735,right_hand,og,tilt,,"{""roll_deg"":-7.3,""pitch_deg"":-8.5,""steady"":true}"
15.766,right_hand,og,acc,2631638,"{""seq"":764,""x_mg"":180,""y_mg"":-8,""z_mg"":1000}"
15.766,right_hand,og,tilt,,"{""roll_deg"":-6.2,""pitch_deg"":-7.6,""steady"":true}"
15.813,right_hand,og,acc,2631658,"{""seq"":765,""x_mg"":176,""y_mg"":4,""z_mg"":1000}"
15.813,right_hand,og,tilt,,"{""roll_deg"":-4.8,""pitch_deg"":-6.8,""steady"":true}"
15.813,right_hand,og,acc,2631679,"{""seq"":766,""x_mg"":116,""y_mg"":-8,""z_mg"":1008}"
15.813,right_hand,og,tilt,,"{""roll_deg"":-3.6,""pitch_deg"":-6.1,""steady"":true}"
15.844,right_hand,og,acc,2631699,"{""seq"":767,""x_mg"":92,""y_mg"":16,""z_mg"":1028}"
15.844,right_hand,og,tilt,,"{""roll_deg"":-2.6,""pitch_deg"":-6.1,""steady"":true}"
15.875,right_hand,og,acc,2631720,"{""seq"":768,""x_mg"":60,""y_mg"":-4,""z_mg"":1032}"
15.875,right_hand,og,tilt,,"{""roll_deg"":-1.9,""pitch_deg"":-6.1,""steady"":true}"
15.875,right_hand,og,acc,2631740,"{""seq"":769,""x_mg"":56,""y_mg"":-56,""z_mg"":1056}"
15.875,right_hand,og,tilt,,"{""roll_deg"":-1.4,""pitch_deg"":-6.5,""steady"":true}"
15.906,right_hand,og,acc,2631761,"{""seq"":770,""x_mg"":48,""y_mg"":-76,""z_mg"":1060}"
15.906,right_hand,og,tilt,,"{""roll_deg"":-1.4,""pitch_deg"":-6.7,""steady"":true}"
15.938,right_hand,og,acc,2631782,"{""seq"":771,""x_mg"":52,""y_mg"":-84,""z_mg"":1036}"
15.938,right_hand,og,tilt,,"{""roll_deg"":-1.4,""pitch_deg"":-7.1,""steady"":true}"
15.938,right_hand,og,acc,2631802,"{""seq"":772,""x_mg"":108,""y_mg"":-196,""z_mg"":1008}"
15.938,right_hand,og,tilt,,"{""roll_deg"":-1.8,""pitch_deg"":-7.4,""steady"":true}"
15.969,right_hand,og,acc,2631823,"{""seq"":773,""x_mg"":16,""y_mg"":-160,""z_mg"":612}"
15.969,right_hand,og,tilt,,"{""roll_deg"":-1.8,""pitch_deg"":-7.4,""steady"":false}"
16.000,right_hand,og,acc,2631843,"{""seq"":774,""x_mg"":116,""y_mg"":-180,""z_mg"":860}"
16.000,right_hand,og,tilt,,"{""roll_deg"":-2.8,""pitch_deg"":-7.4,""steady"":true}"
16.000,right_hand,og,acc,2631864,"{""seq"":775,""x_mg"":152,""y_mg"":-44,""z_mg"":988}"
16.000,right_hand,og,tilt,,"{""roll_deg"":-3.8,""pitch_deg"":-7.4,""steady"":true}"
16.031,right_hand,og,acc,2631884,"{""seq"":776,""x_mg"":228,""y_mg"":-140,""z_mg"":996}"
16.031,right_hand,og,tilt,,"{""roll_deg"":-4.3,""pitch_deg"":-7.4,""steady"":true}"
16.031,right_hand,og,acc,2631905,"{""seq"":777,""x_mg"":280,""y_mg"":-32,""z_mg"":988}"
16.031,right_hand,og,tilt,,"{""roll_deg"":-4.3,""pitch_deg"":-6.8,""steady"":true}"
16.063,right_hand,og,acc,2631926,"{""seq"":778,""x_mg"":188,""y_mg"":44,""z_mg"":972}"
16.063,right_hand,og,tilt,,"{""roll_deg"":-4.3,""pitch_deg"":-5.7,""steady"":true}"
16.094,,game,brick,,"{""n"":9}"
16.094,right_hand,og,acc,2631946,"{""seq"":779,""x_mg"":188,""y_mg"":-44,""z_mg"":936}"
16.094,right_hand,og,tilt,,"{""roll_deg"":-4.3,""pitch_deg"":-5.0,""steady"":true}"
16.094,right_hand,og,acc,2631967,"{""seq"":780,""x_mg"":148,""y_mg"":-40,""z_mg"":972}"
16.094,right_hand,og,tilt,,"{""roll_deg"":-4.1,""pitch_deg"":-4.6,""steady"":true}"
16.125,right_hand,og,acc,2631987,"{""seq"":781,""x_mg"":232,""y_mg"":-188,""z_mg"":984}"
16.125,right_hand,og,tilt,,"{""roll_deg"":-3.9,""pitch_deg"":-4.2,""steady"":true}"
16.156,right_hand,og,acc,2632008,"{""seq"":782,""x_mg"":260,""y_mg"":-272,""z_mg"":964}"
16.156,right_hand,og,tilt,,"{""roll_deg"":-3.9,""pitch_deg"":-3.4,""steady"":true}"
16.156,right_hand,og,acc,2632028,"{""seq"":783,""x_mg"":168,""y_mg"":-84,""z_mg"":964}"
16.156,right_hand,og,tilt,,"{""roll_deg"":-4.6,""pitch_deg"":-2.8,""steady"":true}"
16.188,right_hand,og,acc,2632049,"{""seq"":784,""x_mg"":160,""y_mg"":-208,""z_mg"":972}"
16.188,right_hand,og,tremor,,"{""rms_mg"":17.8,""peak_hz"":7.2}"
16.188,right_hand,og,tilt,,"{""roll_deg"":-6.0,""pitch_deg"":-2.8,""steady"":true}"
16.203,right_hand,og,acc,2632070,"{""seq"":785,""x_mg"":196,""y_mg"":-212,""z_mg"":988}"
16.203,right_hand,og,tilt,,"{""roll_deg"":-7.2,""pitch_deg"":-2.8,""steady"":true}"
16.203,right_hand,og,acc,2632090,"{""seq"":786,""x_mg"":140,""y_mg"":-48,""z_mg"":1012}"
16.203,right_hand,og,tilt,,"{""roll_deg"":-8.1,""pitch_deg"":-2.8,""steady"":true}"
16.235,right_hand,og,acc,2632111,"{""seq"":787,""x_mg"":100,""y_mg"":-132,""z_mg"":1052}"
16.235,right_hand,og,tilt,,"{""roll_deg"":-8.1,""pitch_deg"":-3.0,""steady"":true}"
16.266,right_hand,og,acc,2632131,"{""seq"":788,""x_mg"":172,""y_mg"":-144,""z_mg"":1016}"
16.266,right_hand,og,tilt,,"{""roll_deg"":-8.1,""pitch_deg"":-3.2,""steady"":true}"
16.297,right_hand,og,acc,2632152,"{""seq"":789,""x_mg"":180,""y_mg"":-144,""z_mg"":1020}"
16.297,right_hand,og,tilt,,"{""roll_deg"":-8.1,""pitch_deg"":-3.2,""steady"":true}"
16.297,right_hand,og,acc,2632172,"{""seq"":790,""x_mg"":136,""y_mg"":-72,""z_mg"":976}"
16.297,right_hand,og,tilt,,"{""roll_deg"":-8.1,""pitch_deg"":-3.3,""steady"":true}"
16.328,right_hand,og,acc,2632193,"{""seq"":791,""x_mg"":164,""y_mg"":-164,""z_mg"":996}"
16.328,right_hand,og,tilt,,"{""roll_deg"":-8.0,""pitch_deg"":-3.3,""steady"":true}"
16.360,right_hand,og,acc,2632214,"{""seq"":792,""x_mg"":172,""y_mg"":-168,""z_mg"":944}"
16.360,right_hand,og,tilt,,"{""roll_deg"":-8.0,""pitch_deg"":-3.3,""steady"":true}"
16.360,right_hand,og,acc,2632234,"{""seq"":793,""x_mg"":148,""y_mg"":-152,""z_mg"":912}"
16.360,right_hand,og,tilt,,"{""roll_deg"":-8.0,""pitch_deg"":-3.4,""steady"":true}"
16.391,right_hand,og,acc,2632255,"{""seq"":794,""x_mg"":164,""y_mg"":-172,""z_mg"":872}"
16.391,right_hand,og,tilt,,"{""roll_deg"":-8.0,""pitch_deg"":-3.4,""steady"":true}"
16.406,right_hand,og,acc,2632275,"{""seq"":795,""x_mg"":208,""y_mg"":-228,""z_mg"":936}"
16.406,right_hand,og,tilt,,"{""roll_deg"":-8.1,""pitch_deg"":-3.4,""steady"":true}"
16.406,right_hand,og,acc,2632296,"{""seq"":796,""x_mg"":188,""y_mg"":-212,""z_mg"":968}"
16.406,right_hand,og,tilt,,"{""roll_deg"":-8.7,""pitch_deg"":-3.4,""steady"":true}"
16.453,right_hand,og,acc,2632316,"{""seq"":797,""x_mg"":164,""y_mg"":-244,""z_mg"":1008}"
16.453,right_hand,og,tilt,,"{""roll_deg"":-9.5,""pitch_deg"":-3.4,""steady"":true}"
16.485,right_hand,og,acc,2632337,"{""seq"":798,""x_mg"":192,""y_mg"":-276,""z_mg"":968}"
16.485,right_hand,og,tilt,,"{""roll_deg"":-10.2,""pitch_deg"":-3.4,""steady"":true}"
16.485,right_hand,og,acc,2632358,"{""seq"":799,""x_mg"":136,""y_mg"":-136,""z_mg"":896}"
16.485,right_hand,og,tilt,,"{""roll_deg"":-10.7,""pitch_deg"":-3.4,""steady"":true}"
16.516,right_hand,og,acc,2632378,"{""seq"":800,""x_mg"":188,""y_mg"":-260,""z_mg"":1004}"
16.516,right_hand,og,tilt,,"{""roll_deg"":-11.3,""pitch_deg"":-3.4,""steady"":true}"
16.516,right_hand,og,acc,2632399,"{""seq"":801,""x_mg"":152,""y_mg"":-312,""z_mg"":1044}"
16.516,right_hand,og,tilt,,"{""roll_deg"":-11.8,""pitch_deg"":-3.4,""steady"":true}"
16.563,right_hand,og,acc,2632419,"{""seq"":802,""x_mg"":172,""y_mg"":-236,""z_mg"":988}"
16.563,right_hand,og,tilt,,"{""roll_deg"":-12.2,""pitch_deg"":-3.4,""steady"":true}"
16.594,right_hand,og,acc,2632440,"{""seq"":803,""x_mg"":152,""y_mg"":-164,""z_mg"":1000}"
16.594,right_hand,og,tilt,,"{""roll_deg"":-12.2,""pitch_deg"":-3.4,""steady"":true}"
16.594,right_hand,og,acc,2632460,"{""seq"":804,""x_mg"":168,""y_mg"":-248,""z_mg"":956}"
16.594,right_hand,og,tilt,,"{""roll_deg"":-12.2,""pitch_deg"":-3.4,""steady"":true}"
16.625,right_hand,og,acc,2632481,"{""seq"":805,""x_mg"":148,""y_mg"":-192,""z_mg"":940}"
16.625,right_hand,og,tilt,,"{""roll_deg"":-12.2,""pitch_deg"":-3.5,""steady"":true}"
16.656,right_hand,og,acc,2632502,"{""seq"":806,""x_mg"":160,""y_mg"":-156,""z_mg"":944}"
16.656,right_hand,og,tilt,,"{""roll_deg"":-12.2,""pitch_deg"":-3.5,""steady"":true}"
16.656,right_hand,og,acc,2632522,"{""seq"":807,""x_mg"":224,""y_mg"":-252,""z_mg"":980}"
16.656,right_hand,og,tilt,,"{""roll_deg"":-12.2,""pitch_deg"":-3.5,""steady"":true}"
16.688,right_hand,og,acc,2632543,"{""seq"":808,""x_mg"":228,""y_mg"":-228,""z_mg"":976}"
16.688,right_hand,og,tilt,,"{""roll_deg"":-12.2,""pitch_deg"":-3.5,""steady"":true}"
16.719,right_hand,og,acc,2632563,"{""seq"":809,""x_mg"":196,""y_mg"":-184,""z_mg"":936}"
16.719,right_hand,og,tilt,,"{""roll_deg"":-12.2,""pitch_deg"":-3.5,""steady"":true}"
16.719,right_hand,og,acc,2632584,"{""seq"":810,""x_mg"":216,""y_mg"":-212,""z_mg"":928}"
16.719,right_hand,og,tilt,,"{""roll_deg"":-12.2,""pitch_deg"":-3.5,""steady"":true}"
16.750,right_hand,og,acc,2632604,"{""seq"":811,""x_mg"":128,""y_mg"":-144,""z_mg"":908}"
16.750,right_hand,og,tilt,,"{""roll_deg"":-12.2,""pitch_deg"":-3.3,""steady"":true}"
16.781,right_hand,og,acc,2632625,"{""seq"":812,""x_mg"":108,""y_mg"":-64,""z_mg"":972}"
16.781,right_hand,og,tilt,,"{""roll_deg"":-12.0,""pitch_deg"":-3.3,""steady"":true}"
16.781,right_hand,og,acc,2632645,"{""seq"":813,""x_mg"":116,""y_mg"":-160,""z_mg"":1000}"
16.781,right_hand,og,tilt,,"{""roll_deg"":-11.6,""pitch_deg"":-3.3,""steady"":true}"
16.813,right_hand,og,acc,2632666,"{""seq"":814,""x_mg"":140,""y_mg"":-156,""z_mg"":968}"
16.813,right_hand,og,tilt,,"{""roll_deg"":-11.2,""pitch_deg"":-3.5,""steady"":true}"
16.813,right_hand,og,acc,2632687,"{""seq"":815,""x_mg"":176,""y_mg"":-112,""z_mg"":992}"
16.813,right_hand,og,tilt,,"{""roll_deg"":-10.9,""pitch_deg"":-3.7,""steady"":true}"
16.828,right_hand,og,acc,2632707,"{""seq"":816,""x_mg"":164,""y_mg"":-32,""z_mg"":976}"
16.828,right_hand,og,tilt,,"{""roll_deg"":-10.0,""pitch_deg"":-3.7,""steady"":true}"
16.860,right_hand,og,acc,2632728,"{""seq"":817,""x_mg"":192,""y_mg"":16,""z_mg"":1004}"
16.860,right_hand,og,tilt,,"{""roll_deg"":-7.9,""pitch_deg"":-3.7,""steady"":true}"
16.891,right_hand,og,acc,2632748,"{""seq"":818,""x_mg"":136,""y_mg"":-36,""z_mg"":1028}"
16.891,right_hand,og,tilt,,"{""roll_deg"":-6.2,""pitch_deg"":-3.7,""steady"":true}"
16.922,right_hand,og,acc,2632769,"{""seq"":819,""x_mg"":164,""y_mg"":16,""z_mg"":980}"
16.922,right_hand,og,tilt,,"{""roll_deg"":-3.9,""pitch_deg"":-3.7,""steady"":true}"
16.922,right_hand,og,acc,2632789,"{""seq"":820,""x_mg"":132,""y_mg"":68,""z_mg"":948}"
16.922,right_hand,og,tilt,,"{""roll_deg"":-2.3,""pitch_deg"":-3.8,""steady"":true}"
16.953,right_hand,og,acc,2632810,"{""seq"":821,""x_mg"":220,""y_mg"":-32,""z_mg"":964}"
16.953,right_hand,og,tilt,,"{""roll_deg"":-1.2,""pitch_deg"":-3.8,""steady"":true}"
16.953,right_hand,og,acc,2632831,"{""seq"":822,""x_mg"":220,""y_mg"":-52,""z_mg"":976}"
16.953,right_hand,og,tilt,,"{""roll_deg"":-1.2,""pitch_deg"":-3.8,""steady"":true}"
16.985,right_hand,og,acc,2632851,"{""seq"":823,""x_mg"":184,""y_mg"":-16,""z_mg"":984}"
16.985,right_hand,og,tilt,,"{""roll_deg"":-1.2,""pitch_deg"":-3.8,""steady"":true}"
17.016,right_hand,og,acc,2632872,"{""seq"":824,""x_mg"":172,""y_mg"":-4,""z_mg"":960}"
17.016,right_hand,og,tilt,,"{""roll_deg"":-1.2,""pitch_deg"":-3.8,""steady"":true}"
17.016,right_hand,og,acc,2632892,"{""seq"":825,""x_mg"":156,""y_mg"":-48,""z_mg"":960}"
17.016,right_hand,og,tilt,,"{""roll_deg"":-1.2,""pitch_deg"":-3.8,""steady"":true}"
17.047,right_hand,og,acc,2632913,"{""seq"":826,""x_mg"":168,""y_mg"":-36,""z_mg"":964}"
17.047,right_hand,og,tilt,,"{""roll_deg"":-1.2,""pitch_deg"":-3.8,""steady"":true}"
17.063,right_hand,og,acc,2632933,"{""seq"":827,""x_mg"":144,""y_mg"":-12,""z_mg"":976}"
17.063,right_hand,og,tilt,,"{""roll_deg"":-1.2,""pitch_deg"":-3.8,""steady"":true}"
17.094,right_hand,og,acc,2632954,"{""seq"":828,""x_mg"":148,""y_mg"":-44,""z_mg"":1004}"
17.094,right_hand,og,tilt,,"{""roll_deg"":-1.2,""pitch_deg"":-3.8,""steady"":true}"
17.125,right_hand,og,acc,2632975,"{""seq"":829,""x_mg"":168,""y_mg"":-120,""z_mg"":992}"
17.125,right_hand,og,tilt,,"{""roll_deg"":-1.2,""pitch_deg"":-3.8,""steady"":true}"
17.125,right_hand,og,acc,2632995,"{""seq"":830,""x_mg"":172,""y_mg"":-152,""z_mg"":1000}"
17.125,right_hand,og,tilt,,"{""roll_deg"":-1.4,""pitch_deg"":-3.8,""steady"":true}"
17.156,right_hand,og,acc,2633016,"{""seq"":831,""x_mg"":160,""y_mg"":-128,""z_mg"":1024}"
17.156,right_hand,og,tilt,,"{""roll_deg"":-1.8,""pitch_deg"":-3.8,""steady"":true}"
17.156,right_hand,og,acc,2633036,"{""seq"":832,""x_mg"":168,""y_mg"":-76,""z_mg"":992}"
17.156,right_hand,og,tilt,,"{""roll_deg"":-2.4,""pitch_deg"":-3.8,""steady"":true}"
17.188,right_hand,og,acc,2633057,"{""seq"":833,""x_mg"":172,""y_mg"":-4,""z_mg"":936}"
17.188,right_hand,og,tilt,,"{""roll_deg"":-2.5,""pitch_deg"":-3.8,""steady"":true}"
17.219,right_hand,og,acc,2633077,"{""seq"":834,""x_mg"":156,""y_mg"":20,""z_mg"":992}"
17.219,right_hand,og,tilt,,"{""roll_deg"":-2.5,""pitch_deg"":-3.8,""steady"":true}"
17.219,right_hand,og,acc,2633098,"{""seq"":835,""x_mg"":156,""y_mg"":-60,""z_mg"":1056}"
17.219,right_hand,og,tilt,,"{""roll_deg"":-2.5,""pitch_deg"":-3.8,""steady"":true}"
17.250,right_hand,og,acc,2633119,"{""seq"":836,""x_mg"":136,""y_mg"":-180,""z_mg"":1044}"
17.250,right_hand,og,tilt,,"{""roll_deg"":-2.5,""pitch_deg"":-3.8,""steady"":true}"
17.266,right_hand,og,acc,2633139,"{""seq"":837,""x_mg"":160,""y_mg"":-136,""z_mg"":968}"
17.266,right_hand,og,tilt,,"{""roll_deg"":-2.6,""pitch_deg"":-3.8,""steady"":true}"
17.297,right_hand,og,acc,2633160,"{""seq"":838,""x_mg"":152,""y_mg"":-112,""z_mg"":988}"
17.297,right_hand,og,tilt,,"{""roll_deg"":-3.3,""pitch_deg"":-3.8,""steady"":true}"
17.297,right_hand,og,acc,2633180,"{""seq"":839,""x_mg"":148,""y_mg"":-32,""z_mg"":1004}"
17.297,right_hand,og,tilt,,"{""roll_deg"":-3.7,""pitch_deg"":-3.9,""steady"":true}"
17.344,right_hand,og,acc,2633201,"{""seq"":840,""x_mg"":168,""y_mg"":-8,""z_mg"":944}"
17.344,right_hand,og,tilt,,"{""roll_deg"":-3.7,""pitch_deg"":-4.0,""steady"":true}"
17.375,right_hand,og,acc,2633221,"{""seq"":841,""x_mg"":164,""y_mg"":-48,""z_mg"":952}"
17.375,right_hand,og,tilt,,"{""roll_deg"":-3.7,""pitch_deg"":-4.0,""steady"":true}"
17.375,right_hand,og,acc,2633242,"{""seq"":842,""x_mg"":164,""y_mg"":-32,""z_mg"":984}"
17.375,right_hand,og,tilt,,"{""roll_deg"":-3.7,""pitch_deg"":-4.0,""steady"":true}"
17.406,right_hand,og,acc,2633263,"{""seq"":843,""x_mg"":204,""y_mg"":-36,""z_mg"":968}"
17.406,right_hand,og,tilt,,"{""roll_deg"":-3.6,""pitch_deg"":-4.0,""steady"":true}"
17.438,right_hand,og,acc,2633283,"{""seq"":844,""x_mg"":192,""y_mg"":-60,""z_mg"":956}"
17.438,right_hand,og,tilt,,"{""roll_deg"":-3.4,""pitch_deg"":-4.0,""steady"":true}"
17.438,right_hand,og,acc,2633304,"{""seq"":845,""x_mg"":176,""y_mg"":-76,""z_mg"":972}"
17.438,right_hand,og,tilt,,"{""roll_deg"":-3.4,""pitch_deg"":-4.0,""steady"":true}"
17.453,right_hand,og,acc,2633324,"{""seq"":846,""x_mg"":180,""y_mg"":-80,""z_mg"":956}"
17.453,right_hand,og,tilt,,"{""roll_deg"":-3.4,""pitch_deg"":-4.0,""steady"":true}"
17.485,right_hand,og,acc,2633345,"{""seq"":847,""x_mg"":192,""y_mg"":-100,""z_mg"":964}"
17.485,right_hand,og,tilt,,"{""roll_deg"":-3.4,""pitch_deg"":-4.0,""steady"":true}"
17.516,right_hand,og,acc,2633365,"{""seq"":848,""x_mg"":152,""y_mg"":-68,""z_mg"":984}"
17.516,right_hand,og,tilt,,"{""roll_deg"":-3.4,""pitch_deg"":-4.0,""steady"":true}"
17.516,right_hand,og,acc,2633386,"{""seq"":849,""x_mg"":164,""y_mg"":-60,""z_mg"":1024}"
17.516,right_hand,og,tilt,,"{""roll_deg"":-3.4,""pitch_deg"":-4.0,""steady"":true}"
17.547,right_hand,og,acc,2633406,"{""seq"":850,""x_mg"":168,""y_mg"":-124,""z_mg"":1032}"
17.547,right_hand,og,tilt,,"{""roll_deg"":-3.4,""pitch_deg"":-4.0,""steady"":true}"
17.578,right_hand,og,acc,2633427,"{""seq"":851,""x_mg"":144,""y_mg"":-132,""z_mg"":1000}"
17.578,right_hand,og,tilt,,"{""roll_deg"":-3.4,""pitch_deg"":-4.0,""steady"":true}"
17.578,right_hand,og,acc,2633448,"{""seq"":852,""x_mg"":160,""y_mg"":-124,""z_mg"":1004}"
17.578,right_hand,og,tilt,,"{""roll_deg"":-3.6,""pitch_deg"":-4.0,""steady"":true}"
17.610,right_hand,og,acc,2633468,"{""seq"":853,""x_mg"":164,""y_mg"":-112,""z_mg"":976}"
17.610,right_hand,og,tilt,,"{""roll_deg"":-3.9,""pitch_deg"":-4.0,""steady"":true}"
17.641,right_hand,og,acc,2633489,"{""seq"":854,""x_mg"":164,""y_mg"":-104,""z_mg"":932}"
17.641,right_hand,og,tilt,,"{""roll_deg"":-4.2,""pitch_deg"":-4.0,""steady"":true}"
17.641,right_hand,og,acc,2633509,"{""seq"":855,""x_mg"":164,""y_mg"":-172,""z_mg"":964}"
17.641,right_hand,og,tilt,,"{""roll_deg"":-4.4,""pitch_deg"":-4.0,""steady"":true}"
17.656,right_hand,og,acc,2633530,"{""seq"":856,""x_mg"":160,""y_mg"":-160,""z_mg"":1016}"
17.656,right_hand,og,tilt,,"{""roll_deg"":-5.1,""pitch_deg"":-4.0,""steady"":true}"
17.688,right_hand,og,acc,2633550,"{""seq"":857,""x_mg"":168,""y_mg"":-112,""z_mg"":1008}"
17.688,right_hand,og,tilt,,"{""roll_deg"":-5.6,""pitch_deg"":-4.0,""steady"":true}"
17.719,right_hand,og,acc,2633571,"{""seq"":858,""x_mg"":176,""y_mg"":-32,""z_mg"":1008}"
17.719,right_hand,og,tilt,,"{""roll_deg"":-5.6,""pitch_deg"":-4.0,""steady"":true}"
17.719,right_hand,og,acc,2633592,"{""seq"":859,""x_mg"":184,""y_mg"":-12,""z_mg"":964}"
17.719,right_hand,og,tilt,,"{""roll_deg"":-5.6,""pitch_deg"":-4.0,""steady"":true}"
17.750,right_hand,og,acc,2633612,"{""seq"":860,""x_mg"":180,""y_mg"":-32,""z_mg"":964}"
17.750,right_hand,og,tilt,,"{""roll_deg"":-5.5,""pitch_deg"":-4.0,""steady"":true}"
17.781,right_hand,og,acc,2633633,"{""seq"":861,""x_mg"":208,""y_mg"":-28,""z_mg"":968}"
17.781,right_hand,og,tilt,,"{""roll_deg"":-5.1,""pitch_deg"":-4.0,""steady"":true}"
17.781,right_hand,og,acc,2633653,"{""seq"":862,""x_mg"":200,""y_mg"":-24,""z_mg"":972}"
17.781,right_hand,og,tilt,,"{""roll_deg"":-4.6,""pitch_deg"":-4.0,""steady"":true}"
17.813,right_hand,og,acc,2633674,"{""seq"":863,""x_mg"":208,""y_mg"":8,""z_mg"":972}"
17.813,right_hand,og,tilt,,"{""roll_deg"":-4.0,""pitch_deg"":-3.7,""steady"":true}"
17.844,right_hand,og,acc,2633694,"{""seq"":864,""x_mg"":200,""y_mg"":-24,""z_mg"":984}"
17.844,right_hand,og,tilt,,"{""roll_deg"":-3.5,""pitch_deg"":-3.5,""steady"":true}"
17.844,right_hand,og,acc,2633715,"{""seq"":865,""x_mg"":192,""y_mg"":-120,""z_mg"":952}"
17.844,right_hand,og,tilt,,"{""roll_deg"":-3.1,""pitch_deg"":-3.4,""steady"":true}"
17.860,right_hand,og,acc,2633735,"{""seq"":866,""x_mg"":212,""y_mg"":-144,""z_mg"":940}"
17.860,right_hand,og,tilt,,"{""roll_deg"":-3.1,""pitch_deg"":-3.3,""steady"":true}"
17.891,right_hand,og,acc,2633756,"{""seq"":867,""x_mg"":204,""y_mg"":-100,""z_mg"":972}"
17.891,right_hand,og,tilt,,"{""roll_deg"":-3.1,""pitch_deg"":-3.1,""steady"":true}"
17.922,right_hand,og,acc,2633777,"{""seq"":868,""x_mg"":176,""y_mg"":-20,""z_mg"":1016}"
17.922,right_hand,og,tilt,,"{""roll_deg"":-3.3,""pitch_deg"":-3.0,""steady"":true}"
17.922,right_hand,og,acc,2633797,"{""seq"":869,""x_mg"":152,""y_mg"":16,""z_mg"":988}"
17.922,right_hand,og,tilt,,"{""roll_deg"":-3.3,""pitch_deg"":-3.0,""steady"":true}"
17.953,right_hand,og,acc,2633818,"{""seq"":870,""x_mg"":180,""y_mg"":-24,""z_mg"":980}"
17.953,right_hand,og,tilt,,"{""roll_deg"":-3.3,""pitch_deg"":-3.0,""steady"":true}"
18.000,right_hand,og,acc,2633838,"{""seq"":871,""x_mg"":188,""y_mg"":-24,""z_mg"":976}"
18.000,right_hand,og,tilt,,"{""roll_deg"":-3.1,""pitch_deg"":-3.0,""steady"":true}"
18.000,right_hand,og,acc,2633859,"{""seq"":872,""x_mg"":196,""y_mg"":-24,""z_mg"":976}"
18.000,right_hand,og,tilt,,"{""roll_deg"":-2.8,""pitch_deg"":-3.0,""steady"":true}"
18.031,right_hand,og,acc,2633879,"{""seq"":873,""x_mg"":196,""y_mg"":28,""z_mg"":948}"
18.031,right_hand,og,tilt,,"{""roll_deg"":-2.5,""pitch_deg"":-3.0,""steady"":true}"
18.031,right_hand,og,acc,2633900,"{""seq"":874,""x_mg"":188,""y_mg"":104,""z_mg"":948}"
18.031,right_hand,og,tilt,,"{""roll_deg"":-1.7,""pitch_deg"":-3.0,""steady"":true}"
18.063,right_hand,og,acc,2633921,"{""seq"":875,""x_mg"":196,""y_mg"":100,""z_mg"":964}"
18.063,right_hand,og,tilt,,"{""roll_deg"":0.2,""pitch_deg"":-3.0,""steady"":true}"
18.078,right_hand,og,acc,2633941,"{""seq"":876,""x_mg"":220,""y_mg"":68,""z_mg"":936}"
18.078,right_hand,og,tilt,,"{""roll_deg"":1.8,""pitch_deg"":-3.0,""steady"":true}"
18.110,right_hand,og,acc,2633962,"{""seq"":877,""x_mg"":228,""y_mg"":76,""z_mg"":952}"
18.110,right_hand,og,tilt,,"{""roll_deg"":2.6,""pitch_deg"":-2.7,""steady"":true}"
18.141,right_hand,og,acc,2633982,"{""seq"":878,""x_mg"":220,""y_mg"":104,""z_mg"":932}"
18.141,right_hand,og,tilt,,"{""roll_deg"":3.1,""pitch_deg"":-2.4,""steady"":true}"
18.141,right_hand,og,acc,2634003,"{""seq"":879,""x_mg"":220,""y_mg"":172,""z_mg"":936}"
18.141,right_hand,og,tilt,,"{""roll_deg"":4.0,""pitch_deg"":-2.2,""steady"":true}"
18.172,right_hand,og,acc,2634023,"{""seq"":880,""x_mg"":216,""y_mg"":152,""z_mg"":952}"
18.172,right_hand,og,tilt,,"{""roll_deg"":5.5,""pitch_deg"":-2.0,""steady"":true}"
18.172,right_hand,og,acc,2634044,"{""seq"":881,""x_mg"":232,""y_mg"":144,""z_mg"":936}"
18.172,right_hand,og,tilt,,"{""roll_deg"":6.5,""pitch_deg"":-1.8,""steady"":true}"
18.203,right_hand,og,acc,2634065,"{""seq"":882,""x_mg"":224,""y_mg"":176,""z_mg"":952}"
18.203,right_hand,og,tremor,,"{""rms_mg"":46.2,""peak_hz"":4.2}"
18.203,right_hand,og,tilt,,"{""roll_deg"":7.3,""pitch_deg"":-1.7,""steady"":true}"
18.235,right_hand,og,acc,2634085,"{""seq"":883,""x_mg"":228,""y_mg"":152,""z_mg"":956}"
18.235,right_hand,og,tilt,,"{""roll_deg"":7.7,""pitch_deg"":-1.5,""steady"":true}"
18.235,right_hand,og,acc,2634106,"{""seq"":884,""x_mg"":216,""y_mg"":128,""z_mg"":968}"
18.235,right_hand,og,tilt,,"{""roll_deg"":8.1,""pitch_deg"":-1.4,""steady"":true}"
18.266,right_hand,og,acc,2634126,"{""seq"":885,""x_mg"":212,""y_mg"":124,""z_mg"":976}"
18.266,right_hand,og,tilt,,"{""roll_deg"":8.1,""pitch_deg"":-1.4,""steady"":true}"
18.281,,game,brick,,"{""n"":10}"
18.281,right_hand,og,acc,2634147,"{""seq"":886,""x_mg"":196,""y_mg"":120,""z_mg"":964}"
18.281,right_hand,og,tilt,,"{""roll_deg"":8.1,""pitch_deg"":-1.4,""steady"":true}"
18.281,right_hand,og,acc,2634167,"{""seq"":887,""x_mg"":200,""y_mg"":132,""z_mg"":980}"
18.281,right_hand,og,tilt,,"{""roll_deg"":8.1,""pitch_deg"":-1.4,""steady"":true}"
18.313,right_hand,og,acc,2634188,"{""seq"":888,""x_mg"":192,""y_mg"":132,""z_mg"":972}"
18.313,right_hand,og,tilt,,"{""roll_deg"":8.1,""pitch_deg"":-1.4,""steady"":true}"
18.344,right_hand,og,acc,2634209,"{""seq"":889,""x_mg"":188,""y_mg"":124,""z_mg"":992}"
18.344,right_hand,og,tilt,,"{""roll_deg"":8.1,""pitch_deg"":-1.4,""steady"":true}"
18.375,right_hand,og,acc,2634229,"{""seq"":890,""x_mg"":196,""y_mg"":60,""z_mg"":980}"
18.375,right_hand,og,tilt,,"{""roll_deg"":8.1,""pitch_deg"":-1.4,""steady"":true}"
18.375,right_hand,og,acc,2634250,"{""seq"":891,""x_mg"":200,""y_mg"":48,""z_mg"":972}"
18.375,right_hand,og,tilt,,"{""roll_deg"":7.9,""pitch_deg"":-1.4,""steady"":true}"
18.406,right_hand,og,acc,2634270,"{""seq"":892,""x_mg"":188,""y_mg"":60,""z_mg"":972}"
18.406,right_hand,og,tilt,,"{""roll_deg"":7.7,""pitch_deg"":-1.4,""steady"":true}"
18.422,,game,brick,,"{""n"":11}"
18.438,right_hand,og,acc,2634291,"{""seq"":893,""x_mg"":192,""y_mg"":56,""z_mg"":948}"
18.438,right_hand,og,tilt,,"{""roll_deg"":7.3,""pitch_deg"":-1.4,""steady"":true}"
18.438,right_hand,og,acc,2634311,"{""seq"":894,""x_mg"":204,""y_mg"":84,""z_mg"":964}"
18.438,right_hand,og,tilt,,"{""roll_deg"":7.0,""pitch_deg"":-1.4,""steady"":true}"
18.469,right_hand,og,acc,2634332,"{""seq"":895,""x_mg"":204,""y_mg"":28,""z_mg"":968}"
18.469,right_hand,og,tilt,,"{""roll_deg"":6.5,""pitch_deg"":-1.4,""steady"":true}"
18.485,right_hand,og,acc,2634352,"{""seq"":896,""x_mg"":212,""y_mg"":-8,""z_mg"":960}"
18.485,right_hand,og,tilt,,"{""roll_deg"":5.8,""pitch_deg"":-1.4,""steady"":true}"
18.485,right_hand,og,acc,2634373,"{""seq"":897,""x_mg"":212,""y_mg"":8,""z_mg"":964}"
18.485,right_hand,og,tilt,,"{""roll_deg"":4.9,""pitch_deg"":-1.4,""steady"":true}"
18.516,right_hand,og,acc,2634394,"{""seq"":898,""x_mg"":204,""y_mg"":32,""z_mg"":956}"
18.516,right_hand,og,tilt,,"{""roll_deg"":4.1,""pitch_deg"":-1.4,""steady"":true}"
18.547,right_hand,og,acc,2634414,"{""seq"":899,""x_mg"":200,""y_mg"":32,""z_mg"":964}"
18.547,right_hand,og,tilt,,"{""roll_deg"":3.8,""pitch_deg"":-1.4,""steady"":true}"
18.578,right_hand,og,acc,2634435,"{""seq"":900,""x_mg"":188,""y_mg"":48,""z_mg"":952}"
18.578,right_hand,og,tilt,,"{""roll_deg"":3.6,""pitch_deg"":-1.4,""steady"":true}"
18.578,right_hand,og,acc,2634455,"{""seq"":901,""x_mg"":180,""y_mg"":56,""z_mg"":964}"
18.578,right_hand,og,tilt,,"{""roll_deg"":3.6,""pitch_deg"":-1.4,""steady"":true}"
18.610,right_hand,og,acc,2634476,"{""seq"":902,""x_mg"":196,""y_mg"":68,""z_mg"":956}"
18.610,right_hand,og,tilt,,"{""roll_deg"":3.6,""pitch_deg"":-1.4,""steady"":true}"
18.641,right_hand,og,acc,2634496,"{""seq"":903,""x_mg"":192,""y_mg"":96,""z_mg"":956}"
18.641,right_hand,og,tilt,,"{""roll_deg"":3.6,""pitch_deg"":-1.4,""steady"":true}"
18.641,right_hand,og,acc,2634517,"{""seq"":904,""x_mg"":184,""y_mg"":132,""z_mg"":976}"
18.641,right_hand,og,tilt,,"{""roll_deg"":3.6,""pitch_deg"":-1.4,""steady"":true}"
18.688,right_hand,og,acc,2634538,"{""seq"":905,""x_mg"":176,""y_mg"":116,""z_mg"":968}"
18.688,right_hand,og,tilt,,"{""roll_deg"":3.7,""pitch_deg"":-1.5,""steady"":true}"
18.688,right_hand,og,acc,2634558,"{""seq"":906,""x_mg"":180,""y_mg"":88,""z_mg"":980}"
18.688,right_hand,og,tilt,,"{""roll_deg"":3.9,""pitch_deg"":-1.6,""steady"":true}"
18.703,right_hand,og,acc,2634579,"{""seq"":907,""x_mg"":180,""y_mg"":52,""z_mg"":996}"
18.703,right_hand,og,tilt,,"{""roll_deg"":4.1,""pitch_deg"":-1.8,""steady"":true}"
18.735,right_hand,og,acc,2634599,"{""seq"":908,""x_mg"":184,""y_mg"":44,""z_mg"":996}"
18.735,right_hand,og,tilt,,"{""roll_deg"":4.1,""pitch_deg"":-1.9,""steady"":true}"
18.766,right_hand,og,acc,2634620,"{""seq"":909,""x_mg"":160,""y_mg"":12,""z_mg"":1000}"
18.766,right_hand,og,tilt,,"{""roll_deg"":4.1,""pitch_deg"":-2.0,""steady"":true}"
18.797,right_hand,og,acc,2634640,"{""seq"":910,""x_mg"":172,""y_mg"":-8,""z_mg"":968}"
18.797,right_hand,og,tilt,,"{""roll_deg"":4.1,""pitch_deg"":-2.2,""steady"":true}"
18.797,right_hand,og,acc,2634661,"{""seq"":911,""x_mg"":164,""y_mg"":-20,""z_mg"":980}"
18.797,right_hand,og,tilt,,"{""roll_deg"":3.9,""pitch_deg"":-2.4,""steady"":true}"
18.828,right_hand,og,acc,2634682,"{""seq"":912,""x_mg"":172,""y_mg"":-44,""z_mg"":996}"
18.828,right_hand,og,tilt,,"{""roll_deg"":3.2,""pitch_deg"":-2.5,""steady"":true}"
18.860,right_hand,og,acc,2634702,"{""seq"":913,""x_mg"":168,""y_mg"":-80,""z_mg"":984}"
18.860,right_hand,og,tilt,,"{""roll_deg"":2.2,""pitch_deg"":-2.6,""steady"":true}"
18.860,right_hand,og,acc,2634723,"{""seq"":914,""x_mg"":164,""y_mg"":-92,""z_mg"":984}"
18.860,right_hand,og,tilt,,"{""roll_deg"":0.8,""pitch_deg"":-2.8,""steady"":true}"
18.891,right_hand,og,acc,2634743,"{""seq"":915,""x_mg"":156,""y_mg"":-100,""z_mg"":968}"
18.891,right_hand,og,tilt,,"{""roll_deg"":-0.6,""pitch_deg"":-2.9,""steady"":true}"
18.891,right_hand,og,acc,2634764,"{""seq"":916,""x_mg"":156,""y_mg"":-88,""z_mg"":972}"
18.891,right_hand,og,tilt,,"{""roll_deg"":-1.6,""pitch_deg"":-3.1,""steady"":true}"
18.906,right_hand,og,acc,2634784,"{""seq"":917,""x_mg"":152,""y_mg"":-96,""z_mg"":980}"
18.906,right_hand,og,tilt,,"{""roll_deg"":-2.4,""pitch_deg"":-3.2,""steady"":true}"
18.938,right_hand,og,acc,2634805,"{""seq"":918,""x_mg"":160,""y_mg"":-132,""z_mg"":980}"
18.938,right_hand,og,tilt,,"{""roll_deg"":-3.1,""pitch_deg"":-3.3,""steady"":true}"
18.969,right_hand,og,acc,2634825,"{""seq"":919,""x_mg"":164,""y_mg"":-132,""z_mg"":980}"
18.969,right_hand,og,tilt,,"{""roll_deg"":-4.1,""pitch_deg"":-3.4,""steady"":true}"
19.000,right_hand,og,acc,2634846,"{""seq"":920,""x_mg"":160,""y_mg"":-116,""z_mg"":980}"
19.000,right_hand,og,tilt,,"{""roll_deg"":-4.8,""pitch_deg"":-3.5,""steady"":true}"
19.000,right_hand,og,acc,2634867,"{""seq"":921,""x_mg"":172,""y_mg"":-104,""z_mg"":976}"
19.000,right_hand,og,tilt,,"{""roll_deg"":-5.1,""pitch_deg"":-3.5,""steady"":true}"
19.031,right_hand,og,acc,2634887,"{""seq"":922,""x_mg"":164,""y_mg"":-112,""z_mg"":980}"
19.031,right_hand,og,tilt,,"{""roll_deg"":-5.2,""pitch_deg"":-3.5,""steady"":true}"
19.031,right_hand,og,acc,2634908,"{""seq"":923,""x_mg"":168,""y_mg"":-96,""z_mg"":988}"
19.031,right_hand,og,tilt,,"{""roll_deg"":-5.2,""pitch_deg"":-3.5,""steady"":true}"
19.063,right_hand,og,acc,2634928,"{""seq"":924,""x_mg"":168,""y_mg"":-108,""z_mg"":980}"
19.063,right_hand,og,tilt,,"{""roll_deg"":-5.2,""pitch_deg"":-3.5,""steady"":true}"
19.094,right_hand,og,acc,2634949,"{""seq"":925,""x_mg"":168,""y_mg"":-92,""z_mg"":980}"
19.094,right_hand,og,tilt,,"{""roll_deg"":-5.2,""pitch_deg"":-3.5,""steady"":true}"
19.094,right_hand,og,acc,2634969,"{""seq"":926,""x_mg"":156,""y_mg"":-72,""z_mg"":988}"
19.094,right_hand,og,tilt,,"{""roll_deg"":-5.2,""pitch_deg"":-3.5,""steady"":true}"
19.125,right_hand,og,acc,2634990,"{""seq"":927,""x_mg"":156,""y_mg"":-60,""z_mg"":992}"
19.125,right_hand,og,tilt,,"{""roll_deg"":-5.2,""pitch_deg"":-3.6,""steady"":true}"
19.141,right_hand,og,acc,2635011,"{""seq"":928,""x_mg"":148,""y_mg"":-76,""z_mg"":1000}"
19.141,right_hand,og,tilt,,"{""roll_deg"":-5.2,""pitch_deg"":-3.7,""steady"":true}"
19.172,right_hand,og,acc,2635031,"{""seq"":929,""x_mg"":156,""y_mg"":-92,""z_mg"":1004}"
19.172,right_hand,og,tilt,,"{""roll_deg"":-5.2,""pitch_deg"":-3.7,""steady"":true}"
19.172,right_hand,og,acc,2635052,"{""seq"":930,""x_mg"":156,""y_mg"":-116,""z_mg"":984}"
19.172,right_hand,og,tilt,,"{""roll_deg"":-5.2,""pitch_deg"":-3.8,""steady"":true}"
19.203,right_hand,og,acc,2635072,"{""seq"":931,""x_mg"":156,""y_mg"":-116,""z_mg"":996}"
19.203,right_hand,og,tilt,,"{""roll_deg"":-5.2,""pitch_deg"":-3.9,""steady"":true}"
19.235,right_hand,og,acc,2635093,"{""seq"":932,""x_mg"":148,""y_mg"":-120,""z_mg"":984}"
19.235,right_hand,og,tilt,,"{""roll_deg"":-5.2,""pitch_deg"":-3.9,""steady"":true}"
19.235,right_hand,og,acc,2635113,"{""seq"":933,""x_mg"":156,""y_mg"":-140,""z_mg"":988}"
19.235,right_hand,og,tilt,,"{""roll_deg"":-5.2,""pitch_deg"":-3.9,""steady"":true}"
19.266,right_hand,og,acc,2635134,"{""seq"":934,""x_mg"":152,""y_mg"":-140,""z_mg"":968}"
19.266,right_hand,og,tilt,,"{""roll_deg"":-5.2,""pitch_deg"":-4.0,""steady"":true}"
19.297,right_hand,og,acc,2635155,"{""seq"":935,""x_mg"":152,""y_mg"":-132,""z_mg"":984}"
19.297,right_hand,og,tilt,,"{""roll_deg"":-5.4,""pitch_deg"":-4.0,""steady"":true}"
19.297,right_hand,og,acc,2635175,"{""seq"":936,""x_mg"":144,""y_mg"":-140,""z_mg"":976}"
19.297,right_hand,og,tilt,,"{""roll_deg"":-5.7,""pitch_deg"":-4.1,""steady"":true}"
19.328,right_hand,og,acc,2635196,"{""seq"":937,""x_mg"":152,""y_mg"":-136,""z_mg"":980}"
19.328,right_hand,og,tilt,,"{""roll_deg"":-5.9,""pitch_deg"":-4.1,""steady"":true}"
19.360,right_hand,og,acc,2635216,"{""seq"":938,""x_mg"":152,""y_mg"":-132,""z_mg"":968}"
19.360,right_hand,og,tilt,,"{""roll_deg"":-6.1,""pitch_deg"":-4.1,""steady"":true}"
19.391,right_hand,og,acc,2635237,"{""seq"":939,""x_mg"":164,""y_mg"":-128,""z_mg"":980}"
19.391,right_hand,og,tilt,,"{""roll_deg"":-6.2,""pitch_deg"":-4.1,""steady"":true}"
19.391,right_hand,og,acc,2635257,"{""seq"":940,""x_mg"":148,""y_mg"":-116,""z_mg"":984}"
19.391,right_hand,og,tilt,,"{""roll_deg"":-6.2,""pitch_deg"":-4.2,""steady"":true}"
19.422,right_hand,og,acc,2635278,"{""seq"":941,""x_mg"":156,""y_mg"":-104,""z_mg"":984}"
19.422,right_hand,og,tilt,,"{""roll_deg"":-6.2,""pitch_deg"":-4.2,""steady"":true}"
19.453,right_hand,og,acc,2635299,"{""seq"":942,""x_mg"":168,""y_mg"":-92,""z_mg"":996}"
19.453,right_hand,og,tilt,,"{""roll_deg"":-6.2,""pitch_deg"":-4.2,""steady"":true}"
19.453,right_hand,og,acc,2635319,"{""seq"":943,""x_mg"":152,""y_mg"":-88,""z_mg"":988}"
19.453,right_hand,og,tilt,,"{""roll_deg"":-6.2,""pitch_deg"":-4.2,""steady"":true}"
19.485,right_hand,og,acc,2635340,"{""seq"":944,""x_mg"":140,""y_mg"":-108,""z_mg"":988}"
19.485,right_hand,og,tilt,,"{""roll_deg"":-6.2,""pitch_deg"":-4.2,""steady"":true}"
19.516,right_hand,og,acc,2635360,"{""seq"":945,""x_mg"":132,""y_mg"":-92,""z_mg"":992}"
19.516,right_hand,og,tilt,,"{""roll_deg"":-6.2,""pitch_deg"":-4.3,""steady"":true}"
19.516,right_hand,og,acc,2635381,"{""seq"":946,""x_mg"":144,""y_mg"":-88,""z_mg"":988}"
19.516,right_hand,og,tilt,,"{""roll_deg"":-6.2,""pitch_deg"":-4.4,""steady"":true}"
19.547,right_hand,og,acc,2635401,"{""seq"":947,""x_mg"":148,""y_mg"":-120,""z_mg"":988}"
19.547,right_hand,og,tilt,,"{""roll_deg"":-6.2,""pitch_deg"":-4.4,""steady"":true}"
19.563,right_hand,og,acc,2635422,"{""seq"":948,""x_mg"":140,""y_mg"":-128,""z_mg"":984}"
19.563,right_hand,og,tilt,,"{""roll_deg"":-6.2,""pitch_deg"":-4.5,""steady"":true}"
19.594,right_hand,og,acc,2635442,"{""seq"":949,""x_mg"":152,""y_mg"":-148,""z_mg"":976}"
19.594,right_hand,og,tilt,,"{""roll_deg"":-6.2,""pitch_deg"":-4.5,""steady"":true}"
19.594,right_hand,og,acc,2635463,"{""seq"":950,""x_mg"":152,""y_mg"":-136,""z_mg"":984}"
19.594,right_hand,og,tilt,,"{""roll_deg"":-6.2,""pitch_deg"":-4.5,""steady"":true}"
19.625,right_hand,og,acc,2635484,"{""seq"":951,""x_mg"":148,""y_mg"":-128,""z_mg"":988}"
19.625,right_hand,og,tilt,,"{""roll_deg"":-6.2,""pitch_deg"":-4.5,""steady"":true}"
19.656,right_hand,og,acc,2635504,"{""seq"":952,""x_mg"":140,""y_mg"":-144,""z_mg"":984}"
19.656,right_hand,og,tilt,,"{""roll_deg"":-6.2,""pitch_deg"":-4.5,""steady"":true}"
19.656,right_hand,og,acc,2635525,"{""seq"":953,""x_mg"":140,""y_mg"":-140,""z_mg"":976}"
19.656,right_hand,og,tilt,,"{""roll_deg"":-6.2,""pitch_deg"":-4.5,""steady"":true}"
19.688,right_hand,og,acc,2635545,"{""seq"":954,""x_mg"":156,""y_mg"":-136,""z_mg"":980}"
19.688,right_hand,og,tilt,,"{""roll_deg"":-6.2,""pitch_deg"":-4.6,""steady"":true}"
19.688,right_hand,og,acc,2635566,"{""seq"":955,""x_mg"":148,""y_mg"":-136,""z_mg"":964}"
19.688,right_hand,og,tilt,,"{""roll_deg"":-6.2,""pitch_deg"":-4.6,""steady"":true}"
19.719,right_hand,og,acc,2635586,"{""seq"":956,""x_mg"":140,""y_mg"":-140,""z_mg"":988}"
19.719,right_hand,og,tilt,,"{""roll_deg"":-6.3,""pitch_deg"":-4.6,""steady"":true}"
19.750,right_hand,og,acc,2635607,"{""seq"":957,""x_mg"":148,""y_mg"":-124,""z_mg"":980}"
19.750,right_hand,og,tilt,,"{""roll_deg"":-6.4,""pitch_deg"":-4.6,""steady"":true}"
19.750,right_hand,og,acc,2635628,"{""seq"":958,""x_mg"":144,""y_mg"":-128,""z_mg"":980}"
19.750,right_hand,og,tilt,,"{""roll_deg"":-6.4,""pitch_deg"":-4.6,""steady"":true}"
19.781,right_hand,og,acc,2635648,"{""seq"":959,""x_mg"":148,""y_mg"":-132,""z_mg"":976}"
19.781,right_hand,og,tilt,,"{""roll_deg"":-6.4,""pitch_deg"":-4.6,""steady"":true}"
19.813,right_hand,og,acc,2635669,"{""seq"":960,""x_mg"":152,""y_mg"":-136,""z_mg"":984}"
19.813,right_hand,og,tilt,,"{""roll_deg"":-6.4,""pitch_deg"":-4.6,""steady"":true}"
19.813,right_hand,og,acc,2635689,"{""seq"":961,""x_mg"":140,""y_mg"":-124,""z_mg"":984}"
19.813,right_hand,og,tilt,,"{""roll_deg"":-6.5,""pitch_deg"":-4.6,""steady"":true}"
19.844,right_hand,og,acc,2635710,"{""seq"":962,""x_mg"":140,""y_mg"":-128,""z_mg"":976}"
19.844,right_hand,og,tilt,,"{""roll_deg"":-6.5,""pitch_deg"":-4.6,""steady"":true}"
19.875,right_hand,og,acc,2635730,"{""seq"":963,""x_mg"":144,""y_mg"":-120,""z_mg"":984}"
19.875,right_hand,og,tilt,,"{""roll_deg"":-6.5,""pitch_deg"":-4.7,""steady"":true}"
19.875,right_hand,og,acc,2635751,"{""seq"":964,""x_mg"":152,""y_mg"":-136,""z_mg"":980}"
19.875,right_hand,og,tilt,,"{""roll_deg"":-6.5,""pitch_deg"":-4.7,""steady"":true}"
19.922,right_hand,og,acc,2635772,"{""seq"":965,""x_mg"":148,""y_mg"":-128,""z_mg"":976}"
19.922,right_hand,og,tilt,,"{""roll_deg"":-6.5,""pitch_deg"":-4.7,""steady"":true}"
19.922,right_hand,og,acc,2635792,"{""seq"":966,""x_mg"":144,""y_mg"":-128,""z_mg"":1000}"
19.922,right_hand,og,tilt,,"{""roll_deg"":-6.5,""pitch_deg"":-4.7,""steady"":true}"
19.953,right_hand,og,acc,2635813,"{""seq"":967,""x_mg"":148,""y_mg"":-116,""z_mg"":976}"
19.953,right_hand,og,tilt,,"{""roll_deg"":-6.5,""pitch_deg"":-4.7,""steady"":true}"
19.985,right_hand,og,acc,2635833,"{""seq"":968,""x_mg"":148,""y_mg"":-116,""z_mg"":980}"
19.985,right_hand,og,tilt,,"{""roll_deg"":-6.5,""pitch_deg"":-4.7,""steady"":true}"
19.985,right_hand,og,acc,2635854,"{""seq"":969,""x_mg"":140,""y_mg"":-112,""z_mg"":984}"
19.985,right_hand,og,tilt,,"{""roll_deg"":-6.5,""pitch_deg"":-4.7,""steady"":true}"
20.016,right_hand,og,acc,2635874,"{""seq"":970,""x_mg"":156,""y_mg"":-112,""z_mg"":972}"
20.016,right_hand,og,tilt,,"{""roll_deg"":-6.5,""pitch_deg"":-4.7,""steady"":true}"
20.047,right_hand,og,acc,2635895,"{""seq"":971,""x_mg"":152,""y_mg"":-104,""z_mg"":984}"
20.047,right_hand,og,tilt,,"{""roll_deg"":-6.5,""pitch_deg"":-4.7,""steady"":true}"
20.047,right_hand,og,acc,2635915,"{""seq"":972,""x_mg"":148,""y_mg"":-120,""z_mg"":984}"
20.047,right_hand,og,tilt,,"{""roll_deg"":-6.5,""pitch_deg"":-4.7,""steady"":true}"
20.078,right_hand,og,acc,2635936,"{""seq"":973,""x_mg"":144,""y_mg"":-112,""z_mg"":984}"
20.078,right_hand,og,tilt,,"{""roll_deg"":-6.5,""pitch_deg"":-4.7,""steady"":true}"
20.110,right_hand,og,acc,2635957,"{""seq"":974,""x_mg"":148,""y_mg"":-116,""z_mg"":980}"
20.110,right_hand,og,tilt,,"{""roll_deg"":-6.5,""pitch_deg"":-4.7,""steady"":true}"
20.110,right_hand,og,acc,2635977,"{""seq"":975,""x_mg"":136,""y_mg"":-112,""z_mg"":988}"
20.110,right_hand,og,tilt,,"{""roll_deg"":-6.5,""pitch_deg"":-4.7,""steady"":true}"
20.141,right_hand,og,acc,2635998,"{""seq"":976,""x_mg"":144,""y_mg"":-112,""z_mg"":984}"
20.141,right_hand,og,tilt,,"{""roll_deg"":-6.5,""pitch_deg"":-4.7,""steady"":true}"
20.172,right_hand,og,acc,2636018,"{""seq"":977,""x_mg"":140,""y_mg"":-136,""z_mg"":976}"
20.172,right_hand,og,tilt,,"{""roll_deg"":-6.5,""pitch_deg"":-4.7,""steady"":true}"
20.172,right_hand,og,acc,2636039,"{""seq"":978,""x_mg"":140,""y_mg"":-120,""z_mg"":988}"
20.172,right_hand,og,tilt,,"{""roll_deg"":-6.5,""pitch_deg"":-4.7,""steady"":true}"
20.203,right_hand,og,acc,2636059,"{""seq"":979,""x_mg"":132,""y_mg"":-108,""z_mg"":996}"
20.203,right_hand,og,tilt,,"{""roll_deg"":-6.5,""pitch_deg"":-4.7,""steady"":true}"
20.235,right_hand,og,acc,2636080,"{""seq"":980,""x_mg"":136,""y_mg"":-120,""z_mg"":980}"
20.235,right_hand,og,tremor,,"{""rms_mg"":41.2,""peak_hz"":7.0}"
20.235,right_hand,og,tilt,,"{""roll_deg"":-6.5,""pitch_deg"":-4.8,""steady"":true}"
20.235,right_hand,og,acc,2636101,"{""seq"":981,""x_mg"":140,""y_mg"":-128,""z_mg"":988}"
20.235,right_hand,og,tilt,,"{""roll_deg"":-6.5,""pitch_deg"":-4.8,""steady"":true}"
20.266,right_hand,og,acc,2636121,"{""seq"":982,""x_mg"":132,""y_mg"":-116,""z_mg"":984}"
20.266,right_hand,og,tilt,,"{""roll_deg"":-6.5,""pitch_deg"":-4.9,""steady"":true}"
20.266,right_hand,og,acc,2636142,"{""seq"":983,""x_mg"":152,""y_mg"":-120,""z_mg"":980}"
20.266,right_hand,og,tilt,,"{""roll_deg"":-6.5,""pitch_deg"":-4.9,""steady"":true}"
20.297,right_hand,og,acc,2636162,"{""seq"":984,""x_mg"":160,""y_mg"":-108,""z_mg"":980}"
20.297,right_hand,og,tilt,,"{""roll_deg"":-6.5,""pitch_deg"":-4.9,""steady"":true}"
20.328,right_hand,og,acc,2636183,"{""seq"":985,""x_mg"":156,""y_mg"":-108,""z_mg"":972}"
20.328,right_hand,og,tilt,,"{""roll_deg"":-6.5,""pitch_deg"":-4.9,""steady"":true}"
20.328,right_hand,og,acc,2636203,"{""seq"":986,""x_mg"":156,""y_mg"":-100,""z_mg"":976}"
20.328,right_hand,og,tilt,,"{""roll_deg"":-6.5,""pitch_deg"":-4.9,""steady"":true}"
20.360,right_hand,og,acc,2636224,"{""seq"":987,""x_mg"":156,""y_mg"":-104,""z_mg"":984}"
20.360,right_hand,og,tilt,,"{""roll_deg"":-6.5,""pitch_deg"":-4.9,""steady"":true}"
20.391,right_hand,og,acc,2636245,"{""seq"":988,""x_mg"":152,""y_mg"":-96,""z_mg"":980}"
20.391,right_hand,og,tilt,,"{""roll_deg"":-6.5,""pitch_deg"":-4.9,""steady"":true}"
20.391,right_hand,og,acc,2636265,"{""seq"":989,""x_mg"":156,""y_mg"":-88,""z_mg"":980}"
20.391,right_hand,og,tilt,,"{""roll_deg"":-6.3,""pitch_deg"":-4.9,""steady"":true}"
20.422,right_hand,og,acc,2636286,"{""seq"":990,""x_mg"":156,""y_mg"":-80,""z_mg"":988}"
20.422,right_hand,og,tilt,,"{""roll_deg"":-6.2,""pitch_deg"":-4.9,""steady"":true}"
20.453,right_hand,og,acc,2636306,"{""seq"":991,""x_mg"":160,""y_mg"":-88,""z_mg"":996}"
20.453,right_hand,og,tilt,,"{""roll_deg"":-6.0,""pitch_deg"":-4.9,""steady"":true}"
20.453,right_hand,og,acc,2636327,"{""seq"":992,""x_mg"":160,""y_mg"":-116,""z_mg"":984}"
20.453,right_hand,og,tilt,,"{""roll_deg"":-5.9,""pitch_deg"":-4.9,""steady"":true}"
20.485,right_hand,og,acc,2636347,"{""seq"":993,""x_mg"":152,""y_mg"":-100,""z_mg"":1004}"
20.485,right_hand,og,tilt,,"{""roll_deg"":-5.8,""pitch_deg"":-4.9,""steady"":true}"
20.485,right_hand,og,acc,2636368,"{""seq"":994,""x_mg"":128,""y_mg"":-100,""z_mg"":1000}"
20.485,right_hand,og,tilt,,"{""roll_deg"":-5.8,""pitch_deg"":-4.9,""steady"":true}"
20.516,right_hand,og,acc,2636388,"{""seq"":995,""x_mg"":124,""y_mg"":-108,""z_mg"":1004}"
20.516,right_hand,og,tilt,,"{""roll_deg"":-5.7,""pitch_deg"":-4.9,""steady"":true}"
20.547,right_hand,og,acc,2636409,"{""seq"":996,""x_mg"":140,""y_mg"":-124,""z_mg"":992}"
20.547,right_hand,og,tilt,,"{""roll_deg"":-5.7,""pitch_deg"":-4.9,""steady"":true}"
20.547,right_hand,og,acc,2636430,"{""seq"":997,""x_mg"":132,""y_mg"":-132,""z_mg"":976}"
20.547,right_hand,og,tilt,,"{""roll_deg"":-5.7,""pitch_deg"":-4.9,""steady"":true}"
20.578,right_hand,og,acc,2636450,"{""seq"":998,""x_mg"":120,""y_mg"":-128,""z_mg"":988}"
20.578,right_hand,og,tilt,,"{""roll_deg"":-5.7,""pitch_deg"":-4.9,""steady"":true}"
20.610,right_hand,og,acc,2636471,"{""seq"":999,""x_mg"":144,""y_mg"":-100,""z_mg"":980}"
20.610,right_hand,og,tilt,,"{""roll_deg"":-5.7,""pitch_deg"":-4.9,""steady"":true}"
20.641,right_hand,og,acc,2636491,"{""seq"":1000,""x_mg"":148,""y_mg"":-96,""z_mg"":972}"
20.641,right_hand,og,tilt,,"{""roll_deg"":-5.7,""pitch_deg"":-4.9,""steady"":true}"
20.641,right_hand,og,acc,2636512,"{""seq"":1001,""x_mg"":140,""y_mg"":-116,""z_mg"":960}"
20.641,right_hand,og,tilt,,"{""roll_deg"":-5.7,""pitch_deg"":-4.9,""steady"":true}"
20.672,right_hand,og,acc,2636532,"{""seq"":1002,""x_mg"":148,""y_mg"":-120,""z_mg"":976}"
20.672,right_hand,og,tilt,,"{""roll_deg"":-5.7,""pitch_deg"":-4.9,""steady"":true}"
20.703,right_hand,og,acc,2636553,"{""seq"":1003,""x_mg"":156,""y_mg"":-120,""z_mg"":984}"
20.703,right_hand,og,tilt,,"{""roll_deg"":-5.7,""pitch_deg"":-4.9,""steady"":true}"
20.703,right_hand,og,acc,2636574,"{""seq"":1004,""x_mg"":156,""y_mg"":-96,""z_mg"":984}"
20.703,right_hand,og,tilt,,"{""roll_deg"":-5.7,""pitch_deg"":-4.9,""steady"":true}"
20.735,right_hand,og,acc,2636594,"{""seq"":1005,""x_mg"":152,""y_mg"":-96,""z_mg"":972}"
20.735,right_hand,og,tilt,,"{""roll_deg"":-5.7,""pitch_deg"":-4.9,""steady"":true}"
20.766,right_hand,og,acc,2636615,"{""seq"":1006,""x_mg"":140,""y_mg"":-96,""z_mg"":980}"
20.766,right_hand,og,tilt,,"{""roll_deg"":-5.7,""pitch_deg"":-4.9,""steady"":true}"
20.766,right_hand,og,acc,2636635,"{""seq"":1007,""x_mg"":136,""y_mg"":-96,""z_mg"":1008}"
20.766,right_hand,og,tilt,,"{""roll_deg"":-5.7,""pitch_deg"":-4.9,""steady"":true}"
20.797,,game,brick,,"{""n"":12}"
20.797,right_hand,og,acc,2636656,"{""seq"":1008,""x_mg"":128,""y_mg"":-120,""z_mg"":996}"
20.797,right_hand,og,tilt,,"{""roll_deg"":-5.7,""pitch_deg"":-4.9,""steady"":true}"
20.813,right_hand,og,acc,2636676,"{""seq"":1009,""x_mg"":136,""y_mg"":-120,""z_mg"":992}"
20.813,right_hand,og,tilt,,"{""roll_deg"":-5.7,""pitch_deg"":-4.9,""steady"":true}"
20.844,right_hand,og,acc,2636697,"{""seq"":1010,""x_mg"":148,""y_mg"":-96,""z_mg"":984}"
20.844,right_hand,og,tilt,,"{""roll_deg"":-5.7,""pitch_deg"":-4.9,""steady"":true}"
20.844,right_hand,og,acc,2636717,"{""seq"":1011,""x_mg"":156,""y_mg"":-104,""z_mg"":988}"
20.844,right_hand,og,tilt,,"{""roll_deg"":-5.7,""pitch_deg"":-4.9,""steady"":true}"
20.875,right_hand,og,acc,2636738,"{""seq"":1012,""x_mg"":140,""y_mg"":-92,""z_mg"":984}"
20.875,right_hand,og,tilt,,"{""roll_deg"":-5.7,""pitch_deg"":-4.9,""steady"":true}"
20.906,right_hand,og,acc,2636759,"{""seq"":1013,""x_mg"":128,""y_mg"":-92,""z_mg"":992}"
20.906,right_hand,og,tilt,,"{""roll_deg"":-5.7,""pitch_deg"":-4.9,""steady"":true}"
20.906,right_hand,og,acc,2636779,"{""seq"":1014,""x_mg"":144,""y_mg"":-104,""z_mg"":984}"
20.906,right_hand,og,tilt,,"{""roll_deg"":-5.7,""pitch_deg"":-4.9,""steady"":true}"
20.938,right_hand,og,acc,2636800,"{""seq"":1015,""x_mg"":160,""y_mg"":-128,""z_mg"":976}"
20.938,right_hand,og,tilt,,"{""roll_deg"":-5.7,""pitch_deg"":-4.9,""steady"":true}"
20.969,right_hand,og,acc,2636820,"{""seq"":1016,""x_mg"":140,""y_mg"":-124,""z_mg"":972}"
20.969,right_hand,og,tilt,,"{""roll_deg"":-5.7,""pitch_deg"":-4.9,""steady"":true}"
20.969,right_hand,og,acc,2636841,"{""seq"":1017,""x_mg"":116,""y_mg"":-112,""z_mg"":968}"
20.969,right_hand,og,tilt,,"{""roll_deg"":-5.7,""pitch_deg"":-4.9,""steady"":true}"
21.000,right_hand,og,acc,2636862,"{""seq"":1018,""x_mg"":148,""y_mg"":-116,""z_mg"":984}"
21.000,right_hand,og,tilt,,"{""roll_deg"":-5.7,""pitch_deg"":-4.9,""steady"":true}"
21.016,right_hand,og,acc,2636882,"{""seq"":1019,""x_mg"":144,""y_mg"":-124,""z_mg"":972}"
21.016,right_hand,og,tilt,,"{""roll_deg"":-5.7,""pitch_deg"":-4.9,""steady"":true}"
21.047,right_hand,og,acc,2636903,"{""seq"":1020,""x_mg"":128,""y_mg"":-116,""z_mg"":976}"
21.047,right_hand,og,tilt,,"{""roll_deg"":-5.7,""pitch_deg"":-4.9,""steady"":true}"
21.047,right_hand,og,acc,2636923,"{""seq"":1021,""x_mg"":128,""y_mg"":-112,""z_mg"":984}"
21.047,right_hand,og,tilt,,"{""roll_deg"":-5.7,""pitch_deg"":-4.9,""steady"":true}"
21.078,right_hand,og,acc,2636944,"{""seq"":1022,""x_mg"":124,""y_mg"":-120,""z_mg"":988}"
21.078,right_hand,og,tilt,,"{""roll_deg"":-5.7,""pitch_deg"":-5.0,""steady"":true}"
21.125,right_hand,og,acc,2636964,"{""seq"":1023,""x_mg"":136,""y_mg"":-112,""z_mg"":984}"
21.125,right_hand,og,tilt,,"{""roll_deg"":-5.7,""pitch_deg"":-5.1,""steady"":true}"
21.125,right_hand,og,acc,2636985,"{""seq"":1024,""x_mg"":124,""y_mg"":-136,""z_mg"":980}"
21.125,right_hand,og,tilt,,"{""roll_deg"":-5.7,""pitch_deg"":-5.2,""steady"":true}"
21.156,right_hand,og,acc,2637005,"{""seq"":1025,""x_mg"":128,""y_mg"":-116,""z_mg"":988}"
21.156,right_hand,og,tilt,,"{""roll_deg"":-5.7,""pitch_deg"":-5.2,""steady"":true}"
21.156,right_hand,og,acc,2637026,"{""seq"":1026,""x_mg"":144,""y_mg"":-120,""z_mg"":980}"
21.156,right_hand,og,tilt,,"{""roll_deg"":-5.7,""pitch_deg"":-5.3,""steady"":true}"
21.188,right_hand,og,acc,2637047,"{""seq"":1027,""x_mg"":140,""y_mg"":-120,""z_mg"":988}"
21.188,right_hand,og,tilt,,"{""roll_deg"":-5.7,""pitch_deg"":-5.3,""steady"":true}"
21.203,right_hand,og,acc,2637067,"{""seq"":1028,""x_mg"":120,""y_mg"":-104,""z_mg"":988}"
21.203,right_hand,og,tilt,,"{""roll_deg"":-5.7,""pitch_deg"":-5.3,""steady"":true}"
21.250,right_hand,og,acc,2637088,"{""seq"":1029,""x_mg"":132,""y_mg"":-96,""z_mg"":988}"
21.250,right_hand,og,tilt,,"{""roll_deg"":-5.7,""pitch_deg"":-5.3,""steady"":true}"
21.250,right_hand,og,acc,2637108,"{""seq"":1030,""x_mg"":148,""y_mg"":-112,""z_mg"":988}"
21.250,right_hand,og,tilt,,"{""roll_deg"":-5.7,""pitch_deg"":-5.3,""steady"":true}"
21.281,right_hand,og,acc,2637129,"{""seq"":1031,""x_mg"":112,""y_mg"":-108,""z_mg"":992}"
21.281,right_hand,og,tilt,,"{""roll_deg"":-5.7,""pitch_deg"":-5.3,""steady"":true}"
21.281,right_hand,og,acc,2637149,"{""seq"":1032,""x_mg"":128,""y_mg"":-124,""z_mg"":996}"
21.281,right_hand,og,tilt,,"{""roll_deg"":-5.7,""pitch_deg"":-5.4,""steady"":true}"
21.313,right_hand,og,acc,2637170,"{""seq"":1033,""x_mg"":160,""y_mg"":-112,""z_mg"":988}"
21.313,right_hand,og,tilt,,"{""roll_deg"":-5.7,""pitch_deg"":-5.4,""steady"":true}"
21.344,right_hand,og,acc,2637191,"{""seq"":1034,""x_mg"":136,""y_mg"":-136,""z_mg"":976}"
21.344,right_hand,og,tilt,,"{""roll_deg"":-5.7,""pitch_deg"":-5.4,""steady"":true}"
21.344,right_hand,og,acc,2637211,"{""seq"":1035,""x_mg"":132,""y_mg"":-112,""z_mg"":984}"
21.344,right_hand,og,tilt,,"{""roll_deg"":-5.7,""pitch_deg"":-5.4,""steady"":true}"
21.375,right_hand,og,acc,2637232,"{""seq"":1036,""x_mg"":128,""y_mg"":-116,""z_mg"":992}"
21.375,right_hand,og,tilt,,"{""roll_deg"":-5.7,""pitch_deg"":-5.4,""steady"":true}"
21.406,right_hand,og,acc,2637252,"{""seq"":1037,""x_mg"":140,""y_mg"":-112,""z_mg"":988}"
21.406,right_hand,og,tilt,,"{""roll_deg"":-5.7,""pitch_deg"":-5.4,""steady"":true}"
21.406,right_hand,og,acc,2637273,"{""seq"":1038,""x_mg"":132,""y_mg"":-120,""z_mg"":992}"
21.406,right_hand,og,tilt,,"{""roll_deg"":-5.7,""pitch_deg"":-5.4,""steady"":true}"
21.438,right_hand,og,acc,2637293,"{""seq"":1039,""x_mg"":108,""y_mg"":-128,""z_mg"":980}"
21.438,right_hand,og,tilt,,"{""roll_deg"":-5.7,""pitch_deg"":-5.4,""steady"":true}"
21.469,right_hand,og,acc,2637314,"{""seq"":1040,""x_mg"":132,""y_mg"":-100,""z_mg"":996}"
21.469,right_hand,og,tilt,,"{""roll_deg"":-5.7,""pitch_deg"":-5.5,""steady"":true}"
21.469,right_hand,og,acc,2637335,"{""seq"":1041,""x_mg"":160,""y_mg"":-108,""z_mg"":988}"
21.469,right_hand,og,tilt,,"{""roll_deg"":-5.7,""pitch_deg"":-5.5,""steady"":true}"
21.500,right_hand,og,acc,2637355,"{""seq"":1042,""x_mg"":152,""y_mg"":-96,""z_mg"":988}"
21.500,right_hand,og,tilt,,"{""roll_deg"":-5.7,""pitch_deg"":-5.5,""steady"":true}"
21.500,right_hand,og,acc,2637376,"{""seq"":1043,""x_mg"":128,""y_mg"":-84,""z_mg"":1000}"
21.500,right_hand,og,tilt,,"{""roll_deg"":-5.7,""pitch_deg"":-5.5,""steady"":true}"
21.531,right_hand,og,acc,2637396,"{""seq"":1044,""x_mg"":124,""y_mg"":-68,""z_mg"":992}"
21.531,right_hand,og,tilt,,"{""roll_deg"":-5.7,""pitch_deg"":-5.5,""steady"":true}"
21.563,right_hand,og,acc,2637417,"{""seq"":1045,""x_mg"":136,""y_mg"":-52,""z_mg"":1004}"
21.563,right_hand,og,tilt,,"{""roll_deg"":-5.7,""pitch_deg"":-5.5,""steady"":true}"
21.563,right_hand,og,acc,2637437,"{""seq"":1046,""x_mg"":120,""y_mg"":-80,""z_mg"":1008}"
21.563,right_hand,og,tilt,,"{""roll_deg"":-5.6,""pitch_deg"":-5.5,""steady"":true}"
21.594,right_hand,og,acc,2637458,"{""seq"":1047,""x_mg"":112,""y_mg"":-104,""z_mg"":1004}"
21.594,right_hand,og,tilt,,"{""roll_deg"":-5.4,""pitch_deg"":-5.5,""steady"":true}"
21.610,right_hand,og,acc,2637479,"{""seq"":1048,""x_mg"":124,""y_mg"":-116,""z_mg"":992}"
21.610,right_hand,og,tilt,,"{""roll_deg"":-5.4,""pitch_deg"":-5.6,""steady"":true}"
21.610,right_hand,og,acc,2637499,"{""seq"":1049,""x_mg"":152,""y_mg"":-144,""z_mg"":980}"
21.610,right_hand,og,tilt,,"{""roll_deg"":-5.4,""pitch_deg"":-5.6,""steady"":true}"
21.641,right_hand,og,acc,2637520,"{""seq"":1050,""x_mg"":144,""y_mg"":-144,""z_mg"":972}"
21.641,right_hand,og,tilt,,"{""roll_deg"":-5.4,""pitch_deg"":-5.6,""steady"":true}"
21.672,right_hand,og,acc,2637540,"{""seq"":1051,""x_mg"":152,""y_mg"":-128,""z_mg"":964}"
21.672,right_hand,og,tilt,,"{""roll_deg"":-5.4,""pitch_deg"":-5.6,""steady"":true}"
21.703,right_hand,og,acc,2637561,"{""seq"":1052,""x_mg"":176,""y_mg"":-132,""z_mg"":960}"
21.703,right_hand,og,tilt,,"{""roll_deg"":-5.4,""pitch_deg"":-5.6,""steady"":true}"
21.703,right_hand,og,acc,2637581,"{""seq"":1053,""x_mg"":148,""y_mg"":-104,""z_mg"":968}"
21.703,right_hand,og,tilt,,"{""roll_deg"":-5.4,""pitch_deg"":-5.6,""steady"":true}"
21.735,right_hand,og,acc,2637602,"{""seq"":1054,""x_mg"":128,""y_mg"":-104,""z_mg"":960}"
21.735,right_hand,og,tilt,,"{""roll_deg"":-5.4,""pitch_deg"":-5.6,""steady"":true}"
21.766,right_hand,og,acc,2637622,"{""seq"":1055,""x_mg"":140,""y_mg"":-128,""z_mg"":968}"
21.766,right_hand,og,tilt,,"{""roll_deg"":-5.4,""pitch_deg"":-5.6,""steady"":true}"
21.766,right_hand,og,acc,2637643,"{""seq"":1056,""x_mg"":152,""y_mg"":-140,""z_mg"":956}"
21.766,right_hand,og,tilt,,"{""roll_deg"":-5.5,""pitch_deg"":-5.6,""steady"":true}"
21.797,right_hand,og,acc,2637664,"{""seq"":1057,""x_mg"":144,""y_mg"":-128,""z_mg"":956}"
21.797,right_hand,og,tilt,,"{""roll_deg"":-5.6,""pitch_deg"":-5.6,""steady"":true}"
21.828,right_hand,og,acc,2637684,"{""seq"":1058,""x_mg"":108,""y_mg"":-108,""z_mg"":976}"
21.828,right_hand,og,tilt,,"{""roll_deg"":-5.7,""pitch_deg"":-5.6,""steady"":true}"
21.828,right_hand,og,acc,2637705,"{""seq"":1059,""x_mg"":112,""y_mg"":-120,""z_mg"":988}"
21.828,right_hand,og,tilt,,"{""roll_deg"":-5.8,""pitch_deg"":-5.6,""steady"":true}"
21.860,right_hand,og,acc,2637725,"{""seq"":1060,""x_mg"":140,""y_mg"":-152,""z_mg"":984}"
21.860,right_hand,og,tilt,,"{""roll_deg"":-5.8,""pitch_deg"":-5.6,""steady"":true}"
21.891,right_hand,og,acc,2637746,"{""seq"":1061,""x_mg"":132,""y_mg"":-168,""z_mg"":980}"
21.891,right_hand,og,tilt,,"{""roll_deg"":-6.0,""pitch_deg"":-5.6,""steady"":true}"
21.922,right_hand,og,acc,2637766,"{""seq"":1062,""x_mg"":136,""y_mg"":-152,""z_mg"":980}"
21.922,right_hand,og,tilt,,"{""roll_deg"":-6.3,""pitch_deg"":-5.6,""steady"":true}"
21.922,right_hand,og,acc,2637787,"{""seq"":1063,""x_mg"":136,""y_mg"":-136,""z_mg"":960}"
21.922,right_hand,og,tilt,,"{""roll_deg"":-6.5,""pitch_deg"":-5.6,""steady"":true}"
21.953,right_hand,og,acc,2637808,"{""seq"":1064,""x_mg"":128,""y_mg"":-132,""z_mg"":960}"
21.953,right_hand,og,tilt,,"{""roll_deg"":-6.6,""pitch_deg"":-5.6,""steady"":true}"
21.985,right_hand,og,acc,2637828,"{""seq"":1065,""x_mg"":100,""y_mg"":-144,""z_mg"":984}"
21.985,right_hand,og,tilt,,"{""roll_deg"":-6.7,""pitch_deg"":-5.6,""steady"":true}"
21.985,right_hand,og,acc,2637849,"{""seq"":1066,""x_mg"":108,""y_mg"":-160,""z_mg"":984}"
21.985,right_hand,og,tilt,,"{""roll_deg"":-6.8,""pitch_deg"":-5.6,""steady"":true}"
22.016,right_hand,og,acc,2637869,"{""seq"":1067,""x_mg"":120,""y_mg"":-176,""z_mg"":988}"
22.016,right_hand,og,tilt,,"{""roll_deg"":-7.0,""pitch_deg"":-5.6,""steady"":true}"
22.031,right_hand,og,acc,2637890,"{""seq"":1068,""x_mg"":104,""y_mg"":-164,""z_mg"":992}"
22.031,right_hand,og,tilt,,"{""roll_deg"":-7.2,""pitch_deg"":-5.8,""steady"":true}"
22.031,right_hand,og,acc,2637910,"{""seq"":1069,""x_mg"":120,""y_mg"":-152,""z_mg"":984}"
22.031,right_hand,og,tilt,,"{""roll_deg"":-7.4,""pitch_deg"":-5.8,""steady"":true}"
22.063,right_hand,og,acc,2637931,"{""seq"":1070,""x_mg"":80,""y_mg"":-144,""z_mg"":1012}"
22.063,right_hand,og,tilt,,"{""roll_deg"":-7.4,""pitch_deg"":-6.0,""steady"":true}"
22.094,right_hand,og,acc,2637952,"{""seq"":1071,""x_mg"":52,""y_mg"":-144,""z_mg"":996}"
22.094,right_hand,og,tilt,,"{""roll_deg"":-7.4,""pitch_deg"":-6.4,""steady"":true}"
22.125,right_hand,og,acc,2637972,"{""seq"":1072,""x_mg"":80,""y_mg"":-164,""z_mg"":1004}"
22.125,right_hand,og,tilt,,"{""roll_deg"":-7.4,""pitch_deg"":-6.8,""steady"":true}"
22.125,right_hand,og,acc,2637993,"{""seq"":1073,""x_mg"":92,""y_mg"":-152,""z_mg"":996}"
22.125,right_hand,og,tilt,,"{""roll_deg"":-7.4,""pitch_deg"":-7.1,""steady"":true}"
22.156,right_hand,og,acc,2638013,"{""seq"":1074,""x_mg"":88,""y_mg"":-124,""z_mg"":996}"
22.156,right_hand,og,tilt,,"{""roll_deg"":-7.5,""pitch_deg"":-7.2,""steady"":true}"
22.188,right_hand,og,acc,2638034,"{""seq"":1075,""x_mg"":96,""y_mg"":-136,""z_mg"":984}"
22.188,right_hand,og,tilt,,"{""roll_deg"":-7.5,""pitch_deg"":-7.4,""steady"":true}"
22.188,right_hand,og,acc,2638054,"{""seq"":1076,""x_mg"":112,""y_mg"":-124,""z_mg"":1000}"
22.188,right_hand,og,tilt,,"{""roll_deg"":-7.5,""pitch_deg"":-7.4,""steady"":true}"
22.219,right_hand,og,acc,2638075,"{""seq"":1077,""x_mg"":108,""y_mg"":-144,""z_mg"":988}"
22.219,right_hand,og,tilt,,"{""roll_deg"":-7.5,""pitch_deg"":-7.4,""steady"":true}"
22.219,right_hand,og,acc,2638096,"{""seq"":1078,""x_mg"":104,""y_mg"":-136,""z_mg"":976}"
22.219,right_hand,og,tremor,,"{""rms_mg"":12.1,""peak_hz"":8.2}"
22.219,right_hand,og,tilt,,"{""roll_deg"":-7.5,""pitch_deg"":-7.4,""steady"":true}"
22.235,right_hand,og,acc,2638116,"{""seq"":1079,""x_mg"":104,""y_mg"":-140,""z_mg"":980}"
22.235,right_hand,og,tilt,,"{""roll_deg"":-7.5,""pitch_deg"":-7.4,""steady"":true}"
22.266,right_hand,og,acc,2638137,"{""seq"":1080,""x_mg"":132,""y_mg"":-128,""z_mg"":980}"
22.266,right_hand,og,tilt,,"{""roll_deg"":-7.5,""pitch_deg"":-7.4,""steady"":true}"
22.297,right_hand,og,acc,2638157,"{""seq"":1081,""x_mg"":120,""y_mg"":-128,""z_mg"":984}"
22.297,right_hand,og,tilt,,"{""roll_deg"":-7.5,""pitch_deg"":-7.4,""steady"":true}"
22.328,right_hand,og,acc,2638178,"{""seq"":1082,""x_mg"":112,""y_mg"":-108,""z_mg"":980}"
22.328,right_hand,og,tilt,,"{""roll_deg"":-7.5,""pitch_deg"":-7.4,""steady"":true}"
22.328,right_hand,og,acc,2638198,"{""seq"":1083,""x_mg"":128,""y_mg"":-100,""z_mg"":996}"
22.328,right_hand,og,tilt,,"{""roll_deg"":-7.5,""pitch_deg"":-7.4,""steady"":true}"
22.360,right_hand,og,acc,2638219,"{""seq"":1084,""x_mg"":148,""y_mg"":-84,""z_mg"":984}"
22.360,right_hand,og,tilt,,"{""roll_deg"":-7.5,""pitch_deg"":-7.4,""steady"":true}"
22.360,right_hand,og,acc,2638239,"{""seq"":1085,""x_mg"":116,""y_mg"":-72,""z_mg"":984}"
22.360,right_hand,og,tilt,,"{""roll_deg"":-7.1,""pitch_deg"":-7.4,""steady"":true}"
22.391,right_hand,og,acc,2638260,"{""seq"":1086,""x_mg"":100,""y_mg"":-60,""z_mg"":976}"
22.391,right_hand,og,tilt,,"{""roll_deg"":-6.6,""pitch_deg"":-7.4,""steady"":true}"
22.422,right_hand,og,acc,2638281,"{""seq"":1087,""x_mg"":116,""y_mg"":-68,""z_mg"":976}"
22.422,right_hand,og,tilt,,"{""roll_deg"":-6.1,""pitch_deg"":-7.4,""steady"":true}"
22.422,right_hand,og,acc,2638301,"{""seq"":1088,""x_mg"":128,""y_mg"":-64,""z_mg"":988}"
22.422,right_hand,og,tilt,,"{""roll_deg"":-5.6,""pitch_deg"":-7.4,""steady"":true}"
22.453,,game,drop,,"{""n"":7}"
22.453,right_hand,og,acc,2638322,"{""seq"":1089,""x_mg"":124,""y_mg"":-84,""z_mg"":980}"
22.453,right_hand,og,tilt,,"{""roll_deg"":-5.3,""pitch_deg"":-7.4,""steady"":true}"
22.469,right_hand,og,acc,2638342,"{""seq"":1090,""x_mg"":116,""y_mg"":-96,""z_mg"":984}"
22.469,right_hand,og,tilt,,"{""roll_deg"":-5.2,""pitch_deg"":-7.4,""steady"":true}"
22.500,right_hand,og,acc,2638363,"{""seq"":1091,""x_mg"":140,""y_mg"":-108,""z_mg"":996}"
22.500,right_hand,og,tilt,,"{""roll_deg"":-5.2,""pitch_deg"":-7.3,""steady"":true}"
22.531,right_hand,og,acc,2638383,"{""seq"":1092,""x_mg"":136,""y_mg"":-116,""z_mg"":996}"
22.531,right_hand,og,tilt,,"{""roll_deg"":-5.2,""pitch_deg"":-7.2,""steady"":true}"
22.531,right_hand,og,acc,2638404,"{""seq"":1093,""x_mg"":104,""y_mg"":-132,""z_mg"":988}"
22.531,right_hand,og,tilt,,"{""roll_deg"":-5.2,""pitch_deg"":-7.1,""steady"":true}"
22.563,right_hand,og,acc,2638425,"{""seq"":1094,""x_mg"":84,""y_mg"":-152,""z_mg"":992}"
22.563,right_hand,og,tilt,,"{""roll_deg"":-5.2,""pitch_deg"":-7.1,""steady"":true}"
22.563,right_hand,og,acc,2638445,"{""seq"":1095,""x_mg"":100,""y_mg"":-156,""z_mg"":1004}"
22.563,right_hand,og,tilt,,"{""roll_deg"":-5.2,""pitch_deg"":-7.1,""steady"":true}"
22.594,right_hand,og,acc,2638466,"{""seq"":1096,""x_mg"":120,""y_mg"":-164,""z_mg"":980}"
22.594,right_hand,og,tilt,,"{""roll_deg"":-5.3,""pitch_deg"":-7.1,""steady"":true}"
22.641,right_hand,og,acc,2638486,"{""seq"":1097,""x_mg"":108,""y_mg"":-148,""z_mg"":980}"
22.641,right_hand,og,tilt,,"{""roll_deg"":-5.6,""pitch_deg"":-7.1,""steady"":true}"
22.641,right_hand,og,acc,2638507,"{""seq"":1098,""x_mg"":88,""y_mg"":-140,""z_mg"":984}"
22.641,right_hand,og,tilt,,"{""roll_deg"":-5.9,""pitch_deg"":-7.1,""steady"":true}"
22.656,right_hand,og,acc,2638527,"{""seq"":1099,""x_mg"":112,""y_mg"":-140,""z_mg"":984}"
22.656,right_hand,og,tilt,,"{""roll_deg"":-6.1,""pitch_deg"":-7.1,""steady"":true}"
22.688,right_hand,og,acc,2638548,"{""seq"":1100,""x_mg"":128,""y_mg"":-144,""z_mg"":968}"
22.688,right_hand,og,tilt,,"{""roll_deg"":-6.2,""pitch_deg"":-7.1,""steady"":true}"
22.719,right_hand,og,acc,2638569,"{""seq"":1101,""x_mg"":148,""y_mg"":-124,""z_mg"":980}"
22.719,right_hand,og,tilt,,"{""roll_deg"":-6.4,""pitch_deg"":-7.1,""steady"":true}"
22.719,right_hand,og,acc,2638589,"{""seq"":1102,""x_mg"":108,""y_mg"":-132,""z_mg"":972}"
22.719,right_hand,og,tilt,,"{""roll_deg"":-6.4,""pitch_deg"":-7.1,""steady"":true}"
22.750,right_hand,og,acc,2638610,"{""seq"":1103,""x_mg"":96,""y_mg"":-112,""z_mg"":984}"
22.750,right_hand,og,tilt,,"{""roll_deg"":-6.4,""pitch_deg"":-7.1,""steady"":true}"
22.781,right_hand,og,acc,2638630,"{""seq"":1104,""x_mg"":100,""y_mg"":-136,""z_mg"":988}"
22.781,right_hand,og,tilt,,"{""roll_deg"":-6.4,""pitch_deg"":-7.1,""steady"":true}"
22.781,right_hand,og,acc,2638651,"{""seq"":1105,""x_mg"":104,""y_mg"":-152,""z_mg"":992}"
22.781,right_hand,og,tilt,,"{""roll_deg"":-6.5,""pitch_deg"":-7.1,""steady"":true}"
22.813,right_hand,og,acc,2638671,"{""seq"":1106,""x_mg"":120,""y_mg"":-156,""z_mg"":984}"
22.813,right_hand,og,tilt,,"{""roll_deg"":-6.6,""pitch_deg"":-7.1,""steady"":true}"
22.844,right_hand,og,acc,2638692,"{""seq"":1107,""x_mg"":108,""y_mg"":-160,""z_mg"":996}"
22.844,right_hand,og,tilt,,"{""roll_deg"":-6.8,""pitch_deg"":-7.1,""steady"":true}"
22.844,right_hand,og,acc,2638713,"{""seq"":1108,""x_mg"":88,""y_mg"":-160,""z_mg"":992}"
22.844,right_hand,og,tilt,,"{""roll_deg"":-7.0,""pitch_deg"":-7.1,""steady"":true}"
22.860,right_hand,og,acc,2638733,"{""seq"":1109,""x_mg"":100,""y_mg"":-164,""z_mg"":996}"
22.860,right_hand,og,tilt,,"{""roll_deg"":-7.2,""pitch_deg"":-7.1,""steady"":true}"
22.891,right_hand,og,acc,2638754,"{""seq"":1110,""x_mg"":104,""y_mg"":-176,""z_mg"":976}"
22.891,right_hand,og,tilt,,"{""roll_deg"":-7.4,""pitch_deg"":-7.1,""steady"":true}"
22.922,right_hand,og,acc,2638774,"{""seq"":1111,""x_mg"":88,""y_mg"":-172,""z_mg"":984}"
22.922,right_hand,og,tilt,,"{""roll_deg"":-7.6,""pitch_deg"":-7.1,""steady"":true}"
22.922,right_hand,og,acc,2638795,"{""seq"":1112,""x_mg"":76,""y_mg"":-172,""z_mg"":988}"
22.922,right_hand,og,tilt,,"{""roll_deg"":-7.8,""pitch_deg"":-7.1,""steady"":true}"
22.953,right_hand,og,acc,2638815,"{""seq"":1113,""x_mg"":84,""y_mg"":-184,""z_mg"":992}"
22.953,right_hand,og,tilt,,"{""roll_deg"":-8.0,""pitch_deg"":-7.2,""steady"":true}"
22.985,right_hand,og,acc,2638836,"{""seq"":1114,""x_mg"":116,""y_mg"":-192,""z_mg"":984}"
22.985,right_hand,og,tilt,,"{""roll_deg"":-8.3,""pitch_deg"":-7.3,""steady"":true}"
22.985,right_hand,og,acc,2638856,"{""seq"":1115,""x_mg"":112,""y_mg"":-192,""z_mg"":980}"
22.985,right_hand,og,tilt,,"{""roll_deg"":-8.6,""pitch_deg"":-7.3,""steady"":true}"
23.016,right_hand,og,acc,2638877,"{""seq"":1116,""x_mg"":100,""y_mg"":-180,""z_mg"":980}"
23.016,right_hand,og,tilt,,"{""roll_deg"":-8.8,""pitch_deg"":-7.3,""steady"":true}"
23.016,right_hand,og,acc,2638898,"{""seq"":1117,""x_mg"":96,""y_mg"":-168,""z_mg"":980}"
23.016,right_hand,og,tilt,,"{""roll_deg"":-8.9,""pitch_deg"":-7.3,""steady"":true}"
23.047,right_hand,og,acc,2638918,"{""seq"":1118,""x_mg"":156,""y_mg"":-148,""z_mg"":992}"
23.047,right_hand,og,tilt,,"{""roll_deg"":-8.9,""pitch_deg"":-7.3,""steady"":true}"
23.063,right_hand,og,acc,2638939,"{""seq"":1119,""x_mg"":124,""y_mg"":-152,""z_mg"":992}"
23.063,right_hand,og,tilt,,"{""roll_deg"":-8.9,""pitch_deg"":-7.3,""steady"":true}"
23.094,right_hand,og,acc,2638959,"{""seq"":1120,""x_mg"":96,""y_mg"":-160,""z_mg"":984}"
23.094,right_hand,og,tilt,,"{""roll_deg"":-8.9,""pitch_deg"":-7.3,""steady"":true}"
23.125,right_hand,og,acc,2638980,"{""seq"":1121,""x_mg"":84,""y_mg"":-164,""z_mg"":992}"
23.125,right_hand,og,tilt,,"{""roll_deg"":-8.9,""pitch_deg"":-7.3,""steady"":true}"
23.125,right_hand,og,acc,2639000,"{""seq"":1122,""x_mg"":88,""y_mg"":-164,""z_mg"":976}"
23.125,right_hand,og,tilt,,"{""roll_deg"":-8.9,""pitch_deg"":-7.3,""steady"":true}"
23.156,right_hand,og,acc,2639021,"{""seq"":1123,""x_mg"":112,""y_mg"":-168,""z_mg"":972}"
23.172,right_hand,og,tilt,,"{""roll_deg"":-8.9,""pitch_deg"":-7.3,""steady"":true}"
23.203,right_hand,og,acc,2639042,"{""seq"":1124,""x_mg"":124,""y_mg"":-172,""z_mg"":980}"
23.203,right_hand,og,tilt,,"{""roll_deg"":-8.9,""pitch_deg"":-7.3,""steady"":true}"
23.203,right_hand,og,acc,2639062,"{""seq"":1125,""x_mg"":128,""y_mg"":-164,""z_mg"":972}"
23.203,right_hand,og,tilt,,"{""roll_deg"":-8.9,""pitch_deg"":-7.3,""steady"":true}"
23.235,right_hand,og,acc,2639083,"{""seq"":1126,""x_mg"":120,""y_mg"":-140,""z_mg"":976}"
23.235,right_hand,og,tilt,,"{""roll_deg"":-8.9,""pitch_deg"":-7.3,""steady"":true}"
23.235,right_hand,og,acc,2639103,"{""seq"":1127,""x_mg"":148,""y_mg"":-136,""z_mg"":992}"
23.235,right_hand,og,tilt,,"{""roll_deg"":-8.9,""pitch_deg"":-7.3,""steady"":true}"
23.266,right_hand,og,acc,2639124,"{""seq"":1128,""x_mg"":176,""y_mg"":-100,""z_mg"":984}"
23.266,right_hand,og,tilt,,"{""roll_deg"":-8.9,""pitch_deg"":-7.3,""steady"":true}"
23.281,right_hand,og,acc,2639144,"{""seq"":1129,""x_mg"":168,""y_mg"":-108,""z_mg"":964}"
23.281,right_hand,og,tilt,,"{""roll_deg"":-8.9,""pitch_deg"":-7.0,""steady"":true}"
23.313,right_hand,og,acc,2639165,"{""seq"":1130,""x_mg"":160,""y_mg"":-124,""z_mg"":960}"
23.313,right_hand,og,tilt,,"{""roll_deg"":-8.5,""pitch_deg"":-6.5,""steady"":true}"
23.313,right_hand,og,acc,2639186,"{""seq"":1131,""x_mg"":144,""y_mg"":-100,""z_mg"":976}"
23.313,right_hand,og,tilt,,"{""roll_deg"":-8.1,""pitch_deg"":-6.2,""steady"":true}"
23.344,right_hand,og,acc,2639206,"{""seq"":1132,""x_mg"":164,""y_mg"":-72,""z_mg"":972}"
23.344,right_hand,og,tilt,,"{""roll_deg"":-7.7,""pitch_deg"":-5.9,""steady"":true}"
23.375,right_hand,og,acc,2639227,"{""seq"":1133,""x_mg"":172,""y_mg"":-64,""z_mg"":972}"
23.375,right_hand,og,tilt,,"{""roll_deg"":-7.0,""pitch_deg"":-5.6,""steady"":true}"
23.375,right_hand,og,acc,2639247,"{""seq"":1134,""x_mg"":164,""y_mg"":-72,""z_mg"":964}"
23.375,right_hand,og,tilt,,"{""roll_deg"":-6.4,""pitch_deg"":-5.4,""steady"":true}"
23.406,right_hand,og,acc,2639268,"{""seq"":1135,""x_mg"":152,""y_mg"":-52,""z_mg"":964}"
23.406,right_hand,og,tilt,,"{""roll_deg"":-5.8,""pitch_deg"":-5.2,""steady"":true}"
23.438,right_hand,og,acc,2639288,"{""seq"":1136,""x_mg"":144,""y_mg"":-52,""z_mg"":960}"
23.438,right_hand,og,tilt,,"{""roll_deg"":-5.1,""pitch_deg"":-5.1,""steady"":true}"
23.438,right_hand,og,acc,2639309,"{""seq"":1137,""x_mg"":156,""y_mg"":-56,""z_mg"":964}"
23.438,right_hand,og,tilt,,"{""roll_deg"":-4.6,""pitch_deg"":-5.1,""steady"":true}"
23.469,right_hand,og,acc,2639329,"{""seq"":1138,""x_mg"":168,""y_mg"":-48,""z_mg"":964}"
23.469,right_hand,og,tilt,,"{""roll_deg"":-4.2,""pitch_deg"":-5.1,""steady"":true}"
23.485,right_hand,og,acc,2639350,"{""seq"":1139,""x_mg"":140,""y_mg"":-32,""z_mg"":972}"
23.485,right_hand,og,tilt,,"{""roll_deg"":-3.9,""pitch_deg"":-5.0,""steady"":true}"
23.485,right_hand,og,acc,2639371,"{""seq"":1140,""x_mg"":136,""y_mg"":-20,""z_mg"":988}"
23.485,right_hand,og,tilt,,"{""roll_deg"":-3.4,""pitch_deg"":-5.0,""steady"":true}"
23.516,right_hand,og,acc,2639391,"{""seq"":1141,""x_mg"":128,""y_mg"":-4,""z_mg"":1008}"
23.516,right_hand,og,tilt,,"{""roll_deg"":-2.8,""pitch_deg"":-5.0,""steady"":true}"
23.547,right_hand,og,acc,2639412,"{""seq"":1142,""x_mg"":120,""y_mg"":12,""z_mg"":1004}"
23.547,right_hand,og,tilt,,"{""roll_deg"":-2.2,""pitch_deg"":-5.0,""steady"":true}"
23.578,right_hand,og,acc,2639432,"{""seq"":1143,""x_mg"":104,""y_mg"":36,""z_mg"":1004}"
23.578,right_hand,og,tilt,,"{""roll_deg"":-1.4,""pitch_deg"":-5.0,""steady"":true}"
23.578,right_hand,og,acc,2639453,"{""seq"":1144,""x_mg"":108,""y_mg"":48,""z_mg"":1012}"
23.578,right_hand,og,tilt,,"{""roll_deg"":-0.5,""pitch_deg"":-5.0,""steady"":true}"
23.610,right_hand,og,acc,2639473,"{""seq"":1145,""x_mg"":120,""y_mg"":36,""z_mg"":1000}"
23.610,right_hand,og,tilt,,"{""roll_deg"":0.2,""pitch_deg"":-5.1,""steady"":true}"
23.641,right_hand,og,acc,2639494,"{""seq"":1146,""x_mg"":132,""y_mg"":24,""z_mg"":1000}"
23.641,right_hand,og,tilt,,"{""roll_deg"":0.7,""pitch_deg"":-5.2,""steady"":true}"
23.641,right_hand,og,acc,2639515,"{""seq"":1147,""x_mg"":152,""y_mg"":36,""z_mg"":996}"
23.641,right_hand,og,tilt,,"{""roll_deg"":1.1,""pitch_deg"":-5.3,""steady"":true}"
23.672,right_hand,og,acc,2639535,"{""seq"":1148,""x_mg"":152,""y_mg"":32,""z_mg"":992}"
23.672,right_hand,og,tilt,,"{""roll_deg"":1.3,""pitch_deg"":-5.3,""steady"":true}"
23.703,right_hand,og,acc,2639556,"{""seq"":1149,""x_mg"":148,""y_mg"":16,""z_mg"":984}"
23.703,right_hand,og,tilt,,"{""roll_deg"":1.5,""pitch_deg"":-5.3,""steady"":true}"
23.703,right_hand,og,acc,2639576,"{""seq"":1150,""x_mg"":176,""y_mg"":4,""z_mg"":984}"
23.703,right_hand,og,tilt,,"{""roll_deg"":1.5,""pitch_deg"":-5.3,""steady"":true}"
23.719,right_hand,og,acc,2639597,"{""seq"":1151,""x_mg"":180,""y_mg"":8,""z_mg"":972}"
23.719,right_hand,og,tilt,,"{""roll_deg"":1.5,""pitch_deg"":-5.3,""steady"":true}"
23.750,right_hand,og,acc,2639617,"{""seq"":1152,""x_mg"":176,""y_mg"":8,""z_mg"":960}"
23.750,right_hand,og,tilt,,"{""roll_deg"":1.5,""pitch_deg"":-5.3,""steady"":true}"
23.781,right_hand,og,acc,2639638,"{""seq"":1153,""x_mg"":164,""y_mg"":16,""z_mg"":964}"
23.781,right_hand,og,tilt,,"{""roll_deg"":1.5,""pitch_deg"":-5.3,""steady"":true}"
23.781,right_hand,og,acc,2639659,"{""seq"":1154,""x_mg"":160,""y_mg"":40,""z_mg"":956}"
23.781,right_hand,og,tilt,,"{""roll_deg"":1.5,""pitch_deg"":-5.2,""steady"":true}"
23.813,right_hand,og,acc,2639679,"{""seq"":1155,""x_mg"":156,""y_mg"":20,""z_mg"":960}"
23.813,right_hand,og,tilt,,"{""roll_deg"":1.5,""pitch_deg"":-5.1,""steady"":true}"
23.844,right_hand,og,acc,2639700,"{""seq"":1156,""x_mg"":152,""y_mg"":32,""z_mg"":960}"
23.844,right_hand,og,tilt,,"{""roll_deg"":1.5,""pitch_deg"":-5.0,""steady"":true}"
23.844,right_hand,og,acc,2639720,"{""seq"":1157,""x_mg"":140,""y_mg"":24,""z_mg"":968}"
23.844,right_hand,og,tilt,,"{""roll_deg"":1.5,""pitch_deg"":-5.0,""steady"":true}"
23.860,,game,brick,,"{""n"":13}"
23.875,right_hand,og,acc,2639741,"{""seq"":1158,""x_mg"":152,""y_mg"":48,""z_mg"":984}"
23.875,right_hand,og,tilt,,"{""roll_deg"":1.5,""pitch_deg"":-5.0,""steady"":true}"
23.891,right_hand,og,acc,2639761,"{""seq"":1159,""x_mg"":156,""y_mg"":60,""z_mg"":972}"
23.891,right_hand,og,tilt,,"{""roll_deg"":1.6,""pitch_deg"":-5.0,""steady"":true}"
23.891,right_hand,og,acc,2639782,"{""seq"":1160,""x_mg"":156,""y_mg"":88,""z_mg"":972}"
23.891,right_hand,og,tilt,,"{""roll_deg"":1.9,""pitch_deg"":-5.0,""steady"":true}"
23.922,right_hand,og,acc,2639803,"{""seq"":1161,""x_mg"":164,""y_mg"":60,""z_mg"":972}"
23.922,right_hand,og,tilt,,"{""roll_deg"":2.2,""pitch_deg"":-5.0,""steady"":true}"
23.969,right_hand,og,acc,2639823,"{""seq"":1162,""x_mg"":168,""y_mg"":44,""z_mg"":976}"
23.969,right_hand,og,tilt,,"{""roll_deg"":2.4,""pitch_deg"":-4.9,""steady"":true}"
24.000,right_hand,og,acc,2639844,"{""seq"":1163,""x_mg"":164,""y_mg"":60,""z_mg"":968}"
24.000,right_hand,og,tilt,,"{""roll_deg"":2.6,""pitch_deg"":-4.9,""steady"":true}"
24.000,right_hand,og,acc,2639864,"{""seq"":1164,""x_mg"":152,""y_mg"":76,""z_mg"":968}"
24.000,right_hand,og,tilt,,"{""roll_deg"":2.8,""pitch_deg"":-4.8,""steady"":true}"
24.031,right_hand,og,acc,2639885,"{""seq"":1165,""x_mg"":140,""y_mg"":96,""z_mg"":988}"
24.031,right_hand,og,tilt,,"{""roll_deg"":3.1,""pitch_deg"":-4.8,""steady"":true}"
24.063,right_hand,og,acc,2639905,"{""seq"":1166,""x_mg"":144,""y_mg"":100,""z_mg"":976}"
24.063,right_hand,og,tilt,,"{""roll_deg"":3.6,""pitch_deg"":-4.8,""steady"":true}"
24.063,right_hand,og,acc,2639926,"{""seq"":1167,""x_mg"":144,""y_mg"":84,""z_mg"":988}"
24.063,right_hand,og,tilt,,"{""roll_deg"":4.0,""pitch_deg"":-4.8,""steady"":true}"
24.094,right_hand,og,acc,2639947,"{""seq"":1168,""x_mg"":140,""y_mg"":68,""z_mg"":992}"
24.094,right_hand,og,tilt,,"{""roll_deg"":4.2,""pitch_deg"":-4.8,""steady"":true}"
24.094,right_hand,og,acc,2639967,"{""seq"":1169,""x_mg"":136,""y_mg"":80,""z_mg"":992}"
24.094,right_hand,og,tilt,,"{""roll_deg"":4.3,""pitch_deg"":-4.8,""steady"":true}"
24.110,right_hand,og,acc,2639988,"{""seq"":1170,""x_mg"":140,""y_mg"":96,""z_mg"":988}"
24.110,right_hand,og,tilt,,"{""roll_deg"":4.3,""pitch_deg"":-4.8,""steady"":true}"
24.141,right_hand,og,acc,2640008,"{""seq"":1171,""x_mg"":152,""y_mg"":152,""z_mg"":984}"
24.141,right_hand,og,tilt,,"{""roll_deg"":4.6,""pitch_deg"":-4.8,""steady"":true}"
24.172,right_hand,og,acc,2640029,"{""seq"":1172,""x_mg"":128,""y_mg"":132,""z_mg"":956}"
24.172,right_hand,og,tilt,,"{""roll_deg"":5.2,""pitch_deg"":-4.8,""steady"":true}"
24.203,right_hand,og,acc,2640049,"{""seq"":1173,""x_mg"":152,""y_mg"":80,""z_mg"":980}"
24.203,right_hand,og,tilt,,"{""roll_deg"":5.8,""pitch_deg"":-4.8,""steady"":true}"
24.203,right_hand,og,acc,2640070,"{""seq"":1174,""x_mg"":140,""y_mg"":76,""z_mg"":988}"
24.203,right_hand,og,tilt,,"{""roll_deg"":5.8,""pitch_deg"":-4.8,""steady"":true}"
24.235,right_hand,og,acc,2640091,"{""seq"":1175,""x_mg"":168,""y_mg"":76,""z_mg"":976}"
24.235,right_hand,og,tilt,,"{""roll_deg"":5.8,""pitch_deg"":-4.8,""steady"":true}"
24.235,right_hand,og,acc,2640111,"{""seq"":1176,""x_mg"":152,""y_mg"":124,""z_mg"":980}"
24.235,right_hand,og,tremor,,"{""rms_mg"":14.9,""peak_hz"":5.9}"
24.235,right_hand,og,tilt,,"{""roll_deg"":5.8,""pitch_deg"":-4.8,""steady"":true}"
24.266,right_hand,og,acc,2640132,"{""seq"":1177,""x_mg"":144,""y_mg"":156,""z_mg"":960}"
24.266,right_hand,og,tilt,,"{""roll_deg"":5.8,""pitch_deg"":-4.8,""steady"":true}"
24.297,right_hand,og,acc,2640152,"{""seq"":1178,""x_mg"":148,""y_mg"":136,""z_mg"":964}"
24.297,right_hand,og,tilt,,"{""roll_deg"":6.0,""pitch_deg"":-4.8,""steady"":true}"
24.297,right_hand,og,acc,2640173,"{""seq"":1179,""x_mg"":156,""y_mg"":116,""z_mg"":960}"
24.297,right_hand,og,tilt,,"{""roll_deg"":6.4,""pitch_deg"":-4.8,""steady"":true}"
24.328,right_hand,og,acc,2640193,"{""seq"":1180,""x_mg"":160,""y_mg"":132,""z_mg"":956}"
24.328,right_hand,og,tilt,,"{""roll_deg"":6.6,""pitch_deg"":-4.8,""steady"":true}"
24.344,right_hand,og,acc,2640214,"{""seq"":1181,""x_mg"":152,""y_mg"":140,""z_mg"":976}"
24.344,right_hand,og,tilt,,"{""roll_deg"":6.9,""pitch_deg"":-4.8,""steady"":true}"
24.375,right_hand,og,acc,2640235,"{""seq"":1182,""x_mg"":164,""y_mg"":204,""z_mg"":948}"
24.375,right_hand,og,tilt,,"{""roll_deg"":7.1,""pitch_deg"":-4.8,""steady"":true}"
24.406,right_hand,og,acc,2640255,"{""seq"":1183,""x_mg"":168,""y_mg"":164,""z_mg"":948}"
24.406,right_hand,og,tilt,,"{""roll_deg"":7.6,""pitch_deg"":-4.8,""steady"":true}"
24.406,right_hand,og,acc,2640276,"{""seq"":1184,""x_mg"":188,""y_mg"":196,""z_mg"":932}"
24.406,right_hand,og,tilt,,"{""roll_deg"":8.6,""pitch_deg"":-4.8,""steady"":true}"
24.438,right_hand,og,acc,2640296,"{""seq"":1185,""x_mg"":180,""y_mg"":208,""z_mg"":928}"
24.438,right_hand,og,tilt,,"{""roll_deg"":9.3,""pitch_deg"":-4.8,""steady"":true}"
24.438,right_hand,og,acc,2640317,"{""seq"":1186,""x_mg"":184,""y_mg"":244,""z_mg"":936}"
24.438,right_hand,og,tilt,,"{""roll_deg"":10.1,""pitch_deg"":-4.6,""steady"":true}"
24.469,right_hand,og,acc,2640337,"{""seq"":1187,""x_mg"":172,""y_mg"":256,""z_mg"":928}"
24.469,right_hand,og,tilt,,"{""roll_deg"":11.2,""pitch_deg"":-4.4,""steady"":true}"
24.500,right_hand,og,acc,2640358,"{""seq"":1188,""x_mg"":176,""y_mg"":264,""z_mg"":956}"
24.500,right_hand,og,tilt,,"{""roll_deg"":12.4,""pitch_deg"":-4.3,""steady"":true}"
24.500,right_hand,og,acc,2640379,"{""seq"":1189,""x_mg"":192,""y_mg"":252,""z_mg"":944}"
24.500,right_hand,og,tilt,,"{""roll_deg"":13.2,""pitch_deg"":-4.3,""steady"":true}"
24.531,right_hand,og,acc,2640399,"{""seq"":1190,""x_mg"":192,""y_mg"":268,""z_mg"":928}"
24.531,right_hand,og,tilt,,"{""roll_deg"":13.8,""pitch_deg"":-4.1,""steady"":true}"
24.563,right_hand,og,acc,2640420,"{""seq"":1191,""x_mg"":176,""y_mg"":248,""z_mg"":944}"
24.563,right_hand,og,tilt,,"{""roll_deg"":14.0,""pitch_deg"":-3.9,""steady"":true}"
24.594,right_hand,og,acc,2640440,"{""seq"":1192,""x_mg"":176,""y_mg"":268,""z_mg"":944}"
24.594,right_hand,og,tilt,,"{""roll_deg"":14.5,""pitch_deg"":-3.9,""steady"":true}"
24.594,right_hand,og,acc,2640461,"{""seq"":1193,""x_mg"":176,""y_mg"":256,""z_mg"":952}"
24.594,right_hand,og,tilt,,"{""roll_deg"":14.6,""pitch_deg"":-3.9,""steady"":true}"
24.625,right_hand,og,acc,2640481,"{""seq"":1194,""x_mg"":172,""y_mg"":248,""z_mg"":964}"
24.625,right_hand,og,tilt,,"{""roll_deg"":14.7,""pitch_deg"":-3.8,""steady"":true}"
24.656,right_hand,og,acc,2640502,"{""seq"":1195,""x_mg"":172,""y_mg"":236,""z_mg"":956}"
24.656,right_hand,og,tilt,,"{""roll_deg"":14.7,""pitch_deg"":-3.8,""steady"":true}"
24.656,right_hand,og,acc,2640523,"{""seq"":1196,""x_mg"":168,""y_mg"":196,""z_mg"":960}"
24.656,right_hand,og,tilt,,"{""roll_deg"":14.7,""pitch_deg"":-3.8,""steady"":true}"
24.688,right_hand,og,acc,2640543,"{""seq"":1197,""x_mg"":168,""y_mg"":164,""z_mg"":968}"
24.688,right_hand,og,tilt,,"{""roll_deg"":14.7,""pitch_deg"":-3.8,""steady"":true}"
24.719,right_hand,og,acc,2640564,"{""seq"":1198,""x_mg"":176,""y_mg"":156,""z_mg"":956}"
24.719,right_hand,og,tilt,,"{""roll_deg"":14.4,""pitch_deg"":-3.8,""steady"":true}"
24.719,right_hand,og,acc,2640584,"{""seq"":1199,""x_mg"":180,""y_mg"":164,""z_mg"":952}"
24.719,right_hand,og,tilt,,"{""roll_deg"":14.1,""pitch_deg"":-3.8,""steady"":true}"
24.735,right_hand,og,acc,2640605,"{""seq"":1200,""x_mg"":188,""y_mg"":152,""z_mg"":956}"
24.735,right_hand,og,tilt,,"{""roll_deg"":13.5,""pitch_deg"":-3.8,""steady"":true}"
24.766,right_hand,og,acc,2640625,"{""seq"":1201,""x_mg"":188,""y_mg"":128,""z_mg"":952}"
24.766,right_hand,og,tilt,,"{""roll_deg"":13.0,""pitch_deg"":-3.8,""steady"":true}"
24.797,right_hand,og,acc,2640646,"{""seq"":1202,""x_mg"":176,""y_mg"":136,""z_mg"":956}"
24.797,right_hand,og,tilt,,"{""roll_deg"":12.2,""pitch_deg"":-3.7,""steady"":true}"
24.797,right_hand,og,acc,2640666,"{""seq"":1203,""x_mg"":176,""y_mg"":144,""z_mg"":952}"
24.797,right_hand,og,tilt,,"{""roll_deg"":11.5,""pitch_deg"":-3.7,""steady"":true}"
24.828,right_hand,og,acc,2640687,"{""seq"":1204,""x_mg"":180,""y_mg"":168,""z_mg"":960}"
24.828,right_hand,og,tilt,,"{""roll_deg"":11.0,""pitch_deg"":-3.7,""steady"":true}"
24.860,right_hand,og,acc,2640708,"{""seq"":1205,""x_mg"":176,""y_mg"":172,""z_mg"":976}"
24.860,right_hand,og,tilt,,"{""roll_deg"":11.0,""pitch_deg"":-3.7,""steady"":true}"
24.860,right_hand,og,acc,2640728,"{""seq"":1206,""x_mg"":172,""y_mg"":180,""z_mg"":968}"
24.860,right_hand,og,tilt,,"{""roll_deg"":10.9,""pitch_deg"":-3.7,""steady"":true}"
24.891,right_hand,og,acc,2640749,"{""seq"":1207,""x_mg"":176,""y_mg"":188,""z_mg"":956}"
24.891,right_hand,og,tilt,,"{""roll_deg"":10.9,""pitch_deg"":-3.7,""steady"":true}"
24.922,right_hand,og,acc,2640769,"{""seq"":1208,""x_mg"":172,""y_mg"":196,""z_mg"":956}"
24.922,right_hand,og,tilt,,"{""roll_deg"":10.9,""pitch_deg"":-3.7,""steady"":true}"
24.922,right_hand,og,acc,2640790,"{""seq"":1209,""x_mg"":164,""y_mg"":232,""z_mg"":964}"
24.922,right_hand,og,tilt,,"{""roll_deg"":10.9,""pitch_deg"":-3.7,""steady"":true}"
24.953,right_hand,og,acc,2640810,"{""seq"":1210,""x_mg"":136,""y_mg"":236,""z_mg"":976}"
24.953,right_hand,og,tilt,,"{""roll_deg"":10.9,""pitch_deg"":-3.7,""steady"":true}"
24.985,right_hand,og,acc,2640831,"{""seq"":1211,""x_mg"":144,""y_mg"":248,""z_mg"":980}"
24.985,right_hand,og,tilt,,"{""roll_deg"":10.9,""pitch_deg"":-3.7,""steady"":true}"
24.985,right_hand,og,acc,2640852,"{""seq"":1212,""x_mg"":136,""y_mg"":264,""z_mg"":960}"
24.985,right_hand,og,tilt,,"{""roll_deg"":11.3,""pitch_deg"":-3.7,""steady"":true}"
25.016,right_hand,og,acc,2640872,"{""seq"":1213,""x_mg"":160,""y_mg"":272,""z_mg"":924}"
25.016,right_hand,og,tilt,,"{""roll_deg"":11.9,""pitch_deg"":-3.7,""steady"":true}"
25.016,right_hand,og,acc,2640893,"{""seq"":1214,""x_mg"":172,""y_mg"":280,""z_mg"":908}"
25.016,right_hand,og,tilt,,"{""roll_deg"":12.7,""pitch_deg"":-3.7,""steady"":true}"
25.047,right_hand,og,acc,2640913,"{""seq"":1215,""x_mg"":168,""y_mg"":320,""z_mg"":920}"
25.047,right_hand,og,tilt,,"{""roll_deg"":13.6,""pitch_deg"":-3.7,""steady"":true}"
25.078,right_hand,og,acc,2640934,"{""seq"":1216,""x_mg"":152,""y_mg"":304,""z_mg"":952}"
25.078,right_hand,og,tilt,,"{""roll_deg"":14.5,""pitch_deg"":-3.7,""steady"":true}"
25.078,right_hand,og,acc,2640954,"{""seq"":1217,""x_mg"":152,""y_mg"":236,""z_mg"":976}"
25.078,right_hand,og,tilt,,"{""roll_deg"":15.3,""pitch_deg"":-3.7,""steady"":true}"
25.110,right_hand,og,acc,2640975,"{""seq"":1218,""x_mg"":164,""y_mg"":192,""z_mg"":940}"
25.110,right_hand,og,tilt,,"{""roll_deg"":15.3,""pitch_deg"":-3.7,""steady"":true}"
25.141,right_hand,og,acc,2640995,"{""seq"":1219,""x_mg"":160,""y_mg"":204,""z_mg"":888}"
25.141,right_hand,og,tilt,,"{""roll_deg"":15.3,""pitch_deg"":-3.7,""steady"":true}"
25.141,right_hand,og,acc,2641016,"{""seq"":1220,""x_mg"":152,""y_mg"":144,""z_mg"":864}"
25.141,right_hand,og,tilt,,"{""roll_deg"":14.9,""pitch_deg"":-3.7,""steady"":true}"
25.172,right_hand,og,acc,2641037,"{""seq"":1221,""x_mg"":152,""y_mg"":112,""z_mg"":892}"
25.172,right_hand,og,tilt,,"{""roll_deg"":14.6,""pitch_deg"":-3.7,""steady"":true}"
25.203,right_hand,og,acc,2641057,"{""seq"":1222,""x_mg"":164,""y_mg"":100,""z_mg"":924}"
25.203,right_hand,og,tilt,,"{""roll_deg"":13.8,""pitch_deg"":-3.7,""steady"":true}"
25.203,right_hand,og,acc,2641078,"{""seq"":1223,""x_mg"":160,""y_mg"":128,""z_mg"":912}"
25.203,right_hand,og,tilt,,"{""roll_deg"":12.7,""pitch_deg"":-3.7,""steady"":true}"
25.250,right_hand,og,acc,2641098,"{""seq"":1224,""x_mg"":152,""y_mg"":160,""z_mg"":908}"
25.250,right_hand,og,tilt,,"{""roll_deg"":11.9,""pitch_deg"":-3.7,""steady"":true}"
25.250,right_hand,og,acc,2641119,"{""seq"":1225,""x_mg"":136,""y_mg"":52,""z_mg"":928}"
25.250,right_hand,og,tilt,,"{""roll_deg"":11.2,""pitch_deg"":-3.7,""steady"":true}"
25.281,right_hand,og,acc,2641139,"{""seq"":1226,""x_mg"":172,""y_mg"":8,""z_mg"":976}"
25.281,right_hand,og,tilt,,"{""roll_deg"":9.4,""pitch_deg"":-3.7,""steady"":true}"
25.313,right_hand,og,acc,2641160,"{""seq"":1227,""x_mg"":188,""y_mg"":32,""z_mg"":1000}"
25.313,right_hand,og,tilt,,"{""roll_deg"":7.4,""pitch_deg"":-3.7,""steady"":true}"
25.313,right_hand,og,acc,2641181,"{""seq"":1228,""x_mg"":164,""y_mg"":72,""z_mg"":1008}"
25.313,right_hand,og,tilt,,"{""roll_deg"":5.9,""pitch_deg"":-3.7,""steady"":true}"
25.344,right_hand,og,acc,2641201,"{""seq"":1229,""x_mg"":152,""y_mg"":4,""z_mg"":1020}"
25.344,right_hand,og,tilt,,"{""roll_deg"":4.9,""pitch_deg"":-3.7,""steady"":true}"
25.360,right_hand,og,acc,2641222,"{""seq"":1230,""x_mg"":140,""y_mg"":-60,""z_mg"":1024}"
25.360,right_hand,og,tilt,,"{""roll_deg"":3.7,""pitch_deg"":-3.7,""steady"":true}"
25.391,right_hand,og,acc,2641242,"{""seq"":1231,""x_mg"":132,""y_mg"":-40,""z_mg"":1004}"
25.391,right_hand,og,tilt,,"{""roll_deg"":2.1,""pitch_deg"":-3.8,""steady"":true}"
25.391,right_hand,og,acc,2641263,"{""seq"":1232,""x_mg"":132,""y_mg"":-40,""z_mg"":988}"
25.391,right_hand,og,tilt,,"{""roll_deg"":0.9,""pitch_deg"":-4.0,""steady"":true}"
25.422,right_hand,og,acc,2641283,"{""seq"":1233,""x_mg"":124,""y_mg"":-76,""z_mg"":1032}"
25.422,right_hand,og,tilt,,"{""roll_deg"":0.2,""pitch_deg"":-4.2,""steady"":true}"
25.453,right_hand,og,acc,2641304,"{""seq"":1234,""x_mg"":124,""y_mg"":-156,""z_mg"":1068}"
25.453,right_hand,og,tilt,,"{""roll_deg"":-0.9,""pitch_deg"":-4.5,""steady"":true}"
25.453,right_hand,og,acc,2641325,"{""seq"":1235,""x_mg"":104,""y_mg"":-168,""z_mg"":1040}"
25.453,right_hand,og,tilt,,"{""roll_deg"":-3.1,""pitch_deg"":-4.8,""steady"":true}"
25.485,right_hand,og,acc,2641345,"{""seq"":1236,""x_mg"":72,""y_mg"":-100,""z_mg"":1020}"
25.485,right_hand,og,tilt,,"{""roll_deg"":-4.6,""pitch_deg"":-5.3,""steady"":true}"
25.516,right_hand,og,acc,2641366,"{""seq"":1237,""x_mg"":76,""y_mg"":-148,""z_mg"":1028}"
25.516,right_hand,og,tilt,,"{""roll_deg"":-5.5,""pitch_deg"":-6.0,""steady"":true}"
25.516,right_hand,og,acc,2641386,"{""seq"":1238,""x_mg"":64,""y_mg"":-140,""z_mg"":1068}"
25.516,right_hand,og,tilt,,"{""roll_deg"":-5.8,""pitch_deg"":-6.6,""steady"":true}"
25.531,right_hand,og,acc,2641407,"{""seq"":1239,""x_mg"":84,""y_mg"":-92,""z_mg"":1032}"
25.531,right_hand,og,tilt,,"{""roll_deg"":-6.0,""pitch_deg"":-7.1,""steady"":true}"
25.563,right_hand,og,acc,2641427,"{""seq"":1240,""x_mg"":100,""y_mg"":-88,""z_mg"":984}"
25.563,right_hand,og,tilt,,"{""roll_deg"":-6.0,""pitch_deg"":-7.4,""steady"":true}"
25.578,right_hand,og,acc,2641448,"{""seq"":1241,""x_mg"":92,""y_mg"":-100,""z_mg"":972}"
25.578,right_hand,og,tilt,,"{""roll_deg"":-6.0,""pitch_deg"":-7.5,""steady"":true}"
25.610,right_hand,og,acc,2641469,"{""seq"":1242,""x_mg"":68,""y_mg"":-124,""z_mg"":952}"
25.610,right_hand,og,tilt,,"{""roll_deg"":-5.9,""pitch_deg"":-7.5,""steady"":true}"
25.610,right_hand,og,acc,2641489,"{""seq"":1243,""x_mg"":44,""y_mg"":-132,""z_mg"":996}"
25.610,right_hand,og,tilt,,"{""roll_deg"":-5.9,""pitch_deg"":-7.8,""steady"":true}"
25.641,,game,drop,,"{""n"":8}"
25.641,right_hand,og,acc,2641510,"{""seq"":1244,""x_mg"":24,""y_mg"":-72,""z_mg"":1004}"
25.641,right_hand,og,tilt,,"{""roll_deg"":-5.9,""pitch_deg"":-8.4,""steady"":true}"
25.656,right_hand,og,acc,2641530,"{""seq"":1245,""x_mg"":24,""y_mg"":-72,""z_mg"":984}"
25.656,right_hand,og,tilt,,"{""roll_deg"":-5.9,""pitch_deg"":-9.1,""steady"":true}"
25.656,right_hand,og,acc,2641551,"{""seq"":1246,""x_mg"":8,""y_mg"":-60,""z_mg"":1024}"
25.656,right_hand,og,tilt,,"{""roll_deg"":-5.7,""pitch_deg"":-9.7,""steady"":true}"
25.688,right_hand,og,acc,2641571,"{""seq"":1247,""x_mg"":-44,""y_mg"":-8,""z_mg"":1064}"
25.688,right_hand,og,tilt,,"{""roll_deg"":-5.5,""pitch_deg"":-10.4,""steady"":true}"
25.703,right_hand,og,acc,2641592,"{""seq"":1248,""x_mg"":-16,""y_mg"":52,""z_mg"":1028}"
25.703,right_hand,og,tilt,,"{""roll_deg"":-5.0,""pitch_deg"":-11.3,""steady"":true}"
25.735,right_hand,og,acc,2641612,"{""seq"":1249,""x_mg"":32,""y_mg"":48,""z_mg"":992}"
25.735,right_hand,og,tilt,,"{""roll_deg"":-3.7,""pitch_deg"":-12.0,""steady"":true}"
25.766,right_hand,og,acc,2641633,"{""seq"":1250,""x_mg"":68,""y_mg"":20,""z_mg"":988}"
25.766,right_hand,og,tilt,,"{""roll_deg"":-2.2,""pitch_deg"":-12.0,""steady"":true}"
25.781,right_hand,og,acc,2641654,"{""seq"":1251,""x_mg"":76,""y_mg"":-16,""z_mg"":972}"
25.781,right_hand,og,tilt,,"{""roll_deg"":-1.4,""pitch_deg"":-12.0,""steady"":true}"
25.797,right_hand,og,acc,2641674,"{""seq"":1252,""x_mg"":72,""y_mg"":-32,""z_mg"":968}"
25.797,right_hand,og,tilt,,"{""roll_deg"":-1.3,""pitch_deg"":-11.8,""steady"":true}"
25.828,right_hand,og,acc,2641695,"{""seq"":1253,""x_mg"":68,""y_mg"":-92,""z_mg"":972}"
25.828,right_hand,og,tilt,,"{""roll_deg"":-1.3,""pitch_deg"":-11.5,""steady"":true}"
25.844,right_hand,og,acc,2641715,"{""seq"":1254,""x_mg"":72,""y_mg"":-100,""z_mg"":984}"
25.844,right_hand,og,tilt,,"{""roll_deg"":-1.3,""pitch_deg"":-11.3,""steady"":true}"
25.875,right_hand,og,acc,2641736,"{""seq"":1255,""x_mg"":72,""y_mg"":-108,""z_mg"":976}"
25.875,right_hand,og,tilt,,"{""roll_deg"":-1.5,""pitch_deg"":-11.2,""steady"":true}"
25.906,right_hand,og,acc,2641756,"{""seq"":1256,""x_mg"":80,""y_mg"":-108,""z_mg"":1000}"
25.906,right_hand,og,tilt,,"{""roll_deg"":-1.8,""pitch_deg"":-11.1,""steady"":true}"
25.906,right_hand,og,acc,2641777,"{""seq"":1257,""x_mg"":84,""y_mg"":-104,""z_mg"":996}"
25.906,right_hand,og,tilt,,"{""roll_deg"":-2.2,""pitch_deg"":-11.0,""steady"":true}"
25.938,right_hand,og,acc,2641798,"{""seq"":1258,""x_mg"":100,""y_mg"":-112,""z_mg"":956}"
25.938,right_hand,og,tilt,,"{""roll_deg"":-2.6,""pitch_deg"":-10.8,""steady"":true}"
25.969,right_hand,og,acc,2641818,"{""seq"":1259,""x_mg"":72,""y_mg"":-56,""z_mg"":956}"
25.969,right_hand,og,tilt,,"{""roll_deg"":-3.0,""pitch_deg"":-10.6,""steady"":true}"
25.969,right_hand,og,acc,2641839,"{""seq"":1260,""x_mg"":36,""y_mg"":-24,""z_mg"":1008}"
25.969,right_hand,og,tilt,,"{""roll_deg"":-3.0,""pitch_deg"":-10.4,""steady"":true}"
26.000,right_hand,og,acc,2641859,"{""seq"":1261,""x_mg"":40,""y_mg"":-64,""z_mg"":1028}"
26.000,right_hand,og,tilt,,"{""roll_deg"":-3.0,""pitch_deg"":-10.4,""steady"":true}"
26.031,right_hand,og,acc,2641880,"{""seq"":1262,""x_mg"":72,""y_mg"":-108,""z_mg"":1036}"
26.031,right_hand,og,tilt,,"{""roll_deg"":-3.0,""pitch_deg"":-10.4,""steady"":true}"
26.031,right_hand,og,acc,2641900,"{""seq"":1263,""x_mg"":84,""y_mg"":-140,""z_mg"":988}"
26.031,right_hand,og,tilt,,"{""roll_deg"":-3.1,""pitch_deg"":-10.4,""steady"":true}"
26.063,right_hand,og,acc,2641921,"{""seq"":1264,""x_mg"":80,""y_mg"":-92,""z_mg"":948}"
26.063,right_hand,og,tilt,,"{""roll_deg"":-3.4,""pitch_deg"":-10.4,""steady"":true}"
26.078,right_hand,og,acc,2641942,"{""seq"":1265,""x_mg"":88,""y_mg"":-72,""z_mg"":992}"
26.078,right_hand,og,tilt,,"{""roll_deg"":-3.6,""pitch_deg"":-10.3,""steady"":true}"
26.110,right_hand,og,acc,2641962,"{""seq"":1266,""x_mg"":88,""y_mg"":-88,""z_mg"":1008}"
26.110,right_hand,og,tilt,,"{""roll_deg"":-3.6,""pitch_deg"":-10.1,""steady"":true}"
26.110,right_hand,og,acc,2641983,"{""seq"":1267,""x_mg"":92,""y_mg"":-80,""z_mg"":1024}"
26.110,right_hand,og,tilt,,"{""roll_deg"":-3.6,""pitch_deg"":-10.0,""steady"":true}"
26.125,right_hand,og,acc,2642003,"{""seq"":1268,""x_mg"":116,""y_mg"":-80,""z_mg"":1000}"
26.125,right_hand,og,tilt,,"{""roll_deg"":-3.6,""pitch_deg"":-9.8,""steady"":true}"
26.156,right_hand,og,acc,2642024,"{""seq"":1269,""x_mg"":124,""y_mg"":-52,""z_mg"":964}"
26.156,right_hand,og,tilt,,"{""roll_deg"":-3.6,""pitch_deg"":-9.4,""steady"":true}"
26.172,right_hand,og,acc,2642044,"{""seq"":1270,""x_mg"":144,""y_mg"":-76,""z_mg"":976}"
26.172,right_hand,og,tilt,,"{""roll_deg"":-3.6,""pitch_deg"":-8.9,""steady"":true}"
26.203,right_hand,og,acc,2642065,"{""seq"":1271,""x_mg"":120,""y_mg"":-104,""z_mg"":976}"
26.203,right_hand,og,tilt,,"{""roll_deg"":-3.6,""pitch_deg"":-8.5,""steady"":true}"
26.235,right_hand,og,acc,2642086,"{""seq"":1272,""x_mg"":92,""y_mg"":-108,""z_mg"":992}"
26.235,right_hand,og,tilt,,"{""roll_deg"":-3.8,""pitch_deg"":-8.2,""steady"":true}"
26.235,right_hand,og,acc,2642106,"{""seq"":1273,""x_mg"":84,""y_mg"":-112,""z_mg"":992}"
26.235,right_hand,og,tilt,,"{""roll_deg"":-4.0,""pitch_deg"":-8.2,""steady"":true}"
26.266,right_hand,og,acc,2642127,"{""seq"":1274,""x_mg"":96,""y_mg"":-92,""z_mg"":1000}"
26.266,right_hand,og,tremor,,"{""rms_mg"":18.3,""peak_hz"":4.2}"
26.266,right_hand,og,tilt,,"{""roll_deg"":-4.1,""pitch_deg"":-8.2,""steady"":true}"
26.297,right_hand,og,acc,2642147,"{""seq"":1275,""x_mg"":108,""y_mg"":-84,""z_mg"":992}"
26.297,right_hand,og,tilt,,"{""roll_deg"":-4.2,""pitch_deg"":-8.2,""steady"":true}"
26.297,right_hand,og,acc,2642168,"{""seq"":1276,""x_mg"":112,""y_mg"":-68,""z_mg"":988}"
26.297,right_hand,og,tilt,,"{""roll_deg"":-4.2,""pitch_deg"":-8.2,""steady"":true}"
26.313,right_hand,og,acc,2642188,"{""seq"":1277,""x_mg"":108,""y_mg"":-88,""z_mg"":984}"
26.313,right_hand,og,tilt,,"{""roll_deg"":-4.2,""pitch_deg"":-8.2,""steady"":true}"
26.344,right_hand,og,acc,2642209,"{""seq"":1278,""x_mg"":120,""y_mg"":-80,""z_mg"":988}"
26.344,right_hand,og,tilt,,"{""roll_deg"":-4.2,""pitch_deg"":-8.1,""steady"":true}"
26.375,right_hand,og,acc,2642230,"{""seq"":1279,""x_mg"":120,""y_mg"":-84,""z_mg"":980}"
26.375,right_hand,og,tilt,,"{""roll_deg"":-4.2,""pitch_deg"":-7.9,""steady"":true}"
26.375,right_hand,og,acc,2642250,"{""seq"":1280,""x_mg"":104,""y_mg"":-88,""z_mg"":968}"
26.375,right_hand,og,tilt,,"{""roll_deg"":-4.2,""pitch_deg"":-7.8,""steady"":true}"
26.406,right_hand,og,acc,2642271,"{""seq"":1281,""x_mg"":100,""y_mg"":-88,""z_mg"":1000}"
26.406,right_hand,og,tilt,,"{""roll_deg"":-4.2,""pitch_deg"":-7.8,""steady"":true}"
26.453,right_hand,og,acc,2642291,"{""seq"":1282,""x_mg"":88,""y_mg"":-72,""z_mg"":1012}"
26.453,right_hand,og,tilt,,"{""roll_deg"":-4.2,""pitch_deg"":-7.8,""steady"":true}"
26.453,right_hand,og,acc,2642312,"{""seq"":1283,""x_mg"":80,""y_mg"":-76,""z_mg"":1008}"
26.453,right_hand,og,tilt,,"{""roll_deg"":-4.2,""pitch_deg"":-7.8,""steady"":true}"
26.485,right_hand,og,acc,2642332,"{""seq"":1284,""x_mg"":84,""y_mg"":-64,""z_mg"":1008}"
26.485,right_hand,og,tilt,,"{""roll_deg"":-4.2,""pitch_deg"":-7.8,""steady"":true}"
26.485,right_hand,og,acc,2642353,"{""seq"":1285,""x_mg"":104,""y_mg"":-80,""z_mg"":984}"
26.485,right_hand,og,tilt,,"{""roll_deg"":-4.2,""pitch_deg"":-7.8,""steady"":true}"
26.516,right_hand,og,acc,2642373,"{""seq"":1286,""x_mg"":104,""y_mg"":-76,""z_mg"":980}"
26.516,right_hand,og,tilt,,"{""roll_deg"":-4.2,""pitch_deg"":-7.8,""steady"":true}"
26.547,right_hand,og,acc,2642394,"{""seq"":1287,""x_mg"":112,""y_mg"":-88,""z_mg"":992}"
26.547,right_hand,og,tilt,,"{""roll_deg"":-4.2,""pitch_deg"":-7.8,""steady"":true}"
26.547,right_hand,og,acc,2642415,"{""seq"":1288,""x_mg"":112,""y_mg"":-88,""z_mg"":980}"
26.547,right_hand,og,tilt,,"{""roll_deg"":-4.2,""pitch_deg"":-7.8,""steady"":true}"
26.578,right_hand,og,acc,2642435,"{""seq"":1289,""x_mg"":116,""y_mg"":-80,""z_mg"":984}"
26.578,right_hand,og,tilt,,"{""roll_deg"":-4.2,""pitch_deg"":-7.8,""steady"":true}"
26.610,right_hand,og,acc,2642456,"{""seq"":1290,""x_mg"":104,""y_mg"":-76,""z_mg"":988}"
26.610,right_hand,og,tilt,,"{""roll_deg"":-4.2,""pitch_deg"":-7.8,""steady"":true}"
26.610,right_hand,og,acc,2642476,"{""seq"":1291,""x_mg"":112,""y_mg"":-84,""z_mg"":1008}"
26.610,right_hand,og,tilt,,"{""roll_deg"":-4.2,""pitch_deg"":-7.8,""steady"":true}"
26.641,right_hand,og,acc,2642497,"{""seq"":1292,""x_mg"":116,""y_mg"":-64,""z_mg"":996}"
26.641,right_hand,og,tilt,,"{""roll_deg"":-4.2,""pitch_deg"":-7.8,""steady"":true}"
26.641,right_hand,og,acc,2642517,"{""seq"":1293,""x_mg"":100,""y_mg"":-60,""z_mg"":996}"
26.641,right_hand,og,tilt,,"{""roll_deg"":-4.2,""pitch_deg"":-7.8,""steady"":true}"
26.672,right_hand,og,acc,2642538,"{""seq"":1294,""x_mg"":96,""y_mg"":-44,""z_mg"":992}"
26.672,right_hand,og,tilt,,"{""roll_deg"":-4.2,""pitch_deg"":-7.8,""steady"":true}"
26.703,right_hand,og,acc,2642559,"{""seq"":1295,""x_mg"":84,""y_mg"":-52,""z_mg"":984}"
26.703,right_hand,og,tilt,,"{""roll_deg"":-4.2,""pitch_deg"":-7.8,""steady"":true}"
26.703,right_hand,og,acc,2642579,"{""seq"":1296,""x_mg"":88,""y_mg"":-68,""z_mg"":972}"
26.703,right_hand,og,tilt,,"{""roll_deg"":-4.1,""pitch_deg"":-7.8,""steady"":true}"
26.735,right_hand,og,acc,2642600,"{""seq"":1297,""x_mg"":100,""y_mg"":-88,""z_mg"":1000}"
26.735,right_hand,og,tilt,,"{""roll_deg"":-4.1,""pitch_deg"":-7.8,""steady"":true}"
26.750,right_hand,og,acc,2642620,"{""seq"":1298,""x_mg"":104,""y_mg"":-68,""z_mg"":988}"
26.750,right_hand,og,tilt,,"{""roll_deg"":-4.0,""pitch_deg"":-7.8,""steady"":true}"
26.781,right_hand,og,acc,2642641,"{""seq"":1299,""x_mg"":108,""y_mg"":-76,""z_mg"":992}"
26.781,right_hand,og,tilt,,"{""roll_deg"":-4.0,""pitch_deg"":-7.8,""steady"":true}"
26.797,right_hand,og,acc,2642661,"{""seq"":1300,""x_mg"":96,""y_mg"":-76,""z_mg"":992}"
26.797,right_hand,og,tilt,,"{""roll_deg"":-4.0,""pitch_deg"":-7.8,""steady"":true}"
26.813,right_hand,og,acc,2642682,"{""seq"":1301,""x_mg"":84,""y_mg"":-92,""z_mg"":1000}"
26.813,right_hand,og,tilt,,"{""roll_deg"":-4.0,""pitch_deg"":-7.8,""steady"":true}"
26.844,right_hand,og,acc,2642703,"{""seq"":1302,""x_mg"":88,""y_mg"":-104,""z_mg"":988}"
26.844,right_hand,og,tilt,,"{""roll_deg"":-4.0,""pitch_deg"":-7.8,""steady"":true}"
26.860,right_hand,og,acc,2642723,"{""seq"":1303,""x_mg"":104,""y_mg"":-80,""z_mg"":976}"
26.860,right_hand,og,tilt,,"{""roll_deg"":-4.0,""pitch_deg"":-7.8,""steady"":true}"
26.875,right_hand,og,acc,2642744,"{""seq"":1304,""x_mg"":108,""y_mg"":-76,""z_mg"":992}"
26.875,right_hand,og,tilt,,"{""roll_deg"":-4.0,""pitch_deg"":-7.8,""steady"":true}"
26.875,right_hand,og,acc,2642764,"{""seq"":1305,""x_mg"":88,""y_mg"":-72,""z_mg"":1008}"
26.875,right_hand,og,tilt,,"{""roll_deg"":-4.0,""pitch_deg"":-7.8,""steady"":true}"
26.906,right_hand,og,acc,2642785,"{""seq"":1306,""x_mg"":100,""y_mg"":-68,""z_mg"":1000}"
26.906,right_hand,og,tilt,,"{""roll_deg"":-4.0,""pitch_deg"":-7.8,""steady"":true}"
26.938,right_hand,og,acc,2642805,"{""seq"":1307,""x_mg"":108,""y_mg"":-68,""z_mg"":984}"
26.938,right_hand,og,tilt,,"{""roll_deg"":-4.0,""pitch_deg"":-7.8,""steady"":true}"
26.969,right_hand,og,acc,2642826,"{""seq"":1308,""x_mg"":88,""y_mg"":-64,""z_mg"":988}"
26.969,right_hand,og,tilt,,"{""roll_deg"":-4.0,""pitch_deg"":-7.8,""steady"":true}"
26.969,right_hand,og,acc,2642846,"{""seq"":1309,""x_mg"":92,""y_mg"":-72,""z_mg"":992}"
26.969,right_hand,og,tilt,,"{""roll_deg"":-4.0,""pitch_deg"":-7.8,""steady"":true}"
27.000,right_hand,og,acc,2642867,"{""seq"":1310,""x_mg"":96,""y_mg"":-84,""z_mg"":984}"
27.000,right_hand,og,tilt,,"{""roll_deg"":-4.0,""pitch_deg"":-7.8,""steady"":true}"
27.031,right_hand,og,acc,2642888,"{""seq"":1311,""x_mg"":112,""y_mg"":-108,""z_mg"":976}"
27.031,right_hand,og,tilt,,"{""roll_deg"":-4.0,""pitch_deg"":-7.8,""steady"":true}"
27.063,right_hand,og,acc,2642908,"{""seq"":1312,""x_mg"":112,""y_mg"":-104,""z_mg"":1008}"
27.063,right_hand,og,tilt,,"{""roll_deg"":-4.0,""pitch_deg"":-7.8,""steady"":true}"
27.063,right_hand,og,acc,2642929,"{""seq"":1313,""x_mg"":96,""y_mg"":-64,""z_mg"":1000}"
27.063,right_hand,og,tilt,,"{""roll_deg"":-4.0,""pitch_deg"":-7.8,""steady"":true}"
27.094,right_hand,og,acc,2642949,"{""seq"":1314,""x_mg"":104,""y_mg"":-64,""z_mg"":1016}"
27.094,right_hand,og,tilt,,"{""roll_deg"":-4.0,""pitch_deg"":-7.8,""steady"":true}"
27.125,right_hand,og,acc,2642970,"{""seq"":1315,""x_mg"":108,""y_mg"":-44,""z_mg"":1000}"
27.125,right_hand,og,tilt,,"{""roll_deg"":-4.0,""pitch_deg"":-7.8,""steady"":true}"
27.125,right_hand,og,acc,2642990,"{""seq"":1316,""x_mg"":96,""y_mg"":-32,""z_mg"":1012}"
27.125,right_hand,og,tilt,,"{""roll_deg"":-4.0,""pitch_deg"":-7.8,""steady"":true}"
