t_s,role,source,channel,dev_ms,fields
0.047,left_hand,og,acc,958573,"{""seq"":0,""x_mg"":136,""y_mg"":128,""z_mg"":1008}"
0.047,left_hand,og,tilt,,"{""roll_deg"":0.0,""pitch_deg"":0.0,""steady"":true}"
0.047,left_hand,og,flick_angles,,"{""side_deg"":7.2,""fwd_deg"":7.6}"
0.078,left_hand,og,acc,958594,"{""seq"":1,""x_mg"":136,""y_mg"":16,""z_mg"":1052}"
0.078,left_hand,og,tilt,,"{""roll_deg"":0.0,""pitch_deg"":0.0,""steady"":true}"
0.078,left_hand,og,flick_angles,,"{""side_deg"":5.6,""fwd_deg"":7.6}"
0.094,left_hand,og,acc,958615,"{""seq"":2,""x_mg"":148,""y_mg"":-120,""z_mg"":1088}"
0.094,left_hand,og,tilt,,"{""roll_deg"":-0.9,""pitch_deg"":0.0,""steady"":true}"
0.094,left_hand,og,flick_angles,,"{""side_deg"":3.2,""fwd_deg"":7.6}"
0.125,left_hand,og,acc,958635,"{""seq"":3,""x_mg"":180,""y_mg"":-168,""z_mg"":1048}"
0.125,left_hand,og,tilt,,"{""roll_deg"":-4.0,""pitch_deg"":0.0,""steady"":true}"
0.125,left_hand,og,flick_angles,,"{""side_deg"":-1.5,""fwd_deg"":7.6}"
0.125,left_hand,og,acc,958656,"{""seq"":4,""x_mg"":188,""y_mg"":-20,""z_mg"":860}"
0.125,left_hand,og,tilt,,"{""roll_deg"":-6.8,""pitch_deg"":0.0,""steady"":true}"
0.125,left_hand,og,flick_angles,,"{""side_deg"":-3.9,""fwd_deg"":8.6}"
0.156,left_hand,og,acc,958676,"{""seq"":5,""x_mg"":168,""y_mg"":120,""z_mg"":892}"
0.156,left_hand,og,tilt,,"{""roll_deg"":-7.2,""pitch_deg"":0.1,""steady"":true}"
0.156,left_hand,og,flick_angles,,"{""side_deg"":-2.6,""fwd_deg"":9.6}"
0.172,left_hand,og,acc,958697,"{""seq"":6,""x_mg"":220,""y_mg"":28,""z_mg"":996}"
0.172,left_hand,og,tilt,,"{""roll_deg"":-7.2,""pitch_deg"":0.7,""steady"":true}"
0.172,left_hand,og,flick_angles,,"{""side_deg"":-0.5,""fwd_deg"":11.0}"
0.203,left_hand,og,acc,958718,"{""seq"":7,""x_mg"":236,""y_mg"":-104,""z_mg"":1016}"
0.203,left_hand,og,tilt,,"{""roll_deg"":-7.1,""pitch_deg"":1.4,""steady"":true}"
0.203,left_hand,og,flick_angles,,"{""side_deg"":0.5,""fwd_deg"":11.7}"
0.203,left_hand,og,acc,958738,"{""seq"":8,""x_mg"":200,""y_mg"":-104,""z_mg"":936}"
0.203,left_hand,og,tilt,,"{""roll_deg"":-7.9,""pitch_deg"":2.0,""steady"":true}"
0.203,left_hand,og,flick_angles,,"{""side_deg"":-2.6,""fwd_deg"":12.1}"
0.235,left_hand,og,acc,958759,"{""seq"":9,""x_mg"":156,""y_mg"":-56,""z_mg"":880}"
0.235,left_hand,og,tilt,,"{""roll_deg"":-9.2,""pitch_deg"":2.4,""steady"":true}"
0.235,left_hand,og,flick_angles,,"{""side_deg"":-4.1,""fwd_deg"":12.0}"
0.266,left_hand,og,acc,958779,"{""seq"":10,""x_mg"":124,""y_mg"":56,""z_mg"":944}"
0.266,left_hand,og,tilt,,"{""roll_deg"":-9.5,""pitch_deg"":2.4,""steady"":true}"
0.266,left_hand,og,flick_angles,,"{""side_deg"":-3.9,""fwd_deg"":11.0}"
0.297,left_hand,og,acc,958800,"{""seq"":11,""x_mg"":168,""y_mg"":120,""z_mg"":1008}"
0.297,left_hand,og,tilt,,"{""roll_deg"":-9.1,""pitch_deg"":2.4,""steady"":true}"
0.297,left_hand,og,flick_angles,,"{""side_deg"":-0.2,""fwd_deg"":10.2}"
0.297,left_hand,og,acc,958820,"{""seq"":12,""x_mg"":172,""y_mg"":80,""z_mg"":1032}"
0.297,left_hand,og,tilt,,"{""roll_deg"":-8.4,""pitch_deg"":2.4,""steady"":true}"
0.297,left_hand,og,flick_angles,,"{""side_deg"":2.1,""fwd_deg"":9.8}"
0.328,left_hand,og,acc,958841,"{""seq"":13,""x_mg"":168,""y_mg"":36,""z_mg"":976}"
0.328,left_hand,og,tilt,,"{""roll_deg"":-8.0,""pitch_deg"":2.4,""steady"":true}"
0.328,left_hand,og,flick_angles,,"{""side_deg"":3.2,""fwd_deg"":9.6}"
0.360,left_hand,og,acc,958861,"{""seq"":14,""x_mg"":140,""y_mg"":-8,""z_mg"":916}"
0.360,left_hand,og,tilt,,"{""roll_deg"":-7.8,""pitch_deg"":2.4,""steady"":true}"
0.360,left_hand,og,flick_angles,,"{""side_deg"":2.6,""fwd_deg"":9.5}"
0.360,left_hand,og,acc,958882,"{""seq"":15,""x_mg"":148,""y_mg"":92,""z_mg"":992}"
0.360,left_hand,og,tilt,,"{""roll_deg"":-7.5,""pitch_deg"":2.4,""steady"":true}"
0.360,left_hand,og,flick_angles,,"{""side_deg"":2.4,""fwd_deg"":9.1}"
0.391,left_hand,og,acc,958903,"{""seq"":16,""x_mg"":172,""y_mg"":72,""z_mg"":1004}"
0.391,left_hand,og,tilt,,"{""roll_deg"":-6.9,""pitch_deg"":2.4,""steady"":true}"
0.391,left_hand,og,flick_angles,,"{""side_deg"":3.2,""fwd_deg"":8.9}"
0.391,left_hand,og,acc,958923,"{""seq"":17,""x_mg"":140,""y_mg"":-12,""z_mg"":1044}"
0.391,left_hand,og,tilt,,"{""roll_deg"":-6.3,""pitch_deg"":2.4,""steady"":true}"
0.391,left_hand,og,flick_angles,,"{""side_deg"":3.6,""fwd_deg"":8.7}"
0.422,left_hand,og,acc,958944,"{""seq"":18,""x_mg"":144,""y_mg"":-24,""z_mg"":1008}"
0.422,left_hand,og,tilt,,"{""roll_deg"":-6.3,""pitch_deg"":2.3,""steady"":true}"
0.422,left_hand,og,flick_angles,,"{""side_deg"":1.5,""fwd_deg"":8.4}"
0.453,left_hand,og,acc,958964,"{""seq"":19,""x_mg"":128,""y_mg"":8,""z_mg"":984}"
0.453,left_hand,og,tilt,,"{""roll_deg"":-6.3,""pitch_deg"":2.1,""steady"":true}"
0.453,left_hand,og,flick_angles,,"{""side_deg"":0.4,""fwd_deg"":8.0}"
0.469,left_hand,og,acc,958985,"{""seq"":20,""x_mg"":136,""y_mg"":16,""z_mg"":992}"
0.469,left_hand,og,tilt,,"{""roll_deg"":-6.3,""pitch_deg"":1.9,""steady"":true}"
0.469,left_hand,og,flick_angles,,"{""side_deg"":0.4,""fwd_deg"":7.9}"
0.500,left_hand,og,acc,959005,"{""seq"":21,""x_mg"":144,""y_mg"":8,""z_mg"":1004}"
0.500,left_hand,og,tilt,,"{""roll_deg"":-6.3,""pitch_deg"":1.8,""steady"":true}"
0.500,left_hand,og,flick_angles,,"{""side_deg"":0.5,""fwd_deg"":7.9}"
0.500,left_hand,og,acc,959026,"{""seq"":22,""x_mg"":144,""y_mg"":-12,""z_mg"":972}"
0.500,left_hand,og,tilt,,"{""roll_deg"":-6.3,""pitch_deg"":1.7,""steady"":true}"
0.500,left_hand,og,flick_angles,,"{""side_deg"":0.5,""fwd_deg"":8.0}"
0.531,left_hand,og,acc,959047,"{""seq"":23,""x_mg"":144,""y_mg"":8,""z_mg"":964}"
0.531,left_hand,og,tilt,,"{""roll_deg"":-6.3,""pitch_deg"":1.6,""steady"":true}"
0.531,left_hand,og,flick_angles,,"{""side_deg"":0.5,""fwd_deg"":8.2}"
0.531,left_hand,og,acc,959067,"{""seq"":24,""x_mg"":144,""y_mg"":-4,""z_mg"":972}"
0.531,left_hand,og,tilt,,"{""roll_deg"":-6.3,""pitch_deg"":1.6,""steady"":true}"
0.531,left_hand,og,flick_angles,,"{""side_deg"":0.1,""fwd_deg"":8.3}"
0.563,left_hand,og,acc,959088,"{""seq"":25,""x_mg"":140,""y_mg"":-24,""z_mg"":980}"
0.563,left_hand,og,tilt,,"{""roll_deg"":-6.3,""pitch_deg"":1.5,""steady"":true}"
0.563,left_hand,og,flick_angles,,"{""side_deg"":-0.1,""fwd_deg"":8.4}"
0.594,left_hand,og,acc,959108,"{""seq"":26,""x_mg"":140,""y_mg"":-12,""z_mg"":972}"
0.594,left_hand,og,tilt,,"{""roll_deg"":-6.3,""pitch_deg"":1.5,""steady"":true}"
0.594,left_hand,og,flick_angles,,"{""side_deg"":-0.4,""fwd_deg"":8.3}"
0.625,left_hand,og,acc,959129,"{""seq"":27,""x_mg"":148,""y_mg"":-28,""z_mg"":976}"
0.625,left_hand,og,tilt,,"{""roll_deg"":-6.5,""pitch_deg"":1.4,""steady"":true}"
0.625,left_hand,og,flick_angles,,"{""side_deg"":-0.9,""fwd_deg"":8.2}"
0.641,left_hand,og,acc,959149,"{""seq"":28,""x_mg"":148,""y_mg"":-20,""z_mg"":972}"
0.641,left_hand,og,tilt,,"{""roll_deg"":-6.6,""pitch_deg"":1.4,""steady"":true}"
0.641,left_hand,og,flick_angles,,"{""side_deg"":-1.0,""fwd_deg"":8.4}"
0.641,left_hand,og,acc,959170,"{""seq"":29,""x_mg"":148,""y_mg"":-36,""z_mg"":984}"
0.641,left_hand,og,tilt,,"{""roll_deg"":-6.9,""pitch_deg"":1.4,""steady"":true}"
0.641,left_hand,og,flick_angles,,"{""side_deg"":-1.3,""fwd_deg"":8.5}"
0.672,left_hand,og,acc,959191,"{""seq"":30,""x_mg"":176,""y_mg"":-80,""z_mg"":996}"
0.672,left_hand,og,tilt,,"{""roll_deg"":-7.1,""pitch_deg"":1.4,""steady"":true}"
0.672,left_hand,og,flick_angles,,"{""side_deg"":-1.7,""fwd_deg"":8.6}"
0.688,left_hand,og,acc,959211,"{""seq"":31,""x_mg"":160,""y_mg"":-84,""z_mg"":1004}"
0.688,left_hand,og,tilt,,"{""roll_deg"":-7.8,""pitch_deg"":1.4,""steady"":true}"
0.688,left_hand,og,flick_angles,,"{""side_deg"":-3.1,""fwd_deg"":8.8}"
0.719,left_hand,og,acc,959232,"{""seq"":32,""x_mg"":148,""y_mg"":-48,""z_mg"":1008}"
0.719,left_hand,og,tilt,,"{""roll_deg"":-8.5,""pitch_deg"":1.4,""steady"":true}"
0.719,left_hand,og,flick_angles,,"{""side_deg"":-3.8,""fwd_deg"":8.9}"
0.750,left_hand,og,acc,959252,"{""seq"":33,""x_mg"":152,""y_mg"":-32,""z_mg"":976}"
0.750,left_hand,og,tilt,,"{""roll_deg"":-8.7,""pitch_deg"":1.4,""steady"":true}"
0.750,left_hand,og,flick_angles,,"{""side_deg"":-3.3,""fwd_deg"":8.9}"
0.781,left_hand,og,acc,959273,"{""seq"":34,""x_mg"":148,""y_mg"":-24,""z_mg"":984}"
0.781,left_hand,og,tilt,,"{""roll_deg"":-8.7,""pitch_deg"":1.4,""steady"":true}"
0.781,left_hand,og,flick_angles,,"{""side_deg"":-2.6,""fwd_deg"":8.7}"
0.781,left_hand,og,acc,959293,"{""seq"":35,""x_mg"":148,""y_mg"":-36,""z_mg"":980}"
0.781,left_hand,og,tilt,,"{""roll_deg"":-8.7,""pitch_deg"":1.4,""steady"":true}"
0.781,left_hand,og,flick_angles,,"{""side_deg"":-2.2,""fwd_deg"":8.6}"
0.813,left_hand,og,acc,959314,"{""seq"":36,""x_mg"":152,""y_mg"":-32,""z_mg"":984}"
0.813,left_hand,og,tilt,,"{""roll_deg"":-8.7,""pitch_deg"":1.4,""steady"":true}"
0.813,left_hand,og,flick_angles,,"{""side_deg"":-2.0,""fwd_deg"":8.6}"
0.813,left_hand,og,acc,959334,"{""seq"":37,""x_mg"":136,""y_mg"":-16,""z_mg"":988}"
0.813,left_hand,og,tilt,,"{""roll_deg"":-8.7,""pitch_deg"":1.4,""steady"":true}"
0.813,left_hand,og,flick_angles,,"{""side_deg"":-1.9,""fwd_deg"":8.6}"
0.844,left_hand,og,acc,959355,"{""seq"":38,""x_mg"":152,""y_mg"":-20,""z_mg"":984}"
0.844,left_hand,og,tilt,,"{""roll_deg"":-8.7,""pitch_deg"":1.4,""steady"":true}"
0.844,left_hand,og,flick_angles,,"{""side_deg"":-1.5,""fwd_deg"":8.7}"
0.860,left_hand,og,acc,959376,"{""seq"":39,""x_mg"":156,""y_mg"":-16,""z_mg"":980}"
0.860,left_hand,og,tilt,,"{""roll_deg"":-8.7,""pitch_deg"":1.4,""steady"":true}"
0.860,left_hand,og,flick_angles,,"{""side_deg"":-1.2,""fwd_deg"":8.7}"
0.891,left_hand,og,acc,959396,"{""seq"":40,""x_mg"":148,""y_mg"":-20,""z_mg"":988}"
0.891,left_hand,og,tilt,,"{""roll_deg"":-8.7,""pitch_deg"":1.4,""steady"":true}"
0.891,left_hand,og,flick_angles,,"{""side_deg"":-1.2,""fwd_deg"":8.8}"
0.891,left_hand,og,acc,959417,"{""seq"":41,""x_mg"":148,""y_mg"":-44,""z_mg"":988}"
0.891,left_hand,og,tilt,,"{""roll_deg"":-8.7,""pitch_deg"":1.4,""steady"":true}"
0.891,left_hand,og,flick_angles,,"{""side_deg"":-1.2,""fwd_deg"":8.6}"
0.922,left_hand,og,acc,959437,"{""seq"":42,""x_mg"":144,""y_mg"":-24,""z_mg"":1004}"
0.922,left_hand,og,tilt,,"{""roll_deg"":-8.7,""pitch_deg"":1.4,""steady"":true}"
0.922,left_hand,og,flick_angles,,"{""side_deg"":-1.3,""fwd_deg"":8.6}"
0.953,left_hand,og,acc,959458,"{""seq"":43,""x_mg"":148,""y_mg"":-8,""z_mg"":1004}"
0.953,left_hand,og,tilt,,"{""roll_deg"":-8.7,""pitch_deg"":1.4,""steady"":true}"
0.953,left_hand,og,flick_angles,,"{""side_deg"":-1.3,""fwd_deg"":8.5}"
0.953,left_hand,og,acc,959478,"{""seq"":44,""x_mg"":148,""y_mg"":8,""z_mg"":996}"
0.953,left_hand,og,tilt,,"{""roll_deg"":-8.7,""pitch_deg"":1.4,""steady"":true}"
0.953,left_hand,og,flick_angles,,"{""side_deg"":-0.9,""fwd_deg"":8.4}"
0.985,left_hand,og,acc,959499,"{""seq"":45,""x_mg"":140,""y_mg"":8,""z_mg"":984}"
0.985,left_hand,og,tilt,,"{""roll_deg"":-8.7,""pitch_deg"":1.4,""steady"":true}"
0.985,left_hand,og,flick_angles,,"{""side_deg"":-0.2,""fwd_deg"":8.4}"
1.016,left_hand,og,acc,959520,"{""seq"":46,""x_mg"":132,""y_mg"":-16,""z_mg"":996}"
1.016,left_hand,og,tilt,,"{""roll_deg"":-8.7,""pitch_deg"":1.3,""steady"":true}"
1.016,left_hand,og,flick_angles,,"{""side_deg"":0.1,""fwd_deg"":8.3}"
1.016,left_hand,og,acc,959540,"{""seq"":47,""x_mg"":132,""y_mg"":-24,""z_mg"":988}"
1.016,left_hand,og,tilt,,"{""roll_deg"":-8.7,""pitch_deg"":1.3,""steady"":true}"
1.016,left_hand,og,flick_angles,,"{""side_deg"":-0.4,""fwd_deg"":7.9}"
1.047,left_hand,og,acc,959561,"{""seq"":48,""x_mg"":136,""y_mg"":-8,""z_mg"":992}"
1.047,left_hand,og,tilt,,"{""roll_deg"":-8.7,""pitch_deg"":1.2,""steady"":true}"
1.047,left_hand,og,flick_angles,,"{""side_deg"":-0.7,""fwd_deg"":7.8}"
1.078,left_hand,og,acc,959581,"{""seq"":49,""x_mg"":144,""y_mg"":-16,""z_mg"":980}"
1.078,left_hand,og,tilt,,"{""roll_deg"":-8.7,""pitch_deg"":1.1,""steady"":true}"
1.078,left_hand,og,flick_angles,,"{""side_deg"":-0.8,""fwd_deg"":7.8}"
1.094,left_hand,og,acc,959602,"{""seq"":50,""x_mg"":148,""y_mg"":-24,""z_mg"":960}"
1.094,left_hand,og,tilt,,"{""roll_deg"":-8.6,""pitch_deg"":1.1,""steady"":true}"
1.094,left_hand,og,flick_angles,,"{""side_deg"":-0.9,""fwd_deg"":8.1}"
1.110,left_hand,og,acc,959622,"{""seq"":51,""x_mg"":148,""y_mg"":-20,""z_mg"":988}"
1.110,left_hand,og,tilt,,"{""roll_deg"":-8.6,""pitch_deg"":1.1,""steady"":true}"
1.110,left_hand,og,flick_angles,,"{""side_deg"":-1.0,""fwd_deg"":8.3}"
1.110,left_hand,og,acc,959643,"{""seq"":52,""x_mg"":144,""y_mg"":-36,""z_mg"":1012}"
1.110,left_hand,og,tilt,,"{""roll_deg"":-8.6,""pitch_deg"":1.1,""steady"":true}"
1.110,left_hand,og,flick_angles,,"{""side_deg"":-1.2,""fwd_deg"":8.4}"
1.141,left_hand,og,acc,959664,"{""seq"":53,""x_mg"":176,""y_mg"":-60,""z_mg"":1004}"
1.141,left_hand,og,tilt,,"{""roll_deg"":-8.6,""pitch_deg"":1.1,""steady"":true}"
1.141,left_hand,og,flick_angles,,"{""side_deg"":-1.6,""fwd_deg"":8.5}"
1.172,left_hand,og,acc,959684,"{""seq"":54,""x_mg"":164,""y_mg"":-68,""z_mg"":1004}"
1.172,left_hand,og,tilt,,"{""roll_deg"":-8.6,""pitch_deg"":1.1,""steady"":true}"
1.172,left_hand,og,flick_angles,,"{""side_deg"":-2.5,""fwd_deg"":8.9}"
1.203,left_hand,og,acc,959705,"{""seq"":55,""x_mg"":152,""y_mg"":-64,""z_mg"":1008}"
1.203,left_hand,og,tilt,,"{""roll_deg"":-8.6,""pitch_deg"":1.1,""steady"":true}"
1.203,left_hand,og,flick_angles,,"{""side_deg"":-3.0,""fwd_deg"":9.1}"
1.203,left_hand,og,acc,959725,"{""seq"":56,""x_mg"":144,""y_mg"":-88,""z_mg"":992}"
1.203,left_hand,og,tilt,,"{""roll_deg"":-8.6,""pitch_deg"":1.1,""steady"":true}"
1.203,left_hand,og,flick_angles,,"{""side_deg"":-3.4,""fwd_deg"":8.8}"
1.235,left_hand,og,acc,959746,"{""seq"":57,""x_mg"":156,""y_mg"":-104,""z_mg"":996}"
1.235,left_hand,og,tilt,,"{""roll_deg"":-9.1,""pitch_deg"":1.1,""steady"":true}"
1.235,left_hand,og,flick_angles,,"{""side_deg"":-4.2,""fwd_deg"":8.7}"
1.235,left_hand,og,acc,959766,"{""seq"":58,""x_mg"":156,""y_mg"":-88,""z_mg"":992}"
1.235,left_hand,og,tilt,,"{""roll_deg"":-9.6,""pitch_deg"":1.1,""steady"":true}"
1.235,left_hand,og,flick_angles,,"{""side_deg"":-4.6,""fwd_deg"":8.8}"
1.266,left_hand,og,acc,959787,"{""seq"":59,""x_mg"":160,""y_mg"":-100,""z_mg"":1000}"
1.266,left_hand,og,tilt,,"{""roll_deg"":-10.1,""pitch_deg"":1.1,""steady"":true}"
1.266,left_hand,og,flick_angles,,"{""side_deg"":-5.1,""fwd_deg"":8.8}"
1.297,left_hand,og,acc,959807,"{""seq"":60,""x_mg"":192,""y_mg"":-124,""z_mg"":964}"
1.297,left_hand,og,tilt,,"{""roll_deg"":-10.6,""pitch_deg"":1.1,""steady"":true}"
1.297,left_hand,og,flick_angles,,"{""side_deg"":-5.4,""fwd_deg"":8.9}"
1.328,left_hand,og,acc,959828,"{""seq"":61,""x_mg"":204,""y_mg"":-116,""z_mg"":980}"
1.328,left_hand,og,tilt,,"{""roll_deg"":-11.2,""pitch_deg"":1.1,""steady"":true}"
1.328,left_hand,og,flick_angles,,"{""side_deg"":-6.0,""fwd_deg"":10.1}"
1.328,left_hand,og,acc,959849,"{""seq"":62,""x_mg"":212,""y_mg"":-108,""z_mg"":964}"
1.328,left_hand,og,tilt,,"{""roll_deg"":-11.6,""pitch_deg"":1.2,""steady"":true}"
1.328,left_hand,og,flick_angles,,"{""side_deg"":-6.3,""fwd_deg"":10.9}"
1.360,left_hand,og,acc,959869,"{""seq"":63,""x_mg"":212,""y_mg"":-124,""z_mg"":960}"
1.360,left_hand,og,tilt,,"{""roll_deg"":-12.0,""pitch_deg"":1.7,""steady"":true}"
1.360,left_hand,og,flick_angles,,"{""side_deg"":-6.5,""fwd_deg"":11.6}"
1.360,left_hand,og,acc,959890,"{""seq"":64,""x_mg"":216,""y_mg"":-124,""z_mg"":956}"
1.360,left_hand,og,tilt,,"{""roll_deg"":-12.4,""pitch_deg"":2.2,""steady"":true}"
1.360,left_hand,og,flick_angles,,"{""side_deg"":-6.8,""fwd_deg"":12.0}"
1.391,left_hand,og,acc,959910,"{""seq"":65,""x_mg"":216,""y_mg"":-120,""z_mg"":952}"
1.391,left_hand,og,tilt,,"{""roll_deg"":-12.8,""pitch_deg"":2.6,""steady"":true}"
1.391,left_hand,og,flick_angles,,"{""side_deg"":-7.0,""fwd_deg"":12.3}"
1.422,left_hand,og,acc,959931,"{""seq"":66,""x_mg"":236,""y_mg"":-112,""z_mg"":948}"
1.422,left_hand,og,tilt,,"{""roll_deg"":-13.0,""pitch_deg"":3.0,""steady"":true}"
1.422,left_hand,og,flick_angles,,"{""side_deg"":-7.0,""fwd_deg"":12.5}"
1.422,left_hand,og,acc,959951,"{""seq"":67,""x_mg"":244,""y_mg"":-120,""z_mg"":932}"
1.422,left_hand,og,tilt,,"{""roll_deg"":-13.1,""pitch_deg"":3.6,""steady"":true}"
1.422,left_hand,og,flick_angles,,"{""side_deg"":-7.0,""fwd_deg"":13.2}"
1.453,left_hand,og,acc,959972,"{""seq"":68,""x_mg"":220,""y_mg"":-108,""z_mg"":940}"
1.453,left_hand,og,tilt,,"{""roll_deg"":-13.2,""pitch_deg"":4.1,""steady"":true}"
1.453,left_hand,og,flick_angles,,"{""side_deg"":-6.8,""fwd_deg"":13.5}"
1.485,left_hand,og,acc,959993,"{""seq"":69,""x_mg"":212,""y_mg"":-92,""z_mg"":952}"
1.485,left_hand,og,tilt,,"{""roll_deg"":-13.2,""pitch_deg"":4.3,""steady"":true}"
1.485,left_hand,og,flick_angles,,"{""side_deg"":-6.6,""fwd_deg"":13.3}"
1.485,left_hand,og,acc,960013,"{""seq"":70,""x_mg"":216,""y_mg"":-100,""z_mg"":944}"
1.485,left_hand,og,tilt,,"{""roll_deg"":-13.2,""pitch_deg"":4.4,""steady"":true}"
1.485,left_hand,og,flick_angles,,"{""side_deg"":-6.2,""fwd_deg"":13.1}"
1.500,left_hand,og,acc,960034,"{""seq"":71,""x_mg"":216,""y_mg"":-84,""z_mg"":964}"
1.500,left_hand,og,tilt,,"{""roll_deg"":-13.2,""pitch_deg"":4.4,""steady"":true}"
1.500,left_hand,og,flick_angles,,"{""side_deg"":-5.8,""fwd_deg"":12.8}"
1.531,left_hand,og,acc,960054,"{""seq"":72,""x_mg"":212,""y_mg"":-64,""z_mg"":976}"
1.531,left_hand,og,tilt,,"{""roll_deg"":-13.2,""pitch_deg"":4.4,""steady"":true}"
1.531,left_hand,og,flick_angles,,"{""side_deg"":-5.3,""fwd_deg"":12.7}"
1.563,left_hand,og,acc,960075,"{""seq"":73,""x_mg"":216,""y_mg"":-68,""z_mg"":980}"
1.563,left_hand,og,tilt,,"{""roll_deg"":-13.2,""pitch_deg"":4.4,""steady"":true}"
1.563,left_hand,og,flick_angles,,"{""side_deg"":-4.6,""fwd_deg"":12.6}"
1.563,left_hand,og,acc,960095,"{""seq"":74,""x_mg"":212,""y_mg"":-60,""z_mg"":976}"
1.563,left_hand,og,tilt,,"{""roll_deg"":-13.2,""pitch_deg"":4.4,""steady"":true}"
1.563,left_hand,og,flick_angles,,"{""side_deg"":-4.1,""fwd_deg"":12.4}"
1.610,left_hand,og,acc,960116,"{""seq"":75,""x_mg"":204,""y_mg"":-68,""z_mg"":984}"
1.610,left_hand,og,tilt,,"{""roll_deg"":-13.1,""pitch_deg"":4.4,""steady"":true}"
1.610,left_hand,og,flick_angles,,"{""side_deg"":-4.0,""fwd_deg"":12.3}"
1.641,left_hand,og,acc,960137,"{""seq"":76,""x_mg"":196,""y_mg"":-56,""z_mg"":992}"
1.641,left_hand,og,tilt,,"{""roll_deg"":-12.9,""pitch_deg"":4.4,""steady"":true}"
1.641,left_hand,og,flick_angles,,"{""side_deg"":-3.7,""fwd_deg"":12.0}"
1.641,left_hand,og,acc,960157,"{""seq"":77,""x_mg"":184,""y_mg"":-40,""z_mg"":1004}"
1.641,left_hand,og,tilt,,"{""roll_deg"":-12.6,""pitch_deg"":4.4,""steady"":true}"
1.641,left_hand,og,flick_angles,,"{""side_deg"":-3.4,""fwd_deg"":11.6}"
1.672,left_hand,og,acc,960178,"{""seq"":78,""x_mg"":188,""y_mg"":-56,""z_mg"":992}"
1.672,left_hand,og,tilt,,"{""roll_deg"":-12.3,""pitch_deg"":4.4,""steady"":true}"
1.672,left_hand,og,flick_angles,,"{""side_deg"":-3.3,""fwd_deg"":11.1}"
1.688,left_hand,og,acc,960198,"{""seq"":79,""x_mg"":192,""y_mg"":-84,""z_mg"":992}"
1.688,left_hand,og,tilt,,"{""roll_deg"":-12.1,""pitch_deg"":4.4,""steady"":true}"
1.688,left_hand,og,flick_angles,,"{""side_deg"":-3.2,""fwd_deg"":10.9}"
1.688,left_hand,og,acc,960219,"{""seq"":80,""x_mg"":196,""y_mg"":-96,""z_mg"":976}"
1.688,left_hand,og,tilt,,"{""roll_deg"":-12.1,""pitch_deg"":4.4,""steady"":true}"
1.688,left_hand,og,flick_angles,,"{""side_deg"":-4.0,""fwd_deg"":10.9}"
1.719,left_hand,og,acc,960239,"{""seq"":81,""x_mg"":192,""y_mg"":-72,""z_mg"":992}"
1.719,left_hand,og,tilt,,"{""roll_deg"":-12.1,""pitch_deg"":4.4,""steady"":true}"
1.719,left_hand,og,flick_angles,,"{""side_deg"":-4.4,""fwd_deg"":10.9}"
1.750,left_hand,og,acc,960260,"{""seq"":82,""x_mg"":172,""y_mg"":-72,""z_mg"":992}"
1.750,left_hand,og,tilt,,"{""roll_deg"":-12.1,""pitch_deg"":4.4,""steady"":true}"
1.750,left_hand,og,flick_angles,,"{""side_deg"":-4.2,""fwd_deg"":10.9}"
1.781,left_hand,og,acc,960281,"{""seq"":83,""x_mg"":184,""y_mg"":-156,""z_mg"":964}"
1.781,left_hand,og,tilt,,"{""roll_deg"":-12.0,""pitch_deg"":4.4,""steady"":true}"
1.781,left_hand,og,flick_angles,,"{""side_deg"":-4.2,""fwd_deg"":10.8}"
1.781,left_hand,og,acc,960301,"{""seq"":84,""x_mg"":208,""y_mg"":-200,""z_mg"":968}"
1.781,left_hand,og,tilt,,"{""roll_deg"":-12.0,""pitch_deg"":4.3,""steady"":true}"
1.781,left_hand,og,flick_angles,,"{""side_deg"":-6.6,""fwd_deg"":10.7}"
1.813,left_hand,og,acc,960322,"{""seq"":85,""x_mg"":200,""y_mg"":-168,""z_mg"":960}"
1.813,left_hand,og,tilt,,"{""roll_deg"":-12.1,""pitch_deg"":4.3,""steady"":true}"
1.813,left_hand,og,flick_angles,,"{""side_deg"":-8.2,""fwd_deg"":11.2}"
1.844,left_hand,og,acc,960342,"{""seq"":86,""x_mg"":212,""y_mg"":-128,""z_mg"":984}"
1.844,left_hand,og,tilt,,"{""roll_deg"":-12.8,""pitch_deg"":4.3,""steady"":true}"
1.844,left_hand,og,flick_angles,,"{""side_deg"":-8.9,""fwd_deg"":11.5}"
1.844,left_hand,og,acc,960363,"{""seq"":87,""x_mg"":208,""y_mg"":-132,""z_mg"":972}"
1.844,left_hand,og,tilt,,"{""roll_deg"":-13.1,""pitch_deg"":4.3,""steady"":true}"
1.844,left_hand,og,flick_angles,,"{""side_deg"":-8.3,""fwd_deg"":11.7}"
1.875,left_hand,og,acc,960383,"{""seq"":88,""x_mg"":216,""y_mg"":-128,""z_mg"":980}"
1.875,left_hand,og,tilt,,"{""roll_deg"":-13.2,""pitch_deg"":4.3,""steady"":true}"
1.875,left_hand,og,flick_angles,,"{""side_deg"":-7.8,""fwd_deg"":11.9}"
1.891,left_hand,og,acc,960404,"{""seq"":89,""x_mg"":204,""y_mg"":-120,""z_mg"":960}"
1.891,left_hand,og,tilt,,"{""roll_deg"":-13.4,""pitch_deg"":4.3,""steady"":true}"
1.891,left_hand,og,flick_angles,,"{""side_deg"":-7.5,""fwd_deg"":11.9}"
1.891,left_hand,og,acc,960425,"{""seq"":90,""x_mg"":196,""y_mg"":-100,""z_mg"":968}"
1.891,left_hand,og,tilt,,"{""roll_deg"":-13.4,""pitch_deg"":4.3,""steady"":true}"
1.891,left_hand,og,flick_angles,,"{""side_deg"":-7.2,""fwd_deg"":11.9}"
1.922,left_hand,og,acc,960445,"{""seq"":91,""x_mg"":204,""y_mg"":-128,""z_mg"":960}"
1.922,left_hand,og,tilt,,"{""roll_deg"":-13.5,""pitch_deg"":4.3,""steady"":true}"
1.922,left_hand,og,flick_angles,,"{""side_deg"":-7.1,""fwd_deg"":11.9}"
1.953,left_hand,og,acc,960466,"{""seq"":92,""x_mg"":228,""y_mg"":-156,""z_mg"":952}"
1.953,left_hand,og,tilt,,"{""roll_deg"":-13.6,""pitch_deg"":4.3,""steady"":true}"
1.953,left_hand,og,flick_angles,,"{""side_deg"":-7.3,""fwd_deg"":11.9}"
1.985,left_hand,og,acc,960486,"{""seq"":93,""x_mg"":216,""y_mg"":-116,""z_mg"":956}"
1.985,left_hand,og,tilt,,"{""roll_deg"":-13.7,""pitch_deg"":4.3,""steady"":true}"
1.985,left_hand,og,flick_angles,,"{""side_deg"":-7.3,""fwd_deg"":12.3}"
1.985,left_hand,og,acc,960507,"{""seq"":94,""x_mg"":220,""y_mg"":-120,""z_mg"":956}"
1.985,left_hand,og,tilt,,"{""roll_deg"":-13.7,""pitch_deg"":4.3,""steady"":true}"
1.985,left_hand,og,flick_angles,,"{""side_deg"":-7.2,""fwd_deg"":12.6}"
2.016,left_hand,og,acc,960527,"{""seq"":95,""x_mg"":220,""y_mg"":-124,""z_mg"":960}"
2.016,left_hand,og,tilt,,"{""roll_deg"":-13.7,""pitch_deg"":4.3,""steady"":true}"
2.016,left_hand,og,flick_angles,,"{""side_deg"":-7.1,""fwd_deg"":12.7}"
2.016,left_hand,og,acc,960548,"{""seq"":96,""x_mg"":212,""y_mg"":-116,""z_mg"":968}"
2.016,left_hand,og,tilt,,"{""roll_deg"":-13.7,""pitch_deg"":4.3,""steady"":true}"
2.016,left_hand,og,flick_angles,,"{""side_deg"":-7.0,""fwd_deg"":12.7}"
2.047,left_hand,og,acc,960569,"{""seq"":97,""x_mg"":220,""y_mg"":-120,""z_mg"":968}"
2.047,left_hand,og,tilt,,"{""roll_deg"":-13.7,""pitch_deg"":4.3,""steady"":true}"
2.047,left_hand,og,flick_angles,,"{""side_deg"":-7.0,""fwd_deg"":12.7}"
2.078,left_hand,og,acc,960589,"{""seq"":98,""x_mg"":212,""y_mg"":-104,""z_mg"":972}"
2.094,left_hand,og,tremor,,"{""rms_mg"":15.1,""peak_hz"":4.4}"
2.094,left_hand,og,tilt,,"{""roll_deg"":-13.7,""pitch_deg"":4.3,""steady"":true}"
2.094,left_hand,og,flick_angles,,"{""side_deg"":-6.8,""fwd_deg"":12.5}"
2.094,left_hand,og,acc,960610,"{""seq"":99,""x_mg"":212,""y_mg"":-100,""z_mg"":968}"
2.094,left_hand,og,tilt,,"{""roll_deg"":-13.7,""pitch_deg"":4.3,""steady"":true}"
2.094,left_hand,og,flick_angles,,"{""side_deg"":-6.4,""fwd_deg"":12.4}"
2.110,left_hand,og,acc,960630,"{""seq"":100,""x_mg"":212,""y_mg"":-116,""z_mg"":960}"
2.110,left_hand,og,tilt,,"{""roll_deg"":-13.7,""pitch_deg"":4.3,""steady"":true}"
2.110,left_hand,og,flick_angles,,"{""side_deg"":-6.2,""fwd_deg"":12.3}"
2.141,left_hand,og,acc,960651,"{""seq"":101,""x_mg"":212,""y_mg"":-116,""z_mg"":968}"
2.141,left_hand,og,tilt,,"{""roll_deg"":-13.7,""pitch_deg"":4.3,""steady"":true}"
2.141,left_hand,og,flick_angles,,"{""side_deg"":-6.4,""fwd_deg"":12.3}"
2.141,left_hand,og,acc,960671,"{""seq"":102,""x_mg"":216,""y_mg"":-112,""z_mg"":976}"
2.141,left_hand,og,tilt,,"{""roll_deg"":-13.7,""pitch_deg"":4.3,""steady"":true}"
2.141,left_hand,og,flick_angles,,"{""side_deg"":-6.6,""fwd_deg"":12.3}"
2.172,left_hand,og,acc,960692,"{""seq"":103,""x_mg"":208,""y_mg"":-112,""z_mg"":976}"
2.172,left_hand,og,tilt,,"{""roll_deg"":-13.7,""pitch_deg"":4.3,""steady"":true}"
2.172,left_hand,og,flick_angles,,"{""side_deg"":-6.5,""fwd_deg"":12.3}"
2.219,left_hand,og,acc,960713,"{""seq"":104,""x_mg"":208,""y_mg"":-108,""z_mg"":972}"
2.219,left_hand,og,tilt,,"{""roll_deg"":-13.7,""pitch_deg"":4.3,""steady"":true}"
2.219,left_hand,og,flick_angles,,"{""side_deg"":-6.4,""fwd_deg"":12.2}"
2.219,left_hand,og,acc,960733,"{""seq"":105,""x_mg"":212,""y_mg"":-112,""z_mg"":968}"
2.219,left_hand,og,tilt,,"{""roll_deg"":-13.7,""pitch_deg"":4.3,""steady"":true}"
2.219,left_hand,og,flick_angles,,"{""side_deg"":-6.4,""fwd_deg"":12.1}"
2.250,left_hand,og,acc,960754,"{""seq"":106,""x_mg"":216,""y_mg"":-120,""z_mg"":972}"
2.250,left_hand,og,tilt,,"{""roll_deg"":-13.7,""pitch_deg"":4.3,""steady"":true}"
2.250,left_hand,og,flick_angles,,"{""side_deg"":-6.4,""fwd_deg"":12.2}"
2.281,left_hand,og,acc,960774,"{""seq"":107,""x_mg"":208,""y_mg"":-124,""z_mg"":964}"
2.281,left_hand,og,tilt,,"{""roll_deg"":-13.7,""pitch_deg"":4.3,""steady"":true}"
2.281,left_hand,og,flick_angles,,"{""side_deg"":-6.7,""fwd_deg"":12.2}"
2.281,left_hand,og,acc,960795,"{""seq"":108,""x_mg"":212,""y_mg"":-120,""z_mg"":968}"
2.281,left_hand,og,tilt,,"{""roll_deg"":-13.7,""pitch_deg"":4.3,""steady"":true}"
2.281,left_hand,og,flick_angles,,"{""side_deg"":-6.8,""fwd_deg"":12.2}"
2.313,left_hand,og,acc,960815,"{""seq"":109,""x_mg"":216,""y_mg"":-120,""z_mg"":964}"
2.313,left_hand,og,tilt,,"{""roll_deg"":-13.7,""pitch_deg"":4.3,""steady"":true}"
2.313,left_hand,og,flick_angles,,"{""side_deg"":-6.9,""fwd_deg"":12.3}"
2.313,left_hand,og,acc,960836,"{""seq"":110,""x_mg"":204,""y_mg"":-116,""z_mg"":960}"
2.313,left_hand,og,tilt,,"{""roll_deg"":-13.7,""pitch_deg"":4.3,""steady"":true}"
2.313,left_hand,og,flick_angles,,"{""side_deg"":-6.9,""fwd_deg"":12.3}"
2.344,left_hand,og,acc,960856,"{""seq"":111,""x_mg"":208,""y_mg"":-112,""z_mg"":968}"
2.344,left_hand,og,tilt,,"{""roll_deg"":-13.7,""pitch_deg"":4.3,""steady"":true}"
2.344,left_hand,og,flick_angles,,"{""side_deg"":-6.8,""fwd_deg"":12.2}"
2.375,left_hand,og,acc,960877,"{""seq"":112,""x_mg"":200,""y_mg"":-116,""z_mg"":956}"
2.375,left_hand,og,tilt,,"{""roll_deg"":-13.7,""pitch_deg"":4.3,""steady"":true}"
2.375,left_hand,og,flick_angles,,"{""side_deg"":-6.8,""fwd_deg"":12.0}"
2.375,left_hand,og,acc,960898,"{""seq"":113,""x_mg"":200,""y_mg"":-108,""z_mg"":964}"
2.375,left_hand,og,tilt,,"{""roll_deg"":-13.7,""pitch_deg"":4.3,""steady"":true}"
2.375,left_hand,og,flick_angles,,"{""side_deg"":-6.6,""fwd_deg"":11.9}"
2.406,left_hand,og,acc,960918,"{""seq"":114,""x_mg"":208,""y_mg"":-112,""z_mg"":976}"
2.406,left_hand,og,tilt,,"{""roll_deg"":-13.7,""pitch_deg"":4.3,""steady"":true}"
2.406,left_hand,og,flick_angles,,"{""side_deg"":-6.5,""fwd_deg"":11.8}"
2.438,left_hand,og,acc,960939,"{""seq"":115,""x_mg"":196,""y_mg"":-116,""z_mg"":972}"
2.438,left_hand,og,tilt,,"{""roll_deg"":-13.7,""pitch_deg"":4.3,""steady"":true}"
2.438,left_hand,og,flick_angles,,"{""side_deg"":-6.5,""fwd_deg"":11.7}"
2.438,left_hand,og,acc,960959,"{""seq"":116,""x_mg"":196,""y_mg"":-96,""z_mg"":980}"
2.438,left_hand,og,tilt,,"{""roll_deg"":-13.7,""pitch_deg"":4.3,""steady"":true}"
2.438,left_hand,og,flick_angles,,"{""side_deg"":-6.4,""fwd_deg"":11.5}"
2.469,left_hand,og,acc,960980,"{""seq"":117,""x_mg"":184,""y_mg"":-108,""z_mg"":980}"
2.469,left_hand,og,tilt,,"{""roll_deg"":-13.7,""pitch_deg"":4.3,""steady"":true}"
2.469,left_hand,og,flick_angles,,"{""side_deg"":-6.3,""fwd_deg"":11.4}"
2.500,left_hand,og,acc,961000,"{""seq"":118,""x_mg"":188,""y_mg"":-100,""z_mg"":988}"
2.500,left_hand,og,tilt,,"{""roll_deg"":-13.7,""pitch_deg"":4.3,""steady"":true}"
2.500,left_hand,og,flick_angles,,"{""side_deg"":-6.0,""fwd_deg"":11.1}"
2.500,left_hand,og,acc,961021,"{""seq"":119,""x_mg"":180,""y_mg"":-112,""z_mg"":984}"
2.500,left_hand,og,tilt,,"{""roll_deg"":-13.7,""pitch_deg"":4.3,""steady"":true}"
2.500,left_hand,og,flick_angles,,"{""side_deg"":-6.1,""fwd_deg"":10.8}"
2.531,left_hand,og,acc,961042,"{""seq"":120,""x_mg"":184,""y_mg"":-108,""z_mg"":984}"
2.531,left_hand,og,tilt,,"{""roll_deg"":-13.7,""pitch_deg"":4.3,""steady"":true}"
2.531,left_hand,og,flick_angles,,"{""side_deg"":-6.1,""fwd_deg"":10.7}"
2.547,left_hand,og,acc,961062,"{""seq"":121,""x_mg"":180,""y_mg"":-112,""z_mg"":984}"
2.547,left_hand,og,tilt,,"{""roll_deg"":-13.7,""pitch_deg"":4.2,""steady"":true}"
2.547,left_hand,og,flick_angles,,"{""side_deg"":-6.3,""fwd_deg"":10.5}"
2.578,left_hand,og,acc,961083,"{""seq"":122,""x_mg"":180,""y_mg"":-120,""z_mg"":984}"
2.578,left_hand,og,tilt,,"{""roll_deg"":-13.7,""pitch_deg"":4.0,""steady"":true}"
2.578,left_hand,og,flick_angles,,"{""side_deg"":-6.3,""fwd_deg"":10.4}"
2.578,left_hand,og,acc,961103,"{""seq"":123,""x_mg"":184,""y_mg"":-112,""z_mg"":968}"
2.578,left_hand,og,tilt,,"{""roll_deg"":-13.7,""pitch_deg"":3.9,""steady"":true}"
2.578,left_hand,og,flick_angles,,"{""side_deg"":-6.4,""fwd_deg"":10.3}"
2.610,left_hand,og,acc,961124,"{""seq"":124,""x_mg"":180,""y_mg"":-112,""z_mg"":976}"
2.610,left_hand,og,tilt,,"{""roll_deg"":-13.7,""pitch_deg"":3.8,""steady"":true}"
2.610,left_hand,og,flick_angles,,"{""side_deg"":-6.4,""fwd_deg"":10.4}"
2.641,left_hand,og,acc,961144,"{""seq"":125,""x_mg"":164,""y_mg"":-140,""z_mg"":976}"
2.641,left_hand,og,tilt,,"{""roll_deg"":-13.7,""pitch_deg"":3.7,""steady"":true}"
2.641,left_hand,og,flick_angles,,"{""side_deg"":-6.5,""fwd_deg"":10.4}"
2.641,left_hand,og,acc,961165,"{""seq"":126,""x_mg"":196,""y_mg"":-124,""z_mg"":1012}"
2.641,left_hand,og,tilt,,"{""roll_deg"":-13.7,""pitch_deg"":3.6,""steady"":true}"
2.641,left_hand,og,flick_angles,,"{""side_deg"":-6.7,""fwd_deg"":10.4}"
2.672,left_hand,og,acc,961186,"{""seq"":127,""x_mg"":204,""y_mg"":-68,""z_mg"":992}"
2.672,left_hand,og,tilt,,"{""roll_deg"":-13.7,""pitch_deg"":3.6,""steady"":true}"
2.672,left_hand,og,flick_angles,,"{""side_deg"":-6.8,""fwd_deg"":10.6}"
2.703,left_hand,og,acc,961206,"{""seq"":128,""x_mg"":188,""y_mg"":-36,""z_mg"":988}"
2.703,left_hand,og,tilt,,"{""roll_deg"":-13.7,""pitch_deg"":3.6,""steady"":true}"
2.703,left_hand,og,flick_angles,,"{""side_deg"":-5.3,""fwd_deg"":10.8}"
2.719,left_hand,og,acc,961227,"{""seq"":129,""x_mg"":180,""y_mg"":-84,""z_mg"":1128}"
2.719,left_hand,og,tilt,,"{""roll_deg"":-13.5,""pitch_deg"":3.6,""steady"":true}"
2.719,left_hand,og,flick_angles,,"{""side_deg"":-4.6,""fwd_deg"":10.8}"
2.735,left_hand,og,acc,961247,"{""seq"":130,""x_mg"":232,""y_mg"":-120,""z_mg"":1336}"
2.735,left_hand,og,tilt,,"{""roll_deg"":-13.5,""pitch_deg"":3.6,""steady"":false}"
2.735,left_hand,og,flick_angles,,"{""side_deg"":-4.4,""fwd_deg"":10.3}"
2.735,left_hand,og,acc,961268,"{""seq"":131,""x_mg"":272,""y_mg"":-96,""z_mg"":1584}"
2.735,left_hand,og,tilt,,"{""roll_deg"":-13.5,""pitch_deg"":3.6,""steady"":false}"
2.735,left_hand,og,flick_angles,,"{""side_deg"":-4.3,""fwd_deg"":10.0}"
2.766,left_hand,og,acc,961288,"{""seq"":132,""x_mg"":240,""y_mg"":-48,""z_mg"":1876}"
2.766,left_hand,og,tilt,,"{""roll_deg"":-13.5,""pitch_deg"":3.6,""steady"":false}"
2.766,left_hand,og,flick_angles,,"{""side_deg"":-3.9,""fwd_deg"":9.9}"
2.797,left_hand,og,acc,961309,"{""seq"":133,""x_mg"":40,""y_mg"":-36,""z_mg"":2040}"
2.797,left_hand,og,tilt,,"{""roll_deg"":-13.5,""pitch_deg"":3.6,""steady"":false}"
2.797,left_hand,og,flick_angles,,"{""side_deg"":-2.7,""fwd_deg"":8.6}"
2.797,left_hand,og,acc,961329,"{""seq"":134,""x_mg"":-136,""y_mg"":-96,""z_mg"":2036}"
2.797,left_hand,og,tilt,,"{""roll_deg"":-13.5,""pitch_deg"":3.6,""steady"":false}"
2.797,left_hand,og,flick_angles,,"{""side_deg"":-2.1,""fwd_deg"":4.9}"
2.828,left_hand,og,acc,961350,"{""seq"":135,""x_mg"":-184,""y_mg"":-312,""z_mg"":2004}"
2.828,left_hand,og,tilt,,"{""roll_deg"":-13.5,""pitch_deg"":3.6,""steady"":false}"
2.828,left_hand,og,flick_angles,,"{""side_deg"":-2.4,""fwd_deg"":0.5}"
2.828,left_hand,game,flick,,"{""dir"":""down"",""result"":""none""}"
2.860,left_hand,og,acc,961371,"{""seq"":136,""x_mg"":-160,""y_mg"":-496,""z_mg"":1784}"
2.860,left_hand,og,tilt,,"{""roll_deg"":-13.5,""pitch_deg"":3.6,""steady"":false}"
2.860,left_hand,og,flick_angles,,"{""side_deg"":-5.6,""fwd_deg"":-2.2}"
2.860,left_hand,og,acc,961391,"{""seq"":137,""x_mg"":-68,""y_mg"":-224,""z_mg"":1268}"
2.860,left_hand,og,tilt,,"{""roll_deg"":-12.7,""pitch_deg"":2.8,""steady"":true}"
2.860,left_hand,og,flick_angles,,"{""side_deg"":-7.8,""fwd_deg"":-3.6}"
2.891,left_hand,og,acc,961412,"{""seq"":138,""x_mg"":-16,""y_mg"":36,""z_mg"":924}"
2.891,left_hand,og,tilt,,"{""roll_deg"":-12.6,""pitch_deg"":0.5,""steady"":true}"
2.891,left_hand,og,flick_angles,,"{""side_deg"":-8.9,""fwd_deg"":-3.3}"
2.938,left_hand,og,acc,961432,"{""seq"":139,""x_mg"":88,""y_mg"":228,""z_mg"":548}"
2.938,left_hand,og,tilt,,"{""roll_deg"":-12.6,""pitch_deg"":0.5,""steady"":false}"
2.938,left_hand,og,flick_angles,,"{""side_deg"":-3.3,""fwd_deg"":-2.1}"
2.938,left_hand,og,acc,961453,"{""seq"":140,""x_mg"":180,""y_mg"":244,""z_mg"":244}"
2.938,left_hand,og,tilt,,"{""roll_deg"":-12.6,""pitch_deg"":0.5,""steady"":false}"
2.938,left_hand,og,flick_angles,,"{""side_deg"":9.5,""fwd_deg"":3.1}"
2.969,left_hand,og,acc,961473,"{""seq"":141,""x_mg"":236,""y_mg"":176,""z_mg"":28}"
2.969,left_hand,og,tilt,,"{""roll_deg"":-12.6,""pitch_deg"":0.5,""steady"":false}"
2.969,left_hand,og,flick_angles,,"{""side_deg"":23.0,""fwd_deg"":15.3}"
3.000,left_hand,og,acc,961494,"{""seq"":142,""x_mg"":332,""y_mg"":16,""z_mg"":-40}"
3.000,left_hand,og,tilt,,"{""roll_deg"":-12.6,""pitch_deg"":0.5,""steady"":false}"
3.000,left_hand,og,flick_angles,,"{""side_deg"":29.8,""fwd_deg"":34.1}"
3.000,left_hand,og,acc,961515,"{""seq"":143,""x_mg"":412,""y_mg"":-72,""z_mg"":-32}"
3.000,left_hand,og,tilt,,"{""roll_deg"":-12.6,""pitch_deg"":0.5,""steady"":false}"
3.000,left_hand,og,flick_angles,,"{""side_deg"":16.3,""fwd_deg"":56.7}"
3.031,left_hand,og,acc,961535,"{""seq"":144,""x_mg"":460,""y_mg"":-136,""z_mg"":-12}"
3.031,left_hand,og,tilt,,"{""roll_deg"":-12.6,""pitch_deg"":0.5,""steady"":false}"
3.031,left_hand,og,flick_angles,,"{""side_deg"":3.2,""fwd_deg"":67.9}"
3.031,left_hand,og,acc,961556,"{""seq"":145,""x_mg"":496,""y_mg"":-232,""z_mg"":-4}"
3.031,left_hand,og,tilt,,"{""roll_deg"":-12.6,""pitch_deg"":0.5,""steady"":false}"
3.031,left_hand,og,flick_angles,,"{""side_deg"":-6.6,""fwd_deg"":70.7}"
3.063,left_hand,og,acc,961576,"{""seq"":146,""x_mg"":544,""y_mg"":-312,""z_mg"":64}"
3.063,left_hand,og,tilt,,"{""roll_deg"":-12.6,""pitch_deg"":0.5,""steady"":false}"
3.063,left_hand,og,flick_angles,,"{""side_deg"":-15.9,""fwd_deg"":67.8}"
3.094,left_hand,og,acc,961597,"{""seq"":147,""x_mg"":632,""y_mg"":-352,""z_mg"":212}"
3.094,left_hand,og,tilt,,"{""roll_deg"":-13.8,""pitch_deg"":-5.3,""steady"":true}"
3.094,left_hand,og,flick_angles,,"{""side_deg"":-21.8,""fwd_deg"":63.7}"
3.094,left_hand,og,acc,961617,"{""seq"":148,""x_mg"":644,""y_mg"":-396,""z_mg"":408}"
3.094,left_hand,og,tilt,,"{""roll_deg"":-19.2,""pitch_deg"":11.1,""steady"":true}"
3.094,left_hand,og,flick_angles,,"{""side_deg"":-24.8,""fwd_deg"":60.4}"
3.125,left_hand,og,acc,961638,"{""seq"":149,""x_mg"":636,""y_mg"":-460,""z_mg"":492}"
3.125,left_hand,og,tilt,,"{""roll_deg"":-24.8,""pitch_deg"":25.6,""steady"":true}"
3.125,left_hand,og,flick_angles,,"{""side_deg"":-26.3,""fwd_deg"":54.5}"
3.156,left_hand,og,acc,961658,"{""seq"":150,""x_mg"":664,""y_mg"":-568,""z_mg"":516}"
3.156,left_hand,og,tilt,,"{""roll_deg"":-29.4,""pitch_deg"":30.4,""steady"":true}"
3.156,left_hand,og,flick_angles,,"{""side_deg"":-28.1,""fwd_deg"":48.9}"
3.156,left_hand,og,acc,961679,"{""seq"":151,""x_mg"":720,""y_mg"":-624,""z_mg"":592}"
3.156,left_hand,og,tilt,,"{""roll_deg"":-34.3,""pitch_deg"":31.6,""steady"":true}"
3.156,left_hand,og,flick_angles,,"{""side_deg"":-30.9,""fwd_deg"":44.9}"
3.172,left_hand,og,acc,961700,"{""seq"":152,""x_mg"":716,""y_mg"":-576,""z_mg"":684}"
3.172,left_hand,og,tilt,,"{""roll_deg"":-37.0,""pitch_deg"":31.7,""steady"":true}"
3.172,left_hand,og,flick_angles,,"{""side_deg"":-32.4,""fwd_deg"":42.4}"
3.203,left_hand,og,acc,961720,"{""seq"":153,""x_mg"":692,""y_mg"":-492,""z_mg"":712}"
3.203,left_hand,og,tilt,,"{""roll_deg"":-37.0,""pitch_deg"":31.7,""steady"":true}"
3.203,left_hand,og,flick_angles,,"{""side_deg"":-31.3,""fwd_deg"":40.5}"
3.235,left_hand,og,acc,961741,"{""seq"":154,""x_mg"":676,""y_mg"":-500,""z_mg"":700}"
3.235,left_hand,og,tilt,,"{""roll_deg"":-36.7,""pitch_deg"":31.7,""steady"":true}"
3.235,left_hand,og,flick_angles,,"{""side_deg"":-29.2,""fwd_deg"":39.6}"
3.235,left_hand,og,acc,961761,"{""seq"":155,""x_mg"":664,""y_mg"":-536,""z_mg"":736}"
3.235,left_hand,og,tilt,,"{""roll_deg"":-36.1,""pitch_deg"":31.5,""steady"":true}"
3.235,left_hand,og,flick_angles,,"{""side_deg"":-28.2,""fwd_deg"":38.9}"
3.266,left_hand,og,acc,961782,"{""seq"":156,""x_mg"":648,""y_mg"":-520,""z_mg"":736}"
3.266,left_hand,og,tilt,,"{""roll_deg"":-35.9,""pitch_deg"":30.7,""steady"":true}"
3.266,left_hand,og,flick_angles,,"{""side_deg"":-28.1,""fwd_deg"":37.5}"
3.297,left_hand,og,acc,961802,"{""seq"":157,""x_mg"":656,""y_mg"":-496,""z_mg"":680}"
3.297,left_hand,og,tilt,,"{""roll_deg"":-35.8,""pitch_deg"":30.2,""steady"":true}"
3.297,left_hand,og,flick_angles,,"{""side_deg"":-28.0,""fwd_deg"":36.8}"
3.297,left_hand,og,acc,961823,"{""seq"":158,""x_mg"":668,""y_mg"":-476,""z_mg"":640}"
3.297,left_hand,og,tilt,,"{""roll_deg"":-35.7,""pitch_deg"":30.2,""steady"":true}"
3.297,left_hand,og,flick_angles,,"{""side_deg"":-27.9,""fwd_deg"":37.4}"
3.328,left_hand,og,acc,961844,"{""seq"":159,""x_mg"":648,""y_mg"":-416,""z_mg"":624}"
3.328,left_hand,og,tilt,,"{""roll_deg"":-35.5,""pitch_deg"":30.2,""steady"":true}"
3.328,left_hand,og,flick_angles,,"{""side_deg"":-27.5,""fwd_deg"":38.7}"
3.344,left_hand,og,acc,961864,"{""seq"":160,""x_mg"":652,""y_mg"":-388,""z_mg"":580}"
3.344,left_hand,og,tilt,,"{""roll_deg"":-34.9,""pitch_deg"":30.9,""steady"":true}"
3.344,left_hand,og,flick_angles,,"{""side_deg"":-26.2,""fwd_deg"":39.7}"
3.344,left_hand,og,acc,961885,"{""seq"":161,""x_mg"":648,""y_mg"":-348,""z_mg"":612}"
3.344,left_hand,og,tilt,,"{""roll_deg"":-34.4,""pitch_deg"":31.9,""steady"":true}"
3.344,left_hand,og,flick_angles,,"{""side_deg"":-25.1,""fwd_deg"":41.2}"
3.375,left_hand,og,acc,961905,"{""seq"":162,""x_mg"":632,""y_mg"":-352,""z_mg"":644}"
3.375,left_hand,og,tilt,,"{""roll_deg"":-34.1,""pitch_deg"":32.7,""steady"":true}"
3.375,left_hand,og,flick_angles,,"{""side_deg"":-23.2,""fwd_deg"":41.9}"
3.406,left_hand,og,acc,961926,"{""seq"":163,""x_mg"":628,""y_mg"":-360,""z_mg"":640}"
3.406,left_hand,og,tilt,,"{""roll_deg"":-33.5,""pitch_deg"":32.7,""steady"":true}"
3.406,left_hand,og,flick_angles,,"{""side_deg"":-22.3,""fwd_deg"":41.3}"
3.438,left_hand,og,acc,961946,"{""seq"":164,""x_mg"":624,""y_mg"":-360,""z_mg"":620}"
3.438,left_hand,og,tilt,,"{""roll_deg"":-32.8,""pitch_deg"":32.7,""steady"":true}"
3.438,left_hand,og,flick_angles,,"{""side_deg"":-22.1,""fwd_deg"":41.0}"
3.438,left_hand,og,acc,961967,"{""seq"":165,""x_mg"":592,""y_mg"":-380,""z_mg"":628}"
3.438,left_hand,og,tilt,,"{""roll_deg"":-32.3,""pitch_deg"":32.7,""steady"":true}"
3.438,left_hand,og,flick_angles,,"{""side_deg"":-22.2,""fwd_deg"":40.8}"
3.469,left_hand,og,acc,961987,"{""seq"":166,""x_mg"":612,""y_mg"":-420,""z_mg"":648}"
3.469,left_hand,og,tilt,,"{""roll_deg"":-32.1,""pitch_deg"":32.7,""steady"":true}"
3.469,left_hand,og,flick_angles,,"{""side_deg"":-23.0,""fwd_deg"":39.8}"
3.516,left_hand,og,acc,962008,"{""seq"":167,""x_mg"":616,""y_mg"":-424,""z_mg"":676}"
3.516,left_hand,og,tilt,,"{""roll_deg"":-32.1,""pitch_deg"":32.7,""steady"":true}"
3.516,left_hand,og,flick_angles,,"{""side_deg"":-23.9,""fwd_deg"":39.1}"
3.516,left_hand,og,acc,962029,"{""seq"":168,""x_mg"":616,""y_mg"":-416,""z_mg"":684}"
3.516,left_hand,og,tilt,,"{""roll_deg"":-32.1,""pitch_deg"":32.5,""steady"":true}"
3.516,left_hand,og,flick_angles,,"{""side_deg"":-24.4,""fwd_deg"":38.4}"
3.547,left_hand,og,acc,962049,"{""seq"":169,""x_mg"":612,""y_mg"":-436,""z_mg"":644}"
3.547,left_hand,og,tilt,,"{""roll_deg"":-32.1,""pitch_deg"":32.3,""steady"":true}"
3.547,left_hand,og,flick_angles,,"{""side_deg"":-24.6,""fwd_deg"":38.0}"
3.547,left_hand,og,acc,962070,"{""seq"":170,""x_mg"":668,""y_mg"":-460,""z_mg"":652}"
3.547,left_hand,og,tilt,,"{""roll_deg"":-32.1,""pitch_deg"":32.2,""steady"":true}"
3.547,left_hand,og,flick_angles,,"{""side_deg"":-25.4,""fwd_deg"":38.1}"
3.563,left_hand,og,acc,962090,"{""seq"":171,""x_mg"":664,""y_mg"":-468,""z_mg"":628}"
3.563,left_hand,og,tilt,,"{""roll_deg"":-32.1,""pitch_deg"":32.2,""steady"":true}"
3.563,left_hand,og,flick_angles,,"{""side_deg"":-25.8,""fwd_deg"":39.0}"
3.594,left_hand,og,acc,962111,"{""seq"":172,""x_mg"":668,""y_mg"":-464,""z_mg"":604}"
3.594,left_hand,og,tilt,,"{""roll_deg"":-32.1,""pitch_deg"":32.2,""steady"":true}"
3.594,left_hand,og,flick_angles,,"{""side_deg"":-26.5,""fwd_deg"":39.7}"
3.610,,game,miss,,"{""n"":1,""want"":""up""}"
3.625,left_hand,og,acc,962131,"{""seq"":173,""x_mg"":712,""y_mg"":-444,""z_mg"":592}"
3.625,left_hand,og,tilt,,"{""roll_deg"":-32.1,""pitch_deg"":32.2,""steady"":true}"
3.625,left_hand,og,flick_angles,,"{""side_deg"":-26.8,""fwd_deg"":40.5}"
3.656,left_hand,og,acc,962152,"{""seq"":174,""x_mg"":708,""y_mg"":-428,""z_mg"":572}"
3.656,left_hand,og,tilt,,"{""roll_deg"":-32.1,""pitch_deg"":32.3,""steady"":true}"
3.656,left_hand,og,flick_angles,,"{""side_deg"":-26.2,""fwd_deg"":42.2}"
3.656,left_hand,og,acc,962173,"{""seq"":175,""x_mg"":712,""y_mg"":-412,""z_mg"":548}"
3.656,left_hand,og,tilt,,"{""roll_deg"":-32.1,""pitch_deg"":33.1,""steady"":true}"
3.656,left_hand,og,flick_angles,,"{""side_deg"":-25.7,""fwd_deg"":43.5}"
3.688,left_hand,og,acc,962193,"{""seq"":176,""x_mg"":720,""y_mg"":-388,""z_mg"":528}"
3.688,left_hand,og,tilt,,"{""roll_deg"":-32.1,""pitch_deg"":34.2,""steady"":true}"
3.688,left_hand,og,flick_angles,,"{""side_deg"":-25.2,""fwd_deg"":44.8}"
3.688,left_hand,og,acc,962214,"{""seq"":177,""x_mg"":728,""y_mg"":-376,""z_mg"":524}"
3.688,left_hand,og,tilt,,"{""roll_deg"":-32.1,""pitch_deg"":35.6,""steady"":true}"
3.688,left_hand,og,flick_angles,,"{""side_deg"":-24.3,""fwd_deg"":46.2}"
3.719,left_hand,og,acc,962234,"{""seq"":178,""x_mg"":724,""y_mg"":-344,""z_mg"":544}"
3.719,left_hand,og,tilt,,"{""roll_deg"":-32.1,""pitch_deg"":36.8,""steady"":true}"
3.719,left_hand,og,flick_angles,,"{""side_deg"":-23.5,""fwd_deg"":47.3}"
3.750,left_hand,og,acc,962255,"{""seq"":179,""x_mg"":708,""y_mg"":-320,""z_mg"":536}"
3.750,left_hand,og,tilt,,"{""roll_deg"":-31.9,""pitch_deg"":37.8,""steady"":true}"
3.750,left_hand,og,flick_angles,,"{""side_deg"":-22.2,""fwd_deg"":47.9}"
3.750,left_hand,og,acc,962275,"{""seq"":180,""x_mg"":684,""y_mg"":-312,""z_mg"":508}"
3.750,left_hand,og,tilt,,"{""roll_deg"":-31.2,""pitch_deg"":38.6,""steady"":true}"
3.750,left_hand,og,flick_angles,,"{""side_deg"":-21.1,""fwd_deg"":48.2}"
3.766,left_hand,og,acc,962296,"{""seq"":181,""x_mg"":676,""y_mg"":-312,""z_mg"":556}"
3.766,left_hand,og,tilt,,"{""roll_deg"":-30.4,""pitch_deg"":39.1,""steady"":true}"
3.766,left_hand,og,flick_angles,,"{""side_deg"":-20.5,""fwd_deg"":48.4}"
3.797,left_hand,og,acc,962317,"{""seq"":182,""x_mg"":720,""y_mg"":-288,""z_mg"":592}"
3.797,left_hand,og,tilt,,"{""roll_deg"":-29.7,""pitch_deg"":39.2,""steady"":true}"
3.797,left_hand,og,flick_angles,,"{""side_deg"":-20.0,""fwd_deg"":48.0}"
3.828,left_hand,og,acc,962337,"{""seq"":183,""x_mg"":696,""y_mg"":-276,""z_mg"":596}"
3.828,left_hand,og,tilt,,"{""roll_deg"":-28.5,""pitch_deg"":39.2,""steady"":true}"
3.828,left_hand,og,flick_angles,,"{""side_deg"":-18.6,""fwd_deg"":47.3}"
3.860,left_hand,og,acc,962358,"{""seq"":184,""x_mg"":676,""y_mg"":-324,""z_mg"":584}"
3.860,left_hand,og,tilt,,"{""roll_deg"":-27.5,""pitch_deg"":39.2,""steady"":true}"
3.860,left_hand,og,flick_angles,,"{""side_deg"":-17.9,""fwd_deg"":47.0}"
3.860,left_hand,og,acc,962378,"{""seq"":185,""x_mg"":692,""y_mg"":-352,""z_mg"":612}"
3.860,left_hand,og,tilt,,"{""roll_deg"":-27.5,""pitch_deg"":39.2,""steady"":true}"
3.860,left_hand,og,flick_angles,,"{""side_deg"":-18.9,""fwd_deg"":46.2}"
3.891,left_hand,og,acc,962399,"{""seq"":186,""x_mg"":696,""y_mg"":-376,""z_mg"":616}"
3.891,left_hand,og,tilt,,"{""roll_deg"":-27.5,""pitch_deg"":39.2,""steady"":true}"
3.891,left_hand,og,flick_angles,,"{""side_deg"":-19.9,""fwd_deg"":45.3}"
3.891,left_hand,og,acc,962419,"{""seq"":187,""x_mg"":692,""y_mg"":-396,""z_mg"":580}"
3.891,left_hand,og,tilt,,"{""roll_deg"":-27.5,""pitch_deg"":38.9,""steady"":true}"
3.891,left_hand,og,flick_angles,,"{""side_deg"":-21.0,""fwd_deg"":44.9}"
3.922,left_hand,og,acc,962440,"{""seq"":188,""x_mg"":688,""y_mg"":-408,""z_mg"":588}"
3.922,left_hand,og,tilt,,"{""roll_deg"":-27.7,""pitch_deg"":38.7,""steady"":true}"
3.922,left_hand,og,flick_angles,,"{""side_deg"":-22.3,""fwd_deg"":44.4}"
3.953,left_hand,og,acc,962460,"{""seq"":189,""x_mg"":668,""y_mg"":-412,""z_mg"":612}"
3.953,left_hand,og,tilt,,"{""roll_deg"":-28.0,""pitch_deg"":38.6,""steady"":true}"
3.953,left_hand,og,flick_angles,,"{""side_deg"":-23.3,""fwd_deg"":44.1}"
3.953,left_hand,og,acc,962481,"{""seq"":190,""x_mg"":660,""y_mg"":-380,""z_mg"":616}"
3.953,left_hand,og,tilt,,"{""roll_deg"":-28.2,""pitch_deg"":38.2,""steady"":true}"
3.953,left_hand,og,flick_angles,,"{""side_deg"":-23.8,""fwd_deg"":43.3}"
3.969,left_hand,og,acc,962502,"{""seq"":191,""x_mg"":660,""y_mg"":-392,""z_mg"":600}"
3.969,left_hand,og,tilt,,"{""roll_deg"":-28.4,""pitch_deg"":37.8,""steady"":true}"
3.969,left_hand,og,flick_angles,,"{""side_deg"":-23.8,""fwd_deg"":42.8}"
4.000,left_hand,og,acc,962522,"{""seq"":192,""x_mg"":684,""y_mg"":-408,""z_mg"":600}"
4.000,left_hand,og,tilt,,"{""roll_deg"":-28.7,""pitch_deg"":37.5,""steady"":true}"
4.000,left_hand,og,flick_angles,,"{""side_deg"":-23.7,""fwd_deg"":42.7}"
4.031,left_hand,og,acc,962543,"{""seq"":193,""x_mg"":676,""y_mg"":-420,""z_mg"":608}"
4.031,left_hand,og,tilt,,"{""roll_deg"":-29.0,""pitch_deg"":37.1,""steady"":true}"
4.031,left_hand,og,flick_angles,,"{""side_deg"":-23.9,""fwd_deg"":42.7}"
4.063,left_hand,og,acc,962563,"{""seq"":194,""x_mg"":672,""y_mg"":-416,""z_mg"":612}"
4.063,left_hand,og,tilt,,"{""roll_deg"":-29.3,""pitch_deg"":36.8,""steady"":true}"
4.063,left_hand,og,flick_angles,,"{""side_deg"":-24.3,""fwd_deg"":42.6}"
4.063,left_hand,og,acc,962584,"{""seq"":195,""x_mg"":668,""y_mg"":-428,""z_mg"":644}"
4.063,left_hand,og,tilt,,"{""roll_deg"":-29.7,""pitch_deg"":36.5,""steady"":true}"
4.063,left_hand,og,flick_angles,,"{""side_deg"":-24.5,""fwd_deg"":42.4}"
4.094,left_hand,og,acc,962604,"{""seq"":196,""x_mg"":652,""y_mg"":-424,""z_mg"":664}"
4.094,left_hand,og,tremor,,"{""rms_mg"":74.9,""peak_hz"":4.2}"
4.094,left_hand,og,tilt,,"{""roll_deg"":-30.0,""pitch_deg"":35.9,""steady"":true}"
4.094,left_hand,og,flick_angles,,"{""side_deg"":-24.6,""fwd_deg"":41.6}"
4.094,left_hand,og,acc,962625,"{""seq"":197,""x_mg"":632,""y_mg"":-432,""z_mg"":680}"
4.094,left_hand,og,tilt,,"{""roll_deg"":-30.3,""pitch_deg"":35.2,""steady"":true}"
4.094,left_hand,og,flick_angles,,"{""side_deg"":-24.7,""fwd_deg"":40.6}"
4.125,left_hand,og,acc,962645,"{""seq"":198,""x_mg"":616,""y_mg"":-448,""z_mg"":684}"
4.125,left_hand,og,tilt,,"{""roll_deg"":-30.5,""pitch_deg"":34.2,""steady"":true}"
4.125,left_hand,og,flick_angles,,"{""side_deg"":-24.8,""fwd_deg"":39.4}"
4.156,left_hand,og,acc,962666,"{""seq"":199,""x_mg"":608,""y_mg"":-468,""z_mg"":700}"
4.156,left_hand,og,tilt,,"{""roll_deg"":-30.9,""pitch_deg"":33.0,""steady"":true}"
4.156,left_hand,og,flick_angles,,"{""side_deg"":-25.4,""fwd_deg"":38.2}"
4.156,left_hand,og,acc,962687,"{""seq"":200,""x_mg"":580,""y_mg"":-476,""z_mg"":724}"
4.156,left_hand,og,tilt,,"{""roll_deg"":-31.5,""pitch_deg"":31.8,""steady"":true}"
4.156,left_hand,og,flick_angles,,"{""side_deg"":-26.1,""fwd_deg"":37.0}"
4.188,left_hand,og,acc,962707,"{""seq"":201,""x_mg"":560,""y_mg"":-492,""z_mg"":768}"
4.188,left_hand,og,tilt,,"{""roll_deg"":-32.0,""pitch_deg"":30.3,""steady"":true}"
4.188,left_hand,og,flick_angles,,"{""side_deg"":-26.6,""fwd_deg"":35.4}"
4.203,left_hand,og,acc,962728,"{""seq"":202,""x_mg"":524,""y_mg"":-524,""z_mg"":768}"
4.203,left_hand,og,tilt,,"{""roll_deg"":-32.4,""pitch_deg"":28.4,""steady"":true}"
4.203,left_hand,og,flick_angles,,"{""side_deg"":-27.0,""fwd_deg"":33.5}"
4.235,left_hand,og,acc,962748,"{""seq"":203,""x_mg"":452,""y_mg"":-584,""z_mg"":756}"
4.235,left_hand,og,tilt,,"{""roll_deg"":-33.3,""pitch_deg"":26.3,""steady"":true}"
4.235,left_hand,og,flick_angles,,"{""side_deg"":-28.2,""fwd_deg"":31.4}"
4.235,left_hand,og,acc,962769,"{""seq"":204,""x_mg"":424,""y_mg"":-628,""z_mg"":792}"
4.235,left_hand,og,tilt,,"{""roll_deg"":-35.2,""pitch_deg"":23.3,""steady"":true}"
4.235,left_hand,og,flick_angles,,"{""side_deg"":-30.9,""fwd_deg"":28.4}"
4.281,left_hand,og,acc,962789,"{""seq"":205,""x_mg"":364,""y_mg"":-632,""z_mg"":816}"
4.281,left_hand,og,tilt,,"{""roll_deg"":-37.2,""pitch_deg"":20.4,""steady"":true}"
4.281,left_hand,og,flick_angles,,"{""side_deg"":-32.9,""fwd_deg"":25.6}"
4.313,left_hand,og,acc,962810,"{""seq"":206,""x_mg"":308,""y_mg"":-656,""z_mg"":808}"
4.313,left_hand,og,tilt,,"{""roll_deg"":-38.7,""pitch_deg"":17.0,""steady"":true}"
4.313,left_hand,og,flick_angles,,"{""side_deg"":-34.1,""fwd_deg"":22.5}"
4.313,left_hand,og,acc,962831,"{""seq"":207,""x_mg"":300,""y_mg"":-748,""z_mg"":768}"
4.313,left_hand,og,tilt,,"{""roll_deg"":-40.5,""pitch_deg"":13.7,""steady"":true}"
4.313,left_hand,og,flick_angles,,"{""side_deg"":-35.6,""fwd_deg"":19.5}"
4.344,left_hand,og,acc,962851,"{""seq"":208,""x_mg"":276,""y_mg"":-760,""z_mg"":776}"
4.344,left_hand,og,tilt,,"{""roll_deg"":-43.5,""pitch_deg"":11.5,""steady"":true}"
4.344,left_hand,og,flick_angles,,"{""side_deg"":-38.9,""fwd_deg"":17.6}"
4.375,left_hand,og,acc,962872,"{""seq"":209,""x_mg"":196,""y_mg"":-736,""z_mg"":792}"
4.375,left_hand,og,tilt,,"{""roll_deg"":-45.6,""pitch_deg"":9.6,""steady"":true}"
4.375,left_hand,og,flick_angles,,"{""side_deg"":-40.6,""fwd_deg"":15.9}"
4.375,left_hand,og,acc,962892,"{""seq"":210,""x_mg"":64,""y_mg"":-776,""z_mg"":796}"
4.375,left_hand,og,tilt,,"{""roll_deg"":-47.0,""pitch_deg"":6.9,""steady"":true}"
4.375,left_hand,og,flick_angles,,"{""side_deg"":-41.6,""fwd_deg"":13.1}"
4.406,left_hand,og,acc,962913,"{""seq"":211,""x_mg"":8,""y_mg"":-836,""z_mg"":792}"
4.406,left_hand,og,tilt,,"{""roll_deg"":-48.5,""pitch_deg"":2.0,""steady"":true}"
4.406,left_hand,og,flick_angles,,"{""side_deg"":-42.9,""fwd_deg"":8.2}"
4.438,left_hand,og,acc,962933,"{""seq"":212,""x_mg"":52,""y_mg"":-848,""z_mg"":756}"
4.438,left_hand,og,tilt,,"{""roll_deg"":-50.2,""pitch_deg"":-0.9,""steady"":true}"
4.438,left_hand,og,flick_angles,,"{""side_deg"":-44.7,""fwd_deg"":5.4}"
4.438,left_hand,og,acc,962954,"{""seq"":213,""x_mg"":172,""y_mg"":-812,""z_mg"":740}"
4.438,left_hand,og,tilt,,"{""roll_deg"":-51.5,""pitch_deg"":-2.6,""steady"":true}"
4.438,left_hand,og,flick_angles,,"{""side_deg"":-45.8,""fwd_deg"":4.0}"
4.469,left_hand,og,acc,962975,"{""seq"":214,""x_mg"":272,""y_mg"":-920,""z_mg"":592}"
4.469,left_hand,og,tilt,,"{""roll_deg"":-52.8,""pitch_deg"":-1.7,""steady"":true}"
4.469,left_hand,og,flick_angles,,"{""side_deg"":-47.0,""fwd_deg"":6.5}"
4.469,left_hand,og,acc,962995,"{""seq"":215,""x_mg"":308,""y_mg"":-948,""z_mg"":584}"
4.469,left_hand,og,tilt,,"{""roll_deg"":-56.1,""pitch_deg"":0.7,""steady"":true}"
4.469,left_hand,og,flick_angles,,"{""side_deg"":-50.9,""fwd_deg"":10.2}"
4.500,left_hand,og,acc,963016,"{""seq"":216,""x_mg"":244,""y_mg"":-612,""z_mg"":584}"
4.500,left_hand,og,tilt,,"{""roll_deg"":-58.3,""pitch_deg"":2.4,""steady"":true}"
4.500,left_hand,og,flick_angles,,"{""side_deg"":-52.8,""fwd_deg"":12.8}"
4.531,left_hand,og,acc,963036,"{""seq"":217,""x_mg"":256,""y_mg"":-332,""z_mg"":572}"
4.531,left_hand,og,tilt,,"{""roll_deg"":-56.7,""pitch_deg"":3.3,""steady"":true}"
4.531,left_hand,og,flick_angles,,"{""side_deg"":-48.4,""fwd_deg"":14.5}"
4.531,left_hand,og,acc,963057,"{""seq"":218,""x_mg"":324,""y_mg"":-188,""z_mg"":572}"
4.531,left_hand,og,tilt,,"{""roll_deg"":-56.7,""pitch_deg"":3.3,""steady"":false}"
4.531,left_hand,og,flick_angles,,"{""side_deg"":-38.2,""fwd_deg"":17.8}"
4.563,left_hand,og,acc,963077,"{""seq"":219,""x_mg"":300,""y_mg"":-64,""z_mg"":608}"
4.563,left_hand,og,tilt,,"{""roll_deg"":-56.7,""pitch_deg"":3.3,""steady"":false}"
4.563,left_hand,og,flick_angles,,"{""side_deg"":-27.1,""fwd_deg"":22.0}"
4.594,left_hand,og,acc,963098,"{""seq"":220,""x_mg"":156,""y_mg"":88,""z_mg"":700}"
4.594,left_hand,og,tilt,,"{""roll_deg"":-51.3,""pitch_deg"":4.6,""steady"":true}"
4.594,left_hand,og,flick_angles,,"{""side_deg"":-16.2,""fwd_deg"":24.1}"
4.594,left_hand,og,acc,963118,"{""seq"":221,""x_mg"":-40,""y_mg"":324,""z_mg"":804}"
4.594,left_hand,og,tilt,,"{""roll_deg"":-29.9,""pitch_deg"":4.6,""steady"":true}"
4.594,left_hand,og,flick_angles,,"{""side_deg"":-4.6,""fwd_deg"":18.3}"
4.625,left_hand,og,acc,963139,"{""seq"":222,""x_mg"":-196,""y_mg"":620,""z_mg"":1088}"
4.625,left_hand,og,tilt,,"{""roll_deg"":-4.6,""pitch_deg"":1.6,""steady"":true}"
4.625,left_hand,og,flick_angles,,"{""side_deg"":8.7,""fwd_deg"":7.8}"
4.656,left_hand,og,acc,963160,"{""seq"":223,""x_mg"":-392,""y_mg"":980,""z_mg"":1172}"
4.656,left_hand,og,tilt,,"{""roll_deg"":-4.6,""pitch_deg"":1.6,""steady"":false}"
4.656,left_hand,og,flick_angles,,"{""side_deg"":19.0,""fwd_deg"":-0.5}"
4.656,left_hand,og,acc,963180,"{""seq"":224,""x_mg"":-368,""y_mg"":1176,""z_mg"":1088}"
4.656,left_hand,og,tilt,,"{""roll_deg"":-4.6,""pitch_deg"":1.6,""steady"":false}"
4.656,left_hand,og,flick_angles,,"{""side_deg"":28.7,""fwd_deg"":-6.7}"
4.688,left_hand,og,acc,963201,"{""seq"":225,""x_mg"":-20,""y_mg"":1004,""z_mg"":1108}"
4.688,left_hand,og,tilt,,"{""roll_deg"":-4.6,""pitch_deg"":1.6,""steady"":false}"
4.688,left_hand,og,flick_angles,,"{""side_deg"":35.4,""fwd_deg"":-9.8}"
4.719,left_hand,og,acc,963221,"{""seq"":226,""x_mg"":240,""y_mg"":748,""z_mg"":1100}"
4.719,left_hand,og,tilt,,"{""roll_deg"":-4.6,""pitch_deg"":1.6,""steady"":false}"
4.719,left_hand,og,flick_angles,,"{""side_deg"":38.8,""fwd_deg"":-5.3}"
4.719,left_hand,og,acc,963242,"{""seq"":227,""x_mg"":156,""y_mg"":680,""z_mg"":1136}"
4.719,left_hand,og,tilt,,"{""roll_deg"":-4.6,""pitch_deg"":1.6,""steady"":false}"
4.719,left_hand,og,flick_angles,,"{""side_deg"":36.2,""fwd_deg"":0.7}"
4.750,left_hand,og,acc,963262,"{""seq"":228,""x_mg"":80,""y_mg"":640,""z_mg"":1136}"
4.750,left_hand,og,tilt,,"{""roll_deg"":-4.6,""pitch_deg"":1.6,""steady"":false}"
4.750,left_hand,og,flick_angles,,"{""side_deg"":33.4,""fwd_deg"":3.7}"
4.750,left_hand,og,acc,963283,"{""seq"":229,""x_mg"":188,""y_mg"":560,""z_mg"":1116}"
4.750,left_hand,og,tilt,,"{""roll_deg"":15.6,""pitch_deg"":-6.2,""steady"":true}"
4.750,left_hand,og,flick_angles,,"{""side_deg"":31.4,""fwd_deg"":5.2}"
4.781,left_hand,og,acc,963304,"{""seq"":230,""x_mg"":264,""y_mg"":504,""z_mg"":1144}"
4.781,left_hand,og,tilt,,"{""roll_deg"":17.1,""pitch_deg"":-5.9,""steady"":true}"
4.781,left_hand,og,flick_angles,,"{""side_deg"":28.9,""fwd_deg"":6.9}"
4.813,left_hand,og,acc,963324,"{""seq"":231,""x_mg"":232,""y_mg"":408,""z_mg"":1156}"
4.813,left_hand,og,tilt,,"{""roll_deg"":17.1,""pitch_deg"":-5.1,""steady"":true}"
4.813,left_hand,og,flick_angles,,"{""side_deg"":26.0,""fwd_deg"":8.8}"
4.828,,game,miss,,"{""n"":2,""want"":""right""}"
4.828,left_hand,og,acc,963345,"{""seq"":232,""x_mg"":192,""y_mg"":336,""z_mg"":1128}"
4.828,left_hand,og,tilt,,"{""roll_deg"":15.4,""pitch_deg"":-3.8,""steady"":true}"
4.828,left_hand,og,flick_angles,,"{""side_deg"":22.6,""fwd_deg"":9.8}"
4.860,left_hand,og,acc,963365,"{""seq"":233,""x_mg"":200,""y_mg"":316,""z_mg"":1108}"
4.860,left_hand,og,tilt,,"{""roll_deg"":13.6,""pitch_deg"":-2.6,""steady"":true}"
4.860,left_hand,og,flick_angles,,"{""side_deg"":19.5,""fwd_deg"":9.8}"
4.860,left_hand,og,acc,963386,"{""seq"":234,""x_mg"":216,""y_mg"":268,""z_mg"":1076}"
4.860,left_hand,og,tilt,,"{""roll_deg"":12.4,""pitch_deg"":-1.5,""steady"":true}"
4.860,left_hand,og,flick_angles,,"{""side_deg"":17.6,""fwd_deg"":9.8}"
4.891,left_hand,og,acc,963406,"{""seq"":235,""x_mg"":220,""y_mg"":228,""z_mg"":1036}"
4.891,left_hand,og,tilt,,"{""roll_deg"":11.4,""pitch_deg"":-0.4,""steady"":true}"
4.891,left_hand,og,flick_angles,,"{""side_deg"":15.6,""fwd_deg"":10.4}"
4.922,left_hand,og,acc,963427,"{""seq"":236,""x_mg"":204,""y_mg"":176,""z_mg"":1020}"
4.922,left_hand,og,tilt,,"{""roll_deg"":10.7,""pitch_deg"":0.6,""steady"":true}"
4.922,left_hand,og,flick_angles,,"{""side_deg"":13.9,""fwd_deg"":10.8}"
4.922,left_hand,og,acc,963447,"{""seq"":237,""x_mg"":228,""y_mg"":192,""z_mg"":1024}"
4.922,left_hand,og,tilt,,"{""roll_deg"":10.0,""pitch_deg"":1.4,""steady"":true}"
4.922,left_hand,og,flick_angles,,"{""side_deg"":12.1,""fwd_deg"":11.3}"
4.953,left_hand,og,acc,963468,"{""seq"":238,""x_mg"":200,""y_mg"":232,""z_mg"":992}"
4.953,left_hand,og,tilt,,"{""roll_deg"":8.9,""pitch_deg"":1.9,""steady"":true}"
4.953,left_hand,og,flick_angles,,"{""side_deg"":11.3,""fwd_deg"":11.2}"
4.953,left_hand,og,acc,963489,"{""seq"":239,""x_mg"":160,""y_mg"":252,""z_mg"":1012}"
4.953,left_hand,og,tilt,,"{""roll_deg"":8.4,""pitch_deg"":2.2,""steady"":true}"
4.953,left_hand,og,flick_angles,,"{""side_deg"":12.1,""fwd_deg"":11.2}"
4.985,left_hand,og,acc,963509,"{""seq"":240,""x_mg"":156,""y_mg"":264,""z_mg"":1016}"
4.985,left_hand,og,tilt,,"{""roll_deg"":8.2,""pitch_deg"":2.2,""steady"":true}"
4.985,left_hand,og,flick_angles,,"{""side_deg"":13.0,""fwd_deg"":9.9}"
5.016,left_hand,og,acc,963530,"{""seq"":241,""x_mg"":196,""y_mg"":240,""z_mg"":1012}"
5.016,left_hand,og,tilt,,"{""roll_deg"":8.0,""pitch_deg"":2.2,""steady"":true}"
5.016,left_hand,og,flick_angles,,"{""side_deg"":13.4,""fwd_deg"":9.3}"
5.063,left_hand,og,acc,963550,"{""seq"":242,""x_mg"":192,""y_mg"":200,""z_mg"":996}"
5.063,left_hand,og,tilt,,"{""roll_deg"":7.7,""pitch_deg"":2.2,""steady"":true}"
5.063,left_hand,og,flick_angles,,"{""side_deg"":13.2,""fwd_deg"":10.0}"
5.063,left_hand,og,acc,963571,"{""seq"":243,""x_mg"":176,""y_mg"":164,""z_mg"":1024}"
5.063,left_hand,og,tilt,,"{""roll_deg"":7.0,""pitch_deg"":2.2,""steady"":true}"
5.063,left_hand,og,flick_angles,,"{""side_deg"":12.2,""fwd_deg"":10.3}"
5.094,left_hand,og,acc,963591,"{""seq"":244,""x_mg"":144,""y_mg"":188,""z_mg"":1008}"
5.094,left_hand,og,tilt,,"{""roll_deg"":6.3,""pitch_deg"":2.2,""steady"":true}"
5.094,left_hand,og,flick_angles,,"{""side_deg"":11.3,""fwd_deg"":10.0}"
5.094,left_hand,og,acc,963612,"{""seq"":245,""x_mg"":156,""y_mg"":240,""z_mg"":1008}"
5.094,left_hand,og,tilt,,"{""roll_deg"":5.7,""pitch_deg"":2.2,""steady"":true}"
5.094,left_hand,og,flick_angles,,"{""side_deg"":10.9,""fwd_deg"":9.3}"
5.125,left_hand,og,acc,963633,"{""seq"":246,""x_mg"":124,""y_mg"":320,""z_mg"":1000}"
5.125,left_hand,og,tilt,,"{""roll_deg"":5.7,""pitch_deg"":2.2,""steady"":true}"
5.125,left_hand,og,flick_angles,,"{""side_deg"":12.1,""fwd_deg"":8.6}"
5.156,left_hand,og,acc,963653,"{""seq"":247,""x_mg"":56,""y_mg"":440,""z_mg"":980}"
5.156,left_hand,og,tilt,,"{""roll_deg"":5.7,""pitch_deg"":2.1,""steady"":true}"
5.156,left_hand,og,flick_angles,,"{""side_deg"":14.8,""fwd_deg"":7.7}"
5.156,left_hand,og,acc,963674,"{""seq"":248,""x_mg"":52,""y_mg"":528,""z_mg"":932}"
5.156,left_hand,og,tilt,,"{""roll_deg"":7.0,""pitch_deg"":1.3,""steady"":true}"
5.156,left_hand,og,flick_angles,,"{""side_deg"":19.5,""fwd_deg"":5.3}"
5.188,left_hand,og,acc,963694,"{""seq"":249,""x_mg"":132,""y_mg"":516,""z_mg"":956}"
5.188,left_hand,og,tilt,,"{""roll_deg"":10.3,""pitch_deg"":0.4,""steady"":true}"
5.188,left_hand,og,flick_angles,,"{""side_deg"":23.8,""fwd_deg"":4.2}"
5.219,left_hand,og,acc,963715,"{""seq"":250,""x_mg"":100,""y_mg"":516,""z_mg"":964}"
5.219,left_hand,og,tilt,,"{""roll_deg"":13.4,""pitch_deg"":-0.1,""steady"":true}"
5.219,left_hand,og,flick_angles,,"{""side_deg"":26.0,""fwd_deg"":4.7}"
5.219,left_hand,og,acc,963735,"{""seq"":251,""x_mg"":0,""y_mg"":612,""z_mg"":912}"
5.219,left_hand,og,tilt,,"{""roll_deg"":15.8,""pitch_deg"":-0.4,""steady"":true}"
5.219,left_hand,og,flick_angles,,"{""side_deg"":27.1,""fwd_deg"":5.0}"
5.250,left_hand,og,acc,963756,"{""seq"":252,""x_mg"":-24,""y_mg"":676,""z_mg"":836}"
5.250,left_hand,og,tilt,,"{""roll_deg"":19.8,""pitch_deg"":-2.1,""steady"":true}"
5.250,left_hand,og,flick_angles,,"{""side_deg"":30.5,""fwd_deg"":2.5}"
5.281,left_hand,og,acc,963776,"{""seq"":253,""x_mg"":140,""y_mg"":592,""z_mg"":784}"
5.281,left_hand,og,tilt,,"{""roll_deg"":23.4,""pitch_deg"":-3.4,""steady"":true}"
5.281,left_hand,og,flick_angles,,"{""side_deg"":33.5,""fwd_deg"":1.2}"
5.281,left_hand,og,acc,963797,"{""seq"":254,""x_mg"":232,""y_mg"":512,""z_mg"":844}"
5.281,left_hand,og,tilt,,"{""roll_deg"":25.8,""pitch_deg"":-3.3,""steady"":true}"
5.281,left_hand,og,flick_angles,,"{""side_deg"":35.1,""fwd_deg"":4.7}"
5.313,left_hand,og,acc,963818,"{""seq"":255,""x_mg"":116,""y_mg"":536,""z_mg"":836}"
5.313,left_hand,og,tilt,,"{""roll_deg"":25.8,""pitch_deg"":-2.7,""steady"":true}"
5.313,left_hand,og,flick_angles,,"{""side_deg"":33.8,""fwd_deg"":6.4}"
5.313,left_hand,og,acc,963838,"{""seq"":256,""x_mg"":24,""y_mg"":608,""z_mg"":832}"
5.313,left_hand,og,tilt,,"{""roll_deg"":25.8,""pitch_deg"":-2.6,""steady"":true}"
5.313,left_hand,og,flick_angles,,"{""side_deg"":33.1,""fwd_deg"":6.5}"
5.344,left_hand,og,acc,963859,"{""seq"":257,""x_mg"":36,""y_mg"":580,""z_mg"":844}"
5.344,left_hand,og,tilt,,"{""roll_deg"":25.8,""pitch_deg"":-2.6,""steady"":true}"
5.344,left_hand,og,flick_angles,,"{""side_deg"":33.8,""fwd_deg"":4.3}"
5.375,left_hand,og,acc,963879,"{""seq"":258,""x_mg"":128,""y_mg"":532,""z_mg"":1016}"
5.375,left_hand,og,tilt,,"{""roll_deg"":26.1,""pitch_deg"":-2.8,""steady"":true}"
5.375,left_hand,og,flick_angles,,"{""side_deg"":34.1,""fwd_deg"":3.1}"
5.375,left_hand,og,acc,963900,"{""seq"":259,""x_mg"":152,""y_mg"":540,""z_mg"":988}"
5.375,left_hand,og,tilt,,"{""roll_deg"":25.5,""pitch_deg"":-2.8,""steady"":true}"
5.375,left_hand,og,flick_angles,,"{""side_deg"":31.3,""fwd_deg"":4.8}"
5.406,left_hand,og,acc,963920,"{""seq"":260,""x_mg"":148,""y_mg"":432,""z_mg"":944}"
5.406,left_hand,og,tilt,,"{""roll_deg"":24.6,""pitch_deg"":-2.8,""steady"":true}"
5.406,left_hand,og,flick_angles,,"{""side_deg"":29.4,""fwd_deg"":6.2}"
5.438,left_hand,og,acc,963941,"{""seq"":261,""x_mg"":200,""y_mg"":272,""z_mg"":944}"
5.438,left_hand,og,tilt,,"{""roll_deg"":23.8,""pitch_deg"":-2.8,""steady"":true}"
5.438,left_hand,og,flick_angles,,"{""side_deg"":26.8,""fwd_deg"":7.2}"
5.438,left_hand,og,acc,963962,"{""seq"":262,""x_mg"":252,""y_mg"":196,""z_mg"":980}"
5.438,left_hand,og,tilt,,"{""roll_deg"":21.0,""pitch_deg"":-2.0,""steady"":true}"
5.438,left_hand,og,flick_angles,,"{""side_deg"":21.3,""fwd_deg"":9.3}"
5.469,left_hand,og,acc,963982,"{""seq"":263,""x_mg"":324,""y_mg"":84,""z_mg"":856}"
5.469,left_hand,og,tilt,,"{""roll_deg"":15.9,""pitch_deg"":-0.4,""steady"":true}"
5.469,left_hand,og,flick_angles,,"{""side_deg"":16.1,""fwd_deg"":11.7}"
5.500,left_hand,og,acc,964003,"{""seq"":264,""x_mg"":396,""y_mg"":-52,""z_mg"":748}"
5.500,left_hand,og,tilt,,"{""roll_deg"":8.9,""pitch_deg"":3.6,""steady"":true}"
5.500,left_hand,og,flick_angles,,"{""side_deg"":10.7,""fwd_deg"":16.2}"
5.500,left_hand,og,acc,964023,"{""seq"":265,""x_mg"":436,""y_mg"":-72,""z_mg"":760}"
5.500,left_hand,og,tilt,,"{""roll_deg"":0.1,""pitch_deg"":9.6,""steady"":true}"
5.500,left_hand,og,flick_angles,,"{""side_deg"":3.6,""fwd_deg"":22.0}"
5.531,left_hand,og,acc,964044,"{""seq"":266,""x_mg"":416,""y_mg"":92,""z_mg"":1052}"
5.531,left_hand,og,tilt,,"{""roll_deg"":-4.9,""pitch_deg"":13.9,""steady"":true}"
5.531,left_hand,og,flick_angles,,"{""side_deg"":0.0,""fwd_deg"":24.9}"
5.563,left_hand,og,acc,964064,"{""seq"":267,""x_mg"":252,""y_mg"":224,""z_mg"":1196}"
5.563,left_hand,og,tilt,,"{""roll_deg"":-4.5,""pitch_deg"":13.9,""steady"":true}"
5.563,left_hand,og,flick_angles,,"{""side_deg"":2.3,""fwd_deg"":23.2}"
5.563,left_hand,og,acc,964085,"{""seq"":268,""x_mg"":176,""y_mg"":108,""z_mg"":932}"
5.563,left_hand,og,tilt,,"{""roll_deg"":-3.1,""pitch_deg"":11.6,""steady"":true}"
5.563,left_hand,og,flick_angles,,"{""side_deg"":4.4,""fwd_deg"":17.5}"
5.594,left_hand,og,acc,964106,"{""seq"":269,""x_mg"":176,""y_mg"":-224,""z_mg"":880}"
5.594,left_hand,og,tilt,,"{""roll_deg"":-2.4,""pitch_deg"":9.9,""steady"":true}"
5.594,left_hand,og,flick_angles,,"{""side_deg"":5.5,""fwd_deg"":14.2}"
5.594,left_hand,og,acc,964126,"{""seq"":270,""x_mg"":-52,""y_mg"":-108,""z_mg"":1480}"
5.594,left_hand,og,tilt,,"{""roll_deg"":-2.4,""pitch_deg"":9.9,""steady"":false}"
5.594,left_hand,og,flick_angles,,"{""side_deg"":0.6,""fwd_deg"":12.4}"
5.625,left_hand,og,acc,964147,"{""seq"":271,""x_mg"":-96,""y_mg"":148,""z_mg"":1376}"
5.625,left_hand,og,tilt,,"{""roll_deg"":-2.4,""pitch_deg"":9.9,""steady"":false}"
5.625,left_hand,og,flick_angles,,"{""side_deg"":-1.8,""fwd_deg"":5.2}"
5.656,left_hand,og,acc,964167,"{""seq"":272,""x_mg"":-100,""y_mg"":96,""z_mg"":1188}"
5.656,left_hand,og,tilt,,"{""roll_deg"":-2.4,""pitch_deg"":8.1,""steady"":true}"
5.656,left_hand,og,flick_angles,,"{""side_deg"":1.4,""fwd_deg"":0.6}"
5.656,left_hand,og,acc,964188,"{""seq"":273,""x_mg"":-108,""y_mg"":-152,""z_mg"":1188}"
5.656,left_hand,og,tilt,,"{""roll_deg"":-6.3,""pitch_deg"":3.4,""steady"":true}"
5.656,left_hand,og,flick_angles,,"{""side_deg"":3.0,""fwd_deg"":-2.1}"
5.688,left_hand,og,acc,964208,"{""seq"":274,""x_mg"":-112,""y_mg"":-300,""z_mg"":1336}"
5.688,left_hand,og,tilt,,"{""roll_deg"":-6.3,""pitch_deg"":3.4,""steady"":false}"
5.688,left_hand,og,flick_angles,,"{""side_deg"":-2.1,""fwd_deg"":-3.4}"
5.735,left_hand,og,acc,964229,"{""seq"":275,""x_mg"":0,""y_mg"":-328,""z_mg"":1256}"
5.735,left_hand,og,tilt,,"{""roll_deg"":-10.4,""pitch_deg"":-3.9,""steady"":true}"
5.735,left_hand,og,flick_angles,,"{""side_deg"":-7.4,""fwd_deg"":-4.1}"
5.735,left_hand,og,acc,964250,"{""seq"":276,""x_mg"":128,""y_mg"":-356,""z_mg"":1108}"
5.735,left_hand,og,tilt,,"{""roll_deg"":-14.8,""pitch_deg"":-4.9,""steady"":true}"
5.735,left_hand,og,flick_angles,,"{""side_deg"":-11.0,""fwd_deg"":-2.0}"
5.766,left_hand,og,acc,964270,"{""seq"":277,""x_mg"":148,""y_mg"":-392,""z_mg"":1028}"
5.766,left_hand,og,tilt,,"{""roll_deg"":-18.8,""pitch_deg"":-4.7,""steady"":true}"
5.766,left_hand,og,flick_angles,,"{""side_deg"":-14.4,""fwd_deg"":2.1}"
5.797,left_hand,og,acc,964291,"{""seq"":278,""x_mg"":176,""y_mg"":-336,""z_mg"":1008}"
5.797,left_hand,og,tilt,,"{""roll_deg"":-21.5,""pitch_deg"":-3.8,""steady"":true}"
5.797,left_hand,og,flick_angles,,"{""side_deg"":-16.3,""fwd_deg"":4.9}"
5.797,left_hand,og,acc,964311,"{""seq"":279,""x_mg"":232,""y_mg"":-152,""z_mg"":960}"
5.797,left_hand,og,tilt,,"{""roll_deg"":-22.9,""pitch_deg"":-3.1,""steady"":true}"
5.797,left_hand,og,flick_angles,,"{""side_deg"":-17.2,""fwd_deg"":7.1}"
5.828,left_hand,og,acc,964332,"{""seq"":280,""x_mg"":308,""y_mg"":12,""z_mg"":960}"
5.828,left_hand,og,tilt,,"{""roll_deg"":-21.1,""pitch_deg"":-2.3,""steady"":true}"
5.828,left_hand,og,flick_angles,,"{""side_deg"":-13.0,""fwd_deg"":10.3}"
5.828,left_hand,og,acc,964352,"{""seq"":281,""x_mg"":300,""y_mg"":72,""z_mg"":928}"
5.828,left_hand,og,tilt,,"{""roll_deg"":-18.1,""pitch_deg"":0.2,""steady"":true}"
5.828,left_hand,og,flick_angles,,"{""side_deg"":-6.2,""fwd_deg"":14.0}"
5.844,left_hand,og,acc,964373,"{""seq"":282,""x_mg"":268,""y_mg"":-4,""z_mg"":940}"
5.844,left_hand,og,tilt,,"{""roll_deg"":-17.1,""pitch_deg"":2.9,""steady"":true}"
5.844,left_hand,og,flick_angles,,"{""side_deg"":-2.7,""fwd_deg"":15.9}"
5.875,left_hand,og,acc,964393,"{""seq"":283,""x_mg"":320,""y_mg"":-56,""z_mg"":904}"
5.875,left_hand,og,tilt,,"{""roll_deg"":-15.8,""pitch_deg"":5.0,""steady"":true}"
5.875,left_hand,og,flick_angles,,"{""side_deg"":-1.5,""fwd_deg"":16.9}"
5.906,left_hand,og,acc,964414,"{""seq"":284,""x_mg"":400,""y_mg"":0,""z_mg"":900}"
5.906,left_hand,og,tilt,,"{""roll_deg"":-14.0,""pitch_deg"":7.2,""steady"":true}"
5.906,left_hand,og,flick_angles,,"{""side_deg"":-0.9,""fwd_deg"":18.2}"
5.938,left_hand,og,acc,964435,"{""seq"":285,""x_mg"":436,""y_mg"":76,""z_mg"":884}"
5.938,left_hand,og,tilt,,"{""roll_deg"":-12.3,""pitch_deg"":10.4,""steady"":true}"
5.938,left_hand,og,flick_angles,,"{""side_deg"":-0.4,""fwd_deg"":21.1}"
5.938,left_hand,og,acc,964455,"{""seq"":286,""x_mg"":412,""y_mg"":116,""z_mg"":884}"
5.938,left_hand,og,tilt,,"{""roll_deg"":-9.6,""pitch_deg"":12.8,""steady"":true}"
5.938,left_hand,og,flick_angles,,"{""side_deg"":2.0,""fwd_deg"":22.9}"
5.969,left_hand,og,acc,964476,"{""seq"":287,""x_mg"":372,""y_mg"":72,""z_mg"":864}"
5.969,left_hand,og,tilt,,"{""roll_deg"":-7.4,""pitch_deg"":14.3,""steady"":true}"
5.969,left_hand,og,flick_angles,,"{""side_deg"":3.2,""fwd_deg"":23.9}"
5.969,left_hand,og,acc,964496,"{""seq"":288,""x_mg"":404,""y_mg"":-16,""z_mg"":860}"
5.969,left_hand,og,tilt,,"{""roll_deg"":-6.0,""pitch_deg"":15.2,""steady"":true}"
5.969,left_hand,og,flick_angles,,"{""side_deg"":3.8,""fwd_deg"":24.3}"
5.985,,game,miss,,"{""n"":3,""want"":""left""}"
6.000,left_hand,og,acc,964517,"{""seq"":289,""x_mg"":460,""y_mg"":-44,""z_mg"":884}"
6.000,left_hand,og,tilt,,"{""roll_deg"":-6.0,""pitch_deg"":15.9,""steady"":true}"
6.000,left_hand,og,flick_angles,,"{""side_deg"":1.4,""fwd_deg"":24.7}"
6.031,left_hand,og,acc,964537,"{""seq"":290,""x_mg"":468,""y_mg"":32,""z_mg"":900}"
6.031,left_hand,og,tilt,,"{""roll_deg"":-6.4,""pitch_deg"":17.1,""steady"":true}"
6.031,left_hand,og,flick_angles,,"{""side_deg"":0.2,""fwd_deg"":26.1}"
6.031,left_hand,og,acc,964558,"{""seq"":291,""x_mg"":400,""y_mg"":76,""z_mg"":920}"
6.031,left_hand,og,tilt,,"{""roll_deg"":-6.4,""pitch_deg"":17.9,""steady"":true}"
6.031,left_hand,og,flick_angles,,"{""side_deg"":1.0,""fwd_deg"":26.8}"
6.063,left_hand,og,acc,964579,"{""seq"":292,""x_mg"":408,""y_mg"":72,""z_mg"":936}"
6.063,left_hand,og,tilt,,"{""roll_deg"":-6.0,""pitch_deg"":17.9,""steady"":true}"
6.063,left_hand,og,flick_angles,,"{""side_deg"":2.5,""fwd_deg"":25.1}"
6.094,left_hand,og,acc,964599,"{""seq"":293,""x_mg"":424,""y_mg"":16,""z_mg"":936}"
6.094,left_hand,og,tilt,,"{""roll_deg"":-5.3,""pitch_deg"":17.5,""steady"":true}"
6.094,left_hand,og,flick_angles,,"{""side_deg"":3.3,""fwd_deg"":24.3}"
6.094,left_hand,og,acc,964620,"{""seq"":294,""x_mg"":392,""y_mg"":32,""z_mg"":940}"
6.094,left_hand,og,tremor,,"{""rms_mg"":97.6,""peak_hz"":4.4}"
6.094,left_hand,og,tilt,,"{""roll_deg"":-5.3,""pitch_deg"":17.2,""steady"":true}"
6.094,left_hand,og,flick_angles,,"{""side_deg"":2.5,""fwd_deg"":23.9}"
6.125,left_hand,og,acc,964640,"{""seq"":295,""x_mg"":408,""y_mg"":76,""z_mg"":912}"
6.125,left_hand,og,tilt,,"{""roll_deg"":-5.3,""pitch_deg"":17.1,""steady"":true}"
6.125,left_hand,og,flick_angles,,"{""side_deg"":2.2,""fwd_deg"":24.0}"
6.156,left_hand,og,acc,964661,"{""seq"":296,""x_mg"":432,""y_mg"":92,""z_mg"":916}"
6.156,left_hand,og,tilt,,"{""roll_deg"":-5.0,""pitch_deg"":17.1,""steady"":true}"
6.156,left_hand,og,flick_angles,,"{""side_deg"":3.3,""fwd_deg"":24.0}"
6.156,left_hand,og,acc,964681,"{""seq"":297,""x_mg"":424,""y_mg"":84,""z_mg"":936}"
6.156,left_hand,og,tilt,,"{""roll_deg"":-4.5,""pitch_deg"":17.1,""steady"":true}"
6.156,left_hand,og,flick_angles,,"{""side_deg"":4.0,""fwd_deg"":24.1}"
6.188,left_hand,og,acc,964702,"{""seq"":298,""x_mg"":388,""y_mg"":88,""z_mg"":932}"
6.188,left_hand,og,tilt,,"{""roll_deg"":-4.1,""pitch_deg"":17.1,""steady"":true}"
6.188,left_hand,og,flick_angles,,"{""side_deg"":4.5,""fwd_deg"":24.2}"
6.219,left_hand,og,acc,964723,"{""seq"":299,""x_mg"":368,""y_mg"":68,""z_mg"":908}"
6.219,left_hand,og,tilt,,"{""roll_deg"":-3.8,""pitch_deg"":16.8,""steady"":true}"
6.219,left_hand,og,flick_angles,,"{""side_deg"":4.6,""fwd_deg"":23.4}"
6.219,left_hand,og,acc,964743,"{""seq"":300,""x_mg"":388,""y_mg"":52,""z_mg"":896}"
6.219,left_hand,og,tilt,,"{""roll_deg"":-3.8,""pitch_deg"":16.6,""steady"":true}"
6.219,left_hand,og,flick_angles,,"{""side_deg"":4.3,""fwd_deg"":22.9}"
6.250,left_hand,og,acc,964764,"{""seq"":301,""x_mg"":360,""y_mg"":36,""z_mg"":912}"
6.250,left_hand,og,tilt,,"{""roll_deg"":-3.8,""pitch_deg"":16.5,""steady"":true}"
6.250,left_hand,og,flick_angles,,"{""side_deg"":3.7,""fwd_deg"":22.5}"
6.281,left_hand,og,acc,964784,"{""seq"":302,""x_mg"":320,""y_mg"":16,""z_mg"":908}"
6.281,left_hand,og,tilt,,"{""roll_deg"":-3.8,""pitch_deg"":16.3,""steady"":true}"
6.281,left_hand,og,flick_angles,,"{""side_deg"":2.9,""fwd_deg"":22.0}"
6.281,left_hand,og,acc,964805,"{""seq"":303,""x_mg"":388,""y_mg"":8,""z_mg"":916}"
6.281,left_hand,og,tilt,,"{""roll_deg"":-3.8,""pitch_deg"":16.2,""steady"":true}"
6.281,left_hand,og,flick_angles,,"{""side_deg"":1.9,""fwd_deg"":21.8}"
6.313,left_hand,og,acc,964825,"{""seq"":304,""x_mg"":420,""y_mg"":16,""z_mg"":920}"
6.313,left_hand,og,tilt,,"{""roll_deg"":-3.9,""pitch_deg"":16.1,""steady"":true}"
6.313,left_hand,og,flick_angles,,"{""side_deg"":1.4,""fwd_deg"":22.4}"
6.313,left_hand,og,acc,964846,"{""seq"":305,""x_mg"":380,""y_mg"":40,""z_mg"":932}"
6.313,left_hand,og,tilt,,"{""roll_deg"":-4.0,""pitch_deg"":16.1,""steady"":true}"
6.313,left_hand,og,flick_angles,,"{""side_deg"":1.2,""fwd_deg"":22.7}"
6.344,left_hand,og,acc,964867,"{""seq"":306,""x_mg"":336,""y_mg"":44,""z_mg"":944}"
6.344,left_hand,og,tilt,,"{""roll_deg"":-4.0,""pitch_deg"":16.0,""steady"":true}"
6.344,left_hand,og,flick_angles,,"{""side_deg"":1.7,""fwd_deg"":22.4}"
6.375,left_hand,og,acc,964887,"{""seq"":307,""x_mg"":340,""y_mg"":28,""z_mg"":916}"
6.375,left_hand,og,tilt,,"{""roll_deg"":-4.1,""pitch_deg"":15.6,""steady"":true}"
6.375,left_hand,og,flick_angles,,"{""side_deg"":2.0,""fwd_deg"":21.4}"
6.375,left_hand,og,acc,964908,"{""seq"":308,""x_mg"":352,""y_mg"":28,""z_mg"":932}"
6.375,left_hand,og,tilt,,"{""roll_deg"":-4.1,""pitch_deg"":15.2,""steady"":true}"
6.375,left_hand,og,flick_angles,,"{""side_deg"":1.8,""fwd_deg"":20.9}"
6.406,left_hand,og,acc,964928,"{""seq"":309,""x_mg"":360,""y_mg"":4,""z_mg"":932}"
6.406,left_hand,og,tilt,,"{""roll_deg"":-4.2,""pitch_deg"":15.0,""steady"":true}"
6.406,left_hand,og,flick_angles,,"{""side_deg"":1.7,""fwd_deg"":20.8}"
6.453,left_hand,og,acc,964949,"{""seq"":310,""x_mg"":372,""y_mg"":8,""z_mg"":908}"
6.453,left_hand,og,tilt,,"{""roll_deg"":-4.5,""pitch_deg"":14.8,""steady"":true}"
6.453,left_hand,og,flick_angles,,"{""side_deg"":1.1,""fwd_deg"":20.9}"
6.453,left_hand,og,acc,964969,"{""seq"":311,""x_mg"":400,""y_mg"":56,""z_mg"":916}"
6.453,left_hand,og,tilt,,"{""roll_deg"":-4.7,""pitch_deg"":14.8,""steady"":true}"
6.453,left_hand,og,flick_angles,,"{""side_deg"":0.8,""fwd_deg"":21.6}"
6.469,left_hand,og,acc,964990,"{""seq"":312,""x_mg"":452,""y_mg"":96,""z_mg"":920}"
6.469,left_hand,og,tilt,,"{""roll_deg"":-4.7,""pitch_deg"":14.8,""steady"":true}"
6.469,left_hand,og,flick_angles,,"{""side_deg"":2.0,""fwd_deg"":22.6}"
6.500,left_hand,og,acc,965011,"{""seq"":313,""x_mg"":428,""y_mg"":112,""z_mg"":896}"
6.500,left_hand,og,tilt,,"{""roll_deg"":-4.7,""pitch_deg"":14.8,""steady"":true}"
6.500,left_hand,og,flick_angles,,"{""side_deg"":3.7,""fwd_deg"":24.0}"
6.531,left_hand,og,acc,965031,"{""seq"":314,""x_mg"":412,""y_mg"":108,""z_mg"":904}"
6.531,left_hand,og,tilt,,"{""roll_deg"":-4.7,""pitch_deg"":14.8,""steady"":true}"
6.531,left_hand,og,flick_angles,,"{""side_deg"":4.9,""fwd_deg"":24.7}"
6.531,left_hand,og,acc,965052,"{""seq"":315,""x_mg"":400,""y_mg"":92,""z_mg"":908}"
6.531,left_hand,og,tilt,,"{""roll_deg"":-4.3,""pitch_deg"":14.9,""steady"":true}"
6.531,left_hand,og,flick_angles,,"{""side_deg"":5.6,""fwd_deg"":24.5}"
6.563,left_hand,og,acc,965072,"{""seq"":316,""x_mg"":412,""y_mg"":88,""z_mg"":884}"
6.563,left_hand,og,tilt,,"{""roll_deg"":-4.0,""pitch_deg"":15.0,""steady"":true}"
6.563,left_hand,og,flick_angles,,"{""side_deg"":5.4,""fwd_deg"":24.4}"
6.594,left_hand,og,acc,965093,"{""seq"":317,""x_mg"":380,""y_mg"":60,""z_mg"":868}"
6.594,left_hand,og,tilt,,"{""roll_deg"":-3.8,""pitch_deg"":15.1,""steady"":true}"
6.594,left_hand,og,flick_angles,,"{""side_deg"":5.3,""fwd_deg"":24.0}"
6.594,left_hand,og,acc,965113,"{""seq"":318,""x_mg"":388,""y_mg"":48,""z_mg"":872}"
6.594,left_hand,og,tilt,,"{""roll_deg"":-3.8,""pitch_deg"":15.2,""steady"":true}"
6.594,left_hand,og,flick_angles,,"{""side_deg"":4.5,""fwd_deg"":24.0}"
6.625,left_hand,og,acc,965134,"{""seq"":319,""x_mg"":416,""y_mg"":36,""z_mg"":868}"
6.625,left_hand,og,tilt,,"{""roll_deg"":-3.8,""pitch_deg"":15.3,""steady"":true}"
6.625,left_hand,og,flick_angles,,"{""side_deg"":3.7,""fwd_deg"":24.0}"
6.656,left_hand,og,acc,965155,"{""seq"":320,""x_mg"":464,""y_mg"":60,""z_mg"":864}"
6.656,left_hand,og,tilt,,"{""roll_deg"":-3.8,""pitch_deg"":15.6,""steady"":true}"
6.656,left_hand,og,flick_angles,,"{""side_deg"":3.3,""fwd_deg"":24.8}"
6.656,left_hand,og,acc,965175,"{""seq"":321,""x_mg"":456,""y_mg"":92,""z_mg"":868}"
6.656,left_hand,og,tilt,,"{""roll_deg"":-3.8,""pitch_deg"":16.3,""steady"":true}"
6.656,left_hand,og,flick_angles,,"{""side_deg"":3.4,""fwd_deg"":26.2}"
6.672,left_hand,og,acc,965196,"{""seq"":322,""x_mg"":464,""y_mg"":144,""z_mg"":860}"
6.672,left_hand,og,tilt,,"{""roll_deg"":-3.8,""pitch_deg"":17.0,""steady"":true}"
6.672,left_hand,og,flick_angles,,"{""side_deg"":4.4,""fwd_deg"":27.1}"
6.703,left_hand,og,acc,965216,"{""seq"":323,""x_mg"":528,""y_mg"":184,""z_mg"":904}"
6.703,left_hand,og,tilt,,"{""roll_deg"":-3.1,""pitch_deg"":17.6,""steady"":true}"
6.703,left_hand,og,flick_angles,,"{""side_deg"":6.4,""fwd_deg"":27.6}"
6.735,left_hand,og,acc,965237,"{""seq"":324,""x_mg"":660,""y_mg"":228,""z_mg"":956}"
6.735,left_hand,og,tilt,,"{""roll_deg"":-1.9,""pitch_deg"":18.6,""steady"":true}"
6.735,left_hand,og,flick_angles,,"{""side_deg"":8.2,""fwd_deg"":28.7}"
6.735,left_hand,og,acc,965257,"{""seq"":325,""x_mg"":780,""y_mg"":312,""z_mg"":1008}"
6.735,left_hand,og,tilt,,"{""roll_deg"":-1.9,""pitch_deg"":18.6,""steady"":false}"
6.735,left_hand,og,flick_angles,,"{""side_deg"":9.6,""fwd_deg"":31.3}"
6.766,left_hand,og,acc,965278,"{""seq"":326,""x_mg"":820,""y_mg"":396,""z_mg"":996}"
6.766,left_hand,og,tilt,,"{""roll_deg"":-1.9,""pitch_deg"":18.6,""steady"":false}"
6.766,left_hand,og,flick_angles,,"{""side_deg"":11.7,""fwd_deg"":33.9}"
6.797,left_hand,og,acc,965298,"{""seq"":327,""x_mg"":696,""y_mg"":456,""z_mg"":1020}"
6.797,left_hand,og,tilt,,"{""roll_deg"":-1.9,""pitch_deg"":18.6,""steady"":false}"
6.797,left_hand,og,flick_angles,,"{""side_deg"":14.4,""fwd_deg"":35.2}"
6.797,left_hand,og,acc,965319,"{""seq"":328,""x_mg"":420,""y_mg"":492,""z_mg"":1008}"
6.797,left_hand,og,tilt,,"{""roll_deg"":0.8,""pitch_deg"":20.2,""steady"":true}"
6.797,left_hand,og,flick_angles,,"{""side_deg"":17.3,""fwd_deg"":33.5}"
6.828,left_hand,og,acc,965340,"{""seq"":329,""x_mg"":312,""y_mg"":452,""z_mg"":988}"
6.828,left_hand,og,tilt,,"{""roll_deg"":5.6,""pitch_deg"":20.1,""steady"":true}"
6.828,left_hand,og,flick_angles,,"{""side_deg"":20.4,""fwd_deg"":27.0}"
6.860,left_hand,og,acc,965360,"{""seq"":330,""x_mg"":268,""y_mg"":260,""z_mg"":868}"
6.860,left_hand,og,tilt,,"{""roll_deg"":9.2,""pitch_deg"":18.6,""steady"":true}"
6.860,left_hand,og,flick_angles,,"{""side_deg"":22.0,""fwd_deg"":21.8}"
6.860,left_hand,og,acc,965381,"{""seq"":331,""x_mg"":192,""y_mg"":-12,""z_mg"":812}"
6.860,left_hand,og,tilt,,"{""roll_deg"":9.2,""pitch_deg"":16.3,""steady"":true}"
6.860,left_hand,og,flick_angles,,"{""side_deg"":19.0,""fwd_deg"":18.9}"
6.875,left_hand,og,acc,965401,"{""seq"":332,""x_mg"":120,""y_mg"":-284,""z_mg"":796}"
6.875,left_hand,og,tilt,,"{""roll_deg"":7.1,""pitch_deg"":13.3,""steady"":true}"
6.875,left_hand,og,flick_angles,,"{""side_deg"":9.1,""fwd_deg"":16.1}"
6.906,left_hand,og,acc,965422,"{""seq"":333,""x_mg"":152,""y_mg"":-500,""z_mg"":824}"
6.906,left_hand,og,tilt,,"{""roll_deg"":-3.1,""pitch_deg"":9.2,""steady"":true}"
6.906,left_hand,og,flick_angles,,"{""side_deg"":-5.2,""fwd_deg"":12.5}"
6.938,left_hand,og,acc,965442,"{""seq"":334,""x_mg"":208,""y_mg"":-492,""z_mg"":836}"
6.938,left_hand,og,tilt,,"{""roll_deg"":-18.5,""pitch_deg"":6.5,""steady"":true}"
6.938,left_hand,og,flick_angles,,"{""side_deg"":-17.5,""fwd_deg"":10.7}"
6.938,left_hand,og,acc,965463,"{""seq"":335,""x_mg"":204,""y_mg"":-328,""z_mg"":844}"
6.938,left_hand,og,tilt,,"{""roll_deg"":-27.7,""pitch_deg"":5.9,""steady"":true}"
6.938,left_hand,og,flick_angles,,"{""side_deg"":-23.6,""fwd_deg"":11.4}"
6.969,left_hand,og,acc,965484,"{""seq"":336,""x_mg"":176,""y_mg"":-128,""z_mg"":828}"
6.969,left_hand,og,tilt,,"{""roll_deg"":-27.7,""pitch_deg"":5.5,""steady"":true}"
6.969,left_hand,og,flick_angles,,"{""side_deg"":-22.1,""fwd_deg"":11.8}"
6.969,left_hand,og,acc,965504,"{""seq"":337,""x_mg"":140,""y_mg"":16,""z_mg"":844}"
6.969,left_hand,og,tilt,,"{""roll_deg"":-23.7,""pitch_deg"":5.3,""steady"":true}"
6.969,left_hand,og,flick_angles,,"{""side_deg"":-15.4,""fwd_deg"":11.8}"
7.000,left_hand,og,acc,965525,"{""seq"":338,""x_mg"":120,""y_mg"":132,""z_mg"":904}"
7.000,left_hand,og,tilt,,"{""roll_deg"":-19.3,""pitch_deg"":4.3,""steady"":true}"
7.000,left_hand,og,flick_angles,,"{""side_deg"":-7.1,""fwd_deg"":10.6}"
7.047,left_hand,og,acc,965545,"{""seq"":339,""x_mg"":188,""y_mg"":132,""z_mg"":920}"
7.047,left_hand,og,tilt,,"{""roll_deg"":-17.4,""pitch_deg"":3.6,""steady"":true}"
7.047,left_hand,og,flick_angles,,"{""side_deg"":0.4,""fwd_deg"":10.0}"
7.047,left_hand,og,acc,965566,"{""seq"":340,""x_mg"":256,""y_mg"":72,""z_mg"":908}"
7.047,left_hand,og,tilt,,"{""roll_deg"":-12.6,""pitch_deg"":3.6,""steady"":true}"
7.047,left_hand,og,flick_angles,,"{""side_deg"":4.2,""fwd_deg"":10.7}"
7.078,left_hand,og,acc,965586,"{""seq"":341,""x_mg"":320,""y_mg"":64,""z_mg"":916}"
7.078,left_hand,og,tilt,,"{""roll_deg"":-9.7,""pitch_deg"":4.0,""steady"":true}"
7.078,left_hand,og,flick_angles,,"{""side_deg"":4.3,""fwd_deg"":13.2}"
7.094,left_hand,og,acc,965607,"{""seq"":342,""x_mg"":356,""y_mg"":56,""z_mg"":928}"
7.094,left_hand,og,tilt,,"{""roll_deg"":-7.7,""pitch_deg"":5.1,""steady"":true}"
7.094,left_hand,og,flick_angles,,"{""side_deg"":4.0,""fwd_deg"":16.2}"
7.094,left_hand,og,acc,965628,"{""seq"":343,""x_mg"":376,""y_mg"":60,""z_mg"":940}"
7.094,left_hand,og,tilt,,"{""roll_deg"":-6.5,""pitch_deg"":5.7,""steady"":true}"
7.094,left_hand,og,flick_angles,,"{""side_deg"":3.7,""fwd_deg"":18.6}"
7.125,left_hand,og,acc,965648,"{""seq"":344,""x_mg"":384,""y_mg"":96,""z_mg"":972}"
7.125,left_hand,og,tilt,,"{""roll_deg"":-5.8,""pitch_deg"":6.9,""steady"":true}"
7.125,left_hand,og,flick_angles,,"{""side_deg"":3.6,""fwd_deg"":20.0}"
7.156,left_hand,og,acc,965669,"{""seq"":345,""x_mg"":372,""y_mg"":80,""z_mg"":976}"
7.156,left_hand,og,tilt,,"{""roll_deg"":-4.9,""pitch_deg"":8.4,""steady"":true}"
7.156,left_hand,og,flick_angles,,"{""side_deg"":4.0,""fwd_deg"":20.7}"
7.188,,game,miss,,"{""n"":4,""want"":""left""}"
7.188,left_hand,og,acc,965689,"{""seq"":346,""x_mg"":364,""y_mg"":60,""z_mg"":960}"
7.188,left_hand,og,tilt,,"{""roll_deg"":-4.4,""pitch_deg"":9.4,""steady"":true}"
7.188,left_hand,og,flick_angles,,"{""side_deg"":4.2,""fwd_deg"":20.8}"
7.188,left_hand,og,acc,965710,"{""seq"":347,""x_mg"":352,""y_mg"":28,""z_mg"":932}"
7.188,left_hand,og,tilt,,"{""roll_deg"":-4.3,""pitch_deg"":10.2,""steady"":true}"
7.188,left_hand,og,flick_angles,,"{""side_deg"":3.8,""fwd_deg"":20.7}"
7.219,left_hand,og,acc,965730,"{""seq"":348,""x_mg"":440,""y_mg"":52,""z_mg"":924}"
7.219,left_hand,og,tilt,,"{""roll_deg"":-4.3,""pitch_deg"":10.8,""steady"":true}"
7.219,left_hand,og,flick_angles,,"{""side_deg"":3.3,""fwd_deg"":20.7}"
7.250,left_hand,og,acc,965751,"{""seq"":349,""x_mg"":424,""y_mg"":72,""z_mg"":912}"
7.250,left_hand,og,tilt,,"{""roll_deg"":-4.3,""pitch_deg"":12.6,""steady"":true}"
7.250,left_hand,og,flick_angles,,"{""side_deg"":3.1,""fwd_deg"":22.8}"
7.250,left_hand,og,acc,965772,"{""seq"":350,""x_mg"":372,""y_mg"":56,""z_mg"":904}"
7.250,left_hand,og,tilt,,"{""roll_deg"":-4.3,""pitch_deg"":13.8,""steady"":true}"
7.250,left_hand,og,flick_angles,,"{""side_deg"":3.2,""fwd_deg"":23.8}"
7.281,left_hand,og,acc,965792,"{""seq"":351,""x_mg"":380,""y_mg"":64,""z_mg"":892}"
7.281,left_hand,og,tilt,,"{""roll_deg"":-4.3,""pitch_deg"":14.2,""steady"":true}"
7.281,left_hand,og,flick_angles,,"{""side_deg"":3.5,""fwd_deg"":23.4}"
7.313,left_hand,og,acc,965813,"{""seq"":352,""x_mg"":364,""y_mg"":64,""z_mg"":892}"
7.313,left_hand,og,tilt,,"{""roll_deg"":-4.2,""pitch_deg"":14.2,""steady"":true}"
7.313,left_hand,og,flick_angles,,"{""side_deg"":3.6,""fwd_deg"":22.9}"
7.313,left_hand,og,acc,965833,"{""seq"":353,""x_mg"":384,""y_mg"":52,""z_mg"":892}"
7.313,left_hand,og,tilt,,"{""roll_deg"":-4.1,""pitch_deg"":14.4,""steady"":true}"
7.313,left_hand,og,flick_angles,,"{""side_deg"":3.7,""fwd_deg"":22.9}"
7.344,left_hand,og,acc,965854,"{""seq"":354,""x_mg"":400,""y_mg"":84,""z_mg"":904}"
7.344,left_hand,og,tilt,,"{""roll_deg"":-4.1,""pitch_deg"":14.6,""steady"":true}"
7.344,left_hand,og,flick_angles,,"{""side_deg"":3.8,""fwd_deg"":23.1}"
7.375,left_hand,og,acc,965874,"{""seq"":355,""x_mg"":360,""y_mg"":104,""z_mg"":916}"
7.375,left_hand,og,tilt,,"{""roll_deg"":-3.8,""pitch_deg"":14.7,""steady"":true}"
7.375,left_hand,og,flick_angles,,"{""side_deg"":4.3,""fwd_deg"":23.2}"
7.375,left_hand,og,acc,965895,"{""seq"":356,""x_mg"":328,""y_mg"":108,""z_mg"":924}"
7.375,left_hand,og,tilt,,"{""roll_deg"":-3.4,""pitch_deg"":14.7,""steady"":true}"
7.375,left_hand,og,flick_angles,,"{""side_deg"":5.2,""fwd_deg"":22.3}"
7.406,left_hand,og,acc,965916,"{""seq"":357,""x_mg"":340,""y_mg"":96,""z_mg"":920}"
7.406,left_hand,og,tilt,,"{""roll_deg"":-3.0,""pitch_deg"":14.7,""steady"":true}"
7.406,left_hand,og,flick_angles,,"{""side_deg"":5.6,""fwd_deg"":21.2}"
7.406,left_hand,og,acc,965936,"{""seq"":358,""x_mg"":336,""y_mg"":60,""z_mg"":932}"
7.406,left_hand,og,tilt,,"{""roll_deg"":-2.8,""pitch_deg"":14.6,""steady"":true}"
7.406,left_hand,og,flick_angles,,"{""side_deg"":5.6,""fwd_deg"":20.5}"
7.438,left_hand,og,acc,965957,"{""seq"":359,""x_mg"":260,""y_mg"":28,""z_mg"":952}"
7.438,left_hand,og,tilt,,"{""roll_deg"":-2.8,""pitch_deg"":14.4,""steady"":true}"
7.438,left_hand,og,flick_angles,,"{""side_deg"":4.5,""fwd_deg"":20.1}"
7.469,left_hand,og,acc,965977,"{""seq"":360,""x_mg"":224,""y_mg"":4,""z_mg"":956}"
7.469,left_hand,og,tilt,,"{""roll_deg"":-2.8,""pitch_deg"":13.7,""steady"":true}"
7.469,left_hand,og,flick_angles,,"{""side_deg"":3.1,""fwd_deg"":17.7}"
7.469,left_hand,og,acc,965998,"{""seq"":361,""x_mg"":240,""y_mg"":-20,""z_mg"":976}"
7.469,left_hand,og,tilt,,"{""roll_deg"":-2.9,""pitch_deg"":12.5,""steady"":true}"
7.469,left_hand,og,flick_angles,,"{""side_deg"":1.7,""fwd_deg"":15.8}"
7.500,left_hand,og,acc,966018,"{""seq"":362,""x_mg"":268,""y_mg"":-44,""z_mg"":972}"
7.500,left_hand,og,tilt,,"{""roll_deg"":-3.4,""pitch_deg"":11.2,""steady"":true}"
7.500,left_hand,og,flick_angles,,"{""side_deg"":0.3,""fwd_deg"":14.8}"
7.531,left_hand,og,acc,966039,"{""seq"":363,""x_mg"":232,""y_mg"":-48,""z_mg"":968}"
7.531,left_hand,og,tilt,,"{""roll_deg"":-4.4,""pitch_deg"":10.1,""steady"":true}"
7.531,left_hand,og,flick_angles,,"{""side_deg"":-1.1,""fwd_deg"":14.3}"
7.531,left_hand,og,acc,966059,"{""seq"":364,""x_mg"":152,""y_mg"":-60,""z_mg"":968}"
7.531,left_hand,og,tilt,,"{""roll_deg"":-5.4,""pitch_deg"":9.1,""steady"":true}"
7.531,left_hand,og,flick_angles,,"{""side_deg"":-1.9,""fwd_deg"":13.9}"
7.563,left_hand,og,acc,966080,"{""seq"":365,""x_mg"":108,""y_mg"":-48,""z_mg"":948}"
7.563,left_hand,og,tilt,,"{""roll_deg"":-6.4,""pitch_deg"":6.9,""steady"":true}"
7.563,left_hand,og,flick_angles,,"{""side_deg"":-2.4,""fwd_deg"":11.4}"
7.594,left_hand,og,acc,966101,"{""seq"":366,""x_mg"":316,""y_mg"":40,""z_mg"":988}"
7.594,left_hand,og,tilt,,"{""roll_deg"":-7.2,""pitch_deg"":5.2,""steady"":true}"
7.594,left_hand,og,flick_angles,,"{""side_deg"":-2.6,""fwd_deg"":10.2}"
7.594,left_hand,og,acc,966121,"{""seq"":367,""x_mg"":424,""y_mg"":120,""z_mg"":1016}"
7.594,left_hand,og,tilt,,"{""roll_deg"":-7.2,""pitch_deg"":5.7,""steady"":true}"
7.594,left_hand,og,flick_angles,,"{""side_deg"":-0.2,""fwd_deg"":13.9}"
7.625,left_hand,og,acc,966142,"{""seq"":368,""x_mg"":296,""y_mg"":108,""z_mg"":992}"
7.625,left_hand,og,tilt,,"{""roll_deg"":-6.7,""pitch_deg"":6.5,""steady"":true}"
7.625,left_hand,og,flick_angles,,"{""side_deg"":2.9,""fwd_deg"":15.8}"
7.656,left_hand,og,acc,966162,"{""seq"":369,""x_mg"":168,""y_mg"":92,""z_mg"":924}"
7.656,left_hand,og,tilt,,"{""roll_deg"":-6.4,""pitch_deg"":6.8,""steady"":true}"
7.656,left_hand,og,flick_angles,,"{""side_deg"":4.4,""fwd_deg"":16.2}"
7.656,left_hand,og,acc,966183,"{""seq"":370,""x_mg"":180,""y_mg"":128,""z_mg"":884}"
7.656,left_hand,og,tilt,,"{""roll_deg"":-5.8,""pitch_deg"":6.8,""steady"":true}"
7.656,left_hand,og,flick_angles,,"{""side_deg"":5.2,""fwd_deg"":13.8}"
7.688,left_hand,og,acc,966203,"{""seq"":371,""x_mg"":368,""y_mg"":192,""z_mg"":940}"
7.688,left_hand,og,tilt,,"{""roll_deg"":-4.7,""pitch_deg"":6.4,""steady"":true}"
7.688,left_hand,og,flick_angles,,"{""side_deg"":6.6,""fwd_deg"":12.6}"
7.719,left_hand,og,acc,966224,"{""seq"":372,""x_mg"":404,""y_mg"":204,""z_mg"":952}"
7.719,left_hand,og,tilt,,"{""roll_deg"":-2.8,""pitch_deg"":6.5,""steady"":true}"
7.719,left_hand,og,flick_angles,,"{""side_deg"":8.7,""fwd_deg"":16.8}"
7.719,left_hand,og,acc,966245,"{""seq"":373,""x_mg"":292,""y_mg"":220,""z_mg"":876}"
7.719,left_hand,og,tilt,,"{""roll_deg"":-1.0,""pitch_deg"":7.1,""steady"":true}"
7.719,left_hand,og,flick_angles,,"{""side_deg"":9.9,""fwd_deg"":18.9}"
7.766,left_hand,og,acc,966265,"{""seq"":374,""x_mg"":368,""y_mg"":220,""z_mg"":840}"
7.766,left_hand,og,tilt,,"{""roll_deg"":1.0,""pitch_deg"":8.3,""steady"":true}"
7.766,left_hand,og,flick_angles,,"{""side_deg"":11.7,""fwd_deg"":20.7}"
7.766,left_hand,og,acc,966286,"{""seq"":375,""x_mg"":596,""y_mg"":252,""z_mg"":864}"
7.766,left_hand,og,tilt,,"{""roll_deg"":2.6,""pitch_deg"":9.8,""steady"":true}"
7.766,left_hand,og,flick_angles,,"{""side_deg"":12.6,""fwd_deg"":21.8}"
7.797,left_hand,og,acc,966306,"{""seq"":376,""x_mg"":656,""y_mg"":332,""z_mg"":856}"
7.797,left_hand,og,tilt,,"{""roll_deg"":3.7,""pitch_deg"":14.9,""steady"":true}"
7.797,left_hand,og,flick_angles,,"{""side_deg"":13.0,""fwd_deg"":27.7}"
7.828,left_hand,og,acc,966327,"{""seq"":377,""x_mg"":524,""y_mg"":452,""z_mg"":824}"
7.828,left_hand,og,tilt,,"{""roll_deg"":5.7,""pitch_deg"":18.9,""steady"":true}"
7.828,left_hand,og,flick_angles,,"{""side_deg"":15.1,""fwd_deg"":30.6}"
7.828,left_hand,og,acc,966347,"{""seq"":378,""x_mg"":420,""y_mg"":504,""z_mg"":804}"
7.828,left_hand,og,tilt,,"{""roll_deg"":10.1,""pitch_deg"":19.7,""steady"":true}"
7.828,left_hand,og,flick_angles,,"{""side_deg"":20.0,""fwd_deg"":29.9}"
7.860,left_hand,og,acc,966368,"{""seq"":379,""x_mg"":464,""y_mg"":404,""z_mg"":768}"
7.860,left_hand,og,tilt,,"{""roll_deg"":13.0,""pitch_deg"":19.8,""steady"":true}"
7.860,left_hand,og,flick_angles,,"{""side_deg"":22.4,""fwd_deg"":29.0}"
7.891,left_hand,og,acc,966389,"{""seq"":380,""x_mg"":660,""y_mg"":280,""z_mg"":764}"
7.891,left_hand,og,tilt,,"{""roll_deg"":14.4,""pitch_deg"":19.9,""steady"":true}"
7.891,left_hand,og,flick_angles,,"{""side_deg"":23.3,""fwd_deg"":28.6}"
7.891,left_hand,og,acc,966409,"{""seq"":381,""x_mg"":692,""y_mg"":232,""z_mg"":808}"
7.891,left_hand,og,tilt,,"{""roll_deg"":13.1,""pitch_deg"":23.9,""steady"":true}"
7.891,left_hand,og,flick_angles,,"{""side_deg"":19.4,""fwd_deg"":33.8}"
7.922,left_hand,og,acc,966430,"{""seq"":382,""x_mg"":536,""y_mg"":316,""z_mg"":792}"
7.922,left_hand,og,tilt,,"{""roll_deg"":11.9,""pitch_deg"":26.7,""steady"":true}"
7.922,left_hand,og,flick_angles,,"{""side_deg"":17.5,""fwd_deg"":36.4}"
7.953,left_hand,og,acc,966450,"{""seq"":383,""x_mg"":504,""y_mg"":336,""z_mg"":748}"
7.953,left_hand,og,tilt,,"{""roll_deg"":11.8,""pitch_deg"":26.6,""steady"":true}"
7.953,left_hand,og,flick_angles,,"{""side_deg"":17.9,""fwd_deg"":34.3}"
7.953,left_hand,og,acc,966471,"{""seq"":384,""x_mg"":560,""y_mg"":300,""z_mg"":760}"
7.953,left_hand,og,tilt,,"{""roll_deg"":11.7,""pitch_deg"":26.1,""steady"":true}"
7.953,left_hand,og,flick_angles,,"{""side_deg"":18.1,""fwd_deg"":33.2}"
7.985,left_hand,og,acc,966491,"{""seq"":385,""x_mg"":556,""y_mg"":236,""z_mg"":804}"
7.985,left_hand,og,tilt,,"{""roll_deg"":11.6,""pitch_deg"":26.1,""steady"":true}"
7.985,left_hand,og,flick_angles,,"{""side_deg"":17.9,""fwd_deg"":33.4}"
7.985,left_hand,og,acc,966512,"{""seq"":386,""x_mg"":484,""y_mg"":212,""z_mg"":820}"
7.985,left_hand,og,tilt,,"{""roll_deg"":10.9,""pitch_deg"":26.1,""steady"":true}"
7.985,left_hand,og,flick_angles,,"{""side_deg"":15.7,""fwd_deg"":33.5}"
8.016,left_hand,og,acc,966532,"{""seq"":387,""x_mg"":432,""y_mg"":180,""z_mg"":824}"
8.016,left_hand,og,tilt,,"{""roll_deg"":10.5,""pitch_deg"":25.4,""steady"":true}"
8.016,left_hand,og,flick_angles,,"{""side_deg"":14.1,""fwd_deg"":31.6}"
8.047,left_hand,og,acc,966553,"{""seq"":388,""x_mg"":372,""y_mg"":104,""z_mg"":824}"
8.047,left_hand,og,tilt,,"{""roll_deg"":9.7,""pitch_deg"":24.6,""steady"":true}"
8.047,left_hand,og,flick_angles,,"{""side_deg"":12.5,""fwd_deg"":29.4}"
8.047,left_hand,og,acc,966574,"{""seq"":389,""x_mg"":360,""y_mg"":16,""z_mg"":852}"
8.047,left_hand,og,tilt,,"{""roll_deg"":7.5,""pitch_deg"":24.0,""steady"":true}"
8.047,left_hand,og,flick_angles,,"{""side_deg"":9.6,""fwd_deg"":26.7}"
8.078,left_hand,og,acc,966594,"{""seq"":390,""x_mg"":364,""y_mg"":-44,""z_mg"":868}"
8.078,left_hand,og,tilt,,"{""roll_deg"":3.5,""pitch_deg"":22.7,""steady"":true}"
8.078,left_hand,og,flick_angles,,"{""side_deg"":5.3,""fwd_deg"":24.8}"
8.110,left_hand,og,acc,966615,"{""seq"":391,""x_mg"":360,""y_mg"":-40,""z_mg"":864}"
8.110,left_hand,og,tilt,,"{""roll_deg"":-1.2,""pitch_deg"":21.1,""steady"":true}"
8.110,left_hand,og,flick_angles,,"{""side_deg"":1.4,""fwd_deg"":23.8}"
8.110,left_hand,og,acc,966635,"{""seq"":392,""x_mg"":332,""y_mg"":40,""z_mg"":860}"
8.110,left_hand,og,tremor,,"{""rms_mg"":115.9,""peak_hz"":4.2}"
8.110,left_hand,og,tilt,,"{""roll_deg"":-4.3,""pitch_deg"":19.7,""steady"":true}"
8.110,left_hand,og,flick_angles,,"{""side_deg"":-0.5,""fwd_deg"":23.2}"
8.125,left_hand,og,acc,966656,"{""seq"":393,""x_mg"":332,""y_mg"":68,""z_mg"":880}"
8.125,left_hand,og,tilt,,"{""roll_deg"":-4.3,""pitch_deg"":18.0,""steady"":true}"
8.125,left_hand,og,flick_angles,,"{""side_deg"":1.0,""fwd_deg"":22.1}"
8.156,left_hand,og,acc,966676,"{""seq"":394,""x_mg"":356,""y_mg"":64,""z_mg"":980}"
8.156,left_hand,og,tilt,,"{""roll_deg"":-4.3,""pitch_deg"":16.7,""steady"":true}"
8.156,left_hand,og,flick_angles,,"{""side_deg"":2.2,""fwd_deg"":21.4}"
8.188,left_hand,og,acc,966697,"{""seq"":395,""x_mg"":372,""y_mg"":76,""z_mg"":1108}"
8.188,left_hand,og,tilt,,"{""roll_deg"":-4.3,""pitch_deg"":15.4,""steady"":true}"
8.188,left_hand,og,flick_angles,,"{""side_deg"":3.0,""fwd_deg"":20.7}"
8.188,left_hand,og,acc,966718,"{""seq"":396,""x_mg"":332,""y_mg"":68,""z_mg"":1208}"
8.188,left_hand,og,tilt,,"{""roll_deg"":-4.3,""pitch_deg"":14.1,""steady"":true}"
8.188,left_hand,og,flick_angles,,"{""side_deg"":3.2,""fwd_deg"":19.6}"
8.235,left_hand,og,acc,966738,"{""seq"":397,""x_mg"":264,""y_mg"":56,""z_mg"":1360}"
8.235,left_hand,og,tilt,,"{""roll_deg"":-4.3,""pitch_deg"":14.1,""steady"":false}"
8.235,left_hand,og,flick_angles,,"{""side_deg"":3.2,""fwd_deg"":17.5}"
8.250,left_hand,og,acc,966759,"{""seq"":398,""x_mg"":216,""y_mg"":100,""z_mg"":1480}"
8.250,left_hand,og,tilt,,"{""roll_deg"":-4.3,""pitch_deg"":14.1,""steady"":false}"
8.250,left_hand,og,flick_angles,,"{""side_deg"":3.1,""fwd_deg"":14.2}"
8.250,left_hand,og,acc,966779,"{""seq"":399,""x_mg"":268,""y_mg"":40,""z_mg"":1556}"
8.250,left_hand,og,tilt,,"{""roll_deg"":-4.3,""pitch_deg"":14.1,""steady"":false}"
8.250,left_hand,og,flick_angles,,"{""side_deg"":2.7,""fwd_deg"":12.0}"
8.297,left_hand,og,acc,966800,"{""seq"":400,""x_mg"":288,""y_mg"":-104,""z_mg"":1648}"
8.297,left_hand,og,tilt,,"{""roll_deg"":-4.3,""pitch_deg"":14.1,""steady"":false}"
8.297,left_hand,og,flick_angles,,"{""side_deg"":2.1,""fwd_deg"":10.9}"
8.328,left_hand,og,acc,966820,"{""seq"":401,""x_mg"":216,""y_mg"":-132,""z_mg"":1748}"
8.328,left_hand,og,tilt,,"{""roll_deg"":-4.3,""pitch_deg"":14.1,""steady"":false}"
8.328,left_hand,og,flick_angles,,"{""side_deg"":-0.7,""fwd_deg"":10.3}"
8.328,left_hand,og,acc,966841,"{""seq"":402,""x_mg"":160,""y_mg"":20,""z_mg"":1736}"
8.328,left_hand,og,tilt,,"{""roll_deg"":-4.3,""pitch_deg"":14.1,""steady"":false}"
8.328,left_hand,og,flick_angles,,"{""side_deg"":-2.1,""fwd_deg"":8.7}"
8.360,left_hand,og,acc,966862,"{""seq"":403,""x_mg"":196,""y_mg"":128,""z_mg"":1380}"
8.360,left_hand,og,tilt,,"{""roll_deg"":-4.3,""pitch_deg"":14.1,""steady"":false}"
8.360,left_hand,og,flick_angles,,"{""side_deg"":-0.7,""fwd_deg"":7.8}"
8.360,left_hand,og,acc,966882,"{""seq"":404,""x_mg"":216,""y_mg"":24,""z_mg"":1184}"
8.360,left_hand,og,tilt,,"{""roll_deg"":-4.3,""pitch_deg"":9.9,""steady"":true}"
8.360,left_hand,og,flick_angles,,"{""side_deg"":0.2,""fwd_deg"":7.9}"
8.391,left_hand,og,acc,966903,"{""seq"":405,""x_mg"":248,""y_mg"":-12,""z_mg"":948}"
8.391,left_hand,og,tilt,,"{""roll_deg"":-4.3,""pitch_deg"":9.3,""steady"":true}"
8.391,left_hand,og,flick_angles,,"{""side_deg"":0.7,""fwd_deg"":9.1}"
8.422,left_hand,og,acc,966923,"{""seq"":406,""x_mg"":276,""y_mg"":-16,""z_mg"":692}"
8.422,left_hand,og,tilt,,"{""roll_deg"":-4.7,""pitch_deg"":8.9,""steady"":true}"
8.422,left_hand,og,flick_angles,,"{""side_deg"":-0.0,""fwd_deg"":11.9}"
8.422,left_hand,og,acc,966944,"{""seq"":407,""x_mg"":284,""y_mg"":-20,""z_mg"":440}"
8.422,left_hand,og,tilt,,"{""roll_deg"":-4.7,""pitch_deg"":8.9,""steady"":false}"
8.422,left_hand,og,flick_angles,,"{""side_deg"":-0.6,""fwd_deg"":16.8}"
8.453,left_hand,og,acc,966964,"{""seq"":408,""x_mg"":344,""y_mg"":-60,""z_mg"":248}"
8.453,left_hand,og,tilt,,"{""roll_deg"":-4.7,""pitch_deg"":8.9,""steady"":false}"
8.453,left_hand,og,flick_angles,,"{""side_deg"":-1.4,""fwd_deg"":24.8}"
8.485,left_hand,og,acc,966985,"{""seq"":409,""x_mg"":496,""y_mg"":-100,""z_mg"":132}"
8.485,left_hand,og,tilt,,"{""roll_deg"":-4.7,""pitch_deg"":8.9,""steady"":false}"
8.485,left_hand,og,flick_angles,,"{""side_deg"":-4.7,""fwd_deg"":39.1}"
8.485,left_hand,og,acc,967005,"{""seq"":410,""x_mg"":548,""y_mg"":-128,""z_mg"":84}"
8.485,left_hand,og,tilt,,"{""roll_deg"":-4.7,""pitch_deg"":8.9,""steady"":false}"
8.485,left_hand,og,flick_angles,,"{""side_deg"":-7.9,""fwd_deg"":55.3}"
8.516,left_hand,og,acc,967026,"{""seq"":411,""x_mg"":536,""y_mg"":-124,""z_mg"":160}"
8.516,left_hand,og,tilt,,"{""roll_deg"":-4.7,""pitch_deg"":8.9,""steady"":false}"
8.516,left_hand,og,flick_angles,,"{""side_deg"":-10.2,""fwd_deg"":63.4}"
8.547,left_hand,og,acc,967047,"{""seq"":412,""x_mg"":592,""y_mg"":-76,""z_mg"":108}"
8.547,left_hand,og,tilt,,"{""roll_deg"":-4.7,""pitch_deg"":8.9,""steady"":false}"
8.547,left_hand,og,flick_angles,,"{""side_deg"":-11.3,""fwd_deg"":68.9}"
8.547,left_hand,og,acc,967067,"{""seq"":413,""x_mg"":652,""y_mg"":-24,""z_mg"":84}"
8.547,left_hand,og,tilt,,"{""roll_deg"":-4.7,""pitch_deg"":8.9,""steady"":false}"
8.547,left_hand,og,flick_angles,,"{""side_deg"":-9.3,""fwd_deg"":73.2}"
8.547,,game,miss,,"{""n"":5,""want"":""up""}"
8.578,left_hand,og,acc,967088,"{""seq"":414,""x_mg"":736,""y_mg"":-96,""z_mg"":136}"
8.578,left_hand,og,tilt,,"{""roll_deg"":-6.7,""pitch_deg"":11.1,""steady"":true}"
8.578,left_hand,og,flick_angles,,"{""side_deg"":-8.2,""fwd_deg"":75.3}"
8.610,left_hand,og,acc,967108,"{""seq"":415,""x_mg"":764,""y_mg"":-164,""z_mg"":232}"
8.610,left_hand,og,tilt,,"{""roll_deg"":-8.3,""pitch_deg"":32.0,""steady"":true}"
8.610,left_hand,og,flick_angles,,"{""side_deg"":-7.8,""fwd_deg"":76.3}"
8.610,left_hand,og,acc,967129,"{""seq"":416,""x_mg"":788,""y_mg"":-164,""z_mg"":316}"
8.610,left_hand,og,tilt,,"{""roll_deg"":-11.0,""pitch_deg"":47.5,""steady"":true}"
8.610,left_hand,og,flick_angles,,"{""side_deg"":-9.4,""fwd_deg"":72.9}"
8.641,left_hand,og,acc,967150,"{""seq"":417,""x_mg"":796,""y_mg"":-160,""z_mg"":424}"
8.641,left_hand,og,tilt,,"{""roll_deg"":-13.1,""pitch_deg"":52.9,""steady"":true}"
8.641,left_hand,og,flick_angles,,"{""side_deg"":-10.1,""fwd_deg"":69.3}"
8.641,left_hand,og,acc,967170,"{""seq"":418,""x_mg"":804,""y_mg"":-180,""z_mg"":512}"
8.641,left_hand,og,tilt,,"{""roll_deg"":-14.5,""pitch_deg"":52.9,""steady"":true}"
8.641,left_hand,og,flick_angles,,"{""side_deg"":-10.4,""fwd_deg"":64.8}"
8.672,left_hand,og,acc,967191,"{""seq"":419,""x_mg"":820,""y_mg"":-164,""z_mg"":544}"
8.672,left_hand,og,tilt,,"{""roll_deg"":-15.2,""pitch_deg"":51.3,""steady"":true}"
8.672,left_hand,og,flick_angles,,"{""side_deg"":-10.2,""fwd_deg"":60.4}"
8.703,left_hand,og,acc,967211,"{""seq"":420,""x_mg"":852,""y_mg"":-164,""z_mg"":508}"
8.703,left_hand,og,tilt,,"{""roll_deg"":-15.5,""pitch_deg"":50.3,""steady"":true}"
8.703,left_hand,og,flick_angles,,"{""side_deg"":-9.9,""fwd_deg"":58.2}"
8.703,left_hand,og,acc,967232,"{""seq"":421,""x_mg"":852,""y_mg"":-184,""z_mg"":568}"
8.703,left_hand,og,tilt,,"{""roll_deg"":-15.7,""pitch_deg"":49.5,""steady"":true}"
8.703,left_hand,og,flick_angles,,"{""side_deg"":-9.7,""fwd_deg"":56.7}"
8.735,left_hand,og,acc,967252,"{""seq"":422,""x_mg"":856,""y_mg"":-228,""z_mg"":628}"
8.735,left_hand,og,tilt,,"{""roll_deg"":-16.1,""pitch_deg"":48.9,""steady"":true}"
8.735,left_hand,og,flick_angles,,"{""side_deg"":-9.9,""fwd_deg"":55.9}"
8.766,left_hand,og,acc,967273,"{""seq"":423,""x_mg"":852,""y_mg"":-236,""z_mg"":700}"
8.766,left_hand,og,tilt,,"{""roll_deg"":-16.8,""pitch_deg"":47.7,""steady"":true}"
8.766,left_hand,og,flick_angles,,"{""side_deg"":-11.0,""fwd_deg"":53.9}"
8.766,left_hand,og,acc,967294,"{""seq"":424,""x_mg"":844,""y_mg"":-216,""z_mg"":688}"
8.766,left_hand,og,tilt,,"{""roll_deg"":-17.4,""pitch_deg"":46.5,""steady"":true}"
8.766,left_hand,og,flick_angles,,"{""side_deg"":-11.5,""fwd_deg"":51.7}"
8.781,left_hand,og,acc,967314,"{""seq"":425,""x_mg"":832,""y_mg"":-196,""z_mg"":624}"
8.781,left_hand,og,tilt,,"{""roll_deg"":-17.5,""pitch_deg"":45.9,""steady"":true}"
8.781,left_hand,og,flick_angles,,"{""side_deg"":-11.4,""fwd_deg"":50.6}"
8.813,left_hand,og,acc,967335,"{""seq"":426,""x_mg"":800,""y_mg"":-188,""z_mg"":588}"
8.813,left_hand,og,tilt,,"{""roll_deg"":-17.5,""pitch_deg"":45.7,""steady"":true}"
8.813,left_hand,og,flick_angles,,"{""side_deg"":-11.1,""fwd_deg"":51.2}"
8.844,left_hand,og,acc,967355,"{""seq"":427,""x_mg"":780,""y_mg"":-212,""z_mg"":604}"
8.844,left_hand,og,tilt,,"{""roll_deg"":-17.5,""pitch_deg"":45.6,""steady"":true}"
8.844,left_hand,og,flick_angles,,"{""side_deg"":-10.9,""fwd_deg"":51.5}"
8.844,left_hand,og,acc,967376,"{""seq"":428,""x_mg"":764,""y_mg"":-196,""z_mg"":608}"
8.844,left_hand,og,tilt,,"{""roll_deg"":-17.7,""pitch_deg"":45.4,""steady"":true}"
8.844,left_hand,og,flick_angles,,"{""side_deg"":-11.1,""fwd_deg"":51.1}"
8.875,left_hand,og,acc,967396,"{""seq"":429,""x_mg"":740,""y_mg"":-156,""z_mg"":580}"
8.875,left_hand,og,tilt,,"{""roll_deg"":-17.7,""pitch_deg"":45.3,""steady"":true}"
8.875,left_hand,og,flick_angles,,"{""side_deg"":-11.2,""fwd_deg"":50.8}"
8.906,left_hand,og,acc,967417,"{""seq"":430,""x_mg"":732,""y_mg"":-148,""z_mg"":588}"
8.906,left_hand,og,tilt,,"{""roll_deg"":-17.7,""pitch_deg"":45.1,""steady"":true}"
8.906,left_hand,og,flick_angles,,"{""side_deg"":-10.3,""fwd_deg"":50.6}"
8.906,left_hand,og,acc,967437,"{""seq"":431,""x_mg"":756,""y_mg"":-152,""z_mg"":600}"
8.906,left_hand,og,tilt,,"{""roll_deg"":-17.7,""pitch_deg"":44.9,""steady"":true}"
8.906,left_hand,og,flick_angles,,"{""side_deg"":-9.6,""fwd_deg"":50.6}"
8.938,left_hand,og,acc,967458,"{""seq"":432,""x_mg"":744,""y_mg"":-168,""z_mg"":592}"
8.938,left_hand,og,tilt,,"{""roll_deg"":-17.7,""pitch_deg"":44.7,""steady"":true}"
8.938,left_hand,og,flick_angles,,"{""side_deg"":-9.3,""fwd_deg"":50.5}"
8.969,left_hand,og,acc,967479,"{""seq"":433,""x_mg"":736,""y_mg"":-188,""z_mg"":580}"
8.969,left_hand,og,tilt,,"{""roll_deg"":-17.7,""pitch_deg"":44.5,""steady"":true}"
8.969,left_hand,og,flick_angles,,"{""side_deg"":-9.7,""fwd_deg"":50.5}"
8.969,left_hand,og,acc,967499,"{""seq"":434,""x_mg"":760,""y_mg"":-192,""z_mg"":584}"
8.969,left_hand,og,tilt,,"{""roll_deg"":-17.7,""pitch_deg"":44.3,""steady"":true}"
8.969,left_hand,og,flick_angles,,"{""side_deg"":-10.5,""fwd_deg"":50.4}"
8.985,left_hand,og,acc,967520,"{""seq"":435,""x_mg"":760,""y_mg"":-216,""z_mg"":580}"
8.985,left_hand,og,tilt,,"{""roll_deg"":-17.7,""pitch_deg"":44.2,""steady"":true}"
8.985,left_hand,og,flick_angles,,"{""side_deg"":-10.9,""fwd_deg"":50.6}"
9.031,left_hand,og,acc,967540,"{""seq"":436,""x_mg"":772,""y_mg"":-192,""z_mg"":560}"
9.031,left_hand,og,tilt,,"{""roll_deg"":-17.7,""pitch_deg"":44.2,""steady"":true}"
9.031,left_hand,og,flick_angles,,"{""side_deg"":-11.2,""fwd_deg"":50.8}"
9.063,left_hand,og,acc,967561,"{""seq"":437,""x_mg"":768,""y_mg"":-156,""z_mg"":584}"
9.063,left_hand,og,tilt,,"{""roll_deg"":-17.7,""pitch_deg"":44.2,""steady"":true}"
9.063,left_hand,og,flick_angles,,"{""side_deg"":-11.3,""fwd_deg"":51.3}"
9.063,left_hand,og,acc,967581,"{""seq"":438,""x_mg"":780,""y_mg"":-148,""z_mg"":592}"
9.063,left_hand,og,tilt,,"{""roll_deg"":-17.7,""pitch_deg"":44.2,""steady"":true}"
9.063,left_hand,og,flick_angles,,"{""side_deg"":-10.2,""fwd_deg"":51.6}"
9.094,left_hand,og,acc,967602,"{""seq"":439,""x_mg"":788,""y_mg"":-212,""z_mg"":596}"
9.094,left_hand,og,tilt,,"{""roll_deg"":-17.7,""pitch_deg"":44.2,""steady"":true}"
9.094,left_hand,og,flick_angles,,"{""side_deg"":-9.7,""fwd_deg"":51.7}"
9.125,left_hand,og,acc,967623,"{""seq"":440,""x_mg"":780,""y_mg"":-236,""z_mg"":576}"
9.125,left_hand,og,tilt,,"{""roll_deg"":-17.7,""pitch_deg"":44.2,""steady"":true}"
9.125,left_hand,og,flick_angles,,"{""side_deg"":-10.9,""fwd_deg"":51.6}"
9.125,left_hand,og,acc,967643,"{""seq"":441,""x_mg"":760,""y_mg"":-240,""z_mg"":544}"
9.125,left_hand,og,tilt,,"{""roll_deg"":-17.8,""pitch_deg"":44.2,""steady"":true}"
9.125,left_hand,og,flick_angles,,"{""side_deg"":-12.3,""fwd_deg"":51.5}"
9.156,left_hand,og,acc,967664,"{""seq"":442,""x_mg"":748,""y_mg"":-188,""z_mg"":496}"
9.156,left_hand,og,tilt,,"{""roll_deg"":-18.2,""pitch_deg"":44.2,""steady"":true}"
9.156,left_hand,og,flick_angles,,"{""side_deg"":-13.0,""fwd_deg"":51.7}"
9.172,left_hand,og,acc,967684,"{""seq"":443,""x_mg"":740,""y_mg"":-152,""z_mg"":520}"
9.172,left_hand,og,tilt,,"{""roll_deg"":-18.2,""pitch_deg"":44.2,""steady"":true}"
9.172,left_hand,og,flick_angles,,"{""side_deg"":-12.4,""fwd_deg"":52.8}"
9.172,left_hand,og,acc,967705,"{""seq"":444,""x_mg"":716,""y_mg"":-116,""z_mg"":556}"
9.172,left_hand,og,tilt,,"{""roll_deg"":-18.2,""pitch_deg"":44.2,""steady"":true}"
9.172,left_hand,og,flick_angles,,"{""side_deg"":-11.0,""fwd_deg"":53.3}"
9.203,left_hand,og,acc,967725,"{""seq"":445,""x_mg"":684,""y_mg"":-96,""z_mg"":556}"
9.203,left_hand,og,tilt,,"{""roll_deg"":-18.2,""pitch_deg"":44.2,""steady"":true}"
9.203,left_hand,og,flick_angles,,"{""side_deg"":-9.1,""fwd_deg"":52.4}"
9.235,left_hand,og,acc,967746,"{""seq"":446,""x_mg"":656,""y_mg"":-112,""z_mg"":600}"
9.235,left_hand,og,tilt,,"{""roll_deg"":-18.2,""pitch_deg"":44.2,""steady"":true}"
9.235,left_hand,og,flick_angles,,"{""side_deg"":-8.2,""fwd_deg"":51.5}"
9.266,left_hand,og,acc,967767,"{""seq"":447,""x_mg"":636,""y_mg"":-160,""z_mg"":680}"
9.266,left_hand,og,tilt,,"{""roll_deg"":-17.7,""pitch_deg"":44.0,""steady"":true}"
9.266,left_hand,og,flick_angles,,"{""side_deg"":-7.7,""fwd_deg"":49.3}"
9.266,left_hand,og,acc,967787,"{""seq"":448,""x_mg"":620,""y_mg"":-156,""z_mg"":656}"
9.266,left_hand,og,tilt,,"{""roll_deg"":-17.6,""pitch_deg"":42.3,""steady"":true}"
9.266,left_hand,og,flick_angles,,"{""side_deg"":-8.7,""fwd_deg"":45.9}"
9.297,left_hand,og,acc,967808,"{""seq"":449,""x_mg"":568,""y_mg"":-188,""z_mg"":696}"
9.297,left_hand,og,tilt,,"{""roll_deg"":-17.6,""pitch_deg"":40.5,""steady"":true}"
9.297,left_hand,og,flick_angles,,"{""side_deg"":-9.3,""fwd_deg"":44.1}"
9.328,left_hand,og,acc,967828,"{""seq"":450,""x_mg"":536,""y_mg"":-280,""z_mg"":820}"
9.328,left_hand,og,tilt,,"{""roll_deg"":-17.6,""pitch_deg"":37.7,""steady"":true}"
9.328,left_hand,og,flick_angles,,"{""side_deg"":-10.5,""fwd_deg"":41.2}"
9.344,left_hand,game,hit,,"{""n"":1,""dir"":""down"",""err_ms"":-156}"
9.344,left_hand,og,acc,967849,"{""seq"":451,""x_mg"":508,""y_mg"":-392,""z_mg"":896}"
9.344,left_hand,og,tilt,,"{""roll_deg"":-17.6,""pitch_deg"":32.8,""steady"":true}"
9.344,left_hand,og,flick_angles,,"{""side_deg"":-13.2,""fwd_deg"":36.5}"
9.360,left_hand,og,acc,967869,"{""seq"":452,""x_mg"":504,""y_mg"":-456,""z_mg"":880}"
9.360,left_hand,og,tilt,,"{""roll_deg"":-19.5,""pitch_deg"":27.7,""steady"":true}"
9.360,left_hand,og,flick_angles,,"{""side_deg"":-17.0,""fwd_deg"":32.0}"
9.360,left_hand,og,acc,967890,"{""seq"":453,""x_mg"":524,""y_mg"":-480,""z_mg"":812}"
9.360,left_hand,og,tilt,,"{""roll_deg"":-22.7,""pitch_deg"":24.5,""steady"":true}"
9.360,left_hand,og,flick_angles,,"{""side_deg"":-20.6,""fwd_deg"":29.7}"
9.391,left_hand,og,acc,967911,"{""seq"":454,""x_mg"":520,""y_mg"":-428,""z_mg"":808}"
9.391,left_hand,og,tilt,,"{""roll_deg"":-25.4,""pitch_deg"":23.4,""steady"":true}"
9.391,left_hand,og,flick_angles,,"{""side_deg"":-22.4,""fwd_deg"":29.4}"
9.422,left_hand,og,acc,967931,"{""seq"":455,""x_mg"":468,""y_mg"":-364,""z_mg"":956}"
9.422,left_hand,og,tilt,,"{""roll_deg"":-27.2,""pitch_deg"":22.8,""steady"":true}"
9.422,left_hand,og,flick_angles,,"{""side_deg"":-23.2,""fwd_deg"":29.2}"
9.422,left_hand,og,acc,967952,"{""seq"":456,""x_mg"":408,""y_mg"":-272,""z_mg"":992}"
9.422,left_hand,og,tilt,,"{""roll_deg"":-27.2,""pitch_deg"":20.6,""steady"":true}"
9.422,left_hand,og,flick_angles,,"{""side_deg"":-21.0,""fwd_deg"":26.9}"
9.453,left_hand,og,acc,967972,"{""seq"":457,""x_mg"":392,""y_mg"":-212,""z_mg"":872}"
9.453,left_hand,og,tilt,,"{""roll_deg"":-26.2,""pitch_deg"":19.0,""steady"":true}"
9.453,left_hand,og,flick_angles,,"{""side_deg"":-17.6,""fwd_deg"":25.2}"
9.485,left_hand,og,acc,967993,"{""seq"":458,""x_mg"":344,""y_mg"":-212,""z_mg"":756}"
9.485,left_hand,og,tilt,,"{""roll_deg"":-25.4,""pitch_deg"":18.0,""steady"":true}"
9.485,left_hand,og,flick_angles,,"{""side_deg"":-15.9,""fwd_deg"":24.4}"
9.485,left_hand,og,acc,968013,"{""seq"":459,""x_mg"":256,""y_mg"":-232,""z_mg"":724}"
9.485,left_hand,og,tilt,,"{""roll_deg"":-25.0,""pitch_deg"":17.4,""steady"":true}"
9.485,left_hand,og,flick_angles,,"{""side_deg"":-15.1,""fwd_deg"":24.0}"
9.531,left_hand,og,acc,968034,"{""seq"":460,""x_mg"":200,""y_mg"":-208,""z_mg"":660}"
9.531,left_hand,og,tilt,,"{""roll_deg"":-24.9,""pitch_deg"":15.1,""steady"":true}"
9.531,left_hand,og,flick_angles,,"{""side_deg"":-16.0,""fwd_deg"":21.3}"
9.547,left_hand,og,acc,968055,"{""seq"":461,""x_mg"":208,""y_mg"":-124,""z_mg"":536}"
9.547,left_hand,og,tilt,,"{""roll_deg"":-24.9,""pitch_deg"":15.1,""steady"":false}"
9.547,left_hand,og,flick_angles,,"{""side_deg"":-16.4,""fwd_deg"":20.0}"
9.547,left_hand,og,acc,968075,"{""seq"":462,""x_mg"":236,""y_mg"":76,""z_mg"":484}"
9.547,left_hand,og,tilt,,"{""roll_deg"":-24.9,""pitch_deg"":15.1,""steady"":false}"
9.547,left_hand,og,flick_angles,,"{""side_deg"":-14.3,""fwd_deg"":20.3}"
9.594,left_hand,og,acc,968096,"{""seq"":463,""x_mg"":192,""y_mg"":220,""z_mg"":644}"
9.594,left_hand,og,tilt,,"{""roll_deg"":-24.8,""pitch_deg"":11.3,""steady"":true}"
9.594,left_hand,og,flick_angles,,"{""side_deg"":-3.1,""fwd_deg"":20.5}"
9.594,left_hand,og,acc,968116,"{""seq"":464,""x_mg"":92,""y_mg"":212,""z_mg"":788}"
9.594,left_hand,og,tilt,,"{""roll_deg"":-14.3,""pitch_deg"":10.4,""steady"":true}"
9.594,left_hand,og,flick_angles,,"{""side_deg"":5.9,""fwd_deg"":18.1}"
9.625,left_hand,og,acc,968137,"{""seq"":465,""x_mg"":148,""y_mg"":124,""z_mg"":836}"
9.625,left_hand,og,tilt,,"{""roll_deg"":-4.9,""pitch_deg"":7.5,""steady"":true}"
9.625,left_hand,og,flick_angles,,"{""side_deg"":10.4,""fwd_deg"":14.0}"
9.656,left_hand,og,acc,968157,"{""seq"":466,""x_mg"":320,""y_mg"":64,""z_mg"":932}"
9.656,left_hand,og,tilt,,"{""roll_deg"":-2.5,""pitch_deg"":5.8,""steady"":true}"
9.656,left_hand,og,flick_angles,,"{""side_deg"":9.4,""fwd_deg"":12.0}"
9.656,left_hand,og,acc,968178,"{""seq"":467,""x_mg"":420,""y_mg"":64,""z_mg"":1216}"
9.656,left_hand,og,tilt,,"{""roll_deg"":-2.5,""pitch_deg"":6.8,""steady"":true}"
9.656,left_hand,og,flick_angles,,"{""side_deg"":6.5,""fwd_deg"":15.4}"
9.688,left_hand,og,acc,968198,"{""seq"":468,""x_mg"":348,""y_mg"":44,""z_mg"":1412}"
9.688,left_hand,og,tilt,,"{""roll_deg"":-2.5,""pitch_deg"":6.8,""steady"":false}"
9.688,left_hand,og,flick_angles,,"{""side_deg"":4.7,""fwd_deg"":17.2}"
9.719,left_hand,og,acc,968219,"{""seq"":469,""x_mg"":284,""y_mg"":-32,""z_mg"":1408}"
9.719,left_hand,og,tilt,,"{""roll_deg"":-2.5,""pitch_deg"":6.8,""steady"":false}"
9.719,left_hand,og,flick_angles,,"{""side_deg"":3.2,""fwd_deg"":15.5}"
9.719,left_hand,og,acc,968240,"{""seq"":470,""x_mg"":308,""y_mg"":-104,""z_mg"":1400}"
9.719,left_hand,og,tilt,,"{""roll_deg"":-2.5,""pitch_deg"":6.8,""steady"":false}"
9.719,left_hand,og,flick_angles,,"{""side_deg"":1.0,""fwd_deg"":13.9}"
9.750,left_hand,og,acc,968260,"{""seq"":471,""x_mg"":272,""y_mg"":-56,""z_mg"":1388}"
9.750,left_hand,og,tilt,,"{""roll_deg"":-2.5,""pitch_deg"":6.8,""steady"":false}"
9.750,left_hand,og,flick_angles,,"{""side_deg"":-0.6,""fwd_deg"":12.7}"
9.781,left_hand,og,acc,968281,"{""seq"":472,""x_mg"":264,""y_mg"":-12,""z_mg"":1316}"
9.781,left_hand,og,tilt,,"{""roll_deg"":-2.5,""pitch_deg"":6.8,""steady"":false}"
9.781,left_hand,og,flick_angles,,"{""side_deg"":-1.5,""fwd_deg"":12.0}"
9.781,left_hand,og,acc,968301,"{""seq"":473,""x_mg"":252,""y_mg"":-16,""z_mg"":1232}"
9.781,left_hand,og,tilt,,"{""roll_deg"":-3.4,""pitch_deg"":9.2,""steady"":true}"
9.781,left_hand,og,flick_angles,,"{""side_deg"":-1.1,""fwd_deg"":11.7}"
9.797,left_hand,og,acc,968322,"{""seq"":474,""x_mg"":232,""y_mg"":-52,""z_mg"":1156}"
9.797,left_hand,og,tilt,,"{""roll_deg"":-4.3,""pitch_deg"":8.7,""steady"":true}"
9.797,left_hand,og,flick_angles,,"{""side_deg"":-0.9,""fwd_deg"":11.5}"
9.828,left_hand,og,acc,968342,"{""seq"":475,""x_mg"":236,""y_mg"":-32,""z_mg"":1056}"
9.828,left_hand,og,tilt,,"{""roll_deg"":-5.0,""pitch_deg"":7.6,""steady"":true}"
9.828,left_hand,og,flick_angles,,"{""side_deg"":-1.3,""fwd_deg"":11.5}"
9.860,left_hand,og,acc,968363,"{""seq"":476,""x_mg"":248,""y_mg"":16,""z_mg"":968}"
9.860,left_hand,og,tilt,,"{""roll_deg"":-5.5,""pitch_deg"":7.0,""steady"":true}"
9.860,left_hand,og,flick_angles,,"{""side_deg"":-1.5,""fwd_deg"":12.1}"
9.860,left_hand,og,acc,968384,"{""seq"":477,""x_mg"":244,""y_mg"":72,""z_mg"":896}"
9.860,left_hand,og,tilt,,"{""roll_deg"":-5.5,""pitch_deg"":7.0,""steady"":true}"
9.860,left_hand,og,flick_angles,,"{""side_deg"":-0.3,""fwd_deg"":13.2}"
9.891,left_hand,og,acc,968404,"{""seq"":478,""x_mg"":236,""y_mg"":104,""z_mg"":900}"
9.891,left_hand,og,tilt,,"{""roll_deg"":-5.5,""pitch_deg"":7.0,""steady"":true}"
9.891,left_hand,og,flick_angles,,"{""side_deg"":2.1,""fwd_deg"":13.9}"
9.922,left_hand,og,acc,968425,"{""seq"":479,""x_mg"":220,""y_mg"":152,""z_mg"":940}"
9.922,left_hand,og,tilt,,"{""roll_deg"":-5.0,""pitch_deg"":7.0,""steady"":true}"
9.922,left_hand,og,flick_angles,,"{""side_deg"":4.2,""fwd_deg"":14.3}"
9.922,left_hand,og,acc,968445,"{""seq"":480,""x_mg"":224,""y_mg"":192,""z_mg"":960}"
9.922,left_hand,og,tilt,,"{""roll_deg"":-3.6,""pitch_deg"":6.9,""steady"":true}"
9.922,left_hand,og,flick_angles,,"{""side_deg"":6.6,""fwd_deg"":13.6}"
9.953,left_hand,og,acc,968466,"{""seq"":481,""x_mg"":204,""y_mg"":192,""z_mg"":968}"
9.953,left_hand,og,tilt,,"{""roll_deg"":-1.7,""pitch_deg"":6.7,""steady"":true}"
9.953,left_hand,og,flick_angles,,"{""side_deg"":8.8,""fwd_deg"":13.3}"
9.985,left_hand,og,acc,968486,"{""seq"":482,""x_mg"":236,""y_mg"":200,""z_mg"":956}"
9.985,left_hand,og,tilt,,"{""roll_deg"":-0.2,""pitch_deg"":6.5,""steady"":true}"
9.985,left_hand,og,flick_angles,,"{""side_deg"":9.9,""fwd_deg"":13.1}"
9.985,left_hand,og,acc,968507,"{""seq"":483,""x_mg"":244,""y_mg"":236,""z_mg"":980}"
9.985,left_hand,og,tilt,,"{""roll_deg"":1.0,""pitch_deg"":6.5,""steady"":true}"
9.985,left_hand,og,flick_angles,,"{""side_deg"":10.7,""fwd_deg"":13.3}"
10.000,left_hand,og,acc,968528,"{""seq"":484,""x_mg"":220,""y_mg"":252,""z_mg"":996}"
10.000,left_hand,og,tilt,,"{""roll_deg"":2.5,""pitch_deg"":6.4,""steady"":true}"
10.000,left_hand,og,flick_angles,,"{""side_deg"":11.9,""fwd_deg"":13.5}"
10.031,left_hand,og,acc,968548,"{""seq"":485,""x_mg"":216,""y_mg"":236,""z_mg"":996}"
10.031,left_hand,og,tilt,,"{""roll_deg"":3.4,""pitch_deg"":6.2,""steady"":true}"
10.031,left_hand,og,flick_angles,,"{""side_deg"":12.5,""fwd_deg"":12.8}"
10.063,left_hand,og,acc,968569,"{""seq"":486,""x_mg"":212,""y_mg"":156,""z_mg"":968}"
10.063,left_hand,og,tilt,,"{""roll_deg"":4.0,""pitch_deg"":5.9,""steady"":true}"
10.063,left_hand,og,flick_angles,,"{""side_deg"":12.8,""fwd_deg"":12.4}"
10.063,left_hand,og,acc,968589,"{""seq"":487,""x_mg"":208,""y_mg"":68,""z_mg"":960}"
10.063,left_hand,og,tilt,,"{""roll_deg"":4.0,""pitch_deg"":5.8,""steady"":true}"
10.063,left_hand,og,flick_angles,,"{""side_deg"":10.9,""fwd_deg"":12.3}"
10.094,left_hand,og,acc,968610,"{""seq"":488,""x_mg"":220,""y_mg"":0,""z_mg"":968}"
10.094,left_hand,og,tilt,,"{""roll_deg"":2.9,""pitch_deg"":5.6,""steady"":true}"
10.094,left_hand,og,flick_angles,,"{""side_deg"":7.4,""fwd_deg"":12.3}"
10.125,left_hand,og,acc,968630,"{""seq"":489,""x_mg"":216,""y_mg"":-20,""z_mg"":968}"
10.125,left_hand,og,tilt,,"{""roll_deg"":2.3,""pitch_deg"":5.6,""steady"":true}"
10.125,left_hand,og,flick_angles,,"{""side_deg"":3.7,""fwd_deg"":12.4}"
10.156,left_hand,og,acc,968651,"{""seq"":490,""x_mg"":208,""y_mg"":-24,""z_mg"":940}"
10.156,left_hand,og,tremor,,"{""rms_mg"":98.1,""peak_hz"":4.9}"
10.156,left_hand,og,tilt,,"{""roll_deg"":0.5,""pitch_deg"":5.6,""steady"":true}"
10.156,left_hand,og,flick_angles,,"{""side_deg"":1.3,""fwd_deg"":12.5}"
10.156,left_hand,og,acc,968672,"{""seq"":491,""x_mg"":196,""y_mg"":-36,""z_mg"":948}"
10.156,left_hand,og,tilt,,"{""roll_deg"":-1.6,""pitch_deg"":5.5,""steady"":true}"
10.156,left_hand,og,flick_angles,,"{""side_deg"":-0.1,""fwd_deg"":12.5}"
10.188,left_hand,og,acc,968692,"{""seq"":492,""x_mg"":216,""y_mg"":-92,""z_mg"":952}"
10.188,left_hand,og,tilt,,"{""roll_deg"":-3.7,""pitch_deg"":5.5,""steady"":true}"
10.188,left_hand,og,flick_angles,,"{""side_deg"":-1.1,""fwd_deg"":12.5}"
10.219,left_hand,og,acc,968713,"{""seq"":493,""x_mg"":248,""y_mg"":-116,""z_mg"":960}"
10.219,left_hand,og,tilt,,"{""roll_deg"":-6.4,""pitch_deg"":5.5,""steady"":true}"
10.219,left_hand,og,flick_angles,,"{""side_deg"":-3.2,""fwd_deg"":12.6}"
10.219,left_hand,og,acc,968733,"{""seq"":494,""x_mg"":248,""y_mg"":-84,""z_mg"":972}"
10.219,left_hand,og,tilt,,"{""roll_deg"":-8.3,""pitch_deg"":5.5,""steady"":true}"
10.219,left_hand,og,flick_angles,,"{""side_deg"":-4.3,""fwd_deg"":13.4}"
10.250,left_hand,og,acc,968754,"{""seq"":495,""x_mg"":220,""y_mg"":-36,""z_mg"":984}"
10.250,left_hand,og,tilt,,"{""roll_deg"":-9.4,""pitch_deg"":5.5,""steady"":true}"
10.250,left_hand,og,flick_angles,,"{""side_deg"":-4.6,""fwd_deg"":13.8}"
10.281,left_hand,og,acc,968774,"{""seq"":496,""x_mg"":216,""y_mg"":-4,""z_mg"":956}"
10.281,left_hand,og,tilt,,"{""roll_deg"":-9.4,""pitch_deg"":5.5,""steady"":true}"
10.281,left_hand,og,flick_angles,,"{""side_deg"":-3.3,""fwd_deg"":13.3}"
10.281,left_hand,og,acc,968795,"{""seq"":497,""x_mg"":220,""y_mg"":20,""z_mg"":952}"
10.281,left_hand,og,tilt,,"{""roll_deg"":-9.4,""pitch_deg"":5.5,""steady"":true}"
10.281,left_hand,og,flick_angles,,"{""side_deg"":-1.8,""fwd_deg"":13.0}"
10.313,left_hand,og,acc,968816,"{""seq"":498,""x_mg"":204,""y_mg"":32,""z_mg"":984}"
10.313,left_hand,og,tilt,,"{""roll_deg"":-8.7,""pitch_deg"":5.5,""steady"":true}"
10.313,left_hand,og,flick_angles,,"{""side_deg"":-0.3,""fwd_deg"":12.9}"
10.313,left_hand,og,acc,968836,"{""seq"":499,""x_mg"":196,""y_mg"":16,""z_mg"":996}"
10.313,left_hand,og,tilt,,"{""roll_deg"":-8.3,""pitch_deg"":5.5,""steady"":true}"
10.313,left_hand,og,flick_angles,,"{""side_deg"":0.4,""fwd_deg"":12.3}"
10.344,left_hand,og,acc,968857,"{""seq"":500,""x_mg"":200,""y_mg"":-4,""z_mg"":980}"
10.344,left_hand,og,tilt,,"{""roll_deg"":-8.0,""pitch_deg"":5.4,""steady"":true}"
10.344,left_hand,og,flick_angles,,"{""side_deg"":0.7,""fwd_deg"":11.9}"
10.375,left_hand,og,acc,968877,"{""seq"":501,""x_mg"":208,""y_mg"":-24,""z_mg"":992}"
10.375,left_hand,og,tilt,,"{""roll_deg"":-8.0,""pitch_deg"":5.3,""steady"":true}"
10.375,left_hand,og,flick_angles,,"{""side_deg"":0.2,""fwd_deg"":11.7}"
10.375,left_hand,og,acc,968898,"{""seq"":502,""x_mg"":200,""y_mg"":-44,""z_mg"":992}"
10.375,left_hand,og,tilt,,"{""roll_deg"":-8.0,""pitch_deg"":5.2,""steady"":true}"
10.375,left_hand,og,flick_angles,,"{""side_deg"":-0.6,""fwd_deg"":11.6}"
10.406,left_hand,og,acc,968918,"{""seq"":503,""x_mg"":208,""y_mg"":-24,""z_mg"":1000}"
10.406,left_hand,og,tilt,,"{""roll_deg"":-8.0,""pitch_deg"":5.1,""steady"":true}"
10.406,left_hand,og,flick_angles,,"{""side_deg"":-1.0,""fwd_deg"":11.7}"
10.422,left_hand,og,acc,968939,"{""seq"":504,""x_mg"":216,""y_mg"":-48,""z_mg"":1016}"
10.422,left_hand,og,tilt,,"{""roll_deg"":-8.0,""pitch_deg"":5.0,""steady"":true}"
10.422,left_hand,og,flick_angles,,"{""side_deg"":-1.7,""fwd_deg"":11.7}"
10.453,left_hand,og,acc,968960,"{""seq"":505,""x_mg"":208,""y_mg"":-96,""z_mg"":1060}"
10.453,left_hand,og,tilt,,"{""roll_deg"":-8.0,""pitch_deg"":5.0,""steady"":true}"
10.453,left_hand,og,flick_angles,,"{""side_deg"":-2.2,""fwd_deg"":11.7}"
10.453,left_hand,og,acc,968980,"{""seq"":506,""x_mg"":200,""y_mg"":-160,""z_mg"":1068}"
10.453,left_hand,og,tilt,,"{""roll_deg"":-8.7,""pitch_deg"":4.8,""steady"":true}"
10.453,left_hand,og,flick_angles,,"{""side_deg"":-3.6,""fwd_deg"":11.4}"
10.485,left_hand,og,acc,969001,"{""seq"":507,""x_mg"":188,""y_mg"":-212,""z_mg"":1040}"
10.485,left_hand,og,tilt,,"{""roll_deg"":-10.3,""pitch_deg"":4.6,""steady"":true}"
10.485,left_hand,og,flick_angles,,"{""side_deg"":-6.0,""fwd_deg"":10.9}"
10.516,left_hand,og,acc,969021,"{""seq"":508,""x_mg"":180,""y_mg"":-248,""z_mg"":1048}"
10.516,left_hand,og,tilt,,"{""roll_deg"":-12.4,""pitch_deg"":4.4,""steady"":true}"
10.516,left_hand,og,flick_angles,,"{""side_deg"":-8.7,""fwd_deg"":10.5}"
10.516,left_hand,og,acc,969042,"{""seq"":509,""x_mg"":184,""y_mg"":-268,""z_mg"":1076}"
10.516,left_hand,og,tilt,,"{""roll_deg"":-14.8,""pitch_deg"":4.0,""steady"":true}"
10.516,left_hand,og,flick_angles,,"{""side_deg"":-10.9,""fwd_deg"":10.0}"
10.547,left_hand,og,acc,969062,"{""seq"":510,""x_mg"":168,""y_mg"":-308,""z_mg"":1060}"
10.547,left_hand,og,tilt,,"{""roll_deg"":-16.7,""pitch_deg"":3.7,""steady"":true}"
10.547,left_hand,og,flick_angles,,"{""side_deg"":-12.3,""fwd_deg"":9.7}"
10.578,left_hand,og,acc,969083,"{""seq"":511,""x_mg"":128,""y_mg"":-400,""z_mg"":1020}"
10.578,left_hand,og,tilt,,"{""roll_deg"":-18.9,""pitch_deg"":3.3,""steady"":true}"
10.578,left_hand,og,flick_angles,,"{""side_deg"":-14.2,""fwd_deg"":9.2}"
10.578,left_hand,og,acc,969104,"{""seq"":512,""x_mg"":124,""y_mg"":-508,""z_mg"":1000}"
10.578,left_hand,og,tilt,,"{""roll_deg"":-22.4,""pitch_deg"":2.5,""steady"":true}"
10.578,left_hand,og,flick_angles,,"{""side_deg"":-17.7,""fwd_deg"":7.9}"
10.610,left_hand,og,acc,969124,"{""seq"":513,""x_mg"":104,""y_mg"":-616,""z_mg"":912}"
10.610,left_hand,og,tilt,,"{""roll_deg"":-27.0,""pitch_deg"":1.8,""steady"":true}"
10.610,left_hand,og,flick_angles,,"{""side_deg"":-22.2,""fwd_deg"":7.1}"
10.641,left_hand,og,acc,969145,"{""seq"":514,""x_mg"":60,""y_mg"":-620,""z_mg"":840}"
10.641,left_hand,og,tilt,,"{""roll_deg"":-33.2,""pitch_deg"":0.9,""steady"":true}"
10.641,left_hand,og,flick_angles,,"{""side_deg"":-28.1,""fwd_deg"":6.3}"
10.641,left_hand,og,acc,969165,"{""seq"":515,""x_mg"":16,""y_mg"":-536,""z_mg"":852}"
10.641,left_hand,og,tilt,,"{""roll_deg"":-36.6,""pitch_deg"":-0.3,""steady"":true}"
10.641,left_hand,og,flick_angles,,"{""side_deg"":-31.0,""fwd_deg"":4.8}"
10.656,left_hand,og,acc,969186,"{""seq"":516,""x_mg"":-68,""y_mg"":-344,""z_mg"":988}"
10.656,left_hand,og,tilt,,"{""roll_deg"":-37.7,""pitch_deg"":-2.1,""steady"":true}"
10.656,left_hand,og,flick_angles,,"{""side_deg"":-31.6,""fwd_deg"":2.8}"
10.688,left_hand,og,acc,969206,"{""seq"":517,""x_mg"":-96,""y_mg"":-152,""z_mg"":916}"
10.688,left_hand,og,tilt,,"{""roll_deg"":-34.4,""pitch_deg"":-5.0,""steady"":true}"
10.688,left_hand,og,flick_angles,,"{""side_deg"":-25.4,""fwd_deg"":-0.4}"
10.719,left_hand,og,acc,969227,"{""seq"":518,""x_mg"":-60,""y_mg"":-20,""z_mg"":844}"
10.719,left_hand,og,tilt,,"{""roll_deg"":-31.0,""pitch_deg"":-7.2,""steady"":true}"
10.719,left_hand,og,flick_angles,,"{""side_deg"":-17.4,""fwd_deg"":-2.3}"
10.719,left_hand,og,acc,969247,"{""seq"":519,""x_mg"":36,""y_mg"":52,""z_mg"":768}"
10.719,left_hand,og,tilt,,"{""roll_deg"":-27.0,""pitch_deg"":-8.6,""steady"":true}"
10.719,left_hand,og,flick_angles,,"{""side_deg"":-9.4,""fwd_deg"":-3.2}"
10.750,left_hand,og,acc,969268,"{""seq"":520,""x_mg"":112,""y_mg"":184,""z_mg"":760}"
10.750,left_hand,og,tilt,,"{""roll_deg"":-18.7,""pitch_deg"":-8.2,""steady"":true}"
10.750,left_hand,og,flick_angles,,"{""side_deg"":-2.7,""fwd_deg"":-0.2}"
10.781,left_hand,og,acc,969289,"{""seq"":521,""x_mg"":140,""y_mg"":472,""z_mg"":800}"
10.781,left_hand,og,tilt,,"{""roll_deg"":-7.3,""pitch_deg"":-6.4,""steady"":true}"
10.781,left_hand,og,flick_angles,,"{""side_deg"":5.4,""fwd_deg"":4.0}"
10.781,left_hand,og,acc,969309,"{""seq"":522,""x_mg"":144,""y_mg"":680,""z_mg"":752}"
10.781,left_hand,og,tilt,,"{""roll_deg"":8.7,""pitch_deg"":-5.6,""steady"":true}"
10.781,left_hand,og,flick_angles,,"{""side_deg"":17.8,""fwd_deg"":6.1}"
10.813,left_hand,og,acc,969330,"{""seq"":523,""x_mg"":192,""y_mg"":736,""z_mg"":776}"
10.813,left_hand,og,tilt,,"{""roll_deg"":23.7,""pitch_deg"":-5.1,""steady"":true}"
10.813,left_hand,og,flick_angles,,"{""side_deg"":29.7,""fwd_deg"":7.3}"
10.844,left_hand,og,acc,969350,"{""seq"":524,""x_mg"":88,""y_mg"":736,""z_mg"":940}"
10.844,left_hand,og,tilt,,"{""roll_deg"":29.7,""pitch_deg"":-4.5,""steady"":true}"
10.844,left_hand,og,flick_angles,,"{""side_deg"":35.6,""fwd_deg"":7.7}"
10.844,left_hand,og,acc,969371,"{""seq"":525,""x_mg"":-64,""y_mg"":836,""z_mg"":928}"
10.844,left_hand,og,tilt,,"{""roll_deg"":32.4,""pitch_deg"":-4.4,""steady"":true}"
10.844,left_hand,og,flick_angles,,"{""side_deg"":38.8,""fwd_deg"":6.0}"
10.860,left_hand,og,acc,969391,"{""seq"":526,""x_mg"":-28,""y_mg"":836,""z_mg"":900}"
10.860,left_hand,og,tilt,,"{""roll_deg"":33.5,""pitch_deg"":-4.4,""steady"":true}"
10.860,left_hand,og,flick_angles,,"{""side_deg"":40.4,""fwd_deg"":2.3}"
10.891,left_hand,og,acc,969412,"{""seq"":527,""x_mg"":68,""y_mg"":700,""z_mg"":928}"
10.891,left_hand,og,tilt,,"{""roll_deg"":33.9,""pitch_deg"":-4.4,""steady"":true}"
10.891,left_hand,og,flick_angles,,"{""side_deg"":41.2,""fwd_deg"":0.5}"
10.922,left_hand,og,acc,969433,"{""seq"":528,""x_mg"":48,""y_mg"":648,""z_mg"":964}"
10.922,left_hand,og,tilt,,"{""roll_deg"":32.5,""pitch_deg"":-4.5,""steady"":true}"
10.922,left_hand,og,flick_angles,,"{""side_deg"":39.1,""fwd_deg"":1.4}"
10.922,left_hand,og,acc,969453,"{""seq"":529,""x_mg"":16,""y_mg"":888,""z_mg"":1044}"
10.922,left_hand,og,tilt,,"{""roll_deg"":32.5,""pitch_deg"":-4.5,""steady"":false}"
10.922,left_hand,og,flick_angles,,"{""side_deg"":38.0,""fwd_deg"":1.9}"
10.969,left_hand,og,acc,969474,"{""seq"":530,""x_mg"":120,""y_mg"":736,""z_mg"":868}"
10.969,left_hand,og,tilt,,"{""roll_deg"":31.2,""pitch_deg"":-4.5,""steady"":true}"
10.969,left_hand,og,flick_angles,,"{""side_deg"":39.0,""fwd_deg"":2.1}"
11.000,left_hand,og,acc,969494,"{""seq"":531,""x_mg"":248,""y_mg"":748,""z_mg"":956}"
11.000,left_hand,og,tilt,,"{""roll_deg"":30.9,""pitch_deg"":-4.5,""steady"":true}"
11.000,left_hand,og,flick_angles,,"{""side_deg"":39.5,""fwd_deg"":4.1}"
11.000,left_hand,og,acc,969515,"{""seq"":532,""x_mg"":308,""y_mg"":588,""z_mg"":796}"
11.000,left_hand,og,tilt,,"{""roll_deg"":30.7,""pitch_deg"":-3.6,""steady"":true}"
11.000,left_hand,og,flick_angles,,"{""side_deg"":38.3,""fwd_deg"":7.8}"
11.031,left_hand,og,acc,969535,"{""seq"":533,""x_mg"":364,""y_mg"":512,""z_mg"":808}"
11.031,left_hand,og,tilt,,"{""roll_deg"":29.8,""pitch_deg"":-0.2,""steady"":true}"
11.031,left_hand,og,flick_angles,,"{""side_deg"":36.4,""fwd_deg"":12.5}"
11.047,left_hand,og,acc,969556,"{""seq"":534,""x_mg"":404,""y_mg"":448,""z_mg"":844}"
11.047,left_hand,og,tilt,,"{""roll_deg"":28.2,""pitch_deg"":4.3,""steady"":true}"
11.047,left_hand,og,flick_angles,,"{""side_deg"":33.2,""fwd_deg"":16.7}"
11.047,left_hand,og,acc,969577,"{""seq"":535,""x_mg"":404,""y_mg"":408,""z_mg"":884}"
11.047,left_hand,og,tilt,,"{""roll_deg"":27.0,""pitch_deg"":8.2,""steady"":true}"
11.047,left_hand,og,flick_angles,,"{""side_deg"":29.4,""fwd_deg"":19.6}"
11.094,left_hand,og,acc,969597,"{""seq"":536,""x_mg"":380,""y_mg"":424,""z_mg"":856}"
11.094,left_hand,og,tilt,,"{""roll_deg"":26.0,""pitch_deg"":10.6,""steady"":true}"
11.094,left_hand,og,flick_angles,,"{""side_deg"":26.9,""fwd_deg"":21.1}"
11.094,left_hand,og,acc,969618,"{""seq"":537,""x_mg"":372,""y_mg"":416,""z_mg"":824}"
11.094,left_hand,og,tilt,,"{""roll_deg"":24.3,""pitch_deg"":11.9,""steady"":true}"
11.094,left_hand,og,flick_angles,,"{""side_deg"":25.6,""fwd_deg"":21.5}"
11.125,left_hand,og,acc,969638,"{""seq"":538,""x_mg"":380,""y_mg"":412,""z_mg"":848}"
11.125,left_hand,og,tilt,,"{""roll_deg"":22.7,""pitch_deg"":12.6,""steady"":true}"
11.125,left_hand,og,flick_angles,,"{""side_deg"":25.0,""fwd_deg"":21.7}"
11.156,left_hand,og,acc,969659,"{""seq"":539,""x_mg"":352,""y_mg"":396,""z_mg"":888}"
11.156,left_hand,og,tilt,,"{""roll_deg"":21.2,""pitch_deg"":13.1,""steady"":true}"
11.156,left_hand,og,flick_angles,,"{""side_deg"":24.4,""fwd_deg"":21.8}"
11.156,left_hand,og,acc,969679,"{""seq"":540,""x_mg"":332,""y_mg"":436,""z_mg"":884}"
11.156,left_hand,og,tilt,,"{""roll_deg"":20.1,""pitch_deg"":13.1,""steady"":true}"
11.156,left_hand,og,flick_angles,,"{""side_deg"":24.2,""fwd_deg"":20.9}"
11.188,,game,miss,,"{""n"":6,""want"":""right""}"
11.188,left_hand,og,acc,969700,"{""seq"":541,""x_mg"":336,""y_mg"":456,""z_mg"":880}"
11.188,left_hand,og,tilt,,"{""roll_deg"":19.5,""pitch_deg"":12.9,""steady"":true}"
11.188,left_hand,og,flick_angles,,"{""side_deg"":24.5,""fwd_deg"":19.8}"
11.203,left_hand,og,acc,969721,"{""seq"":542,""x_mg"":324,""y_mg"":448,""z_mg"":900}"
11.203,left_hand,og,tilt,,"{""roll_deg"":19.2,""pitch_deg"":12.5,""steady"":true}"
11.203,left_hand,og,flick_angles,,"{""side_deg"":24.8,""fwd_deg"":19.2}"
11.235,left_hand,og,acc,969741,"{""seq"":543,""x_mg"":328,""y_mg"":420,""z_mg"":888}"
11.235,left_hand,og,tilt,,"{""roll_deg"":19.0,""pitch_deg"":12.3,""steady"":true}"
11.235,left_hand,og,flick_angles,,"{""side_deg"":24.9,""fwd_deg"":18.8}"
11.266,left_hand,og,acc,969762,"{""seq"":544,""x_mg"":328,""y_mg"":420,""z_mg"":888}"
11.266,left_hand,og,tilt,,"{""roll_deg"":18.5,""pitch_deg"":12.1,""steady"":true}"
11.266,left_hand,og,flick_angles,,"{""side_deg"":24.4,""fwd_deg"":18.7}"
11.266,left_hand,og,acc,969782,"{""seq"":545,""x_mg"":332,""y_mg"":448,""z_mg"":896}"
11.266,left_hand,og,tilt,,"{""roll_deg"":18.2,""pitch_deg"":11.9,""steady"":true}"
11.266,left_hand,og,flick_angles,,"{""side_deg"":24.2,""fwd_deg"":18.6}"
11.297,left_hand,og,acc,969803,"{""seq"":546,""x_mg"":344,""y_mg"":492,""z_mg"":924}"
11.297,left_hand,og,tilt,,"{""roll_deg"":18.2,""pitch_deg"":11.8,""steady"":true}"
11.297,left_hand,og,flick_angles,,"{""side_deg"":24.6,""fwd_deg"":18.4}"
11.297,left_hand,og,acc,969823,"{""seq"":547,""x_mg"":348,""y_mg"":496,""z_mg"":888}"
11.297,left_hand,og,tilt,,"{""roll_deg"":18.2,""pitch_deg"":11.7,""steady"":true}"
11.297,left_hand,og,flick_angles,,"{""side_deg"":25.6,""fwd_deg"":18.4}"
11.328,left_hand,og,acc,969844,"{""seq"":548,""x_mg"":344,""y_mg"":472,""z_mg"":872}"
11.328,left_hand,og,tilt,,"{""roll_deg"":18.2,""pitch_deg"":11.7,""steady"":true}"
11.328,left_hand,og,flick_angles,,"{""side_deg"":26.2,""fwd_deg"":18.6}"
11.360,left_hand,og,acc,969864,"{""seq"":549,""x_mg"":360,""y_mg"":504,""z_mg"":868}"
11.360,left_hand,og,tilt,,"{""roll_deg"":18.2,""pitch_deg"":11.7,""steady"":true}"
11.360,left_hand,og,flick_angles,,"{""side_deg"":26.8,""fwd_deg"":18.9}"
11.360,left_hand,og,acc,969885,"{""seq"":550,""x_mg"":328,""y_mg"":528,""z_mg"":832}"
11.360,left_hand,og,tilt,,"{""roll_deg"":18.5,""pitch_deg"":11.7,""steady"":true}"
11.360,left_hand,og,flick_angles,,"{""side_deg"":27.5,""fwd_deg"":19.0}"
11.391,left_hand,og,acc,969906,"{""seq"":551,""x_mg"":352,""y_mg"":524,""z_mg"":816}"
11.391,left_hand,og,tilt,,"{""roll_deg"":18.8,""pitch_deg"":11.7,""steady"":true}"
11.391,left_hand,og,flick_angles,,"{""side_deg"":29.0,""fwd_deg"":19.4}"
11.422,left_hand,og,acc,969926,"{""seq"":552,""x_mg"":376,""y_mg"":464,""z_mg"":796}"
11.422,left_hand,og,tilt,,"{""roll_deg"":19.3,""pitch_deg"":11.7,""steady"":true}"
11.422,left_hand,og,flick_angles,,"{""side_deg"":29.8,""fwd_deg"":19.7}"
11.422,left_hand,og,acc,969947,"{""seq"":553,""x_mg"":388,""y_mg"":376,""z_mg"":812}"
11.422,left_hand,og,tilt,,"{""roll_deg"":19.4,""pitch_deg"":11.7,""steady"":true}"
11.422,left_hand,og,flick_angles,,"{""side_deg"":28.8,""fwd_deg"":20.9}"
11.453,left_hand,og,acc,969967,"{""seq"":554,""x_mg"":396,""y_mg"":320,""z_mg"":784}"
11.453,left_hand,og,tilt,,"{""roll_deg"":19.4,""pitch_deg"":12.3,""steady"":true}"
11.453,left_hand,og,flick_angles,,"{""side_deg"":25.7,""fwd_deg"":22.2}"
11.485,left_hand,og,acc,969988,"{""seq"":555,""x_mg"":408,""y_mg"":292,""z_mg"":744}"
11.485,left_hand,og,tilt,,"{""roll_deg"":19.1,""pitch_deg"":13.3,""steady"":true}"
11.485,left_hand,og,flick_angles,,"{""side_deg"":22.9,""fwd_deg"":23.6}"
11.485,left_hand,og,acc,970008,"{""seq"":556,""x_mg"":436,""y_mg"":248,""z_mg"":716}"
11.485,left_hand,og,tilt,,"{""roll_deg"":17.8,""pitch_deg"":14.7,""steady"":true}"
11.485,left_hand,og,flick_angles,,"{""side_deg"":20.9,""fwd_deg"":25.3}"
11.516,left_hand,og,acc,970029,"{""seq"":557,""x_mg"":384,""y_mg"":108,""z_mg"":760}"
11.516,left_hand,og,tilt,,"{""roll_deg"":15.7,""pitch_deg"":15.9,""steady"":true}"
11.516,left_hand,og,flick_angles,,"{""side_deg"":18.7,""fwd_deg"":26.2}"
11.547,left_hand,og,acc,970050,"{""seq"":558,""x_mg"":444,""y_mg"":52,""z_mg"":808}"
11.547,left_hand,og,tilt,,"{""roll_deg"":10.4,""pitch_deg"":17.3,""steady"":true}"
11.547,left_hand,og,flick_angles,,"{""side_deg"":13.0,""fwd_deg"":27.5}"
11.547,left_hand,og,acc,970070,"{""seq"":559,""x_mg"":508,""y_mg"":-32,""z_mg"":832}"
11.547,left_hand,og,tilt,,"{""roll_deg"":4.9,""pitch_deg"":18.2,""steady"":true}"
11.547,left_hand,og,flick_angles,,"{""side_deg"":8.1,""fwd_deg"":28.1}"
11.578,left_hand,og,acc,970091,"{""seq"":560,""x_mg"":428,""y_mg"":-32,""z_mg"":860}"
11.578,left_hand,og,tilt,,"{""roll_deg"":-1.2,""pitch_deg"":19.0,""steady"":true}"
11.578,left_hand,og,flick_angles,,"{""side_deg"":3.1,""fwd_deg"":28.4}"
11.578,left_hand,og,acc,970111,"{""seq"":561,""x_mg"":376,""y_mg"":16,""z_mg"":892}"
11.578,left_hand,og,tilt,,"{""roll_deg"":-4.5,""pitch_deg"":19.0,""steady"":true}"
11.578,left_hand,og,flick_angles,,"{""side_deg"":0.6,""fwd_deg"":27.4}"
11.610,left_hand,og,acc,970132,"{""seq"":562,""x_mg"":376,""y_mg"":24,""z_mg"":864}"
11.610,left_hand,og,tilt,,"{""roll_deg"":-5.1,""pitch_deg"":18.9,""steady"":true}"
11.610,left_hand,og,flick_angles,,"{""side_deg"":0.8,""fwd_deg"":25.5}"
11.641,left_hand,og,acc,970152,"{""seq"":563,""x_mg"":324,""y_mg"":-96,""z_mg"":964}"
11.641,left_hand,og,tilt,,"{""roll_deg"":-5.4,""pitch_deg"":18.3,""steady"":true}"
11.641,left_hand,og,flick_angles,,"{""side_deg"":0.9,""fwd_deg"":24.2}"
11.641,left_hand,og,acc,970173,"{""seq"":564,""x_mg"":264,""y_mg"":-228,""z_mg"":968}"
11.641,left_hand,og,tilt,,"{""roll_deg"":-8.2,""pitch_deg"":17.8,""steady"":true}"
11.641,left_hand,og,flick_angles,,"{""side_deg"":-2.3,""fwd_deg"":21.3}"
11.656,left_hand,og,acc,970194,"{""seq"":565,""x_mg"":208,""y_mg"":-300,""z_mg"":964}"
11.656,left_hand,og,tilt,,"{""roll_deg"":-13.3,""pitch_deg"":16.1,""steady"":true}"
11.656,left_hand,og,flick_angles,,"{""side_deg"":-7.5,""fwd_deg"":18.1}"
11.703,left_hand,og,acc,970214,"{""seq"":566,""x_mg"":184,""y_mg"":-332,""z_mg"":928}"
11.703,left_hand,og,tilt,,"{""roll_deg"":-18.1,""pitch_deg"":13.2,""steady"":true}"
11.703,left_hand,og,flick_angles,,"{""side_deg"":-12.2,""fwd_deg"":14.9}"
11.703,left_hand,og,acc,970235,"{""seq"":567,""x_mg"":128,""y_mg"":-352,""z_mg"":948}"
11.703,left_hand,og,tilt,,"{""roll_deg"":-21.9,""pitch_deg"":10.1,""steady"":true}"
11.703,left_hand,og,flick_angles,,"{""side_deg"":-15.8,""fwd_deg"":12.7}"
11.735,left_hand,og,acc,970255,"{""seq"":568,""x_mg"":-8,""y_mg"":-364,""z_mg"":956}"
11.735,left_hand,og,tilt,,"{""roll_deg"":-24.2,""pitch_deg"":6.5,""steady"":true}"
11.735,left_hand,og,flick_angles,,"{""side_deg"":-18.0,""fwd_deg"":10.0}"
11.750,left_hand,og,acc,970276,"{""seq"":569,""x_mg"":-48,""y_mg"":-380,""z_mg"":952}"
11.750,left_hand,og,tilt,,"{""roll_deg"":-25.8,""pitch_deg"":0.6,""steady"":true}"
11.750,left_hand,og,flick_angles,,"{""side_deg"":-19.4,""fwd_deg"":4.8}"
11.781,left_hand,og,acc,970296,"{""seq"":570,""x_mg"":-76,""y_mg"":-372,""z_mg"":996}"
11.781,left_hand,og,tilt,,"{""roll_deg"":-26.6,""pitch_deg"":-3.9,""steady"":true}"
11.781,left_hand,og,flick_angles,,"{""side_deg"":-20.1,""fwd_deg"":1.0}"
11.813,left_hand,og,acc,970317,"{""seq"":571,""x_mg"":-84,""y_mg"":-304,""z_mg"":988}"
11.813,left_hand,og,tilt,,"{""roll_deg"":-26.8,""pitch_deg"":-7.3,""steady"":true}"
11.813,left_hand,og,flick_angles,,"{""side_deg"":-20.3,""fwd_deg"":-1.5}"
11.813,left_hand,og,acc,970338,"{""seq"":572,""x_mg"":-112,""y_mg"":-332,""z_mg"":872}"
11.813,left_hand,og,tilt,,"{""roll_deg"":-27.0,""pitch_deg"":-9.3,""steady"":true}"
11.813,left_hand,og,flick_angles,,"{""side_deg"":-20.4,""fwd_deg"":-3.1}"
11.844,left_hand,og,acc,970358,"{""seq"":573,""x_mg"":-120,""y_mg"":-380,""z_mg"":936}"
11.844,left_hand,og,tilt,,"{""roll_deg"":-27.1,""pitch_deg"":-11.3,""steady"":true}"
11.844,left_hand,og,flick_angles,,"{""side_deg"":-20.5,""fwd_deg"":-4.9}"
11.844,left_hand,og,acc,970379,"{""seq"":574,""x_mg"":-96,""y_mg"":-372,""z_mg"":1008}"
11.844,left_hand,og,tilt,,"{""roll_deg"":-27.3,""pitch_deg"":-12.5,""steady"":true}"
11.844,left_hand,og,flick_angles,,"{""side_deg"":-20.6,""fwd_deg"":-5.9}"
11.875,left_hand,og,acc,970399,"{""seq"":575,""x_mg"":-88,""y_mg"":-272,""z_mg"":968}"
11.875,left_hand,og,tilt,,"{""roll_deg"":-27.3,""pitch_deg"":-12.5,""steady"":true}"
11.875,left_hand,og,flick_angles,,"{""side_deg"":-20.4,""fwd_deg"":-5.5}"
11.906,left_hand,og,acc,970420,"{""seq"":576,""x_mg"":-120,""y_mg"":-188,""z_mg"":852}"
11.906,left_hand,og,tilt,,"{""roll_deg"":-26.7,""pitch_deg"":-12.5,""steady"":true}"
11.906,left_hand,og,flick_angles,,"{""side_deg"":-18.0,""fwd_deg"":-5.3}"
11.922,left_hand,og,acc,970440,"{""seq"":577,""x_mg"":-132,""y_mg"":-220,""z_mg"":872}"
11.922,left_hand,og,tilt,,"{""roll_deg"":-25.7,""pitch_deg"":-13.3,""steady"":true}"
11.922,left_hand,og,flick_angles,,"{""side_deg"":-16.0,""fwd_deg"":-6.6}"
11.953,left_hand,og,acc,970461,"{""seq"":578,""x_mg"":-80,""y_mg"":-276,""z_mg"":944}"
11.953,left_hand,og,tilt,,"{""roll_deg"":-25.2,""pitch_deg"":-13.9,""steady"":true}"
11.953,left_hand,og,flick_angles,,"{""side_deg"":-15.0,""fwd_deg"":-7.2}"
11.969,left_hand,og,acc,970481,"{""seq"":579,""x_mg"":-24,""y_mg"":-256,""z_mg"":948}"
11.969,left_hand,og,tilt,,"{""roll_deg"":-24.9,""pitch_deg"":-13.9,""steady"":true}"
11.969,left_hand,og,flick_angles,,"{""side_deg"":-15.1,""fwd_deg"":-5.9}"
11.985,left_hand,og,acc,970502,"{""seq"":580,""x_mg"":-64,""y_mg"":-200,""z_mg"":944}"
11.985,left_hand,og,tilt,,"{""roll_deg"":-24.7,""pitch_deg"":-13.5,""steady"":true}"
11.985,left_hand,og,flick_angles,,"{""side_deg"":-15.1,""fwd_deg"":-4.9}"
12.016,left_hand,og,acc,970523,"{""seq"":581,""x_mg"":-32,""y_mg"":-120,""z_mg"":916}"
12.016,left_hand,og,tilt,,"{""roll_deg"":-24.1,""pitch_deg"":-12.7,""steady"":true}"
12.016,left_hand,og,flick_angles,,"{""side_deg"":-13.5,""fwd_deg"":-3.4}"
12.031,left_hand,og,acc,970543,"{""seq"":582,""x_mg"":-32,""y_mg"":-60,""z_mg"":924}"
12.031,left_hand,og,tilt,,"{""roll_deg"":-22.3,""pitch_deg"":-12.2,""steady"":true}"
12.031,left_hand,og,flick_angles,,"{""side_deg"":-10.5,""fwd_deg"":-2.7}"
12.047,left_hand,og,acc,970564,"{""seq"":583,""x_mg"":-4,""y_mg"":-56,""z_mg"":952}"
12.047,left_hand,og,tilt,,"{""roll_deg"":-19.2,""pitch_deg"":-11.9,""steady"":true}"
12.047,left_hand,og,flick_angles,,"{""side_deg"":-7.1,""fwd_deg"":-2.3}"
12.078,left_hand,og,acc,970584,"{""seq"":584,""x_mg"":80,""y_mg"":-252,""z_mg"":996}"
12.078,left_hand,og,tilt,,"{""roll_deg"":-16.7,""pitch_deg"":-11.5,""steady"":true}"
12.078,left_hand,og,flick_angles,,"{""side_deg"":-5.4,""fwd_deg"":-1.3}"
12.078,left_hand,og,acc,970605,"{""seq"":585,""x_mg"":80,""y_mg"":-252,""z_mg"":1060}"
12.078,left_hand,og,tilt,,"{""roll_deg"":-17.0,""pitch_deg"":-10.6,""steady"":true}"
12.078,left_hand,og,flick_angles,,"{""side_deg"":-9.4,""fwd_deg"":1.5}"
12.094,left_hand,og,acc,970625,"{""seq"":586,""x_mg"":28,""y_mg"":-124,""z_mg"":1188}"
12.094,left_hand,og,tilt,,"{""roll_deg"":-17.7,""pitch_deg"":-9.4,""steady"":true}"
12.094,left_hand,og,flick_angles,,"{""side_deg"":-11.4,""fwd_deg"":2.8}"
12.110,left_hand,og,acc,970646,"{""seq"":587,""x_mg"":16,""y_mg"":-68,""z_mg"":1268}"
12.110,left_hand,og,tilt,,"{""roll_deg"":-17.3,""pitch_deg"":-8.8,""steady"":true}"
12.110,left_hand,og,flick_angles,,"{""side_deg"":-8.7,""fwd_deg"":2.1}"
12.125,left_hand,og,acc,970667,"{""seq"":588,""x_mg"":-16,""y_mg"":-12,""z_mg"":1112}"
12.141,left_hand,og,tremor,,"{""rms_mg"":73.3,""peak_hz"":4.2}"
12.141,left_hand,og,tilt,,"{""roll_deg"":-15.4,""pitch_deg"":-8.5,""steady"":true}"
12.141,left_hand,og,flick_angles,,"{""side_deg"":-5.9,""fwd_deg"":1.4}"
12.156,left_hand,og,acc,970687,"{""seq"":589,""x_mg"":-8,""y_mg"":0,""z_mg"":888}"
12.156,left_hand,og,tilt,,"{""roll_deg"":-13.1,""pitch_deg"":-8.5,""steady"":true}"
12.156,left_hand,og,flick_angles,,"{""side_deg"":-3.2,""fwd_deg"":0.4}"
12.188,left_hand,og,acc,970708,"{""seq"":590,""x_mg"":88,""y_mg"":24,""z_mg"":864}"
12.188,left_hand,og,tilt,,"{""roll_deg"":-11.3,""pitch_deg"":-8.5,""steady"":true}"
12.188,left_hand,og,flick_angles,,"{""side_deg"":-1.6,""fwd_deg"":-0.0}"
12.203,left_hand,og,acc,970728,"{""seq"":591,""x_mg"":204,""y_mg"":-228,""z_mg"":936}"
12.203,left_hand,og,tilt,,"{""roll_deg"":-10.1,""pitch_deg"":-7.2,""steady"":true}"
12.203,left_hand,og,flick_angles,,"{""side_deg"":-0.8,""fwd_deg"":2.9}"
12.235,left_hand,og,acc,970749,"{""seq"":592,""x_mg"":204,""y_mg"":-260,""z_mg"":1056}"
12.235,left_hand,og,tilt,,"{""roll_deg"":-11.8,""pitch_deg"":-4.3,""steady"":true}"
12.235,left_hand,og,flick_angles,,"{""side_deg"":-7.1,""fwd_deg"":6.8}"
12.250,left_hand,og,acc,970769,"{""seq"":593,""x_mg"":128,""y_mg"":-248,""z_mg"":1088}"
12.250,left_hand,og,tilt,,"{""roll_deg"":-12.8,""pitch_deg"":-2.2,""steady"":true}"
12.250,left_hand,og,flick_angles,,"{""side_deg"":-10.2,""fwd_deg"":8.7}"
12.297,left_hand,og,acc,970790,"{""seq"":594,""x_mg"":144,""y_mg"":-264,""z_mg"":984}"
12.297,left_hand,og,tilt,,"{""roll_deg"":-13.5,""pitch_deg"":-1.5,""steady"":true}"
12.297,left_hand,og,flick_angles,,"{""side_deg"":-11.9,""fwd_deg"":8.4}"
12.297,left_hand,og,acc,970810,"{""seq"":595,""x_mg"":164,""y_mg"":-300,""z_mg"":928}"
12.297,left_hand,og,tilt,,"{""roll_deg"":-14.9,""pitch_deg"":-1.1,""steady"":true}"
12.297,left_hand,og,flick_angles,,"{""side_deg"":-13.4,""fwd_deg"":8.2}"
12.313,left_hand,og,acc,970831,"{""seq"":596,""x_mg"":120,""y_mg"":-252,""z_mg"":936}"
12.313,left_hand,og,tilt,,"{""roll_deg"":-16.5,""pitch_deg"":-0.7,""steady"":true}"
12.313,left_hand,og,flick_angles,,"{""side_deg"":-14.2,""fwd_deg"":8.1}"
12.328,left_hand,og,acc,970852,"{""seq"":597,""x_mg"":88,""y_mg"":-128,""z_mg"":996}"
12.328,left_hand,og,tilt,,"{""roll_deg"":-17.8,""pitch_deg"":-0.7,""steady"":true}"
12.328,left_hand,og,flick_angles,,"{""side_deg"":-14.6,""fwd_deg"":7.6}"
12.360,left_hand,og,acc,970872,"{""seq"":598,""x_mg"":112,""y_mg"":-92,""z_mg"":1000}"
12.360,left_hand,og,tilt,,"{""roll_deg"":-17.8,""pitch_deg"":-0.7,""steady"":true}"
12.360,left_hand,og,flick_angles,,"{""side_deg"":-10.9,""fwd_deg"":7.0}"
12.375,left_hand,og,acc,970893,"{""seq"":599,""x_mg"":112,""y_mg"":-132,""z_mg"":972}"
12.375,left_hand,og,tilt,,"{""roll_deg"":-17.4,""pitch_deg"":-0.7,""steady"":true}"
12.375,left_hand,og,flick_angles,,"{""side_deg"":-9.1,""fwd_deg"":6.7}"
12.406,left_hand,og,acc,970913,"{""seq"":600,""x_mg"":108,""y_mg"":-172,""z_mg"":1008}"
12.406,left_hand,og,tilt,,"{""roll_deg"":-17.1,""pitch_deg"":-0.7,""steady"":true}"
12.406,left_hand,og,flick_angles,,"{""side_deg"":-8.4,""fwd_deg"":6.5}"
12.406,left_hand,og,acc,970934,"{""seq"":601,""x_mg"":100,""y_mg"":-204,""z_mg"":992}"
12.406,left_hand,og,tilt,,"{""roll_deg"":-17.1,""pitch_deg"":-0.7,""steady"":true}"
12.406,left_hand,og,flick_angles,,"{""side_deg"":-9.0,""fwd_deg"":6.3}"
12.438,left_hand,og,acc,970954,"{""seq"":602,""x_mg"":64,""y_mg"":-112,""z_mg"":976}"
12.438,left_hand,og,tilt,,"{""roll_deg"":-17.1,""pitch_deg"":-0.7,""steady"":true}"
12.438,left_hand,og,flick_angles,,"{""side_deg"":-9.3,""fwd_deg"":6.0}"
12.469,left_hand,og,acc,970975,"{""seq"":603,""x_mg"":36,""y_mg"":-100,""z_mg"":1028}"
12.469,left_hand,og,tilt,,"{""roll_deg"":-16.9,""pitch_deg"":-1.0,""steady"":true}"
12.469,left_hand,og,flick_angles,,"{""side_deg"":-7.9,""fwd_deg"":4.8}"
12.485,left_hand,og,acc,970996,"{""seq"":604,""x_mg"":64,""y_mg"":-144,""z_mg"":988}"
12.485,left_hand,og,tilt,,"{""roll_deg"":-16.7,""pitch_deg"":-1.2,""steady"":true}"
12.485,left_hand,og,flick_angles,,"{""side_deg"":-7.2,""fwd_deg"":4.3}"
12.516,left_hand,og,acc,971016,"{""seq"":605,""x_mg"":116,""y_mg"":-156,""z_mg"":960}"
12.516,left_hand,og,tilt,,"{""roll_deg"":-16.6,""pitch_deg"":-1.4,""steady"":true}"
12.516,left_hand,og,flick_angles,,"{""side_deg"":-7.8,""fwd_deg"":4.0}"
12.516,left_hand,og,acc,971037,"{""seq"":606,""x_mg"":84,""y_mg"":-144,""z_mg"":984}"
12.516,left_hand,og,tilt,,"{""roll_deg"":-16.5,""pitch_deg"":-1.5,""steady"":true}"
12.516,left_hand,og,flick_angles,,"{""side_deg"":-8.0,""fwd_deg"":4.4}"
12.531,left_hand,og,acc,971057,"{""seq"":607,""x_mg"":76,""y_mg"":-116,""z_mg"":988}"
12.531,left_hand,og,tilt,,"{""roll_deg"":-16.5,""pitch_deg"":-1.6,""steady"":true}"
12.531,left_hand,og,flick_angles,,"{""side_deg"":-8.2,""fwd_deg"":4.6}"
12.547,left_hand,og,acc,971078,"{""seq"":608,""x_mg"":76,""y_mg"":-144,""z_mg"":988}"
12.547,left_hand,og,tilt,,"{""roll_deg"":-16.4,""pitch_deg"":-1.7,""steady"":true}"
12.547,left_hand,og,flick_angles,,"{""side_deg"":-8.2,""fwd_deg"":4.5}"
12.547,,game,miss,,"{""n"":7,""want"":""up""}"
12.563,left_hand,og,acc,971098,"{""seq"":609,""x_mg"":72,""y_mg"":-120,""z_mg"":992}"
12.563,left_hand,og,tilt,,"{""roll_deg"":-16.2,""pitch_deg"":-1.8,""steady"":true}"
12.563,left_hand,og,flick_angles,,"{""side_deg"":-7.5,""fwd_deg"":4.4}"
12.578,left_hand,og,acc,971119,"{""seq"":610,""x_mg"":80,""y_mg"":-132,""z_mg"":980}"
12.578,left_hand,og,tilt,,"{""roll_deg"":-16.0,""pitch_deg"":-2.0,""steady"":true}"
12.578,left_hand,og,flick_angles,,"{""side_deg"":-7.6,""fwd_deg"":4.4}"
12.625,left_hand,og,acc,971140,"{""seq"":611,""x_mg"":80,""y_mg"":-124,""z_mg"":960}"
12.625,left_hand,og,tilt,,"{""roll_deg"":-15.9,""pitch_deg"":-2.0,""steady"":true}"
12.625,left_hand,og,flick_angles,,"{""side_deg"":-7.5,""fwd_deg"":4.5}"
12.656,left_hand,og,acc,971160,"{""seq"":612,""x_mg"":72,""y_mg"":-144,""z_mg"":952}"
12.656,left_hand,og,tilt,,"{""roll_deg"":-15.8,""pitch_deg"":-2.1,""steady"":true}"
12.656,left_hand,og,flick_angles,,"{""side_deg"":-7.6,""fwd_deg"":4.6}"
12.656,left_hand,og,acc,971181,"{""seq"":613,""x_mg"":48,""y_mg"":-136,""z_mg"":1028}"
12.656,left_hand,og,tilt,,"{""roll_deg"":-15.7,""pitch_deg"":-2.2,""steady"":true}"
12.656,left_hand,og,flick_angles,,"{""side_deg"":-7.5,""fwd_deg"":4.4}"
12.688,left_hand,og,acc,971201,"{""seq"":614,""x_mg"":68,""y_mg"":-64,""z_mg"":960}"
12.688,left_hand,og,tilt,,"{""roll_deg"":-15.6,""pitch_deg"":-2.3,""steady"":true}"
12.688,left_hand,og,flick_angles,,"{""side_deg"":-7.5,""fwd_deg"":4.2}"
12.688,left_hand,og,acc,971222,"{""seq"":615,""x_mg"":100,""y_mg"":-80,""z_mg"":980}"
12.688,left_hand,og,tilt,,"{""roll_deg"":-15.1,""pitch_deg"":-2.4,""steady"":true}"
12.688,left_hand,og,flick_angles,,"{""side_deg"":-6.1,""fwd_deg"":4.1}"
12.719,left_hand,og,acc,971242,"{""seq"":616,""x_mg"":144,""y_mg"":-68,""z_mg"":1020}"
12.719,left_hand,og,tilt,,"{""roll_deg"":-14.4,""pitch_deg"":-2.4,""steady"":true}"
12.719,left_hand,og,flick_angles,,"{""side_deg"":-4.9,""fwd_deg"":5.0}"
12.735,left_hand,og,acc,971263,"{""seq"":617,""x_mg"":152,""y_mg"":-16,""z_mg"":1004}"
12.735,left_hand,og,tilt,,"{""roll_deg"":-13.8,""pitch_deg"":-2.4,""steady"":true}"
12.735,left_hand,og,flick_angles,,"{""side_deg"":-4.4,""fwd_deg"":6.5}"
12.766,left_hand,og,acc,971283,"{""seq"":618,""x_mg"":144,""y_mg"":-52,""z_mg"":968}"
12.766,left_hand,og,tilt,,"{""roll_deg"":-13.1,""pitch_deg"":-2.4,""steady"":true}"
12.766,left_hand,og,flick_angles,,"{""side_deg"":-3.7,""fwd_deg"":7.5}"
12.797,left_hand,og,acc,971304,"{""seq"":619,""x_mg"":60,""y_mg"":-284,""z_mg"":1112}"
12.797,left_hand,og,tilt,,"{""roll_deg"":-12.5,""pitch_deg"":-2.2,""steady"":true}"
12.797,left_hand,og,flick_angles,,"{""side_deg"":-3.4,""fwd_deg"":8.0}"
12.797,left_hand,og,acc,971325,"{""seq"":620,""x_mg"":124,""y_mg"":-260,""z_mg"":1000}"
12.797,left_hand,og,tilt,,"{""roll_deg"":-12.8,""pitch_deg"":-2.1,""steady"":true}"
12.797,left_hand,og,flick_angles,,"{""side_deg"":-8.8,""fwd_deg"":7.4}"
