t_s,role,source,channel,dev_ms,fields
0.062,left_hand,og,acc,359953,"{""seq"":0,""x_mg"":44,""y_mg"":-4,""z_mg"":1000}"
0.062,left_hand,og,tilt,,"{""deg"":0.0,""steady"":true}"
0.093,left_hand,og,acc,359973,"{""seq"":1,""x_mg"":48,""y_mg"":80,""z_mg"":984}"
0.093,left_hand,og,tilt,,"{""deg"":0.3,""steady"":true}"
0.109,left_hand,og,acc,359994,"{""seq"":2,""x_mg"":72,""y_mg"":212,""z_mg"":964}"
0.109,left_hand,og,tilt,,"{""deg"":0.8,""steady"":true}"
0.140,left_hand,og,acc,360014,"{""seq"":3,""x_mg"":68,""y_mg"":256,""z_mg"":944}"
0.140,left_hand,og,tilt,,"{""deg"":1.8,""steady"":true}"
0.140,left_hand,og,acc,360035,"{""seq"":4,""x_mg"":64,""y_mg"":248,""z_mg"":948}"
0.140,left_hand,og,tilt,,"{""deg"":3.1,""steady"":true}"
0.171,left_hand,og,acc,360056,"{""seq"":5,""x_mg"":64,""y_mg"":164,""z_mg"":964}"
0.171,left_hand,og,tilt,,"{""deg"":4.2,""steady"":true}"
0.203,left_hand,og,acc,360076,"{""seq"":6,""x_mg"":44,""y_mg"":84,""z_mg"":956}"
0.203,left_hand,og,tilt,,"{""deg"":5.2,""steady"":true}"
0.203,left_hand,og,acc,360097,"{""seq"":7,""x_mg"":44,""y_mg"":76,""z_mg"":936}"
0.203,left_hand,og,tilt,,"{""deg"":5.8,""steady"":true}"
0.234,left_hand,og,acc,360117,"{""seq"":8,""x_mg"":32,""y_mg"":92,""z_mg"":972}"
0.234,left_hand,og,tilt,,"{""deg"":5.8,""steady"":true}"
0.234,left_hand,og,acc,360138,"{""seq"":9,""x_mg"":12,""y_mg"":40,""z_mg"":980}"
0.234,left_hand,og,tilt,,"{""deg"":5.7,""steady"":true}"
0.265,left_hand,og,acc,360158,"{""seq"":10,""x_mg"":-4,""y_mg"":-104,""z_mg"":968}"
0.265,left_hand,og,tilt,,"{""deg"":5.6,""steady"":true}"
0.296,left_hand,og,acc,360179,"{""seq"":11,""x_mg"":16,""y_mg"":-160,""z_mg"":972}"
0.296,left_hand,og,tilt,,"{""deg"":5.3,""steady"":true}"
0.328,left_hand,og,acc,360200,"{""seq"":12,""x_mg"":48,""y_mg"":-132,""z_mg"":1004}"
0.328,left_hand,og,tilt,,"{""deg"":3.9,""steady"":true}"
0.328,left_hand,og,acc,360220,"{""seq"":13,""x_mg"":48,""y_mg"":-132,""z_mg"":1044}"
0.328,left_hand,og,tilt,,"{""deg"":2.6,""steady"":true}"
0.359,left_hand,og,acc,360241,"{""seq"":14,""x_mg"":40,""y_mg"":-164,""z_mg"":1056}"
0.359,left_hand,og,tilt,,"{""deg"":1.4,""steady"":true}"
0.359,left_hand,og,acc,360261,"{""seq"":15,""x_mg"":36,""y_mg"":-148,""z_mg"":1020}"
0.359,left_hand,og,tilt,,"{""deg"":0.3,""steady"":true}"
0.390,left_hand,og,acc,360282,"{""seq"":16,""x_mg"":60,""y_mg"":-112,""z_mg"":1012}"
0.390,left_hand,og,tilt,,"{""deg"":-0.6,""steady"":true}"
0.421,left_hand,og,acc,360302,"{""seq"":17,""x_mg"":64,""y_mg"":-100,""z_mg"":1004}"
0.421,left_hand,og,tilt,,"{""deg"":-1.4,""steady"":true}"
0.421,left_hand,og,acc,360323,"{""seq"":18,""x_mg"":44,""y_mg"":-48,""z_mg"":992}"
0.421,left_hand,og,tilt,,"{""deg"":-1.9,""steady"":true}"
0.453,left_hand,og,acc,360344,"{""seq"":19,""x_mg"":28,""y_mg"":4,""z_mg"":1004}"
0.453,left_hand,og,tilt,,"{""deg"":-2.4,""steady"":true}"
0.484,left_hand,og,acc,360364,"{""seq"":20,""x_mg"":16,""y_mg"":48,""z_mg"":1004}"
0.484,left_hand,og,tilt,,"{""deg"":-2.4,""steady"":true}"
0.515,left_hand,og,acc,360385,"{""seq"":21,""x_mg"":24,""y_mg"":76,""z_mg"":972}"
0.515,left_hand,og,tilt,,"{""deg"":-2.0,""steady"":true}"
0.546,left_hand,og,acc,360405,"{""seq"":22,""x_mg"":20,""y_mg"":68,""z_mg"":976}"
0.546,left_hand,og,tilt,,"{""deg"":-1.4,""steady"":true}"
0.546,left_hand,og,acc,360426,"{""seq"":23,""x_mg"":8,""y_mg"":48,""z_mg"":1004}"
0.546,left_hand,og,tilt,,"{""deg"":-0.9,""steady"":true}"
0.578,left_hand,og,acc,360446,"{""seq"":24,""x_mg"":24,""y_mg"":20,""z_mg"":996}"
0.578,left_hand,og,tilt,,"{""deg"":-0.4,""steady"":true}"
0.578,left_hand,og,acc,360467,"{""seq"":25,""x_mg"":32,""y_mg"":20,""z_mg"":996}"
0.578,left_hand,og,tilt,,"{""deg"":-0.0,""steady"":true}"
0.609,left_hand,og,acc,360488,"{""seq"":26,""x_mg"":28,""y_mg"":20,""z_mg"":996}"
0.609,left_hand,og,tilt,,"{""deg"":0.1,""steady"":true}"
0.640,left_hand,og,acc,360508,"{""seq"":27,""x_mg"":28,""y_mg"":8,""z_mg"":1004}"
0.640,left_hand,og,tilt,,"{""deg"":0.3,""steady"":true}"
0.640,left_hand,og,acc,360529,"{""seq"":28,""x_mg"":36,""y_mg"":-4,""z_mg"":996}"
0.640,left_hand,og,tilt,,"{""deg"":0.4,""steady"":true}"
0.656,left_hand,og,acc,360549,"{""seq"":29,""x_mg"":36,""y_mg"":-4,""z_mg"":1012}"
0.656,left_hand,og,tilt,,"{""deg"":0.4,""steady"":true}"
0.687,left_hand,og,acc,360570,"{""seq"":30,""x_mg"":24,""y_mg"":24,""z_mg"":1012}"
0.687,left_hand,og,tilt,,"{""deg"":0.5,""steady"":true}"
0.703,left_hand,og,acc,360590,"{""seq"":31,""x_mg"":24,""y_mg"":44,""z_mg"":1028}"
0.703,left_hand,og,tilt,,"{""deg"":0.5,""steady"":true}"
0.750,left_hand,og,acc,360611,"{""seq"":32,""x_mg"":28,""y_mg"":-8,""z_mg"":976}"
0.750,left_hand,og,tilt,,"{""deg"":0.4,""steady"":true}"
0.750,left_hand,og,acc,360632,"{""seq"":33,""x_mg"":20,""y_mg"":-32,""z_mg"":972}"
0.750,left_hand,og,tilt,,"{""deg"":0.4,""steady"":true}"
0.765,left_hand,og,acc,360652,"{""seq"":34,""x_mg"":8,""y_mg"":-28,""z_mg"":988}"
0.765,left_hand,og,tilt,,"{""deg"":0.3,""steady"":true}"
0.796,left_hand,og,acc,360673,"{""seq"":35,""x_mg"":16,""y_mg"":-40,""z_mg"":1016}"
0.796,left_hand,og,tilt,,"{""deg"":0.1,""steady"":true}"
0.828,left_hand,og,acc,360693,"{""seq"":36,""x_mg"":0,""y_mg"":-28,""z_mg"":1020}"
0.828,left_hand,og,tilt,,"{""deg"":-0.1,""steady"":true}"
0.828,left_hand,og,acc,360714,"{""seq"":37,""x_mg"":-4,""y_mg"":-24,""z_mg"":996}"
0.828,left_hand,og,tilt,,"{""deg"":-0.2,""steady"":true}"
0.859,left_hand,og,acc,360734,"{""seq"":38,""x_mg"":12,""y_mg"":-32,""z_mg"":1000}"
0.859,left_hand,og,tilt,,"{""deg"":-0.4,""steady"":true}"
0.875,left_hand,og,acc,360755,"{""seq"":39,""x_mg"":4,""y_mg"":-40,""z_mg"":1052}"
0.875,left_hand,og,tilt,,"{""deg"":-0.5,""steady"":true}"
0.875,left_hand,og,acc,360776,"{""seq"":40,""x_mg"":12,""y_mg"":64,""z_mg"":1076}"
0.875,left_hand,og,tilt,,"{""deg"":-0.6,""steady"":true}"
0.906,left_hand,og,acc,360796,"{""seq"":41,""x_mg"":44,""y_mg"":136,""z_mg"":1064}"
0.906,left_hand,og,tilt,,"{""deg"":-0.7,""steady"":true}"
0.937,left_hand,og,acc,360817,"{""seq"":42,""x_mg"":96,""y_mg"":-136,""z_mg"":1008}"
0.937,left_hand,og,tilt,,"{""deg"":-0.8,""steady"":true}"
0.968,left_hand,og,acc,360837,"{""seq"":43,""x_mg"":96,""y_mg"":-472,""z_mg"":984}"
0.968,left_hand,og,tilt,,"{""deg"":-0.9,""steady"":true}"
0.968,left_hand,og,acc,360858,"{""seq"":44,""x_mg"":56,""y_mg"":-532,""z_mg"":968}"
0.968,left_hand,og,tilt,,"{""deg"":-1.7,""steady"":true}"
1.000,left_hand,og,acc,360878,"{""seq"":45,""x_mg"":116,""y_mg"":-472,""z_mg"":916}"
1.000,left_hand,og,tilt,,"{""deg"":-4.6,""steady"":true}"
1.031,left_hand,og,acc,360899,"{""seq"":46,""x_mg"":128,""y_mg"":-476,""z_mg"":912}"
1.031,left_hand,og,tilt,,"{""deg"":-7.3,""steady"":true}"
1.031,left_hand,og,acc,360919,"{""seq"":47,""x_mg"":124,""y_mg"":-628,""z_mg"":884}"
1.031,left_hand,og,tilt,,"{""deg"":-9.7,""steady"":true}"
1.062,left_hand,og,acc,360940,"{""seq"":48,""x_mg"":164,""y_mg"":-548,""z_mg"":784}"
1.062,left_hand,og,tilt,,"{""deg"":-11.9,""steady"":true}"
1.093,left_hand,og,acc,360961,"{""seq"":49,""x_mg"":220,""y_mg"":-488,""z_mg"":796}"
1.093,left_hand,og,tilt,,"{""deg"":-14.3,""steady"":true}"
1.093,left_hand,og,acc,360981,"{""seq"":50,""x_mg"":280,""y_mg"":-252,""z_mg"":896}"
1.093,left_hand,og,tilt,,"{""deg"":-16.3,""steady"":true}"
1.125,left_hand,og,acc,361002,"{""seq"":51,""x_mg"":272,""y_mg"":8,""z_mg"":988}"
1.125,left_hand,og,tilt,,"{""deg"":-18.1,""steady"":true}"
1.156,left_hand,og,acc,361022,"{""seq"":52,""x_mg"":304,""y_mg"":20,""z_mg"":984}"
1.156,left_hand,og,tilt,,"{""deg"":-17.8,""steady"":true}"
1.156,left_hand,og,acc,361043,"{""seq"":53,""x_mg"":224,""y_mg"":164,""z_mg"":916}"
1.156,left_hand,og,tilt,,"{""deg"":-15.6,""steady"":true}"
1.187,left_hand,og,acc,361063,"{""seq"":54,""x_mg"":132,""y_mg"":348,""z_mg"":784}"
1.187,left_hand,og,tilt,,"{""deg"":-13.5,""steady"":true}"
1.187,left_hand,og,acc,361084,"{""seq"":55,""x_mg"":108,""y_mg"":492,""z_mg"":712}"
1.187,left_hand,og,tilt,,"{""deg"":-10.7,""steady"":true}"
1.218,left_hand,og,acc,361105,"{""seq"":56,""x_mg"":144,""y_mg"":492,""z_mg"":728}"
1.218,left_hand,og,tilt,,"{""deg"":-6.5,""steady"":true}"
1.250,left_hand,og,acc,361125,"{""seq"":57,""x_mg"":168,""y_mg"":516,""z_mg"":788}"
1.250,left_hand,og,tilt,,"{""deg"":-1.7,""steady"":true}"
1.250,left_hand,og,acc,361146,"{""seq"":58,""x_mg"":224,""y_mg"":476,""z_mg"":872}"
1.250,left_hand,og,tilt,,"{""deg"":2.5,""steady"":true}"
1.281,left_hand,og,acc,361166,"{""seq"":59,""x_mg"":244,""y_mg"":388,""z_mg"":852}"
1.281,left_hand,og,tilt,,"{""deg"":6.2,""steady"":true}"
1.312,left_hand,og,acc,361187,"{""seq"":60,""x_mg"":244,""y_mg"":352,""z_mg"":820}"
1.312,left_hand,og,tilt,,"{""deg"":9.0,""steady"":true}"
1.312,left_hand,og,acc,361207,"{""seq"":61,""x_mg"":236,""y_mg"":464,""z_mg"":796}"
1.312,left_hand,og,tilt,,"{""deg"":11.3,""steady"":true}"
1.343,left_hand,og,acc,361228,"{""seq"":62,""x_mg"":220,""y_mg"":536,""z_mg"":760}"
1.343,left_hand,og,tilt,,"{""deg"":13.4,""steady"":true}"
1.375,left_hand,og,acc,361249,"{""seq"":63,""x_mg"":208,""y_mg"":532,""z_mg"":768}"
1.375,left_hand,og,tilt,,"{""deg"":15.5,""steady"":true}"
1.375,left_hand,og,acc,361269,"{""seq"":64,""x_mg"":184,""y_mg"":516,""z_mg"":772}"
1.375,left_hand,og,tilt,,"{""deg"":17.7,""steady"":true}"
1.406,left_hand,og,acc,361290,"{""seq"":65,""x_mg"":176,""y_mg"":560,""z_mg"":776}"
1.406,left_hand,og,tilt,,"{""deg"":19.8,""steady"":true}"
1.437,left_hand,og,acc,361310,"{""seq"":66,""x_mg"":148,""y_mg"":760,""z_mg"":824}"
1.437,left_hand,og,tilt,,"{""deg"":21.7,""steady"":true}"
1.437,left_hand,og,acc,361331,"{""seq"":67,""x_mg"":152,""y_mg"":832,""z_mg"":828}"
1.437,left_hand,og,tilt,,"{""deg"":23.4,""steady"":true}"
1.468,left_hand,og,acc,361351,"{""seq"":68,""x_mg"":144,""y_mg"":728,""z_mg"":812}"
1.468,left_hand,og,tilt,,"{""deg"":25.6,""steady"":true}"
1.468,left_hand,og,acc,361372,"{""seq"":69,""x_mg"":180,""y_mg"":420,""z_mg"":740}"
1.468,left_hand,og,tilt,,"{""deg"":27.6,""steady"":true}"
1.484,left_hand,og,acc,361392,"{""seq"":70,""x_mg"":236,""y_mg"":24,""z_mg"":660}"
1.484,left_hand,og,tilt,,"{""deg"":29.3,""steady"":true}"
1.515,left_hand,og,acc,361413,"{""seq"":71,""x_mg"":292,""y_mg"":-268,""z_mg"":632}"
1.515,left_hand,og,tilt,,"{""deg"":29.4,""steady"":true}"
1.546,left_hand,og,acc,361434,"{""seq"":72,""x_mg"":276,""y_mg"":-608,""z_mg"":776}"
1.546,left_hand,og,tilt,,"{""deg"":26.1,""steady"":true}"
1.578,left_hand,og,acc,361454,"{""seq"":73,""x_mg"":244,""y_mg"":-816,""z_mg"":928}"
1.578,left_hand,og,tilt,,"{""deg"":20.3,""steady"":true}"
1.578,left_hand,og,acc,361475,"{""seq"":74,""x_mg"":248,""y_mg"":-912,""z_mg"":940}"
1.578,left_hand,og,tilt,,"{""deg"":20.3,""steady"":false}"
1.609,left_hand,og,acc,361495,"{""seq"":75,""x_mg"":232,""y_mg"":-612,""z_mg"":900}"
1.609,left_hand,og,tilt,,"{""deg"":13.8,""steady"":true}"
1.656,left_hand,og,acc,361516,"{""seq"":76,""x_mg"":216,""y_mg"":-332,""z_mg"":880}"
1.656,left_hand,og,tilt,,"{""deg"":8.0,""steady"":true}"
1.656,left_hand,og,acc,361536,"{""seq"":77,""x_mg"":212,""y_mg"":-324,""z_mg"":888}"
1.656,left_hand,og,tilt,,"{""deg"":3.0,""steady"":true}"
1.687,left_hand,og,acc,361557,"{""seq"":78,""x_mg"":208,""y_mg"":-516,""z_mg"":888}"
1.687,left_hand,og,tilt,,"{""deg"":-1.0,""steady"":true}"
1.703,left_hand,og,acc,361578,"{""seq"":79,""x_mg"":208,""y_mg"":-480,""z_mg"":856}"
1.703,left_hand,og,tilt,,"{""deg"":-4.3,""steady"":true}"
1.703,left_hand,og,acc,361598,"{""seq"":80,""x_mg"":212,""y_mg"":-344,""z_mg"":832}"
1.703,left_hand,og,tilt,,"{""deg"":-6.5,""steady"":true}"
1.734,left_hand,og,acc,361619,"{""seq"":81,""x_mg"":216,""y_mg"":-336,""z_mg"":880}"
1.734,left_hand,og,tilt,,"{""deg"":-8.4,""steady"":true}"
1.765,left_hand,og,acc,361639,"{""seq"":82,""x_mg"":208,""y_mg"":-484,""z_mg"":880}"
1.765,left_hand,og,tilt,,"{""deg"":-10.8,""steady"":true}"
1.796,left_hand,og,acc,361660,"{""seq"":83,""x_mg"":204,""y_mg"":-600,""z_mg"":856}"
1.796,left_hand,og,tilt,,"{""deg"":-12.9,""steady"":true}"
1.796,left_hand,og,acc,361680,"{""seq"":84,""x_mg"":212,""y_mg"":-580,""z_mg"":852}"
1.796,left_hand,og,tilt,,"{""deg"":-14.8,""steady"":true}"
1.828,left_hand,og,acc,361701,"{""seq"":85,""x_mg"":228,""y_mg"":-520,""z_mg"":844}"
1.828,left_hand,og,tilt,,"{""deg"":-16.8,""steady"":true}"
1.859,left_hand,og,acc,361722,"{""seq"":86,""x_mg"":228,""y_mg"":-552,""z_mg"":844}"
1.859,left_hand,og,tilt,,"{""deg"":-18.7,""steady"":true}"
1.859,left_hand,og,acc,361742,"{""seq"":87,""x_mg"":212,""y_mg"":-560,""z_mg"":860}"
1.859,left_hand,og,tilt,,"{""deg"":-20.4,""steady"":true}"
1.890,left_hand,og,acc,361763,"{""seq"":88,""x_mg"":196,""y_mg"":-460,""z_mg"":872}"
1.890,left_hand,og,tilt,,"{""deg"":-21.9,""steady"":true}"
1.890,left_hand,og,acc,361783,"{""seq"":89,""x_mg"":196,""y_mg"":-552,""z_mg"":880}"
1.890,left_hand,og,tilt,,"{""deg"":-23.1,""steady"":true}"
1.906,left_hand,og,acc,361804,"{""seq"":90,""x_mg"":196,""y_mg"":-604,""z_mg"":856}"
1.906,left_hand,og,tilt,,"{""deg"":-24.3,""steady"":true}"
1.937,left_hand,og,acc,361824,"{""seq"":91,""x_mg"":212,""y_mg"":-508,""z_mg"":860}"
1.937,left_hand,og,tilt,,"{""deg"":-25.2,""steady"":true}"
1.968,left_hand,og,acc,361845,"{""seq"":92,""x_mg"":200,""y_mg"":-288,""z_mg"":884}"
1.968,left_hand,og,tilt,,"{""deg"":-25.8,""steady"":true}"
2.000,left_hand,og,acc,361865,"{""seq"":93,""x_mg"":212,""y_mg"":-176,""z_mg"":944}"
2.000,left_hand,og,tilt,,"{""deg"":-26.4,""steady"":true}"
2.000,left_hand,og,acc,361886,"{""seq"":94,""x_mg"":208,""y_mg"":-144,""z_mg"":952}"
2.000,left_hand,og,tilt,,"{""deg"":-25.3,""steady"":true}"
2.031,left_hand,og,acc,361907,"{""seq"":95,""x_mg"":200,""y_mg"":-152,""z_mg"":868}"
2.031,left_hand,og,tilt,,"{""deg"":-23.5,""steady"":true}"
2.062,left_hand,og,acc,361927,"{""seq"":96,""x_mg"":188,""y_mg"":-20,""z_mg"":880}"
2.062,left_hand,og,tilt,,"{""deg"":-21.9,""steady"":true}"
2.062,left_hand,og,acc,361948,"{""seq"":97,""x_mg"":168,""y_mg"":100,""z_mg"":944}"
2.062,left_hand,og,tilt,,"{""deg"":-20.3,""steady"":true}"
2.093,left_hand,og,acc,361968,"{""seq"":98,""x_mg"":168,""y_mg"":276,""z_mg"":940}"
2.093,left_hand,og,tilt,,"{""deg"":-18.0,""steady"":true}"
2.093,left_hand,og,acc,361989,"{""seq"":99,""x_mg"":152,""y_mg"":492,""z_mg"":892}"
2.093,left_hand,og,tilt,,"{""deg"":-15.0,""steady"":true}"
2.109,left_hand,og,acc,362009,"{""seq"":100,""x_mg"":148,""y_mg"":492,""z_mg"":820}"
2.109,left_hand,og,tilt,,"{""deg"":-11.2,""steady"":true}"
2.140,left_hand,og,acc,362030,"{""seq"":101,""x_mg"":164,""y_mg"":380,""z_mg"":856}"
2.140,left_hand,og,tilt,,"{""deg"":-7.0,""steady"":true}"
2.171,left_hand,og,acc,362051,"{""seq"":102,""x_mg"":156,""y_mg"":412,""z_mg"":848}"
2.171,left_hand,og,tilt,,"{""deg"":-3.0,""steady"":true}"
2.203,left_hand,og,acc,362071,"{""seq"":103,""x_mg"":140,""y_mg"":576,""z_mg"":760}"
2.203,left_hand,og,tilt,,"{""deg"":0.8,""steady"":true}"
2.203,left_hand,og,acc,362092,"{""seq"":104,""x_mg"":152,""y_mg"":684,""z_mg"":752}"
2.203,left_hand,og,tilt,,"{""deg"":4.5,""steady"":true}"
2.234,left_hand,og,acc,362112,"{""seq"":105,""x_mg"":152,""y_mg"":660,""z_mg"":760}"
2.234,left_hand,og,tilt,,"{""deg"":8.4,""steady"":true}"
2.265,left_hand,og,acc,362133,"{""seq"":106,""x_mg"":148,""y_mg"":612,""z_mg"":760}"
2.265,left_hand,og,tilt,,"{""deg"":12.1,""steady"":true}"
2.265,left_hand,og,acc,362153,"{""seq"":107,""x_mg"":132,""y_mg"":624,""z_mg"":760}"
2.265,left_hand,og,tilt,,"{""deg"":15.4,""steady"":true}"
2.296,left_hand,og,acc,362174,"{""seq"":108,""x_mg"":116,""y_mg"":676,""z_mg"":720}"
2.296,left_hand,og,tilt,,"{""deg"":18.5,""steady"":true}"
2.296,left_hand,og,acc,362194,"{""seq"":109,""x_mg"":100,""y_mg"":792,""z_mg"":724}"
2.296,left_hand,og,tilt,,"{""deg"":21.2,""steady"":true}"
2.312,left_hand,og,acc,362215,"{""seq"":110,""x_mg"":112,""y_mg"":808,""z_mg"":752}"
2.312,left_hand,og,tilt,,"{""deg"":23.9,""steady"":true}"
2.343,left_hand,og,acc,362236,"{""seq"":111,""x_mg"":124,""y_mg"":596,""z_mg"":804}"
2.343,left_hand,og,tilt,,"{""deg"":26.2,""steady"":true}"
2.375,left_hand,og,acc,362256,"{""seq"":112,""x_mg"":136,""y_mg"":416,""z_mg"":860}"
2.375,left_hand,og,tilt,,"{""deg"":28.3,""steady"":true}"
2.406,left_hand,og,acc,362277,"{""seq"":113,""x_mg"":144,""y_mg"":252,""z_mg"":916}"
2.406,left_hand,og,tilt,,"{""deg"":29.3,""steady"":true}"
2.406,left_hand,og,acc,362297,"{""seq"":114,""x_mg"":164,""y_mg"":76,""z_mg"":960}"
2.406,left_hand,og,tilt,,"{""deg"":28.9,""steady"":true}"
2.437,left_hand,og,acc,362318,"{""seq"":115,""x_mg"":208,""y_mg"":-116,""z_mg"":920}"
2.437,left_hand,og,tilt,,"{""deg"":27.3,""steady"":true}"
2.437,left_hand,og,acc,362338,"{""seq"":116,""x_mg"":188,""y_mg"":-300,""z_mg"":864}"
2.437,left_hand,og,tilt,,"{""deg"":24.6,""steady"":true}"
2.468,left_hand,og,acc,362359,"{""seq"":117,""x_mg"":204,""y_mg"":-320,""z_mg"":932}"
2.468,left_hand,og,tilt,,"{""deg"":20.8,""steady"":true}"
2.500,left_hand,og,acc,362380,"{""seq"":118,""x_mg"":204,""y_mg"":-332,""z_mg"":1016}"
2.500,left_hand,og,tilt,,"{""deg"":16.2,""steady"":true}"
2.500,left_hand,og,acc,362400,"{""seq"":119,""x_mg"":180,""y_mg"":-320,""z_mg"":1024}"
2.500,left_hand,og,tilt,,"{""deg"":12.1,""steady"":true}"
2.515,left_hand,og,acc,362421,"{""seq"":120,""x_mg"":156,""y_mg"":-288,""z_mg"":968}"
2.515,left_hand,og,tilt,,"{""deg"":8.5,""steady"":true}"
2.546,left_hand,og,acc,362441,"{""seq"":121,""x_mg"":188,""y_mg"":-384,""z_mg"":876}"
2.546,left_hand,og,tilt,,"{""deg"":5.3,""steady"":true}"
2.578,left_hand,og,acc,362462,"{""seq"":122,""x_mg"":208,""y_mg"":-524,""z_mg"":792}"
2.578,left_hand,og,tilt,,"{""deg"":2.6,""steady"":true}"
2.609,left_hand,og,acc,362482,"{""seq"":123,""x_mg"":192,""y_mg"":-636,""z_mg"":820}"
2.609,left_hand,og,tilt,,"{""deg"":-0.6,""steady"":true}"
2.609,left_hand,og,acc,362503,"{""seq"":124,""x_mg"":180,""y_mg"":-528,""z_mg"":856}"
2.609,left_hand,og,tilt,,"{""deg"":-4.3,""steady"":true}"
2.656,left_hand,og,acc,362524,"{""seq"":125,""x_mg"":184,""y_mg"":-456,""z_mg"":848}"
2.656,left_hand,og,tilt,,"{""deg"":-7.5,""steady"":true}"
2.656,left_hand,og,acc,362544,"{""seq"":126,""x_mg"":204,""y_mg"":-500,""z_mg"":780}"
2.656,left_hand,og,tilt,,"{""deg"":-10.5,""steady"":true}"
2.687,left_hand,og,acc,362565,"{""seq"":127,""x_mg"":204,""y_mg"":-580,""z_mg"":764}"
2.687,left_hand,og,tilt,,"{""deg"":-13.1,""steady"":true}"
2.718,left_hand,og,acc,362585,"{""seq"":128,""x_mg"":220,""y_mg"":-712,""z_mg"":800}"
2.718,left_hand,og,tilt,,"{""deg"":-15.5,""steady"":true}"
2.718,left_hand,og,acc,362606,"{""seq"":129,""x_mg"":216,""y_mg"":-756,""z_mg"":828}"
2.718,left_hand,og,tilt,,"{""deg"":-18.0,""steady"":true}"
2.734,left_hand,og,acc,362626,"{""seq"":130,""x_mg"":184,""y_mg"":-584,""z_mg"":876}"
2.734,left_hand,og,tilt,,"{""deg"":-20.3,""steady"":true}"
2.765,left_hand,og,acc,362647,"{""seq"":131,""x_mg"":164,""y_mg"":-292,""z_mg"":932}"
2.765,left_hand,og,tilt,,"{""deg"":-22.3,""steady"":true}"
2.796,left_hand,og,acc,362667,"{""seq"":132,""x_mg"":192,""y_mg"":-60,""z_mg"":956}"
2.796,left_hand,og,tilt,,"{""deg"":-23.7,""steady"":true}"
2.796,left_hand,og,acc,362688,"{""seq"":133,""x_mg"":192,""y_mg"":0,""z_mg"":928}"
2.796,left_hand,og,tilt,,"{""deg"":-22.9,""steady"":true}"
2.828,left_hand,og,acc,362709,"{""seq"":134,""x_mg"":160,""y_mg"":-40,""z_mg"":920}"
2.828,left_hand,og,tilt,,"{""deg"":-20.5,""steady"":true}"
2.859,left_hand,og,acc,362729,"{""seq"":135,""x_mg"":168,""y_mg"":8,""z_mg"":984}"
2.859,left_hand,og,tilt,,"{""deg"":-18.3,""steady"":true}"
2.859,left_hand,og,acc,362750,"{""seq"":136,""x_mg"":196,""y_mg"":48,""z_mg"":1004}"
2.859,left_hand,og,tilt,,"{""deg"":-16.1,""steady"":true}"
2.890,left_hand,og,acc,362770,"{""seq"":137,""x_mg"":192,""y_mg"":60,""z_mg"":992}"
2.890,left_hand,og,tilt,,"{""deg"":-14.1,""steady"":true}"
2.921,left_hand,og,acc,362791,"{""seq"":138,""x_mg"":172,""y_mg"":20,""z_mg"":1000}"
2.921,left_hand,og,tilt,,"{""deg"":-12.2,""steady"":true}"
2.921,left_hand,og,acc,362811,"{""seq"":139,""x_mg"":184,""y_mg"":-32,""z_mg"":980}"
2.921,left_hand,og,tilt,,"{""deg"":-10.6,""steady"":true}"
2.937,left_hand,og,acc,362832,"{""seq"":140,""x_mg"":180,""y_mg"":-60,""z_mg"":988}"
2.937,left_hand,og,tilt,,"{""deg"":-9.2,""steady"":true}"
2.968,left_hand,og,acc,362853,"{""seq"":141,""x_mg"":168,""y_mg"":-80,""z_mg"":992}"
2.968,left_hand,og,tilt,,"{""deg"":-8.3,""steady"":true}"
3.000,left_hand,og,acc,362873,"{""seq"":142,""x_mg"":180,""y_mg"":-132,""z_mg"":980}"
3.000,left_hand,og,tilt,,"{""deg"":-7.7,""steady"":true}"
3.000,left_hand,og,acc,362894,"{""seq"":143,""x_mg"":180,""y_mg"":-164,""z_mg"":976}"
3.000,left_hand,og,tilt,,"{""deg"":-7.3,""steady"":true}"
3.031,left_hand,og,acc,362914,"{""seq"":144,""x_mg"":196,""y_mg"":-184,""z_mg"":980}"
3.031,left_hand,og,tilt,,"{""deg"":-7.3,""steady"":true}"
3.062,left_hand,og,acc,362935,"{""seq"":145,""x_mg"":180,""y_mg"":-172,""z_mg"":968}"
3.062,left_hand,og,tilt,,"{""deg"":-7.5,""steady"":true}"
3.062,left_hand,og,acc,362955,"{""seq"":146,""x_mg"":176,""y_mg"":-180,""z_mg"":964}"
3.062,left_hand,og,tilt,,"{""deg"":-7.8,""steady"":true}"
3.093,left_hand,og,acc,362976,"{""seq"":147,""x_mg"":168,""y_mg"":-180,""z_mg"":964}"
3.093,left_hand,og,tilt,,"{""deg"":-8.1,""steady"":true}"
3.125,left_hand,og,acc,362996,"{""seq"":148,""x_mg"":172,""y_mg"":-184,""z_mg"":976}"
3.125,left_hand,og,tilt,,"{""deg"":-8.4,""steady"":true}"
3.125,left_hand,og,acc,363017,"{""seq"":149,""x_mg"":172,""y_mg"":-192,""z_mg"":968}"
3.125,left_hand,og,tilt,,"{""deg"":-8.6,""steady"":true}"
3.156,left_hand,og,acc,363038,"{""seq"":150,""x_mg"":160,""y_mg"":-200,""z_mg"":972}"
3.156,left_hand,og,tilt,,"{""deg"":-8.8,""steady"":true}"
3.187,left_hand,og,acc,363058,"{""seq"":151,""x_mg"":172,""y_mg"":-188,""z_mg"":964}"
3.187,left_hand,og,tilt,,"{""deg"":-9.1,""steady"":true}"
3.187,left_hand,og,acc,363079,"{""seq"":152,""x_mg"":180,""y_mg"":-180,""z_mg"":956}"
3.187,left_hand,og,tilt,,"{""deg"":-9.3,""steady"":true}"
3.218,left_hand,og,acc,363099,"{""seq"":153,""x_mg"":172,""y_mg"":-168,""z_mg"":972}"
3.218,left_hand,og,tilt,,"{""deg"":-9.5,""steady"":true}"
3.250,left_hand,og,acc,363120,"{""seq"":154,""x_mg"":176,""y_mg"":-168,""z_mg"":984}"
3.250,left_hand,og,tilt,,"{""deg"":-9.6,""steady"":true}"
3.250,left_hand,og,acc,363140,"{""seq"":155,""x_mg"":184,""y_mg"":-184,""z_mg"":964}"
3.250,left_hand,og,tilt,,"{""deg"":-9.7,""steady"":true}"
3.281,left_hand,og,acc,363161,"{""seq"":156,""x_mg"":172,""y_mg"":-164,""z_mg"":964}"
3.281,left_hand,og,tilt,,"{""deg"":-9.7,""steady"":true}"
3.312,left_hand,og,acc,363182,"{""seq"":157,""x_mg"":180,""y_mg"":-172,""z_mg"":960}"
3.312,left_hand,og,tilt,,"{""deg"":-9.7,""steady"":true}"
3.312,left_hand,og,acc,363202,"{""seq"":158,""x_mg"":172,""y_mg"":-180,""z_mg"":956}"
3.312,left_hand,og,tilt,,"{""deg"":-9.7,""steady"":true}"
3.343,left_hand,og,acc,363223,"{""seq"":159,""x_mg"":172,""y_mg"":-176,""z_mg"":968}"
3.343,left_hand,og,tilt,,"{""deg"":-9.7,""steady"":true}"
3.343,left_hand,og,acc,363243,"{""seq"":160,""x_mg"":176,""y_mg"":-180,""z_mg"":968}"
3.343,left_hand,og,tilt,,"{""deg"":-9.8,""steady"":true}"
3.375,left_hand,og,acc,363264,"{""seq"":161,""x_mg"":184,""y_mg"":-188,""z_mg"":972}"
3.375,left_hand,og,tilt,,"{""deg"":-9.8,""steady"":true}"
3.406,left_hand,og,acc,363284,"{""seq"":162,""x_mg"":172,""y_mg"":-196,""z_mg"":968}"
3.406,left_hand,og,tilt,,"{""deg"":-9.9,""steady"":true}"
3.406,left_hand,og,acc,363305,"{""seq"":163,""x_mg"":160,""y_mg"":-180,""z_mg"":968}"
3.406,left_hand,og,tilt,,"{""deg"":-10.0,""steady"":true}"
3.437,left_hand,og,acc,363326,"{""seq"":164,""x_mg"":172,""y_mg"":-180,""z_mg"":952}"
3.437,left_hand,og,tilt,,"{""deg"":-10.0,""steady"":true}"
3.468,left_hand,og,acc,363346,"{""seq"":165,""x_mg"":168,""y_mg"":-192,""z_mg"":960}"
3.468,left_hand,og,tilt,,"{""deg"":-10.1,""steady"":true}"
3.468,left_hand,og,acc,363367,"{""seq"":166,""x_mg"":168,""y_mg"":-192,""z_mg"":968}"
3.468,left_hand,og,tilt,,"{""deg"":-10.2,""steady"":true}"
3.500,left_hand,og,acc,363387,"{""seq"":167,""x_mg"":176,""y_mg"":-196,""z_mg"":964}"
3.500,left_hand,og,tilt,,"{""deg"":-10.3,""steady"":true}"
3.531,left_hand,og,acc,363408,"{""seq"":168,""x_mg"":184,""y_mg"":-196,""z_mg"":952}"
3.531,left_hand,og,tilt,,"{""deg"":-10.4,""steady"":true}"
3.531,left_hand,og,acc,363428,"{""seq"":169,""x_mg"":176,""y_mg"":-196,""z_mg"":964}"
3.531,left_hand,og,tilt,,"{""deg"":-10.5,""steady"":true}"
3.562,left_hand,og,acc,363449,"{""seq"":170,""x_mg"":168,""y_mg"":-188,""z_mg"":972}"
3.562,left_hand,og,tilt,,"{""deg"":-10.6,""steady"":true}"
3.578,left_hand,og,acc,363469,"{""seq"":171,""x_mg"":164,""y_mg"":-192,""z_mg"":964}"
3.578,left_hand,og,tilt,,"{""deg"":-10.7,""steady"":true}"
3.609,left_hand,og,acc,363490,"{""seq"":172,""x_mg"":172,""y_mg"":-196,""z_mg"":960}"
3.609,left_hand,og,tilt,,"{""deg"":-10.7,""steady"":true}"
3.609,left_hand,og,acc,363511,"{""seq"":173,""x_mg"":164,""y_mg"":-196,""z_mg"":960}"
3.609,left_hand,og,tilt,,"{""deg"":-10.8,""steady"":true}"
3.656,left_hand,og,acc,363531,"{""seq"":174,""x_mg"":168,""y_mg"":-180,""z_mg"":960}"
3.656,left_hand,og,tilt,,"{""deg"":-10.8,""steady"":true}"
3.687,left_hand,og,acc,363552,"{""seq"":175,""x_mg"":168,""y_mg"":-188,""z_mg"":968}"
3.687,left_hand,og,tilt,,"{""deg"":-10.9,""steady"":true}"
3.687,left_hand,og,acc,363572,"{""seq"":176,""x_mg"":180,""y_mg"":-224,""z_mg"":968}"
3.687,left_hand,og,tilt,,"{""deg"":-10.9,""steady"":true}"
3.718,left_hand,og,acc,363593,"{""seq"":177,""x_mg"":188,""y_mg"":-252,""z_mg"":960}"
3.718,left_hand,og,tilt,,"{""deg"":-11.0,""steady"":true}"
3.750,left_hand,og,acc,363613,"{""seq"":178,""x_mg"":172,""y_mg"":-188,""z_mg"":956}"
3.750,left_hand,og,tilt,,"{""deg"":-11.0,""steady"":true}"
3.750,left_hand,og,acc,363634,"{""seq"":179,""x_mg"":176,""y_mg"":-184,""z_mg"":1004}"
3.750,left_hand,og,tilt,,"{""deg"":-10.9,""steady"":true}"
3.765,left_hand,og,acc,363655,"{""seq"":180,""x_mg"":188,""y_mg"":-232,""z_mg"":924}"
3.765,left_hand,og,tilt,,"{""deg"":-11.2,""steady"":true}"
3.796,left_hand,og,acc,363675,"{""seq"":181,""x_mg"":172,""y_mg"":-80,""z_mg"":908}"
3.796,left_hand,og,tilt,,"{""deg"":-11.1,""steady"":true}"
3.828,left_hand,og,acc,363696,"{""seq"":182,""x_mg"":156,""y_mg"":172,""z_mg"":900}"
3.828,left_hand,og,tilt,,"{""deg"":-11.0,""steady"":true}"
3.828,left_hand,og,acc,363716,"{""seq"":183,""x_mg"":144,""y_mg"":384,""z_mg"":904}"
3.828,left_hand,og,tilt,,"{""deg"":-10.3,""steady"":true}"
3.859,left_hand,og,acc,363737,"{""seq"":184,""x_mg"":120,""y_mg"":436,""z_mg"":916}"
3.859,left_hand,og,tilt,,"{""deg"":-7.7,""steady"":true}"
3.890,left_hand,og,acc,363757,"{""seq"":185,""x_mg"":148,""y_mg"":284,""z_mg"":872}"
3.890,left_hand,og,tilt,,"{""deg"":-4.6,""steady"":true}"
3.890,left_hand,og,acc,363778,"{""seq"":186,""x_mg"":152,""y_mg"":224,""z_mg"":852}"
3.890,left_hand,og,tilt,,"{""deg"":-1.9,""steady"":true}"
3.921,left_hand,og,acc,363799,"{""seq"":187,""x_mg"":136,""y_mg"":432,""z_mg"":852}"
3.921,left_hand,og,tilt,,"{""deg"":1.2,""steady"":true}"
3.953,left_hand,og,acc,363819,"{""seq"":188,""x_mg"":112,""y_mg"":624,""z_mg"":872}"
3.953,left_hand,og,tilt,,"{""deg"":4.1,""steady"":true}"
3.953,left_hand,og,acc,363840,"{""seq"":189,""x_mg"":92,""y_mg"":648,""z_mg"":884}"
3.953,left_hand,og,tilt,,"{""deg"":6.9,""steady"":true}"
3.968,left_hand,og,acc,363860,"{""seq"":190,""x_mg"":140,""y_mg"":400,""z_mg"":884}"
3.968,left_hand,og,tilt,,"{""deg"":9.3,""steady"":true}"
4.000,left_hand,og,acc,363881,"{""seq"":191,""x_mg"":140,""y_mg"":340,""z_mg"":880}"
4.000,left_hand,og,tilt,,"{""deg"":11.4,""steady"":true}"
4.031,left_hand,og,acc,363901,"{""seq"":192,""x_mg"":120,""y_mg"":416,""z_mg"":888}"
4.031,left_hand,og,tilt,,"{""deg"":13.1,""steady"":true}"
4.031,left_hand,og,acc,363922,"{""seq"":193,""x_mg"":116,""y_mg"":484,""z_mg"":884}"
4.031,left_hand,og,tilt,,"{""deg"":14.6,""steady"":true}"
4.062,left_hand,og,acc,363943,"{""seq"":194,""x_mg"":124,""y_mg"":404,""z_mg"":888}"
4.062,left_hand,og,tilt,,"{""deg"":15.8,""steady"":true}"
4.093,left_hand,og,acc,363963,"{""seq"":195,""x_mg"":140,""y_mg"":364,""z_mg"":868}"
4.093,left_hand,og,tilt,,"{""deg"":16.9,""steady"":true}"
4.093,left_hand,og,acc,363984,"{""seq"":196,""x_mg"":136,""y_mg"":436,""z_mg"":872}"
4.093,left_hand,og,tilt,,"{""deg"":17.9,""steady"":true}"
4.125,left_hand,og,acc,364004,"{""seq"":197,""x_mg"":128,""y_mg"":504,""z_mg"":856}"
4.125,left_hand,og,tilt,,"{""deg"":18.9,""steady"":true}"
4.156,left_hand,og,acc,364025,"{""seq"":198,""x_mg"":116,""y_mg"":480,""z_mg"":848}"
4.156,left_hand,og,tilt,,"{""deg"":19.9,""steady"":true}"
4.156,left_hand,og,acc,364045,"{""seq"":199,""x_mg"":132,""y_mg"":472,""z_mg"":844}"
4.156,left_hand,og,tilt,,"{""deg"":21.0,""steady"":true}"
4.171,left_hand,og,acc,364066,"{""seq"":200,""x_mg"":120,""y_mg"":508,""z_mg"":852}"
4.171,left_hand,og,tilt,,"{""deg"":22.1,""steady"":true}"
4.203,left_hand,og,acc,364087,"{""seq"":201,""x_mg"":116,""y_mg"":512,""z_mg"":848}"
4.203,left_hand,og,tilt,,"{""deg"":23.1,""steady"":true}"
4.234,left_hand,og,acc,364107,"{""seq"":202,""x_mg"":116,""y_mg"":528,""z_mg"":852}"
4.234,left_hand,og,tilt,,"{""deg"":24.1,""steady"":true}"
4.234,left_hand,og,acc,364128,"{""seq"":203,""x_mg"":120,""y_mg"":524,""z_mg"":856}"
4.234,left_hand,og,tilt,,"{""deg"":24.9,""steady"":true}"
4.265,left_hand,og,acc,364148,"{""seq"":204,""x_mg"":112,""y_mg"":480,""z_mg"":880}"
4.265,left_hand,og,tilt,,"{""deg"":25.7,""steady"":true}"
4.296,left_hand,og,acc,364169,"{""seq"":205,""x_mg"":140,""y_mg"":376,""z_mg"":896}"
4.296,left_hand,og,tilt,,"{""deg"":26.4,""steady"":true}"
4.296,left_hand,og,acc,364189,"{""seq"":206,""x_mg"":140,""y_mg"":292,""z_mg"":900}"
4.296,left_hand,og,tilt,,"{""deg"":26.7,""steady"":true}"
4.328,left_hand,og,acc,364210,"{""seq"":207,""x_mg"":156,""y_mg"":244,""z_mg"":916}"
4.328,left_hand,og,tilt,,"{""deg"":26.2,""steady"":true}"
4.359,left_hand,og,acc,364230,"{""seq"":208,""x_mg"":152,""y_mg"":184,""z_mg"":960}"
4.359,left_hand,og,tilt,,"{""deg"":25.3,""steady"":true}"
4.359,left_hand,og,acc,364251,"{""seq"":209,""x_mg"":140,""y_mg"":132,""z_mg"":908}"
4.359,left_hand,og,tilt,,"{""deg"":24.1,""steady"":true}"
4.375,left_hand,og,acc,364272,"{""seq"":210,""x_mg"":148,""y_mg"":-16,""z_mg"":944}"
4.375,left_hand,og,tilt,,"{""deg"":22.5,""steady"":true}"
4.406,left_hand,og,acc,364292,"{""seq"":211,""x_mg"":196,""y_mg"":-224,""z_mg"":884}"
4.406,left_hand,og,tilt,,"{""deg"":20.8,""steady"":true}"
4.437,left_hand,og,acc,364313,"{""seq"":212,""x_mg"":172,""y_mg"":-320,""z_mg"":992}"
4.437,left_hand,og,tilt,,"{""deg"":18.2,""steady"":true}"
4.437,left_hand,og,acc,364333,"{""seq"":213,""x_mg"":156,""y_mg"":-152,""z_mg"":980}"
4.437,left_hand,og,tilt,,"{""deg"":15.0,""steady"":true}"
4.468,left_hand,og,acc,364354,"{""seq"":214,""x_mg"":160,""y_mg"":-140,""z_mg"":972}"
4.468,left_hand,og,tilt,,"{""deg"":12.2,""steady"":true}"
4.500,left_hand,og,acc,364374,"{""seq"":215,""x_mg"":184,""y_mg"":-316,""z_mg"":940}"
4.500,left_hand,og,tilt,,"{""deg"":9.0,""steady"":true}"
4.500,left_hand,og,acc,364395,"{""seq"":216,""x_mg"":180,""y_mg"":-516,""z_mg"":900}"
4.500,left_hand,og,tilt,,"{""deg"":5.8,""steady"":true}"
4.531,left_hand,og,acc,364416,"{""seq"":217,""x_mg"":168,""y_mg"":-464,""z_mg"":912}"
4.531,left_hand,og,tilt,,"{""deg"":2.9,""steady"":true}"
4.562,left_hand,og,acc,364436,"{""seq"":218,""x_mg"":160,""y_mg"":-256,""z_mg"":924}"
4.562,left_hand,og,tilt,,"{""deg"":0.4,""steady"":true}"
4.562,left_hand,og,acc,364457,"{""seq"":219,""x_mg"":176,""y_mg"":-236,""z_mg"":888}"
4.562,left_hand,og,tilt,,"{""deg"":-1.9,""steady"":true}"
4.578,left_hand,og,acc,364477,"{""seq"":220,""x_mg"":196,""y_mg"":-412,""z_mg"":848}"
4.578,left_hand,og,tilt,,"{""deg"":-4.7,""steady"":true}"
4.609,left_hand,og,acc,364498,"{""seq"":221,""x_mg"":196,""y_mg"":-536,""z_mg"":856}"
4.609,left_hand,og,tilt,,"{""deg"":-7.2,""steady"":true}"
4.640,left_hand,og,acc,364518,"{""seq"":222,""x_mg"":184,""y_mg"":-532,""z_mg"":852}"
4.640,left_hand,og,tilt,,"{""deg"":-9.5,""steady"":true}"
4.640,left_hand,og,acc,364539,"{""seq"":223,""x_mg"":188,""y_mg"":-492,""z_mg"":852}"
4.640,left_hand,og,tilt,,"{""deg"":-11.9,""steady"":true}"
4.671,left_hand,og,acc,364560,"{""seq"":224,""x_mg"":176,""y_mg"":-476,""z_mg"":844}"
4.671,left_hand,og,tilt,,"{""deg"":-14.0,""steady"":true}"
4.703,left_hand,og,acc,364580,"{""seq"":225,""x_mg"":176,""y_mg"":-432,""z_mg"":872}"
4.703,left_hand,og,tilt,,"{""deg"":-15.9,""steady"":true}"
4.703,left_hand,og,acc,364601,"{""seq"":226,""x_mg"":164,""y_mg"":-440,""z_mg"":880}"
4.703,left_hand,og,tilt,,"{""deg"":-17.5,""steady"":true}"
4.734,left_hand,og,acc,364621,"{""seq"":227,""x_mg"":168,""y_mg"":-528,""z_mg"":864}"
4.734,left_hand,og,tilt,,"{""deg"":-18.9,""steady"":true}"
4.765,left_hand,og,acc,364642,"{""seq"":228,""x_mg"":168,""y_mg"":-572,""z_mg"":852}"
4.765,left_hand,og,tilt,,"{""deg"":-20.2,""steady"":true}"
4.765,left_hand,og,acc,364662,"{""seq"":229,""x_mg"":164,""y_mg"":-536,""z_mg"":856}"
4.765,left_hand,og,tilt,,"{""deg"":-21.5,""steady"":true}"
4.781,left_hand,og,acc,364683,"{""seq"":230,""x_mg"":160,""y_mg"":-504,""z_mg"":872}"
4.781,left_hand,og,tilt,,"{""deg"":-22.6,""steady"":true}"
4.812,left_hand,og,acc,364704,"{""seq"":231,""x_mg"":172,""y_mg"":-488,""z_mg"":872}"
4.812,left_hand,og,tilt,,"{""deg"":-23.7,""steady"":true}"
4.843,left_hand,og,acc,364724,"{""seq"":232,""x_mg"":168,""y_mg"":-480,""z_mg"":872}"
4.843,left_hand,og,tilt,,"{""deg"":-24.4,""steady"":true}"
4.843,left_hand,og,acc,364745,"{""seq"":233,""x_mg"":164,""y_mg"":-472,""z_mg"":884}"
4.843,left_hand,og,tilt,,"{""deg"":-25.0,""steady"":true}"
4.875,left_hand,og,acc,364765,"{""seq"":234,""x_mg"":168,""y_mg"":-452,""z_mg"":884}"
4.875,left_hand,og,tilt,,"{""deg"":-25.4,""steady"":true}"
4.921,left_hand,og,acc,364786,"{""seq"":235,""x_mg"":168,""y_mg"":-488,""z_mg"":880}"
4.921,left_hand,og,tilt,,"{""deg"":-25.8,""steady"":true}"
4.921,left_hand,og,acc,364806,"{""seq"":236,""x_mg"":184,""y_mg"":-496,""z_mg"":860}"
4.921,left_hand,og,tilt,,"{""deg"":-26.1,""steady"":true}"
4.953,left_hand,og,acc,364827,"{""seq"":237,""x_mg"":176,""y_mg"":-480,""z_mg"":880}"
4.953,left_hand,og,tilt,,"{""deg"":-26.4,""steady"":true}"
4.984,left_hand,og,acc,364848,"{""seq"":238,""x_mg"":172,""y_mg"":-452,""z_mg"":872}"
4.984,left_hand,og,tilt,,"{""deg"":-26.6,""steady"":true}"
4.984,left_hand,og,acc,364868,"{""seq"":239,""x_mg"":172,""y_mg"":-400,""z_mg"":900}"
4.984,left_hand,og,tilt,,"{""deg"":-26.8,""steady"":true}"
5.000,left_hand,og,acc,364889,"{""seq"":240,""x_mg"":164,""y_mg"":-276,""z_mg"":932}"
5.000,left_hand,og,tilt,,"{""deg"":-26.9,""steady"":true}"
5.031,left_hand,og,acc,364909,"{""seq"":241,""x_mg"":168,""y_mg"":-216,""z_mg"":944}"
5.031,left_hand,og,tilt,,"{""deg"":-26.5,""steady"":true}"
5.046,left_hand,og,acc,364930,"{""seq"":242,""x_mg"":184,""y_mg"":-252,""z_mg"":940}"
5.046,left_hand,og,tilt,,"{""deg"":-25.3,""steady"":true}"
5.078,left_hand,og,acc,364950,"{""seq"":243,""x_mg"":176,""y_mg"":-320,""z_mg"":936}"
5.078,left_hand,og,tilt,,"{""deg"":-24.2,""steady"":true}"
5.109,left_hand,og,acc,364971,"{""seq"":244,""x_mg"":156,""y_mg"":-272,""z_mg"":968}"
5.109,left_hand,og,tilt,,"{""deg"":-23.1,""steady"":true}"
5.109,left_hand,og,acc,364991,"{""seq"":245,""x_mg"":156,""y_mg"":-132,""z_mg"":992}"
5.109,left_hand,og,tilt,,"{""deg"":-22.1,""steady"":true}"
5.140,left_hand,og,acc,365012,"{""seq"":246,""x_mg"":140,""y_mg"":-36,""z_mg"":988}"
5.140,left_hand,og,tilt,,"{""deg"":-21.3,""steady"":true}"
5.140,left_hand,og,acc,365033,"{""seq"":247,""x_mg"":144,""y_mg"":-96,""z_mg"":992}"
5.140,left_hand,og,tilt,,"{""deg"":-19.6,""steady"":true}"
5.171,left_hand,og,acc,365053,"{""seq"":248,""x_mg"":160,""y_mg"":-220,""z_mg"":964}"
5.171,left_hand,og,tilt,,"{""deg"":-18.1,""steady"":true}"
5.203,left_hand,og,acc,365074,"{""seq"":249,""x_mg"":172,""y_mg"":-296,""z_mg"":972}"
5.203,left_hand,og,tilt,,"{""deg"":-16.8,""steady"":true}"
5.203,left_hand,og,acc,365094,"{""seq"":250,""x_mg"":188,""y_mg"":-308,""z_mg"":976}"
5.203,left_hand,og,tilt,,"{""deg"":-16.3,""steady"":true}"
5.234,left_hand,og,acc,365115,"{""seq"":251,""x_mg"":188,""y_mg"":-292,""z_mg"":976}"
5.234,left_hand,og,tilt,,"{""deg"":-16.3,""steady"":true}"
5.265,left_hand,og,acc,365135,"{""seq"":252,""x_mg"":172,""y_mg"":-212,""z_mg"":952}"
5.265,left_hand,og,tilt,,"{""deg"":-16.3,""steady"":true}"
5.265,left_hand,og,acc,365156,"{""seq"":253,""x_mg"":152,""y_mg"":-24,""z_mg"":968}"
5.265,left_hand,og,tilt,,"{""deg"":-16.4,""steady"":true}"
5.296,left_hand,og,acc,365177,"{""seq"":254,""x_mg"":164,""y_mg"":24,""z_mg"":984}"
5.296,left_hand,og,tilt,,"{""deg"":-15.9,""steady"":true}"
5.328,left_hand,og,acc,365197,"{""seq"":255,""x_mg"":172,""y_mg"":-116,""z_mg"":968}"
5.328,left_hand,og,tilt,,"{""deg"":-14.8,""steady"":true}"
5.328,left_hand,og,acc,365218,"{""seq"":256,""x_mg"":160,""y_mg"":-108,""z_mg"":912}"
5.328,left_hand,og,tilt,,"{""deg"":-13.8,""steady"":true}"
5.359,left_hand,og,acc,365238,"{""seq"":257,""x_mg"":152,""y_mg"":136,""z_mg"":924}"
5.359,left_hand,og,tilt,,"{""deg"":-12.3,""steady"":true}"
5.359,left_hand,og,acc,365259,"{""seq"":258,""x_mg"":132,""y_mg"":448,""z_mg"":956}"
5.359,left_hand,og,tilt,,"{""deg"":-10.6,""steady"":true}"
5.390,left_hand,og,acc,365279,"{""seq"":259,""x_mg"":132,""y_mg"":368,""z_mg"":960}"
5.390,left_hand,og,tilt,,"{""deg"":-8.3,""steady"":true}"
5.406,left_hand,og,acc,365300,"{""seq"":260,""x_mg"":164,""y_mg"":108,""z_mg"":952}"
5.406,left_hand,og,tilt,,"{""deg"":-6.3,""steady"":true}"
5.437,left_hand,og,acc,365321,"{""seq"":261,""x_mg"":176,""y_mg"":16,""z_mg"":912}"
5.437,left_hand,og,tilt,,"{""deg"":-4.5,""steady"":true}"
5.468,left_hand,og,acc,365341,"{""seq"":262,""x_mg"":140,""y_mg"":224,""z_mg"":924}"
5.468,left_hand,og,tilt,,"{""deg"":-2.3,""steady"":true}"
5.468,left_hand,og,acc,365362,"{""seq"":263,""x_mg"":120,""y_mg"":496,""z_mg"":940}"
5.468,left_hand,og,tilt,,"{""deg"":-0.3,""steady"":true}"
5.515,left_hand,og,acc,365382,"{""seq"":264,""x_mg"":112,""y_mg"":576,""z_mg"":900}"
5.515,left_hand,og,tilt,,"{""deg"":1.4,""steady"":true}"
5.515,left_hand,og,acc,365403,"{""seq"":265,""x_mg"":128,""y_mg"":412,""z_mg"":924}"
5.515,left_hand,og,tilt,,"{""deg"":4.1,""steady"":true}"
5.546,left_hand,og,acc,365423,"{""seq"":266,""x_mg"":152,""y_mg"":236,""z_mg"":912}"
5.546,left_hand,og,tilt,,"{""deg"":6.5,""steady"":true}"
5.578,left_hand,og,acc,365444,"{""seq"":267,""x_mg"":152,""y_mg"":224,""z_mg"":920}"
5.578,left_hand,og,tilt,,"{""deg"":8.7,""steady"":true}"
5.578,left_hand,og,acc,365465,"{""seq"":268,""x_mg"":124,""y_mg"":376,""z_mg"":916}"
5.578,left_hand,og,tilt,,"{""deg"":10.3,""steady"":true}"
5.609,left_hand,og,acc,365485,"{""seq"":269,""x_mg"":112,""y_mg"":488,""z_mg"":908}"
5.609,left_hand,og,tilt,,"{""deg"":11.8,""steady"":true}"
5.625,left_hand,og,acc,365506,"{""seq"":270,""x_mg"":132,""y_mg"":396,""z_mg"":916}"
5.625,left_hand,og,tilt,,"{""deg"":13.1,""steady"":true}"
5.625,left_hand,og,acc,365526,"{""seq"":271,""x_mg"":156,""y_mg"":240,""z_mg"":924}"
5.625,left_hand,og,tilt,,"{""deg"":14.2,""steady"":true}"
5.656,left_hand,og,acc,365547,"{""seq"":272,""x_mg"":152,""y_mg"":184,""z_mg"":908}"
5.656,left_hand,og,tilt,,"{""deg"":15.2,""steady"":true}"
5.687,left_hand,og,acc,365567,"{""seq"":273,""x_mg"":140,""y_mg"":316,""z_mg"":920}"
5.687,left_hand,og,tilt,,"{""deg"":15.7,""steady"":true}"
5.718,left_hand,og,acc,365588,"{""seq"":274,""x_mg"":120,""y_mg"":460,""z_mg"":908}"
5.718,left_hand,og,tilt,,"{""deg"":16.1,""steady"":true}"
5.718,left_hand,og,acc,365609,"{""seq"":275,""x_mg"":116,""y_mg"":468,""z_mg"":908}"
5.718,left_hand,og,tilt,,"{""deg"":16.5,""steady"":true}"
5.750,left_hand,og,acc,365629,"{""seq"":276,""x_mg"":120,""y_mg"":388,""z_mg"":900}"
5.750,left_hand,og,tilt,,"{""deg"":17.3,""steady"":true}"
5.781,left_hand,og,acc,365650,"{""seq"":277,""x_mg"":140,""y_mg"":280,""z_mg"":916}"
5.781,left_hand,og,tilt,,"{""deg"":18.1,""steady"":true}"
5.781,left_hand,og,acc,365670,"{""seq"":278,""x_mg"":144,""y_mg"":236,""z_mg"":908}"
5.781,left_hand,og,tilt,,"{""deg"":18.7,""steady"":true}"
5.812,left_hand,og,acc,365691,"{""seq"":279,""x_mg"":144,""y_mg"":316,""z_mg"":904}"
5.812,left_hand,og,tilt,,"{""deg"":18.8,""steady"":true}"
5.828,left_hand,og,acc,365711,"{""seq"":280,""x_mg"":136,""y_mg"":428,""z_mg"":908}"
5.828,left_hand,og,tilt,,"{""deg"":18.9,""steady"":true}"
5.828,left_hand,og,acc,365732,"{""seq"":281,""x_mg"":136,""y_mg"":392,""z_mg"":908}"
5.828,left_hand,og,tilt,,"{""deg"":19.0,""steady"":true}"
5.859,left_hand,og,acc,365753,"{""seq"":282,""x_mg"":128,""y_mg"":376,""z_mg"":896}"
5.859,left_hand,og,tilt,,"{""deg"":19.5,""steady"":true}"
5.890,left_hand,og,acc,365773,"{""seq"":283,""x_mg"":120,""y_mg"":368,""z_mg"":912}"
5.890,left_hand,og,tilt,,"{""deg"":19.9,""steady"":true}"
5.921,left_hand,og,acc,365794,"{""seq"":284,""x_mg"":140,""y_mg"":316,""z_mg"":924}"
5.921,left_hand,og,tilt,,"{""deg"":20.3,""steady"":true}"
5.921,left_hand,og,acc,365814,"{""seq"":285,""x_mg"":152,""y_mg"":236,""z_mg"":932}"
5.921,left_hand,og,tilt,,"{""deg"":20.5,""steady"":true}"
5.953,left_hand,og,acc,365835,"{""seq"":286,""x_mg"":160,""y_mg"":192,""z_mg"":940}"
5.953,left_hand,og,tilt,,"{""deg"":20.3,""steady"":true}"
5.984,left_hand,og,acc,365855,"{""seq"":287,""x_mg"":152,""y_mg"":216,""z_mg"":952}"
5.984,left_hand,og,tilt,,"{""deg"":19.6,""steady"":true}"
5.984,left_hand,og,acc,365876,"{""seq"":288,""x_mg"":136,""y_mg"":252,""z_mg"":952}"
5.984,left_hand,og,tilt,,"{""deg"":19.0,""steady"":true}"
6.015,left_hand,og,acc,365896,"{""seq"":289,""x_mg"":136,""y_mg"":216,""z_mg"":964}"
6.015,left_hand,og,tilt,,"{""deg"":18.3,""steady"":true}"
6.046,left_hand,og,acc,365917,"{""seq"":290,""x_mg"":140,""y_mg"":140,""z_mg"":960}"
6.046,left_hand,og,tilt,,"{""deg"":17.6,""steady"":true}"
6.046,left_hand,og,acc,365938,"{""seq"":291,""x_mg"":136,""y_mg"":72,""z_mg"":992}"
6.046,left_hand,og,tilt,,"{""deg"":17.1,""steady"":true}"
6.078,left_hand,og,acc,365958,"{""seq"":292,""x_mg"":140,""y_mg"":92,""z_mg"":980}"
6.078,left_hand,og,tilt,,"{""deg"":16.0,""steady"":true}"
6.078,left_hand,og,acc,365979,"{""seq"":293,""x_mg"":152,""y_mg"":108,""z_mg"":976}"
6.078,left_hand,og,tilt,,"{""deg"":14.9,""steady"":true}"
6.109,left_hand,og,acc,365999,"{""seq"":294,""x_mg"":144,""y_mg"":80,""z_mg"":976}"
6.109,left_hand,og,tilt,,"{""deg"":13.8,""steady"":true}"
6.140,left_hand,og,acc,366020,"{""seq"":295,""x_mg"":148,""y_mg"":48,""z_mg"":976}"
6.140,left_hand,og,tilt,,"{""deg"":12.7,""steady"":true}"
6.140,left_hand,og,acc,366040,"{""seq"":296,""x_mg"":144,""y_mg"":8,""z_mg"":988}"
6.140,left_hand,og,tilt,,"{""deg"":11.8,""steady"":true}"
6.171,left_hand,og,acc,366061,"{""seq"":297,""x_mg"":140,""y_mg"":-16,""z_mg"":992}"
6.171,left_hand,og,tilt,,"{""deg"":10.7,""steady"":true}"
6.203,left_hand,og,acc,366082,"{""seq"":298,""x_mg"":148,""y_mg"":-28,""z_mg"":984}"
6.203,left_hand,og,tilt,,"{""deg"":9.5,""steady"":true}"
6.203,left_hand,og,acc,366102,"{""seq"":299,""x_mg"":152,""y_mg"":-32,""z_mg"":988}"
6.203,left_hand,og,tilt,,"{""deg"":8.3,""steady"":true}"
6.234,left_hand,og,acc,366123,"{""seq"":300,""x_mg"":152,""y_mg"":-20,""z_mg"":988}"
6.234,left_hand,og,tilt,,"{""deg"":7.2,""steady"":true}"
6.281,left_hand,og,acc,366143,"{""seq"":301,""x_mg"":156,""y_mg"":-16,""z_mg"":984}"
6.281,left_hand,og,tilt,,"{""deg"":6.2,""steady"":true}"
6.281,left_hand,og,acc,366164,"{""seq"":302,""x_mg"":144,""y_mg"":12,""z_mg"":984}"
6.281,left_hand,og,tilt,,"{""deg"":5.4,""steady"":true}"
6.312,left_hand,og,acc,366184,"{""seq"":303,""x_mg"":144,""y_mg"":8,""z_mg"":988}"
6.312,left_hand,og,tilt,,"{""deg"":4.6,""steady"":true}"
6.343,left_hand,og,acc,366205,"{""seq"":304,""x_mg"":152,""y_mg"":-32,""z_mg"":996}"
6.343,left_hand,og,tilt,,"{""deg"":4.0,""steady"":true}"
6.343,left_hand,og,acc,366226,"{""seq"":305,""x_mg"":140,""y_mg"":-20,""z_mg"":976}"
6.343,left_hand,og,tilt,,"{""deg"":3.4,""steady"":true}"
6.375,left_hand,og,acc,366246,"{""seq"":306,""x_mg"":132,""y_mg"":-28,""z_mg"":988}"
6.375,left_hand,og,tilt,,"{""deg"":2.9,""steady"":true}"
6.375,left_hand,og,acc,366267,"{""seq"":307,""x_mg"":144,""y_mg"":-116,""z_mg"":992}"
6.375,left_hand,og,tilt,,"{""deg"":2.4,""steady"":true}"
6.406,left_hand,og,acc,366287,"{""seq"":308,""x_mg"":152,""y_mg"":-180,""z_mg"":980}"
6.406,left_hand,og,tilt,,"{""deg"":1.9,""steady"":true}"
6.437,left_hand,og,acc,366308,"{""seq"":309,""x_mg"":148,""y_mg"":-188,""z_mg"":980}"
6.437,left_hand,og,tilt,,"{""deg"":0.9,""steady"":true}"
6.437,left_hand,og,acc,366328,"{""seq"":310,""x_mg"":140,""y_mg"":-152,""z_mg"":976}"
6.437,left_hand,og,tilt,,"{""deg"":-0.2,""steady"":true}"
6.453,left_hand,og,acc,366349,"{""seq"":311,""x_mg"":152,""y_mg"":-112,""z_mg"":984}"
6.453,left_hand,og,tilt,,"{""deg"":-1.2,""steady"":true}"
6.484,left_hand,og,acc,366370,"{""seq"":312,""x_mg"":152,""y_mg"":-112,""z_mg"":968}"
6.484,left_hand,og,tilt,,"{""deg"":-2.1,""steady"":true}"
6.515,left_hand,og,acc,366390,"{""seq"":313,""x_mg"":144,""y_mg"":-148,""z_mg"":960}"
6.515,left_hand,og,tilt,,"{""deg"":-2.9,""steady"":true}"
6.515,left_hand,og,acc,366411,"{""seq"":314,""x_mg"":152,""y_mg"":-160,""z_mg"":960}"
6.515,left_hand,og,tilt,,"{""deg"":-3.6,""steady"":true}"
6.531,left_hand,og,acc,366431,"{""seq"":315,""x_mg"":148,""y_mg"":-164,""z_mg"":972}"
6.531,left_hand,og,tilt,,"{""deg"":-4.2,""steady"":true}"
6.562,left_hand,og,acc,366452,"{""seq"":316,""x_mg"":140,""y_mg"":-148,""z_mg"":976}"
6.562,left_hand,og,tilt,,"{""deg"":-4.7,""steady"":true}"
6.593,left_hand,og,acc,366472,"{""seq"":317,""x_mg"":148,""y_mg"":-152,""z_mg"":968}"
6.593,left_hand,og,tilt,,"{""deg"":-5.2,""steady"":true}"
6.625,left_hand,og,acc,366493,"{""seq"":318,""x_mg"":148,""y_mg"":-148,""z_mg"":976}"
6.625,left_hand,og,tilt,,"{""deg"":-5.6,""steady"":true}"
6.625,left_hand,og,acc,366514,"{""seq"":319,""x_mg"":152,""y_mg"":-156,""z_mg"":976}"
6.625,left_hand,og,tilt,,"{""deg"":-6.0,""steady"":true}"
6.656,left_hand,og,acc,366534,"{""seq"":320,""x_mg"":152,""y_mg"":-164,""z_mg"":976}"
6.656,left_hand,og,tilt,,"{""deg"":-6.3,""steady"":true}"
6.656,left_hand,og,acc,366555,"{""seq"":321,""x_mg"":148,""y_mg"":-156,""z_mg"":980}"
6.656,left_hand,og,tilt,,"{""deg"":-6.6,""steady"":true}"
6.687,left_hand,og,acc,366575,"{""seq"":322,""x_mg"":140,""y_mg"":-148,""z_mg"":968}"
6.687,left_hand,og,tilt,,"{""deg"":-6.9,""steady"":true}"
6.718,left_hand,og,acc,366596,"{""seq"":323,""x_mg"":148,""y_mg"":-148,""z_mg"":972}"
6.718,left_hand,og,tilt,,"{""deg"":-7.1,""steady"":true}"
6.718,left_hand,og,acc,366616,"{""seq"":324,""x_mg"":144,""y_mg"":-160,""z_mg"":972}"
6.718,left_hand,og,tilt,,"{""deg"":-7.3,""steady"":true}"
6.750,left_hand,og,acc,366637,"{""seq"":325,""x_mg"":144,""y_mg"":-156,""z_mg"":980}"
6.750,left_hand,og,tilt,,"{""deg"":-7.5,""steady"":true}"
6.781,left_hand,og,acc,366658,"{""seq"":326,""x_mg"":144,""y_mg"":-140,""z_mg"":976}"
6.781,left_hand,og,tilt,,"{""deg"":-7.6,""steady"":true}"
6.781,left_hand,og,acc,366678,"{""seq"":327,""x_mg"":148,""y_mg"":-148,""z_mg"":972}"
6.781,left_hand,og,tilt,,"{""deg"":-7.7,""steady"":true}"
6.828,left_hand,og,acc,366699,"{""seq"":328,""x_mg"":148,""y_mg"":-140,""z_mg"":960}"
6.828,left_hand,og,tilt,,"{""deg"":-7.8,""steady"":true}"
6.859,left_hand,og,acc,366719,"{""seq"":329,""x_mg"":156,""y_mg"":-140,""z_mg"":972}"
6.859,left_hand,og,tilt,,"{""deg"":-7.8,""steady"":true}"
6.859,left_hand,og,acc,366740,"{""seq"":330,""x_mg"":148,""y_mg"":-140,""z_mg"":972}"
6.859,left_hand,og,tilt,,"{""deg"":-7.8,""steady"":true}"
6.875,left_hand,og,acc,366760,"{""seq"":331,""x_mg"":152,""y_mg"":-140,""z_mg"":964}"
6.875,left_hand,og,tilt,,"{""deg"":-7.9,""steady"":true}"
6.906,left_hand,og,acc,366781,"{""seq"":332,""x_mg"":156,""y_mg"":-136,""z_mg"":976}"
6.906,left_hand,og,tilt,,"{""deg"":-7.9,""steady"":true}"
6.937,left_hand,og,acc,366802,"{""seq"":333,""x_mg"":160,""y_mg"":-144,""z_mg"":968}"
6.937,left_hand,og,tilt,,"{""deg"":-7.9,""steady"":true}"
6.937,left_hand,og,acc,366822,"{""seq"":334,""x_mg"":152,""y_mg"":-148,""z_mg"":972}"
6.937,left_hand,og,tilt,,"{""deg"":-7.9,""steady"":true}"
6.968,left_hand,og,acc,366843,"{""seq"":335,""x_mg"":144,""y_mg"":-148,""z_mg"":984}"
6.968,left_hand,og,tilt,,"{""deg"":-7.9,""steady"":true}"
7.000,left_hand,og,acc,366863,"{""seq"":336,""x_mg"":156,""y_mg"":-184,""z_mg"":1020}"
7.000,left_hand,og,tilt,,"{""deg"":-8.0,""steady"":true}"
7.000,left_hand,og,acc,366884,"{""seq"":337,""x_mg"":128,""y_mg"":-232,""z_mg"":1060}"
7.000,left_hand,og,tilt,,"{""deg"":-8.0,""steady"":true}"
7.031,left_hand,og,acc,366904,"{""seq"":338,""x_mg"":116,""y_mg"":-316,""z_mg"":1152}"
7.031,left_hand,og,tilt,,"{""deg"":-8.3,""steady"":true}"
7.031,left_hand,og,acc,366925,"{""seq"":339,""x_mg"":104,""y_mg"":-392,""z_mg"":1144}"
7.031,left_hand,og,tilt,,"{""deg"":-8.7,""steady"":true}"
7.062,left_hand,og,acc,366945,"{""seq"":340,""x_mg"":116,""y_mg"":-512,""z_mg"":1028}"
7.062,left_hand,og,tilt,,"{""deg"":-9.5,""steady"":true}"
7.078,left_hand,og,acc,366966,"{""seq"":341,""x_mg"":92,""y_mg"":-660,""z_mg"":964}"
7.078,left_hand,og,tilt,,"{""deg"":-10.6,""steady"":true}"
7.109,left_hand,og,acc,366987,"{""seq"":342,""x_mg"":100,""y_mg"":-700,""z_mg"":996}"
7.109,left_hand,og,tilt,,"{""deg"":-12.5,""steady"":true}"
7.140,left_hand,og,acc,367007,"{""seq"":343,""x_mg"":108,""y_mg"":-620,""z_mg"":956}"
7.140,left_hand,og,tilt,,"{""deg"":-14.9,""steady"":true}"
7.140,left_hand,og,acc,367028,"{""seq"":344,""x_mg"":112,""y_mg"":-500,""z_mg"":892}"
7.140,left_hand,og,tilt,,"{""deg"":-17.1,""steady"":true}"
7.171,left_hand,og,acc,367048,"{""seq"":345,""x_mg"":104,""y_mg"":-428,""z_mg"":844}"
7.171,left_hand,og,tilt,,"{""deg"":-18.9,""steady"":true}"
7.171,left_hand,og,acc,367069,"{""seq"":346,""x_mg"":104,""y_mg"":-360,""z_mg"":848}"
7.171,left_hand,og,tilt,,"{""deg"":-20.1,""steady"":true}"
7.203,left_hand,og,acc,367089,"{""seq"":347,""x_mg"":120,""y_mg"":-264,""z_mg"":856}"
7.203,left_hand,og,tilt,,"{""deg"":-20.9,""steady"":true}"
7.234,left_hand,og,acc,367110,"{""seq"":348,""x_mg"":136,""y_mg"":-108,""z_mg"":884}"
7.234,left_hand,og,tilt,,"{""deg"":-21.1,""steady"":true}"
7.234,left_hand,og,acc,367131,"{""seq"":349,""x_mg"":164,""y_mg"":4,""z_mg"":888}"
7.234,left_hand,og,tilt,,"{""deg"":-20.6,""steady"":true}"
7.265,left_hand,og,acc,367151,"{""seq"":350,""x_mg"":208,""y_mg"":68,""z_mg"":884}"
7.265,left_hand,og,tilt,,"{""deg"":-19.0,""steady"":true}"
7.296,left_hand,og,acc,367172,"{""seq"":351,""x_mg"":224,""y_mg"":128,""z_mg"":908}"
7.296,left_hand,og,tilt,,"{""deg"":-16.6,""steady"":true}"
7.296,left_hand,og,acc,367192,"{""seq"":352,""x_mg"":228,""y_mg"":200,""z_mg"":956}"
7.296,left_hand,og,tilt,,"{""deg"":-14.1,""steady"":true}"
7.312,left_hand,og,acc,367213,"{""seq"":353,""x_mg"":252,""y_mg"":288,""z_mg"":968}"
7.312,left_hand,og,tilt,,"{""deg"":-11.4,""steady"":true}"
7.343,left_hand,og,acc,367233,"{""seq"":354,""x_mg"":236,""y_mg"":408,""z_mg"":976}"
7.343,left_hand,og,tilt,,"{""deg"":-8.6,""steady"":true}"
7.375,left_hand,og,acc,367254,"{""seq"":355,""x_mg"":228,""y_mg"":444,""z_mg"":984}"
7.375,left_hand,og,tilt,,"{""deg"":-5.5,""steady"":true}"
7.375,left_hand,og,acc,367275,"{""seq"":356,""x_mg"":256,""y_mg"":432,""z_mg"":980}"
7.375,left_hand,og,tilt,,"{""deg"":-2.1,""steady"":true}"
7.406,left_hand,og,acc,367295,"{""seq"":357,""x_mg"":260,""y_mg"":428,""z_mg"":988}"
7.406,left_hand,og,tilt,,"{""deg"":1.0,""steady"":true}"
7.437,left_hand,og,acc,367316,"{""seq"":358,""x_mg"":252,""y_mg"":448,""z_mg"":984}"
7.437,left_hand,og,tilt,,"{""deg"":3.7,""steady"":true}"
7.437,left_hand,og,acc,367336,"{""seq"":359,""x_mg"":236,""y_mg"":492,""z_mg"":976}"
7.437,left_hand,og,tilt,,"{""deg"":6.2,""steady"":true}"
7.468,left_hand,og,acc,367357,"{""seq"":360,""x_mg"":252,""y_mg"":452,""z_mg"":968}"
7.468,left_hand,og,tilt,,"{""deg"":8.4,""steady"":true}"
7.500,left_hand,og,acc,367377,"{""seq"":361,""x_mg"":232,""y_mg"":388,""z_mg"":960}"
7.500,left_hand,og,tilt,,"{""deg"":10.4,""steady"":true}"
7.500,left_hand,og,acc,367398,"{""seq"":362,""x_mg"":212,""y_mg"":316,""z_mg"":960}"
7.500,left_hand,og,tilt,,"{""deg"":12.1,""steady"":true}"
7.531,left_hand,og,acc,367419,"{""seq"":363,""x_mg"":200,""y_mg"":240,""z_mg"":984}"
7.531,left_hand,og,tilt,,"{""deg"":13.3,""steady"":true}"
7.546,left_hand,og,acc,367439,"{""seq"":364,""x_mg"":160,""y_mg"":160,""z_mg"":936}"
7.546,left_hand,og,tilt,,"{""deg"":13.9,""steady"":true}"
7.578,left_hand,og,acc,367460,"{""seq"":365,""x_mg"":156,""y_mg"":80,""z_mg"":900}"
7.578,left_hand,og,tilt,,"{""deg"":13.9,""steady"":true}"
7.609,left_hand,og,acc,367480,"{""seq"":366,""x_mg"":140,""y_mg"":-12,""z_mg"":916}"
7.609,left_hand,og,tilt,,"{""deg"":13.5,""steady"":true}"
7.609,left_hand,og,acc,367501,"{""seq"":367,""x_mg"":136,""y_mg"":-116,""z_mg"":956}"
7.609,left_hand,og,tilt,,"{""deg"":12.5,""steady"":true}"
7.640,left_hand,og,acc,367521,"{""seq"":368,""x_mg"":128,""y_mg"":-244,""z_mg"":924}"
7.640,left_hand,og,tilt,,"{""deg"":10.9,""steady"":true}"
7.671,left_hand,og,acc,367542,"{""seq"":369,""x_mg"":136,""y_mg"":-408,""z_mg"":868}"
7.671,left_hand,og,tilt,,"{""deg"":8.8,""steady"":true}"
7.671,left_hand,og,acc,367563,"{""seq"":370,""x_mg"":156,""y_mg"":-628,""z_mg"":936}"
7.671,left_hand,og,tilt,,"{""deg"":6.0,""steady"":true}"
7.703,left_hand,og,acc,367583,"{""seq"":371,""x_mg"":128,""y_mg"":-780,""z_mg"":924}"
7.703,left_hand,og,tilt,,"{""deg"":2.3,""steady"":true}"
7.734,left_hand,og,acc,367604,"{""seq"":372,""x_mg"":116,""y_mg"":-872,""z_mg"":896}"
7.734,left_hand,og,tilt,,"{""deg"":-2.0,""steady"":true}"
7.734,left_hand,og,acc,367624,"{""seq"":373,""x_mg"":128,""y_mg"":-1012,""z_mg"":896}"
7.734,left_hand,og,tilt,,"{""deg"":-2.0,""steady"":false}"
7.765,left_hand,og,acc,367645,"{""seq"":374,""x_mg"":140,""y_mg"":-1100,""z_mg"":860}"
7.765,left_hand,og,tilt,,"{""deg"":-2.0,""steady"":false}"
7.796,left_hand,og,acc,367665,"{""seq"":375,""x_mg"":140,""y_mg"":-1172,""z_mg"":864}"
7.796,left_hand,og,tilt,,"{""deg"":-2.0,""steady"":false}"
7.796,left_hand,og,acc,367686,"{""seq"":376,""x_mg"":116,""y_mg"":-1060,""z_mg"":828}"
7.796,left_hand,og,tilt,,"{""deg"":-2.0,""steady"":false}"
7.828,left_hand,og,acc,367706,"{""seq"":377,""x_mg"":124,""y_mg"":-844,""z_mg"":792}"
7.828,left_hand,og,tilt,,"{""deg"":-6.6,""steady"":true}"
7.828,left_hand,og,acc,367727,"{""seq"":378,""x_mg"":152,""y_mg"":-668,""z_mg"":800}"
7.828,left_hand,og,tilt,,"{""deg"":-10.6,""steady"":true}"
7.859,left_hand,og,acc,367748,"{""seq"":379,""x_mg"":168,""y_mg"":-536,""z_mg"":824}"
7.859,left_hand,og,tilt,,"{""deg"":-14.1,""steady"":true}"
7.890,left_hand,og,acc,367768,"{""seq"":380,""x_mg"":164,""y_mg"":-440,""z_mg"":836}"
7.890,left_hand,og,tilt,,"{""deg"":-17.2,""steady"":true}"
7.890,left_hand,og,acc,367789,"{""seq"":381,""x_mg"":188,""y_mg"":-288,""z_mg"":860}"
7.890,left_hand,og,tilt,,"{""deg"":-19.0,""steady"":true}"
7.906,left_hand,og,acc,367809,"{""seq"":382,""x_mg"":192,""y_mg"":-192,""z_mg"":892}"
7.906,left_hand,og,tilt,,"{""deg"":-20.1,""steady"":true}"
7.937,left_hand,og,acc,367830,"{""seq"":383,""x_mg"":192,""y_mg"":-48,""z_mg"":928}"
7.937,left_hand,og,tilt,,"{""deg"":-19.8,""steady"":true}"
7.968,left_hand,og,acc,367850,"{""seq"":384,""x_mg"":188,""y_mg"":128,""z_mg"":940}"
7.968,left_hand,og,tilt,,"{""deg"":-18.9,""steady"":true}"
7.968,left_hand,og,acc,367871,"{""seq"":385,""x_mg"":172,""y_mg"":312,""z_mg"":932}"
7.968,left_hand,og,tilt,,"{""deg"":-17.0,""steady"":true}"
8.000,left_hand,og,acc,367892,"{""seq"":386,""x_mg"":216,""y_mg"":404,""z_mg"":956}"
8.000,left_hand,og,tilt,,"{""deg"":-14.0,""steady"":true}"
8.046,left_hand,og,acc,367912,"{""seq"":387,""x_mg"":280,""y_mg"":440,""z_mg"":968}"
8.046,left_hand,og,tilt,,"{""deg"":-10.0,""steady"":true}"
8.046,left_hand,og,acc,367933,"{""seq"":388,""x_mg"":300,""y_mg"":460,""z_mg"":996}"
8.046,left_hand,og,tilt,,"{""deg"":-6.1,""steady"":true}"
8.078,left_hand,og,acc,367953,"{""seq"":389,""x_mg"":284,""y_mg"":484,""z_mg"":1008}"
8.078,left_hand,og,tilt,,"{""deg"":-2.4,""steady"":true}"
8.109,left_hand,og,acc,367974,"{""seq"":390,""x_mg"":284,""y_mg"":500,""z_mg"":952}"
8.109,left_hand,og,tilt,,"{""deg"":0.9,""steady"":true}"
8.109,left_hand,og,acc,367994,"{""seq"":391,""x_mg"":304,""y_mg"":420,""z_mg"":940}"
8.109,left_hand,og,tilt,,"{""deg"":3.8,""steady"":true}"
8.125,left_hand,og,acc,368015,"{""seq"":392,""x_mg"":308,""y_mg"":384,""z_mg"":924}"
8.125,left_hand,og,tilt,,"{""deg"":6.4,""steady"":true}"
8.156,left_hand,og,acc,368035,"{""seq"":393,""x_mg"":244,""y_mg"":408,""z_mg"":920}"
8.156,left_hand,og,tilt,,"{""deg"":8.5,""steady"":true}"
8.187,left_hand,og,acc,368056,"{""seq"":394,""x_mg"":200,""y_mg"":424,""z_mg"":900}"
8.187,left_hand,og,tilt,,"{""deg"":10.4,""steady"":true}"
8.187,left_hand,og,acc,368077,"{""seq"":395,""x_mg"":212,""y_mg"":308,""z_mg"":872}"
8.187,left_hand,og,tilt,,"{""deg"":12.1,""steady"":true}"
8.218,left_hand,og,acc,368097,"{""seq"":396,""x_mg"":216,""y_mg"":88,""z_mg"":912}"
8.218,left_hand,og,tilt,,"{""deg"":13.3,""steady"":true}"
8.250,left_hand,og,acc,368118,"{""seq"":397,""x_mg"":208,""y_mg"":-116,""z_mg"":956}"
8.250,left_hand,og,tilt,,"{""deg"":14.1,""steady"":true}"
8.250,left_hand,og,acc,368138,"{""seq"":398,""x_mg"":184,""y_mg"":-276,""z_mg"":920}"
8.250,left_hand,og,tilt,,"{""deg"":13.1,""steady"":true}"
8.281,left_hand,og,acc,368159,"{""seq"":399,""x_mg"":164,""y_mg"":-356,""z_mg"":916}"
8.281,left_hand,og,tilt,,"{""deg"":10.7,""steady"":true}"
8.312,left_hand,og,acc,368179,"{""seq"":400,""x_mg"":140,""y_mg"":-468,""z_mg"":952}"
8.312,left_hand,og,tilt,,"{""deg"":7.5,""steady"":true}"
8.312,left_hand,og,acc,368200,"{""seq"":401,""x_mg"":116,""y_mg"":-588,""z_mg"":968}"
8.312,left_hand,og,tilt,,"{""deg"":4.0,""steady"":true}"
8.328,left_hand,og,acc,368221,"{""seq"":402,""x_mg"":108,""y_mg"":-736,""z_mg"":908}"
8.328,left_hand,og,tilt,,"{""deg"":0.4,""steady"":true}"
8.359,left_hand,og,acc,368241,"{""seq"":403,""x_mg"":112,""y_mg"":-824,""z_mg"":868}"
8.359,left_hand,og,tilt,,"{""deg"":-3.3,""steady"":true}"
8.390,left_hand,og,acc,368262,"{""seq"":404,""x_mg"":88,""y_mg"":-756,""z_mg"":956}"
8.390,left_hand,og,tilt,,"{""deg"":-7.5,""steady"":true}"
8.390,left_hand,og,acc,368282,"{""seq"":405,""x_mg"":64,""y_mg"":-684,""z_mg"":964}"
8.390,left_hand,og,tilt,,"{""deg"":-11.2,""steady"":true}"
8.421,left_hand,og,acc,368303,"{""seq"":406,""x_mg"":100,""y_mg"":-752,""z_mg"":920}"
8.421,left_hand,og,tilt,,"{""deg"":-14.5,""steady"":true}"
8.453,left_hand,og,acc,368323,"{""seq"":407,""x_mg"":148,""y_mg"":-804,""z_mg"":900}"
8.453,left_hand,og,tilt,,"{""deg"":-17.4,""steady"":true}"
8.453,left_hand,og,acc,368344,"{""seq"":408,""x_mg"":164,""y_mg"":-756,""z_mg"":868}"
8.453,left_hand,og,tilt,,"{""deg"":-20.0,""steady"":true}"
8.484,left_hand,og,acc,368365,"{""seq"":409,""x_mg"":176,""y_mg"":-588,""z_mg"":860}"
8.484,left_hand,og,tilt,,"{""deg"":-22.3,""steady"":true}"
8.515,left_hand,og,acc,368385,"{""seq"":410,""x_mg"":192,""y_mg"":-380,""z_mg"":840}"
8.515,left_hand,og,tilt,,"{""deg"":-24.3,""steady"":true}"
8.515,left_hand,og,acc,368406,"{""seq"":411,""x_mg"":196,""y_mg"":-288,""z_mg"":876}"
8.515,left_hand,og,tilt,,"{""deg"":-25.5,""steady"":true}"
8.546,left_hand,og,acc,368426,"{""seq"":412,""x_mg"":216,""y_mg"":-72,""z_mg"":832}"
8.546,left_hand,og,tilt,,"{""deg"":-25.3,""steady"":true}"
8.562,left_hand,og,acc,368447,"{""seq"":413,""x_mg"":224,""y_mg"":56,""z_mg"":852}"
8.562,left_hand,og,tilt,,"{""deg"":-24.4,""steady"":true}"
8.593,left_hand,og,acc,368467,"{""seq"":414,""x_mg"":204,""y_mg"":164,""z_mg"":896}"
8.593,left_hand,og,tilt,,"{""deg"":-22.1,""steady"":true}"
8.593,left_hand,og,acc,368488,"{""seq"":415,""x_mg"":256,""y_mg"":276,""z_mg"":952}"
8.593,left_hand,og,tilt,,"{""deg"":-18.9,""steady"":true}"
8.625,left_hand,og,acc,368509,"{""seq"":416,""x_mg"":268,""y_mg"":236,""z_mg"":972}"
8.625,left_hand,og,tilt,,"{""deg"":-15.4,""steady"":true}"
8.656,left_hand,og,acc,368529,"{""seq"":417,""x_mg"":288,""y_mg"":320,""z_mg"":908}"
8.656,left_hand,og,tilt,,"{""deg"":-11.9,""steady"":true}"
8.656,left_hand,og,acc,368550,"{""seq"":418,""x_mg"":280,""y_mg"":280,""z_mg"":976}"
8.656,left_hand,og,tilt,,"{""deg"":-8.5,""steady"":true}"
8.703,left_hand,og,acc,368570,"{""seq"":419,""x_mg"":244,""y_mg"":208,""z_mg"":1016}"
8.703,left_hand,og,tilt,,"{""deg"":-5.5,""steady"":true}"
8.703,left_hand,og,acc,368591,"{""seq"":420,""x_mg"":244,""y_mg"":92,""z_mg"":1000}"
8.703,left_hand,og,tilt,,"{""deg"":-3.2,""steady"":true}"
8.734,left_hand,og,acc,368611,"{""seq"":421,""x_mg"":224,""y_mg"":0,""z_mg"":988}"
8.734,left_hand,og,tilt,,"{""deg"":-1.4,""steady"":true}"
8.750,left_hand,og,acc,368632,"{""seq"":422,""x_mg"":192,""y_mg"":-24,""z_mg"":980}"
8.750,left_hand,og,tilt,,"{""deg"":-0.6,""steady"":true}"
8.781,left_hand,og,acc,368653,"{""seq"":423,""x_mg"":196,""y_mg"":-36,""z_mg"":988}"
8.781,left_hand,og,tilt,,"{""deg"":-0.5,""steady"":true}"
8.812,left_hand,og,acc,368673,"{""seq"":424,""x_mg"":184,""y_mg"":-24,""z_mg"":1008}"
8.812,left_hand,og,tilt,,"{""deg"":-0.6,""steady"":true}"
8.812,left_hand,og,acc,368694,"{""seq"":425,""x_mg"":176,""y_mg"":-32,""z_mg"":928}"
8.812,left_hand,og,tilt,,"{""deg"":-0.6,""steady"":true}"
8.843,left_hand,og,acc,368714,"{""seq"":426,""x_mg"":188,""y_mg"":-116,""z_mg"":888}"
8.843,left_hand,og,tilt,,"{""deg"":-0.8,""steady"":true}"
8.843,left_hand,og,acc,368735,"{""seq"":427,""x_mg"":184,""y_mg"":-156,""z_mg"":900}"
8.843,left_hand,og,tilt,,"{""deg"":-0.9,""steady"":true}"
8.875,left_hand,og,acc,368755,"{""seq"":428,""x_mg"":188,""y_mg"":-168,""z_mg"":976}"
8.875,left_hand,og,tilt,,"{""deg"":-1.7,""steady"":true}"
8.906,left_hand,og,acc,368776,"{""seq"":429,""x_mg"":216,""y_mg"":-204,""z_mg"":1036}"
8.906,left_hand,og,tilt,,"{""deg"":-2.6,""steady"":true}"
8.906,left_hand,og,acc,368797,"{""seq"":430,""x_mg"":216,""y_mg"":-204,""z_mg"":936}"
8.906,left_hand,og,tilt,,"{""deg"":-3.4,""steady"":true}"
8.937,left_hand,og,acc,368817,"{""seq"":431,""x_mg"":208,""y_mg"":-164,""z_mg"":876}"
8.937,left_hand,og,tilt,,"{""deg"":-4.3,""steady"":true}"
8.968,left_hand,og,acc,368838,"{""seq"":432,""x_mg"":240,""y_mg"":-172,""z_mg"":892}"
8.968,left_hand,og,tilt,,"{""deg"":-5.0,""steady"":true}"
8.968,left_hand,og,acc,368858,"{""seq"":433,""x_mg"":232,""y_mg"":-236,""z_mg"":936}"
8.968,left_hand,og,tilt,,"{""deg"":-5.7,""steady"":true}"
8.984,left_hand,og,acc,368879,"{""seq"":434,""x_mg"":208,""y_mg"":-196,""z_mg"":856}"
8.984,left_hand,og,tilt,,"{""deg"":-6.5,""steady"":true}"
9.015,left_hand,og,acc,368899,"{""seq"":435,""x_mg"":184,""y_mg"":-88,""z_mg"":868}"
9.015,left_hand,og,tilt,,"{""deg"":-7.0,""steady"":true}"
9.046,left_hand,og,acc,368920,"{""seq"":436,""x_mg"":164,""y_mg"":-12,""z_mg"":952}"
9.046,left_hand,og,tilt,,"{""deg"":-7.4,""steady"":true}"
9.046,left_hand,og,acc,368940,"{""seq"":437,""x_mg"":124,""y_mg"":-108,""z_mg"":1068}"
9.046,left_hand,og,tilt,,"{""deg"":-7.2,""steady"":true}"
9.078,left_hand,og,acc,368961,"{""seq"":438,""x_mg"":100,""y_mg"":-172,""z_mg"":996}"
9.078,left_hand,og,tilt,,"{""deg"":-7.0,""steady"":true}"
9.109,left_hand,og,acc,368982,"{""seq"":439,""x_mg"":56,""y_mg"":-92,""z_mg"":1024}"
9.109,left_hand,og,tilt,,"{""deg"":-6.8,""steady"":true}"
9.109,left_hand,og,acc,369002,"{""seq"":440,""x_mg"":52,""y_mg"":-64,""z_mg"":1060}"
9.109,left_hand,og,tilt,,"{""deg"":-6.6,""steady"":true}"
9.140,left_hand,og,acc,369023,"{""seq"":441,""x_mg"":64,""y_mg"":-132,""z_mg"":1024}"
9.140,left_hand,og,tilt,,"{""deg"":-6.5,""steady"":true}"
9.156,left_hand,og,acc,369043,"{""seq"":442,""x_mg"":40,""y_mg"":-116,""z_mg"":944}"
9.156,left_hand,og,tilt,,"{""deg"":-6.5,""steady"":true}"
9.156,left_hand,og,acc,369064,"{""seq"":443,""x_mg"":12,""y_mg"":-72,""z_mg"":1076}"
9.156,left_hand,og,tilt,,"{""deg"":-6.3,""steady"":true}"
9.187,left_hand,og,acc,369084,"{""seq"":444,""x_mg"":0,""y_mg"":-56,""z_mg"":1112}"
9.187,left_hand,og,tilt,,"{""deg"":-6.0,""steady"":true}"
9.218,left_hand,og,acc,369105,"{""seq"":445,""x_mg"":-20,""y_mg"":-52,""z_mg"":1012}"
9.218,left_hand,og,tilt,,"{""deg"":-5.7,""steady"":true}"
9.250,left_hand,og,acc,369126,"{""seq"":446,""x_mg"":-28,""y_mg"":-64,""z_mg"":1036}"
9.250,left_hand,og,tilt,,"{""deg"":-5.4,""steady"":true}"
9.265,left_hand,og,acc,369146,"{""seq"":447,""x_mg"":8,""y_mg"":-120,""z_mg"":1064}"
9.265,left_hand,og,tilt,,"{""deg"":-5.2,""steady"":true}"
9.281,left_hand,og,acc,369167,"{""seq"":448,""x_mg"":4,""y_mg"":-100,""z_mg"":1012}"
9.281,left_hand,og,tilt,,"{""deg"":-4.9,""steady"":true}"
9.281,left_hand,og,acc,369187,"{""seq"":449,""x_mg"":8,""y_mg"":-92,""z_mg"":932}"
9.281,left_hand,og,tilt,,"{""deg"":-5.0,""steady"":true}"
9.312,left_hand,og,acc,369208,"{""seq"":450,""x_mg"":20,""y_mg"":-48,""z_mg"":956}"
9.312,left_hand,og,tilt,,"{""deg"":-5.0,""steady"":true}"
9.328,left_hand,og,acc,369228,"{""seq"":451,""x_mg"":28,""y_mg"":-28,""z_mg"":988}"
9.328,left_hand,og,tilt,,"{""deg"":-5.1,""steady"":true}"
9.359,left_hand,og,acc,369249,"{""seq"":452,""x_mg"":28,""y_mg"":-12,""z_mg"":1016}"
9.359,left_hand,og,tilt,,"{""deg"":-4.8,""steady"":true}"
9.375,left_hand,og,acc,369270,"{""seq"":453,""x_mg"":28,""y_mg"":36,""z_mg"":1120}"
9.375,left_hand,og,tilt,,"{""deg"":-4.4,""steady"":true}"
9.406,left_hand,og,acc,369290,"{""seq"":454,""x_mg"":28,""y_mg"":104,""z_mg"":1032}"
9.406,left_hand,og,tilt,,"{""deg"":-3.9,""steady"":true}"
9.421,left_hand,og,acc,369311,"{""seq"":455,""x_mg"":36,""y_mg"":52,""z_mg"":960}"
9.421,left_hand,og,tilt,,"{""deg"":-3.2,""steady"":true}"
9.453,left_hand,og,acc,369331,"{""seq"":456,""x_mg"":36,""y_mg"":-40,""z_mg"":980}"
9.453,left_hand,og,tilt,,"{""deg"":-2.6,""steady"":true}"
9.453,left_hand,og,acc,369352,"{""seq"":457,""x_mg"":28,""y_mg"":-80,""z_mg"":1024}"
9.453,left_hand,og,tilt,,"{""deg"":-2.0,""steady"":true}"
9.484,left_hand,og,acc,369372,"{""seq"":458,""x_mg"":40,""y_mg"":-20,""z_mg"":1008}"
9.484,left_hand,og,tilt,,"{""deg"":-1.9,""steady"":true}"
9.515,left_hand,og,acc,369393,"{""seq"":459,""x_mg"":56,""y_mg"":-52,""z_mg"":1004}"
9.515,left_hand,og,tilt,,"{""deg"":-1.9,""steady"":true}"
9.531,left_hand,og,acc,369414,"{""seq"":460,""x_mg"":32,""y_mg"":-36,""z_mg"":1020}"
9.531,left_hand,og,tilt,,"{""deg"":-1.9,""steady"":true}"
9.546,left_hand,og,acc,369434,"{""seq"":461,""x_mg"":40,""y_mg"":0,""z_mg"":968}"
9.546,left_hand,og,tilt,,"{""deg"":-1.9,""steady"":true}"
9.578,left_hand,og,acc,369455,"{""seq"":462,""x_mg"":64,""y_mg"":-12,""z_mg"":932}"
9.578,left_hand,og,tilt,,"{""deg"":-1.8,""steady"":true}"
9.593,left_hand,og,acc,369475,"{""seq"":463,""x_mg"":32,""y_mg"":-56,""z_mg"":960}"
9.593,left_hand,og,tilt,,"{""deg"":-1.8,""steady"":true}"
9.609,left_hand,og,acc,369496,"{""seq"":464,""x_mg"":4,""y_mg"":-60,""z_mg"":1012}"
9.609,left_hand,og,tilt,,"{""deg"":-1.8,""steady"":true}"
9.640,left_hand,og,acc,369516,"{""seq"":465,""x_mg"":-8,""y_mg"":-56,""z_mg"":1000}"
9.640,left_hand,og,tilt,,"{""deg"":-1.9,""steady"":true}"
9.640,left_hand,og,acc,369537,"{""seq"":466,""x_mg"":20,""y_mg"":-52,""z_mg"":988}"
9.640,left_hand,og,tilt,,"{""deg"":-2.1,""steady"":true}"
9.656,left_hand,og,acc,369558,"{""seq"":467,""x_mg"":44,""y_mg"":-36,""z_mg"":1020}"
9.656,left_hand,og,tilt,,"{""deg"":-2.2,""steady"":true}"
9.671,left_hand,og,acc,369578,"{""seq"":468,""x_mg"":52,""y_mg"":-40,""z_mg"":992}"
9.671,left_hand,og,tilt,,"{""deg"":-2.2,""steady"":true}"
9.703,left_hand,og,acc,369599,"{""seq"":469,""x_mg"":52,""y_mg"":-20,""z_mg"":972}"
9.703,left_hand,og,tilt,,"{""deg"":-2.2,""steady"":true}"
9.718,left_hand,og,acc,369619,"{""seq"":470,""x_mg"":32,""y_mg"":0,""z_mg"":976}"
9.718,left_hand,og,tilt,,"{""deg"":-2.2,""steady"":true}"
9.750,left_hand,og,acc,369640,"{""seq"":471,""x_mg"":24,""y_mg"":-12,""z_mg"":988}"
9.750,left_hand,og,tilt,,"{""deg"":-2.0,""steady"":true}"
9.765,left_hand,og,acc,369660,"{""seq"":472,""x_mg"":40,""y_mg"":-16,""z_mg"":1008}"
9.765,left_hand,og,tilt,,"{""deg"":-1.9,""steady"":true}"
9.796,left_hand,og,acc,369681,"{""seq"":473,""x_mg"":40,""y_mg"":-28,""z_mg"":1004}"
9.796,left_hand,og,tilt,,"{""deg"":-1.7,""steady"":true}"
9.828,left_hand,og,acc,369702,"{""seq"":474,""x_mg"":40,""y_mg"":-24,""z_mg"":992}"
9.828,left_hand,og,tilt,,"{""deg"":-1.6,""steady"":true}"
9.828,left_hand,og,acc,369722,"{""seq"":475,""x_mg"":32,""y_mg"":-36,""z_mg"":988}"
9.828,left_hand,og,tilt,,"{""deg"":-1.5,""steady"":true}"
9.843,left_hand,og,acc,369743,"{""seq"":476,""x_mg"":48,""y_mg"":-20,""z_mg"":976}"
9.843,left_hand,og,tilt,,"{""deg"":-1.5,""steady"":true}"
9.859,left_hand,og,acc,369763,"{""seq"":477,""x_mg"":48,""y_mg"":-32,""z_mg"":1000}"
9.859,left_hand,og,tilt,,"{""deg"":-1.5,""steady"":true}"
9.890,left_hand,og,acc,369784,"{""seq"":478,""x_mg"":36,""y_mg"":-28,""z_mg"":1004}"
9.890,left_hand,og,tilt,,"{""deg"":-1.5,""steady"":true}"
9.906,left_hand,og,acc,369804,"{""seq"":479,""x_mg"":28,""y_mg"":-32,""z_mg"":992}"
9.906,left_hand,og,tilt,,"{""deg"":-1.5,""steady"":true}"
9.921,left_hand,og,acc,369825,"{""seq"":480,""x_mg"":32,""y_mg"":-28,""z_mg"":976}"
9.921,left_hand,og,tilt,,"{""deg"":-1.5,""steady"":true}"
9.953,left_hand,og,acc,369846,"{""seq"":481,""x_mg"":32,""y_mg"":-24,""z_mg"":988}"
9.953,left_hand,og,tilt,,"{""deg"":-1.5,""steady"":true}"
9.984,left_hand,og,acc,369866,"{""seq"":482,""x_mg"":36,""y_mg"":-16,""z_mg"":984}"
9.984,left_hand,og,tilt,,"{""deg"":-1.5,""steady"":true}"
10.000,left_hand,og,acc,369887,"{""seq"":483,""x_mg"":24,""y_mg"":-36,""z_mg"":1012}"
10.000,left_hand,og,tilt,,"{""deg"":-1.5,""steady"":true}"
10.031,left_hand,og,acc,369907,"{""seq"":484,""x_mg"":32,""y_mg"":-24,""z_mg"":1000}"
10.031,left_hand,og,tilt,,"{""deg"":-1.4,""steady"":true}"
10.062,left_hand,og,acc,369928,"{""seq"":485,""x_mg"":44,""y_mg"":-16,""z_mg"":1000}"
10.062,left_hand,og,tilt,,"{""deg"":-1.4,""steady"":true}"
10.062,left_hand,og,acc,369948,"{""seq"":486,""x_mg"":44,""y_mg"":-8,""z_mg"":984}"
10.062,left_hand,og,tilt,,"{""deg"":-1.3,""steady"":true}"
10.093,left_hand,og,acc,369969,"{""seq"":487,""x_mg"":32,""y_mg"":4,""z_mg"":984}"
10.093,left_hand,og,tilt,,"{""deg"":-1.2,""steady"":true}"
10.109,left_hand,og,acc,369990,"{""seq"":488,""x_mg"":24,""y_mg"":0,""z_mg"":992}"
10.109,left_hand,og,tilt,,"{""deg"":-1.1,""steady"":true}"
10.109,left_hand,og,acc,370010,"{""seq"":489,""x_mg"":36,""y_mg"":-20,""z_mg"":976}"
10.109,left_hand,og,tilt,,"{""deg"":-1.0,""steady"":true}"
10.125,left_hand,og,acc,370031,"{""seq"":490,""x_mg"":44,""y_mg"":-24,""z_mg"":988}"
10.125,left_hand,og,tilt,,"{""deg"":-0.9,""steady"":true}"
10.156,left_hand,og,acc,370051,"{""seq"":491,""x_mg"":36,""y_mg"":-32,""z_mg"":1000}"
10.156,left_hand,og,tilt,,"{""deg"":-0.9,""steady"":true}"
10.187,left_hand,og,acc,370072,"{""seq"":492,""x_mg"":44,""y_mg"":-20,""z_mg"":992}"
10.187,left_hand,og,tilt,,"{""deg"":-0.9,""steady"":true}"
10.203,left_hand,og,acc,370092,"{""seq"":493,""x_mg"":44,""y_mg"":4,""z_mg"":980}"
10.203,left_hand,og,tilt,,"{""deg"":-0.9,""steady"":true}"
10.234,left_hand,og,acc,370113,"{""seq"":494,""x_mg"":32,""y_mg"":-8,""z_mg"":984}"
10.234,left_hand,og,tilt,,"{""deg"":-0.9,""steady"":true}"
10.250,left_hand,og,acc,370134,"{""seq"":495,""x_mg"":36,""y_mg"":-36,""z_mg"":964}"
10.250,left_hand,og,tilt,,"{""deg"":-0.9,""steady"":true}"
10.265,left_hand,og,acc,370154,"{""seq"":496,""x_mg"":36,""y_mg"":-76,""z_mg"":976}"
10.265,left_hand,og,tilt,,"{""deg"":-0.9,""steady"":true}"
10.296,left_hand,og,acc,370175,"{""seq"":497,""x_mg"":20,""y_mg"":-52,""z_mg"":960}"
10.296,left_hand,og,tilt,,"{""deg"":-1.0,""steady"":true}"
10.312,left_hand,og,acc,370195,"{""seq"":498,""x_mg"":16,""y_mg"":-40,""z_mg"":968}"
10.312,left_hand,og,tilt,,"{""deg"":-1.2,""steady"":true}"
10.328,left_hand,og,acc,370216,"{""seq"":499,""x_mg"":20,""y_mg"":0,""z_mg"":992}"
10.328,left_hand,og,tilt,,"{""deg"":-1.3,""steady"":true}"
10.343,left_hand,og,acc,370236,"{""seq"":500,""x_mg"":16,""y_mg"":28,""z_mg"":1012}"
10.343,left_hand,og,tilt,,"{""deg"":-1.4,""steady"":true}"
10.375,left_hand,og,acc,370257,"{""seq"":501,""x_mg"":24,""y_mg"":40,""z_mg"":1044}"
10.375,left_hand,og,tilt,,"{""deg"":-1.2,""steady"":true}"
10.390,left_hand,og,acc,370278,"{""seq"":502,""x_mg"":44,""y_mg"":56,""z_mg"":1040}"
10.390,left_hand,og,tilt,,"{""deg"":-0.8,""steady"":true}"
10.421,left_hand,og,acc,370298,"{""seq"":503,""x_mg"":64,""y_mg"":76,""z_mg"":1000}"
10.421,left_hand,og,tilt,,"{""deg"":-0.4,""steady"":true}"
10.421,left_hand,og,acc,370319,"{""seq"":504,""x_mg"":76,""y_mg"":32,""z_mg"":976}"
10.421,left_hand,og,tilt,,"{""deg"":-0.1,""steady"":true}"
10.453,left_hand,og,acc,370339,"{""seq"":505,""x_mg"":56,""y_mg"":-68,""z_mg"":972}"
10.453,left_hand,og,tilt,,"{""deg"":0.2,""steady"":true}"
10.484,left_hand,og,acc,370360,"{""seq"":506,""x_mg"":28,""y_mg"":-84,""z_mg"":1016}"
10.484,left_hand,og,tilt,,"{""deg"":0.4,""steady"":true}"
10.484,left_hand,og,acc,370380,"{""seq"":507,""x_mg"":44,""y_mg"":20,""z_mg"":1040}"
10.484,left_hand,og,tilt,,"{""deg"":0.5,""steady"":true}"
10.515,left_hand,og,acc,370401,"{""seq"":508,""x_mg"":52,""y_mg"":72,""z_mg"":1004}"
10.515,left_hand,og,tilt,,"{""deg"":0.6,""steady"":true}"
10.546,left_hand,og,acc,370421,"{""seq"":509,""x_mg"":52,""y_mg"":36,""z_mg"":976}"
10.546,left_hand,og,tilt,,"{""deg"":0.7,""steady"":true}"
10.562,left_hand,og,acc,370442,"{""seq"":510,""x_mg"":40,""y_mg"":-4,""z_mg"":988}"
10.562,left_hand,og,tilt,,"{""deg"":0.8,""steady"":true}"
10.562,left_hand,og,acc,370463,"{""seq"":511,""x_mg"":52,""y_mg"":-32,""z_mg"":980}"
10.562,left_hand,og,tilt,,"{""deg"":0.9,""steady"":true}"
10.593,left_hand,og,acc,370483,"{""seq"":512,""x_mg"":48,""y_mg"":-80,""z_mg"":1000}"
10.593,left_hand,og,tilt,,"{""deg"":0.8,""steady"":true}"
10.625,left_hand,og,acc,370504,"{""seq"":513,""x_mg"":64,""y_mg"":-16,""z_mg"":996}"
10.625,left_hand,og,tilt,,"{""deg"":0.6,""steady"":true}"
10.640,left_hand,og,acc,370524,"{""seq"":514,""x_mg"":68,""y_mg"":24,""z_mg"":996}"
10.640,left_hand,og,tilt,,"{""deg"":0.4,""steady"":true}"
10.671,left_hand,og,acc,370545,"{""seq"":515,""x_mg"":60,""y_mg"":32,""z_mg"":988}"
10.671,left_hand,og,tilt,,"{""deg"":0.3,""steady"":true}"
10.671,left_hand,og,acc,370565,"{""seq"":516,""x_mg"":48,""y_mg"":-12,""z_mg"":988}"
10.671,left_hand,og,tilt,,"{""deg"":0.2,""steady"":true}"
10.687,left_hand,og,acc,370586,"{""seq"":517,""x_mg"":52,""y_mg"":-16,""z_mg"":992}"
10.687,left_hand,og,tilt,,"{""deg"":0.1,""steady"":true}"
10.703,left_hand,og,acc,370607,"{""seq"":518,""x_mg"":52,""y_mg"":8,""z_mg"":980}"
10.703,left_hand,og,tilt,,"{""deg"":0.2,""steady"":true}"
10.734,left_hand,og,acc,370627,"{""seq"":519,""x_mg"":48,""y_mg"":0,""z_mg"":988}"
10.734,left_hand,og,tilt,,"{""deg"":0.2,""steady"":true}"
10.765,left_hand,og,acc,370648,"{""seq"":520,""x_mg"":40,""y_mg"":-20,""z_mg"":1000}"
10.765,left_hand,og,tilt,,"{""deg"":0.1,""steady"":true}"
10.781,left_hand,og,acc,370668,"{""seq"":521,""x_mg"":56,""y_mg"":0,""z_mg"":1004}"
10.781,left_hand,og,tilt,,"{""deg"":0.1,""steady"":true}"
10.812,left_hand,og,acc,370689,"{""seq"":522,""x_mg"":52,""y_mg"":4,""z_mg"":1004}"
10.812,left_hand,og,tilt,,"{""deg"":0.1,""steady"":true}"
10.843,left_hand,og,acc,370709,"{""seq"":523,""x_mg"":44,""y_mg"":4,""z_mg"":1000}"
10.843,left_hand,og,tilt,,"{""deg"":0.2,""steady"":true}"
10.843,left_hand,og,acc,370730,"{""seq"":524,""x_mg"":48,""y_mg"":20,""z_mg"":988}"
10.843,left_hand,og,tilt,,"{""deg"":0.2,""steady"":true}"
10.875,left_hand,og,acc,370751,"{""seq"":525,""x_mg"":48,""y_mg"":8,""z_mg"":984}"
10.875,left_hand,og,tilt,,"{""deg"":0.2,""steady"":true}"
10.906,left_hand,og,acc,370771,"{""seq"":526,""x_mg"":52,""y_mg"":-8,""z_mg"":984}"
10.906,left_hand,og,tilt,,"{""deg"":0.2,""steady"":true}"
10.906,left_hand,og,acc,370792,"{""seq"":527,""x_mg"":44,""y_mg"":-12,""z_mg"":1000}"
10.906,left_hand,og,tilt,,"{""deg"":0.3,""steady"":true}"
10.921,left_hand,og,acc,370812,"{""seq"":528,""x_mg"":40,""y_mg"":-12,""z_mg"":1004}"
10.921,left_hand,og,tilt,,"{""deg"":0.2,""steady"":true}"
10.953,left_hand,og,acc,370833,"{""seq"":529,""x_mg"":48,""y_mg"":-20,""z_mg"":1004}"
10.953,left_hand,og,tilt,,"{""deg"":0.1,""steady"":true}"
10.968,left_hand,og,acc,370853,"{""seq"":530,""x_mg"":56,""y_mg"":-64,""z_mg"":988}"
10.968,left_hand,og,tilt,,"{""deg"":0.1,""steady"":true}"
11.000,left_hand,og,acc,370874,"{""seq"":531,""x_mg"":56,""y_mg"":-68,""z_mg"":988}"
11.000,left_hand,og,tilt,,"{""deg"":-0.1,""steady"":true}"
11.000,left_hand,og,acc,370895,"{""seq"":532,""x_mg"":60,""y_mg"":-44,""z_mg"":1004}"
11.000,left_hand,og,tilt,,"{""deg"":-0.3,""steady"":true}"
11.015,left_hand,og,acc,370915,"{""seq"":533,""x_mg"":52,""y_mg"":-52,""z_mg"":1048}"
11.015,left_hand,og,tilt,,"{""deg"":-0.6,""steady"":true}"
11.046,left_hand,og,acc,370936,"{""seq"":534,""x_mg"":40,""y_mg"":-44,""z_mg"":1028}"
11.046,left_hand,og,tilt,,"{""deg"":-0.8,""steady"":true}"
11.078,left_hand,og,acc,370956,"{""seq"":535,""x_mg"":36,""y_mg"":-112,""z_mg"":984}"
11.078,left_hand,og,tilt,,"{""deg"":-1.1,""steady"":true}"
11.093,left_hand,og,acc,370977,"{""seq"":536,""x_mg"":4,""y_mg"":-112,""z_mg"":992}"
11.093,left_hand,og,tilt,,"{""deg"":-1.2,""steady"":true}"
11.109,left_hand,og,acc,370997,"{""seq"":537,""x_mg"":48,""y_mg"":-96,""z_mg"":992}"
11.109,left_hand,og,tilt,,"{""deg"":-1.7,""steady"":true}"
11.140,left_hand,og,acc,371018,"{""seq"":538,""x_mg"":56,""y_mg"":-44,""z_mg"":904}"
11.140,left_hand,og,tilt,,"{""deg"":-2.2,""steady"":true}"
11.140,left_hand,og,acc,371038,"{""seq"":539,""x_mg"":100,""y_mg"":-148,""z_mg"":1008}"
11.140,left_hand,og,tilt,,"{""deg"":-2.6,""steady"":true}"
11.171,left_hand,og,acc,371059,"{""seq"":540,""x_mg"":88,""y_mg"":-344,""z_mg"":1036}"
11.171,left_hand,og,tilt,,"{""deg"":-3.1,""steady"":true}"
11.203,left_hand,og,acc,371080,"{""seq"":541,""x_mg"":92,""y_mg"":-456,""z_mg"":1096}"
11.203,left_hand,og,tilt,,"{""deg"":-3.7,""steady"":true}"
11.203,left_hand,og,acc,371100,"{""seq"":542,""x_mg"":76,""y_mg"":-248,""z_mg"":1140}"
11.203,left_hand,og,tilt,,"{""deg"":-4.7,""steady"":true}"
11.234,left_hand,og,acc,371121,"{""seq"":543,""x_mg"":100,""y_mg"":-4,""z_mg"":1036}"
11.234,left_hand,og,tilt,,"{""deg"":-5.6,""steady"":true}"
11.265,left_hand,og,acc,371141,"{""seq"":544,""x_mg"":120,""y_mg"":-12,""z_mg"":996}"
11.265,left_hand,og,tilt,,"{""deg"":-6.3,""steady"":true}"
11.265,left_hand,og,acc,371162,"{""seq"":545,""x_mg"":168,""y_mg"":-100,""z_mg"":984}"
11.265,left_hand,og,tilt,,"{""deg"":-6.2,""steady"":true}"
11.296,left_hand,og,acc,371182,"{""seq"":546,""x_mg"":188,""y_mg"":-108,""z_mg"":996}"
11.296,left_hand,og,tilt,,"{""deg"":-6.2,""steady"":true}"
11.312,left_hand,og,acc,371203,"{""seq"":547,""x_mg"":188,""y_mg"":8,""z_mg"":1020}"
11.312,left_hand,og,tilt,,"{""deg"":-5.5,""steady"":true}"
11.359,left_hand,og,acc,371224,"{""seq"":548,""x_mg"":220,""y_mg"":80,""z_mg"":968}"
11.359,left_hand,og,tilt,,"{""deg"":-4.9,""steady"":true}"
11.359,left_hand,og,acc,371244,"{""seq"":549,""x_mg"":228,""y_mg"":20,""z_mg"":936}"
11.359,left_hand,og,tilt,,"{""deg"":-4.2,""steady"":true}"
11.375,left_hand,og,acc,371265,"{""seq"":550,""x_mg"":196,""y_mg"":-32,""z_mg"":960}"
11.375,left_hand,og,tilt,,"{""deg"":-3.6,""steady"":true}"
11.390,left_hand,og,acc,371285,"{""seq"":551,""x_mg"":136,""y_mg"":48,""z_mg"":924}"
11.390,left_hand,og,tilt,,"{""deg"":-3.0,""steady"":true}"
11.421,left_hand,og,acc,371306,"{""seq"":552,""x_mg"":164,""y_mg"":132,""z_mg"":940}"
11.421,left_hand,og,tilt,,"{""deg"":-2.3,""steady"":true}"
11.453,left_hand,og,acc,371326,"{""seq"":553,""x_mg"":136,""y_mg"":188,""z_mg"":920}"
11.453,left_hand,og,tilt,,"{""deg"":-1.6,""steady"":true}"
11.453,left_hand,og,acc,371347,"{""seq"":554,""x_mg"":48,""y_mg"":256,""z_mg"":928}"
11.453,left_hand,og,tilt,,"{""deg"":-0.4,""steady"":true}"
11.484,left_hand,og,acc,371368,"{""seq"":555,""x_mg"":-8,""y_mg"":316,""z_mg"":908}"
11.484,left_hand,og,tilt,,"{""deg"":1.0,""steady"":true}"
11.515,left_hand,og,acc,371388,"{""seq"":556,""x_mg"":-12,""y_mg"":400,""z_mg"":860}"
11.515,left_hand,og,tilt,,"{""deg"":2.8,""steady"":true}"
11.515,left_hand,og,acc,371409,"{""seq"":557,""x_mg"":-32,""y_mg"":440,""z_mg"":848}"
11.515,left_hand,og,tilt,,"{""deg"":4.8,""steady"":true}"
11.546,left_hand,og,acc,371429,"{""seq"":558,""x_mg"":-56,""y_mg"":384,""z_mg"":892}"
11.546,left_hand,og,tilt,,"{""deg"":7.0,""steady"":true}"
11.578,left_hand,og,acc,371450,"{""seq"":559,""x_mg"":-96,""y_mg"":244,""z_mg"":924}"
11.578,left_hand,og,tilt,,"{""deg"":9.0,""steady"":true}"
11.578,left_hand,og,acc,371470,"{""seq"":560,""x_mg"":-92,""y_mg"":196,""z_mg"":916}"
11.578,left_hand,og,tilt,,"{""deg"":10.8,""steady"":true}"
11.609,left_hand,og,acc,371491,"{""seq"":561,""x_mg"":-112,""y_mg"":288,""z_mg"":896}"
11.609,left_hand,og,tilt,,"{""deg"":11.6,""steady"":true}"
11.640,left_hand,og,acc,371511,"{""seq"":562,""x_mg"":-112,""y_mg"":204,""z_mg"":916}"
11.640,left_hand,og,tilt,,"{""deg"":12.0,""steady"":true}"
11.640,left_hand,og,acc,371532,"{""seq"":563,""x_mg"":-68,""y_mg"":196,""z_mg"":968}"
11.640,left_hand,og,tilt,,"{""deg"":12.1,""steady"":true}"
11.671,left_hand,og,acc,371553,"{""seq"":564,""x_mg"":-68,""y_mg"":192,""z_mg"":1012}"
11.671,left_hand,og,tilt,,"{""deg"":12.1,""steady"":true}"
11.703,left_hand,og,acc,371573,"{""seq"":565,""x_mg"":-64,""y_mg"":292,""z_mg"":1008}"
11.703,left_hand,og,tilt,,"{""deg"":12.2,""steady"":true}"
11.703,left_hand,og,acc,371594,"{""seq"":566,""x_mg"":-48,""y_mg"":416,""z_mg"":1004}"
11.703,left_hand,og,tilt,,"{""deg"":12.3,""steady"":true}"
11.718,left_hand,og,acc,371614,"{""seq"":567,""x_mg"":-76,""y_mg"":144,""z_mg"":1016}"
11.718,left_hand,og,tilt,,"{""deg"":12.2,""steady"":true}"
11.750,left_hand,og,acc,371635,"{""seq"":568,""x_mg"":-80,""y_mg"":-156,""z_mg"":1052}"
11.750,left_hand,og,tilt,,"{""deg"":12.1,""steady"":true}"
11.781,left_hand,og,acc,371655,"{""seq"":569,""x_mg"":-44,""y_mg"":-172,""z_mg"":1008}"
11.781,left_hand,og,tilt,,"{""deg"":11.6,""steady"":true}"
11.812,left_hand,og,acc,371676,"{""seq"":570,""x_mg"":-8,""y_mg"":-4,""z_mg"":1012}"
11.812,left_hand,og,tilt,,"{""deg"":10.2,""steady"":true}"
11.812,left_hand,og,acc,371697,"{""seq"":571,""x_mg"":12,""y_mg"":112,""z_mg"":996}"
11.812,left_hand,og,tilt,,"{""deg"":9.0,""steady"":true}"
11.843,left_hand,og,acc,371717,"{""seq"":572,""x_mg"":24,""y_mg"":64,""z_mg"":920}"
11.843,left_hand,og,tilt,,"{""deg"":7.9,""steady"":true}"
11.875,left_hand,og,acc,371738,"{""seq"":573,""x_mg"":0,""y_mg"":176,""z_mg"":1024}"
11.875,left_hand,og,tilt,,"{""deg"":7.5,""steady"":true}"
11.875,left_hand,og,acc,371758,"{""seq"":574,""x_mg"":-52,""y_mg"":296,""z_mg"":1044}"
11.875,left_hand,og,tilt,,"{""deg"":7.4,""steady"":true}"
11.890,left_hand,og,acc,371779,"{""seq"":575,""x_mg"":-20,""y_mg"":248,""z_mg"":892}"
11.890,left_hand,og,tilt,,"{""deg"":7.7,""steady"":true}"
11.921,left_hand,og,acc,371799,"{""seq"":576,""x_mg"":36,""y_mg"":152,""z_mg"":900}"
11.921,left_hand,og,tilt,,"{""deg"":8.0,""steady"":true}"
11.921,left_hand,og,acc,371820,"{""seq"":577,""x_mg"":36,""y_mg"":-28,""z_mg"":1000}"
11.921,left_hand,og,tilt,,"{""deg"":8.2,""steady"":true}"
11.953,left_hand,og,acc,371840,"{""seq"":578,""x_mg"":28,""y_mg"":-176,""z_mg"":1008}"
11.953,left_hand,og,tilt,,"{""deg"":8.4,""steady"":true}"
11.984,left_hand,og,acc,371861,"{""seq"":579,""x_mg"":-8,""y_mg"":108,""z_mg"":1052}"
11.984,left_hand,og,tilt,,"{""deg"":8.1,""steady"":true}"
12.015,left_hand,og,acc,371882,"{""seq"":580,""x_mg"":36,""y_mg"":472,""z_mg"":984}"
12.015,left_hand,og,tilt,,"{""deg"":7.9,""steady"":true}"
12.015,left_hand,og,acc,371902,"{""seq"":581,""x_mg"":188,""y_mg"":516,""z_mg"":868}"
12.015,left_hand,og,tilt,,"{""deg"":7.7,""steady"":true}"
12.046,left_hand,og,acc,371923,"{""seq"":582,""x_mg"":200,""y_mg"":244,""z_mg"":936}"
12.046,left_hand,og,tilt,,"{""deg"":8.5,""steady"":true}"
12.078,left_hand,og,acc,371943,"{""seq"":583,""x_mg"":172,""y_mg"":-132,""z_mg"":1132}"
12.078,left_hand,og,tilt,,"{""deg"":9.3,""steady"":true}"
12.078,left_hand,og,acc,371964,"{""seq"":584,""x_mg"":224,""y_mg"":-200,""z_mg"":1124}"
12.078,left_hand,og,tilt,,"{""deg"":9.9,""steady"":true}"
12.109,left_hand,og,acc,371984,"{""seq"":585,""x_mg"":240,""y_mg"":-24,""z_mg"":940}"
12.109,left_hand,og,tilt,,"{""deg"":8.6,""steady"":true}"
12.109,left_hand,og,acc,372005,"{""seq"":586,""x_mg"":204,""y_mg"":48,""z_mg"":908}"
12.109,left_hand,og,tilt,,"{""deg"":7.4,""steady"":true}"
12.140,left_hand,og,acc,372026,"{""seq"":587,""x_mg"":148,""y_mg"":148,""z_mg"":912}"
12.140,left_hand,og,tilt,,"{""deg"":6.4,""steady"":true}"
12.156,left_hand,og,acc,372046,"{""seq"":588,""x_mg"":108,""y_mg"":240,""z_mg"":904}"
12.156,left_hand,og,tilt,,"{""deg"":6.0,""steady"":true}"
12.187,left_hand,og,acc,372067,"{""seq"":589,""x_mg"":84,""y_mg"":284,""z_mg"":908}"
12.187,left_hand,og,tilt,,"{""deg"":6.4,""steady"":true}"
12.187,left_hand,og,acc,372087,"{""seq"":590,""x_mg"":56,""y_mg"":240,""z_mg"":908}"
12.187,left_hand,og,tilt,,"{""deg"":7.5,""steady"":true}"
12.218,left_hand,og,acc,372108,"{""seq"":591,""x_mg"":48,""y_mg"":160,""z_mg"":956}"
12.218,left_hand,og,tilt,,"{""deg"":8.4,""steady"":true}"
12.250,left_hand,og,acc,372128,"{""seq"":592,""x_mg"":8,""y_mg"":72,""z_mg"":984}"
12.250,left_hand,og,tilt,,"{""deg"":9.2,""steady"":true}"
12.250,left_hand,og,acc,372149,"{""seq"":593,""x_mg"":-28,""y_mg"":-16,""z_mg"":984}"
12.250,left_hand,og,tilt,,"{""deg"":9.2,""steady"":true}"
12.281,left_hand,og,acc,372170,"{""seq"":594,""x_mg"":-100,""y_mg"":-152,""z_mg"":980}"
12.281,left_hand,og,tilt,,"{""deg"":8.7,""steady"":true}"
12.296,left_hand,og,acc,372190,"{""seq"":595,""x_mg"":-160,""y_mg"":-272,""z_mg"":1100}"
12.296,left_hand,og,tilt,,"{""deg"":7.5,""steady"":true}"
12.328,left_hand,og,acc,372211,"{""seq"":596,""x_mg"":-128,""y_mg"":-248,""z_mg"":1092}"
12.328,left_hand,og,tilt,,"{""deg"":5.6,""steady"":true}"
12.343,left_hand,og,acc,372231,"{""seq"":597,""x_mg"":-76,""y_mg"":-76,""z_mg"":1036}"
12.343,left_hand,og,tilt,,"{""deg"":3.9,""steady"":true}"
12.375,left_hand,og,acc,372252,"{""seq"":598,""x_mg"":-36,""y_mg"":24,""z_mg"":996}"
12.375,left_hand,og,tilt,,"{""deg"":2.4,""steady"":true}"
12.390,left_hand,og,acc,372272,"{""seq"":599,""x_mg"":8,""y_mg"":-40,""z_mg"":1016}"
12.390,left_hand,og,tilt,,"{""deg"":1.6,""steady"":true}"
12.421,left_hand,og,acc,372293,"{""seq"":600,""x_mg"":20,""y_mg"":-60,""z_mg"":996}"
12.421,left_hand,og,tilt,,"{""deg"":1.1,""steady"":true}"
12.421,left_hand,og,acc,372313,"{""seq"":601,""x_mg"":32,""y_mg"":12,""z_mg"":980}"
12.421,left_hand,og,tilt,,"{""deg"":0.7,""steady"":true}"
12.453,left_hand,og,acc,372334,"{""seq"":602,""x_mg"":60,""y_mg"":84,""z_mg"":956}"
12.453,left_hand,og,tilt,,"{""deg"":0.7,""steady"":true}"
12.468,left_hand,og,acc,372355,"{""seq"":603,""x_mg"":92,""y_mg"":148,""z_mg"":960}"
12.468,left_hand,og,tilt,,"{""deg"":0.7,""steady"":true}"
12.500,left_hand,og,acc,372375,"{""seq"":604,""x_mg"":112,""y_mg"":124,""z_mg"":928}"
12.500,left_hand,og,tilt,,"{""deg"":1.3,""steady"":true}"
12.500,left_hand,og,acc,372396,"{""seq"":605,""x_mg"":124,""y_mg"":92,""z_mg"":876}"
12.500,left_hand,og,tilt,,"{""deg"":1.9,""steady"":true}"
12.531,left_hand,og,acc,372416,"{""seq"":606,""x_mg"":140,""y_mg"":140,""z_mg"":924}"
12.531,left_hand,og,tilt,,"{""deg"":2.6,""steady"":true}"
12.562,left_hand,og,acc,372437,"{""seq"":607,""x_mg"":228,""y_mg"":100,""z_mg"":1028}"
12.562,left_hand,og,tilt,,"{""deg"":3.2,""steady"":true}"
12.593,left_hand,og,acc,372458,"{""seq"":608,""x_mg"":208,""y_mg"":72,""z_mg"":1048}"
12.593,left_hand,og,tilt,,"{""deg"":3.6,""steady"":true}"
12.593,left_hand,og,acc,372478,"{""seq"":609,""x_mg"":140,""y_mg"":124,""z_mg"":1012}"
12.593,left_hand,og,tilt,,"{""deg"":3.9,""steady"":true}"
12.609,left_hand,og,acc,372499,"{""seq"":610,""x_mg"":108,""y_mg"":176,""z_mg"":956}"
12.609,left_hand,og,tilt,,"{""deg"":4.3,""steady"":true}"
12.640,left_hand,og,acc,372519,"{""seq"":611,""x_mg"":88,""y_mg"":168,""z_mg"":848}"
12.640,left_hand,og,tilt,,"{""deg"":4.6,""steady"":true}"
12.640,left_hand,og,acc,372540,"{""seq"":612,""x_mg"":20,""y_mg"":196,""z_mg"":960}"
12.640,left_hand,og,tilt,,"{""deg"":5.4,""steady"":true}"
12.671,left_hand,og,acc,372560,"{""seq"":613,""x_mg"":0,""y_mg"":248,""z_mg"":1040}"
12.671,left_hand,og,tilt,,"{""deg"":6.1,""steady"":true}"
12.703,left_hand,og,acc,372581,"{""seq"":614,""x_mg"":44,""y_mg"":172,""z_mg"":928}"
12.703,left_hand,og,tilt,,"{""deg"":6.7,""steady"":true}"
12.718,left_hand,og,acc,372602,"{""seq"":615,""x_mg"":76,""y_mg"":32,""z_mg"":960}"
12.718,left_hand,og,tilt,,"{""deg"":7.3,""steady"":true}"
12.718,left_hand,og,acc,372622,"{""seq"":616,""x_mg"":48,""y_mg"":68,""z_mg"":1036}"
12.718,left_hand,og,tilt,,"{""deg"":7.7,""steady"":true}"
12.750,left_hand,og,acc,372643,"{""seq"":617,""x_mg"":52,""y_mg"":180,""z_mg"":984}"
12.750,left_hand,og,tilt,,"{""deg"":8.1,""steady"":true}"
12.781,left_hand,og,acc,372663,"{""seq"":618,""x_mg"":92,""y_mg"":24,""z_mg"":964}"
12.781,left_hand,og,tilt,,"{""deg"":7.6,""steady"":true}"
12.781,left_hand,og,acc,372684,"{""seq"":619,""x_mg"":84,""y_mg"":-228,""z_mg"":1136}"
12.781,left_hand,og,tilt,,"{""deg"":6.9,""steady"":true}"
12.828,left_hand,og,acc,372704,"{""seq"":620,""x_mg"":92,""y_mg"":-300,""z_mg"":1020}"
12.828,left_hand,og,tilt,,"{""deg"":6.3,""steady"":true}"
12.843,left_hand,og,acc,372725,"{""seq"":621,""x_mg"":100,""y_mg"":-72,""z_mg"":924}"
12.843,left_hand,og,tilt,,"{""deg"":5.0,""steady"":true}"
12.843,left_hand,og,acc,372745,"{""seq"":622,""x_mg"":72,""y_mg"":128,""z_mg"":964}"
12.843,left_hand,og,tilt,,"{""deg"":3.9,""steady"":true}"
12.875,left_hand,og,acc,372766,"{""seq"":623,""x_mg"":64,""y_mg"":96,""z_mg"":916}"
12.875,left_hand,og,tilt,,"{""deg"":2.9,""steady"":true}"
12.906,left_hand,og,acc,372787,"{""seq"":624,""x_mg"":76,""y_mg"":-64,""z_mg"":1000}"
12.906,left_hand,og,tilt,,"{""deg"":2.2,""steady"":true}"
12.921,left_hand,og,acc,372807,"{""seq"":625,""x_mg"":52,""y_mg"":-16,""z_mg"":1084}"
12.921,left_hand,og,tilt,,"{""deg"":1.8,""steady"":true}"
12.953,left_hand,og,acc,372828,"{""seq"":626,""x_mg"":64,""y_mg"":280,""z_mg"":1032}"
12.953,left_hand,og,tilt,,"{""deg"":2.4,""steady"":true}"
12.953,left_hand,og,acc,372848,"{""seq"":627,""x_mg"":116,""y_mg"":368,""z_mg"":1008}"
12.953,left_hand,og,tilt,,"{""deg"":2.8,""steady"":true}"
12.984,left_hand,og,acc,372869,"{""seq"":628,""x_mg"":124,""y_mg"":196,""z_mg"":984}"
12.984,left_hand,og,tilt,,"{""deg"":3.9,""steady"":true}"
13.015,left_hand,og,acc,372889,"{""seq"":629,""x_mg"":120,""y_mg"":-40,""z_mg"":908}"
13.015,left_hand,og,tilt,,"{""deg"":4.8,""steady"":true}"
13.031,left_hand,og,acc,372910,"{""seq"":630,""x_mg"":152,""y_mg"":56,""z_mg"":936}"
13.031,left_hand,og,tilt,,"{""deg"":5.6,""steady"":true}"
13.031,left_hand,og,acc,372931,"{""seq"":631,""x_mg"":116,""y_mg"":212,""z_mg"":948}"
13.031,left_hand,og,tilt,,"{""deg"":6.3,""steady"":true}"
13.062,left_hand,og,acc,372951,"{""seq"":632,""x_mg"":56,""y_mg"":276,""z_mg"":1000}"
13.062,left_hand,og,tilt,,"{""deg"":6.9,""steady"":true}"
13.093,left_hand,og,acc,372972,"{""seq"":633,""x_mg"":28,""y_mg"":188,""z_mg"":996}"
13.093,left_hand,og,tilt,,"{""deg"":7.4,""steady"":true}"
13.093,left_hand,og,acc,372992,"{""seq"":634,""x_mg"":16,""y_mg"":24,""z_mg"":908}"
13.093,left_hand,og,tilt,,"{""deg"":7.8,""steady"":true}"
13.125,left_hand,og,acc,373013,"{""seq"":635,""x_mg"":-100,""y_mg"":-120,""z_mg"":1092}"
13.125,left_hand,og,tilt,,"{""deg"":8.2,""steady"":true}"
13.140,left_hand,og,acc,373033,"{""seq"":636,""x_mg"":-156,""y_mg"":-120,""z_mg"":1112}"
13.140,left_hand,og,tilt,,"{""deg"":7.4,""steady"":true}"
13.156,left_hand,og,acc,373054,"{""seq"":637,""x_mg"":-56,""y_mg"":-60,""z_mg"":916}"
13.156,left_hand,og,tilt,,"{""deg"":6.1,""steady"":true}"
13.187,left_hand,og,acc,373075,"{""seq"":638,""x_mg"":-28,""y_mg"":84,""z_mg"":960}"
13.187,left_hand,og,tilt,,"{""deg"":5.0,""steady"":true}"
13.203,left_hand,og,acc,373095,"{""seq"":639,""x_mg"":0,""y_mg"":76,""z_mg"":968}"
13.203,left_hand,og,tilt,,"{""deg"":3.9,""steady"":true}"
13.234,left_hand,og,acc,373116,"{""seq"":640,""x_mg"":76,""y_mg"":-28,""z_mg"":1088}"
13.234,left_hand,og,tilt,,"{""deg"":3.3,""steady"":true}"
13.265,left_hand,og,acc,373136,"{""seq"":641,""x_mg"":108,""y_mg"":-64,""z_mg"":948}"
13.265,left_hand,og,tilt,,"{""deg"":2.8,""steady"":true}"
13.281,left_hand,og,acc,373157,"{""seq"":642,""x_mg"":124,""y_mg"":88,""z_mg"":928}"
13.281,left_hand,og,tilt,,"{""deg"":3.0,""steady"":true}"
13.281,left_hand,og,acc,373177,"{""seq"":643,""x_mg"":116,""y_mg"":208,""z_mg"":912}"
13.281,left_hand,og,tilt,,"{""deg"":3.2,""steady"":true}"
13.312,left_hand,og,acc,373198,"{""seq"":644,""x_mg"":80,""y_mg"":144,""z_mg"":948}"
13.312,left_hand,og,tilt,,"{""deg"":3.5,""steady"":true}"
13.343,left_hand,og,acc,373219,"{""seq"":645,""x_mg"":76,""y_mg"":48,""z_mg"":856}"
13.343,left_hand,og,tilt,,"{""deg"":3.8,""steady"":true}"
13.359,left_hand,og,acc,373239,"{""seq"":646,""x_mg"":116,""y_mg"":4,""z_mg"":1076}"
13.359,left_hand,og,tilt,,"{""deg"":4.0,""steady"":true}"
13.359,left_hand,og,acc,373260,"{""seq"":647,""x_mg"":120,""y_mg"":16,""z_mg"":1052}"
13.359,left_hand,og,tilt,,"{""deg"":3.9,""steady"":true}"
13.406,left_hand,og,acc,373280,"{""seq"":648,""x_mg"":108,""y_mg"":128,""z_mg"":1000}"
13.406,left_hand,og,tilt,,"{""deg"":3.9,""steady"":true}"
13.406,left_hand,og,acc,373301,"{""seq"":649,""x_mg"":120,""y_mg"":188,""z_mg"":996}"
13.406,left_hand,og,tilt,,"{""deg"":3.8,""steady"":true}"
13.421,left_hand,og,acc,373321,"{""seq"":650,""x_mg"":92,""y_mg"":192,""z_mg"":1100}"
13.421,left_hand,og,tilt,,"{""deg"":4.3,""steady"":true}"
13.453,left_hand,og,acc,373342,"{""seq"":651,""x_mg"":160,""y_mg"":0,""z_mg"":1028}"
13.453,left_hand,og,tilt,,"{""deg"":4.6,""steady"":true}"
13.468,left_hand,og,acc,373362,"{""seq"":652,""x_mg"":128,""y_mg"":-136,""z_mg"":992}"
13.468,left_hand,og,tilt,,"{""deg"":5.0,""steady"":true}"
13.500,left_hand,og,acc,373383,"{""seq"":653,""x_mg"":136,""y_mg"":-76,""z_mg"":928}"
13.500,left_hand,og,tilt,,"{""deg"":4.4,""steady"":true}"
13.515,left_hand,og,acc,373404,"{""seq"":654,""x_mg"":136,""y_mg"":-4,""z_mg"":992}"
13.515,left_hand,og,tilt,,"{""deg"":3.9,""steady"":true}"
13.546,left_hand,og,acc,373424,"{""seq"":655,""x_mg"":128,""y_mg"":44,""z_mg"":992}"
13.546,left_hand,og,tilt,,"{""deg"":3.4,""steady"":true}"
13.562,left_hand,og,acc,373445,"{""seq"":656,""x_mg"":104,""y_mg"":72,""z_mg"":952}"
13.562,left_hand,og,tilt,,"{""deg"":3.0,""steady"":true}"
13.578,left_hand,og,acc,373465,"{""seq"":657,""x_mg"":80,""y_mg"":112,""z_mg"":924}"
13.578,left_hand,og,tilt,,"{""deg"":3.0,""steady"":true}"
13.609,left_hand,og,acc,373486,"{""seq"":658,""x_mg"":52,""y_mg"":100,""z_mg"":972}"
13.609,left_hand,og,tilt,,"{""deg"":3.2,""steady"":true}"
13.609,left_hand,og,acc,373506,"{""seq"":659,""x_mg"":28,""y_mg"":40,""z_mg"":988}"
13.609,left_hand,og,tilt,,"{""deg"":3.3,""steady"":true}"
13.625,left_hand,og,acc,373527,"{""seq"":660,""x_mg"":72,""y_mg"":-52,""z_mg"":940}"
13.625,left_hand,og,tilt,,"{""deg"":3.5,""steady"":true}"
13.656,left_hand,og,acc,373548,"{""seq"":661,""x_mg"":84,""y_mg"":-172,""z_mg"":1076}"
13.656,left_hand,og,tilt,,"{""deg"":3.4,""steady"":true}"
13.687,left_hand,og,acc,373568,"{""seq"":662,""x_mg"":12,""y_mg"":-300,""z_mg"":1204}"
13.687,left_hand,og,tilt,,"{""deg"":2.6,""steady"":true}"
13.703,left_hand,og,acc,373589,"{""seq"":663,""x_mg"":52,""y_mg"":-184,""z_mg"":976}"
13.703,left_hand,og,tilt,,"{""deg"":1.2,""steady"":true}"
13.734,left_hand,og,acc,373609,"{""seq"":664,""x_mg"":164,""y_mg"":-104,""z_mg"":860}"
13.734,left_hand,og,tilt,,"{""deg"":0.0,""steady"":true}"
13.734,left_hand,og,acc,373630,"{""seq"":665,""x_mg"":116,""y_mg"":-36,""z_mg"":932}"
13.734,left_hand,og,tilt,,"{""deg"":-1.0,""steady"":true}"
13.765,left_hand,og,acc,373650,"{""seq"":666,""x_mg"":44,""y_mg"":20,""z_mg"":924}"
13.765,left_hand,og,tilt,,"{""deg"":-1.7,""steady"":true}"
13.796,left_hand,og,acc,373671,"{""seq"":667,""x_mg"":32,""y_mg"":60,""z_mg"":868}"
13.796,left_hand,og,tilt,,"{""deg"":-1.7,""steady"":true}"
13.796,left_hand,og,acc,373692,"{""seq"":668,""x_mg"":20,""y_mg"":48,""z_mg"":908}"
13.796,left_hand,og,tilt,,"{""deg"":-1.4,""steady"":true}"
13.828,left_hand,og,acc,373712,"{""seq"":669,""x_mg"":-8,""y_mg"":-40,""z_mg"":952}"
13.828,left_hand,og,tilt,,"{""deg"":-1.0,""steady"":true}"
13.859,left_hand,og,acc,373733,"{""seq"":670,""x_mg"":-92,""y_mg"":-104,""z_mg"":928}"
13.859,left_hand,og,tilt,,"{""deg"":-0.7,""steady"":true}"
13.859,left_hand,og,acc,373753,"{""seq"":671,""x_mg"":-200,""y_mg"":-140,""z_mg"":1092}"
13.859,left_hand,og,tilt,,"{""deg"":-0.9,""steady"":true}"
13.890,left_hand,og,acc,373774,"{""seq"":672,""x_mg"":-168,""y_mg"":-256,""z_mg"":1056}"
13.890,left_hand,og,tilt,,"{""deg"":-1.5,""steady"":true}"
13.921,left_hand,og,acc,373794,"{""seq"":673,""x_mg"":-56,""y_mg"":-304,""z_mg"":964}"
13.921,left_hand,og,tilt,,"{""deg"":-2.2,""steady"":true}"
13.921,left_hand,og,acc,373815,"{""seq"":674,""x_mg"":4,""y_mg"":-96,""z_mg"":948}"
13.921,left_hand,og,tilt,,"{""deg"":-2.8,""steady"":true}"
13.953,left_hand,og,acc,373835,"{""seq"":675,""x_mg"":56,""y_mg"":-28,""z_mg"":1032}"
13.953,left_hand,og,tilt,,"{""deg"":-3.3,""steady"":true}"
13.968,left_hand,og,acc,373856,"{""seq"":676,""x_mg"":88,""y_mg"":-36,""z_mg"":1128}"
13.968,left_hand,og,tilt,,"{""deg"":-3.6,""steady"":true}"
14.000,left_hand,og,acc,373877,"{""seq"":677,""x_mg"":92,""y_mg"":0,""z_mg"":1000}"
14.000,left_hand,og,tilt,,"{""deg"":-3.3,""steady"":true}"
14.031,left_hand,og,acc,373897,"{""seq"":678,""x_mg"":148,""y_mg"":120,""z_mg"":936}"
14.031,left_hand,og,tilt,,"{""deg"":-3.1,""steady"":true}"
14.031,left_hand,og,acc,373918,"{""seq"":679,""x_mg"":160,""y_mg"":120,""z_mg"":1036}"
14.031,left_hand,og,tilt,,"{""deg"":-2.7,""steady"":true}"
14.062,left_hand,og,acc,373938,"{""seq"":680,""x_mg"":92,""y_mg"":108,""z_mg"":1052}"
14.062,left_hand,og,tilt,,"{""deg"":-1.6,""steady"":true}"
14.078,left_hand,og,acc,373959,"{""seq"":681,""x_mg"":52,""y_mg"":180,""z_mg"":1036}"
14.078,left_hand,og,tilt,,"{""deg"":-0.6,""steady"":true}"
14.109,left_hand,og,acc,373979,"{""seq"":682,""x_mg"":120,""y_mg"":232,""z_mg"":824}"
14.109,left_hand,og,tilt,,"{""deg"":0.4,""steady"":true}"
14.109,left_hand,og,acc,374000,"{""seq"":683,""x_mg"":96,""y_mg"":300,""z_mg"":960}"
14.109,left_hand,og,tilt,,"{""deg"":1.5,""steady"":true}"
14.140,left_hand,og,acc,374021,"{""seq"":684,""x_mg"":40,""y_mg"":212,""z_mg"":988}"
14.140,left_hand,og,tilt,,"{""deg"":2.8,""steady"":true}"
14.171,left_hand,og,acc,374041,"{""seq"":685,""x_mg"":76,""y_mg"":-120,""z_mg"":900}"
14.171,left_hand,og,tilt,,"{""deg"":4.0,""steady"":true}"
14.171,left_hand,og,acc,374062,"{""seq"":686,""x_mg"":44,""y_mg"":-132,""z_mg"":916}"
14.171,left_hand,og,tilt,,"{""deg"":5.0,""steady"":true}"
14.187,left_hand,og,acc,374082,"{""seq"":687,""x_mg"":20,""y_mg"":-20,""z_mg"":876}"
14.187,left_hand,og,tilt,,"{""deg"":4.2,""steady"":true}"
14.218,left_hand,og,acc,374103,"{""seq"":688,""x_mg"":16,""y_mg"":28,""z_mg"":860}"
14.218,left_hand,og,tilt,,"{""deg"":3.6,""steady"":true}"
14.250,left_hand,og,acc,374123,"{""seq"":689,""x_mg"":-36,""y_mg"":8,""z_mg"":980}"
14.250,left_hand,og,tilt,,"{""deg"":3.0,""steady"":true}"
14.281,left_hand,og,acc,374144,"{""seq"":690,""x_mg"":-92,""y_mg"":-68,""z_mg"":1132}"
14.281,left_hand,og,tilt,,"{""deg"":2.5,""steady"":true}"
14.281,left_hand,og,acc,374164,"{""seq"":691,""x_mg"":-80,""y_mg"":-108,""z_mg"":1112}"
14.281,left_hand,og,tilt,,"{""deg"":2.1,""steady"":true}"
14.296,left_hand,og,acc,374185,"{""seq"":692,""x_mg"":-28,""y_mg"":-76,""z_mg"":1060}"
14.296,left_hand,og,tilt,,"{""deg"":1.5,""steady"":true}"
14.328,left_hand,og,acc,374206,"{""seq"":693,""x_mg"":-4,""y_mg"":-32,""z_mg"":1068}"
14.328,left_hand,og,tilt,,"{""deg"":0.9,""steady"":true}"
14.359,left_hand,og,acc,374226,"{""seq"":694,""x_mg"":-12,""y_mg"":-72,""z_mg"":1072}"
14.359,left_hand,og,tilt,,"{""deg"":0.4,""steady"":true}"
14.359,left_hand,og,acc,374247,"{""seq"":695,""x_mg"":4,""y_mg"":-88,""z_mg"":1048}"
14.359,left_hand,og,tilt,,"{""deg"":-0.1,""steady"":true}"
14.390,left_hand,og,acc,374267,"{""seq"":696,""x_mg"":36,""y_mg"":-88,""z_mg"":1028}"
14.390,left_hand,og,tilt,,"{""deg"":-0.6,""steady"":true}"
14.406,left_hand,og,acc,374288,"{""seq"":697,""x_mg"":68,""y_mg"":-152,""z_mg"":912}"
14.406,left_hand,og,tilt,,"{""deg"":-1.1,""steady"":true}"
14.437,left_hand,og,acc,374308,"{""seq"":698,""x_mg"":80,""y_mg"":16,""z_mg"":968}"
14.437,left_hand,og,tilt,,"{""deg"":-1.5,""steady"":true}"
14.437,left_hand,og,acc,374329,"{""seq"":699,""x_mg"":84,""y_mg"":164,""z_mg"":1008}"
14.437,left_hand,og,tilt,,"{""deg"":-1.9,""steady"":true}"
14.468,left_hand,og,acc,374350,"{""seq"":700,""x_mg"":116,""y_mg"":104,""z_mg"":1008}"
14.468,left_hand,og,tilt,,"{""deg"":-1.5,""steady"":true}"
14.500,left_hand,og,acc,374370,"{""seq"":701,""x_mg"":108,""y_mg"":-4,""z_mg"":984}"
14.500,left_hand,og,tilt,,"{""deg"":-1.2,""steady"":true}"
14.500,left_hand,og,acc,374391,"{""seq"":702,""x_mg"":120,""y_mg"":68,""z_mg"":952}"
14.500,left_hand,og,tilt,,"{""deg"":-0.5,""steady"":true}"
14.515,left_hand,og,acc,374411,"{""seq"":703,""x_mg"":120,""y_mg"":84,""z_mg"":932}"
14.515,left_hand,og,tilt,,"{""deg"":0.2,""steady"":true}"
14.546,left_hand,og,acc,374432,"{""seq"":704,""x_mg"":96,""y_mg"":156,""z_mg"":912}"
14.546,left_hand,og,tilt,,"{""deg"":0.8,""steady"":true}"
14.578,left_hand,og,acc,374452,"{""seq"":705,""x_mg"":80,""y_mg"":228,""z_mg"":880}"
14.578,left_hand,og,tilt,,"{""deg"":1.4,""steady"":true}"
14.578,left_hand,og,acc,374473,"{""seq"":706,""x_mg"":92,""y_mg"":224,""z_mg"":864}"
14.578,left_hand,og,tilt,,"{""deg"":2.4,""steady"":true}"
14.593,left_hand,og,acc,374494,"{""seq"":707,""x_mg"":68,""y_mg"":340,""z_mg"":984}"
14.593,left_hand,og,tilt,,"{""deg"":3.9,""steady"":true}"
14.625,left_hand,og,acc,374514,"{""seq"":708,""x_mg"":92,""y_mg"":504,""z_mg"":940}"
14.625,left_hand,og,tilt,,"{""deg"":5.2,""steady"":true}"
14.640,left_hand,og,acc,374535,"{""seq"":709,""x_mg"":132,""y_mg"":420,""z_mg"":1064}"
14.640,left_hand,og,tilt,,"{""deg"":6.9,""steady"":true}"
14.671,left_hand,og,acc,374555,"{""seq"":710,""x_mg"":112,""y_mg"":180,""z_mg"":1096}"
14.671,left_hand,og,tilt,,"{""deg"":8.4,""steady"":true}"
14.703,left_hand,og,acc,374576,"{""seq"":711,""x_mg"":76,""y_mg"":-60,""z_mg"":1020}"
14.703,left_hand,og,tilt,,"{""deg"":9.7,""steady"":true}"
14.703,left_hand,og,acc,374596,"{""seq"":712,""x_mg"":104,""y_mg"":-228,""z_mg"":956}"
14.703,left_hand,og,tilt,,"{""deg"":9.7,""steady"":true}"
14.718,left_hand,og,acc,374617,"{""seq"":713,""x_mg"":132,""y_mg"":-228,""z_mg"":864}"
14.718,left_hand,og,tilt,,"{""deg"":8.1,""steady"":true}"
14.750,left_hand,og,acc,374638,"{""seq"":714,""x_mg"":108,""y_mg"":-172,""z_mg"":996}"
14.750,left_hand,og,tilt,,"{""deg"":6.0,""steady"":true}"
14.781,left_hand,og,acc,374658,"{""seq"":715,""x_mg"":64,""y_mg"":-64,""z_mg"":1024}"
14.781,left_hand,og,tilt,,"{""deg"":4.1,""steady"":true}"
14.812,left_hand,og,acc,374679,"{""seq"":716,""x_mg"":72,""y_mg"":56,""z_mg"":944}"
14.812,left_hand,og,tilt,,"{""deg"":2.5,""steady"":true}"
14.812,left_hand,og,acc,374699,"{""seq"":717,""x_mg"":76,""y_mg"":112,""z_mg"":940}"
14.812,left_hand,og,tilt,,"{""deg"":1.8,""steady"":true}"
14.828,left_hand,og,acc,374720,"{""seq"":718,""x_mg"":24,""y_mg"":68,""z_mg"":988}"
14.828,left_hand,og,tilt,,"{""deg"":2.0,""steady"":true}"
14.859,left_hand,og,acc,374740,"{""seq"":719,""x_mg"":-52,""y_mg"":-124,""z_mg"":1076}"
14.859,left_hand,og,tilt,,"{""deg"":2.2,""steady"":true}"
14.875,left_hand,og,acc,374761,"{""seq"":720,""x_mg"":-80,""y_mg"":-244,""z_mg"":1068}"
14.875,left_hand,og,tilt,,"{""deg"":2.4,""steady"":true}"
14.875,left_hand,og,acc,374781,"{""seq"":721,""x_mg"":-72,""y_mg"":-300,""z_mg"":1040}"
14.875,left_hand,og,tilt,,"{""deg"":1.3,""steady"":true}"
14.921,left_hand,og,acc,374802,"{""seq"":722,""x_mg"":-8,""y_mg"":-252,""z_mg"":848}"
14.921,left_hand,og,tilt,,"{""deg"":-0.3,""steady"":true}"
14.953,left_hand,og,acc,374823,"{""seq"":723,""x_mg"":8,""y_mg"":-92,""z_mg"":924}"
14.953,left_hand,og,tilt,,"{""deg"":-1.8,""steady"":true}"
14.953,left_hand,og,acc,374843,"{""seq"":724,""x_mg"":4,""y_mg"":80,""z_mg"":1032}"
14.953,left_hand,og,tilt,,"{""deg"":-3.1,""steady"":true}"
14.968,left_hand,og,acc,374864,"{""seq"":725,""x_mg"":16,""y_mg"":164,""z_mg"":1052}"
14.968,left_hand,og,tilt,,"{""deg"":-3.4,""steady"":true}"
15.015,left_hand,og,acc,374884,"{""seq"":726,""x_mg"":136,""y_mg"":68,""z_mg"":1012}"
15.015,left_hand,og,tilt,,"{""deg"":-2.5,""steady"":true}"
15.015,left_hand,og,acc,374905,"{""seq"":727,""x_mg"":148,""y_mg"":-32,""z_mg"":972}"
15.015,left_hand,og,tilt,,"{""deg"":-1.7,""steady"":true}"
15.031,left_hand,og,acc,374925,"{""seq"":728,""x_mg"":124,""y_mg"":-80,""z_mg"":996}"
15.031,left_hand,og,tilt,,"{""deg"":-1.0,""steady"":true}"
15.062,left_hand,og,acc,374946,"{""seq"":729,""x_mg"":128,""y_mg"":-72,""z_mg"":988}"
15.062,left_hand,og,tilt,,"{""deg"":-1.1,""steady"":true}"
15.093,left_hand,og,acc,374967,"{""seq"":730,""x_mg"":156,""y_mg"":-44,""z_mg"":984}"
15.093,left_hand,og,tilt,,"{""deg"":-1.2,""steady"":true}"
15.093,left_hand,og,acc,374987,"{""seq"":731,""x_mg"":144,""y_mg"":88,""z_mg"":980}"
15.093,left_hand,og,tilt,,"{""deg"":-1.4,""steady"":true}"
15.125,left_hand,og,acc,375008,"{""seq"":732,""x_mg"":136,""y_mg"":92,""z_mg"":1056}"
15.125,left_hand,og,tilt,,"{""deg"":-1.5,""steady"":true}"
15.156,left_hand,og,acc,375028,"{""seq"":733,""x_mg"":128,""y_mg"":136,""z_mg"":1012}"
15.156,left_hand,og,tilt,,"{""deg"":-0.7,""steady"":true}"
15.156,left_hand,og,acc,375049,"{""seq"":734,""x_mg"":116,""y_mg"":176,""z_mg"":1004}"
15.156,left_hand,og,tilt,,"{""deg"":0.0,""steady"":true}"
15.171,left_hand,og,acc,375069,"{""seq"":735,""x_mg"":108,""y_mg"":92,""z_mg"":944}"
15.171,left_hand,og,tilt,,"{""deg"":0.7,""steady"":true}"
15.203,left_hand,og,acc,375090,"{""seq"":736,""x_mg"":76,""y_mg"":-48,""z_mg"":852}"
15.203,left_hand,og,tilt,,"{""deg"":1.3,""steady"":true}"
15.234,left_hand,og,acc,375110,"{""seq"":737,""x_mg"":0,""y_mg"":-160,""z_mg"":808}"
15.234,left_hand,og,tilt,,"{""deg"":1.9,""steady"":true}"
15.250,left_hand,og,acc,375131,"{""seq"":738,""x_mg"":-88,""y_mg"":52,""z_mg"":1012}"
15.250,left_hand,og,tilt,,"{""deg"":2.0,""steady"":true}"
15.250,left_hand,og,acc,375152,"{""seq"":739,""x_mg"":-16,""y_mg"":220,""z_mg"":1000}"
15.250,left_hand,og,tilt,,"{""deg"":2.2,""steady"":true}"
15.281,left_hand,og,acc,375172,"{""seq"":740,""x_mg"":52,""y_mg"":160,""z_mg"":1008}"
15.281,left_hand,og,tilt,,"{""deg"":2.3,""steady"":true}"
15.312,left_hand,og,acc,375193,"{""seq"":741,""x_mg"":56,""y_mg"":96,""z_mg"":976}"
15.312,left_hand,og,tilt,,"{""deg"":2.7,""steady"":true}"
15.328,left_hand,og,acc,375213,"{""seq"":742,""x_mg"":108,""y_mg"":224,""z_mg"":1012}"
15.328,left_hand,og,tilt,,"{""deg"":3.5,""steady"":true}"
15.359,left_hand,og,acc,375234,"{""seq"":743,""x_mg"":128,""y_mg"":176,""z_mg"":1084}"
15.359,left_hand,og,tilt,,"{""deg"":4.2,""steady"":true}"
15.359,left_hand,og,acc,375254,"{""seq"":744,""x_mg"":180,""y_mg"":-116,""z_mg"":964}"
15.359,left_hand,og,tilt,,"{""deg"":4.8,""steady"":true}"
15.390,left_hand,og,acc,375275,"{""seq"":745,""x_mg"":156,""y_mg"":-272,""z_mg"":1052}"
15.390,left_hand,og,tilt,,"{""deg"":4.9,""steady"":true}"
15.406,left_hand,og,acc,375296,"{""seq"":746,""x_mg"":172,""y_mg"":-248,""z_mg"":928}"
15.406,left_hand,og,tilt,,"{""deg"":3.6,""steady"":true}"
15.421,left_hand,og,acc,375316,"{""seq"":747,""x_mg"":168,""y_mg"":-144,""z_mg"":924}"
15.421,left_hand,og,tilt,,"{""deg"":2.1,""steady"":true}"
15.453,left_hand,og,acc,375337,"{""seq"":748,""x_mg"":124,""y_mg"":20,""z_mg"":1012}"
15.453,left_hand,og,tilt,,"{""deg"":0.8,""steady"":true}"
15.484,left_hand,og,acc,375357,"{""seq"":749,""x_mg"":116,""y_mg"":72,""z_mg"":1084}"
15.484,left_hand,og,tilt,,"{""deg"":-0.3,""steady"":true}"
15.500,left_hand,og,acc,375378,"{""seq"":750,""x_mg"":116,""y_mg"":52,""z_mg"":992}"
15.500,left_hand,og,tilt,,"{""deg"":-0.1,""steady"":true}"
15.500,left_hand,og,acc,375398,"{""seq"":751,""x_mg"":120,""y_mg"":24,""z_mg"":920}"
15.500,left_hand,og,tilt,,"{""deg"":0.1,""steady"":true}"
15.531,left_hand,og,acc,375419,"{""seq"":752,""x_mg"":88,""y_mg"":-4,""z_mg"":928}"
15.531,left_hand,og,tilt,,"{""deg"":0.3,""steady"":true}"
15.562,left_hand,og,acc,375439,"{""seq"":753,""x_mg"":4,""y_mg"":-64,""z_mg"":928}"
15.562,left_hand,og,tilt,,"{""deg"":0.5,""steady"":true}"
15.593,left_hand,og,acc,375460,"{""seq"":754,""x_mg"":28,""y_mg"":-76,""z_mg"":860}"
15.593,left_hand,og,tilt,,"{""deg"":0.4,""steady"":true}"
15.593,left_hand,og,acc,375481,"{""seq"":755,""x_mg"":16,""y_mg"":-100,""z_mg"":1052}"
15.593,left_hand,og,tilt,,"{""deg"":-0.1,""steady"":true}"
15.625,left_hand,og,acc,375501,"{""seq"":756,""x_mg"":16,""y_mg"":0,""z_mg"":1052}"
15.625,left_hand,og,tilt,,"{""deg"":-0.5,""steady"":true}"
15.656,left_hand,og,acc,375522,"{""seq"":757,""x_mg"":40,""y_mg"":72,""z_mg"":1048}"
15.656,left_hand,og,tilt,,"{""deg"":-0.9,""steady"":true}"
15.656,left_hand,og,acc,375542,"{""seq"":758,""x_mg"":92,""y_mg"":4,""z_mg"":1024}"
15.656,left_hand,og,tilt,,"{""deg"":-0.8,""steady"":true}"
15.671,left_hand,og,acc,375563,"{""seq"":759,""x_mg"":96,""y_mg"":-16,""z_mg"":1012}"
15.671,left_hand,og,tilt,,"{""deg"":-0.7,""steady"":true}"
15.703,left_hand,og,acc,375583,"{""seq"":760,""x_mg"":76,""y_mg"":12,""z_mg"":984}"
15.703,left_hand,og,tilt,,"{""deg"":-0.5,""steady"":true}"
15.734,left_hand,og,acc,375604,"{""seq"":761,""x_mg"":96,""y_mg"":12,""z_mg"":1044}"
15.734,left_hand,og,tilt,,"{""deg"":-0.3,""steady"":true}"
15.734,left_hand,og,acc,375625,"{""seq"":762,""x_mg"":48,""y_mg"":-80,""z_mg"":1076}"
15.734,left_hand,og,tilt,,"{""deg"":-0.3,""steady"":true}"
15.750,left_hand,og,acc,375645,"{""seq"":763,""x_mg"":80,""y_mg"":-140,""z_mg"":960}"
15.750,left_hand,og,tilt,,"{""deg"":-0.3,""steady"":true}"
15.781,left_hand,og,acc,375666,"{""seq"":764,""x_mg"":104,""y_mg"":-32,""z_mg"":904}"
15.781,left_hand,og,tilt,,"{""deg"":-0.5,""steady"":true}"
15.812,left_hand,og,acc,375686,"{""seq"":765,""x_mg"":120,""y_mg"":4,""z_mg"":976}"
15.812,left_hand,og,tilt,,"{""deg"":-0.6,""steady"":true}"
15.828,left_hand,og,acc,375707,"{""seq"":766,""x_mg"":76,""y_mg"":0,""z_mg"":1028}"
15.828,left_hand,og,tilt,,"{""deg"":-0.8,""steady"":true}"
15.828,left_hand,og,acc,375727,"{""seq"":767,""x_mg"":104,""y_mg"":8,""z_mg"":924}"
15.828,left_hand,og,tilt,,"{""deg"":-0.7,""steady"":true}"
15.859,left_hand,og,acc,375748,"{""seq"":768,""x_mg"":136,""y_mg"":72,""z_mg"":876}"
15.859,left_hand,og,tilt,,"{""deg"":-0.5,""steady"":true}"
15.875,left_hand,og,acc,375769,"{""seq"":769,""x_mg"":112,""y_mg"":88,""z_mg"":924}"
15.875,left_hand,og,tilt,,"{""deg"":-0.4,""steady"":true}"
15.890,left_hand,og,acc,375789,"{""seq"":770,""x_mg"":56,""y_mg"":4,""z_mg"":1020}"
15.890,left_hand,og,tilt,,"{""deg"":-0.2,""steady"":true}"
15.921,left_hand,og,acc,375810,"{""seq"":771,""x_mg"":16,""y_mg"":-72,""z_mg"":1064}"
15.921,left_hand,og,tilt,,"{""deg"":-0.1,""steady"":true}"
15.953,left_hand,og,acc,375830,"{""seq"":772,""x_mg"":-32,""y_mg"":-108,""z_mg"":1004}"
15.953,left_hand,og,tilt,,"{""deg"":-0.1,""steady"":true}"
15.968,left_hand,og,acc,375851,"{""seq"":773,""x_mg"":-92,""y_mg"":-204,""z_mg"":944}"
15.968,left_hand,og,tilt,,"{""deg"":-0.5,""steady"":true}"
15.968,left_hand,og,acc,375871,"{""seq"":774,""x_mg"":-92,""y_mg"":-324,""z_mg"":964}"
15.968,left_hand,og,tilt,,"{""deg"":-1.1,""steady"":true}"
16.000,left_hand,og,acc,375892,"{""seq"":775,""x_mg"":-20,""y_mg"":-148,""z_mg"":972}"
16.000,left_hand,og,tilt,,"{""deg"":-2.0,""steady"":true}"
16.031,left_hand,og,acc,375913,"{""seq"":776,""x_mg"":-12,""y_mg"":76,""z_mg"":996}"
16.031,left_hand,og,tilt,,"{""deg"":-2.8,""steady"":true}"
16.062,left_hand,og,acc,375933,"{""seq"":777,""x_mg"":16,""y_mg"":244,""z_mg"":1056}"
16.062,left_hand,og,tilt,,"{""deg"":-3.5,""steady"":true}"
16.062,left_hand,og,acc,375954,"{""seq"":778,""x_mg"":88,""y_mg"":224,""z_mg"":1068}"
16.062,left_hand,og,tilt,,"{""deg"":-2.5,""steady"":true}"
16.078,left_hand,og,acc,375974,"{""seq"":779,""x_mg"":64,""y_mg"":96,""z_mg"":1080}"
16.078,left_hand,og,tilt,,"{""deg"":-1.6,""steady"":true}"
16.109,left_hand,og,acc,375995,"{""seq"":780,""x_mg"":96,""y_mg"":-80,""z_mg"":936}"
16.109,left_hand,og,tilt,,"{""deg"":-0.7,""steady"":true}"
16.140,left_hand,og,acc,376015,"{""seq"":781,""x_mg"":72,""y_mg"":-200,""z_mg"":912}"
16.140,left_hand,og,tilt,,"{""deg"":-0.0,""steady"":true}"
16.156,left_hand,og,acc,376036,"{""seq"":782,""x_mg"":48,""y_mg"":-96,""z_mg"":956}"
16.156,left_hand,og,tilt,,"{""deg"":-0.6,""steady"":true}"
16.156,left_hand,og,acc,376057,"{""seq"":783,""x_mg"":48,""y_mg"":-36,""z_mg"":972}"
16.156,left_hand,og,tilt,,"{""deg"":-1.1,""steady"":true}"
16.187,left_hand,og,acc,376077,"{""seq"":784,""x_mg"":76,""y_mg"":-108,""z_mg"":996}"
16.187,left_hand,og,tilt,,"{""deg"":-1.6,""steady"":true}"
16.203,left_hand,og,acc,376098,"{""seq"":785,""x_mg"":72,""y_mg"":-240,""z_mg"":1012}"
16.203,left_hand,og,tilt,,"{""deg"":-2.1,""steady"":true}"
16.234,left_hand,og,acc,376118,"{""seq"":786,""x_mg"":88,""y_mg"":-204,""z_mg"":1020}"
16.234,left_hand,og,tilt,,"{""deg"":-2.6,""steady"":true}"
16.265,left_hand,og,acc,376139,"{""seq"":787,""x_mg"":144,""y_mg"":112,""z_mg"":904}"
16.265,left_hand,og,tilt,,"{""deg"":-3.0,""steady"":true}"
16.265,left_hand,og,acc,376159,"{""seq"":788,""x_mg"":132,""y_mg"":240,""z_mg"":920}"
16.265,left_hand,og,tilt,,"{""deg"":-3.3,""steady"":true}"
16.281,left_hand,og,acc,376180,"{""seq"":789,""x_mg"":156,""y_mg"":204,""z_mg"":964}"
16.281,left_hand,og,tilt,,"{""deg"":-2.1,""steady"":true}"
16.312,left_hand,og,acc,376200,"{""seq"":790,""x_mg"":164,""y_mg"":96,""z_mg"":964}"
16.312,left_hand,og,tilt,,"{""deg"":-0.9,""steady"":true}"
16.343,left_hand,og,acc,376221,"{""seq"":791,""x_mg"":164,""y_mg"":-20,""z_mg"":980}"
16.343,left_hand,og,tilt,,"{""deg"":0.0,""steady"":true}"
16.359,left_hand,og,acc,376242,"{""seq"":792,""x_mg"":128,""y_mg"":-52,""z_mg"":940}"
16.359,left_hand,og,tilt,,"{""deg"":0.8,""steady"":true}"
16.390,left_hand,og,acc,376262,"{""seq"":793,""x_mg"":104,""y_mg"":88,""z_mg"":1004}"
16.390,left_hand,og,tilt,,"{""deg"":1.3,""steady"":true}"
16.390,left_hand,og,acc,376283,"{""seq"":794,""x_mg"":80,""y_mg"":96,""z_mg"":976}"
16.390,left_hand,og,tilt,,"{""deg"":1.8,""steady"":true}"
16.406,left_hand,og,acc,376303,"{""seq"":795,""x_mg"":84,""y_mg"":-80,""z_mg"":1088}"
16.406,left_hand,og,tilt,,"{""deg"":1.4,""steady"":true}"
16.437,left_hand,og,acc,376324,"{""seq"":796,""x_mg"":40,""y_mg"":-120,""z_mg"":1072}"
16.437,left_hand,og,tilt,,"{""deg"":0.9,""steady"":true}"
16.468,left_hand,og,acc,376344,"{""seq"":797,""x_mg"":52,""y_mg"":12,""z_mg"":1080}"
16.468,left_hand,og,tilt,,"{""deg"":0.9,""steady"":true}"
16.468,left_hand,og,acc,376365,"{""seq"":798,""x_mg"":92,""y_mg"":128,""z_mg"":996}"
16.468,left_hand,og,tilt,,"{""deg"":0.9,""steady"":true}"
16.500,left_hand,og,acc,376386,"{""seq"":799,""x_mg"":92,""y_mg"":8,""z_mg"":888}"
16.500,left_hand,og,tilt,,"{""deg"":0.9,""steady"":true}"
16.531,left_hand,og,acc,376406,"{""seq"":800,""x_mg"":88,""y_mg"":-140,""z_mg"":796}"
16.531,left_hand,og,tilt,,"{""deg"":0.9,""steady"":true}"
16.546,left_hand,og,acc,376427,"{""seq"":801,""x_mg"":44,""y_mg"":-160,""z_mg"":984}"
16.546,left_hand,og,tilt,,"{""deg"":0.9,""steady"":true}"
16.546,left_hand,og,acc,376447,"{""seq"":802,""x_mg"":28,""y_mg"":0,""z_mg"":1072}"
16.546,left_hand,og,tilt,,"{""deg"":0.8,""steady"":true}"
16.578,left_hand,og,acc,376468,"{""seq"":803,""x_mg"":80,""y_mg"":112,""z_mg"":996}"
16.578,left_hand,og,tilt,,"{""deg"":0.7,""steady"":true}"
16.609,left_hand,og,acc,376488,"{""seq"":804,""x_mg"":88,""y_mg"":32,""z_mg"":1000}"
16.609,left_hand,og,tilt,,"{""deg"":0.7,""steady"":true}"
16.625,left_hand,og,acc,376509,"{""seq"":805,""x_mg"":88,""y_mg"":-64,""z_mg"":1040}"
16.625,left_hand,og,tilt,,"{""deg"":0.6,""steady"":true}"
16.656,left_hand,og,acc,376530,"{""seq"":806,""x_mg"":104,""y_mg"":-16,""z_mg"":1004}"
16.656,left_hand,og,tilt,,"{""deg"":0.6,""steady"":true}"
16.671,left_hand,og,acc,376550,"{""seq"":807,""x_mg"":116,""y_mg"":48,""z_mg"":996}"
16.671,left_hand,og,tilt,,"{""deg"":0.7,""steady"":true}"
16.671,left_hand,og,acc,376571,"{""seq"":808,""x_mg"":116,""y_mg"":64,""z_mg"":988}"
16.671,left_hand,og,tilt,,"{""deg"":0.9,""steady"":true}"
16.703,left_hand,og,acc,376591,"{""seq"":809,""x_mg"":120,""y_mg"":16,""z_mg"":904}"
16.703,left_hand,og,tilt,,"{""deg"":0.9,""steady"":true}"
16.718,left_hand,og,acc,376612,"{""seq"":810,""x_mg"":120,""y_mg"":36,""z_mg"":920}"
16.718,left_hand,og,tilt,,"{""deg"":1.1,""steady"":true}"
16.750,left_hand,og,acc,376632,"{""seq"":811,""x_mg"":136,""y_mg"":48,""z_mg"":992}"
16.750,left_hand,og,tilt,,"{""deg"":1.3,""steady"":true}"
16.750,left_hand,og,acc,376653,"{""seq"":812,""x_mg"":132,""y_mg"":124,""z_mg"":980}"
16.750,left_hand,og,tilt,,"{""deg"":1.5,""steady"":true}"
16.796,left_hand,og,acc,376673,"{""seq"":813,""x_mg"":140,""y_mg"":192,""z_mg"":972}"
16.796,left_hand,og,tilt,,"{""deg"":1.7,""steady"":true}"
16.812,left_hand,og,acc,376694,"{""seq"":814,""x_mg"":108,""y_mg"":192,""z_mg"":972}"
16.812,left_hand,og,tilt,,"{""deg"":2.4,""steady"":true}"
16.843,left_hand,og,acc,376715,"{""seq"":815,""x_mg"":84,""y_mg"":148,""z_mg"":1000}"
16.843,left_hand,og,tilt,,"{""deg"":3.2,""steady"":true}"
16.843,left_hand,og,acc,376735,"{""seq"":816,""x_mg"":84,""y_mg"":92,""z_mg"":984}"
16.843,left_hand,og,tilt,,"{""deg"":3.8,""steady"":true}"
16.859,left_hand,og,acc,376756,"{""seq"":817,""x_mg"":88,""y_mg"":20,""z_mg"":984}"
16.859,left_hand,og,tilt,,"{""deg"":4.4,""steady"":true}"
16.890,left_hand,og,acc,376776,"{""seq"":818,""x_mg"":88,""y_mg"":-8,""z_mg"":1000}"
16.890,left_hand,og,tilt,,"{""deg"":4.5,""steady"":true}"
16.921,left_hand,og,acc,376797,"{""seq"":819,""x_mg"":84,""y_mg"":-16,""z_mg"":1012}"
16.921,left_hand,og,tilt,,"{""deg"":4.2,""steady"":true}"
16.921,left_hand,og,acc,376817,"{""seq"":820,""x_mg"":48,""y_mg"":-16,""z_mg"":1040}"
16.921,left_hand,og,tilt,,"{""deg"":3.6,""steady"":true}"
16.953,left_hand,og,acc,376838,"{""seq"":821,""x_mg"":56,""y_mg"":-8,""z_mg"":1048}"
16.953,left_hand,og,tilt,,"{""deg"":3.2,""steady"":true}"
16.984,left_hand,og,acc,376859,"{""seq"":822,""x_mg"":68,""y_mg"":-4,""z_mg"":996}"
16.984,left_hand,og,tilt,,"{""deg"":2.8,""steady"":true}"
17.000,left_hand,og,acc,376879,"{""seq"":823,""x_mg"":64,""y_mg"":-32,""z_mg"":904}"
17.000,left_hand,og,tilt,,"{""deg"":2.4,""steady"":true}"
17.031,left_hand,og,acc,376900,"{""seq"":824,""x_mg"":0,""y_mg"":-112,""z_mg"":940}"
17.031,left_hand,og,tilt,,"{""deg"":2.0,""steady"":true}"
17.031,left_hand,og,acc,376920,"{""seq"":825,""x_mg"":-32,""y_mg"":-108,""z_mg"":1060}"
17.031,left_hand,og,tilt,,"{""deg"":1.5,""steady"":true}"
17.046,left_hand,og,acc,376941,"{""seq"":826,""x_mg"":16,""y_mg"":-8,""z_mg"":1024}"
17.046,left_hand,og,tilt,,"{""deg"":1.1,""steady"":true}"
17.078,left_hand,og,acc,376961,"{""seq"":827,""x_mg"":52,""y_mg"":60,""z_mg"":1016}"
17.078,left_hand,og,tilt,,"{""deg"":0.8,""steady"":true}"
17.109,left_hand,og,acc,376982,"{""seq"":828,""x_mg"":64,""y_mg"":16,""z_mg"":992}"
17.109,left_hand,og,tilt,,"{""deg"":0.7,""steady"":true}"
17.109,left_hand,og,acc,377003,"{""seq"":829,""x_mg"":68,""y_mg"":-24,""z_mg"":984}"
17.109,left_hand,og,tilt,,"{""deg"":0.6,""steady"":true}"
17.140,left_hand,og,acc,377023,"{""seq"":830,""x_mg"":84,""y_mg"":-52,""z_mg"":960}"
17.140,left_hand,og,tilt,,"{""deg"":0.5,""steady"":true}"
17.156,left_hand,og,acc,377044,"{""seq"":831,""x_mg"":80,""y_mg"":-44,""z_mg"":952}"
17.156,left_hand,og,tilt,,"{""deg"":0.3,""steady"":true}"
17.171,left_hand,og,acc,377064,"{""seq"":832,""x_mg"":92,""y_mg"":-4,""z_mg"":976}"
17.171,left_hand,og,tilt,,"{""deg"":0.1,""steady"":true}"
17.203,left_hand,og,acc,377085,"{""seq"":833,""x_mg"":88,""y_mg"":4,""z_mg"":984}"
17.203,left_hand,og,tilt,,"{""deg"":-0.1,""steady"":true}"
17.234,left_hand,og,acc,377105,"{""seq"":834,""x_mg"":88,""y_mg"":-8,""z_mg"":980}"
17.234,left_hand,og,tilt,,"{""deg"":-0.1,""steady"":true}"
17.234,left_hand,og,acc,377126,"{""seq"":835,""x_mg"":104,""y_mg"":-48,""z_mg"":956}"
17.234,left_hand,og,tilt,,"{""deg"":-0.1,""steady"":true}"
17.265,left_hand,og,acc,377147,"{""seq"":836,""x_mg"":116,""y_mg"":-52,""z_mg"":960}"
17.265,left_hand,og,tilt,,"{""deg"":-0.1,""steady"":true}"
17.296,left_hand,og,acc,377167,"{""seq"":837,""x_mg"":100,""y_mg"":-16,""z_mg"":940}"
17.296,left_hand,og,tilt,,"{""deg"":-0.2,""steady"":true}"
17.296,left_hand,og,acc,377188,"{""seq"":838,""x_mg"":96,""y_mg"":40,""z_mg"":960}"
17.296,left_hand,og,tilt,,"{""deg"":-0.3,""steady"":true}"
17.328,left_hand,og,acc,377208,"{""seq"":839,""x_mg"":92,""y_mg"":84,""z_mg"":996}"
17.328,left_hand,og,tilt,,"{""deg"":-0.3,""steady"":true}"
17.359,left_hand,og,acc,377229,"{""seq"":840,""x_mg"":88,""y_mg"":116,""z_mg"":992}"
17.359,left_hand,og,tilt,,"{""deg"":0.0,""steady"":true}"
17.359,left_hand,og,acc,377249,"{""seq"":841,""x_mg"":96,""y_mg"":136,""z_mg"":1000}"
17.359,left_hand,og,tilt,,"{""deg"":0.6,""steady"":true}"
17.375,left_hand,og,acc,377270,"{""seq"":842,""x_mg"":100,""y_mg"":116,""z_mg"":996}"
17.375,left_hand,og,tilt,,"{""deg"":1.4,""steady"":true}"
17.390,left_hand,og,acc,377291,"{""seq"":843,""x_mg"":96,""y_mg"":68,""z_mg"":984}"
17.390,left_hand,og,tilt,,"{""deg"":2.0,""steady"":true}"
17.421,left_hand,og,acc,377311,"{""seq"":844,""x_mg"":92,""y_mg"":92,""z_mg"":988}"
17.421,left_hand,og,tilt,,"{""deg"":2.6,""steady"":true}"
17.437,left_hand,og,acc,377332,"{""seq"":845,""x_mg"":92,""y_mg"":132,""z_mg"":988}"
17.437,left_hand,og,tilt,,"{""deg"":3.1,""steady"":true}"
17.468,left_hand,og,acc,377352,"{""seq"":846,""x_mg"":96,""y_mg"":84,""z_mg"":968}"
17.468,left_hand,og,tilt,,"{""deg"":3.4,""steady"":true}"
17.500,left_hand,og,acc,377373,"{""seq"":847,""x_mg"":76,""y_mg"":40,""z_mg"":972}"
17.500,left_hand,og,tilt,,"{""deg"":3.6,""steady"":true}"
17.500,left_hand,og,acc,377393,"{""seq"":848,""x_mg"":72,""y_mg"":84,""z_mg"":968}"
17.500,left_hand,og,tilt,,"{""deg"":3.8,""steady"":true}"
17.531,left_hand,og,acc,377414,"{""seq"":849,""x_mg"":52,""y_mg"":104,""z_mg"":988}"
17.531,left_hand,og,tilt,,"{""deg"":4.0,""steady"":true}"
17.562,left_hand,og,acc,377434,"{""seq"":850,""x_mg"":32,""y_mg"":112,""z_mg"":1028}"
17.562,left_hand,og,tilt,,"{""deg"":4.1,""steady"":true}"
17.562,left_hand,og,acc,377455,"{""seq"":851,""x_mg"":40,""y_mg"":84,""z_mg"":1024}"
17.562,left_hand,og,tilt,,"{""deg"":4.3,""steady"":true}"
17.578,left_hand,og,acc,377476,"{""seq"":852,""x_mg"":52,""y_mg"":72,""z_mg"":1000}"
17.578,left_hand,og,tilt,,"{""deg"":4.4,""steady"":true}"
17.609,left_hand,og,acc,377496,"{""seq"":853,""x_mg"":56,""y_mg"":60,""z_mg"":976}"
17.609,left_hand,og,tilt,,"{""deg"":4.4,""steady"":true}"
17.640,left_hand,og,acc,377517,"{""seq"":854,""x_mg"":80,""y_mg"":76,""z_mg"":964}"
17.640,left_hand,og,tilt,,"{""deg"":4.5,""steady"":true}"
17.640,left_hand,og,acc,377537,"{""seq"":855,""x_mg"":96,""y_mg"":60,""z_mg"":956}"
17.640,left_hand,og,tilt,,"{""deg"":4.5,""steady"":true}"
17.671,left_hand,og,acc,377558,"{""seq"":856,""x_mg"":88,""y_mg"":80,""z_mg"":952}"
17.671,left_hand,og,tilt,,"{""deg"":4.4,""steady"":true}"
17.703,left_hand,og,acc,377578,"{""seq"":857,""x_mg"":72,""y_mg"":100,""z_mg"":944}"
17.703,left_hand,og,tilt,,"{""deg"":4.5,""steady"":true}"
17.703,left_hand,og,acc,377599,"{""seq"":858,""x_mg"":68,""y_mg"":92,""z_mg"":956}"
17.703,left_hand,og,tilt,,"{""deg"":4.5,""steady"":true}"
17.718,left_hand,og,acc,377620,"{""seq"":859,""x_mg"":76,""y_mg"":100,""z_mg"":980}"
17.718,left_hand,og,tilt,,"{""deg"":4.7,""steady"":true}"
17.750,left_hand,og,acc,377640,"{""seq"":860,""x_mg"":76,""y_mg"":120,""z_mg"":960}"
17.750,left_hand,og,tilt,,"{""deg"":4.9,""steady"":true}"
17.781,left_hand,og,acc,377661,"{""seq"":861,""x_mg"":72,""y_mg"":120,""z_mg"":984}"
17.781,left_hand,og,tilt,,"{""deg"":5.0,""steady"":true}"
17.796,left_hand,og,acc,377681,"{""seq"":862,""x_mg"":68,""y_mg"":112,""z_mg"":984}"
17.796,left_hand,og,tilt,,"{""deg"":5.2,""steady"":true}"
17.828,left_hand,og,acc,377702,"{""seq"":863,""x_mg"":40,""y_mg"":132,""z_mg"":1044}"
17.828,left_hand,og,tilt,,"{""deg"":5.5,""steady"":true}"
17.828,left_hand,og,acc,377722,"{""seq"":864,""x_mg"":24,""y_mg"":136,""z_mg"":1048}"
17.828,left_hand,og,tilt,,"{""deg"":5.7,""steady"":true}"
17.843,left_hand,og,acc,377743,"{""seq"":865,""x_mg"":44,""y_mg"":216,""z_mg"":1016}"
17.843,left_hand,og,tilt,,"{""deg"":5.9,""steady"":true}"
17.890,left_hand,og,acc,377764,"{""seq"":866,""x_mg"":80,""y_mg"":288,""z_mg"":964}"
17.890,left_hand,og,tilt,,"{""deg"":6.1,""steady"":true}"
17.890,left_hand,og,acc,377784,"{""seq"":867,""x_mg"":64,""y_mg"":240,""z_mg"":1052}"
17.890,left_hand,og,tilt,,"{""deg"":6.8,""steady"":true}"
17.921,left_hand,og,acc,377805,"{""seq"":868,""x_mg"":60,""y_mg"":52,""z_mg"":1008}"
17.921,left_hand,og,tilt,,"{""deg"":7.5,""steady"":true}"
17.953,left_hand,og,acc,377825,"{""seq"":869,""x_mg"":108,""y_mg"":-172,""z_mg"":988}"
17.953,left_hand,og,tilt,,"{""deg"":8.1,""steady"":true}"
17.953,left_hand,og,acc,377846,"{""seq"":870,""x_mg"":152,""y_mg"":-236,""z_mg"":868}"
17.953,left_hand,og,tilt,,"{""deg"":7.5,""steady"":true}"
17.968,left_hand,og,acc,377866,"{""seq"":871,""x_mg"":160,""y_mg"":-208,""z_mg"":856}"
17.968,left_hand,og,tilt,,"{""deg"":5.4,""steady"":true}"
18.000,left_hand,og,acc,377887,"{""seq"":872,""x_mg"":132,""y_mg"":-68,""z_mg"":972}"
18.000,left_hand,og,tilt,,"{""deg"":3.6,""steady"":true}"
18.031,left_hand,og,acc,377908,"{""seq"":873,""x_mg"":108,""y_mg"":28,""z_mg"":1068}"
18.031,left_hand,og,tilt,,"{""deg"":2.0,""steady"":true}"
18.062,left_hand,og,acc,377928,"{""seq"":874,""x_mg"":116,""y_mg"":28,""z_mg"":1008}"
18.062,left_hand,og,tilt,,"{""deg"":1.3,""steady"":true}"
18.062,left_hand,og,acc,377949,"{""seq"":875,""x_mg"":88,""y_mg"":28,""z_mg"":928}"
18.062,left_hand,og,tilt,,"{""deg"":1.4,""steady"":true}"
18.093,left_hand,og,acc,377969,"{""seq"":876,""x_mg"":28,""y_mg"":-28,""z_mg"":992}"
18.093,left_hand,og,tilt,,"{""deg"":1.4,""steady"":true}"
18.125,left_hand,og,acc,377990,"{""seq"":877,""x_mg"":-44,""y_mg"":-84,""z_mg"":1132}"
18.125,left_hand,og,tilt,,"{""deg"":1.5,""steady"":true}"
18.125,left_hand,og,acc,378010,"{""seq"":878,""x_mg"":-84,""y_mg"":-204,""z_mg"":1116}"
18.125,left_hand,og,tilt,,"{""deg"":1.1,""steady"":true}"
18.140,left_hand,og,acc,378031,"{""seq"":879,""x_mg"":-84,""y_mg"":-288,""z_mg"":1064}"
18.140,left_hand,og,tilt,,"{""deg"":0.5,""steady"":true}"
18.171,left_hand,og,acc,378051,"{""seq"":880,""x_mg"":-4,""y_mg"":-216,""z_mg"":900}"
18.171,left_hand,og,tilt,,"{""deg"":-0.8,""steady"":true}"
18.171,left_hand,og,acc,378072,"{""seq"":881,""x_mg"":20,""y_mg"":-32,""z_mg"":920}"
18.171,left_hand,og,tilt,,"{""deg"":-1.9,""steady"":true}"
18.203,left_hand,og,acc,378093,"{""seq"":882,""x_mg"":12,""y_mg"":108,""z_mg"":960}"
18.203,left_hand,og,tilt,,"{""deg"":-2.9,""steady"":true}"
18.234,left_hand,og,acc,378113,"{""seq"":883,""x_mg"":80,""y_mg"":104,""z_mg"":1072}"
18.234,left_hand,og,tilt,,"{""deg"":-2.8,""steady"":true}"
18.234,left_hand,og,acc,378134,"{""seq"":884,""x_mg"":172,""y_mg"":24,""z_mg"":1000}"
18.234,left_hand,og,tilt,,"{""deg"":-2.2,""steady"":true}"
18.265,left_hand,og,acc,378154,"{""seq"":885,""x_mg"":224,""y_mg"":-88,""z_mg"":964}"
18.265,left_hand,og,tilt,,"{""deg"":-1.8,""steady"":true}"
18.281,left_hand,og,acc,378175,"{""seq"":886,""x_mg"":176,""y_mg"":-180,""z_mg"":1020}"
18.281,left_hand,og,tilt,,"{""deg"":-1.4,""steady"":true}"
18.296,left_hand,og,acc,378195,"{""seq"":887,""x_mg"":136,""y_mg"":-152,""z_mg"":984}"
18.296,left_hand,og,tilt,,"{""deg"":-1.8,""steady"":true}"
18.328,left_hand,og,acc,378216,"{""seq"":888,""x_mg"":124,""y_mg"":-44,""z_mg"":936}"
18.328,left_hand,og,tilt,,"{""deg"":-2.2,""steady"":true}"
18.359,left_hand,og,acc,378237,"{""seq"":889,""x_mg"":112,""y_mg"":-4,""z_mg"":852}"
18.359,left_hand,og,tilt,,"{""deg"":-2.5,""steady"":true}"
18.359,left_hand,og,acc,378257,"{""seq"":890,""x_mg"":92,""y_mg"":28,""z_mg"":872}"
18.359,left_hand,og,tilt,,"{""deg"":-2.5,""steady"":true}"
18.390,left_hand,og,acc,378278,"{""seq"":891,""x_mg"":96,""y_mg"":48,""z_mg"":1032}"
18.390,left_hand,og,tilt,,"{""deg"":-2.2,""steady"":true}"
18.406,left_hand,og,acc,378298,"{""seq"":892,""x_mg"":60,""y_mg"":60,""z_mg"":1020}"
18.406,left_hand,og,tilt,,"{""deg"":-1.7,""steady"":true}"
18.437,left_hand,og,acc,378319,"{""seq"":893,""x_mg"":36,""y_mg"":112,""z_mg"":976}"
18.437,left_hand,og,tilt,,"{""deg"":-1.1,""steady"":true}"
18.437,left_hand,og,acc,378339,"{""seq"":894,""x_mg"":40,""y_mg"":96,""z_mg"":964}"
18.437,left_hand,og,tilt,,"{""deg"":-0.6,""steady"":true}"
18.468,left_hand,og,acc,378360,"{""seq"":895,""x_mg"":24,""y_mg"":-28,""z_mg"":968}"
18.468,left_hand,og,tilt,,"{""deg"":-0.1,""steady"":true}"
18.515,left_hand,og,acc,378380,"{""seq"":896,""x_mg"":8,""y_mg"":-132,""z_mg"":908}"
18.515,left_hand,og,tilt,,"{""deg"":0.4,""steady"":true}"
18.515,left_hand,og,acc,378401,"{""seq"":897,""x_mg"":-60,""y_mg"":-68,""z_mg"":1024}"
18.515,left_hand,og,tilt,,"{""deg"":0.1,""steady"":true}"
18.531,left_hand,og,acc,378422,"{""seq"":898,""x_mg"":-72,""y_mg"":60,""z_mg"":1232}"
18.531,left_hand,og,tilt,,"{""deg"":-0.0,""steady"":true}"
18.562,left_hand,og,acc,378442,"{""seq"":899,""x_mg"":8,""y_mg"":32,""z_mg"":1104}"
18.562,left_hand,og,tilt,,"{""deg"":-0.2,""steady"":true}"
18.593,left_hand,og,acc,378463,"{""seq"":900,""x_mg"":40,""y_mg"":-64,""z_mg"":944}"
18.593,left_hand,og,tilt,,"{""deg"":-0.6,""steady"":true}"
18.593,left_hand,og,acc,378483,"{""seq"":901,""x_mg"":32,""y_mg"":-140,""z_mg"":808}"
18.593,left_hand,og,tilt,,"{""deg"":-1.0,""steady"":true}"
18.625,left_hand,og,acc,378504,"{""seq"":902,""x_mg"":12,""y_mg"":-88,""z_mg"":860}"
18.625,left_hand,og,tilt,,"{""deg"":-1.3,""steady"":true}"
18.656,left_hand,og,acc,378524,"{""seq"":903,""x_mg"":44,""y_mg"":-32,""z_mg"":940}"
18.656,left_hand,og,tilt,,"{""deg"":-1.6,""steady"":true}"
18.656,left_hand,og,acc,378545,"{""seq"":904,""x_mg"":84,""y_mg"":0,""z_mg"":976}"
18.656,left_hand,og,tilt,,"{""deg"":-1.8,""steady"":true}"
18.671,left_hand,og,acc,378566,"{""seq"":905,""x_mg"":56,""y_mg"":24,""z_mg"":1092}"
18.671,left_hand,og,tilt,,"{""deg"":-1.8,""steady"":true}"
18.703,left_hand,og,acc,378586,"{""seq"":906,""x_mg"":88,""y_mg"":48,""z_mg"":972}"
18.703,left_hand,og,tilt,,"{""deg"":-1.6,""steady"":true}"
18.703,left_hand,og,acc,378607,"{""seq"":907,""x_mg"":132,""y_mg"":64,""z_mg"":892}"
18.703,left_hand,og,tilt,,"{""deg"":-1.2,""steady"":true}"
18.734,left_hand,og,acc,378627,"{""seq"":908,""x_mg"":112,""y_mg"":-44,""z_mg"":1004}"
18.734,left_hand,og,tilt,,"{""deg"":-0.9,""steady"":true}"
18.781,left_hand,og,acc,378648,"{""seq"":909,""x_mg"":100,""y_mg"":-212,""z_mg"":1032}"
18.781,left_hand,og,tilt,,"{""deg"":-0.6,""steady"":true}"
18.781,left_hand,og,acc,378668,"{""seq"":910,""x_mg"":72,""y_mg"":4,""z_mg"":1040}"
18.781,left_hand,og,tilt,,"{""deg"":-0.5,""steady"":true}"
18.812,left_hand,og,acc,378689,"{""seq"":911,""x_mg"":104,""y_mg"":76,""z_mg"":968}"
18.812,left_hand,og,tilt,,"{""deg"":-0.4,""steady"":true}"
18.828,left_hand,og,acc,378710,"{""seq"":912,""x_mg"":84,""y_mg"":24,""z_mg"":1028}"
18.828,left_hand,og,tilt,,"{""deg"":-0.3,""steady"":true}"
18.859,left_hand,og,acc,378730,"{""seq"":913,""x_mg"":92,""y_mg"":-92,""z_mg"":976}"
18.859,left_hand,og,tilt,,"{""deg"":-0.2,""steady"":true}"
18.859,left_hand,og,acc,378751,"{""seq"":914,""x_mg"":104,""y_mg"":-112,""z_mg"":936}"
18.859,left_hand,og,tilt,,"{""deg"":-0.1,""steady"":true}"
18.890,left_hand,og,acc,378771,"{""seq"":915,""x_mg"":104,""y_mg"":-24,""z_mg"":960}"
18.890,left_hand,og,tilt,,"{""deg"":-0.2,""steady"":true}"
18.921,left_hand,og,acc,378792,"{""seq"":916,""x_mg"":100,""y_mg"":28,""z_mg"":968}"
18.921,left_hand,og,tilt,,"{""deg"":-0.3,""steady"":true}"
18.921,left_hand,og,acc,378812,"{""seq"":917,""x_mg"":88,""y_mg"":76,""z_mg"":968}"
18.921,left_hand,og,tilt,,"{""deg"":-0.5,""steady"":true}"
18.953,left_hand,og,acc,378833,"{""seq"":918,""x_mg"":68,""y_mg"":80,""z_mg"":972}"
18.953,left_hand,og,tilt,,"{""deg"":-0.2,""steady"":true}"
18.984,left_hand,og,acc,378854,"{""seq"":919,""x_mg"":64,""y_mg"":64,""z_mg"":972}"
18.984,left_hand,og,tilt,,"{""deg"":0.3,""steady"":true}"
18.984,left_hand,og,acc,378874,"{""seq"":920,""x_mg"":76,""y_mg"":64,""z_mg"":988}"
18.984,left_hand,og,tilt,,"{""deg"":0.8,""steady"":true}"
19.000,left_hand,og,acc,378895,"{""seq"":921,""x_mg"":80,""y_mg"":108,""z_mg"":972}"
19.000,left_hand,og,tilt,,"{""deg"":1.2,""steady"":true}"
19.031,left_hand,og,acc,378915,"{""seq"":922,""x_mg"":84,""y_mg"":112,""z_mg"":988}"
19.031,left_hand,og,tilt,,"{""deg"":1.7,""steady"":true}"
19.062,left_hand,og,acc,378936,"{""seq"":923,""x_mg"":88,""y_mg"":64,""z_mg"":992}"
19.062,left_hand,og,tilt,,"{""deg"":2.0,""steady"":true}"
19.062,left_hand,og,acc,378956,"{""seq"":924,""x_mg"":60,""y_mg"":92,""z_mg"":1040}"
19.062,left_hand,og,tilt,,"{""deg"":2.4,""steady"":true}"
19.093,left_hand,og,acc,378977,"{""seq"":925,""x_mg"":60,""y_mg"":136,""z_mg"":1032}"
19.093,left_hand,og,tilt,,"{""deg"":2.9,""steady"":true}"
19.125,left_hand,og,acc,378998,"{""seq"":926,""x_mg"":68,""y_mg"":152,""z_mg"":984}"
19.125,left_hand,og,tilt,,"{""deg"":3.3,""steady"":true}"
19.125,left_hand,og,acc,379018,"{""seq"":927,""x_mg"":72,""y_mg"":136,""z_mg"":984}"
19.125,left_hand,og,tilt,,"{""deg"":3.9,""steady"":true}"
19.140,left_hand,og,acc,379039,"{""seq"":928,""x_mg"":72,""y_mg"":96,""z_mg"":980}"
19.140,left_hand,og,tilt,,"{""deg"":4.3,""steady"":true}"
19.171,left_hand,og,acc,379059,"{""seq"":929,""x_mg"":80,""y_mg"":68,""z_mg"":968}"
19.171,left_hand,og,tilt,,"{""deg"":4.7,""steady"":true}"
19.203,left_hand,og,acc,379080,"{""seq"":930,""x_mg"":84,""y_mg"":52,""z_mg"":968}"
19.203,left_hand,og,tilt,,"{""deg"":4.9,""steady"":true}"
19.203,left_hand,og,acc,379100,"{""seq"":931,""x_mg"":80,""y_mg"":68,""z_mg"":964}"
19.203,left_hand,og,tilt,,"{""deg"":4.8,""steady"":true}"
19.234,left_hand,og,acc,379121,"{""seq"":932,""x_mg"":68,""y_mg"":76,""z_mg"":984}"
19.234,left_hand,og,tilt,,"{""deg"":4.7,""steady"":true}"
19.265,left_hand,og,acc,379142,"{""seq"":933,""x_mg"":68,""y_mg"":80,""z_mg"":980}"
19.265,left_hand,og,tilt,,"{""deg"":4.7,""steady"":true}"
19.281,left_hand,og,acc,379162,"{""seq"":934,""x_mg"":60,""y_mg"":76,""z_mg"":1004}"
19.281,left_hand,og,tilt,,"{""deg"":4.7,""steady"":true}"
19.281,left_hand,og,acc,379183,"{""seq"":935,""x_mg"":52,""y_mg"":92,""z_mg"":1004}"
19.281,left_hand,og,tilt,,"{""deg"":4.7,""steady"":true}"
19.312,left_hand,og,acc,379203,"{""seq"":936,""x_mg"":44,""y_mg"":92,""z_mg"":992}"
19.312,left_hand,og,tilt,,"{""deg"":4.7,""steady"":true}"
19.343,left_hand,og,acc,379224,"{""seq"":937,""x_mg"":60,""y_mg"":112,""z_mg"":972}"
19.343,left_hand,og,tilt,,"{""deg"":4.8,""steady"":true}"
19.343,left_hand,og,acc,379244,"{""seq"":938,""x_mg"":64,""y_mg"":116,""z_mg"":984}"
19.343,left_hand,og,tilt,,"{""deg"":4.9,""steady"":true}"
19.375,left_hand,og,acc,379265,"{""seq"":939,""x_mg"":60,""y_mg"":104,""z_mg"":972}"
19.375,left_hand,og,tilt,,"{""deg"":5.0,""steady"":true}"
19.406,left_hand,og,acc,379285,"{""seq"":940,""x_mg"":68,""y_mg"":88,""z_mg"":972}"
19.406,left_hand,og,tilt,,"{""deg"":5.2,""steady"":true}"
19.421,left_hand,og,acc,379306,"{""seq"":941,""x_mg"":68,""y_mg"":96,""z_mg"":972}"
19.421,left_hand,og,tilt,,"{""deg"":5.3,""steady"":true}"
19.421,left_hand,og,acc,379327,"{""seq"":942,""x_mg"":68,""y_mg"":100,""z_mg"":980}"
19.421,left_hand,og,tilt,,"{""deg"":5.4,""steady"":true}"
19.468,left_hand,og,acc,379347,"{""seq"":943,""x_mg"":72,""y_mg"":128,""z_mg"":980}"
19.468,left_hand,og,tilt,,"{""deg"":5.5,""steady"":true}"
19.500,left_hand,og,acc,379368,"{""seq"":944,""x_mg"":64,""y_mg"":92,""z_mg"":976}"
19.500,left_hand,og,tilt,,"{""deg"":5.5,""steady"":true}"
19.500,left_hand,og,acc,379388,"{""seq"":945,""x_mg"":68,""y_mg"":76,""z_mg"":984}"
19.500,left_hand,og,tilt,,"{""deg"":5.6,""steady"":true}"
19.531,left_hand,og,acc,379409,"{""seq"":946,""x_mg"":56,""y_mg"":84,""z_mg"":976}"
19.531,left_hand,og,tilt,,"{""deg"":5.6,""steady"":true}"
19.562,left_hand,og,acc,379429,"{""seq"":947,""x_mg"":80,""y_mg"":100,""z_mg"":964}"
19.562,left_hand,og,tilt,,"{""deg"":5.6,""steady"":true}"
19.562,left_hand,og,acc,379450,"{""seq"":948,""x_mg"":84,""y_mg"":104,""z_mg"":960}"
19.562,left_hand,og,tilt,,"{""deg"":5.6,""steady"":true}"
19.578,left_hand,og,acc,379471,"{""seq"":949,""x_mg"":60,""y_mg"":116,""z_mg"":968}"
19.578,left_hand,og,tilt,,"{""deg"":5.7,""steady"":true}"
19.609,left_hand,og,acc,379491,"{""seq"":950,""x_mg"":72,""y_mg"":128,""z_mg"":992}"
19.609,left_hand,og,tilt,,"{""deg"":5.7,""steady"":true}"
19.640,left_hand,og,acc,379512,"{""seq"":951,""x_mg"":64,""y_mg"":128,""z_mg"":984}"
19.640,left_hand,og,tilt,,"{""deg"":5.9,""steady"":true}"
19.640,left_hand,og,acc,379532,"{""seq"":952,""x_mg"":60,""y_mg"":140,""z_mg"":984}"
19.640,left_hand,og,tilt,,"{""deg"":6.1,""steady"":true}"
19.671,left_hand,og,acc,379553,"{""seq"":953,""x_mg"":52,""y_mg"":172,""z_mg"":980}"
19.671,left_hand,og,tilt,,"{""deg"":6.3,""steady"":true}"
19.703,left_hand,og,acc,379573,"{""seq"":954,""x_mg"":44,""y_mg"":184,""z_mg"":996}"
19.703,left_hand,og,tilt,,"{""deg"":6.5,""steady"":true}"
19.703,left_hand,og,acc,379594,"{""seq"":955,""x_mg"":56,""y_mg"":196,""z_mg"":968}"
19.703,left_hand,og,tilt,,"{""deg"":7.0,""steady"":true}"
19.734,left_hand,og,acc,379615,"{""seq"":956,""x_mg"":52,""y_mg"":200,""z_mg"":968}"
19.734,left_hand,og,tilt,,"{""deg"":7.4,""steady"":true}"
19.765,left_hand,og,acc,379635,"{""seq"":957,""x_mg"":52,""y_mg"":216,""z_mg"":956}"
19.765,left_hand,og,tilt,,"{""deg"":7.9,""steady"":true}"
19.765,left_hand,og,acc,379656,"{""seq"":958,""x_mg"":72,""y_mg"":224,""z_mg"":956}"
19.765,left_hand,og,tilt,,"{""deg"":8.4,""steady"":true}"
19.796,left_hand,og,acc,379676,"{""seq"":959,""x_mg"":56,""y_mg"":224,""z_mg"":964}"
19.796,left_hand,og,tilt,,"{""deg"":9.0,""steady"":true}"
19.828,left_hand,og,acc,379697,"{""seq"":960,""x_mg"":56,""y_mg"":224,""z_mg"":976}"
19.828,left_hand,og,tilt,,"{""deg"":9.5,""steady"":true}"
19.828,left_hand,og,acc,379717,"{""seq"":961,""x_mg"":60,""y_mg"":212,""z_mg"":972}"
19.828,left_hand,og,tilt,,"{""deg"":9.9,""steady"":true}"
19.859,left_hand,og,acc,379738,"{""seq"":962,""x_mg"":60,""y_mg"":200,""z_mg"":976}"
19.859,left_hand,og,tilt,,"{""deg"":10.3,""steady"":true}"
19.890,left_hand,og,acc,379759,"{""seq"":963,""x_mg"":52,""y_mg"":184,""z_mg"":968}"
19.890,left_hand,og,tilt,,"{""deg"":10.6,""steady"":true}"
19.890,left_hand,og,acc,379779,"{""seq"":964,""x_mg"":56,""y_mg"":168,""z_mg"":976}"
19.890,left_hand,og,tilt,,"{""deg"":10.7,""steady"":true}"
19.921,left_hand,og,acc,379800,"{""seq"":965,""x_mg"":56,""y_mg"":152,""z_mg"":984}"
19.921,left_hand,og,tilt,,"{""deg"":10.7,""steady"":true}"
19.953,left_hand,og,acc,379820,"{""seq"":966,""x_mg"":60,""y_mg"":148,""z_mg"":968}"
19.953,left_hand,og,tilt,,"{""deg"":10.7,""steady"":true}"
19.953,left_hand,og,acc,379841,"{""seq"":967,""x_mg"":68,""y_mg"":140,""z_mg"":972}"
19.953,left_hand,og,tilt,,"{""deg"":10.5,""steady"":true}"
19.984,left_hand,og,acc,379861,"{""seq"":968,""x_mg"":68,""y_mg"":136,""z_mg"":976}"
19.984,left_hand,og,tilt,,"{""deg"":10.3,""steady"":true}"
19.984,left_hand,og,acc,379882,"{""seq"":969,""x_mg"":68,""y_mg"":152,""z_mg"":980}"
19.984,left_hand,og,tilt,,"{""deg"":10.1,""steady"":true}"
20.015,left_hand,og,acc,379902,"{""seq"":970,""x_mg"":60,""y_mg"":148,""z_mg"":980}"
20.015,left_hand,og,tilt,,"{""deg"":10.0,""steady"":true}"
20.046,left_hand,og,acc,379923,"{""seq"":971,""x_mg"":64,""y_mg"":148,""z_mg"":976}"
20.046,left_hand,og,tilt,,"{""deg"":9.8,""steady"":true}"
20.046,left_hand,og,acc,379944,"{""seq"":972,""x_mg"":60,""y_mg"":152,""z_mg"":976}"
20.046,left_hand,og,tilt,,"{""deg"":9.7,""steady"":true}"
20.078,left_hand,og,acc,379964,"{""seq"":973,""x_mg"":64,""y_mg"":156,""z_mg"":968}"
20.078,left_hand,og,tilt,,"{""deg"":9.6,""steady"":true}"
20.093,left_hand,og,acc,379985,"{""seq"":974,""x_mg"":60,""y_mg"":156,""z_mg"":980}"
20.093,left_hand,og,tilt,,"{""deg"":9.6,""steady"":true}"
20.125,left_hand,og,acc,380005,"{""seq"":975,""x_mg"":56,""y_mg"":172,""z_mg"":980}"
20.125,left_hand,og,tilt,,"{""deg"":9.5,""steady"":true}"
20.156,left_hand,og,acc,380026,"{""seq"":976,""x_mg"":64,""y_mg"":148,""z_mg"":980}"
20.156,left_hand,og,tilt,,"{""deg"":9.5,""steady"":true}"
20.156,left_hand,og,acc,380046,"{""seq"":977,""x_mg"":68,""y_mg"":92,""z_mg"":976}"
20.156,left_hand,og,tilt,,"{""deg"":9.5,""steady"":true}"
20.187,left_hand,og,acc,380067,"{""seq"":978,""x_mg"":68,""y_mg"":88,""z_mg"":992}"
20.187,left_hand,og,tilt,,"{""deg"":9.4,""steady"":true}"
20.187,left_hand,og,acc,380088,"{""seq"":979,""x_mg"":72,""y_mg"":140,""z_mg"":984}"
20.187,left_hand,og,tilt,,"{""deg"":9.3,""steady"":true}"
20.218,left_hand,og,acc,380108,"{""seq"":980,""x_mg"":72,""y_mg"":144,""z_mg"":1000}"
20.218,left_hand,og,tilt,,"{""deg"":9.2,""steady"":true}"
20.250,left_hand,og,acc,380129,"{""seq"":981,""x_mg"":68,""y_mg"":148,""z_mg"":980}"
20.250,left_hand,og,tilt,,"{""deg"":9.1,""steady"":true}"
20.250,left_hand,og,acc,380149,"{""seq"":982,""x_mg"":76,""y_mg"":148,""z_mg"":944}"
20.250,left_hand,og,tilt,,"{""deg"":9.0,""steady"":true}"
20.281,left_hand,og,acc,380170,"{""seq"":983,""x_mg"":92,""y_mg"":80,""z_mg"":884}"
20.281,left_hand,og,tilt,,"{""deg"":8.9,""steady"":true}"
20.296,left_hand,og,acc,380190,"{""seq"":984,""x_mg"":56,""y_mg"":-16,""z_mg"":936}"
20.296,left_hand,og,tilt,,"{""deg"":8.9,""steady"":true}"
20.328,left_hand,og,acc,380211,"{""seq"":985,""x_mg"":-20,""y_mg"":64,""z_mg"":1096}"
20.328,left_hand,og,tilt,,"{""deg"":8.4,""steady"":true}"
20.343,left_hand,og,acc,380232,"{""seq"":986,""x_mg"":-8,""y_mg"":264,""z_mg"":1032}"
20.343,left_hand,og,tilt,,"{""deg"":8.1,""steady"":true}"
20.375,left_hand,og,acc,380252,"{""seq"":987,""x_mg"":28,""y_mg"":420,""z_mg"":1044}"
20.375,left_hand,og,tilt,,"{""deg"":7.8,""steady"":true}"
20.375,left_hand,og,acc,380273,"{""seq"":988,""x_mg"":36,""y_mg"":164,""z_mg"":996}"
20.375,left_hand,og,tilt,,"{""deg"":8.0,""steady"":true}"
20.406,left_hand,og,acc,380293,"{""seq"":989,""x_mg"":116,""y_mg"":-92,""z_mg"":960}"
20.406,left_hand,og,tilt,,"{""deg"":8.2,""steady"":true}"
20.421,left_hand,og,acc,380314,"{""seq"":990,""x_mg"":80,""y_mg"":-12,""z_mg"":928}"
20.421,left_hand,og,tilt,,"{""deg"":8.3,""steady"":true}"
20.453,left_hand,og,acc,380334,"{""seq"":991,""x_mg"":100,""y_mg"":92,""z_mg"":924}"
20.453,left_hand,og,tilt,,"{""deg"":8.0,""steady"":true}"
20.453,left_hand,og,acc,380355,"{""seq"":992,""x_mg"":112,""y_mg"":176,""z_mg"":916}"
20.453,left_hand,og,tilt,,"{""deg"":7.8,""steady"":true}"
20.484,left_hand,og,acc,380376,"{""seq"":993,""x_mg"":96,""y_mg"":140,""z_mg"":932}"
20.484,left_hand,og,tilt,,"{""deg"":7.6,""steady"":true}"
20.515,left_hand,og,acc,380396,"{""seq"":994,""x_mg"":104,""y_mg"":4,""z_mg"":776}"
20.515,left_hand,og,tilt,,"{""deg"":7.4,""steady"":true}"
20.531,left_hand,og,acc,380417,"{""seq"":995,""x_mg"":116,""y_mg"":-44,""z_mg"":980}"
20.531,left_hand,og,tilt,,"{""deg"":7.2,""steady"":true}"
20.562,left_hand,og,acc,380437,"{""seq"":996,""x_mg"":32,""y_mg"":176,""z_mg"":1264}"
20.562,left_hand,og,tilt,,"{""deg"":7.3,""steady"":true}"
20.562,left_hand,og,acc,380458,"{""seq"":997,""x_mg"":-4,""y_mg"":340,""z_mg"":1116}"
20.562,left_hand,og,tilt,,"{""deg"":7.4,""steady"":true}"
20.593,left_hand,og,acc,380478,"{""seq"":998,""x_mg"":60,""y_mg"":124,""z_mg"":1012}"
20.593,left_hand,og,tilt,,"{""deg"":7.4,""steady"":true}"
20.625,left_hand,og,acc,380499,"{""seq"":999,""x_mg"":108,""y_mg"":-44,""z_mg"":968}"
20.625,left_hand,og,tilt,,"{""deg"":7.4,""steady"":true}"
20.625,left_hand,og,acc,380519,"{""seq"":1000,""x_mg"":100,""y_mg"":140,""z_mg"":900}"
20.625,left_hand,og,tilt,,"{""deg"":7.5,""steady"":true}"
20.640,left_hand,og,acc,380540,"{""seq"":1001,""x_mg"":92,""y_mg"":184,""z_mg"":916}"
20.640,left_hand,og,tilt,,"{""deg"":7.7,""steady"":true}"
20.687,left_hand,og,acc,380561,"{""seq"":1002,""x_mg"":68,""y_mg"":136,""z_mg"":948}"
20.687,left_hand,og,tilt,,"{""deg"":7.7,""steady"":true}"
20.687,left_hand,og,acc,380581,"{""seq"":1003,""x_mg"":76,""y_mg"":72,""z_mg"":1000}"
20.687,left_hand,og,tilt,,"{""deg"":7.8,""steady"":true}"
20.718,left_hand,og,acc,380602,"{""seq"":1004,""x_mg"":80,""y_mg"":16,""z_mg"":1052}"
20.718,left_hand,og,tilt,,"{""deg"":7.9,""steady"":true}"
20.734,left_hand,og,acc,380622,"{""seq"":1005,""x_mg"":84,""y_mg"":0,""z_mg"":1040}"
20.734,left_hand,og,tilt,,"{""deg"":7.5,""steady"":true}"
20.781,left_hand,og,acc,380643,"{""seq"":1006,""x_mg"":48,""y_mg"":32,""z_mg"":1052}"
20.781,left_hand,og,tilt,,"{""deg"":6.8,""steady"":true}"
20.781,left_hand,og,acc,380663,"{""seq"":1007,""x_mg"":68,""y_mg"":72,""z_mg"":1016}"
20.781,left_hand,og,tilt,,"{""deg"":6.2,""steady"":true}"
20.796,left_hand,og,acc,380684,"{""seq"":1008,""x_mg"":56,""y_mg"":-28,""z_mg"":936}"
20.796,left_hand,og,tilt,,"{""deg"":5.6,""steady"":true}"
20.812,left_hand,og,acc,380705,"{""seq"":1009,""x_mg"":36,""y_mg"":-36,""z_mg"":896}"
20.812,left_hand,og,tilt,,"{""deg"":5.0,""steady"":true}"
20.843,left_hand,og,acc,380725,"{""seq"":1010,""x_mg"":52,""y_mg"":128,""z_mg"":928}"
20.843,left_hand,og,tilt,,"{""deg"":4.6,""steady"":true}"
20.875,left_hand,og,acc,380746,"{""seq"":1011,""x_mg"":76,""y_mg"":264,""z_mg"":952}"
20.875,left_hand,og,tilt,,"{""deg"":4.6,""steady"":true}"
20.890,left_hand,og,acc,380766,"{""seq"":1012,""x_mg"":92,""y_mg"":116,""z_mg"":972}"
20.890,left_hand,og,tilt,,"{""deg"":4.9,""steady"":true}"
20.890,left_hand,og,acc,380787,"{""seq"":1013,""x_mg"":112,""y_mg"":40,""z_mg"":948}"
20.890,left_hand,og,tilt,,"{""deg"":5.1,""steady"":true}"
20.906,left_hand,og,acc,380807,"{""seq"":1014,""x_mg"":124,""y_mg"":84,""z_mg"":976}"
20.906,left_hand,og,tilt,,"{""deg"":5.4,""steady"":true}"
20.937,left_hand,og,acc,380828,"{""seq"":1015,""x_mg"":112,""y_mg"":92,""z_mg"":952}"
20.937,left_hand,og,tilt,,"{""deg"":5.4,""steady"":true}"
20.968,left_hand,og,acc,380849,"{""seq"":1016,""x_mg"":104,""y_mg"":124,""z_mg"":952}"
20.968,left_hand,og,tilt,,"{""deg"":5.4,""steady"":true}"
20.968,left_hand,og,acc,380869,"{""seq"":1017,""x_mg"":120,""y_mg"":164,""z_mg"":972}"
20.968,left_hand,og,tilt,,"{""deg"":5.5,""steady"":true}"
21.000,left_hand,og,acc,380890,"{""seq"":1018,""x_mg"":120,""y_mg"":188,""z_mg"":988}"
21.000,left_hand,og,tilt,,"{""deg"":5.7,""steady"":true}"
21.031,left_hand,og,acc,380910,"{""seq"":1019,""x_mg"":120,""y_mg"":200,""z_mg"":960}"
21.031,left_hand,og,tilt,,"{""deg"":6.2,""steady"":true}"
21.031,left_hand,og,acc,380931,"{""seq"":1020,""x_mg"":120,""y_mg"":152,""z_mg"":928}"
21.031,left_hand,og,tilt,,"{""deg"":6.7,""steady"":true}"
21.062,left_hand,og,acc,380951,"{""seq"":1021,""x_mg"":60,""y_mg"":72,""z_mg"":1000}"
21.062,left_hand,og,tilt,,"{""deg"":7.0,""steady"":true}"
21.093,left_hand,og,acc,380972,"{""seq"":1022,""x_mg"":56,""y_mg"":-92,""z_mg"":1168}"
21.093,left_hand,og,tilt,,"{""deg"":7.3,""steady"":true}"
21.093,left_hand,og,acc,380993,"{""seq"":1023,""x_mg"":80,""y_mg"":-4,""z_mg"":1008}"
21.093,left_hand,og,tilt,,"{""deg"":7.0,""steady"":true}"
21.125,left_hand,og,acc,381013,"{""seq"":1024,""x_mg"":88,""y_mg"":108,""z_mg"":884}"
21.125,left_hand,og,tilt,,"{""deg"":6.7,""steady"":true}"
21.140,left_hand,og,acc,381034,"{""seq"":1025,""x_mg"":64,""y_mg"":120,""z_mg"":908}"
21.140,left_hand,og,tilt,,"{""deg"":6.4,""steady"":true}"
21.171,left_hand,og,acc,381054,"{""seq"":1026,""x_mg"":52,""y_mg"":112,""z_mg"":912}"
21.171,left_hand,og,tilt,,"{""deg"":6.5,""steady"":true}"
21.203,left_hand,og,acc,381075,"{""seq"":1027,""x_mg"":88,""y_mg"":104,""z_mg"":936}"
21.203,left_hand,og,tilt,,"{""deg"":6.6,""steady"":true}"
21.203,left_hand,og,acc,381095,"{""seq"":1028,""x_mg"":108,""y_mg"":140,""z_mg"":968}"
21.203,left_hand,og,tilt,,"{""deg"":6.6,""steady"":true}"
21.234,left_hand,og,acc,381116,"{""seq"":1029,""x_mg"":100,""y_mg"":148,""z_mg"":964}"
21.234,left_hand,og,tilt,,"{""deg"":6.8,""steady"":true}"
21.265,left_hand,og,acc,381136,"{""seq"":1030,""x_mg"":104,""y_mg"":116,""z_mg"":976}"
21.265,left_hand,og,tilt,,"{""deg"":6.8,""steady"":true}"
21.265,left_hand,og,acc,381157,"{""seq"":1031,""x_mg"":104,""y_mg"":104,""z_mg"":988}"
21.265,left_hand,og,tilt,,"{""deg"":6.9,""steady"":true}"
21.296,left_hand,og,acc,381178,"{""seq"":1032,""x_mg"":96,""y_mg"":112,""z_mg"":976}"
21.296,left_hand,og,tilt,,"{""deg"":6.9,""steady"":true}"
21.296,left_hand,og,acc,381198,"{""seq"":1033,""x_mg"":88,""y_mg"":120,""z_mg"":968}"
21.296,left_hand,og,tilt,,"{""deg"":6.9,""steady"":true}"
21.328,left_hand,og,acc,381219,"{""seq"":1034,""x_mg"":72,""y_mg"":116,""z_mg"":972}"
21.328,left_hand,og,tilt,,"{""deg"":6.9,""steady"":true}"
21.359,left_hand,og,acc,381239,"{""seq"":1035,""x_mg"":64,""y_mg"":128,""z_mg"":992}"
21.359,left_hand,og,tilt,,"{""deg"":6.9,""steady"":true}"
21.359,left_hand,og,acc,381260,"{""seq"":1036,""x_mg"":68,""y_mg"":148,""z_mg"":988}"
21.359,left_hand,og,tilt,,"{""deg"":7.0,""steady"":true}"
21.406,left_hand,og,acc,381280,"{""seq"":1037,""x_mg"":72,""y_mg"":144,""z_mg"":996}"
21.406,left_hand,og,tilt,,"{""deg"":7.0,""steady"":true}"
21.437,left_hand,og,acc,381301,"{""seq"":1038,""x_mg"":64,""y_mg"":136,""z_mg"":1000}"
21.437,left_hand,og,tilt,,"{""deg"":7.2,""steady"":true}"
21.437,left_hand,og,acc,381322,"{""seq"":1039,""x_mg"":64,""y_mg"":128,""z_mg"":1048}"
21.437,left_hand,og,tilt,,"{""deg"":7.2,""steady"":true}"
21.453,left_hand,og,acc,381342,"{""seq"":1040,""x_mg"":60,""y_mg"":116,""z_mg"":1052}"
21.453,left_hand,og,tilt,,"{""deg"":7.3,""steady"":true}"
21.484,left_hand,og,acc,381363,"{""seq"":1041,""x_mg"":72,""y_mg"":100,""z_mg"":968}"
21.484,left_hand,og,tilt,,"{""deg"":7.3,""steady"":true}"
21.484,left_hand,og,acc,381383,"{""seq"":1042,""x_mg"":72,""y_mg"":104,""z_mg"":944}"
21.484,left_hand,og,tilt,,"{""deg"":7.2,""steady"":true}"
21.515,left_hand,og,acc,381404,"{""seq"":1043,""x_mg"":76,""y_mg"":80,""z_mg"":932}"
21.515,left_hand,og,tilt,,"{""deg"":7.1,""steady"":true}"
21.546,left_hand,og,acc,381424,"{""seq"":1044,""x_mg"":44,""y_mg"":100,""z_mg"":952}"
21.546,left_hand,og,tilt,,"{""deg"":7.0,""steady"":true}"
21.578,left_hand,og,acc,381445,"{""seq"":1045,""x_mg"":68,""y_mg"":140,""z_mg"":1000}"
21.578,left_hand,og,tilt,,"{""deg"":6.9,""steady"":true}"
21.578,left_hand,og,acc,381466,"{""seq"":1046,""x_mg"":88,""y_mg"":240,""z_mg"":1012}"
21.578,left_hand,og,tilt,,"{""deg"":6.9,""steady"":true}"
21.609,left_hand,og,acc,381486,"{""seq"":1047,""x_mg"":88,""y_mg"":284,""z_mg"":992}"
21.609,left_hand,og,tilt,,"{""deg"":7.0,""steady"":true}"
21.640,left_hand,og,acc,381507,"{""seq"":1048,""x_mg"":108,""y_mg"":196,""z_mg"":1012}"
21.640,left_hand,og,tilt,,"{""deg"":7.5,""steady"":true}"
21.640,left_hand,og,acc,381527,"{""seq"":1049,""x_mg"":108,""y_mg"":36,""z_mg"":976}"
21.640,left_hand,og,tilt,,"{""deg"":8.0,""steady"":true}"
21.671,left_hand,og,acc,381548,"{""seq"":1050,""x_mg"":112,""y_mg"":-24,""z_mg"":944}"
21.671,left_hand,og,tilt,,"{""deg"":8.4,""steady"":true}"
21.703,left_hand,og,acc,381568,"{""seq"":1051,""x_mg"":100,""y_mg"":32,""z_mg"":976}"
21.703,left_hand,og,tilt,,"{""deg"":7.6,""steady"":true}"
21.703,left_hand,og,acc,381589,"{""seq"":1052,""x_mg"":96,""y_mg"":128,""z_mg"":976}"
21.703,left_hand,og,tilt,,"{""deg"":7.0,""steady"":true}"
21.734,left_hand,og,acc,381610,"{""seq"":1053,""x_mg"":100,""y_mg"":164,""z_mg"":932}"
21.734,left_hand,og,tilt,,"{""deg"":6.4,""steady"":true}"
21.750,left_hand,og,acc,381630,"{""seq"":1054,""x_mg"":112,""y_mg"":40,""z_mg"":868}"
21.750,left_hand,og,tilt,,"{""deg"":6.0,""steady"":true}"
21.750,left_hand,og,acc,381651,"{""seq"":1055,""x_mg"":108,""y_mg"":-132,""z_mg"":1016}"
21.750,left_hand,og,tilt,,"{""deg"":5.6,""steady"":true}"
21.796,left_hand,og,acc,381671,"{""seq"":1056,""x_mg"":76,""y_mg"":-140,""z_mg"":1108}"
21.796,left_hand,og,tilt,,"{""deg"":5.3,""steady"":true}"
21.796,left_hand,og,acc,381692,"{""seq"":1057,""x_mg"":100,""y_mg"":24,""z_mg"":1000}"
21.796,left_hand,og,tilt,,"{""deg"":4.9,""steady"":true}"
21.828,left_hand,og,acc,381712,"{""seq"":1058,""x_mg"":128,""y_mg"":80,""z_mg"":920}"
21.828,left_hand,og,tilt,,"{""deg"":4.5,""steady"":true}"
21.859,left_hand,og,acc,381733,"{""seq"":1059,""x_mg"":108,""y_mg"":72,""z_mg"":912}"
21.859,left_hand,og,tilt,,"{""deg"":4.1,""steady"":true}"
21.859,left_hand,og,acc,381754,"{""seq"":1060,""x_mg"":60,""y_mg"":32,""z_mg"":944}"
21.859,left_hand,og,tilt,,"{""deg"":3.9,""steady"":true}"
21.875,left_hand,og,acc,381774,"{""seq"":1061,""x_mg"":60,""y_mg"":-12,""z_mg"":948}"
21.875,left_hand,og,tilt,,"{""deg"":3.7,""steady"":true}"
21.921,left_hand,og,acc,381795,"{""seq"":1062,""x_mg"":36,""y_mg"":-16,""z_mg"":904}"
21.921,left_hand,og,tilt,,"{""deg"":3.5,""steady"":true}"
21.921,left_hand,og,acc,381815,"{""seq"":1063,""x_mg"":-48,""y_mg"":-48,""z_mg"":1064}"
21.921,left_hand,og,tilt,,"{""deg"":3.0,""steady"":true}"
21.937,left_hand,og,acc,381836,"{""seq"":1064,""x_mg"":-112,""y_mg"":-52,""z_mg"":1088}"
21.937,left_hand,og,tilt,,"{""deg"":2.6,""steady"":true}"
21.953,left_hand,og,acc,381856,"{""seq"":1065,""x_mg"":-80,""y_mg"":-60,""z_mg"":1104}"
21.953,left_hand,og,tilt,,"{""deg"":2.0,""steady"":true}"
21.984,left_hand,og,acc,381877,"{""seq"":1066,""x_mg"":-40,""y_mg"":8,""z_mg"":1088}"
21.984,left_hand,og,tilt,,"{""deg"":1.5,""steady"":true}"
22.015,left_hand,og,acc,381898,"{""seq"":1067,""x_mg"":-32,""y_mg"":100,""z_mg"":992}"
22.015,left_hand,og,tilt,,"{""deg"":1.0,""steady"":true}"
22.046,left_hand,og,acc,381918,"{""seq"":1068,""x_mg"":-12,""y_mg"":88,""z_mg"":900}"
22.046,left_hand,og,tilt,,"{""deg"":1.0,""steady"":true}"
22.062,left_hand,og,acc,381939,"{""seq"":1069,""x_mg"":4,""y_mg"":80,""z_mg"":848}"
22.062,left_hand,og,tilt,,"{""deg"":1.5,""steady"":true}"
22.062,left_hand,og,acc,381959,"{""seq"":1070,""x_mg"":36,""y_mg"":56,""z_mg"":836}"
22.062,left_hand,og,tilt,,"{""deg"":2.0,""steady"":true}"
22.093,left_hand,og,acc,381980,"{""seq"":1071,""x_mg"":64,""y_mg"":60,""z_mg"":908}"
22.093,left_hand,og,tilt,,"{""deg"":2.4,""steady"":true}"
22.125,left_hand,og,acc,382000,"{""seq"":1072,""x_mg"":64,""y_mg"":68,""z_mg"":972}"
22.125,left_hand,og,tilt,,"{""deg"":2.7,""steady"":true}"
22.156,left_hand,og,acc,382021,"{""seq"":1073,""x_mg"":92,""y_mg"":76,""z_mg"":1072}"
22.156,left_hand,og,tilt,,"{""deg"":2.8,""steady"":true}"
22.156,left_hand,og,acc,382041,"{""seq"":1074,""x_mg"":100,""y_mg"":200,""z_mg"":984}"
22.156,left_hand,og,tilt,,"{""deg"":3.0,""steady"":true}"
22.187,left_hand,og,acc,382062,"{""seq"":1075,""x_mg"":88,""y_mg"":68,""z_mg"":1028}"
22.187,left_hand,og,tilt,,"{""deg"":3.2,""steady"":true}"
22.218,left_hand,og,acc,382083,"{""seq"":1076,""x_mg"":116,""y_mg"":-168,""z_mg"":1164}"
22.218,left_hand,og,tilt,,"{""deg"":3.3,""steady"":true}"
22.218,left_hand,og,acc,382103,"{""seq"":1077,""x_mg"":96,""y_mg"":-104,""z_mg"":1140}"
22.218,left_hand,og,tilt,,"{""deg"":3.4,""steady"":true}"
22.250,left_hand,og,acc,382124,"{""seq"":1078,""x_mg"":80,""y_mg"":72,""z_mg"":944}"
22.250,left_hand,og,tilt,,"{""deg"":3.5,""steady"":true}"
22.250,left_hand,og,acc,382144,"{""seq"":1079,""x_mg"":80,""y_mg"":20,""z_mg"":992}"
22.250,left_hand,og,tilt,,"{""deg"":3.2,""steady"":true}"
22.281,left_hand,og,acc,382165,"{""seq"":1080,""x_mg"":100,""y_mg"":-60,""z_mg"":936}"
22.281,left_hand,og,tilt,,"{""deg"":2.4,""steady"":true}"
22.312,left_hand,og,acc,382185,"{""seq"":1081,""x_mg"":100,""y_mg"":-92,""z_mg"":932}"
22.312,left_hand,og,tilt,,"{""deg"":1.7,""steady"":true}"
22.312,left_hand,og,acc,382206,"{""seq"":1082,""x_mg"":96,""y_mg"":-20,""z_mg"":980}"
22.312,left_hand,og,tilt,,"{""deg"":1.4,""steady"":true}"
22.343,left_hand,og,acc,382227,"{""seq"":1083,""x_mg"":76,""y_mg"":24,""z_mg"":984}"
22.343,left_hand,og,tilt,,"{""deg"":1.1,""steady"":true}"
22.375,left_hand,og,acc,382247,"{""seq"":1084,""x_mg"":80,""y_mg"":44,""z_mg"":964}"
22.375,left_hand,og,tilt,,"{""deg"":0.9,""steady"":true}"
22.375,left_hand,og,acc,382268,"{""seq"":1085,""x_mg"":84,""y_mg"":44,""z_mg"":972}"
22.375,left_hand,og,tilt,,"{""deg"":1.0,""steady"":true}"
22.406,left_hand,og,acc,382288,"{""seq"":1086,""x_mg"":96,""y_mg"":16,""z_mg"":968}"
22.406,left_hand,og,tilt,,"{""deg"":1.0,""steady"":true}"
22.437,left_hand,og,acc,382309,"{""seq"":1087,""x_mg"":96,""y_mg"":52,""z_mg"":968}"
22.437,left_hand,og,tilt,,"{""deg"":1.2,""steady"":true}"
22.437,left_hand,og,acc,382329,"{""seq"":1088,""x_mg"":76,""y_mg"":116,""z_mg"":980}"
22.437,left_hand,og,tilt,,"{""deg"":1.4,""steady"":true}"
22.468,left_hand,og,acc,382350,"{""seq"":1089,""x_mg"":80,""y_mg"":144,""z_mg"":984}"
22.468,left_hand,og,tilt,,"{""deg"":1.7,""steady"":true}"
22.468,left_hand,og,acc,382371,"{""seq"":1090,""x_mg"":76,""y_mg"":108,""z_mg"":996}"
22.468,left_hand,og,tilt,,"{""deg"":2.2,""steady"":true}"
22.500,left_hand,og,acc,382391,"{""seq"":1091,""x_mg"":84,""y_mg"":104,""z_mg"":992}"
22.500,left_hand,og,tilt,,"{""deg"":2.7,""steady"":true}"
22.515,left_hand,og,acc,382412,"{""seq"":1092,""x_mg"":96,""y_mg"":136,""z_mg"":1012}"
22.515,left_hand,og,tilt,,"{""deg"":3.2,""steady"":true}"
22.546,left_hand,og,acc,382432,"{""seq"":1093,""x_mg"":88,""y_mg"":148,""z_mg"":1000}"
22.546,left_hand,og,tilt,,"{""deg"":3.8,""steady"":true}"
22.578,left_hand,og,acc,382453,"{""seq"":1094,""x_mg"":80,""y_mg"":140,""z_mg"":980}"
22.578,left_hand,og,tilt,,"{""deg"":4.3,""steady"":true}"
22.578,left_hand,og,acc,382473,"{""seq"":1095,""x_mg"":88,""y_mg"":108,""z_mg"":952}"
22.578,left_hand,og,tilt,,"{""deg"":4.7,""steady"":true}"
22.609,left_hand,og,acc,382494,"{""seq"":1096,""x_mg"":84,""y_mg"":76,""z_mg"":960}"
22.609,left_hand,og,tilt,,"{""deg"":5.1,""steady"":true}"
22.609,left_hand,og,acc,382514,"{""seq"":1097,""x_mg"":76,""y_mg"":92,""z_mg"":944}"
22.609,left_hand,og,tilt,,"{""deg"":5.3,""steady"":true}"
22.656,left_hand,og,acc,382535,"{""seq"":1098,""x_mg"":64,""y_mg"":120,""z_mg"":972}"
22.656,left_hand,og,tilt,,"{""deg"":5.5,""steady"":true}"
22.687,left_hand,og,acc,382556,"{""seq"":1099,""x_mg"":68,""y_mg"":96,""z_mg"":992}"
22.687,left_hand,og,tilt,,"{""deg"":5.5,""steady"":true}"
22.687,left_hand,og,acc,382576,"{""seq"":1100,""x_mg"":76,""y_mg"":72,""z_mg"":980}"
22.687,left_hand,og,tilt,,"{""deg"":5.5,""steady"":true}"
22.703,left_hand,og,acc,382597,"{""seq"":1101,""x_mg"":68,""y_mg"":72,""z_mg"":992}"
22.703,left_hand,og,tilt,,"{""deg"":5.6,""steady"":true}"
22.734,left_hand,og,acc,382617,"{""seq"":1102,""x_mg"":60,""y_mg"":68,""z_mg"":980}"
22.734,left_hand,og,tilt,,"{""deg"":5.4,""steady"":true}"
22.734,left_hand,og,acc,382638,"{""seq"":1103,""x_mg"":64,""y_mg"":56,""z_mg"":1000}"
22.734,left_hand,og,tilt,,"{""deg"":5.3,""steady"":true}"
22.765,left_hand,og,acc,382658,"{""seq"":1104,""x_mg"":60,""y_mg"":48,""z_mg"":1000}"
22.765,left_hand,og,tilt,,"{""deg"":5.2,""steady"":true}"
22.796,left_hand,og,acc,382679,"{""seq"":1105,""x_mg"":56,""y_mg"":48,""z_mg"":996}"
22.796,left_hand,og,tilt,,"{""deg"":5.0,""steady"":true}"
22.828,left_hand,og,acc,382700,"{""seq"":1106,""x_mg"":64,""y_mg"":44,""z_mg"":1000}"
22.828,left_hand,og,tilt,,"{""deg"":4.7,""steady"":true}"
22.828,left_hand,og,acc,382720,"{""seq"":1107,""x_mg"":64,""y_mg"":60,""z_mg"":980}"
22.828,left_hand,og,tilt,,"{""deg"":4.5,""steady"":true}"
22.859,left_hand,og,acc,382741,"{""seq"":1108,""x_mg"":56,""y_mg"":52,""z_mg"":988}"
22.859,left_hand,og,tilt,,"{""deg"":4.3,""steady"":true}"
22.890,left_hand,og,acc,382761,"{""seq"":1109,""x_mg"":68,""y_mg"":68,""z_mg"":980}"
22.890,left_hand,og,tilt,,"{""deg"":4.2,""steady"":true}"
22.890,left_hand,og,acc,382782,"{""seq"":1110,""x_mg"":68,""y_mg"":76,""z_mg"":988}"
22.890,left_hand,og,tilt,,"{""deg"":4.1,""steady"":true}"
22.906,left_hand,og,acc,382802,"{""seq"":1111,""x_mg"":60,""y_mg"":64,""z_mg"":976}"
22.906,left_hand,og,tilt,,"{""deg"":4.1,""steady"":true}"
22.937,left_hand,og,acc,382823,"{""seq"":1112,""x_mg"":72,""y_mg"":60,""z_mg"":976}"
22.937,left_hand,og,tilt,,"{""deg"":4.1,""steady"":true}"
22.968,left_hand,og,acc,382844,"{""seq"":1113,""x_mg"":68,""y_mg"":52,""z_mg"":988}"
22.968,left_hand,og,tilt,,"{""deg"":4.1,""steady"":true}"
22.968,left_hand,og,acc,382864,"{""seq"":1114,""x_mg"":76,""y_mg"":56,""z_mg"":988}"
22.968,left_hand,og,tilt,,"{""deg"":4.1,""steady"":true}"
23.000,left_hand,og,acc,382885,"{""seq"":1115,""x_mg"":68,""y_mg"":64,""z_mg"":988}"
23.000,left_hand,og,tilt,,"{""deg"":4.0,""steady"":true}"
23.000,left_hand,og,acc,382905,"{""seq"":1116,""x_mg"":68,""y_mg"":52,""z_mg"":988}"
23.000,left_hand,og,tilt,,"{""deg"":3.9,""steady"":true}"
23.031,left_hand,og,acc,382926,"{""seq"":1117,""x_mg"":64,""y_mg"":52,""z_mg"":984}"
23.031,left_hand,og,tilt,,"{""deg"":3.9,""steady"":true}"
23.062,left_hand,og,acc,382946,"{""seq"":1118,""x_mg"":76,""y_mg"":60,""z_mg"":984}"
23.062,left_hand,og,tilt,,"{""deg"":3.8,""steady"":true}"
23.078,left_hand,og,acc,382967,"{""seq"":1119,""x_mg"":64,""y_mg"":48,""z_mg"":988}"
23.078,left_hand,og,tilt,,"{""deg"":3.8,""steady"":true}"
23.109,left_hand,og,acc,382987,"{""seq"":1120,""x_mg"":60,""y_mg"":56,""z_mg"":988}"
23.109,left_hand,og,tilt,,"{""deg"":3.7,""steady"":true}"
23.109,left_hand,og,acc,383008,"{""seq"":1121,""x_mg"":64,""y_mg"":56,""z_mg"":992}"
23.109,left_hand,og,tilt,,"{""deg"":3.7,""steady"":true}"
23.156,left_hand,og,acc,383029,"{""seq"":1122,""x_mg"":68,""y_mg"":44,""z_mg"":980}"
23.156,left_hand,og,tilt,,"{""deg"":3.6,""steady"":true}"
23.187,left_hand,og,acc,383049,"{""seq"":1123,""x_mg"":64,""y_mg"":48,""z_mg"":1000}"
23.187,left_hand,og,tilt,,"{""deg"":3.6,""steady"":true}"
23.187,left_hand,og,acc,383070,"{""seq"":1124,""x_mg"":60,""y_mg"":56,""z_mg"":968}"
23.187,left_hand,og,tilt,,"{""deg"":3.6,""steady"":true}"
23.218,left_hand,og,acc,383090,"{""seq"":1125,""x_mg"":68,""y_mg"":56,""z_mg"":996}"
23.218,left_hand,og,tilt,,"{""deg"":3.5,""steady"":true}"
23.234,left_hand,og,acc,383111,"{""seq"":1126,""x_mg"":68,""y_mg"":44,""z_mg"":992}"
23.234,left_hand,og,tilt,,"{""deg"":3.5,""steady"":true}"
23.234,left_hand,og,acc,383131,"{""seq"":1127,""x_mg"":60,""y_mg"":48,""z_mg"":988}"
23.234,left_hand,og,tilt,,"{""deg"":3.4,""steady"":true}"
23.281,left_hand,og,acc,383152,"{""seq"":1128,""x_mg"":60,""y_mg"":56,""z_mg"":992}"
23.281,left_hand,og,tilt,,"{""deg"":3.4,""steady"":true}"
23.281,left_hand,og,acc,383173,"{""seq"":1129,""x_mg"":64,""y_mg"":44,""z_mg"":992}"
23.281,left_hand,og,tilt,,"{""deg"":3.4,""steady"":true}"
23.312,left_hand,og,acc,383193,"{""seq"":1130,""x_mg"":68,""y_mg"":44,""z_mg"":984}"
23.312,left_hand,og,tilt,,"{""deg"":3.3,""steady"":true}"
23.343,left_hand,og,acc,383214,"{""seq"":1131,""x_mg"":64,""y_mg"":44,""z_mg"":984}"
23.343,left_hand,og,tilt,,"{""deg"":3.2,""steady"":true}"
23.343,left_hand,og,acc,383234,"{""seq"":1132,""x_mg"":72,""y_mg"":52,""z_mg"":972}"
23.343,left_hand,og,tilt,,"{""deg"":3.2,""steady"":true}"
23.375,left_hand,og,acc,383255,"{""seq"":1133,""x_mg"":56,""y_mg"":52,""z_mg"":984}"
23.375,left_hand,og,tilt,,"{""deg"":3.1,""steady"":true}"
23.406,left_hand,og,acc,383275,"{""seq"":1134,""x_mg"":60,""y_mg"":60,""z_mg"":1000}"
23.406,left_hand,og,tilt,,"{""deg"":3.2,""steady"":true}"
23.406,left_hand,og,acc,383296,"{""seq"":1135,""x_mg"":72,""y_mg"":60,""z_mg"":996}"
23.406,left_hand,og,tilt,,"{""deg"":3.2,""steady"":true}"
23.437,left_hand,og,acc,383317,"{""seq"":1136,""x_mg"":68,""y_mg"":48,""z_mg"":992}"
23.437,left_hand,og,tilt,,"{""deg"":3.2,""steady"":true}"
23.468,left_hand,og,acc,383337,"{""seq"":1137,""x_mg"":64,""y_mg"":56,""z_mg"":992}"
23.468,left_hand,og,tilt,,"{""deg"":3.2,""steady"":true}"
23.468,left_hand,og,acc,383358,"{""seq"":1138,""x_mg"":60,""y_mg"":52,""z_mg"":984}"
23.468,left_hand,og,tilt,,"{""deg"":3.2,""steady"":true}"
23.500,left_hand,og,acc,383378,"{""seq"":1139,""x_mg"":56,""y_mg"":60,""z_mg"":984}"
23.500,left_hand,og,tilt,,"{""deg"":3.3,""steady"":true}"
23.515,left_hand,og,acc,383399,"{""seq"":1140,""x_mg"":60,""y_mg"":68,""z_mg"":980}"
23.515,left_hand,og,tilt,,"{""deg"":3.3,""steady"":true}"
23.515,left_hand,og,acc,383419,"{""seq"":1141,""x_mg"":52,""y_mg"":72,""z_mg"":976}"
23.515,left_hand,og,tilt,,"{""deg"":3.3,""steady"":true}"
23.546,left_hand,og,acc,383440,"{""seq"":1142,""x_mg"":64,""y_mg"":76,""z_mg"":976}"
23.546,left_hand,og,tilt,,"{""deg"":3.4,""steady"":true}"
23.578,left_hand,og,acc,383461,"{""seq"":1143,""x_mg"":60,""y_mg"":72,""z_mg"":980}"
23.578,left_hand,og,tilt,,"{""deg"":3.6,""steady"":true}"
23.609,left_hand,og,acc,383481,"{""seq"":1144,""x_mg"":68,""y_mg"":84,""z_mg"":988}"
23.609,left_hand,og,tilt,,"{""deg"":3.7,""steady"":true}"
23.609,left_hand,og,acc,383502,"{""seq"":1145,""x_mg"":60,""y_mg"":92,""z_mg"":984}"
23.609,left_hand,og,tilt,,"{""deg"":3.8,""steady"":true}"
23.640,left_hand,og,acc,383522,"{""seq"":1146,""x_mg"":64,""y_mg"":96,""z_mg"":984}"
23.640,left_hand,og,tilt,,"{""deg"":3.9,""steady"":true}"
23.640,left_hand,og,acc,383543,"{""seq"":1147,""x_mg"":68,""y_mg"":100,""z_mg"":972}"
23.640,left_hand,og,tilt,,"{""deg"":4.1,""steady"":true}"
23.671,left_hand,og,acc,383563,"{""seq"":1148,""x_mg"":64,""y_mg"":100,""z_mg"":980}"
23.671,left_hand,og,tilt,,"{""deg"":4.3,""steady"":true}"
23.703,left_hand,og,acc,383584,"{""seq"":1149,""x_mg"":56,""y_mg"":100,""z_mg"":984}"
23.703,left_hand,og,tilt,,"{""deg"":4.5,""steady"":true}"
23.703,left_hand,og,acc,383605,"{""seq"":1150,""x_mg"":64,""y_mg"":80,""z_mg"":992}"
23.703,left_hand,og,tilt,,"{""deg"":4.7,""steady"":true}"
23.734,left_hand,og,acc,383625,"{""seq"":1151,""x_mg"":60,""y_mg"":100,""z_mg"":988}"
23.734,left_hand,og,tilt,,"{""deg"":4.9,""steady"":true}"
23.765,left_hand,og,acc,383646,"{""seq"":1152,""x_mg"":64,""y_mg"":104,""z_mg"":988}"
23.765,left_hand,og,tilt,,"{""deg"":5.0,""steady"":true}"
23.796,left_hand,og,acc,383666,"{""seq"":1153,""x_mg"":72,""y_mg"":108,""z_mg"":980}"
23.796,left_hand,og,tilt,,"{""deg"":5.1,""steady"":true}"
23.796,left_hand,og,acc,383687,"{""seq"":1154,""x_mg"":68,""y_mg"":80,""z_mg"":1000}"
23.796,left_hand,og,tilt,,"{""deg"":5.2,""steady"":true}"
23.812,left_hand,og,acc,383707,"{""seq"":1155,""x_mg"":60,""y_mg"":68,""z_mg"":984}"
23.812,left_hand,og,tilt,,"{""deg"":5.3,""steady"":true}"
23.843,left_hand,og,acc,383728,"{""seq"":1156,""x_mg"":68,""y_mg"":80,""z_mg"":964}"
23.843,left_hand,og,tilt,,"{""deg"":5.3,""steady"":true}"
23.875,left_hand,og,acc,383749,"{""seq"":1157,""x_mg"":76,""y_mg"":112,""z_mg"":968}"
23.875,left_hand,og,tilt,,"{""deg"":5.3,""steady"":true}"
23.875,left_hand,og,acc,383769,"{""seq"":1158,""x_mg"":76,""y_mg"":104,""z_mg"":956}"
23.875,left_hand,og,tilt,,"{""deg"":5.2,""steady"":true}"
23.906,left_hand,og,acc,383790,"{""seq"":1159,""x_mg"":76,""y_mg"":132,""z_mg"":972}"
23.906,left_hand,og,tilt,,"{""deg"":5.4,""steady"":true}"
23.906,left_hand,og,acc,383810,"{""seq"":1160,""x_mg"":80,""y_mg"":136,""z_mg"":976}"
23.906,left_hand,og,tilt,,"{""deg"":5.5,""steady"":true}"
23.953,left_hand,og,acc,383831,"{""seq"":1161,""x_mg"":80,""y_mg"":148,""z_mg"":972}"
23.953,left_hand,og,tilt,,"{""deg"":5.8,""steady"":true}"
23.984,left_hand,og,acc,383851,"{""seq"":1162,""x_mg"":76,""y_mg"":144,""z_mg"":972}"
23.984,left_hand,og,tilt,,"{""deg"":6.1,""steady"":true}"
23.984,left_hand,og,acc,383872,"{""seq"":1163,""x_mg"":72,""y_mg"":128,""z_mg"":952}"
23.984,left_hand,og,tilt,,"{""deg"":6.4,""steady"":true}"
24.015,left_hand,og,acc,383893,"{""seq"":1164,""x_mg"":68,""y_mg"":132,""z_mg"":972}"
24.015,left_hand,og,tilt,,"{""deg"":6.6,""steady"":true}"
24.046,left_hand,og,acc,383913,"{""seq"":1165,""x_mg"":68,""y_mg"":148,""z_mg"":992}"
24.046,left_hand,og,tilt,,"{""deg"":6.8,""steady"":true}"
24.046,left_hand,og,acc,383934,"{""seq"":1166,""x_mg"":68,""y_mg"":144,""z_mg"":984}"
24.046,left_hand,og,tilt,,"{""deg"":7.0,""steady"":true}"
24.078,left_hand,og,acc,383954,"{""seq"":1167,""x_mg"":64,""y_mg"":120,""z_mg"":984}"
24.078,left_hand,og,tilt,,"{""deg"":7.1,""steady"":true}"
24.109,left_hand,og,acc,383975,"{""seq"":1168,""x_mg"":72,""y_mg"":108,""z_mg"":976}"
24.109,left_hand,og,tilt,,"{""deg"":7.2,""steady"":true}"
24.109,left_hand,og,acc,383995,"{""seq"":1169,""x_mg"":72,""y_mg"":116,""z_mg"":964}"
24.109,left_hand,og,tilt,,"{""deg"":7.2,""steady"":true}"
24.140,left_hand,og,acc,384016,"{""seq"":1170,""x_mg"":60,""y_mg"":112,""z_mg"":988}"
24.140,left_hand,og,tilt,,"{""deg"":7.2,""steady"":true}"
24.171,left_hand,og,acc,384036,"{""seq"":1171,""x_mg"":68,""y_mg"":120,""z_mg"":972}"
24.171,left_hand,og,tilt,,"{""deg"":7.2,""steady"":true}"
24.171,left_hand,og,acc,384057,"{""seq"":1172,""x_mg"":76,""y_mg"":124,""z_mg"":972}"
24.171,left_hand,og,tilt,,"{""deg"":7.2,""steady"":true}"
24.203,left_hand,og,acc,384078,"{""seq"":1173,""x_mg"":76,""y_mg"":116,""z_mg"":964}"
24.203,left_hand,og,tilt,,"{""deg"":7.2,""steady"":true}"
24.203,left_hand,og,acc,384098,"{""seq"":1174,""x_mg"":68,""y_mg"":120,""z_mg"":976}"
24.203,left_hand,og,tilt,,"{""deg"":7.2,""steady"":true}"
24.234,left_hand,og,acc,384119,"{""seq"":1175,""x_mg"":72,""y_mg"":116,""z_mg"":972}"
24.234,left_hand,og,tilt,,"{""deg"":7.2,""steady"":true}"
24.265,left_hand,og,acc,384139,"{""seq"":1176,""x_mg"":68,""y_mg"":120,""z_mg"":964}"
24.265,left_hand,og,tilt,,"{""deg"":7.2,""steady"":true}"
24.265,left_hand,og,acc,384160,"{""seq"":1177,""x_mg"":64,""y_mg"":128,""z_mg"":972}"
24.265,left_hand,og,tilt,,"{""deg"":7.2,""steady"":true}"
24.296,left_hand,og,acc,384180,"{""seq"":1178,""x_mg"":60,""y_mg"":128,""z_mg"":984}"
24.296,left_hand,og,tilt,,"{""deg"":7.2,""steady"":true}"
24.312,left_hand,og,acc,384201,"{""seq"":1179,""x_mg"":56,""y_mg"":128,""z_mg"":984}"
24.312,left_hand,og,tilt,,"{""deg"":7.3,""steady"":true}"
24.343,left_hand,og,acc,384222,"{""seq"":1180,""x_mg"":68,""y_mg"":120,""z_mg"":980}"
24.343,left_hand,og,tilt,,"{""deg"":7.3,""steady"":true}"
24.375,left_hand,og,acc,384242,"{""seq"":1181,""x_mg"":64,""y_mg"":108,""z_mg"":980}"
24.375,left_hand,og,tilt,,"{""deg"":7.4,""steady"":true}"
24.375,left_hand,og,acc,384263,"{""seq"":1182,""x_mg"":68,""y_mg"":108,""z_mg"":996}"
24.375,left_hand,og,tilt,,"{""deg"":7.3,""steady"":true}"
24.406,left_hand,og,acc,384283,"{""seq"":1183,""x_mg"":68,""y_mg"":104,""z_mg"":984}"
24.406,left_hand,og,tilt,,"{""deg"":7.2,""steady"":true}"
24.437,left_hand,og,acc,384304,"{""seq"":1184,""x_mg"":64,""y_mg"":112,""z_mg"":988}"
24.437,left_hand,og,tilt,,"{""deg"":7.2,""steady"":true}"
24.437,left_hand,og,acc,384324,"{""seq"":1185,""x_mg"":60,""y_mg"":108,""z_mg"":976}"
24.437,left_hand,og,tilt,,"{""deg"":7.1,""steady"":true}"
24.468,left_hand,og,acc,384345,"{""seq"":1186,""x_mg"":68,""y_mg"":104,""z_mg"":988}"
24.468,left_hand,og,tilt,,"{""deg"":7.0,""steady"":true}"
24.468,left_hand,og,acc,384366,"{""seq"":1187,""x_mg"":72,""y_mg"":104,""z_mg"":988}"
24.468,left_hand,og,tilt,,"{""deg"":6.9,""steady"":true}"
24.500,left_hand,og,acc,384386,"{""seq"":1188,""x_mg"":52,""y_mg"":100,""z_mg"":984}"
24.500,left_hand,og,tilt,,"{""deg"":6.8,""steady"":true}"
24.531,left_hand,og,acc,384407,"{""seq"":1189,""x_mg"":64,""y_mg"":108,""z_mg"":984}"
24.531,left_hand,og,tilt,,"{""deg"":6.8,""steady"":true}"
24.531,left_hand,og,acc,384427,"{""seq"":1190,""x_mg"":68,""y_mg"":100,""z_mg"":984}"
24.531,left_hand,og,tilt,,"{""deg"":6.7,""steady"":true}"
24.562,left_hand,og,acc,384448,"{""seq"":1191,""x_mg"":60,""y_mg"":116,""z_mg"":988}"
24.562,left_hand,og,tilt,,"{""deg"":6.6,""steady"":true}"
24.593,left_hand,og,acc,384468,"{""seq"":1192,""x_mg"":64,""y_mg"":104,""z_mg"":984}"
24.593,left_hand,og,tilt,,"{""deg"":6.6,""steady"":true}"
24.593,left_hand,og,acc,384489,"{""seq"":1193,""x_mg"":64,""y_mg"":112,""z_mg"":980}"
24.593,left_hand,og,tilt,,"{""deg"":6.6,""steady"":true}"
24.625,left_hand,og,acc,384510,"{""seq"":1194,""x_mg"":60,""y_mg"":100,""z_mg"":984}"
24.625,left_hand,og,tilt,,"{""deg"":6.5,""steady"":true}"
24.656,left_hand,og,acc,384530,"{""seq"":1195,""x_mg"":68,""y_mg"":108,""z_mg"":964}"
24.656,left_hand,og,tilt,,"{""deg"":6.6,""steady"":true}"
24.656,left_hand,og,acc,384551,"{""seq"":1196,""x_mg"":72,""y_mg"":128,""z_mg"":988}"
24.656,left_hand,og,tilt,,"{""deg"":6.6,""steady"":true}"
24.687,left_hand,og,acc,384571,"{""seq"":1197,""x_mg"":68,""y_mg"":148,""z_mg"":1004}"
24.687,left_hand,og,tilt,,"{""deg"":6.6,""steady"":true}"
24.718,left_hand,og,acc,384592,"{""seq"":1198,""x_mg"":68,""y_mg"":144,""z_mg"":1020}"
24.718,left_hand,og,tilt,,"{""deg"":6.7,""steady"":true}"
24.718,left_hand,og,acc,384612,"{""seq"":1199,""x_mg"":76,""y_mg"":164,""z_mg"":968}"
24.718,left_hand,og,tilt,,"{""deg"":6.9,""steady"":true}"
24.750,left_hand,og,acc,384633,"{""seq"":1200,""x_mg"":72,""y_mg"":172,""z_mg"":940}"
24.750,left_hand,og,tilt,,"{""deg"":7.1,""steady"":true}"
24.750,left_hand,og,acc,384653,"{""seq"":1201,""x_mg"":72,""y_mg"":168,""z_mg"":960}"
24.750,left_hand,og,tilt,,"{""deg"":7.4,""steady"":true}"
24.781,left_hand,og,acc,384674,"{""seq"":1202,""x_mg"":68,""y_mg"":136,""z_mg"":992}"
24.781,left_hand,og,tilt,,"{""deg"":7.7,""steady"":true}"
24.812,left_hand,og,acc,384695,"{""seq"":1203,""x_mg"":80,""y_mg"":148,""z_mg"":956}"
24.812,left_hand,og,tilt,,"{""deg"":8.0,""steady"":true}"
24.843,left_hand,og,acc,384715,"{""seq"":1204,""x_mg"":84,""y_mg"":120,""z_mg"":948}"
24.843,left_hand,og,tilt,,"{""deg"":8.1,""steady"":true}"
24.843,left_hand,og,acc,384736,"{""seq"":1205,""x_mg"":84,""y_mg"":112,""z_mg"":960}"
24.843,left_hand,og,tilt,,"{""deg"":8.1,""steady"":true}"
24.875,left_hand,og,acc,384756,"{""seq"":1206,""x_mg"":80,""y_mg"":72,""z_mg"":988}"
24.875,left_hand,og,tilt,,"{""deg"":8.0,""steady"":true}"
24.890,left_hand,og,acc,384777,"{""seq"":1207,""x_mg"":68,""y_mg"":16,""z_mg"":992}"
24.890,left_hand,og,tilt,,"{""deg"":7.9,""steady"":true}"
24.921,left_hand,og,acc,384797,"{""seq"":1208,""x_mg"":56,""y_mg"":-16,""z_mg"":936}"
24.921,left_hand,og,tilt,,"{""deg"":7.5,""steady"":true}"
24.953,left_hand,og,acc,384818,"{""seq"":1209,""x_mg"":0,""y_mg"":-136,""z_mg"":1076}"
24.953,left_hand,og,tilt,,"{""deg"":6.7,""steady"":true}"
24.953,left_hand,og,acc,384839,"{""seq"":1210,""x_mg"":-28,""y_mg"":-164,""z_mg"":1108}"
24.953,left_hand,og,tilt,,"{""deg"":5.8,""steady"":true}"
24.968,left_hand,og,acc,384859,"{""seq"":1211,""x_mg"":40,""y_mg"":12,""z_mg"":932}"
24.968,left_hand,og,tilt,,"{""deg"":5.0,""steady"":true}"
25.000,left_hand,og,acc,384880,"{""seq"":1212,""x_mg"":52,""y_mg"":196,""z_mg"":996}"
25.000,left_hand,og,tilt,,"{""deg"":4.3,""steady"":true}"
25.000,left_hand,og,acc,384900,"{""seq"":1213,""x_mg"":40,""y_mg"":144,""z_mg"":948}"
25.000,left_hand,og,tilt,,"{""deg"":3.9,""steady"":true}"
25.031,left_hand,og,acc,384921,"{""seq"":1214,""x_mg"":112,""y_mg"":-28,""z_mg"":920}"
25.031,left_hand,og,tilt,,"{""deg"":3.6,""steady"":true}"
25.062,left_hand,og,acc,384941,"{""seq"":1215,""x_mg"":124,""y_mg"":-36,""z_mg"":952}"
25.062,left_hand,og,tilt,,"{""deg"":3.3,""steady"":true}"
25.093,left_hand,og,acc,384962,"{""seq"":1216,""x_mg"":76,""y_mg"":84,""z_mg"":1056}"
25.093,left_hand,og,tilt,,"{""deg"":3.4,""steady"":true}"
25.093,left_hand,og,acc,384983,"{""seq"":1217,""x_mg"":88,""y_mg"":176,""z_mg"":1016}"
25.093,left_hand,og,tilt,,"{""deg"":3.6,""steady"":true}"
25.109,left_hand,og,acc,385003,"{""seq"":1218,""x_mg"":116,""y_mg"":172,""z_mg"":888}"
25.109,left_hand,og,tilt,,"{""deg"":3.7,""steady"":true}"
25.140,left_hand,og,acc,385024,"{""seq"":1219,""x_mg"":124,""y_mg"":-12,""z_mg"":944}"
25.140,left_hand,og,tilt,,"{""deg"":3.9,""steady"":true}"
25.156,left_hand,og,acc,385044,"{""seq"":1220,""x_mg"":48,""y_mg"":-164,""z_mg"":1084}"
25.156,left_hand,og,tilt,,"{""deg"":4.0,""steady"":true}"
25.171,left_hand,og,acc,385065,"{""seq"":1221,""x_mg"":20,""y_mg"":-44,""z_mg"":1032}"
25.171,left_hand,og,tilt,,"{""deg"":3.4,""steady"":true}"
25.203,left_hand,og,acc,385085,"{""seq"":1222,""x_mg"":92,""y_mg"":136,""z_mg"":912}"
25.203,left_hand,og,tilt,,"{""deg"":3.0,""steady"":true}"
25.203,left_hand,og,acc,385106,"{""seq"":1223,""x_mg"":72,""y_mg"":160,""z_mg"":936}"
25.203,left_hand,og,tilt,,"{""deg"":2.6,""steady"":true}"
25.234,left_hand,og,acc,385127,"{""seq"":1224,""x_mg"":56,""y_mg"":8,""z_mg"":924}"
25.234,left_hand,og,tilt,,"{""deg"":2.3,""steady"":true}"
25.265,left_hand,og,acc,385147,"{""seq"":1225,""x_mg"":116,""y_mg"":16,""z_mg"":948}"
25.265,left_hand,og,tilt,,"{""deg"":2.2,""steady"":true}"
25.312,left_hand,og,acc,385168,"{""seq"":1226,""x_mg"":108,""y_mg"":48,""z_mg"":972}"
25.312,left_hand,og,tilt,,"{""deg"":2.3,""steady"":true}"
25.312,left_hand,og,acc,385188,"{""seq"":1227,""x_mg"":104,""y_mg"":84,""z_mg"":988}"
25.312,left_hand,og,tilt,,"{""deg"":2.4,""steady"":true}"
25.343,left_hand,og,acc,385209,"{""seq"":1228,""x_mg"":84,""y_mg"":112,""z_mg"":968}"
25.343,left_hand,og,tilt,,"{""deg"":2.5,""steady"":true}"
25.343,left_hand,og,acc,385229,"{""seq"":1229,""x_mg"":80,""y_mg"":128,""z_mg"":984}"
25.343,left_hand,og,tilt,,"{""deg"":2.8,""steady"":true}"
25.375,left_hand,og,acc,385250,"{""seq"":1230,""x_mg"":80,""y_mg"":108,""z_mg"":992}"
25.375,left_hand,og,tilt,,"{""deg"":3.2,""steady"":true}"
25.375,left_hand,og,acc,385271,"{""seq"":1231,""x_mg"":64,""y_mg"":124,""z_mg"":992}"
25.375,left_hand,og,tilt,,"{""deg"":3.7,""steady"":true}"
25.406,left_hand,og,acc,385291,"{""seq"":1232,""x_mg"":64,""y_mg"":132,""z_mg"":1024}"
25.406,left_hand,og,tilt,,"{""deg"":4.1,""steady"":true}"
25.437,left_hand,og,acc,385312,"{""seq"":1233,""x_mg"":76,""y_mg"":80,""z_mg"":1016}"
25.437,left_hand,og,tilt,,"{""deg"":4.5,""steady"":true}"
25.437,left_hand,og,acc,385332,"{""seq"":1234,""x_mg"":80,""y_mg"":-16,""z_mg"":1000}"
25.437,left_hand,og,tilt,,"{""deg"":4.7,""steady"":true}"
25.468,left_hand,og,acc,385353,"{""seq"":1235,""x_mg"":76,""y_mg"":-132,""z_mg"":988}"
25.468,left_hand,og,tilt,,"{""deg"":4.7,""steady"":true}"
25.500,left_hand,og,acc,385373,"{""seq"":1236,""x_mg"":88,""y_mg"":-128,""z_mg"":988}"
25.500,left_hand,og,tilt,,"{""deg"":4.1,""steady"":true}"
25.500,left_hand,og,acc,385394,"{""seq"":1237,""x_mg"":92,""y_mg"":-80,""z_mg"":1040}"
25.500,left_hand,og,tilt,,"{""deg"":3.1,""steady"":true}"
25.531,left_hand,og,acc,385414,"{""seq"":1238,""x_mg"":84,""y_mg"":-44,""z_mg"":1060}"
25.531,left_hand,og,tilt,,"{""deg"":2.2,""steady"":true}"
25.562,left_hand,og,acc,385435,"{""seq"":1239,""x_mg"":80,""y_mg"":-36,""z_mg"":960}"
25.562,left_hand,og,tilt,,"{""deg"":1.4,""steady"":true}"
25.578,left_hand,og,acc,385456,"{""seq"":1240,""x_mg"":72,""y_mg"":180,""z_mg"":844}"
25.578,left_hand,og,tilt,,"{""deg"":1.0,""steady"":true}"
25.578,left_hand,og,acc,385476,"{""seq"":1241,""x_mg"":8,""y_mg"":404,""z_mg"":892}"
25.578,left_hand,og,tilt,,"{""deg"":0.7,""steady"":true}"
25.609,left_hand,og,acc,385497,"{""seq"":1242,""x_mg"":-24,""y_mg"":284,""z_mg"":1136}"
25.609,left_hand,og,tilt,,"{""deg"":2.1,""steady"":true}"
25.640,left_hand,og,acc,385517,"{""seq"":1243,""x_mg"":52,""y_mg"":68,""z_mg"":1168}"
25.640,left_hand,og,tilt,,"{""deg"":3.3,""steady"":true}"
25.656,left_hand,og,acc,385538,"{""seq"":1244,""x_mg"":80,""y_mg"":4,""z_mg"":1032}"
25.656,left_hand,og,tilt,,"{""deg"":4.4,""steady"":true}"
25.656,left_hand,og,acc,385558,"{""seq"":1245,""x_mg"":24,""y_mg"":40,""z_mg"":980}"
25.656,left_hand,og,tilt,,"{""deg"":4.3,""steady"":true}"
25.687,left_hand,og,acc,385579,"{""seq"":1246,""x_mg"":-4,""y_mg"":140,""z_mg"":944}"
25.687,left_hand,og,tilt,,"{""deg"":4.2,""steady"":true}"
25.718,left_hand,og,acc,385600,"{""seq"":1247,""x_mg"":8,""y_mg"":96,""z_mg"":956}"
25.718,left_hand,og,tilt,,"{""deg"":4.1,""steady"":true}"
25.734,left_hand,og,acc,385620,"{""seq"":1248,""x_mg"":-12,""y_mg"":12,""z_mg"":944}"
25.734,left_hand,og,tilt,,"{""deg"":3.9,""steady"":true}"
25.765,left_hand,og,acc,385641,"{""seq"":1249,""x_mg"":-76,""y_mg"":0,""z_mg"":916}"
25.765,left_hand,og,tilt,,"{""deg"":3.8,""steady"":true}"
25.765,left_hand,og,acc,385661,"{""seq"":1250,""x_mg"":-64,""y_mg"":44,""z_mg"":928}"
25.765,left_hand,og,tilt,,"{""deg"":3.7,""steady"":true}"
25.796,left_hand,og,acc,385682,"{""seq"":1251,""x_mg"":8,""y_mg"":52,""z_mg"":940}"
25.796,left_hand,og,tilt,,"{""deg"":3.6,""steady"":true}"
25.812,left_hand,og,acc,385702,"{""seq"":1252,""x_mg"":-16,""y_mg"":12,""z_mg"":940}"
25.812,left_hand,og,tilt,,"{""deg"":3.3,""steady"":true}"
25.828,left_hand,og,acc,385723,"{""seq"":1253,""x_mg"":-20,""y_mg"":-16,""z_mg"":972}"
25.828,left_hand,og,tilt,,"{""deg"":3.0,""steady"":true}"
25.859,left_hand,og,acc,385743,"{""seq"":1254,""x_mg"":4,""y_mg"":-68,""z_mg"":988}"
25.859,left_hand,og,tilt,,"{""deg"":2.7,""steady"":true}"
25.890,left_hand,og,acc,385764,"{""seq"":1255,""x_mg"":36,""y_mg"":-104,""z_mg"":956}"
25.890,left_hand,og,tilt,,"{""deg"":2.3,""steady"":true}"
25.890,left_hand,og,acc,385785,"{""seq"":1256,""x_mg"":40,""y_mg"":-100,""z_mg"":936}"
25.890,left_hand,og,tilt,,"{""deg"":1.6,""steady"":true}"
25.906,left_hand,og,acc,385805,"{""seq"":1257,""x_mg"":72,""y_mg"":-108,""z_mg"":972}"
25.906,left_hand,og,tilt,,"{""deg"":0.7,""steady"":true}"
25.937,left_hand,og,acc,385826,"{""seq"":1258,""x_mg"":136,""y_mg"":-116,""z_mg"":960}"
25.937,left_hand,og,tilt,,"{""deg"":-0.1,""steady"":true}"
25.968,left_hand,og,acc,385846,"{""seq"":1259,""x_mg"":140,""y_mg"":-124,""z_mg"":928}"
25.968,left_hand,og,tilt,,"{""deg"":-0.8,""steady"":true}"
25.968,left_hand,og,acc,385867,"{""seq"":1260,""x_mg"":168,""y_mg"":-88,""z_mg"":940}"
25.968,left_hand,og,tilt,,"{""deg"":-1.5,""steady"":true}"
25.984,left_hand,og,acc,385887,"{""seq"":1261,""x_mg"":188,""y_mg"":-76,""z_mg"":932}"
25.984,left_hand,og,tilt,,"{""deg"":-2.0,""steady"":true}"
26.015,left_hand,og,acc,385908,"{""seq"":1262,""x_mg"":160,""y_mg"":-68,""z_mg"":884}"
26.015,left_hand,og,tilt,,"{""deg"":-2.4,""steady"":true}"
26.031,left_hand,og,acc,385929,"{""seq"":1263,""x_mg"":164,""y_mg"":-100,""z_mg"":968}"
26.031,left_hand,og,tilt,,"{""deg"":-2.7,""steady"":true}"
26.062,left_hand,og,acc,385949,"{""seq"":1264,""x_mg"":160,""y_mg"":-120,""z_mg"":1012}"
26.062,left_hand,og,tilt,,"{""deg"":-3.0,""steady"":true}"
26.093,left_hand,og,acc,385970,"{""seq"":1265,""x_mg"":112,""y_mg"":4,""z_mg"":1052}"
26.093,left_hand,og,tilt,,"{""deg"":-3.2,""steady"":true}"
26.109,left_hand,og,acc,385990,"{""seq"":1266,""x_mg"":112,""y_mg"":176,""z_mg"":1204}"
26.109,left_hand,og,tilt,,"{""deg"":-3.3,""steady"":true}"
26.140,left_hand,og,acc,386011,"{""seq"":1267,""x_mg"":92,""y_mg"":224,""z_mg"":1204}"
26.140,left_hand,og,tilt,,"{""deg"":-2.8,""steady"":true}"
26.140,left_hand,og,acc,386031,"{""seq"":1268,""x_mg"":40,""y_mg"":128,""z_mg"":1020}"
26.140,left_hand,og,tilt,,"{""deg"":-1.6,""steady"":true}"
26.171,left_hand,og,acc,386052,"{""seq"":1269,""x_mg"":40,""y_mg"":-76,""z_mg"":904}"
26.171,left_hand,og,tilt,,"{""deg"":-0.5,""steady"":true}"
26.203,left_hand,og,acc,386073,"{""seq"":1270,""x_mg"":36,""y_mg"":-56,""z_mg"":924}"
26.203,left_hand,og,tilt,,"{""deg"":0.4,""steady"":true}"
26.203,left_hand,og,acc,386093,"{""seq"":1271,""x_mg"":20,""y_mg"":-8,""z_mg"":1008}"
26.203,left_hand,og,tilt,,"{""deg"":0.3,""steady"":true}"
26.218,left_hand,og,acc,386114,"{""seq"":1272,""x_mg"":36,""y_mg"":-32,""z_mg"":1032}"
26.218,left_hand,og,tilt,,"{""deg"":0.1,""steady"":true}"
26.234,left_hand,og,acc,386134,"{""seq"":1273,""x_mg"":-16,""y_mg"":-168,""z_mg"":1172}"
26.234,left_hand,og,tilt,,"{""deg"":-0.3,""steady"":true}"
26.265,left_hand,og,acc,386155,"{""seq"":1274,""x_mg"":-24,""y_mg"":-196,""z_mg"":1052}"
26.265,left_hand,og,tilt,,"{""deg"":-0.6,""steady"":true}"
26.281,left_hand,og,acc,386175,"{""seq"":1275,""x_mg"":20,""y_mg"":-96,""z_mg"":956}"
26.281,left_hand,og,tilt,,"{""deg"":-1.2,""steady"":true}"
26.296,left_hand,og,acc,386196,"{""seq"":1276,""x_mg"":52,""y_mg"":-88,""z_mg"":940}"
26.296,left_hand,og,tilt,,"{""deg"":-1.7,""steady"":true}"
26.328,left_hand,og,acc,386217,"{""seq"":1277,""x_mg"":40,""y_mg"":-44,""z_mg"":1004}"
26.328,left_hand,og,tilt,,"{""deg"":-2.2,""steady"":true}"
26.359,left_hand,og,acc,386237,"{""seq"":1278,""x_mg"":24,""y_mg"":-40,""z_mg"":1032}"
26.359,left_hand,og,tilt,,"{""deg"":-2.5,""steady"":true}"
26.375,left_hand,og,acc,386258,"{""seq"":1279,""x_mg"":44,""y_mg"":-92,""z_mg"":992}"
26.375,left_hand,og,tilt,,"{""deg"":-2.8,""steady"":true}"
26.406,left_hand,og,acc,386278,"{""seq"":1280,""x_mg"":36,""y_mg"":-112,""z_mg"":968}"
26.406,left_hand,og,tilt,,"{""deg"":-3.1,""steady"":true}"
26.406,left_hand,og,acc,386299,"{""seq"":1281,""x_mg"":28,""y_mg"":-64,""z_mg"":996}"
26.406,left_hand,og,tilt,,"{""deg"":-3.2,""steady"":true}"
26.421,left_hand,og,acc,386319,"{""seq"":1282,""x_mg"":36,""y_mg"":-44,""z_mg"":1008}"
26.421,left_hand,og,tilt,,"{""deg"":-3.2,""steady"":true}"
26.468,left_hand,og,acc,386340,"{""seq"":1283,""x_mg"":28,""y_mg"":-56,""z_mg"":1008}"
26.468,left_hand,og,tilt,,"{""deg"":-3.2,""steady"":true}"
26.484,left_hand,og,acc,386361,"{""seq"":1284,""x_mg"":24,""y_mg"":-88,""z_mg"":1000}"
26.484,left_hand,og,tilt,,"{""deg"":-3.2,""steady"":true}"
26.484,left_hand,og,acc,386381,"{""seq"":1285,""x_mg"":28,""y_mg"":-80,""z_mg"":1000}"
26.484,left_hand,og,tilt,,"{""deg"":-3.3,""steady"":true}"
26.515,left_hand,og,acc,386402,"{""seq"":1286,""x_mg"":32,""y_mg"":-36,""z_mg"":992}"
26.515,left_hand,og,tilt,,"{""deg"":-3.2,""steady"":true}"
26.546,left_hand,og,acc,386422,"{""seq"":1287,""x_mg"":32,""y_mg"":-24,""z_mg"":996}"
26.546,left_hand,og,tilt,,"{""deg"":-3.2,""steady"":true}"
26.578,left_hand,og,acc,386443,"{""seq"":1288,""x_mg"":48,""y_mg"":-44,""z_mg"":976}"
26.578,left_hand,og,tilt,,"{""deg"":-3.1,""steady"":true}"
26.578,left_hand,og,acc,386463,"{""seq"":1289,""x_mg"":32,""y_mg"":-88,""z_mg"":1000}"
26.578,left_hand,og,tilt,,"{""deg"":-3.0,""steady"":true}"
26.609,left_hand,og,acc,386484,"{""seq"":1290,""x_mg"":32,""y_mg"":-76,""z_mg"":996}"
26.609,left_hand,og,tilt,,"{""deg"":-2.9,""steady"":true}"
26.625,left_hand,og,acc,386504,"{""seq"":1291,""x_mg"":28,""y_mg"":-108,""z_mg"":1008}"
26.625,left_hand,og,tilt,,"{""deg"":-3.1,""steady"":true}"
26.625,left_hand,og,acc,386525,"{""seq"":1292,""x_mg"":12,""y_mg"":-64,""z_mg"":1004}"
26.625,left_hand,og,tilt,,"{""deg"":-3.2,""steady"":true}"
26.656,left_hand,og,acc,386546,"{""seq"":1293,""x_mg"":28,""y_mg"":-48,""z_mg"":992}"
26.656,left_hand,og,tilt,,"{""deg"":-3.3,""steady"":true}"
26.687,left_hand,og,acc,386566,"{""seq"":1294,""x_mg"":40,""y_mg"":-40,""z_mg"":988}"
26.687,left_hand,og,tilt,,"{""deg"":-3.3,""steady"":true}"
26.703,left_hand,og,acc,386587,"{""seq"":1295,""x_mg"":44,""y_mg"":-48,""z_mg"":1036}"
26.703,left_hand,og,tilt,,"{""deg"":-3.2,""steady"":true}"
26.718,left_hand,og,acc,386607,"{""seq"":1296,""x_mg"":44,""y_mg"":-52,""z_mg"":1044}"
26.718,left_hand,og,tilt,,"{""deg"":-3.1,""steady"":true}"
26.750,left_hand,og,acc,386628,"{""seq"":1297,""x_mg"":40,""y_mg"":-68,""z_mg"":1044}"
26.750,left_hand,og,tilt,,"{""deg"":-3.1,""steady"":true}"
26.781,left_hand,og,acc,386648,"{""seq"":1298,""x_mg"":36,""y_mg"":-72,""z_mg"":1008}"
26.781,left_hand,og,tilt,,"{""deg"":-3.0,""steady"":true}"
26.781,left_hand,og,acc,386669,"{""seq"":1299,""x_mg"":20,""y_mg"":-104,""z_mg"":976}"
26.781,left_hand,og,tilt,,"{""deg"":-3.1,""steady"":true}"
26.812,left_hand,og,acc,386690,"{""seq"":1300,""x_mg"":16,""y_mg"":-152,""z_mg"":904}"
26.812,left_hand,og,tilt,,"{""deg"":-3.2,""steady"":true}"
26.828,left_hand,og,acc,386710,"{""seq"":1301,""x_mg"":40,""y_mg"":-160,""z_mg"":872}"
26.828,left_hand,og,tilt,,"{""deg"":-3.5,""steady"":true}"
26.828,left_hand,og,acc,386731,"{""seq"":1302,""x_mg"":24,""y_mg"":-104,""z_mg"":924}"
26.828,left_hand,og,tilt,,"{""deg"":-3.8,""steady"":true}"
26.859,left_hand,og,acc,386751,"{""seq"":1303,""x_mg"":8,""y_mg"":-28,""z_mg"":1100}"
26.859,left_hand,og,tilt,,"{""deg"":-4.1,""steady"":true}"
26.890,left_hand,og,acc,386772,"{""seq"":1304,""x_mg"":28,""y_mg"":-60,""z_mg"":1048}"
26.890,left_hand,og,tilt,,"{""deg"":-4.4,""steady"":true}"
26.906,left_hand,og,acc,386792,"{""seq"":1305,""x_mg"":36,""y_mg"":-112,""z_mg"":1012}"
26.906,left_hand,og,tilt,,"{""deg"":-4.6,""steady"":true}"
26.937,left_hand,og,acc,386813,"{""seq"":1306,""x_mg"":52,""y_mg"":-112,""z_mg"":972}"
26.937,left_hand,og,tilt,,"{""deg"":-4.7,""steady"":true}"
26.937,left_hand,og,acc,386833,"{""seq"":1307,""x_mg"":52,""y_mg"":-68,""z_mg"":976}"
26.937,left_hand,og,tilt,,"{""deg"":-4.6,""steady"":true}"
26.968,left_hand,og,acc,386854,"{""seq"":1308,""x_mg"":36,""y_mg"":-32,""z_mg"":1004}"
26.968,left_hand,og,tilt,,"{""deg"":-4.5,""steady"":true}"
27.000,left_hand,og,acc,386875,"{""seq"":1309,""x_mg"":28,""y_mg"":20,""z_mg"":984}"
27.000,left_hand,og,tilt,,"{""deg"":-4.4,""steady"":true}"
27.015,left_hand,og,acc,386895,"{""seq"":1310,""x_mg"":24,""y_mg"":24,""z_mg"":984}"
27.015,left_hand,og,tilt,,"{""deg"":-4.1,""steady"":true}"
27.015,left_hand,og,acc,386916,"{""seq"":1311,""x_mg"":32,""y_mg"":4,""z_mg"":956}"
27.015,left_hand,og,tilt,,"{""deg"":-3.5,""steady"":true}"
27.046,left_hand,og,acc,386936,"{""seq"":1312,""x_mg"":36,""y_mg"":-12,""z_mg"":976}"
27.046,left_hand,og,tilt,,"{""deg"":-3.1,""steady"":true}"
27.078,left_hand,og,acc,386957,"{""seq"":1313,""x_mg"":24,""y_mg"":-36,""z_mg"":1020}"
27.078,left_hand,og,tilt,,"{""deg"":-2.6,""steady"":true}"
27.109,left_hand,og,acc,386977,"{""seq"":1314,""x_mg"":44,""y_mg"":-68,""z_mg"":980}"
27.109,left_hand,og,tilt,,"{""deg"":-2.4,""steady"":true}"
27.109,left_hand,og,acc,386998,"{""seq"":1315,""x_mg"":36,""y_mg"":-84,""z_mg"":980}"
27.109,left_hand,og,tilt,,"{""deg"":-2.3,""steady"":true}"
27.140,left_hand,og,acc,387019,"{""seq"":1316,""x_mg"":48,""y_mg"":-84,""z_mg"":976}"
27.140,left_hand,og,tilt,,"{""deg"":-2.5,""steady"":true}"
27.171,left_hand,og,acc,387039,"{""seq"":1317,""x_mg"":48,""y_mg"":-68,""z_mg"":1004}"
27.171,left_hand,og,tilt,,"{""deg"":-2.6,""steady"":true}"
27.171,left_hand,og,acc,387060,"{""seq"":1318,""x_mg"":32,""y_mg"":-60,""z_mg"":1012}"
27.171,left_hand,og,tilt,,"{""deg"":-2.8,""steady"":true}"
27.203,left_hand,og,acc,387080,"{""seq"":1319,""x_mg"":32,""y_mg"":-80,""z_mg"":984}"
