t_s,role,source,channel,dev_ms,fields
0.047,left_hand,og,acc,335116,"{""seq"":0,""x_mg"":64,""y_mg"":-40,""z_mg"":992}"
0.047,left_hand,og,tilt,,"{""deg"":0.0,""steady"":true}"
0.063,left_hand,og,acc,335136,"{""seq"":1,""x_mg"":68,""y_mg"":-72,""z_mg"":1036}"
0.063,left_hand,og,tilt,,"{""deg"":-0.1,""steady"":true}"
0.094,left_hand,og,acc,335157,"{""seq"":2,""x_mg"":68,""y_mg"":-156,""z_mg"":1008}"
0.094,left_hand,og,tilt,,"{""deg"":-0.3,""steady"":true}"
0.125,left_hand,og,acc,335178,"{""seq"":3,""x_mg"":68,""y_mg"":-184,""z_mg"":980}"
0.125,left_hand,og,tilt,,"{""deg"":-0.7,""steady"":true}"
0.125,left_hand,og,acc,335198,"{""seq"":4,""x_mg"":64,""y_mg"":-176,""z_mg"":996}"
0.125,left_hand,og,tilt,,"{""deg"":-1.4,""steady"":true}"
0.157,left_hand,og,acc,335219,"{""seq"":5,""x_mg"":52,""y_mg"":-160,""z_mg"":1040}"
0.157,left_hand,og,tilt,,"{""deg"":-2.0,""steady"":true}"
0.204,left_hand,og,acc,335239,"{""seq"":6,""x_mg"":28,""y_mg"":-152,""z_mg"":1016}"
0.204,left_hand,og,tilt,,"{""deg"":-2.6,""steady"":true}"
0.204,left_hand,og,acc,335260,"{""seq"":7,""x_mg"":40,""y_mg"":-112,""z_mg"":1004}"
0.204,left_hand,og,tilt,,"{""deg"":-3.0,""steady"":true}"
0.235,left_hand,og,acc,335280,"{""seq"":8,""x_mg"":44,""y_mg"":-32,""z_mg"":1008}"
0.235,left_hand,og,tilt,,"{""deg"":-3.4,""steady"":true}"
0.266,left_hand,og,acc,335301,"{""seq"":9,""x_mg"":32,""y_mg"":20,""z_mg"":1020}"
0.266,left_hand,og,tilt,,"{""deg"":-3.5,""steady"":true}"
0.266,left_hand,og,acc,335322,"{""seq"":10,""x_mg"":48,""y_mg"":20,""z_mg"":980}"
0.266,left_hand,og,tilt,,"{""deg"":-3.0,""steady"":true}"
0.297,left_hand,og,acc,335342,"{""seq"":11,""x_mg"":48,""y_mg"":24,""z_mg"":972}"
0.297,left_hand,og,tilt,,"{""deg"":-2.2,""steady"":true}"
0.329,left_hand,og,acc,335363,"{""seq"":12,""x_mg"":48,""y_mg"":36,""z_mg"":964}"
0.329,left_hand,og,tilt,,"{""deg"":-1.6,""steady"":true}"
0.329,left_hand,og,acc,335383,"{""seq"":13,""x_mg"":48,""y_mg"":16,""z_mg"":992}"
0.329,left_hand,og,tilt,,"{""deg"":-1.0,""steady"":true}"
0.360,left_hand,og,acc,335404,"{""seq"":14,""x_mg"":40,""y_mg"":-52,""z_mg"":996}"
0.360,left_hand,og,tilt,,"{""deg"":-0.4,""steady"":true}"
0.391,left_hand,og,acc,335424,"{""seq"":15,""x_mg"":48,""y_mg"":-92,""z_mg"":1012}"
0.391,left_hand,og,tilt,,"{""deg"":0.0,""steady"":true}"
0.391,left_hand,og,acc,335445,"{""seq"":16,""x_mg"":40,""y_mg"":-72,""z_mg"":992}"
0.391,left_hand,og,tilt,,"{""deg"":-0.1,""steady"":true}"
0.422,left_hand,og,acc,335465,"{""seq"":17,""x_mg"":44,""y_mg"":-24,""z_mg"":1000}"
0.422,left_hand,og,tilt,,"{""deg"":-0.1,""steady"":true}"
0.438,left_hand,og,acc,335486,"{""seq"":18,""x_mg"":36,""y_mg"":-16,""z_mg"":1000}"
0.438,left_hand,og,tilt,,"{""deg"":-0.2,""steady"":true}"
0.438,left_hand,og,acc,335507,"{""seq"":19,""x_mg"":40,""y_mg"":-16,""z_mg"":992}"
0.438,left_hand,og,tilt,,"{""deg"":-0.1,""steady"":true}"
0.469,left_hand,og,acc,335527,"{""seq"":20,""x_mg"":40,""y_mg"":-44,""z_mg"":984}"
0.469,left_hand,og,tilt,,"{""deg"":0.1,""steady"":true}"
0.500,left_hand,og,acc,335548,"{""seq"":21,""x_mg"":36,""y_mg"":-48,""z_mg"":996}"
0.500,left_hand,og,tilt,,"{""deg"":0.2,""steady"":true}"
0.532,left_hand,og,acc,335568,"{""seq"":22,""x_mg"":32,""y_mg"":-44,""z_mg"":1000}"
0.532,left_hand,og,tilt,,"{""deg"":0.1,""steady"":true}"
0.532,left_hand,og,acc,335589,"{""seq"":23,""x_mg"":24,""y_mg"":-32,""z_mg"":1000}"
0.532,left_hand,og,tilt,,"{""deg"":0.1,""steady"":true}"
0.563,left_hand,og,acc,335609,"{""seq"":24,""x_mg"":32,""y_mg"":-16,""z_mg"":1004}"
0.563,left_hand,og,tilt,,"{""deg"":0.0,""steady"":true}"
0.563,left_hand,og,acc,335630,"{""seq"":25,""x_mg"":40,""y_mg"":-40,""z_mg"":996}"
0.563,left_hand,og,tilt,,"{""deg"":0.0,""steady"":true}"
0.594,left_hand,og,acc,335651,"{""seq"":26,""x_mg"":40,""y_mg"":-56,""z_mg"":988}"
0.594,left_hand,og,tilt,,"{""deg"":0.0,""steady"":true}"
0.610,left_hand,og,acc,335671,"{""seq"":27,""x_mg"":60,""y_mg"":-68,""z_mg"":988}"
0.610,left_hand,og,tilt,,"{""deg"":0.0,""steady"":true}"
0.641,left_hand,og,acc,335692,"{""seq"":28,""x_mg"":48,""y_mg"":-76,""z_mg"":1024}"
0.641,left_hand,og,tilt,,"{""deg"":-0.1,""steady"":true}"
0.672,left_hand,og,acc,335712,"{""seq"":29,""x_mg"":52,""y_mg"":-48,""z_mg"":988}"
0.672,left_hand,og,tilt,,"{""deg"":-0.2,""steady"":true}"
0.688,left_hand,og,acc,335733,"{""seq"":30,""x_mg"":56,""y_mg"":-40,""z_mg"":988}"
0.688,left_hand,og,tilt,,"{""deg"":-0.3,""steady"":true}"
0.704,left_hand,og,acc,335753,"{""seq"":31,""x_mg"":48,""y_mg"":-32,""z_mg"":984}"
0.704,left_hand,og,tilt,,"{""deg"":-0.3,""steady"":true}"
0.704,left_hand,og,acc,335774,"{""seq"":32,""x_mg"":60,""y_mg"":-32,""z_mg"":992}"
0.704,left_hand,og,tilt,,"{""deg"":-0.3,""steady"":true}"
0.735,left_hand,og,acc,335795,"{""seq"":33,""x_mg"":56,""y_mg"":-20,""z_mg"":988}"
0.735,left_hand,og,tilt,,"{""deg"":-0.2,""steady"":true}"
0.766,left_hand,og,acc,335815,"{""seq"":34,""x_mg"":40,""y_mg"":-36,""z_mg"":992}"
0.766,left_hand,og,tilt,,"{""deg"":-0.1,""steady"":true}"
0.766,left_hand,og,acc,335836,"{""seq"":35,""x_mg"":36,""y_mg"":-44,""z_mg"":996}"
0.766,left_hand,og,tilt,,"{""deg"":-0.0,""steady"":true}"
0.813,left_hand,og,acc,335856,"{""seq"":36,""x_mg"":40,""y_mg"":-36,""z_mg"":1004}"
0.813,left_hand,og,tilt,,"{""deg"":-0.0,""steady"":true}"
0.844,left_hand,og,acc,335877,"{""seq"":37,""x_mg"":36,""y_mg"":-20,""z_mg"":1000}"
0.844,left_hand,og,tilt,,"{""deg"":0.0,""steady"":true}"
0.844,left_hand,og,acc,335897,"{""seq"":38,""x_mg"":44,""y_mg"":-16,""z_mg"":996}"
0.844,left_hand,og,tilt,,"{""deg"":0.1,""steady"":true}"
0.860,left_hand,og,acc,335918,"{""seq"":39,""x_mg"":48,""y_mg"":-36,""z_mg"":968}"
0.860,left_hand,og,tilt,,"{""deg"":0.1,""steady"":true}"
0.891,left_hand,og,acc,335938,"{""seq"":40,""x_mg"":44,""y_mg"":-36,""z_mg"":1000}"
0.891,left_hand,og,tilt,,"{""deg"":0.1,""steady"":true}"
0.922,left_hand,og,acc,335959,"{""seq"":41,""x_mg"":36,""y_mg"":-32,""z_mg"":1000}"
0.922,left_hand,og,tilt,,"{""deg"":0.1,""steady"":true}"
0.922,left_hand,og,acc,335980,"{""seq"":42,""x_mg"":44,""y_mg"":-32,""z_mg"":988}"
0.922,left_hand,og,tilt,,"{""deg"":0.2,""steady"":true}"
0.954,left_hand,og,acc,336000,"{""seq"":43,""x_mg"":44,""y_mg"":-44,""z_mg"":996}"
0.954,left_hand,og,tilt,,"{""deg"":0.2,""steady"":true}"
0.985,left_hand,og,acc,336021,"{""seq"":44,""x_mg"":40,""y_mg"":-40,""z_mg"":992}"
0.985,left_hand,og,tilt,,"{""deg"":0.2,""steady"":true}"
0.985,left_hand,og,acc,336041,"{""seq"":45,""x_mg"":48,""y_mg"":-28,""z_mg"":992}"
0.985,left_hand,og,tilt,,"{""deg"":0.2,""steady"":true}"
1.016,left_hand,og,acc,336062,"{""seq"":46,""x_mg"":36,""y_mg"":-28,""z_mg"":1008}"
1.016,left_hand,og,tilt,,"{""deg"":0.3,""steady"":true}"
1.047,left_hand,og,acc,336082,"{""seq"":47,""x_mg"":32,""y_mg"":-52,""z_mg"":992}"
1.047,left_hand,og,tilt,,"{""deg"":0.2,""steady"":true}"
1.047,left_hand,og,acc,336103,"{""seq"":48,""x_mg"":52,""y_mg"":-40,""z_mg"":988}"
1.047,left_hand,og,tilt,,"{""deg"":0.2,""steady"":true}"
1.063,left_hand,og,acc,336124,"{""seq"":49,""x_mg"":40,""y_mg"":-40,""z_mg"":1000}"
1.063,left_hand,og,tilt,,"{""deg"":0.2,""steady"":true}"
1.094,left_hand,og,acc,336144,"{""seq"":50,""x_mg"":40,""y_mg"":-48,""z_mg"":992}"
1.094,left_hand,og,tilt,,"{""deg"":0.2,""steady"":true}"
1.125,left_hand,og,acc,336165,"{""seq"":51,""x_mg"":40,""y_mg"":-52,""z_mg"":1000}"
1.125,left_hand,og,tilt,,"{""deg"":0.1,""steady"":true}"
1.125,left_hand,og,acc,336185,"{""seq"":52,""x_mg"":28,""y_mg"":-32,""z_mg"":992}"
1.125,left_hand,og,tilt,,"{""deg"":0.1,""steady"":true}"
1.157,left_hand,og,acc,336206,"{""seq"":53,""x_mg"":56,""y_mg"":-28,""z_mg"":996}"
1.157,left_hand,og,tilt,,"{""deg"":0.1,""steady"":true}"
1.188,left_hand,og,acc,336226,"{""seq"":54,""x_mg"":56,""y_mg"":-48,""z_mg"":988}"
1.188,left_hand,og,tilt,,"{""deg"":0.0,""steady"":true}"
1.188,left_hand,og,acc,336247,"{""seq"":55,""x_mg"":40,""y_mg"":-44,""z_mg"":996}"
1.188,left_hand,og,tilt,,"{""deg"":-0.0,""steady"":true}"
1.204,left_hand,og,acc,336268,"{""seq"":56,""x_mg"":36,""y_mg"":-28,""z_mg"":988}"
1.204,left_hand,og,tilt,,"{""deg"":0.0,""steady"":true}"
1.235,left_hand,og,acc,336288,"{""seq"":57,""x_mg"":44,""y_mg"":-32,""z_mg"":992}"
1.235,left_hand,og,tilt,,"{""deg"":0.1,""steady"":true}"
1.266,left_hand,og,acc,336309,"{""seq"":58,""x_mg"":36,""y_mg"":-56,""z_mg"":1008}"
1.266,left_hand,og,tilt,,"{""deg"":0.0,""steady"":true}"
1.266,left_hand,og,acc,336329,"{""seq"":59,""x_mg"":32,""y_mg"":-84,""z_mg"":996}"
1.266,left_hand,og,tilt,,"{""deg"":0.0,""steady"":true}"
1.297,left_hand,og,acc,336350,"{""seq"":60,""x_mg"":36,""y_mg"":-116,""z_mg"":988}"
1.297,left_hand,og,tilt,,"{""deg"":-0.1,""steady"":true}"
1.329,left_hand,og,acc,336370,"{""seq"":61,""x_mg"":44,""y_mg"":-92,""z_mg"":1004}"
1.329,left_hand,og,tilt,,"{""deg"":-0.4,""steady"":true}"
1.329,left_hand,og,acc,336391,"{""seq"":62,""x_mg"":44,""y_mg"":-32,""z_mg"":976}"
1.329,left_hand,og,tilt,,"{""deg"":-0.6,""steady"":true}"
1.360,left_hand,og,acc,336412,"{""seq"":63,""x_mg"":44,""y_mg"":-52,""z_mg"":1008}"
1.360,left_hand,og,tilt,,"{""deg"":-0.9,""steady"":true}"
1.360,left_hand,og,acc,336432,"{""seq"":64,""x_mg"":20,""y_mg"":-40,""z_mg"":1040}"
1.360,left_hand,og,tilt,,"{""deg"":-0.8,""steady"":true}"
1.407,left_hand,og,acc,336453,"{""seq"":65,""x_mg"":16,""y_mg"":-20,""z_mg"":1036}"
1.407,left_hand,og,tilt,,"{""deg"":-0.7,""steady"":true}"
1.438,left_hand,og,acc,336473,"{""seq"":66,""x_mg"":12,""y_mg"":4,""z_mg"":1012}"
1.438,left_hand,og,tilt,,"{""deg"":-0.6,""steady"":true}"
1.438,left_hand,og,acc,336494,"{""seq"":67,""x_mg"":-16,""y_mg"":36,""z_mg"":1016}"
1.438,left_hand,og,tilt,,"{""deg"":-0.4,""steady"":true}"
1.469,left_hand,og,acc,336514,"{""seq"":68,""x_mg"":40,""y_mg"":8,""z_mg"":1028}"
1.469,left_hand,og,tilt,,"{""deg"":-0.0,""steady"":true}"
1.485,left_hand,og,acc,336535,"{""seq"":69,""x_mg"":56,""y_mg"":-16,""z_mg"":1044}"
1.485,left_hand,og,tilt,,"{""deg"":0.3,""steady"":true}"
1.485,left_hand,og,acc,336555,"{""seq"":70,""x_mg"":48,""y_mg"":-20,""z_mg"":1052}"
1.485,left_hand,og,tilt,,"{""deg"":0.6,""steady"":true}"
1.532,left_hand,og,acc,336576,"{""seq"":71,""x_mg"":76,""y_mg"":8,""z_mg"":1020}"
1.532,left_hand,og,tilt,,"{""deg"":0.8,""steady"":true}"
1.563,left_hand,og,acc,336597,"{""seq"":72,""x_mg"":100,""y_mg"":16,""z_mg"":992}"
1.563,left_hand,og,tilt,,"{""deg"":1.1,""steady"":true}"
1.563,left_hand,og,acc,336617,"{""seq"":73,""x_mg"":92,""y_mg"":-8,""z_mg"":1008}"
1.563,left_hand,og,tilt,,"{""deg"":1.1,""steady"":true}"
1.594,left_hand,og,acc,336638,"{""seq"":74,""x_mg"":96,""y_mg"":0,""z_mg"":992}"
1.594,left_hand,og,tilt,,"{""deg"":1.3,""steady"":true}"
1.625,left_hand,og,acc,336658,"{""seq"":75,""x_mg"":60,""y_mg"":44,""z_mg"":976}"
1.625,left_hand,og,tilt,,"{""deg"":1.5,""steady"":true}"
1.625,left_hand,og,acc,336679,"{""seq"":76,""x_mg"":56,""y_mg"":68,""z_mg"":980}"
1.625,left_hand,og,tilt,,"{""deg"":1.7,""steady"":true}"
1.657,left_hand,og,acc,336699,"{""seq"":77,""x_mg"":88,""y_mg"":24,""z_mg"":976}"
1.657,left_hand,og,tilt,,"{""deg"":1.9,""steady"":true}"
1.657,left_hand,og,acc,336720,"{""seq"":78,""x_mg"":104,""y_mg"":-28,""z_mg"":1000}"
1.657,left_hand,og,tilt,,"{""deg"":2.1,""steady"":true}"
1.688,left_hand,og,acc,336741,"{""seq"":79,""x_mg"":100,""y_mg"":-36,""z_mg"":996}"
1.688,left_hand,og,tilt,,"{""deg"":2.3,""steady"":true}"
1.719,left_hand,og,acc,336761,"{""seq"":80,""x_mg"":24,""y_mg"":-16,""z_mg"":944}"
1.719,left_hand,og,tilt,,"{""deg"":2.2,""steady"":true}"
1.719,left_hand,og,acc,336782,"{""seq"":81,""x_mg"":64,""y_mg"":64,""z_mg"":996}"
1.719,left_hand,og,tilt,,"{""deg"":2.1,""steady"":true}"
1.750,left_hand,og,acc,336802,"{""seq"":82,""x_mg"":168,""y_mg"":64,""z_mg"":1012}"
1.750,left_hand,og,tilt,,"{""deg"":2.0,""steady"":true}"
1.782,left_hand,og,acc,336823,"{""seq"":83,""x_mg"":168,""y_mg"":8,""z_mg"":1040}"
1.782,left_hand,og,tilt,,"{""deg"":2.1,""steady"":true}"
1.782,left_hand,og,acc,336843,"{""seq"":84,""x_mg"":156,""y_mg"":-16,""z_mg"":992}"
1.782,left_hand,og,tilt,,"{""deg"":2.2,""steady"":true}"
1.813,left_hand,og,acc,336864,"{""seq"":85,""x_mg"":180,""y_mg"":72,""z_mg"":1008}"
1.813,left_hand,og,tilt,,"{""deg"":2.6,""steady"":true}"
1.844,left_hand,og,acc,336885,"{""seq"":86,""x_mg"":160,""y_mg"":76,""z_mg"":980}"
1.844,left_hand,og,tilt,,"{""deg"":3.0,""steady"":true}"
1.844,left_hand,og,acc,336905,"{""seq"":87,""x_mg"":156,""y_mg"":60,""z_mg"":1004}"
1.844,left_hand,og,tilt,,"{""deg"":3.3,""steady"":true}"
1.875,left_hand,og,acc,336926,"{""seq"":88,""x_mg"":152,""y_mg"":12,""z_mg"":980}"
1.875,left_hand,og,tilt,,"{""deg"":3.6,""steady"":true}"
1.907,left_hand,og,acc,336946,"{""seq"":89,""x_mg"":160,""y_mg"":-56,""z_mg"":860}"
1.907,left_hand,og,tilt,,"{""deg"":3.9,""steady"":true}"
1.907,left_hand,og,acc,336967,"{""seq"":90,""x_mg"":140,""y_mg"":-64,""z_mg"":892}"
1.907,left_hand,og,tilt,,"{""deg"":3.8,""steady"":true}"
1.922,left_hand,og,acc,336987,"{""seq"":91,""x_mg"":136,""y_mg"":-52,""z_mg"":944}"
1.922,left_hand,og,tilt,,"{""deg"":3.2,""steady"":true}"
1.954,left_hand,og,acc,337008,"{""seq"":92,""x_mg"":92,""y_mg"":-44,""z_mg"":992}"
1.954,left_hand,og,tilt,,"{""deg"":2.7,""steady"":true}"
1.985,left_hand,og,acc,337029,"{""seq"":93,""x_mg"":56,""y_mg"":-56,""z_mg"":964}"
1.985,left_hand,og,tilt,,"{""deg"":2.3,""steady"":true}"
1.985,left_hand,og,acc,337049,"{""seq"":94,""x_mg"":92,""y_mg"":-76,""z_mg"":936}"
1.985,left_hand,og,tilt,,"{""deg"":1.9,""steady"":true}"
2.016,left_hand,og,acc,337070,"{""seq"":95,""x_mg"":168,""y_mg"":-80,""z_mg"":980}"
2.016,left_hand,og,tilt,,"{""deg"":1.5,""steady"":true}"
2.047,left_hand,og,acc,337090,"{""seq"":96,""x_mg"":224,""y_mg"":-24,""z_mg"":1004}"
2.047,left_hand,og,tilt,,"{""deg"":1.2,""steady"":true}"
2.047,left_hand,og,acc,337111,"{""seq"":97,""x_mg"":216,""y_mg"":-28,""z_mg"":960}"
2.047,left_hand,og,tilt,,"{""deg"":1.0,""steady"":true}"
2.079,left_hand,og,acc,337131,"{""seq"":98,""x_mg"":212,""y_mg"":-36,""z_mg"":928}"
2.079,left_hand,og,tilt,,"{""deg"":0.9,""steady"":true}"
2.110,left_hand,og,acc,337152,"{""seq"":99,""x_mg"":216,""y_mg"":-64,""z_mg"":908}"
2.110,left_hand,og,tilt,,"{""deg"":0.8,""steady"":true}"
2.110,left_hand,og,acc,337172,"{""seq"":100,""x_mg"":228,""y_mg"":-64,""z_mg"":944}"
2.110,left_hand,og,tilt,,"{""deg"":0.7,""steady"":true}"
2.141,left_hand,og,acc,337193,"{""seq"":101,""x_mg"":240,""y_mg"":-56,""z_mg"":992}"
2.141,left_hand,og,tilt,,"{""deg"":0.5,""steady"":true}"
2.172,left_hand,og,acc,337214,"{""seq"":102,""x_mg"":244,""y_mg"":-28,""z_mg"":992}"
2.172,left_hand,og,tilt,,"{""deg"":0.3,""steady"":true}"
2.172,left_hand,og,acc,337234,"{""seq"":103,""x_mg"":228,""y_mg"":16,""z_mg"":984}"
2.172,left_hand,og,tilt,,"{""deg"":0.2,""steady"":true}"
2.204,left_hand,og,acc,337255,"{""seq"":104,""x_mg"":236,""y_mg"":44,""z_mg"":960}"
2.204,left_hand,og,tilt,,"{""deg"":0.2,""steady"":true}"
2.235,left_hand,og,acc,337275,"{""seq"":105,""x_mg"":240,""y_mg"":48,""z_mg"":940}"
2.235,left_hand,og,tilt,,"{""deg"":0.6,""steady"":true}"
2.235,left_hand,og,acc,337296,"{""seq"":106,""x_mg"":256,""y_mg"":36,""z_mg"":940}"
2.235,left_hand,og,tilt,,"{""deg"":1.1,""steady"":true}"
2.266,left_hand,og,acc,337316,"{""seq"":107,""x_mg"":240,""y_mg"":-8,""z_mg"":956}"
2.266,left_hand,og,tilt,,"{""deg"":1.5,""steady"":true}"
2.266,left_hand,og,acc,337337,"{""seq"":108,""x_mg"":236,""y_mg"":-28,""z_mg"":948}"
2.266,left_hand,og,tilt,,"{""deg"":1.8,""steady"":true}"
2.297,left_hand,og,acc,337358,"{""seq"":109,""x_mg"":240,""y_mg"":0,""z_mg"":944}"
2.297,left_hand,og,tilt,,"{""deg"":1.9,""steady"":true}"
2.329,left_hand,og,acc,337378,"{""seq"":110,""x_mg"":228,""y_mg"":20,""z_mg"":940}"
2.329,left_hand,og,tilt,,"{""deg"":1.9,""steady"":true}"
2.329,left_hand,og,acc,337399,"{""seq"":111,""x_mg"":228,""y_mg"":16,""z_mg"":964}"
2.329,left_hand,og,tilt,,"{""deg"":2.0,""steady"":true}"
2.360,left_hand,og,acc,337419,"{""seq"":112,""x_mg"":228,""y_mg"":0,""z_mg"":960}"
2.360,left_hand,og,tilt,,"{""deg"":2.0,""steady"":true}"
2.391,left_hand,og,acc,337440,"{""seq"":113,""x_mg"":220,""y_mg"":-32,""z_mg"":968}"
2.391,left_hand,og,tilt,,"{""deg"":2.1,""steady"":true}"
2.391,left_hand,og,acc,337460,"{""seq"":114,""x_mg"":228,""y_mg"":-44,""z_mg"":964}"
2.391,left_hand,og,tilt,,"{""deg"":2.1,""steady"":true}"
2.422,left_hand,og,acc,337481,"{""seq"":115,""x_mg"":220,""y_mg"":-44,""z_mg"":964}"
2.422,left_hand,og,tilt,,"{""deg"":1.9,""steady"":true}"
2.454,left_hand,og,acc,337502,"{""seq"":116,""x_mg"":216,""y_mg"":-52,""z_mg"":972}"
2.454,left_hand,og,tilt,,"{""deg"":1.6,""steady"":true}"
2.454,left_hand,og,acc,337522,"{""seq"":117,""x_mg"":220,""y_mg"":-40,""z_mg"":976}"
2.454,left_hand,og,tilt,,"{""deg"":1.4,""steady"":true}"
2.485,left_hand,og,acc,337543,"{""seq"":118,""x_mg"":224,""y_mg"":-4,""z_mg"":988}"
2.485,left_hand,og,tilt,,"{""deg"":1.2,""steady"":true}"
2.516,left_hand,og,acc,337563,"{""seq"":119,""x_mg"":208,""y_mg"":8,""z_mg"":960}"
2.516,left_hand,og,tilt,,"{""deg"":1.0,""steady"":true}"
2.516,left_hand,og,acc,337584,"{""seq"":120,""x_mg"":212,""y_mg"":4,""z_mg"":972}"
2.516,left_hand,og,tilt,,"{""deg"":1.2,""steady"":true}"
2.547,left_hand,og,acc,337604,"{""seq"":121,""x_mg"":232,""y_mg"":-24,""z_mg"":976}"
2.547,left_hand,og,tilt,,"{""deg"":1.3,""steady"":true}"
2.579,left_hand,og,acc,337625,"{""seq"":122,""x_mg"":216,""y_mg"":-48,""z_mg"":964}"
2.579,left_hand,og,tilt,,"{""deg"":1.4,""steady"":true}"
2.610,left_hand,og,acc,337646,"{""seq"":123,""x_mg"":216,""y_mg"":-16,""z_mg"":984}"
2.610,left_hand,og,tilt,,"{""deg"":1.4,""steady"":true}"
2.610,left_hand,og,acc,337666,"{""seq"":124,""x_mg"":212,""y_mg"":-12,""z_mg"":984}"
2.610,left_hand,og,tilt,,"{""deg"":1.4,""steady"":true}"
2.641,left_hand,og,acc,337687,"{""seq"":125,""x_mg"":212,""y_mg"":-32,""z_mg"":980}"
2.641,left_hand,og,tilt,,"{""deg"":1.3,""steady"":true}"
2.672,left_hand,og,acc,337707,"{""seq"":126,""x_mg"":200,""y_mg"":-68,""z_mg"":980}"
2.672,left_hand,og,tilt,,"{""deg"":1.2,""steady"":true}"
2.672,left_hand,og,acc,337728,"{""seq"":127,""x_mg"":200,""y_mg"":-72,""z_mg"":984}"
2.672,left_hand,og,tilt,,"{""deg"":1.1,""steady"":true}"
2.704,left_hand,og,acc,337748,"{""seq"":128,""x_mg"":200,""y_mg"":-36,""z_mg"":984}"
2.704,left_hand,og,tilt,,"{""deg"":1.0,""steady"":true}"
2.719,left_hand,og,acc,337769,"{""seq"":129,""x_mg"":188,""y_mg"":-16,""z_mg"":988}"
2.719,left_hand,og,tilt,,"{""deg"":0.9,""steady"":true}"
2.719,left_hand,og,acc,337789,"{""seq"":130,""x_mg"":192,""y_mg"":-16,""z_mg"":976}"
2.719,left_hand,og,tilt,,"{""deg"":0.8,""steady"":true}"
2.750,left_hand,og,acc,337810,"{""seq"":131,""x_mg"":204,""y_mg"":-56,""z_mg"":976}"
2.750,left_hand,og,tilt,,"{""deg"":0.8,""steady"":true}"
2.782,left_hand,og,acc,337831,"{""seq"":132,""x_mg"":200,""y_mg"":-96,""z_mg"":976}"
2.782,left_hand,og,tilt,,"{""deg"":0.7,""steady"":true}"
2.813,left_hand,og,acc,337851,"{""seq"":133,""x_mg"":192,""y_mg"":-112,""z_mg"":976}"
2.813,left_hand,og,tilt,,"{""deg"":0.5,""steady"":true}"
2.813,left_hand,og,acc,337872,"{""seq"":134,""x_mg"":188,""y_mg"":-76,""z_mg"":1008}"
2.813,left_hand,og,tilt,,"{""deg"":0.2,""steady"":true}"
2.844,left_hand,og,acc,337892,"{""seq"":135,""x_mg"":196,""y_mg"":16,""z_mg"":988}"
2.844,left_hand,og,tilt,,"{""deg"":-0.1,""steady"":true}"
2.875,left_hand,og,acc,337913,"{""seq"":136,""x_mg"":164,""y_mg"":76,""z_mg"":972}"
2.875,left_hand,og,tilt,,"{""deg"":-0.3,""steady"":true}"
2.875,left_hand,og,acc,337933,"{""seq"":137,""x_mg"":176,""y_mg"":12,""z_mg"":972}"
2.875,left_hand,og,tilt,,"{""deg"":0.1,""steady"":true}"
2.907,left_hand,og,acc,337954,"{""seq"":138,""x_mg"":208,""y_mg"":-136,""z_mg"":952}"
2.907,left_hand,og,tilt,,"{""deg"":0.4,""steady"":true}"
2.938,left_hand,og,acc,337975,"{""seq"":139,""x_mg"":184,""y_mg"":-256,""z_mg"":952}"
2.938,left_hand,og,tilt,,"{""deg"":0.8,""steady"":true}"
2.938,left_hand,og,acc,337995,"{""seq"":140,""x_mg"":164,""y_mg"":-244,""z_mg"":952}"
2.938,left_hand,og,tilt,,"{""deg"":-0.0,""steady"":true}"
2.954,left_hand,og,acc,338016,"{""seq"":141,""x_mg"":200,""y_mg"":-232,""z_mg"":928}"
2.954,left_hand,og,tilt,,"{""deg"":-1.4,""steady"":true}"
2.985,left_hand,og,acc,338036,"{""seq"":142,""x_mg"":212,""y_mg"":-304,""z_mg"":924}"
2.985,left_hand,og,tilt,,"{""deg"":-2.7,""steady"":true}"
3.016,left_hand,og,acc,338057,"{""seq"":143,""x_mg"":196,""y_mg"":-392,""z_mg"":924}"
3.016,left_hand,og,tilt,,"{""deg"":-3.9,""steady"":true}"
3.016,left_hand,og,acc,338077,"{""seq"":144,""x_mg"":188,""y_mg"":-412,""z_mg"":908}"
3.016,left_hand,og,tilt,,"{""deg"":-5.4,""steady"":true}"
3.047,left_hand,og,acc,338098,"{""seq"":145,""x_mg"":200,""y_mg"":-436,""z_mg"":872}"
3.047,left_hand,og,tilt,,"{""deg"":-7.2,""steady"":true}"
3.079,left_hand,og,acc,338119,"{""seq"":146,""x_mg"":208,""y_mg"":-460,""z_mg"":856}"
3.079,left_hand,og,tilt,,"{""deg"":-9.0,""steady"":true}"
3.079,left_hand,og,acc,338139,"{""seq"":147,""x_mg"":208,""y_mg"":-500,""z_mg"":844}"
3.079,left_hand,og,tilt,,"{""deg"":-10.8,""steady"":true}"
3.110,left_hand,og,acc,338160,"{""seq"":148,""x_mg"":200,""y_mg"":-512,""z_mg"":844}"
3.110,left_hand,og,tilt,,"{""deg"":-12.6,""steady"":true}"
3.110,left_hand,og,acc,338180,"{""seq"":149,""x_mg"":196,""y_mg"":-516,""z_mg"":844}"
3.110,left_hand,og,tilt,,"{""deg"":-14.5,""steady"":true}"
3.141,left_hand,og,acc,338201,"{""seq"":150,""x_mg"":204,""y_mg"":-508,""z_mg"":832}"
3.141,left_hand,og,tilt,,"{""deg"":-16.2,""steady"":true}"
3.157,left_hand,og,acc,338221,"{""seq"":151,""x_mg"":212,""y_mg"":-524,""z_mg"":816}"
3.157,left_hand,og,tilt,,"{""deg"":-17.8,""steady"":true}"
3.188,left_hand,og,acc,338242,"{""seq"":152,""x_mg"":200,""y_mg"":-580,""z_mg"":812}"
3.188,left_hand,og,tilt,,"{""deg"":-19.1,""steady"":true}"
3.219,left_hand,og,acc,338262,"{""seq"":153,""x_mg"":196,""y_mg"":-624,""z_mg"":812}"
3.219,left_hand,og,tilt,,"{""deg"":-20.5,""steady"":true}"
3.219,left_hand,og,acc,338283,"{""seq"":154,""x_mg"":196,""y_mg"":-644,""z_mg"":772}"
3.219,left_hand,og,tilt,,"{""deg"":-22.0,""steady"":true}"
3.250,left_hand,og,acc,338304,"{""seq"":155,""x_mg"":208,""y_mg"":-612,""z_mg"":764}"
3.250,left_hand,og,tilt,,"{""deg"":-23.6,""steady"":true}"
3.250,left_hand,og,acc,338324,"{""seq"":156,""x_mg"":196,""y_mg"":-584,""z_mg"":764}"
3.250,left_hand,og,tilt,,"{""deg"":-25.0,""steady"":true}"
3.297,left_hand,og,acc,338345,"{""seq"":157,""x_mg"":204,""y_mg"":-600,""z_mg"":768}"
3.297,left_hand,og,tilt,,"{""deg"":-26.3,""steady"":true}"
3.329,left_hand,og,acc,338365,"{""seq"":158,""x_mg"":196,""y_mg"":-644,""z_mg"":780}"
3.329,left_hand,og,tilt,,"{""deg"":-27.5,""steady"":true}"
3.329,left_hand,og,acc,338386,"{""seq"":159,""x_mg"":196,""y_mg"":-664,""z_mg"":768}"
3.329,left_hand,og,tilt,,"{""deg"":-28.6,""steady"":true}"
3.344,left_hand,og,acc,338406,"{""seq"":160,""x_mg"":188,""y_mg"":-604,""z_mg"":768}"
3.344,left_hand,og,tilt,,"{""deg"":-29.4,""steady"":true}"
3.375,left_hand,og,acc,338427,"{""seq"":161,""x_mg"":184,""y_mg"":-584,""z_mg"":768}"
3.375,left_hand,og,tilt,,"{""deg"":-30.2,""steady"":true}"
3.407,left_hand,og,acc,338448,"{""seq"":162,""x_mg"":168,""y_mg"":-604,""z_mg"":768}"
3.407,left_hand,og,tilt,,"{""deg"":-30.9,""steady"":true}"
3.438,left_hand,og,acc,338468,"{""seq"":163,""x_mg"":156,""y_mg"":-676,""z_mg"":772}"
3.438,left_hand,og,tilt,,"{""deg"":-31.5,""steady"":true}"
3.438,left_hand,og,acc,338489,"{""seq"":164,""x_mg"":176,""y_mg"":-708,""z_mg"":760}"
3.438,left_hand,og,tilt,,"{""deg"":-32.0,""steady"":true}"
3.469,left_hand,og,acc,338509,"{""seq"":165,""x_mg"":184,""y_mg"":-652,""z_mg"":736}"
3.469,left_hand,og,tilt,,"{""deg"":-32.8,""steady"":true}"
3.469,left_hand,og,acc,338530,"{""seq"":166,""x_mg"":188,""y_mg"":-576,""z_mg"":760}"
3.469,left_hand,og,tilt,,"{""deg"":-33.6,""steady"":true}"
3.500,left_hand,og,acc,338550,"{""seq"":167,""x_mg"":192,""y_mg"":-616,""z_mg"":788}"
3.500,left_hand,og,tilt,,"{""deg"":-34.2,""steady"":true}"
3.532,left_hand,og,acc,338571,"{""seq"":168,""x_mg"":168,""y_mg"":-680,""z_mg"":748}"
3.532,left_hand,og,tilt,,"{""deg"":-34.8,""steady"":true}"
3.532,left_hand,og,acc,338592,"{""seq"":169,""x_mg"":172,""y_mg"":-728,""z_mg"":784}"
3.532,left_hand,og,tilt,,"{""deg"":-35.3,""steady"":true}"
3.547,left_hand,og,acc,338612,"{""seq"":170,""x_mg"":172,""y_mg"":-712,""z_mg"":792}"
3.547,left_hand,og,tilt,,"{""deg"":-35.9,""steady"":true}"
3.579,left_hand,og,acc,338633,"{""seq"":171,""x_mg"":176,""y_mg"":-668,""z_mg"":736}"
3.579,left_hand,og,tilt,,"{""deg"":-36.3,""steady"":true}"
3.610,left_hand,og,acc,338653,"{""seq"":172,""x_mg"":184,""y_mg"":-648,""z_mg"":748}"
3.610,left_hand,og,tilt,,"{""deg"":-36.8,""steady"":true}"
3.610,left_hand,og,acc,338674,"{""seq"":173,""x_mg"":164,""y_mg"":-684,""z_mg"":736}"
3.610,left_hand,og,tilt,,"{""deg"":-37.2,""steady"":true}"
3.641,,game,miss,,"{""n"":1,""speed"":0.41}"
3.641,left_hand,og,acc,338694,"{""seq"":174,""x_mg"":180,""y_mg"":-696,""z_mg"":716}"
3.641,left_hand,og,tilt,,"{""deg"":-37.5,""steady"":true}"
3.672,left_hand,og,acc,338715,"{""seq"":175,""x_mg"":168,""y_mg"":-672,""z_mg"":732}"
3.672,left_hand,og,tilt,,"{""deg"":-37.8,""steady"":true}"
3.672,left_hand,og,acc,338736,"{""seq"":176,""x_mg"":168,""y_mg"":-628,""z_mg"":740}"
3.672,left_hand,og,tilt,,"{""deg"":-38.1,""steady"":true}"
3.704,left_hand,og,acc,338756,"{""seq"":177,""x_mg"":168,""y_mg"":-624,""z_mg"":764}"
3.704,left_hand,og,tilt,,"{""deg"":-38.4,""steady"":true}"
3.735,left_hand,og,acc,338777,"{""seq"":178,""x_mg"":172,""y_mg"":-684,""z_mg"":752}"
3.735,left_hand,og,tilt,,"{""deg"":-38.6,""steady"":true}"
3.735,left_hand,og,acc,338797,"{""seq"":179,""x_mg"":164,""y_mg"":-724,""z_mg"":768}"
3.735,left_hand,og,tilt,,"{""deg"":-38.7,""steady"":true}"
3.766,left_hand,og,acc,338818,"{""seq"":180,""x_mg"":152,""y_mg"":-648,""z_mg"":808}"
3.766,left_hand,og,tilt,,"{""deg"":-38.6,""steady"":true}"
3.782,left_hand,og,acc,338838,"{""seq"":181,""x_mg"":152,""y_mg"":-504,""z_mg"":812}"
3.782,left_hand,og,tilt,,"{""deg"":-38.4,""steady"":true}"
3.813,left_hand,og,acc,338859,"{""seq"":182,""x_mg"":148,""y_mg"":-480,""z_mg"":836}"
3.813,left_hand,og,tilt,,"{""deg"":-38.2,""steady"":true}"
3.813,left_hand,og,acc,338879,"{""seq"":183,""x_mg"":156,""y_mg"":-616,""z_mg"":824}"
3.813,left_hand,og,tilt,,"{""deg"":-37.7,""steady"":true}"
3.844,left_hand,og,acc,338900,"{""seq"":184,""x_mg"":152,""y_mg"":-720,""z_mg"":796}"
3.844,left_hand,og,tilt,,"{""deg"":-37.4,""steady"":true}"
3.875,left_hand,og,acc,338921,"{""seq"":185,""x_mg"":156,""y_mg"":-640,""z_mg"":820}"
3.875,left_hand,og,tilt,,"{""deg"":-37.0,""steady"":true}"
3.875,left_hand,og,acc,338941,"{""seq"":186,""x_mg"":160,""y_mg"":-508,""z_mg"":828}"
3.875,left_hand,og,tilt,,"{""deg"":-36.7,""steady"":true}"
3.922,left_hand,og,acc,338962,"{""seq"":187,""x_mg"":168,""y_mg"":-548,""z_mg"":820}"
3.922,left_hand,og,tilt,,"{""deg"":-36.4,""steady"":true}"
3.954,left_hand,og,acc,338982,"{""seq"":188,""x_mg"":164,""y_mg"":-636,""z_mg"":804}"
3.954,left_hand,og,tilt,,"{""deg"":-36.3,""steady"":true}"
3.954,left_hand,og,acc,339003,"{""seq"":189,""x_mg"":168,""y_mg"":-656,""z_mg"":792}"
3.954,left_hand,og,tilt,,"{""deg"":-36.3,""steady"":true}"
3.969,left_hand,og,acc,339023,"{""seq"":190,""x_mg"":168,""y_mg"":-588,""z_mg"":804}"
3.969,left_hand,og,tilt,,"{""deg"":-36.0,""steady"":true}"
4.000,left_hand,og,acc,339044,"{""seq"":191,""x_mg"":168,""y_mg"":-536,""z_mg"":792}"
4.000,left_hand,og,tilt,,"{""deg"":-35.7,""steady"":true}"
4.032,left_hand,og,acc,339065,"{""seq"":192,""x_mg"":180,""y_mg"":-564,""z_mg"":804}"
4.032,left_hand,og,tilt,,"{""deg"":-35.5,""steady"":true}"
4.032,left_hand,og,acc,339085,"{""seq"":193,""x_mg"":176,""y_mg"":-700,""z_mg"":804}"
4.032,left_hand,og,tilt,,"{""deg"":-35.3,""steady"":true}"
4.063,left_hand,og,acc,339106,"{""seq"":194,""x_mg"":184,""y_mg"":-724,""z_mg"":784}"
4.063,left_hand,og,tilt,,"{""deg"":-35.1,""steady"":true}"
4.094,left_hand,og,acc,339126,"{""seq"":195,""x_mg"":156,""y_mg"":-552,""z_mg"":836}"
4.094,left_hand,og,tilt,,"{""deg"":-34.8,""steady"":true}"
4.094,left_hand,og,acc,339147,"{""seq"":196,""x_mg"":168,""y_mg"":-296,""z_mg"":888}"
4.094,left_hand,og,tilt,,"{""deg"":-34.6,""steady"":true}"
4.125,left_hand,og,acc,339167,"{""seq"":197,""x_mg"":200,""y_mg"":-320,""z_mg"":924}"
4.125,left_hand,og,tilt,,"{""deg"":-34.2,""steady"":true}"
4.125,left_hand,og,acc,339188,"{""seq"":198,""x_mg"":196,""y_mg"":-564,""z_mg"":880}"
4.125,left_hand,og,tilt,,"{""deg"":-33.7,""steady"":true}"
4.157,left_hand,og,acc,339209,"{""seq"":199,""x_mg"":188,""y_mg"":-692,""z_mg"":824}"
4.157,left_hand,og,tilt,,"{""deg"":-33.3,""steady"":true}"
4.188,left_hand,og,acc,339229,"{""seq"":200,""x_mg"":180,""y_mg"":-604,""z_mg"":848}"
4.188,left_hand,og,tilt,,"{""deg"":-33.0,""steady"":true}"
4.188,left_hand,og,acc,339250,"{""seq"":201,""x_mg"":164,""y_mg"":-368,""z_mg"":888}"
4.188,left_hand,og,tilt,,"{""deg"":-32.6,""steady"":true}"
4.219,left_hand,og,acc,339270,"{""seq"":202,""x_mg"":156,""y_mg"":-152,""z_mg"":928}"
4.219,left_hand,og,tilt,,"{""deg"":-32.4,""steady"":true}"
4.250,left_hand,og,acc,339291,"{""seq"":203,""x_mg"":152,""y_mg"":-24,""z_mg"":936}"
4.250,left_hand,og,tilt,,"{""deg"":-30.9,""steady"":true}"
4.250,left_hand,og,acc,339311,"{""seq"":204,""x_mg"":156,""y_mg"":-8,""z_mg"":944}"
4.250,left_hand,og,tilt,,"{""deg"":-28.0,""steady"":true}"
4.282,left_hand,og,acc,339332,"{""seq"":205,""x_mg"":172,""y_mg"":-72,""z_mg"":968}"
4.282,left_hand,og,tilt,,"{""deg"":-24.9,""steady"":true}"
4.313,left_hand,og,acc,339353,"{""seq"":206,""x_mg"":164,""y_mg"":-84,""z_mg"":960}"
4.313,left_hand,og,tilt,,"{""deg"":-22.2,""steady"":true}"
4.313,left_hand,og,acc,339373,"{""seq"":207,""x_mg"":180,""y_mg"":-28,""z_mg"":960}"
4.313,left_hand,og,tilt,,"{""deg"":-19.4,""steady"":true}"
4.344,left_hand,og,acc,339394,"{""seq"":208,""x_mg"":168,""y_mg"":116,""z_mg"":924}"
4.344,left_hand,og,tilt,,"{""deg"":-17.0,""steady"":true}"
4.375,left_hand,og,acc,339414,"{""seq"":209,""x_mg"":180,""y_mg"":392,""z_mg"":940}"
4.375,left_hand,og,tilt,,"{""deg"":-14.9,""steady"":true}"
4.375,left_hand,og,acc,339435,"{""seq"":210,""x_mg"":148,""y_mg"":448,""z_mg"":988}"
4.375,left_hand,og,tilt,,"{""deg"":-12.0,""steady"":true}"
4.407,left_hand,og,acc,339455,"{""seq"":211,""x_mg"":156,""y_mg"":252,""z_mg"":944}"
4.407,left_hand,og,tilt,,"{""deg"":-8.5,""steady"":true}"
4.438,left_hand,og,acc,339476,"{""seq"":212,""x_mg"":156,""y_mg"":144,""z_mg"":896}"
4.438,left_hand,og,tilt,,"{""deg"":-5.4,""steady"":true}"
4.438,left_hand,og,acc,339496,"{""seq"":213,""x_mg"":148,""y_mg"":336,""z_mg"":884}"
4.438,left_hand,og,tilt,,"{""deg"":-2.0,""steady"":true}"
4.469,left_hand,og,acc,339517,"{""seq"":214,""x_mg"":128,""y_mg"":584,""z_mg"":876}"
4.469,left_hand,og,tilt,,"{""deg"":1.1,""steady"":true}"
4.469,left_hand,og,acc,339538,"{""seq"":215,""x_mg"":112,""y_mg"":600,""z_mg"":828}"
4.469,left_hand,og,tilt,,"{""deg"":3.7,""steady"":true}"
4.500,left_hand,og,acc,339558,"{""seq"":216,""x_mg"":108,""y_mg"":500,""z_mg"":860}"
4.500,left_hand,og,tilt,,"{""deg"":7.2,""steady"":true}"
4.532,left_hand,og,acc,339579,"{""seq"":217,""x_mg"":124,""y_mg"":404,""z_mg"":844}"
4.532,left_hand,og,tilt,,"{""deg"":10.2,""steady"":true}"
4.532,left_hand,og,acc,339599,"{""seq"":218,""x_mg"":120,""y_mg"":460,""z_mg"":848}"
4.532,left_hand,og,tilt,,"{""deg"":12.9,""steady"":true}"
4.563,left_hand,og,acc,339620,"{""seq"":219,""x_mg"":108,""y_mg"":612,""z_mg"":872}"
4.563,left_hand,og,tilt,,"{""deg"":15.2,""steady"":true}"
4.594,left_hand,og,acc,339640,"{""seq"":220,""x_mg"":84,""y_mg"":632,""z_mg"":876}"
4.594,left_hand,og,tilt,,"{""deg"":17.3,""steady"":true}"
4.594,left_hand,og,acc,339661,"{""seq"":221,""x_mg"":112,""y_mg"":440,""z_mg"":896}"
4.594,left_hand,og,tilt,,"{""deg"":18.9,""steady"":true}"
4.610,left_hand,og,acc,339682,"{""seq"":222,""x_mg"":140,""y_mg"":252,""z_mg"":880}"
4.610,left_hand,og,tilt,,"{""deg"":20.3,""steady"":true}"
4.657,left_hand,og,acc,339702,"{""seq"":223,""x_mg"":128,""y_mg"":144,""z_mg"":900}"
4.657,left_hand,og,tilt,,"{""deg"":21.3,""steady"":true}"
4.688,left_hand,og,acc,339723,"{""seq"":224,""x_mg"":160,""y_mg"":80,""z_mg"":884}"
4.688,left_hand,og,tilt,,"{""deg"":20.9,""steady"":true}"
4.688,left_hand,og,acc,339743,"{""seq"":225,""x_mg"":176,""y_mg"":-52,""z_mg"":884}"
4.688,left_hand,og,tilt,,"{""deg"":19.8,""steady"":true}"
4.719,left_hand,og,acc,339764,"{""seq"":226,""x_mg"":216,""y_mg"":-344,""z_mg"":980}"
4.719,left_hand,og,tilt,,"{""deg"":18.3,""steady"":true}"
4.750,left_hand,og,acc,339784,"{""seq"":227,""x_mg"":176,""y_mg"":-540,""z_mg"":916}"
4.750,left_hand,og,tilt,,"{""deg"":16.0,""steady"":true}"
4.750,left_hand,og,acc,339805,"{""seq"":228,""x_mg"":160,""y_mg"":-664,""z_mg"":972}"
4.750,left_hand,og,tilt,,"{""deg"":12.0,""steady"":true}"
4.782,left_hand,og,acc,339826,"{""seq"":229,""x_mg"":136,""y_mg"":-512,""z_mg"":984}"
4.782,left_hand,og,tilt,,"{""deg"":7.6,""steady"":true}"
4.797,left_hand,og,acc,339846,"{""seq"":230,""x_mg"":132,""y_mg"":-240,""z_mg"":984}"
4.797,left_hand,og,tilt,,"{""deg"":3.6,""steady"":true}"
4.797,left_hand,og,acc,339867,"{""seq"":231,""x_mg"":172,""y_mg"":-168,""z_mg"":960}"
4.797,left_hand,og,tilt,,"{""deg"":0.2,""steady"":true}"
4.829,left_hand,og,acc,339887,"{""seq"":232,""x_mg"":172,""y_mg"":-392,""z_mg"":956}"
4.829,left_hand,og,tilt,,"{""deg"":-2.2,""steady"":true}"
4.860,left_hand,og,acc,339908,"{""seq"":233,""x_mg"":124,""y_mg"":-400,""z_mg"":932}"
4.860,left_hand,og,tilt,,"{""deg"":-4.4,""steady"":true}"
4.891,left_hand,og,acc,339928,"{""seq"":234,""x_mg"":136,""y_mg"":-300,""z_mg"":944}"
4.891,left_hand,og,tilt,,"{""deg"":-5.7,""steady"":true}"
4.891,left_hand,og,acc,339949,"{""seq"":235,""x_mg"":192,""y_mg"":-380,""z_mg"":908}"
4.891,left_hand,og,tilt,,"{""deg"":-7.4,""steady"":true}"
4.922,left_hand,og,acc,339970,"{""seq"":236,""x_mg"":168,""y_mg"":-492,""z_mg"":832}"
4.922,left_hand,og,tilt,,"{""deg"":-9.0,""steady"":true}"
4.954,left_hand,og,acc,339990,"{""seq"":237,""x_mg"":156,""y_mg"":-424,""z_mg"":864}"
4.954,left_hand,og,tilt,,"{""deg"":-10.4,""steady"":true}"
4.954,left_hand,og,acc,340011,"{""seq"":238,""x_mg"":180,""y_mg"":-340,""z_mg"":896}"
4.954,left_hand,og,tilt,,"{""deg"":-11.6,""steady"":true}"
4.985,left_hand,og,acc,340031,"{""seq"":239,""x_mg"":208,""y_mg"":-500,""z_mg"":828}"
4.985,left_hand,og,tilt,,"{""deg"":-13.1,""steady"":true}"
4.985,left_hand,og,acc,340052,"{""seq"":240,""x_mg"":180,""y_mg"":-708,""z_mg"":772}"
4.985,left_hand,og,tilt,,"{""deg"":-14.9,""steady"":true}"
5.000,left_hand,og,acc,340072,"{""seq"":241,""x_mg"":164,""y_mg"":-756,""z_mg"":812}"
5.000,left_hand,og,tilt,,"{""deg"":-16.6,""steady"":true}"
5.032,left_hand,og,acc,340093,"{""seq"":242,""x_mg"":160,""y_mg"":-468,""z_mg"":820}"
5.032,left_hand,og,tilt,,"{""deg"":-18.0,""steady"":true}"
5.063,left_hand,og,acc,340113,"{""seq"":243,""x_mg"":172,""y_mg"":-456,""z_mg"":816}"
5.063,left_hand,og,tilt,,"{""deg"":-19.3,""steady"":true}"
5.094,left_hand,og,acc,340134,"{""seq"":244,""x_mg"":168,""y_mg"":-620,""z_mg"":792}"
5.094,left_hand,og,tilt,,"{""deg"":-21.3,""steady"":true}"
5.094,left_hand,og,acc,340155,"{""seq"":245,""x_mg"":168,""y_mg"":-736,""z_mg"":784}"
5.094,left_hand,og,tilt,,"{""deg"":-23.0,""steady"":true}"
5.125,left_hand,og,acc,340175,"{""seq"":246,""x_mg"":172,""y_mg"":-736,""z_mg"":788}"
5.125,left_hand,og,tilt,,"{""deg"":-24.6,""steady"":true}"
5.125,left_hand,og,acc,340196,"{""seq"":247,""x_mg"":172,""y_mg"":-664,""z_mg"":804}"
5.125,left_hand,og,tilt,,"{""deg"":-26.1,""steady"":true}"
5.157,left_hand,og,acc,340216,"{""seq"":248,""x_mg"":156,""y_mg"":-588,""z_mg"":820}"
5.157,left_hand,og,tilt,,"{""deg"":-27.4,""steady"":true}"
5.188,left_hand,og,acc,340237,"{""seq"":249,""x_mg"":156,""y_mg"":-512,""z_mg"":892}"
5.188,left_hand,og,tilt,,"{""deg"":-28.6,""steady"":true}"
5.188,left_hand,og,acc,340257,"{""seq"":250,""x_mg"":148,""y_mg"":-384,""z_mg"":892}"
5.188,left_hand,og,tilt,,"{""deg"":-29.2,""steady"":true}"
5.219,,game,miss,,"{""n"":2,""speed"":0.36}"
5.219,left_hand,og,acc,340278,"{""seq"":251,""x_mg"":164,""y_mg"":-208,""z_mg"":912}"
5.219,left_hand,og,tilt,,"{""deg"":-29.0,""steady"":true}"
5.235,left_hand,og,acc,340299,"{""seq"":252,""x_mg"":180,""y_mg"":-112,""z_mg"":956}"
5.235,left_hand,og,tilt,,"{""deg"":-28.0,""steady"":true}"
5.282,left_hand,og,acc,340319,"{""seq"":253,""x_mg"":196,""y_mg"":-76,""z_mg"":988}"
5.282,left_hand,og,tilt,,"{""deg"":-25.9,""steady"":true}"
5.282,left_hand,og,acc,340340,"{""seq"":254,""x_mg"":176,""y_mg"":-40,""z_mg"":1004}"
5.282,left_hand,og,tilt,,"{""deg"":-23.3,""steady"":true}"
5.313,left_hand,og,acc,340360,"{""seq"":255,""x_mg"":176,""y_mg"":-4,""z_mg"":980}"
5.313,left_hand,og,tilt,,"{""deg"":-20.8,""steady"":true}"
5.344,left_hand,og,acc,340381,"{""seq"":256,""x_mg"":160,""y_mg"":40,""z_mg"":960}"
5.344,left_hand,og,tilt,,"{""deg"":-18.3,""steady"":true}"
5.344,left_hand,og,acc,340401,"{""seq"":257,""x_mg"":160,""y_mg"":60,""z_mg"":944}"
5.344,left_hand,og,tilt,,"{""deg"":-15.8,""steady"":true}"
5.375,left_hand,og,acc,340422,"{""seq"":258,""x_mg"":156,""y_mg"":84,""z_mg"":944}"
5.375,left_hand,og,tilt,,"{""deg"":-13.4,""steady"":true}"
5.407,left_hand,og,acc,340442,"{""seq"":259,""x_mg"":156,""y_mg"":140,""z_mg"":960}"
5.407,left_hand,og,tilt,,"{""deg"":-11.1,""steady"":true}"
5.407,left_hand,og,acc,340463,"{""seq"":260,""x_mg"":156,""y_mg"":232,""z_mg"":972}"
5.407,left_hand,og,tilt,,"{""deg"":-8.8,""steady"":true}"
5.422,left_hand,og,acc,340484,"{""seq"":261,""x_mg"":120,""y_mg"":448,""z_mg"":956}"
5.422,left_hand,og,tilt,,"{""deg"":-6.5,""steady"":true}"
5.454,left_hand,og,acc,340504,"{""seq"":262,""x_mg"":104,""y_mg"":524,""z_mg"":996}"
5.454,left_hand,og,tilt,,"{""deg"":-3.8,""steady"":true}"
5.485,left_hand,og,acc,340525,"{""seq"":263,""x_mg"":176,""y_mg"":316,""z_mg"":876}"
5.485,left_hand,og,tilt,,"{""deg"":-0.7,""steady"":true}"
5.485,left_hand,og,acc,340545,"{""seq"":264,""x_mg"":232,""y_mg"":-184,""z_mg"":768}"
5.485,left_hand,og,tilt,,"{""deg"":2.0,""steady"":true}"
5.516,left_hand,og,acc,340566,"{""seq"":265,""x_mg"":160,""y_mg"":-940,""z_mg"":816}"
5.516,left_hand,og,tilt,,"{""deg"":4.4,""steady"":true}"
5.547,left_hand,og,acc,340586,"{""seq"":266,""x_mg"":132,""y_mg"":-960,""z_mg"":860}"
5.547,left_hand,og,tilt,,"{""deg"":2.6,""steady"":true}"
5.547,left_hand,og,acc,340607,"{""seq"":267,""x_mg"":200,""y_mg"":-764,""z_mg"":896}"
5.547,left_hand,og,tilt,,"{""deg"":-2.3,""steady"":true}"
5.579,left_hand,og,acc,340628,"{""seq"":268,""x_mg"":184,""y_mg"":-584,""z_mg"":836}"
5.579,left_hand,og,tilt,,"{""deg"":-6.6,""steady"":true}"
5.610,left_hand,og,acc,340648,"{""seq"":269,""x_mg"":144,""y_mg"":-420,""z_mg"":844}"
5.610,left_hand,og,tilt,,"{""deg"":-10.4,""steady"":true}"
5.610,left_hand,og,acc,340669,"{""seq"":270,""x_mg"":160,""y_mg"":-424,""z_mg"":824}"
5.610,left_hand,og,tilt,,"{""deg"":-13.1,""steady"":true}"
5.625,left_hand,og,acc,340689,"{""seq"":271,""x_mg"":168,""y_mg"":-548,""z_mg"":784}"
5.625,left_hand,og,tilt,,"{""deg"":-15.4,""steady"":true}"
5.657,left_hand,og,acc,340710,"{""seq"":272,""x_mg"":184,""y_mg"":-724,""z_mg"":764}"
5.657,left_hand,og,tilt,,"{""deg"":-17.5,""steady"":true}"
5.688,left_hand,og,acc,340730,"{""seq"":273,""x_mg"":196,""y_mg"":-740,""z_mg"":752}"
5.688,left_hand,og,tilt,,"{""deg"":-19.3,""steady"":true}"
5.688,left_hand,og,acc,340751,"{""seq"":274,""x_mg"":192,""y_mg"":-608,""z_mg"":760}"
5.688,left_hand,og,tilt,,"{""deg"":-21.3,""steady"":true}"
5.719,left_hand,og,acc,340772,"{""seq"":275,""x_mg"":192,""y_mg"":-516,""z_mg"":772}"
5.719,left_hand,og,tilt,,"{""deg"":-23.1,""steady"":true}"
5.750,left_hand,og,acc,340792,"{""seq"":276,""x_mg"":196,""y_mg"":-592,""z_mg"":832}"
5.750,left_hand,og,tilt,,"{""deg"":-24.7,""steady"":true}"
5.750,left_hand,og,acc,340813,"{""seq"":277,""x_mg"":192,""y_mg"":-744,""z_mg"":828}"
5.750,left_hand,og,tilt,,"{""deg"":-26.1,""steady"":true}"
5.782,left_hand,og,acc,340833,"{""seq"":278,""x_mg"":184,""y_mg"":-772,""z_mg"":848}"
5.782,left_hand,og,tilt,,"{""deg"":-27.4,""steady"":true}"
5.813,left_hand,og,acc,340854,"{""seq"":279,""x_mg"":140,""y_mg"":-536,""z_mg"":848}"
5.813,left_hand,og,tilt,,"{""deg"":-28.0,""steady"":true}"
5.813,left_hand,og,acc,340874,"{""seq"":280,""x_mg"":132,""y_mg"":-168,""z_mg"":856}"
5.813,left_hand,og,tilt,,"{""deg"":-28.7,""steady"":true}"
5.829,left_hand,og,acc,340895,"{""seq"":281,""x_mg"":156,""y_mg"":112,""z_mg"":928}"
5.829,left_hand,og,tilt,,"{""deg"":-28.8,""steady"":true}"
5.860,left_hand,og,acc,340915,"{""seq"":282,""x_mg"":192,""y_mg"":88,""z_mg"":1008}"
5.860,left_hand,og,tilt,,"{""deg"":-26.4,""steady"":true}"
5.891,left_hand,og,acc,340936,"{""seq"":283,""x_mg"":192,""y_mg"":-56,""z_mg"":924}"
5.891,left_hand,og,tilt,,"{""deg"":-23.4,""steady"":true}"
5.891,left_hand,og,acc,340957,"{""seq"":284,""x_mg"":140,""y_mg"":72,""z_mg"":844}"
5.891,left_hand,og,tilt,,"{""deg"":-19.7,""steady"":true}"
5.922,left_hand,og,acc,340977,"{""seq"":285,""x_mg"":112,""y_mg"":476,""z_mg"":924}"
5.922,left_hand,og,tilt,,"{""deg"":-16.5,""steady"":true}"
5.969,left_hand,og,acc,340998,"{""seq"":286,""x_mg"":96,""y_mg"":840,""z_mg"":896}"
5.969,left_hand,og,tilt,,"{""deg"":-13.6,""steady"":true}"
5.969,left_hand,og,acc,341018,"{""seq"":287,""x_mg"":80,""y_mg"":716,""z_mg"":880}"
5.969,left_hand,og,tilt,,"{""deg"":-8.4,""steady"":true}"
6.000,left_hand,og,acc,341039,"{""seq"":288,""x_mg"":104,""y_mg"":376,""z_mg"":864}"
6.000,left_hand,og,tilt,,"{""deg"":-3.9,""steady"":true}"
6.000,left_hand,og,acc,341059,"{""seq"":289,""x_mg"":140,""y_mg"":276,""z_mg"":912}"
6.000,left_hand,og,tilt,,"{""deg"":0.1,""steady"":true}"
6.032,left_hand,og,acc,341080,"{""seq"":290,""x_mg"":112,""y_mg"":400,""z_mg"":940}"
6.032,left_hand,og,tilt,,"{""deg"":3.2,""steady"":true}"
6.047,left_hand,og,acc,341101,"{""seq"":291,""x_mg"":124,""y_mg"":456,""z_mg"":820}"
6.047,left_hand,og,tilt,,"{""deg"":5.9,""steady"":true}"
6.079,left_hand,og,acc,341121,"{""seq"":292,""x_mg"":208,""y_mg"":120,""z_mg"":764}"
6.079,left_hand,og,tilt,,"{""deg"":8.3,""steady"":true}"
6.110,left_hand,og,acc,341142,"{""seq"":293,""x_mg"":276,""y_mg"":-456,""z_mg"":844}"
6.110,left_hand,og,tilt,,"{""deg"":9.6,""steady"":true}"
6.110,left_hand,og,acc,341162,"{""seq"":294,""x_mg"":204,""y_mg"":-1100,""z_mg"":800}"
6.110,left_hand,og,tilt,,"{""deg"":9.6,""steady"":false}"
6.141,left_hand,og,acc,341183,"{""seq"":295,""x_mg"":96,""y_mg"":-1120,""z_mg"":888}"
6.141,left_hand,og,tilt,,"{""deg"":9.6,""steady"":false}"
6.141,left_hand,og,acc,341203,"{""seq"":296,""x_mg"":124,""y_mg"":-580,""z_mg"":952}"
6.141,left_hand,og,tilt,,"{""deg"":9.8,""steady"":true}"
6.172,left_hand,og,acc,341224,"{""seq"":297,""x_mg"":168,""y_mg"":-228,""z_mg"":844}"
6.172,left_hand,og,tilt,,"{""deg"":7.1,""steady"":true}"
6.204,left_hand,og,acc,341244,"{""seq"":298,""x_mg"":156,""y_mg"":-284,""z_mg"":876}"
6.204,left_hand,og,tilt,,"{""deg"":4.3,""steady"":true}"
6.204,left_hand,og,acc,341265,"{""seq"":299,""x_mg"":160,""y_mg"":-624,""z_mg"":928}"
6.204,left_hand,og,tilt,,"{""deg"":0.7,""steady"":true}"
6.235,left_hand,og,acc,341286,"{""seq"":300,""x_mg"":152,""y_mg"":-700,""z_mg"":860}"
6.235,left_hand,og,tilt,,"{""deg"":-2.9,""steady"":true}"
6.250,left_hand,og,acc,341306,"{""seq"":301,""x_mg"":184,""y_mg"":-736,""z_mg"":820}"
6.250,left_hand,og,tilt,,"{""deg"":-6.3,""steady"":true}"
6.282,left_hand,og,acc,341327,"{""seq"":302,""x_mg"":176,""y_mg"":-632,""z_mg"":760}"
6.282,left_hand,og,tilt,,"{""deg"":-10.0,""steady"":true}"
6.282,left_hand,og,acc,341347,"{""seq"":303,""x_mg"":152,""y_mg"":-284,""z_mg"":880}"
6.282,left_hand,og,tilt,,"{""deg"":-13.2,""steady"":true}"
6.313,left_hand,og,acc,341368,"{""seq"":304,""x_mg"":156,""y_mg"":76,""z_mg"":960}"
6.313,left_hand,og,tilt,,"{""deg"":-16.0,""steady"":true}"
6.344,left_hand,og,acc,341388,"{""seq"":305,""x_mg"":148,""y_mg"":336,""z_mg"":964}"
6.344,left_hand,og,tilt,,"{""deg"":-16.0,""steady"":true}"
6.344,left_hand,og,acc,341409,"{""seq"":306,""x_mg"":160,""y_mg"":428,""z_mg"":984}"
6.344,left_hand,og,tilt,,"{""deg"":-13.3,""steady"":true}"
6.375,left_hand,og,acc,341430,"{""seq"":307,""x_mg"":156,""y_mg"":272,""z_mg"":976}"
6.375,left_hand,og,tilt,,"{""deg"":-9.5,""steady"":true}"
6.407,left_hand,og,acc,341450,"{""seq"":308,""x_mg"":156,""y_mg"":28,""z_mg"":980}"
6.407,left_hand,og,tilt,,"{""deg"":-6.2,""steady"":true}"
6.407,left_hand,og,acc,341471,"{""seq"":309,""x_mg"":140,""y_mg"":-84,""z_mg"":948}"
6.407,left_hand,og,tilt,,"{""deg"":-3.3,""steady"":true}"
6.438,left_hand,og,acc,341491,"{""seq"":310,""x_mg"":132,""y_mg"":44,""z_mg"":912}"
6.438,left_hand,og,tilt,,"{""deg"":-2.3,""steady"":true}"
6.469,left_hand,og,acc,341512,"{""seq"":311,""x_mg"":152,""y_mg"":92,""z_mg"":912}"
6.469,left_hand,og,tilt,,"{""deg"":-1.4,""steady"":true}"
6.469,left_hand,og,acc,341532,"{""seq"":312,""x_mg"":164,""y_mg"":8,""z_mg"":1004}"
6.469,left_hand,og,tilt,,"{""deg"":-0.8,""steady"":true}"
6.485,left_hand,og,acc,341553,"{""seq"":313,""x_mg"":188,""y_mg"":-96,""z_mg"":1040}"
6.485,left_hand,og,tilt,,"{""deg"":-0.4,""steady"":true}"
6.516,left_hand,og,acc,341574,"{""seq"":314,""x_mg"":180,""y_mg"":-140,""z_mg"":928}"
6.516,left_hand,og,tilt,,"{""deg"":0.0,""steady"":true}"
6.547,left_hand,og,acc,341594,"{""seq"":315,""x_mg"":160,""y_mg"":-124,""z_mg"":904}"
6.547,left_hand,og,tilt,,"{""deg"":-0.3,""steady"":true}"
6.547,left_hand,og,acc,341615,"{""seq"":316,""x_mg"":160,""y_mg"":-168,""z_mg"":944}"
6.547,left_hand,og,tilt,,"{""deg"":-1.0,""steady"":true}"
6.579,left_hand,og,acc,341635,"{""seq"":317,""x_mg"":164,""y_mg"":-276,""z_mg"":1004}"
6.579,left_hand,og,tilt,,"{""deg"":-1.6,""steady"":true}"
6.625,left_hand,og,acc,341656,"{""seq"":318,""x_mg"":144,""y_mg"":-324,""z_mg"":964}"
6.625,left_hand,og,tilt,,"{""deg"":-2.3,""steady"":true}"
6.625,left_hand,og,acc,341676,"{""seq"":319,""x_mg"":136,""y_mg"":-300,""z_mg"":896}"
6.625,left_hand,og,tilt,,"{""deg"":-3.6,""steady"":true}"
6.657,left_hand,og,acc,341697,"{""seq"":320,""x_mg"":124,""y_mg"":-212,""z_mg"":928}"
6.657,left_hand,og,tilt,,"{""deg"":-4.8,""steady"":true}"
6.657,left_hand,og,acc,341717,"{""seq"":321,""x_mg"":116,""y_mg"":-160,""z_mg"":1052}"
6.657,left_hand,og,tilt,,"{""deg"":-5.8,""steady"":true}"
6.688,left_hand,og,acc,341738,"{""seq"":322,""x_mg"":80,""y_mg"":-228,""z_mg"":1096}"
6.688,left_hand,og,tilt,,"{""deg"":-6.3,""steady"":true}"
6.719,left_hand,og,acc,341759,"{""seq"":323,""x_mg"":68,""y_mg"":-256,""z_mg"":1048}"
6.719,left_hand,og,tilt,,"{""deg"":-6.8,""steady"":true}"
6.719,left_hand,og,acc,341779,"{""seq"":324,""x_mg"":76,""y_mg"":-268,""z_mg"":1052}"
6.719,left_hand,og,tilt,,"{""deg"":-7.3,""steady"":true}"
6.735,left_hand,og,acc,341800,"{""seq"":325,""x_mg"":100,""y_mg"":-292,""z_mg"":1064}"
6.735,left_hand,og,tilt,,"{""deg"":-7.8,""steady"":true}"
6.750,left_hand,og,acc,341820,"{""seq"":326,""x_mg"":104,""y_mg"":-252,""z_mg"":948}"
6.750,left_hand,og,tilt,,"{""deg"":-8.3,""steady"":true}"
6.782,left_hand,og,acc,341841,"{""seq"":327,""x_mg"":112,""y_mg"":-220,""z_mg"":828}"
6.782,left_hand,og,tilt,,"{""deg"":-8.8,""steady"":true}"
6.813,left_hand,og,acc,341861,"{""seq"":328,""x_mg"":124,""y_mg"":-192,""z_mg"":888}"
6.813,left_hand,og,tilt,,"{""deg"":-9.3,""steady"":true}"
6.844,left_hand,og,acc,341882,"{""seq"":329,""x_mg"":128,""y_mg"":-176,""z_mg"":916}"
6.844,left_hand,og,tilt,,"{""deg"":-9.7,""steady"":true}"
6.844,left_hand,og,acc,341903,"{""seq"":330,""x_mg"":124,""y_mg"":-184,""z_mg"":912}"
6.844,left_hand,og,tilt,,"{""deg"":-9.7,""steady"":true}"
6.860,left_hand,og,acc,341923,"{""seq"":331,""x_mg"":120,""y_mg"":-200,""z_mg"":940}"
6.860,left_hand,og,tilt,,"{""deg"":-9.7,""steady"":true}"
6.891,left_hand,og,acc,341944,"{""seq"":332,""x_mg"":108,""y_mg"":-228,""z_mg"":988}"
6.891,left_hand,og,tilt,,"{""deg"":-9.7,""steady"":true}"
6.907,left_hand,og,acc,341964,"{""seq"":333,""x_mg"":92,""y_mg"":-260,""z_mg"":1020}"
6.907,left_hand,og,tilt,,"{""deg"":-9.7,""steady"":true}"
6.938,left_hand,og,acc,341985,"{""seq"":334,""x_mg"":92,""y_mg"":-236,""z_mg"":988}"
6.938,left_hand,og,tilt,,"{""deg"":-9.8,""steady"":true}"
6.954,left_hand,og,acc,342005,"{""seq"":335,""x_mg"":76,""y_mg"":-180,""z_mg"":1024}"
6.954,left_hand,og,tilt,,"{""deg"":-9.9,""steady"":true}"
6.969,,game,catch,,"{""n"":1,""speed"":0.36}"
6.969,left_hand,og,acc,342026,"{""seq"":336,""x_mg"":76,""y_mg"":-164,""z_mg"":1028}"
6.969,left_hand,og,tilt,,"{""deg"":-10.0,""steady"":true}"
7.000,left_hand,og,acc,342047,"{""seq"":337,""x_mg"":92,""y_mg"":-176,""z_mg"":980}"
7.000,left_hand,og,tilt,,"{""deg"":-9.7,""steady"":true}"
7.000,left_hand,og,acc,342067,"{""seq"":338,""x_mg"":88,""y_mg"":-160,""z_mg"":928}"
7.000,left_hand,og,tilt,,"{""deg"":-9.5,""steady"":true}"
7.016,left_hand,og,acc,342088,"{""seq"":339,""x_mg"":88,""y_mg"":-140,""z_mg"":952}"
7.016,left_hand,og,tilt,,"{""deg"":-9.3,""steady"":true}"
7.047,left_hand,og,acc,342108,"{""seq"":340,""x_mg"":92,""y_mg"":-148,""z_mg"":976}"
7.047,left_hand,og,tilt,,"{""deg"":-9.0,""steady"":true}"
7.063,left_hand,og,acc,342129,"{""seq"":341,""x_mg"":92,""y_mg"":-180,""z_mg"":996}"
7.063,left_hand,og,tilt,,"{""deg"":-8.8,""steady"":true}"
7.094,left_hand,og,acc,342149,"{""seq"":342,""x_mg"":88,""y_mg"":-176,""z_mg"":1000}"
7.094,left_hand,og,tilt,,"{""deg"":-8.6,""steady"":true}"
7.110,left_hand,og,acc,342170,"{""seq"":343,""x_mg"":88,""y_mg"":-140,""z_mg"":984}"
7.110,left_hand,og,tilt,,"{""deg"":-8.3,""steady"":true}"
7.125,left_hand,og,acc,342191,"{""seq"":344,""x_mg"":68,""y_mg"":-156,""z_mg"":992}"
7.125,left_hand,og,tilt,,"{""deg"":-8.1,""steady"":true}"
7.141,left_hand,og,acc,342211,"{""seq"":345,""x_mg"":44,""y_mg"":-164,""z_mg"":992}"
7.141,left_hand,og,tilt,,"{""deg"":-8.0,""steady"":true}"
7.172,left_hand,og,acc,342232,"{""seq"":346,""x_mg"":48,""y_mg"":-144,""z_mg"":968}"
7.172,left_hand,og,tilt,,"{""deg"":-7.8,""steady"":true}"
7.188,left_hand,og,acc,342252,"{""seq"":347,""x_mg"":72,""y_mg"":-132,""z_mg"":964}"
7.188,left_hand,og,tilt,,"{""deg"":-7.6,""steady"":true}"
7.219,left_hand,og,acc,342273,"{""seq"":348,""x_mg"":84,""y_mg"":-128,""z_mg"":956}"
7.219,left_hand,og,tilt,,"{""deg"":-7.5,""steady"":true}"
7.250,left_hand,og,acc,342293,"{""seq"":349,""x_mg"":72,""y_mg"":-144,""z_mg"":984}"
7.250,left_hand,og,tilt,,"{""deg"":-7.3,""steady"":true}"
7.250,left_hand,og,acc,342314,"{""seq"":350,""x_mg"":84,""y_mg"":-136,""z_mg"":1028}"
7.250,left_hand,og,tilt,,"{""deg"":-7.1,""steady"":true}"
7.282,left_hand,og,acc,342334,"{""seq"":351,""x_mg"":92,""y_mg"":-132,""z_mg"":992}"
7.282,left_hand,og,tilt,,"{""deg"":-6.9,""steady"":true}"
7.297,left_hand,og,acc,342355,"{""seq"":352,""x_mg"":84,""y_mg"":-148,""z_mg"":968}"
7.297,left_hand,og,tilt,,"{""deg"":-6.7,""steady"":true}"
7.329,left_hand,og,acc,342376,"{""seq"":353,""x_mg"":76,""y_mg"":-156,""z_mg"":972}"
7.329,left_hand,og,tilt,,"{""deg"":-6.6,""steady"":true}"
7.329,left_hand,og,acc,342396,"{""seq"":354,""x_mg"":80,""y_mg"":-144,""z_mg"":992}"
7.329,left_hand,og,tilt,,"{""deg"":-6.5,""steady"":true}"
7.360,left_hand,og,acc,342417,"{""seq"":355,""x_mg"":80,""y_mg"":-156,""z_mg"":992}"
7.360,left_hand,og,tilt,,"{""deg"":-6.5,""steady"":true}"
7.391,left_hand,og,acc,342437,"{""seq"":356,""x_mg"":76,""y_mg"":-196,""z_mg"":972}"
7.391,left_hand,og,tilt,,"{""deg"":-6.5,""steady"":true}"
7.422,left_hand,og,acc,342458,"{""seq"":357,""x_mg"":80,""y_mg"":-204,""z_mg"":964}"
7.422,left_hand,og,tilt,,"{""deg"":-6.6,""steady"":true}"
7.422,left_hand,og,acc,342478,"{""seq"":358,""x_mg"":92,""y_mg"":-200,""z_mg"":972}"
7.422,left_hand,og,tilt,,"{""deg"":-6.9,""steady"":true}"
7.454,left_hand,og,acc,342499,"{""seq"":359,""x_mg"":80,""y_mg"":-168,""z_mg"":968}"
7.454,left_hand,og,tilt,,"{""deg"":-7.1,""steady"":true}"
7.454,left_hand,og,acc,342520,"{""seq"":360,""x_mg"":76,""y_mg"":-140,""z_mg"":996}"
7.454,left_hand,og,tilt,,"{""deg"":-7.4,""steady"":true}"
7.485,left_hand,og,acc,342540,"{""seq"":361,""x_mg"":84,""y_mg"":-168,""z_mg"":992}"
7.485,left_hand,og,tilt,,"{""deg"":-7.4,""steady"":true}"
7.500,left_hand,og,acc,342561,"{""seq"":362,""x_mg"":88,""y_mg"":-180,""z_mg"":972}"
7.500,left_hand,og,tilt,,"{""deg"":-7.4,""steady"":true}"
7.532,left_hand,og,acc,342581,"{""seq"":363,""x_mg"":84,""y_mg"":-180,""z_mg"":988}"
7.532,left_hand,og,tilt,,"{""deg"":-7.4,""steady"":true}"
7.563,left_hand,og,acc,342602,"{""seq"":364,""x_mg"":88,""y_mg"":-176,""z_mg"":952}"
7.563,left_hand,og,tilt,,"{""deg"":-7.5,""steady"":true}"
7.563,left_hand,og,acc,342622,"{""seq"":365,""x_mg"":76,""y_mg"":-172,""z_mg"":1016}"
7.563,left_hand,og,tilt,,"{""deg"":-7.6,""steady"":true}"
7.594,left_hand,og,acc,342643,"{""seq"":366,""x_mg"":56,""y_mg"":-132,""z_mg"":1008}"
7.594,left_hand,og,tilt,,"{""deg"":-7.6,""steady"":true}"
7.625,left_hand,og,acc,342664,"{""seq"":367,""x_mg"":80,""y_mg"":-112,""z_mg"":948}"
7.625,left_hand,og,tilt,,"{""deg"":-7.6,""steady"":true}"
7.625,left_hand,og,acc,342684,"{""seq"":368,""x_mg"":88,""y_mg"":-140,""z_mg"":952}"
7.625,left_hand,og,tilt,,"{""deg"":-7.4,""steady"":true}"
7.641,left_hand,og,acc,342705,"{""seq"":369,""x_mg"":76,""y_mg"":-168,""z_mg"":960}"
7.641,left_hand,og,tilt,,"{""deg"":-7.2,""steady"":true}"
7.657,left_hand,og,acc,342725,"{""seq"":370,""x_mg"":80,""y_mg"":-164,""z_mg"":980}"
7.657,left_hand,og,tilt,,"{""deg"":-7.1,""steady"":true}"
7.688,left_hand,og,acc,342746,"{""seq"":371,""x_mg"":76,""y_mg"":-160,""z_mg"":1000}"
7.688,left_hand,og,tilt,,"{""deg"":-7.1,""steady"":true}"
7.719,left_hand,og,acc,342766,"{""seq"":372,""x_mg"":68,""y_mg"":-184,""z_mg"":1012}"
7.719,left_hand,og,tilt,,"{""deg"":-7.1,""steady"":true}"
7.735,left_hand,og,acc,342787,"{""seq"":373,""x_mg"":68,""y_mg"":-180,""z_mg"":980}"
7.735,left_hand,og,tilt,,"{""deg"":-7.1,""steady"":true}"
7.750,left_hand,og,acc,342807,"{""seq"":374,""x_mg"":68,""y_mg"":-164,""z_mg"":980}"
7.750,left_hand,og,tilt,,"{""deg"":-7.1,""steady"":true}"
7.782,left_hand,og,acc,342828,"{""seq"":375,""x_mg"":72,""y_mg"":-168,""z_mg"":968}"
7.782,left_hand,og,tilt,,"{""deg"":-7.2,""steady"":true}"
7.782,left_hand,og,acc,342849,"{""seq"":376,""x_mg"":76,""y_mg"":-176,""z_mg"":960}"
7.782,left_hand,og,tilt,,"{""deg"":-7.3,""steady"":true}"
7.829,left_hand,og,acc,342869,"{""seq"":377,""x_mg"":80,""y_mg"":-184,""z_mg"":956}"
7.829,left_hand,og,tilt,,"{""deg"":-7.4,""steady"":true}"
7.829,left_hand,og,acc,342890,"{""seq"":378,""x_mg"":92,""y_mg"":-164,""z_mg"":956}"
7.829,left_hand,og,tilt,,"{""deg"":-7.4,""steady"":true}"
7.860,left_hand,og,acc,342910,"{""seq"":379,""x_mg"":76,""y_mg"":-152,""z_mg"":976}"
7.860,left_hand,og,tilt,,"{""deg"":-7.4,""steady"":true}"
7.860,left_hand,og,acc,342931,"{""seq"":380,""x_mg"":76,""y_mg"":-160,""z_mg"":1012}"
7.860,left_hand,og,tilt,,"{""deg"":-7.4,""steady"":true}"
7.891,left_hand,og,acc,342951,"{""seq"":381,""x_mg"":68,""y_mg"":-152,""z_mg"":1016}"
7.891,left_hand,og,tilt,,"{""deg"":-7.3,""steady"":true}"
7.922,left_hand,og,acc,342972,"{""seq"":382,""x_mg"":64,""y_mg"":-172,""z_mg"":1024}"
7.922,left_hand,og,tilt,,"{""deg"":-7.2,""steady"":true}"
7.922,left_hand,og,acc,342993,"{""seq"":383,""x_mg"":68,""y_mg"":-184,""z_mg"":1008}"
7.922,left_hand,og,tilt,,"{""deg"":-7.2,""steady"":true}"
7.969,left_hand,og,acc,343013,"{""seq"":384,""x_mg"":72,""y_mg"":-152,""z_mg"":976}"
7.969,left_hand,og,tilt,,"{""deg"":-7.1,""steady"":true}"
8.000,left_hand,og,acc,343034,"{""seq"":385,""x_mg"":88,""y_mg"":-156,""z_mg"":944}"
8.000,left_hand,og,tilt,,"{""deg"":-7.1,""steady"":true}"
8.000,left_hand,og,acc,343054,"{""seq"":386,""x_mg"":72,""y_mg"":-156,""z_mg"":964}"
8.000,left_hand,og,tilt,,"{""deg"":-7.1,""steady"":true}"
8.032,left_hand,og,acc,343075,"{""seq"":387,""x_mg"":72,""y_mg"":-148,""z_mg"":984}"
8.032,left_hand,og,tilt,,"{""deg"":-7.1,""steady"":true}"
8.063,left_hand,og,acc,343095,"{""seq"":388,""x_mg"":76,""y_mg"":-152,""z_mg"":992}"
8.063,left_hand,og,tilt,,"{""deg"":-7.0,""steady"":true}"
8.063,left_hand,og,acc,343116,"{""seq"":389,""x_mg"":100,""y_mg"":-152,""z_mg"":980}"
8.063,left_hand,og,tilt,,"{""deg"":-7.0,""steady"":true}"
8.094,left_hand,og,acc,343137,"{""seq"":390,""x_mg"":96,""y_mg"":-160,""z_mg"":964}"
8.094,left_hand,og,tilt,,"{""deg"":-6.9,""steady"":true}"
8.125,left_hand,og,acc,343157,"{""seq"":391,""x_mg"":104,""y_mg"":-172,""z_mg"":952}"
8.125,left_hand,og,tilt,,"{""deg"":-6.9,""steady"":true}"
8.125,left_hand,og,acc,343178,"{""seq"":392,""x_mg"":92,""y_mg"":-172,""z_mg"":964}"
8.125,left_hand,og,tilt,,"{""deg"":-6.9,""steady"":true}"
8.157,left_hand,og,acc,343198,"{""seq"":393,""x_mg"":96,""y_mg"":-164,""z_mg"":976}"
8.157,left_hand,og,tilt,,"{""deg"":-6.9,""steady"":true}"
8.157,left_hand,og,acc,343219,"{""seq"":394,""x_mg"":100,""y_mg"":-164,""z_mg"":988}"
8.157,left_hand,og,tilt,,"{""deg"":-7.0,""steady"":true}"
8.188,left_hand,og,acc,343239,"{""seq"":395,""x_mg"":96,""y_mg"":-168,""z_mg"":988}"
8.188,left_hand,og,tilt,,"{""deg"":-7.0,""steady"":true}"
8.219,left_hand,og,acc,343260,"{""seq"":396,""x_mg"":104,""y_mg"":-184,""z_mg"":976}"
8.219,left_hand,og,tilt,,"{""deg"":-7.0,""steady"":true}"
8.219,left_hand,og,acc,343280,"{""seq"":397,""x_mg"":96,""y_mg"":-208,""z_mg"":944}"
8.219,left_hand,og,tilt,,"{""deg"":-7.1,""steady"":true}"
8.250,left_hand,og,acc,343301,"{""seq"":398,""x_mg"":100,""y_mg"":-188,""z_mg"":956}"
8.250,left_hand,og,tilt,,"{""deg"":-7.2,""steady"":true}"
8.266,left_hand,og,acc,343322,"{""seq"":399,""x_mg"":96,""y_mg"":-172,""z_mg"":948}"
8.266,left_hand,og,tilt,,"{""deg"":-7.4,""steady"":true}"
8.297,left_hand,og,acc,343342,"{""seq"":400,""x_mg"":100,""y_mg"":-204,""z_mg"":988}"
8.297,left_hand,og,tilt,,"{""deg"":-7.5,""steady"":true}"
8.297,left_hand,og,acc,343363,"{""seq"":401,""x_mg"":76,""y_mg"":-204,""z_mg"":1008}"
8.297,left_hand,og,tilt,,"{""deg"":-7.7,""steady"":true}"
8.313,left_hand,og,acc,343383,"{""seq"":402,""x_mg"":92,""y_mg"":-200,""z_mg"":992}"
8.313,left_hand,og,tilt,,"{""deg"":-7.9,""steady"":true}"
8.344,left_hand,og,acc,343404,"{""seq"":403,""x_mg"":84,""y_mg"":-184,""z_mg"":980}"
8.344,left_hand,og,tilt,,"{""deg"":-8.0,""steady"":true}"
8.375,left_hand,og,acc,343424,"{""seq"":404,""x_mg"":88,""y_mg"":-184,""z_mg"":984}"
8.375,left_hand,og,tilt,,"{""deg"":-8.2,""steady"":true}"
8.407,left_hand,og,acc,343445,"{""seq"":405,""x_mg"":92,""y_mg"":-184,""z_mg"":976}"
8.407,left_hand,og,tilt,,"{""deg"":-8.2,""steady"":true}"
8.407,left_hand,og,acc,343466,"{""seq"":406,""x_mg"":92,""y_mg"":-176,""z_mg"":968}"
8.407,left_hand,og,tilt,,"{""deg"":-8.2,""steady"":true}"
8.438,left_hand,og,acc,343486,"{""seq"":407,""x_mg"":100,""y_mg"":-192,""z_mg"":964}"
8.438,left_hand,og,tilt,,"{""deg"":-8.2,""steady"":true}"
8.438,left_hand,og,acc,343507,"{""seq"":408,""x_mg"":96,""y_mg"":-180,""z_mg"":980}"
8.438,left_hand,og,tilt,,"{""deg"":-8.2,""steady"":true}"
8.469,left_hand,og,acc,343527,"{""seq"":409,""x_mg"":104,""y_mg"":-180,""z_mg"":972}"
8.469,left_hand,og,tilt,,"{""deg"":-8.2,""steady"":true}"
8.500,left_hand,og,acc,343548,"{""seq"":410,""x_mg"":96,""y_mg"":-168,""z_mg"":972}"
8.500,left_hand,og,tilt,,"{""deg"":-8.2,""steady"":true}"
8.500,left_hand,og,acc,343568,"{""seq"":411,""x_mg"":100,""y_mg"":-156,""z_mg"":984}"
8.500,left_hand,og,tilt,,"{""deg"":-8.2,""steady"":true}"
8.532,left_hand,og,acc,343589,"{""seq"":412,""x_mg"":88,""y_mg"":-168,""z_mg"":976}"
8.532,left_hand,og,tilt,,"{""deg"":-8.1,""steady"":true}"
8.563,left_hand,og,acc,343610,"{""seq"":413,""x_mg"":92,""y_mg"":-176,""z_mg"":988}"
8.563,left_hand,og,tilt,,"{""deg"":-8.0,""steady"":true}"
8.563,left_hand,og,acc,343630,"{""seq"":414,""x_mg"":96,""y_mg"":-204,""z_mg"":968}"
8.563,left_hand,og,tilt,,"{""deg"":-8.0,""steady"":true}"
8.594,left_hand,og,acc,343651,"{""seq"":415,""x_mg"":92,""y_mg"":-176,""z_mg"":976}"
8.594,left_hand,og,tilt,,"{""deg"":-8.0,""steady"":true}"
8.625,,game,miss,,"{""n"":3,""speed"":0.33}"
8.625,left_hand,og,acc,343671,"{""seq"":416,""x_mg"":96,""y_mg"":-132,""z_mg"":988}"
8.625,left_hand,og,tilt,,"{""deg"":-7.9,""steady"":true}"
8.625,left_hand,og,acc,343692,"{""seq"":417,""x_mg"":92,""y_mg"":-120,""z_mg"":976}"
8.625,left_hand,og,tilt,,"{""deg"":-7.9,""steady"":true}"
8.672,left_hand,og,acc,343712,"{""seq"":418,""x_mg"":96,""y_mg"":-140,""z_mg"":964}"
8.672,left_hand,og,tilt,,"{""deg"":-7.7,""steady"":true}"
8.704,left_hand,og,acc,343733,"{""seq"":419,""x_mg"":96,""y_mg"":-168,""z_mg"":968}"
8.704,left_hand,og,tilt,,"{""deg"":-7.5,""steady"":true}"
8.704,left_hand,og,acc,343753,"{""seq"":420,""x_mg"":92,""y_mg"":-164,""z_mg"":972}"
8.704,left_hand,og,tilt,,"{""deg"":-7.3,""steady"":true}"
8.735,left_hand,og,acc,343774,"{""seq"":421,""x_mg"":92,""y_mg"":-140,""z_mg"":980}"
8.735,left_hand,og,tilt,,"{""deg"":-7.1,""steady"":true}"
8.735,left_hand,og,acc,343795,"{""seq"":422,""x_mg"":92,""y_mg"":-144,""z_mg"":992}"
8.735,left_hand,og,tilt,,"{""deg"":-7.0,""steady"":true}"
8.766,left_hand,og,acc,343815,"{""seq"":423,""x_mg"":76,""y_mg"":-168,""z_mg"":980}"
8.766,left_hand,og,tilt,,"{""deg"":-7.0,""steady"":true}"
8.797,left_hand,og,acc,343836,"{""seq"":424,""x_mg"":88,""y_mg"":-140,""z_mg"":988}"
8.797,left_hand,og,tilt,,"{""deg"":-6.9,""steady"":true}"
8.797,left_hand,og,acc,343856,"{""seq"":425,""x_mg"":80,""y_mg"":-116,""z_mg"":996}"
8.797,left_hand,og,tilt,,"{""deg"":-6.8,""steady"":true}"
8.829,left_hand,og,acc,343877,"{""seq"":426,""x_mg"":76,""y_mg"":-112,""z_mg"":1000}"
8.829,left_hand,og,tilt,,"{""deg"":-6.6,""steady"":true}"
8.860,left_hand,og,acc,343897,"{""seq"":427,""x_mg"":84,""y_mg"":-128,""z_mg"":976}"
8.860,left_hand,og,tilt,,"{""deg"":-6.5,""steady"":true}"
8.860,left_hand,og,acc,343918,"{""seq"":428,""x_mg"":76,""y_mg"":-164,""z_mg"":992}"
8.860,left_hand,og,tilt,,"{""deg"":-6.3,""steady"":true}"
8.891,left_hand,og,acc,343939,"{""seq"":429,""x_mg"":84,""y_mg"":-180,""z_mg"":984}"
8.891,left_hand,og,tilt,,"{""deg"":-6.2,""steady"":true}"
8.922,left_hand,og,acc,343959,"{""seq"":430,""x_mg"":104,""y_mg"":-260,""z_mg"":1012}"
8.922,left_hand,og,tilt,,"{""deg"":-6.3,""steady"":true}"
8.922,left_hand,og,acc,343980,"{""seq"":431,""x_mg"":84,""y_mg"":-200,""z_mg"":992}"
8.922,left_hand,og,tilt,,"{""deg"":-6.5,""steady"":true}"
8.954,left_hand,og,acc,344000,"{""seq"":432,""x_mg"":64,""y_mg"":28,""z_mg"":960}"
8.954,left_hand,og,tilt,,"{""deg"":-6.7,""steady"":true}"
8.969,left_hand,og,acc,344021,"{""seq"":433,""x_mg"":64,""y_mg"":264,""z_mg"":968}"
8.969,left_hand,og,tilt,,"{""deg"":-6.8,""steady"":true}"
9.000,left_hand,og,acc,344041,"{""seq"":434,""x_mg"":68,""y_mg"":148,""z_mg"":1044}"
9.000,left_hand,og,tilt,,"{""deg"":-5.5,""steady"":true}"
9.000,left_hand,og,acc,344062,"{""seq"":435,""x_mg"":76,""y_mg"":-8,""z_mg"":936}"
9.000,left_hand,og,tilt,,"{""deg"":-4.4,""steady"":true}"
9.032,left_hand,og,acc,344083,"{""seq"":436,""x_mg"":64,""y_mg"":144,""z_mg"":840}"
9.032,left_hand,og,tilt,,"{""deg"":-2.6,""steady"":true}"
9.063,left_hand,og,acc,344103,"{""seq"":437,""x_mg"":44,""y_mg"":480,""z_mg"":840}"
9.063,left_hand,og,tilt,,"{""deg"":-0.9,""steady"":true}"
9.063,left_hand,og,acc,344124,"{""seq"":438,""x_mg"":36,""y_mg"":776,""z_mg"":864}"
9.063,left_hand,og,tilt,,"{""deg"":0.7,""steady"":true}"
9.094,left_hand,og,acc,344144,"{""seq"":439,""x_mg"":36,""y_mg"":752,""z_mg"":860}"
9.094,left_hand,og,tilt,,"{""deg"":4.4,""steady"":true}"
9.125,left_hand,og,acc,344165,"{""seq"":440,""x_mg"":76,""y_mg"":496,""z_mg"":836}"
9.125,left_hand,og,tilt,,"{""deg"":7.9,""steady"":true}"
9.125,left_hand,og,acc,344185,"{""seq"":441,""x_mg"":100,""y_mg"":276,""z_mg"":840}"
9.125,left_hand,og,tilt,,"{""deg"":10.9,""steady"":true}"
9.157,left_hand,og,acc,344206,"{""seq"":442,""x_mg"":88,""y_mg"":240,""z_mg"":868}"
9.157,left_hand,og,tilt,,"{""deg"":13.5,""steady"":true}"
9.172,left_hand,og,acc,344226,"{""seq"":443,""x_mg"":92,""y_mg"":300,""z_mg"":908}"
9.172,left_hand,og,tilt,,"{""deg"":14.4,""steady"":true}"
9.204,left_hand,og,acc,344247,"{""seq"":444,""x_mg"":100,""y_mg"":360,""z_mg"":924}"
9.204,left_hand,og,tilt,,"{""deg"":15.1,""steady"":true}"
9.204,left_hand,og,acc,344268,"{""seq"":445,""x_mg"":96,""y_mg"":204,""z_mg"":956}"
9.204,left_hand,og,tilt,,"{""deg"":15.8,""steady"":true}"
9.235,left_hand,og,acc,344288,"{""seq"":446,""x_mg"":100,""y_mg"":-8,""z_mg"":948}"
9.235,left_hand,og,tilt,,"{""deg"":16.0,""steady"":true}"
9.266,left_hand,og,acc,344309,"{""seq"":447,""x_mg"":72,""y_mg"":-196,""z_mg"":980}"
9.266,left_hand,og,tilt,,"{""deg"":15.8,""steady"":true}"
9.266,left_hand,og,acc,344329,"{""seq"":448,""x_mg"":60,""y_mg"":-204,""z_mg"":1016}"
9.266,left_hand,og,tilt,,"{""deg"":14.1,""steady"":true}"
9.297,left_hand,og,acc,344350,"{""seq"":449,""x_mg"":100,""y_mg"":-300,""z_mg"":1056}"
9.297,left_hand,og,tilt,,"{""deg"":11.4,""steady"":true}"
9.297,left_hand,og,acc,344370,"{""seq"":450,""x_mg"":100,""y_mg"":-360,""z_mg"":1016}"
9.297,left_hand,og,tilt,,"{""deg"":8.9,""steady"":true}"
9.344,left_hand,og,acc,344391,"{""seq"":451,""x_mg"":104,""y_mg"":-284,""z_mg"":976}"
9.344,left_hand,og,tilt,,"{""deg"":6.2,""steady"":true}"
9.360,left_hand,og,acc,344412,"{""seq"":452,""x_mg"":112,""y_mg"":-228,""z_mg"":948}"
9.360,left_hand,og,tilt,,"{""deg"":3.8,""steady"":true}"
9.391,left_hand,og,acc,344432,"{""seq"":453,""x_mg"":116,""y_mg"":-228,""z_mg"":956}"
9.391,left_hand,og,tilt,,"{""deg"":1.8,""steady"":true}"
9.422,left_hand,og,acc,344453,"{""seq"":454,""x_mg"":96,""y_mg"":-196,""z_mg"":964}"
9.422,left_hand,og,tilt,,"{""deg"":0.2,""steady"":true}"
9.422,left_hand,og,acc,344473,"{""seq"":455,""x_mg"":104,""y_mg"":-156,""z_mg"":940}"
9.422,left_hand,og,tilt,,"{""deg"":-1.2,""steady"":true}"
9.454,left_hand,og,acc,344494,"{""seq"":456,""x_mg"":128,""y_mg"":-320,""z_mg"":932}"
9.454,left_hand,og,tilt,,"{""deg"":-2.4,""steady"":true}"
9.454,left_hand,og,acc,344514,"{""seq"":457,""x_mg"":140,""y_mg"":-424,""z_mg"":920}"
9.454,left_hand,og,tilt,,"{""deg"":-3.4,""steady"":true}"
9.485,left_hand,og,acc,344535,"{""seq"":458,""x_mg"":140,""y_mg"":-420,""z_mg"":900}"
9.485,left_hand,og,tilt,,"{""deg"":-5.0,""steady"":true}"
9.516,left_hand,og,acc,344555,"{""seq"":459,""x_mg"":140,""y_mg"":-316,""z_mg"":904}"
9.516,left_hand,og,tilt,,"{""deg"":-6.4,""steady"":true}"
9.516,left_hand,og,acc,344576,"{""seq"":460,""x_mg"":136,""y_mg"":-252,""z_mg"":924}"
9.516,left_hand,og,tilt,,"{""deg"":-7.7,""steady"":true}"
9.547,left_hand,og,acc,344597,"{""seq"":461,""x_mg"":112,""y_mg"":-216,""z_mg"":932}"
9.547,left_hand,og,tilt,,"{""deg"":-8.8,""steady"":true}"
9.579,left_hand,og,acc,344617,"{""seq"":462,""x_mg"":132,""y_mg"":-260,""z_mg"":992}"
9.579,left_hand,og,tilt,,"{""deg"":-9.3,""steady"":true}"
9.579,left_hand,og,acc,344638,"{""seq"":463,""x_mg"":152,""y_mg"":-500,""z_mg"":956}"
9.579,left_hand,og,tilt,,"{""deg"":-9.7,""steady"":true}"
9.594,left_hand,og,acc,344658,"{""seq"":464,""x_mg"":140,""y_mg"":-532,""z_mg"":928}"
9.594,left_hand,og,tilt,,"{""deg"":-10.1,""steady"":true}"
9.625,left_hand,og,acc,344679,"{""seq"":465,""x_mg"":144,""y_mg"":-464,""z_mg"":936}"
9.625,left_hand,og,tilt,,"{""deg"":-11.8,""steady"":true}"
9.657,left_hand,og,acc,344699,"{""seq"":466,""x_mg"":116,""y_mg"":-304,""z_mg"":936}"
9.657,left_hand,og,tilt,,"{""deg"":-13.3,""steady"":true}"
9.657,left_hand,og,acc,344720,"{""seq"":467,""x_mg"":124,""y_mg"":-128,""z_mg"":892}"
9.657,left_hand,og,tilt,,"{""deg"":-14.6,""steady"":true}"
9.688,left_hand,og,acc,344741,"{""seq"":468,""x_mg"":144,""y_mg"":32,""z_mg"":908}"
9.688,left_hand,og,tilt,,"{""deg"":-14.7,""steady"":true}"
9.719,left_hand,og,acc,344761,"{""seq"":469,""x_mg"":100,""y_mg"":128,""z_mg"":916}"
9.719,left_hand,og,tilt,,"{""deg"":-13.6,""steady"":true}"
9.719,left_hand,og,acc,344782,"{""seq"":470,""x_mg"":56,""y_mg"":288,""z_mg"":936}"
9.719,left_hand,og,tilt,,"{""deg"":-11.5,""steady"":true}"
9.750,left_hand,og,acc,344802,"{""seq"":471,""x_mg"":52,""y_mg"":448,""z_mg"":960}"
9.750,left_hand,og,tilt,,"{""deg"":-8.9,""steady"":true}"
9.782,left_hand,og,acc,344823,"{""seq"":472,""x_mg"":52,""y_mg"":448,""z_mg"":972}"
9.782,left_hand,og,tilt,,"{""deg"":-5.5,""steady"":true}"
9.782,left_hand,og,acc,344843,"{""seq"":473,""x_mg"":56,""y_mg"":316,""z_mg"":952}"
9.782,left_hand,og,tilt,,"{""deg"":-2.3,""steady"":true}"
9.797,left_hand,og,acc,344864,"{""seq"":474,""x_mg"":48,""y_mg"":216,""z_mg"":964}"
9.797,left_hand,og,tilt,,"{""deg"":0.4,""steady"":true}"
9.829,left_hand,og,acc,344885,"{""seq"":475,""x_mg"":60,""y_mg"":208,""z_mg"":976}"
9.829,left_hand,og,tilt,,"{""deg"":2.9,""steady"":true}"
9.860,left_hand,og,acc,344905,"{""seq"":476,""x_mg"":96,""y_mg"":128,""z_mg"":972}"
9.860,left_hand,og,tilt,,"{""deg"":4.3,""steady"":true}"
9.860,left_hand,og,acc,344926,"{""seq"":477,""x_mg"":116,""y_mg"":-40,""z_mg"":964}"
9.860,left_hand,og,tilt,,"{""deg"":5.5,""steady"":true}"
9.891,left_hand,og,acc,344946,"{""seq"":478,""x_mg"":116,""y_mg"":-172,""z_mg"":948}"
9.891,left_hand,og,tilt,,"{""deg"":6.0,""steady"":true}"
9.922,left_hand,og,acc,344967,"{""seq"":479,""x_mg"":140,""y_mg"":-368,""z_mg"":1000}"
9.922,left_hand,og,tilt,,"{""deg"":5.3,""steady"":true}"
9.922,left_hand,og,acc,344987,"{""seq"":480,""x_mg"":120,""y_mg"":-416,""z_mg"":1000}"
9.922,left_hand,og,tilt,,"{""deg"":3.7,""steady"":true}"
9.954,left_hand,og,acc,345008,"{""seq"":481,""x_mg"":116,""y_mg"":-336,""z_mg"":984}"
9.954,left_hand,og,tilt,,"{""deg"":1.3,""steady"":true}"
9.985,left_hand,og,acc,345028,"{""seq"":482,""x_mg"":128,""y_mg"":-232,""z_mg"":940}"
9.985,left_hand,og,tilt,,"{""deg"":-0.9,""steady"":true}"
9.985,left_hand,og,acc,345049,"{""seq"":483,""x_mg"":128,""y_mg"":-164,""z_mg"":940}"
9.985,left_hand,og,tilt,,"{""deg"":-2.7,""steady"":true}"
10.000,left_hand,og,acc,345070,"{""seq"":484,""x_mg"":116,""y_mg"":-152,""z_mg"":940}"
10.000,left_hand,og,tilt,,"{""deg"":-3.8,""steady"":true}"
10.032,left_hand,og,acc,345090,"{""seq"":485,""x_mg"":124,""y_mg"":-188,""z_mg"":956}"
10.032,left_hand,og,tilt,,"{""deg"":-4.4,""steady"":true}"
10.063,left_hand,og,acc,345111,"{""seq"":486,""x_mg"":144,""y_mg"":-232,""z_mg"":936}"
10.063,left_hand,og,tilt,,"{""deg"":-4.9,""steady"":true}"
10.063,left_hand,og,acc,345131,"{""seq"":487,""x_mg"":132,""y_mg"":-224,""z_mg"":964}"
10.063,left_hand,og,tilt,,"{""deg"":-5.4,""steady"":true}"
10.094,left_hand,og,acc,345152,"{""seq"":488,""x_mg"":128,""y_mg"":-192,""z_mg"":968}"
10.094,left_hand,og,tilt,,"{""deg"":-5.8,""steady"":true}"
10.125,left_hand,og,acc,345172,"{""seq"":489,""x_mg"":132,""y_mg"":-164,""z_mg"":980}"
10.125,left_hand,og,tilt,,"{""deg"":-6.2,""steady"":true}"
10.125,left_hand,og,acc,345193,"{""seq"":490,""x_mg"":108,""y_mg"":-168,""z_mg"":984}"
10.125,left_hand,og,tilt,,"{""deg"":-6.5,""steady"":true}"
10.172,left_hand,og,acc,345214,"{""seq"":491,""x_mg"":92,""y_mg"":-148,""z_mg"":984}"
10.172,left_hand,og,tilt,,"{""deg"":-6.6,""steady"":true}"
10.204,left_hand,og,acc,345234,"{""seq"":492,""x_mg"":72,""y_mg"":-140,""z_mg"":988}"
10.204,left_hand,og,tilt,,"{""deg"":-6.7,""steady"":true}"
10.204,left_hand,og,acc,345255,"{""seq"":493,""x_mg"":72,""y_mg"":-156,""z_mg"":1012}"
10.204,left_hand,og,tilt,,"{""deg"":-6.7,""steady"":true}"
10.235,left_hand,og,acc,345275,"{""seq"":494,""x_mg"":76,""y_mg"":-188,""z_mg"":1004}"
10.235,left_hand,og,tilt,,"{""deg"":-6.6,""steady"":true}"
10.266,left_hand,og,acc,345296,"{""seq"":495,""x_mg"":72,""y_mg"":-176,""z_mg"":996}"
10.266,left_hand,og,tilt,,"{""deg"":-6.6,""steady"":true}"
10.266,left_hand,og,acc,345316,"{""seq"":496,""x_mg"":80,""y_mg"":-180,""z_mg"":1008}"
10.266,left_hand,og,tilt,,"{""deg"":-6.7,""steady"":true}"
10.297,left_hand,og,acc,345337,"{""seq"":497,""x_mg"":68,""y_mg"":-240,""z_mg"":976}"
10.297,left_hand,og,tilt,,"{""deg"":-6.9,""steady"":true}"
10.297,left_hand,og,acc,345358,"{""seq"":498,""x_mg"":68,""y_mg"":-292,""z_mg"":936}"
10.297,left_hand,og,tilt,,"{""deg"":-7.0,""steady"":true}"
10.329,left_hand,og,acc,345378,"{""seq"":499,""x_mg"":104,""y_mg"":-292,""z_mg"":904}"
10.329,left_hand,og,tilt,,"{""deg"":-7.6,""steady"":true}"
10.344,,game,miss,,"{""n"":4,""speed"":0.3}"
10.360,left_hand,og,acc,345399,"{""seq"":500,""x_mg"":108,""y_mg"":-284,""z_mg"":924}"
10.360,left_hand,og,tilt,,"{""deg"":-8.4,""steady"":true}"
10.360,left_hand,og,acc,345419,"{""seq"":501,""x_mg"":116,""y_mg"":-248,""z_mg"":944}"
10.360,left_hand,og,tilt,,"{""deg"":-9.2,""steady"":true}"
10.391,left_hand,og,acc,345440,"{""seq"":502,""x_mg"":112,""y_mg"":-248,""z_mg"":952}"
10.391,left_hand,og,tilt,,"{""deg"":-9.9,""steady"":true}"
10.407,left_hand,og,acc,345460,"{""seq"":503,""x_mg"":100,""y_mg"":-248,""z_mg"":972}"
10.407,left_hand,og,tilt,,"{""deg"":-10.2,""steady"":true}"
10.407,left_hand,og,acc,345481,"{""seq"":504,""x_mg"":100,""y_mg"":-248,""z_mg"":944}"
10.407,left_hand,og,tilt,,"{""deg"":-10.4,""steady"":true}"
10.438,left_hand,og,acc,345502,"{""seq"":505,""x_mg"":136,""y_mg"":-316,""z_mg"":948}"
10.438,left_hand,og,tilt,,"{""deg"":-10.7,""steady"":true}"
10.469,left_hand,og,acc,345522,"{""seq"":506,""x_mg"":40,""y_mg"":-508,""z_mg"":956}"
10.469,left_hand,og,tilt,,"{""deg"":-10.9,""steady"":true}"
10.500,left_hand,og,acc,345543,"{""seq"":507,""x_mg"":152,""y_mg"":-192,""z_mg"":980}"
10.500,left_hand,og,tilt,,"{""deg"":-11.1,""steady"":true}"
10.500,left_hand,og,acc,345563,"{""seq"":508,""x_mg"":76,""y_mg"":-156,""z_mg"":968}"
10.500,left_hand,og,tilt,,"{""deg"":-11.2,""steady"":true}"
10.532,left_hand,og,acc,345584,"{""seq"":509,""x_mg"":88,""y_mg"":-184,""z_mg"":952}"
10.532,left_hand,og,tilt,,"{""deg"":-10.9,""steady"":true}"
10.563,left_hand,og,acc,345604,"{""seq"":510,""x_mg"":108,""y_mg"":-200,""z_mg"":940}"
10.563,left_hand,og,tilt,,"{""deg"":-10.7,""steady"":true}"
10.563,left_hand,og,acc,345625,"{""seq"":511,""x_mg"":76,""y_mg"":-264,""z_mg"":952}"
10.563,left_hand,og,tilt,,"{""deg"":-10.4,""steady"":true}"
10.594,left_hand,og,acc,345645,"{""seq"":512,""x_mg"":132,""y_mg"":-208,""z_mg"":960}"
10.594,left_hand,og,tilt,,"{""deg"":-10.4,""steady"":true}"
10.625,left_hand,og,acc,345666,"{""seq"":513,""x_mg"":112,""y_mg"":-252,""z_mg"":948}"
10.625,left_hand,og,tilt,,"{""deg"":-10.3,""steady"":true}"
10.625,left_hand,og,acc,345687,"{""seq"":514,""x_mg"":80,""y_mg"":-268,""z_mg"":968}"
10.625,left_hand,og,tilt,,"{""deg"":-10.6,""steady"":true}"
10.657,left_hand,og,acc,345707,"{""seq"":515,""x_mg"":116,""y_mg"":-328,""z_mg"":996}"
10.657,left_hand,og,tilt,,"{""deg"":-10.9,""steady"":true}"
10.688,left_hand,og,acc,345728,"{""seq"":516,""x_mg"":148,""y_mg"":-328,""z_mg"":988}"
10.688,left_hand,og,tilt,,"{""deg"":-11.2,""steady"":true}"
10.688,left_hand,og,acc,345748,"{""seq"":517,""x_mg"":112,""y_mg"":-304,""z_mg"":992}"
10.688,left_hand,og,tilt,,"{""deg"":-11.6,""steady"":true}"
10.719,left_hand,og,acc,345769,"{""seq"":518,""x_mg"":44,""y_mg"":-304,""z_mg"":940}"
10.719,left_hand,og,tilt,,"{""deg"":-12.1,""steady"":true}"
10.750,left_hand,og,acc,345789,"{""seq"":519,""x_mg"":124,""y_mg"":-304,""z_mg"":948}"
10.750,left_hand,og,tilt,,"{""deg"":-12.5,""steady"":true}"
10.750,left_hand,og,acc,345810,"{""seq"":520,""x_mg"":128,""y_mg"":-316,""z_mg"":948}"
10.750,left_hand,og,tilt,,"{""deg"":-12.9,""steady"":true}"
10.782,left_hand,og,acc,345831,"{""seq"":521,""x_mg"":132,""y_mg"":-264,""z_mg"":920}"
10.782,left_hand,og,tilt,,"{""deg"":-13.2,""steady"":true}"
10.782,left_hand,og,acc,345851,"{""seq"":522,""x_mg"":72,""y_mg"":-252,""z_mg"":932}"
10.782,left_hand,og,tilt,,"{""deg"":-13.5,""steady"":true}"
10.813,left_hand,og,acc,345872,"{""seq"":523,""x_mg"":84,""y_mg"":-248,""z_mg"":924}"
10.813,left_hand,og,tilt,,"{""deg"":-13.5,""steady"":true}"
10.829,left_hand,og,acc,345892,"{""seq"":524,""x_mg"":96,""y_mg"":-256,""z_mg"":1000}"
10.829,left_hand,og,tilt,,"{""deg"":-13.4,""steady"":true}"
10.860,left_hand,og,acc,345913,"{""seq"":525,""x_mg"":76,""y_mg"":-260,""z_mg"":988}"
10.860,left_hand,og,tilt,,"{""deg"":-13.3,""steady"":true}"
10.891,left_hand,og,acc,345933,"{""seq"":526,""x_mg"":96,""y_mg"":-256,""z_mg"":972}"
10.891,left_hand,og,tilt,,"{""deg"":-13.2,""steady"":true}"
10.891,left_hand,og,acc,345954,"{""seq"":527,""x_mg"":80,""y_mg"":-280,""z_mg"":976}"
10.891,left_hand,og,tilt,,"{""deg"":-13.1,""steady"":true}"
10.938,left_hand,og,acc,345974,"{""seq"":528,""x_mg"":80,""y_mg"":-276,""z_mg"":996}"
10.938,left_hand,og,tilt,,"{""deg"":-13.0,""steady"":true}"
10.938,left_hand,og,acc,345995,"{""seq"":529,""x_mg"":84,""y_mg"":-272,""z_mg"":988}"
10.938,left_hand,og,tilt,,"{""deg"":-13.0,""steady"":true}"
10.969,left_hand,og,acc,346016,"{""seq"":530,""x_mg"":48,""y_mg"":-284,""z_mg"":980}"
10.969,left_hand,og,tilt,,"{""deg"":-13.1,""steady"":true}"
11.000,left_hand,og,acc,346036,"{""seq"":531,""x_mg"":32,""y_mg"":-248,""z_mg"":980}"
11.000,left_hand,og,tilt,,"{""deg"":-13.1,""steady"":true}"
11.000,left_hand,og,acc,346057,"{""seq"":532,""x_mg"":32,""y_mg"":-244,""z_mg"":972}"
11.000,left_hand,og,tilt,,"{""deg"":-13.1,""steady"":true}"
11.016,left_hand,og,acc,346077,"{""seq"":533,""x_mg"":84,""y_mg"":-268,""z_mg"":996}"
11.016,left_hand,og,tilt,,"{""deg"":-13.0,""steady"":true}"
11.047,left_hand,og,acc,346098,"{""seq"":534,""x_mg"":108,""y_mg"":-296,""z_mg"":1000}"
11.047,left_hand,og,tilt,,"{""deg"":-13.0,""steady"":true}"
11.079,left_hand,og,acc,346118,"{""seq"":535,""x_mg"":108,""y_mg"":-284,""z_mg"":1028}"
11.079,left_hand,og,tilt,,"{""deg"":-13.0,""steady"":true}"
11.079,left_hand,og,acc,346139,"{""seq"":536,""x_mg"":104,""y_mg"":-232,""z_mg"":1004}"
11.079,left_hand,og,tilt,,"{""deg"":-12.9,""steady"":true}"
11.110,left_hand,og,acc,346160,"{""seq"":537,""x_mg"":96,""y_mg"":-176,""z_mg"":988}"
11.110,left_hand,og,tilt,,"{""deg"":-12.9,""steady"":true}"
11.141,left_hand,og,acc,346180,"{""seq"":538,""x_mg"":68,""y_mg"":-132,""z_mg"":968}"
11.141,left_hand,og,tilt,,"{""deg"":-12.7,""steady"":true}"
11.141,left_hand,og,acc,346201,"{""seq"":539,""x_mg"":72,""y_mg"":-140,""z_mg"":916}"
11.141,left_hand,og,tilt,,"{""deg"":-12.1,""steady"":true}"
11.172,left_hand,og,acc,346221,"{""seq"":540,""x_mg"":140,""y_mg"":-164,""z_mg"":928}"
11.172,left_hand,og,tilt,,"{""deg"":-11.6,""steady"":true}"
11.204,left_hand,og,acc,346242,"{""seq"":541,""x_mg"":132,""y_mg"":-152,""z_mg"":928}"
11.204,left_hand,og,tilt,,"{""deg"":-11.0,""steady"":true}"
11.204,left_hand,og,acc,346262,"{""seq"":542,""x_mg"":96,""y_mg"":-136,""z_mg"":904}"
11.204,left_hand,og,tilt,,"{""deg"":-10.4,""steady"":true}"
11.219,left_hand,og,acc,346283,"{""seq"":543,""x_mg"":136,""y_mg"":-176,""z_mg"":936}"
11.219,left_hand,og,tilt,,"{""deg"":-10.0,""steady"":true}"
11.250,left_hand,og,acc,346304,"{""seq"":544,""x_mg"":128,""y_mg"":-228,""z_mg"":932}"
11.250,left_hand,og,tilt,,"{""deg"":-9.8,""steady"":true}"
11.282,left_hand,og,acc,346324,"{""seq"":545,""x_mg"":144,""y_mg"":-236,""z_mg"":956}"
11.282,left_hand,og,tilt,,"{""deg"":-9.6,""steady"":true}"
11.282,left_hand,og,acc,346345,"{""seq"":546,""x_mg"":184,""y_mg"":-252,""z_mg"":984}"
11.282,left_hand,og,tilt,,"{""deg"":-9.8,""steady"":true}"
11.313,left_hand,og,acc,346365,"{""seq"":547,""x_mg"":152,""y_mg"":-248,""z_mg"":948}"
11.313,left_hand,og,tilt,,"{""deg"":-10.0,""steady"":true}"
11.344,left_hand,og,acc,346386,"{""seq"":548,""x_mg"":140,""y_mg"":-216,""z_mg"":968}"
11.344,left_hand,og,tilt,,"{""deg"":-10.2,""steady"":true}"
11.344,left_hand,og,acc,346406,"{""seq"":549,""x_mg"":132,""y_mg"":-204,""z_mg"":968}"
11.344,left_hand,og,tilt,,"{""deg"":-10.4,""steady"":true}"
11.375,left_hand,og,acc,346427,"{""seq"":550,""x_mg"":76,""y_mg"":-172,""z_mg"":940}"
11.375,left_hand,og,tilt,,"{""deg"":-10.4,""steady"":true}"
11.407,left_hand,og,acc,346448,"{""seq"":551,""x_mg"":128,""y_mg"":-120,""z_mg"":928}"
11.407,left_hand,og,tilt,,"{""deg"":-10.3,""steady"":true}"
11.407,left_hand,og,button,,"{""color"":""yellow"",""action"":""Left"",""screen"":""play""}"
11.422,left_hand,og,acc,346468,"{""seq"":552,""x_mg"":52,""y_mg"":-312,""z_mg"":944}"
11.422,left_hand,og,tilt,,"{""deg"":-10.2,""steady"":true}"
11.516,left_hand,og,acc,346489,"{""seq"":553,""x_mg"":108,""y_mg"":-228,""z_mg"":964}"
11.516,left_hand,og,tilt,,"{""deg"":-10.1,""steady"":true}"
11.516,left_hand,og,acc,346509,"{""seq"":554,""x_mg"":112,""y_mg"":-160,""z_mg"":940}"
11.516,left_hand,og,tilt,,"{""deg"":-9.9,""steady"":true}"
11.516,left_hand,og,acc,346530,"{""seq"":555,""x_mg"":120,""y_mg"":-224,""z_mg"":944}"
11.516,left_hand,og,tilt,,"{""deg"":-10.0,""steady"":true}"
11.516,left_hand,og,acc,346550,"{""seq"":556,""x_mg"":108,""y_mg"":-216,""z_mg"":948}"
11.516,left_hand,og,tilt,,"{""deg"":-10.1,""steady"":true}"
11.516,left_hand,og,acc,346571,"{""seq"":557,""x_mg"":176,""y_mg"":-232,""z_mg"":960}"
11.516,left_hand,og,tilt,,"{""deg"":-10.2,""steady"":true}"
11.532,left_hand,og,acc,346592,"{""seq"":558,""x_mg"":84,""y_mg"":-208,""z_mg"":988}"
11.532,left_hand,og,tilt,,"{""deg"":-10.3,""steady"":true}"
11.563,left_hand,og,acc,346612,"{""seq"":559,""x_mg"":76,""y_mg"":-264,""z_mg"":1020}"
11.563,left_hand,og,tilt,,"{""deg"":-10.4,""steady"":true}"
11.563,left_hand,og,acc,346633,"{""seq"":560,""x_mg"":96,""y_mg"":-256,""z_mg"":1000}"
11.563,left_hand,og,tilt,,"{""deg"":-10.5,""steady"":true}"
11.594,left_hand,og,acc,346653,"{""seq"":561,""x_mg"":72,""y_mg"":-236,""z_mg"":1004}"
11.594,left_hand,og,tilt,,"{""deg"":-10.6,""steady"":true}"
11.625,left_hand,og,acc,346674,"{""seq"":562,""x_mg"":80,""y_mg"":-232,""z_mg"":1032}"
11.625,left_hand,og,tilt,,"{""deg"":-10.6,""steady"":true}"
11.625,left_hand,og,acc,346694,"{""seq"":563,""x_mg"":76,""y_mg"":-240,""z_mg"":1004}"
11.625,left_hand,og,tilt,,"{""deg"":-10.7,""steady"":true}"
11.672,left_hand,og,acc,346715,"{""seq"":564,""x_mg"":96,""y_mg"":-208,""z_mg"":1000}"
11.672,left_hand,og,tilt,,"{""deg"":-10.7,""steady"":true}"
11.704,left_hand,og,acc,346736,"{""seq"":565,""x_mg"":56,""y_mg"":-452,""z_mg"":1116}"
11.704,left_hand,og,tilt,,"{""deg"":-10.7,""steady"":true}"
11.704,left_hand,og,acc,346756,"{""seq"":566,""x_mg"":36,""y_mg"":-172,""z_mg"":992}"
11.704,left_hand,og,tilt,,"{""deg"":-10.7,""steady"":true}"
11.735,left_hand,og,acc,346777,"{""seq"":567,""x_mg"":96,""y_mg"":-168,""z_mg"":964}"
11.735,left_hand,og,tilt,,"{""deg"":-10.5,""steady"":true}"
11.735,left_hand,og,acc,346797,"{""seq"":568,""x_mg"":132,""y_mg"":-160,""z_mg"":948}"
11.735,left_hand,og,tilt,,"{""deg"":-10.2,""steady"":true}"
11.766,left_hand,og,acc,346818,"{""seq"":569,""x_mg"":116,""y_mg"":-152,""z_mg"":944}"
11.766,left_hand,og,tilt,,"{""deg"":-9.9,""steady"":true}"
11.797,left_hand,og,acc,346838,"{""seq"":570,""x_mg"":116,""y_mg"":-152,""z_mg"":948}"
11.797,left_hand,og,tilt,,"{""deg"":-9.5,""steady"":true}"
11.797,left_hand,og,acc,346859,"{""seq"":571,""x_mg"":144,""y_mg"":-136,""z_mg"":932}"
11.797,left_hand,og,tilt,,"{""deg"":-9.2,""steady"":true}"
11.829,left_hand,og,acc,346880,"{""seq"":572,""x_mg"":132,""y_mg"":-172,""z_mg"":940}"
11.829,left_hand,og,tilt,,"{""deg"":-8.9,""steady"":true}"
11.860,left_hand,og,acc,346900,"{""seq"":573,""x_mg"":132,""y_mg"":-196,""z_mg"":944}"
11.860,left_hand,og,tilt,,"{""deg"":-8.7,""steady"":true}"
11.860,left_hand,og,acc,346921,"{""seq"":574,""x_mg"":144,""y_mg"":-204,""z_mg"":968}"
11.860,left_hand,og,tilt,,"{""deg"":-8.6,""steady"":true}"
11.891,left_hand,og,acc,346941,"{""seq"":575,""x_mg"":128,""y_mg"":-212,""z_mg"":972}"
11.891,left_hand,og,tilt,,"{""deg"":-8.7,""steady"":true}"
11.922,left_hand,og,acc,346962,"{""seq"":576,""x_mg"":112,""y_mg"":-192,""z_mg"":992}"
11.922,left_hand,og,tilt,,"{""deg"":-8.8,""steady"":true}"
11.922,left_hand,og,acc,346982,"{""seq"":577,""x_mg"":112,""y_mg"":-188,""z_mg"":996}"
11.922,left_hand,og,tilt,,"{""deg"":-8.9,""steady"":true}"
11.954,left_hand,og,acc,347003,"{""seq"":578,""x_mg"":124,""y_mg"":-204,""z_mg"":988}"
11.954,left_hand,og,tilt,,"{""deg"":-8.9,""steady"":true}"
11.954,left_hand,og,acc,347023,"{""seq"":579,""x_mg"":112,""y_mg"":-200,""z_mg"":980}"
11.954,left_hand,og,tilt,,"{""deg"":-9.0,""steady"":true}"
11.985,left_hand,og,acc,347044,"{""seq"":580,""x_mg"":108,""y_mg"":-192,""z_mg"":980}"
11.985,left_hand,og,tilt,,"{""deg"":-8.9,""steady"":true}"
12.016,left_hand,og,acc,347065,"{""seq"":581,""x_mg"":108,""y_mg"":-200,""z_mg"":968}"
12.016,left_hand,og,tilt,,"{""deg"":-9.0,""steady"":true}"
12.016,left_hand,og,acc,347085,"{""seq"":582,""x_mg"":116,""y_mg"":-196,""z_mg"":964}"
12.016,left_hand,og,tilt,,"{""deg"":-9.0,""steady"":true}"
12.047,left_hand,og,acc,347106,"{""seq"":583,""x_mg"":128,""y_mg"":-204,""z_mg"":960}"
12.047,left_hand,og,tilt,,"{""deg"":-9.0,""steady"":true}"
12.063,left_hand,og,acc,347126,"{""seq"":584,""x_mg"":132,""y_mg"":-196,""z_mg"":956}"
12.063,left_hand,og,tilt,,"{""deg"":-9.1,""steady"":true}"
12.094,left_hand,og,acc,347147,"{""seq"":585,""x_mg"":132,""y_mg"":-208,""z_mg"":940}"
12.094,left_hand,og,tilt,,"{""deg"":-9.1,""steady"":true}"
12.094,left_hand,og,acc,347167,"{""seq"":586,""x_mg"":104,""y_mg"":-204,""z_mg"":952}"
12.094,left_hand,og,tilt,,"{""deg"":-9.2,""steady"":true}"
12.125,left_hand,og,acc,347188,"{""seq"":587,""x_mg"":128,""y_mg"":-216,""z_mg"":972}"
12.125,left_hand,og,tilt,,"{""deg"":-9.2,""steady"":true}"
12.172,left_hand,og,acc,347209,"{""seq"":588,""x_mg"":132,""y_mg"":-208,""z_mg"":972}"
12.172,left_hand,og,tilt,,"{""deg"":-9.3,""steady"":true}"
12.172,left_hand,og,acc,347229,"{""seq"":589,""x_mg"":108,""y_mg"":-224,""z_mg"":956}"
12.172,left_hand,og,tilt,,"{""deg"":-9.4,""steady"":true}"
12.204,left_hand,og,button,,"{""color"":""yellow"",""action"":""Left"",""screen"":""play""}"
12.204,left_hand,og,acc,347250,"{""seq"":590,""x_mg"":128,""y_mg"":-276,""z_mg"":944}"
12.204,left_hand,og,tilt,,"{""deg"":-9.5,""steady"":true}"
12.235,left_hand,og,acc,347270,"{""seq"":591,""x_mg"":124,""y_mg"":-232,""z_mg"":976}"
12.235,left_hand,og,tilt,,"{""deg"":-9.7,""steady"":true}"
12.235,left_hand,og,acc,347291,"{""seq"":592,""x_mg"":64,""y_mg"":-196,""z_mg"":984}"
12.235,left_hand,og,tilt,,"{""deg"":-9.8,""steady"":true}"
12.250,left_hand,og,acc,347312,"{""seq"":593,""x_mg"":76,""y_mg"":-160,""z_mg"":972}"
12.250,left_hand,og,tilt,,"{""deg"":-9.9,""steady"":true}"
12.282,left_hand,og,acc,347332,"{""seq"":594,""x_mg"":96,""y_mg"":-144,""z_mg"":1004}"
12.282,left_hand,og,tilt,,"{""deg"":-9.8,""steady"":true}"
12.313,left_hand,og,acc,347353,"{""seq"":595,""x_mg"":108,""y_mg"":-156,""z_mg"":996}"
12.313,left_hand,og,tilt,,"{""deg"":-9.5,""steady"":true}"
12.313,left_hand,og,acc,347373,"{""seq"":596,""x_mg"":112,""y_mg"":-176,""z_mg"":1012}"
12.313,left_hand,og,tilt,,"{""deg"":-9.2,""steady"":true}"
12.313,,game,catch,,"{""n"":2,""speed"":0.3}"
12.344,left_hand,og,acc,347394,"{""seq"":597,""x_mg"":124,""y_mg"":-184,""z_mg"":1008}"
12.344,left_hand,og,tilt,,"{""deg"":-8.9,""steady"":true}"
12.375,left_hand,og,acc,347414,"{""seq"":598,""x_mg"":116,""y_mg"":-188,""z_mg"":1016}"
12.375,left_hand,og,tilt,,"{""deg"":-8.8,""steady"":true}"
12.375,left_hand,og,acc,347435,"{""seq"":599,""x_mg"":92,""y_mg"":-172,""z_mg"":1004}"
12.375,left_hand,og,tilt,,"{""deg"":-8.6,""steady"":true}"
12.407,left_hand,og,acc,347456,"{""seq"":600,""x_mg"":104,""y_mg"":-176,""z_mg"":984}"
12.407,left_hand,og,tilt,,"{""deg"":-8.5,""steady"":true}"
12.438,left_hand,og,acc,347476,"{""seq"":601,""x_mg"":64,""y_mg"":-160,""z_mg"":988}"
12.438,left_hand,og,tilt,,"{""deg"":-8.4,""steady"":true}"
12.438,left_hand,og,acc,347497,"{""seq"":602,""x_mg"":112,""y_mg"":-168,""z_mg"":948}"
12.438,left_hand,og,tilt,,"{""deg"":-8.4,""steady"":true}"
12.469,left_hand,og,acc,347517,"{""seq"":603,""x_mg"":116,""y_mg"":-176,""z_mg"":940}"
12.469,left_hand,og,tilt,,"{""deg"":-8.3,""steady"":true}"
12.485,left_hand,og,acc,347538,"{""seq"":604,""x_mg"":120,""y_mg"":-184,""z_mg"":956}"
12.485,left_hand,og,tilt,,"{""deg"":-8.2,""steady"":true}"
12.516,left_hand,og,acc,347558,"{""seq"":605,""x_mg"":140,""y_mg"":-184,""z_mg"":968}"
12.516,left_hand,og,tilt,,"{""deg"":-8.2,""steady"":true}"
12.516,left_hand,og,acc,347579,"{""seq"":606,""x_mg"":140,""y_mg"":-220,""z_mg"":972}"
12.516,left_hand,og,tilt,,"{""deg"":-8.3,""steady"":true}"
12.547,left_hand,og,acc,347600,"{""seq"":607,""x_mg"":160,""y_mg"":-256,""z_mg"":956}"
12.547,left_hand,og,tilt,,"{""deg"":-8.3,""steady"":true}"
12.579,left_hand,og,acc,347620,"{""seq"":608,""x_mg"":156,""y_mg"":-332,""z_mg"":976}"
12.579,left_hand,og,tilt,,"{""deg"":-8.6,""steady"":true}"
12.579,left_hand,og,acc,347641,"{""seq"":609,""x_mg"":112,""y_mg"":-360,""z_mg"":1040}"
12.579,left_hand,og,tilt,,"{""deg"":-9.1,""steady"":true}"
12.610,left_hand,og,acc,347661,"{""seq"":610,""x_mg"":112,""y_mg"":-212,""z_mg"":968}"
12.610,left_hand,og,tilt,,"{""deg"":-9.5,""steady"":true}"
12.641,left_hand,og,acc,347682,"{""seq"":611,""x_mg"":104,""y_mg"":36,""z_mg"":808}"
12.641,left_hand,og,tilt,,"{""deg"":-9.9,""steady"":true}"
12.641,left_hand,og,acc,347702,"{""seq"":612,""x_mg"":88,""y_mg"":352,""z_mg"":832}"
12.641,left_hand,og,tilt,,"{""deg"":-9.9,""steady"":true}"
12.672,left_hand,og,acc,347723,"{""seq"":613,""x_mg"":76,""y_mg"":604,""z_mg"":948}"
12.672,left_hand,og,tilt,,"{""deg"":-8.1,""steady"":true}"
12.688,left_hand,og,acc,347744,"{""seq"":614,""x_mg"":120,""y_mg"":396,""z_mg"":908}"
12.688,left_hand,og,tilt,,"{""deg"":-4.1,""steady"":true}"
12.719,left_hand,og,acc,347764,"{""seq"":615,""x_mg"":120,""y_mg"":356,""z_mg"":720}"
12.719,left_hand,og,tilt,,"{""deg"":-0.5,""steady"":true}"
12.719,left_hand,og,acc,347785,"{""seq"":616,""x_mg"":92,""y_mg"":624,""z_mg"":656}"
12.719,left_hand,og,tilt,,"{""deg"":3.0,""steady"":true}"
12.750,left_hand,og,acc,347805,"{""seq"":617,""x_mg"":92,""y_mg"":884,""z_mg"":612}"
12.750,left_hand,og,tilt,,"{""deg"":6.8,""steady"":true}"
12.782,left_hand,og,acc,347826,"{""seq"":618,""x_mg"":92,""y_mg"":852,""z_mg"":564}"
12.782,left_hand,og,tilt,,"{""deg"":11.5,""steady"":true}"
12.782,left_hand,og,acc,347846,"{""seq"":619,""x_mg"":100,""y_mg"":792,""z_mg"":540}"
12.782,left_hand,og,tilt,,"{""deg"":17.0,""steady"":true}"
12.813,left_hand,og,acc,347867,"{""seq"":620,""x_mg"":100,""y_mg"":828,""z_mg"":536}"
12.813,left_hand,og,tilt,,"{""deg"":21.9,""steady"":true}"
12.829,left_hand,og,acc,347887,"{""seq"":621,""x_mg"":112,""y_mg"":884,""z_mg"":480}"
12.829,left_hand,og,tilt,,"{""deg"":26.4,""steady"":true}"
12.875,left_hand,og,acc,347908,"{""seq"":622,""x_mg"":104,""y_mg"":988,""z_mg"":440}"
12.875,left_hand,og,tilt,,"{""deg"":30.3,""steady"":true}"
12.875,left_hand,og,acc,347929,"{""seq"":623,""x_mg"":92,""y_mg"":1160,""z_mg"":464}"
12.875,left_hand,og,tilt,,"{""deg"":34.3,""steady"":true}"
12.907,left_hand,og,acc,347949,"{""seq"":624,""x_mg"":112,""y_mg"":1064,""z_mg"":500}"
12.907,left_hand,og,tilt,,"{""deg"":38.3,""steady"":true}"
12.938,left_hand,og,acc,347970,"{""seq"":625,""x_mg"":124,""y_mg"":772,""z_mg"":548}"
12.938,left_hand,og,tilt,,"{""deg"":41.7,""steady"":true}"
12.938,left_hand,og,acc,347990,"{""seq"":626,""x_mg"":124,""y_mg"":556,""z_mg"":628}"
12.938,left_hand,og,tilt,,"{""deg"":44.8,""steady"":true}"
12.954,left_hand,og,acc,348011,"{""seq"":627,""x_mg"":132,""y_mg"":336,""z_mg"":672}"
12.954,left_hand,og,tilt,,"{""deg"":46.2,""steady"":true}"
12.985,left_hand,og,acc,348031,"{""seq"":628,""x_mg"":164,""y_mg"":88,""z_mg"":760}"
12.985,left_hand,og,tilt,,"{""deg"":46.0,""steady"":true}"
12.985,left_hand,og,acc,348052,"{""seq"":629,""x_mg"":204,""y_mg"":-168,""z_mg"":836}"
12.985,left_hand,og,tilt,,"{""deg"":43.9,""steady"":true}"
13.016,left_hand,og,acc,348073,"{""seq"":630,""x_mg"":192,""y_mg"":-484,""z_mg"":960}"
13.016,left_hand,og,tilt,,"{""deg"":39.7,""steady"":true}"
13.047,left_hand,og,acc,348093,"{""seq"":631,""x_mg"":180,""y_mg"":-636,""z_mg"":988}"
13.047,left_hand,og,tilt,,"{""deg"":33.9,""steady"":true}"
13.047,left_hand,og,acc,348114,"{""seq"":632,""x_mg"":196,""y_mg"":-556,""z_mg"":996}"
13.047,left_hand,og,tilt,,"{""deg"":26.9,""steady"":true}"
13.079,left_hand,og,acc,348134,"{""seq"":633,""x_mg"":160,""y_mg"":-296,""z_mg"":1020}"
13.079,left_hand,og,tilt,,"{""deg"":20.7,""steady"":true}"
13.094,left_hand,og,acc,348155,"{""seq"":634,""x_mg"":120,""y_mg"":0,""z_mg"":988}"
13.094,left_hand,og,tilt,,"{""deg"":15.3,""steady"":true}"
13.125,left_hand,og,acc,348175,"{""seq"":635,""x_mg"":116,""y_mg"":124,""z_mg"":976}"
13.125,left_hand,og,tilt,,"{""deg"":11.8,""steady"":true}"
13.125,left_hand,og,acc,348196,"{""seq"":636,""x_mg"":140,""y_mg"":-4,""z_mg"":968}"
13.125,left_hand,og,tilt,,"{""deg"":10.6,""steady"":true}"
13.157,left_hand,og,acc,348217,"{""seq"":637,""x_mg"":132,""y_mg"":-176,""z_mg"":928}"
13.157,left_hand,og,tilt,,"{""deg"":9.6,""steady"":true}"
13.188,left_hand,og,acc,348237,"{""seq"":638,""x_mg"":132,""y_mg"":-188,""z_mg"":964}"
13.188,left_hand,og,tilt,,"{""deg"":8.7,""steady"":true}"
13.188,left_hand,og,acc,348258,"{""seq"":639,""x_mg"":144,""y_mg"":-128,""z_mg"":1000}"
13.188,left_hand,og,tilt,,"{""deg"":7.1,""steady"":true}"
13.219,left_hand,og,acc,348278,"{""seq"":640,""x_mg"":148,""y_mg"":-84,""z_mg"":988}"
13.219,left_hand,og,tilt,,"{""deg"":5.6,""steady"":true}"
13.266,left_hand,og,acc,348299,"{""seq"":641,""x_mg"":136,""y_mg"":-96,""z_mg"":984}"
13.266,left_hand,og,tilt,,"{""deg"":4.3,""steady"":true}"
13.266,left_hand,og,acc,348319,"{""seq"":642,""x_mg"":136,""y_mg"":-152,""z_mg"":984}"
13.266,left_hand,og,tilt,,"{""deg"":3.2,""steady"":true}"
13.282,left_hand,og,acc,348340,"{""seq"":643,""x_mg"":132,""y_mg"":-172,""z_mg"":972}"
13.282,left_hand,og,tilt,,"{""deg"":2.2,""steady"":true}"
13.313,left_hand,og,acc,348360,"{""seq"":644,""x_mg"":128,""y_mg"":-152,""z_mg"":980}"
13.313,left_hand,og,tilt,,"{""deg"":1.2,""steady"":true}"
13.344,left_hand,og,acc,348381,"{""seq"":645,""x_mg"":136,""y_mg"":-200,""z_mg"":968}"
13.344,left_hand,og,tilt,,"{""deg"":0.3,""steady"":true}"
13.344,left_hand,og,acc,348402,"{""seq"":646,""x_mg"":136,""y_mg"":-256,""z_mg"":964}"
13.344,left_hand,og,tilt,,"{""deg"":-0.7,""steady"":true}"
13.375,left_hand,og,acc,348422,"{""seq"":647,""x_mg"":112,""y_mg"":-224,""z_mg"":972}"
13.375,left_hand,og,tilt,,"{""deg"":-1.7,""steady"":true}"
13.407,left_hand,og,acc,348443,"{""seq"":648,""x_mg"":132,""y_mg"":-208,""z_mg"":936}"
13.407,left_hand,og,tilt,,"{""deg"":-2.8,""steady"":true}"
13.407,left_hand,og,acc,348463,"{""seq"":649,""x_mg"":132,""y_mg"":-260,""z_mg"":960}"
13.407,left_hand,og,tilt,,"{""deg"":-3.7,""steady"":true}"
13.438,left_hand,og,acc,348484,"{""seq"":650,""x_mg"":136,""y_mg"":-288,""z_mg"":968}"
13.438,left_hand,og,tilt,,"{""deg"":-4.8,""steady"":true}"
13.469,left_hand,og,acc,348504,"{""seq"":651,""x_mg"":164,""y_mg"":-260,""z_mg"":960}"
13.469,left_hand,og,tilt,,"{""deg"":-5.7,""steady"":true}"
13.469,left_hand,og,acc,348525,"{""seq"":652,""x_mg"":144,""y_mg"":-244,""z_mg"":948}"
13.469,left_hand,og,tilt,,"{""deg"":-6.6,""steady"":true}"
13.485,left_hand,og,acc,348546,"{""seq"":653,""x_mg"":128,""y_mg"":-332,""z_mg"":956}"
13.485,left_hand,og,tilt,,"{""deg"":-7.3,""steady"":true}"
13.516,left_hand,og,acc,348566,"{""seq"":654,""x_mg"":124,""y_mg"":-352,""z_mg"":956}"
13.516,left_hand,og,tilt,,"{""deg"":-8.2,""steady"":true}"
13.547,left_hand,og,acc,348587,"{""seq"":655,""x_mg"":116,""y_mg"":-328,""z_mg"":964}"
13.547,left_hand,og,tilt,,"{""deg"":-9.2,""steady"":true}"
13.547,left_hand,og,acc,348607,"{""seq"":656,""x_mg"":120,""y_mg"":-292,""z_mg"":988}"
13.547,left_hand,og,tilt,,"{""deg"":-10.0,""steady"":true}"
13.579,left_hand,og,acc,348628,"{""seq"":657,""x_mg"":120,""y_mg"":-268,""z_mg"":960}"
13.579,left_hand,og,tilt,,"{""deg"":-10.8,""steady"":true}"
13.610,left_hand,og,acc,348648,"{""seq"":658,""x_mg"":140,""y_mg"":-256,""z_mg"":952}"
13.610,left_hand,og,tilt,,"{""deg"":-11.2,""steady"":true}"
13.610,left_hand,og,acc,348669,"{""seq"":659,""x_mg"":132,""y_mg"":-268,""z_mg"":956}"
13.610,left_hand,og,tilt,,"{""deg"":-11.5,""steady"":true}"
13.641,left_hand,og,acc,348689,"{""seq"":660,""x_mg"":120,""y_mg"":-416,""z_mg"":940}"
13.641,left_hand,og,tilt,,"{""deg"":-11.7,""steady"":true}"
13.672,left_hand,og,acc,348710,"{""seq"":661,""x_mg"":144,""y_mg"":-328,""z_mg"":972}"
13.672,left_hand,og,tilt,,"{""deg"":-11.9,""steady"":true}"
13.672,left_hand,og,acc,348731,"{""seq"":662,""x_mg"":136,""y_mg"":-296,""z_mg"":956}"
13.672,left_hand,og,tilt,,"{""deg"":-12.3,""steady"":true}"
13.688,left_hand,og,acc,348751,"{""seq"":663,""x_mg"":164,""y_mg"":-316,""z_mg"":932}"
13.688,left_hand,og,tilt,,"{""deg"":-12.7,""steady"":true}"
13.719,left_hand,og,acc,348772,"{""seq"":664,""x_mg"":148,""y_mg"":-272,""z_mg"":936}"
13.719,left_hand,og,tilt,,"{""deg"":-13.2,""steady"":true}"
13.750,left_hand,og,acc,348792,"{""seq"":665,""x_mg"":116,""y_mg"":-268,""z_mg"":916}"
13.750,left_hand,og,tilt,,"{""deg"":-13.4,""steady"":true}"
13.750,left_hand,og,acc,348813,"{""seq"":666,""x_mg"":112,""y_mg"":-300,""z_mg"":932}"
13.750,left_hand,og,tilt,,"{""deg"":-13.6,""steady"":true}"
13.782,left_hand,og,acc,348833,"{""seq"":667,""x_mg"":140,""y_mg"":-316,""z_mg"":936}"
13.782,left_hand,og,tilt,,"{""deg"":-13.8,""steady"":true}"
13.813,left_hand,og,acc,348854,"{""seq"":668,""x_mg"":116,""y_mg"":-292,""z_mg"":940}"
13.813,left_hand,og,tilt,,"{""deg"":-13.9,""steady"":true}"
13.813,left_hand,og,acc,348875,"{""seq"":669,""x_mg"":140,""y_mg"":-276,""z_mg"":948}"
13.813,left_hand,og,tilt,,"{""deg"":-14.1,""steady"":true}"
13.844,left_hand,og,acc,348895,"{""seq"":670,""x_mg"":132,""y_mg"":-312,""z_mg"":972}"
13.844,left_hand,og,tilt,,"{""deg"":-14.2,""steady"":true}"
13.844,left_hand,og,acc,348916,"{""seq"":671,""x_mg"":152,""y_mg"":-320,""z_mg"":968}"
13.844,left_hand,og,tilt,,"{""deg"":-14.4,""steady"":true}"
13.875,left_hand,og,acc,348936,"{""seq"":672,""x_mg"":128,""y_mg"":-272,""z_mg"":956}"
13.875,left_hand,og,tilt,,"{""deg"":-14.4,""steady"":true}"
13.907,left_hand,og,acc,348957,"{""seq"":673,""x_mg"":124,""y_mg"":-300,""z_mg"":968}"
13.907,left_hand,og,tilt,,"{""deg"":-14.5,""steady"":true}"
13.922,left_hand,og,acc,348977,"{""seq"":674,""x_mg"":168,""y_mg"":-344,""z_mg"":944}"
13.922,left_hand,og,tilt,,"{""deg"":-14.6,""steady"":true}"
13.954,left_hand,og,acc,348998,"{""seq"":675,""x_mg"":140,""y_mg"":-284,""z_mg"":936}"
13.954,left_hand,og,tilt,,"{""deg"":-14.7,""steady"":true}"
13.954,left_hand,og,acc,349019,"{""seq"":676,""x_mg"":124,""y_mg"":-272,""z_mg"":944}"
13.954,left_hand,og,tilt,,"{""deg"":-14.6,""steady"":true}"
13.985,left_hand,og,acc,349039,"{""seq"":677,""x_mg"":144,""y_mg"":-296,""z_mg"":948}"
13.985,left_hand,og,tilt,,"{""deg"":-14.7,""steady"":true}"
14.032,left_hand,og,acc,349060,"{""seq"":678,""x_mg"":156,""y_mg"":-288,""z_mg"":936}"
14.032,left_hand,og,tilt,,"{""deg"":-14.7,""steady"":true}"
14.032,left_hand,og,acc,349080,"{""seq"":679,""x_mg"":152,""y_mg"":-252,""z_mg"":920}"
14.032,left_hand,og,tilt,,"{""deg"":-14.7,""steady"":true}"
14.063,left_hand,og,acc,349101,"{""seq"":680,""x_mg"":108,""y_mg"":-240,""z_mg"":928}"
14.063,left_hand,og,tilt,,"{""deg"":-14.6,""steady"":true}"
14.063,left_hand,og,acc,349121,"{""seq"":681,""x_mg"":112,""y_mg"":-276,""z_mg"":964}"
14.063,left_hand,og,tilt,,"{""deg"":-14.5,""steady"":true}"
14.094,left_hand,og,acc,349142,"{""seq"":682,""x_mg"":128,""y_mg"":-288,""z_mg"":972}"
14.094,left_hand,og,tilt,,"{""deg"":-14.4,""steady"":true}"
14.110,left_hand,og,acc,349163,"{""seq"":683,""x_mg"":128,""y_mg"":-316,""z_mg"":988}"
14.110,left_hand,og,tilt,,"{""deg"":-14.3,""steady"":true}"
14.141,left_hand,og,acc,349183,"{""seq"":684,""x_mg"":108,""y_mg"":-308,""z_mg"":992}"
14.141,left_hand,og,tilt,,"{""deg"":-14.3,""steady"":true}"
14.141,left_hand,og,acc,349204,"{""seq"":685,""x_mg"":96,""y_mg"":-292,""z_mg"":984}"
14.141,left_hand,og,tilt,,"{""deg"":-14.3,""steady"":true}"
14.157,,game,miss,,"{""n"":5,""speed"":0.27}"
14.172,left_hand,og,acc,349224,"{""seq"":686,""x_mg"":100,""y_mg"":-276,""z_mg"":972}"
14.172,left_hand,og,tilt,,"{""deg"":-14.3,""steady"":true}"
14.204,left_hand,og,acc,349245,"{""seq"":687,""x_mg"":116,""y_mg"":-276,""z_mg"":964}"
14.204,left_hand,og,tilt,,"{""deg"":-14.3,""steady"":true}"
14.204,left_hand,og,acc,349265,"{""seq"":688,""x_mg"":124,""y_mg"":-284,""z_mg"":968}"
14.204,left_hand,og,tilt,,"{""deg"":-14.2,""steady"":true}"
14.235,left_hand,og,acc,349286,"{""seq"":689,""x_mg"":152,""y_mg"":-320,""z_mg"":960}"
14.235,left_hand,og,tilt,,"{""deg"":-14.2,""steady"":true}"
14.266,left_hand,og,acc,349306,"{""seq"":690,""x_mg"":144,""y_mg"":-308,""z_mg"":944}"
14.266,left_hand,og,tilt,,"{""deg"":-14.2,""steady"":true}"
14.266,left_hand,og,acc,349327,"{""seq"":691,""x_mg"":108,""y_mg"":-288,""z_mg"":924}"
14.266,left_hand,og,tilt,,"{""deg"":-14.3,""steady"":true}"
14.297,left_hand,og,acc,349348,"{""seq"":692,""x_mg"":140,""y_mg"":-320,""z_mg"":932}"
14.297,left_hand,og,tilt,,"{""deg"":-14.5,""steady"":true}"
14.313,left_hand,og,acc,349368,"{""seq"":693,""x_mg"":124,""y_mg"":-292,""z_mg"":920}"
14.313,left_hand,og,tilt,,"{""deg"":-14.6,""steady"":true}"
14.313,left_hand,og,acc,349389,"{""seq"":694,""x_mg"":160,""y_mg"":-312,""z_mg"":916}"
14.313,left_hand,og,tilt,,"{""deg"":-14.8,""steady"":true}"
14.344,left_hand,og,acc,349409,"{""seq"":695,""x_mg"":140,""y_mg"":-304,""z_mg"":932}"
14.344,left_hand,og,tilt,,"{""deg"":-14.9,""steady"":true}"
14.375,left_hand,og,acc,349430,"{""seq"":696,""x_mg"":132,""y_mg"":-308,""z_mg"":940}"
14.375,left_hand,og,tilt,,"{""deg"":-15.0,""steady"":true}"
14.407,left_hand,og,acc,349450,"{""seq"":697,""x_mg"":128,""y_mg"":-300,""z_mg"":924}"
14.407,left_hand,og,tilt,,"{""deg"":-15.1,""steady"":true}"
14.407,left_hand,og,acc,349471,"{""seq"":698,""x_mg"":144,""y_mg"":-304,""z_mg"":940}"
14.407,left_hand,og,tilt,,"{""deg"":-15.2,""steady"":true}"
14.438,left_hand,og,acc,349492,"{""seq"":699,""x_mg"":148,""y_mg"":-340,""z_mg"":944}"
14.438,left_hand,og,tilt,,"{""deg"":-15.2,""steady"":true}"
14.469,left_hand,og,acc,349512,"{""seq"":700,""x_mg"":160,""y_mg"":-288,""z_mg"":960}"
14.469,left_hand,og,tilt,,"{""deg"":-15.3,""steady"":true}"
14.469,left_hand,og,acc,349533,"{""seq"":701,""x_mg"":164,""y_mg"":-312,""z_mg"":980}"
14.469,left_hand,og,tilt,,"{""deg"":-15.3,""steady"":true}"
14.500,left_hand,og,acc,349553,"{""seq"":702,""x_mg"":140,""y_mg"":-324,""z_mg"":956}"
14.500,left_hand,og,tilt,,"{""deg"":-15.4,""steady"":true}"
14.500,left_hand,og,acc,349574,"{""seq"":703,""x_mg"":116,""y_mg"":-320,""z_mg"":952}"
14.500,left_hand,og,tilt,,"{""deg"":-15.5,""steady"":true}"
14.516,left_hand,og,acc,349594,"{""seq"":704,""x_mg"":132,""y_mg"":-284,""z_mg"":940}"
14.516,left_hand,og,tilt,,"{""deg"":-15.5,""steady"":true}"
14.563,left_hand,og,acc,349615,"{""seq"":705,""x_mg"":120,""y_mg"":-332,""z_mg"":936}"
14.563,left_hand,og,tilt,,"{""deg"":-15.6,""steady"":true}"
14.594,left_hand,og,acc,349635,"{""seq"":706,""x_mg"":120,""y_mg"":-332,""z_mg"":904}"
14.594,left_hand,og,tilt,,"{""deg"":-15.7,""steady"":true}"
14.594,left_hand,og,button,,"{""color"":""blue"",""action"":""Right"",""screen"":""play""}"
14.594,left_hand,og,acc,349656,"{""seq"":707,""x_mg"":108,""y_mg"":-392,""z_mg"":924}"
14.594,left_hand,og,tilt,,"{""deg"":-15.8,""steady"":true}"
14.625,left_hand,og,acc,349677,"{""seq"":708,""x_mg"":152,""y_mg"":-400,""z_mg"":936}"
14.625,left_hand,og,tilt,,"{""deg"":-16.1,""steady"":true}"
14.657,left_hand,og,acc,349697,"{""seq"":709,""x_mg"":128,""y_mg"":-384,""z_mg"":948}"
14.657,left_hand,og,tilt,,"{""deg"":-16.5,""steady"":true}"
14.657,left_hand,og,acc,349718,"{""seq"":710,""x_mg"":128,""y_mg"":-368,""z_mg"":964}"
14.657,left_hand,og,tilt,,"{""deg"":-16.9,""steady"":true}"
14.688,left_hand,og,acc,349738,"{""seq"":711,""x_mg"":108,""y_mg"":-364,""z_mg"":948}"
14.688,left_hand,og,tilt,,"{""deg"":-17.3,""steady"":true}"
14.719,left_hand,og,acc,349759,"{""seq"":712,""x_mg"":108,""y_mg"":-344,""z_mg"":944}"
14.719,left_hand,og,tilt,,"{""deg"":-17.4,""steady"":true}"
14.719,left_hand,og,acc,349780,"{""seq"":713,""x_mg"":100,""y_mg"":-320,""z_mg"":920}"
14.719,left_hand,og,tilt,,"{""deg"":-17.6,""steady"":true}"
14.735,left_hand,og,acc,349800,"{""seq"":714,""x_mg"":100,""y_mg"":-296,""z_mg"":940}"
14.735,left_hand,og,tilt,,"{""deg"":-17.6,""steady"":true}"
14.766,left_hand,og,acc,349821,"{""seq"":715,""x_mg"":140,""y_mg"":-332,""z_mg"":964}"
14.766,left_hand,og,tilt,,"{""deg"":-17.5,""steady"":true}"
14.797,left_hand,og,acc,349841,"{""seq"":716,""x_mg"":132,""y_mg"":-352,""z_mg"":936}"
14.797,left_hand,og,tilt,,"{""deg"":-17.4,""steady"":true}"
14.797,left_hand,og,acc,349862,"{""seq"":717,""x_mg"":108,""y_mg"":-328,""z_mg"":944}"
14.797,left_hand,og,tilt,,"{""deg"":-17.4,""steady"":true}"
14.829,left_hand,og,acc,349882,"{""seq"":718,""x_mg"":128,""y_mg"":-312,""z_mg"":920}"
14.829,left_hand,og,tilt,,"{""deg"":-17.3,""steady"":true}"
14.860,left_hand,og,acc,349903,"{""seq"":719,""x_mg"":104,""y_mg"":-288,""z_mg"":936}"
14.860,left_hand,og,tilt,,"{""deg"":-17.2,""steady"":true}"
14.860,left_hand,og,acc,349924,"{""seq"":720,""x_mg"":128,""y_mg"":-288,""z_mg"":936}"
14.860,left_hand,og,tilt,,"{""deg"":-17.1,""steady"":true}"
14.891,left_hand,og,acc,349944,"{""seq"":721,""x_mg"":148,""y_mg"":-328,""z_mg"":900}"
14.891,left_hand,og,tilt,,"{""deg"":-17.0,""steady"":true}"
14.922,left_hand,og,acc,349965,"{""seq"":722,""x_mg"":132,""y_mg"":-324,""z_mg"":896}"
14.922,left_hand,og,tilt,,"{""deg"":-17.0,""steady"":true}"
14.922,left_hand,og,acc,349985,"{""seq"":723,""x_mg"":108,""y_mg"":-308,""z_mg"":940}"
14.922,left_hand,og,tilt,,"{""deg"":-16.8,""steady"":true}"
14.938,left_hand,og,acc,350006,"{""seq"":724,""x_mg"":164,""y_mg"":-248,""z_mg"":960}"
14.938,left_hand,og,tilt,,"{""deg"":-16.7,""steady"":true}"
14.969,left_hand,og,acc,350026,"{""seq"":725,""x_mg"":124,""y_mg"":-296,""z_mg"":932}"
14.969,left_hand,og,tilt,,"{""deg"":-16.6,""steady"":true}"
15.000,left_hand,og,acc,350047,"{""seq"":726,""x_mg"":96,""y_mg"":-288,""z_mg"":948}"
15.000,left_hand,og,tilt,,"{""deg"":-16.4,""steady"":true}"
15.000,left_hand,og,acc,350068,"{""seq"":727,""x_mg"":92,""y_mg"":-248,""z_mg"":968}"
15.000,left_hand,og,tilt,,"{""deg"":-16.2,""steady"":true}"
15.032,left_hand,og,acc,350088,"{""seq"":728,""x_mg"":92,""y_mg"":-216,""z_mg"":1004}"
15.032,left_hand,og,tilt,,"{""deg"":-15.7,""steady"":true}"
15.063,left_hand,og,acc,350109,"{""seq"":729,""x_mg"":72,""y_mg"":-208,""z_mg"":996}"
15.063,left_hand,og,tilt,,"{""deg"":-15.3,""steady"":true}"
15.063,left_hand,og,acc,350129,"{""seq"":730,""x_mg"":60,""y_mg"":-152,""z_mg"":968}"
15.063,left_hand,og,tilt,,"{""deg"":-14.6,""steady"":true}"
15.110,left_hand,og,acc,350150,"{""seq"":731,""x_mg"":64,""y_mg"":-124,""z_mg"":916}"
15.110,left_hand,og,tilt,,"{""deg"":-14.0,""steady"":true}"
15.125,left_hand,og,acc,350170,"{""seq"":732,""x_mg"":44,""y_mg"":-156,""z_mg"":1012}"
15.125,left_hand,og,tilt,,"{""deg"":-13.1,""steady"":true}"
15.125,left_hand,og,acc,350191,"{""seq"":733,""x_mg"":44,""y_mg"":-104,""z_mg"":1076}"
15.125,left_hand,og,tilt,,"{""deg"":-12.3,""steady"":true}"
15.157,left_hand,og,acc,350212,"{""seq"":734,""x_mg"":32,""y_mg"":8,""z_mg"":1012}"
15.157,left_hand,og,tilt,,"{""deg"":-11.5,""steady"":true}"
15.172,left_hand,og,acc,350232,"{""seq"":735,""x_mg"":40,""y_mg"":64,""z_mg"":976}"
15.172,left_hand,og,tilt,,"{""deg"":-10.5,""steady"":true}"
15.204,left_hand,og,acc,350253,"{""seq"":736,""x_mg"":32,""y_mg"":24,""z_mg"":992}"
15.204,left_hand,og,tilt,,"{""deg"":-8.9,""steady"":true}"
15.219,left_hand,og,acc,350273,"{""seq"":737,""x_mg"":16,""y_mg"":4,""z_mg"":1004}"
15.219,left_hand,og,tilt,,"{""deg"":-7.5,""steady"":true}"
15.235,left_hand,og,acc,350294,"{""seq"":738,""x_mg"":4,""y_mg"":36,""z_mg"":1040}"
15.235,left_hand,og,tilt,,"{""deg"":-6.2,""steady"":true}"
15.266,left_hand,og,acc,350314,"{""seq"":739,""x_mg"":4,""y_mg"":-4,""z_mg"":1020}"
15.266,left_hand,og,tilt,,"{""deg"":-5.0,""steady"":true}"
15.266,left_hand,og,acc,350335,"{""seq"":740,""x_mg"":-4,""y_mg"":-32,""z_mg"":956}"
15.266,left_hand,og,tilt,,"{""deg"":-4.1,""steady"":true}"
15.282,left_hand,og,acc,350355,"{""seq"":741,""x_mg"":16,""y_mg"":32,""z_mg"":952}"
15.282,left_hand,og,tilt,,"{""deg"":-3.3,""steady"":true}"
15.313,left_hand,og,acc,350376,"{""seq"":742,""x_mg"":12,""y_mg"":92,""z_mg"":1044}"
15.313,left_hand,og,tilt,,"{""deg"":-2.4,""steady"":true}"
15.329,left_hand,og,acc,350397,"{""seq"":743,""x_mg"":12,""y_mg"":-16,""z_mg"":1020}"
15.329,left_hand,og,tilt,,"{""deg"":-1.8,""steady"":true}"
15.360,left_hand,og,acc,350417,"{""seq"":744,""x_mg"":68,""y_mg"":-112,""z_mg"":968}"
15.360,left_hand,og,tilt,,"{""deg"":-1.5,""steady"":true}"
15.375,left_hand,og,acc,350438,"{""seq"":745,""x_mg"":84,""y_mg"":-72,""z_mg"":988}"
15.375,left_hand,og,tilt,,"{""deg"":-1.1,""steady"":true}"
15.422,left_hand,og,acc,350458,"{""seq"":746,""x_mg"":76,""y_mg"":36,""z_mg"":1004}"
15.422,left_hand,og,tilt,,"{""deg"":-0.8,""steady"":true}"
15.422,left_hand,og,acc,350479,"{""seq"":747,""x_mg"":56,""y_mg"":92,""z_mg"":992}"
15.422,left_hand,og,tilt,,"{""deg"":-0.5,""steady"":true}"
15.438,left_hand,og,acc,350499,"{""seq"":748,""x_mg"":40,""y_mg"":52,""z_mg"":992}"
15.438,left_hand,og,tilt,,"{""deg"":0.0,""steady"":true}"
15.469,left_hand,og,acc,350520,"{""seq"":749,""x_mg"":20,""y_mg"":-12,""z_mg"":1004}"
15.469,left_hand,og,tilt,,"{""deg"":0.6,""steady"":true}"
15.485,left_hand,og,acc,350541,"{""seq"":750,""x_mg"":16,""y_mg"":20,""z_mg"":980}"
15.485,left_hand,og,tilt,,"{""deg"":1.0,""steady"":true}"
15.516,left_hand,og,acc,350561,"{""seq"":751,""x_mg"":8,""y_mg"":56,""z_mg"":992}"
15.516,left_hand,og,tilt,,"{""deg"":1.5,""steady"":true}"
15.516,left_hand,og,acc,350582,"{""seq"":752,""x_mg"":8,""y_mg"":28,""z_mg"":1000}"
15.516,left_hand,og,tilt,,"{""deg"":1.8,""steady"":true}"
15.563,left_hand,og,acc,350602,"{""seq"":753,""x_mg"":36,""y_mg"":16,""z_mg"":992}"
15.563,left_hand,og,tilt,,"{""deg"":2.0,""steady"":true}"
15.563,left_hand,og,acc,350623,"{""seq"":754,""x_mg"":60,""y_mg"":32,""z_mg"":976}"
15.563,left_hand,og,tilt,,"{""deg"":2.2,""steady"":true}"
15.579,left_hand,og,acc,350643,"{""seq"":755,""x_mg"":56,""y_mg"":24,""z_mg"":988}"
15.579,left_hand,og,tilt,,"{""deg"":2.4,""steady"":true}"
15.610,left_hand,og,acc,350664,"{""seq"":756,""x_mg"":40,""y_mg"":12,""z_mg"":996}"
15.610,left_hand,og,tilt,,"{""deg"":2.6,""steady"":true}"
15.625,left_hand,og,acc,350685,"{""seq"":757,""x_mg"":40,""y_mg"":-8,""z_mg"":1004}"
15.625,left_hand,og,tilt,,"{""deg"":2.7,""steady"":true}"
15.657,left_hand,og,acc,350705,"{""seq"":758,""x_mg"":60,""y_mg"":12,""z_mg"":992}"
15.657,left_hand,og,tilt,,"{""deg"":2.7,""steady"":true}"
15.657,left_hand,og,acc,350726,"{""seq"":759,""x_mg"":56,""y_mg"":40,""z_mg"":988}"
15.657,left_hand,og,tilt,,"{""deg"":2.7,""steady"":true}"
15.688,left_hand,og,acc,350746,"{""seq"":760,""x_mg"":36,""y_mg"":20,""z_mg"":956}"
15.688,left_hand,og,tilt,,"{""deg"":2.8,""steady"":true}"
15.704,left_hand,og,acc,350767,"{""seq"":761,""x_mg"":16,""y_mg"":36,""z_mg"":992}"
15.704,left_hand,og,tilt,,"{""deg"":2.9,""steady"":true}"
15.735,left_hand,og,acc,350787,"{""seq"":762,""x_mg"":20,""y_mg"":28,""z_mg"":984}"
15.735,left_hand,og,tilt,,"{""deg"":3.0,""steady"":true}"
15.735,left_hand,og,acc,350808,"{""seq"":763,""x_mg"":52,""y_mg"":48,""z_mg"":952}"
15.735,left_hand,og,tilt,,"{""deg"":3.2,""steady"":true}"
15.766,left_hand,og,acc,350829,"{""seq"":764,""x_mg"":44,""y_mg"":56,""z_mg"":1024}"
15.766,left_hand,og,tilt,,"{""deg"":3.3,""steady"":true}"
15.797,left_hand,og,acc,350849,"{""seq"":765,""x_mg"":32,""y_mg"":12,""z_mg"":996}"
15.797,left_hand,og,tilt,,"{""deg"":3.4,""steady"":true}"
15.813,left_hand,og,acc,350870,"{""seq"":766,""x_mg"":48,""y_mg"":12,""z_mg"":932}"
15.813,left_hand,og,tilt,,"{""deg"":3.5,""steady"":true}"
15.829,left_hand,og,acc,350890,"{""seq"":767,""x_mg"":20,""y_mg"":40,""z_mg"":1000}"
15.829,left_hand,og,tilt,,"{""deg"":3.6,""steady"":true}"
15.844,left_hand,og,acc,350911,"{""seq"":768,""x_mg"":32,""y_mg"":24,""z_mg"":1012}"
15.844,left_hand,og,tilt,,"{""deg"":3.6,""steady"":true}"
15.860,left_hand,og,acc,350931,"{""seq"":769,""x_mg"":44,""y_mg"":40,""z_mg"":992}"
15.860,left_hand,og,tilt,,"{""deg"":3.6,""steady"":true}"
15.891,left_hand,og,acc,350952,"{""seq"":770,""x_mg"":40,""y_mg"":76,""z_mg"":1004}"
15.891,left_hand,og,tilt,,"{""deg"":3.8,""steady"":true}"
15.907,left_hand,og,acc,350972,"{""seq"":771,""x_mg"":48,""y_mg"":44,""z_mg"":960}"
15.907,left_hand,og,tilt,,"{""deg"":3.9,""steady"":true}"
15.938,left_hand,og,acc,350993,"{""seq"":772,""x_mg"":52,""y_mg"":24,""z_mg"":972}"
15.938,left_hand,og,tilt,,"{""deg"":3.9,""steady"":true}"
15.954,left_hand,og,acc,351014,"{""seq"":773,""x_mg"":48,""y_mg"":32,""z_mg"":984}"
15.954,left_hand,og,tilt,,"{""deg"":4.0,""steady"":true}"
15.954,left_hand,og,acc,351034,"{""seq"":774,""x_mg"":36,""y_mg"":48,""z_mg"":972}"
15.954,left_hand,og,tilt,,"{""deg"":4.1,""steady"":true}"
16.000,left_hand,og,acc,351055,"{""seq"":775,""x_mg"":36,""y_mg"":56,""z_mg"":1000}"
16.000,left_hand,og,tilt,,"{""deg"":4.2,""steady"":true}"
16.032,left_hand,og,acc,351075,"{""seq"":776,""x_mg"":28,""y_mg"":60,""z_mg"":1020}"
16.032,left_hand,og,tilt,,"{""deg"":4.3,""steady"":true}"
16.063,left_hand,og,acc,351096,"{""seq"":777,""x_mg"":36,""y_mg"":72,""z_mg"":1004}"
16.063,left_hand,og,tilt,,"{""deg"":4.5,""steady"":true}"
16.063,left_hand,og,acc,351116,"{""seq"":778,""x_mg"":48,""y_mg"":60,""z_mg"":964}"
16.063,left_hand,og,tilt,,"{""deg"":4.6,""steady"":true}"
16.094,,game,miss,,"{""n"":6,""speed"":0.24}"
16.094,left_hand,og,acc,351137,"{""seq"":779,""x_mg"":28,""y_mg"":32,""z_mg"":972}"
16.094,left_hand,og,tilt,,"{""deg"":4.8,""steady"":true}"
16.125,left_hand,og,acc,351158,"{""seq"":780,""x_mg"":20,""y_mg"":16,""z_mg"":1004}"
16.125,left_hand,og,tilt,,"{""deg"":4.9,""steady"":true}"
16.125,left_hand,og,acc,351178,"{""seq"":781,""x_mg"":32,""y_mg"":36,""z_mg"":988}"
16.125,left_hand,og,tilt,,"{""deg"":4.8,""steady"":true}"
16.157,left_hand,og,acc,351199,"{""seq"":782,""x_mg"":40,""y_mg"":40,""z_mg"":940}"
16.157,left_hand,og,tilt,,"{""deg"":4.8,""steady"":true}"
16.188,left_hand,og,acc,351219,"{""seq"":783,""x_mg"":12,""y_mg"":-8,""z_mg"":1060}"
16.188,left_hand,og,tilt,,"{""deg"":4.7,""steady"":true}"
16.188,left_hand,og,acc,351240,"{""seq"":784,""x_mg"":28,""y_mg"":56,""z_mg"":972}"
16.188,left_hand,og,tilt,,"{""deg"":4.7,""steady"":true}"
16.422,left_hand,og,acc,351260,"{""seq"":785,""x_mg"":20,""y_mg"":104,""z_mg"":964}"
16.422,left_hand,og,tilt,,"{""deg"":4.7,""steady"":true}"
16.422,left_hand,og,acc,351281,"{""seq"":786,""x_mg"":36,""y_mg"":80,""z_mg"":1012}"
16.422,left_hand,og,tilt,,"{""deg"":4.8,""steady"":true}"
16.422,left_hand,og,acc,351302,"{""seq"":787,""x_mg"":36,""y_mg"":76,""z_mg"":988}"
16.422,left_hand,og,tilt,,"{""deg"":5.0,""steady"":true}"
16.422,left_hand,og,acc,351322,"{""seq"":788,""x_mg"":28,""y_mg"":16,""z_mg"":976}"
16.422,left_hand,og,tilt,,"{""deg"":5.2,""steady"":true}"
16.422,left_hand,og,acc,351343,"{""seq"":789,""x_mg"":40,""y_mg"":0,""z_mg"":1004}"
16.422,left_hand,og,tilt,,"{""deg"":5.4,""steady"":true}"
16.422,left_hand,og,acc,351363,"{""seq"":790,""x_mg"":28,""y_mg"":44,""z_mg"":1020}"
16.422,left_hand,og,tilt,,"{""deg"":5.3,""steady"":true}"
16.422,left_hand,og,acc,351384,"{""seq"":791,""x_mg"":20,""y_mg"":60,""z_mg"":956}"
16.422,left_hand,og,tilt,,"{""deg"":5.3,""steady"":true}"
16.422,left_hand,og,acc,351404,"{""seq"":792,""x_mg"":32,""y_mg"":48,""z_mg"":952}"
16.422,left_hand,og,tilt,,"{""deg"":5.2,""steady"":true}"
16.422,left_hand,og,acc,351425,"{""seq"":793,""x_mg"":32,""y_mg"":64,""z_mg"":988}"
16.422,left_hand,og,tilt,,"{""deg"":5.2,""steady"":true}"
16.422,left_hand,og,acc,351446,"{""seq"":794,""x_mg"":28,""y_mg"":88,""z_mg"":976}"
16.422,left_hand,og,tilt,,"{""deg"":5.3,""steady"":true}"
16.422,left_hand,og,acc,351466,"{""seq"":795,""x_mg"":16,""y_mg"":68,""z_mg"":988}"
16.422,left_hand,og,tilt,,"{""deg"":5.4,""steady"":true}"
16.422,left_hand,og,acc,351487,"{""seq"":796,""x_mg"":16,""y_mg"":44,""z_mg"":976}"
16.422,left_hand,og,tilt,,"{""deg"":5.4,""steady"":true}"
16.454,left_hand,og,acc,351507,"{""seq"":797,""x_mg"":16,""y_mg"":16,""z_mg"":1004}"
16.454,left_hand,og,tilt,,"{""deg"":5.5,""steady"":true}"
16.469,left_hand,og,acc,351528,"{""seq"":798,""x_mg"":16,""y_mg"":-4,""z_mg"":988}"
16.469,left_hand,og,tilt,,"{""deg"":5.4,""steady"":true}"
16.500,left_hand,og,acc,351548,"{""seq"":799,""x_mg"":32,""y_mg"":-20,""z_mg"":968}"
16.500,left_hand,og,tilt,,"{""deg"":5.2,""steady"":true}"
16.500,left_hand,og,acc,351569,"{""seq"":800,""x_mg"":32,""y_mg"":28,""z_mg"":992}"
16.500,left_hand,og,tilt,,"{""deg"":4.9,""steady"":true}"
16.532,left_hand,og,acc,351590,"{""seq"":801,""x_mg"":28,""y_mg"":60,""z_mg"":968}"
16.532,left_hand,og,tilt,,"{""deg"":4.7,""steady"":true}"
16.563,left_hand,og,acc,351610,"{""seq"":802,""x_mg"":20,""y_mg"":36,""z_mg"":960}"
16.563,left_hand,og,tilt,,"{""deg"":4.6,""steady"":true}"
16.563,left_hand,og,acc,351631,"{""seq"":803,""x_mg"":20,""y_mg"":8,""z_mg"":968}"
16.563,left_hand,og,tilt,,"{""deg"":4.6,""steady"":true}"
16.579,left_hand,og,acc,351651,"{""seq"":804,""x_mg"":12,""y_mg"":60,""z_mg"":1032}"
16.579,left_hand,og,tilt,,"{""deg"":4.5,""steady"":true}"
16.610,left_hand,og,acc,351672,"{""seq"":805,""x_mg"":44,""y_mg"":76,""z_mg"":944}"
16.610,left_hand,og,tilt,,"{""deg"":4.7,""steady"":true}"
16.641,left_hand,og,acc,351692,"{""seq"":806,""x_mg"":32,""y_mg"":4,""z_mg"":984}"
16.641,left_hand,og,tilt,,"{""deg"":4.6,""steady"":true}"
16.657,left_hand,og,acc,351713,"{""seq"":807,""x_mg"":16,""y_mg"":68,""z_mg"":1036}"
16.657,left_hand,og,tilt,,"{""deg"":4.8,""steady"":true}"
16.688,left_hand,og,acc,351734,"{""seq"":808,""x_mg"":44,""y_mg"":176,""z_mg"":988}"
16.688,left_hand,og,tilt,,"{""deg"":4.9,""steady"":true}"
16.704,left_hand,og,acc,351754,"{""seq"":809,""x_mg"":64,""y_mg"":156,""z_mg"":960}"
16.704,left_hand,og,tilt,,"{""deg"":5.2,""steady"":true}"
16.704,left_hand,og,acc,351775,"{""seq"":810,""x_mg"":44,""y_mg"":40,""z_mg"":968}"
16.704,left_hand,og,tilt,,"{""deg"":5.3,""steady"":true}"
16.735,left_hand,og,acc,351795,"{""seq"":811,""x_mg"":36,""y_mg"":-8,""z_mg"":1020}"
16.735,left_hand,og,tilt,,"{""deg"":5.4,""steady"":true}"
16.766,left_hand,og,acc,351816,"{""seq"":812,""x_mg"":44,""y_mg"":48,""z_mg"":1024}"
16.766,left_hand,og,tilt,,"{""deg"":5.3,""steady"":true}"
16.782,left_hand,og,acc,351836,"{""seq"":813,""x_mg"":56,""y_mg"":100,""z_mg"":988}"
16.782,left_hand,og,tilt,,"{""deg"":5.3,""steady"":true}"
16.813,left_hand,og,acc,351857,"{""seq"":814,""x_mg"":48,""y_mg"":84,""z_mg"":956}"
16.813,left_hand,og,tilt,,"{""deg"":5.2,""steady"":true}"
16.829,left_hand,og,acc,351878,"{""seq"":815,""x_mg"":40,""y_mg"":64,""z_mg"":960}"
16.829,left_hand,og,tilt,,"{""deg"":5.4,""steady"":true}"
16.829,left_hand,og,acc,351898,"{""seq"":816,""x_mg"":28,""y_mg"":36,""z_mg"":980}"
16.829,left_hand,og,tilt,,"{""deg"":5.4,""steady"":true}"
16.860,left_hand,og,acc,351919,"{""seq"":817,""x_mg"":32,""y_mg"":28,""z_mg"":980}"
16.860,left_hand,og,tilt,,"{""deg"":5.5,""steady"":true}"
16.875,left_hand,og,acc,351939,"{""seq"":818,""x_mg"":36,""y_mg"":96,""z_mg"":992}"
16.875,left_hand,og,tilt,,"{""deg"":5.6,""steady"":true}"
16.907,left_hand,og,acc,351960,"{""seq"":819,""x_mg"":16,""y_mg"":116,""z_mg"":1032}"
16.907,left_hand,og,tilt,,"{""deg"":5.7,""steady"":true}"
16.938,left_hand,og,acc,351980,"{""seq"":820,""x_mg"":36,""y_mg"":56,""z_mg"":996}"
16.938,left_hand,og,tilt,,"{""deg"":5.6,""steady"":true}"
16.938,left_hand,og,acc,352001,"{""seq"":821,""x_mg"":52,""y_mg"":-12,""z_mg"":964}"
16.938,left_hand,og,tilt,,"{""deg"":5.6,""steady"":true}"
16.969,left_hand,og,acc,352022,"{""seq"":822,""x_mg"":60,""y_mg"":-16,""z_mg"":960}"
16.969,left_hand,og,tilt,,"{""deg"":5.6,""steady"":true}"
17.000,left_hand,og,acc,352042,"{""seq"":823,""x_mg"":60,""y_mg"":0,""z_mg"":968}"
17.000,left_hand,og,tilt,,"{""deg"":5.2,""steady"":true}"
17.000,left_hand,og,acc,352063,"{""seq"":824,""x_mg"":44,""y_mg"":-8,""z_mg"":1004}"
17.000,left_hand,og,tilt,,"{""deg"":4.8,""steady"":true}"
17.032,left_hand,og,acc,352083,"{""seq"":825,""x_mg"":8,""y_mg"":92,""z_mg"":1092}"
17.032,left_hand,og,tilt,,"{""deg"":4.5,""steady"":true}"
17.063,left_hand,og,acc,352104,"{""seq"":826,""x_mg"":36,""y_mg"":300,""z_mg"":960}"
17.063,left_hand,og,tilt,,"{""deg"":4.2,""steady"":true}"
17.063,left_hand,og,acc,352124,"{""seq"":827,""x_mg"":32,""y_mg"":140,""z_mg"":956}"
17.063,left_hand,og,tilt,,"{""deg"":4.6,""steady"":true}"
17.079,left_hand,og,acc,352145,"{""seq"":828,""x_mg"":52,""y_mg"":-16,""z_mg"":984}"
17.079,left_hand,og,tilt,,"{""deg"":4.9,""steady"":true}"
17.110,left_hand,og,acc,352165,"{""seq"":829,""x_mg"":36,""y_mg"":-8,""z_mg"":1028}"
17.110,left_hand,og,tilt,,"{""deg"":5.1,""steady"":true}"
17.141,left_hand,og,acc,352186,"{""seq"":830,""x_mg"":24,""y_mg"":76,""z_mg"":1000}"
