t_s,role,source,channel,dev_ms,fields
0.047,left_hand,og,acc,182547,"{""seq"":0,""x_mg"":264,""y_mg"":-236,""z_mg"":928}"
0.047,left_hand,og,tilt,,"{""roll_deg"":0.0,""pitch_deg"":0.0,""steady"":true}"
0.047,left_hand,og,flick_angles,,"{""side_deg"":-14.3,""fwd_deg"":15.9}"
0.079,left_hand,og,acc,182568,"{""seq"":1,""x_mg"":252,""y_mg"":-240,""z_mg"":928}"
0.079,left_hand,og,tilt,,"{""roll_deg"":-0.0,""pitch_deg"":-0.0,""steady"":true}"
0.079,left_hand,og,flick_angles,,"{""side_deg"":-14.3,""fwd_deg"":15.7}"
0.079,left_hand,og,acc,182588,"{""seq"":2,""x_mg"":240,""y_mg"":-240,""z_mg"":956}"
0.079,left_hand,og,tilt,,"{""roll_deg"":-0.0,""pitch_deg"":-0.1,""steady"":true}"
0.079,left_hand,og,flick_angles,,"{""side_deg"":-14.3,""fwd_deg"":15.5}"
0.110,left_hand,og,acc,182609,"{""seq"":3,""x_mg"":228,""y_mg"":-240,""z_mg"":944}"
0.110,left_hand,og,tilt,,"{""roll_deg"":-0.0,""pitch_deg"":-0.3,""steady"":true}"
0.110,left_hand,og,flick_angles,,"{""side_deg"":-14.3,""fwd_deg"":14.8}"
0.141,left_hand,og,acc,182630,"{""seq"":4,""x_mg"":244,""y_mg"":-268,""z_mg"":940}"
0.141,left_hand,og,tilt,,"{""roll_deg"":-0.0,""pitch_deg"":-0.4,""steady"":true}"
0.141,left_hand,og,flick_angles,,"{""side_deg"":-14.3,""fwd_deg"":14.4}"
0.141,left_hand,og,acc,182650,"{""seq"":5,""x_mg"":244,""y_mg"":-276,""z_mg"":944}"
0.141,left_hand,og,tilt,,"{""roll_deg"":-0.0,""pitch_deg"":-0.5,""steady"":true}"
0.141,left_hand,og,flick_angles,,"{""side_deg"":-15.1,""fwd_deg"":14.5}"
0.172,left_hand,og,acc,182671,"{""seq"":6,""x_mg"":256,""y_mg"":-248,""z_mg"":932}"
0.172,left_hand,og,tilt,,"{""roll_deg"":-0.1,""pitch_deg"":-0.6,""steady"":true}"
0.172,left_hand,og,flick_angles,,"{""side_deg"":-15.5,""fwd_deg"":14.5}"
0.204,left_hand,og,acc,182691,"{""seq"":7,""x_mg"":236,""y_mg"":-220,""z_mg"":940}"
0.204,left_hand,og,tilt,,"{""roll_deg"":-0.2,""pitch_deg"":-0.7,""steady"":true}"
0.204,left_hand,og,flick_angles,,"{""side_deg"":-15.2,""fwd_deg"":14.5}"
0.219,left_hand,og,acc,182712,"{""seq"":8,""x_mg"":236,""y_mg"":-212,""z_mg"":944}"
0.219,left_hand,og,tilt,,"{""roll_deg"":-0.2,""pitch_deg"":-0.8,""steady"":true}"
0.219,left_hand,og,flick_angles,,"{""side_deg"":-14.2,""fwd_deg"":14.3}"
0.250,left_hand,og,acc,182732,"{""seq"":9,""x_mg"":244,""y_mg"":-232,""z_mg"":940}"
0.250,left_hand,og,tilt,,"{""roll_deg"":-0.2,""pitch_deg"":-0.9,""steady"":true}"
0.250,left_hand,og,flick_angles,,"{""side_deg"":-13.7,""fwd_deg"":14.2}"
0.250,left_hand,og,acc,182753,"{""seq"":10,""x_mg"":240,""y_mg"":-256,""z_mg"":940}"
0.250,left_hand,og,tilt,,"{""roll_deg"":-0.1,""pitch_deg"":-0.9,""steady"":true}"
0.250,left_hand,og,flick_angles,,"{""side_deg"":-13.8,""fwd_deg"":14.3}"
0.266,left_hand,og,acc,182773,"{""seq"":11,""x_mg"":244,""y_mg"":-252,""z_mg"":940}"
0.266,left_hand,og,tilt,,"{""roll_deg"":-0.0,""pitch_deg"":-1.0,""steady"":true}"
0.266,left_hand,og,flick_angles,,"{""side_deg"":-14.4,""fwd_deg"":14.4}"
0.282,left_hand,og,acc,182794,"{""seq"":12,""x_mg"":236,""y_mg"":-244,""z_mg"":944}"
0.282,left_hand,og,tilt,,"{""roll_deg"":-0.0,""pitch_deg"":-1.1,""steady"":true}"
0.282,left_hand,og,flick_angles,,"{""side_deg"":-14.7,""fwd_deg"":14.4}"
0.313,left_hand,og,acc,182815,"{""seq"":13,""x_mg"":244,""y_mg"":-264,""z_mg"":936}"
0.313,left_hand,og,tilt,,"{""roll_deg"":-0.1,""pitch_deg"":-1.1,""steady"":true}"
0.313,left_hand,og,flick_angles,,"{""side_deg"":-14.9,""fwd_deg"":14.5}"
0.313,left_hand,og,acc,182835,"{""seq"":14,""x_mg"":248,""y_mg"":-252,""z_mg"":924}"
0.313,left_hand,og,tilt,,"{""roll_deg"":-0.2,""pitch_deg"":-1.1,""steady"":true}"
0.313,left_hand,og,flick_angles,,"{""side_deg"":-15.1,""fwd_deg"":14.5}"
0.360,left_hand,og,acc,182856,"{""seq"":15,""x_mg"":236,""y_mg"":-248,""z_mg"":932}"
0.360,left_hand,og,tilt,,"{""roll_deg"":-0.3,""pitch_deg"":-1.2,""steady"":true}"
0.360,left_hand,og,flick_angles,,"{""side_deg"":-15.2,""fwd_deg"":14.6}"
0.375,left_hand,og,acc,182876,"{""seq"":16,""x_mg"":232,""y_mg"":-260,""z_mg"":956}"
0.375,left_hand,og,tilt,,"{""roll_deg"":-0.4,""pitch_deg"":-1.2,""steady"":true}"
0.375,left_hand,og,flick_angles,,"{""side_deg"":-15.2,""fwd_deg"":14.4}"
0.407,left_hand,og,acc,182897,"{""seq"":17,""x_mg"":240,""y_mg"":-256,""z_mg"":932}"
0.407,left_hand,og,tilt,,"{""roll_deg"":-0.4,""pitch_deg"":-1.2,""steady"":true}"
0.407,left_hand,og,flick_angles,,"{""side_deg"":-15.2,""fwd_deg"":14.3}"
0.422,left_hand,og,acc,182918,"{""seq"":18,""x_mg"":244,""y_mg"":-224,""z_mg"":924}"
0.422,left_hand,og,tilt,,"{""roll_deg"":-0.5,""pitch_deg"":-1.3,""steady"":true}"
0.422,left_hand,og,flick_angles,,"{""side_deg"":-15.2,""fwd_deg"":14.4}"
0.438,left_hand,og,acc,182938,"{""seq"":19,""x_mg"":224,""y_mg"":-240,""z_mg"":940}"
0.438,left_hand,og,tilt,,"{""roll_deg"":-0.5,""pitch_deg"":-1.3,""steady"":true}"
0.438,left_hand,og,flick_angles,,"{""side_deg"":-14.8,""fwd_deg"":14.4}"
0.469,left_hand,og,acc,182959,"{""seq"":20,""x_mg"":228,""y_mg"":-280,""z_mg"":948}"
0.469,left_hand,og,tilt,,"{""roll_deg"":-0.6,""pitch_deg"":-1.4,""steady"":true}"
0.469,left_hand,og,flick_angles,,"{""side_deg"":-14.5,""fwd_deg"":14.0}"
0.485,left_hand,og,acc,182979,"{""seq"":21,""x_mg"":232,""y_mg"":-280,""z_mg"":948}"
0.485,left_hand,og,tilt,,"{""roll_deg"":-0.6,""pitch_deg"":-1.5,""steady"":true}"
0.485,left_hand,og,flick_angles,,"{""side_deg"":-15.5,""fwd_deg"":13.7}"
0.500,left_hand,og,acc,183000,"{""seq"":22,""x_mg"":244,""y_mg"":-240,""z_mg"":940}"
0.500,left_hand,og,tilt,,"{""roll_deg"":-0.6,""pitch_deg"":-1.6,""steady"":true}"
0.500,left_hand,og,flick_angles,,"{""side_deg"":-16.0,""fwd_deg"":13.7}"
0.516,left_hand,og,acc,183020,"{""seq"":23,""x_mg"":252,""y_mg"":-228,""z_mg"":936}"
0.516,left_hand,og,tilt,,"{""roll_deg"":-0.5,""pitch_deg"":-1.7,""steady"":true}"
0.516,left_hand,og,flick_angles,,"{""side_deg"":-15.1,""fwd_deg"":14.1}"
0.563,left_hand,og,acc,183041,"{""seq"":24,""x_mg"":232,""y_mg"":-248,""z_mg"":932}"
0.563,left_hand,og,tilt,,"{""roll_deg"":-0.5,""pitch_deg"":-1.7,""steady"":true}"
0.563,left_hand,og,flick_angles,,"{""side_deg"":-14.7,""fwd_deg"":14.4}"
0.563,left_hand,og,acc,183061,"{""seq"":25,""x_mg"":228,""y_mg"":-240,""z_mg"":936}"
0.563,left_hand,og,tilt,,"{""roll_deg"":-0.5,""pitch_deg"":-1.7,""steady"":true}"
0.563,left_hand,og,flick_angles,,"{""side_deg"":-14.6,""fwd_deg"":14.2}"
0.594,left_hand,og,acc,183082,"{""seq"":26,""x_mg"":224,""y_mg"":-256,""z_mg"":948}"
0.594,left_hand,og,tilt,,"{""roll_deg"":-0.4,""pitch_deg"":-1.7,""steady"":true}"
0.594,left_hand,og,flick_angles,,"{""side_deg"":-14.7,""fwd_deg"":13.9}"
0.625,left_hand,og,acc,183103,"{""seq"":27,""x_mg"":228,""y_mg"":-288,""z_mg"":948}"
0.625,left_hand,og,tilt,,"{""roll_deg"":-0.5,""pitch_deg"":-1.8,""steady"":true}"
0.625,left_hand,og,flick_angles,,"{""side_deg"":-14.9,""fwd_deg"":13.7}"
0.625,left_hand,og,acc,183123,"{""seq"":28,""x_mg"":248,""y_mg"":-264,""z_mg"":948}"
0.625,left_hand,og,tilt,,"{""roll_deg"":-0.5,""pitch_deg"":-1.8,""steady"":true}"
0.625,left_hand,og,flick_angles,,"{""side_deg"":-15.2,""fwd_deg"":13.6}"
0.657,left_hand,og,acc,183144,"{""seq"":29,""x_mg"":244,""y_mg"":-260,""z_mg"":944}"
0.657,left_hand,og,tilt,,"{""roll_deg"":-0.6,""pitch_deg"":-1.9,""steady"":true}"
0.657,left_hand,og,flick_angles,,"{""side_deg"":-15.4,""fwd_deg"":14.1}"
0.657,left_hand,og,acc,183164,"{""seq"":30,""x_mg"":252,""y_mg"":-256,""z_mg"":940}"
0.657,left_hand,og,tilt,,"{""roll_deg"":-0.6,""pitch_deg"":-1.8,""steady"":true}"
0.657,left_hand,og,flick_angles,,"{""side_deg"":-15.4,""fwd_deg"":14.4}"
0.688,left_hand,og,acc,183185,"{""seq"":31,""x_mg"":240,""y_mg"":-244,""z_mg"":932}"
0.688,left_hand,og,tilt,,"{""roll_deg"":-0.7,""pitch_deg"":-1.8,""steady"":true}"
0.688,left_hand,og,flick_angles,,"{""side_deg"":-15.3,""fwd_deg"":14.4}"
0.719,left_hand,og,acc,183205,"{""seq"":32,""x_mg"":252,""y_mg"":-248,""z_mg"":928}"
0.719,left_hand,og,tilt,,"{""roll_deg"":-0.7,""pitch_deg"":-1.7,""steady"":true}"
0.719,left_hand,og,flick_angles,,"{""side_deg"":-15.1,""fwd_deg"":14.7}"
0.719,left_hand,og,acc,183226,"{""seq"":33,""x_mg"":232,""y_mg"":-264,""z_mg"":944}"
0.719,left_hand,og,tilt,,"{""roll_deg"":-0.8,""pitch_deg"":-1.7,""steady"":true}"
0.719,left_hand,og,flick_angles,,"{""side_deg"":-15.1,""fwd_deg"":14.6}"
0.750,left_hand,og,acc,183247,"{""seq"":34,""x_mg"":236,""y_mg"":-244,""z_mg"":940}"
0.750,left_hand,og,tilt,,"{""roll_deg"":-0.8,""pitch_deg"":-1.6,""steady"":true}"
0.750,left_hand,og,flick_angles,,"{""side_deg"":-15.0,""fwd_deg"":14.3}"
0.782,left_hand,og,acc,183267,"{""seq"":35,""x_mg"":244,""y_mg"":-232,""z_mg"":932}"
0.782,left_hand,og,tilt,,"{""roll_deg"":-0.7,""pitch_deg"":-1.6,""steady"":true}"
0.782,left_hand,og,flick_angles,,"{""side_deg"":-14.8,""fwd_deg"":14.2}"
0.782,left_hand,og,acc,183288,"{""seq"":36,""x_mg"":248,""y_mg"":-228,""z_mg"":928}"
0.782,left_hand,og,tilt,,"{""roll_deg"":-0.7,""pitch_deg"":-1.6,""steady"":true}"
0.782,left_hand,og,flick_angles,,"{""side_deg"":-14.4,""fwd_deg"":14.4}"
0.813,left_hand,og,acc,183308,"{""seq"":37,""x_mg"":256,""y_mg"":-260,""z_mg"":940}"
0.813,left_hand,og,tilt,,"{""roll_deg"":-0.6,""pitch_deg"":-1.5,""steady"":true}"
0.813,left_hand,og,flick_angles,,"{""side_deg"":-14.2,""fwd_deg"":14.7}"
0.829,left_hand,og,acc,183329,"{""seq"":38,""x_mg"":244,""y_mg"":-244,""z_mg"":960}"
0.829,left_hand,og,tilt,,"{""roll_deg"":-0.5,""pitch_deg"":-1.5,""steady"":true}"
0.829,left_hand,og,flick_angles,,"{""side_deg"":-14.2,""fwd_deg"":14.8}"
0.829,left_hand,og,acc,183349,"{""seq"":39,""x_mg"":244,""y_mg"":-228,""z_mg"":948}"
0.829,left_hand,og,tilt,,"{""roll_deg"":-0.4,""pitch_deg"":-1.5,""steady"":true}"
0.829,left_hand,og,flick_angles,,"{""side_deg"":-14.2,""fwd_deg"":14.6}"
0.860,left_hand,og,acc,183370,"{""seq"":40,""x_mg"":256,""y_mg"":-244,""z_mg"":952}"
0.860,left_hand,og,tilt,,"{""roll_deg"":-0.4,""pitch_deg"":-1.4,""steady"":true}"
0.860,left_hand,og,flick_angles,,"{""side_deg"":-14.3,""fwd_deg"":14.5}"
0.891,left_hand,og,acc,183391,"{""seq"":41,""x_mg"":248,""y_mg"":-228,""z_mg"":944}"
0.891,left_hand,og,tilt,,"{""roll_deg"":-0.3,""pitch_deg"":-1.4,""steady"":true}"
0.891,left_hand,og,flick_angles,,"{""side_deg"":-13.9,""fwd_deg"":14.6}"
0.922,left_hand,og,acc,183411,"{""seq"":42,""x_mg"":244,""y_mg"":-220,""z_mg"":936}"
0.922,left_hand,og,tilt,,"{""roll_deg"":-0.2,""pitch_deg"":-1.3,""steady"":true}"
0.922,left_hand,og,flick_angles,,"{""side_deg"":-13.7,""fwd_deg"":14.7}"
0.922,left_hand,og,acc,183432,"{""seq"":43,""x_mg"":256,""y_mg"":-208,""z_mg"":936}"
0.922,left_hand,og,tilt,,"{""roll_deg"":-0.1,""pitch_deg"":-1.3,""steady"":true}"
0.922,left_hand,og,flick_angles,,"{""side_deg"":-13.5,""fwd_deg"":14.7}"
0.954,left_hand,og,acc,183452,"{""seq"":44,""x_mg"":256,""y_mg"":-228,""z_mg"":924}"
0.954,left_hand,og,tilt,,"{""roll_deg"":-0.0,""pitch_deg"":-1.3,""steady"":true}"
0.954,left_hand,og,flick_angles,,"{""side_deg"":-13.4,""fwd_deg"":15.0}"
0.985,left_hand,og,acc,183473,"{""seq"":45,""x_mg"":280,""y_mg"":-240,""z_mg"":928}"
0.985,left_hand,og,tilt,,"{""roll_deg"":0.1,""pitch_deg"":-1.2,""steady"":true}"
0.985,left_hand,og,flick_angles,,"{""side_deg"":-13.6,""fwd_deg"":15.2}"
0.985,left_hand,og,acc,183493,"{""seq"":46,""x_mg"":272,""y_mg"":-232,""z_mg"":928}"
0.985,left_hand,og,tilt,,"{""roll_deg"":0.1,""pitch_deg"":-1.1,""steady"":true}"
0.985,left_hand,og,flick_angles,,"{""side_deg"":-13.8,""fwd_deg"":15.8}"
1.016,left_hand,og,acc,183514,"{""seq"":47,""x_mg"":268,""y_mg"":-224,""z_mg"":924}"
1.016,left_hand,og,tilt,,"{""roll_deg"":0.2,""pitch_deg"":-0.9,""steady"":true}"
1.016,left_hand,og,flick_angles,,"{""side_deg"":-13.9,""fwd_deg"":16.1}"
1.047,left_hand,og,acc,183534,"{""seq"":48,""x_mg"":276,""y_mg"":-220,""z_mg"":932}"
1.047,left_hand,og,tilt,,"{""roll_deg"":0.2,""pitch_deg"":-0.8,""steady"":true}"
1.047,left_hand,og,flick_angles,,"{""side_deg"":-13.8,""fwd_deg"":16.2}"
1.063,left_hand,og,acc,183555,"{""seq"":49,""x_mg"":276,""y_mg"":-224,""z_mg"":944}"
1.063,left_hand,og,tilt,,"{""roll_deg"":0.2,""pitch_deg"":-0.6,""steady"":true}"
1.063,left_hand,og,flick_angles,,"{""side_deg"":-13.6,""fwd_deg"":16.2}"
1.063,left_hand,og,acc,183576,"{""seq"":50,""x_mg"":268,""y_mg"":-236,""z_mg"":932}"
1.063,left_hand,og,tilt,,"{""roll_deg"":0.3,""pitch_deg"":-0.5,""steady"":true}"
1.063,left_hand,og,flick_angles,,"{""side_deg"":-13.5,""fwd_deg"":16.3}"
1.094,left_hand,og,acc,183596,"{""seq"":51,""x_mg"":288,""y_mg"":-244,""z_mg"":932}"
1.094,left_hand,og,tilt,,"{""roll_deg"":0.3,""pitch_deg"":-0.4,""steady"":true}"
1.094,left_hand,og,flick_angles,,"{""side_deg"":-13.8,""fwd_deg"":16.3}"
1.125,left_hand,og,acc,183617,"{""seq"":52,""x_mg"":272,""y_mg"":-244,""z_mg"":948}"
1.125,left_hand,og,tilt,,"{""roll_deg"":0.3,""pitch_deg"":-0.3,""steady"":true}"
1.125,left_hand,og,flick_angles,,"{""side_deg"":-14.1,""fwd_deg"":16.2}"
1.125,left_hand,og,acc,183637,"{""seq"":53,""x_mg"":272,""y_mg"":-240,""z_mg"":936}"
1.125,left_hand,og,tilt,,"{""roll_deg"":0.2,""pitch_deg"":-0.2,""steady"":true}"
1.125,left_hand,og,flick_angles,,"{""side_deg"":-14.3,""fwd_deg"":16.2}"
1.172,left_hand,og,acc,183658,"{""seq"":54,""x_mg"":284,""y_mg"":-232,""z_mg"":936}"
1.172,left_hand,og,tilt,,"{""roll_deg"":0.2,""pitch_deg"":-0.1,""steady"":true}"
1.172,left_hand,og,flick_angles,,"{""side_deg"":-14.3,""fwd_deg"":16.2}"
1.204,left_hand,og,acc,183678,"{""seq"":55,""x_mg"":276,""y_mg"":-220,""z_mg"":940}"
1.204,left_hand,og,tilt,,"{""roll_deg"":0.2,""pitch_deg"":-0.1,""steady"":true}"
1.204,left_hand,og,flick_angles,,"{""side_deg"":-14.1,""fwd_deg"":16.3}"
1.204,left_hand,og,acc,183699,"{""seq"":56,""x_mg"":280,""y_mg"":-216,""z_mg"":936}"
1.204,left_hand,og,tilt,,"{""roll_deg"":0.2,""pitch_deg"":-0.0,""steady"":true}"
1.204,left_hand,og,flick_angles,,"{""side_deg"":-13.6,""fwd_deg"":16.5}"
1.250,left_hand,og,acc,183720,"{""seq"":57,""x_mg"":284,""y_mg"":-236,""z_mg"":936}"
1.250,left_hand,og,tilt,,"{""roll_deg"":0.2,""pitch_deg"":0.1,""steady"":true}"
1.250,left_hand,og,flick_angles,,"{""side_deg"":-13.4,""fwd_deg"":16.6}"
1.250,left_hand,og,acc,183740,"{""seq"":58,""x_mg"":280,""y_mg"":-228,""z_mg"":924}"
1.250,left_hand,og,tilt,,"{""roll_deg"":0.2,""pitch_deg"":0.2,""steady"":true}"
1.250,left_hand,og,flick_angles,,"{""side_deg"":-13.6,""fwd_deg"":16.7}"
1.282,left_hand,og,acc,183761,"{""seq"":59,""x_mg"":288,""y_mg"":-236,""z_mg"":916}"
1.282,left_hand,og,tilt,,"{""roll_deg"":0.3,""pitch_deg"":0.3,""steady"":true}"
1.282,left_hand,og,flick_angles,,"{""side_deg"":-13.9,""fwd_deg"":16.8}"
1.282,left_hand,og,acc,183781,"{""seq"":60,""x_mg"":288,""y_mg"":-204,""z_mg"":936}"
1.282,left_hand,og,tilt,,"{""roll_deg"":0.3,""pitch_deg"":0.4,""steady"":true}"
1.282,left_hand,og,flick_angles,,"{""side_deg"":-13.9,""fwd_deg"":16.9}"
1.313,left_hand,og,acc,183802,"{""seq"":61,""x_mg"":300,""y_mg"":-196,""z_mg"":940}"
1.313,left_hand,og,tilt,,"{""roll_deg"":0.3,""pitch_deg"":0.5,""steady"":true}"
1.313,left_hand,og,flick_angles,,"{""side_deg"":-13.1,""fwd_deg"":17.2}"
1.344,left_hand,og,acc,183822,"{""seq"":62,""x_mg"":284,""y_mg"":-212,""z_mg"":928}"
1.344,left_hand,og,tilt,,"{""roll_deg"":0.4,""pitch_deg"":0.6,""steady"":true}"
1.344,left_hand,og,flick_angles,,"{""side_deg"":-12.7,""fwd_deg"":17.2}"
1.344,left_hand,og,acc,183843,"{""seq"":63,""x_mg"":280,""y_mg"":-224,""z_mg"":920}"
1.344,left_hand,og,tilt,,"{""roll_deg"":0.5,""pitch_deg"":0.6,""steady"":true}"
1.344,left_hand,og,flick_angles,,"{""side_deg"":-12.8,""fwd_deg"":17.1}"
1.375,left_hand,og,acc,183864,"{""seq"":64,""x_mg"":300,""y_mg"":-216,""z_mg"":924}"
1.375,left_hand,og,tilt,,"{""roll_deg"":0.6,""pitch_deg"":0.7,""steady"":true}"
1.375,left_hand,og,flick_angles,,"{""side_deg"":-13.0,""fwd_deg"":17.0}"
1.407,left_hand,og,acc,183884,"{""seq"":65,""x_mg"":288,""y_mg"":-204,""z_mg"":924}"
1.407,left_hand,og,tilt,,"{""roll_deg"":0.7,""pitch_deg"":0.8,""steady"":true}"
1.407,left_hand,og,flick_angles,,"{""side_deg"":-13.1,""fwd_deg"":17.2}"
1.407,left_hand,og,acc,183905,"{""seq"":66,""x_mg"":284,""y_mg"":-180,""z_mg"":940}"
1.407,left_hand,og,tilt,,"{""roll_deg"":0.8,""pitch_deg"":0.8,""steady"":true}"
1.407,left_hand,og,flick_angles,,"{""side_deg"":-12.8,""fwd_deg"":17.2}"
1.438,left_hand,og,acc,183925,"{""seq"":67,""x_mg"":292,""y_mg"":-220,""z_mg"":940}"
1.438,left_hand,og,tilt,,"{""roll_deg"":0.8,""pitch_deg"":0.9,""steady"":true}"
1.438,left_hand,og,flick_angles,,"{""side_deg"":-12.6,""fwd_deg"":17.3}"
1.438,left_hand,og,acc,183946,"{""seq"":68,""x_mg"":288,""y_mg"":-224,""z_mg"":936}"
1.438,left_hand,og,tilt,,"{""roll_deg"":0.9,""pitch_deg"":1.0,""steady"":true}"
1.438,left_hand,og,flick_angles,,"{""side_deg"":-12.9,""fwd_deg"":17.2}"
1.454,left_hand,og,acc,183966,"{""seq"":69,""x_mg"":280,""y_mg"":-200,""z_mg"":920}"
1.454,left_hand,og,tilt,,"{""roll_deg"":1.0,""pitch_deg"":1.0,""steady"":true}"
1.454,left_hand,og,flick_angles,,"{""side_deg"":-13.0,""fwd_deg"":17.1}"
1.485,left_hand,og,acc,183987,"{""seq"":70,""x_mg"":284,""y_mg"":-188,""z_mg"":948}"
1.485,left_hand,og,tilt,,"{""roll_deg"":1.1,""pitch_deg"":1.0,""steady"":true}"
1.485,left_hand,og,flick_angles,,"{""side_deg"":-12.6,""fwd_deg"":17.0}"
1.516,left_hand,og,acc,184007,"{""seq"":71,""x_mg"":288,""y_mg"":-212,""z_mg"":944}"
1.516,left_hand,og,tilt,,"{""roll_deg"":1.2,""pitch_deg"":1.0,""steady"":true}"
1.516,left_hand,og,flick_angles,,"{""side_deg"":-12.5,""fwd_deg"":17.0}"
1.547,left_hand,og,acc,184028,"{""seq"":72,""x_mg"":284,""y_mg"":-236,""z_mg"":940}"
1.547,left_hand,og,tilt,,"{""roll_deg"":1.2,""pitch_deg"":1.0,""steady"":true}"
1.547,left_hand,og,flick_angles,,"{""side_deg"":-12.6,""fwd_deg"":16.9}"
1.547,left_hand,og,acc,184049,"{""seq"":73,""x_mg"":292,""y_mg"":-224,""z_mg"":940}"
1.547,left_hand,og,tilt,,"{""roll_deg"":1.3,""pitch_deg"":1.0,""steady"":true}"
1.547,left_hand,og,flick_angles,,"{""side_deg"":-13.0,""fwd_deg"":16.9}"
1.579,left_hand,og,acc,184069,"{""seq"":74,""x_mg"":288,""y_mg"":-220,""z_mg"":924}"
1.579,left_hand,og,tilt,,"{""roll_deg"":1.2,""pitch_deg"":1.0,""steady"":true}"
1.579,left_hand,og,flick_angles,,"{""side_deg"":-13.2,""fwd_deg"":17.1}"
1.579,left_hand,og,acc,184090,"{""seq"":75,""x_mg"":292,""y_mg"":-212,""z_mg"":904}"
1.579,left_hand,og,tilt,,"{""roll_deg"":1.2,""pitch_deg"":1.1,""steady"":true}"
1.579,left_hand,og,flick_angles,,"{""side_deg"":-13.3,""fwd_deg"":17.2}"
1.610,left_hand,og,acc,184110,"{""seq"":76,""x_mg"":296,""y_mg"":-184,""z_mg"":928}"
1.610,left_hand,og,tilt,,"{""roll_deg"":1.1,""pitch_deg"":1.1,""steady"":true}"
1.610,left_hand,og,flick_angles,,"{""side_deg"":-13.2,""fwd_deg"":17.4}"
1.641,left_hand,og,acc,184131,"{""seq"":77,""x_mg"":292,""y_mg"":-180,""z_mg"":944}"
1.641,left_hand,og,tilt,,"{""roll_deg"":1.1,""pitch_deg"":1.2,""steady"":true}"
1.641,left_hand,og,flick_angles,,"{""side_deg"":-12.2,""fwd_deg"":17.6}"
1.641,left_hand,og,acc,184151,"{""seq"":78,""x_mg"":292,""y_mg"":-220,""z_mg"":932}"
1.641,left_hand,og,tilt,,"{""roll_deg"":1.1,""pitch_deg"":1.2,""steady"":true}"
1.641,left_hand,og,flick_angles,,"{""side_deg"":-11.7,""fwd_deg"":17.5}"
1.657,left_hand,og,acc,184172,"{""seq"":79,""x_mg"":304,""y_mg"":-204,""z_mg"":916}"
1.657,left_hand,og,tilt,,"{""roll_deg"":1.2,""pitch_deg"":1.3,""steady"":true}"
1.657,left_hand,og,flick_angles,,"{""side_deg"":-12.1,""fwd_deg"":17.4}"
1.688,left_hand,og,acc,184193,"{""seq"":80,""x_mg"":296,""y_mg"":-176,""z_mg"":932}"
1.688,left_hand,og,tilt,,"{""roll_deg"":1.4,""pitch_deg"":1.3,""steady"":true}"
1.688,left_hand,og,flick_angles,,"{""side_deg"":-12.3,""fwd_deg"":17.5}"
1.719,left_hand,og,acc,184213,"{""seq"":81,""x_mg"":312,""y_mg"":-184,""z_mg"":928}"
1.719,left_hand,og,tilt,,"{""roll_deg"":1.6,""pitch_deg"":1.4,""steady"":true}"
1.719,left_hand,og,flick_angles,,"{""side_deg"":-11.8,""fwd_deg"":17.9}"
1.719,left_hand,og,acc,184234,"{""seq"":82,""x_mg"":304,""y_mg"":-196,""z_mg"":924}"
1.719,left_hand,og,tilt,,"{""roll_deg"":1.7,""pitch_deg"":1.5,""steady"":true}"
1.719,left_hand,og,flick_angles,,"{""side_deg"":-11.5,""fwd_deg"":18.1}"
1.750,left_hand,og,acc,184254,"{""seq"":83,""x_mg"":300,""y_mg"":-204,""z_mg"":936}"
1.750,left_hand,og,tilt,,"{""roll_deg"":1.8,""pitch_deg"":1.6,""steady"":true}"
1.750,left_hand,og,flick_angles,,"{""side_deg"":-11.7,""fwd_deg"":18.1}"
1.782,left_hand,og,acc,184275,"{""seq"":84,""x_mg"":308,""y_mg"":-200,""z_mg"":920}"
1.782,left_hand,og,tilt,,"{""roll_deg"":1.8,""pitch_deg"":1.7,""steady"":true}"
1.782,left_hand,og,flick_angles,,"{""side_deg"":-12.0,""fwd_deg"":18.2}"
1.782,left_hand,og,acc,184295,"{""seq"":85,""x_mg"":304,""y_mg"":-192,""z_mg"":924}"
1.782,left_hand,og,tilt,,"{""roll_deg"":1.9,""pitch_deg"":1.8,""steady"":true}"
1.782,left_hand,og,flick_angles,,"{""side_deg"":-12.1,""fwd_deg"":18.2}"
1.829,left_hand,og,acc,184316,"{""seq"":86,""x_mg"":296,""y_mg"":-196,""z_mg"":924}"
1.829,left_hand,og,tilt,,"{""roll_deg"":1.9,""pitch_deg"":1.8,""steady"":true}"
1.829,left_hand,og,flick_angles,,"{""side_deg"":-12.1,""fwd_deg"":18.2}"
1.860,left_hand,og,acc,184337,"{""seq"":87,""x_mg"":292,""y_mg"":-184,""z_mg"":944}"
1.860,left_hand,og,tilt,,"{""roll_deg"":2.0,""pitch_deg"":1.8,""steady"":true}"
1.860,left_hand,og,flick_angles,,"{""side_deg"":-11.9,""fwd_deg"":18.0}"
1.860,left_hand,og,acc,184357,"{""seq"":88,""x_mg"":280,""y_mg"":-200,""z_mg"":932}"
1.860,left_hand,og,tilt,,"{""roll_deg"":2.0,""pitch_deg"":1.8,""steady"":true}"
1.860,left_hand,og,flick_angles,,"{""side_deg"":-11.9,""fwd_deg"":17.6}"
1.875,left_hand,og,acc,184378,"{""seq"":89,""x_mg"":292,""y_mg"":-212,""z_mg"":932}"
1.875,left_hand,og,tilt,,"{""roll_deg"":2.0,""pitch_deg"":1.8,""steady"":true}"
1.875,left_hand,og,flick_angles,,"{""side_deg"":-12.0,""fwd_deg"":17.4}"
1.907,left_hand,og,acc,184398,"{""seq"":90,""x_mg"":284,""y_mg"":-204,""z_mg"":932}"
1.907,left_hand,og,tilt,,"{""roll_deg"":2.1,""pitch_deg"":1.7,""steady"":true}"
1.907,left_hand,og,flick_angles,,"{""side_deg"":-12.2,""fwd_deg"":17.2}"
1.938,left_hand,og,acc,184419,"{""seq"":91,""x_mg"":296,""y_mg"":-196,""z_mg"":932}"
1.938,left_hand,og,tilt,,"{""roll_deg"":2.1,""pitch_deg"":1.7,""steady"":true}"
1.938,left_hand,og,flick_angles,,"{""side_deg"":-12.3,""fwd_deg"":17.3}"
1.938,left_hand,og,acc,184439,"{""seq"":92,""x_mg"":296,""y_mg"":-200,""z_mg"":928}"
1.938,left_hand,og,tilt,,"{""roll_deg"":2.1,""pitch_deg"":1.7,""steady"":true}"
1.938,left_hand,og,flick_angles,,"{""side_deg"":-12.2,""fwd_deg"":17.5}"
1.969,left_hand,og,acc,184460,"{""seq"":93,""x_mg"":292,""y_mg"":-216,""z_mg"":936}"
1.969,left_hand,og,tilt,,"{""roll_deg"":2.1,""pitch_deg"":1.7,""steady"":true}"
1.969,left_hand,og,flick_angles,,"{""side_deg"":-12.2,""fwd_deg"":17.5}"
2.000,left_hand,og,acc,184481,"{""seq"":94,""x_mg"":292,""y_mg"":-192,""z_mg"":932}"
2.000,left_hand,og,tilt,,"{""roll_deg"":2.1,""pitch_deg"":1.6,""steady"":true}"
2.000,left_hand,og,flick_angles,,"{""side_deg"":-12.2,""fwd_deg"":17.5}"
2.000,left_hand,og,acc,184501,"{""seq"":95,""x_mg"":280,""y_mg"":-208,""z_mg"":952}"
2.000,left_hand,og,tilt,,"{""roll_deg"":2.1,""pitch_deg"":1.6,""steady"":true}"
2.000,left_hand,og,flick_angles,,"{""side_deg"":-12.2,""fwd_deg"":17.4}"
2.032,left_hand,og,acc,184522,"{""seq"":96,""x_mg"":268,""y_mg"":-224,""z_mg"":944}"
2.032,left_hand,og,tilt,,"{""roll_deg"":2.1,""pitch_deg"":1.6,""steady"":true}"
2.032,left_hand,og,flick_angles,,"{""side_deg"":-12.3,""fwd_deg"":16.9}"
2.063,left_hand,og,acc,184542,"{""seq"":97,""x_mg"":288,""y_mg"":-204,""z_mg"":936}"
2.063,left_hand,og,tilt,,"{""roll_deg"":2.0,""pitch_deg"":1.6,""steady"":true}"
2.063,left_hand,og,flick_angles,,"{""side_deg"":-12.3,""fwd_deg"":16.6}"
2.063,left_hand,og,acc,184563,"{""seq"":98,""x_mg"":272,""y_mg"":-176,""z_mg"":972}"
2.063,left_hand,og,tremor,,"{""rms_mg"":12.4,""peak_hz"":8.3}"
2.063,left_hand,og,tilt,,"{""roll_deg"":2.0,""pitch_deg"":1.4,""steady"":true}"
2.063,left_hand,og,flick_angles,,"{""side_deg"":-12.3,""fwd_deg"":16.2}"
2.079,left_hand,og,acc,184583,"{""seq"":99,""x_mg"":244,""y_mg"":-156,""z_mg"":996}"
2.079,left_hand,og,tilt,,"{""roll_deg"":2.0,""pitch_deg"":1.3,""steady"":true}"
2.079,left_hand,og,flick_angles,,"{""side_deg"":-11.3,""fwd_deg"":15.9}"
2.110,left_hand,og,acc,184604,"{""seq"":100,""x_mg"":204,""y_mg"":-148,""z_mg"":1012}"
2.110,left_hand,og,tilt,,"{""roll_deg"":2.3,""pitch_deg"":1.1,""steady"":true}"
2.110,left_hand,og,flick_angles,,"{""side_deg"":-10.1,""fwd_deg"":14.9}"
2.141,left_hand,og,acc,184624,"{""seq"":101,""x_mg"":236,""y_mg"":-140,""z_mg"":968}"
2.141,left_hand,og,tilt,,"{""roll_deg"":2.6,""pitch_deg"":0.7,""steady"":true}"
2.141,left_hand,og,flick_angles,,"{""side_deg"":-9.2,""fwd_deg"":14.3}"
2.141,left_hand,og,acc,184645,"{""seq"":102,""x_mg"":288,""y_mg"":-148,""z_mg"":904}"
2.141,left_hand,og,tilt,,"{""roll_deg"":3.0,""pitch_deg"":0.4,""steady"":true}"
2.141,left_hand,og,flick_angles,,"{""side_deg"":-8.8,""fwd_deg"":14.0}"
2.172,left_hand,og,acc,184666,"{""seq"":103,""x_mg"":308,""y_mg"":-152,""z_mg"":908}"
2.172,left_hand,og,tilt,,"{""roll_deg"":3.3,""pitch_deg"":0.1,""steady"":true}"
2.172,left_hand,og,flick_angles,,"{""side_deg"":-9.0,""fwd_deg"":15.8}"
2.204,left_hand,og,acc,184686,"{""seq"":104,""x_mg"":308,""y_mg"":-132,""z_mg"":988}"
2.204,left_hand,og,tilt,,"{""roll_deg"":3.6,""pitch_deg"":0.2,""steady"":true}"
2.204,left_hand,og,flick_angles,,"{""side_deg"":-9.2,""fwd_deg"":16.8}"
2.204,left_hand,og,acc,184707,"{""seq"":105,""x_mg"":288,""y_mg"":-248,""z_mg"":924}"
2.204,left_hand,og,tilt,,"{""roll_deg"":3.7,""pitch_deg"":0.4,""steady"":true}"
2.204,left_hand,og,flick_angles,,"{""side_deg"":-9.3,""fwd_deg"":17.0}"
2.235,left_hand,og,acc,184727,"{""seq"":106,""x_mg"":300,""y_mg"":-432,""z_mg"":832}"
2.235,left_hand,og,tilt,,"{""roll_deg"":3.9,""pitch_deg"":0.5,""steady"":true}"
2.235,left_hand,og,flick_angles,,"{""side_deg"":-12.2,""fwd_deg"":17.2}"
2.266,left_hand,og,acc,184748,"{""seq"":107,""x_mg"":324,""y_mg"":-544,""z_mg"":800}"
2.266,left_hand,og,tilt,,"{""roll_deg"":3.3,""pitch_deg"":0.8,""steady"":true}"
2.266,left_hand,og,flick_angles,,"{""side_deg"":-19.8,""fwd_deg"":18.5}"
2.266,left_hand,game,flick,,"{""dir"":""left"",""result"":""none""}"
2.266,left_hand,og,acc,184768,"{""seq"":108,""x_mg"":308,""y_mg"":-552,""z_mg"":824}"
2.266,left_hand,og,tilt,,"{""roll_deg"":1.3,""pitch_deg"":1.2,""steady"":true}"
2.266,left_hand,og,flick_angles,,"{""side_deg"":-26.8,""fwd_deg"":19.5}"
2.297,left_hand,og,acc,184789,"{""seq"":109,""x_mg"":260,""y_mg"":-420,""z_mg"":824}"
2.297,left_hand,og,tilt,,"{""roll_deg"":-0.4,""pitch_deg"":1.5,""steady"":true}"
2.297,left_hand,og,flick_angles,,"{""side_deg"":-30.3,""fwd_deg"":20.0}"
2.313,left_hand,og,acc,184810,"{""seq"":110,""x_mg"":228,""y_mg"":-372,""z_mg"":852}"
2.313,left_hand,og,tilt,,"{""roll_deg"":-1.9,""pitch_deg"":1.8,""steady"":true}"
2.313,left_hand,og,flick_angles,,"{""side_deg"":-28.7,""fwd_deg"":18.8}"
2.344,left_hand,og,acc,184830,"{""seq"":111,""x_mg"":228,""y_mg"":-524,""z_mg"":820}"
2.344,left_hand,og,tilt,,"{""roll_deg"":-3.9,""pitch_deg"":1.8,""steady"":true}"
2.344,left_hand,og,flick_angles,,"{""side_deg"":-27.8,""fwd_deg"":17.1}"
2.344,left_hand,og,acc,184851,"{""seq"":112,""x_mg"":232,""y_mg"":-684,""z_mg"":784}"
2.344,left_hand,og,tilt,,"{""roll_deg"":-5.6,""pitch_deg"":1.7,""steady"":true}"
2.344,left_hand,og,flick_angles,,"{""side_deg"":-30.2,""fwd_deg"":16.3}"
2.375,left_hand,og,acc,184871,"{""seq"":113,""x_mg"":236,""y_mg"":-696,""z_mg"":796}"
2.375,left_hand,og,tilt,,"{""roll_deg"":-7.2,""pitch_deg"":1.5,""steady"":true}"
2.375,left_hand,og,flick_angles,,"{""side_deg"":-35.7,""fwd_deg"":16.4}"
2.407,left_hand,og,acc,184892,"{""seq"":114,""x_mg"":228,""y_mg"":-564,""z_mg"":784}"
2.407,left_hand,og,tilt,,"{""roll_deg"":-8.9,""pitch_deg"":1.4,""steady"":true}"
2.407,left_hand,og,flick_angles,,"{""side_deg"":-38.4,""fwd_deg"":16.4}"
2.407,left_hand,og,acc,184912,"{""seq"":115,""x_mg"":228,""y_mg"":-628,""z_mg"":792}"
2.407,left_hand,og,tilt,,"{""roll_deg"":-10.7,""pitch_deg"":1.3,""steady"":true}"
2.407,left_hand,og,flick_angles,,"{""side_deg"":-38.4,""fwd_deg"":16.3}"
2.438,left_hand,og,acc,184933,"{""seq"":116,""x_mg"":232,""y_mg"":-704,""z_mg"":788}"
2.438,left_hand,og,tilt,,"{""roll_deg"":-12.6,""pitch_deg"":1.2,""steady"":true}"
2.438,left_hand,og,flick_angles,,"{""side_deg"":-38.4,""fwd_deg"":16.3}"
2.469,left_hand,og,acc,184953,"{""seq"":117,""x_mg"":224,""y_mg"":-656,""z_mg"":764}"
2.469,left_hand,og,tilt,,"{""roll_deg"":-14.3,""pitch_deg"":1.1,""steady"":true}"
2.469,left_hand,og,flick_angles,,"{""side_deg"":-39.5,""fwd_deg"":16.3}"
2.469,left_hand,og,acc,184974,"{""seq"":118,""x_mg"":216,""y_mg"":-568,""z_mg"":792}"
2.469,left_hand,og,tilt,,"{""roll_deg"":-15.5,""pitch_deg"":1.0,""steady"":true}"
2.469,left_hand,og,flick_angles,,"{""side_deg"":-40.1,""fwd_deg"":16.3}"
2.500,left_hand,og,acc,184995,"{""seq"":119,""x_mg"":236,""y_mg"":-604,""z_mg"":792}"
2.500,left_hand,og,tilt,,"{""roll_deg"":-16.5,""pitch_deg"":0.9,""steady"":true}"
2.500,left_hand,og,flick_angles,,"{""side_deg"":-38.7,""fwd_deg"":16.3}"
2.516,left_hand,og,acc,185015,"{""seq"":120,""x_mg"":236,""y_mg"":-660,""z_mg"":760}"
2.516,left_hand,og,tilt,,"{""roll_deg"":-17.7,""pitch_deg"":0.9,""steady"":true}"
2.516,left_hand,og,flick_angles,,"{""side_deg"":-38.0,""fwd_deg"":16.5}"
2.547,left_hand,og,acc,185036,"{""seq"":121,""x_mg"":240,""y_mg"":-700,""z_mg"":752}"
2.547,left_hand,og,tilt,,"{""roll_deg"":-18.7,""pitch_deg"":0.9,""steady"":true}"
2.547,left_hand,og,flick_angles,,"{""side_deg"":-39.5,""fwd_deg"":16.9}"
2.547,left_hand,og,acc,185056,"{""seq"":122,""x_mg"":236,""y_mg"":-708,""z_mg"":744}"
2.547,left_hand,og,tilt,,"{""roll_deg"":-19.7,""pitch_deg"":0.9,""steady"":true}"
2.547,left_hand,og,flick_angles,,"{""side_deg"":-41.2,""fwd_deg"":17.2}"
2.594,left_hand,og,acc,185077,"{""seq"":123,""x_mg"":236,""y_mg"":-608,""z_mg"":744}"
2.594,left_hand,og,tilt,,"{""roll_deg"":-20.5,""pitch_deg"":1.0,""steady"":true}"
2.594,left_hand,og,flick_angles,,"{""side_deg"":-42.1,""fwd_deg"":17.4}"
2.625,left_hand,og,acc,185097,"{""seq"":124,""x_mg"":208,""y_mg"":-552,""z_mg"":768}"
2.625,left_hand,og,tilt,,"{""roll_deg"":-21.3,""pitch_deg"":1.1,""steady"":true}"
2.625,left_hand,og,flick_angles,,"{""side_deg"":-40.7,""fwd_deg"":17.5}"
2.625,left_hand,og,acc,185118,"{""seq"":125,""x_mg"":208,""y_mg"":-588,""z_mg"":756}"
2.625,left_hand,og,tilt,,"{""roll_deg"":-21.7,""pitch_deg"":1.2,""steady"":true}"
2.625,left_hand,og,flick_angles,,"{""side_deg"":-39.3,""fwd_deg"":16.4}"
2.657,left_hand,og,acc,185139,"{""seq"":126,""x_mg"":224,""y_mg"":-716,""z_mg"":720}"
2.657,left_hand,og,tilt,,"{""roll_deg"":-22.1,""pitch_deg"":1.2,""steady"":true}"
2.657,left_hand,og,flick_angles,,"{""side_deg"":-38.6,""fwd_deg"":15.9}"
2.657,left_hand,og,acc,185159,"{""seq"":127,""x_mg"":224,""y_mg"":-692,""z_mg"":700}"
2.657,left_hand,og,tilt,,"{""roll_deg"":-22.5,""pitch_deg"":1.2,""steady"":true}"
2.657,left_hand,og,flick_angles,,"{""side_deg"":-41.6,""fwd_deg"":16.6}"
2.657,left_hand,game,flick,,"{""dir"":""left"",""result"":""none""}"
2.688,left_hand,og,acc,185180,"{""seq"":128,""x_mg"":204,""y_mg"":-628,""z_mg"":688}"
2.688,left_hand,og,tilt,,"{""roll_deg"":-23.1,""pitch_deg"":1.2,""steady"":true}"
2.688,left_hand,og,flick_angles,,"{""side_deg"":-43.1,""fwd_deg"":16.9}"
2.704,left_hand,og,acc,185200,"{""seq"":129,""x_mg"":196,""y_mg"":-584,""z_mg"":688}"
2.704,left_hand,og,tilt,,"{""roll_deg"":-23.7,""pitch_deg"":1.1,""steady"":true}"
2.704,left_hand,og,flick_angles,,"{""side_deg"":-42.8,""fwd_deg"":16.7}"
2.704,left_hand,og,acc,185221,"{""seq"":130,""x_mg"":188,""y_mg"":-692,""z_mg"":672}"
2.704,left_hand,og,tilt,,"{""roll_deg"":-24.5,""pitch_deg"":1.0,""steady"":true}"
2.704,left_hand,og,flick_angles,,"{""side_deg"":-42.6,""fwd_deg"":16.3}"
2.735,left_hand,og,acc,185241,"{""seq"":131,""x_mg"":180,""y_mg"":-844,""z_mg"":672}"
2.735,left_hand,og,tilt,,"{""roll_deg"":-25.2,""pitch_deg"":0.9,""steady"":true}"
2.735,left_hand,og,flick_angles,,"{""side_deg"":-44.2,""fwd_deg"":16.0}"
2.766,left_hand,og,acc,185262,"{""seq"":132,""x_mg"":164,""y_mg"":-848,""z_mg"":648}"
2.766,left_hand,og,tilt,,"{""roll_deg"":-26.0,""pitch_deg"":0.8,""steady"":true}"
2.766,left_hand,og,flick_angles,,"{""side_deg"":-47.8,""fwd_deg"":15.5}"
2.797,left_hand,og,acc,185283,"{""seq"":133,""x_mg"":160,""y_mg"":-752,""z_mg"":668}"
2.797,left_hand,og,tilt,,"{""roll_deg"":-27.0,""pitch_deg"":0.6,""steady"":true}"
2.797,left_hand,og,flick_angles,,"{""side_deg"":-49.7,""fwd_deg"":14.8}"
2.797,left_hand,og,acc,185303,"{""seq"":134,""x_mg"":144,""y_mg"":-804,""z_mg"":632}"
2.797,left_hand,og,tilt,,"{""roll_deg"":-28.2,""pitch_deg"":0.3,""steady"":true}"
2.797,left_hand,og,flick_angles,,"{""side_deg"":-50.7,""fwd_deg"":14.2}"
2.829,left_hand,og,acc,185324,"{""seq"":135,""x_mg"":152,""y_mg"":-880,""z_mg"":612}"
2.829,left_hand,og,tilt,,"{""roll_deg"":-29.3,""pitch_deg"":0.0,""steady"":true}"
2.829,left_hand,og,flick_angles,,"{""side_deg"":-51.3,""fwd_deg"":13.8}"
2.860,left_hand,og,acc,185344,"{""seq"":136,""x_mg"":148,""y_mg"":-824,""z_mg"":576}"
2.860,left_hand,og,tilt,,"{""roll_deg"":-30.4,""pitch_deg"":-0.2,""steady"":true}"
2.860,left_hand,og,flick_angles,,"{""side_deg"":-53.2,""fwd_deg"":13.9}"
2.860,left_hand,og,acc,185365,"{""seq"":137,""x_mg"":112,""y_mg"":-756,""z_mg"":592}"
2.860,left_hand,og,tilt,,"{""roll_deg"":-31.3,""pitch_deg"":-0.5,""steady"":true}"
2.860,left_hand,og,flick_angles,,"{""side_deg"":-54.1,""fwd_deg"":13.9}"
2.891,left_hand,og,acc,185385,"{""seq"":138,""x_mg"":88,""y_mg"":-808,""z_mg"":592}"
2.891,left_hand,og,tilt,,"{""roll_deg"":-32.3,""pitch_deg"":-0.8,""steady"":true}"
2.891,left_hand,og,flick_angles,,"{""side_deg"":-53.9,""fwd_deg"":12.3}"
2.907,left_hand,og,acc,185406,"{""seq"":139,""x_mg"":84,""y_mg"":-844,""z_mg"":560}"
2.907,left_hand,og,tilt,,"{""roll_deg"":-33.3,""pitch_deg"":-1.3,""steady"":true}"
2.907,left_hand,og,flick_angles,,"{""side_deg"":-53.9,""fwd_deg"":10.4}"
2.907,left_hand,og,acc,185426,"{""seq"":140,""x_mg"":88,""y_mg"":-848,""z_mg"":540}"
2.907,left_hand,og,tilt,,"{""roll_deg"":-34.2,""pitch_deg"":-1.9,""steady"":true}"
2.907,left_hand,og,flick_angles,,"{""side_deg"":-55.1,""fwd_deg"":9.5}"
2.938,left_hand,og,acc,185447,"{""seq"":141,""x_mg"":88,""y_mg"":-816,""z_mg"":532}"
2.938,left_hand,og,tilt,,"{""roll_deg"":-35.1,""pitch_deg"":-2.5,""steady"":true}"
2.938,left_hand,og,flick_angles,,"{""side_deg"":-56.0,""fwd_deg"":9.4}"
2.969,left_hand,og,acc,185468,"{""seq"":142,""x_mg"":88,""y_mg"":-812,""z_mg"":528}"
2.969,left_hand,og,tilt,,"{""roll_deg"":-36.0,""pitch_deg"":-3.0,""steady"":true}"
2.969,left_hand,og,flick_angles,,"{""side_deg"":-56.5,""fwd_deg"":9.4}"
3.000,left_hand,og,acc,185488,"{""seq"":143,""x_mg"":88,""y_mg"":-824,""z_mg"":536}"
3.000,left_hand,og,tilt,,"{""roll_deg"":-36.8,""pitch_deg"":-3.4,""steady"":true}"
3.000,left_hand,og,flick_angles,,"{""side_deg"":-56.7,""fwd_deg"":9.4}"
3.000,left_hand,og,acc,185509,"{""seq"":144,""x_mg"":64,""y_mg"":-820,""z_mg"":536}"
3.000,left_hand,og,tilt,,"{""roll_deg"":-37.5,""pitch_deg"":-3.8,""steady"":true}"
3.000,left_hand,og,flick_angles,,"{""side_deg"":-56.8,""fwd_deg"":9.4}"
3.032,left_hand,og,acc,185529,"{""seq"":145,""x_mg"":48,""y_mg"":-816,""z_mg"":536}"
3.032,left_hand,og,tilt,,"{""roll_deg"":-38.2,""pitch_deg"":-4.1,""steady"":true}"
3.032,left_hand,og,flick_angles,,"{""side_deg"":-56.8,""fwd_deg"":8.1}"
3.063,left_hand,og,acc,185550,"{""seq"":146,""x_mg"":24,""y_mg"":-860,""z_mg"":528}"
3.063,left_hand,og,tilt,,"{""roll_deg"":-38.7,""pitch_deg"":-4.7,""steady"":true}"
3.063,left_hand,og,flick_angles,,"{""side_deg"":-56.8,""fwd_deg"":6.6}"
3.063,left_hand,og,acc,185570,"{""seq"":147,""x_mg"":16,""y_mg"":-916,""z_mg"":500}"
3.063,left_hand,og,tilt,,"{""roll_deg"":-39.2,""pitch_deg"":-5.4,""steady"":true}"
3.063,left_hand,og,flick_angles,,"{""side_deg"":-57.6,""fwd_deg"":4.6}"
3.094,left_hand,og,acc,185591,"{""seq"":148,""x_mg"":12,""y_mg"":-888,""z_mg"":496}"
3.094,left_hand,og,tilt,,"{""roll_deg"":-39.8,""pitch_deg"":-6.4,""steady"":true}"
3.094,left_hand,og,flick_angles,,"{""side_deg"":-59.2,""fwd_deg"":3.2}"
3.094,left_hand,og,acc,185612,"{""seq"":149,""x_mg"":12,""y_mg"":-892,""z_mg"":516}"
3.094,left_hand,og,tilt,,"{""roll_deg"":-40.5,""pitch_deg"":-7.3,""steady"":true}"
3.094,left_hand,og,flick_angles,,"{""side_deg"":-60.0,""fwd_deg"":2.3}"
3.125,left_hand,og,acc,185632,"{""seq"":150,""x_mg"":24,""y_mg"":-944,""z_mg"":492}"
3.125,left_hand,og,tilt,,"{""roll_deg"":-41.2,""pitch_deg"":-8.1,""steady"":true}"
3.125,left_hand,og,flick_angles,,"{""side_deg"":-60.4,""fwd_deg"":1.8}"
3.157,left_hand,og,acc,185653,"{""seq"":151,""x_mg"":0,""y_mg"":-940,""z_mg"":484}"
3.157,left_hand,og,tilt,,"{""roll_deg"":-41.9,""pitch_deg"":-8.9,""steady"":true}"
3.157,left_hand,og,flick_angles,,"{""side_deg"":-61.4,""fwd_deg"":1.6}"
3.188,left_hand,og,acc,185673,"{""seq"":152,""x_mg"":-8,""y_mg"":-864,""z_mg"":480}"
3.188,left_hand,og,tilt,,"{""roll_deg"":-42.5,""pitch_deg"":-9.6,""steady"":true}"
3.188,left_hand,og,flick_angles,,"{""side_deg"":-62.0,""fwd_deg"":0.8}"
3.219,left_hand,og,acc,185694,"{""seq"":153,""x_mg"":-24,""y_mg"":-844,""z_mg"":480}"
3.219,left_hand,og,tilt,,"{""roll_deg"":-43.0,""pitch_deg"":-10.3,""steady"":true}"
3.219,left_hand,og,flick_angles,,"{""side_deg"":-61.5,""fwd_deg"":-0.1}"
3.219,left_hand,og,acc,185714,"{""seq"":154,""x_mg"":-20,""y_mg"":-876,""z_mg"":496}"
3.219,left_hand,og,tilt,,"{""roll_deg"":-43.4,""pitch_deg"":-11.1,""steady"":true}"
3.219,left_hand,og,flick_angles,,"{""side_deg"":-61.0,""fwd_deg"":-1.2}"
3.250,left_hand,og,acc,185735,"{""seq"":155,""x_mg"":24,""y_mg"":-892,""z_mg"":476}"
3.250,left_hand,og,tilt,,"{""roll_deg"":-43.8,""pitch_deg"":-11.8,""steady"":true}"
3.250,left_hand,og,flick_angles,,"{""side_deg"":-60.7,""fwd_deg"":-1.8}"
3.250,left_hand,og,acc,185755,"{""seq"":156,""x_mg"":40,""y_mg"":-876,""z_mg"":484}"
3.250,left_hand,og,tilt,,"{""roll_deg"":-44.2,""pitch_deg"":-12.4,""steady"":true}"
3.250,left_hand,og,flick_angles,,"{""side_deg"":-60.9,""fwd_deg"":0.6}"
3.282,left_hand,og,acc,185776,"{""seq"":157,""x_mg"":32,""y_mg"":-864,""z_mg"":488}"
3.282,left_hand,og,tilt,,"{""roll_deg"":-44.4,""pitch_deg"":-12.5,""steady"":true}"
3.282,left_hand,og,flick_angles,,"{""side_deg"":-61.0,""fwd_deg"":2.2}"
3.313,left_hand,og,acc,185797,"{""seq"":158,""x_mg"":40,""y_mg"":-836,""z_mg"":508}"
3.313,left_hand,og,tilt,,"{""roll_deg"":-44.6,""pitch_deg"":-12.4,""steady"":true}"
3.313,left_hand,og,flick_angles,,"{""side_deg"":-60.8,""fwd_deg"":3.3}"
3.313,left_hand,og,acc,185817,"{""seq"":159,""x_mg"":56,""y_mg"":-836,""z_mg"":496}"
3.313,left_hand,og,tilt,,"{""roll_deg"":-44.8,""pitch_deg"":-12.3,""steady"":true}"
3.313,left_hand,og,flick_angles,,"{""side_deg"":-60.0,""fwd_deg"":3.9}"
3.329,left_hand,og,acc,185838,"{""seq"":160,""x_mg"":76,""y_mg"":-828,""z_mg"":508}"
3.329,left_hand,og,tilt,,"{""roll_deg"":-44.9,""pitch_deg"":-12.2,""steady"":true}"
3.329,left_hand,og,flick_angles,,"{""side_deg"":-59.4,""fwd_deg"":5.2}"
3.360,left_hand,og,acc,185858,"{""seq"":161,""x_mg"":92,""y_mg"":-868,""z_mg"":552}"
3.360,left_hand,og,tilt,,"{""roll_deg"":-44.8,""pitch_deg"":-11.8,""steady"":true}"
3.360,left_hand,og,flick_angles,,"{""side_deg"":-58.9,""fwd_deg"":6.8}"
3.391,left_hand,og,acc,185879,"{""seq"":162,""x_mg"":84,""y_mg"":-880,""z_mg"":564}"
3.391,left_hand,og,tilt,,"{""roll_deg"":-44.7,""pitch_deg"":-11.3,""steady"":true}"
3.391,left_hand,og,flick_angles,,"{""side_deg"":-58.2,""fwd_deg"":7.7}"
3.422,left_hand,og,acc,185899,"{""seq"":163,""x_mg"":60,""y_mg"":-860,""z_mg"":556}"
3.422,left_hand,og,tilt,,"{""roll_deg"":-44.6,""pitch_deg"":-10.8,""steady"":true}"
3.422,left_hand,og,flick_angles,,"{""side_deg"":-57.8,""fwd_deg"":8.1}"
3.422,left_hand,og,acc,185920,"{""seq"":164,""x_mg"":68,""y_mg"":-856,""z_mg"":568}"
3.422,left_hand,og,tilt,,"{""roll_deg"":-44.4,""pitch_deg"":-10.4,""steady"":true}"
3.422,left_hand,og,flick_angles,,"{""side_deg"":-57.5,""fwd_deg"":7.5}"
3.454,left_hand,og,acc,185941,"{""seq"":165,""x_mg"":68,""y_mg"":-884,""z_mg"":580}"
3.454,left_hand,og,tilt,,"{""roll_deg"":-44.2,""pitch_deg"":-10.3,""steady"":true}"
3.454,left_hand,og,flick_angles,,"{""side_deg"":-57.1,""fwd_deg"":7.1}"
3.454,left_hand,og,acc,185961,"{""seq"":166,""x_mg"":56,""y_mg"":-892,""z_mg"":608}"
3.454,left_hand,og,tilt,,"{""roll_deg"":-44.0,""pitch_deg"":-10.1,""steady"":true}"
3.454,left_hand,og,flick_angles,,"{""side_deg"":-56.8,""fwd_deg"":6.9}"
3.485,left_hand,og,acc,185982,"{""seq"":167,""x_mg"":56,""y_mg"":-820,""z_mg"":612}"
3.485,left_hand,og,tilt,,"{""roll_deg"":-43.8,""pitch_deg"":-10.1,""steady"":true}"
3.485,left_hand,og,flick_angles,,"{""side_deg"":-56.2,""fwd_deg"":6.1}"
3.516,left_hand,og,acc,186002,"{""seq"":168,""x_mg"":64,""y_mg"":-732,""z_mg"":640}"
3.516,left_hand,og,tilt,,"{""roll_deg"":-43.5,""pitch_deg"":-10.1,""steady"":true}"
3.516,left_hand,og,flick_angles,,"{""side_deg"":-54.8,""fwd_deg"":5.7}"
3.516,left_hand,og,acc,186023,"{""seq"":169,""x_mg"":64,""y_mg"":-720,""z_mg"":676}"
3.516,left_hand,og,tilt,,"{""roll_deg"":-43.0,""pitch_deg"":-10.1,""steady"":true}"
3.516,left_hand,og,flick_angles,,"{""side_deg"":-51.8,""fwd_deg"":5.5}"
3.532,left_hand,og,acc,186043,"{""seq"":170,""x_mg"":48,""y_mg"":-760,""z_mg"":692}"
3.532,left_hand,og,tilt,,"{""roll_deg"":-41.9,""pitch_deg"":-10.2,""steady"":true}"
3.532,left_hand,og,flick_angles,,"{""side_deg"":-49.7,""fwd_deg"":5.5}"
3.563,left_hand,og,acc,186064,"{""seq"":171,""x_mg"":16,""y_mg"":-752,""z_mg"":724}"
3.563,left_hand,og,tilt,,"{""roll_deg"":-40.9,""pitch_deg"":-10.3,""steady"":true}"
3.563,left_hand,og,flick_angles,,"{""side_deg"":-48.3,""fwd_deg"":4.7}"
3.594,left_hand,og,acc,186085,"{""seq"":172,""x_mg"":-12,""y_mg"":-720,""z_mg"":680}"
3.594,left_hand,og,tilt,,"{""roll_deg"":-39.9,""pitch_deg"":-10.5,""steady"":true}"
3.594,left_hand,og,flick_angles,,"{""side_deg"":-47.5,""fwd_deg"":3.0}"
3.610,,game,miss,,"{""n"":1,""want"":""left""}"
3.610,left_hand,og,acc,186105,"{""seq"":173,""x_mg"":4,""y_mg"":-608,""z_mg"":700}"
3.610,left_hand,og,tilt,,"{""roll_deg"":-39.0,""pitch_deg"":-11.0,""steady"":true}"
3.610,left_hand,og,flick_angles,,"{""side_deg"":-46.8,""fwd_deg"":1.7}"
3.641,left_hand,og,acc,186126,"{""seq"":174,""x_mg"":-16,""y_mg"":-604,""z_mg"":744}"
3.641,left_hand,og,tilt,,"{""roll_deg"":-38.1,""pitch_deg"":-11.5,""steady"":true}"
3.641,left_hand,og,flick_angles,,"{""side_deg"":-43.9,""fwd_deg"":0.3}"
3.641,left_hand,og,acc,186146,"{""seq"":175,""x_mg"":-52,""y_mg"":-640,""z_mg"":756}"
3.641,left_hand,og,tilt,,"{""roll_deg"":-36.8,""pitch_deg"":-12.1,""steady"":true}"
3.641,left_hand,og,flick_angles,,"{""side_deg"":-42.1,""fwd_deg"":-0.5}"
3.672,left_hand,og,acc,186167,"{""seq"":176,""x_mg"":-44,""y_mg"":-640,""z_mg"":724}"
3.672,left_hand,og,tilt,,"{""roll_deg"":-35.6,""pitch_deg"":-12.7,""steady"":true}"
3.672,left_hand,og,flick_angles,,"{""side_deg"":-41.2,""fwd_deg"":-2.0}"
3.704,left_hand,og,acc,186187,"{""seq"":177,""x_mg"":4,""y_mg"":-544,""z_mg"":752}"
3.704,left_hand,og,tilt,,"{""roll_deg"":-34.4,""pitch_deg"":-13.3,""steady"":true}"
3.704,left_hand,og,flick_angles,,"{""side_deg"":-40.7,""fwd_deg"":-2.7}"
3.704,left_hand,og,acc,186208,"{""seq"":178,""x_mg"":80,""y_mg"":-480,""z_mg"":752}"
3.704,left_hand,og,tilt,,"{""roll_deg"":-33.3,""pitch_deg"":-13.7,""steady"":true}"
3.704,left_hand,og,flick_angles,,"{""side_deg"":-38.3,""fwd_deg"":-1.2}"
3.735,left_hand,og,acc,186229,"{""seq"":179,""x_mg"":108,""y_mg"":-444,""z_mg"":772}"
3.735,left_hand,og,tilt,,"{""roll_deg"":-31.9,""pitch_deg"":-14.0,""steady"":true}"
3.735,left_hand,og,flick_angles,,"{""side_deg"":-35.4,""fwd_deg"":2.4}"
3.735,left_hand,game,flick,,"{""dir"":""up"",""result"":""none""}"
3.735,left_hand,og,acc,186249,"{""seq"":180,""x_mg"":92,""y_mg"":-452,""z_mg"":772}"
3.735,left_hand,og,tilt,,"{""roll_deg"":-30.2,""pitch_deg"":-13.5,""steady"":true}"
3.735,left_hand,og,flick_angles,,"{""side_deg"":-32.9,""fwd_deg"":4.6}"
3.766,left_hand,og,acc,186270,"{""seq"":181,""x_mg"":144,""y_mg"":-464,""z_mg"":772}"
3.766,left_hand,og,tilt,,"{""roll_deg"":-28.6,""pitch_deg"":-12.9,""steady"":true}"
3.766,left_hand,og,flick_angles,,"{""side_deg"":-31.6,""fwd_deg"":6.3}"
3.797,left_hand,og,acc,186290,"{""seq"":182,""x_mg"":272,""y_mg"":-456,""z_mg"":784}"
3.797,left_hand,og,tilt,,"{""roll_deg"":-27.1,""pitch_deg"":-12.3,""steady"":true}"
3.797,left_hand,og,flick_angles,,"{""side_deg"":-31.0,""fwd_deg"":8.4}"
3.797,left_hand,og,acc,186311,"{""seq"":183,""x_mg"":404,""y_mg"":-388,""z_mg"":864}"
3.797,left_hand,og,tilt,,"{""roll_deg"":-25.8,""pitch_deg"":-11.5,""steady"":true}"
3.797,left_hand,og,flick_angles,,"{""side_deg"":-30.6,""fwd_deg"":13.8}"
3.829,left_hand,og,acc,186331,"{""seq"":184,""x_mg"":440,""y_mg"":-324,""z_mg"":924}"
3.829,left_hand,og,tilt,,"{""roll_deg"":-24.6,""pitch_deg"":-9.7,""steady"":true}"
3.829,left_hand,og,flick_angles,,"{""side_deg"":-27.4,""fwd_deg"":19.4}"
3.860,left_hand,og,acc,186352,"{""seq"":185,""x_mg"":388,""y_mg"":-340,""z_mg"":936}"
3.860,left_hand,og,tilt,,"{""roll_deg"":-22.8,""pitch_deg"":-7.8,""steady"":true}"
3.860,left_hand,og,flick_angles,,"{""side_deg"":-23.7,""fwd_deg"":22.2}"
3.860,left_hand,og,acc,186372,"{""seq"":186,""x_mg"":384,""y_mg"":-352,""z_mg"":908}"
3.860,left_hand,og,tilt,,"{""roll_deg"":-20.9,""pitch_deg"":-6.0,""steady"":true}"
3.860,left_hand,og,flick_angles,,"{""side_deg"":-21.8,""fwd_deg"":22.6}"
3.891,left_hand,og,acc,186393,"{""seq"":187,""x_mg"":416,""y_mg"":-256,""z_mg"":864}"
3.891,left_hand,og,tilt,,"{""roll_deg"":-19.1,""pitch_deg"":-4.2,""steady"":true}"
3.891,left_hand,og,flick_angles,,"{""side_deg"":-20.9,""fwd_deg"":22.8}"
3.922,left_hand,og,acc,186414,"{""seq"":188,""x_mg"":404,""y_mg"":-200,""z_mg"":944}"
3.922,left_hand,og,tilt,,"{""roll_deg"":-17.4,""pitch_deg"":-2.8,""steady"":true}"
3.922,left_hand,og,flick_angles,,"{""side_deg"":-18.7,""fwd_deg"":23.0}"
3.922,left_hand,og,acc,186434,"{""seq"":189,""x_mg"":404,""y_mg"":-316,""z_mg"":1008}"
3.922,left_hand,og,tilt,,"{""roll_deg"":-15.7,""pitch_deg"":-1.6,""steady"":true}"
3.922,left_hand,og,flick_angles,,"{""side_deg"":-17.6,""fwd_deg"":23.1}"
3.954,left_hand,og,acc,186455,"{""seq"":190,""x_mg"":456,""y_mg"":-516,""z_mg"":980}"
3.954,left_hand,og,tilt,,"{""roll_deg"":-14.2,""pitch_deg"":-0.5,""steady"":true}"
3.954,left_hand,og,flick_angles,,"{""side_deg"":-17.5,""fwd_deg"":23.1}"
3.985,left_hand,og,acc,186475,"{""seq"":191,""x_mg"":488,""y_mg"":-520,""z_mg"":944}"
3.985,left_hand,og,tilt,,"{""roll_deg"":-12.9,""pitch_deg"":0.6,""steady"":true}"
3.985,left_hand,og,flick_angles,,"{""side_deg"":-22.6,""fwd_deg"":24.0}"
4.016,left_hand,og,acc,186496,"{""seq"":192,""x_mg"":440,""y_mg"":-380,""z_mg"":904}"
4.016,left_hand,og,tilt,,"{""roll_deg"":-12.3,""pitch_deg"":1.6,""steady"":true}"
4.016,left_hand,og,flick_angles,,"{""side_deg"":-25.2,""fwd_deg"":25.0}"
4.016,left_hand,og,acc,186516,"{""seq"":193,""x_mg"":436,""y_mg"":-248,""z_mg"":904}"
4.016,left_hand,og,tilt,,"{""roll_deg"":-11.9,""pitch_deg"":2.6,""steady"":true}"
4.016,left_hand,og,flick_angles,,"{""side_deg"":-24.0,""fwd_deg"":25.5}"
4.047,left_hand,og,acc,186537,"{""seq"":194,""x_mg"":452,""y_mg"":-188,""z_mg"":908}"
4.047,left_hand,og,tilt,,"{""roll_deg"":-11.5,""pitch_deg"":3.5,""steady"":true}"
4.047,left_hand,og,flick_angles,,"{""side_deg"":-19.7,""fwd_deg"":25.7}"
4.079,left_hand,og,acc,186558,"{""seq"":195,""x_mg"":444,""y_mg"":-236,""z_mg"":880}"
4.079,left_hand,og,tilt,,"{""roll_deg"":-10.2,""pitch_deg"":4.4,""steady"":true}"
4.079,left_hand,og,flick_angles,,"{""side_deg"":-17.3,""fwd_deg"":26.1}"
4.079,left_hand,og,acc,186578,"{""seq"":196,""x_mg"":408,""y_mg"":-212,""z_mg"":844}"
4.079,left_hand,og,tremor,,"{""rms_mg"":49.0,""peak_hz"":10.1}"
4.079,left_hand,og,tilt,,"{""roll_deg"":-9.1,""pitch_deg"":5.0,""steady"":true}"
4.079,left_hand,og,flick_angles,,"{""side_deg"":-15.7,""fwd_deg"":26.3}"
4.110,left_hand,og,acc,186599,"{""seq"":197,""x_mg"":340,""y_mg"":-164,""z_mg"":860}"
4.110,left_hand,og,tilt,,"{""roll_deg"":-8.0,""pitch_deg"":5.6,""steady"":true}"
4.110,left_hand,og,flick_angles,,"{""side_deg"":-14.9,""fwd_deg"":26.0}"
4.141,left_hand,og,acc,186619,"{""seq"":198,""x_mg"":320,""y_mg"":-140,""z_mg"":840}"
4.141,left_hand,og,tilt,,"{""roll_deg"":-6.7,""pitch_deg"":6.1,""steady"":true}"
4.141,left_hand,og,flick_angles,,"{""side_deg"":-12.9,""fwd_deg"":23.8}"
4.141,left_hand,og,acc,186640,"{""seq"":199,""x_mg"":316,""y_mg"":-156,""z_mg"":824}"
4.141,left_hand,og,tilt,,"{""roll_deg"":-5.5,""pitch_deg"":6.1,""steady"":true}"
4.141,left_hand,og,flick_angles,,"{""side_deg"":-11.8,""fwd_deg"":22.4}"
4.157,left_hand,og,acc,186660,"{""seq"":200,""x_mg"":296,""y_mg"":-192,""z_mg"":784}"
4.157,left_hand,og,tilt,,"{""roll_deg"":-4.4,""pitch_deg"":6.0,""steady"":true}"
4.157,left_hand,og,flick_angles,,"{""side_deg"":-11.3,""fwd_deg"":21.6}"
4.188,left_hand,og,acc,186681,"{""seq"":201,""x_mg"":244,""y_mg"":-188,""z_mg"":764}"
4.188,left_hand,og,tilt,,"{""roll_deg"":-3.5,""pitch_deg"":5.9,""steady"":true}"
4.188,left_hand,og,flick_angles,,"{""side_deg"":-12.5,""fwd_deg"":21.2}"
4.219,left_hand,og,acc,186702,"{""seq"":202,""x_mg"":200,""y_mg"":-192,""z_mg"":800}"
4.219,left_hand,og,tilt,,"{""roll_deg"":-3.0,""pitch_deg"":5.7,""steady"":true}"
4.219,left_hand,og,flick_angles,,"{""side_deg"":-13.1,""fwd_deg"":19.4}"
4.219,left_hand,og,acc,186722,"{""seq"":203,""x_mg"":192,""y_mg"":-216,""z_mg"":784}"
4.219,left_hand,og,tilt,,"{""roll_deg"":-2.5,""pitch_deg"":5.3,""steady"":true}"
4.219,left_hand,og,flick_angles,,"{""side_deg"":-13.5,""fwd_deg"":16.7}"
4.250,left_hand,og,acc,186743,"{""seq"":204,""x_mg"":184,""y_mg"":-228,""z_mg"":792}"
4.250,left_hand,og,tilt,,"{""roll_deg"":-2.2,""pitch_deg"":4.4,""steady"":true}"
4.250,left_hand,og,flick_angles,,"{""side_deg"":-14.4,""fwd_deg"":15.2}"
4.282,left_hand,og,acc,186763,"{""seq"":205,""x_mg"":160,""y_mg"":-200,""z_mg"":868}"
4.282,left_hand,og,tilt,,"{""roll_deg"":-1.9,""pitch_deg"":3.6,""steady"":true}"
4.282,left_hand,og,flick_angles,,"{""side_deg"":-14.9,""fwd_deg"":14.2}"
4.282,left_hand,og,acc,186784,"{""seq"":206,""x_mg"":168,""y_mg"":-224,""z_mg"":864}"
4.282,left_hand,og,tilt,,"{""roll_deg"":-1.7,""pitch_deg"":2.9,""steady"":true}"
4.282,left_hand,og,flick_angles,,"{""side_deg"":-14.7,""fwd_deg"":12.6}"
4.313,left_hand,og,acc,186804,"{""seq"":207,""x_mg"":160,""y_mg"":-244,""z_mg"":832}"
4.313,left_hand,og,tilt,,"{""roll_deg"":-1.6,""pitch_deg"":1.9,""steady"":true}"
4.313,left_hand,og,flick_angles,,"{""side_deg"":-14.6,""fwd_deg"":11.7}"
4.344,left_hand,og,acc,186825,"{""seq"":208,""x_mg"":184,""y_mg"":-284,""z_mg"":740}"
4.344,left_hand,og,tilt,,"{""roll_deg"":-1.6,""pitch_deg"":1.1,""steady"":true}"
4.344,left_hand,og,flick_angles,,"{""side_deg"":-15.5,""fwd_deg"":11.4}"
4.344,left_hand,og,acc,186845,"{""seq"":209,""x_mg"":220,""y_mg"":-300,""z_mg"":684}"
4.344,left_hand,og,tilt,,"{""roll_deg"":-1.7,""pitch_deg"":0.4,""steady"":true}"
4.344,left_hand,og,flick_angles,,"{""side_deg"":-18.2,""fwd_deg"":12.7}"
4.360,left_hand,og,acc,186866,"{""seq"":210,""x_mg"":208,""y_mg"":-248,""z_mg"":716}"
4.375,left_hand,og,tilt,,"{""roll_deg"":-2.1,""pitch_deg"":0.1,""steady"":true}"
4.375,left_hand,og,flick_angles,,"{""side_deg"":-19.6,""fwd_deg"":14.4}"
4.391,left_hand,og,acc,186887,"{""seq"":211,""x_mg"":180,""y_mg"":-204,""z_mg"":692}"
4.391,left_hand,og,tilt,,"{""roll_deg"":-2.4,""pitch_deg"":-0.1,""steady"":true}"
4.391,left_hand,og,flick_angles,,"{""side_deg"":-19.4,""fwd_deg"":15.3}"
4.422,left_hand,og,acc,186907,"{""seq"":212,""x_mg"":188,""y_mg"":-232,""z_mg"":632}"
4.422,left_hand,og,tilt,,"{""roll_deg"":-2.4,""pitch_deg"":-0.1,""steady"":false}"
4.422,left_hand,og,flick_angles,,"{""side_deg"":-19.2,""fwd_deg"":15.8}"
4.422,left_hand,og,acc,186928,"{""seq"":213,""x_mg"":164,""y_mg"":-280,""z_mg"":592}"
4.422,left_hand,og,tilt,,"{""roll_deg"":-2.4,""pitch_deg"":-0.1,""steady"":false}"
4.422,left_hand,og,flick_angles,,"{""side_deg"":-19.7,""fwd_deg"":15.6}"
4.454,left_hand,og,acc,186948,"{""seq"":214,""x_mg"":16,""y_mg"":-176,""z_mg"":792}"
4.454,left_hand,og,tilt,,"{""roll_deg"":-2.7,""pitch_deg"":-0.2,""steady"":true}"
4.454,left_hand,og,flick_angles,,"{""side_deg"":-19.9,""fwd_deg"":15.6}"
4.454,left_hand,og,acc,186969,"{""seq"":215,""x_mg"":-140,""y_mg"":0,""z_mg"":788}"
4.454,left_hand,og,tilt,,"{""roll_deg"":-2.6,""pitch_deg"":-0.3,""steady"":true}"
4.454,left_hand,og,flick_angles,,"{""side_deg"":-16.2,""fwd_deg"":8.4}"
4.454,left_hand,game,hit,,"{""n"":1,""dir"":""down"",""err_ms"":47}"
4.485,left_hand,og,acc,186989,"{""seq"":216,""x_mg"":-164,""y_mg"":24,""z_mg"":724}"
4.485,left_hand,og,tilt,,"{""roll_deg"":-2.1,""pitch_deg"":-2.1,""steady"":true}"
4.485,left_hand,og,flick_angles,,"{""side_deg"":-8.1,""fwd_deg"":-0.9}"
4.516,left_hand,og,acc,187010,"{""seq"":217,""x_mg"":-204,""y_mg"":-92,""z_mg"":632}"
4.516,left_hand,og,tilt,,"{""roll_deg"":-2.1,""pitch_deg"":-2.1,""steady"":false}"
4.516,left_hand,og,flick_angles,,"{""side_deg"":-4.1,""fwd_deg"":-6.8}"
4.516,left_hand,og,acc,187031,"{""seq"":218,""x_mg"":-328,""y_mg"":-44,""z_mg"":820}"
4.516,left_hand,og,tilt,,"{""roll_deg"":-0.5,""pitch_deg"":-4.9,""steady"":true}"
4.516,left_hand,og,flick_angles,,"{""side_deg"":-3.6,""fwd_deg"":-12.4}"
4.547,left_hand,og,acc,187051,"{""seq"":219,""x_mg"":-640,""y_mg"":108,""z_mg"":716}"
4.547,left_hand,og,tilt,,"{""roll_deg"":1.3,""pitch_deg"":-7.8,""steady"":true}"
4.547,left_hand,og,flick_angles,,"{""side_deg"":-3.3,""fwd_deg"":-17.1}"
4.563,left_hand,og,acc,187072,"{""seq"":220,""x_mg"":-760,""y_mg"":108,""z_mg"":740}"
4.563,left_hand,og,tilt,,"{""roll_deg"":3.1,""pitch_deg"":-11.4,""steady"":true}"
4.563,left_hand,og,flick_angles,,"{""side_deg"":2.5,""fwd_deg"":-29.4}"
4.594,left_hand,og,acc,187092,"{""seq"":221,""x_mg"":-696,""y_mg"":108,""z_mg"":780}"
4.594,left_hand,og,tilt,,"{""roll_deg"":5.3,""pitch_deg"":-16.9,""steady"":true}"
4.594,left_hand,og,flick_angles,,"{""side_deg"":5.4,""fwd_deg"":-35.6}"
4.625,left_hand,og,acc,187113,"{""seq"":222,""x_mg"":-692,""y_mg"":24,""z_mg"":772}"
4.625,left_hand,og,tilt,,"{""roll_deg"":7.4,""pitch_deg"":-21.8,""steady"":true}"
4.625,left_hand,og,flick_angles,,"{""side_deg"":6.6,""fwd_deg"":-38.7}"
4.625,left_hand,og,acc,187133,"{""seq"":223,""x_mg"":-876,""y_mg"":32,""z_mg"":744}"
4.625,left_hand,og,tilt,,"{""roll_deg"":9.1,""pitch_deg"":-26.1,""steady"":true}"
4.625,left_hand,og,flick_angles,,"{""side_deg"":4.6,""fwd_deg"":-40.3}"
4.657,left_hand,og,acc,187154,"{""seq"":224,""x_mg"":-1040,""y_mg"":188,""z_mg"":716}"
4.657,left_hand,og,tilt,,"{""roll_deg"":10.7,""pitch_deg"":-30.4,""steady"":true}"
4.657,left_hand,og,flick_angles,,"{""side_deg"":3.5,""fwd_deg"":-45.0}"
4.688,left_hand,og,acc,187175,"{""seq"":225,""x_mg"":-1100,""y_mg"":296,""z_mg"":764}"
4.688,left_hand,og,tilt,,"{""roll_deg"":10.7,""pitch_deg"":-30.4,""steady"":false}"
4.688,left_hand,og,flick_angles,,"{""side_deg"":9.1,""fwd_deg"":-50.1}"
4.688,left_hand,og,acc,187195,"{""seq"":226,""x_mg"":-1116,""y_mg"":304,""z_mg"":860}"
4.688,left_hand,og,tilt,,"{""roll_deg"":10.7,""pitch_deg"":-30.4,""steady"":false}"
4.688,left_hand,og,flick_angles,,"{""side_deg"":14.3,""fwd_deg"":-52.7}"
4.735,left_hand,og,acc,187216,"{""seq"":227,""x_mg"":-1292,""y_mg"":176,""z_mg"":936}"
4.735,left_hand,og,tilt,,"{""roll_deg"":10.7,""pitch_deg"":-30.4,""steady"":false}"
4.735,left_hand,og,flick_angles,,"{""side_deg"":16.9,""fwd_deg"":-53.4}"
4.735,left_hand,og,acc,187236,"{""seq"":228,""x_mg"":-1348,""y_mg"":88,""z_mg"":952}"
4.735,left_hand,og,tilt,,"{""roll_deg"":10.7,""pitch_deg"":-30.4,""steady"":false}"
4.735,left_hand,og,flick_angles,,"{""side_deg"":13.8,""fwd_deg"":-53.7}"
4.766,left_hand,og,acc,187257,"{""seq"":229,""x_mg"":-1244,""y_mg"":-60,""z_mg"":900}"
4.766,left_hand,og,tilt,,"{""roll_deg"":10.7,""pitch_deg"":-30.4,""steady"":false}"
4.766,left_hand,og,flick_angles,,"{""side_deg"":9.5,""fwd_deg"":-53.9}"
4.782,left_hand,og,acc,187277,"{""seq"":230,""x_mg"":-1120,""y_mg"":-232,""z_mg"":880}"
4.782,left_hand,og,tilt,,"{""roll_deg"":10.7,""pitch_deg"":-30.4,""steady"":false}"
4.782,left_hand,og,flick_angles,,"{""side_deg"":2.9,""fwd_deg"":-54.0}"
4.782,left_hand,og,acc,187298,"{""seq"":231,""x_mg"":-980,""y_mg"":-252,""z_mg"":972}"
4.782,left_hand,og,tilt,,"{""roll_deg"":10.7,""pitch_deg"":-30.4,""steady"":false}"
4.782,left_hand,og,flick_angles,,"{""side_deg"":-5.8,""fwd_deg"":-52.9}"
4.813,left_hand,og,acc,187318,"{""seq"":232,""x_mg"":-1004,""y_mg"":-104,""z_mg"":924}"
4.813,left_hand,og,tilt,,"{""roll_deg"":10.7,""pitch_deg"":-30.4,""steady"":false}"
4.813,left_hand,og,flick_angles,,"{""side_deg"":-10.2,""fwd_deg"":-50.2}"
4.844,left_hand,og,acc,187339,"{""seq"":233,""x_mg"":-1000,""y_mg"":44,""z_mg"":908}"
4.844,left_hand,og,tilt,,"{""roll_deg"":10.7,""pitch_deg"":-30.4,""steady"":false}"
4.844,left_hand,og,flick_angles,,"{""side_deg"":-8.3,""fwd_deg"":-48.8}"
4.875,left_hand,og,acc,187360,"{""seq"":234,""x_mg"":-900,""y_mg"":40,""z_mg"":844}"
4.875,left_hand,og,tilt,,"{""roll_deg"":11.5,""pitch_deg"":-34.3,""steady"":true}"
4.875,left_hand,og,flick_angles,,"{""side_deg"":-2.8,""fwd_deg"":-48.1}"
4.875,left_hand,game,flick,,"{""dir"":""right"",""result"":""none""}"
4.875,left_hand,og,acc,187380,"{""seq"":235,""x_mg"":-788,""y_mg"":-68,""z_mg"":800}"
4.875,left_hand,og,tilt,,"{""roll_deg"":12.1,""pitch_deg"":-37.7,""steady"":true}"
4.875,left_hand,og,flick_angles,,"{""side_deg"":-0.0,""fwd_deg"":-47.5}"
4.907,left_hand,og,acc,187401,"{""seq"":236,""x_mg"":-752,""y_mg"":-116,""z_mg"":768}"
4.907,left_hand,og,tilt,,"{""roll_deg"":12.6,""pitch_deg"":-40.7,""steady"":true}"
4.907,left_hand,og,flick_angles,,"{""side_deg"":-2.4,""fwd_deg"":-46.0}"
4.938,left_hand,og,acc,187421,"{""seq"":237,""x_mg"":-752,""y_mg"":-56,""z_mg"":708}"
4.938,left_hand,og,tilt,,"{""roll_deg"":12.3,""pitch_deg"":-43.3,""steady"":true}"
4.938,left_hand,og,flick_angles,,"{""side_deg"":-3.7,""fwd_deg"":-45.3}"
4.938,left_hand,og,acc,187442,"{""seq"":238,""x_mg"":-752,""y_mg"":-24,""z_mg"":656}"
4.938,left_hand,og,tilt,,"{""roll_deg"":12.0,""pitch_deg"":-45.6,""steady"":true}"
4.938,left_hand,og,flick_angles,,"{""side_deg"":-4.1,""fwd_deg"":-46.0}"
4.969,left_hand,og,acc,187462,"{""seq"":239,""x_mg"":-748,""y_mg"":20,""z_mg"":620}"
4.969,left_hand,og,tilt,,"{""roll_deg"":11.7,""pitch_deg"":-47.7,""steady"":true}"
4.969,left_hand,og,flick_angles,,"{""side_deg"":-3.1,""fwd_deg"":-47.5}"
4.985,left_hand,og,acc,187483,"{""seq"":240,""x_mg"":-756,""y_mg"":36,""z_mg"":584}"
4.985,left_hand,og,tilt,,"{""roll_deg"":11.8,""pitch_deg"":-49.7,""steady"":true}"
4.985,left_hand,og,flick_angles,,"{""side_deg"":-0.6,""fwd_deg"":-48.9}"
4.985,left_hand,og,acc,187504,"{""seq"":241,""x_mg"":-780,""y_mg"":48,""z_mg"":564}"
4.985,left_hand,og,tilt,,"{""roll_deg"":12.3,""pitch_deg"":-51.7,""steady"":true}"
4.985,left_hand,og,flick_angles,,"{""side_deg"":1.5,""fwd_deg"":-50.6}"
5.016,left_hand,og,acc,187524,"{""seq"":242,""x_mg"":-788,""y_mg"":16,""z_mg"":584}"
5.016,left_hand,og,tilt,,"{""roll_deg"":12.8,""pitch_deg"":-53.7,""steady"":true}"
5.016,left_hand,og,flick_angles,,"{""side_deg"":2.5,""fwd_deg"":-52.0}"
5.047,left_hand,og,acc,187545,"{""seq"":243,""x_mg"":-824,""y_mg"":-56,""z_mg"":584}"
5.047,left_hand,og,tilt,,"{""roll_deg"":13.2,""pitch_deg"":-55.6,""steady"":true}"
5.047,left_hand,og,flick_angles,,"{""side_deg"":2.0,""fwd_deg"":-53.1}"
5.079,left_hand,og,acc,187565,"{""seq"":244,""x_mg"":-812,""y_mg"":-64,""z_mg"":544}"
5.079,left_hand,og,tilt,,"{""roll_deg"":13.5,""pitch_deg"":-57.3,""steady"":true}"
5.079,left_hand,og,flick_angles,,"{""side_deg"":-1.7,""fwd_deg"":-53.9}"
5.079,left_hand,og,acc,187586,"{""seq"":245,""x_mg"":-792,""y_mg"":-60,""z_mg"":576}"
5.079,left_hand,og,tilt,,"{""roll_deg"":12.9,""pitch_deg"":-58.8,""steady"":true}"
5.079,left_hand,og,flick_angles,,"{""side_deg"":-3.8,""fwd_deg"":-54.3}"
5.110,left_hand,og,acc,187606,"{""seq"":246,""x_mg"":-796,""y_mg"":-20,""z_mg"":568}"
5.110,left_hand,og,tilt,,"{""roll_deg"":12.4,""pitch_deg"":-60.2,""steady"":true}"
5.110,left_hand,og,flick_angles,,"{""side_deg"":-4.9,""fwd_deg"":-54.4}"
5.141,left_hand,og,acc,187627,"{""seq"":247,""x_mg"":-808,""y_mg"":-12,""z_mg"":568}"
5.141,left_hand,og,tilt,,"{""roll_deg"":12.0,""pitch_deg"":-61.4,""steady"":true}"
5.141,left_hand,og,flick_angles,,"{""side_deg"":-3.5,""fwd_deg"":-54.4}"
5.141,left_hand,og,acc,187648,"{""seq"":248,""x_mg"":-808,""y_mg"":-20,""z_mg"":636}"
5.141,left_hand,og,tilt,,"{""roll_deg"":12.0,""pitch_deg"":-62.5,""steady"":true}"
5.141,left_hand,og,flick_angles,,"{""side_deg"":-2.6,""fwd_deg"":-54.5}"
5.172,left_hand,og,acc,187668,"{""seq"":249,""x_mg"":-848,""y_mg"":-68,""z_mg"":644}"
5.172,left_hand,og,tilt,,"{""roll_deg"":12.0,""pitch_deg"":-63.4,""steady"":true}"
5.172,left_hand,og,flick_angles,,"{""side_deg"":-2.2,""fwd_deg"":-53.6}"
5.172,left_hand,og,acc,187689,"{""seq"":250,""x_mg"":-844,""y_mg"":-84,""z_mg"":608}"
5.172,left_hand,og,tilt,,"{""roll_deg"":12.1,""pitch_deg"":-64.2,""steady"":true}"
5.172,left_hand,og,flick_angles,,"{""side_deg"":-4.1,""fwd_deg"":-53.2}"
5.204,left_hand,og,acc,187709,"{""seq"":251,""x_mg"":-800,""y_mg"":-96,""z_mg"":688}"
5.204,left_hand,og,tilt,,"{""roll_deg"":11.6,""pitch_deg"":-64.7,""steady"":true}"
5.204,left_hand,og,flick_angles,,"{""side_deg"":-6.0,""fwd_deg"":-53.0}"
5.235,left_hand,og,acc,187730,"{""seq"":252,""x_mg"":-828,""y_mg"":-56,""z_mg"":792}"
5.235,left_hand,og,tilt,,"{""roll_deg"":11.2,""pitch_deg"":-65.1,""steady"":true}"
5.235,left_hand,og,flick_angles,,"{""side_deg"":-6.9,""fwd_deg"":-51.1}"
5.266,left_hand,og,acc,187750,"{""seq"":253,""x_mg"":-892,""y_mg"":-28,""z_mg"":840}"
5.266,left_hand,og,tilt,,"{""roll_deg"":10.9,""pitch_deg"":-65.1,""steady"":true}"
5.266,left_hand,og,flick_angles,,"{""side_deg"":-5.5,""fwd_deg"":-48.9}"
5.266,left_hand,og,acc,187771,"{""seq"":254,""x_mg"":-872,""y_mg"":-16,""z_mg"":928}"
5.266,left_hand,og,tilt,,"{""roll_deg"":10.8,""pitch_deg"":-64.8,""steady"":true}"
5.266,left_hand,og,flick_angles,,"{""side_deg"":-3.7,""fwd_deg"":-47.6}"
5.297,left_hand,og,acc,187791,"{""seq"":255,""x_mg"":-868,""y_mg"":-44,""z_mg"":1008}"
5.297,left_hand,og,tilt,,"{""roll_deg"":10.8,""pitch_deg"":-64.8,""steady"":false}"
5.297,left_hand,og,flick_angles,,"{""side_deg"":-2.8,""fwd_deg"":-45.4}"
5.329,left_hand,og,acc,187812,"{""seq"":256,""x_mg"":-880,""y_mg"":-36,""z_mg"":1128}"
5.329,left_hand,og,tilt,,"{""roll_deg"":10.8,""pitch_deg"":-64.8,""steady"":false}"
5.329,left_hand,og,flick_angles,,"{""side_deg"":-2.3,""fwd_deg"":-43.1}"
5.329,left_hand,og,acc,187833,"{""seq"":257,""x_mg"":-940,""y_mg"":92,""z_mg"":1168}"
5.329,left_hand,og,tilt,,"{""roll_deg"":10.8,""pitch_deg"":-64.8,""steady"":false}"
5.329,left_hand,og,flick_angles,,"{""side_deg"":-2.1,""fwd_deg"":-40.9}"
5.360,left_hand,og,acc,187853,"{""seq"":258,""x_mg"":-952,""y_mg"":164,""z_mg"":1156}"
5.360,left_hand,og,tilt,,"{""roll_deg"":10.8,""pitch_deg"":-64.8,""steady"":false}"
5.360,left_hand,og,flick_angles,,"{""side_deg"":1.2,""fwd_deg"":-39.9}"
5.360,left_hand,game,wrong,,"{""n"":2,""want"":""down"",""got"":""right""}"
5.360,left_hand,og,acc,187874,"{""seq"":259,""x_mg"":-868,""y_mg"":108,""z_mg"":1168}"
5.360,left_hand,og,tilt,,"{""roll_deg"":10.8,""pitch_deg"":-64.8,""steady"":false}"
5.360,left_hand,og,flick_angles,,"{""side_deg"":3.2,""fwd_deg"":-39.4}"
5.391,left_hand,og,acc,187894,"{""seq"":260,""x_mg"":-764,""y_mg"":52,""z_mg"":1144}"
5.391,left_hand,og,tilt,,"{""roll_deg"":10.8,""pitch_deg"":-64.8,""steady"":false}"
5.391,left_hand,og,flick_angles,,"{""side_deg"":4.3,""fwd_deg"":-38.0}"
5.407,left_hand,og,acc,187915,"{""seq"":261,""x_mg"":-704,""y_mg"":172,""z_mg"":1144}"
5.407,left_hand,og,tilt,,"{""roll_deg"":10.8,""pitch_deg"":-64.8,""steady"":false}"
5.407,left_hand,og,flick_angles,,"{""side_deg"":4.8,""fwd_deg"":-35.9}"
5.438,left_hand,og,acc,187935,"{""seq"":262,""x_mg"":-588,""y_mg"":216,""z_mg"":988}"
5.438,left_hand,og,tilt,,"{""roll_deg"":11.0,""pitch_deg"":-64.5,""steady"":true}"
5.438,left_hand,og,flick_angles,,"{""side_deg"":6.7,""fwd_deg"":-33.7}"
5.469,left_hand,og,acc,187956,"{""seq"":263,""x_mg"":-492,""y_mg"":144,""z_mg"":896}"
5.469,left_hand,og,tilt,,"{""roll_deg"":11.2,""pitch_deg"":-63.8,""steady"":true}"
5.469,left_hand,og,flick_angles,,"{""side_deg"":7.9,""fwd_deg"":-32.2}"
5.469,left_hand,og,acc,187977,"{""seq"":264,""x_mg"":-420,""y_mg"":152,""z_mg"":876}"
5.469,left_hand,og,tilt,,"{""roll_deg"":12.7,""pitch_deg"":-61.8,""steady"":true}"
5.469,left_hand,og,flick_angles,,"{""side_deg"":8.9,""fwd_deg"":-30.5}"
5.500,left_hand,og,acc,187997,"{""seq"":265,""x_mg"":-392,""y_mg"":200,""z_mg"":856}"
5.500,left_hand,og,tilt,,"{""roll_deg"":14.1,""pitch_deg"":-59.7,""steady"":true}"
5.500,left_hand,og,flick_angles,,"{""side_deg"":9.4,""fwd_deg"":-28.1}"
5.532,left_hand,og,acc,188018,"{""seq"":266,""x_mg"":-240,""y_mg"":100,""z_mg"":540}"
5.532,left_hand,og,tilt,,"{""roll_deg"":14.1,""pitch_deg"":-59.7,""steady"":false}"
5.532,left_hand,og,flick_angles,,"{""side_deg"":9.9,""fwd_deg"":-26.3}"
5.532,left_hand,og,acc,188038,"{""seq"":267,""x_mg"":-44,""y_mg"":-60,""z_mg"":388}"
5.532,left_hand,og,tilt,,"{""roll_deg"":14.1,""pitch_deg"":-59.7,""steady"":false}"
5.532,left_hand,og,flick_angles,,"{""side_deg"":10.2,""fwd_deg"":-25.1}"
5.563,left_hand,og,acc,188059,"{""seq"":268,""x_mg"":112,""y_mg"":-176,""z_mg"":288}"
5.563,left_hand,og,tilt,,"{""roll_deg"":14.1,""pitch_deg"":-59.7,""steady"":false}"
5.563,left_hand,og,flick_angles,,"{""side_deg"":0.7,""fwd_deg"":-15.8}"
5.594,left_hand,og,acc,188079,"{""seq"":269,""x_mg"":240,""y_mg"":-196,""z_mg"":180}"
5.594,left_hand,og,tilt,,"{""roll_deg"":14.1,""pitch_deg"":-59.7,""steady"":false}"
5.594,left_hand,og,flick_angles,,"{""side_deg"":-15.4,""fwd_deg"":2.7}"
5.594,left_hand,og,acc,188100,"{""seq"":270,""x_mg"":320,""y_mg"":-176,""z_mg"":76}"
5.594,left_hand,og,tilt,,"{""roll_deg"":14.1,""pitch_deg"":-59.7,""steady"":false}"
5.594,left_hand,og,flick_angles,,"{""side_deg"":-31.4,""fwd_deg"":27.9}"
5.625,left_hand,og,acc,188121,"{""seq"":271,""x_mg"":380,""y_mg"":-156,""z_mg"":72}"
5.625,left_hand,og,tilt,,"{""roll_deg"":14.1,""pitch_deg"":-59.7,""steady"":false}"
5.625,left_hand,og,flick_angles,,"{""side_deg"":-48.3,""fwd_deg"":52.3}"
5.657,left_hand,og,acc,188141,"{""seq"":272,""x_mg"":352,""y_mg"":-184,""z_mg"":76}"
5.657,left_hand,og,tilt,,"{""roll_deg"":14.1,""pitch_deg"":-59.7,""steady"":false}"
5.657,left_hand,og,flick_angles,,"{""side_deg"":-57.5,""fwd_deg"":65.0}"
5.657,left_hand,og,acc,188162,"{""seq"":273,""x_mg"":244,""y_mg"":-208,""z_mg"":128}"
5.657,left_hand,og,tilt,,"{""roll_deg"":14.1,""pitch_deg"":-59.7,""steady"":false}"
5.657,left_hand,og,flick_angles,,"{""side_deg"":-61.4,""fwd_deg"":71.4}"
5.688,left_hand,og,acc,188182,"{""seq"":274,""x_mg"":160,""y_mg"":-204,""z_mg"":116}"
5.688,left_hand,og,tilt,,"{""roll_deg"":14.1,""pitch_deg"":-59.7,""steady"":false}"
5.688,left_hand,og,flick_angles,,"{""side_deg"":-60.9,""fwd_deg"":66.9}"
5.719,left_hand,og,acc,188203,"{""seq"":275,""x_mg"":96,""y_mg"":-164,""z_mg"":160}"
5.719,left_hand,og,tilt,,"{""roll_deg"":14.1,""pitch_deg"":-59.7,""steady"":false}"
5.719,left_hand,og,flick_angles,,"{""side_deg"":-59.6,""fwd_deg"":60.5}"
5.719,left_hand,og,acc,188223,"{""seq"":276,""x_mg"":16,""y_mg"":-200,""z_mg"":268}"
5.719,left_hand,og,tilt,,"{""roll_deg"":14.1,""pitch_deg"":-59.7,""steady"":false}"
5.719,left_hand,og,flick_angles,,"{""side_deg"":-52.7,""fwd_deg"":45.7}"
5.719,left_hand,game,flick,,"{""dir"":""down"",""result"":""none""}"
5.750,left_hand,og,acc,188244,"{""seq"":277,""x_mg"":-200,""y_mg"":-96,""z_mg"":628}"
5.750,left_hand,og,tilt,,"{""roll_deg"":14.1,""pitch_deg"":-59.7,""steady"":false}"
5.750,left_hand,og,flick_angles,,"{""side_deg"":-44.7,""fwd_deg"":24.6}"
5.750,left_hand,og,acc,188264,"{""seq"":278,""x_mg"":-536,""y_mg"":156,""z_mg"":752}"
5.750,left_hand,og,tilt,,"{""roll_deg"":15.5,""pitch_deg"":-57.9,""steady"":true}"
5.750,left_hand,og,flick_angles,,"{""side_deg"":-26.7,""fwd_deg"":3.5}"
5.782,left_hand,og,acc,188285,"{""seq"":279,""x_mg"":-544,""y_mg"":0,""z_mg"":680}"
5.782,left_hand,og,tilt,,"{""roll_deg"":16.5,""pitch_deg"":-56.3,""steady"":true}"
5.782,left_hand,og,flick_angles,,"{""side_deg"":-13.3,""fwd_deg"":-16.0}"
5.813,left_hand,og,acc,188306,"{""seq"":280,""x_mg"":-592,""y_mg"":-184,""z_mg"":1024}"
5.813,left_hand,og,tilt,,"{""roll_deg"":17.4,""pitch_deg"":-55.1,""steady"":true}"
5.813,left_hand,og,flick_angles,,"{""side_deg"":-6.7,""fwd_deg"":-25.7}"
5.813,left_hand,og,acc,188326,"{""seq"":281,""x_mg"":-820,""y_mg"":-16,""z_mg"":1220}"
5.813,left_hand,og,tilt,,"{""roll_deg"":17.4,""pitch_deg"":-55.1,""steady"":false}"
5.813,left_hand,og,flick_angles,,"{""side_deg"":-3.7,""fwd_deg"":-29.8}"
5.844,left_hand,og,acc,188347,"{""seq"":282,""x_mg"":-880,""y_mg"":36,""z_mg"":1140}"
5.844,left_hand,og,tilt,,"{""roll_deg"":17.4,""pitch_deg"":-55.1,""steady"":false}"
5.844,left_hand,og,flick_angles,,"{""side_deg"":-2.2,""fwd_deg"":-31.9}"
5.875,left_hand,og,acc,188367,"{""seq"":283,""x_mg"":-708,""y_mg"":-68,""z_mg"":1068}"
5.875,left_hand,og,tilt,,"{""roll_deg"":17.1,""pitch_deg"":-54.4,""steady"":true}"
5.875,left_hand,og,flick_angles,,"{""side_deg"":-1.5,""fwd_deg"":-32.9}"
5.875,left_hand,og,acc,188388,"{""seq"":284,""x_mg"":-616,""y_mg"":-112,""z_mg"":1016}"
5.875,left_hand,og,tilt,,"{""roll_deg"":16.3,""pitch_deg"":-53.8,""steady"":true}"
5.875,left_hand,og,flick_angles,,"{""side_deg"":-2.6,""fwd_deg"":-33.2}"
5.907,left_hand,og,acc,188408,"{""seq"":285,""x_mg"":-720,""y_mg"":-52,""z_mg"":1168}"
5.907,left_hand,og,tilt,,"{""roll_deg"":16.3,""pitch_deg"":-53.8,""steady"":false}"
5.907,left_hand,og,flick_angles,,"{""side_deg"":-3.1,""fwd_deg"":-32.4}"
5.954,left_hand,og,acc,188429,"{""seq"":286,""x_mg"":-876,""y_mg"":16,""z_mg"":1324}"
5.954,left_hand,og,tilt,,"{""roll_deg"":16.3,""pitch_deg"":-53.8,""steady"":false}"
5.954,left_hand,og,flick_angles,,"{""side_deg"":-2.8,""fwd_deg"":-32.0}"
5.954,left_hand,og,acc,188450,"{""seq"":287,""x_mg"":-908,""y_mg"":-4,""z_mg"":1276}"
5.954,left_hand,og,tilt,,"{""roll_deg"":16.3,""pitch_deg"":-53.8,""steady"":false}"
5.954,left_hand,og,flick_angles,,"{""side_deg"":-1.5,""fwd_deg"":-32.8}"
5.985,left_hand,og,acc,188470,"{""seq"":288,""x_mg"":-832,""y_mg"":-180,""z_mg"":1168}"
5.985,left_hand,og,tilt,,"{""roll_deg"":16.3,""pitch_deg"":-53.8,""steady"":false}"
5.985,left_hand,og,flick_angles,,"{""side_deg"":-0.8,""fwd_deg"":-34.1}"
6.016,left_hand,og,acc,188491,"{""seq"":289,""x_mg"":-664,""y_mg"":-272,""z_mg"":1112}"
6.016,left_hand,og,tilt,,"{""roll_deg"":16.3,""pitch_deg"":-53.8,""steady"":false}"
6.016,left_hand,og,flick_angles,,"{""side_deg"":-4.8,""fwd_deg"":-34.8}"
6.016,left_hand,og,acc,188511,"{""seq"":290,""x_mg"":-616,""y_mg"":-132,""z_mg"":1192}"
6.016,left_hand,og,tilt,,"{""roll_deg"":16.3,""pitch_deg"":-53.8,""steady"":false}"
6.016,left_hand,og,flick_angles,,"{""side_deg"":-6.8,""fwd_deg"":-32.8}"
6.032,left_hand,og,acc,188532,"{""seq"":291,""x_mg"":-700,""y_mg"":-28,""z_mg"":1192}"
6.032,left_hand,og,tilt,,"{""roll_deg"":16.3,""pitch_deg"":-53.8,""steady"":false}"
6.032,left_hand,og,flick_angles,,"{""side_deg"":-6.6,""fwd_deg"":-31.6}"
6.079,left_hand,og,acc,188552,"{""seq"":292,""x_mg"":-712,""y_mg"":-20,""z_mg"":1084}"
6.079,left_hand,og,tilt,,"{""roll_deg"":15.6,""pitch_deg"":-53.2,""steady"":true}"
6.079,left_hand,og,flick_angles,,"{""side_deg"":-3.9,""fwd_deg"":-31.0}"
6.079,left_hand,og,acc,188573,"{""seq"":293,""x_mg"":-640,""y_mg"":-116,""z_mg"":1056}"
6.079,left_hand,og,tilt,,"{""roll_deg"":14.7,""pitch_deg"":-52.5,""steady"":true}"
6.079,left_hand,og,flick_angles,,"{""side_deg"":-2.6,""fwd_deg"":-31.1}"
6.110,left_hand,og,acc,188593,"{""seq"":294,""x_mg"":-624,""y_mg"":-124,""z_mg"":1140}"
6.110,left_hand,og,tremor,,"{""rms_mg"":65.0,""peak_hz"":10.6}"
6.110,left_hand,og,tilt,,"{""roll_deg"":14.7,""pitch_deg"":-52.5,""steady"":false}"
6.110,left_hand,og,flick_angles,,"{""side_deg"":-4.4,""fwd_deg"":-31.2}"
6.110,left_hand,og,acc,188614,"{""seq"":295,""x_mg"":-676,""y_mg"":-20,""z_mg"":1152}"
6.110,left_hand,og,tilt,,"{""roll_deg"":14.7,""pitch_deg"":-52.5,""steady"":false}"
6.110,left_hand,og,flick_angles,,"{""side_deg"":-5.3,""fwd_deg"":-30.8}"
6.141,left_hand,og,acc,188635,"{""seq"":296,""x_mg"":-676,""y_mg"":60,""z_mg"":1124}"
6.141,left_hand,og,tilt,,"{""roll_deg"":14.7,""pitch_deg"":-52.5,""steady"":false}"
6.141,left_hand,og,flick_angles,,"{""side_deg"":-3.2,""fwd_deg"":-30.6}"
6.172,left_hand,og,acc,188655,"{""seq"":297,""x_mg"":-668,""y_mg"":52,""z_mg"":1144}"
6.172,left_hand,og,tilt,,"{""roll_deg"":14.7,""pitch_deg"":-52.5,""steady"":false}"
6.172,left_hand,og,flick_angles,,"{""side_deg"":-0.3,""fwd_deg"":-30.5}"
6.172,left_hand,og,acc,188676,"{""seq"":298,""x_mg"":-684,""y_mg"":16,""z_mg"":1140}"
6.172,left_hand,og,tilt,,"{""roll_deg"":14.7,""pitch_deg"":-52.5,""steady"":false}"
6.172,left_hand,og,flick_angles,,"{""side_deg"":1.2,""fwd_deg"":-30.7}"
6.204,left_hand,og,acc,188696,"{""seq"":299,""x_mg"":-680,""y_mg"":16,""z_mg"":1148}"
6.204,left_hand,og,tilt,,"{""roll_deg"":14.7,""pitch_deg"":-52.5,""steady"":false}"
6.204,left_hand,og,flick_angles,,"{""side_deg"":1.0,""fwd_deg"":-30.7}"
6.235,left_hand,og,acc,188717,"{""seq"":300,""x_mg"":-696,""y_mg"":40,""z_mg"":1184}"
6.235,left_hand,og,tilt,,"{""roll_deg"":14.7,""pitch_deg"":-52.5,""steady"":false}"
6.235,left_hand,og,flick_angles,,"{""side_deg"":0.9,""fwd_deg"":-30.7}"
6.235,left_hand,og,acc,188737,"{""seq"":301,""x_mg"":-644,""y_mg"":84,""z_mg"":1064}"
6.235,left_hand,og,tilt,,"{""roll_deg"":14.2,""pitch_deg"":-51.9,""steady"":true}"
6.235,left_hand,og,flick_angles,,"{""side_deg"":1.4,""fwd_deg"":-30.7}"
6.266,left_hand,og,acc,188758,"{""seq"":302,""x_mg"":-524,""y_mg"":60,""z_mg"":964}"
6.266,left_hand,og,tilt,,"{""roll_deg"":14.1,""pitch_deg"":-51.3,""steady"":true}"
6.266,left_hand,og,flick_angles,,"{""side_deg"":2.5,""fwd_deg"":-30.5}"
6.297,left_hand,og,acc,188779,"{""seq"":303,""x_mg"":-412,""y_mg"":20,""z_mg"":876}"
6.297,left_hand,og,tilt,,"{""roll_deg"":14.3,""pitch_deg"":-50.8,""steady"":true}"
6.297,left_hand,og,flick_angles,,"{""side_deg"":3.0,""fwd_deg"":-29.5}"
6.297,left_hand,og,acc,188799,"{""seq"":304,""x_mg"":-296,""y_mg"":-40,""z_mg"":796}"
6.297,left_hand,og,tilt,,"{""roll_deg"":14.4,""pitch_deg"":-50.0,""steady"":true}"
6.297,left_hand,og,flick_angles,,"{""side_deg"":2.2,""fwd_deg"":-27.4}"
6.329,left_hand,og,acc,188820,"{""seq"":305,""x_mg"":-232,""y_mg"":-24,""z_mg"":732}"
6.329,left_hand,og,tilt,,"{""roll_deg"":14.6,""pitch_deg"":-48.9,""steady"":true}"
6.329,left_hand,og,flick_angles,,"{""side_deg"":0.1,""fwd_deg"":-23.9}"
6.329,left_hand,game,flick,,"{""dir"":""up"",""result"":""none""}"
6.360,left_hand,og,acc,188840,"{""seq"":306,""x_mg"":-180,""y_mg"":-20,""z_mg"":600}"
6.360,left_hand,og,tilt,,"{""roll_deg"":14.6,""pitch_deg"":-48.9,""steady"":false}"
6.360,left_hand,og,flick_angles,,"{""side_deg"":-0.9,""fwd_deg"":-20.7}"
6.360,left_hand,og,acc,188861,"{""seq"":307,""x_mg"":-100,""y_mg"":-40,""z_mg"":560}"
6.360,left_hand,og,tilt,,"{""roll_deg"":14.6,""pitch_deg"":-48.9,""steady"":false}"
6.360,left_hand,og,flick_angles,,"{""side_deg"":-1.4,""fwd_deg"":-18.7}"
6.391,left_hand,og,acc,188881,"{""seq"":308,""x_mg"":-80,""y_mg"":-56,""z_mg"":532}"
6.391,left_hand,og,tilt,,"{""roll_deg"":14.6,""pitch_deg"":-48.9,""steady"":false}"
6.391,left_hand,og,flick_angles,,"{""side_deg"":-2.7,""fwd_deg"":-14.4}"
6.391,left_hand,og,acc,188902,"{""seq"":309,""x_mg"":-76,""y_mg"":-68,""z_mg"":524}"
6.391,left_hand,og,tilt,,"{""roll_deg"":14.6,""pitch_deg"":-48.9,""steady"":false}"
6.391,left_hand,og,flick_angles,,"{""side_deg"":-4.4,""fwd_deg"":-11.5}"
6.422,left_hand,og,acc,188922,"{""seq"":310,""x_mg"":-64,""y_mg"":-40,""z_mg"":508}"
6.422,left_hand,og,tilt,,"{""roll_deg"":14.6,""pitch_deg"":-48.9,""steady"":false}"
6.422,left_hand,og,flick_angles,,"{""side_deg"":-5.2,""fwd_deg"":-9.9}"
6.454,left_hand,og,acc,188943,"{""seq"":311,""x_mg"":-68,""y_mg"":32,""z_mg"":528}"
6.454,left_hand,og,tilt,,"{""roll_deg"":14.6,""pitch_deg"":-48.9,""steady"":false}"
6.454,left_hand,og,flick_angles,,"{""side_deg"":-4.8,""fwd_deg"":-8.6}"
6.454,left_hand,og,acc,188964,"{""seq"":312,""x_mg"":-44,""y_mg"":-8,""z_mg"":532}"
6.454,left_hand,og,tilt,,"{""roll_deg"":14.6,""pitch_deg"":-48.9,""steady"":false}"
6.454,left_hand,og,flick_angles,,"{""side_deg"":-2.9,""fwd_deg"":-7.9}"
6.485,left_hand,og,acc,188984,"{""seq"":313,""x_mg"":-20,""y_mg"":-96,""z_mg"":544}"
6.485,left_hand,og,tilt,,"{""roll_deg"":14.6,""pitch_deg"":-48.9,""steady"":false}"
6.485,left_hand,og,flick_angles,,"{""side_deg"":-1.9,""fwd_deg"":-6.3}"
6.516,left_hand,og,acc,189005,"{""seq"":314,""x_mg"":-8,""y_mg"":-76,""z_mg"":536}"
6.516,left_hand,og,tilt,,"{""roll_deg"":14.6,""pitch_deg"":-48.9,""steady"":false}"
6.516,left_hand,og,flick_angles,,"{""side_deg"":-5.0,""fwd_deg"":-4.2}"
6.516,left_hand,og,acc,189025,"{""seq"":315,""x_mg"":-24,""y_mg"":-28,""z_mg"":580}"
6.516,left_hand,og,tilt,,"{""roll_deg"":14.6,""pitch_deg"":-48.9,""steady"":false}"
6.516,left_hand,og,flick_angles,,"{""side_deg"":-6.5,""fwd_deg"":-3.2}"
6.547,left_hand,og,acc,189046,"{""seq"":316,""x_mg"":-44,""y_mg"":-48,""z_mg"":556}"
6.547,left_hand,og,tilt,,"{""roll_deg"":14.6,""pitch_deg"":-48.9,""steady"":false}"
6.547,left_hand,og,flick_angles,,"{""side_deg"":-5.7,""fwd_deg"":-2.8}"
6.579,left_hand,og,acc,189066,"{""seq"":317,""x_mg"":-44,""y_mg"":-144,""z_mg"":520}"
6.579,left_hand,og,tilt,,"{""roll_deg"":14.6,""pitch_deg"":-48.9,""steady"":false}"
6.579,left_hand,og,flick_angles,,"{""side_deg"":-5.3,""fwd_deg"":-3.6}"
6.579,left_hand,og,acc,189087,"{""seq"":318,""x_mg"":-32,""y_mg"":-212,""z_mg"":504}"
6.579,left_hand,og,tilt,,"{""roll_deg"":14.6,""pitch_deg"":-48.9,""steady"":false}"
6.579,left_hand,og,flick_angles,,"{""side_deg"":-10.4,""fwd_deg"":-4.1}"
6.610,left_hand,og,acc,189108,"{""seq"":319,""x_mg"":-92,""y_mg"":-208,""z_mg"":520}"
6.610,left_hand,og,tilt,,"{""roll_deg"":14.6,""pitch_deg"":-48.9,""steady"":false}"
6.610,left_hand,og,flick_angles,,"{""side_deg"":-16.1,""fwd_deg"":-4.5}"
6.641,left_hand,og,acc,189128,"{""seq"":320,""x_mg"":-196,""y_mg"":-184,""z_mg"":544}"
6.641,left_hand,og,tilt,,"{""roll_deg"":14.6,""pitch_deg"":-48.9,""steady"":false}"
6.641,left_hand,og,flick_angles,,"{""side_deg"":-19.0,""fwd_deg"":-7.2}"
6.641,left_hand,og,acc,189149,"{""seq"":321,""x_mg"":-288,""y_mg"":-124,""z_mg"":564}"
6.641,left_hand,og,tilt,,"{""roll_deg"":14.6,""pitch_deg"":-48.9,""steady"":false}"
6.641,left_hand,og,flick_angles,,"{""side_deg"":-18.8,""fwd_deg"":-13.5}"
6.688,left_hand,og,acc,189169,"{""seq"":322,""x_mg"":-372,""y_mg"":-124,""z_mg"":600}"
6.688,left_hand,og,tilt,,"{""roll_deg"":14.3,""pitch_deg"":-48.0,""steady"":true}"
6.688,left_hand,og,flick_angles,,"{""side_deg"":-15.6,""fwd_deg"":-20.3}"
6.688,left_hand,og,acc,189190,"{""seq"":323,""x_mg"":-492,""y_mg"":-76,""z_mg"":660}"
6.688,left_hand,og,tilt,,"{""roll_deg"":14.0,""pitch_deg"":-47.2,""steady"":true}"
6.688,left_hand,og,flick_angles,,"{""side_deg"":-13.6,""fwd_deg"":-26.0}"
6.688,left_hand,game,hit,,"{""n"":2,""dir"":""down"",""err_ms"":-140}"
6.704,left_hand,og,acc,189210,"{""seq"":324,""x_mg"":-648,""y_mg"":-68,""z_mg"":780}"
6.704,left_hand,og,tilt,,"{""roll_deg"":13.4,""pitch_deg"":-47.2,""steady"":true}"
6.704,left_hand,og,flick_angles,,"{""side_deg"":-10.1,""fwd_deg"":-31.4}"
6.750,left_hand,og,acc,189231,"{""seq"":325,""x_mg"":-984,""y_mg"":-64,""z_mg"":844}"
6.750,left_hand,og,tilt,,"{""roll_deg"":12.9,""pitch_deg"":-47.9,""steady"":true}"
6.750,left_hand,og,flick_angles,,"{""side_deg"":-7.5,""fwd_deg"":-35.5}"
6.750,left_hand,og,acc,189252,"{""seq"":326,""x_mg"":-1088,""y_mg"":-20,""z_mg"":852}"
6.750,left_hand,og,tilt,,"{""roll_deg"":12.9,""pitch_deg"":-47.9,""steady"":false}"
6.750,left_hand,og,flick_angles,,"{""side_deg"":-5.9,""fwd_deg"":-42.5}"
6.782,left_hand,og,acc,189272,"{""seq"":327,""x_mg"":-1080,""y_mg"":-80,""z_mg"":820}"
6.782,left_hand,og,tilt,,"{""roll_deg"":12.9,""pitch_deg"":-47.9,""steady"":false}"
6.782,left_hand,og,flick_angles,,"{""side_deg"":-5.1,""fwd_deg"":-47.2}"
6.813,left_hand,og,acc,189293,"{""seq"":328,""x_mg"":-1040,""y_mg"":-164,""z_mg"":808}"
6.813,left_hand,og,tilt,,"{""roll_deg"":12.9,""pitch_deg"":-47.9,""steady"":false}"
6.813,left_hand,og,flick_angles,,"{""side_deg"":-5.4,""fwd_deg"":-49.7}"
6.813,left_hand,og,acc,189313,"{""seq"":329,""x_mg"":-1044,""y_mg"":-156,""z_mg"":812}"
6.813,left_hand,og,tilt,,"{""roll_deg"":12.9,""pitch_deg"":-47.9,""steady"":false}"
6.813,left_hand,og,flick_angles,,"{""side_deg"":-8.1,""fwd_deg"":-50.9}"
6.844,left_hand,og,acc,189334,"{""seq"":330,""x_mg"":-1072,""y_mg"":20,""z_mg"":832}"
6.844,left_hand,og,tilt,,"{""roll_deg"":12.9,""pitch_deg"":-47.9,""steady"":false}"
6.844,left_hand,og,flick_angles,,"{""side_deg"":-9.5,""fwd_deg"":-51.5}"
6.860,left_hand,og,acc,189354,"{""seq"":331,""x_mg"":-1120,""y_mg"":268,""z_mg"":912}"
6.860,left_hand,og,tilt,,"{""roll_deg"":12.9,""pitch_deg"":-47.9,""steady"":false}"
6.860,left_hand,og,flick_angles,,"{""side_deg"":-4.1,""fwd_deg"":-51.8}"
6.875,left_hand,og,acc,189375,"{""seq"":332,""x_mg"":-1108,""y_mg"":256,""z_mg"":880}"
6.875,left_hand,og,tilt,,"{""roll_deg"":12.9,""pitch_deg"":-47.9,""steady"":false}"
6.875,left_hand,og,flick_angles,,"{""side_deg"":6.1,""fwd_deg"":-51.7}"
6.907,left_hand,og,acc,189396,"{""seq"":333,""x_mg"":-1060,""y_mg"":52,""z_mg"":824}"
6.907,left_hand,og,tilt,,"{""roll_deg"":12.9,""pitch_deg"":-47.9,""steady"":false}"
6.907,left_hand,og,flick_angles,,"{""side_deg"":11.2,""fwd_deg"":-51.6}"
6.938,left_hand,og,acc,189416,"{""seq"":334,""x_mg"":-1016,""y_mg"":-120,""z_mg"":840}"
6.938,left_hand,og,tilt,,"{""roll_deg"":12.9,""pitch_deg"":-47.9,""steady"":false}"
6.938,left_hand,og,flick_angles,,"{""side_deg"":7.4,""fwd_deg"":-51.6}"
6.938,left_hand,og,acc,189437,"{""seq"":335,""x_mg"":-1036,""y_mg"":-256,""z_mg"":1000}"
6.938,left_hand,og,tilt,,"{""roll_deg"":12.9,""pitch_deg"":-47.9,""steady"":false}"
6.938,left_hand,og,flick_angles,,"{""side_deg"":-0.4,""fwd_deg"":-51.0}"
6.969,left_hand,og,acc,189457,"{""seq"":336,""x_mg"":-992,""y_mg"":-404,""z_mg"":892}"
6.969,left_hand,og,tilt,,"{""roll_deg"":12.9,""pitch_deg"":-47.9,""steady"":false}"
6.969,left_hand,og,flick_angles,,"{""side_deg"":-7.4,""fwd_deg"":-49.5}"
7.000,left_hand,og,acc,189478,"{""seq"":337,""x_mg"":-848,""y_mg"":-388,""z_mg"":928}"
7.000,left_hand,og,tilt,,"{""roll_deg"":12.9,""pitch_deg"":-47.9,""steady"":false}"
7.000,left_hand,og,flick_angles,,"{""side_deg"":-15.0,""fwd_deg"":-47.8}"
7.000,left_hand,og,acc,189498,"{""seq"":338,""x_mg"":-824,""y_mg"":-280,""z_mg"":916}"
7.000,left_hand,og,tilt,,"{""roll_deg"":12.3,""pitch_deg"":-48.8,""steady"":true}"
7.000,left_hand,og,flick_angles,,"{""side_deg"":-18.9,""fwd_deg"":-45.1}"
7.032,left_hand,og,acc,189519,"{""seq"":339,""x_mg"":-872,""y_mg"":-204,""z_mg"":840}"
7.032,left_hand,og,tilt,,"{""roll_deg"":11.7,""pitch_deg"":-49.9,""steady"":true}"
7.032,left_hand,og,flick_angles,,"{""side_deg"":-17.9,""fwd_deg"":-43.8}"
7.063,left_hand,og,acc,189540,"{""seq"":340,""x_mg"":-868,""y_mg"":-168,""z_mg"":780}"
7.063,left_hand,og,tilt,,"{""roll_deg"":10.6,""pitch_deg"":-51.3,""steady"":true}"
7.063,left_hand,og,flick_angles,,"{""side_deg"":-15.8,""fwd_deg"":-44.9}"
7.063,left_hand,og,acc,189560,"{""seq"":341,""x_mg"":-904,""y_mg"":-144,""z_mg"":700}"
7.063,left_hand,og,tilt,,"{""roll_deg"":9.6,""pitch_deg"":-52.8,""steady"":true}"
7.063,left_hand,og,flick_angles,,"{""side_deg"":-14.0,""fwd_deg"":-46.5}"
7.094,left_hand,og,acc,189581,"{""seq"":342,""x_mg"":-920,""y_mg"":-132,""z_mg"":648}"
7.094,left_hand,og,tilt,,"{""roll_deg"":8.7,""pitch_deg"":-54.2,""steady"":true}"
7.094,left_hand,og,flick_angles,,"{""side_deg"":-12.8,""fwd_deg"":-49.4}"
7.094,left_hand,og,acc,189601,"{""seq"":343,""x_mg"":-916,""y_mg"":-108,""z_mg"":604}"
7.094,left_hand,og,tilt,,"{""roll_deg"":7.9,""pitch_deg"":-55.9,""steady"":true}"
7.094,left_hand,og,flick_angles,,"{""side_deg"":-12.2,""fwd_deg"":-52.1}"
7.125,left_hand,og,acc,189622,"{""seq"":344,""x_mg"":-896,""y_mg"":-52,""z_mg"":584}"
7.125,left_hand,og,tilt,,"{""roll_deg"":7.3,""pitch_deg"":-57.6,""steady"":true}"
7.125,left_hand,og,flick_angles,,"{""side_deg"":-11.1,""fwd_deg"":-54.4}"
7.157,left_hand,og,acc,189642,"{""seq"":345,""x_mg"":-888,""y_mg"":12,""z_mg"":568}"
7.157,left_hand,og,tilt,,"{""roll_deg"":6.9,""pitch_deg"":-59.4,""steady"":true}"
7.157,left_hand,og,flick_angles,,"{""side_deg"":-8.1,""fwd_deg"":-55.6}"
7.157,left_hand,game,flick,,"{""dir"":""right"",""result"":""none""}"
7.157,left_hand,og,acc,189663,"{""seq"":346,""x_mg"":-924,""y_mg"":108,""z_mg"":620}"
7.157,left_hand,og,tilt,,"{""roll_deg"":7.2,""pitch_deg"":-61.0,""steady"":true}"
7.157,left_hand,og,flick_angles,,"{""side_deg"":-3.5,""fwd_deg"":-56.3}"
7.188,left_hand,og,acc,189683,"{""seq"":347,""x_mg"":-928,""y_mg"":32,""z_mg"":632}"
7.188,left_hand,og,tilt,,"{""roll_deg"":8.2,""pitch_deg"":-62.4,""steady"":true}"
7.188,left_hand,og,flick_angles,,"{""side_deg"":-0.3,""fwd_deg"":-56.2}"
7.219,left_hand,og,acc,189704,"{""seq"":348,""x_mg"":-904,""y_mg"":12,""z_mg"":632}"
7.219,left_hand,og,tilt,,"{""roll_deg"":9.1,""pitch_deg"":-63.5,""steady"":true}"
7.219,left_hand,og,flick_angles,,"{""side_deg"":1.3,""fwd_deg"":-56.0}"
7.219,left_hand,og,acc,189725,"{""seq"":349,""x_mg"":-872,""y_mg"":80,""z_mg"":648}"
7.219,left_hand,og,tilt,,"{""roll_deg"":10.0,""pitch_deg"":-64.5,""steady"":true}"
7.219,left_hand,og,flick_angles,,"{""side_deg"":2.1,""fwd_deg"":-55.5}"
7.250,left_hand,og,acc,189745,"{""seq"":350,""x_mg"":-892,""y_mg"":136,""z_mg"":780}"
7.250,left_hand,og,tilt,,"{""roll_deg"":11.4,""pitch_deg"":-65.3,""steady"":true}"
7.250,left_hand,og,flick_angles,,"{""side_deg"":4.6,""fwd_deg"":-54.4}"
7.266,left_hand,og,acc,189766,"{""seq"":351,""x_mg"":-928,""y_mg"":68,""z_mg"":828}"
7.266,left_hand,og,tilt,,"{""roll_deg"":12.3,""pitch_deg"":-65.7,""steady"":true}"
7.266,left_hand,og,flick_angles,,"{""side_deg"":5.8,""fwd_deg"":-51.6}"
7.266,left_hand,og,acc,189786,"{""seq"":352,""x_mg"":-900,""y_mg"":16,""z_mg"":760}"
7.266,left_hand,og,tilt,,"{""roll_deg"":13.1,""pitch_deg"":-65.7,""steady"":true}"
7.266,left_hand,og,flick_angles,,"{""side_deg"":5.2,""fwd_deg"":-50.2}"
7.313,left_hand,og,acc,189807,"{""seq"":353,""x_mg"":-788,""y_mg"":28,""z_mg"":812}"
7.313,left_hand,og,tilt,,"{""roll_deg"":13.8,""pitch_deg"":-65.6,""steady"":true}"
7.313,left_hand,og,flick_angles,,"{""side_deg"":3.6,""fwd_deg"":-49.2}"
7.344,left_hand,og,acc,189827,"{""seq"":354,""x_mg"":-720,""y_mg"":0,""z_mg"":860}"
7.344,left_hand,og,tilt,,"{""roll_deg"":14.1,""pitch_deg"":-65.4,""steady"":true}"
7.344,left_hand,og,flick_angles,,"{""side_deg"":2.4,""fwd_deg"":-46.7}"
7.344,left_hand,og,acc,189848,"{""seq"":355,""x_mg"":-748,""y_mg"":24,""z_mg"":920}"
7.344,left_hand,og,tilt,,"{""roll_deg"":14.3,""pitch_deg"":-64.8,""steady"":true}"
7.344,left_hand,og,flick_angles,,"{""side_deg"":2.0,""fwd_deg"":-43.3}"
7.375,left_hand,og,acc,189869,"{""seq"":356,""x_mg"":-764,""y_mg"":88,""z_mg"":892}"
7.375,left_hand,og,tilt,,"{""roll_deg"":14.5,""pitch_deg"":-63.8,""steady"":true}"
7.375,left_hand,og,flick_angles,,"{""side_deg"":1.7,""fwd_deg"":-41.6}"
7.375,left_hand,og,acc,189889,"{""seq"":357,""x_mg"":-660,""y_mg"":-16,""z_mg"":784}"
7.375,left_hand,og,tilt,,"{""roll_deg"":14.6,""pitch_deg"":-62.9,""steady"":true}"
7.375,left_hand,og,flick_angles,,"{""side_deg"":1.6,""fwd_deg"":-40.9}"
7.407,left_hand,og,acc,189910,"{""seq"":358,""x_mg"":-520,""y_mg"":-236,""z_mg"":692}"
7.407,left_hand,og,tilt,,"{""roll_deg"":14.6,""pitch_deg"":-62.0,""steady"":true}"
7.407,left_hand,og,flick_angles,,"{""side_deg"":0.2,""fwd_deg"":-40.5}"
7.438,left_hand,og,acc,189930,"{""seq"":359,""x_mg"":-288,""y_mg"":-280,""z_mg"":632}"
7.438,left_hand,og,tilt,,"{""roll_deg"":14.4,""pitch_deg"":-61.2,""steady"":true}"
7.438,left_hand,og,flick_angles,,"{""side_deg"":-9.3,""fwd_deg"":-38.7}"
7.438,left_hand,og,acc,189951,"{""seq"":360,""x_mg"":-228,""y_mg"":-148,""z_mg"":636}"
7.438,left_hand,og,tilt,,"{""roll_deg"":14.4,""pitch_deg"":-61.2,""steady"":false}"
7.438,left_hand,og,flick_angles,,"{""side_deg"":-14.1,""fwd_deg"":-31.6}"
7.469,left_hand,og,acc,189971,"{""seq"":361,""x_mg"":-272,""y_mg"":-148,""z_mg"":612}"
7.469,left_hand,og,tilt,,"{""roll_deg"":14.4,""pitch_deg"":-61.2,""steady"":false}"
7.469,left_hand,og,flick_angles,,"{""side_deg"":-13.8,""fwd_deg"":-27.8}"
7.500,left_hand,og,acc,189992,"{""seq"":362,""x_mg"":-304,""y_mg"":-284,""z_mg"":644}"
7.500,left_hand,og,tilt,,"{""roll_deg"":12.1,""pitch_deg"":-60.2,""steady"":true}"
7.500,left_hand,og,flick_angles,,"{""side_deg"":-13.7,""fwd_deg"":-25.9}"
7.500,left_hand,og,acc,190013,"{""seq"":363,""x_mg"":-332,""y_mg"":-464,""z_mg"":676}"
7.500,left_hand,og,tilt,,"{""roll_deg"":9.5,""pitch_deg"":-58.0,""steady"":true}"
7.500,left_hand,og,flick_angles,,"{""side_deg"":-18.8,""fwd_deg"":-25.6}"
7.500,left_hand,game,flick,,"{""dir"":""left"",""result"":""none""}"
7.532,left_hand,og,acc,190033,"{""seq"":364,""x_mg"":-344,""y_mg"":-660,""z_mg"":752}"
7.532,left_hand,og,tilt,,"{""roll_deg"":7.2,""pitch_deg"":-56.0,""steady"":true}"
7.532,left_hand,og,flick_angles,,"{""side_deg"":-26.6,""fwd_deg"":-25.4}"
7.563,left_hand,og,acc,190054,"{""seq"":365,""x_mg"":-332,""y_mg"":-852,""z_mg"":756}"
7.563,left_hand,og,tilt,,"{""roll_deg"":3.9,""pitch_deg"":-54.1,""steady"":true}"
7.563,left_hand,og,flick_angles,,"{""side_deg"":-33.9,""fwd_deg"":-25.0}"
7.563,left_hand,og,acc,190074,"{""seq"":366,""x_mg"":-260,""y_mg"":-940,""z_mg"":732}"
7.563,left_hand,og,tilt,,"{""roll_deg"":0.2,""pitch_deg"":-52.5,""steady"":true}"
7.563,left_hand,og,flick_angles,,"{""side_deg"":-41.2,""fwd_deg"":-24.4}"
7.594,left_hand,og,acc,190095,"{""seq"":367,""x_mg"":-236,""y_mg"":-880,""z_mg"":776}"
7.594,left_hand,og,tilt,,"{""roll_deg"":-3.9,""pitch_deg"":-50.9,""steady"":true}"
7.594,left_hand,og,flick_angles,,"{""side_deg"":-44.9,""fwd_deg"":-22.0}"
7.641,left_hand,og,acc,190115,"{""seq"":368,""x_mg"":-236,""y_mg"":-752,""z_mg"":804}"
7.641,left_hand,og,tilt,,"{""roll_deg"":-7.5,""pitch_deg"":-49.1,""steady"":true}"
7.641,left_hand,og,flick_angles,,"{""side_deg"":-46.7,""fwd_deg"":-19.4}"
7.641,left_hand,og,acc,190136,"{""seq"":369,""x_mg"":-256,""y_mg"":-588,""z_mg"":788}"
7.641,left_hand,og,tilt,,"{""roll_deg"":-10.7,""pitch_deg"":-47.2,""steady"":true}"
7.641,left_hand,og,flick_angles,,"{""side_deg"":-44.9,""fwd_deg"":-18.2}"
7.672,left_hand,og,acc,190157,"{""seq"":370,""x_mg"":-272,""y_mg"":-416,""z_mg"":784}"
7.672,left_hand,og,tilt,,"{""roll_deg"":-12.9,""pitch_deg"":-45.6,""steady"":true}"
7.672,left_hand,og,flick_angles,,"{""side_deg"":-40.8,""fwd_deg"":-18.1}"
7.704,left_hand,og,acc,190177,"{""seq"":371,""x_mg"":-268,""y_mg"":-128,""z_mg"":804}"
7.704,left_hand,og,tilt,,"{""roll_deg"":-14.0,""pitch_deg"":-44.2,""steady"":true}"
7.704,left_hand,og,flick_angles,,"{""side_deg"":-34.4,""fwd_deg"":-18.3}"
7.704,left_hand,og,acc,190198,"{""seq"":372,""x_mg"":-324,""y_mg"":108,""z_mg"":944}"
7.704,left_hand,og,tilt,,"{""roll_deg"":-14.0,""pitch_deg"":-43.0,""steady"":true}"
7.704,left_hand,og,flick_angles,,"{""side_deg"":-21.7,""fwd_deg"":-18.6}"
7.735,left_hand,og,acc,190218,"{""seq"":373,""x_mg"":-476,""y_mg"":356,""z_mg"":1052}"
7.735,left_hand,og,tilt,,"{""roll_deg"":-11.7,""pitch_deg"":-42.1,""steady"":true}"
7.735,left_hand,og,flick_angles,,"{""side_deg"":-7.6,""fwd_deg"":-18.8}"
7.735,left_hand,og,acc,190239,"{""seq"":374,""x_mg"":-564,""y_mg"":416,""z_mg"":1020}"
7.735,left_hand,og,tilt,,"{""roll_deg"":-7.8,""pitch_deg"":-41.2,""steady"":true}"
7.735,left_hand,og,flick_angles,,"{""side_deg"":5.6,""fwd_deg"":-21.6}"
7.766,left_hand,og,acc,190259,"{""seq"":375,""x_mg"":-488,""y_mg"":440,""z_mg"":1176}"
7.766,left_hand,og,tilt,,"{""roll_deg"":-7.8,""pitch_deg"":-41.2,""steady"":false}"
7.766,left_hand,og,flick_angles,,"{""side_deg"":13.0,""fwd_deg"":-23.0}"
7.797,left_hand,og,acc,190280,"{""seq"":376,""x_mg"":-332,""y_mg"":584,""z_mg"":1028}"
7.797,left_hand,og,tilt,,"{""roll_deg"":-2.9,""pitch_deg"":-40.4,""steady"":true}"
7.797,left_hand,og,flick_angles,,"{""side_deg"":17.6,""fwd_deg"":-22.7}"
7.797,left_hand,og,acc,190301,"{""seq"":377,""x_mg"":-244,""y_mg"":792,""z_mg"":892}"
7.797,left_hand,og,tilt,,"{""roll_deg"":1.8,""pitch_deg"":-39.8,""steady"":true}"
7.797,left_hand,og,flick_angles,,"{""side_deg"":23.6,""fwd_deg"":-20.3}"
7.829,left_hand,og,acc,190321,"{""seq"":378,""x_mg"":-168,""y_mg"":792,""z_mg"":820}"
7.829,left_hand,og,tilt,,"{""roll_deg"":6.9,""pitch_deg"":-39.0,""steady"":true}"
7.829,left_hand,og,flick_angles,,"{""side_deg"":32.6,""fwd_deg"":-17.8}"
7.860,left_hand,og,acc,190342,"{""seq"":379,""x_mg"":-84,""y_mg"":320,""z_mg"":808}"
7.860,left_hand,og,tilt,,"{""roll_deg"":11.3,""pitch_deg"":-38.1,""steady"":true}"
7.860,left_hand,og,flick_angles,,"{""side_deg"":37.1,""fwd_deg"":-14.7}"
7.860,left_hand,og,acc,190362,"{""seq"":380,""x_mg"":-56,""y_mg"":-60,""z_mg"":796}"
7.860,left_hand,og,tilt,,"{""roll_deg"":15.2,""pitch_deg"":-36.8,""steady"":true}"
7.860,left_hand,og,flick_angles,,"{""side_deg"":29.4,""fwd_deg"":-10.3}"
7.891,left_hand,og,acc,190383,"{""seq"":381,""x_mg"":-48,""y_mg"":-212,""z_mg"":808}"
7.891,left_hand,og,tilt,,"{""roll_deg"":17.7,""pitch_deg"":-35.0,""steady"":true}"
7.891,left_hand,og,flick_angles,,"{""side_deg"":12.5,""fwd_deg"":-7.2}"
7.891,left_hand,game,wrong,,"{""n"":3,""want"":""right"",""got"":""left""}"
7.922,left_hand,og,acc,190403,"{""seq"":382,""x_mg"":-40,""y_mg"":-244,""z_mg"":828}"
7.922,left_hand,og,tilt,,"{""roll_deg"":16.8,""pitch_deg"":-33.2,""steady"":true}"
7.922,left_hand,og,flick_angles,,"{""side_deg"":-1.1,""fwd_deg"":-5.3}"
7.922,left_hand,og,acc,190424,"{""seq"":383,""x_mg"":-88,""y_mg"":-248,""z_mg"":852}"
7.922,left_hand,og,tilt,,"{""roll_deg"":14.7,""pitch_deg"":-31.6,""steady"":true}"
7.922,left_hand,og,flick_angles,,"{""side_deg"":-8.7,""fwd_deg"":-4.3}"
7.954,left_hand,og,acc,190444,"{""seq"":384,""x_mg"":-116,""y_mg"":-180,""z_mg"":900}"
7.954,left_hand,og,tilt,,"{""roll_deg"":12.9,""pitch_deg"":-30.2,""steady"":true}"
7.954,left_hand,og,flick_angles,,"{""side_deg"":-12.4,""fwd_deg"":-5.1}"
7.985,left_hand,og,acc,190465,"{""seq"":385,""x_mg"":-136,""y_mg"":-112,""z_mg"":992}"
7.985,left_hand,og,tilt,,"{""roll_deg"":11.3,""pitch_deg"":-29.2,""steady"":true}"
7.985,left_hand,og,flick_angles,,"{""side_deg"":-11.9,""fwd_deg"":-6.2}"
7.985,left_hand,og,acc,190486,"{""seq"":386,""x_mg"":-168,""y_mg"":-84,""z_mg"":1048}"
7.985,left_hand,og,tilt,,"{""roll_deg"":10.3,""pitch_deg"":-28.5,""steady"":true}"
7.985,left_hand,og,flick_angles,,"{""side_deg"":-9.2,""fwd_deg"":-7.0}"
8.016,left_hand,og,acc,190506,"{""seq"":387,""x_mg"":-176,""y_mg"":-104,""z_mg"":1056}"
8.016,left_hand,og,tilt,,"{""roll_deg"":10.0,""pitch_deg"":-27.9,""steady"":true}"
8.016,left_hand,og,flick_angles,,"{""side_deg"":-7.4,""fwd_deg"":-8.1}"
8.047,left_hand,og,acc,190527,"{""seq"":388,""x_mg"":-160,""y_mg"":-108,""z_mg"":1056}"
8.047,left_hand,og,tilt,,"{""roll_deg"":9.8,""pitch_deg"":-27.5,""steady"":true}"
8.047,left_hand,og,flick_angles,,"{""side_deg"":-6.5,""fwd_deg"":-8.6}"
8.047,left_hand,og,acc,190547,"{""seq"":389,""x_mg"":-116,""y_mg"":-68,""z_mg"":1048}"
8.047,left_hand,og,tilt,,"{""roll_deg"":9.7,""pitch_deg"":-27.1,""steady"":true}"
8.047,left_hand,og,flick_angles,,"{""side_deg"":-6.1,""fwd_deg"":-8.6}"
8.079,left_hand,og,acc,190568,"{""seq"":390,""x_mg"":-104,""y_mg"":-4,""z_mg"":1068}"
8.079,left_hand,og,tilt,,"{""roll_deg"":9.7,""pitch_deg"":-26.8,""steady"":true}"
8.079,left_hand,og,flick_angles,,"{""side_deg"":-4.9,""fwd_deg"":-7.5}"
8.110,left_hand,og,acc,190588,"{""seq"":391,""x_mg"":-100,""y_mg"":-16,""z_mg"":1064}"
8.110,left_hand,og,tilt,,"{""roll_deg"":9.8,""pitch_deg"":-26.3,""steady"":true}"
8.110,left_hand,og,flick_angles,,"{""side_deg"":-2.9,""fwd_deg"":-6.5}"
8.110,left_hand,og,acc,190609,"{""seq"":392,""x_mg"":-84,""y_mg"":-72,""z_mg"":1028}"
8.110,left_hand,og,tremor,,"{""rms_mg"":98.6,""peak_hz"":6.5}"
8.110,left_hand,og,tilt,,"{""roll_deg"":9.9,""pitch_deg"":-25.7,""steady"":true}"
8.110,left_hand,og,flick_angles,,"{""side_deg"":-1.9,""fwd_deg"":-5.9}"
8.141,left_hand,og,acc,190630,"{""seq"":393,""x_mg"":-44,""y_mg"":-136,""z_mg"":992}"
8.141,left_hand,og,tilt,,"{""roll_deg"":10.0,""pitch_deg"":-25.2,""steady"":true}"
8.141,left_hand,og,flick_angles,,"{""side_deg"":-2.9,""fwd_deg"":-5.3}"
8.141,left_hand,og,acc,190650,"{""seq"":394,""x_mg"":-40,""y_mg"":-112,""z_mg"":964}"
8.141,left_hand,og,tilt,,"{""roll_deg"":10.0,""pitch_deg"":-24.6,""steady"":true}"
8.141,left_hand,og,flick_angles,,"{""side_deg"":-4.8,""fwd_deg"":-3.9}"
8.172,left_hand,og,acc,190671,"{""seq"":395,""x_mg"":-32,""y_mg"":-76,""z_mg"":980}"
8.172,left_hand,og,tilt,,"{""roll_deg"":10.0,""pitch_deg"":-23.9,""steady"":true}"
8.172,left_hand,og,flick_angles,,"{""side_deg"":-5.7,""fwd_deg"":-3.1}"
8.204,left_hand,og,acc,190691,"{""seq"":396,""x_mg"":-52,""y_mg"":-56,""z_mg"":988}"
8.204,left_hand,og,tilt,,"{""roll_deg"":10.0,""pitch_deg"":-23.2,""steady"":true}"
8.204,left_hand,og,flick_angles,,"{""side_deg"":-5.1,""fwd_deg"":-2.8}"
8.204,left_hand,og,acc,190712,"{""seq"":397,""x_mg"":-80,""y_mg"":-48,""z_mg"":980}"
8.204,left_hand,og,tilt,,"{""roll_deg"":9.9,""pitch_deg"":-22.6,""steady"":true}"
8.204,left_hand,og,flick_angles,,"{""side_deg"":-4.2,""fwd_deg"":-2.9}"
8.235,left_hand,og,acc,190732,"{""seq"":398,""x_mg"":-68,""y_mg"":-88,""z_mg"":968}"
8.235,left_hand,og,tilt,,"{""roll_deg"":9.9,""pitch_deg"":-22.2,""steady"":true}"
8.235,left_hand,og,flick_angles,,"{""side_deg"":-3.7,""fwd_deg"":-3.5}"
8.266,left_hand,og,acc,190753,"{""seq"":399,""x_mg"":-68,""y_mg"":-76,""z_mg"":980}"
8.266,left_hand,og,tilt,,"{""roll_deg"":9.9,""pitch_deg"":-21.9,""steady"":true}"
8.266,left_hand,og,flick_angles,,"{""side_deg"":-4.1,""fwd_deg"":-3.7}"
8.266,left_hand,og,acc,190774,"{""seq"":400,""x_mg"":-76,""y_mg"":-44,""z_mg"":988}"
8.266,left_hand,og,tilt,,"{""roll_deg"":10.0,""pitch_deg"":-21.7,""steady"":true}"
8.266,left_hand,og,flick_angles,,"{""side_deg"":-4.3,""fwd_deg"":-3.9}"
8.297,left_hand,og,acc,190794,"{""seq"":401,""x_mg"":-84,""y_mg"":-48,""z_mg"":992}"
8.297,left_hand,og,tilt,,"{""roll_deg"":10.2,""pitch_deg"":-21.5,""steady"":true}"
8.297,left_hand,og,flick_angles,,"{""side_deg"":-3.5,""fwd_deg"":-4.1}"
8.329,left_hand,og,acc,190815,"{""seq"":402,""x_mg"":-100,""y_mg"":-44,""z_mg"":988}"
8.329,left_hand,og,tilt,,"{""roll_deg"":10.4,""pitch_deg"":-21.4,""steady"":true}"
8.329,left_hand,og,flick_angles,,"{""side_deg"":-3.0,""fwd_deg"":-4.5}"
8.329,left_hand,og,acc,190835,"{""seq"":403,""x_mg"":-92,""y_mg"":-68,""z_mg"":976}"
8.329,left_hand,og,tilt,,"{""roll_deg"":10.5,""pitch_deg"":-21.3,""steady"":true}"
8.329,left_hand,og,flick_angles,,"{""side_deg"":-2.9,""fwd_deg"":-4.9}"
8.360,left_hand,og,acc,190856,"{""seq"":404,""x_mg"":-84,""y_mg"":-76,""z_mg"":980}"
8.360,left_hand,og,tilt,,"{""roll_deg"":10.6,""pitch_deg"":-21.2,""steady"":true}"
8.360,left_hand,og,flick_angles,,"{""side_deg"":-3.4,""fwd_deg"":-5.2}"
8.391,left_hand,og,acc,190876,"{""seq"":405,""x_mg"":-76,""y_mg"":-52,""z_mg"":972}"
8.391,left_hand,og,tilt,,"{""roll_deg"":10.7,""pitch_deg"":-21.2,""steady"":true}"
8.391,left_hand,og,flick_angles,,"{""side_deg"":-3.7,""fwd_deg"":-5.0}"
8.391,left_hand,og,acc,190897,"{""seq"":406,""x_mg"":-80,""y_mg"":-48,""z_mg"":984}"
8.391,left_hand,og,tilt,,"{""roll_deg"":10.8,""pitch_deg"":-21.1,""steady"":true}"
8.391,left_hand,og,flick_angles,,"{""side_deg"":-3.4,""fwd_deg"":-4.8}"
8.422,left_hand,og,acc,190918,"{""seq"":407,""x_mg"":-72,""y_mg"":-60,""z_mg"":984}"
8.422,left_hand,og,tilt,,"{""roll_deg"":10.8,""pitch_deg"":-21.0,""steady"":true}"
8.422,left_hand,og,flick_angles,,"{""side_deg"":-3.2,""fwd_deg"":-4.7}"
8.454,left_hand,og,acc,190938,"{""seq"":408,""x_mg"":-56,""y_mg"":-84,""z_mg"":960}"
8.454,left_hand,og,tilt,,"{""roll_deg"":10.8,""pitch_deg"":-21.0,""steady"":true}"
8.454,left_hand,og,flick_angles,,"{""side_deg"":-3.4,""fwd_deg"":-4.4}"
8.454,left_hand,og,acc,190959,"{""seq"":409,""x_mg"":-56,""y_mg"":-96,""z_mg"":976}"
8.454,left_hand,og,tilt,,"{""roll_deg"":10.8,""pitch_deg"":-20.9,""steady"":true}"
8.454,left_hand,og,flick_angles,,"{""side_deg"":-4.2,""fwd_deg"":-3.9}"
8.485,left_hand,og,acc,190979,"{""seq"":410,""x_mg"":-48,""y_mg"":-80,""z_mg"":996}"
8.485,left_hand,og,tilt,,"{""roll_deg"":10.6,""pitch_deg"":-20.7,""steady"":true}"
8.485,left_hand,og,flick_angles,,"{""side_deg"":-4.6,""fwd_deg"":-3.6}"
8.516,left_hand,og,acc,191000,"{""seq"":411,""x_mg"":-64,""y_mg"":-68,""z_mg"":1016}"
8.516,left_hand,og,tilt,,"{""roll_deg"":10.5,""pitch_deg"":-20.5,""steady"":true}"
8.516,left_hand,og,flick_angles,,"{""side_deg"":-4.6,""fwd_deg"":-3.4}"
8.516,left_hand,og,acc,191020,"{""seq"":412,""x_mg"":-84,""y_mg"":-60,""z_mg"":1032}"
8.516,left_hand,og,tilt,,"{""roll_deg"":10.4,""pitch_deg"":-20.3,""steady"":true}"
8.516,left_hand,og,flick_angles,,"{""side_deg"":-4.2,""fwd_deg"":-3.5}"
8.532,left_hand,og,acc,191041,"{""seq"":413,""x_mg"":-136,""y_mg"":-40,""z_mg"":1096}"
8.532,left_hand,og,tilt,,"{""roll_deg"":10.4,""pitch_deg"":-20.2,""steady"":true}"
8.532,left_hand,og,flick_angles,,"{""side_deg"":-3.8,""fwd_deg"":-4.1}"
8.563,left_hand,og,acc,191061,"{""seq"":414,""x_mg"":-172,""y_mg"":4,""z_mg"":1164}"
8.563,left_hand,og,tilt,,"{""roll_deg"":10.5,""pitch_deg"":-20.3,""steady"":true}"
8.563,left_hand,og,flick_angles,,"{""side_deg"":-2.9,""fwd_deg"":-5.6}"
8.594,left_hand,og,acc,191082,"{""seq"":415,""x_mg"":-164,""y_mg"":-8,""z_mg"":1192}"
8.594,left_hand,og,tilt,,"{""roll_deg"":10.7,""pitch_deg"":-20.6,""steady"":true}"
8.594,left_hand,og,flick_angles,,"{""side_deg"":-1.7,""fwd_deg"":-6.7}"
8.594,left_hand,og,acc,191103,"{""seq"":416,""x_mg"":-140,""y_mg"":12,""z_mg"":1236}"
8.594,left_hand,og,tilt,,"{""roll_deg"":11.1,""pitch_deg"":-20.9,""steady"":true}"
8.594,left_hand,og,flick_angles,,"{""side_deg"":-0.7,""fwd_deg"":-7.3}"
8.625,left_hand,og,acc,191123,"{""seq"":417,""x_mg"":-176,""y_mg"":40,""z_mg"":1268}"
8.625,left_hand,og,tilt,,"{""roll_deg"":11.5,""pitch_deg"":-21.2,""steady"":true}"
8.625,left_hand,og,flick_angles,,"{""side_deg"":-0.1,""fwd_deg"":-7.6}"
8.657,left_hand,og,acc,191144,"{""seq"":418,""x_mg"":-172,""y_mg"":44,""z_mg"":1340}"
8.657,left_hand,og,tilt,,"{""roll_deg"":11.5,""pitch_deg"":-21.2,""steady"":false}"
8.657,left_hand,og,flick_angles,,"{""side_deg"":0.9,""fwd_deg"":-7.4}"
8.657,left_hand,og,acc,191164,"{""seq"":419,""x_mg"":-148,""y_mg"":28,""z_mg"":1320}"
8.657,left_hand,og,tilt,,"{""roll_deg"":11.5,""pitch_deg"":-21.2,""steady"":false}"
8.657,left_hand,og,flick_angles,,"{""side_deg"":1.3,""fwd_deg"":-7.4}"
8.688,left_hand,og,acc,191185,"{""seq"":420,""x_mg"":-80,""y_mg"":4,""z_mg"":1276}"
8.688,left_hand,og,tilt,,"{""roll_deg"":11.8,""pitch_deg"":-21.5,""steady"":true}"
8.688,left_hand,og,flick_angles,,"{""side_deg"":1.3,""fwd_deg"":-6.9}"
8.704,left_hand,og,acc,191205,"{""seq"":421,""x_mg"":28,""y_mg"":-24,""z_mg"":1184}"
8.704,left_hand,og,tilt,,"{""roll_deg"":12.1,""pitch_deg"":-21.6,""steady"":true}"
8.704,left_hand,og,flick_angles,,"{""side_deg"":0.7,""fwd_deg"":-5.2}"
8.735,left_hand,og,acc,191226,"{""seq"":422,""x_mg"":104,""y_mg"":-64,""z_mg"":1156}"
8.735,left_hand,og,tilt,,"{""roll_deg"":12.4,""pitch_deg"":-21.4,""steady"":true}"
8.735,left_hand,og,flick_angles,,"{""side_deg"":-0.2,""fwd_deg"":-1.9}"
8.735,left_hand,game,flick,,"{""dir"":""up"",""result"":""none""}"
8.735,left_hand,og,acc,191247,"{""seq"":423,""x_mg"":100,""y_mg"":-12,""z_mg"":1140}"
8.735,left_hand,og,tilt,,"{""roll_deg"":12.6,""pitch_deg"":-20.5,""steady"":true}"
8.735,left_hand,og,flick_angles,,"{""side_deg"":-0.7,""fwd_deg"":1.5}"
8.782,left_hand,og,acc,191267,"{""seq"":424,""x_mg"":120,""y_mg"":4,""z_mg"":1016}"
8.782,left_hand,og,tilt,,"{""roll_deg"":12.7,""pitch_deg"":-19.4,""steady"":true}"
8.782,left_hand,og,flick_angles,,"{""side_deg"":-0.6,""fwd_deg"":3.3}"
8.813,left_hand,og,acc,191288,"{""seq"":425,""x_mg"":156,""y_mg"":-12,""z_mg"":940}"
8.813,left_hand,og,tilt,,"{""roll_deg"":12.8,""pitch_deg"":-18.3,""steady"":true}"
8.813,left_hand,og,flick_angles,,"{""side_deg"":-0.6,""fwd_deg"":5.0}"
8.813,left_hand,og,acc,191308,"{""seq"":426,""x_mg"":196,""y_mg"":-92,""z_mg"":840}"
8.813,left_hand,og,tilt,,"{""roll_deg"":12.9,""pitch_deg"":-17.2,""steady"":true}"
8.813,left_hand,og,flick_angles,,"{""side_deg"":-0.7,""fwd_deg"":7.2}"
8.844,left_hand,og,acc,191329,"{""seq"":427,""x_mg"":232,""y_mg"":-140,""z_mg"":824}"
8.844,left_hand,og,tilt,,"{""roll_deg"":13.0,""pitch_deg"":-15.9,""steady"":true}"
8.844,left_hand,og,flick_angles,,"{""side_deg"":-3.5,""fwd_deg"":10.2}"
8.875,left_hand,og,acc,191349,"{""seq"":428,""x_mg"":236,""y_mg"":-128,""z_mg"":816}"
8.875,left_hand,og,tilt,,"{""roll_deg"":12.4,""pitch_deg"":-14.4,""steady"":true}"
8.875,left_hand,og,flick_angles,,"{""side_deg"":-6.2,""fwd_deg"":13.0}"
8.875,left_hand,og,acc,191370,"{""seq"":429,""x_mg"":324,""y_mg"":-160,""z_mg"":680}"
8.875,left_hand,og,tilt,,"{""roll_deg"":11.5,""pitch_deg"":-12.7,""steady"":true}"
8.875,left_hand,og,flick_angles,,"{""side_deg"":-7.9,""fwd_deg"":14.5}"
8.907,left_hand,og,acc,191391,"{""seq"":430,""x_mg"":324,""y_mg"":-104,""z_mg"":652}"
8.907,left_hand,og,tilt,,"{""roll_deg"":10.8,""pitch_deg"":-11.1,""steady"":true}"
8.907,left_hand,og,flick_angles,,"{""side_deg"":-8.5,""fwd_deg"":20.0}"
8.907,left_hand,og,acc,191411,"{""seq"":431,""x_mg"":356,""y_mg"":-136,""z_mg"":540}"
8.907,left_hand,og,tilt,,"{""roll_deg"":10.8,""pitch_deg"":-11.1,""steady"":false}"
8.907,left_hand,og,flick_angles,,"{""side_deg"":-10.9,""fwd_deg"":23.2}"
8.922,left_hand,og,acc,191432,"{""seq"":432,""x_mg"":416,""y_mg"":-228,""z_mg"":508}"
8.922,left_hand,og,tilt,,"{""roll_deg"":10.8,""pitch_deg"":-11.1,""steady"":false}"
8.922,left_hand,og,flick_angles,,"{""side_deg"":-12.5,""fwd_deg"":28.3}"
8.954,left_hand,og,acc,191452,"{""seq"":433,""x_mg"":412,""y_mg"":-276,""z_mg"":520}"
8.954,left_hand,og,tilt,,"{""roll_deg"":10.0,""pitch_deg"":-8.6,""steady"":true}"
8.954,left_hand,og,flick_angles,,"{""side_deg"":-18.3,""fwd_deg"":33.3}"
8.985,left_hand,og,acc,191473,"{""seq"":434,""x_mg"":416,""y_mg"":-272,""z_mg"":492}"
8.985,left_hand,og,tilt,,"{""roll_deg"":10.0,""pitch_deg"":-8.6,""steady"":false}"
8.985,left_hand,og,flick_angles,,"{""side_deg"":-23.1,""fwd_deg"":36.3}"
9.016,left_hand,og,acc,191493,"{""seq"":435,""x_mg"":424,""y_mg"":-272,""z_mg"":436}"
9.016,left_hand,og,tilt,,"{""roll_deg"":10.0,""pitch_deg"":-8.6,""steady"":false}"
9.016,left_hand,og,flick_angles,,"{""side_deg"":-26.0,""fwd_deg"":38.3}"
9.016,left_hand,og,acc,191514,"{""seq"":436,""x_mg"":428,""y_mg"":-280,""z_mg"":372}"
9.016,left_hand,og,tilt,,"{""roll_deg"":10.0,""pitch_deg"":-8.6,""steady"":false}"
9.016,left_hand,og,flick_angles,,"{""side_deg"":-29.0,""fwd_deg"":41.2}"
9.047,left_hand,og,acc,191535,"{""seq"":437,""x_mg"":412,""y_mg"":-252,""z_mg"":344}"
9.047,left_hand,og,tilt,,"{""roll_deg"":10.0,""pitch_deg"":-8.6,""steady"":false}"
9.047,left_hand,og,flick_angles,,"{""side_deg"":-32.6,""fwd_deg"":45.1}"
9.047,left_hand,og,acc,191555,"{""seq"":438,""x_mg"":368,""y_mg"":-152,""z_mg"":396}"
9.047,left_hand,og,tilt,,"{""roll_deg"":10.0,""pitch_deg"":-8.6,""steady"":false}"
9.047,left_hand,og,flick_angles,,"{""side_deg"":-34.4,""fwd_deg"":47.1}"
9.079,left_hand,og,acc,191576,"{""seq"":439,""x_mg"":324,""y_mg"":-72,""z_mg"":468}"
9.079,left_hand,og,tilt,,"{""roll_deg"":10.0,""pitch_deg"":-8.6,""steady"":false}"
9.079,left_hand,og,flick_angles,,"{""side_deg"":-27.7,""fwd_deg"":45.0}"
9.110,left_hand,og,acc,191596,"{""seq"":440,""x_mg"":264,""y_mg"":-12,""z_mg"":512}"
9.110,left_hand,og,tilt,,"{""roll_deg"":10.0,""pitch_deg"":-8.6,""steady"":false}"
9.110,left_hand,og,flick_angles,,"{""side_deg"":-18.2,""fwd_deg"":39.8}"
9.110,left_hand,game,wrong,,"{""n"":4,""want"":""down"",""got"":""right""}"
9.110,left_hand,og,acc,191617,"{""seq"":441,""x_mg"":268,""y_mg"":-68,""z_mg"":440}"
9.110,left_hand,og,tilt,,"{""roll_deg"":10.0,""pitch_deg"":-8.6,""steady"":false}"
9.110,left_hand,og,flick_angles,,"{""side_deg"":-13.5,""fwd_deg"":35.6}"
9.141,left_hand,og,acc,191637,"{""seq"":442,""x_mg"":308,""y_mg"":-280,""z_mg"":416}"
9.141,left_hand,og,tilt,,"{""roll_deg"":10.0,""pitch_deg"":-8.6,""steady"":false}"
9.141,left_hand,og,flick_angles,,"{""side_deg"":-11.1,""fwd_deg"":33.5}"
9.172,left_hand,og,acc,191658,"{""seq"":443,""x_mg"":348,""y_mg"":-368,""z_mg"":436}"
9.172,left_hand,og,tilt,,"{""roll_deg"":10.0,""pitch_deg"":-8.6,""steady"":false}"
9.172,left_hand,og,flick_angles,,"{""side_deg"":-22.5,""fwd_deg"":35.0}"
9.172,left_hand,og,acc,191679,"{""seq"":444,""x_mg"":340,""y_mg"":-208,""z_mg"":480}"
9.172,left_hand,og,tilt,,"{""roll_deg"":10.0,""pitch_deg"":-8.6,""steady"":false}"
9.172,left_hand,og,flick_angles,,"{""side_deg"":-28.2,""fwd_deg"":35.8}"
9.204,left_hand,og,acc,191699,"{""seq"":445,""x_mg"":260,""y_mg"":-52,""z_mg"":480}"
9.204,left_hand,og,tilt,,"{""roll_deg"":10.0,""pitch_deg"":-8.6,""steady"":false}"
9.204,left_hand,og,flick_angles,,"{""side_deg"":-25.8,""fwd_deg"":35.5}"
9.235,left_hand,og,acc,191720,"{""seq"":446,""x_mg"":156,""y_mg"":-44,""z_mg"":484}"
9.235,left_hand,og,tilt,,"{""roll_deg"":10.0,""pitch_deg"":-8.6,""steady"":false}"
9.235,left_hand,og,flick_angles,,"{""side_deg"":-16.0,""fwd_deg"":32.0}"
9.235,left_hand,og,acc,191740,"{""seq"":447,""x_mg"":8,""y_mg"":-76,""z_mg"":472}"
9.235,left_hand,og,tilt,,"{""roll_deg"":10.0,""pitch_deg"":-8.6,""steady"":false}"
9.235,left_hand,og,flick_angles,,"{""side_deg"":-11.1,""fwd_deg"":24.9}"
9.266,left_hand,og,acc,191761,"{""seq"":448,""x_mg"":-232,""y_mg"":28,""z_mg"":612}"
9.266,left_hand,og,tilt,,"{""roll_deg"":10.0,""pitch_deg"":-8.6,""steady"":false}"
9.266,left_hand,og,flick_angles,,"{""side_deg"":-8.1,""fwd_deg"":12.9}"
9.297,left_hand,og,acc,191781,"{""seq"":449,""x_mg"":-500,""y_mg"":260,""z_mg"":1108}"
9.297,left_hand,og,tilt,,"{""roll_deg"":9.5,""pitch_deg"":-6.4,""steady"":true}"
9.297,left_hand,og,flick_angles,,"{""side_deg"":-2.8,""fwd_deg"":-3.9}"
9.297,left_hand,og,acc,191802,"{""seq"":450,""x_mg"":-712,""y_mg"":460,""z_mg"":1292}"
9.297,left_hand,og,tilt,,"{""roll_deg"":9.5,""pitch_deg"":-6.4,""steady"":false}"
9.297,left_hand,og,flick_angles,,"{""side_deg"":5.2,""fwd_deg"":-14.1}"
9.329,left_hand,og,acc,191823,"{""seq"":451,""x_mg"":-800,""y_mg"":396,""z_mg"":980}"
9.329,left_hand,og,tilt,,"{""roll_deg"":9.5,""pitch_deg"":-6.4,""steady"":false}"
9.329,left_hand,og,flick_angles,,"{""side_deg"":12.4,""fwd_deg"":-21.5}"
9.360,left_hand,og,acc,191843,"{""seq"":452,""x_mg"":-840,""y_mg"":364,""z_mg"":1136}"
9.360,left_hand,og,tilt,,"{""roll_deg"":9.5,""pitch_deg"":-6.4,""steady"":false}"
9.360,left_hand,og,flick_angles,,"{""side_deg"":16.0,""fwd_deg"":-29.0}"
9.360,left_hand,og,acc,191864,"{""seq"":453,""x_mg"":-892,""y_mg"":384,""z_mg"":1240}"
9.360,left_hand,og,tilt,,"{""roll_deg"":9.5,""pitch_deg"":-6.4,""steady"":false}"
9.360,left_hand,og,flick_angles,,"{""side_deg"":16.9,""fwd_deg"":-32.7}"
9.391,left_hand,og,acc,191884,"{""seq"":454,""x_mg"":-816,""y_mg"":68,""z_mg"":1152}"
9.391,left_hand,og,tilt,,"{""roll_deg"":9.5,""pitch_deg"":-6.4,""steady"":false}"
9.391,left_hand,og,flick_angles,,"{""side_deg"":17.0,""fwd_deg"":-34.2}"
9.422,left_hand,og,acc,191905,"{""seq"":455,""x_mg"":-920,""y_mg"":68,""z_mg"":1340}"
9.422,left_hand,og,tilt,,"{""roll_deg"":9.5,""pitch_deg"":-6.4,""steady"":false}"
9.422,left_hand,og,flick_angles,,"{""side_deg"":10.2,""fwd_deg"":-34.8}"
9.422,left_hand,og,acc,191925,"{""seq"":456,""x_mg"":-1108,""y_mg"":272,""z_mg"":1420}"
9.422,left_hand,og,tilt,,"{""roll_deg"":9.5,""pitch_deg"":-6.4,""steady"":false}"
9.422,left_hand,og,flick_angles,,"{""side_deg"":6.8,""fwd_deg"":-35.0}"
9.454,left_hand,og,acc,191946,"{""seq"":457,""x_mg"":-1088,""y_mg"":264,""z_mg"":1212}"
9.454,left_hand,og,tilt,,"{""roll_deg"":9.5,""pitch_deg"":-6.4,""steady"":false}"
9.454,left_hand,og,flick_angles,,"{""side_deg"":8.8,""fwd_deg"":-36.5}"
9.454,left_hand,og,acc,191966,"{""seq"":458,""x_mg"":-936,""y_mg"":128,""z_mg"":1204}"
9.454,left_hand,og,tilt,,"{""roll_deg"":9.5,""pitch_deg"":-6.4,""steady"":false}"
9.454,left_hand,og,flick_angles,,"{""side_deg"":9.8,""fwd_deg"":-37.2}"
9.485,left_hand,og,acc,191987,"{""seq"":459,""x_mg"":-824,""y_mg"":24,""z_mg"":1156}"
9.485,left_hand,og,tilt,,"{""roll_deg"":9.5,""pitch_deg"":-6.4,""steady"":false}"
9.485,left_hand,og,flick_angles,,"{""side_deg"":7.9,""fwd_deg"":-37.5}"
9.516,left_hand,og,acc,192008,"{""seq"":460,""x_mg"":-744,""y_mg"":-76,""z_mg"":1044}"
9.516,left_hand,og,tilt,,"{""roll_deg"":8.9,""pitch_deg"":-4.5,""steady"":true}"
9.516,left_hand,og,flick_angles,,"{""side_deg"":4.6,""fwd_deg"":-36.5}"
9.516,left_hand,game,flick,,"{""dir"":""left"",""result"":""none""}"
9.516,left_hand,og,acc,192028,"{""seq"":461,""x_mg"":-684,""y_mg"":-112,""z_mg"":988}"
9.516,left_hand,og,tilt,,"{""roll_deg"":8.8,""pitch_deg"":-8.8,""steady"":true}"
9.516,left_hand,og,flick_angles,,"{""side_deg"":0.2,""fwd_deg"":-36.0}"
9.547,left_hand,og,acc,192049,"{""seq"":462,""x_mg"":-656,""y_mg"":-84,""z_mg"":892}"
9.547,left_hand,og,tilt,,"{""roll_deg"":8.8,""pitch_deg"":-13.8,""steady"":true}"
9.547,left_hand,og,flick_angles,,"{""side_deg"":-2.6,""fwd_deg"":-35.7}"
9.579,left_hand,og,acc,192069,"{""seq"":463,""x_mg"":-648,""y_mg"":-52,""z_mg"":872}"
9.579,left_hand,og,tilt,,"{""roll_deg"":9.0,""pitch_deg"":-18.3,""steady"":true}"
9.579,left_hand,og,flick_angles,,"{""side_deg"":-4.0,""fwd_deg"":-36.0}"
9.579,left_hand,og,acc,192090,"{""seq"":464,""x_mg"":-616,""y_mg"":-92,""z_mg"":820}"
9.579,left_hand,og,tilt,,"{""roll_deg"":9.0,""pitch_deg"":-22.4,""steady"":true}"
9.579,left_hand,og,flick_angles,,"{""side_deg"":-4.7,""fwd_deg"":-36.3}"
9.610,left_hand,og,acc,192110,"{""seq"":465,""x_mg"":-612,""y_mg"":-60,""z_mg"":796}"
9.610,left_hand,og,tilt,,"{""roll_deg"":9.0,""pitch_deg"":-26.0,""steady"":true}"
9.610,left_hand,og,flick_angles,,"{""side_deg"":-4.5,""fwd_deg"":-36.6}"
9.641,left_hand,og,acc,192131,"{""seq"":466,""x_mg"":-620,""y_mg"":4,""z_mg"":780}"
9.641,left_hand,og,tilt,,"{""roll_deg"":9.1,""pitch_deg"":-29.2,""steady"":true}"
9.641,left_hand,og,flick_angles,,"{""side_deg"":-4.4,""fwd_deg"":-37.1}"
9.641,left_hand,og,acc,192152,"{""seq"":467,""x_mg"":-632,""y_mg"":4,""z_mg"":748}"
9.641,left_hand,og,tilt,,"{""roll_deg"":9.3,""pitch_deg"":-32.1,""steady"":true}"
9.641,left_hand,og,flick_angles,,"{""side_deg"":-2.1,""fwd_deg"":-37.8}"
9.688,left_hand,og,acc,192172,"{""seq"":468,""x_mg"":-652,""y_mg"":-4,""z_mg"":740}"
9.688,left_hand,og,tilt,,"{""roll_deg"":9.8,""pitch_deg"":-34.8,""steady"":true}"
9.688,left_hand,og,flick_angles,,"{""side_deg"":-0.9,""fwd_deg"":-39.0}"
9.719,left_hand,og,acc,192193,"{""seq"":469,""x_mg"":-680,""y_mg"":-8,""z_mg"":764}"
9.719,left_hand,og,tilt,,"{""roll_deg"":10.3,""pitch_deg"":-37.3,""steady"":true}"
9.719,left_hand,og,flick_angles,,"{""side_deg"":-0.6,""fwd_deg"":-40.2}"
9.719,left_hand,og,acc,192213,"{""seq"":470,""x_mg"":-728,""y_mg"":40,""z_mg"":756}"
9.719,left_hand,og,tilt,,"{""roll_deg"":10.8,""pitch_deg"":-39.7,""steady"":true}"
9.719,left_hand,og,flick_angles,,"{""side_deg"":-0.5,""fwd_deg"":-40.9}"
9.750,left_hand,og,acc,192234,"{""seq"":471,""x_mg"":-744,""y_mg"":88,""z_mg"":764}"
9.750,left_hand,og,tilt,,"{""roll_deg"":11.3,""pitch_deg"":-41.9,""steady"":true}"
9.750,left_hand,og,flick_angles,,"{""side_deg"":1.3,""fwd_deg"":-42.4}"
9.750,left_hand,og,acc,192254,"{""seq"":472,""x_mg"":-708,""y_mg"":36,""z_mg"":780}"
9.750,left_hand,og,tilt,,"{""roll_deg"":12.0,""pitch_deg"":-43.8,""steady"":true}"
9.750,left_hand,og,flick_angles,,"{""side_deg"":2.2,""fwd_deg"":-43.2}"
9.782,left_hand,og,acc,192275,"{""seq"":473,""x_mg"":-696,""y_mg"":-12,""z_mg"":752}"
9.782,left_hand,og,tilt,,"{""roll_deg"":12.6,""pitch_deg"":-45.6,""steady"":true}"
9.782,left_hand,og,flick_angles,,"{""side_deg"":2.4,""fwd_deg"":-43.0}"
9.813,left_hand,og,acc,192296,"{""seq"":474,""x_mg"":-692,""y_mg"":-8,""z_mg"":748}"
9.813,left_hand,og,tilt,,"{""roll_deg"":13.1,""pitch_deg"":-47.2,""steady"":true}"
9.813,left_hand,og,flick_angles,,"{""side_deg"":0.9,""fwd_deg"":-42.9}"
9.813,left_hand,og,acc,192316,"{""seq"":475,""x_mg"":-656,""y_mg"":36,""z_mg"":728}"
9.813,left_hand,og,tilt,,"{""roll_deg"":13.5,""pitch_deg"":-48.5,""steady"":true}"
9.813,left_hand,og,flick_angles,,"{""side_deg"":0.1,""fwd_deg"":-42.8}"
9.844,left_hand,og,acc,192337,"{""seq"":476,""x_mg"":-640,""y_mg"":16,""z_mg"":724}"
9.844,left_hand,og,tilt,,"{""roll_deg"":13.8,""pitch_deg"":-49.7,""steady"":true}"
9.844,left_hand,og,flick_angles,,"{""side_deg"":0.7,""fwd_deg"":-42.4}"
9.875,left_hand,og,acc,192357,"{""seq"":477,""x_mg"":-616,""y_mg"":-4,""z_mg"":728}"
9.875,left_hand,og,tilt,,"{""roll_deg"":13.8,""pitch_deg"":-50.7,""steady"":true}"
9.875,left_hand,og,flick_angles,,"{""side_deg"":1.0,""fwd_deg"":-41.9}"
9.875,left_hand,og,acc,192378,"{""seq"":478,""x_mg"":-612,""y_mg"":-44,""z_mg"":724}"
9.875,left_hand,og,tilt,,"{""roll_deg"":13.8,""pitch_deg"":-51.5,""steady"":true}"
9.875,left_hand,og,flick_angles,,"{""side_deg"":0.3,""fwd_deg"":-41.1}"
9.907,left_hand,og,acc,192398,"{""seq"":479,""x_mg"":-604,""y_mg"":-52,""z_mg"":748}"
9.907,left_hand,og,tilt,,"{""roll_deg"":13.8,""pitch_deg"":-52.0,""steady"":true}"
9.907,left_hand,og,flick_angles,,"{""side_deg"":-1.6,""fwd_deg"":-40.7}"
9.938,left_hand,og,acc,192419,"{""seq"":480,""x_mg"":-676,""y_mg"":0,""z_mg"":812}"
9.938,left_hand,og,tilt,,"{""roll_deg"":13.9,""pitch_deg"":-52.5,""steady"":true}"
9.938,left_hand,og,flick_angles,,"{""side_deg"":-2.5,""fwd_deg"":-40.2}"
9.938,left_hand,og,acc,192440,"{""seq"":481,""x_mg"":-688,""y_mg"":0,""z_mg"":884}"
9.938,left_hand,og,tilt,,"{""roll_deg"":13.9,""pitch_deg"":-52.9,""steady"":true}"
9.938,left_hand,og,flick_angles,,"{""side_deg"":-1.3,""fwd_deg"":-39.6}"
9.954,left_hand,og,acc,192460,"{""seq"":482,""x_mg"":-716,""y_mg"":-20,""z_mg"":916}"
9.954,left_hand,og,tilt,,"{""roll_deg"":13.8,""pitch_deg"":-53.1,""steady"":true}"
9.954,left_hand,og,flick_angles,,"{""side_deg"":-0.6,""fwd_deg"":-38.8}"
9.985,left_hand,og,acc,192481,"{""seq"":483,""x_mg"":-704,""y_mg"":-40,""z_mg"":932}"
9.985,left_hand,og,tilt,,"{""roll_deg"":13.7,""pitch_deg"":-53.2,""steady"":true}"
9.985,left_hand,og,flick_angles,,"{""side_deg"":-0.9,""fwd_deg"":-38.3}"
10.016,left_hand,og,acc,192501,"{""seq"":484,""x_mg"":-688,""y_mg"":-56,""z_mg"":1032}"
10.016,left_hand,og,tilt,,"{""roll_deg"":13.6,""pitch_deg"":-53.3,""steady"":true}"
10.016,left_hand,og,flick_angles,,"{""side_deg"":-1.7,""fwd_deg"":-37.7}"
10.016,left_hand,og,acc,192522,"{""seq"":485,""x_mg"":-772,""y_mg"":-32,""z_mg"":1116}"
10.016,left_hand,og,tilt,,"{""roll_deg"":13.6,""pitch_deg"":-53.3,""steady"":false}"
10.016,left_hand,og,flick_angles,,"{""side_deg"":-2.1,""fwd_deg"":-36.2}"
10.047,left_hand,og,acc,192542,"{""seq"":486,""x_mg"":-840,""y_mg"":-36,""z_mg"":1176}"
10.047,left_hand,og,tilt,,"{""roll_deg"":13.6,""pitch_deg"":-53.3,""steady"":false}"
10.047,left_hand,og,flick_angles,,"{""side_deg"":-1.9,""fwd_deg"":-35.4}"
10.047,left_hand,og,acc,192563,"{""seq"":487,""x_mg"":-800,""y_mg"":-20,""z_mg"":1112}"
10.047,left_hand,og,tilt,,"{""roll_deg"":13.6,""pitch_deg"":-53.3,""steady"":false}"
10.047,left_hand,og,flick_angles,,"{""side_deg"":-1.8,""fwd_deg"":-35.5}"
10.079,left_hand,og,acc,192583,"{""seq"":488,""x_mg"":-636,""y_mg"":-64,""z_mg"":1128}"
10.079,left_hand,og,tilt,,"{""roll_deg"":13.4,""pitch_deg"":-53.2,""steady"":true}"
10.079,left_hand,og,flick_angles,,"{""side_deg"":-1.8,""fwd_deg"":-35.5}"
10.110,left_hand,og,acc,192604,"{""seq"":489,""x_mg"":-552,""y_mg"":-88,""z_mg"":1108}"
10.110,left_hand,og,tilt,,"{""roll_deg"":13.1,""pitch_deg"":-52.8,""steady"":true}"
10.110,left_hand,og,flick_angles,,"{""side_deg"":-2.5,""fwd_deg"":-32.5}"
10.110,left_hand,og,acc,192625,"{""seq"":490,""x_mg"":-580,""y_mg"":-8,""z_mg"":1156}"
10.110,left_hand,og,tremor,,"{""rms_mg"":112.2,""peak_hz"":4.6}"
10.110,left_hand,og,tilt,,"{""roll_deg"":12.9,""pitch_deg"":-51.9,""steady"":true}"
10.110,left_hand,og,flick_angles,,"{""side_deg"":-2.9,""fwd_deg"":-29.6}"
10.141,left_hand,og,acc,192645,"{""seq"":491,""x_mg"":-620,""y_mg"":36,""z_mg"":1176}"
10.141,left_hand,og,tilt,,"{""roll_deg"":12.9,""pitch_deg"":-51.9,""steady"":false}"
10.141,left_hand,og,flick_angles,,"{""side_deg"":-1.6,""fwd_deg"":-28.1}"
10.157,left_hand,og,acc,192666,"{""seq"":492,""x_mg"":-656,""y_mg"":20,""z_mg"":1240}"
10.157,left_hand,og,tilt,,"{""roll_deg"":12.9,""pitch_deg"":-51.9,""steady"":false}"
10.157,left_hand,og,flick_angles,,"{""side_deg"":-0.4,""fwd_deg"":-27.9}"
10.157,left_hand,og,acc,192686,"{""seq"":493,""x_mg"":-636,""y_mg"":-4,""z_mg"":1232}"
10.157,left_hand,og,tilt,,"{""roll_deg"":12.9,""pitch_deg"":-51.9,""steady"":false}"
10.157,left_hand,og,flick_angles,,"{""side_deg"":0.3,""fwd_deg"":-27.9}"
10.204,left_hand,og,acc,192707,"{""seq"":494,""x_mg"":-588,""y_mg"":60,""z_mg"":1232}"
10.204,left_hand,og,tilt,,"{""roll_deg"":12.9,""pitch_deg"":-51.9,""steady"":false}"
10.204,left_hand,og,flick_angles,,"{""side_deg"":0.6,""fwd_deg"":-27.6}"
10.235,left_hand,og,acc,192727,"{""seq"":495,""x_mg"":-544,""y_mg"":204,""z_mg"":1236}"
10.235,left_hand,og,tilt,,"{""roll_deg"":12.9,""pitch_deg"":-51.9,""steady"":false}"
10.235,left_hand,og,flick_angles,,"{""side_deg"":1.7,""fwd_deg"":-26.6}"
10.266,left_hand,og,acc,192748,"{""seq"":496,""x_mg"":-468,""y_mg"":268,""z_mg"":1132}"
10.266,left_hand,og,tilt,,"{""roll_deg"":12.7,""pitch_deg"":-50.8,""steady"":true}"
10.266,left_hand,og,flick_angles,,"{""side_deg"":5.5,""fwd_deg"":-25.2}"
10.266,left_hand,game,wrong,,"{""n"":5,""want"":""up"",""got"":""right""}"
10.266,left_hand,og,acc,192769,"{""seq"":497,""x_mg"":-352,""y_mg"":116,""z_mg"":944}"
10.266,left_hand,og,tilt,,"{""roll_deg"":12.8,""pitch_deg"":-49.8,""steady"":true}"
10.266,left_hand,og,flick_angles,,"{""side_deg"":7.5,""fwd_deg"":-23.8}"
10.297,left_hand,og,acc,192789,"{""seq"":498,""x_mg"":-192,""y_mg"":-36,""z_mg"":936}"
10.297,left_hand,og,tilt,,"{""roll_deg"":12.9,""pitch_deg"":-48.4,""steady"":true}"
10.297,left_hand,og,flick_angles,,"{""side_deg"":7.2,""fwd_deg"":-22.1}"
10.329,left_hand,og,acc,192810,"{""seq"":499,""x_mg"":40,""y_mg"":-204,""z_mg"":868}"
10.329,left_hand,og,tilt,,"{""roll_deg"":13.1,""pitch_deg"":-46.9,""steady"":true}"
10.329,left_hand,og,flick_angles,,"{""side_deg"":2.5,""fwd_deg"":-16.9}"
10.329,left_hand,og,acc,192830,"{""seq"":500,""x_mg"":132,""y_mg"":-164,""z_mg"":1000}"
10.329,left_hand,og,tilt,,"{""roll_deg"":12.9,""pitch_deg"":-44.6,""steady"":true}"
10.329,left_hand,og,flick_angles,,"{""side_deg"":-3.4,""fwd_deg"":-7.1}"
10.360,left_hand,og,acc,192851,"{""seq"":501,""x_mg"":60,""y_mg"":8,""z_mg"":1096}"
10.360,left_hand,og,tilt,,"{""roll_deg"":12.8,""pitch_deg"":-40.8,""steady"":true}"
10.360,left_hand,og,flick_angles,,"{""side_deg"":-6.4,""fwd_deg"":-2.0}"
10.375,left_hand,og,acc,192871,"{""seq"":502,""x_mg"":44,""y_mg"":184,""z_mg"":988}"
10.375,left_hand,og,tilt,,"{""roll_deg"":12.7,""pitch_deg"":-37.5,""steady"":true}"
10.375,left_hand,og,flick_angles,,"{""side_deg"":-3.0,""fwd_deg"":0.6}"
10.375,left_hand,og,acc,192892,"{""seq"":503,""x_mg"":164,""y_mg"":24,""z_mg"":896}"
10.375,left_hand,og,tilt,,"{""roll_deg"":13.0,""pitch_deg"":-34.6,""steady"":true}"
10.375,left_hand,og,flick_angles,,"{""side_deg"":-0.7,""fwd_deg"":1.9}"
10.422,left_hand,og,acc,192913,"{""seq"":504,""x_mg"":180,""y_mg"":-172,""z_mg"":972}"
10.422,left_hand,og,tilt,,"{""roll_deg"":13.2,""pitch_deg"":-31.4,""steady"":true}"
10.422,left_hand,og,flick_angles,,"{""side_deg"":0.4,""fwd_deg"":6.1}"
10.454,left_hand,og,acc,192933,"{""seq"":505,""x_mg"":140,""y_mg"":-196,""z_mg"":1060}"
10.454,left_hand,og,tilt,,"{""roll_deg"":13.4,""pitch_deg"":-28.6,""steady"":true}"
10.454,left_hand,og,flick_angles,,"{""side_deg"":-4.8,""fwd_deg"":8.2}"
10.454,left_hand,og,acc,192954,"{""seq"":506,""x_mg"":140,""y_mg"":-72,""z_mg"":908}"
10.454,left_hand,og,tilt,,"{""roll_deg"":12.9,""pitch_deg"":-26.1,""steady"":true}"
10.454,left_hand,og,flick_angles,,"{""side_deg"":-7.4,""fwd_deg"":8.5}"
10.485,left_hand,og,acc,192974,"{""seq"":507,""x_mg"":208,""y_mg"":-84,""z_mg"":608}"
10.485,left_hand,og,tilt,,"{""roll_deg"":12.9,""pitch_deg"":-26.1,""steady"":false}"
10.485,left_hand,og,flick_angles,,"{""side_deg"":-7.6,""fwd_deg"":8.6}"
10.516,left_hand,og,acc,192995,"{""seq"":508,""x_mg"":280,""y_mg"":-120,""z_mg"":344}"
10.516,left_hand,og,tilt,,"{""roll_deg"":12.9,""pitch_deg"":-26.1,""steady"":false}"
10.516,left_hand,og,flick_angles,,"{""side_deg"":-7.8,""fwd_deg"":13.8}"
10.516,left_hand,og,acc,193015,"{""seq"":509,""x_mg"":352,""y_mg"":-140,""z_mg"":172}"
10.516,left_hand,og,tilt,,"{""roll_deg"":12.9,""pitch_deg"":-26.1,""steady"":false}"
10.516,left_hand,og,flick_angles,,"{""side_deg"":-13.5,""fwd_deg"":26.5}"
10.547,left_hand,og,acc,193036,"{""seq"":510,""x_mg"":444,""y_mg"":-148,""z_mg"":32}"
10.547,left_hand,og,tilt,,"{""roll_deg"":12.9,""pitch_deg"":-26.1,""steady"":false}"
10.547,left_hand,og,flick_angles,,"{""side_deg"":-26.3,""fwd_deg"":45.2}"
10.547,left_hand,og,acc,193056,"{""seq"":511,""x_mg"":556,""y_mg"":-140,""z_mg"":-88}"
10.547,left_hand,og,tilt,,"{""roll_deg"":12.9,""pitch_deg"":-26.1,""steady"":false}"
10.547,left_hand,og,flick_angles,,"{""side_deg"":-52.1,""fwd_deg"":65.5}"
10.579,left_hand,og,acc,193077,"{""seq"":512,""x_mg"":564,""y_mg"":-188,""z_mg"":-96}"
10.579,left_hand,og,tilt,,"{""roll_deg"":12.9,""pitch_deg"":-26.1,""steady"":false}"
10.579,left_hand,og,flick_angles,,"{""side_deg"":-84.6,""fwd_deg"":82.3}"
10.610,left_hand,og,acc,193098,"{""seq"":513,""x_mg"":584,""y_mg"":-276,""z_mg"":-20}"
10.610,left_hand,og,tilt,,"{""roll_deg"":12.9,""pitch_deg"":-26.1,""steady"":false}"
10.610,left_hand,og,flick_angles,,"{""side_deg"":-100.8,""fwd_deg"":90.6}"
10.610,left_hand,game,flick,,"{""dir"":""left"",""result"":""none""}"
10.610,left_hand,og,acc,193118,"{""seq"":514,""x_mg"":632,""y_mg"":-300,""z_mg"":136}"
10.610,left_hand,og,tilt,,"{""roll_deg"":11.9,""pitch_deg"":-23.6,""steady"":true}"
10.610,left_hand,og,flick_angles,,"{""side_deg"":-97.5,""fwd_deg"":91.3}"
10.641,left_hand,og,acc,193139,"{""seq"":515,""x_mg"":620,""y_mg"":-260,""z_mg"":268}"
10.641,left_hand,og,tilt,,"{""roll_deg"":10.9,""pitch_deg"":-21.4,""steady"":true}"
10.641,left_hand,og,flick_angles,,"{""side_deg"":-81.5,""fwd_deg"":84.6}"
10.672,left_hand,og,acc,193159,"{""seq"":516,""x_mg"":620,""y_mg"":-216,""z_mg"":372}"
10.672,left_hand,og,tilt,,"{""roll_deg"":7.7,""pitch_deg"":-13.7,""steady"":true}"
10.672,left_hand,og,flick_angles,,"{""side_deg"":-62.8,""fwd_deg"":75.6}"
10.672,left_hand,og,acc,193180,"{""seq"":517,""x_mg"":644,""y_mg"":-184,""z_mg"":472}"
10.672,left_hand,og,tilt,,"{""roll_deg"":4.9,""pitch_deg"":-6.8,""steady"":true}"
10.672,left_hand,og,flick_angles,,"{""side_deg"":-46.5,""fwd_deg"":67.3}"
10.704,left_hand,og,acc,193200,"{""seq"":518,""x_mg"":668,""y_mg"":-256,""z_mg"":576}"
10.704,left_hand,og,tilt,,"{""roll_deg"":2.4,""pitch_deg"":-0.8,""steady"":true}"
10.704,left_hand,og,flick_angles,,"{""side_deg"":-35.2,""fwd_deg"":60.5}"
10.735,left_hand,og,acc,193221,"{""seq"":519,""x_mg"":732,""y_mg"":-372,""z_mg"":616}"
10.735,left_hand,og,tilt,,"{""roll_deg"":0.2,""pitch_deg"":3.8,""steady"":true}"
10.735,left_hand,og,flick_angles,,"{""side_deg"":-29.6,""fwd_deg"":55.2}"
10.735,left_hand,og,acc,193242,"{""seq"":520,""x_mg"":756,""y_mg"":-456,""z_mg"":652}"
10.735,left_hand,og,tilt,,"{""roll_deg"":-1.7,""pitch_deg"":7.4,""steady"":true}"
10.735,left_hand,og,flick_angles,,"{""side_deg"":-30.4,""fwd_deg"":52.2}"
10.766,left_hand,og,acc,193262,"{""seq"":521,""x_mg"":752,""y_mg"":-460,""z_mg"":668}"
10.766,left_hand,og,tilt,,"{""roll_deg"":-3.6,""pitch_deg"":10.5,""steady"":true}"
10.766,left_hand,og,flick_angles,,"{""side_deg"":-32.5,""fwd_deg"":50.7}"
10.797,left_hand,og,acc,193283,"{""seq"":522,""x_mg"":704,""y_mg"":-376,""z_mg"":692}"
10.797,left_hand,og,tilt,,"{""roll_deg"":-5.1,""pitch_deg"":13.3,""steady"":true}"
10.797,left_hand,og,flick_angles,,"{""side_deg"":-33.5,""fwd_deg"":49.6}"
10.797,left_hand,og,acc,193303,"{""seq"":523,""x_mg"":724,""y_mg"":-356,""z_mg"":708}"
10.797,left_hand,og,tilt,,"{""roll_deg"":-6.6,""pitch_deg"":15.6,""steady"":true}"
10.797,left_hand,og,flick_angles,,"{""side_deg"":-31.0,""fwd_deg"":47.6}"
10.829,left_hand,og,acc,193324,"{""seq"":524,""x_mg"":708,""y_mg"":-396,""z_mg"":676}"
10.829,left_hand,og,tilt,,"{""roll_deg"":-7.7,""pitch_deg"":17.4,""steady"":true}"
10.829,left_hand,og,flick_angles,,"{""side_deg"":-29.8,""fwd_deg"":46.6}"
10.829,left_hand,og,acc,193344,"{""seq"":525,""x_mg"":704,""y_mg"":-444,""z_mg"":632}"
10.829,left_hand,og,tilt,,"{""roll_deg"":-8.7,""pitch_deg"":18.9,""steady"":true}"
10.829,left_hand,og,flick_angles,,"{""side_deg"":-30.1,""fwd_deg"":46.5}"
10.860,left_hand,og,acc,193365,"{""seq"":526,""x_mg"":692,""y_mg"":-424,""z_mg"":596}"
10.860,left_hand,og,tilt,,"{""roll_deg"":-9.6,""pitch_deg"":20.3,""steady"":true}"
10.860,left_hand,og,flick_angles,,"{""side_deg"":-32.6,""fwd_deg"":47.3}"
10.891,left_hand,og,acc,193385,"{""seq"":527,""x_mg"":700,""y_mg"":-376,""z_mg"":592}"
10.891,left_hand,og,tilt,,"{""roll_deg"":-10.6,""pitch_deg"":21.7,""steady"":true}"
10.891,left_hand,og,flick_angles,,"{""side_deg"":-33.8,""fwd_deg"":48.3}"
10.891,left_hand,og,acc,193406,"{""seq"":528,""x_mg"":712,""y_mg"":-348,""z_mg"":584}"
10.891,left_hand,og,tilt,,"{""roll_deg"":-11.5,""pitch_deg"":23.1,""steady"":true}"
10.891,left_hand,og,flick_angles,,"{""side_deg"":-33.1,""fwd_deg"":49.0}"
10.938,left_hand,og,acc,193427,"{""seq"":529,""x_mg"":712,""y_mg"":-348,""z_mg"":580}"
10.938,left_hand,og,tilt,,"{""roll_deg"":-12.3,""pitch_deg"":24.4,""steady"":true}"
10.938,left_hand,og,flick_angles,,"{""side_deg"":-32.0,""fwd_deg"":49.8}"
10.969,left_hand,og,acc,193447,"{""seq"":530,""x_mg"":716,""y_mg"":-352,""z_mg"":596}"
10.969,left_hand,og,tilt,,"{""roll_deg"":-12.8,""pitch_deg"":25.6,""steady"":true}"
10.969,left_hand,og,flick_angles,,"{""side_deg"":-31.4,""fwd_deg"":50.2}"
10.969,left_hand,og,acc,193468,"{""seq"":531,""x_mg"":720,""y_mg"":-372,""z_mg"":588}"
10.969,left_hand,og,tilt,,"{""roll_deg"":-13.3,""pitch_deg"":26.7,""steady"":true}"
10.969,left_hand,og,flick_angles,,"{""side_deg"":-31.2,""fwd_deg"":50.5}"
11.000,left_hand,og,acc,193488,"{""seq"":532,""x_mg"":716,""y_mg"":-388,""z_mg"":588}"
11.000,left_hand,og,tilt,,"{""roll_deg"":-13.7,""pitch_deg"":27.7,""steady"":true}"
11.000,left_hand,og,flick_angles,,"{""side_deg"":-31.8,""fwd_deg"":50.6}"
11.032,left_hand,og,acc,193509,"{""seq"":533,""x_mg"":728,""y_mg"":-376,""z_mg"":608}"
11.032,left_hand,og,tilt,,"{""roll_deg"":-14.2,""pitch_deg"":28.5,""steady"":true}"
11.032,left_hand,og,flick_angles,,"{""side_deg"":-32.0,""fwd_deg"":50.6}"
11.032,left_hand,og,acc,193529,"{""seq"":534,""x_mg"":724,""y_mg"":-364,""z_mg"":636}"
11.032,left_hand,og,tilt,,"{""roll_deg"":-14.6,""pitch_deg"":29.2,""steady"":true}"
11.032,left_hand,og,flick_angles,,"{""side_deg"":-31.9,""fwd_deg"":50.4}"
11.063,left_hand,og,acc,193550,"{""seq"":535,""x_mg"":724,""y_mg"":-344,""z_mg"":628}"
11.063,left_hand,og,tilt,,"{""roll_deg"":-14.9,""pitch_deg"":29.8,""steady"":true}"
11.063,left_hand,og,flick_angles,,"{""side_deg"":-30.8,""fwd_deg"":49.7}"
11.094,left_hand,og,acc,193571,"{""seq"":536,""x_mg"":748,""y_mg"":-332,""z_mg"":592}"
11.094,left_hand,og,tilt,,"{""roll_deg"":-15.0,""pitch_deg"":30.4,""steady"":true}"
11.094,left_hand,og,flick_angles,,"{""side_deg"":-30.1,""fwd_deg"":49.4}"
11.094,left_hand,og,acc,193591,"{""seq"":537,""x_mg"":760,""y_mg"":-340,""z_mg"":576}"
11.094,left_hand,og,tilt,,"{""roll_deg"":-15.0,""pitch_deg"":30.8,""steady"":true}"
11.094,left_hand,og,flick_angles,,"{""side_deg"":-29.7,""fwd_deg"":50.5}"
11.125,left_hand,og,acc,193612,"{""seq"":538,""x_mg"":760,""y_mg"":-352,""z_mg"":576}"
11.125,left_hand,og,tilt,,"{""roll_deg"":-15.1,""pitch_deg"":31.4,""steady"":true}"
11.125,left_hand,og,flick_angles,,"{""side_deg"":-30.1,""fwd_deg"":51.7}"
11.125,left_hand,og,acc,193632,"{""seq"":539,""x_mg"":768,""y_mg"":-336,""z_mg"":596}"
11.125,left_hand,og,tilt,,"{""roll_deg"":-15.1,""pitch_deg"":32.0,""steady"":true}"
11.125,left_hand,og,flick_angles,,"{""side_deg"":-30.3,""fwd_deg"":52.3}"
11.157,left_hand,og,acc,193653,"{""seq"":540,""x_mg"":776,""y_mg"":-332,""z_mg"":588}"
11.157,left_hand,og,tilt,,"{""roll_deg"":-15.1,""pitch_deg"":32.6,""steady"":true}"
11.157,left_hand,og,flick_angles,,"{""side_deg"":-29.9,""fwd_deg"":52.6}"
11.188,left_hand,og,acc,193673,"{""seq"":541,""x_mg"":756,""y_mg"":-292,""z_mg"":572}"
11.188,left_hand,og,tilt,,"{""roll_deg"":-15.1,""pitch_deg"":33.1,""steady"":true}"
11.188,left_hand,og,flick_angles,,"{""side_deg"":-29.7,""fwd_deg"":52.7}"
11.188,left_hand,og,acc,193694,"{""seq"":542,""x_mg"":752,""y_mg"":-276,""z_mg"":584}"
11.188,left_hand,og,tilt,,"{""roll_deg"":-15.1,""pitch_deg"":33.6,""steady"":true}"
11.188,left_hand,og,flick_angles,,"{""side_deg"":-28.3,""fwd_deg"":52.8}"
11.204,left_hand,og,acc,193715,"{""seq"":543,""x_mg"":792,""y_mg"":-336,""z_mg"":616}"
11.204,left_hand,og,tilt,,"{""roll_deg"":-15.0,""pitch_deg"":33.9,""steady"":true}"
11.204,left_hand,og,flick_angles,,"{""side_deg"":-27.7,""fwd_deg"":52.5}"
11.235,left_hand,og,acc,193735,"{""seq"":544,""x_mg"":808,""y_mg"":-352,""z_mg"":608}"
11.235,left_hand,og,tilt,,"{""roll_deg"":-14.9,""pitch_deg"":34.3,""steady"":true}"
11.235,left_hand,og,flick_angles,,"{""side_deg"":-28.2,""fwd_deg"":52.3}"
11.266,left_hand,og,acc,193756,"{""seq"":545,""x_mg"":832,""y_mg"":-348,""z_mg"":628}"
11.266,left_hand,og,tilt,,"{""roll_deg"":-14.9,""pitch_deg"":34.6,""steady"":true}"
11.266,left_hand,og,flick_angles,,"{""side_deg"":-28.6,""fwd_deg"":52.6}"
11.266,left_hand,og,acc,193776,"{""seq"":546,""x_mg"":908,""y_mg"":-380,""z_mg"":692}"
11.266,left_hand,og,tilt,,"{""roll_deg"":-14.8,""pitch_deg"":34.9,""steady"":true}"
11.266,left_hand,og,flick_angles,,"{""side_deg"":-28.8,""fwd_deg"":52.8}"
11.297,left_hand,og,acc,193797,"{""seq"":547,""x_mg"":984,""y_mg"":-396,""z_mg"":724}"
11.297,left_hand,og,tilt,,"{""roll_deg"":-14.8,""pitch_deg"":35.1,""steady"":true}"
11.297,left_hand,og,flick_angles,,"{""side_deg"":-28.8,""fwd_deg"":52.9}"
11.329,left_hand,og,acc,193817,"{""seq"":548,""x_mg"":1040,""y_mg"":-436,""z_mg"":732}"
11.329,left_hand,og,tilt,,"{""roll_deg"":-14.8,""pitch_deg"":35.1,""steady"":false}"
11.329,left_hand,og,flick_angles,,"{""side_deg"":-28.8,""fwd_deg"":53.3}"
11.329,left_hand,og,acc,193838,"{""seq"":549,""x_mg"":1104,""y_mg"":-532,""z_mg"":824}"
11.329,left_hand,og,tilt,,"{""roll_deg"":-14.8,""pitch_deg"":35.1,""steady"":false}"
11.329,left_hand,og,flick_angles,,"{""side_deg"":-29.8,""fwd_deg"":53.5}"
11.360,left_hand,og,acc,193858,"{""seq"":550,""x_mg"":1140,""y_mg"":-620,""z_mg"":868}"
11.360,left_hand,og,tilt,,"{""roll_deg"":-14.8,""pitch_deg"":35.1,""steady"":false}"
11.360,left_hand,og,flick_angles,,"{""side_deg"":-31.3,""fwd_deg"":53.4}"
11.391,left_hand,og,acc,193879,"{""seq"":551,""x_mg"":1092,""y_mg"":-676,""z_mg"":848}"
11.391,left_hand,og,tilt,,"{""roll_deg"":-14.8,""pitch_deg"":35.1,""steady"":false}"
11.391,left_hand,og,flick_angles,,"{""side_deg"":-33.4,""fwd_deg"":53.0}"
11.391,left_hand,og,acc,193900,"{""seq"":552,""x_mg"":980,""y_mg"":-676,""z_mg"":824}"
11.391,left_hand,og,tilt,,"{""roll_deg"":-14.8,""pitch_deg"":35.1,""steady"":false}"
11.391,left_hand,og,flick_angles,,"{""side_deg"":-36.0,""fwd_deg"":52.6}"
11.422,left_hand,og,acc,193920,"{""seq"":553,""x_mg"":916,""y_mg"":-648,""z_mg"":812}"
11.422,left_hand,og,tilt,,"{""roll_deg"":-14.8,""pitch_deg"":35.1,""steady"":false}"
11.422,left_hand,og,flick_angles,,"{""side_deg"":-37.3,""fwd_deg"":51.3}"
11.454,left_hand,og,acc,193941,"{""seq"":554,""x_mg"":912,""y_mg"":-620,""z_mg"":756}"
11.454,left_hand,og,tilt,,"{""roll_deg"":-14.8,""pitch_deg"":35.1,""steady"":false}"
11.454,left_hand,og,flick_angles,,"{""side_deg"":-38.3,""fwd_deg"":50.6}"
11.469,left_hand,og,acc,193961,"{""seq"":555,""x_mg"":800,""y_mg"":-568,""z_mg"":632}"
11.469,left_hand,og,tilt,,"{""roll_deg"":-14.8,""pitch_deg"":35.4,""steady"":true}"
11.469,left_hand,og,flick_angles,,"{""side_deg"":-38.8,""fwd_deg"":50.5}"
11.469,left_hand,og,acc,193982,"{""seq"":556,""x_mg"":640,""y_mg"":-468,""z_mg"":584}"
11.469,left_hand,og,tilt,,"{""roll_deg"":-14.8,""pitch_deg"":35.5,""steady"":true}"
11.469,left_hand,og,flick_angles,,"{""side_deg"":-39.1,""fwd_deg"":50.4}"
11.500,left_hand,og,acc,194002,"{""seq"":557,""x_mg"":528,""y_mg"":-316,""z_mg"":500}"
11.500,left_hand,og,tilt,,"{""roll_deg"":-15.2,""pitch_deg"":35.6,""steady"":true}"
11.500,left_hand,og,flick_angles,,"{""side_deg"":-38.9,""fwd_deg"":49.0}"
11.532,left_hand,og,acc,194023,"{""seq"":558,""x_mg"":520,""y_mg"":-328,""z_mg"":412}"
11.532,left_hand,og,tilt,,"{""roll_deg"":-16.3,""pitch_deg"":35.6,""steady"":true}"
11.532,left_hand,og,flick_angles,,"{""side_deg"":-38.7,""fwd_deg"":48.3}"
11.532,left_hand,og,acc,194044,"{""seq"":559,""x_mg"":480,""y_mg"":-328,""z_mg"":300}"
11.532,left_hand,og,tilt,,"{""roll_deg"":-16.3,""pitch_deg"":35.6,""steady"":false}"
11.532,left_hand,og,flick_angles,,"{""side_deg"":-38.6,""fwd_deg"":50.0}"
11.563,left_hand,og,acc,194064,"{""seq"":560,""x_mg"":436,""y_mg"":-272,""z_mg"":232}"
11.563,left_hand,og,tilt,,"{""roll_deg"":-16.3,""pitch_deg"":35.6,""steady"":false}"
11.563,left_hand,og,flick_angles,,"{""side_deg"":-43.1,""fwd_deg"":54.0}"
11.563,left_hand,game,wrong,,"{""n"":6,""want"":""up"",""got"":""left""}"
11.594,left_hand,og,acc,194085,"{""seq"":561,""x_mg"":440,""y_mg"":-208,""z_mg"":168}"
11.594,left_hand,og,tilt,,"{""roll_deg"":-16.3,""pitch_deg"":35.6,""steady"":false}"
11.594,left_hand,og,flick_angles,,"{""side_deg"":-46.3,""fwd_deg"":58.0}"
11.594,left_hand,og,acc,194105,"{""seq"":562,""x_mg"":420,""y_mg"":-220,""z_mg"":128}"
11.594,left_hand,og,tilt,,"{""roll_deg"":-16.3,""pitch_deg"":35.6,""steady"":false}"
11.594,left_hand,og,flick_angles,,"{""side_deg"":-48.7,""fwd_deg"":63.5}"
11.625,left_hand,og,acc,194126,"{""seq"":563,""x_mg"":444,""y_mg"":-268,""z_mg"":92}"
11.625,left_hand,og,tilt,,"{""roll_deg"":-16.3,""pitch_deg"":35.6,""steady"":false}"
11.625,left_hand,og,flick_angles,,"{""side_deg"":-54.3,""fwd_deg"":68.3}"
11.672,left_hand,og,acc,194146,"{""seq"":564,""x_mg"":520,""y_mg"":-284,""z_mg"":128}"
11.672,left_hand,og,tilt,,"{""roll_deg"":-16.3,""pitch_deg"":35.6,""steady"":false}"
11.672,left_hand,og,flick_angles,,"{""side_deg"":-60.0,""fwd_deg"":72.2}"
11.672,left_hand,og,acc,194167,"{""seq"":565,""x_mg"":624,""y_mg"":-288,""z_mg"":164}"
11.672,left_hand,og,tilt,,"{""roll_deg"":-17.2,""pitch_deg"":35.6,""steady"":true}"
11.672,left_hand,og,flick_angles,,"{""side_deg"":-62.9,""fwd_deg"":74.2}"
11.704,left_hand,og,acc,194187,"{""seq"":566,""x_mg"":632,""y_mg"":-328,""z_mg"":200}"
11.704,left_hand,og,tilt,,"{""roll_deg"":-18.1,""pitch_deg"":35.6,""steady"":true}"
11.704,left_hand,og,flick_angles,,"{""side_deg"":-61.6,""fwd_deg"":74.7}"
11.735,left_hand,og,acc,194208,"{""seq"":567,""x_mg"":652,""y_mg"":-408,""z_mg"":236}"
11.735,left_hand,og,tilt,,"{""roll_deg"":-21.3,""pitch_deg"":37.9,""steady"":true}"
11.735,left_hand,og,flick_angles,,"{""side_deg"":-60.8,""fwd_deg"":73.6}"
11.735,left_hand,og,acc,194229,"{""seq"":568,""x_mg"":752,""y_mg"":-432,""z_mg"":272}"
11.735,left_hand,og,tilt,,"{""roll_deg"":-24.0,""pitch_deg"":39.8,""steady"":true}"
11.735,left_hand,og,flick_angles,,"{""side_deg"":-59.7,""fwd_deg"":71.9}"
11.766,left_hand,og,acc,194249,"{""seq"":569,""x_mg"":796,""y_mg"":-404,""z_mg"":300}"
11.766,left_hand,og,tilt,,"{""roll_deg"":-26.5,""pitch_deg"":41.5,""steady"":true}"
11.766,left_hand,og,flick_angles,,"{""side_deg"":-58.8,""fwd_deg"":71.0}"
11.766,left_hand,og,acc,194270,"{""seq"":570,""x_mg"":820,""y_mg"":-444,""z_mg"":312}"
11.766,left_hand,og,tilt,,"{""roll_deg"":-28.5,""pitch_deg"":43.1,""steady"":true}"
11.766,left_hand,og,flick_angles,,"{""side_deg"":-56.8,""fwd_deg"":70.2}"
11.797,left_hand,og,acc,194290,"{""seq"":571,""x_mg"":816,""y_mg"":-460,""z_mg"":320}"
11.797,left_hand,og,tilt,,"{""roll_deg"":-30.0,""pitch_deg"":44.3,""steady"":true}"
11.797,left_hand,og,flick_angles,,"{""side_deg"":-55.9,""fwd_deg"":69.7}"
11.829,left_hand,og,acc,194311,"{""seq"":572,""x_mg"":816,""y_mg"":-464,""z_mg"":396}"
11.829,left_hand,og,tilt,,"{""roll_deg"":-31.3,""pitch_deg"":45.4,""steady"":true}"
11.829,left_hand,og,flick_angles,,"{""side_deg"":-55.4,""fwd_deg"":69.1}"
11.829,left_hand,og,acc,194331,"{""seq"":573,""x_mg"":876,""y_mg"":-452,""z_mg"":428}"
11.829,left_hand,og,tilt,,"{""roll_deg"":-32.2,""pitch_deg"":46.3,""steady"":true}"
11.829,left_hand,og,flick_angles,,"{""side_deg"":-52.5,""fwd_deg"":66.6}"
11.860,left_hand,og,acc,194352,"{""seq"":574,""x_mg"":888,""y_mg"":-412,""z_mg"":444}"
11.860,left_hand,og,tilt,,"{""roll_deg"":-32.6,""pitch_deg"":46.5,""steady"":true}"
11.860,left_hand,og,flick_angles,,"{""side_deg"":-49.5,""fwd_deg"":65.3}"
11.891,left_hand,og,acc,194373,"{""seq"":575,""x_mg"":864,""y_mg"":-440,""z_mg"":468}"
11.891,left_hand,og,tilt,,"{""roll_deg"":-32.5,""pitch_deg"":46.7,""steady"":true}"
11.891,left_hand,og,flick_angles,,"{""side_deg"":-46.4,""fwd_deg"":64.4}"
11.891,left_hand,og,acc,194393,"{""seq"":576,""x_mg"":836,""y_mg"":-504,""z_mg"":472}"
11.891,left_hand,og,tilt,,"{""roll_deg"":-32.5,""pitch_deg"":46.8,""steady"":true}"
11.891,left_hand,og,flick_angles,,"{""side_deg"":-44.8,""fwd_deg"":63.0}"
11.922,left_hand,og,acc,194414,"{""seq"":577,""x_mg"":828,""y_mg"":-500,""z_mg"":492}"
11.922,left_hand,og,tilt,,"{""roll_deg"":-32.4,""pitch_deg"":46.7,""steady"":true}"
11.922,left_hand,og,flick_angles,,"{""side_deg"":-45.1,""fwd_deg"":61.8}"
11.922,left_hand,og,acc,194434,"{""seq"":578,""x_mg"":852,""y_mg"":-496,""z_mg"":532}"
11.922,left_hand,og,tilt,,"{""roll_deg"":-32.0,""pitch_deg"":46.4,""steady"":true}"
11.922,left_hand,og,flick_angles,,"{""side_deg"":-45.3,""fwd_deg"":60.5}"
11.954,left_hand,og,acc,194455,"{""seq"":579,""x_mg"":816,""y_mg"":-460,""z_mg"":524}"
11.954,left_hand,og,tilt,,"{""roll_deg"":-31.6,""pitch_deg"":46.1,""steady"":true}"
11.954,left_hand,og,flick_angles,,"{""side_deg"":-44.1,""fwd_deg"":59.3}"
11.985,left_hand,og,acc,194475,"{""seq"":580,""x_mg"":804,""y_mg"":-408,""z_mg"":500}"
11.985,left_hand,og,tilt,,"{""roll_deg"":-31.2,""pitch_deg"":45.6,""steady"":true}"
11.985,left_hand,og,flick_angles,,"{""side_deg"":-42.7,""fwd_deg"":58.6}"
11.985,left_hand,og,acc,194496,"{""seq"":581,""x_mg"":796,""y_mg"":-376,""z_mg"":528}"
11.985,left_hand,og,tilt,,"{""roll_deg"":-30.7,""pitch_deg"":45.2,""steady"":true}"
11.985,left_hand,og,flick_angles,,"{""side_deg"":-41.0,""fwd_deg"":58.0}"
12.016,left_hand,og,acc,194516,"{""seq"":582,""x_mg"":804,""y_mg"":-392,""z_mg"":528}"
12.016,left_hand,og,tilt,,"{""roll_deg"":-30.0,""pitch_deg"":44.7,""steady"":true}"
12.016,left_hand,og,flick_angles,,"{""side_deg"":-38.8,""fwd_deg"":57.3}"
12.032,left_hand,og,acc,194537,"{""seq"":583,""x_mg"":780,""y_mg"":-412,""z_mg"":516}"
12.032,left_hand,og,tilt,,"{""roll_deg"":-29.4,""pitch_deg"":44.3,""steady"":true}"
12.032,left_hand,og,flick_angles,,"{""side_deg"":-37.7,""fwd_deg"":56.9}"
12.063,left_hand,og,acc,194558,"{""seq"":584,""x_mg"":764,""y_mg"":-424,""z_mg"":528}"
12.063,left_hand,og,tilt,,"{""roll_deg"":-28.8,""pitch_deg"":43.8,""steady"":true}"
12.063,left_hand,og,flick_angles,,"{""side_deg"":-38.1,""fwd_deg"":56.7}"
12.094,left_hand,og,acc,194578,"{""seq"":585,""x_mg"":760,""y_mg"":-424,""z_mg"":508}"
12.094,left_hand,og,tilt,,"{""roll_deg"":-28.2,""pitch_deg"":43.4,""steady"":true}"
12.094,left_hand,og,flick_angles,,"{""side_deg"":-38.5,""fwd_deg"":56.5}"
12.094,left_hand,og,acc,194599,"{""seq"":586,""x_mg"":752,""y_mg"":-412,""z_mg"":496}"
12.094,left_hand,og,tilt,,"{""roll_deg"":-27.8,""pitch_deg"":43.1,""steady"":true}"
12.094,left_hand,og,flick_angles,,"{""side_deg"":-39.1,""fwd_deg"":56.4}"
12.125,left_hand,og,acc,194619,"{""seq"":587,""x_mg"":788,""y_mg"":-412,""z_mg"":472}"
12.125,left_hand,og,tilt,,"{""roll_deg"":-27.5,""pitch_deg"":42.8,""steady"":true}"
12.125,left_hand,og,flick_angles,,"{""side_deg"":-39.5,""fwd_deg"":56.5}"
12.125,left_hand,og,acc,194640,"{""seq"":588,""x_mg"":768,""y_mg"":-380,""z_mg"":512}"
12.125,left_hand,og,tremor,,"{""rms_mg"":110.4,""peak_hz"":4.6}"
12.125,left_hand,og,tilt,,"{""roll_deg"":-27.3,""pitch_deg"":42.5,""steady"":true}"
12.125,left_hand,og,flick_angles,,"{""side_deg"":-39.6,""fwd_deg"":56.5}"
12.157,left_hand,og,acc,194660,"{""seq"":589,""x_mg"":760,""y_mg"":-364,""z_mg"":508}"
12.157,left_hand,og,tilt,,"{""roll_deg"":-27.0,""pitch_deg"":42.3,""steady"":true}"
12.157,left_hand,og,flick_angles,,"{""side_deg"":-38.1,""fwd_deg"":56.4}"
12.188,left_hand,og,acc,194681,"{""seq"":590,""x_mg"":744,""y_mg"":-368,""z_mg"":488}"
12.188,left_hand,og,tilt,,"{""roll_deg"":-26.5,""pitch_deg"":42.1,""steady"":true}"
12.188,left_hand,og,flick_angles,,"{""side_deg"":-37.3,""fwd_deg"":56.4}"
12.188,left_hand,og,acc,194702,"{""seq"":591,""x_mg"":768,""y_mg"":-368,""z_mg"":496}"
12.188,left_hand,og,tilt,,"{""roll_deg"":-26.0,""pitch_deg"":41.9,""steady"":true}"
12.188,left_hand,og,flick_angles,,"{""side_deg"":-37.0,""fwd_deg"":56.6}"
12.219,left_hand,og,acc,194722,"{""seq"":592,""x_mg"":780,""y_mg"":-388,""z_mg"":484}"
12.219,left_hand,og,tilt,,"{""roll_deg"":-25.6,""pitch_deg"":41.8,""steady"":true}"
12.219,left_hand,og,flick_angles,,"{""side_deg"":-37.0,""fwd_deg"":56.8}"
12.250,left_hand,og,acc,194743,"{""seq"":593,""x_mg"":780,""y_mg"":-420,""z_mg"":464}"
12.250,left_hand,og,tilt,,"{""roll_deg"":-25.2,""pitch_deg"":41.7,""steady"":true}"
12.250,left_hand,og,flick_angles,,"{""side_deg"":-37.9,""fwd_deg"":57.5}"
12.250,left_hand,og,acc,194763,"{""seq"":594,""x_mg"":760,""y_mg"":-448,""z_mg"":464}"
12.250,left_hand,og,tilt,,"{""roll_deg"":-25.1,""pitch_deg"":41.8,""steady"":true}"
12.250,left_hand,og,flick_angles,,"{""side_deg"":-40.0,""fwd_deg"":58.1}"
12.297,left_hand,og,acc,194784,"{""seq"":595,""x_mg"":752,""y_mg"":-500,""z_mg"":452}"
12.297,left_hand,og,tilt,,"{""roll_deg"":-25.5,""pitch_deg"":41.9,""steady"":true}"
12.297,left_hand,og,flick_angles,,"{""side_deg"":-42.0,""fwd_deg"":58.5}"
12.329,left_hand,og,acc,194804,"{""seq"":596,""x_mg"":756,""y_mg"":-544,""z_mg"":452}"
12.329,left_hand,og,tilt,,"{""roll_deg"":-26.0,""pitch_deg"":42.1,""steady"":true}"
12.329,left_hand,og,flick_angles,,"{""side_deg"":-44.9,""fwd_deg"":58.8}"
12.329,left_hand,og,acc,194825,"{""seq"":597,""x_mg"":736,""y_mg"":-568,""z_mg"":444}"
12.329,left_hand,og,tilt,,"{""roll_deg"":-26.9,""pitch_deg"":42.2,""steady"":true}"
12.329,left_hand,og,flick_angles,,"{""side_deg"":-47.6,""fwd_deg"":58.9}"
12.360,left_hand,og,acc,194846,"{""seq"":598,""x_mg"":700,""y_mg"":-576,""z_mg"":464}"
12.360,left_hand,og,tilt,,"{""roll_deg"":-28.0,""pitch_deg"":42.3,""steady"":true}"
12.360,left_hand,og,flick_angles,,"{""side_deg"":-49.4,""fwd_deg"":58.9}"
12.391,left_hand,og,acc,194866,"{""seq"":599,""x_mg"":676,""y_mg"":-564,""z_mg"":464}"
12.391,left_hand,og,tilt,,"{""roll_deg"":-29.0,""pitch_deg"":42.4,""steady"":true}"
12.391,left_hand,og,flick_angles,,"{""side_deg"":-50.3,""fwd_deg"":57.7}"
12.391,left_hand,og,acc,194887,"{""seq"":600,""x_mg"":656,""y_mg"":-580,""z_mg"":452}"
12.391,left_hand,og,tilt,,"{""roll_deg"":-29.9,""pitch_deg"":42.2,""steady"":true}"
12.391,left_hand,og,flick_angles,,"{""side_deg"":-50.7,""fwd_deg"":56.6}"
12.422,left_hand,og,acc,194907,"{""seq"":601,""x_mg"":628,""y_mg"":-596,""z_mg"":440}"
12.422,left_hand,og,tilt,,"{""roll_deg"":-30.9,""pitch_deg"":41.9,""steady"":true}"
12.422,left_hand,og,flick_angles,,"{""side_deg"":-51.4,""fwd_deg"":56.0}"
12.422,left_hand,og,acc,194928,"{""seq"":602,""x_mg"":628,""y_mg"":-580,""z_mg"":460}"
12.422,left_hand,og,tilt,,"{""roll_deg"":-31.6,""pitch_deg"":41.6,""steady"":true}"
12.422,left_hand,og,flick_angles,,"{""side_deg"":-51.7,""fwd_deg"":55.5}"
12.454,left_hand,og,acc,194948,"{""seq"":603,""x_mg"":644,""y_mg"":-536,""z_mg"":496}"
12.454,left_hand,og,tilt,,"{""roll_deg"":-32.3,""pitch_deg"":41.3,""steady"":true}"
12.454,left_hand,og,flick_angles,,"{""side_deg"":-51.7,""fwd_deg"":54.6}"
12.485,left_hand,og,acc,194969,"{""seq"":604,""x_mg"":660,""y_mg"":-536,""z_mg"":472}"
12.485,left_hand,og,tilt,,"{""roll_deg"":-32.9,""pitch_deg"":41.0,""steady"":true}"
12.485,left_hand,og,flick_angles,,"{""side_deg"":-50.1,""fwd_deg"":54.2}"
12.485,left_hand,og,acc,194989,"{""seq"":605,""x_mg"":632,""y_mg"":-576,""z_mg"":484}"
12.485,left_hand,og,tilt,,"{""roll_deg"":-33.3,""pitch_deg"":40.6,""steady"":true}"
12.485,left_hand,og,flick_angles,,"{""side_deg"":-49.4,""fwd_deg"":53.4}"
12.516,left_hand,og,acc,195010,"{""seq"":606,""x_mg"":632,""y_mg"":-584,""z_mg"":472}"
12.516,left_hand,og,tilt,,"{""roll_deg"":-33.5,""pitch_deg"":40.2,""steady"":true}"
12.516,left_hand,og,flick_angles,,"{""side_deg"":-49.7,""fwd_deg"":53.3}"
12.547,left_hand,og,acc,195031,"{""seq"":607,""x_mg"":624,""y_mg"":-576,""z_mg"":480}"
12.547,left_hand,og,tilt,,"{""roll_deg"":-33.8,""pitch_deg"":39.8,""steady"":true}"
12.547,left_hand,og,flick_angles,,"{""side_deg"":-49.9,""fwd_deg"":52.9}"
12.547,left_hand,og,acc,195051,"{""seq"":608,""x_mg"":620,""y_mg"":-640,""z_mg"":440}"
12.547,left_hand,og,tilt,,"{""roll_deg"":-34.1,""pitch_deg"":39.5,""steady"":true}"
12.547,left_hand,og,flick_angles,,"{""side_deg"":-50.5,""fwd_deg"":53.1}"
12.579,left_hand,og,acc,195072,"{""seq"":609,""x_mg"":668,""y_mg"":-824,""z_mg"":376}"
12.579,left_hand,og,tilt,,"{""roll_deg"":-34.4,""pitch_deg"":39.2,""steady"":true}"
12.579,left_hand,og,flick_angles,,"{""side_deg"":-53.0,""fwd_deg"":53.9}"
12.610,left_hand,og,acc,195092,"{""seq"":610,""x_mg"":644,""y_mg"":-880,""z_mg"":424}"
12.610,left_hand,og,tilt,,"{""roll_deg"":-35.2,""pitch_deg"":39.2,""steady"":true}"
12.610,left_hand,og,flick_angles,,"{""side_deg"":-58.6,""fwd_deg"":55.3}"
12.610,left_hand,game,wrong,,"{""n"":7,""want"":""right"",""got"":""left""}"
12.610,left_hand,og,acc,195113,"{""seq"":611,""x_mg"":556,""y_mg"":-684,""z_mg"":472}"
12.610,left_hand,og,tilt,,"{""roll_deg"":-35.9,""pitch_deg"":39.1,""steady"":true}"
12.610,left_hand,og,flick_angles,,"{""side_deg"":-61.5,""fwd_deg"":55.9}"
12.641,left_hand,og,acc,195133,"{""seq"":612,""x_mg"":484,""y_mg"":-424,""z_mg"":552}"
12.641,left_hand,og,tilt,,"{""roll_deg"":-36.6,""pitch_deg"":39.1,""steady"":true}"
12.641,left_hand,og,flick_angles,,"{""side_deg"":-58.4,""fwd_deg"":52.8}"
12.657,left_hand,og,acc,195154,"{""seq"":613,""x_mg"":492,""y_mg"":-352,""z_mg"":580}"
12.657,left_hand,og,tilt,,"{""roll_deg"":-37.1,""pitch_deg"":38.4,""steady"":true}"
12.657,left_hand,og,flick_angles,,"{""side_deg"":-48.0,""fwd_deg"":47.0}"
12.657,left_hand,og,acc,195175,"{""seq"":614,""x_mg"":484,""y_mg"":-420,""z_mg"":640}"
12.657,left_hand,og,tilt,,"{""roll_deg"":-35.4,""pitch_deg"":36.9,""steady"":true}"
12.657,left_hand,og,flick_angles,,"{""side_deg"":-40.6,""fwd_deg"":43.7}"
12.688,left_hand,og,acc,195195,"{""seq"":615,""x_mg"":420,""y_mg"":-532,""z_mg"":720}"
12.688,left_hand,og,tilt,,"{""roll_deg"":-33.9,""pitch_deg"":35.4,""steady"":true}"
12.688,left_hand,og,flick_angles,,"{""side_deg"":-37.0,""fwd_deg"":40.4}"
12.719,left_hand,og,acc,195216,"{""seq"":616,""x_mg"":348,""y_mg"":-472,""z_mg"":768}"
12.719,left_hand,og,tilt,,"{""roll_deg"":-32.1,""pitch_deg"":33.7,""steady"":true}"
12.719,left_hand,og,flick_angles,,"{""side_deg"":-35.1,""fwd_deg"":35.3}"
12.750,left_hand,og,acc,195236,"{""seq"":617,""x_mg"":324,""y_mg"":-320,""z_mg"":824}"
12.750,left_hand,og,tilt,,"{""roll_deg"":-30.3,""pitch_deg"":31.4,""steady"":true}"
12.750,left_hand,og,flick_angles,,"{""side_deg"":-33.3,""fwd_deg"":29.8}"
12.750,left_hand,og,acc,195257,"{""seq"":618,""x_mg"":252,""y_mg"":-156,""z_mg"":896}"
12.750,left_hand,og,tilt,,"{""roll_deg"":-28.7,""pitch_deg"":28.6,""steady"":true}"
12.750,left_hand,og,flick_angles,,"{""side_deg"":-27.3,""fwd_deg"":25.7}"
12.782,left_hand,og,acc,195277,"{""seq"":619,""x_mg"":152,""y_mg"":8,""z_mg"":956}"
12.782,left_hand,og,tilt,,"{""roll_deg"":-26.1,""pitch_deg"":25.9,""steady"":true}"
12.782,left_hand,og,flick_angles,,"{""side_deg"":-18.6,""fwd_deg"":20.7}"
12.813,left_hand,og,acc,195298,"{""seq"":620,""x_mg"":108,""y_mg"":120,""z_mg"":1032}"
12.813,left_hand,og,tilt,,"{""roll_deg"":-22.5,""pitch_deg"":22.7,""steady"":true}"
12.813,left_hand,og,flick_angles,,"{""side_deg"":-9.1,""fwd_deg"":14.9}"
12.813,left_hand,og,acc,195319,"{""seq"":621,""x_mg"":-12,""y_mg"":324,""z_mg"":1152}"
12.813,left_hand,og,tilt,,"{""roll_deg"":-18.0,""pitch_deg"":19.2,""steady"":true}"
12.813,left_hand,og,flick_angles,,"{""side_deg"":-1.2,""fwd_deg"":10.4}"
12.844,left_hand,og,acc,195339,"{""seq"":622,""x_mg"":-168,""y_mg"":636,""z_mg"":1284}"
12.844,left_hand,og,tilt,,"{""roll_deg"":-18.0,""pitch_deg"":19.2,""steady"":false}"
12.844,left_hand,og,flick_angles,,"{""side_deg"":7.2,""fwd_deg"":4.9}"
12.875,left_hand,og,acc,195360,"{""seq"":623,""x_mg"":-224,""y_mg"":916,""z_mg"":1260}"
12.875,left_hand,og,tilt,,"{""roll_deg"":-18.0,""pitch_deg"":19.2,""steady"":false}"
12.875,left_hand,og,flick_angles,,"{""side_deg"":16.8,""fwd_deg"":-1.3}"
12.891,left_hand,og,acc,195380,"{""seq"":624,""x_mg"":-24,""y_mg"":972,""z_mg"":1184}"
12.891,left_hand,og,tilt,,"{""roll_deg"":-18.0,""pitch_deg"":19.2,""steady"":false}"
12.891,left_hand,og,flick_angles,,"{""side_deg"":26.4,""fwd_deg"":-4.4}"
12.891,left_hand,og,acc,195401,"{""seq"":625,""x_mg"":160,""y_mg"":744,""z_mg"":1180}"
12.891,left_hand,og,tilt,,"{""roll_deg"":-18.0,""pitch_deg"":19.2,""steady"":false}"
12.891,left_hand,og,flick_angles,,"{""side_deg"":31.2,""fwd_deg"":-2.8}"
12.922,left_hand,og,acc,195421,"{""seq"":626,""x_mg"":232,""y_mg"":608,""z_mg"":1164}"
12.922,left_hand,og,tilt,,"{""roll_deg"":-18.0,""pitch_deg"":19.2,""steady"":false}"
12.922,left_hand,og,flick_angles,,"{""side_deg"":31.7,""fwd_deg"":2.5}"
12.954,left_hand,og,acc,195442,"{""seq"":627,""x_mg"":256,""y_mg"":592,""z_mg"":1092}"
12.954,left_hand,og,tilt,,"{""roll_deg"":-13.3,""pitch_deg"":16.1,""steady"":true}"
12.954,left_hand,og,flick_angles,,"{""side_deg"":30.1,""fwd_deg"":6.9}"
12.954,left_hand,og,acc,195463,"{""seq"":628,""x_mg"":336,""y_mg"":512,""z_mg"":1068}"
12.954,left_hand,og,tilt,,"{""roll_deg"":-8.1,""pitch_deg"":13.3,""steady"":true}"
12.954,left_hand,og,flick_angles,,"{""side_deg"":28.8,""fwd_deg"":10.0}"
12.954,left_hand,game,flick,,"{""dir"":""up"",""result"":""none""}"
12.985,left_hand,og,acc,195483,"{""seq"":629,""x_mg"":332,""y_mg"":420,""z_mg"":1060}"
12.985,left_hand,og,tilt,,"{""roll_deg"":-2.9,""pitch_deg"":11.4,""steady"":true}"
12.985,left_hand,og,flick_angles,,"{""side_deg"":27.2,""fwd_deg"":13.7}"
13.016,left_hand,og,acc,195504,"{""seq"":630,""x_mg"":316,""y_mg"":352,""z_mg"":1028}"
13.016,left_hand,og,tilt,,"{""roll_deg"":1.8,""pitch_deg"":10.2,""steady"":true}"
13.016,left_hand,og,flick_angles,,"{""side_deg"":24.4,""fwd_deg"":15.6}"
13.016,left_hand,og,acc,195524,"{""seq"":631,""x_mg"":312,""y_mg"":316,""z_mg"":1052}"
13.016,left_hand,og,tilt,,"{""roll_deg"":5.9,""pitch_deg"":9.1,""steady"":true}"
13.016,left_hand,og,flick_angles,,"{""side_deg"":21.7,""fwd_deg"":16.3}"
13.063,left_hand,og,acc,195545,"{""seq"":632,""x_mg"":336,""y_mg"":220,""z_mg"":1028}"
13.063,left_hand,og,tilt,,"{""roll_deg"":9.2,""pitch_deg"":8.2,""steady"":true}"
13.063,left_hand,og,flick_angles,,"{""side_deg"":19.2,""fwd_deg"":16.7}"
13.063,left_hand,og,acc,195565,"{""seq"":633,""x_mg"":332,""y_mg"":80,""z_mg"":1004}"
13.063,left_hand,og,tilt,,"{""roll_deg"":11.8,""pitch_deg"":7.4,""steady"":true}"
13.063,left_hand,og,flick_angles,,"{""side_deg"":15.6,""fwd_deg"":17.4}"
13.079,left_hand,og,acc,195586,"{""seq"":634,""x_mg"":344,""y_mg"":4,""z_mg"":972}"
13.079,left_hand,og,tilt,,"{""roll_deg"":13.5,""pitch_deg"":6.8,""steady"":true}"
13.079,left_hand,og,flick_angles,,"{""side_deg"":10.1,""fwd_deg"":17.8}"
13.110,left_hand,og,acc,195607,"{""seq"":635,""x_mg"":376,""y_mg"":72,""z_mg"":940}"
13.110,left_hand,og,tilt,,"{""roll_deg"":14.2,""pitch_deg"":6.2,""steady"":true}"
13.110,left_hand,og,flick_angles,,"{""side_deg"":7.2,""fwd_deg"":18.7}"
13.141,left_hand,og,acc,195627,"{""seq"":636,""x_mg"":368,""y_mg"":116,""z_mg"":908}"
13.141,left_hand,og,tilt,,"{""roll_deg"":14.7,""pitch_deg"":5.9,""steady"":true}"
13.141,left_hand,og,flick_angles,,"{""side_deg"":5.8,""fwd_deg"":20.2}"
13.172,left_hand,og,acc,195648,"{""seq"":637,""x_mg"":380,""y_mg"":132,""z_mg"":884}"
13.172,left_hand,og,tilt,,"{""roll_deg"":15.2,""pitch_deg"":5.9,""steady"":true}"
13.172,left_hand,og,flick_angles,,"{""side_deg"":6.5,""fwd_deg"":21.1}"
13.172,left_hand,og,acc,195668,"{""seq"":638,""x_mg"":400,""y_mg"":112,""z_mg"":856}"
13.172,left_hand,og,tilt,,"{""roll_deg"":16.0,""pitch_deg"":6.0,""steady"":true}"
13.172,left_hand,og,flick_angles,,"{""side_deg"":7.0,""fwd_deg"":22.2}"
13.204,left_hand,og,acc,195689,"{""seq"":639,""x_mg"":360,""y_mg"":120,""z_mg"":860}"
13.204,left_hand,og,tilt,,"{""roll_deg"":16.7,""pitch_deg"":6.1,""steady"":true}"
13.204,left_hand,og,flick_angles,,"{""side_deg"":7.5,""fwd_deg"":22.7}"
13.204,left_hand,og,acc,195709,"{""seq"":640,""x_mg"":336,""y_mg"":96,""z_mg"":856}"
13.204,left_hand,og,tilt,,"{""roll_deg"":17.3,""pitch_deg"":6.2,""steady"":true}"
13.204,left_hand,og,flick_angles,,"{""side_deg"":7.5,""fwd_deg"":22.7}"
13.235,left_hand,og,acc,195730,"{""seq"":641,""x_mg"":320,""y_mg"":100,""z_mg"":860}"
13.235,left_hand,og,tilt,,"{""roll_deg"":17.8,""pitch_deg"":6.2,""steady"":true}"
13.235,left_hand,og,flick_angles,,"{""side_deg"":7.0,""fwd_deg"":22.1}"
13.266,left_hand,og,acc,195751,"{""seq"":642,""x_mg"":296,""y_mg"":124,""z_mg"":876}"
13.266,left_hand,og,tilt,,"{""roll_deg"":18.3,""pitch_deg"":6.2,""steady"":true}"
13.266,left_hand,og,flick_angles,,"{""side_deg"":6.8,""fwd_deg"":21.2}"
13.266,left_hand,og,acc,195771,"{""seq"":643,""x_mg"":292,""y_mg"":136,""z_mg"":888}"
13.266,left_hand,og,tilt,,"{""roll_deg"":18.7,""pitch_deg"":6.0,""steady"":true}"
13.266,left_hand,og,flick_angles,,"{""side_deg"":7.4,""fwd_deg"":20.0}"
13.282,left_hand,og,acc,195792,"{""seq"":644,""x_mg"":316,""y_mg"":136,""z_mg"":900}"
13.282,left_hand,og,tilt,,"{""roll_deg"":19.2,""pitch_deg"":5.7,""steady"":true}"
13.282,left_hand,og,flick_angles,,"{""side_deg"":8.0,""fwd_deg"":19.3}"
13.313,left_hand,og,acc,195812,"{""seq"":645,""x_mg"":336,""y_mg"":132,""z_mg"":896}"
13.313,left_hand,og,tilt,,"{""roll_deg"":19.6,""pitch_deg"":5.4,""steady"":true}"
13.313,left_hand,og,flick_angles,,"{""side_deg"":8.3,""fwd_deg"":19.3}"
13.344,left_hand,og,acc,195833,"{""seq"":646,""x_mg"":340,""y_mg"":132,""z_mg"":908}"
13.344,left_hand,og,tilt,,"{""roll_deg"":20.0,""pitch_deg"":5.2,""steady"":true}"
13.344,left_hand,og,flick_angles,,"{""side_deg"":8.3,""fwd_deg"":19.9}"
13.344,left_hand,og,acc,195853,"{""seq"":647,""x_mg"":360,""y_mg"":124,""z_mg"":924}"
13.344,left_hand,og,tilt,,"{""roll_deg"":20.3,""pitch_deg"":5.1,""steady"":true}"
13.344,left_hand,og,flick_angles,,"{""side_deg"":8.3,""fwd_deg"":20.2}"
13.375,left_hand,og,acc,195874,"{""seq"":648,""x_mg"":364,""y_mg"":108,""z_mg"":912}"
13.375,left_hand,og,tilt,,"{""roll_deg"":20.6,""pitch_deg"":5.1,""steady"":true}"
13.375,left_hand,og,flick_angles,,"{""side_deg"":8.0,""fwd_deg"":20.8}"
13.407,left_hand,og,acc,195894,"{""seq"":649,""x_mg"":384,""y_mg"":88,""z_mg"":904}"
13.407,left_hand,og,tilt,,"{""roll_deg"":20.7,""pitch_deg"":5.1,""steady"":true}"
13.407,left_hand,og,flick_angles,,"{""side_deg"":7.4,""fwd_deg"":21.3}"
13.407,left_hand,og,acc,195915,"{""seq"":650,""x_mg"":388,""y_mg"":52,""z_mg"":924}"
13.407,left_hand,og,tilt,,"{""roll_deg"":20.8,""pitch_deg"":5.2,""steady"":true}"
13.407,left_hand,og,flick_angles,,"{""side_deg"":6.5,""fwd_deg"":22.0}"
13.438,left_hand,og,acc,195936,"{""seq"":651,""x_mg"":360,""y_mg"":52,""z_mg"":932}"
13.438,left_hand,og,tilt,,"{""roll_deg"":20.6,""pitch_deg"":5.3,""steady"":true}"
13.438,left_hand,og,flick_angles,,"{""side_deg"":4.8,""fwd_deg"":22.4}"
13.469,left_hand,og,acc,195956,"{""seq"":652,""x_mg"":364,""y_mg"":52,""z_mg"":952}"
13.469,left_hand,og,tilt,,"{""roll_deg"":20.3,""pitch_deg"":5.3,""steady"":true}"
13.469,left_hand,og,flick_angles,,"{""side_deg"":4.0,""fwd_deg"":21.8}"
13.469,left_hand,og,acc,195977,"{""seq"":653,""x_mg"":376,""y_mg"":32,""z_mg"":940}"
13.469,left_hand,og,tilt,,"{""roll_deg"":19.9,""pitch_deg"":5.4,""steady"":true}"
13.469,left_hand,og,flick_angles,,"{""side_deg"":3.6,""fwd_deg"":21.4}"
13.500,left_hand,og,acc,195997,"{""seq"":654,""x_mg"":364,""y_mg"":20,""z_mg"":936}"
13.500,left_hand,og,tilt,,"{""roll_deg"":19.6,""pitch_deg"":5.4,""steady"":true}"
13.500,left_hand,og,flick_angles,,"{""side_deg"":2.8,""fwd_deg"":21.3}"
13.500,left_hand,og,acc,196018,"{""seq"":655,""x_mg"":364,""y_mg"":24,""z_mg"":952}"
13.500,left_hand,og,tilt,,"{""roll_deg"":19.2,""pitch_deg"":5.4,""steady"":true}"
13.500,left_hand,og,flick_angles,,"{""side_deg"":2.1,""fwd_deg"":21.3}"
13.547,left_hand,og,acc,196038,"{""seq"":656,""x_mg"":360,""y_mg"":68,""z_mg"":956}"
13.547,left_hand,og,tilt,,"{""roll_deg"":18.9,""pitch_deg"":5.3,""steady"":true}"
13.547,left_hand,og,flick_angles,,"{""side_deg"":1.8,""fwd_deg"":21.1}"
13.579,left_hand,og,acc,196059,"{""seq"":657,""x_mg"":356,""y_mg"":128,""z_mg"":928}"
13.579,left_hand,og,tilt,,"{""roll_deg"":18.5,""pitch_deg"":5.3,""steady"":true}"
13.579,left_hand,og,flick_angles,,"{""side_deg"":2.9,""fwd_deg"":21.0}"
13.579,left_hand,og,acc,196080,"{""seq"":658,""x_mg"":344,""y_mg"":152,""z_mg"":948}"
13.579,left_hand,og,tilt,,"{""roll_deg"":18.5,""pitch_deg"":5.3,""steady"":true}"
13.579,left_hand,og,flick_angles,,"{""side_deg"":5.4,""fwd_deg"":20.8}"
13.610,left_hand,og,acc,196100,"{""seq"":659,""x_mg"":364,""y_mg"":88,""z_mg"":956}"
13.610,left_hand,og,tilt,,"{""roll_deg"":18.6,""pitch_deg"":5.2,""steady"":true}"
13.610,left_hand,og,flick_angles,,"{""side_deg"":6.6,""fwd_deg"":20.8}"
13.641,left_hand,og,acc,196121,"{""seq"":660,""x_mg"":384,""y_mg"":-4,""z_mg"":936}"
13.641,left_hand,og,tilt,,"{""roll_deg"":18.7,""pitch_deg"":5.2,""steady"":true}"
13.641,left_hand,og,flick_angles,,"{""side_deg"":5.9,""fwd_deg"":20.8}"
13.641,left_hand,og,acc,196141,"{""seq"":661,""x_mg"":380,""y_mg"":-60,""z_mg"":924}"
13.641,left_hand,og,tilt,,"{""roll_deg"":18.8,""pitch_deg"":5.2,""steady"":true}"
13.641,left_hand,og,flick_angles,,"{""side_deg"":2.8,""fwd_deg"":21.6}"
13.641,left_hand,game,flick,,"{""dir"":""left"",""result"":""none""}"
13.672,left_hand,og,acc,196162,"{""seq"":662,""x_mg"":388,""y_mg"":-52,""z_mg"":904}"
13.672,left_hand,og,tilt,,"{""roll_deg"":18.3,""pitch_deg"":5.3,""steady"":true}"
13.672,left_hand,og,flick_angles,,"{""side_deg"":-0.2,""fwd_deg"":22.0}"
13.704,left_hand,og,acc,196182,"{""seq"":663,""x_mg"":400,""y_mg"":-56,""z_mg"":892}"
13.704,left_hand,og,tilt,,"{""roll_deg"":17.4,""pitch_deg"":5.5,""steady"":true}"
13.704,left_hand,og,flick_angles,,"{""side_deg"":-1.9,""fwd_deg"":22.6}"
13.704,left_hand,og,acc,196203,"{""seq"":664,""x_mg"":396,""y_mg"":-84,""z_mg"":892}"
13.704,left_hand,og,tilt,,"{""roll_deg"":16.6,""pitch_deg"":5.7,""steady"":true}"
13.704,left_hand,og,flick_angles,,"{""side_deg"":-2.7,""fwd_deg"":23.3}"
13.735,left_hand,og,acc,196224,"{""seq"":665,""x_mg"":396,""y_mg"":-124,""z_mg"":872}"
13.735,left_hand,og,tilt,,"{""roll_deg"":15.9,""pitch_deg"":6.0,""steady"":true}"
13.735,left_hand,og,flick_angles,,"{""side_deg"":-4.1,""fwd_deg"":23.7}"
13.766,left_hand,og,acc,196244,"{""seq"":666,""x_mg"":380,""y_mg"":-164,""z_mg"":824}"
13.766,left_hand,og,tilt,,"{""roll_deg"":15.0,""pitch_deg"":6.3,""steady"":true}"
13.766,left_hand,og,flick_angles,,"{""side_deg"":-6.1,""fwd_deg"":24.1}"
13.766,left_hand,og,acc,196265,"{""seq"":667,""x_mg"":352,""y_mg"":-156,""z_mg"":832}"
13.766,left_hand,og,tilt,,"{""roll_deg"":14.0,""pitch_deg"":6.5,""steady"":true}"
13.766,left_hand,og,flick_angles,,"{""side_deg"":-8.3,""fwd_deg"":24.2}"
13.797,left_hand,og,acc,196285,"{""seq"":668,""x_mg"":376,""y_mg"":-168,""z_mg"":836}"
13.797,left_hand,og,tilt,,"{""roll_deg"":12.7,""pitch_deg"":6.7,""steady"":true}"
13.797,left_hand,og,flick_angles,,"{""side_deg"":-9.8,""fwd_deg"":24.2}"
13.797,left_hand,og,acc,196306,"{""seq"":669,""x_mg"":380,""y_mg"":-196,""z_mg"":816}"
13.797,left_hand,og,tilt,,"{""roll_deg"":11.6,""pitch_deg"":6.9,""steady"":true}"
13.797,left_hand,og,flick_angles,,"{""side_deg"":-10.6,""fwd_deg"":24.2}"
13.829,left_hand,og,acc,196326,"{""seq"":670,""x_mg"":364,""y_mg"":-172,""z_mg"":784}"
13.829,left_hand,og,tilt,,"{""roll_deg"":10.5,""pitch_deg"":7.2,""steady"":true}"
13.829,left_hand,og,flick_angles,,"{""side_deg"":-11.5,""fwd_deg"":24.6}"
13.860,left_hand,og,acc,196347,"{""seq"":671,""x_mg"":332,""y_mg"":-116,""z_mg"":880}"
13.860,left_hand,og,tilt,,"{""roll_deg"":9.6,""pitch_deg"":7.3,""steady"":true}"
13.860,left_hand,og,flick_angles,,"{""side_deg"":-11.9,""fwd_deg"":24.7}"
13.860,left_hand,og,acc,196368,"{""seq"":672,""x_mg"":276,""y_mg"":108,""z_mg"":968}"
13.860,left_hand,og,tilt,,"{""roll_deg"":8.8,""pitch_deg"":7.4,""steady"":true}"
13.860,left_hand,og,flick_angles,,"{""side_deg"":-9.7,""fwd_deg"":22.7}"
13.891,left_hand,og,acc,196388,"{""seq"":673,""x_mg"":208,""y_mg"":388,""z_mg"":1004}"
13.891,left_hand,og,tilt,,"{""roll_deg"":8.6,""pitch_deg"":7.1,""steady"":true}"
13.891,left_hand,og,flick_angles,,"{""side_deg"":-1.7,""fwd_deg"":19.3}"
13.907,left_hand,og,acc,196409,"{""seq"":674,""x_mg"":128,""y_mg"":332,""z_mg"":788}"
13.907,left_hand,og,tilt,,"{""roll_deg"":10.0,""pitch_deg"":6.3,""steady"":true}"
13.907,left_hand,og,flick_angles,,"{""side_deg"":9.7,""fwd_deg"":15.5}"
13.938,left_hand,og,acc,196429,"{""seq"":675,""x_mg"":188,""y_mg"":-36,""z_mg"":556}"
13.938,left_hand,og,tilt,,"{""roll_deg"":10.0,""pitch_deg"":6.3,""steady"":false}"
13.938,left_hand,og,flick_angles,,"{""side_deg"":15.4,""fwd_deg"":13.6}"
13.938,left_hand,og,acc,196450,"{""seq"":676,""x_mg"":168,""y_mg"":-580,""z_mg"":220}"
13.938,left_hand,og,tilt,,"{""roll_deg"":10.0,""pitch_deg"":6.3,""steady"":false}"
13.938,left_hand,og,flick_angles,,"{""side_deg"":5.9,""fwd_deg"":16.1}"
13.969,left_hand,og,acc,196470,"{""seq"":677,""x_mg"":144,""y_mg"":-1608,""z_mg"":200}"
13.969,left_hand,og,tilt,,"{""roll_deg"":10.0,""pitch_deg"":6.3,""steady"":false}"
13.969,left_hand,og,flick_angles,,"{""side_deg"":-31.7,""fwd_deg"":25.9}"
14.000,left_hand,og,acc,196491,"{""seq"":678,""x_mg"":348,""y_mg"":-2040,""z_mg"":480}"
14.000,left_hand,og,tilt,,"{""roll_deg"":10.0,""pitch_deg"":6.3,""steady"":false}"
14.000,left_hand,og,flick_angles,,"{""side_deg"":-54.2,""fwd_deg"":30.9}"
14.000,left_hand,game,wrong,,"{""n"":8,""want"":""down"",""got"":""left""}"
14.000,left_hand,og,acc,196511,"{""seq"":679,""x_mg"":312,""y_mg"":-1260,""z_mg"":532}"
14.000,left_hand,og,tilt,,"{""roll_deg"":10.0,""pitch_deg"":6.3,""steady"":false}"
14.000,left_hand,og,flick_angles,,"{""side_deg"":-65.5,""fwd_deg"":33.3}"
14.032,left_hand,og,acc,196532,"{""seq"":680,""x_mg"":268,""y_mg"":-640,""z_mg"":500}"
14.032,left_hand,og,tilt,,"{""roll_deg"":11.3,""pitch_deg"":5.5,""steady"":true}"
14.032,left_hand,og,flick_angles,,"{""side_deg"":-66.3,""fwd_deg"":31.9}"
14.063,left_hand,og,acc,196553,"{""seq"":681,""x_mg"":216,""y_mg"":-684,""z_mg"":448}"
14.063,left_hand,og,tilt,,"{""roll_deg"":12.4,""pitch_deg"":4.9,""steady"":true}"
14.063,left_hand,og,flick_angles,,"{""side_deg"":-61.5,""fwd_deg"":30.0}"
14.063,left_hand,og,acc,196573,"{""seq"":682,""x_mg"":200,""y_mg"":-968,""z_mg"":400}"
14.063,left_hand,og,tilt,,"{""roll_deg"":6.4,""pitch_deg"":5.5,""steady"":true}"
14.063,left_hand,og,flick_angles,,"{""side_deg"":-59.2,""fwd_deg"":28.3}"
14.094,left_hand,og,acc,196594,"{""seq"":683,""x_mg"":264,""y_mg"":-1144,""z_mg"":400}"
14.094,left_hand,og,tilt,,"{""roll_deg"":0.5,""pitch_deg"":6.1,""steady"":true}"
14.094,left_hand,og,flick_angles,,"{""side_deg"":-63.4,""fwd_deg"":27.4}"
14.125,left_hand,og,acc,196614,"{""seq"":684,""x_mg"":268,""y_mg"":-1116,""z_mg"":404}"
14.125,left_hand,og,tilt,,"{""roll_deg"":-5.9,""pitch_deg"":6.8,""steady"":true}"
14.125,left_hand,og,flick_angles,,"{""side_deg"":-66.7,""fwd_deg"":30.4}"
14.125,left_hand,og,acc,196635,"{""seq"":685,""x_mg"":212,""y_mg"":-1028,""z_mg"":388}"
14.125,left_hand,og,tilt,,"{""roll_deg"":-11.8,""pitch_deg"":7.5,""steady"":true}"
14.125,left_hand,og,flick_angles,,"{""side_deg"":-68.4,""fwd_deg"":31.9}"
14.141,left_hand,og,acc,196655,"{""seq"":686,""x_mg"":224,""y_mg"":-932,""z_mg"":412}"
14.141,left_hand,og,tremor,,"{""rms_mg"":74.0,""peak_hz"":4.6}"
14.141,left_hand,og,tilt,,"{""roll_deg"":-17.0,""pitch_deg"":8.2,""steady"":true}"
14.141,left_hand,og,flick_angles,,"{""side_deg"":-68.9,""fwd_deg"":30.3}"
14.172,left_hand,og,acc,196676,"{""seq"":687,""x_mg"":160,""y_mg"":-820,""z_mg"":452}"
14.172,left_hand,og,tilt,,"{""roll_deg"":-21.6,""pitch_deg"":8.7,""steady"":true}"
14.172,left_hand,og,flick_angles,,"{""side_deg"":-67.5,""fwd_deg"":29.4}"
14.204,left_hand,og,acc,196697,"{""seq"":688,""x_mg"":172,""y_mg"":-880,""z_mg"":444}"
14.204,left_hand,og,tilt,,"{""roll_deg"":-25.2,""pitch_deg"":9.2,""steady"":true}"
14.204,left_hand,og,flick_angles,,"{""side_deg"":-65.4,""fwd_deg"":25.3}"
14.204,left_hand,og,acc,196717,"{""seq"":689,""x_mg"":212,""y_mg"":-1016,""z_mg"":424}"
14.204,left_hand,og,tilt,,"{""roll_deg"":-28.4,""pitch_deg"":9.4,""steady"":true}"
14.204,left_hand,og,flick_angles,,"{""side_deg"":-64.3,""fwd_deg"":23.2}"
14.235,left_hand,og,acc,196738,"{""seq"":690,""x_mg"":200,""y_mg"":-972,""z_mg"":436}"
14.235,left_hand,og,tilt,,"{""roll_deg"":-31.2,""pitch_deg"":9.3,""steady"":true}"
14.235,left_hand,og,flick_angles,,"{""side_deg"":-65.1,""fwd_deg"":23.9}"
14.282,left_hand,og,acc,196758,"{""seq"":691,""x_mg"":172,""y_mg"":-860,""z_mg"":468}"
14.282,left_hand,og,tilt,,"{""roll_deg"":-33.3,""pitch_deg"":8.8,""steady"":true}"
14.282,left_hand,og,flick_angles,,"{""side_deg"":-65.5,""fwd_deg"":24.3}"
14.282,left_hand,og,acc,196779,"{""seq"":692,""x_mg"":144,""y_mg"":-748,""z_mg"":488}"
14.282,left_hand,og,tilt,,"{""roll_deg"":-35.2,""pitch_deg"":8.4,""steady"":true}"
14.282,left_hand,og,flick_angles,,"{""side_deg"":-63.5,""fwd_deg"":22.2}"
14.313,left_hand,og,acc,196799,"{""seq"":693,""x_mg"":96,""y_mg"":-664,""z_mg"":528}"
14.313,left_hand,og,tilt,,"{""roll_deg"":-36.6,""pitch_deg"":7.9,""steady"":true}"
14.313,left_hand,og,flick_angles,,"{""side_deg"":-60.2,""fwd_deg"":19.3}"
14.329,left_hand,og,acc,196820,"{""seq"":694,""x_mg"":116,""y_mg"":-832,""z_mg"":536}"
14.329,left_hand,og,tilt,,"{""roll_deg"":-37.4,""pitch_deg"":7.0,""steady"":true}"
14.329,left_hand,og,flick_angles,,"{""side_deg"":-58.5,""fwd_deg"":15.8}"
14.329,left_hand,og,acc,196841,"{""seq"":695,""x_mg"":160,""y_mg"":-1000,""z_mg"":516}"
14.329,left_hand,og,tilt,,"{""roll_deg"":-38.1,""pitch_deg"":6.2,""steady"":true}"
14.329,left_hand,og,flick_angles,,"{""side_deg"":-57.9,""fwd_deg"":14.0}"
14.360,left_hand,og,acc,196861,"{""seq"":696,""x_mg"":164,""y_mg"":-928,""z_mg"":520}"
14.360,left_hand,og,tilt,,"{""roll_deg"":-38.6,""pitch_deg"":5.6,""steady"":true}"
14.360,left_hand,og,flick_angles,,"{""side_deg"":-59.3,""fwd_deg"":15.6}"
14.391,left_hand,og,acc,196882,"{""seq"":697,""x_mg"":112,""y_mg"":-796,""z_mg"":548}"
14.391,left_hand,og,tilt,,"{""roll_deg"":-39.2,""pitch_deg"":4.5,""steady"":true}"
14.391,left_hand,og,flick_angles,,"{""side_deg"":-60.0,""fwd_deg"":16.4}"
14.422,left_hand,og,acc,196902,"{""seq"":698,""x_mg"":124,""y_mg"":-868,""z_mg"":540}"
14.422,left_hand,og,tilt,,"{""roll_deg"":-39.7,""pitch_deg"":3.6,""steady"":true}"
14.422,left_hand,og,flick_angles,,"{""side_deg"":-59.1,""fwd_deg"":14.7}"
14.422,left_hand,og,acc,196923,"{""seq"":699,""x_mg"":124,""y_mg"":-932,""z_mg"":548}"
14.422,left_hand,og,tilt,,"{""roll_deg"":-40.4,""pitch_deg"":2.8,""steady"":true}"
14.422,left_hand,og,flick_angles,,"{""side_deg"":-58.6,""fwd_deg"":13.7}"
14.454,left_hand,og,acc,196943,"{""seq"":700,""x_mg"":132,""y_mg"":-904,""z_mg"":540}"
14.454,left_hand,og,tilt,,"{""roll_deg"":-40.9,""pitch_deg"":2.1,""steady"":true}"
14.454,left_hand,og,flick_angles,,"{""side_deg"":-58.9,""fwd_deg"":13.3}"
14.485,left_hand,og,acc,196964,"{""seq"":701,""x_mg"":140,""y_mg"":-852,""z_mg"":528}"
14.485,left_hand,og,tilt,,"{""roll_deg"":-41.3,""pitch_deg"":1.5,""steady"":true}"
14.485,left_hand,og,flick_angles,,"{""side_deg"":-59.0,""fwd_deg"":13.5}"
14.485,left_hand,og,acc,196985,"{""seq"":702,""x_mg"":160,""y_mg"":-884,""z_mg"":544}"
14.485,left_hand,og,tilt,,"{""roll_deg"":-41.6,""pitch_deg"":1.1,""steady"":true}"
14.485,left_hand,og,flick_angles,,"{""side_deg"":-58.7,""fwd_deg"":14.2}"
14.516,left_hand,og,acc,197005,"{""seq"":703,""x_mg"":188,""y_mg"":-872,""z_mg"":544}"
14.516,left_hand,og,tilt,,"{""roll_deg"":-41.9,""pitch_deg"":0.8,""steady"":true}"
14.516,left_hand,og,flick_angles,,"{""side_deg"":-58.5,""fwd_deg"":15.3}"
14.532,left_hand,og,acc,197026,"{""seq"":704,""x_mg"":172,""y_mg"":-828,""z_mg"":544}"
14.532,left_hand,og,tilt,,"{""roll_deg"":-42.2,""pitch_deg"":0.8,""steady"":true}"
14.532,left_hand,og,flick_angles,,"{""side_deg"":-58.2,""fwd_deg"":16.4}"
14.532,left_hand,og,acc,197046,"{""seq"":705,""x_mg"":172,""y_mg"":-808,""z_mg"":536}"
14.532,left_hand,og,tilt,,"{""roll_deg"":-42.4,""pitch_deg"":0.9,""steady"":true}"
14.532,left_hand,og,flick_angles,,"{""side_deg"":-57.5,""fwd_deg"":17.1}"
14.563,left_hand,og,acc,197067,"{""seq"":706,""x_mg"":168,""y_mg"":-800,""z_mg"":548}"
14.563,left_hand,og,tilt,,"{""roll_deg"":-42.4,""pitch_deg"":1.0,""steady"":true}"
14.563,left_hand,og,flick_angles,,"{""side_deg"":-57.0,""fwd_deg"":17.3}"
14.594,left_hand,og,acc,197087,"{""seq"":707,""x_mg"":180,""y_mg"":-828,""z_mg"":552}"
14.594,left_hand,og,tilt,,"{""roll_deg"":-42.3,""pitch_deg"":1.1,""steady"":true}"
14.594,left_hand,og,flick_angles,,"{""side_deg"":-56.6,""fwd_deg"":17.6}"
14.625,left_hand,og,acc,197108,"{""seq"":708,""x_mg"":184,""y_mg"":-876,""z_mg"":548}"
14.625,left_hand,og,tilt,,"{""roll_deg"":-42.3,""pitch_deg"":1.2,""steady"":true}"
14.625,left_hand,og,flick_angles,,"{""side_deg"":-56.5,""fwd_deg"":17.8}"
14.625,left_hand,og,acc,197128,"{""seq"":709,""x_mg"":168,""y_mg"":-824,""z_mg"":544}"
14.625,left_hand,og,tilt,,"{""roll_deg"":-42.3,""pitch_deg"":1.3,""steady"":true}"
14.625,left_hand,og,flick_angles,,"{""side_deg"":-56.5,""fwd_deg"":17.9}"
14.657,left_hand,og,acc,197149,"{""seq"":710,""x_mg"":160,""y_mg"":-836,""z_mg"":568}"
14.657,left_hand,og,tilt,,"{""roll_deg"":-42.3,""pitch_deg"":1.3,""steady"":true}"
14.657,left_hand,og,flick_angles,,"{""side_deg"":-56.5,""fwd_deg"":17.5}"
14.657,left_hand,og,acc,197170,"{""seq"":711,""x_mg"":168,""y_mg"":-840,""z_mg"":576}"
14.657,left_hand,og,tilt,,"{""roll_deg"":-42.2,""pitch_deg"":1.3,""steady"":true}"
14.657,left_hand,og,flick_angles,,"{""side_deg"":-56.2,""fwd_deg"":16.9}"
14.688,left_hand,og,acc,197190,"{""seq"":712,""x_mg"":148,""y_mg"":-856,""z_mg"":560}"
14.688,left_hand,og,tilt,,"{""roll_deg"":-42.3,""pitch_deg"":1.2,""steady"":true}"
14.688,left_hand,og,flick_angles,,"{""side_deg"":-56.0,""fwd_deg"":16.3}"
14.719,left_hand,og,acc,197211,"{""seq"":713,""x_mg"":152,""y_mg"":-828,""z_mg"":580}"
14.719,left_hand,og,tilt,,"{""roll_deg"":-42.2,""pitch_deg"":1.0,""steady"":true}"
14.719,left_hand,og,flick_angles,,"{""side_deg"":-55.8,""fwd_deg"":15.6}"
14.719,left_hand,og,acc,197231,"{""seq"":714,""x_mg"":152,""y_mg"":-744,""z_mg"":592}"
14.719,left_hand,og,tilt,,"{""roll_deg"":-42.1,""pitch_deg"":0.8,""steady"":true}"
14.719,left_hand,og,flick_angles,,"{""side_deg"":-55.4,""fwd_deg"":15.1}"
14.750,left_hand,og,acc,197252,"{""seq"":715,""x_mg"":152,""y_mg"":-776,""z_mg"":604}"
14.750,left_hand,og,tilt,,"{""roll_deg"":-41.9,""pitch_deg"":0.5,""steady"":true}"
14.750,left_hand,og,flick_angles,,"{""side_deg"":-53.7,""fwd_deg"":14.8}"
14.766,left_hand,og,acc,197272,"{""seq"":716,""x_mg"":172,""y_mg"":-900,""z_mg"":576}"
14.766,left_hand,og,tilt,,"{""roll_deg"":-41.8,""pitch_deg"":0.3,""steady"":true}"
14.766,left_hand,og,flick_angles,,"{""side_deg"":-52.9,""fwd_deg"":14.6}"
14.797,left_hand,og,acc,197293,"{""seq"":717,""x_mg"":192,""y_mg"":-936,""z_mg"":580}"
14.797,left_hand,og,tilt,,"{""roll_deg"":-41.6,""pitch_deg"":0.1,""steady"":true}"
14.797,left_hand,og,flick_angles,,"{""side_deg"":-55.2,""fwd_deg"":15.6}"
14.797,left_hand,og,acc,197314,"{""seq"":718,""x_mg"":188,""y_mg"":-888,""z_mg"":600}"
14.797,left_hand,og,tilt,,"{""roll_deg"":-41.6,""pitch_deg"":0.2,""steady"":true}"
14.797,left_hand,og,flick_angles,,"{""side_deg"":-56.3,""fwd_deg"":16.5}"
14.829,left_hand,og,acc,197334,"{""seq"":719,""x_mg"":176,""y_mg"":-828,""z_mg"":632}"
14.829,left_hand,og,tilt,,"{""roll_deg"":-41.6,""pitch_deg"":0.3,""steady"":true}"
14.829,left_hand,og,flick_angles,,"{""side_deg"":-56.1,""fwd_deg"":16.9}"
14.875,left_hand,og,acc,197355,"{""seq"":720,""x_mg"":172,""y_mg"":-792,""z_mg"":660}"
14.875,left_hand,og,tilt,,"{""roll_deg"":-41.7,""pitch_deg"":0.3,""steady"":true}"
14.875,left_hand,og,flick_angles,,"{""side_deg"":-54.4,""fwd_deg"":16.3}"
14.875,left_hand,og,acc,197375,"{""seq"":721,""x_mg"":144,""y_mg"":-600,""z_mg"":732}"
14.875,left_hand,og,tilt,,"{""roll_deg"":-41.3,""pitch_deg"":0.3,""steady"":true}"
14.875,left_hand,og,flick_angles,,"{""side_deg"":-52.3,""fwd_deg"":15.4}"
14.907,left_hand,og,acc,197396,"{""seq"":722,""x_mg"":136,""y_mg"":-476,""z_mg"":796}"
14.907,left_hand,og,tilt,,"{""roll_deg"":-40.6,""pitch_deg"":0.1,""steady"":true}"
14.907,left_hand,og,flick_angles,,"{""side_deg"":-45.8,""fwd_deg"":13.3}"
14.907,left_hand,game,flick,,"{""dir"":""right"",""result"":""none""}"
14.938,left_hand,og,acc,197416,"{""seq"":723,""x_mg"":160,""y_mg"":-476,""z_mg"":800}"
14.938,left_hand,og,tilt,,"{""roll_deg"":-38.8,""pitch_deg"":-0.5,""steady"":true}"
14.938,left_hand,og,flick_angles,,"{""side_deg"":-38.3,""fwd_deg"":12.2}"
14.938,left_hand,og,acc,197437,"{""seq"":724,""x_mg"":172,""y_mg"":-404,""z_mg"":840}"
14.938,left_hand,og,tilt,,"{""roll_deg"":-36.1,""pitch_deg"":-1.0,""steady"":true}"
14.938,left_hand,og,flick_angles,,"{""side_deg"":-34.5,""fwd_deg"":11.8}"
14.954,left_hand,og,acc,197457,"{""seq"":725,""x_mg"":136,""y_mg"":-192,""z_mg"":904}"
14.954,left_hand,og,tilt,,"{""roll_deg"":-33.7,""pitch_deg"":-1.4,""steady"":true}"
14.954,left_hand,og,flick_angles,,"{""side_deg"":-30.1,""fwd_deg"":11.5}"
14.985,left_hand,og,acc,197478,"{""seq"":726,""x_mg"":140,""y_mg"":-60,""z_mg"":956}"
14.985,left_hand,og,tilt,,"{""roll_deg"":-31.1,""pitch_deg"":-2.0,""steady"":true}"
14.985,left_hand,og,flick_angles,,"{""side_deg"":-21.1,""fwd_deg"":10.0}"
15.016,left_hand,og,acc,197499,"{""seq"":727,""x_mg"":180,""y_mg"":-108,""z_mg"":956}"
15.016,left_hand,og,tilt,,"{""roll_deg"":-27.1,""pitch_deg"":-2.4,""steady"":true}"
15.016,left_hand,og,flick_angles,,"{""side_deg"":-13.7,""fwd_deg"":9.3}"
15.016,left_hand,og,acc,197519,"{""seq"":728,""x_mg"":176,""y_mg"":-248,""z_mg"":996}"
15.016,left_hand,og,tilt,,"{""roll_deg"":-23.5,""pitch_deg"":-2.8,""steady"":true}"
15.016,left_hand,og,flick_angles,,"{""side_deg"":-10.1,""fwd_deg"":9.7}"
15.047,left_hand,og,acc,197540,"{""seq"":729,""x_mg"":168,""y_mg"":-300,""z_mg"":1000}"
15.047,left_hand,og,tilt,,"{""roll_deg"":-20.4,""pitch_deg"":-3.2,""steady"":true}"
15.047,left_hand,og,flick_angles,,"{""side_deg"":-12.0,""fwd_deg"":9.8}"
15.079,left_hand,og,acc,197560,"{""seq"":730,""x_mg"":188,""y_mg"":-336,""z_mg"":976}"
15.079,left_hand,og,tilt,,"{""roll_deg"":-18.0,""pitch_deg"":-3.5,""steady"":true}"
15.079,left_hand,og,flick_angles,,"{""side_deg"":-14.4,""fwd_deg"":9.9}"
15.079,left_hand,og,acc,197581,"{""seq"":731,""x_mg"":176,""y_mg"":-340,""z_mg"":996}"
15.079,left_hand,og,tilt,,"{""roll_deg"":-16.1,""pitch_deg"":-3.8,""steady"":true}"
15.079,left_hand,og,flick_angles,,"{""side_deg"":-16.6,""fwd_deg"":10.0}"
15.110,left_hand,og,acc,197601,"{""seq"":732,""x_mg"":156,""y_mg"":-260,""z_mg"":1024}"
15.110,left_hand,og,tilt,,"{""roll_deg"":-14.5,""pitch_deg"":-4.1,""steady"":true}"
15.110,left_hand,og,flick_angles,,"{""side_deg"":-17.7,""fwd_deg"":10.0}"
15.141,left_hand,og,acc,197622,"{""seq"":733,""x_mg"":80,""y_mg"":80,""z_mg"":1076}"
15.141,left_hand,og,tilt,,"{""roll_deg"":-13.0,""pitch_deg"":-4.3,""steady"":true}"
15.141,left_hand,og,flick_angles,,"{""side_deg"":-16.0,""fwd_deg"":9.3}"
15.141,left_hand,og,acc,197643,"{""seq"":734,""x_mg"":32,""y_mg"":380,""z_mg"":960}"
15.141,left_hand,og,tilt,,"{""roll_deg"":-11.4,""pitch_deg"":-4.7,""steady"":true}"
15.141,left_hand,og,flick_angles,,"{""side_deg"":-5.9,""fwd_deg"":6.8}"
15.157,left_hand,og,acc,197663,"{""seq"":735,""x_mg"":56,""y_mg"":220,""z_mg"":608}"
15.157,left_hand,og,tilt,,"{""roll_deg"":-11.4,""pitch_deg"":-4.7,""steady"":false}"
15.157,left_hand,og,flick_angles,,"{""side_deg"":7.0,""fwd_deg"":5.5}"
15.188,left_hand,og,acc,197684,"{""seq"":736,""x_mg"":64,""y_mg"":-524,""z_mg"":300}"
15.188,left_hand,og,tilt,,"{""roll_deg"":-11.4,""pitch_deg"":-4.7,""steady"":false}"
15.188,left_hand,og,flick_angles,,"{""side_deg"":13.5,""fwd_deg"":5.4}"
15.219,left_hand,og,acc,197704,"{""seq"":737,""x_mg"":32,""y_mg"":-1492,""z_mg"":120}"
15.219,left_hand,og,tilt,,"{""roll_deg"":-11.4,""pitch_deg"":-4.7,""steady"":false}"
15.219,left_hand,og,flick_angles,,"{""side_deg"":-23.4,""fwd_deg"":8.7}"
15.219,left_hand,og,acc,197725,"{""seq"":738,""x_mg"":252,""y_mg"":-1964,""z_mg"":360}"
15.219,left_hand,og,tilt,,"{""roll_deg"":-11.4,""pitch_deg"":-4.7,""steady"":false}"
15.219,left_hand,og,flick_angles,,"{""side_deg"":-51.5,""fwd_deg"":11.8}"
15.250,left_hand,og,acc,197745,"{""seq"":739,""x_mg"":260,""y_mg"":-1376,""z_mg"":356}"
15.250,left_hand,og,tilt,,"{""roll_deg"":-11.4,""pitch_deg"":-4.7,""steady"":false}"
15.250,left_hand,og,flick_angles,,"{""side_deg"":-65.6,""fwd_deg"":23.4}"
15.282,left_hand,og,acc,197766,"{""seq"":740,""x_mg"":184,""y_mg"":-828,""z_mg"":312}"
15.282,left_hand,og,tilt,,"{""roll_deg"":-10.1,""pitch_deg"":-5.0,""steady"":true}"
15.282,left_hand,og,flick_angles,,"{""side_deg"":-70.5,""fwd_deg"":29.2}"
15.282,left_hand,game,flick,,"{""dir"":""up"",""result"":""none""}"
15.282,left_hand,og,acc,197787,"{""seq"":741,""x_mg"":128,""y_mg"":-720,""z_mg"":360}"
15.282,left_hand,og,tilt,,"{""roll_deg"":-8.9,""pitch_deg"":-5.3,""steady"":true}"
15.282,left_hand,og,flick_angles,,"{""side_deg"":-69.9,""fwd_deg"":29.9}"
15.313,left_hand,og,acc,197807,"{""seq"":742,""x_mg"":96,""y_mg"":-828,""z_mg"":348}"
15.313,left_hand,og,tilt,,"{""roll_deg"":-13.7,""pitch_deg"":-4.7,""steady"":true}"
15.313,left_hand,og,flick_angles,,"{""side_deg"":-68.6,""fwd_deg"":24.7}"
15.344,left_hand,og,acc,197828,"{""seq"":743,""x_mg"":116,""y_mg"":-1076,""z_mg"":348}"
15.344,left_hand,og,tilt,,"{""roll_deg"":-18.4,""pitch_deg"":-3.8,""steady"":true}"
15.344,left_hand,og,flick_angles,,"{""side_deg"":-67.9,""fwd_deg"":21.6}"
15.344,left_hand,og,acc,197848,"{""seq"":744,""x_mg"":116,""y_mg"":-1204,""z_mg"":392}"
15.344,left_hand,og,tilt,,"{""roll_deg"":-22.8,""pitch_deg"":-3.0,""steady"":true}"
15.344,left_hand,og,flick_angles,,"{""side_deg"":-69.9,""fwd_deg"":19.0}"
15.375,left_hand,og,acc,197869,"{""seq"":745,""x_mg"":72,""y_mg"":-896,""z_mg"":444}"
15.375,left_hand,og,tilt,,"{""roll_deg"":-26.4,""pitch_deg"":-2.6,""steady"":true}"
15.375,left_hand,og,flick_angles,,"{""side_deg"":-70.9,""fwd_deg"":17.8}"
15.407,left_hand,og,acc,197889,"{""seq"":746,""x_mg"":48,""y_mg"":-760,""z_mg"":428}"
15.407,left_hand,og,tilt,,"{""roll_deg"":-29.6,""pitch_deg"":-2.4,""steady"":true}"
15.407,left_hand,og,flick_angles,,"{""side_deg"":-67.3,""fwd_deg"":13.5}"
15.407,left_hand,og,acc,197910,"{""seq"":747,""x_mg"":80,""y_mg"":-972,""z_mg"":396}"
15.407,left_hand,og,tilt,,"{""roll_deg"":-32.5,""pitch_deg"":-2.6,""steady"":true}"
15.407,left_hand,og,flick_angles,,"{""side_deg"":-65.5,""fwd_deg"":11.3}"
15.438,left_hand,og,acc,197931,"{""seq"":748,""x_mg"":140,""y_mg"":-1056,""z_mg"":412}"
15.438,left_hand,og,tilt,,"{""roll_deg"":-35.0,""pitch_deg"":-2.8,""steady"":true}"
15.438,left_hand,og,flick_angles,,"{""side_deg"":-66.7,""fwd_deg"":11.4}"
15.438,left_hand,og,acc,197951,"{""seq"":749,""x_mg"":96,""y_mg"":-888,""z_mg"":448}"
15.438,left_hand,og,tilt,,"{""roll_deg"":-36.7,""pitch_deg"":-3.0,""steady"":true}"
15.438,left_hand,og,flick_angles,,"{""side_deg"":-67.2,""fwd_deg"":11.7}"
15.469,left_hand,og,acc,197972,"{""seq"":750,""x_mg"":80,""y_mg"":-764,""z_mg"":432}"
15.469,left_hand,og,tilt,,"{""roll_deg"":-38.2,""pitch_deg"":-3.2,""steady"":true}"
15.469,left_hand,og,flick_angles,,"{""side_deg"":-65.2,""fwd_deg"":11.9}"
15.500,left_hand,og,acc,197992,"{""seq"":751,""x_mg"":88,""y_mg"":-816,""z_mg"":432}"
15.500,left_hand,og,tilt,,"{""roll_deg"":-39.5,""pitch_deg"":-3.3,""steady"":true}"
15.500,left_hand,og,flick_angles,,"{""side_deg"":-63.7,""fwd_deg"":11.7}"
15.500,left_hand,og,acc,198013,"{""seq"":752,""x_mg"":116,""y_mg"":-968,""z_mg"":452}"
15.500,left_hand,og,tilt,,"{""roll_deg"":-40.6,""pitch_deg"":-3.4,""steady"":true}"
15.500,left_hand,og,flick_angles,,"{""side_deg"":-62.9,""fwd_deg"":11.6}"
15.532,left_hand,og,acc,198033,"{""seq"":753,""x_mg"":100,""y_mg"":-960,""z_mg"":456}"
15.532,left_hand,og,tilt,,"{""roll_deg"":-41.6,""pitch_deg"":-3.4,""steady"":true}"
15.532,left_hand,og,flick_angles,,"{""side_deg"":-63.7,""fwd_deg"":12.0}"
15.563,left_hand,og,acc,198054,"{""seq"":754,""x_mg"":56,""y_mg"":-840,""z_mg"":492}"
15.563,left_hand,og,tilt,,"{""roll_deg"":-42.4,""pitch_deg"":-3.5,""steady"":true}"
15.563,left_hand,og,flick_angles,,"{""side_deg"":-64.2,""fwd_deg"":12.2}"
15.563,left_hand,og,acc,198075,"{""seq"":755,""x_mg"":80,""y_mg"":-896,""z_mg"":504}"
15.563,left_hand,og,tilt,,"{""roll_deg"":-43.0,""pitch_deg"":-3.6,""steady"":true}"
15.563,left_hand,og,flick_angles,,"{""side_deg"":-62.4,""fwd_deg"":10.6}"
15.610,left_hand,og,acc,198095,"{""seq"":756,""x_mg"":92,""y_mg"":-940,""z_mg"":496}"
15.610,left_hand,og,tilt,,"{""roll_deg"":-43.6,""pitch_deg"":-3.9,""steady"":true}"
15.610,left_hand,og,flick_angles,,"{""side_deg"":-61.5,""fwd_deg"":9.8}"
15.641,left_hand,og,acc,198116,"{""seq"":757,""x_mg"":68,""y_mg"":-848,""z_mg"":492}"
15.641,left_hand,og,tilt,,"{""roll_deg"":-43.9,""pitch_deg"":-4.2,""steady"":true}"
15.641,left_hand,og,flick_angles,,"{""side_deg"":-61.1,""fwd_deg"":9.4}"
15.641,left_hand,og,acc,198136,"{""seq"":758,""x_mg"":60,""y_mg"":-840,""z_mg"":516}"
15.641,left_hand,og,tilt,,"{""roll_deg"":-44.1,""pitch_deg"":-4.7,""steady"":true}"
15.641,left_hand,og,flick_angles,,"{""side_deg"":-60.5,""fwd_deg"":8.6}"
15.672,left_hand,og,acc,198157,"{""seq"":759,""x_mg"":104,""y_mg"":-988,""z_mg"":520}"
15.672,left_hand,og,tilt,,"{""roll_deg"":-44.4,""pitch_deg"":-4.9,""steady"":true}"
15.672,left_hand,og,flick_angles,,"{""side_deg"":-60.2,""fwd_deg"":8.3}"
15.672,left_hand,og,acc,198177,"{""seq"":760,""x_mg"":108,""y_mg"":-944,""z_mg"":492}"
15.672,left_hand,og,tilt,,"{""roll_deg"":-44.8,""pitch_deg"":-5.0,""steady"":true}"
15.672,left_hand,og,flick_angles,,"{""side_deg"":-61.2,""fwd_deg"":9.8}"
15.704,left_hand,og,acc,198198,"{""seq"":761,""x_mg"":92,""y_mg"":-836,""z_mg"":492}"
15.704,left_hand,og,tilt,,"{""roll_deg"":-44.9,""pitch_deg"":-5.0,""steady"":true}"
15.704,left_hand,og,flick_angles,,"{""side_deg"":-61.7,""fwd_deg"":10.5}"
15.735,left_hand,og,acc,198218,"{""seq"":762,""x_mg"":112,""y_mg"":-908,""z_mg"":480}"
15.735,left_hand,og,tilt,,"{""roll_deg"":-45.3,""pitch_deg"":-5.0,""steady"":true}"
15.735,left_hand,og,flick_angles,,"{""side_deg"":-61.9,""fwd_deg"":11.5}"
15.735,left_hand,og,acc,198239,"{""seq"":763,""x_mg"":120,""y_mg"":-908,""z_mg"":484}"
15.735,left_hand,og,tilt,,"{""roll_deg"":-45.6,""pitch_deg"":-4.8,""steady"":true}"
15.735,left_hand,og,flick_angles,,"{""side_deg"":-61.9,""fwd_deg"":12.3}"
15.766,left_hand,og,acc,198260,"{""seq"":764,""x_mg"":124,""y_mg"":-856,""z_mg"":476}"
15.766,left_hand,og,tilt,,"{""roll_deg"":-45.8,""pitch_deg"":-4.5,""steady"":true}"
15.766,left_hand,og,flick_angles,,"{""side_deg"":-61.9,""fwd_deg"":13.1}"
15.797,left_hand,og,acc,198280,"{""seq"":765,""x_mg"":112,""y_mg"":-832,""z_mg"":484}"
15.797,left_hand,og,tilt,,"{""roll_deg"":-45.9,""pitch_deg"":-4.3,""steady"":true}"
15.797,left_hand,og,flick_angles,,"{""side_deg"":-61.4,""fwd_deg"":13.5}"
15.797,left_hand,og,acc,198301,"{""seq"":766,""x_mg"":96,""y_mg"":-812,""z_mg"":504}"
15.797,left_hand,og,tilt,,"{""roll_deg"":-46.0,""pitch_deg"":-4.1,""steady"":true}"
15.797,left_hand,og,flick_angles,,"{""side_deg"":-60.6,""fwd_deg"":13.3}"
15.829,left_hand,og,acc,198321,"{""seq"":767,""x_mg"":136,""y_mg"":-908,""z_mg"":484}"
15.829,left_hand,og,tilt,,"{""roll_deg"":-46.1,""pitch_deg"":-3.9,""steady"":true}"
15.829,left_hand,og,flick_angles,,"{""side_deg"":-60.2,""fwd_deg"":13.2}"
15.860,left_hand,og,acc,198342,"{""seq"":768,""x_mg"":116,""y_mg"":-876,""z_mg"":496}"
15.860,left_hand,og,tilt,,"{""roll_deg"":-46.1,""pitch_deg"":-3.7,""steady"":true}"
15.860,left_hand,og,flick_angles,,"{""side_deg"":-60.3,""fwd_deg"":13.2}"
15.860,left_hand,og,acc,198362,"{""seq"":769,""x_mg"":108,""y_mg"":-788,""z_mg"":528}"
15.860,left_hand,og,tilt,,"{""roll_deg"":-46.0,""pitch_deg"":-3.6,""steady"":true}"
15.860,left_hand,og,flick_angles,,"{""side_deg"":-60.4,""fwd_deg"":13.2}"
15.891,left_hand,og,acc,198383,"{""seq"":770,""x_mg"":100,""y_mg"":-760,""z_mg"":520}"
15.891,left_hand,og,tilt,,"{""roll_deg"":-45.8,""pitch_deg"":-3.7,""steady"":true}"
15.891,left_hand,og,flick_angles,,"{""side_deg"":-58.3,""fwd_deg"":12.4}"
15.922,left_hand,og,acc,198404,"{""seq"":771,""x_mg"":128,""y_mg"":-896,""z_mg"":500}"
15.922,left_hand,og,tilt,,"{""roll_deg"":-45.8,""pitch_deg"":-3.6,""steady"":true}"
15.922,left_hand,og,flick_angles,,"{""side_deg"":-57.2,""fwd_deg"":12.0}"
15.922,left_hand,og,acc,198424,"{""seq"":772,""x_mg"":136,""y_mg"":-940,""z_mg"":500}"
15.922,left_hand,og,tilt,,"{""roll_deg"":-45.9,""pitch_deg"":-3.5,""steady"":true}"
15.922,left_hand,og,flick_angles,,"{""side_deg"":-59.0,""fwd_deg"":13.2}"
15.954,left_hand,og,acc,198445,"{""seq"":773,""x_mg"":112,""y_mg"":-832,""z_mg"":504}"
15.954,left_hand,og,tilt,,"{""roll_deg"":-45.7,""pitch_deg"":-3.5,""steady"":true}"
15.954,left_hand,og,flick_angles,,"{""side_deg"":-59.9,""fwd_deg"":13.8}"
15.954,left_hand,og,acc,198465,"{""seq"":774,""x_mg"":112,""y_mg"":-824,""z_mg"":524}"
15.954,left_hand,og,tilt,,"{""roll_deg"":-45.6,""pitch_deg"":-3.5,""steady"":true}"
15.954,left_hand,og,flick_angles,,"{""side_deg"":-59.4,""fwd_deg"":13.1}"
15.985,left_hand,og,acc,198486,"{""seq"":775,""x_mg"":124,""y_mg"":-908,""z_mg"":528}"
15.985,left_hand,og,tilt,,"{""roll_deg"":-45.6,""pitch_deg"":-3.4,""steady"":true}"
15.985,left_hand,og,flick_angles,,"{""side_deg"":-59.1,""fwd_deg"":12.8}"
16.016,,game,miss,,"{""n"":9,""want"":""left""}"
16.016,left_hand,og,acc,198506,"{""seq"":776,""x_mg"":108,""y_mg"":-892,""z_mg"":496}"
16.016,left_hand,og,tilt,,"{""roll_deg"":-45.6,""pitch_deg"":-3.4,""steady"":true}"
16.016,left_hand,og,flick_angles,,"{""side_deg"":-59.5,""fwd_deg"":12.6}"
16.016,left_hand,og,acc,198527,"{""seq"":777,""x_mg"":108,""y_mg"":-872,""z_mg"":492}"
16.016,left_hand,og,tilt,,"{""roll_deg"":-45.6,""pitch_deg"":-3.4,""steady"":true}"
16.016,left_hand,og,flick_angles,,"{""side_deg"":-60.0,""fwd_deg"":12.5}"
16.047,left_hand,og,acc,198547,"{""seq"":778,""x_mg"":116,""y_mg"":-936,""z_mg"":480}"
16.047,left_hand,og,tilt,,"{""roll_deg"":-45.7,""pitch_deg"":-3.4,""steady"":true}"
16.047,left_hand,og,flick_angles,,"{""side_deg"":-60.5,""fwd_deg"":12.4}"
16.079,left_hand,og,acc,198568,"{""seq"":779,""x_mg"":100,""y_mg"":-988,""z_mg"":476}"
16.079,left_hand,og,tilt,,"{""roll_deg"":-45.8,""pitch_deg"":-3.4,""steady"":true}"
16.079,left_hand,og,flick_angles,,"{""side_deg"":-61.7,""fwd_deg"":12.4}"
16.079,left_hand,og,acc,198589,"{""seq"":780,""x_mg"":72,""y_mg"":-896,""z_mg"":532}"
16.079,left_hand,og,tilt,,"{""roll_deg"":-45.9,""pitch_deg"":-3.4,""steady"":true}"
16.079,left_hand,og,flick_angles,,"{""side_deg"":-62.3,""fwd_deg"":12.1}"
16.125,left_hand,og,acc,198609,"{""seq"":781,""x_mg"":64,""y_mg"":-852,""z_mg"":536}"
16.125,left_hand,og,tilt,,"{""roll_deg"":-45.9,""pitch_deg"":-3.5,""steady"":true}"
16.125,left_hand,og,flick_angles,,"{""side_deg"":-60.8,""fwd_deg"":9.9}"
16.125,left_hand,og,acc,198630,"{""seq"":782,""x_mg"":48,""y_mg"":-836,""z_mg"":520}"
16.125,left_hand,og,tilt,,"{""roll_deg"":-45.8,""pitch_deg"":-4.1,""steady"":true}"
16.125,left_hand,og,flick_angles,,"{""side_deg"":-59.4,""fwd_deg"":8.4}"
16.157,left_hand,og,acc,198650,"{""seq"":783,""x_mg"":80,""y_mg"":-880,""z_mg"":516}"
16.157,left_hand,og,tilt,,"{""roll_deg"":-45.7,""pitch_deg"":-4.6,""steady"":true}"
16.157,left_hand,og,flick_angles,,"{""side_deg"":-58.8,""fwd_deg"":7.6}"
16.188,left_hand,og,acc,198671,"{""seq"":784,""x_mg"":92,""y_mg"":-920,""z_mg"":488}"
16.188,left_hand,og,tremor,,"{""rms_mg"":204.3,""peak_hz"":5.7}"
16.188,left_hand,og,tilt,,"{""roll_deg"":-45.6,""pitch_deg"":-5.0,""steady"":true}"
16.188,left_hand,og,flick_angles,,"{""side_deg"":-59.2,""fwd_deg"":8.2}"
16.188,left_hand,og,acc,198691,"{""seq"":785,""x_mg"":96,""y_mg"":-852,""z_mg"":476}"
16.188,left_hand,og,tilt,,"{""roll_deg"":-45.6,""pitch_deg"":-5.2,""steady"":true}"
16.188,left_hand,og,flick_angles,,"{""side_deg"":-60.0,""fwd_deg"":9.4}"
16.204,left_hand,og,acc,198712,"{""seq"":786,""x_mg"":104,""y_mg"":-828,""z_mg"":480}"
16.204,left_hand,og,tilt,,"{""roll_deg"":-45.6,""pitch_deg"":-5.2,""steady"":true}"
16.204,left_hand,og,flick_angles,,"{""side_deg"":-60.4,""fwd_deg"":10.4}"
16.250,left_hand,og,acc,198733,"{""seq"":787,""x_mg"":112,""y_mg"":-892,""z_mg"":468}"
16.250,left_hand,og,tilt,,"{""roll_deg"":-45.7,""pitch_deg"":-5.1,""steady"":true}"
16.250,left_hand,og,flick_angles,,"{""side_deg"":-60.6,""fwd_deg"":11.3}"
16.250,left_hand,og,acc,198753,"{""seq"":788,""x_mg"":96,""y_mg"":-856,""z_mg"":484}"
16.250,left_hand,og,tilt,,"{""roll_deg"":-45.8,""pitch_deg"":-5.1,""steady"":true}"
16.250,left_hand,og,flick_angles,,"{""side_deg"":-60.6,""fwd_deg"":11.8}"
16.282,left_hand,og,acc,198774,"{""seq"":789,""x_mg"":104,""y_mg"":-824,""z_mg"":508}"
16.282,left_hand,og,tilt,,"{""roll_deg"":-45.9,""pitch_deg"":-5.0,""steady"":true}"
16.282,left_hand,og,flick_angles,,"{""side_deg"":-60.5,""fwd_deg"":11.7}"
16.313,left_hand,og,acc,198794,"{""seq"":790,""x_mg"":92,""y_mg"":-824,""z_mg"":544}"
16.313,left_hand,og,tilt,,"{""roll_deg"":-45.8,""pitch_deg"":-4.9,""steady"":true}"
16.313,left_hand,og,flick_angles,,"{""side_deg"":-59.4,""fwd_deg"":11.4}"
16.313,left_hand,og,acc,198815,"{""seq"":791,""x_mg"":116,""y_mg"":-884,""z_mg"":524}"
16.313,left_hand,og,tilt,,"{""roll_deg"":-45.8,""pitch_deg"":-4.8,""steady"":true}"
16.313,left_hand,og,flick_angles,,"{""side_deg"":-58.9,""fwd_deg"":11.5}"
16.344,left_hand,og,acc,198835,"{""seq"":792,""x_mg"":116,""y_mg"":-892,""z_mg"":504}"
16.344,left_hand,og,tilt,,"{""roll_deg"":-45.7,""pitch_deg"":-4.8,""steady"":true}"
16.344,left_hand,og,flick_angles,,"{""side_deg"":-59.1,""fwd_deg"":12.0}"
16.375,left_hand,og,acc,198856,"{""seq"":793,""x_mg"":116,""y_mg"":-876,""z_mg"":516}"
16.375,left_hand,og,tilt,,"{""roll_deg"":-45.6,""pitch_deg"":-4.6,""steady"":true}"
16.375,left_hand,og,flick_angles,,"{""side_deg"":-59.3,""fwd_deg"":12.3}"
16.375,left_hand,og,acc,198877,"{""seq"":794,""x_mg"":124,""y_mg"":-876,""z_mg"":536}"
16.375,left_hand,og,tilt,,"{""roll_deg"":-45.5,""pitch_deg"":-4.4,""steady"":true}"
16.375,left_hand,og,flick_angles,,"{""side_deg"":-59.4,""fwd_deg"":12.6}"
16.407,left_hand,og,acc,198897,"{""seq"":795,""x_mg"":120,""y_mg"":-904,""z_mg"":544}"
16.407,left_hand,og,tilt,,"{""roll_deg"":-45.5,""pitch_deg"":-4.3,""steady"":true}"
16.407,left_hand,og,flick_angles,,"{""side_deg"":-59.2,""fwd_deg"":12.7}"
16.438,left_hand,og,acc,198918,"{""seq"":796,""x_mg"":120,""y_mg"":-900,""z_mg"":540}"
16.438,left_hand,og,tilt,,"{""roll_deg"":-45.4,""pitch_deg"":-4.2,""steady"":true}"
16.438,left_hand,og,flick_angles,,"{""side_deg"":-59.1,""fwd_deg"":12.6}"
16.438,left_hand,og,acc,198938,"{""seq"":797,""x_mg"":108,""y_mg"":-864,""z_mg"":552}"
16.438,left_hand,og,tilt,,"{""roll_deg"":-45.3,""pitch_deg"":-4.1,""steady"":true}"
16.438,left_hand,og,flick_angles,,"{""side_deg"":-59.0,""fwd_deg"":12.5}"
16.469,left_hand,og,acc,198959,"{""seq"":798,""x_mg"":112,""y_mg"":-848,""z_mg"":548}"
16.469,left_hand,og,tilt,,"{""roll_deg"":-45.2,""pitch_deg"":-4.0,""steady"":true}"
16.469,left_hand,og,flick_angles,,"{""side_deg"":-58.2,""fwd_deg"":12.0}"
16.500,left_hand,og,acc,198979,"{""seq"":799,""x_mg"":108,""y_mg"":-864,""z_mg"":552}"
16.500,left_hand,og,tilt,,"{""roll_deg"":-44.9,""pitch_deg"":-4.0,""steady"":true}"
16.500,left_hand,og,flick_angles,,"{""side_deg"":-57.8,""fwd_deg"":11.6}"
16.500,left_hand,og,acc,199000,"{""seq"":800,""x_mg"":124,""y_mg"":-836,""z_mg"":556}"
16.500,left_hand,og,tilt,,"{""roll_deg"":-44.7,""pitch_deg"":-4.1,""steady"":true}"
16.500,left_hand,og,flick_angles,,"{""side_deg"":-57.5,""fwd_deg"":11.6}"
16.532,left_hand,og,acc,199021,"{""seq"":801,""x_mg"":112,""y_mg"":-800,""z_mg"":564}"
16.532,left_hand,og,tilt,,"{""roll_deg"":-44.5,""pitch_deg"":-4.1,""steady"":true}"
16.532,left_hand,og,flick_angles,,"{""side_deg"":-56.9,""fwd_deg"":11.4}"
16.532,left_hand,og,acc,199041,"{""seq"":802,""x_mg"":108,""y_mg"":-820,""z_mg"":580}"
16.532,left_hand,og,tilt,,"{""roll_deg"":-44.2,""pitch_deg"":-4.2,""steady"":true}"
16.532,left_hand,og,flick_angles,,"{""side_deg"":-55.9,""fwd_deg"":11.3}"
16.563,left_hand,og,acc,199062,"{""seq"":803,""x_mg"":116,""y_mg"":-848,""z_mg"":572}"
16.563,left_hand,og,tilt,,"{""roll_deg"":-43.9,""pitch_deg"":-4.2,""steady"":true}"
16.563,left_hand,og,flick_angles,,"{""side_deg"":-55.3,""fwd_deg"":11.3}"
16.594,left_hand,og,acc,199082,"{""seq"":804,""x_mg"":124,""y_mg"":-852,""z_mg"":552}"
16.594,left_hand,og,tilt,,"{""roll_deg"":-43.7,""pitch_deg"":-4.3,""steady"":true}"
16.594,left_hand,og,flick_angles,,"{""side_deg"":-55.7,""fwd_deg"":11.4}"
16.594,left_hand,og,acc,199103,"{""seq"":805,""x_mg"":112,""y_mg"":-824,""z_mg"":568}"
16.594,left_hand,og,tilt,,"{""roll_deg"":-43.4,""pitch_deg"":-4.3,""steady"":true}"
16.594,left_hand,og,flick_angles,,"{""side_deg"":-55.8,""fwd_deg"":11.4}"
16.610,left_hand,og,acc,199123,"{""seq"":806,""x_mg"":104,""y_mg"":-796,""z_mg"":556}"
16.610,left_hand,og,tilt,,"{""roll_deg"":-43.1,""pitch_deg"":-4.4,""steady"":true}"
16.610,left_hand,og,flick_angles,,"{""side_deg"":-55.6,""fwd_deg"":11.3}"
16.641,left_hand,og,acc,199144,"{""seq"":807,""x_mg"":112,""y_mg"":-768,""z_mg"":556}"
16.641,left_hand,og,tilt,,"{""roll_deg"":-42.9,""pitch_deg"":-4.4,""steady"":true}"
16.641,left_hand,og,flick_angles,,"{""side_deg"":-55.3,""fwd_deg"":11.2}"
16.672,left_hand,og,acc,199164,"{""seq"":808,""x_mg"":124,""y_mg"":-848,""z_mg"":548}"
16.672,left_hand,og,tilt,,"{""roll_deg"":-42.7,""pitch_deg"":-4.4,""steady"":true}"
16.672,left_hand,og,flick_angles,,"{""side_deg"":-55.2,""fwd_deg"":11.3}"
16.672,left_hand,og,acc,199185,"{""seq"":809,""x_mg"":140,""y_mg"":-852,""z_mg"":556}"
16.672,left_hand,og,tilt,,"{""roll_deg"":-42.5,""pitch_deg"":-4.4,""steady"":true}"
16.672,left_hand,og,flick_angles,,"{""side_deg"":-56.0,""fwd_deg"":12.0}"
16.704,left_hand,og,acc,199206,"{""seq"":810,""x_mg"":112,""y_mg"":-820,""z_mg"":564}"
16.704,left_hand,og,tilt,,"{""roll_deg"":-42.3,""pitch_deg"":-4.4,""steady"":true}"
16.704,left_hand,og,flick_angles,,"{""side_deg"":-56.5,""fwd_deg"":12.4}"
16.735,left_hand,og,acc,199226,"{""seq"":811,""x_mg"":124,""y_mg"":-804,""z_mg"":572}"
16.735,left_hand,og,tilt,,"{""roll_deg"":-42.2,""pitch_deg"":-4.3,""steady"":true}"
16.735,left_hand,og,flick_angles,,"{""side_deg"":-56.0,""fwd_deg"":12.3}"
16.735,left_hand,og,acc,199247,"{""seq"":812,""x_mg"":120,""y_mg"":-776,""z_mg"":568}"
16.735,left_hand,og,tilt,,"{""roll_deg"":-42.1,""pitch_deg"":-4.2,""steady"":true}"
16.735,left_hand,og,flick_angles,,"{""side_deg"":-55.3,""fwd_deg"":12.1}"
16.766,left_hand,og,acc,199267,"{""seq"":813,""x_mg"":132,""y_mg"":-828,""z_mg"":568}"
16.766,left_hand,og,tilt,,"{""roll_deg"":-42.0,""pitch_deg"":-4.2,""steady"":true}"
16.766,left_hand,og,flick_angles,,"{""side_deg"":-54.9,""fwd_deg"":12.2}"
16.813,left_hand,og,acc,199288,"{""seq"":814,""x_mg"":128,""y_mg"":-836,""z_mg"":576}"
16.813,left_hand,og,tilt,,"{""roll_deg"":-41.9,""pitch_deg"":-4.1,""steady"":true}"
16.813,left_hand,og,flick_angles,,"{""side_deg"":-55.2,""fwd_deg"":12.4}"
16.813,left_hand,og,acc,199308,"{""seq"":815,""x_mg"":132,""y_mg"":-800,""z_mg"":584}"
16.813,left_hand,og,tilt,,"{""roll_deg"":-41.7,""pitch_deg"":-4.0,""steady"":true}"
16.813,left_hand,og,flick_angles,,"{""side_deg"":-55.3,""fwd_deg"":12.5}"
16.829,left_hand,og,acc,199329,"{""seq"":816,""x_mg"":136,""y_mg"":-836,""z_mg"":588}"
16.829,left_hand,og,tilt,,"{""roll_deg"":-41.6,""pitch_deg"":-3.9,""steady"":true}"
16.829,left_hand,og,flick_angles,,"{""side_deg"":-55.1,""fwd_deg"":12.6}"
16.860,left_hand,og,acc,199350,"{""seq"":817,""x_mg"":128,""y_mg"":-872,""z_mg"":580}"
16.860,left_hand,og,tilt,,"{""roll_deg"":-41.5,""pitch_deg"":-3.8,""steady"":true}"
16.860,left_hand,og,flick_angles,,"{""side_deg"":-55.0,""fwd_deg"":12.7}"
16.891,left_hand,og,acc,199370,"{""seq"":818,""x_mg"":132,""y_mg"":-928,""z_mg"":568}"
16.891,left_hand,og,tilt,,"{""roll_deg"":-41.5,""pitch_deg"":-3.7,""steady"":true}"
16.891,left_hand,og,flick_angles,,"{""side_deg"":-55.7,""fwd_deg"":12.9}"
16.891,left_hand,og,acc,199391,"{""seq"":819,""x_mg"":132,""y_mg"":-944,""z_mg"":596}"
16.891,left_hand,og,tilt,,"{""roll_deg"":-41.5,""pitch_deg"":-3.7,""steady"":true}"
16.891,left_hand,og,flick_angles,,"{""side_deg"":-56.7,""fwd_deg"":12.7}"
16.922,left_hand,og,acc,199411,"{""seq"":820,""x_mg"":120,""y_mg"":-888,""z_mg"":620}"
16.922,left_hand,og,tilt,,"{""roll_deg"":-41.6,""pitch_deg"":-3.6,""steady"":true}"
16.922,left_hand,og,flick_angles,,"{""side_deg"":-57.2,""fwd_deg"":12.6}"
16.954,left_hand,og,acc,199432,"{""seq"":821,""x_mg"":96,""y_mg"":-676,""z_mg"":644}"
16.954,left_hand,og,tilt,,"{""roll_deg"":-41.7,""pitch_deg"":-3.6,""steady"":true}"
16.954,left_hand,og,flick_angles,,"{""side_deg"":-56.1,""fwd_deg"":11.8}"
16.954,left_hand,og,acc,199452,"{""seq"":822,""x_mg"":80,""y_mg"":-588,""z_mg"":692}"
16.954,left_hand,og,tilt,,"{""roll_deg"":-41.6,""pitch_deg"":-3.8,""steady"":true}"
16.954,left_hand,og,flick_angles,,"{""side_deg"":-51.3,""fwd_deg"":10.1}"
16.954,left_hand,game,hit,,"{""n"":3,""dir"":""right"",""err_ms"":-171}"
16.985,left_hand,og,acc,199473,"{""seq"":823,""x_mg"":120,""y_mg"":-792,""z_mg"":672}"
16.985,left_hand,og,tilt,,"{""roll_deg"":-40.8,""pitch_deg"":-4.0,""steady"":true}"
16.985,left_hand,og,flick_angles,,"{""side_deg"":-48.8,""fwd_deg"":9.3}"
16.985,left_hand,og,acc,199494,"{""seq"":824,""x_mg"":164,""y_mg"":-960,""z_mg"":684}"
16.985,left_hand,og,tilt,,"{""roll_deg"":-40.2,""pitch_deg"":-4.2,""steady"":true}"
16.985,left_hand,og,flick_angles,,"{""side_deg"":-49.3,""fwd_deg"":9.7}"
17.016,left_hand,og,acc,199514,"{""seq"":825,""x_mg"":164,""y_mg"":-868,""z_mg"":672}"
17.016,left_hand,og,tilt,,"{""roll_deg"":-39.6,""pitch_deg"":-4.4,""steady"":true}"
17.016,left_hand,og,flick_angles,,"{""side_deg"":-50.8,""fwd_deg"":11.6}"
17.047,left_hand,og,acc,199535,"{""seq"":826,""x_mg"":88,""y_mg"":-504,""z_mg"":700}"
17.047,left_hand,og,tilt,,"{""roll_deg"":-39.1,""pitch_deg"":-4.6,""steady"":true}"
17.047,left_hand,og,flick_angles,,"{""side_deg"":-51.5,""fwd_deg"":12.5}"
17.047,left_hand,og,acc,199555,"{""seq"":827,""x_mg"":92,""y_mg"":-376,""z_mg"":752}"
17.047,left_hand,og,tilt,,"{""roll_deg"":-38.7,""pitch_deg"":-4.7,""steady"":true}"
17.047,left_hand,og,flick_angles,,"{""side_deg"":-43.6,""fwd_deg"":9.9}"
17.079,left_hand,og,acc,199576,"{""seq"":828,""x_mg"":132,""y_mg"":-532,""z_mg"":804}"
17.079,left_hand,og,tilt,,"{""roll_deg"":-36.6,""pitch_deg"":-4.9,""steady"":true}"
17.079,left_hand,og,flick_angles,,"{""side_deg"":-38.6,""fwd_deg"":8.5}"
17.110,left_hand,og,acc,199596,"{""seq"":829,""x_mg"":152,""y_mg"":-796,""z_mg"":792}"
17.110,left_hand,og,tilt,,"{""roll_deg"":-34.8,""pitch_deg"":-5.1,""steady"":true}"
17.110,left_hand,og,flick_angles,,"{""side_deg"":-36.0,""fwd_deg"":8.9}"
17.110,left_hand,og,acc,199617,"{""seq"":830,""x_mg"":156,""y_mg"":-732,""z_mg"":788}"
17.110,left_hand,og,tilt,,"{""roll_deg"":-33.2,""pitch_deg"":-5.3,""steady"":true}"
17.110,left_hand,og,flick_angles,,"{""side_deg"":-39.5,""fwd_deg"":9.9}"
17.141,left_hand,og,acc,199637,"{""seq"":831,""x_mg"":116,""y_mg"":-388,""z_mg"":808}"
17.141,left_hand,og,tilt,,"{""roll_deg"":-31.5,""pitch_deg"":-5.4,""steady"":true}"
17.141,left_hand,og,flick_angles,,"{""side_deg"":-41.2,""fwd_deg"":10.4}"
17.172,left_hand,og,acc,199658,"{""seq"":832,""x_mg"":124,""y_mg"":-240,""z_mg"":844}"
17.172,left_hand,og,tilt,,"{""roll_deg"":-30.0,""pitch_deg"":-5.6,""steady"":true}"
17.172,left_hand,og,flick_angles,,"{""side_deg"":-33.4,""fwd_deg"":9.4}"
17.172,left_hand,og,acc,199679,"{""seq"":833,""x_mg"":164,""y_mg"":-460,""z_mg"":876}"
17.172,left_hand,og,tilt,,"{""roll_deg"":-28.0,""pitch_deg"":-5.5,""steady"":true}"
17.172,left_hand,og,flick_angles,,"{""side_deg"":-29.5,""fwd_deg"":8.9}"
17.204,left_hand,og,acc,199699,"{""seq"":834,""x_mg"":200,""y_mg"":-656,""z_mg"":908}"
17.204,left_hand,og,tilt,,"{""roll_deg"":-26.3,""pitch_deg"":-5.5,""steady"":true}"
17.204,left_hand,og,flick_angles,,"{""side_deg"":-28.6,""fwd_deg"":9.7}"
17.235,left_hand,og,acc,199720,"{""seq"":835,""x_mg"":200,""y_mg"":-448,""z_mg"":820}"
17.235,left_hand,og,tilt,,"{""roll_deg"":-24.8,""pitch_deg"":-5.5,""steady"":true}"
17.235,left_hand,og,flick_angles,,"{""side_deg"":-28.6,""fwd_deg"":11.1}"
17.235,left_hand,og,acc,199740,"{""seq"":836,""x_mg"":120,""y_mg"":52,""z_mg"":832}"
17.235,left_hand,og,tilt,,"{""roll_deg"":-23.4,""pitch_deg"":-5.5,""steady"":true}"
17.235,left_hand,og,flick_angles,,"{""side_deg"":-28.6,""fwd_deg"":11.7}"
17.266,left_hand,og,acc,199761,"{""seq"":837,""x_mg"":104,""y_mg"":636,""z_mg"":976}"
17.266,left_hand,og,tilt,,"{""roll_deg"":-22.2,""pitch_deg"":-5.4,""steady"":true}"
17.266,left_hand,og,flick_angles,,"{""side_deg"":-12.5,""fwd_deg"":10.0}"
17.266,left_hand,og,acc,199781,"{""seq"":838,""x_mg"":196,""y_mg"":436,""z_mg"":1108}"
17.266,left_hand,og,tilt,,"{""roll_deg"":-17.4,""pitch_deg"":-5.5,""steady"":true}"
17.266,left_hand,og,flick_angles,,"{""side_deg"":4.5,""fwd_deg"":9.1}"
17.297,left_hand,og,acc,199802,"{""seq"":839,""x_mg"":232,""y_mg"":-128,""z_mg"":1088}"
17.297,left_hand,og,tilt,,"{""roll_deg"":-13.2,""pitch_deg"":-5.5,""steady"":true}"
17.297,left_hand,og,flick_angles,,"{""side_deg"":13.0,""fwd_deg"":9.6}"
17.329,left_hand,og,acc,199823,"{""seq"":840,""x_mg"":204,""y_mg"":-296,""z_mg"":1040}"
17.329,left_hand,og,tilt,,"{""roll_deg"":-9.4,""pitch_deg"":-5.6,""steady"":true}"
17.329,left_hand,og,flick_angles,,"{""side_deg"":3.1,""fwd_deg"":10.3}"
17.329,left_hand,game,flick,,"{""dir"":""left"",""result"":""none""}"
17.329,left_hand,og,acc,199843,"{""seq"":841,""x_mg"":140,""y_mg"":80,""z_mg"":1032}"
17.329,left_hand,og,tilt,,"{""roll_deg"":-6.1,""pitch_deg"":-5.6,""steady"":true}"
17.329,left_hand,og,flick_angles,,"{""side_deg"":-1.8,""fwd_deg"":10.7}"
17.360,left_hand,og,acc,199864,"{""seq"":842,""x_mg"":132,""y_mg"":444,""z_mg"":1020}"
17.360,left_hand,og,tilt,,"{""roll_deg"":-3.1,""pitch_deg"":-5.6,""steady"":true}"
17.360,left_hand,og,flick_angles,,"{""side_deg"":1.3,""fwd_deg"":9.2}"
17.391,left_hand,og,acc,199884,"{""seq"":843,""x_mg"":148,""y_mg"":500,""z_mg"":1036}"
17.391,left_hand,og,tilt,,"{""roll_deg"":-0.5,""pitch_deg"":-5.9,""steady"":true}"
17.391,left_hand,og,flick_angles,,"{""side_deg"":12.4,""fwd_deg"":8.5}"
17.391,left_hand,og,acc,199905,"{""seq"":844,""x_mg"":172,""y_mg"":208,""z_mg"":992}"
17.391,left_hand,og,tilt,,"{""roll_deg"":2.7,""pitch_deg"":-6.1,""steady"":true}"
17.391,left_hand,og,flick_angles,,"{""side_deg"":18.0,""fwd_deg"":8.3}"
17.422,left_hand,og,acc,199925,"{""seq"":845,""x_mg"":176,""y_mg"":-128,""z_mg"":984}"
17.422,left_hand,og,tilt,,"{""roll_deg"":5.5,""pitch_deg"":-6.3,""steady"":true}"
17.422,left_hand,og,flick_angles,,"{""side_deg"":14.9,""fwd_deg"":9.1}"
17.454,left_hand,og,acc,199946,"{""seq"":846,""x_mg"":172,""y_mg"":-280,""z_mg"":980}"
17.454,left_hand,og,tilt,,"{""roll_deg"":8.0,""pitch_deg"":-6.3,""steady"":true}"
17.454,left_hand,og,flick_angles,,"{""side_deg"":3.7,""fwd_deg"":9.5}"
17.454,left_hand,og,acc,199966,"{""seq"":847,""x_mg"":168,""y_mg"":-104,""z_mg"":984}"
17.454,left_hand,og,tilt,,"{""roll_deg"":8.0,""pitch_deg"":-6.2,""steady"":true}"
17.454,left_hand,og,flick_angles,,"{""side_deg"":-1.8,""fwd_deg"":9.7}"
17.500,left_hand,og,acc,199987,"{""seq"":848,""x_mg"":168,""y_mg"":100,""z_mg"":956}"
17.500,left_hand,og,tilt,,"{""roll_deg"":8.0,""pitch_deg"":-6.2,""steady"":true}"
17.500,left_hand,og,flick_angles,,"{""side_deg"":-3.9,""fwd_deg"":9.8}"
17.516,left_hand,og,acc,200008,"{""seq"":849,""x_mg"":144,""y_mg"":88,""z_mg"":928}"
17.516,left_hand,og,tilt,,"{""roll_deg"":8.1,""pitch_deg"":-6.2,""steady"":true}"
17.516,left_hand,og,flick_angles,,"{""side_deg"":0.7,""fwd_deg"":9.8}"
17.516,left_hand,og,acc,200028,"{""seq"":850,""x_mg"":156,""y_mg"":-36,""z_mg"":936}"
17.516,left_hand,og,tilt,,"{""roll_deg"":8.5,""pitch_deg"":-6.2,""steady"":true}"
17.516,left_hand,og,flick_angles,,"{""side_deg"":3.1,""fwd_deg"":9.6}"
17.563,left_hand,og,acc,200049,"{""seq"":851,""x_mg"":164,""y_mg"":-52,""z_mg"":936}"
17.563,left_hand,og,tilt,,"{""roll_deg"":9.0,""pitch_deg"":-6.2,""steady"":true}"
17.563,left_hand,og,flick_angles,,"{""side_deg"":0.4,""fwd_deg"":9.5}"
17.594,left_hand,og,acc,200069,"{""seq"":852,""x_mg"":156,""y_mg"":-12,""z_mg"":952}"
17.594,left_hand,og,tilt,,"{""roll_deg"":9.5,""pitch_deg"":-6.2,""steady"":true}"
17.594,left_hand,og,flick_angles,,"{""side_deg"":-0.9,""fwd_deg"":9.5}"
17.594,left_hand,og,acc,200090,"{""seq"":853,""x_mg"":156,""y_mg"":-20,""z_mg"":944}"
17.594,left_hand,og,tilt,,"{""roll_deg"":9.9,""pitch_deg"":-6.2,""steady"":true}"
17.594,left_hand,og,flick_angles,,"{""side_deg"":-1.0,""fwd_deg"":9.4}"
17.625,left_hand,og,acc,200110,"{""seq"":854,""x_mg"":156,""y_mg"":-120,""z_mg"":952}"
17.625,left_hand,og,tilt,,"{""roll_deg"":10.2,""pitch_deg"":-6.3,""steady"":true}"
17.625,left_hand,og,flick_angles,,"{""side_deg"":-1.1,""fwd_deg"":9.4}"
17.657,left_hand,og,acc,200131,"{""seq"":855,""x_mg"":160,""y_mg"":-172,""z_mg"":956}"
17.657,left_hand,og,tilt,,"{""roll_deg"":10.3,""pitch_deg"":-6.3,""steady"":true}"
17.657,left_hand,og,flick_angles,,"{""side_deg"":-4.2,""fwd_deg"":9.4}"
17.657,left_hand,og,acc,200152,"{""seq"":856,""x_mg"":144,""y_mg"":-64,""z_mg"":972}"
17.657,left_hand,og,tilt,,"{""roll_deg"":10.3,""pitch_deg"":-6.3,""steady"":true}"
17.657,left_hand,og,flick_angles,,"{""side_deg"":-5.7,""fwd_deg"":9.3}"
17.688,left_hand,og,acc,200172,"{""seq"":857,""x_mg"":148,""y_mg"":12,""z_mg"":996}"
17.688,left_hand,og,tilt,,"{""roll_deg"":10.3,""pitch_deg"":-6.4,""steady"":true}"
17.688,left_hand,og,flick_angles,,"{""side_deg"":-4.7,""fwd_deg"":8.9}"
17.688,left_hand,og,acc,200193,"{""seq"":858,""x_mg"":152,""y_mg"":-28,""z_mg"":992}"
17.688,left_hand,og,tilt,,"{""roll_deg"":10.4,""pitch_deg"":-6.5,""steady"":true}"
17.688,left_hand,og,flick_angles,,"{""side_deg"":-3.2,""fwd_deg"":8.7}"
17.719,left_hand,og,acc,200213,"{""seq"":859,""x_mg"":160,""y_mg"":-88,""z_mg"":992}"
17.719,left_hand,og,tilt,,"{""roll_deg"":10.4,""pitch_deg"":-6.5,""steady"":true}"
17.719,left_hand,og,flick_angles,,"{""side_deg"":-2.4,""fwd_deg"":8.7}"
17.750,left_hand,og,acc,200234,"{""seq"":860,""x_mg"":168,""y_mg"":-96,""z_mg"":996}"
17.750,left_hand,og,tilt,,"{""roll_deg"":10.4,""pitch_deg"":-6.6,""steady"":true}"
17.750,left_hand,og,flick_angles,,"{""side_deg"":-3.7,""fwd_deg"":8.9}"
17.750,left_hand,og,acc,200254,"{""seq"":861,""x_mg"":164,""y_mg"":-84,""z_mg"":1004}"
17.750,left_hand,og,tilt,,"{""roll_deg"":10.3,""pitch_deg"":-6.6,""steady"":true}"
17.750,left_hand,og,flick_angles,,"{""side_deg"":-4.4,""fwd_deg"":9.1}"
17.782,left_hand,og,acc,200275,"{""seq"":862,""x_mg"":168,""y_mg"":-96,""z_mg"":992}"
17.782,left_hand,og,tilt,,"{""roll_deg"":10.2,""pitch_deg"":-6.6,""steady"":true}"
17.782,left_hand,og,flick_angles,,"{""side_deg"":-5.0,""fwd_deg"":9.3}"
17.813,left_hand,og,acc,200296,"{""seq"":863,""x_mg"":172,""y_mg"":-136,""z_mg"":996}"
17.813,left_hand,og,tilt,,"{""roll_deg"":10.0,""pitch_deg"":-6.6,""steady"":true}"
17.813,left_hand,og,flick_angles,,"{""side_deg"":-5.2,""fwd_deg"":9.5}"
17.813,left_hand,og,acc,200316,"{""seq"":864,""x_mg"":176,""y_mg"":-120,""z_mg"":992}"
17.813,left_hand,og,tilt,,"{""roll_deg"":9.8,""pitch_deg"":-6.6,""steady"":true}"
17.813,left_hand,og,flick_angles,,"{""side_deg"":-6.1,""fwd_deg"":9.6}"
17.844,left_hand,og,acc,200337,"{""seq"":865,""x_mg"":168,""y_mg"":-56,""z_mg"":988}"
17.844,left_hand,og,tilt,,"{""roll_deg"":9.7,""pitch_deg"":-6.5,""steady"":true}"
17.844,left_hand,og,flick_angles,,"{""side_deg"":-6.5,""fwd_deg"":9.7}"
17.860,left_hand,og,acc,200357,"{""seq"":866,""x_mg"":164,""y_mg"":-52,""z_mg"":1000}"
17.860,left_hand,og,tilt,,"{""roll_deg"":9.6,""pitch_deg"":-6.5,""steady"":true}"
17.860,left_hand,og,flick_angles,,"{""side_deg"":-4.9,""fwd_deg"":9.7}"
17.860,left_hand,og,acc,200378,"{""seq"":867,""x_mg"":156,""y_mg"":-56,""z_mg"":988}"
17.860,left_hand,og,tilt,,"{""roll_deg"":9.8,""pitch_deg"":-6.4,""steady"":true}"
17.860,left_hand,og,flick_angles,,"{""side_deg"":-4.1,""fwd_deg"":9.5}"
17.907,left_hand,og,acc,200398,"{""seq"":868,""x_mg"":172,""y_mg"":-64,""z_mg"":980}"
17.907,left_hand,og,tilt,,"{""roll_deg"":9.9,""pitch_deg"":-6.4,""steady"":true}"
17.907,left_hand,og,flick_angles,,"{""side_deg"":-3.6,""fwd_deg"":9.4}"
17.907,left_hand,og,acc,200419,"{""seq"":869,""x_mg"":172,""y_mg"":-92,""z_mg"":976}"
17.907,left_hand,og,tilt,,"{""roll_deg"":10.0,""pitch_deg"":-6.4,""steady"":true}"
17.907,left_hand,og,flick_angles,,"{""side_deg"":-3.7,""fwd_deg"":9.7}"
17.938,left_hand,og,acc,200439,"{""seq"":870,""x_mg"":176,""y_mg"":-132,""z_mg"":972}"
17.938,left_hand,og,tilt,,"{""roll_deg"":10.1,""pitch_deg"":-6.3,""steady"":true}"
17.938,left_hand,og,flick_angles,,"{""side_deg"":-4.5,""fwd_deg"":9.8}"
17.969,left_hand,og,acc,200460,"{""seq"":871,""x_mg"":172,""y_mg"":-124,""z_mg"":968}"
17.969,left_hand,og,tilt,,"{""roll_deg"":10.0,""pitch_deg"":-6.3,""steady"":true}"
17.969,left_hand,og,flick_angles,,"{""side_deg"":-5.9,""fwd_deg"":10.0}"
17.985,left_hand,og,acc,200481,"{""seq"":872,""x_mg"":168,""y_mg"":-84,""z_mg"":976}"
17.985,left_hand,og,tilt,,"{""roll_deg"":9.8,""pitch_deg"":-6.2,""steady"":true}"
17.985,left_hand,og,flick_angles,,"{""side_deg"":-6.6,""fwd_deg"":10.0}"
17.985,left_hand,og,acc,200501,"{""seq"":873,""x_mg"":168,""y_mg"":-56,""z_mg"":976}"
17.985,left_hand,og,tilt,,"{""roll_deg"":9.7,""pitch_deg"":-6.2,""steady"":true}"
17.985,left_hand,og,flick_angles,,"{""side_deg"":-5.8,""fwd_deg"":9.9}"
18.016,left_hand,og,acc,200522,"{""seq"":874,""x_mg"":164,""y_mg"":-56,""z_mg"":972}"
18.016,left_hand,og,tilt,,"{""roll_deg"":9.7,""pitch_deg"":-6.2,""steady"":true}"
18.016,left_hand,og,flick_angles,,"{""side_deg"":-4.5,""fwd_deg"":9.8}"
18.047,left_hand,og,acc,200542,"{""seq"":875,""x_mg"":172,""y_mg"":-84,""z_mg"":964}"
18.047,left_hand,og,tilt,,"{""roll_deg"":9.6,""pitch_deg"":-6.2,""steady"":true}"
18.047,left_hand,og,flick_angles,,"{""side_deg"":-3.9,""fwd_deg"":9.8}"
18.047,left_hand,og,acc,200563,"{""seq"":876,""x_mg"":176,""y_mg"":-100,""z_mg"":968}"
18.047,left_hand,og,tilt,,"{""roll_deg"":9.6,""pitch_deg"":-6.2,""steady"":true}"
18.047,left_hand,og,flick_angles,,"{""side_deg"":-4.4,""fwd_deg"":10.0}"
18.079,left_hand,og,acc,200583,"{""seq"":877,""x_mg"":180,""y_mg"":-104,""z_mg"":976}"
18.079,left_hand,og,tilt,,"{""roll_deg"":9.6,""pitch_deg"":-6.1,""steady"":true}"
18.079,left_hand,og,flick_angles,,"{""side_deg"":-5.2,""fwd_deg"":10.1}"
18.094,left_hand,og,acc,200604,"{""seq"":878,""x_mg"":172,""y_mg"":-100,""z_mg"":976}"
18.094,left_hand,og,tilt,,"{""roll_deg"":9.4,""pitch_deg"":-6.1,""steady"":true}"
18.094,left_hand,og,flick_angles,,"{""side_deg"":-5.5,""fwd_deg"":10.2}"
18.141,left_hand,og,acc,200625,"{""seq"":879,""x_mg"":180,""y_mg"":-100,""z_mg"":976}"
18.141,left_hand,og,tilt,,"{""roll_deg"":9.3,""pitch_deg"":-6.0,""steady"":true}"
18.141,left_hand,og,flick_angles,,"{""side_deg"":-5.7,""fwd_deg"":10.3}"
18.172,left_hand,og,acc,200645,"{""seq"":880,""x_mg"":172,""y_mg"":-84,""z_mg"":968}"
18.172,left_hand,og,tilt,,"{""roll_deg"":9.2,""pitch_deg"":-6.0,""steady"":true}"
18.172,left_hand,og,flick_angles,,"{""side_deg"":-5.8,""fwd_deg"":10.2}"
18.172,left_hand,og,acc,200666,"{""seq"":881,""x_mg"":164,""y_mg"":-60,""z_mg"":976}"
18.172,left_hand,og,tilt,,"{""roll_deg"":9.1,""pitch_deg"":-5.9,""steady"":true}"
18.172,left_hand,og,flick_angles,,"{""side_deg"":-5.4,""fwd_deg"":10.1}"
18.204,left_hand,og,acc,200686,"{""seq"":882,""x_mg"":168,""y_mg"":-64,""z_mg"":972}"
18.204,left_hand,og,tremor,,"{""rms_mg"":206.9,""peak_hz"":7.2}"
18.204,left_hand,og,tilt,,"{""roll_deg"":9.1,""pitch_deg"":-5.9,""steady"":true}"
18.204,left_hand,og,flick_angles,,"{""side_deg"":-4.6,""fwd_deg"":10.0}"
18.204,left_hand,og,acc,200707,"{""seq"":883,""x_mg"":172,""y_mg"":-108,""z_mg"":980}"
18.204,left_hand,og,tilt,,"{""roll_deg"":9.2,""pitch_deg"":-5.9,""steady"":true}"
18.204,left_hand,og,flick_angles,,"{""side_deg"":-4.2,""fwd_deg"":9.9}"
18.235,left_hand,og,acc,200727,"{""seq"":884,""x_mg"":164,""y_mg"":-232,""z_mg"":972}"
18.235,left_hand,og,tilt,,"{""roll_deg"":9.2,""pitch_deg"":-6.0,""steady"":true}"
18.235,left_hand,og,flick_angles,,"{""side_deg"":-5.2,""fwd_deg"":9.8}"
18.266,left_hand,og,acc,200748,"{""seq"":885,""x_mg"":164,""y_mg"":-240,""z_mg"":964}"
18.266,left_hand,og,tilt,,"{""roll_deg"":9.0,""pitch_deg"":-6.0,""steady"":true}"
18.266,left_hand,og,flick_angles,,"{""side_deg"":-9.3,""fwd_deg"":9.8}"
18.266,left_hand,game,wrong,,"{""n"":10,""want"":""right"",""got"":""left""}"
18.266,left_hand,og,acc,200769,"{""seq"":886,""x_mg"":164,""y_mg"":-196,""z_mg"":960}"
18.266,left_hand,og,tilt,,"{""roll_deg"":8.3,""pitch_deg"":-6.0,""steady"":true}"
18.266,left_hand,og,flick_angles,,"{""side_deg"":-11.4,""fwd_deg"":9.7}"
18.282,left_hand,og,acc,200789,"{""seq"":887,""x_mg"":180,""y_mg"":-276,""z_mg"":948}"
18.282,left_hand,og,tilt,,"{""roll_deg"":7.4,""pitch_deg"":-6.0,""steady"":true}"
18.282,left_hand,og,flick_angles,,"{""side_deg"":-12.7,""fwd_deg"":9.7}"
18.329,left_hand,og,acc,200810,"{""seq"":888,""x_mg"":216,""y_mg"":-556,""z_mg"":960}"
18.329,left_hand,og,tilt,,"{""roll_deg"":6.5,""pitch_deg"":-6.0,""steady"":true}"
18.329,left_hand,og,flick_angles,,"{""side_deg"":-14.5,""fwd_deg"":10.2}"
18.329,left_hand,og,acc,200830,"{""seq"":889,""x_mg"":236,""y_mg"":-744,""z_mg"":948}"
18.329,left_hand,og,tilt,,"{""roll_deg"":5.5,""pitch_deg"":-5.9,""steady"":true}"
18.329,left_hand,og,flick_angles,,"{""side_deg"":-22.3,""fwd_deg"":11.5}"
18.360,left_hand,og,acc,200851,"{""seq"":890,""x_mg"":164,""y_mg"":-240,""z_mg"":816}"
18.360,left_hand,og,tilt,,"{""roll_deg"":4.6,""pitch_deg"":-5.8,""steady"":true}"
18.360,left_hand,og,flick_angles,,"{""side_deg"":-26.2,""fwd_deg"":12.1}"
18.391,left_hand,og,acc,200871,"{""seq"":891,""x_mg"":64,""y_mg"":336,""z_mg"":812}"
18.391,left_hand,og,tilt,,"{""roll_deg"":3.8,""pitch_deg"":-5.6,""steady"":true}"
18.391,left_hand,og,flick_angles,,"{""side_deg"":-21.3,""fwd_deg"":11.7}"
18.391,left_hand,og,acc,200892,"{""seq"":892,""x_mg"":76,""y_mg"":440,""z_mg"":888}"
18.391,left_hand,og,tilt,,"{""roll_deg"":3.1,""pitch_deg"":-5.5,""steady"":true}"
18.391,left_hand,og,flick_angles,,"{""side_deg"":0.6,""fwd_deg"":8.3}"
18.422,left_hand,og,acc,200913,"{""seq"":893,""x_mg"":140,""y_mg"":328,""z_mg"":796}"
18.422,left_hand,og,tilt,,"{""roll_deg"":7.1,""pitch_deg"":-5.5,""steady"":true}"
18.422,left_hand,og,flick_angles,,"{""side_deg"":11.5,""fwd_deg"":6.6}"
18.422,left_hand,og,acc,200933,"{""seq"":894,""x_mg"":136,""y_mg"":332,""z_mg"":792}"
18.422,left_hand,og,tilt,,"{""roll_deg"":10.7,""pitch_deg"":-5.6,""steady"":true}"
18.422,left_hand,og,flick_angles,,"{""side_deg"":17.1,""fwd_deg"":8.2}"
18.454,left_hand,og,acc,200954,"{""seq"":895,""x_mg"":96,""y_mg"":516,""z_mg"":792}"
18.454,left_hand,og,tilt,,"{""roll_deg"":13.8,""pitch_deg"":-6.0,""steady"":true}"
18.454,left_hand,og,flick_angles,,"{""side_deg"":19.9,""fwd_deg"":9.0}"
18.485,left_hand,og,acc,200974,"{""seq"":896,""x_mg"":104,""y_mg"":564,""z_mg"":844}"
18.485,left_hand,og,tilt,,"{""roll_deg"":17.0,""pitch_deg"":-6.4,""steady"":true}"
18.485,left_hand,og,flick_angles,,"{""side_deg"":26.5,""fwd_deg"":8.0}"
18.485,left_hand,og,acc,200995,"{""seq"":897,""x_mg"":152,""y_mg"":352,""z_mg"":800}"
18.485,left_hand,og,tilt,,"{""roll_deg"":19.6,""pitch_deg"":-6.3,""steady"":true}"
18.485,left_hand,og,flick_angles,,"{""side_deg"":29.8,""fwd_deg"":7.5}"
18.516,left_hand,og,acc,201015,"{""seq"":898,""x_mg"":44,""y_mg"":536,""z_mg"":648}"
18.516,left_hand,og,tilt,,"{""roll_deg"":22.9,""pitch_deg"":-6.6,""steady"":true}"
18.516,left_hand,og,flick_angles,,"{""side_deg"":31.8,""fwd_deg"":7.3}"
18.547,left_hand,og,acc,201036,"{""seq"":899,""x_mg"":-40,""y_mg"":1052,""z_mg"":636}"
18.547,left_hand,og,tilt,,"{""roll_deg"":25.9,""pitch_deg"":-6.9,""steady"":true}"
18.547,left_hand,og,flick_angles,,"{""side_deg"":35.7,""fwd_deg"":5.6}"
18.547,left_hand,og,acc,201056,"{""seq"":900,""x_mg"":4,""y_mg"":1300,""z_mg"":696}"
18.547,left_hand,og,tilt,,"{""roll_deg"":25.9,""pitch_deg"":-6.9,""steady"":false}"
18.547,left_hand,og,flick_angles,,"{""side_deg"":47.3,""fwd_deg"":3.0}"
18.579,left_hand,og,acc,201077,"{""seq"":901,""x_mg"":72,""y_mg"":1028,""z_mg"":688}"
18.579,left_hand,og,tilt,,"{""roll_deg"":29.3,""pitch_deg"":-7.3,""steady"":true}"
18.579,left_hand,og,flick_angles,,"{""side_deg"":53.1,""fwd_deg"":1.6}"
18.610,left_hand,og,acc,201098,"{""seq"":902,""x_mg"":108,""y_mg"":732,""z_mg"":720}"
18.610,left_hand,og,tilt,,"{""roll_deg"":32.9,""pitch_deg"":-7.6,""steady"":true}"
18.610,left_hand,og,flick_angles,,"{""side_deg"":54.6,""fwd_deg"":3.8}"
18.610,left_hand,og,acc,201118,"{""seq"":903,""x_mg"":112,""y_mg"":628,""z_mg"":724}"
18.610,left_hand,og,tilt,,"{""roll_deg"":36.1,""pitch_deg"":-7.9,""steady"":true}"
18.610,left_hand,og,flick_angles,,"{""side_deg"":50.1,""fwd_deg"":6.2}"
18.610,left_hand,game,flick,,"{""dir"":""left"",""result"":""none""}"
18.641,left_hand,og,acc,201139,"{""seq"":904,""x_mg"":148,""y_mg"":616,""z_mg"":772}"
18.641,left_hand,og,tilt,,"{""roll_deg"":39.0,""pitch_deg"":-7.8,""steady"":true}"
18.641,left_hand,og,flick_angles,,"{""side_deg"":45.5,""fwd_deg"":7.5}"
18.672,left_hand,og,acc,201159,"{""seq"":905,""x_mg"":140,""y_mg"":612,""z_mg"":804}"
18.672,left_hand,og,tilt,,"{""roll_deg"":40.9,""pitch_deg"":-7.7,""steady"":true}"
18.672,left_hand,og,flick_angles,,"{""side_deg"":42.0,""fwd_deg"":8.7}"
18.672,left_hand,og,acc,201180,"{""seq"":906,""x_mg"":116,""y_mg"":608,""z_mg"":844}"
18.672,left_hand,og,tilt,,"{""roll_deg"":42.4,""pitch_deg"":-7.6,""steady"":true}"
18.672,left_hand,og,flick_angles,,"{""side_deg"":39.7,""fwd_deg"":9.3}"
18.704,left_hand,og,acc,201200,"{""seq"":907,""x_mg"":120,""y_mg"":656,""z_mg"":796}"
18.704,left_hand,og,tilt,,"{""roll_deg"":43.6,""pitch_deg"":-7.6,""steady"":true}"
18.704,left_hand,og,flick_angles,,"{""side_deg"":38.5,""fwd_deg"":8.9}"
18.735,left_hand,og,acc,201221,"{""seq"":908,""x_mg"":152,""y_mg"":624,""z_mg"":780}"
18.735,left_hand,og,tilt,,"{""roll_deg"":44.7,""pitch_deg"":-7.4,""steady"":true}"
18.735,left_hand,og,flick_angles,,"{""side_deg"":38.6,""fwd_deg"":8.7}"
18.735,left_hand,og,acc,201241,"{""seq"":909,""x_mg"":144,""y_mg"":504,""z_mg"":776}"
18.735,left_hand,og,tilt,,"{""roll_deg"":45.5,""pitch_deg"":-7.2,""steady"":true}"
18.735,left_hand,og,flick_angles,,"{""side_deg"":38.6,""fwd_deg"":9.6}"
18.766,left_hand,og,acc,201262,"{""seq"":910,""x_mg"":144,""y_mg"":236,""z_mg"":784}"
18.766,left_hand,og,tilt,,"{""roll_deg"":46.1,""pitch_deg"":-7.0,""steady"":true}"
18.766,left_hand,og,flick_angles,,"{""side_deg"":35.8,""fwd_deg"":10.1}"
18.797,left_hand,og,acc,201283,"{""seq"":911,""x_mg"":196,""y_mg"":-88,""z_mg"":824}"
18.797,left_hand,og,tilt,,"{""roll_deg"":46.2,""pitch_deg"":-6.8,""steady"":true}"
18.797,left_hand,og,flick_angles,,"{""side_deg"":26.3,""fwd_deg"":10.3}"
18.797,left_hand,og,acc,201303,"{""seq"":912,""x_mg"":284,""y_mg"":-352,""z_mg"":904}"
18.797,left_hand,og,tilt,,"{""roll_deg"":44.4,""pitch_deg"":-6.6,""steady"":true}"
18.797,left_hand,og,flick_angles,,"{""side_deg"":10.1,""fwd_deg"":11.8}"
18.829,left_hand,og,acc,201324,"{""seq"":913,""x_mg"":280,""y_mg"":-412,""z_mg"":928}"
18.829,left_hand,og,tilt,,"{""roll_deg"":40.1,""pitch_deg"":-6.1,""steady"":true}"
18.829,left_hand,og,flick_angles,,"{""side_deg"":-5.6,""fwd_deg"":14.3}"
18.829,left_hand,og,acc,201344,"{""seq"":914,""x_mg"":244,""y_mg"":-300,""z_mg"":940}"
18.829,left_hand,og,tilt,,"{""roll_deg"":34.8,""pitch_deg"":-5.5,""steady"":true}"
18.829,left_hand,og,flick_angles,,"{""side_deg"":-13.4,""fwd_deg"":15.6}"
18.860,left_hand,og,acc,201365,"{""seq"":915,""x_mg"":212,""y_mg"":-204,""z_mg"":928}"
18.860,left_hand,og,tilt,,"{""roll_deg"":30.2,""pitch_deg"":-5.0,""steady"":true}"
18.860,left_hand,og,flick_angles,,"{""side_deg"":-15.6,""fwd_deg"":15.1}"
18.891,left_hand,og,acc,201385,"{""seq"":916,""x_mg"":212,""y_mg"":-216,""z_mg"":936}"
18.891,left_hand,og,tilt,,"{""roll_deg"":26.2,""pitch_deg"":-4.6,""steady"":true}"
18.891,left_hand,og,flick_angles,,"{""side_deg"":-14.3,""fwd_deg"":14.0}"
18.891,left_hand,og,acc,201406,"{""seq"":917,""x_mg"":228,""y_mg"":-268,""z_mg"":920}"
18.891,left_hand,og,tilt,,"{""roll_deg"":22.8,""pitch_deg"":-4.3,""steady"":true}"
18.891,left_hand,og,flick_angles,,"{""side_deg"":-13.6,""fwd_deg"":13.4}"
18.922,left_hand,og,acc,201427,"{""seq"":918,""x_mg"":232,""y_mg"":-320,""z_mg"":924}"
18.922,left_hand,og,tilt,,"{""roll_deg"":19.8,""pitch_deg"":-4.0,""steady"":true}"
18.922,left_hand,og,flick_angles,,"{""side_deg"":-14.9,""fwd_deg"":13.7}"
18.954,left_hand,og,acc,201447,"{""seq"":919,""x_mg"":232,""y_mg"":-368,""z_mg"":948}"
18.954,left_hand,og,tilt,,"{""roll_deg"":17.2,""pitch_deg"":-3.8,""steady"":true}"
18.954,left_hand,og,flick_angles,,"{""side_deg"":-17.0,""fwd_deg"":13.8}"
18.954,left_hand,og,acc,201468,"{""seq"":920,""x_mg"":236,""y_mg"":-392,""z_mg"":920}"
18.954,left_hand,og,tilt,,"{""roll_deg"":14.6,""pitch_deg"":-3.5,""steady"":true}"
18.954,left_hand,og,flick_angles,,"{""side_deg"":-19.1,""fwd_deg"":13.9}"
19.000,left_hand,og,acc,201488,"{""seq"":921,""x_mg"":232,""y_mg"":-352,""z_mg"":908}"
19.000,left_hand,og,tilt,,"{""roll_deg"":12.0,""pitch_deg"":-3.3,""steady"":true}"
19.000,left_hand,og,flick_angles,,"{""side_deg"":-20.2,""fwd_deg"":14.1}"
19.032,left_hand,og,acc,201509,"{""seq"":922,""x_mg"":224,""y_mg"":-312,""z_mg"":904}"
19.032,left_hand,og,tilt,,"{""roll_deg"":9.7,""pitch_deg"":-3.1,""steady"":true}"
19.032,left_hand,og,flick_angles,,"{""side_deg"":-20.7,""fwd_deg"":14.2}"
19.032,left_hand,og,acc,201529,"{""seq"":923,""x_mg"":228,""y_mg"":-364,""z_mg"":916}"
19.032,left_hand,og,tilt,,"{""roll_deg"":7.7,""pitch_deg"":-3.0,""steady"":true}"
19.032,left_hand,og,flick_angles,,"{""side_deg"":-20.9,""fwd_deg"":14.1}"
19.063,left_hand,og,acc,201550,"{""seq"":924,""x_mg"":216,""y_mg"":-392,""z_mg"":920}"
19.063,left_hand,og,tilt,,"{""roll_deg"":5.9,""pitch_deg"":-2.9,""steady"":true}"
19.063,left_hand,og,flick_angles,,"{""side_deg"":-21.3,""fwd_deg"":14.0}"
19.094,left_hand,og,acc,201571,"{""seq"":925,""x_mg"":224,""y_mg"":-376,""z_mg"":936}"
19.094,left_hand,og,tilt,,"{""roll_deg"":4.3,""pitch_deg"":-2.8,""steady"":true}"
19.094,left_hand,og,flick_angles,,"{""side_deg"":-21.6,""fwd_deg"":13.7}"
19.094,left_hand,og,acc,201591,"{""seq"":926,""x_mg"":224,""y_mg"":-344,""z_mg"":940}"
19.094,left_hand,og,tilt,,"{""roll_deg"":2.9,""pitch_deg"":-2.7,""steady"":true}"
19.094,left_hand,og,flick_angles,,"{""side_deg"":-21.7,""fwd_deg"":13.6}"
19.110,left_hand,og,acc,201612,"{""seq"":927,""x_mg"":188,""y_mg"":-292,""z_mg"":936}"
19.110,left_hand,og,tilt,,"{""roll_deg"":1.7,""pitch_deg"":-2.7,""steady"":true}"
19.110,left_hand,og,flick_angles,,"{""side_deg"":-20.9,""fwd_deg"":13.5}"
19.141,left_hand,og,acc,201632,"{""seq"":928,""x_mg"":204,""y_mg"":-280,""z_mg"":944}"
19.141,left_hand,og,tilt,,"{""roll_deg"":0.8,""pitch_deg"":-2.7,""steady"":true}"
19.141,left_hand,og,flick_angles,,"{""side_deg"":-19.1,""fwd_deg"":12.8}"
19.172,left_hand,og,acc,201653,"{""seq"":929,""x_mg"":212,""y_mg"":-284,""z_mg"":956}"
19.172,left_hand,og,tilt,,"{""roll_deg"":0.3,""pitch_deg"":-2.8,""steady"":true}"
19.172,left_hand,og,flick_angles,,"{""side_deg"":-17.8,""fwd_deg"":12.5}"
19.172,left_hand,og,acc,201673,"{""seq"":930,""x_mg"":220,""y_mg"":-288,""z_mg"":924}"
19.172,left_hand,og,tilt,,"{""roll_deg"":-0.1,""pitch_deg"":-2.8,""steady"":true}"
19.172,left_hand,og,flick_angles,,"{""side_deg"":-17.2,""fwd_deg"":12.5}"
19.204,left_hand,og,acc,201694,"{""seq"":931,""x_mg"":232,""y_mg"":-248,""z_mg"":916}"
19.204,left_hand,og,tilt,,"{""roll_deg"":-0.4,""pitch_deg"":-2.9,""steady"":true}"
19.204,left_hand,og,flick_angles,,"{""side_deg"":-16.9,""fwd_deg"":13.0}"
19.235,left_hand,og,acc,201714,"{""seq"":932,""x_mg"":220,""y_mg"":-264,""z_mg"":924}"
19.235,left_hand,og,tilt,,"{""roll_deg"":-0.6,""pitch_deg"":-2.9,""steady"":true}"
19.235,left_hand,og,flick_angles,,"{""side_deg"":-16.4,""fwd_deg"":13.2}"
19.235,left_hand,og,acc,201735,"{""seq"":933,""x_mg"":236,""y_mg"":-292,""z_mg"":924}"
19.235,left_hand,og,tilt,,"{""roll_deg"":-0.8,""pitch_deg"":-2.8,""steady"":true}"
19.235,left_hand,og,flick_angles,,"{""side_deg"":-16.2,""fwd_deg"":13.7}"
19.266,left_hand,og,acc,201756,"{""seq"":934,""x_mg"":240,""y_mg"":-296,""z_mg"":916}"
19.266,left_hand,og,tilt,,"{""roll_deg"":-1.1,""pitch_deg"":-2.7,""steady"":true}"
19.266,left_hand,og,flick_angles,,"{""side_deg"":-16.9,""fwd_deg"":14.0}"
19.266,left_hand,og,acc,201776,"{""seq"":935,""x_mg"":248,""y_mg"":-292,""z_mg"":908}"
19.266,left_hand,og,tilt,,"{""roll_deg"":-1.3,""pitch_deg"":-2.5,""steady"":true}"
19.266,left_hand,og,flick_angles,,"{""side_deg"":-17.3,""fwd_deg"":14.3}"
19.297,left_hand,og,acc,201797,"{""seq"":936,""x_mg"":248,""y_mg"":-280,""z_mg"":908}"
19.297,left_hand,og,tilt,,"{""roll_deg"":-1.6,""pitch_deg"":-2.4,""steady"":true}"
19.297,left_hand,og,flick_angles,,"{""side_deg"":-17.6,""fwd_deg"":14.8}"
19.313,left_hand,og,acc,201817,"{""seq"":937,""x_mg"":256,""y_mg"":-268,""z_mg"":900}"
19.313,left_hand,og,tilt,,"{""roll_deg"":-1.8,""pitch_deg"":-2.2,""steady"":true}"
19.313,left_hand,og,flick_angles,,"{""side_deg"":-17.4,""fwd_deg"":15.0}"
19.313,left_hand,og,acc,201838,"{""seq"":938,""x_mg"":264,""y_mg"":-276,""z_mg"":924}"
19.313,left_hand,og,tilt,,"{""roll_deg"":-1.9,""pitch_deg"":-2.0,""steady"":true}"
19.313,left_hand,og,flick_angles,,"{""side_deg"":-17.0,""fwd_deg"":15.5}"
19.344,left_hand,og,acc,201858,"{""seq"":939,""x_mg"":252,""y_mg"":-272,""z_mg"":932}"
19.344,left_hand,og,tilt,,"{""roll_deg"":-2.0,""pitch_deg"":-1.8,""steady"":true}"
19.344,left_hand,og,flick_angles,,"{""side_deg"":-16.8,""fwd_deg"":15.7}"
19.375,left_hand,og,acc,201879,"{""seq"":940,""x_mg"":248,""y_mg"":-292,""z_mg"":928}"
19.375,left_hand,og,tilt,,"{""roll_deg"":-2.0,""pitch_deg"":-1.7,""steady"":true}"
19.375,left_hand,og,flick_angles,,"{""side_deg"":-16.7,""fwd_deg"":15.4}"
19.407,left_hand,og,acc,201900,"{""seq"":941,""x_mg"":256,""y_mg"":-288,""z_mg"":916}"
19.407,left_hand,og,tilt,,"{""roll_deg"":-2.0,""pitch_deg"":-1.5,""steady"":true}"
19.407,left_hand,og,flick_angles,,"{""side_deg"":-17.1,""fwd_deg"":15.3}"
19.407,left_hand,og,acc,201920,"{""seq"":942,""x_mg"":248,""y_mg"":-244,""z_mg"":960}"
19.407,left_hand,og,tilt,,"{""roll_deg"":-2.1,""pitch_deg"":-1.4,""steady"":true}"
19.407,left_hand,og,flick_angles,,"{""side_deg"":-17.3,""fwd_deg"":15.1}"
19.438,left_hand,og,acc,201941,"{""seq"":943,""x_mg"":244,""y_mg"":-272,""z_mg"":960}"
19.438,left_hand,og,tilt,,"{""roll_deg"":-2.1,""pitch_deg"":-1.4,""steady"":true}"
19.438,left_hand,og,flick_angles,,"{""side_deg"":-16.5,""fwd_deg"":14.8}"
19.469,left_hand,og,acc,201961,"{""seq"":944,""x_mg"":236,""y_mg"":-272,""z_mg"":968}"
19.469,left_hand,og,tilt,,"{""roll_deg"":-2.0,""pitch_deg"":-1.4,""steady"":true}"
19.469,left_hand,og,flick_angles,,"{""side_deg"":-16.1,""fwd_deg"":14.5}"
19.469,left_hand,og,acc,201982,"{""seq"":945,""x_mg"":236,""y_mg"":-272,""z_mg"":956}"
19.469,left_hand,og,tilt,,"{""roll_deg"":-2.0,""pitch_deg"":-1.4,""steady"":true}"
19.469,left_hand,og,flick_angles,,"{""side_deg"":-16.0,""fwd_deg"":14.2}"
19.500,left_hand,og,acc,202002,"{""seq"":946,""x_mg"":228,""y_mg"":-272,""z_mg"":936}"
19.500,left_hand,og,tilt,,"{""roll_deg"":-1.9,""pitch_deg"":-1.5,""steady"":true}"
19.500,left_hand,og,flick_angles,,"{""side_deg"":-15.9,""fwd_deg"":13.9}"
19.516,left_hand,og,acc,202023,"{""seq"":947,""x_mg"":232,""y_mg"":-284,""z_mg"":944}"
19.516,left_hand,og,tilt,,"{""roll_deg"":-1.9,""pitch_deg"":-1.5,""steady"":true}"
19.516,left_hand,og,flick_angles,,"{""side_deg"":-16.1,""fwd_deg"":13.9}"
19.516,left_hand,og,acc,202043,"{""seq"":948,""x_mg"":232,""y_mg"":-276,""z_mg"":952}"
19.516,left_hand,og,tilt,,"{""roll_deg"":-1.9,""pitch_deg"":-1.6,""steady"":true}"
19.516,left_hand,og,flick_angles,,"{""side_deg"":-16.1,""fwd_deg"":13.8}"
19.547,left_hand,og,acc,202064,"{""seq"":949,""x_mg"":232,""y_mg"":-268,""z_mg"":956}"
19.547,left_hand,og,tilt,,"{""roll_deg"":-1.9,""pitch_deg"":-1.7,""steady"":true}"
19.547,left_hand,og,flick_angles,,"{""side_deg"":-16.2,""fwd_deg"":13.7}"
19.579,left_hand,og,acc,202085,"{""seq"":950,""x_mg"":232,""y_mg"":-276,""z_mg"":932}"
19.579,left_hand,og,tilt,,"{""roll_deg"":-1.9,""pitch_deg"":-1.7,""steady"":true}"
19.579,left_hand,og,flick_angles,,"{""side_deg"":-16.2,""fwd_deg"":13.7}"
19.625,left_hand,og,acc,202105,"{""seq"":951,""x_mg"":232,""y_mg"":-280,""z_mg"":936}"
19.625,left_hand,og,tilt,,"{""roll_deg"":-1.9,""pitch_deg"":-1.8,""steady"":true}"
19.625,left_hand,og,flick_angles,,"{""side_deg"":-16.3,""fwd_deg"":13.8}"
19.625,left_hand,og,acc,202126,"{""seq"":952,""x_mg"":232,""y_mg"":-292,""z_mg"":936}"
19.625,left_hand,og,tilt,,"{""roll_deg"":-2.0,""pitch_deg"":-1.8,""steady"":true}"
19.625,left_hand,og,flick_angles,,"{""side_deg"":-16.5,""fwd_deg"":13.9}"
19.657,left_hand,og,acc,202146,"{""seq"":953,""x_mg"":228,""y_mg"":-276,""z_mg"":940}"
19.657,left_hand,og,tilt,,"{""roll_deg"":-2.0,""pitch_deg"":-1.8,""steady"":true}"
19.657,left_hand,og,flick_angles,,"{""side_deg"":-16.6,""fwd_deg"":13.9}"
19.688,left_hand,og,acc,202167,"{""seq"":954,""x_mg"":236,""y_mg"":-268,""z_mg"":936}"
19.688,left_hand,og,tilt,,"{""roll_deg"":-2.0,""pitch_deg"":-1.8,""steady"":true}"
19.688,left_hand,og,flick_angles,,"{""side_deg"":-16.5,""fwd_deg"":13.9}"
19.688,left_hand,og,acc,202187,"{""seq"":955,""x_mg"":224,""y_mg"":-296,""z_mg"":924}"
19.688,left_hand,og,tilt,,"{""roll_deg"":-2.1,""pitch_deg"":-1.9,""steady"":true}"
19.688,left_hand,og,flick_angles,,"{""side_deg"":-16.4,""fwd_deg"":13.8}"
19.719,left_hand,og,acc,202208,"{""seq"":956,""x_mg"":224,""y_mg"":-292,""z_mg"":928}"
19.719,left_hand,og,tilt,,"{""roll_deg"":-2.2,""pitch_deg"":-1.9,""steady"":true}"
19.719,left_hand,og,flick_angles,,"{""side_deg"":-16.9,""fwd_deg"":13.7}"
19.735,left_hand,og,acc,202229,"{""seq"":957,""x_mg"":228,""y_mg"":-280,""z_mg"":924}"
19.735,left_hand,og,tilt,,"{""roll_deg"":-2.2,""pitch_deg"":-1.9,""steady"":true}"
19.735,left_hand,og,flick_angles,,"{""side_deg"":-17.2,""fwd_deg"":13.7}"
19.735,left_hand,og,acc,202249,"{""seq"":958,""x_mg"":236,""y_mg"":-256,""z_mg"":924}"
19.735,left_hand,og,tilt,,"{""roll_deg"":-2.3,""pitch_deg"":-2.0,""steady"":true}"
19.735,left_hand,og,flick_angles,,"{""side_deg"":-17.0,""fwd_deg"":13.8}"
19.766,left_hand,og,acc,202270,"{""seq"":959,""x_mg"":236,""y_mg"":-256,""z_mg"":928}"
19.766,left_hand,og,tilt,,"{""roll_deg"":-2.3,""pitch_deg"":-2.0,""steady"":true}"
19.766,left_hand,og,flick_angles,,"{""side_deg"":-16.3,""fwd_deg"":14.0}"
19.797,left_hand,og,acc,202290,"{""seq"":960,""x_mg"":232,""y_mg"":-268,""z_mg"":944}"
19.797,left_hand,og,tilt,,"{""roll_deg"":-2.2,""pitch_deg"":-2.0,""steady"":true}"
19.797,left_hand,og,flick_angles,,"{""side_deg"":-15.9,""fwd_deg"":14.1}"
19.829,left_hand,og,acc,202311,"{""seq"":961,""x_mg"":244,""y_mg"":-428,""z_mg"":952}"
19.829,left_hand,og,tilt,,"{""roll_deg"":-2.1,""pitch_deg"":-1.9,""steady"":true}"
19.829,left_hand,og,flick_angles,,"{""side_deg"":-15.9,""fwd_deg"":14.2}"
19.829,left_hand,og,acc,202331,"{""seq"":962,""x_mg"":260,""y_mg"":-596,""z_mg"":956}"
19.829,left_hand,og,tilt,,"{""roll_deg"":-2.1,""pitch_deg"":-1.9,""steady"":true}"
19.829,left_hand,og,flick_angles,,"{""side_deg"":-20.0,""fwd_deg"":14.3}"
19.829,left_hand,game,wrong,,"{""n"":11,""want"":""right"",""got"":""left""}"
19.860,left_hand,og,acc,202352,"{""seq"":963,""x_mg"":248,""y_mg"":-480,""z_mg"":912}"
19.860,left_hand,og,tilt,,"{""roll_deg"":-3.0,""pitch_deg"":-1.8,""steady"":true}"
19.860,left_hand,og,flick_angles,,"{""side_deg"":-23.9,""fwd_deg"":14.8}"
19.891,left_hand,og,acc,202373,"{""seq"":964,""x_mg"":216,""y_mg"":-32,""z_mg"":944}"
19.891,left_hand,og,tilt,,"{""roll_deg"":-3.9,""pitch_deg"":-1.8,""steady"":true}"
19.891,left_hand,og,flick_angles,,"{""side_deg"":-25.8,""fwd_deg"":15.0}"
19.891,left_hand,og,acc,202393,"{""seq"":965,""x_mg"":212,""y_mg"":140,""z_mg"":984}"
19.891,left_hand,og,tilt,,"{""roll_deg"":-4.6,""pitch_deg"":-1.8,""steady"":true}"
19.891,left_hand,og,flick_angles,,"{""side_deg"":-13.9,""fwd_deg"":13.9}"
19.922,left_hand,og,acc,202414,"{""seq"":966,""x_mg"":288,""y_mg"":-332,""z_mg"":1008}"
19.922,left_hand,og,tilt,,"{""roll_deg"":-4.5,""pitch_deg"":-1.6,""steady"":true}"
19.922,left_hand,og,flick_angles,,"{""side_deg"":-7.9,""fwd_deg"":13.4}"
19.954,left_hand,og,acc,202434,"{""seq"":967,""x_mg"":256,""y_mg"":-192,""z_mg"":748}"
19.954,left_hand,og,tilt,,"{""roll_deg"":-4.0,""pitch_deg"":-1.5,""steady"":true}"
19.954,left_hand,og,flick_angles,,"{""side_deg"":-11.2,""fwd_deg"":14.7}"
19.954,left_hand,og,acc,202455,"{""seq"":968,""x_mg"":140,""y_mg"":396,""z_mg"":684}"
19.954,left_hand,og,tilt,,"{""roll_deg"":-2.0,""pitch_deg"":-1.7,""steady"":true}"
19.954,left_hand,og,flick_angles,,"{""side_deg"":-12.8,""fwd_deg"":15.3}"
19.969,left_hand,og,acc,202475,"{""seq"":969,""x_mg"":140,""y_mg"":760,""z_mg"":776}"
19.969,left_hand,og,tilt,,"{""roll_deg"":0.9,""pitch_deg"":-1.9,""steady"":true}"
19.969,left_hand,og,flick_angles,,"{""side_deg"":8.6,""fwd_deg"":13.4}"
20.000,left_hand,og,acc,202496,"{""seq"":970,""x_mg"":180,""y_mg"":696,""z_mg"":884}"
20.000,left_hand,og,tilt,,"{""roll_deg"":6.1,""pitch_deg"":-2.2,""steady"":true}"
20.000,left_hand,og,flick_angles,,"{""side_deg"":23.4,""fwd_deg"":12.5}"
20.032,left_hand,og,acc,202517,"{""seq"":971,""x_mg"":188,""y_mg"":368,""z_mg"":904}"
20.032,left_hand,og,tilt,,"{""roll_deg"":10.7,""pitch_deg"":-2.5,""steady"":true}"
20.032,left_hand,og,flick_angles,,"{""side_deg"":30.8,""fwd_deg"":12.0}"
20.032,left_hand,og,acc,202537,"{""seq"":972,""x_mg"":148,""y_mg"":336,""z_mg"":880}"
20.032,left_hand,og,tilt,,"{""roll_deg"":14.7,""pitch_deg"":-2.7,""steady"":true}"
20.032,left_hand,og,flick_angles,,"{""side_deg"":26.5,""fwd_deg"":11.8}"
20.063,left_hand,og,acc,202558,"{""seq"":973,""x_mg"":128,""y_mg"":532,""z_mg"":804}"
20.063,left_hand,og,tilt,,"{""roll_deg"":18.7,""pitch_deg"":-3.1,""steady"":true}"
20.063,left_hand,og,flick_angles,,"{""side_deg"":24.3,""fwd_deg"":10.6}"
20.094,left_hand,og,acc,202578,"{""seq"":974,""x_mg"":116,""y_mg"":724,""z_mg"":808}"
20.094,left_hand,og,tilt,,"{""roll_deg"":22.2,""pitch_deg"":-3.4,""steady"":true}"
20.094,left_hand,og,flick_angles,,"{""side_deg"":28.9,""fwd_deg"":9.8}"
20.094,left_hand,og,acc,202599,"{""seq"":975,""x_mg"":124,""y_mg"":720,""z_mg"":836}"
20.094,left_hand,og,tilt,,"{""roll_deg"":25.3,""pitch_deg"":-3.9,""steady"":true}"
20.094,left_hand,og,flick_angles,,"{""side_deg"":34.8,""fwd_deg"":9.1}"
20.125,left_hand,og,acc,202619,"{""seq"":976,""x_mg"":124,""y_mg"":680,""z_mg"":848}"
20.125,left_hand,og,tilt,,"{""roll_deg"":28.6,""pitch_deg"":-4.3,""steady"":true}"
20.125,left_hand,og,flick_angles,,"{""side_deg"":37.8,""fwd_deg"":8.7}"
20.125,left_hand,og,acc,202640,"{""seq"":977,""x_mg"":144,""y_mg"":624,""z_mg"":844}"
20.125,left_hand,og,tilt,,"{""roll_deg"":31.5,""pitch_deg"":-4.7,""steady"":true}"
20.125,left_hand,og,flick_angles,,"{""side_deg"":38.3,""fwd_deg"":8.6}"
20.141,left_hand,og,acc,202661,"{""seq"":978,""x_mg"":160,""y_mg"":496,""z_mg"":856}"
20.141,left_hand,og,tilt,,"{""roll_deg"":34.1,""pitch_deg"":-5.0,""steady"":true}"
20.141,left_hand,og,flick_angles,,"{""side_deg"":37.4,""fwd_deg"":9.1}"
20.172,left_hand,og,acc,202681,"{""seq"":979,""x_mg"":200,""y_mg"":308,""z_mg"":856}"
20.172,left_hand,og,tilt,,"{""roll_deg"":36.1,""pitch_deg"":-5.1,""steady"":true}"
20.172,left_hand,og,flick_angles,,"{""side_deg"":33.7,""fwd_deg"":9.9}"
20.172,left_hand,game,flick,,"{""dir"":""left"",""result"":""none""}"
20.204,left_hand,og,acc,202702,"{""seq"":980,""x_mg"":216,""y_mg"":116,""z_mg"":848}"
20.204,left_hand,og,tremor,,"{""rms_mg"":163.9,""peak_hz"":9.1}"
20.204,left_hand,og,tilt,,"{""roll_deg"":37.1,""pitch_deg"":-5.2,""steady"":true}"
20.204,left_hand,og,flick_angles,,"{""side_deg"":26.8,""fwd_deg"":11.5}"
20.235,left_hand,og,acc,202722,"{""seq"":981,""x_mg"":240,""y_mg"":-60,""z_mg"":844}"
20.235,left_hand,og,tilt,,"{""roll_deg"":36.7,""pitch_deg"":-4.9,""steady"":true}"
20.235,left_hand,og,flick_angles,,"{""side_deg"":17.3,""fwd_deg"":12.9}"
20.235,left_hand,og,acc,202743,"{""seq"":982,""x_mg"":252,""y_mg"":-204,""z_mg"":868}"
20.235,left_hand,og,tilt,,"{""roll_deg"":35.0,""pitch_deg"":-4.5,""steady"":true}"
20.235,left_hand,og,flick_angles,,"{""side_deg"":6.6,""fwd_deg"":14.4}"
20.266,left_hand,og,acc,202763,"{""seq"":983,""x_mg"":264,""y_mg"":-364,""z_mg"":884}"
20.266,left_hand,og,tilt,,"{""roll_deg"":32.0,""pitch_deg"":-3.9,""steady"":true}"
20.266,left_hand,og,flick_angles,,"{""side_deg"":-3.3,""fwd_deg"":15.3}"
20.297,left_hand,og,acc,202784,"{""seq"":984,""x_mg"":280,""y_mg"":-524,""z_mg"":912}"
20.297,left_hand,og,tilt,,"{""roll_deg"":28.3,""pitch_deg"":-3.4,""steady"":true}"
20.297,left_hand,og,flick_angles,,"{""side_deg"":-12.8,""fwd_deg"":16.0}"
20.297,left_hand,og,acc,202805,"{""seq"":985,""x_mg"":300,""y_mg"":-604,""z_mg"":920}"
20.297,left_hand,og,tilt,,"{""roll_deg"":23.9,""pitch_deg"":-2.9,""steady"":true}"
20.297,left_hand,og,flick_angles,,"{""side_deg"":-21.4,""fwd_deg"":16.5}"
20.329,left_hand,og,acc,202825,"{""seq"":986,""x_mg"":276,""y_mg"":-488,""z_mg"":904}"
20.329,left_hand,og,tilt,,"{""roll_deg"":19.3,""pitch_deg"":-2.4,""steady"":true}"
20.329,left_hand,og,flick_angles,,"{""side_deg"":-25.6,""fwd_deg"":16.8}"
20.329,left_hand,og,acc,202846,"{""seq"":987,""x_mg"":248,""y_mg"":-268,""z_mg"":900}"
20.329,left_hand,og,tilt,,"{""roll_deg"":15.3,""pitch_deg"":-2.0,""steady"":true}"
20.329,left_hand,og,flick_angles,,"{""side_deg"":-27.0,""fwd_deg"":16.9}"
20.375,left_hand,og,acc,202866,"{""seq"":988,""x_mg"":216,""y_mg"":-160,""z_mg"":916}"
20.375,left_hand,og,tilt,,"{""roll_deg"":11.8,""pitch_deg"":-1.6,""steady"":true}"
20.375,left_hand,og,flick_angles,,"{""side_deg"":-21.8,""fwd_deg"":16.1}"
20.407,left_hand,og,acc,202887,"{""seq"":989,""x_mg"":228,""y_mg"":-204,""z_mg"":952}"
20.407,left_hand,og,tilt,,"{""roll_deg"":10.1,""pitch_deg"":-1.5,""steady"":true}"
20.407,left_hand,og,flick_angles,,"{""side_deg"":-16.9,""fwd_deg"":14.8}"
20.407,left_hand,og,acc,202907,"{""seq"":990,""x_mg"":216,""y_mg"":-236,""z_mg"":956}"
20.407,left_hand,og,tilt,,"{""roll_deg"":8.9,""pitch_deg"":-1.6,""steady"":true}"
20.407,left_hand,og,flick_angles,,"{""side_deg"":-14.5,""fwd_deg"":14.0}"
20.438,left_hand,og,acc,202928,"{""seq"":991,""x_mg"":212,""y_mg"":-212,""z_mg"":948}"
20.438,left_hand,og,tilt,,"{""roll_deg"":8.1,""pitch_deg"":-1.7,""steady"":true}"
20.438,left_hand,og,flick_angles,,"{""side_deg"":-13.6,""fwd_deg"":13.4}"
20.469,left_hand,og,acc,202948,"{""seq"":992,""x_mg"":216,""y_mg"":-208,""z_mg"":952}"
20.469,left_hand,og,tilt,,"{""roll_deg"":7.3,""pitch_deg"":-1.9,""steady"":true}"
20.469,left_hand,og,flick_angles,,"{""side_deg"":-13.1,""fwd_deg"":13.1}"
20.469,left_hand,og,acc,202969,"{""seq"":993,""x_mg"":220,""y_mg"":-216,""z_mg"":980}"
20.469,left_hand,og,tilt,,"{""roll_deg"":6.7,""pitch_deg"":-2.0,""steady"":true}"
20.469,left_hand,og,flick_angles,,"{""side_deg"":-12.8,""fwd_deg"":12.9}"
20.500,left_hand,og,acc,202990,"{""seq"":994,""x_mg"":200,""y_mg"":-192,""z_mg"":988}"
20.500,left_hand,og,tilt,,"{""roll_deg"":6.1,""pitch_deg"":-2.2,""steady"":true}"
20.500,left_hand,og,flick_angles,,"{""side_deg"":-12.5,""fwd_deg"":12.8}"
20.532,left_hand,og,acc,203010,"{""seq"":995,""x_mg"":200,""y_mg"":-192,""z_mg"":992}"
20.532,left_hand,og,tilt,,"{""roll_deg"":5.6,""pitch_deg"":-2.3,""steady"":true}"
20.532,left_hand,og,flick_angles,,"{""side_deg"":-11.8,""fwd_deg"":12.1}"
20.532,left_hand,og,acc,203031,"{""seq"":996,""x_mg"":208,""y_mg"":-188,""z_mg"":984}"
20.532,left_hand,og,tilt,,"{""roll_deg"":5.3,""pitch_deg"":-2.5,""steady"":true}"
20.532,left_hand,og,flick_angles,,"{""side_deg"":-11.4,""fwd_deg"":11.8}"
20.563,left_hand,og,acc,203051,"{""seq"":997,""x_mg"":212,""y_mg"":-188,""z_mg"":988}"
20.563,left_hand,og,tilt,,"{""roll_deg"":5.1,""pitch_deg"":-2.7,""steady"":true}"
20.563,left_hand,og,flick_angles,,"{""side_deg"":-11.1,""fwd_deg"":11.9}"
20.594,left_hand,og,acc,203072,"{""seq"":998,""x_mg"":216,""y_mg"":-212,""z_mg"":1000}"
20.594,left_hand,og,tilt,,"{""roll_deg"":4.9,""pitch_deg"":-2.8,""steady"":true}"
20.594,left_hand,og,flick_angles,,"{""side_deg"":-11.0,""fwd_deg"":12.0}"
20.594,left_hand,og,acc,203092,"{""seq"":999,""x_mg"":216,""y_mg"":-212,""z_mg"":996}"
20.594,left_hand,og,tilt,,"{""roll_deg"":4.7,""pitch_deg"":-2.9,""steady"":true}"
20.594,left_hand,og,flick_angles,,"{""side_deg"":-11.5,""fwd_deg"":12.1}"
20.625,left_hand,og,acc,203113,"{""seq"":1000,""x_mg"":224,""y_mg"":-220,""z_mg"":996}"
20.625,left_hand,og,tilt,,"{""roll_deg"":4.4,""pitch_deg"":-3.0,""steady"":true}"
20.625,left_hand,og,flick_angles,,"{""side_deg"":-11.7,""fwd_deg"":12.2}"
20.625,left_hand,og,acc,203134,"{""seq"":1001,""x_mg"":228,""y_mg"":-188,""z_mg"":968}"
20.625,left_hand,og,tilt,,"{""roll_deg"":4.1,""pitch_deg"":-3.1,""steady"":true}"
20.625,left_hand,og,flick_angles,,"{""side_deg"":-11.9,""fwd_deg"":12.4}"
20.657,left_hand,og,acc,203154,"{""seq"":1002,""x_mg"":232,""y_mg"":-180,""z_mg"":952}"
20.657,left_hand,og,tilt,,"{""roll_deg"":3.9,""pitch_deg"":-3.1,""steady"":true}"
20.657,left_hand,og,flick_angles,,"{""side_deg"":-11.4,""fwd_deg"":12.8}"
20.688,left_hand,og,acc,203175,"{""seq"":1003,""x_mg"":228,""y_mg"":-196,""z_mg"":952}"
20.688,left_hand,og,tilt,,"{""roll_deg"":3.8,""pitch_deg"":-3.1,""steady"":true}"
20.688,left_hand,og,flick_angles,,"{""side_deg"":-11.2,""fwd_deg"":13.2}"
20.688,left_hand,og,acc,203195,"{""seq"":1004,""x_mg"":224,""y_mg"":-216,""z_mg"":952}"
20.688,left_hand,og,tilt,,"{""roll_deg"":3.6,""pitch_deg"":-3.0,""steady"":true}"
20.688,left_hand,og,flick_angles,,"{""side_deg"":-11.4,""fwd_deg"":13.3}"
20.719,left_hand,og,acc,203216,"{""seq"":1005,""x_mg"":232,""y_mg"":-212,""z_mg"":940}"
20.719,left_hand,og,tilt,,"{""roll_deg"":3.5,""pitch_deg"":-2.9,""steady"":true}"
20.719,left_hand,og,flick_angles,,"{""side_deg"":-12.1,""fwd_deg"":13.4}"
20.750,left_hand,og,acc,203236,"{""seq"":1006,""x_mg"":236,""y_mg"":-200,""z_mg"":916}"
20.750,left_hand,og,tilt,,"{""roll_deg"":3.3,""pitch_deg"":-2.8,""steady"":true}"
20.750,left_hand,og,flick_angles,,"{""side_deg"":-12.4,""fwd_deg"":13.6}"
20.750,left_hand,og,acc,203257,"{""seq"":1007,""x_mg"":232,""y_mg"":-160,""z_mg"":920}"
20.750,left_hand,og,tilt,,"{""roll_deg"":3.2,""pitch_deg"":-2.7,""steady"":true}"
20.750,left_hand,og,flick_angles,,"{""side_deg"":-12.4,""fwd_deg"":13.9}"
20.766,left_hand,og,acc,203278,"{""seq"":1008,""x_mg"":232,""y_mg"":-168,""z_mg"":936}"
20.766,left_hand,og,tilt,,"{""roll_deg"":3.0,""pitch_deg"":-2.7,""steady"":true}"
20.766,left_hand,og,flick_angles,,"{""side_deg"":-11.3,""fwd_deg"":14.0}"
20.797,left_hand,og,acc,203298,"{""seq"":1009,""x_mg"":228,""y_mg"":-208,""z_mg"":952}"
20.797,left_hand,og,tilt,,"{""roll_deg"":2.9,""pitch_deg"":-2.6,""steady"":true}"
20.797,left_hand,og,flick_angles,,"{""side_deg"":-10.7,""fwd_deg"":14.0}"
20.829,left_hand,og,acc,203319,"{""seq"":1010,""x_mg"":232,""y_mg"":-220,""z_mg"":944}"
20.829,left_hand,og,tilt,,"{""roll_deg"":2.8,""pitch_deg"":-2.5,""steady"":true}"
20.829,left_hand,og,flick_angles,,"{""side_deg"":-11.5,""fwd_deg"":13.9}"
20.829,left_hand,og,acc,203339,"{""seq"":1011,""x_mg"":228,""y_mg"":-208,""z_mg"":940}"
20.829,left_hand,og,tilt,,"{""roll_deg"":2.7,""pitch_deg"":-2.4,""steady"":true}"
20.829,left_hand,og,flick_angles,,"{""side_deg"":-12.0,""fwd_deg"":13.8}"
20.860,left_hand,og,acc,203360,"{""seq"":1012,""x_mg"":224,""y_mg"":-160,""z_mg"":952}"
20.860,left_hand,og,tilt,,"{""roll_deg"":2.6,""pitch_deg"":-2.4,""steady"":true}"
20.860,left_hand,og,flick_angles,,"{""side_deg"":-12.2,""fwd_deg"":13.7}"
20.891,left_hand,og,acc,203380,"{""seq"":1013,""x_mg"":224,""y_mg"":-184,""z_mg"":956}"
20.891,left_hand,og,tilt,,"{""roll_deg"":2.5,""pitch_deg"":-2.4,""steady"":true}"
20.891,left_hand,og,flick_angles,,"{""side_deg"":-11.6,""fwd_deg"":13.5}"
20.891,left_hand,og,acc,203401,"{""seq"":1014,""x_mg"":224,""y_mg"":-232,""z_mg"":960}"
20.891,left_hand,og,tilt,,"{""roll_deg"":2.4,""pitch_deg"":-2.4,""steady"":true}"
20.891,left_hand,og,flick_angles,,"{""side_deg"":-11.2,""fwd_deg"":13.3}"
20.922,left_hand,og,acc,203422,"{""seq"":1015,""x_mg"":220,""y_mg"":-244,""z_mg"":968}"
20.922,left_hand,og,tilt,,"{""roll_deg"":2.3,""pitch_deg"":-2.5,""steady"":true}"
20.922,left_hand,og,flick_angles,,"{""side_deg"":-12.4,""fwd_deg"":13.2}"
20.954,left_hand,og,acc,203442,"{""seq"":1016,""x_mg"":216,""y_mg"":-216,""z_mg"":964}"
20.954,left_hand,og,tilt,,"{""roll_deg"":2.3,""pitch_deg"":-2.5,""steady"":true}"
20.954,left_hand,og,flick_angles,,"{""side_deg"":-13.0,""fwd_deg"":13.0}"
20.954,left_hand,og,acc,203463,"{""seq"":1017,""x_mg"":216,""y_mg"":-188,""z_mg"":960}"
20.954,left_hand,og,tilt,,"{""roll_deg"":2.2,""pitch_deg"":-2.6,""steady"":true}"
20.954,left_hand,og,flick_angles,,"{""side_deg"":-12.8,""fwd_deg"":12.8}"
20.985,left_hand,og,acc,203483,"{""seq"":1018,""x_mg"":208,""y_mg"":-184,""z_mg"":956}"
20.985,left_hand,og,tilt,,"{""roll_deg"":2.1,""pitch_deg"":-2.7,""steady"":true}"
20.985,left_hand,og,flick_angles,,"{""side_deg"":-11.9,""fwd_deg"":12.7}"
21.016,left_hand,og,acc,203504,"{""seq"":1019,""x_mg"":220,""y_mg"":-208,""z_mg"":956}"
21.016,left_hand,og,tilt,,"{""roll_deg"":2.1,""pitch_deg"":-2.7,""steady"":true}"
21.016,left_hand,og,flick_angles,,"{""side_deg"":-11.5,""fwd_deg"":12.7}"
21.016,left_hand,og,acc,203524,"{""seq"":1020,""x_mg"":220,""y_mg"":-248,""z_mg"":964}"
21.016,left_hand,og,tilt,,"{""roll_deg"":2.1,""pitch_deg"":-2.8,""steady"":true}"
21.016,left_hand,og,flick_angles,,"{""side_deg"":-11.9,""fwd_deg"":12.8}"
21.047,left_hand,og,acc,203545,"{""seq"":1021,""x_mg"":224,""y_mg"":-228,""z_mg"":952}"
21.047,left_hand,og,tilt,,"{""roll_deg"":2.1,""pitch_deg"":-2.8,""steady"":true}"
21.047,left_hand,og,flick_angles,,"{""side_deg"":-12.7,""fwd_deg"":12.9}"
21.047,left_hand,og,acc,203565,"{""seq"":1022,""x_mg"":212,""y_mg"":-204,""z_mg"":952}"
21.047,left_hand,og,tilt,,"{""roll_deg"":2.1,""pitch_deg"":-2.8,""steady"":true}"
21.047,left_hand,og,flick_angles,,"{""side_deg"":-13.1,""fwd_deg"":12.9}"
21.079,left_hand,og,acc,203586,"{""seq"":1023,""x_mg"":208,""y_mg"":-176,""z_mg"":948}"
21.079,left_hand,og,tilt,,"{""roll_deg"":2.1,""pitch_deg"":-2.9,""steady"":true}"
21.079,left_hand,og,flick_angles,,"{""side_deg"":-12.6,""fwd_deg"":12.7}"
21.110,left_hand,og,acc,203607,"{""seq"":1024,""x_mg"":204,""y_mg"":-212,""z_mg"":960}"
21.110,left_hand,og,tilt,,"{""roll_deg"":2.0,""pitch_deg"":-2.9,""steady"":true}"
21.110,left_hand,og,flick_angles,,"{""side_deg"":-12.3,""fwd_deg"":12.5}"
21.110,left_hand,og,acc,203627,"{""seq"":1025,""x_mg"":208,""y_mg"":-236,""z_mg"":964}"
21.110,left_hand,og,tilt,,"{""roll_deg"":2.0,""pitch_deg"":-3.0,""steady"":true}"
21.110,left_hand,og,flick_angles,,"{""side_deg"":-12.4,""fwd_deg"":12.4}"
21.157,left_hand,og,acc,203648,"{""seq"":1026,""x_mg"":220,""y_mg"":-228,""z_mg"":948}"
21.157,left_hand,og,tilt,,"{""roll_deg"":2.0,""pitch_deg"":-3.0,""steady"":true}"
21.157,left_hand,og,flick_angles,,"{""side_deg"":-13.0,""fwd_deg"":12.3}"
21.188,left_hand,og,acc,203668,"{""seq"":1027,""x_mg"":212,""y_mg"":-188,""z_mg"":960}"
21.188,left_hand,og,tilt,,"{""roll_deg"":2.0,""pitch_deg"":-3.1,""steady"":true}"
21.188,left_hand,og,flick_angles,,"{""side_deg"":-13.2,""fwd_deg"":12.4}"
21.188,left_hand,og,acc,203689,"{""seq"":1028,""x_mg"":208,""y_mg"":-180,""z_mg"":984}"
21.188,left_hand,og,tilt,,"{""roll_deg"":1.9,""pitch_deg"":-3.2,""steady"":true}"
21.188,left_hand,og,flick_angles,,"{""side_deg"":-12.2,""fwd_deg"":12.4}"
21.219,left_hand,og,acc,203709,"{""seq"":1029,""x_mg"":208,""y_mg"":-196,""z_mg"":1056}"
21.219,left_hand,og,tilt,,"{""roll_deg"":2.1,""pitch_deg"":-3.2,""steady"":true}"
21.219,left_hand,og,flick_angles,,"{""side_deg"":-11.3,""fwd_deg"":12.2}"
21.250,left_hand,og,acc,203730,"{""seq"":1030,""x_mg"":248,""y_mg"":-264,""z_mg"":1184}"
21.250,left_hand,og,tilt,,"{""roll_deg"":2.2,""pitch_deg"":-3.3,""steady"":true}"
21.250,left_hand,og,flick_angles,,"{""side_deg"":-10.9,""fwd_deg"":12.0}"
21.250,left_hand,og,acc,203751,"{""seq"":1031,""x_mg"":292,""y_mg"":-324,""z_mg"":1240}"
21.250,left_hand,og,tilt,,"{""roll_deg"":2.2,""pitch_deg"":-3.3,""steady"":false}"
21.250,left_hand,og,flick_angles,,"{""side_deg"":-11.7,""fwd_deg"":11.9}"
21.282,left_hand,og,acc,203771,"{""seq"":1032,""x_mg"":300,""y_mg"":-304,""z_mg"":1252}"
21.282,left_hand,og,tilt,,"{""roll_deg"":2.2,""pitch_deg"":-3.3,""steady"":false}"
21.282,left_hand,og,flick_angles,,"{""side_deg"":-12.7,""fwd_deg"":12.6}"
21.313,left_hand,og,acc,203792,"{""seq"":1033,""x_mg"":340,""y_mg"":-236,""z_mg"":1272}"
21.313,left_hand,og,tilt,,"{""roll_deg"":2.2,""pitch_deg"":-3.3,""steady"":false}"
21.313,left_hand,og,flick_angles,,"{""side_deg"":-13.2,""fwd_deg"":13.0}"
21.313,left_hand,og,acc,203812,"{""seq"":1034,""x_mg"":300,""y_mg"":-164,""z_mg"":1352}"
21.313,left_hand,og,tilt,,"{""roll_deg"":2.2,""pitch_deg"":-3.3,""steady"":false}"
21.313,left_hand,og,flick_angles,,"{""side_deg"":-11.8,""fwd_deg"":13.3}"
21.344,left_hand,og,acc,203833,"{""seq"":1035,""x_mg"":232,""y_mg"":-52,""z_mg"":1364}"
21.344,left_hand,og,tilt,,"{""roll_deg"":2.2,""pitch_deg"":-3.3,""steady"":false}"
21.344,left_hand,og,flick_angles,,"{""side_deg"":-9.4,""fwd_deg"":12.9}"
21.375,left_hand,og,acc,203853,"{""seq"":1036,""x_mg"":236,""y_mg"":-220,""z_mg"":1260}"
21.375,left_hand,og,tilt,,"{""roll_deg"":2.2,""pitch_deg"":-3.3,""steady"":false}"
21.375,left_hand,og,flick_angles,,"{""side_deg"":-8.1,""fwd_deg"":11.7}"
21.375,left_hand,og,acc,203874,"{""seq"":1037,""x_mg"":304,""y_mg"":-432,""z_mg"":1104}"
21.375,left_hand,og,tilt,,"{""roll_deg"":2.3,""pitch_deg"":-3.4,""steady"":true}"
21.375,left_hand,og,flick_angles,,"{""side_deg"":-9.0,""fwd_deg"":11.2}"
21.391,left_hand,og,acc,203895,"{""seq"":1038,""x_mg"":356,""y_mg"":-420,""z_mg"":920}"
21.391,left_hand,og,tilt,,"{""roll_deg"":2.3,""pitch_deg"":-3.5,""steady"":true}"
21.391,left_hand,og,flick_angles,,"{""side_deg"":-15.2,""fwd_deg"":13.3}"
21.391,left_hand,game,wrong,,"{""n"":12,""want"":""up"",""got"":""left""}"
21.422,left_hand,og,acc,203915,"{""seq"":1039,""x_mg"":336,""y_mg"":-188,""z_mg"":732}"
21.422,left_hand,og,tilt,,"{""roll_deg"":2.0,""pitch_deg"":-3.1,""steady"":true}"
21.422,left_hand,og,flick_angles,,"{""side_deg"":-18.3,""fwd_deg"":17.2}"
21.454,left_hand,og,acc,203936,"{""seq"":1040,""x_mg"":352,""y_mg"":-8,""z_mg"":576}"
21.454,left_hand,og,tilt,,"{""roll_deg"":2.0,""pitch_deg"":-3.1,""steady"":false}"
21.454,left_hand,og,flick_angles,,"{""side_deg"":-16.3,""fwd_deg"":20.9}"
21.454,left_hand,og,acc,203956,"{""seq"":1041,""x_mg"":412,""y_mg"":16,""z_mg"":456}"
21.454,left_hand,og,tilt,,"{""roll_deg"":2.0,""pitch_deg"":-3.1,""steady"":false}"
21.454,left_hand,og,flick_angles,,"{""side_deg"":-8.6,""fwd_deg"":26.2}"
21.485,left_hand,og,acc,203977,"{""seq"":1042,""x_mg"":456,""y_mg"":-92,""z_mg"":412}"
21.485,left_hand,og,tilt,,"{""roll_deg"":2.0,""pitch_deg"":-3.1,""steady"":false}"
21.485,left_hand,og,flick_angles,,"{""side_deg"":-4.7,""fwd_deg"":34.1}"
21.485,left_hand,og,acc,203997,"{""seq"":1043,""x_mg"":492,""y_mg"":-184,""z_mg"":420}"
21.485,left_hand,og,tilt,,"{""roll_deg"":2.0,""pitch_deg"":-3.1,""steady"":false}"
21.485,left_hand,og,flick_angles,,"{""side_deg"":-8.6,""fwd_deg"":41.0}"
21.516,left_hand,og,acc,204018,"{""seq"":1044,""x_mg"":524,""y_mg"":-212,""z_mg"":416}"
21.516,left_hand,og,tilt,,"{""roll_deg"":0.9,""pitch_deg"":-2.1,""steady"":true}"
21.516,left_hand,og,flick_angles,,"{""side_deg"":-16.1,""fwd_deg"":45.3}"
21.547,left_hand,og,acc,204039,"{""seq"":1045,""x_mg"":552,""y_mg"":-196,""z_mg"":448}"
21.547,left_hand,og,tilt,,"{""roll_deg"":-0.3,""pitch_deg"":-0.8,""steady"":true}"
21.547,left_hand,og,flick_angles,,"{""side_deg"":-19.9,""fwd_deg"":48.1}"
21.547,left_hand,og,acc,204059,"{""seq"":1046,""x_mg"":548,""y_mg"":-244,""z_mg"":536}"
21.547,left_hand,og,tilt,,"{""roll_deg"":-1.5,""pitch_deg"":2.9,""steady"":true}"
21.547,left_hand,og,flick_angles,,"{""side_deg"":-22.2,""fwd_deg"":49.5}"
21.579,left_hand,og,acc,204080,"{""seq"":1047,""x_mg"":568,""y_mg"":-268,""z_mg"":640}"
21.579,left_hand,og,tilt,,"{""roll_deg"":-2.5,""pitch_deg"":6.1,""steady"":true}"
21.579,left_hand,og,flick_angles,,"{""side_deg"":-22.9,""fwd_deg"":47.6}"
21.594,left_hand,og,acc,204100,"{""seq"":1048,""x_mg"":576,""y_mg"":-236,""z_mg"":656}"
21.594,left_hand,og,tilt,,"{""roll_deg"":-3.3,""pitch_deg"":8.9,""steady"":true}"
21.594,left_hand,og,flick_angles,,"{""side_deg"":-22.8,""fwd_deg"":44.6}"
21.594,left_hand,og,acc,204121,"{""seq"":1049,""x_mg"":600,""y_mg"":-184,""z_mg"":640}"
21.594,left_hand,og,tilt,,"{""roll_deg"":-3.9,""pitch_deg"":11.1,""steady"":true}"
21.594,left_hand,og,flick_angles,,"{""side_deg"":-21.3,""fwd_deg"":43.1}"
21.625,left_hand,og,acc,204141,"{""seq"":1050,""x_mg"":600,""y_mg"":-176,""z_mg"":648}"
21.625,left_hand,og,tilt,,"{""roll_deg"":-4.1,""pitch_deg"":13.0,""steady"":true}"
21.625,left_hand,og,flick_angles,,"{""side_deg"":-18.7,""fwd_deg"":42.9}"
21.657,left_hand,og,acc,204162,"{""seq"":1051,""x_mg"":608,""y_mg"":-188,""z_mg"":664}"
21.657,left_hand,og,tilt,,"{""roll_deg"":-3.8,""pitch_deg"":14.7,""steady"":true}"
21.657,left_hand,og,flick_angles,,"{""side_deg"":-17.2,""fwd_deg"":42.9}"
21.688,left_hand,og,acc,204182,"{""seq"":1052,""x_mg"":628,""y_mg"":-192,""z_mg"":676}"
21.688,left_hand,og,tilt,,"{""roll_deg"":-3.6,""pitch_deg"":16.1,""steady"":true}"
21.688,left_hand,og,flick_angles,,"{""side_deg"":-16.5,""fwd_deg"":42.8}"
21.688,left_hand,og,acc,204203,"{""seq"":1053,""x_mg"":628,""y_mg"":-188,""z_mg"":672}"
21.688,left_hand,og,tilt,,"{""roll_deg"":-3.3,""pitch_deg"":17.4,""steady"":true}"
21.688,left_hand,og,flick_angles,,"{""side_deg"":-16.2,""fwd_deg"":42.9}"
21.719,left_hand,og,acc,204224,"{""seq"":1054,""x_mg"":632,""y_mg"":-144,""z_mg"":656}"
21.719,left_hand,og,tilt,,"{""roll_deg"":-3.1,""pitch_deg"":18.6,""steady"":true}"
21.719,left_hand,og,flick_angles,,"{""side_deg"":-15.9,""fwd_deg"":43.0}"
21.766,left_hand,og,acc,204244,"{""seq"":1055,""x_mg"":628,""y_mg"":-116,""z_mg"":656}"
21.766,left_hand,og,tilt,,"{""roll_deg"":-2.9,""pitch_deg"":19.6,""steady"":true}"
21.766,left_hand,og,flick_angles,,"{""side_deg"":-14.1,""fwd_deg"":43.4}"
21.766,left_hand,og,acc,204265,"{""seq"":1056,""x_mg"":616,""y_mg"":-132,""z_mg"":656}"
21.766,left_hand,og,tilt,,"{""roll_deg"":-2.3,""pitch_deg"":20.5,""steady"":true}"
21.766,left_hand,og,flick_angles,,"{""side_deg"":-12.8,""fwd_deg"":43.6}"
21.797,left_hand,og,acc,204285,"{""seq"":1057,""x_mg"":580,""y_mg"":-156,""z_mg"":692}"
21.797,left_hand,og,tilt,,"{""roll_deg"":-1.8,""pitch_deg"":21.4,""steady"":true}"
21.797,left_hand,og,flick_angles,,"{""side_deg"":-12.1,""fwd_deg"":43.4}"
21.829,left_hand,og,acc,204306,"{""seq"":1058,""x_mg"":568,""y_mg"":-152,""z_mg"":732}"
21.829,left_hand,og,tilt,,"{""roll_deg"":-1.3,""pitch_deg"":22.1,""steady"":true}"
21.829,left_hand,og,flick_angles,,"{""side_deg"":-11.9,""fwd_deg"":41.7}"
21.829,left_hand,og,acc,204326,"{""seq"":1059,""x_mg"":548,""y_mg"":-140,""z_mg"":756}"
21.829,left_hand,og,tilt,,"{""roll_deg"":-0.8,""pitch_deg"":22.3,""steady"":true}"
21.829,left_hand,og,flick_angles,,"{""side_deg"":-11.8,""fwd_deg"":39.7}"
21.860,left_hand,og,acc,204347,"{""seq"":1060,""x_mg"":516,""y_mg"":-164,""z_mg"":808}"
21.860,left_hand,og,tilt,,"{""roll_deg"":-0.4,""pitch_deg"":22.3,""steady"":true}"
21.860,left_hand,og,flick_angles,,"{""side_deg"":-11.6,""fwd_deg"":37.8}"
21.860,left_hand,og,acc,204368,"{""seq"":1061,""x_mg"":496,""y_mg"":-184,""z_mg"":844}"
21.860,left_hand,og,tilt,,"{""roll_deg"":-0.0,""pitch_deg"":22.0,""steady"":true}"
21.860,left_hand,og,flick_angles,,"{""side_deg"":-11.6,""fwd_deg"":35.2}"
21.891,left_hand,og,acc,204388,"{""seq"":1062,""x_mg"":480,""y_mg"":-208,""z_mg"":856}"
21.891,left_hand,og,tilt,,"{""roll_deg"":0.3,""pitch_deg"":21.4,""steady"":true}"
21.891,left_hand,og,flick_angles,,"{""side_deg"":-11.9,""fwd_deg"":32.8}"
21.922,left_hand,og,acc,204409,"{""seq"":1063,""x_mg"":472,""y_mg"":-196,""z_mg"":892}"
21.922,left_hand,og,tilt,,"{""roll_deg"":0.5,""pitch_deg"":20.5,""steady"":true}"
21.922,left_hand,og,flick_angles,,"{""side_deg"":-12.2,""fwd_deg"":31.1}"
21.922,left_hand,og,acc,204429,"{""seq"":1064,""x_mg"":464,""y_mg"":-184,""z_mg"":940}"
21.922,left_hand,og,tilt,,"{""roll_deg"":0.7,""pitch_deg"":19.7,""steady"":true}"
21.922,left_hand,og,flick_angles,,"{""side_deg"":-12.3,""fwd_deg"":29.5}"
21.954,left_hand,og,acc,204450,"{""seq"":1065,""x_mg"":444,""y_mg"":-208,""z_mg"":936}"
21.954,left_hand,og,tilt,,"{""roll_deg"":0.8,""pitch_deg"":18.8,""steady"":true}"
21.954,left_hand,og,flick_angles,,"{""side_deg"":-12.3,""fwd_deg"":27.9}"
21.985,left_hand,og,acc,204470,"{""seq"":1066,""x_mg"":440,""y_mg"":-240,""z_mg"":888}"
21.985,left_hand,og,tilt,,"{""roll_deg"":0.9,""pitch_deg"":17.8,""steady"":true}"
21.985,left_hand,og,flick_angles,,"{""side_deg"":-12.4,""fwd_deg"":27.1}"
21.985,left_hand,og,acc,204491,"{""seq"":1067,""x_mg"":440,""y_mg"":-232,""z_mg"":912}"
21.985,left_hand,og,tilt,,"{""roll_deg"":1.0,""pitch_deg"":16.9,""steady"":true}"
21.985,left_hand,og,flick_angles,,"{""side_deg"":-13.4,""fwd_deg"":26.4}"
22.016,left_hand,og,acc,204512,"{""seq"":1068,""x_mg"":444,""y_mg"":-204,""z_mg"":940}"
22.016,left_hand,og,tilt,,"{""roll_deg"":1.1,""pitch_deg"":16.0,""steady"":true}"
22.016,left_hand,og,flick_angles,,"{""side_deg"":-13.8,""fwd_deg"":26.1}"
22.047,left_hand,og,acc,204532,"{""seq"":1069,""x_mg"":420,""y_mg"":-180,""z_mg"":916}"
22.047,left_hand,og,tilt,,"{""roll_deg"":1.2,""pitch_deg"":15.3,""steady"":true}"
22.047,left_hand,og,flick_angles,,"{""side_deg"":-13.0,""fwd_deg"":25.7}"
22.047,left_hand,og,acc,204553,"{""seq"":1070,""x_mg"":404,""y_mg"":-144,""z_mg"":932}"
22.047,left_hand,og,tilt,,"{""roll_deg"":1.3,""pitch_deg"":14.6,""steady"":true}"
22.047,left_hand,og,flick_angles,,"{""side_deg"":-12.1,""fwd_deg"":25.2}"
22.079,left_hand,og,acc,204573,"{""seq"":1071,""x_mg"":388,""y_mg"":-156,""z_mg"":1012}"
22.079,left_hand,og,tilt,,"{""roll_deg"":1.5,""pitch_deg"":13.9,""steady"":true}"
22.079,left_hand,og,flick_angles,,"{""side_deg"":-10.4,""fwd_deg"":24.3}"
22.110,left_hand,og,acc,204594,"{""seq"":1072,""x_mg"":400,""y_mg"":-176,""z_mg"":1016}"
22.110,left_hand,og,tilt,,"{""roll_deg"":1.9,""pitch_deg"":13.1,""steady"":true}"
22.110,left_hand,og,flick_angles,,"{""side_deg"":-9.6,""fwd_deg"":22.9}"
22.110,left_hand,og,acc,204614,"{""seq"":1073,""x_mg"":396,""y_mg"":-176,""z_mg"":992}"
22.110,left_hand,og,tilt,,"{""roll_deg"":2.2,""pitch_deg"":12.2,""steady"":true}"
22.110,left_hand,og,flick_angles,,"{""side_deg"":-9.7,""fwd_deg"":22.2}"
22.141,left_hand,og,acc,204635,"{""seq"":1074,""x_mg"":392,""y_mg"":-168,""z_mg"":976}"
22.141,left_hand,og,tilt,,"{""roll_deg"":2.5,""pitch_deg"":11.5,""steady"":true}"
22.141,left_hand,og,flick_angles,,"{""side_deg"":-9.8,""fwd_deg"":22.0}"
22.172,left_hand,og,acc,204655,"{""seq"":1075,""x_mg"":380,""y_mg"":-136,""z_mg"":988}"
22.172,left_hand,og,tilt,,"{""roll_deg"":2.7,""pitch_deg"":10.8,""steady"":true}"
22.172,left_hand,og,flick_angles,,"{""side_deg"":-9.8,""fwd_deg"":21.9}"
22.172,left_hand,og,acc,204676,"{""seq"":1076,""x_mg"":372,""y_mg"":-112,""z_mg"":1016}"
22.172,left_hand,og,tilt,,"{""roll_deg"":2.9,""pitch_deg"":10.2,""steady"":true}"
22.172,left_hand,og,flick_angles,,"{""side_deg"":-8.8,""fwd_deg"":21.5}"
22.204,left_hand,og,acc,204697,"{""seq"":1077,""x_mg"":372,""y_mg"":-100,""z_mg"":988}"
22.204,left_hand,og,tilt,,"{""roll_deg"":3.3,""pitch_deg"":9.6,""steady"":true}"
22.204,left_hand,og,flick_angles,,"{""side_deg"":-7.5,""fwd_deg"":21.0}"
22.219,left_hand,og,acc,204717,"{""seq"":1078,""x_mg"":372,""y_mg"":-112,""z_mg"":980}"
22.219,left_hand,og,tremor,,"{""rms_mg"":127.3,""peak_hz"":10.6}"
22.219,left_hand,og,tilt,,"{""roll_deg"":3.9,""pitch_deg"":9.0,""steady"":true}"
22.219,left_hand,og,flick_angles,,"{""side_deg"":-6.9,""fwd_deg"":20.8}"
22.219,left_hand,og,acc,204738,"{""seq"":1079,""x_mg"":376,""y_mg"":-128,""z_mg"":968}"
22.219,left_hand,og,tilt,,"{""roll_deg"":4.3,""pitch_deg"":8.5,""steady"":true}"
22.219,left_hand,og,flick_angles,,"{""side_deg"":-6.7,""fwd_deg"":20.8}"
22.250,left_hand,og,acc,204758,"{""seq"":1080,""x_mg"":380,""y_mg"":-144,""z_mg"":952}"
22.250,left_hand,og,tilt,,"{""roll_deg"":4.7,""pitch_deg"":8.1,""steady"":true}"
22.250,left_hand,og,flick_angles,,"{""side_deg"":-7.1,""fwd_deg"":21.0}"
22.282,left_hand,og,acc,204779,"{""seq"":1081,""x_mg"":380,""y_mg"":-124,""z_mg"":944}"
22.282,left_hand,og,tilt,,"{""roll_deg"":5.0,""pitch_deg"":7.7,""steady"":true}"
22.282,left_hand,og,flick_angles,,"{""side_deg"":-7.3,""fwd_deg"":21.4}"
22.313,left_hand,og,acc,204799,"{""seq"":1082,""x_mg"":356,""y_mg"":-96,""z_mg"":940}"
22.313,left_hand,og,tilt,,"{""roll_deg"":5.2,""pitch_deg"":7.5,""steady"":true}"
22.313,left_hand,og,flick_angles,,"{""side_deg"":-7.4,""fwd_deg"":21.6}"
22.313,left_hand,og,acc,204820,"{""seq"":1083,""x_mg"":372,""y_mg"":-120,""z_mg"":944}"
22.313,left_hand,og,tilt,,"{""roll_deg"":5.4,""pitch_deg"":7.2,""steady"":true}"
22.313,left_hand,og,flick_angles,,"{""side_deg"":-7.3,""fwd_deg"":21.5}"
22.344,left_hand,og,acc,204841,"{""seq"":1084,""x_mg"":364,""y_mg"":-156,""z_mg"":936}"
22.344,left_hand,og,tilt,,"{""roll_deg"":5.6,""pitch_deg"":7.0,""steady"":true}"
22.344,left_hand,og,flick_angles,,"{""side_deg"":-7.3,""fwd_deg"":21.4}"
22.375,left_hand,og,acc,204861,"{""seq"":1085,""x_mg"":364,""y_mg"":-140,""z_mg"":932}"
22.375,left_hand,og,tilt,,"{""roll_deg"":5.7,""pitch_deg"":6.9,""steady"":true}"
22.375,left_hand,og,flick_angles,,"{""side_deg"":-7.9,""fwd_deg"":21.4}"
22.375,left_hand,og,acc,204882,"{""seq"":1086,""x_mg"":352,""y_mg"":-124,""z_mg"":920}"
22.375,left_hand,og,tilt,,"{""roll_deg"":5.8,""pitch_deg"":6.7,""steady"":true}"
22.375,left_hand,og,flick_angles,,"{""side_deg"":-8.2,""fwd_deg"":21.3}"
22.407,left_hand,og,acc,204902,"{""seq"":1087,""x_mg"":356,""y_mg"":-124,""z_mg"":920}"
22.407,left_hand,og,tilt,,"{""roll_deg"":5.9,""pitch_deg"":6.5,""steady"":true}"
22.407,left_hand,og,flick_angles,,"{""side_deg"":-8.0,""fwd_deg"":21.2}"
22.407,left_hand,og,acc,204923,"{""seq"":1088,""x_mg"":364,""y_mg"":-136,""z_mg"":896}"
22.407,left_hand,og,tilt,,"{""roll_deg"":5.9,""pitch_deg"":6.4,""steady"":true}"
22.407,left_hand,og,flick_angles,,"{""side_deg"":-7.8,""fwd_deg"":21.2}"
22.438,left_hand,og,acc,204943,"{""seq"":1089,""x_mg"":356,""y_mg"":-144,""z_mg"":928}"
22.438,left_hand,og,tilt,,"{""roll_deg"":5.9,""pitch_deg"":6.2,""steady"":true}"
22.438,left_hand,og,flick_angles,,"{""side_deg"":-8.2,""fwd_deg"":21.2}"
22.469,left_hand,og,acc,204964,"{""seq"":1090,""x_mg"":360,""y_mg"":-164,""z_mg"":908}"
22.469,left_hand,og,tilt,,"{""roll_deg"":5.8,""pitch_deg"":6.1,""steady"":true}"
22.469,left_hand,og,flick_angles,,"{""side_deg"":-8.5,""fwd_deg"":21.4}"
22.469,left_hand,og,acc,204985,"{""seq"":1091,""x_mg"":348,""y_mg"":-148,""z_mg"":908}"
22.469,left_hand,og,tilt,,"{""roll_deg"":5.8,""pitch_deg"":6.0,""steady"":true}"
22.469,left_hand,og,flick_angles,,"{""side_deg"":-8.9,""fwd_deg"":21.2}"
22.516,left_hand,og,acc,205005,"{""seq"":1092,""x_mg"":352,""y_mg"":-136,""z_mg"":904}"
22.516,left_hand,og,tilt,,"{""roll_deg"":5.8,""pitch_deg"":6.0,""steady"":true}"
22.516,left_hand,og,flick_angles,,"{""side_deg"":-9.1,""fwd_deg"":21.2}"
22.547,left_hand,og,acc,205026,"{""seq"":1093,""x_mg"":356,""y_mg"":-144,""z_mg"":900}"
22.547,left_hand,og,tilt,,"{""roll_deg"":5.7,""pitch_deg"":5.9,""steady"":true}"
22.547,left_hand,og,flick_angles,,"{""side_deg"":-9.1,""fwd_deg"":21.3}"
22.547,left_hand,og,acc,205046,"{""seq"":1094,""x_mg"":356,""y_mg"":-152,""z_mg"":920}"
22.547,left_hand,og,tilt,,"{""roll_deg"":5.6,""pitch_deg"":5.8,""steady"":true}"
22.547,left_hand,og,flick_angles,,"{""side_deg"":-9.1,""fwd_deg"":21.3}"
22.579,left_hand,og,acc,205067,"{""seq"":1095,""x_mg"":356,""y_mg"":-156,""z_mg"":920}"
22.579,left_hand,og,tilt,,"{""roll_deg"":5.5,""pitch_deg"":5.8,""steady"":true}"
22.579,left_hand,og,flick_angles,,"{""side_deg"":-9.2,""fwd_deg"":21.2}"
22.610,left_hand,og,acc,205087,"{""seq"":1096,""x_mg"":344,""y_mg"":-148,""z_mg"":928}"
22.610,left_hand,og,tilt,,"{""roll_deg"":5.5,""pitch_deg"":5.7,""steady"":true}"
22.610,left_hand,og,flick_angles,,"{""side_deg"":-9.3,""fwd_deg"":21.2}"
22.610,left_hand,og,acc,205108,"{""seq"":1097,""x_mg"":336,""y_mg"":-160,""z_mg"":932}"
22.610,left_hand,og,tilt,,"{""roll_deg"":5.4,""pitch_deg"":5.7,""steady"":true}"
22.610,left_hand,og,flick_angles,,"{""side_deg"":-9.5,""fwd_deg"":20.8}"
22.641,left_hand,og,acc,205128,"{""seq"":1098,""x_mg"":348,""y_mg"":-168,""z_mg"":928}"
22.641,left_hand,og,tilt,,"{""roll_deg"":5.3,""pitch_deg"":5.5,""steady"":true}"
22.641,left_hand,og,flick_angles,,"{""side_deg"":-9.6,""fwd_deg"":20.5}"
22.641,left_hand,og,acc,205149,"{""seq"":1099,""x_mg"":348,""y_mg"":-172,""z_mg"":936}"
22.641,left_hand,og,tilt,,"{""roll_deg"":5.2,""pitch_deg"":5.4,""steady"":true}"
22.641,left_hand,og,flick_angles,,"{""side_deg"":-9.9,""fwd_deg"":20.5}"
22.672,left_hand,og,acc,205170,"{""seq"":1100,""x_mg"":340,""y_mg"":-184,""z_mg"":924}"
22.672,left_hand,og,tilt,,"{""roll_deg"":5.1,""pitch_deg"":5.3,""steady"":true}"
22.672,left_hand,og,flick_angles,,"{""side_deg"":-10.2,""fwd_deg"":20.4}"
22.704,left_hand,og,acc,205190,"{""seq"":1101,""x_mg"":348,""y_mg"":-188,""z_mg"":932}"
22.704,left_hand,og,tilt,,"{""roll_deg"":4.9,""pitch_deg"":5.2,""steady"":true}"
22.704,left_hand,og,flick_angles,,"{""side_deg"":-10.7,""fwd_deg"":20.4}"
22.704,left_hand,og,acc,205211,"{""seq"":1102,""x_mg"":328,""y_mg"":-212,""z_mg"":936}"
22.704,left_hand,og,tilt,,"{""roll_deg"":4.7,""pitch_deg"":5.1,""steady"":true}"
22.704,left_hand,og,flick_angles,,"{""side_deg"":-11.1,""fwd_deg"":20.3}"
22.735,left_hand,og,acc,205231,"{""seq"":1103,""x_mg"":332,""y_mg"":-244,""z_mg"":928}"
22.735,left_hand,og,tilt,,"{""roll_deg"":4.5,""pitch_deg"":5.0,""steady"":true}"
22.735,left_hand,og,flick_angles,,"{""side_deg"":-11.9,""fwd_deg"":20.0}"
22.766,left_hand,og,acc,205252,"{""seq"":1104,""x_mg"":328,""y_mg"":-260,""z_mg"":928}"
22.766,left_hand,og,tilt,,"{""roll_deg"":4.1,""pitch_deg"":4.9,""steady"":true}"
22.766,left_hand,og,flick_angles,,"{""side_deg"":-13.3,""fwd_deg"":19.7}"
22.766,left_hand,og,acc,205272,"{""seq"":1105,""x_mg"":328,""y_mg"":-268,""z_mg"":920}"
22.766,left_hand,og,tilt,,"{""roll_deg"":3.6,""pitch_deg"":4.7,""steady"":true}"
22.766,left_hand,og,flick_angles,,"{""side_deg"":-14.5,""fwd_deg"":19.7}"
22.797,left_hand,og,acc,205293,"{""seq"":1106,""x_mg"":312,""y_mg"":-292,""z_mg"":928}"
22.797,left_hand,og,tilt,,"{""roll_deg"":3.0,""pitch_deg"":4.6,""steady"":true}"
22.797,left_hand,og,flick_angles,,"{""side_deg"":-15.4,""fwd_deg"":19.6}"
22.829,left_hand,og,acc,205314,"{""seq"":1107,""x_mg"":328,""y_mg"":-332,""z_mg"":928}"
22.829,left_hand,og,tilt,,"{""roll_deg"":2.4,""pitch_deg"":4.5,""steady"":true}"
22.829,left_hand,og,flick_angles,,"{""side_deg"":-16.4,""fwd_deg"":19.5}"
22.829,left_hand,og,acc,205334,"{""seq"":1108,""x_mg"":352,""y_mg"":-448,""z_mg"":912}"
22.829,left_hand,og,tilt,,"{""roll_deg"":1.7,""pitch_deg"":4.4,""steady"":true}"
22.829,left_hand,og,flick_angles,,"{""side_deg"":-18.1,""fwd_deg"":19.5}"
22.860,left_hand,og,acc,205355,"{""seq"":1109,""x_mg"":360,""y_mg"":-536,""z_mg"":868}"
22.860,left_hand,og,tilt,,"{""roll_deg"":0.9,""pitch_deg"":4.3,""steady"":true}"
22.860,left_hand,og,flick_angles,,"{""side_deg"":-22.1,""fwd_deg"":20.3}"
22.860,left_hand,game,wrong,,"{""n"":13,""want"":""right"",""got"":""left""}"
22.875,left_hand,og,acc,205375,"{""seq"":1110,""x_mg"":344,""y_mg"":-504,""z_mg"":812}"
22.875,left_hand,og,tilt,,"{""roll_deg"":-0.7,""pitch_deg"":4.4,""steady"":true}"
22.875,left_hand,og,flick_angles,,"{""side_deg"":-26.9,""fwd_deg"":21.4}"
22.907,left_hand,og,acc,205396,"{""seq"":1111,""x_mg"":324,""y_mg"":-436,""z_mg"":800}"
22.907,left_hand,og,tilt,,"{""roll_deg"":-2.3,""pitch_deg"":4.6,""steady"":true}"
22.907,left_hand,og,flick_angles,,"{""side_deg"":-29.3,""fwd_deg"":22.0}"
22.907,left_hand,og,acc,205416,"{""seq"":1112,""x_mg"":300,""y_mg"":-376,""z_mg"":848}"
22.907,left_hand,og,tilt,,"{""roll_deg"":-3.8,""pitch_deg"":4.8,""steady"":true}"
22.907,left_hand,og,flick_angles,,"{""side_deg"":-28.9,""fwd_deg"":22.0}"
22.938,left_hand,og,acc,205437,"{""seq"":1113,""x_mg"":280,""y_mg"":-344,""z_mg"":824}"
22.938,left_hand,og,tilt,,"{""roll_deg"":-5.0,""pitch_deg"":5.0,""steady"":true}"
22.938,left_hand,og,flick_angles,,"{""side_deg"":-26.4,""fwd_deg"":20.7}"
22.969,left_hand,og,acc,205457,"{""seq"":1114,""x_mg"":336,""y_mg"":-352,""z_mg"":792}"
22.969,left_hand,og,tilt,,"{""roll_deg"":-5.6,""pitch_deg"":5.1,""steady"":true}"
22.969,left_hand,og,flick_angles,,"{""side_deg"":-25.2,""fwd_deg"":20.1}"
22.969,left_hand,og,acc,205478,"{""seq"":1115,""x_mg"":392,""y_mg"":-364,""z_mg"":792}"
22.969,left_hand,og,tilt,,"{""roll_deg"":-6.1,""pitch_deg"":5.2,""steady"":true}"
22.969,left_hand,og,flick_angles,,"{""side_deg"":-24.6,""fwd_deg"":21.6}"
23.000,left_hand,og,acc,205499,"{""seq"":1116,""x_mg"":292,""y_mg"":-256,""z_mg"":756}"
23.000,left_hand,og,tilt,,"{""roll_deg"":-6.5,""pitch_deg"":5.2,""steady"":true}"
23.000,left_hand,og,flick_angles,,"{""side_deg"":-24.3,""fwd_deg"":22.3}"
23.032,left_hand,og,acc,205519,"{""seq"":1117,""x_mg"":88,""y_mg"":168,""z_mg"":856}"
23.032,left_hand,og,tilt,,"{""roll_deg"":-6.7,""pitch_deg"":5.2,""steady"":true}"
23.032,left_hand,og,flick_angles,,"{""side_deg"":-21.5,""fwd_deg"":21.7}"
23.032,left_hand,og,acc,205540,"{""seq"":1118,""x_mg"":-44,""y_mg"":616,""z_mg"":960}"
23.032,left_hand,og,tilt,,"{""roll_deg"":-6.5,""pitch_deg"":5.2,""steady"":true}"
23.032,left_hand,og,flick_angles,,"{""side_deg"":-5.2,""fwd_deg"":13.8}"
23.063,left_hand,og,acc,205560,"{""seq"":1119,""x_mg"":-116,""y_mg"":1072,""z_mg"":1024}"
23.063,left_hand,og,tilt,,"{""roll_deg"":-6.5,""pitch_deg"":5.2,""steady"":false}"
23.063,left_hand,og,flick_angles,,"{""side_deg"":13.7,""fwd_deg"":5.6}"
23.094,left_hand,og,acc,205581,"{""seq"":1120,""x_mg"":-68,""y_mg"":1400,""z_mg"":952}"
23.094,left_hand,og,tilt,,"{""roll_deg"":-6.5,""pitch_deg"":5.2,""steady"":false}"
23.094,left_hand,og,flick_angles,,"{""side_deg"":30.0,""fwd_deg"":0.7}"
23.125,left_hand,og,acc,205601,"{""seq"":1121,""x_mg"":60,""y_mg"":1372,""z_mg"":840}"
23.125,left_hand,og,tilt,,"{""roll_deg"":-6.5,""pitch_deg"":5.2,""steady"":false}"
23.125,left_hand,og,flick_angles,,"{""side_deg"":42.9,""fwd_deg"":-1.7}"
23.125,left_hand,og,acc,205622,"{""seq"":1122,""x_mg"":252,""y_mg"":876,""z_mg"":804}"
23.125,left_hand,og,tilt,,"{""roll_deg"":-2.6,""pitch_deg"":4.8,""steady"":true}"
23.125,left_hand,og,flick_angles,,"{""side_deg"":49.3,""fwd_deg"":1.2}"
23.157,left_hand,og,acc,205643,"{""seq"":1123,""x_mg"":412,""y_mg"":608,""z_mg"":796}"
23.157,left_hand,og,tilt,,"{""roll_deg"":3.3,""pitch_deg"":4.4,""steady"":true}"
23.157,left_hand,og,flick_angles,,"{""side_deg"":48.4,""fwd_deg"":9.3}"
23.157,left_hand,og,acc,205663,"{""seq"":1124,""x_mg"":480,""y_mg"":460,""z_mg"":804}"
23.157,left_hand,og,tilt,,"{""roll_deg"":8.6,""pitch_deg"":4.1,""steady"":true}"
23.157,left_hand,og,flick_angles,,"{""side_deg"":42.9,""fwd_deg"":18.3}"
23.188,left_hand,og,acc,205684,"{""seq"":1125,""x_mg"":440,""y_mg"":388,""z_mg"":848}"
23.188,left_hand,og,tilt,,"{""roll_deg"":13.2,""pitch_deg"":4.9,""steady"":true}"
23.188,left_hand,og,flick_angles,,"{""side_deg"":36.3,""fwd_deg"":22.9}"
23.219,left_hand,og,acc,205704,"{""seq"":1126,""x_mg"":408,""y_mg"":332,""z_mg"":880}"
23.219,left_hand,og,tilt,,"{""roll_deg"":16.9,""pitch_deg"":5.7,""steady"":true}"
23.219,left_hand,og,flick_angles,,"{""side_deg"":30.5,""fwd_deg"":25.2}"
23.219,left_hand,og,acc,205725,"{""seq"":1127,""x_mg"":396,""y_mg"":280,""z_mg"":872}"
23.219,left_hand,og,tilt,,"{""roll_deg"":19.5,""pitch_deg"":6.4,""steady"":true}"
23.219,left_hand,og,flick_angles,,"{""side_deg"":25.6,""fwd_deg"":25.0}"
23.219,left_hand,game,flick,,"{""dir"":""left"",""result"":""none""}"
23.250,left_hand,og,acc,205745,"{""seq"":1128,""x_mg"":368,""y_mg"":236,""z_mg"":864}"
23.250,left_hand,og,tilt,,"{""roll_deg"":21.4,""pitch_deg"":6.7,""steady"":true}"
23.250,left_hand,og,flick_angles,,"{""side_deg"":21.7,""fwd_deg"":24.7}"
23.282,left_hand,og,acc,205766,"{""seq"":1129,""x_mg"":324,""y_mg"":196,""z_mg"":936}"
23.282,left_hand,og,tilt,,"{""roll_deg"":22.6,""pitch_deg"":6.9,""steady"":true}"
23.282,left_hand,og,flick_angles,,"{""side_deg"":18.5,""fwd_deg"":23.9}"
23.282,left_hand,og,acc,205787,"{""seq"":1130,""x_mg"":356,""y_mg"":124,""z_mg"":948}"
23.282,left_hand,og,tilt,,"{""roll_deg"":23.5,""pitch_deg"":7.0,""steady"":true}"
23.282,left_hand,og,flick_angles,,"{""side_deg"":15.2,""fwd_deg"":22.2}"
23.297,left_hand,og,acc,205807,"{""seq"":1131,""x_mg"":344,""y_mg"":44,""z_mg"":924}"
23.297,left_hand,og,tilt,,"{""roll_deg"":23.8,""pitch_deg"":6.7,""steady"":true}"
23.297,left_hand,og,flick_angles,,"{""side_deg"":11.3,""fwd_deg"":21.3}"
23.329,left_hand,og,acc,205828,"{""seq"":1132,""x_mg"":348,""y_mg"":-12,""z_mg"":908}"
23.329,left_hand,og,tilt,,"{""roll_deg"":23.5,""pitch_deg"":6.5,""steady"":true}"
23.329,left_hand,og,flick_angles,,"{""side_deg"":7.0,""fwd_deg"":21.0}"
23.360,left_hand,og,acc,205848,"{""seq"":1133,""x_mg"":364,""y_mg"":-28,""z_mg"":916}"
23.360,left_hand,og,tilt,,"{""roll_deg"":22.8,""pitch_deg"":6.3,""steady"":true}"
23.360,left_hand,og,flick_angles,,"{""side_deg"":3.1,""fwd_deg"":21.0}"
23.360,left_hand,og,acc,205869,"{""seq"":1134,""x_mg"":344,""y_mg"":8,""z_mg"":920}"
23.360,left_hand,og,tilt,,"{""roll_deg"":21.8,""pitch_deg"":6.1,""steady"":true}"
23.360,left_hand,og,flick_angles,,"{""side_deg"":1.2,""fwd_deg"":21.0}"
23.391,left_hand,og,acc,205889,"{""seq"":1135,""x_mg"":352,""y_mg"":12,""z_mg"":912}"
23.391,left_hand,og,tilt,,"{""roll_deg"":21.0,""pitch_deg"":5.9,""steady"":true}"
23.391,left_hand,og,flick_angles,,"{""side_deg"":0.8,""fwd_deg"":21.0}"
23.422,left_hand,og,acc,205910,"{""seq"":1136,""x_mg"":348,""y_mg"":0,""z_mg"":912}"
23.422,left_hand,og,tilt,,"{""roll_deg"":20.1,""pitch_deg"":5.8,""steady"":true}"
23.422,left_hand,og,flick_angles,,"{""side_deg"":0.7,""fwd_deg"":21.0}"
23.422,left_hand,og,acc,205931,"{""seq"":1137,""x_mg"":364,""y_mg"":-16,""z_mg"":904}"
23.422,left_hand,og,tilt,,"{""roll_deg"":19.4,""pitch_deg"":5.8,""steady"":true}"
23.422,left_hand,og,flick_angles,,"{""side_deg"":0.3,""fwd_deg"":21.0}"
23.454,left_hand,og,acc,205951,"{""seq"":1138,""x_mg"":356,""y_mg"":-24,""z_mg"":916}"
23.454,left_hand,og,tilt,,"{""roll_deg"":18.8,""pitch_deg"":5.7,""steady"":true}"
23.454,left_hand,og,flick_angles,,"{""side_deg"":-0.3,""fwd_deg"":21.1}"
23.469,left_hand,og,acc,205972,"{""seq"":1139,""x_mg"":364,""y_mg"":-36,""z_mg"":928}"
23.469,left_hand,og,tilt,,"{""roll_deg"":18.2,""pitch_deg"":5.7,""steady"":true}"
23.469,left_hand,og,flick_angles,,"{""side_deg"":-0.9,""fwd_deg"":21.3}"
23.469,left_hand,og,acc,205992,"{""seq"":1140,""x_mg"":344,""y_mg"":-52,""z_mg"":932}"
23.469,left_hand,og,tilt,,"{""roll_deg"":17.5,""pitch_deg"":5.6,""steady"":true}"
23.469,left_hand,og,flick_angles,,"{""side_deg"":-1.6,""fwd_deg"":21.3}"
23.500,left_hand,og,acc,206013,"{""seq"":1141,""x_mg"":352,""y_mg"":-48,""z_mg"":928}"
23.500,left_hand,og,tilt,,"{""roll_deg"":16.9,""pitch_deg"":5.6,""steady"":true}"
23.500,left_hand,og,flick_angles,,"{""side_deg"":-2.3,""fwd_deg"":21.0}"
23.532,left_hand,og,acc,206033,"{""seq"":1142,""x_mg"":332,""y_mg"":-20,""z_mg"":948}"
23.532,left_hand,og,tilt,,"{""roll_deg"":16.3,""pitch_deg"":5.5,""steady"":true}"
23.532,left_hand,og,flick_angles,,"{""side_deg"":-2.6,""fwd_deg"":20.6}"
23.563,left_hand,og,acc,206054,"{""seq"":1143,""x_mg"":332,""y_mg"":12,""z_mg"":940}"
23.563,left_hand,og,tilt,,"{""roll_deg"":15.8,""pitch_deg"":5.4,""steady"":true}"
23.563,left_hand,og,flick_angles,,"{""side_deg"":-1.9,""fwd_deg"":20.0}"
23.563,left_hand,og,acc,206075,"{""seq"":1144,""x_mg"":320,""y_mg"":16,""z_mg"":948}"
23.563,left_hand,og,tilt,,"{""roll_deg"":15.4,""pitch_deg"":5.2,""steady"":true}"
23.563,left_hand,og,flick_angles,,"{""side_deg"":-0.6,""fwd_deg"":19.7}"
23.594,left_hand,og,acc,206095,"{""seq"":1145,""x_mg"":324,""y_mg"":20,""z_mg"":960}"
23.594,left_hand,og,tilt,,"{""roll_deg"":15.4,""pitch_deg"":5.0,""steady"":true}"
23.594,left_hand,og,flick_angles,,"{""side_deg"":0.2,""fwd_deg"":19.2}"
23.625,left_hand,og,acc,206116,"{""seq"":1146,""x_mg"":332,""y_mg"":12,""z_mg"":956}"
23.625,left_hand,og,tilt,,"{""roll_deg"":15.3,""pitch_deg"":4.7,""steady"":true}"
23.625,left_hand,og,flick_angles,,"{""side_deg"":0.6,""fwd_deg"":18.9}"
23.625,left_hand,og,acc,206136,"{""seq"":1147,""x_mg"":348,""y_mg"":12,""z_mg"":932}"
23.625,left_hand,og,tilt,,"{""roll_deg"":15.3,""pitch_deg"":4.6,""steady"":true}"
23.625,left_hand,og,flick_angles,,"{""side_deg"":0.7,""fwd_deg"":19.0}"
23.657,left_hand,og,acc,206157,"{""seq"":1148,""x_mg"":344,""y_mg"":40,""z_mg"":924}"
23.657,left_hand,og,tilt,,"{""roll_deg"":15.3,""pitch_deg"":4.4,""steady"":true}"
23.657,left_hand,og,flick_angles,,"{""side_deg"":0.7,""fwd_deg"":19.7}"
23.688,left_hand,og,acc,206177,"{""seq"":1149,""x_mg"":344,""y_mg"":84,""z_mg"":936}"
23.688,left_hand,og,tilt,,"{""roll_deg"":15.3,""pitch_deg"":4.4,""steady"":true}"
23.688,left_hand,og,flick_angles,,"{""side_deg"":1.6,""fwd_deg"":20.1}"
23.688,left_hand,og,acc,206198,"{""seq"":1150,""x_mg"":364,""y_mg"":96,""z_mg"":928}"
23.688,left_hand,og,tilt,,"{""roll_deg"":15.5,""pitch_deg"":4.4,""steady"":true}"
23.688,left_hand,og,flick_angles,,"{""side_deg"":3.4,""fwd_deg"":20.2}"
23.704,left_hand,og,acc,206219,"{""seq"":1151,""x_mg"":376,""y_mg"":92,""z_mg"":916}"
23.704,left_hand,og,tilt,,"{""roll_deg"":16.0,""pitch_deg"":4.4,""steady"":true}"
23.704,left_hand,og,flick_angles,,"{""side_deg"":4.5,""fwd_deg"":20.8}"
23.735,left_hand,og,acc,206239,"{""seq"":1152,""x_mg"":372,""y_mg"":96,""z_mg"":912}"
23.735,left_hand,og,tilt,,"{""roll_deg"":16.4,""pitch_deg"":4.6,""steady"":true}"
23.735,left_hand,og,flick_angles,,"{""side_deg"":5.2,""fwd_deg"":21.5}"
23.782,left_hand,og,acc,206260,"{""seq"":1153,""x_mg"":376,""y_mg"":112,""z_mg"":908}"
23.782,left_hand,og,tilt,,"{""roll_deg"":16.9,""pitch_deg"":4.8,""steady"":true}"
23.782,left_hand,og,flick_angles,,"{""side_deg"":5.6,""fwd_deg"":21.9}"
23.782,left_hand,og,acc,206280,"{""seq"":1154,""x_mg"":360,""y_mg"":132,""z_mg"":912}"
23.782,left_hand,og,tilt,,"{""roll_deg"":17.3,""pitch_deg"":5.0,""steady"":true}"
23.782,left_hand,og,flick_angles,,"{""side_deg"":6.3,""fwd_deg"":22.1}"
23.813,left_hand,og,acc,206301,"{""seq"":1155,""x_mg"":368,""y_mg"":136,""z_mg"":896}"
23.813,left_hand,og,tilt,,"{""roll_deg"":17.8,""pitch_deg"":5.1,""steady"":true}"
23.813,left_hand,og,flick_angles,,"{""side_deg"":7.3,""fwd_deg"":22.2}"
23.844,left_hand,og,acc,206321,"{""seq"":1156,""x_mg"":368,""y_mg"":132,""z_mg"":916}"
23.844,left_hand,og,tilt,,"{""roll_deg"":18.3,""pitch_deg"":5.3,""steady"":true}"
23.844,left_hand,og,flick_angles,,"{""side_deg"":7.8,""fwd_deg"":22.0}"
23.844,left_hand,og,acc,206342,"{""seq"":1157,""x_mg"":380,""y_mg"":116,""z_mg"":932}"
23.844,left_hand,og,tilt,,"{""roll_deg"":18.8,""pitch_deg"":5.4,""steady"":true}"
23.844,left_hand,og,flick_angles,,"{""side_deg"":8.0,""fwd_deg"":22.1}"
23.875,left_hand,og,acc,206363,"{""seq"":1158,""x_mg"":380,""y_mg"":76,""z_mg"":908}"
23.875,left_hand,og,tilt,,"{""roll_deg"":19.3,""pitch_deg"":5.5,""steady"":true}"
23.875,left_hand,og,flick_angles,,"{""side_deg"":7.5,""fwd_deg"":22.1}"
23.875,left_hand,og,acc,206383,"{""seq"":1159,""x_mg"":376,""y_mg"":68,""z_mg"":916}"
23.875,left_hand,og,tilt,,"{""roll_deg"":19.5,""pitch_deg"":5.6,""steady"":true}"
23.875,left_hand,og,flick_angles,,"{""side_deg"":6.2,""fwd_deg"":22.2}"
23.891,left_hand,og,acc,206404,"{""seq"":1160,""x_mg"":388,""y_mg"":84,""z_mg"":936}"
23.891,left_hand,og,tilt,,"{""roll_deg"":19.5,""pitch_deg"":5.7,""steady"":true}"
23.891,left_hand,og,flick_angles,,"{""side_deg"":5.5,""fwd_deg"":22.4}"
23.922,left_hand,og,acc,206424,"{""seq"":1161,""x_mg"":380,""y_mg"":72,""z_mg"":932}"
23.922,left_hand,og,tilt,,"{""roll_deg"":19.5,""pitch_deg"":5.8,""steady"":true}"
23.922,left_hand,og,flick_angles,,"{""side_deg"":4.9,""fwd_deg"":22.3}"
23.954,left_hand,og,acc,206445,"{""seq"":1162,""x_mg"":364,""y_mg"":72,""z_mg"":912}"
23.954,left_hand,og,tilt,,"{""roll_deg"":19.4,""pitch_deg"":5.9,""steady"":true}"
23.954,left_hand,og,flick_angles,,"{""side_deg"":4.7,""fwd_deg"":22.3}"
23.985,left_hand,og,acc,206465,"{""seq"":1163,""x_mg"":368,""y_mg"":88,""z_mg"":924}"
23.985,left_hand,og,tilt,,"{""roll_deg"":19.3,""pitch_deg"":5.9,""steady"":true}"
23.985,left_hand,og,flick_angles,,"{""side_deg"":4.6,""fwd_deg"":22.0}"
23.985,left_hand,og,acc,206486,"{""seq"":1164,""x_mg"":356,""y_mg"":140,""z_mg"":944}"
23.985,left_hand,og,tilt,,"{""roll_deg"":19.3,""pitch_deg"":5.9,""steady"":true}"
23.985,left_hand,og,flick_angles,,"{""side_deg"":5.0,""fwd_deg"":21.9}"
24.016,left_hand,og,acc,206507,"{""seq"":1165,""x_mg"":348,""y_mg"":200,""z_mg"":936}"
24.016,left_hand,og,tilt,,"{""roll_deg"":19.4,""pitch_deg"":5.9,""steady"":true}"
24.016,left_hand,og,flick_angles,,"{""side_deg"":6.7,""fwd_deg"":21.3}"
24.047,left_hand,og,acc,206527,"{""seq"":1166,""x_mg"":328,""y_mg"":264,""z_mg"":920}"
24.047,left_hand,og,tilt,,"{""roll_deg"":19.8,""pitch_deg"":5.8,""steady"":true}"
24.047,left_hand,og,flick_angles,,"{""side_deg"":9.4,""fwd_deg"":20.8}"
24.047,left_hand,og,acc,206548,"{""seq"":1167,""x_mg"":308,""y_mg"":336,""z_mg"":936}"
24.047,left_hand,og,tilt,,"{""roll_deg"":20.5,""pitch_deg"":5.6,""steady"":true}"
24.047,left_hand,og,flick_angles,,"{""side_deg"":12.7,""fwd_deg"":20.2}"
24.047,left_hand,game,flick,,"{""dir"":""right"",""result"":""none""}"
24.079,left_hand,og,acc,206568,"{""seq"":1168,""x_mg"":324,""y_mg"":332,""z_mg"":896}"
24.079,left_hand,og,tilt,,"{""roll_deg"":21.7,""pitch_deg"":5.4,""steady"":true}"
24.079,left_hand,og,flick_angles,,"{""side_deg"":16.2,""fwd_deg"":19.9}"
24.079,left_hand,og,acc,206589,"{""seq"":1169,""x_mg"":360,""y_mg"":192,""z_mg"":892}"
24.079,left_hand,og,tilt,,"{""roll_deg"":22.7,""pitch_deg"":5.3,""steady"":true}"
24.079,left_hand,og,flick_angles,,"{""side_deg"":18.0,""fwd_deg"":19.9}"
24.110,left_hand,og,acc,206609,"{""seq"":1170,""x_mg"":388,""y_mg"":40,""z_mg"":912}"
24.110,left_hand,og,tilt,,"{""roll_deg"":23.6,""pitch_deg"":5.1,""steady"":true}"
24.110,left_hand,og,flick_angles,,"{""side_deg"":15.1,""fwd_deg"":20.9}"
24.141,left_hand,og,acc,206630,"{""seq"":1171,""x_mg"":396,""y_mg"":-36,""z_mg"":912}"
24.141,left_hand,og,tilt,,"{""roll_deg"":24.0,""pitch_deg"":5.2,""steady"":true}"
24.141,left_hand,og,flick_angles,,"{""side_deg"":8.8,""fwd_deg"":22.0}"
24.141,left_hand,og,acc,206650,"{""seq"":1172,""x_mg"":396,""y_mg"":-40,""z_mg"":924}"
24.141,left_hand,og,tilt,,"{""roll_deg"":23.1,""pitch_deg"":5.5,""steady"":true}"
24.141,left_hand,og,flick_angles,,"{""side_deg"":3.3,""fwd_deg"":22.6}"
24.172,left_hand,og,acc,206671,"{""seq"":1173,""x_mg"":388,""y_mg"":-36,""z_mg"":940}"
24.172,left_hand,og,tilt,,"{""roll_deg"":21.8,""pitch_deg"":5.7,""steady"":true}"
24.172,left_hand,og,flick_angles,,"{""side_deg"":0.5,""fwd_deg"":22.9}"
24.204,left_hand,og,acc,206692,"{""seq"":1174,""x_mg"":404,""y_mg"":-92,""z_mg"":952}"
24.204,left_hand,og,tilt,,"{""roll_deg"":20.6,""pitch_deg"":5.8,""steady"":true}"
24.204,left_hand,og,flick_angles,,"{""side_deg"":-1.0,""fwd_deg"":22.9}"
24.204,left_hand,og,acc,206712,"{""seq"":1175,""x_mg"":400,""y_mg"":-180,""z_mg"":944}"
24.204,left_hand,og,tilt,,"{""roll_deg"":19.6,""pitch_deg"":6.0,""steady"":true}"
24.204,left_hand,og,flick_angles,,"{""side_deg"":-3.3,""fwd_deg"":23.0}"
24.235,left_hand,og,acc,206733,"{""seq"":1176,""x_mg"":392,""y_mg"":-224,""z_mg"":936}"
24.235,left_hand,og,tremor,,"{""rms_mg"":82.6,""peak_hz"":4.2}"
24.235,left_hand,og,tilt,,"{""roll_deg"":18.3,""pitch_deg"":6.1,""steady"":true}"
24.235,left_hand,og,flick_angles,,"{""side_deg"":-7.0,""fwd_deg"":23.0}"
24.266,left_hand,og,acc,206753,"{""seq"":1177,""x_mg"":392,""y_mg"":-248,""z_mg"":916}"
24.266,left_hand,og,tilt,,"{""roll_deg"":16.5,""pitch_deg"":6.2,""steady"":true}"
24.266,left_hand,og,flick_angles,,"{""side_deg"":-10.2,""fwd_deg"":23.0}"
24.266,left_hand,og,acc,206774,"{""seq"":1178,""x_mg"":404,""y_mg"":-276,""z_mg"":908}"
24.266,left_hand,og,tilt,,"{""roll_deg"":14.6,""pitch_deg"":6.3,""steady"":true}"
24.266,left_hand,og,flick_angles,,"{""side_deg"":-12.7,""fwd_deg"":23.1}"
24.297,left_hand,og,acc,206794,"{""seq"":1179,""x_mg"":404,""y_mg"":-280,""z_mg"":908}"
24.297,left_hand,og,tilt,,"{""roll_deg"":12.7,""pitch_deg"":6.5,""steady"":true}"
24.297,left_hand,og,flick_angles,,"{""side_deg"":-14.8,""fwd_deg"":23.5}"
24.329,left_hand,og,acc,206815,"{""seq"":1180,""x_mg"":392,""y_mg"":-284,""z_mg"":892}"
24.329,left_hand,og,tilt,,"{""roll_deg"":10.9,""pitch_deg"":6.6,""steady"":true}"
24.329,left_hand,og,flick_angles,,"{""side_deg"":-16.0,""fwd_deg"":23.8}"
24.329,left_hand,og,acc,206836,"{""seq"":1181,""x_mg"":384,""y_mg"":-256,""z_mg"":884}"
24.329,left_hand,og,tilt,,"{""roll_deg"":9.3,""pitch_deg"":6.8,""steady"":true}"
24.329,left_hand,og,flick_angles,,"{""side_deg"":-16.6,""fwd_deg"":23.7}"
24.360,left_hand,og,acc,206856,"{""seq"":1182,""x_mg"":372,""y_mg"":-248,""z_mg"":904}"
24.360,left_hand,og,tilt,,"{""roll_deg"":7.8,""pitch_deg"":6.9,""steady"":true}"
24.360,left_hand,og,flick_angles,,"{""side_deg"":-16.4,""fwd_deg"":23.6}"
24.391,left_hand,og,acc,206877,"{""seq"":1183,""x_mg"":376,""y_mg"":-252,""z_mg"":916}"
24.391,left_hand,og,tilt,,"{""roll_deg"":6.7,""pitch_deg"":7.0,""steady"":true}"
24.391,left_hand,og,flick_angles,,"{""side_deg"":-15.9,""fwd_deg"":23.0}"
24.391,left_hand,og,acc,206897,"{""seq"":1184,""x_mg"":400,""y_mg"":-296,""z_mg"":912}"
24.391,left_hand,og,tilt,,"{""roll_deg"":5.7,""pitch_deg"":7.1,""steady"":true}"
24.391,left_hand,og,flick_angles,,"{""side_deg"":-15.6,""fwd_deg"":22.7}"
24.422,left_hand,og,acc,206918,"{""seq"":1185,""x_mg"":412,""y_mg"":-332,""z_mg"":900}"
24.422,left_hand,og,tilt,,"{""roll_deg"":4.7,""pitch_deg"":7.1,""steady"":true}"
24.422,left_hand,og,flick_angles,,"{""side_deg"":-16.8,""fwd_deg"":23.2}"
24.422,left_hand,og,acc,206938,"{""seq"":1186,""x_mg"":428,""y_mg"":-348,""z_mg"":888}"
24.422,left_hand,og,tilt,,"{""roll_deg"":3.7,""pitch_deg"":7.2,""steady"":true}"
24.422,left_hand,og,flick_angles,,"{""side_deg"":-18.5,""fwd_deg"":23.9}"
24.454,left_hand,og,acc,206959,"{""seq"":1187,""x_mg"":424,""y_mg"":-312,""z_mg"":916}"
24.454,left_hand,og,tilt,,"{""roll_deg"":2.7,""pitch_deg"":7.4,""steady"":true}"
24.454,left_hand,og,flick_angles,,"{""side_deg"":-19.4,""fwd_deg"":24.4}"
24.485,left_hand,og,acc,206980,"{""seq"":1188,""x_mg"":420,""y_mg"":-296,""z_mg"":884}"
24.485,left_hand,og,tilt,,"{""roll_deg"":1.9,""pitch_deg"":7.6,""steady"":true}"
24.485,left_hand,og,flick_angles,,"{""side_deg"":-19.1,""fwd_deg"":24.9}"
24.485,left_hand,og,acc,207000,"{""seq"":1189,""x_mg"":412,""y_mg"":-280,""z_mg"":848}"
24.485,left_hand,og,tilt,,"{""roll_deg"":1.1,""pitch_deg"":7.8,""steady"":true}"
24.485,left_hand,og,flick_angles,,"{""side_deg"":-18.8,""fwd_deg"":25.2}"
24.516,left_hand,og,acc,207021,"{""seq"":1190,""x_mg"":396,""y_mg"":-212,""z_mg"":872}"
24.516,left_hand,og,tilt,,"{""roll_deg"":0.5,""pitch_deg"":8.0,""steady"":true}"
24.516,left_hand,og,flick_angles,,"{""side_deg"":-18.5,""fwd_deg"":25.3}"
24.547,left_hand,og,acc,207041,"{""seq"":1191,""x_mg"":376,""y_mg"":-76,""z_mg"":892}"
24.547,left_hand,og,tilt,,"{""roll_deg"":-0.1,""pitch_deg"":8.1,""steady"":true}"
24.547,left_hand,og,flick_angles,,"{""side_deg"":-16.1,""fwd_deg"":24.9}"
24.579,left_hand,og,acc,207062,"{""seq"":1192,""x_mg"":368,""y_mg"":88,""z_mg"":896}"
24.579,left_hand,og,tilt,,"{""roll_deg"":0.0,""pitch_deg"":8.2,""steady"":true}"
24.579,left_hand,og,flick_angles,,"{""side_deg"":-10.5,""fwd_deg"":23.9}"
24.579,left_hand,game,hit,,"{""n"":4,""dir"":""right"",""err_ms"":-250}"
24.579,left_hand,og,acc,207082,"{""seq"":1193,""x_mg"":372,""y_mg"":200,""z_mg"":892}"
24.579,left_hand,og,tilt,,"{""roll_deg"":1.1,""pitch_deg"":8.0,""steady"":true}"
24.579,left_hand,og,flick_angles,,"{""side_deg"":-2.4,""fwd_deg"":23.2}"
24.610,left_hand,og,acc,207103,"{""seq"":1194,""x_mg"":304,""y_mg"":216,""z_mg"":872}"
24.610,left_hand,og,tilt,,"{""roll_deg"":3.4,""pitch_deg"":7.9,""steady"":true}"
24.610,left_hand,og,flick_angles,,"{""side_deg"":5.1,""fwd_deg"":22.8}"
24.641,left_hand,og,acc,207124,"{""seq"":1195,""x_mg"":248,""y_mg"":196,""z_mg"":832}"
24.641,left_hand,og,tilt,,"{""roll_deg"":6.2,""pitch_deg"":7.7,""steady"":true}"
24.641,left_hand,og,flick_angles,,"{""side_deg"":9.2,""fwd_deg"":21.0}"
24.641,left_hand,og,acc,207144,"{""seq"":1196,""x_mg"":264,""y_mg"":160,""z_mg"":844}"
24.641,left_hand,og,tilt,,"{""roll_deg"":8.7,""pitch_deg"":7.2,""steady"":true}"
24.641,left_hand,og,flick_angles,,"{""side_deg"":11.2,""fwd_deg"":19.2}"
24.672,left_hand,og,acc,207165,"{""seq"":1197,""x_mg"":212,""y_mg"":188,""z_mg"":832}"
24.672,left_hand,og,tilt,,"{""roll_deg"":10.9,""pitch_deg"":6.5,""steady"":true}"
24.672,left_hand,og,flick_angles,,"{""side_deg"":12.0,""fwd_deg"":17.9}"
24.704,left_hand,og,acc,207185,"{""seq"":1198,""x_mg"":112,""y_mg"":280,""z_mg"":832}"
24.704,left_hand,og,tilt,,"{""roll_deg"":12.9,""pitch_deg"":5.8,""steady"":true}"
24.704,left_hand,og,flick_angles,,"{""side_deg"":12.4,""fwd_deg"":16.1}"
24.704,left_hand,og,acc,207206,"{""seq"":1199,""x_mg"":-24,""y_mg"":484,""z_mg"":904}"
24.704,left_hand,og,tilt,,"{""roll_deg"":14.6,""pitch_deg"":4.9,""steady"":true}"
24.704,left_hand,og,flick_angles,,"{""side_deg"":15.5,""fwd_deg"":11.9}"
24.719,left_hand,og,acc,207226,"{""seq"":1200,""x_mg"":-132,""y_mg"":648,""z_mg"":968}"
24.719,left_hand,og,tilt,,"{""roll_deg"":16.8,""pitch_deg"":3.3,""steady"":true}"
24.719,left_hand,og,flick_angles,,"{""side_deg"":21.8,""fwd_deg"":5.2}"
24.750,left_hand,og,acc,207247,"{""seq"":1201,""x_mg"":-188,""y_mg"":756,""z_mg"":952}"
24.750,left_hand,og,tilt,,"{""roll_deg"":19.9,""pitch_deg"":0.9,""steady"":true}"
24.750,left_hand,og,flick_angles,,"{""side_deg"":27.8,""fwd_deg"":-1.3}"
24.782,left_hand,og,acc,207268,"{""seq"":1202,""x_mg"":-160,""y_mg"":772,""z_mg"":932}"
24.782,left_hand,og,tilt,,"{""roll_deg"":23.3,""pitch_deg"":-2.1,""steady"":true}"
24.782,left_hand,og,flick_angles,,"{""side_deg"":33.1,""fwd_deg"":-5.5}"
24.782,left_hand,og,acc,207288,"{""seq"":1203,""x_mg"":-56,""y_mg"":652,""z_mg"":912}"
24.782,left_hand,og,tilt,,"{""roll_deg"":26.5,""pitch_deg"":-4.7,""steady"":true}"
24.782,left_hand,og,flick_angles,,"{""side_deg"":35.8,""fwd_deg"":-7.6}"
24.813,left_hand,og,acc,207309,"{""seq"":1204,""x_mg"":32,""y_mg"":604,""z_mg"":880}"
24.813,left_hand,og,tilt,,"{""roll_deg"":29.3,""pitch_deg"":-6.9,""steady"":true}"
24.813,left_hand,og,flick_angles,,"{""side_deg"":35.7,""fwd_deg"":-5.6}"
24.844,left_hand,og,acc,207329,"{""seq"":1205,""x_mg"":96,""y_mg"":596,""z_mg"":896}"
24.844,left_hand,og,tilt,,"{""roll_deg"":31.7,""pitch_deg"":-8.4,""steady"":true}"
24.844,left_hand,og,flick_angles,,"{""side_deg"":35.1,""fwd_deg"":-1.7}"
24.844,left_hand,og,acc,207350,"{""seq"":1206,""x_mg"":172,""y_mg"":592,""z_mg"":872}"
24.844,left_hand,og,tilt,,"{""roll_deg"":33.8,""pitch_deg"":-9.1,""steady"":true}"
24.844,left_hand,og,flick_angles,,"{""side_deg"":34.6,""fwd_deg"":2.2}"
24.875,left_hand,og,acc,207370,"{""seq"":1207,""x_mg"":204,""y_mg"":532,""z_mg"":876}"
24.875,left_hand,og,tilt,,"{""roll_deg"":35.5,""pitch_deg"":-9.2,""steady"":true}"
24.875,left_hand,og,flick_angles,,"{""side_deg"":34.1,""fwd_deg"":6.7}"
24.907,left_hand,og,acc,207391,"{""seq"":1208,""x_mg"":220,""y_mg"":456,""z_mg"":944}"
24.907,left_hand,og,tilt,,"{""roll_deg"":37.0,""pitch_deg"":-8.6,""steady"":true}"
24.907,left_hand,og,flick_angles,,"{""side_deg"":32.7,""fwd_deg"":9.9}"
24.907,left_hand,og,acc,207411,"{""seq"":1209,""x_mg"":236,""y_mg"":396,""z_mg"":964}"
24.907,left_hand,og,tilt,,"{""roll_deg"":38.0,""pitch_deg"":-7.9,""steady"":true}"
24.907,left_hand,og,flick_angles,,"{""side_deg"":29.2,""fwd_deg"":11.5}"
24.922,left_hand,og,acc,207432,"{""seq"":1210,""x_mg"":244,""y_mg"":372,""z_mg"":968}"
24.922,left_hand,og,tilt,,"{""roll_deg"":38.3,""pitch_deg"":-7.3,""steady"":true}"
24.922,left_hand,og,flick_angles,,"{""side_deg"":25.8,""fwd_deg"":12.6}"
24.922,left_hand,game,flick,,"{""dir"":""left"",""result"":""none""}"
24.969,left_hand,og,acc,207453,"{""seq"":1211,""x_mg"":220,""y_mg"":340,""z_mg"":960}"
24.969,left_hand,og,tilt,,"{""roll_deg"":38.1,""pitch_deg"":-6.8,""steady"":true}"
24.969,left_hand,og,flick_angles,,"{""side_deg"":23.4,""fwd_deg"":13.2}"
24.969,left_hand,og,acc,207473,"{""seq"":1212,""x_mg"":224,""y_mg"":332,""z_mg"":948}"
24.969,left_hand,og,tilt,,"{""roll_deg"":37.7,""pitch_deg"":-6.3,""steady"":true}"
24.969,left_hand,og,flick_angles,,"{""side_deg"":21.5,""fwd_deg"":13.2}"
25.000,left_hand,og,acc,207494,"{""seq"":1213,""x_mg"":200,""y_mg"":424,""z_mg"":916}"
25.000,left_hand,og,tilt,,"{""roll_deg"":37.5,""pitch_deg"":-5.8,""steady"":true}"
25.000,left_hand,og,flick_angles,,"{""side_deg"":20.5,""fwd_deg"":13.1}"
25.000,left_hand,og,acc,207514,"{""seq"":1214,""x_mg"":192,""y_mg"":456,""z_mg"":908}"
25.000,left_hand,og,tilt,,"{""roll_deg"":37.2,""pitch_deg"":-5.5,""steady"":true}"
25.000,left_hand,og,flick_angles,,"{""side_deg"":22.7,""fwd_deg"":12.7}"
25.032,left_hand,og,acc,207535,"{""seq"":1215,""x_mg"":264,""y_mg"":344,""z_mg"":908}"
25.032,left_hand,og,tilt,,"{""roll_deg"":36.9,""pitch_deg"":-5.2,""steady"":true}"
25.032,left_hand,og,flick_angles,,"{""side_deg"":23.7,""fwd_deg"":12.5}"
25.063,left_hand,og,acc,207555,"{""seq"":1216,""x_mg"":280,""y_mg"":248,""z_mg"":880}"
25.063,left_hand,og,tilt,,"{""roll_deg"":36.7,""pitch_deg"":-4.9,""steady"":true}"
25.063,left_hand,og,flick_angles,,"{""side_deg"":22.2,""fwd_deg"":14.4}"
25.063,left_hand,og,acc,207576,"{""seq"":1217,""x_mg"":244,""y_mg"":232,""z_mg"":916}"
25.063,left_hand,og,tilt,,"{""roll_deg"":36.5,""pitch_deg"":-4.4,""steady"":true}"
25.063,left_hand,og,flick_angles,,"{""side_deg"":19.0,""fwd_deg"":15.3}"
25.094,left_hand,og,acc,207596,"{""seq"":1218,""x_mg"":280,""y_mg"":220,""z_mg"":896}"
25.094,left_hand,og,tilt,,"{""roll_deg"":35.7,""pitch_deg"":-3.8,""steady"":true}"
25.094,left_hand,og,flick_angles,,"{""side_deg"":16.6,""fwd_deg"":16.3}"
25.125,left_hand,og,acc,207617,"{""seq"":1219,""x_mg"":324,""y_mg"":156,""z_mg"":892}"
25.125,left_hand,og,tilt,,"{""roll_deg"":34.9,""pitch_deg"":-3.2,""steady"":true}"
25.125,left_hand,og,flick_angles,,"{""side_deg"":15.2,""fwd_deg"":16.8}"
25.125,left_hand,og,acc,207638,"{""seq"":1220,""x_mg"":356,""y_mg"":68,""z_mg"":868}"
25.125,left_hand,og,tilt,,"{""roll_deg"":34.0,""pitch_deg"":-2.6,""steady"":true}"
25.125,left_hand,og,flick_angles,,"{""side_deg"":12.6,""fwd_deg"":18.4}"
25.157,left_hand,og,acc,207658,"{""seq"":1221,""x_mg"":388,""y_mg"":12,""z_mg"":820}"
25.157,left_hand,og,tilt,,"{""roll_deg"":32.9,""pitch_deg"":-1.8,""steady"":true}"
25.157,left_hand,og,flick_angles,,"{""side_deg"":8.5,""fwd_deg"":20.4}"
25.204,left_hand,og,acc,207679,"{""seq"":1222,""x_mg"":412,""y_mg"":-32,""z_mg"":860}"
25.204,left_hand,og,tilt,,"{""roll_deg"":31.2,""pitch_deg"":-0.8,""steady"":true}"
25.204,left_hand,og,flick_angles,,"{""side_deg"":4.7,""fwd_deg"":22.8}"
25.204,left_hand,og,acc,207699,"{""seq"":1223,""x_mg"":420,""y_mg"":-76,""z_mg"":852}"
25.204,left_hand,og,tilt,,"{""roll_deg"":29.2,""pitch_deg"":0.4,""steady"":true}"
25.204,left_hand,og,flick_angles,,"{""side_deg"":1.3,""fwd_deg"":24.2}"
25.235,left_hand,og,acc,207720,"{""seq"":1224,""x_mg"":432,""y_mg"":-140,""z_mg"":836}"
25.235,left_hand,og,tilt,,"{""roll_deg"":27.2,""pitch_deg"":1.5,""steady"":true}"
25.235,left_hand,og,flick_angles,,"{""side_deg"":-1.9,""fwd_deg"":25.2}"
25.266,left_hand,og,acc,207740,"{""seq"":1225,""x_mg"":436,""y_mg"":-168,""z_mg"":856}"
25.266,left_hand,og,tilt,,"{""roll_deg"":25.0,""pitch_deg"":2.6,""steady"":true}"
25.266,left_hand,og,flick_angles,,"{""side_deg"":-5.7,""fwd_deg"":26.1}"
25.266,left_hand,og,acc,207761,"{""seq"":1226,""x_mg"":428,""y_mg"":-160,""z_mg"":892}"
25.266,left_hand,og,tilt,,"{""roll_deg"":22.6,""pitch_deg"":3.5,""steady"":true}"
25.266,left_hand,og,flick_angles,,"{""side_deg"":-7.9,""fwd_deg"":26.6}"
25.297,left_hand,og,acc,207782,"{""seq"":1227,""x_mg"":424,""y_mg"":-124,""z_mg"":916}"
25.297,left_hand,og,tilt,,"{""roll_deg"":20.5,""pitch_deg"":4.3,""steady"":true}"
25.297,left_hand,og,flick_angles,,"{""side_deg"":-9.1,""fwd_deg"":26.1}"
25.297,left_hand,og,acc,207802,"{""seq"":1228,""x_mg"":408,""y_mg"":-128,""z_mg"":912}"
25.297,left_hand,og,tilt,,"{""roll_deg"":18.6,""pitch_deg"":5.0,""steady"":true}"
25.297,left_hand,og,flick_angles,,"{""side_deg"":-8.5,""fwd_deg"":25.5}"
25.329,left_hand,og,acc,207823,"{""seq"":1229,""x_mg"":396,""y_mg"":-156,""z_mg"":912}"
25.329,left_hand,og,tilt,,"{""roll_deg"":16.9,""pitch_deg"":5.5,""steady"":true}"
25.329,left_hand,og,flick_angles,,"{""side_deg"":-8.3,""fwd_deg"":24.8}"
25.344,left_hand,og,acc,207843,"{""seq"":1230,""x_mg"":416,""y_mg"":-168,""z_mg"":940}"
25.344,left_hand,og,tilt,,"{""roll_deg"":15.4,""pitch_deg"":5.8,""steady"":true}"
25.344,left_hand,og,flick_angles,,"{""side_deg"":-9.0,""fwd_deg"":24.3}"
25.391,left_hand,og,acc,207864,"{""seq"":1231,""x_mg"":400,""y_mg"":-136,""z_mg"":952}"
25.391,left_hand,og,tilt,,"{""roll_deg"":14.3,""pitch_deg"":6.1,""steady"":true}"
25.391,left_hand,og,flick_angles,,"{""side_deg"":-9.3,""fwd_deg"":23.9}"
25.391,left_hand,og,acc,207884,"{""seq"":1232,""x_mg"":376,""y_mg"":-60,""z_mg"":928}"
25.391,left_hand,og,tilt,,"{""roll_deg"":13.3,""pitch_deg"":6.2,""steady"":true}"
25.391,left_hand,og,flick_angles,,"{""side_deg"":-8.7,""fwd_deg"":23.3}"
25.422,left_hand,og,acc,207905,"{""seq"":1233,""x_mg"":360,""y_mg"":-24,""z_mg"":944}"
25.422,left_hand,og,tilt,,"{""roll_deg"":12.5,""pitch_deg"":6.3,""steady"":true}"
25.422,left_hand,og,flick_angles,,"{""side_deg"":-6.2,""fwd_deg"":22.7}"
25.422,left_hand,og,acc,207926,"{""seq"":1234,""x_mg"":368,""y_mg"":-52,""z_mg"":928}"
25.422,left_hand,og,tilt,,"{""roll_deg"":12.2,""pitch_deg"":6.3,""steady"":true}"
25.422,left_hand,og,flick_angles,,"{""side_deg"":-4.7,""fwd_deg"":22.2}"
25.454,left_hand,og,acc,207946,"{""seq"":1235,""x_mg"":360,""y_mg"":-64,""z_mg"":952}"
25.454,left_hand,og,tilt,,"{""roll_deg"":12.0,""pitch_deg"":6.2,""steady"":true}"
25.454,left_hand,og,flick_angles,,"{""side_deg"":-4.0,""fwd_deg"":21.5}"
25.485,left_hand,og,acc,207967,"{""seq"":1236,""x_mg"":352,""y_mg"":-72,""z_mg"":960}"
25.485,left_hand,og,tilt,,"{""roll_deg"":11.9,""pitch_deg"":6.1,""steady"":true}"
25.485,left_hand,og,flick_angles,,"{""side_deg"":-3.9,""fwd_deg"":21.1}"
25.485,left_hand,og,acc,207987,"{""seq"":1237,""x_mg"":352,""y_mg"":-48,""z_mg"":952}"
25.485,left_hand,og,tilt,,"{""roll_deg"":11.8,""pitch_deg"":5.9,""steady"":true}"
25.485,left_hand,og,flick_angles,,"{""side_deg"":-3.9,""fwd_deg"":20.7}"
25.516,left_hand,og,acc,208008,"{""seq"":1238,""x_mg"":352,""y_mg"":-44,""z_mg"":944}"
25.516,left_hand,og,tilt,,"{""roll_deg"":11.7,""pitch_deg"":5.8,""steady"":true}"
25.516,left_hand,og,flick_angles,,"{""side_deg"":-3.4,""fwd_deg"":20.5}"
25.547,left_hand,og,acc,208028,"{""seq"":1239,""x_mg"":360,""y_mg"":-56,""z_mg"":948}"
25.547,left_hand,og,tilt,,"{""roll_deg"":11.6,""pitch_deg"":5.6,""steady"":true}"
25.547,left_hand,og,flick_angles,,"{""side_deg"":-3.1,""fwd_deg"":20.5}"
25.547,left_hand,og,acc,208049,"{""seq"":1240,""x_mg"":380,""y_mg"":-52,""z_mg"":944}"
25.547,left_hand,og,tilt,,"{""roll_deg"":11.5,""pitch_deg"":5.5,""steady"":true}"
25.547,left_hand,og,flick_angles,,"{""side_deg"":-3.1,""fwd_deg"":20.6}"
25.579,left_hand,og,acc,208070,"{""seq"":1241,""x_mg"":384,""y_mg"":-48,""z_mg"":940}"
25.579,left_hand,og,tilt,,"{""roll_deg"":11.5,""pitch_deg"":5.4,""steady"":true}"
25.579,left_hand,og,flick_angles,,"{""side_deg"":-3.1,""fwd_deg"":21.3}"
25.610,left_hand,og,acc,208090,"{""seq"":1242,""x_mg"":400,""y_mg"":-60,""z_mg"":928}"
25.610,left_hand,og,tilt,,"{""roll_deg"":11.5,""pitch_deg"":5.5,""steady"":true}"
25.610,left_hand,og,flick_angles,,"{""side_deg"":-3.2,""fwd_deg"":21.8}"
25.610,left_hand,og,acc,208111,"{""seq"":1243,""x_mg"":408,""y_mg"":-60,""z_mg"":928}"
25.610,left_hand,og,tilt,,"{""roll_deg"":11.4,""pitch_deg"":5.6,""steady"":true}"
25.610,left_hand,og,flick_angles,,"{""side_deg"":-3.4,""fwd_deg"":22.5}"
25.641,left_hand,og,acc,208131,"{""seq"":1244,""x_mg"":400,""y_mg"":-36,""z_mg"":928}"
25.641,left_hand,og,tilt,,"{""roll_deg"":11.4,""pitch_deg"":5.8,""steady"":true}"
25.641,left_hand,og,flick_angles,,"{""side_deg"":-3.6,""fwd_deg"":22.9}"
25.641,left_hand,og,acc,208152,"{""seq"":1245,""x_mg"":400,""y_mg"":-12,""z_mg"":936}"
25.641,left_hand,og,tilt,,"{""roll_deg"":11.4,""pitch_deg"":6.0,""steady"":true}"
25.641,left_hand,og,flick_angles,,"{""side_deg"":-2.9,""fwd_deg"":23.1}"
25.672,left_hand,og,acc,208172,"{""seq"":1246,""x_mg"":416,""y_mg"":-4,""z_mg"":952}"
25.672,left_hand,og,tilt,,"{""roll_deg"":11.4,""pitch_deg"":6.2,""steady"":true}"
25.672,left_hand,og,flick_angles,,"{""side_deg"":-1.8,""fwd_deg"":23.2}"
25.704,left_hand,og,acc,208193,"{""seq"":1247,""x_mg"":408,""y_mg"":16,""z_mg"":940}"
25.704,left_hand,og,tilt,,"{""roll_deg"":11.7,""pitch_deg"":6.4,""steady"":true}"
25.704,left_hand,og,flick_angles,,"{""side_deg"":-1.0,""fwd_deg"":23.3}"
25.704,left_hand,og,acc,208213,"{""seq"":1248,""x_mg"":400,""y_mg"":28,""z_mg"":948}"
25.704,left_hand,og,tilt,,"{""roll_deg"":12.0,""pitch_deg"":6.5,""steady"":true}"
25.704,left_hand,og,flick_angles,,"{""side_deg"":-0.0,""fwd_deg"":23.4}"
25.735,left_hand,og,acc,208234,"{""seq"":1249,""x_mg"":404,""y_mg"":16,""z_mg"":940}"
25.735,left_hand,og,tilt,,"{""roll_deg"":12.4,""pitch_deg"":6.6,""steady"":true}"
25.735,left_hand,og,flick_angles,,"{""side_deg"":0.5,""fwd_deg"":23.3}"
25.750,left_hand,og,acc,208255,"{""seq"":1250,""x_mg"":408,""y_mg"":16,""z_mg"":932}"
25.750,left_hand,og,tilt,,"{""roll_deg"":12.7,""pitch_deg"":6.7,""steady"":true}"
25.750,left_hand,og,flick_angles,,"{""side_deg"":0.7,""fwd_deg"":23.3}"
25.750,left_hand,og,acc,208275,"{""seq"":1251,""x_mg"":420,""y_mg"":12,""z_mg"":932}"
25.750,left_hand,og,tilt,,"{""roll_deg"":13.0,""pitch_deg"":6.8,""steady"":true}"
25.750,left_hand,og,flick_angles,,"{""side_deg"":0.9,""fwd_deg"":23.5}"
25.782,left_hand,og,acc,208296,"{""seq"":1252,""x_mg"":416,""y_mg"":0,""z_mg"":932}"
25.782,left_hand,og,tilt,,"{""roll_deg"":13.3,""pitch_deg"":6.9,""steady"":true}"
25.782,left_hand,og,flick_angles,,"{""side_deg"":0.8,""fwd_deg"":23.8}"
25.813,left_hand,og,acc,208316,"{""seq"":1253,""x_mg"":424,""y_mg"":-4,""z_mg"":916}"
25.813,left_hand,og,tilt,,"{""roll_deg"":13.5,""pitch_deg"":7.1,""steady"":true}"
25.813,left_hand,og,flick_angles,,"{""side_deg"":0.4,""fwd_deg"":24.0}"
25.844,left_hand,og,acc,208337,"{""seq"":1254,""x_mg"":416,""y_mg"":-12,""z_mg"":900}"
25.844,left_hand,og,tilt,,"{""roll_deg"":13.6,""pitch_deg"":7.2,""steady"":true}"
25.844,left_hand,og,flick_angles,,"{""side_deg"":0.1,""fwd_deg"":24.4}"
25.844,left_hand,og,acc,208357,"{""seq"":1255,""x_mg"":416,""y_mg"":-20,""z_mg"":888}"
25.844,left_hand,og,tilt,,"{""roll_deg"":13.6,""pitch_deg"":7.4,""steady"":true}"
25.844,left_hand,og,flick_angles,,"{""side_deg"":-0.3,""fwd_deg"":24.6}"
25.875,left_hand,og,acc,208378,"{""seq"":1256,""x_mg"":428,""y_mg"":-24,""z_mg"":876}"
25.875,left_hand,og,tilt,,"{""roll_deg"":13.6,""pitch_deg"":7.6,""steady"":true}"
25.875,left_hand,og,flick_angles,,"{""side_deg"":-0.8,""fwd_deg"":24.9}"
25.907,left_hand,og,acc,208399,"{""seq"":1257,""x_mg"":420,""y_mg"":-44,""z_mg"":860}"
25.907,left_hand,og,tilt,,"{""roll_deg"":13.5,""pitch_deg"":7.8,""steady"":true}"
25.907,left_hand,og,flick_angles,,"{""side_deg"":-1.2,""fwd_deg"":25.4}"
25.907,left_hand,og,acc,208419,"{""seq"":1258,""x_mg"":412,""y_mg"":-56,""z_mg"":864}"
25.907,left_hand,og,tilt,,"{""roll_deg"":13.4,""pitch_deg"":8.0,""steady"":true}"
25.907,left_hand,og,flick_angles,,"{""side_deg"":-2.1,""fwd_deg"":25.7}"
25.938,left_hand,og,acc,208440,"{""seq"":1259,""x_mg"":412,""y_mg"":-56,""z_mg"":868}"
25.938,left_hand,og,tilt,,"{""roll_deg"":13.2,""pitch_deg"":8.2,""steady"":true}"
25.938,left_hand,og,flick_angles,,"{""side_deg"":-2.9,""fwd_deg"":25.6}"
25.969,left_hand,og,acc,208460,"{""seq"":1260,""x_mg"":416,""y_mg"":-56,""z_mg"":860}"
25.969,left_hand,og,tilt,,"{""roll_deg"":12.9,""pitch_deg"":8.4,""steady"":true}"
25.969,left_hand,og,flick_angles,,"{""side_deg"":-3.3,""fwd_deg"":25.6}"
25.969,left_hand,og,acc,208481,"{""seq"":1261,""x_mg"":424,""y_mg"":-60,""z_mg"":872}"
25.969,left_hand,og,tilt,,"{""roll_deg"":12.6,""pitch_deg"":8.6,""steady"":true}"
25.969,left_hand,og,flick_angles,,"{""side_deg"":-3.5,""fwd_deg"":25.7}"
26.016,left_hand,og,acc,208501,"{""seq"":1262,""x_mg"":424,""y_mg"":-48,""z_mg"":872}"
26.016,left_hand,og,tilt,,"{""roll_deg"":12.4,""pitch_deg"":8.8,""steady"":true}"
26.016,left_hand,og,flick_angles,,"{""side_deg"":-3.6,""fwd_deg"":25.8}"
26.047,left_hand,og,acc,208522,"{""seq"":1263,""x_mg"":420,""y_mg"":-36,""z_mg"":880}"
26.047,left_hand,og,tilt,,"{""roll_deg"":12.1,""pitch_deg"":8.9,""steady"":true}"
26.047,left_hand,og,flick_angles,,"{""side_deg"":-3.4,""fwd_deg"":25.9}"
26.047,left_hand,og,acc,208543,"{""seq"":1264,""x_mg"":412,""y_mg"":-36,""z_mg"":872}"
26.047,left_hand,og,tilt,,"{""roll_deg"":12.0,""pitch_deg"":9.0,""steady"":true}"
26.047,left_hand,og,flick_angles,,"{""side_deg"":-2.9,""fwd_deg"":25.7}"
26.079,left_hand,og,acc,208563,"{""seq"":1265,""x_mg"":404,""y_mg"":-40,""z_mg"":888}"
26.079,left_hand,og,tilt,,"{""roll_deg"":12.0,""pitch_deg"":9.1,""steady"":true}"
26.079,left_hand,og,flick_angles,,"{""side_deg"":-2.6,""fwd_deg"":25.5}"
26.079,left_hand,og,acc,208584,"{""seq"":1266,""x_mg"":400,""y_mg"":-24,""z_mg"":904}"
26.079,left_hand,og,tilt,,"{""roll_deg"":12.0,""pitch_deg"":9.1,""steady"":true}"
26.079,left_hand,og,flick_angles,,"{""side_deg"":-2.5,""fwd_deg"":25.0}"
26.110,left_hand,og,acc,208604,"{""seq"":1267,""x_mg"":396,""y_mg"":-12,""z_mg"":900}"
26.110,left_hand,og,tilt,,"{""roll_deg"":12.0,""pitch_deg"":9.1,""steady"":true}"
26.110,left_hand,og,flick_angles,,"{""side_deg"":-2.0,""fwd_deg"":24.4}"
26.141,left_hand,og,acc,208625,"{""seq"":1268,""x_mg"":388,""y_mg"":-28,""z_mg"":892}"
26.141,left_hand,og,tilt,,"{""roll_deg"":12.0,""pitch_deg"":8.9,""steady"":true}"
26.141,left_hand,og,flick_angles,,"{""side_deg"":-1.8,""fwd_deg"":24.1}"
26.141,left_hand,og,acc,208645,"{""seq"":1269,""x_mg"":380,""y_mg"":-44,""z_mg"":888}"
26.141,left_hand,og,tilt,,"{""roll_deg"":12.1,""pitch_deg"":8.8,""steady"":true}"
26.141,left_hand,og,flick_angles,,"{""side_deg"":-1.8,""fwd_deg"":23.8}"
26.172,left_hand,og,acc,208666,"{""seq"":1270,""x_mg"":400,""y_mg"":-60,""z_mg"":880}"
26.172,left_hand,og,tilt,,"{""roll_deg"":12.1,""pitch_deg"":8.7,""steady"":true}"
26.172,left_hand,og,flick_angles,,"{""side_deg"":-2.3,""fwd_deg"":23.7}"
26.204,left_hand,og,acc,208686,"{""seq"":1271,""x_mg"":424,""y_mg"":-84,""z_mg"":876}"
26.204,left_hand,og,tilt,,"{""roll_deg"":12.0,""pitch_deg"":8.6,""steady"":true}"
26.204,left_hand,og,flick_angles,,"{""side_deg"":-3.1,""fwd_deg"":24.0}"
26.204,left_hand,og,acc,208707,"{""seq"":1272,""x_mg"":400,""y_mg"":-56,""z_mg"":864}"
26.204,left_hand,og,tilt,,"{""roll_deg"":11.9,""pitch_deg"":8.6,""steady"":true}"
26.204,left_hand,og,flick_angles,,"{""side_deg"":-3.5,""fwd_deg"":24.4}"
26.235,left_hand,og,acc,208728,"{""seq"":1273,""x_mg"":396,""y_mg"":-32,""z_mg"":824}"
26.235,left_hand,og,tilt,,"{""roll_deg"":11.7,""pitch_deg"":8.6,""steady"":true}"
26.235,left_hand,og,flick_angles,,"{""side_deg"":-3.6,""fwd_deg"":25.1}"
26.266,left_hand,og,acc,208748,"{""seq"":1274,""x_mg"":376,""y_mg"":-32,""z_mg"":796}"
26.266,left_hand,og,tremor,,"{""rms_mg"":115.5,""peak_hz"":4.2}"
26.266,left_hand,og,tilt,,"{""roll_deg"":11.6,""pitch_deg"":8.7,""steady"":true}"
26.266,left_hand,og,flick_angles,,"{""side_deg"":-3.0,""fwd_deg"":25.2}"
26.266,left_hand,og,acc,208769,"{""seq"":1275,""x_mg"":300,""y_mg"":-52,""z_mg"":756}"
26.266,left_hand,og,tilt,,"{""roll_deg"":11.4,""pitch_deg"":8.8,""steady"":true}"
26.266,left_hand,og,flick_angles,,"{""side_deg"":-2.6,""fwd_deg"":25.2}"
26.297,left_hand,og,acc,208789,"{""seq"":1276,""x_mg"":232,""y_mg"":-28,""z_mg"":712}"
26.297,left_hand,og,tilt,,"{""roll_deg"":11.5,""pitch_deg"":8.8,""steady"":true}"
26.297,left_hand,og,flick_angles,,"{""side_deg"":-2.5,""fwd_deg"":23.4}"
26.297,left_hand,og,acc,208810,"{""seq"":1277,""x_mg"":208,""y_mg"":4,""z_mg"":696}"
26.297,left_hand,og,tilt,,"{""roll_deg"":11.6,""pitch_deg"":8.5,""steady"":true}"
26.297,left_hand,og,flick_angles,,"{""side_deg"":-2.4,""fwd_deg"":20.7}"
26.329,left_hand,og,acc,208830,"{""seq"":1278,""x_mg"":200,""y_mg"":40,""z_mg"":716}"
26.329,left_hand,og,tilt,,"{""roll_deg"":11.6,""pitch_deg"":7.7,""steady"":true}"
26.329,left_hand,og,flick_angles,,"{""side_deg"":-1.0,""fwd_deg"":18.7}"
26.360,left_hand,og,acc,208851,"{""seq"":1279,""x_mg"":100,""y_mg"":92,""z_mg"":772}"
26.360,left_hand,og,tilt,,"{""roll_deg"":12.0,""pitch_deg"":6.9,""steady"":true}"
26.360,left_hand,og,flick_angles,,"{""side_deg"":1.1,""fwd_deg"":17.1}"
26.360,left_hand,og,acc,208872,"{""seq"":1280,""x_mg"":-48,""y_mg"":92,""z_mg"":804}"
26.360,left_hand,og,tilt,,"{""roll_deg"":12.6,""pitch_deg"":6.0,""steady"":true}"
26.360,left_hand,og,flick_angles,,"{""side_deg"":3.8,""fwd_deg"":12.3}"
26.360,left_hand,game,hit,,"{""n"":5,""dir"":""down"",""err_ms"":-202}"
26.391,left_hand,og,acc,208892,"{""seq"":1281,""x_mg"":-68,""y_mg"":36,""z_mg"":836}"
26.391,left_hand,og,tilt,,"{""roll_deg"":13.2,""pitch_deg"":4.3,""steady"":true}"
26.391,left_hand,og,flick_angles,,"{""side_deg"":5.2,""fwd_deg"":4.4}"
26.407,left_hand,og,acc,208913,"{""seq"":1282,""x_mg"":-44,""y_mg"":-24,""z_mg"":824}"
26.407,left_hand,og,tilt,,"{""roll_deg"":13.7,""pitch_deg"":1.5,""steady"":true}"
26.407,left_hand,og,flick_angles,,"{""side_deg"":3.8,""fwd_deg"":0.5}"
26.438,left_hand,og,acc,208933,"{""seq"":1283,""x_mg"":-8,""y_mg"":-4,""z_mg"":856}"
26.438,left_hand,og,tilt,,"{""roll_deg"":14.1,""pitch_deg"":-1.0,""steady"":true}"
26.438,left_hand,og,flick_angles,,"{""side_deg"":1.8,""fwd_deg"":-1.3}"
26.438,left_hand,og,acc,208954,"{""seq"":1284,""x_mg"":-68,""y_mg"":-20,""z_mg"":924}"
26.438,left_hand,og,tilt,,"{""roll_deg"":14.1,""pitch_deg"":-3.2,""steady"":true}"
26.438,left_hand,og,flick_angles,,"{""side_deg"":0.3,""fwd_deg"":-2.2}"
26.469,left_hand,og,acc,208974,"{""seq"":1285,""x_mg"":60,""y_mg"":196,""z_mg"":940}"
26.469,left_hand,og,tilt,,"{""roll_deg"":14.1,""pitch_deg"":-5.1,""steady"":true}"
26.469,left_hand,og,flick_angles,,"{""side_deg"":-0.0,""fwd_deg"":-1.4}"
26.500,left_hand,og,acc,208995,"{""seq"":1286,""x_mg"":268,""y_mg"":264,""z_mg"":800}"
26.500,left_hand,og,tilt,,"{""roll_deg"":14.1,""pitch_deg"":-6.4,""steady"":true}"
26.500,left_hand,og,flick_angles,,"{""side_deg"":5.9,""fwd_deg"":1.2}"
26.500,left_hand,og,acc,209016,"{""seq"":1287,""x_mg"":360,""y_mg"":124,""z_mg"":776}"
26.500,left_hand,og,tilt,,"{""roll_deg"":15.2,""pitch_deg"":-7.1,""steady"":true}"
26.500,left_hand,og,flick_angles,,"{""side_deg"":8.8,""fwd_deg"":9.8}"
26.547,left_hand,og,acc,209036,"{""seq"":1288,""x_mg"":424,""y_mg"":16,""z_mg"":744}"
26.547,left_hand,og,tilt,,"{""roll_deg"":16.2,""pitch_deg"":-5.9,""steady"":true}"
26.547,left_hand,og,flick_angles,,"{""side_deg"":9.0,""fwd_deg"":17.4}"
26.579,left_hand,og,acc,209057,"{""seq"":1289,""x_mg"":504,""y_mg"":36,""z_mg"":752}"
26.579,left_hand,og,tilt,,"{""roll_deg"":17.0,""pitch_deg"":-4.2,""steady"":true}"
26.579,left_hand,og,flick_angles,,"{""side_deg"":5.8,""fwd_deg"":23.5}"
26.579,left_hand,og,acc,209077,"{""seq"":1290,""x_mg"":576,""y_mg"":156,""z_mg"":864}"
26.579,left_hand,og,tilt,,"{""roll_deg"":17.8,""pitch_deg"":-2.0,""steady"":true}"
26.579,left_hand,og,flick_angles,,"{""side_deg"":4.3,""fwd_deg"":28.6}"
26.594,left_hand,og,acc,209098,"{""seq"":1291,""x_mg"":452,""y_mg"":328,""z_mg"":1248}"
26.594,left_hand,og,tilt,,"{""roll_deg"":17.8,""pitch_deg"":-2.0,""steady"":false}"
26.594,left_hand,og,flick_angles,,"{""side_deg"":7.3,""fwd_deg"":31.1}"
26.625,left_hand,og,acc,209118,"{""seq"":1292,""x_mg"":84,""y_mg"":476,""z_mg"":1552}"
26.625,left_hand,og,tilt,,"{""roll_deg"":17.8,""pitch_deg"":-2.0,""steady"":false}"
26.625,left_hand,og,flick_angles,,"{""side_deg"":11.0,""fwd_deg"":25.5}"
26.657,left_hand,og,acc,209139,"{""seq"":1293,""x_mg"":48,""y_mg"":252,""z_mg"":1508}"
26.657,left_hand,og,tilt,,"{""roll_deg"":17.8,""pitch_deg"":-2.0,""steady"":false}"
26.657,left_hand,og,flick_angles,,"{""side_deg"":12.9,""fwd_deg"":14.3}"
26.657,left_hand,og,acc,209159,"{""seq"":1294,""x_mg"":56,""y_mg"":36,""z_mg"":1560}"
26.657,left_hand,og,tilt,,"{""roll_deg"":17.8,""pitch_deg"":-2.0,""steady"":false}"
26.657,left_hand,og,flick_angles,,"{""side_deg"":11.2,""fwd_deg"":8.2}"
26.688,left_hand,og,acc,209180,"{""seq"":1295,""x_mg"":76,""y_mg"":-4,""z_mg"":1584}"
26.688,left_hand,og,tilt,,"{""roll_deg"":17.8,""pitch_deg"":-2.0,""steady"":false}"
26.688,left_hand,og,flick_angles,,"{""side_deg"":6.2,""fwd_deg"":5.1}"
26.719,left_hand,og,acc,209201,"{""seq"":1296,""x_mg"":-16,""y_mg"":240,""z_mg"":1540}"
26.719,left_hand,og,tilt,,"{""roll_deg"":17.8,""pitch_deg"":-2.0,""steady"":false}"
26.719,left_hand,og,flick_angles,,"{""side_deg"":3.8,""fwd_deg"":3.6}"
26.719,left_hand,og,acc,209221,"{""seq"":1297,""x_mg"":-108,""y_mg"":380,""z_mg"":1448}"
26.719,left_hand,og,tilt,,"{""roll_deg"":17.8,""pitch_deg"":-2.0,""steady"":false}"
26.719,left_hand,og,flick_angles,,"{""side_deg"":6.3,""fwd_deg"":1.5}"
26.750,left_hand,og,acc,209242,"{""seq"":1298,""x_mg"":-160,""y_mg"":384,""z_mg"":1296}"
26.750,left_hand,og,tilt,,"{""roll_deg"":17.8,""pitch_deg"":-2.0,""steady"":false}"
26.750,left_hand,og,flick_angles,,"{""side_deg"":10.5,""fwd_deg"":-1.4}"
26.750,left_hand,game,flick,,"{""dir"":""right"",""result"":""none""}"
26.782,left_hand,og,acc,209262,"{""seq"":1299,""x_mg"":-124,""y_mg"":248,""z_mg"":1156}"
26.782,left_hand,og,tilt,,"{""roll_deg"":18.4,""pitch_deg"":-0.1,""steady"":true}"
26.782,left_hand,og,flick_angles,,"{""side_deg"":12.6,""fwd_deg"":-3.8}"
26.782,left_hand,og,acc,209283,"{""seq"":1300,""x_mg"":-100,""y_mg"":124,""z_mg"":1076}"
26.782,left_hand,og,tilt,,"{""roll_deg"":18.7,""pitch_deg"":1.6,""steady"":true}"
26.782,left_hand,og,flick_angles,,"{""side_deg"":12.4,""fwd_deg"":-4.9}"
26.813,left_hand,og,acc,209303,"{""seq"":1301,""x_mg"":-144,""y_mg"":100,""z_mg"":1068}"
26.813,left_hand,og,tilt,,"{""roll_deg"":19.0,""pitch_deg"":-1.2,""steady"":true}"
26.813,left_hand,og,flick_angles,,"{""side_deg"":9.5,""fwd_deg"":-5.5}"
26.844,left_hand,og,acc,209324,"{""seq"":1302,""x_mg"":-192,""y_mg"":140,""z_mg"":1008}"
26.844,left_hand,og,tilt,,"{""roll_deg"":19.4,""pitch_deg"":-3.7,""steady"":true}"
26.844,left_hand,og,flick_angles,,"{""side_deg"":8.0,""fwd_deg"":-6.6}"
26.844,left_hand,og,acc,209345,"{""seq"":1303,""x_mg"":-204,""y_mg"":156,""z_mg"":936}"
26.844,left_hand,og,tilt,,"{""roll_deg"":19.7,""pitch_deg"":-6.1,""steady"":true}"
26.844,left_hand,og,flick_angles,,"{""side_deg"":8.0,""fwd_deg"":-8.7}"
26.875,left_hand,og,acc,209365,"{""seq"":1304,""x_mg"":-164,""y_mg"":176,""z_mg"":904}"
26.875,left_hand,og,tilt,,"{""roll_deg"":20.0,""pitch_deg"":-8.5,""steady"":true}"
26.875,left_hand,og,flick_angles,,"{""side_deg"":8.7,""fwd_deg"":-9.7}"
26.875,left_hand,og,acc,209386,"{""seq"":1305,""x_mg"":-112,""y_mg"":180,""z_mg"":896}"
26.875,left_hand,og,tilt,,"{""roll_deg"":20.5,""pitch_deg"":-10.6,""steady"":true}"
26.875,left_hand,og,flick_angles,,"{""side_deg"":9.9,""fwd_deg"":-10.0}"
26.907,left_hand,og,acc,209406,"{""seq"":1306,""x_mg"":-84,""y_mg"":156,""z_mg"":940}"
26.907,left_hand,og,tilt,,"{""roll_deg"":20.8,""pitch_deg"":-12.5,""steady"":true}"
26.907,left_hand,og,flick_angles,,"{""side_deg"":10.4,""fwd_deg"":-8.6}"
26.938,left_hand,og,acc,209427,"{""seq"":1307,""x_mg"":-80,""y_mg"":168,""z_mg"":904}"
26.938,left_hand,og,tilt,,"{""roll_deg"":21.3,""pitch_deg"":-13.7,""steady"":true}"
26.938,left_hand,og,flick_angles,,"{""side_deg"":10.5,""fwd_deg"":-6.8}"
26.938,left_hand,og,acc,209447,"{""seq"":1308,""x_mg"":-48,""y_mg"":188,""z_mg"":900}"
26.938,left_hand,og,tilt,,"{""roll_deg"":21.8,""pitch_deg"":-14.6,""steady"":true}"
26.938,left_hand,og,flick_angles,,"{""side_deg"":10.5,""fwd_deg"":-5.9}"
26.969,left_hand,og,acc,209468,"{""seq"":1309,""x_mg"":-12,""y_mg"":152,""z_mg"":964}"
26.969,left_hand,og,tilt,,"{""roll_deg"":22.2,""pitch_deg"":-15.4,""steady"":true}"
26.969,left_hand,og,flick_angles,,"{""side_deg"":10.5,""fwd_deg"":-4.5}"
27.000,left_hand,og,acc,209489,"{""seq"":1310,""x_mg"":16,""y_mg"":152,""z_mg"":992}"
27.000,left_hand,og,tilt,,"{""roll_deg"":22.3,""pitch_deg"":-15.8,""steady"":true}"
27.000,left_hand,og,flick_angles,,"{""side_deg"":9.7,""fwd_deg"":-2.6}"
27.000,left_hand,og,acc,209509,"{""seq"":1311,""x_mg"":52,""y_mg"":148,""z_mg"":1012}"
27.000,left_hand,og,tilt,,"{""roll_deg"":22.4,""pitch_deg"":-15.9,""steady"":true}"
27.000,left_hand,og,flick_angles,,"{""side_deg"":9.2,""fwd_deg"":-0.8}"
27.032,left_hand,og,acc,209530,"{""seq"":1312,""x_mg"":80,""y_mg"":128,""z_mg"":1044}"
27.032,left_hand,og,tilt,,"{""roll_deg"":22.5,""pitch_deg"":-15.8,""steady"":true}"
27.032,left_hand,og,flick_angles,,"{""side_deg"":8.8,""fwd_deg"":1.1}"
27.063,left_hand,og,acc,209550,"{""seq"":1313,""x_mg"":124,""y_mg"":104,""z_mg"":1076}"
27.063,left_hand,og,tilt,,"{""roll_deg"":22.5,""pitch_deg"":-15.4,""steady"":true}"
27.063,left_hand,og,flick_angles,,"{""side_deg"":7.9,""fwd_deg"":2.7}"
27.063,left_hand,og,acc,209571,"{""seq"":1314,""x_mg"":148,""y_mg"":100,""z_mg"":1108}"
27.063,left_hand,og,tilt,,"{""roll_deg"":22.4,""pitch_deg"":-15.0,""steady"":true}"
27.063,left_hand,og,flick_angles,,"{""side_deg"":6.7,""fwd_deg"":4.6}"
27.094,left_hand,og,acc,209591,"{""seq"":1315,""x_mg"":180,""y_mg"":108,""z_mg"":1064}"
27.094,left_hand,og,tilt,,"{""roll_deg"":22.1,""pitch_deg"":-14.3,""steady"":true}"
27.094,left_hand,og,flick_angles,,"{""side_deg"":6.1,""fwd_deg"":6.1}"
27.125,left_hand,og,acc,209612,"{""seq"":1316,""x_mg"":204,""y_mg"":96,""z_mg"":1068}"
27.125,left_hand,og,tilt,,"{""roll_deg"":21.8,""pitch_deg"":-13.6,""steady"":true}"
27.125,left_hand,og,flick_angles,,"{""side_deg"":5.6,""fwd_deg"":7.9}"
27.125,left_hand,og,acc,209633,"{""seq"":1317,""x_mg"":236,""y_mg"":60,""z_mg"":1004}"
27.125,left_hand,og,tilt,,"{""roll_deg"":21.5,""pitch_deg"":-12.7,""steady"":true}"
27.125,left_hand,og,flick_angles,,"{""side_deg"":5.4,""fwd_deg"":9.3}"
27.157,left_hand,og,acc,209653,"{""seq"":1318,""x_mg"":248,""y_mg"":48,""z_mg"":972}"
27.157,left_hand,og,tilt,,"{""roll_deg"":21.3,""pitch_deg"":-11.8,""steady"":true}"
27.157,left_hand,og,flick_angles,,"{""side_deg"":4.4,""fwd_deg"":11.3}"
27.188,left_hand,og,acc,209674,"{""seq"":1319,""x_mg"":252,""y_mg"":76,""z_mg"":916}"
27.188,left_hand,og,tilt,,"{""roll_deg"":21.0,""pitch_deg"":-10.7,""steady"":true}"
27.188,left_hand,og,flick_angles,,"{""side_deg"":3.9,""fwd_deg"":12.8}"
27.188,left_hand,og,acc,209694,"{""seq"":1320,""x_mg"":272,""y_mg"":104,""z_mg"":864}"
27.188,left_hand,og,tilt,,"{""roll_deg"":20.8,""pitch_deg"":-9.6,""steady"":true}"
27.188,left_hand,og,flick_angles,,"{""side_deg"":4.3,""fwd_deg"":14.1}"
27.204,left_hand,og,acc,209715,"{""seq"":1321,""x_mg"":296,""y_mg"":80,""z_mg"":832}"
27.204,left_hand,og,tilt,,"{""roll_deg"":20.6,""pitch_deg"":-8.5,""steady"":true}"
27.204,left_hand,og,flick_angles,,"{""side_deg"":4.9,""fwd_deg"":15.8}"
27.235,left_hand,og,acc,209735,"{""seq"":1322,""x_mg"":296,""y_mg"":84,""z_mg"":808}"
27.235,left_hand,og,tilt,,"{""roll_deg"":20.5,""pitch_deg"":-7.3,""steady"":true}"
27.235,left_hand,og,flick_angles,,"{""side_deg"":5.4,""fwd_deg"":17.7}"
27.266,left_hand,og,acc,209756,"{""seq"":1323,""x_mg"":304,""y_mg"":84,""z_mg"":768}"
27.266,left_hand,og,tilt,,"{""roll_deg"":20.4,""pitch_deg"":-6.0,""steady"":true}"
27.266,left_hand,og,flick_angles,,"{""side_deg"":5.7,""fwd_deg"":18.9}"
27.266,left_hand,og,acc,209777,"{""seq"":1324,""x_mg"":308,""y_mg"":64,""z_mg"":744}"
27.266,left_hand,og,tilt,,"{""roll_deg"":20.4,""pitch_deg"":-4.7,""steady"":true}"
27.266,left_hand,og,flick_angles,,"{""side_deg"":5.8,""fwd_deg"":20.2}"
27.297,left_hand,og,acc,209797,"{""seq"":1325,""x_mg"":332,""y_mg"":40,""z_mg"":736}"
27.297,left_hand,og,tilt,,"{""roll_deg"":20.3,""pitch_deg"":-3.5,""steady"":true}"
27.297,left_hand,og,flick_angles,,"{""side_deg"":5.4,""fwd_deg"":21.4}"
27.329,left_hand,og,acc,209818,"{""seq"":1326,""x_mg"":328,""y_mg"":44,""z_mg"":732}"
27.329,left_hand,og,tilt,,"{""roll_deg"":20.2,""pitch_deg"":-2.3,""steady"":true}"
27.329,left_hand,og,flick_angles,,"{""side_deg"":4.4,""fwd_deg"":22.8}"
27.329,left_hand,og,acc,209838,"{""seq"":1327,""x_mg"":352,""y_mg"":56,""z_mg"":748}"
27.329,left_hand,og,tilt,,"{""roll_deg"":20.0,""pitch_deg"":-1.0,""steady"":true}"
27.329,left_hand,og,flick_angles,,"{""side_deg"":3.9,""fwd_deg"":23.5}"
27.360,left_hand,og,acc,209859,"{""seq"":1328,""x_mg"":360,""y_mg"":24,""z_mg"":788}"
27.360,left_hand,og,tilt,,"{""roll_deg"":19.7,""pitch_deg"":0.1,""steady"":true}"
27.360,left_hand,og,flick_angles,,"{""side_deg"":3.7,""fwd_deg"":24.0}"
27.407,left_hand,og,acc,209879,"{""seq"":1329,""x_mg"":360,""y_mg"":24,""z_mg"":808}"
27.407,left_hand,og,tilt,,"{""roll_deg"":19.4,""pitch_deg"":1.1,""steady"":true}"
27.407,left_hand,og,flick_angles,,"{""side_deg"":2.7,""fwd_deg"":24.3}"
27.407,left_hand,og,acc,209900,"{""seq"":1330,""x_mg"":368,""y_mg"":44,""z_mg"":812}"
27.407,left_hand,og,tilt,,"{""roll_deg"":19.2,""pitch_deg"":2.0,""steady"":true}"
27.407,left_hand,og,flick_angles,,"{""side_deg"":2.2,""fwd_deg"":24.3}"
27.422,left_hand,og,acc,209920,"{""seq"":1331,""x_mg"":376,""y_mg"":44,""z_mg"":856}"
27.422,left_hand,og,tilt,,"{""roll_deg"":19.0,""pitch_deg"":2.8,""steady"":true}"
27.422,left_hand,og,flick_angles,,"{""side_deg"":2.6,""fwd_deg"":24.2}"
27.422,left_hand,og,acc,209941,"{""seq"":1332,""x_mg"":380,""y_mg"":40,""z_mg"":876}"
27.422,left_hand,og,tilt,,"{""roll_deg"":18.7,""pitch_deg"":3.4,""steady"":true}"
27.422,left_hand,og,flick_angles,,"{""side_deg"":2.8,""fwd_deg"":23.9}"
27.454,left_hand,og,acc,209962,"{""seq"":1333,""x_mg"":388,""y_mg"":52,""z_mg"":880}"
27.454,left_hand,og,tilt,,"{""roll_deg"":18.5,""pitch_deg"":4.0,""steady"":true}"
27.454,left_hand,og,flick_angles,,"{""side_deg"":2.9,""fwd_deg"":23.8}"
27.485,left_hand,og,acc,209982,"{""seq"":1334,""x_mg"":404,""y_mg"":40,""z_mg"":892}"
27.485,left_hand,og,tilt,,"{""roll_deg"":18.4,""pitch_deg"":4.4,""steady"":true}"
27.485,left_hand,og,flick_angles,,"{""side_deg"":2.7,""fwd_deg"":23.8}"
27.516,left_hand,og,acc,210003,"{""seq"":1335,""x_mg"":400,""y_mg"":44,""z_mg"":912}"
27.516,left_hand,og,tilt,,"{""roll_deg"":18.2,""pitch_deg"":4.8,""steady"":true}"
27.516,left_hand,og,flick_angles,,"{""side_deg"":2.7,""fwd_deg"":23.8}"
27.516,left_hand,og,acc,210023,"{""seq"":1336,""x_mg"":404,""y_mg"":48,""z_mg"":928}"
27.516,left_hand,og,tilt,,"{""roll_deg"":18.1,""pitch_deg"":5.2,""steady"":true}"
27.516,left_hand,og,flick_angles,,"{""side_deg"":2.8,""fwd_deg"":23.7}"
27.547,left_hand,og,acc,210044,"{""seq"":1337,""x_mg"":420,""y_mg"":36,""z_mg"":940}"
27.547,left_hand,og,tilt,,"{""roll_deg"":17.9,""pitch_deg"":5.5,""steady"":true}"
27.547,left_hand,og,flick_angles,,"{""side_deg"":2.8,""fwd_deg"":23.7}"
27.579,left_hand,og,acc,210064,"{""seq"":1338,""x_mg"":428,""y_mg"":48,""z_mg"":892}"
27.579,left_hand,og,tilt,,"{""roll_deg"":17.8,""pitch_deg"":5.8,""steady"":true}"
27.579,left_hand,og,flick_angles,,"{""side_deg"":2.9,""fwd_deg"":23.9}"
27.579,left_hand,og,acc,210085,"{""seq"":1339,""x_mg"":400,""y_mg"":76,""z_mg"":888}"
27.579,left_hand,og,tilt,,"{""roll_deg"":17.8,""pitch_deg"":6.1,""steady"":true}"
27.579,left_hand,og,flick_angles,,"{""side_deg"":3.0,""fwd_deg"":24.1}"
27.610,left_hand,og,acc,210106,"{""seq"":1340,""x_mg"":400,""y_mg"":80,""z_mg"":892}"
27.610,left_hand,og,tilt,,"{""roll_deg"":17.7,""pitch_deg"":6.4,""steady"":true}"
27.610,left_hand,og,flick_angles,,"{""side_deg"":3.9,""fwd_deg"":24.2}"
27.625,left_hand,og,acc,210126,"{""seq"":1341,""x_mg"":380,""y_mg"":80,""z_mg"":912}"
27.625,left_hand,og,tilt,,"{""roll_deg"":17.9,""pitch_deg"":6.6,""steady"":true}"
27.625,left_hand,og,flick_angles,,"{""side_deg"":4.5,""fwd_deg"":24.2}"
27.657,left_hand,og,acc,210147,"{""seq"":1342,""x_mg"":356,""y_mg"":52,""z_mg"":908}"
27.657,left_hand,og,tilt,,"{""roll_deg"":18.0,""pitch_deg"":6.8,""steady"":true}"
27.657,left_hand,og,flick_angles,,"{""side_deg"":4.7,""fwd_deg"":23.4}"
27.657,left_hand,og,acc,210167,"{""seq"":1343,""x_mg"":348,""y_mg"":44,""z_mg"":884}"
27.657,left_hand,og,tilt,,"{""roll_deg"":18.2,""pitch_deg"":6.8,""steady"":true}"
27.657,left_hand,og,flick_angles,,"{""side_deg"":4.0,""fwd_deg"":22.4}"
27.688,left_hand,og,acc,210188,"{""seq"":1344,""x_mg"":356,""y_mg"":52,""z_mg"":884}"
27.688,left_hand,og,tilt,,"{""roll_deg"":18.1,""pitch_deg"":6.7,""steady"":true}"
27.688,left_hand,og,flick_angles,,"{""side_deg"":3.6,""fwd_deg"":22.0}"
27.719,left_hand,og,acc,210208,"{""seq"":1345,""x_mg"":364,""y_mg"":68,""z_mg"":884}"
27.719,left_hand,og,tilt,,"{""roll_deg"":18.1,""pitch_deg"":6.6,""steady"":true}"
27.719,left_hand,og,flick_angles,,"{""side_deg"":3.5,""fwd_deg"":21.9}"
27.719,left_hand,og,acc,210229,"{""seq"":1346,""x_mg"":360,""y_mg"":80,""z_mg"":888}"
27.719,left_hand,og,tilt,,"{""roll_deg"":18.0,""pitch_deg"":6.6,""steady"":true}"
27.719,left_hand,og,flick_angles,,"{""side_deg"":4.0,""fwd_deg"":22.0}"
27.750,left_hand,og,acc,210250,"{""seq"":1347,""x_mg"":380,""y_mg"":80,""z_mg"":924}"
27.750,left_hand,og,tilt,,"{""roll_deg"":18.1,""pitch_deg"":6.5,""steady"":true}"
27.750,left_hand,og,flick_angles,,"{""side_deg"":4.5,""fwd_deg"":22.2}"
27.782,left_hand,og,acc,210270,"{""seq"":1348,""x_mg"":416,""y_mg"":72,""z_mg"":980}"
27.782,left_hand,og,tilt,,"{""roll_deg"":18.2,""pitch_deg"":6.5,""steady"":true}"
27.782,left_hand,og,flick_angles,,"{""side_deg"":4.7,""fwd_deg"":22.3}"
27.782,left_hand,og,acc,210291,"{""seq"":1349,""x_mg"":480,""y_mg"":40,""z_mg"":1052}"
27.782,left_hand,og,tilt,,"{""roll_deg"":18.2,""pitch_deg"":6.5,""steady"":true}"
27.782,left_hand,og,flick_angles,,"{""side_deg"":4.5,""fwd_deg"":22.6}"
27.813,left_hand,og,acc,210311,"{""seq"":1350,""x_mg"":552,""y_mg"":56,""z_mg"":1412}"
27.813,left_hand,og,tilt,,"{""roll_deg"":18.2,""pitch_deg"":6.5,""steady"":false}"
27.813,left_hand,og,flick_angles,,"{""side_deg"":3.4,""fwd_deg"":22.8}"
27.813,left_hand,og,acc,210332,"{""seq"":1351,""x_mg"":628,""y_mg"":88,""z_mg"":1612}"
27.813,left_hand,og,tilt,,"{""roll_deg"":18.2,""pitch_deg"":6.5,""steady"":false}"
27.813,left_hand,og,flick_angles,,"{""side_deg"":2.8,""fwd_deg"":22.1}"
27.844,left_hand,og,acc,210352,"{""seq"":1352,""x_mg"":716,""y_mg"":80,""z_mg"":1668}"
27.844,left_hand,og,tilt,,"{""roll_deg"":18.2,""pitch_deg"":6.5,""steady"":false}"
27.844,left_hand,og,flick_angles,,"{""side_deg"":2.8,""fwd_deg"":21.7}"
27.875,left_hand,og,acc,210373,"{""seq"":1353,""x_mg"":748,""y_mg"":16,""z_mg"":1556}"
27.875,left_hand,og,tilt,,"{""roll_deg"":18.2,""pitch_deg"":6.5,""steady"":false}"
27.875,left_hand,og,flick_angles,,"{""side_deg"":2.8,""fwd_deg"":22.5}"
27.907,left_hand,og,acc,210393,"{""seq"":1354,""x_mg"":632,""y_mg"":-28,""z_mg"":1440}"
27.907,left_hand,og,tilt,,"{""roll_deg"":18.2,""pitch_deg"":6.5,""steady"":false}"
27.907,left_hand,og,flick_angles,,"{""side_deg"":1.7,""fwd_deg"":23.1}"
27.938,left_hand,og,acc,210414,"{""seq"":1355,""x_mg"":564,""y_mg"":16,""z_mg"":1360}"
27.938,left_hand,og,tilt,,"{""roll_deg"":18.2,""pitch_deg"":6.5,""steady"":false}"
27.938,left_hand,og,flick_angles,,"{""side_deg"":1.1,""fwd_deg"":23.4}"
27.938,left_hand,og,acc,210435,"{""seq"":1356,""x_mg"":520,""y_mg"":92,""z_mg"":1348}"
27.938,left_hand,og,tilt,,"{""roll_deg"":18.2,""pitch_deg"":6.5,""steady"":false}"
27.938,left_hand,og,flick_angles,,"{""side_deg"":0.9,""fwd_deg"":23.0}"
27.969,left_hand,og,acc,210455,"{""seq"":1357,""x_mg"":452,""y_mg"":84,""z_mg"":1168}"
27.969,left_hand,og,tilt,,"{""roll_deg"":18.2,""pitch_deg"":6.5,""steady"":true}"
27.969,left_hand,og,flick_angles,,"{""side_deg"":2.4,""fwd_deg"":22.1}"
28.000,left_hand,og,acc,210476,"{""seq"":1358,""x_mg"":400,""y_mg"":32,""z_mg"":936}"
28.000,left_hand,og,tilt,,"{""roll_deg"":18.3,""pitch_deg"":6.6,""steady"":true}"
28.000,left_hand,og,flick_angles,,"{""side_deg"":3.2,""fwd_deg"":21.6}"
28.000,left_hand,og,acc,210496,"{""seq"":1359,""x_mg"":376,""y_mg"":-20,""z_mg"":792}"
28.000,left_hand,og,tilt,,"{""roll_deg"":18.0,""pitch_deg"":6.7,""steady"":true}"
28.000,left_hand,og,flick_angles,,"{""side_deg"":2.6,""fwd_deg"":22.4}"
28.032,left_hand,og,acc,210517,"{""seq"":1360,""x_mg"":372,""y_mg"":-52,""z_mg"":708}"
28.032,left_hand,og,tilt,,"{""roll_deg"":17.8,""pitch_deg"":6.9,""steady"":true}"
28.032,left_hand,og,flick_angles,,"{""side_deg"":0.6,""fwd_deg"":23.9}"
28.032,left_hand,og,acc,210537,"{""seq"":1361,""x_mg"":356,""y_mg"":-92,""z_mg"":684}"
28.032,left_hand,og,tilt,,"{""roll_deg"":17.2,""pitch_deg"":7.2,""steady"":true}"
28.032,left_hand,og,flick_angles,,"{""side_deg"":-1.8,""fwd_deg"":25.7}"
28.047,left_hand,og,acc,210558,"{""seq"":1362,""x_mg"":316,""y_mg"":-120,""z_mg"":392}"
28.047,left_hand,og,tilt,,"{""roll_deg"":17.2,""pitch_deg"":7.2,""steady"":false}"
28.047,left_hand,og,flick_angles,,"{""side_deg"":-4.7,""fwd_deg"":26.7}"
28.094,left_hand,og,acc,210579,"{""seq"":1363,""x_mg"":360,""y_mg"":-176,""z_mg"":196}"
28.094,left_hand,og,tilt,,"{""roll_deg"":17.2,""pitch_deg"":7.2,""steady"":false}"
28.094,left_hand,og,flick_angles,,"{""side_deg"":-10.9,""fwd_deg"":32.8}"
28.094,left_hand,game,wrong,,"{""n"":14,""want"":""up"",""got"":""left""}"
28.094,left_hand,og,acc,210599,"{""seq"":1364,""x_mg"":424,""y_mg"":-224,""z_mg"":152}"
28.094,left_hand,og,tilt,,"{""roll_deg"":17.2,""pitch_deg"":7.2,""steady"":false}"
28.094,left_hand,og,flick_angles,,"{""side_deg"":-26.4,""fwd_deg"":47.1}"
28.125,left_hand,og,acc,210620,"{""seq"":1365,""x_mg"":476,""y_mg"":-232,""z_mg"":172}"
28.125,left_hand,og,tilt,,"{""roll_deg"":17.2,""pitch_deg"":7.2,""steady"":false}"
28.125,left_hand,og,flick_angles,,"{""side_deg"":-39.9,""fwd_deg"":58.6}"
28.157,left_hand,og,acc,210640,"{""seq"":1366,""x_mg"":508,""y_mg"":-192,""z_mg"":100}"
28.157,left_hand,og,tilt,,"{""roll_deg"":17.2,""pitch_deg"":7.2,""steady"":false}"
28.157,left_hand,og,flick_angles,,"{""side_deg"":-47.9,""fwd_deg"":64.4}"
28.157,left_hand,og,acc,210661,"{""seq"":1367,""x_mg"":528,""y_mg"":-160,""z_mg"":52}"
28.157,left_hand,og,tilt,,"{""roll_deg"":17.2,""pitch_deg"":7.2,""steady"":false}"
28.157,left_hand,og,flick_angles,,"{""side_deg"":-55.2,""fwd_deg"":71.7}"
28.188,left_hand,og,acc,210681,"{""seq"":1368,""x_mg"":600,""y_mg"":-184,""z_mg"":84}"
28.188,left_hand,og,tilt,,"{""roll_deg"":17.2,""pitch_deg"":7.2,""steady"":false}"
28.188,left_hand,og,flick_angles,,"{""side_deg"":-60.3,""fwd_deg"":76.8}"
28.219,left_hand,og,acc,210702,"{""seq"":1369,""x_mg"":684,""y_mg"":-232,""z_mg"":200}"
28.219,left_hand,og,tilt,,"{""roll_deg"":16.4,""pitch_deg"":7.7,""steady"":true}"
28.219,left_hand,og,flick_angles,,"{""side_deg"":-62.9,""fwd_deg"":79.4}"
28.219,left_hand,og,acc,210723,"{""seq"":1370,""x_mg"":752,""y_mg"":-244,""z_mg"":272}"
28.219,left_hand,og,tilt,,"{""roll_deg"":15.2,""pitch_deg"":8.2,""steady"":true}"
28.219,left_hand,og,flick_angles,,"{""side_deg"":-56.1,""fwd_deg"":76.6}"
28.250,left_hand,og,acc,210743,"{""seq"":1371,""x_mg"":792,""y_mg"":-236,""z_mg"":292}"
28.250,left_hand,og,tilt,,"{""roll_deg"":10.4,""pitch_deg"":13.7,""steady"":true}"
28.250,left_hand,og,flick_angles,,"{""side_deg"":-49.0,""fwd_deg"":73.3}"
28.282,left_hand,og,acc,210764,"{""seq"":1372,""x_mg"":812,""y_mg"":-276,""z_mg"":376}"
28.282,left_hand,og,tremor,,"{""rms_mg"":78.4,""peak_hz"":4.2}"
28.282,left_hand,og,tilt,,"{""roll_deg"":6.2,""pitch_deg"":18.5,""steady"":true}"
28.282,left_hand,og,flick_angles,,"{""side_deg"":-44.0,""fwd_deg"":71.6}"
28.282,left_hand,og,acc,210784,"{""seq"":1373,""x_mg"":832,""y_mg"":-336,""z_mg"":444}"
28.282,left_hand,og,tilt,,"{""roll_deg"":2.5,""pitch_deg"":22.8,""steady"":true}"
28.282,left_hand,og,flick_angles,,"{""side_deg"":-40.5,""fwd_deg"":68.4}"
28.313,left_hand,og,acc,210805,"{""seq"":1374,""x_mg"":848,""y_mg"":-316,""z_mg"":492}"
28.313,left_hand,og,tilt,,"{""roll_deg"":-0.5,""pitch_deg"":26.0,""steady"":true}"
28.313,left_hand,og,flick_angles,,"{""side_deg"":-38.4,""fwd_deg"":65.1}"
28.344,left_hand,og,acc,210825,"{""seq"":1375,""x_mg"":884,""y_mg"":-304,""z_mg"":516}"
28.344,left_hand,og,tilt,,"{""roll_deg"":-3.1,""pitch_deg"":28.4,""steady"":true}"
28.344,left_hand,og,flick_angles,,"{""side_deg"":-35.6,""fwd_deg"":62.5}"
28.344,left_hand,og,acc,210846,"{""seq"":1376,""x_mg"":864,""y_mg"":-272,""z_mg"":528}"
28.344,left_hand,og,tilt,,"{""roll_deg"":-5.0,""pitch_deg"":30.2,""steady"":true}"
28.344,left_hand,og,flick_angles,,"{""side_deg"":-33.0,""fwd_deg"":61.1}"
28.375,left_hand,og,acc,210867,"{""seq"":1377,""x_mg"":876,""y_mg"":-244,""z_mg"":600}"
28.375,left_hand,og,tilt,,"{""roll_deg"":-6.3,""pitch_deg"":31.9,""steady"":true}"
28.375,left_hand,og,flick_angles,,"{""side_deg"":-30.1,""fwd_deg"":59.8}"
28.375,left_hand,og,acc,210887,"{""seq"":1378,""x_mg"":876,""y_mg"":-264,""z_mg"":588}"
28.375,left_hand,og,tilt,,"{""roll_deg"":-7.1,""pitch_deg"":33.2,""steady"":true}"
28.375,left_hand,og,flick_angles,,"{""side_deg"":-27.2,""fwd_deg"":58.0}"
28.407,left_hand,og,acc,210908,"{""seq"":1379,""x_mg"":872,""y_mg"":-292,""z_mg"":556}"
28.407,left_hand,og,tilt,,"{""roll_deg"":-7.8,""pitch_deg"":34.2,""steady"":true}"
28.407,left_hand,og,flick_angles,,"{""side_deg"":-25.7,""fwd_deg"":57.1}"
28.438,left_hand,og,acc,210928,"{""seq"":1380,""x_mg"":868,""y_mg"":-312,""z_mg"":520}"
28.438,left_hand,og,tilt,,"{""roll_deg"":-8.4,""pitch_deg"":35.1,""steady"":true}"
28.438,left_hand,og,flick_angles,,"{""side_deg"":-26.7,""fwd_deg"":57.3}"
28.438,left_hand,og,acc,210949,"{""seq"":1381,""x_mg"":840,""y_mg"":-260,""z_mg"":528}"
28.438,left_hand,og,tilt,,"{""roll_deg"":-8.9,""pitch_deg"":35.9,""steady"":true}"
28.438,left_hand,og,flick_angles,,"{""side_deg"":-27.2,""fwd_deg"":57.6}"
28.469,left_hand,og,acc,210969,"{""seq"":1382,""x_mg"":808,""y_mg"":-236,""z_mg"":544}"
28.469,left_hand,og,tilt,,"{""roll_deg"":-9.2,""pitch_deg"":36.5,""steady"":true}"
28.469,left_hand,og,flick_angles,,"{""side_deg"":-26.7,""fwd_deg"":57.7}"
28.500,left_hand,og,acc,210990,"{""seq"":1383,""x_mg"":800,""y_mg"":-224,""z_mg"":508}"
28.500,left_hand,og,tilt,,"{""roll_deg"":-9.6,""pitch_deg"":37.2,""steady"":true}"
28.500,left_hand,og,flick_angles,,"{""side_deg"":-25.3,""fwd_deg"":57.6}"
28.500,left_hand,og,acc,211010,"{""seq"":1384,""x_mg"":776,""y_mg"":-224,""z_mg"":504}"
28.500,left_hand,og,tilt,,"{""roll_deg"":-9.6,""pitch_deg"":37.7,""steady"":true}"
28.500,left_hand,og,flick_angles,,"{""side_deg"":-24.5,""fwd_deg"":57.3}"
28.532,left_hand,og,acc,211031,"{""seq"":1385,""x_mg"":764,""y_mg"":-244,""z_mg"":540}"
28.532,left_hand,og,tilt,,"{""roll_deg"":-9.6,""pitch_deg"":38.1,""steady"":true}"
28.532,left_hand,og,flick_angles,,"{""side_deg"":-24.2,""fwd_deg"":57.2}"
28.563,left_hand,og,acc,211052,"{""seq"":1386,""x_mg"":768,""y_mg"":-268,""z_mg"":556}"
28.563,left_hand,og,tilt,,"{""roll_deg"":-9.6,""pitch_deg"":38.4,""steady"":true}"
28.563,left_hand,og,flick_angles,,"{""side_deg"":-24.3,""fwd_deg"":56.0}"
28.563,left_hand,og,acc,211072,"{""seq"":1387,""x_mg"":788,""y_mg"":-284,""z_mg"":556}"
28.563,left_hand,og,tilt,,"{""roll_deg"":-9.7,""pitch_deg"":38.4,""steady"":true}"
28.563,left_hand,og,flick_angles,,"{""side_deg"":-25.0,""fwd_deg"":55.3}"
28.594,left_hand,og,acc,211093,"{""seq"":1388,""x_mg"":792,""y_mg"":-268,""z_mg"":564}"
28.594,left_hand,og,tilt,,"{""roll_deg"":-9.8,""pitch_deg"":38.5,""steady"":true}"
28.594,left_hand,og,flick_angles,,"{""side_deg"":-25.4,""fwd_deg"":54.9}"
28.594,left_hand,og,acc,211113,"{""seq"":1389,""x_mg"":784,""y_mg"":-264,""z_mg"":580}"
28.594,left_hand,og,tilt,,"{""roll_deg"":-10.0,""pitch_deg"":38.5,""steady"":true}"
28.594,left_hand,og,flick_angles,,"{""side_deg"":-25.4,""fwd_deg"":54.7}"
28.625,left_hand,og,acc,211134,"{""seq"":1390,""x_mg"":800,""y_mg"":-248,""z_mg"":584}"
28.625,left_hand,og,tilt,,"{""roll_deg"":-10.1,""pitch_deg"":38.5,""steady"":true}"
28.625,left_hand,og,flick_angles,,"{""side_deg"":-24.9,""fwd_deg"":54.3}"
28.672,left_hand,og,acc,211154,"{""seq"":1391,""x_mg"":804,""y_mg"":-252,""z_mg"":584}"
28.672,left_hand,og,tilt,,"{""roll_deg"":-10.1,""pitch_deg"":38.4,""steady"":true}"
28.672,left_hand,og,flick_angles,,"{""side_deg"":-24.1,""fwd_deg"":54.1}"
28.672,left_hand,og,acc,211175,"{""seq"":1392,""x_mg"":816,""y_mg"":-256,""z_mg"":596}"
28.672,left_hand,og,tilt,,"{""roll_deg"":-10.0,""pitch_deg"":38.4,""steady"":true}"
28.672,left_hand,og,flick_angles,,"{""side_deg"":-23.7,""fwd_deg"":54.0}"
28.704,left_hand,og,acc,211196,"{""seq"":1393,""x_mg"":812,""y_mg"":-256,""z_mg"":584}"
28.704,left_hand,og,tilt,,"{""roll_deg"":-9.9,""pitch_deg"":38.3,""steady"":true}"
28.704,left_hand,og,flick_angles,,"{""side_deg"":-23.5,""fwd_deg"":54.0}"
28.735,left_hand,og,acc,211216,"{""seq"":1394,""x_mg"":812,""y_mg"":-260,""z_mg"":584}"
28.735,left_hand,og,tilt,,"{""roll_deg"":-9.8,""pitch_deg"":38.3,""steady"":true}"
28.735,left_hand,og,flick_angles,,"{""side_deg"":-23.6,""fwd_deg"":54.1}"
28.735,left_hand,og,acc,211237,"{""seq"":1395,""x_mg"":800,""y_mg"":-236,""z_mg"":584}"
28.735,left_hand,og,tilt,,"{""roll_deg"":-9.7,""pitch_deg"":38.3,""steady"":true}"
28.735,left_hand,og,flick_angles,,"{""side_deg"":-23.6,""fwd_deg"":54.2}"
28.766,left_hand,og,acc,211257,"{""seq"":1396,""x_mg"":800,""y_mg"":-228,""z_mg"":596}"
28.766,left_hand,og,tilt,,"{""roll_deg"":-9.6,""pitch_deg"":38.2,""steady"":true}"
28.766,left_hand,og,flick_angles,,"{""side_deg"":-22.8,""fwd_deg"":54.0}"
28.797,left_hand,og,acc,211278,"{""seq"":1397,""x_mg"":808,""y_mg"":-216,""z_mg"":600}"
28.797,left_hand,og,tilt,,"{""roll_deg"":-9.4,""pitch_deg"":38.2,""steady"":true}"
28.797,left_hand,og,flick_angles,,"{""side_deg"":-21.9,""fwd_deg"":53.7}"
28.797,left_hand,og,acc,211298,"{""seq"":1398,""x_mg"":796,""y_mg"":-232,""z_mg"":596}"
28.797,left_hand,og,tilt,,"{""roll_deg"":-9.1,""pitch_deg"":38.1,""steady"":true}"
28.797,left_hand,og,flick_angles,,"{""side_deg"":-21.4,""fwd_deg"":53.5}"
28.829,left_hand,og,acc,211319,"{""seq"":1399,""x_mg"":796,""y_mg"":-248,""z_mg"":572}"
28.829,left_hand,og,tilt,,"{""roll_deg"":-8.9,""pitch_deg"":38.1,""steady"":true}"
28.829,left_hand,og,flick_angles,,"{""side_deg"":-21.3,""fwd_deg"":53.5}"
28.860,left_hand,og,acc,211340,"{""seq"":1400,""x_mg"":792,""y_mg"":-236,""z_mg"":588}"
28.860,left_hand,og,tilt,,"{""roll_deg"":-8.6,""pitch_deg"":38.0,""steady"":true}"
28.860,left_hand,og,flick_angles,,"{""side_deg"":-21.6,""fwd_deg"":53.4}"
28.860,left_hand,og,acc,211360,"{""seq"":1401,""x_mg"":788,""y_mg"":-228,""z_mg"":580}"
28.860,left_hand,og,tilt,,"{""roll_deg"":-8.5,""pitch_deg"":37.9,""steady"":true}"
28.860,left_hand,og,flick_angles,,"{""side_deg"":-21.7,""fwd_deg"":53.5}"
28.875,left_hand,og,acc,211381,"{""seq"":1402,""x_mg"":772,""y_mg"":-240,""z_mg"":568}"
28.875,left_hand,og,tilt,,"{""roll_deg"":-8.4,""pitch_deg"":37.9,""steady"":true}"
28.875,left_hand,og,flick_angles,,"{""side_deg"":-21.8,""fwd_deg"":53.6}"
28.907,left_hand,og,acc,211401,"{""seq"":1403,""x_mg"":776,""y_mg"":-256,""z_mg"":580}"
28.907,left_hand,og,tilt,,"{""roll_deg"":-8.4,""pitch_deg"":37.9,""steady"":true}"
28.907,left_hand,og,flick_angles,,"{""side_deg"":-22.4,""fwd_deg"":53.6}"
28.938,left_hand,og,acc,211422,"{""seq"":1404,""x_mg"":764,""y_mg"":-284,""z_mg"":572}"
28.938,left_hand,og,tilt,,"{""roll_deg"":-8.4,""pitch_deg"":37.9,""steady"":true}"
28.938,left_hand,og,flick_angles,,"{""side_deg"":-23.1,""fwd_deg"":53.4}"
28.938,left_hand,og,acc,211442,"{""seq"":1405,""x_mg"":776,""y_mg"":-276,""z_mg"":552}"
28.938,left_hand,og,tilt,,"{""roll_deg"":-8.6,""pitch_deg"":37.8,""steady"":true}"
28.938,left_hand,og,flick_angles,,"{""side_deg"":-24.7,""fwd_deg"":53.3}"
28.969,left_hand,og,acc,211463,"{""seq"":1406,""x_mg"":776,""y_mg"":-256,""z_mg"":568}"
28.969,left_hand,og,tilt,,"{""roll_deg"":-8.7,""pitch_deg"":37.8,""steady"":true}"
28.969,left_hand,og,flick_angles,,"{""side_deg"":-25.6,""fwd_deg"":53.6}"
29.000,left_hand,og,acc,211483,"{""seq"":1407,""x_mg"":760,""y_mg"":-256,""z_mg"":572}"
29.000,left_hand,og,tilt,,"{""roll_deg"":-8.9,""pitch_deg"":37.8,""steady"":true}"
29.000,left_hand,og,flick_angles,,"{""side_deg"":-24.9,""fwd_deg"":53.7}"
29.000,left_hand,og,acc,211504,"{""seq"":1408,""x_mg"":760,""y_mg"":-276,""z_mg"":556}"
29.000,left_hand,og,tilt,,"{""roll_deg"":-9.3,""pitch_deg"":37.8,""steady"":true}"
29.000,left_hand,og,flick_angles,,"{""side_deg"":-24.6,""fwd_deg"":53.7}"
29.032,left_hand,og,acc,211525,"{""seq"":1409,""x_mg"":780,""y_mg"":-268,""z_mg"":584}"
29.032,left_hand,og,tilt,,"{""roll_deg"":-9.4,""pitch_deg"":37.8,""steady"":true}"
29.032,left_hand,og,flick_angles,,"{""side_deg"":-24.6,""fwd_deg"":53.5}"
29.032,left_hand,og,acc,211545,"{""seq"":1410,""x_mg"":764,""y_mg"":-260,""z_mg"":568}"
29.032,left_hand,og,tilt,,"{""roll_deg"":-9.5,""pitch_deg"":37.8,""steady"":true}"
29.032,left_hand,og,flick_angles,,"{""side_deg"":-24.6,""fwd_deg"":53.4}"
29.063,left_hand,og,acc,211566,"{""seq"":1411,""x_mg"":760,""y_mg"":-252,""z_mg"":576}"
29.063,left_hand,og,tilt,,"{""roll_deg"":-9.6,""pitch_deg"":37.7,""steady"":true}"
29.063,left_hand,og,flick_angles,,"{""side_deg"":-24.6,""fwd_deg"":53.3}"
29.079,left_hand,og,acc,211586,"{""seq"":1412,""x_mg"":764,""y_mg"":-240,""z_mg"":592}"
29.079,left_hand,og,tilt,,"{""roll_deg"":-9.7,""pitch_deg"":37.7,""steady"":true}"
29.079,left_hand,og,flick_angles,,"{""side_deg"":-24.1,""fwd_deg"":53.1}"
29.079,left_hand,og,acc,211607,"{""seq"":1413,""x_mg"":756,""y_mg"":-240,""z_mg"":612}"
29.079,left_hand,og,tilt,,"{""roll_deg"":-9.7,""pitch_deg"":37.6,""steady"":true}"
29.079,left_hand,og,flick_angles,,"{""side_deg"":-23.1,""fwd_deg"":52.6}"
29.110,left_hand,og,acc,211627,"{""seq"":1414,""x_mg"":752,""y_mg"":-244,""z_mg"":600}"
29.110,left_hand,og,tilt,,"{""roll_deg"":-9.4,""pitch_deg"":37.4,""steady"":true}"
29.110,left_hand,og,flick_angles,,"{""side_deg"":-22.6,""fwd_deg"":52.0}"
29.141,left_hand,og,acc,211648,"{""seq"":1415,""x_mg"":760,""y_mg"":-260,""z_mg"":612}"
29.141,left_hand,og,tilt,,"{""roll_deg"":-9.3,""pitch_deg"":37.2,""steady"":true}"
29.141,left_hand,og,flick_angles,,"{""side_deg"":-22.4,""fwd_deg"":51.6}"
29.172,left_hand,og,acc,211669,"{""seq"":1416,""x_mg"":760,""y_mg"":-260,""z_mg"":628}"
29.172,left_hand,og,tilt,,"{""roll_deg"":-9.1,""pitch_deg"":37.0,""steady"":true}"
29.172,left_hand,og,flick_angles,,"{""side_deg"":-22.4,""fwd_deg"":51.4}"
29.204,left_hand,og,acc,211689,"{""seq"":1417,""x_mg"":744,""y_mg"":-256,""z_mg"":640}"
29.204,left_hand,og,tilt,,"{""roll_deg"":-8.9,""pitch_deg"":36.8,""steady"":true}"
29.204,left_hand,og,flick_angles,,"{""side_deg"":-22.5,""fwd_deg"":50.9}"
29.204,left_hand,og,acc,211710,"{""seq"":1418,""x_mg"":752,""y_mg"":-268,""z_mg"":632}"
29.204,left_hand,og,tilt,,"{""roll_deg"":-8.9,""pitch_deg"":36.5,""steady"":true}"
29.204,left_hand,og,flick_angles,,"{""side_deg"":-22.5,""fwd_deg"":50.4}"
29.235,left_hand,og,acc,211730,"{""seq"":1419,""x_mg"":764,""y_mg"":-272,""z_mg"":644}"
29.235,left_hand,og,tilt,,"{""roll_deg"":-8.8,""pitch_deg"":36.2,""steady"":true}"
29.235,left_hand,og,flick_angles,,"{""side_deg"":-22.7,""fwd_deg"":50.2}"
29.235,left_hand,og,acc,211751,"{""seq"":1420,""x_mg"":756,""y_mg"":-264,""z_mg"":652}"
29.235,left_hand,og,tilt,,"{""roll_deg"":-8.8,""pitch_deg"":35.9,""steady"":true}"
29.235,left_hand,og,flick_angles,,"{""side_deg"":-22.8,""fwd_deg"":50.0}"
29.266,left_hand,og,acc,211771,"{""seq"":1421,""x_mg"":764,""y_mg"":-264,""z_mg"":648}"
29.266,left_hand,og,tilt,,"{""roll_deg"":-8.7,""pitch_deg"":35.7,""steady"":true}"
29.266,left_hand,og,flick_angles,,"{""side_deg"":-22.5,""fwd_deg"":49.9}"
29.282,left_hand,og,acc,211792,"{""seq"":1422,""x_mg"":756,""y_mg"":-260,""z_mg"":648}"
29.282,left_hand,og,tilt,,"{""roll_deg"":-8.6,""pitch_deg"":35.5,""steady"":true}"
29.282,left_hand,og,flick_angles,,"{""side_deg"":-22.3,""fwd_deg"":49.6}"
29.282,left_hand,og,acc,211812,"{""seq"":1423,""x_mg"":748,""y_mg"":-248,""z_mg"":644}"
29.282,left_hand,og,tilt,,"{""roll_deg"":-8.5,""pitch_deg"":35.2,""steady"":true}"
29.282,left_hand,og,flick_angles,,"{""side_deg"":-22.1,""fwd_deg"":49.5}"
29.329,left_hand,og,acc,211833,"{""seq"":1424,""x_mg"":744,""y_mg"":-256,""z_mg"":636}"
29.329,left_hand,og,tilt,,"{""roll_deg"":-8.4,""pitch_deg"":35.0,""steady"":true}"
29.329,left_hand,og,flick_angles,,"{""side_deg"":-22.0,""fwd_deg"":49.5}"
29.360,left_hand,og,acc,211854,"{""seq"":1425,""x_mg"":744,""y_mg"":-260,""z_mg"":644}"
29.360,left_hand,og,tilt,,"{""roll_deg"":-8.3,""pitch_deg"":34.8,""steady"":true}"
29.360,left_hand,og,flick_angles,,"{""side_deg"":-21.9,""fwd_deg"":49.4}"
29.391,left_hand,og,acc,211874,"{""seq"":1426,""x_mg"":740,""y_mg"":-264,""z_mg"":644}"
29.391,left_hand,og,tilt,,"{""roll_deg"":-8.2,""pitch_deg"":34.7,""steady"":true}"
29.391,left_hand,og,flick_angles,,"{""side_deg"":-22.0,""fwd_deg"":49.2}"
29.391,left_hand,og,acc,211895,"{""seq"":1427,""x_mg"":732,""y_mg"":-248,""z_mg"":644}"
29.391,left_hand,og,tilt,,"{""roll_deg"":-8.1,""pitch_deg"":34.5,""steady"":true}"
29.391,left_hand,og,flick_angles,,"{""side_deg"":-22.0,""fwd_deg"":49.1}"
29.422,left_hand,og,acc,211915,"{""seq"":1428,""x_mg"":724,""y_mg"":-244,""z_mg"":648}"
29.422,left_hand,og,tilt,,"{""roll_deg"":-8.1,""pitch_deg"":34.3,""steady"":true}"
29.422,left_hand,og,flick_angles,,"{""side_deg"":-21.5,""fwd_deg"":48.9}"
29.454,left_hand,og,acc,211936,"{""seq"":1429,""x_mg"":724,""y_mg"":-260,""z_mg"":640}"
29.454,left_hand,og,tilt,,"{""roll_deg"":-8.0,""pitch_deg"":34.1,""steady"":true}"
29.454,left_hand,og,flick_angles,,"{""side_deg"":-21.3,""fwd_deg"":48.7}"
29.454,left_hand,og,acc,211956,"{""seq"":1430,""x_mg"":728,""y_mg"":-272,""z_mg"":640}"
29.454,left_hand,og,tilt,,"{""roll_deg"":-8.0,""pitch_deg"":34.0,""steady"":true}"
29.454,left_hand,og,flick_angles,,"{""side_deg"":-21.7,""fwd_deg"":48.6}"
29.485,left_hand,og,acc,211977,"{""seq"":1431,""x_mg"":724,""y_mg"":-284,""z_mg"":636}"
29.485,left_hand,og,tilt,,"{""roll_deg"":-8.0,""pitch_deg"":33.8,""steady"":true}"
29.485,left_hand,og,flick_angles,,"{""side_deg"":-22.4,""fwd_deg"":48.6}"
29.500,left_hand,og,acc,211998,"{""seq"":1432,""x_mg"":740,""y_mg"":-344,""z_mg"":636}"
29.500,left_hand,og,tilt,,"{""roll_deg"":-8.1,""pitch_deg"":33.7,""steady"":true}"
29.500,left_hand,og,flick_angles,,"{""side_deg"":-23.2,""fwd_deg"":48.7}"
29.500,left_hand,og,acc,212018,"{""seq"":1433,""x_mg"":712,""y_mg"":-356,""z_mg"":628}"
29.500,left_hand,og,tilt,,"{""roll_deg"":-8.3,""pitch_deg"":33.6,""steady"":true}"
29.500,left_hand,og,flick_angles,,"{""side_deg"":-25.8,""fwd_deg"":48.7}"
29.547,left_hand,og,acc,212039,"{""seq"":1434,""x_mg"":716,""y_mg"":-352,""z_mg"":620}"
29.547,left_hand,og,tilt,,"{""roll_deg"":-9.0,""pitch_deg"":33.5,""steady"":true}"
29.547,left_hand,og,flick_angles,,"{""side_deg"":-27.7,""fwd_deg"":48.9}"
29.579,left_hand,og,acc,212059,"{""seq"":1435,""x_mg"":716,""y_mg"":-428,""z_mg"":592}"
29.579,left_hand,og,tilt,,"{""roll_deg"":-9.7,""pitch_deg"":33.5,""steady"":true}"
29.579,left_hand,og,flick_angles,,"{""side_deg"":-28.6,""fwd_deg"":49.0}"
29.579,left_hand,og,acc,212080,"{""seq"":1436,""x_mg"":704,""y_mg"":-560,""z_mg"":584}"
29.579,left_hand,og,tilt,,"{""roll_deg"":-10.4,""pitch_deg"":33.5,""steady"":true}"
29.579,left_hand,og,flick_angles,,"{""side_deg"":-32.2,""fwd_deg"":49.7}"
29.579,left_hand,game,flick,,"{""dir"":""left"",""result"":""none""}"
29.610,left_hand,og,acc,212100,"{""seq"":1437,""x_mg"":704,""y_mg"":-596,""z_mg"":600}"
29.610,left_hand,og,tilt,,"{""roll_deg"":-11.8,""pitch_deg"":33.5,""steady"":true}"
29.610,left_hand,og,flick_angles,,"{""side_deg"":-38.0,""fwd_deg"":50.0}"
29.610,left_hand,og,acc,212121,"{""seq"":1438,""x_mg"":684,""y_mg"":-536,""z_mg"":604}"
29.610,left_hand,og,tilt,,"{""roll_deg"":-13.6,""pitch_deg"":33.5,""steady"":true}"
29.610,left_hand,og,flick_angles,,"{""side_deg"":-40.9,""fwd_deg"":49.8}"
29.641,left_hand,og,acc,212142,"{""seq"":1439,""x_mg"":680,""y_mg"":-532,""z_mg"":604}"
29.641,left_hand,og,tilt,,"{""roll_deg"":-15.3,""pitch_deg"":33.5,""steady"":true}"
29.641,left_hand,og,flick_angles,,"{""side_deg"":-41.2,""fwd_deg"":49.2}"
29.672,left_hand,og,acc,212162,"{""seq"":1440,""x_mg"":656,""y_mg"":-552,""z_mg"":576}"
29.672,left_hand,og,tilt,,"{""roll_deg"":-17.0,""pitch_deg"":33.5,""steady"":true}"
29.672,left_hand,og,flick_angles,,"{""side_deg"":-41.4,""fwd_deg"":48.9}"
29.672,left_hand,og,acc,212183,"{""seq"":1441,""x_mg"":628,""y_mg"":-524,""z_mg"":544}"
29.672,left_hand,og,tilt,,"{""roll_deg"":-18.5,""pitch_deg"":33.4,""steady"":true}"
29.672,left_hand,og,flick_angles,,"{""side_deg"":-42.6,""fwd_deg"":48.8}"
29.704,left_hand,og,acc,212203,"{""seq"":1442,""x_mg"":632,""y_mg"":-480,""z_mg"":520}"
29.704,left_hand,og,tilt,,"{""roll_deg"":-19.7,""pitch_deg"":33.3,""steady"":true}"
29.704,left_hand,og,flick_angles,,"{""side_deg"":-43.2,""fwd_deg"":48.9}"
29.735,left_hand,og,acc,212224,"{""seq"":1443,""x_mg"":608,""y_mg"":-332,""z_mg"":512}"
29.735,left_hand,og,tilt,,"{""roll_deg"":-20.7,""pitch_deg"":33.3,""steady"":true}"
29.735,left_hand,og,flick_angles,,"{""side_deg"":-42.9,""fwd_deg"":49.4}"
29.735,left_hand,og,acc,212244,"{""seq"":1444,""x_mg"":624,""y_mg"":-268,""z_mg"":520}"
29.735,left_hand,og,tilt,,"{""roll_deg"":-21.7,""pitch_deg"":33.4,""steady"":true}"
29.735,left_hand,og,flick_angles,,"{""side_deg"":-38.0,""fwd_deg"":49.8}"
29.766,left_hand,og,acc,212265,"{""seq"":1445,""x_mg"":572,""y_mg"":-228,""z_mg"":584}"
29.766,left_hand,og,tilt,,"{""roll_deg"":-21.3,""pitch_deg"":33.5,""steady"":true}"
29.766,left_hand,og,flick_angles,,"{""side_deg"":-32.6,""fwd_deg"":49.9}"
29.797,left_hand,og,acc,212286,"{""seq"":1446,""x_mg"":492,""y_mg"":-84,""z_mg"":592}"
29.797,left_hand,og,tilt,,"{""roll_deg"":-20.3,""pitch_deg"":33.5,""steady"":true}"
29.797,left_hand,og,flick_angles,,"{""side_deg"":-27.0,""fwd_deg"":47.1}"
29.797,left_hand,og,acc,212306,"{""seq"":1447,""x_mg"":364,""y_mg"":192,""z_mg"":684}"
29.797,left_hand,og,tilt,,"{""roll_deg"":-18.7,""pitch_deg"":32.9,""steady"":true}"
29.797,left_hand,og,flick_angles,,"{""side_deg"":-17.5,""fwd_deg"":43.4}"
29.829,left_hand,og,acc,212327,"{""seq"":1448,""x_mg"":320,""y_mg"":464,""z_mg"":812}"
29.829,left_hand,og,tilt,,"{""roll_deg"":-15.7,""pitch_deg"":31.8,""steady"":true}"
29.829,left_hand,og,flick_angles,,"{""side_deg"":-0.9,""fwd_deg"":35.7}"
29.860,left_hand,og,acc,212347,"{""seq"":1449,""x_mg"":356,""y_mg"":560,""z_mg"":864}"
29.860,left_hand,og,tilt,,"{""roll_deg"":-10.2,""pitch_deg"":29.5,""steady"":true}"
29.860,left_hand,og,flick_angles,,"{""side_deg"":14.4,""fwd_deg"":29.1}"
29.860,left_hand,og,acc,212368,"{""seq"":1450,""x_mg"":260,""y_mg"":636,""z_mg"":864}"
29.860,left_hand,og,tilt,,"{""roll_deg"":-3.7,""pitch_deg"":26.7,""steady"":true}"
29.860,left_hand,og,flick_angles,,"{""side_deg"":23.7,""fwd_deg"":25.3}"
29.891,left_hand,og,acc,212388,"{""seq"":1451,""x_mg"":60,""y_mg"":916,""z_mg"":960}"
29.891,left_hand,og,tilt,,"{""roll_deg"":-3.7,""pitch_deg"":26.7,""steady"":false}"
29.891,left_hand,og,flick_angles,,"{""side_deg"":30.0,""fwd_deg"":21.0}"
29.891,left_hand,og,acc,212409,"{""seq"":1452,""x_mg"":80,""y_mg"":1264,""z_mg"":996}"
29.891,left_hand,og,tilt,,"{""roll_deg"":-3.7,""pitch_deg"":26.7,""steady"":false}"
29.891,left_hand,og,flick_angles,,"{""side_deg"":36.8,""fwd_deg"":12.8}"
29.907,left_hand,og,acc,212429,"{""seq"":1453,""x_mg"":292,""y_mg"":1124,""z_mg"":940}"
29.907,left_hand,og,tilt,,"{""roll_deg"":-3.7,""pitch_deg"":26.7,""steady"":false}"
29.907,left_hand,og,flick_angles,,"{""side_deg"":43.5,""fwd_deg"":8.7}"
29.938,left_hand,og,acc,212450,"{""seq"":1454,""x_mg"":436,""y_mg"":780,""z_mg"":920}"
29.938,left_hand,og,tilt,,"{""roll_deg"":2.4,""pitch_deg"":24.3,""steady"":true}"
29.938,left_hand,og,flick_angles,,"{""side_deg"":46.8,""fwd_deg"":13.0}"
29.938,left_hand,game,wrong,,"{""n"":15,""want"":""right"",""got"":""up""}"
29.985,left_hand,og,acc,212471,"{""seq"":1455,""x_mg"":560,""y_mg"":524,""z_mg"":864}"
29.985,left_hand,og,tilt,,"{""roll_deg"":7.8,""pitch_deg"":22.2,""steady"":true}"
29.985,left_hand,og,flick_angles,,"{""side_deg"":43.5,""fwd_deg"":19.2}"
30.016,left_hand,og,acc,212491,"{""seq"":1456,""x_mg"":628,""y_mg"":504,""z_mg"":856}"
30.016,left_hand,og,tilt,,"{""roll_deg"":12.5,""pitch_deg"":20.6,""steady"":true}"
30.016,left_hand,og,flick_angles,,"{""side_deg"":37.4,""fwd_deg"":26.1}"
30.016,left_hand,og,acc,212512,"{""seq"":1457,""x_mg"":648,""y_mg"":464,""z_mg"":840}"
30.016,left_hand,og,tilt,,"{""roll_deg"":16.5,""pitch_deg"":20.2,""steady"":true}"
30.016,left_hand,og,flick_angles,,"{""side_deg"":33.9,""fwd_deg"":31.2}"
30.032,left_hand,og,acc,212532,"{""seq"":1458,""x_mg"":644,""y_mg"":396,""z_mg"":828}"
30.032,left_hand,og,tilt,,"{""roll_deg"":19.9,""pitch_deg"":20.2,""steady"":true}"
30.032,left_hand,og,flick_angles,,"{""side_deg"":31.4,""fwd_deg"":34.4}"
30.063,left_hand,og,acc,212553,"{""seq"":1459,""x_mg"":632,""y_mg"":324,""z_mg"":832}"
30.063,left_hand,og,tilt,,"{""roll_deg"":22.7,""pitch_deg"":20.4,""steady"":true}"
30.063,left_hand,og,flick_angles,,"{""side_deg"":28.5,""fwd_deg"":36.0}"
30.094,left_hand,og,acc,212573,"{""seq"":1460,""x_mg"":608,""y_mg"":260,""z_mg"":832}"
30.094,left_hand,og,tilt,,"{""roll_deg"":24.7,""pitch_deg"":20.5,""steady"":true}"
30.094,left_hand,og,flick_angles,,"{""side_deg"":24.9,""fwd_deg"":36.6}"
30.094,left_hand,og,acc,212594,"{""seq"":1461,""x_mg"":584,""y_mg"":216,""z_mg"":832}"
30.094,left_hand,og,tilt,,"{""roll_deg"":26.0,""pitch_deg"":20.6,""steady"":true}"
30.094,left_hand,og,flick_angles,,"{""side_deg"":21.1,""fwd_deg"":36.4}"
30.125,left_hand,og,acc,212615,"{""seq"":1462,""x_mg"":552,""y_mg"":196,""z_mg"":832}"
30.125,left_hand,og,tilt,,"{""roll_deg"":26.7,""pitch_deg"":20.5,""steady"":true}"
30.125,left_hand,og,flick_angles,,"{""side_deg"":17.8,""fwd_deg"":35.7}"
30.125,left_hand,og,acc,212635,"{""seq"":1463,""x_mg"":548,""y_mg"":188,""z_mg"":812}"
30.125,left_hand,og,tilt,,"{""roll_deg"":26.9,""pitch_deg"":20.4,""steady"":true}"
30.125,left_hand,og,flick_angles,,"{""side_deg"":15.5,""fwd_deg"":34.9}"
30.157,left_hand,og,acc,212656,"{""seq"":1464,""x_mg"":532,""y_mg"":184,""z_mg"":780}"
30.157,left_hand,og,tilt,,"{""roll_deg"":27.0,""pitch_deg"":20.1,""steady"":true}"
30.157,left_hand,og,flick_angles,,"{""side_deg"":14.4,""fwd_deg"":34.4}"
30.188,left_hand,og,acc,212676,"{""seq"":1465,""x_mg"":508,""y_mg"":192,""z_mg"":752}"
30.188,left_hand,og,tilt,,"{""roll_deg"":27.1,""pitch_deg"":19.9,""steady"":true}"
30.188,left_hand,og,flick_angles,,"{""side_deg"":13.8,""fwd_deg"":34.2}"
30.188,left_hand,og,acc,212697,"{""seq"":1466,""x_mg"":512,""y_mg"":220,""z_mg"":732}"
30.188,left_hand,og,tilt,,"{""roll_deg"":27.1,""pitch_deg"":19.7,""steady"":true}"
30.188,left_hand,og,flick_angles,,"{""side_deg"":14.1,""fwd_deg"":34.3}"
30.219,left_hand,og,acc,212717,"{""seq"":1467,""x_mg"":524,""y_mg"":228,""z_mg"":740}"
30.219,left_hand,og,tilt,,"{""roll_deg"":27.3,""pitch_deg"":19.5,""steady"":true}"
30.219,left_hand,og,flick_angles,,"{""side_deg"":15.4,""fwd_deg"":34.6}"
30.250,left_hand,og,acc,212738,"{""seq"":1468,""x_mg"":516,""y_mg"":232,""z_mg"":728}"
30.250,left_hand,og,tilt,,"{""roll_deg"":27.8,""pitch_deg"":19.5,""steady"":true}"
30.250,left_hand,og,flick_angles,,"{""side_deg"":16.3,""fwd_deg"":35.0}"
30.250,left_hand,og,acc,212759,"{""seq"":1469,""x_mg"":516,""y_mg"":236,""z_mg"":736}"
30.250,left_hand,og,tilt,,"{""roll_deg"":28.2,""pitch_deg"":19.5,""steady"":true}"
30.250,left_hand,og,flick_angles,,"{""side_deg"":17.0,""fwd_deg"":35.1}"
30.282,left_hand,og,acc,212779,"{""seq"":1470,""x_mg"":528,""y_mg"":236,""z_mg"":764}"
30.282,left_hand,og,tremor,,"{""rms_mg"":80.3,""peak_hz"":4.2}"
30.282,left_hand,og,tilt,,"{""roll_deg"":28.6,""pitch_deg"":19.4,""steady"":true}"
30.282,left_hand,og,flick_angles,,"{""side_deg"":17.3,""fwd_deg"":35.1}"
30.313,left_hand,og,acc,212800,"{""seq"":1471,""x_mg"":528,""y_mg"":216,""z_mg"":760}"
30.313,left_hand,og,tilt,,"{""roll_deg"":28.9,""pitch_deg"":19.4,""steady"":true}"
30.313,left_hand,og,flick_angles,,"{""side_deg"":17.2,""fwd_deg"":34.9}"
30.313,left_hand,og,acc,212820,"{""seq"":1472,""x_mg"":520,""y_mg"":208,""z_mg"":772}"
30.313,left_hand,og,tilt,,"{""roll_deg"":29.2,""pitch_deg"":19.3,""steady"":true}"
30.313,left_hand,og,flick_angles,,"{""side_deg"":16.6,""fwd_deg"":34.8}"
30.344,left_hand,og,acc,212841,"{""seq"":1473,""x_mg"":528,""y_mg"":208,""z_mg"":796}"
30.344,left_hand,og,tilt,,"{""roll_deg"":29.3,""pitch_deg"":19.3,""steady"":true}"
30.344,left_hand,og,flick_angles,,"{""side_deg"":15.8,""fwd_deg"":34.4}"
30.360,left_hand,og,acc,212861,"{""seq"":1474,""x_mg"":528,""y_mg"":232,""z_mg"":808}"
30.360,left_hand,og,tilt,,"{""roll_deg"":29.4,""pitch_deg"":19.1,""steady"":true}"
30.360,left_hand,og,flick_angles,,"{""side_deg"":15.4,""fwd_deg"":34.0}"
30.391,left_hand,og,acc,212882,"{""seq"":1475,""x_mg"":528,""y_mg"":240,""z_mg"":824}"
30.391,left_hand,og,tilt,,"{""roll_deg"":29.5,""pitch_deg"":18.9,""steady"":true}"
30.391,left_hand,og,flick_angles,,"{""side_deg"":15.7,""fwd_deg"":33.6}"
30.391,left_hand,og,acc,212903,"{""seq"":1476,""x_mg"":528,""y_mg"":232,""z_mg"":812}"
30.391,left_hand,og,tilt,,"{""roll_deg"":29.6,""pitch_deg"":18.7,""steady"":true}"
30.391,left_hand,og,flick_angles,,"{""side_deg"":15.9,""fwd_deg"":33.3}"
30.422,left_hand,og,acc,212923,"{""seq"":1477,""x_mg"":528,""y_mg"":252,""z_mg"":816}"
30.422,left_hand,og,tilt,,"{""roll_deg"":29.7,""pitch_deg"":18.6,""steady"":true}"
30.422,left_hand,og,flick_angles,,"{""side_deg"":16.1,""fwd_deg"":33.1}"
30.454,left_hand,og,acc,212944,"{""seq"":1478,""x_mg"":520,""y_mg"":280,""z_mg"":824}"
30.454,left_hand,og,tilt,,"{""roll_deg"":29.8,""pitch_deg"":18.4,""steady"":true}"
30.454,left_hand,og,flick_angles,,"{""side_deg"":16.6,""fwd_deg"":33.0}"
30.454,left_hand,og,acc,212964,"{""seq"":1479,""x_mg"":488,""y_mg"":332,""z_mg"":832}"
30.454,left_hand,og,tilt,,"{""roll_deg"":30.0,""pitch_deg"":18.2,""steady"":true}"
30.454,left_hand,og,flick_angles,,"{""side_deg"":17.7,""fwd_deg"":32.6}"
30.485,left_hand,og,acc,212985,"{""seq"":1480,""x_mg"":504,""y_mg"":376,""z_mg"":828}"
30.485,left_hand,og,tilt,,"{""roll_deg"":30.3,""pitch_deg"":18.0,""steady"":true}"
30.485,left_hand,og,flick_angles,,"{""side_deg"":19.7,""fwd_deg"":32.0}"
30.516,left_hand,og,acc,213005,"{""seq"":1481,""x_mg"":528,""y_mg"":384,""z_mg"":820}"
30.516,left_hand,og,tilt,,"{""roll_deg"":31.0,""pitch_deg"":17.8,""steady"":true}"
30.516,left_hand,og,flick_angles,,"{""side_deg"":22.1,""fwd_deg"":31.7}"
30.516,left_hand,og,acc,213026,"{""seq"":1482,""x_mg"":524,""y_mg"":380,""z_mg"":820}"
30.516,left_hand,og,tilt,,"{""roll_deg"":31.9,""pitch_deg"":17.6,""steady"":true}"
30.516,left_hand,og,flick_angles,,"{""side_deg"":23.5,""fwd_deg"":32.1}"
30.547,left_hand,og,acc,213046,"{""seq"":1483,""x_mg"":540,""y_mg"":344,""z_mg"":788}"
30.547,left_hand,og,tilt,,"{""roll_deg"":32.8,""pitch_deg"":17.5,""steady"":true}"
30.547,left_hand,og,flick_angles,,"{""side_deg"":24.2,""fwd_deg"":32.4}"
30.579,left_hand,og,acc,213067,"{""seq"":1484,""x_mg"":564,""y_mg"":296,""z_mg"":784}"
30.579,left_hand,og,tilt,,"{""roll_deg"":33.5,""pitch_deg"":17.4,""steady"":true}"
30.579,left_hand,og,flick_angles,,"{""side_deg"":23.9,""fwd_deg"":33.4}"
30.579,left_hand,og,acc,213088,"{""seq"":1485,""x_mg"":560,""y_mg"":268,""z_mg"":776}"
30.579,left_hand,og,tilt,,"{""roll_deg"":34.0,""pitch_deg"":17.6,""steady"":true}"
30.579,left_hand,og,flick_angles,,"{""side_deg"":22.3,""fwd_deg"":34.6}"
30.610,left_hand,og,acc,213108,"{""seq"":1486,""x_mg"":568,""y_mg"":244,""z_mg"":776}"
30.610,left_hand,og,tilt,,"{""roll_deg"":34.1,""pitch_deg"":17.8,""steady"":true}"
30.610,left_hand,og,flick_angles,,"{""side_deg"":20.7,""fwd_deg"":35.2}"
30.610,left_hand,og,acc,213129,"{""seq"":1487,""x_mg"":580,""y_mg"":228,""z_mg"":772}"
30.610,left_hand,og,tilt,,"{""roll_deg"":34.0,""pitch_deg"":18.1,""steady"":true}"
30.610,left_hand,og,flick_angles,,"{""side_deg"":19.1,""fwd_deg"":35.7}"
30.657,left_hand,og,acc,213149,"{""seq"":1488,""x_mg"":588,""y_mg"":200,""z_mg"":764}"
30.657,left_hand,og,tilt,,"{""roll_deg"":33.7,""pitch_deg"":18.4,""steady"":true}"
30.657,left_hand,og,flick_angles,,"{""side_deg"":17.8,""fwd_deg"":36.3}"
30.688,left_hand,og,acc,213170,"{""seq"":1489,""x_mg"":588,""y_mg"":192,""z_mg"":768}"
30.688,left_hand,og,tilt,,"{""roll_deg"":33.4,""pitch_deg"":18.7,""steady"":true}"
30.688,left_hand,og,flick_angles,,"{""side_deg"":16.2,""fwd_deg"":36.9}"
30.688,left_hand,og,acc,213190,"{""seq"":1490,""x_mg"":596,""y_mg"":164,""z_mg"":768}"
30.688,left_hand,og,tilt,,"{""roll_deg"":32.8,""pitch_deg"":19.0,""steady"":true}"
30.688,left_hand,og,flick_angles,,"{""side_deg"":15.1,""fwd_deg"":37.2}"
30.719,left_hand,og,acc,213211,"{""seq"":1491,""x_mg"":596,""y_mg"":140,""z_mg"":756}"
30.719,left_hand,og,tilt,,"{""roll_deg"":32.3,""pitch_deg"":19.3,""steady"":true}"
30.719,left_hand,og,flick_angles,,"{""side_deg"":13.6,""fwd_deg"":37.5}"
30.750,left_hand,og,acc,213232,"{""seq"":1492,""x_mg"":584,""y_mg"":136,""z_mg"":756}"
30.750,left_hand,og,tilt,,"{""roll_deg"":31.6,""pitch_deg"":19.6,""steady"":true}"
30.750,left_hand,og,flick_angles,,"{""side_deg"":12.0,""fwd_deg"":37.7}"
30.750,left_hand,og,acc,213252,"{""seq"":1493,""x_mg"":580,""y_mg"":152,""z_mg"":760}"
30.750,left_hand,og,tilt,,"{""roll_deg"":30.9,""pitch_deg"":19.9,""steady"":true}"
30.750,left_hand,og,flick_angles,,"{""side_deg"":11.3,""fwd_deg"":37.7}"
30.782,left_hand,og,acc,213273,"{""seq"":1494,""x_mg"":572,""y_mg"":168,""z_mg"":756}"
30.782,left_hand,og,tilt,,"{""roll_deg"":30.2,""pitch_deg"":20.1,""steady"":true}"
30.782,left_hand,og,flick_angles,,"{""side_deg"":11.3,""fwd_deg"":37.5}"
30.813,left_hand,og,acc,213293,"{""seq"":1495,""x_mg"":560,""y_mg"":192,""z_mg"":756}"
30.813,left_hand,og,tilt,,"{""roll_deg"":29.7,""pitch_deg"":20.3,""steady"":true}"
30.813,left_hand,og,flick_angles,,"{""side_deg"":11.9,""fwd_deg"":37.3}"
30.813,left_hand,og,acc,213314,"{""seq"":1496,""x_mg"":556,""y_mg"":200,""z_mg"":764}"
30.813,left_hand,og,tilt,,"{""roll_deg"":29.3,""pitch_deg"":20.4,""steady"":true}"
30.813,left_hand,og,flick_angles,,"{""side_deg"":13.1,""fwd_deg"":36.9}"
30.844,left_hand,og,acc,213334,"{""seq"":1497,""x_mg"":548,""y_mg"":212,""z_mg"":764}"
30.844,left_hand,og,tilt,,"{""roll_deg"":29.2,""pitch_deg"":20.4,""steady"":true}"
30.844,left_hand,og,flick_angles,,"{""side_deg"":13.9,""fwd_deg"":36.5}"
30.875,left_hand,og,acc,213355,"{""seq"":1498,""x_mg"":548,""y_mg"":212,""z_mg"":776}"
30.875,left_hand,og,tilt,,"{""roll_deg"":29.2,""pitch_deg"":20.4,""steady"":true}"
30.875,left_hand,og,flick_angles,,"{""side_deg"":14.6,""fwd_deg"":36.1}"
30.875,left_hand,og,acc,213376,"{""seq"":1499,""x_mg"":552,""y_mg"":208,""z_mg"":772}"
30.875,left_hand,og,tilt,,"{""roll_deg"":29.2,""pitch_deg"":20.3,""steady"":true}"
30.875,left_hand,og,flick_angles,,"{""side_deg"":14.9,""fwd_deg"":35.8}"
30.907,left_hand,og,acc,213396,"{""seq"":1500,""x_mg"":540,""y_mg"":220,""z_mg"":784}"
30.907,left_hand,og,tilt,,"{""roll_deg"":29.3,""pitch_deg"":20.2,""steady"":true}"
30.907,left_hand,og,flick_angles,,"{""side_deg"":15.1,""fwd_deg"":35.5}"
30.907,left_hand,og,acc,213417,"{""seq"":1501,""x_mg"":540,""y_mg"":232,""z_mg"":800}"
30.907,left_hand,og,tilt,,"{""roll_deg"":29.3,""pitch_deg"":20.1,""steady"":true}"
30.907,left_hand,og,flick_angles,,"{""side_deg"":15.4,""fwd_deg"":35.0}"
30.938,left_hand,og,acc,213437,"{""seq"":1502,""x_mg"":536,""y_mg"":224,""z_mg"":812}"
30.938,left_hand,og,tilt,,"{""roll_deg"":29.4,""pitch_deg"":20.0,""steady"":true}"
30.938,left_hand,og,flick_angles,,"{""side_deg"":15.5,""fwd_deg"":34.5}"
30.969,left_hand,og,acc,213458,"{""seq"":1503,""x_mg"":540,""y_mg"":212,""z_mg"":828}"
30.969,left_hand,og,tilt,,"{""roll_deg"":29.4,""pitch_deg"":19.7,""steady"":true}"
30.969,left_hand,og,flick_angles,,"{""side_deg"":15.5,""fwd_deg"":34.0}"
30.985,left_hand,og,acc,213478,"{""seq"":1504,""x_mg"":552,""y_mg"":204,""z_mg"":816}"
30.985,left_hand,og,tilt,,"{""roll_deg"":29.4,""pitch_deg"":19.6,""steady"":true}"
30.985,left_hand,og,flick_angles,,"{""side_deg"":14.9,""fwd_deg"":33.7}"
31.016,left_hand,og,acc,213499,"{""seq"":1505,""x_mg"":556,""y_mg"":196,""z_mg"":820}"
31.016,left_hand,og,tilt,,"{""roll_deg"":29.3,""pitch_deg"":19.4,""steady"":true}"
31.016,left_hand,og,flick_angles,,"{""side_deg"":14.5,""fwd_deg"":33.9}"
31.016,left_hand,og,acc,213519,"{""seq"":1506,""x_mg"":564,""y_mg"":204,""z_mg"":820}"
31.016,left_hand,og,tilt,,"{""roll_deg"":29.2,""pitch_deg"":19.2,""steady"":true}"
31.016,left_hand,og,flick_angles,,"{""side_deg"":14.2,""fwd_deg"":34.0}"
31.047,left_hand,og,acc,213540,"{""seq"":1507,""x_mg"":556,""y_mg"":208,""z_mg"":812}"
31.047,left_hand,og,tilt,,"{""roll_deg"":29.1,""pitch_deg"":19.1,""steady"":true}"
31.047,left_hand,og,flick_angles,,"{""side_deg"":14.1,""fwd_deg"":34.2}"
31.047,left_hand,og,acc,213561,"{""seq"":1508,""x_mg"":564,""y_mg"":216,""z_mg"":800}"
31.047,left_hand,og,tilt,,"{""roll_deg"":29.0,""pitch_deg"":19.1,""steady"":true}"
31.047,left_hand,og,flick_angles,,"{""side_deg"":14.2,""fwd_deg"":34.4}"
31.079,left_hand,og,acc,213581,"{""seq"":1509,""x_mg"":552,""y_mg"":220,""z_mg"":800}"
31.079,left_hand,og,tilt,,"{""roll_deg"":29.0,""pitch_deg"":19.0,""steady"":true}"
31.079,left_hand,og,flick_angles,,"{""side_deg"":14.7,""fwd_deg"":34.5}"
31.110,left_hand,og,acc,213602,"{""seq"":1510,""x_mg"":556,""y_mg"":232,""z_mg"":784}"
31.110,left_hand,og,tilt,,"{""roll_deg"":29.0,""pitch_deg"":19.0,""steady"":true}"
31.110,left_hand,og,flick_angles,,"{""side_deg"":15.0,""fwd_deg"":34.8}"
31.110,left_hand,og,acc,213622,"{""seq"":1511,""x_mg"":548,""y_mg"":232,""z_mg"":796}"
31.110,left_hand,og,tilt,,"{""roll_deg"":29.1,""pitch_deg"":18.9,""steady"":true}"
31.110,left_hand,og,flick_angles,,"{""side_deg"":15.6,""fwd_deg"":34.7}"
31.141,left_hand,og,acc,213643,"{""seq"":1512,""x_mg"":548,""y_mg"":236,""z_mg"":788}"
31.141,left_hand,og,tilt,,"{""roll_deg"":29.3,""pitch_deg"":18.9,""steady"":true}"
31.141,left_hand,og,flick_angles,,"{""side_deg"":16.1,""fwd_deg"":34.8}"
31.157,left_hand,og,acc,213663,"{""seq"":1513,""x_mg"":548,""y_mg"":252,""z_mg"":780}"
31.157,left_hand,og,tilt,,"{""roll_deg"":29.4,""pitch_deg"":18.9,""steady"":true}"
31.157,left_hand,og,flick_angles,,"{""side_deg"":16.4,""fwd_deg"":34.8}"
31.157,left_hand,og,acc,213684,"{""seq"":1514,""x_mg"":548,""y_mg"":256,""z_mg"":784}"
31.157,left_hand,og,tilt,,"{""roll_deg"":29.6,""pitch_deg"":19.0,""steady"":true}"
31.157,left_hand,og,flick_angles,,"{""side_deg"":17.1,""fwd_deg"":34.9}"
31.188,left_hand,og,acc,213704,"{""seq"":1515,""x_mg"":552,""y_mg"":272,""z_mg"":764}"
31.188,left_hand,og,tilt,,"{""roll_deg"":29.9,""pitch_deg"":19.0,""steady"":true}"
31.188,left_hand,og,flick_angles,,"{""side_deg"":17.6,""fwd_deg"":35.0}"
31.219,left_hand,og,acc,213725,"{""seq"":1516,""x_mg"":548,""y_mg"":276,""z_mg"":768}"
31.219,left_hand,og,tilt,,"{""roll_deg"":30.2,""pitch_deg"":19.0,""steady"":true}"
31.219,left_hand,og,flick_angles,,"{""side_deg"":18.6,""fwd_deg"":35.2}"
31.266,left_hand,og,acc,213746,"{""seq"":1517,""x_mg"":564,""y_mg"":280,""z_mg"":756}"
31.266,left_hand,og,tilt,,"{""roll_deg"":30.7,""pitch_deg"":19.1,""steady"":true}"
31.266,left_hand,og,flick_angles,,"{""side_deg"":19.2,""fwd_deg"":35.5}"
31.266,left_hand,og,acc,213766,"{""seq"":1518,""x_mg"":568,""y_mg"":276,""z_mg"":768}"
31.266,left_hand,og,tilt,,"{""roll_deg"":31.1,""pitch_deg"":19.2,""steady"":true}"
31.266,left_hand,og,flick_angles,,"{""side_deg"":19.5,""fwd_deg"":36.0}"
31.297,left_hand,og,acc,213787,"{""seq"":1519,""x_mg"":572,""y_mg"":276,""z_mg"":776}"
31.297,left_hand,og,tilt,,"{""roll_deg"":31.4,""pitch_deg"":19.3,""steady"":true}"
31.297,left_hand,og,flick_angles,,"{""side_deg"":19.6,""fwd_deg"":36.3}"
31.329,left_hand,og,acc,213807,"{""seq"":1520,""x_mg"":568,""y_mg"":272,""z_mg"":784}"
31.329,left_hand,og,tilt,,"{""roll_deg"":31.7,""pitch_deg"":19.5,""steady"":true}"
31.329,left_hand,og,flick_angles,,"{""side_deg"":19.6,""fwd_deg"":36.3}"
31.329,left_hand,og,acc,213828,"{""seq"":1521,""x_mg"":572,""y_mg"":280,""z_mg"":772}"
31.329,left_hand,og,tilt,,"{""roll_deg"":32.0,""pitch_deg"":19.6,""steady"":true}"
31.329,left_hand,og,flick_angles,,"{""side_deg"":19.6,""fwd_deg"":36.4}"
31.360,left_hand,og,acc,213848,"{""seq"":1522,""x_mg"":556,""y_mg"":316,""z_mg"":780}"
31.360,left_hand,og,tilt,,"{""roll_deg"":32.3,""pitch_deg"":19.7,""steady"":true}"
31.360,left_hand,og,flick_angles,,"{""side_deg"":19.8,""fwd_deg"":36.1}"
31.375,left_hand,og,acc,213869,"{""seq"":1523,""x_mg"":564,""y_mg"":344,""z_mg"":780}"
31.375,left_hand,og,tilt,,"{""roll_deg"":32.5,""pitch_deg"":19.8,""steady"":true}"
31.375,left_hand,og,flick_angles,,"{""side_deg"":20.9,""fwd_deg"":36.0}"
31.375,left_hand,og,acc,213890,"{""seq"":1524,""x_mg"":548,""y_mg"":368,""z_mg"":760}"
31.375,left_hand,og,tilt,,"{""roll_deg"":32.9,""pitch_deg"":19.8,""steady"":true}"
31.375,left_hand,og,flick_angles,,"{""side_deg"":22.4,""fwd_deg"":35.9}"
31.407,left_hand,og,acc,213910,"{""seq"":1525,""x_mg"":584,""y_mg"":404,""z_mg"":740}"
31.407,left_hand,og,tilt,,"{""roll_deg"":33.6,""pitch_deg"":19.8,""steady"":true}"
31.407,left_hand,og,flick_angles,,"{""side_deg"":24.1,""fwd_deg"":35.9}"
31.438,left_hand,og,acc,213931,"{""seq"":1526,""x_mg"":592,""y_mg"":436,""z_mg"":700}"
31.438,left_hand,og,tilt,,"{""roll_deg"":34.3,""pitch_deg"":19.8,""steady"":true}"
31.438,left_hand,og,flick_angles,,"{""side_deg"":26.4,""fwd_deg"":37.1}"
31.469,left_hand,og,acc,213951,"{""seq"":1527,""x_mg"":588,""y_mg"":480,""z_mg"":664}"
31.469,left_hand,og,tilt,,"{""roll_deg"":35.4,""pitch_deg"":20.1,""steady"":true}"
31.469,left_hand,og,flick_angles,,"{""side_deg"":29.1,""fwd_deg"":38.7}"
31.469,left_hand,og,acc,213972,"{""seq"":1528,""x_mg"":652,""y_mg"":524,""z_mg"":640}"
31.469,left_hand,og,tilt,,"{""roll_deg"":36.7,""pitch_deg"":20.6,""steady"":true}"
31.469,left_hand,og,flick_angles,,"{""side_deg"":32.5,""fwd_deg"":40.1}"
31.469,left_hand,game,wrong,,"{""n"":16,""want"":""left"",""got"":""right""}"
31.500,left_hand,og,acc,213992,"{""seq"":1529,""x_mg"":664,""y_mg"":564,""z_mg"":612}"
31.500,left_hand,og,tilt,,"{""roll_deg"":38.3,""pitch_deg"":21.2,""steady"":true}"
31.500,left_hand,og,flick_angles,,"{""side_deg"":35.9,""fwd_deg"":42.8}"
31.532,left_hand,og,acc,214013,"{""seq"":1530,""x_mg"":656,""y_mg"":652,""z_mg"":544}"
31.532,left_hand,og,tilt,,"{""roll_deg"":40.1,""pitch_deg"":22.3,""steady"":true}"
31.532,left_hand,og,flick_angles,,"{""side_deg"":39.3,""fwd_deg"":45.1}"
31.532,left_hand,og,acc,214033,"{""seq"":1531,""x_mg"":680,""y_mg"":728,""z_mg"":472}"
31.532,left_hand,og,tilt,,"{""roll_deg"":42.1,""pitch_deg"":23.4,""steady"":true}"
31.532,left_hand,og,flick_angles,,"{""side_deg"":44.7,""fwd_deg"":47.7}"
31.563,left_hand,og,acc,214054,"{""seq"":1532,""x_mg"":680,""y_mg"":748,""z_mg"":516}"
31.563,left_hand,og,tilt,,"{""roll_deg"":44.8,""pitch_deg"":24.7,""steady"":true}"
31.563,left_hand,og,flick_angles,,"{""side_deg"":50.1,""fwd_deg"":50.3}"
31.594,left_hand,og,acc,214075,"{""seq"":1533,""x_mg"":656,""y_mg"":704,""z_mg"":548}"
31.594,left_hand,og,tilt,,"{""roll_deg"":47.4,""pitch_deg"":25.9,""steady"":true}"
31.594,left_hand,og,flick_angles,,"{""side_deg"":52.7,""fwd_deg"":51.5}"
31.594,left_hand,og,acc,214095,"{""seq"":1534,""x_mg"":540,""y_mg"":684,""z_mg"":556}"
31.594,left_hand,og,tilt,,"{""roll_deg"":49.7,""pitch_deg"":26.9,""steady"":true}"
31.594,left_hand,og,flick_angles,,"{""side_deg"":52.4,""fwd_deg"":50.8}"
31.625,left_hand,og,acc,214116,"{""seq"":1535,""x_mg"":416,""y_mg"":684,""z_mg"":644}"
31.625,left_hand,og,tilt,,"{""roll_deg"":51.7,""pitch_deg"":27.8,""steady"":true}"
31.625,left_hand,og,flick_angles,,"{""side_deg"":51.7,""fwd_deg"":47.5}"
31.625,left_hand,og,acc,214136,"{""seq"":1536,""x_mg"":296,""y_mg"":596,""z_mg"":784}"
31.625,left_hand,og,tilt,,"{""roll_deg"":53.3,""pitch_deg"":27.8,""steady"":true}"
31.625,left_hand,og,flick_angles,,"{""side_deg"":49.2,""fwd_deg"":40.2}"
31.657,left_hand,og,acc,214157,"{""seq"":1537,""x_mg"":144,""y_mg"":208,""z_mg"":948}"
31.657,left_hand,og,tilt,,"{""roll_deg"":54.2,""pitch_deg"":26.5,""steady"":true}"
31.657,left_hand,og,flick_angles,,"{""side_deg"":43.2,""fwd_deg"":30.4}"
31.688,left_hand,og,acc,214177,"{""seq"":1538,""x_mg"":96,""y_mg"":-52,""z_mg"":980}"
31.688,left_hand,og,tilt,,"{""roll_deg"":53.9,""pitch_deg"":23.9,""steady"":true}"
31.688,left_hand,og,flick_angles,,"{""side_deg"":27.8,""fwd_deg"":19.5}"
31.688,left_hand,og,acc,214198,"{""seq"":1539,""x_mg"":80,""y_mg"":-208,""z_mg"":1052}"
31.688,left_hand,og,tilt,,"{""roll_deg"":50.6,""pitch_deg"":20.2,""steady"":true}"
31.688,left_hand,og,flick_angles,,"{""side_deg"":12.4,""fwd_deg"":12.6}"
31.719,left_hand,og,acc,214219,"{""seq"":1540,""x_mg"":-36,""y_mg"":-280,""z_mg"":1188}"
31.719,left_hand,og,tilt,,"{""roll_deg"":45.9,""pitch_deg"":16.5,""steady"":true}"
31.719,left_hand,og,flick_angles,,"{""side_deg"":0.6,""fwd_deg"":8.5}"
31.750,left_hand,og,acc,214239,"{""seq"":1541,""x_mg"":-108,""y_mg"":-424,""z_mg"":1268}"
31.750,left_hand,og,tilt,,"{""roll_deg"":45.9,""pitch_deg"":16.5,""steady"":false}"
31.750,left_hand,og,flick_angles,,"{""side_deg"":-6.3,""fwd_deg"":3.4}"
31.750,left_hand,og,acc,214260,"{""seq"":1542,""x_mg"":-120,""y_mg"":-624,""z_mg"":1304}"
31.750,left_hand,og,tilt,,"{""roll_deg"":45.9,""pitch_deg"":16.5,""steady"":false}"
31.750,left_hand,og,flick_angles,,"{""side_deg"":-12.4,""fwd_deg"":-0.8}"
31.782,left_hand,og,acc,214280,"{""seq"":1543,""x_mg"":-36,""y_mg"":-724,""z_mg"":1272}"
31.782,left_hand,og,tilt,,"{""roll_deg"":45.9,""pitch_deg"":16.5,""steady"":false}"
31.782,left_hand,og,flick_angles,,"{""side_deg"":-19.0,""fwd_deg"":-2.8}"
31.813,left_hand,og,acc,214301,"{""seq"":1544,""x_mg"":56,""y_mg"":-664,""z_mg"":1244}"
31.813,left_hand,og,tilt,,"{""roll_deg"":45.9,""pitch_deg"":16.5,""steady"":false}"
31.813,left_hand,og,flick_angles,,"{""side_deg"":-23.5,""fwd_deg"":-2.2}"
31.813,left_hand,og,acc,214321,"{""seq"":1545,""x_mg"":80,""y_mg"":-568,""z_mg"":1200}"
31.813,left_hand,og,tilt,,"{""roll_deg"":45.9,""pitch_deg"":16.5,""steady"":false}"
31.813,left_hand,og,flick_angles,,"{""side_deg"":-25.8,""fwd_deg"":0.2}"
31.844,left_hand,og,acc,214342,"{""seq"":1546,""x_mg"":84,""y_mg"":-536,""z_mg"":1136}"
31.844,left_hand,og,tilt,,"{""roll_deg"":40.8,""pitch_deg"":13.2,""steady"":true}"
31.844,left_hand,og,flick_angles,,"{""side_deg"":-25.6,""fwd_deg"":2.0}"
31.875,left_hand,og,acc,214363,"{""seq"":1547,""x_mg"":156,""y_mg"":-460,""z_mg"":1048}"
31.875,left_hand,og,tilt,,"{""roll_deg"":36.0,""pitch_deg"":10.2,""steady"":true}"
31.875,left_hand,og,flick_angles,,"{""side_deg"":-25.4,""fwd_deg"":3.1}"
31.875,left_hand,og,acc,214383,"{""seq"":1548,""x_mg"":240,""y_mg"":-288,""z_mg"":960}"
31.875,left_hand,og,tilt,,"{""roll_deg"":31.4,""pitch_deg"":7.6,""steady"":true}"
31.875,left_hand,og,flick_angles,,"{""side_deg"":-24.6,""fwd_deg"":5.8}"
31.907,left_hand,og,acc,214404,"{""seq"":1549,""x_mg"":252,""y_mg"":-188,""z_mg"":936}"
31.907,left_hand,og,tilt,,"{""roll_deg"":27.3,""pitch_deg"":5.8,""steady"":true}"
31.907,left_hand,og,flick_angles,,"{""side_deg"":-20.6,""fwd_deg"":9.9}"
31.907,left_hand,game,flick,,"{""dir"":""up"",""result"":""none""}"
31.907,left_hand,og,acc,214424,"{""seq"":1550,""x_mg"":304,""y_mg"":-116,""z_mg"":920}"
31.907,left_hand,og,tilt,,"{""roll_deg"":23.8,""pitch_deg"":4.9,""steady"":true}"
31.907,left_hand,og,flick_angles,,"{""side_deg"":-16.0,""fwd_deg"":12.5}"
31.938,left_hand,og,acc,214445,"{""seq"":1551,""x_mg"":396,""y_mg"":-100,""z_mg"":904}"
31.938,left_hand,og,tilt,,"{""roll_deg"":21.3,""pitch_deg"":4.2,""steady"":true}"
31.938,left_hand,og,flick_angles,,"{""side_deg"":-11.6,""fwd_deg"":15.4}"
31.969,left_hand,og,acc,214465,"{""seq"":1552,""x_mg"":424,""y_mg"":-104,""z_mg"":900}"
31.969,left_hand,og,tilt,,"{""roll_deg"":19.6,""pitch_deg"":4.0,""steady"":true}"
31.969,left_hand,og,flick_angles,,"{""side_deg"":-9.1,""fwd_deg"":19.5}"
31.969,left_hand,og,acc,214486,"{""seq"":1553,""x_mg"":408,""y_mg"":-96,""z_mg"":880}"
31.969,left_hand,og,tilt,,"{""roll_deg"":18.1,""pitch_deg"":4.4,""steady"":true}"
31.969,left_hand,og,flick_angles,,"{""side_deg"":-7.7,""fwd_deg"":22.2}"
32.000,left_hand,og,acc,214506,"{""seq"":1554,""x_mg"":464,""y_mg"":-96,""z_mg"":848}"
32.000,left_hand,og,tilt,,"{""roll_deg"":16.9,""pitch_deg"":5.0,""steady"":true}"
32.000,left_hand,og,flick_angles,,"{""side_deg"":-7.1,""fwd_deg"":23.7}"
32.032,left_hand,og,acc,214527,"{""seq"":1555,""x_mg"":488,""y_mg"":-100,""z_mg"":848}"
32.032,left_hand,og,tilt,,"{""roll_deg"":15.8,""pitch_deg"":5.5,""steady"":true}"
32.032,left_hand,og,flick_angles,,"{""side_deg"":-6.8,""fwd_deg"":26.2}"
32.063,left_hand,og,acc,214548,"{""seq"":1556,""x_mg"":460,""y_mg"":-100,""z_mg"":844}"
32.063,left_hand,og,tilt,,"{""roll_deg"":14.8,""pitch_deg"":6.4,""steady"":true}"
32.063,left_hand,og,flick_angles,,"{""side_deg"":-6.7,""fwd_deg"":27.4}"
32.063,left_hand,og,acc,214568,"{""seq"":1557,""x_mg"":448,""y_mg"":-136,""z_mg"":848}"
32.063,left_hand,og,tilt,,"{""roll_deg"":14.0,""pitch_deg"":7.1,""steady"":true}"
32.063,left_hand,og,flick_angles,,"{""side_deg"":-6.8,""fwd_deg"":28.0}"
32.094,left_hand,og,acc,214589,"{""seq"":1558,""x_mg"":448,""y_mg"":-152,""z_mg"":860}"
32.094,left_hand,og,tilt,,"{""roll_deg"":13.2,""pitch_deg"":7.8,""steady"":true}"
32.094,left_hand,og,flick_angles,,"{""side_deg"":-7.9,""fwd_deg"":27.9}"
32.125,left_hand,og,acc,214609,"{""seq"":1559,""x_mg"":440,""y_mg"":-148,""z_mg"":856}"
32.125,left_hand,og,tilt,,"{""roll_deg"":12.2,""pitch_deg"":8.3,""steady"":true}"
32.125,left_hand,og,flick_angles,,"{""side_deg"":-8.9,""fwd_deg"":27.7}"
32.125,left_hand,og,acc,214630,"{""seq"":1560,""x_mg"":416,""y_mg"":-168,""z_mg"":868}"
32.125,left_hand,og,tilt,,"{""roll_deg"":11.3,""pitch_deg"":8.7,""steady"":true}"
32.125,left_hand,og,flick_angles,,"{""side_deg"":-9.4,""fwd_deg"":27.5}"
32.157,left_hand,og,acc,214650,"{""seq"":1561,""x_mg"":380,""y_mg"":-176,""z_mg"":872}"
32.157,left_hand,og,tilt,,"{""roll_deg"":10.4,""pitch_deg"":9.0,""steady"":true}"
32.157,left_hand,og,flick_angles,,"{""side_deg"":-10.2,""fwd_deg"":26.5}"
32.188,left_hand,og,acc,214671,"{""seq"":1562,""x_mg"":384,""y_mg"":-152,""z_mg"":880}"
32.188,left_hand,og,tilt,,"{""roll_deg"":9.7,""pitch_deg"":9.1,""steady"":true}"
32.188,left_hand,og,flick_angles,,"{""side_deg"":-10.6,""fwd_deg"":25.1}"
32.188,left_hand,og,acc,214692,"{""seq"":1563,""x_mg"":416,""y_mg"":-132,""z_mg"":888}"
32.188,left_hand,og,tilt,,"{""roll_deg"":9.1,""pitch_deg"":9.1,""steady"":true}"
32.188,left_hand,og,flick_angles,,"{""side_deg"":-10.2,""fwd_deg"":24.3}"
32.204,left_hand,og,acc,214712,"{""seq"":1564,""x_mg"":412,""y_mg"":-120,""z_mg"":896}"
32.204,left_hand,og,tilt,,"{""roll_deg"":8.5,""pitch_deg"":9.1,""steady"":true}"
32.204,left_hand,og,flick_angles,,"{""side_deg"":-9.3,""fwd_deg"":24.5}"
32.235,left_hand,og,acc,214733,"{""seq"":1565,""x_mg"":380,""y_mg"":-104,""z_mg"":888}"
32.235,left_hand,og,tilt,,"{""roll_deg"":8.2,""pitch_deg"":8.9,""steady"":true}"
32.235,left_hand,og,flick_angles,,"{""side_deg"":-8.5,""fwd_deg"":24.6}"
32.266,left_hand,og,acc,214753,"{""seq"":1566,""x_mg"":400,""y_mg"":-76,""z_mg"":888}"
32.266,left_hand,og,tilt,,"{""roll_deg"":8.0,""pitch_deg"":8.8,""steady"":true}"
32.266,left_hand,og,flick_angles,,"{""side_deg"":-7.6,""fwd_deg"":24.4}"
32.266,left_hand,og,acc,214774,"{""seq"":1567,""x_mg"":448,""y_mg"":-56,""z_mg"":896}"
32.266,left_hand,og,tilt,,"{""roll_deg"":8.0,""pitch_deg"":8.8,""steady"":true}"
32.266,left_hand,og,flick_angles,,"{""side_deg"":-6.2,""fwd_deg"":24.3}"
32.297,left_hand,og,acc,214794,"{""seq"":1568,""x_mg"":448,""y_mg"":-52,""z_mg"":904}"
32.297,left_hand,og,tremor,,"{""rms_mg"":70.4,""peak_hz"":4.2}"
32.297,left_hand,og,tilt,,"{""roll_deg"":8.1,""pitch_deg"":8.8,""steady"":true}"
32.297,left_hand,og,flick_angles,,"{""side_deg"":-4.9,""fwd_deg"":25.3}"
32.329,left_hand,og,acc,214815,"{""seq"":1569,""x_mg"":424,""y_mg"":-52,""z_mg"":916}"
32.329,left_hand,og,tilt,,"{""roll_deg"":8.4,""pitch_deg"":8.9,""steady"":true}"
32.329,left_hand,og,flick_angles,,"{""side_deg"":-4.1,""fwd_deg"":25.9}"
32.329,left_hand,og,acc,214836,"{""seq"":1570,""x_mg"":460,""y_mg"":-80,""z_mg"":908}"
32.329,left_hand,og,tilt,,"{""roll_deg"":8.7,""pitch_deg"":9.0,""steady"":true}"
32.329,left_hand,og,flick_angles,,"{""side_deg"":-3.7,""fwd_deg"":26.1}"
32.360,left_hand,og,acc,214856,"{""seq"":1571,""x_mg"":460,""y_mg"":-120,""z_mg"":916}"
32.360,left_hand,og,tilt,,"{""roll_deg"":8.9,""pitch_deg"":9.2,""steady"":true}"
32.360,left_hand,og,flick_angles,,"{""side_deg"":-4.4,""fwd_deg"":26.4}"
32.391,left_hand,og,acc,214877,"{""seq"":1572,""x_mg"":432,""y_mg"":-124,""z_mg"":932}"
32.391,left_hand,og,tilt,,"{""roll_deg"":9.0,""pitch_deg"":9.4,""steady"":true}"
32.391,left_hand,og,flick_angles,,"{""side_deg"":-5.9,""fwd_deg"":26.5}"
32.391,left_hand,og,acc,214897,"{""seq"":1573,""x_mg"":416,""y_mg"":-108,""z_mg"":940}"
32.391,left_hand,og,tilt,,"{""roll_deg"":8.8,""pitch_deg"":9.3,""steady"":true}"
32.391,left_hand,og,flick_angles,,"{""side_deg"":-6.7,""fwd_deg"":25.7}"
32.422,left_hand,og,acc,214918,"{""seq"":1574,""x_mg"":416,""y_mg"":-112,""z_mg"":932}"
32.422,left_hand,og,tilt,,"{""roll_deg"":8.7,""pitch_deg"":9.3,""steady"":true}"
32.422,left_hand,og,flick_angles,,"{""side_deg"":-6.8,""fwd_deg"":24.9}"
32.454,left_hand,og,acc,214938,"{""seq"":1575,""x_mg"":412,""y_mg"":-160,""z_mg"":912}"
32.454,left_hand,og,tilt,,"{""roll_deg"":8.4,""pitch_deg"":9.2,""steady"":true}"
32.454,left_hand,og,flick_angles,,"{""side_deg"":-6.8,""fwd_deg"":24.5}"
32.469,left_hand,og,acc,214959,"{""seq"":1576,""x_mg"":376,""y_mg"":-184,""z_mg"":912}"
32.469,left_hand,og,tilt,,"{""roll_deg"":8.2,""pitch_deg"":9.1,""steady"":true}"
32.469,left_hand,og,flick_angles,,"{""side_deg"":-8.4,""fwd_deg"":24.3}"
32.469,left_hand,og,acc,214979,"{""seq"":1577,""x_mg"":356,""y_mg"":-172,""z_mg"":912}"
32.469,left_hand,og,tilt,,"{""roll_deg"":7.8,""pitch_deg"":8.9,""steady"":true}"
32.469,left_hand,og,flick_angles,,"{""side_deg"":-9.5,""fwd_deg"":23.3}"
32.500,left_hand,og,acc,215000,"{""seq"":1578,""x_mg"":360,""y_mg"":-152,""z_mg"":900}"
32.500,left_hand,og,tilt,,"{""roll_deg"":7.3,""pitch_deg"":8.7,""steady"":true}"
32.500,left_hand,og,flick_angles,,"{""side_deg"":-10.1,""fwd_deg"":22.6}"
32.547,left_hand,og,acc,215021,"{""seq"":1579,""x_mg"":364,""y_mg"":-132,""z_mg"":904}"
32.547,left_hand,og,tilt,,"{""roll_deg"":7.0,""pitch_deg"":8.3,""steady"":true}"
32.547,left_hand,og,flick_angles,,"{""side_deg"":-9.8,""fwd_deg"":22.2}"
32.547,left_hand,og,acc,215041,"{""seq"":1580,""x_mg"":388,""y_mg"":-156,""z_mg"":916}"
32.547,left_hand,og,tilt,,"{""roll_deg"":6.7,""pitch_deg"":8.1,""steady"":true}"
32.547,left_hand,og,flick_angles,,"{""side_deg"":-9.7,""fwd_deg"":22.1}"
32.579,left_hand,og,acc,215062,"{""seq"":1581,""x_mg"":372,""y_mg"":-160,""z_mg"":900}"
32.579,left_hand,og,tilt,,"{""roll_deg"":6.4,""pitch_deg"":7.8,""steady"":true}"
32.579,left_hand,og,flick_angles,,"{""side_deg"":-9.7,""fwd_deg"":22.3}"
32.579,left_hand,og,acc,215082,"{""seq"":1582,""x_mg"":396,""y_mg"":-124,""z_mg"":900}"
32.579,left_hand,og,tilt,,"{""roll_deg"":6.2,""pitch_deg"":7.7,""steady"":true}"
32.579,left_hand,og,flick_angles,,"{""side_deg"":-9.7,""fwd_deg"":22.6}"
32.610,left_hand,og,acc,215103,"{""seq"":1583,""x_mg"":448,""y_mg"":-48,""z_mg"":908}"
32.610,left_hand,og,tilt,,"{""roll_deg"":6.2,""pitch_deg"":7.6,""steady"":true}"
32.610,left_hand,og,flick_angles,,"{""side_deg"":-8.8,""fwd_deg"":23.2}"
32.625,left_hand,og,acc,215123,"{""seq"":1584,""x_mg"":440,""y_mg"":-16,""z_mg"":920}"
32.625,left_hand,og,tilt,,"{""roll_deg"":6.2,""pitch_deg"":7.6,""steady"":true}"
32.625,left_hand,og,flick_angles,,"{""side_deg"":-5.9,""fwd_deg"":24.4}"
32.625,left_hand,og,acc,215144,"{""seq"":1585,""x_mg"":444,""y_mg"":-16,""z_mg"":916}"
32.625,left_hand,og,tilt,,"{""roll_deg"":6.8,""pitch_deg"":7.9,""steady"":true}"
32.625,left_hand,og,flick_angles,,"{""side_deg"":-3.4,""fwd_deg"":25.1}"
32.657,left_hand,og,acc,215165,"{""seq"":1586,""x_mg"":448,""y_mg"":-40,""z_mg"":920}"
32.657,left_hand,og,tilt,,"{""roll_deg"":7.4,""pitch_deg"":8.1,""steady"":true}"
32.657,left_hand,og,flick_angles,,"{""side_deg"":-2.2,""fwd_deg"":25.5}"
32.688,left_hand,og,acc,215185,"{""seq"":1587,""x_mg"":464,""y_mg"":-56,""z_mg"":904}"
32.688,left_hand,og,tilt,,"{""roll_deg"":7.9,""pitch_deg"":8.4,""steady"":true}"
32.688,left_hand,og,flick_angles,,"{""side_deg"":-2.4,""fwd_deg"":25.7}"
32.719,left_hand,og,acc,215206,"{""seq"":1588,""x_mg"":492,""y_mg"":-40,""z_mg"":880}"
32.719,left_hand,og,tilt,,"{""roll_deg"":8.4,""pitch_deg"":8.6,""steady"":true}"
32.719,left_hand,og,flick_angles,,"{""side_deg"":-2.5,""fwd_deg"":26.4}"
32.719,left_hand,og,acc,215226,"{""seq"":1589,""x_mg"":504,""y_mg"":-32,""z_mg"":876}"
32.719,left_hand,og,tilt,,"{""roll_deg"":8.8,""pitch_deg"":8.9,""steady"":true}"
32.719,left_hand,og,flick_angles,,"{""side_deg"":-2.5,""fwd_deg"":27.8}"
32.750,left_hand,og,acc,215247,"{""seq"":1590,""x_mg"":492,""y_mg"":-16,""z_mg"":876}"
32.750,left_hand,og,tilt,,"{""roll_deg"":9.2,""pitch_deg"":9.4,""steady"":true}"
32.750,left_hand,og,flick_angles,,"{""side_deg"":-2.3,""fwd_deg"":28.6}"
32.782,left_hand,og,acc,215267,"{""seq"":1591,""x_mg"":476,""y_mg"":-24,""z_mg"":880}"
32.782,left_hand,og,tilt,,"{""roll_deg"":9.5,""pitch_deg"":9.9,""steady"":true}"
32.782,left_hand,og,flick_angles,,"{""side_deg"":-1.9,""fwd_deg"":28.9}"
32.782,left_hand,og,acc,215288,"{""seq"":1592,""x_mg"":488,""y_mg"":-72,""z_mg"":864}"
32.782,left_hand,og,tilt,,"{""roll_deg"":9.8,""pitch_deg"":10.3,""steady"":true}"
32.782,left_hand,og,flick_angles,,"{""side_deg"":-1.8,""fwd_deg"":29.1}"
32.813,left_hand,og,acc,215309,"{""seq"":1593,""x_mg"":504,""y_mg"":-112,""z_mg"":856}"
32.813,left_hand,og,tilt,,"{""roll_deg"":10.1,""pitch_deg"":10.7,""steady"":true}"
32.813,left_hand,og,flick_angles,,"{""side_deg"":-3.3,""fwd_deg"":29.3}"
32.829,left_hand,og,acc,215329,"{""seq"":1594,""x_mg"":520,""y_mg"":-68,""z_mg"":848}"
32.829,left_hand,og,tilt,,"{""roll_deg"":10.1,""pitch_deg"":11.1,""steady"":true}"
32.829,left_hand,og,flick_angles,,"{""side_deg"":-4.0,""fwd_deg"":29.9}"
32.860,left_hand,og,acc,215350,"{""seq"":1595,""x_mg"":484,""y_mg"":0,""z_mg"":872}"
32.860,left_hand,og,tilt,,"{""roll_deg"":10.0,""pitch_deg"":11.4,""steady"":true}"
32.860,left_hand,og,flick_angles,,"{""side_deg"":-4.3,""fwd_deg"":30.2}"
32.860,left_hand,og,acc,215370,"{""seq"":1596,""x_mg"":464,""y_mg"":-12,""z_mg"":876}"
32.860,left_hand,og,tilt,,"{""roll_deg"":10.0,""pitch_deg"":11.6,""steady"":true}"
32.860,left_hand,og,flick_angles,,"{""side_deg"":-2.5,""fwd_deg"":29.6}"
32.891,left_hand,og,acc,215391,"{""seq"":1597,""x_mg"":464,""y_mg"":-48,""z_mg"":872}"
32.891,left_hand,og,tilt,,"{""roll_deg"":10.1,""pitch_deg"":11.8,""steady"":true}"
32.891,left_hand,og,flick_angles,,"{""side_deg"":-1.7,""fwd_deg"":28.8}"
32.922,left_hand,og,acc,215411,"{""seq"":1598,""x_mg"":488,""y_mg"":-72,""z_mg"":860}"
32.922,left_hand,og,tilt,,"{""roll_deg"":10.2,""pitch_deg"":12.0,""steady"":true}"
32.922,left_hand,og,flick_angles,,"{""side_deg"":-2.4,""fwd_deg"":28.4}"
32.922,left_hand,og,acc,215432,"{""seq"":1599,""x_mg"":492,""y_mg"":-40,""z_mg"":880}"
32.922,left_hand,og,tilt,,"{""roll_deg"":10.4,""pitch_deg"":12.1,""steady"":true}"
32.922,left_hand,og,flick_angles,,"{""side_deg"":-2.8,""fwd_deg"":28.8}"
32.954,left_hand,og,acc,215453,"{""seq"":1600,""x_mg"":468,""y_mg"":-8,""z_mg"":856}"
32.954,left_hand,og,tilt,,"{""roll_deg"":10.6,""pitch_deg"":12.2,""steady"":true}"
32.954,left_hand,og,flick_angles,,"{""side_deg"":-2.7,""fwd_deg"":29.0}"
32.985,left_hand,og,acc,215473,"{""seq"":1601,""x_mg"":488,""y_mg"":12,""z_mg"":840}"
32.985,left_hand,og,tilt,,"{""roll_deg"":10.7,""pitch_deg"":12.3,""steady"":true}"
32.985,left_hand,og,flick_angles,,"{""side_deg"":-1.6,""fwd_deg"":29.1}"
32.985,left_hand,og,acc,215494,"{""seq"":1602,""x_mg"":564,""y_mg"":60,""z_mg"":816}"
32.985,left_hand,og,tilt,,"{""roll_deg"":11.1,""pitch_deg"":12.5,""steady"":true}"
32.985,left_hand,og,flick_angles,,"{""side_deg"":-0.4,""fwd_deg"":29.6}"
33.016,left_hand,og,acc,215514,"{""seq"":1603,""x_mg"":688,""y_mg"":116,""z_mg"":772}"
33.016,left_hand,og,tilt,,"{""roll_deg"":11.5,""pitch_deg"":12.7,""steady"":true}"
33.016,left_hand,og,flick_angles,,"{""side_deg"":1.9,""fwd_deg"":32.1}"
33.047,left_hand,og,acc,215535,"{""seq"":1604,""x_mg"":720,""y_mg"":224,""z_mg"":844}"
33.047,left_hand,og,tilt,,"{""roll_deg"":12.4,""pitch_deg"":13.4,""steady"":true}"
33.047,left_hand,og,flick_angles,,"{""side_deg"":5.2,""fwd_deg"":36.3}"
33.047,left_hand,game,flick,,"{""dir"":""up"",""result"":""none""}"
33.047,left_hand,og,acc,215555,"{""seq"":1605,""x_mg"":632,""y_mg"":308,""z_mg"":896}"
33.047,left_hand,og,tilt,,"{""roll_deg"":13.6,""pitch_deg"":14.1,""steady"":true}"
33.047,left_hand,og,flick_angles,,"{""side_deg"":10.0,""fwd_deg"":38.4}"
33.079,left_hand,og,acc,215576,"{""seq"":1606,""x_mg"":580,""y_mg"":244,""z_mg"":888}"
33.079,left_hand,og,tilt,,"{""roll_deg"":15.5,""pitch_deg"":14.8,""steady"":true}"
33.079,left_hand,og,flick_angles,,"{""side_deg"":12.7,""fwd_deg"":36.8}"
33.110,left_hand,og,acc,215597,"{""seq"":1607,""x_mg"":524,""y_mg"":196,""z_mg"":896}"
33.110,left_hand,og,tilt,,"{""roll_deg"":17.1,""pitch_deg"":15.3,""steady"":true}"
33.110,left_hand,og,flick_angles,,"{""side_deg"":14.0,""fwd_deg"":35.0}"
33.110,left_hand,og,acc,215617,"{""seq"":1608,""x_mg"":396,""y_mg"":148,""z_mg"":980}"
33.110,left_hand,og,tilt,,"{""roll_deg"":18.6,""pitch_deg"":15.5,""steady"":true}"
33.110,left_hand,og,flick_angles,,"{""side_deg"":13.2,""fwd_deg"":32.6}"
33.141,left_hand,og,acc,215638,"{""seq"":1609,""x_mg"":296,""y_mg"":20,""z_mg"":964}"
33.141,left_hand,og,tilt,,"{""roll_deg"":19.5,""pitch_deg"":15.4,""steady"":true}"
33.141,left_hand,og,flick_angles,,"{""side_deg"":10.9,""fwd_deg"":27.3}"
33.141,left_hand,og,acc,215658,"{""seq"":1610,""x_mg"":216,""y_mg"":-116,""z_mg"":944}"
33.141,left_hand,og,tilt,,"{""roll_deg"":19.9,""pitch_deg"":14.3,""steady"":true}"
33.141,left_hand,og,flick_angles,,"{""side_deg"":6.0,""fwd_deg"":22.2}"
33.172,left_hand,og,acc,215679,"{""seq"":1611,""x_mg"":188,""y_mg"":-204,""z_mg"":968}"
33.172,left_hand,og,tilt,,"{""roll_deg"":19.4,""pitch_deg"":12.7,""steady"":true}"
33.172,left_hand,og,flick_angles,,"{""side_deg"":-0.5,""fwd_deg"":17.5}"
33.219,left_hand,og,acc,215699,"{""seq"":1612,""x_mg"":136,""y_mg"":-232,""z_mg"":980}"
33.219,left_hand,og,tilt,,"{""roll_deg"":17.9,""pitch_deg"":10.8,""steady"":true}"
33.219,left_hand,og,flick_angles,,"{""side_deg"":-6.2,""fwd_deg"":14.3}"
33.219,left_hand,og,acc,215720,"{""seq"":1613,""x_mg"":84,""y_mg"":-280,""z_mg"":996}"
33.219,left_hand,og,tilt,,"{""roll_deg"":16.1,""pitch_deg"":9.0,""steady"":true}"
33.219,left_hand,og,flick_angles,,"{""side_deg"":-9.8,""fwd_deg"":11.1}"
33.250,left_hand,og,acc,215740,"{""seq"":1614,""x_mg"":32,""y_mg"":-348,""z_mg"":976}"
33.250,left_hand,og,tilt,,"{""roll_deg"":14.3,""pitch_deg"":6.9,""steady"":true}"
33.250,left_hand,og,flick_angles,,"{""side_deg"":-12.7,""fwd_deg"":8.0}"
33.282,left_hand,og,acc,215761,"{""seq"":1615,""x_mg"":52,""y_mg"":-404,""z_mg"":988}"
33.282,left_hand,og,tilt,,"{""roll_deg"":12.4,""pitch_deg"":4.8,""steady"":true}"
33.282,left_hand,og,flick_angles,,"{""side_deg"":-16.2,""fwd_deg"":5.5}"
33.282,left_hand,og,acc,215782,"{""seq"":1616,""x_mg"":100,""y_mg"":-368,""z_mg"":992}"
33.282,left_hand,og,tilt,,"{""roll_deg"":10.2,""pitch_deg"":2.9,""steady"":true}"
33.282,left_hand,og,flick_angles,,"{""side_deg"":-18.3,""fwd_deg"":4.2}"
33.313,left_hand,og,acc,215802,"{""seq"":1617,""x_mg"":92,""y_mg"":-312,""z_mg"":1008}"
33.313,left_hand,og,tilt,,"{""roll_deg"":8.4,""pitch_deg"":1.2,""steady"":true}"
33.313,left_hand,og,flick_angles,,"{""side_deg"":-19.3,""fwd_deg"":4.7}"
33.344,left_hand,og,acc,215823,"{""seq"":1618,""x_mg"":140,""y_mg"":-268,""z_mg"":1004}"
33.344,left_hand,og,tilt,,"{""roll_deg"":6.7,""pitch_deg"":-0.2,""steady"":true}"
33.344,left_hand,og,flick_angles,,"{""side_deg"":-18.3,""fwd_deg"":5.2}"
33.344,left_hand,og,acc,215843,"{""seq"":1619,""x_mg"":168,""y_mg"":-260,""z_mg"":980}"
33.344,left_hand,og,tilt,,"{""roll_deg"":5.6,""pitch_deg"":-1.4,""steady"":true}"
33.344,left_hand,og,flick_angles,,"{""side_deg"":-16.6,""fwd_deg"":6.6}"
33.375,left_hand,og,acc,215864,"{""seq"":1620,""x_mg"":200,""y_mg"":-240,""z_mg"":968}"
33.375,left_hand,og,tilt,,"{""roll_deg"":4.8,""pitch_deg"":-2.2,""steady"":true}"
33.375,left_hand,og,flick_angles,,"{""side_deg"":-15.7,""fwd_deg"":8.2}"
33.375,left_hand,og,acc,215884,"{""seq"":1621,""x_mg"":268,""y_mg"":-212,""z_mg"":968}"
33.375,left_hand,og,tilt,,"{""roll_deg"":4.2,""pitch_deg"":-2.7,""steady"":true}"
33.375,left_hand,og,flick_angles,,"{""side_deg"":-14.8,""fwd_deg"":9.9}"
33.407,left_hand,og,acc,215905,"{""seq"":1622,""x_mg"":280,""y_mg"":-168,""z_mg"":960}"
33.407,left_hand,og,tilt,,"{""roll_deg"":3.7,""pitch_deg"":-2.9,""steady"":true}"
33.407,left_hand,og,flick_angles,,"{""side_deg"":-13.6,""fwd_deg"":12.7}"
33.438,left_hand,og,acc,215926,"{""seq"":1623,""x_mg"":244,""y_mg"":-156,""z_mg"":960}"
33.438,left_hand,og,tilt,,"{""roll_deg"":3.5,""pitch_deg"":-2.7,""steady"":true}"
33.438,left_hand,og,flick_angles,,"{""side_deg"":-11.8,""fwd_deg"":14.1}"
33.438,left_hand,og,acc,215946,"{""seq"":1624,""x_mg"":256,""y_mg"":-172,""z_mg"":952}"
33.438,left_hand,og,tilt,,"{""roll_deg"":3.6,""pitch_deg"":-2.5,""steady"":true}"
33.438,left_hand,og,flick_angles,,"{""side_deg"":-10.8,""fwd_deg"":14.6}"
33.454,left_hand,og,acc,215967,"{""seq"":1625,""x_mg"":276,""y_mg"":-180,""z_mg"":920}"
33.454,left_hand,og,tilt,,"{""roll_deg"":3.6,""pitch_deg"":-2.2,""steady"":true}"
33.454,left_hand,og,flick_angles,,"{""side_deg"":-10.5,""fwd_deg"":14.8}"
33.485,left_hand,og,acc,215987,"{""seq"":1626,""x_mg"":344,""y_mg"":-168,""z_mg"":912}"
33.485,left_hand,og,tilt,,"{""roll_deg"":3.7,""pitch_deg"":-1.9,""steady"":true}"
33.485,left_hand,og,flick_angles,,"{""side_deg"":-10.5,""fwd_deg"":15.8}"
33.516,left_hand,og,acc,216008,"{""seq"":1627,""x_mg"":384,""y_mg"":-148,""z_mg"":908}"
33.516,left_hand,og,tilt,,"{""roll_deg"":3.7,""pitch_deg"":-1.6,""steady"":true}"
33.516,left_hand,og,flick_angles,,"{""side_deg"":-10.5,""fwd_deg"":18.2}"
33.516,left_hand,og,acc,216028,"{""seq"":1628,""x_mg"":356,""y_mg"":-124,""z_mg"":928}"
33.516,left_hand,og,tilt,,"{""roll_deg"":3.7,""pitch_deg"":-0.8,""steady"":true}"
33.516,left_hand,og,flick_angles,,"{""side_deg"":-9.9,""fwd_deg"":19.6}"
33.547,left_hand,og,acc,216049,"{""seq"":1629,""x_mg"":340,""y_mg"":-140,""z_mg"":920}"
33.547,left_hand,og,tilt,,"{""roll_deg"":3.9,""pitch_deg"":-0.2,""steady"":true}"
33.547,left_hand,og,flick_angles,,"{""side_deg"":-9.3,""fwd_deg"":20.3}"
33.579,left_hand,og,acc,216070,"{""seq"":1630,""x_mg"":400,""y_mg"":-124,""z_mg"":936}"
33.579,left_hand,og,tilt,,"{""roll_deg"":4.1,""pitch_deg"":0.5,""steady"":true}"
33.579,left_hand,og,flick_angles,,"{""side_deg"":-8.4,""fwd_deg"":20.6}"
33.579,left_hand,og,acc,216090,"{""seq"":1631,""x_mg"":376,""y_mg"":-120,""z_mg"":940}"
33.579,left_hand,og,tilt,,"{""roll_deg"":4.4,""pitch_deg"":1.1,""steady"":true}"
33.579,left_hand,og,flick_angles,,"{""side_deg"":-8.0,""fwd_deg"":21.2}"
33.610,left_hand,og,acc,216111,"{""seq"":1632,""x_mg"":356,""y_mg"":-116,""z_mg"":948}"
33.610,left_hand,og,tilt,,"{""roll_deg"":4.7,""pitch_deg"":1.6,""steady"":true}"
33.610,left_hand,og,flick_angles,,"{""side_deg"":-7.6,""fwd_deg"":21.5}"
33.641,left_hand,og,acc,216131,"{""seq"":1633,""x_mg"":372,""y_mg"":-108,""z_mg"":928}"
33.641,left_hand,og,tilt,,"{""roll_deg"":5.0,""pitch_deg"":2.1,""steady"":true}"
33.641,left_hand,og,flick_angles,,"{""side_deg"":-7.3,""fwd_deg"":21.7}"
33.641,left_hand,og,acc,216152,"{""seq"":1634,""x_mg"":408,""y_mg"":-108,""z_mg"":924}"
33.641,left_hand,og,tilt,,"{""roll_deg"":5.2,""pitch_deg"":2.6,""steady"":true}"
33.641,left_hand,og,flick_angles,,"{""side_deg"":-7.0,""fwd_deg"":21.8}"
33.657,left_hand,og,acc,216172,"{""seq"":1635,""x_mg"":392,""y_mg"":-108,""z_mg"":932}"
33.657,left_hand,og,tilt,,"{""roll_deg"":5.5,""pitch_deg"":3.0,""steady"":true}"
33.657,left_hand,og,flick_angles,,"{""side_deg"":-6.8,""fwd_deg"":22.3}"
33.704,left_hand,og,acc,216193,"{""seq"":1636,""x_mg"":404,""y_mg"":-108,""z_mg"":928}"
33.704,left_hand,og,tilt,,"{""roll_deg"":5.8,""pitch_deg"":3.5,""steady"":true}"
33.704,left_hand,og,flick_angles,,"{""side_deg"":-6.7,""fwd_deg"":22.9}"
33.704,left_hand,og,acc,216213,"{""seq"":1637,""x_mg"":392,""y_mg"":-100,""z_mg"":924}"
33.704,left_hand,og,tilt,,"{""roll_deg"":6.0,""pitch_deg"":3.9,""steady"":true}"
33.704,left_hand,og,flick_angles,,"{""side_deg"":-6.7,""fwd_deg"":22.9}"
33.735,left_hand,og,acc,216234,"{""seq"":1638,""x_mg"":356,""y_mg"":-120,""z_mg"":908}"
33.735,left_hand,og,tilt,,"{""roll_deg"":6.2,""pitch_deg"":4.3,""steady"":true}"
33.735,left_hand,og,flick_angles,,"{""side_deg"":-6.7,""fwd_deg"":23.0}"
33.735,left_hand,og,acc,216255,"{""seq"":1639,""x_mg"":368,""y_mg"":-128,""z_mg"":928}"
33.735,left_hand,og,tilt,,"{""roll_deg"":6.4,""pitch_deg"":4.6,""steady"":true}"
33.735,left_hand,og,flick_angles,,"{""side_deg"":-7.1,""fwd_deg"":22.3}"
33.766,,game,miss,,"{""n"":17,""want"":""left""}"
33.782,left_hand,og,acc,216275,"{""seq"":1640,""x_mg"":344,""y_mg"":-136,""z_mg"":912}"
33.782,left_hand,og,tilt,,"{""roll_deg"":6.4,""pitch_deg"":4.7,""steady"":true}"
33.782,left_hand,og,flick_angles,,"{""side_deg"":-7.5,""fwd_deg"":21.9}"
33.813,left_hand,og,acc,216296,"{""seq"":1641,""x_mg"":280,""y_mg"":-152,""z_mg"":932}"
33.813,left_hand,og,tilt,,"{""roll_deg"":6.4,""pitch_deg"":4.8,""steady"":true}"
33.813,left_hand,og,flick_angles,,"{""side_deg"":-8.0,""fwd_deg"":21.3}"
33.813,left_hand,og,acc,216316,"{""seq"":1642,""x_mg"":248,""y_mg"":-168,""z_mg"":928}"
33.813,left_hand,og,tilt,,"{""roll_deg"":6.3,""pitch_deg"":4.8,""steady"":true}"
33.813,left_hand,og,flick_angles,,"{""side_deg"":-8.6,""fwd_deg"":19.0}"
33.844,left_hand,og,acc,216337,"{""seq"":1643,""x_mg"":256,""y_mg"":-208,""z_mg"":944}"
33.844,left_hand,og,tilt,,"{""roll_deg"":6.2,""pitch_deg"":4.4,""steady"":true}"
33.844,left_hand,og,flick_angles,,"{""side_deg"":-9.4,""fwd_deg"":17.1}"
33.875,left_hand,og,acc,216357,"{""seq"":1644,""x_mg"":228,""y_mg"":-236,""z_mg"":924}"
33.875,left_hand,og,tilt,,"{""roll_deg"":5.9,""pitch_deg"":3.7,""steady"":true}"
33.875,left_hand,og,flick_angles,,"{""side_deg"":-10.9,""fwd_deg"":16.0}"
33.875,left_hand,og,acc,216378,"{""seq"":1645,""x_mg"":184,""y_mg"":-248,""z_mg"":932}"
33.875,left_hand,og,tilt,,"{""roll_deg"":5.4,""pitch_deg"":3.2,""steady"":true}"
33.875,left_hand,og,flick_angles,,"{""side_deg"":-12.6,""fwd_deg"":14.9}"
33.907,left_hand,og,acc,216399,"{""seq"":1646,""x_mg"":180,""y_mg"":-276,""z_mg"":924}"
33.907,left_hand,og,tilt,,"{""roll_deg"":4.8,""pitch_deg"":2.6,""steady"":true}"
33.907,left_hand,og,flick_angles,,"{""side_deg"":-13.8,""fwd_deg"":13.1}"
33.938,left_hand,og,acc,216419,"{""seq"":1647,""x_mg"":204,""y_mg"":-324,""z_mg"":904}"
33.938,left_hand,og,tilt,,"{""roll_deg"":4.1,""pitch_deg"":1.9,""steady"":true}"
33.938,left_hand,og,flick_angles,,"{""side_deg"":-15.2,""fwd_deg"":12.1}"
33.938,left_hand,og,acc,216440,"{""seq"":1648,""x_mg"":220,""y_mg"":-328,""z_mg"":900}"
33.938,left_hand,og,tilt,,"{""roll_deg"":3.3,""pitch_deg"":1.3,""steady"":true}"
33.938,left_hand,og,flick_angles,,"{""side_deg"":-17.5,""fwd_deg"":12.4}"
33.969,left_hand,og,acc,216460,"{""seq"":1649,""x_mg"":244,""y_mg"":-316,""z_mg"":896}"
33.969,left_hand,og,tilt,,"{""roll_deg"":2.3,""pitch_deg"":0.7,""steady"":true}"
33.969,left_hand,og,flick_angles,,"{""side_deg"":-18.6,""fwd_deg"":13.1}"
34.000,left_hand,og,acc,216481,"{""seq"":1650,""x_mg"":292,""y_mg"":-308,""z_mg"":892}"
34.000,left_hand,og,tilt,,"{""roll_deg"":1.4,""pitch_deg"":0.4,""steady"":true}"
34.000,left_hand,og,flick_angles,,"{""side_deg"":-19.0,""fwd_deg"":14.2}"
34.000,left_hand,og,acc,216501,"{""seq"":1651,""x_mg"":328,""y_mg"":-352,""z_mg"":888}"
34.000,left_hand,og,tilt,,"{""roll_deg"":0.6,""pitch_deg"":0.3,""steady"":true}"
34.000,left_hand,og,flick_angles,,"{""side_deg"":-19.2,""fwd_deg"":16.1}"
34.032,left_hand,og,acc,216522,"{""seq"":1652,""x_mg"":336,""y_mg"":-372,""z_mg"":856}"
34.032,left_hand,og,tilt,,"{""roll_deg"":-0.2,""pitch_deg"":0.5,""steady"":true}"
34.032,left_hand,og,flick_angles,,"{""side_deg"":-20.4,""fwd_deg"":18.2}"
34.063,left_hand,og,acc,216543,"{""seq"":1653,""x_mg"":300,""y_mg"":-296,""z_mg"":832}"
34.063,left_hand,og,tilt,,"{""roll_deg"":-0.8,""pitch_deg"":0.9,""steady"":true}"
34.063,left_hand,og,flick_angles,,"{""side_deg"":-21.0,""fwd_deg"":19.2}"
34.063,left_hand,og,acc,216563,"{""seq"":1654,""x_mg"":336,""y_mg"":-228,""z_mg"":908}"
34.063,left_hand,og,tilt,,"{""roll_deg"":-1.3,""pitch_deg"":1.3,""steady"":true}"
34.063,left_hand,og,flick_angles,,"{""side_deg"":-20.3,""fwd_deg"":19.8}"
34.079,left_hand,og,acc,216584,"{""seq"":1655,""x_mg"":368,""y_mg"":-156,""z_mg"":896}"
34.079,left_hand,og,tilt,,"{""roll_deg"":-1.8,""pitch_deg"":1.7,""steady"":true}"
34.079,left_hand,og,flick_angles,,"{""side_deg"":-17.2,""fwd_deg"":20.0}"
34.110,left_hand,og,acc,216604,"{""seq"":1656,""x_mg"":368,""y_mg"":-132,""z_mg"":848}"
34.110,left_hand,og,tilt,,"{""roll_deg"":-1.6,""pitch_deg"":2.2,""steady"":true}"
34.110,left_hand,og,flick_angles,,"{""side_deg"":-13.5,""fwd_deg"":21.2}"
34.110,left_hand,game,flick,,"{""dir"":""right"",""result"":""none""}"
34.141,left_hand,og,acc,216625,"{""seq"":1657,""x_mg"":400,""y_mg"":-160,""z_mg"":820}"
34.141,left_hand,og,tilt,,"{""roll_deg"":-1.0,""pitch_deg"":2.7,""steady"":true}"
34.141,left_hand,og,flick_angles,,"{""side_deg"":-11.7,""fwd_deg"":22.3}"
34.141,left_hand,og,acc,216645,"{""seq"":1658,""x_mg"":456,""y_mg"":-236,""z_mg"":784}"
34.141,left_hand,og,tilt,,"{""roll_deg"":-0.5,""pitch_deg"":3.3,""steady"":true}"
34.141,left_hand,og,flick_angles,,"{""side_deg"":-11.4,""fwd_deg"":24.2}"
34.172,left_hand,og,acc,216666,"{""seq"":1659,""x_mg"":472,""y_mg"":-304,""z_mg"":860}"
34.172,left_hand,og,tilt,,"{""roll_deg"":-0.0,""pitch_deg"":4.1,""steady"":true}"
34.172,left_hand,og,flick_angles,,"{""side_deg"":-14.1,""fwd_deg"":26.5}"
34.172,left_hand,og,acc,216687,"{""seq"":1660,""x_mg"":452,""y_mg"":-284,""z_mg"":876}"
34.172,left_hand,og,tilt,,"{""roll_deg"":-0.3,""pitch_deg"":5.0,""steady"":true}"
34.172,left_hand,og,flick_angles,,"{""side_deg"":-16.0,""fwd_deg"":27.6}"
34.204,left_hand,og,acc,216707,"{""seq"":1661,""x_mg"":404,""y_mg"":-156,""z_mg"":884}"
34.204,left_hand,og,tilt,,"{""roll_deg"":-0.6,""pitch_deg"":5.7,""steady"":true}"
34.204,left_hand,og,flick_angles,,"{""side_deg"":-17.0,""fwd_deg"":27.5}"
34.235,left_hand,og,acc,216728,"{""seq"":1662,""x_mg"":392,""y_mg"":-16,""z_mg"":952}"
34.235,left_hand,og,tilt,,"{""roll_deg"":-0.8,""pitch_deg"":6.4,""steady"":true}"
34.235,left_hand,og,flick_angles,,"{""side_deg"":-13.5,""fwd_deg"":26.0}"
34.235,left_hand,og,acc,216748,"{""seq"":1663,""x_mg"":400,""y_mg"":96,""z_mg"":972}"
34.235,left_hand,og,tilt,,"{""roll_deg"":-0.2,""pitch_deg"":6.7,""steady"":true}"
34.235,left_hand,og,flick_angles,,"{""side_deg"":-7.2,""fwd_deg"":24.2}"
34.266,left_hand,og,acc,216769,"{""seq"":1664,""x_mg"":428,""y_mg"":112,""z_mg"":972}"
34.266,left_hand,og,tilt,,"{""roll_deg"":1.4,""pitch_deg"":6.8,""steady"":true}"
34.266,left_hand,og,flick_angles,,"{""side_deg"":-0.8,""fwd_deg"":23.3}"
34.282,left_hand,og,acc,216789,"{""seq"":1665,""x_mg"":396,""y_mg"":160,""z_mg"":920}"
34.282,left_hand,og,tilt,,"{""roll_deg"":3.6,""pitch_deg"":6.9,""steady"":true}"
34.282,left_hand,og,flick_angles,,"{""side_deg"":2.9,""fwd_deg"":23.3}"
34.313,left_hand,og,acc,216810,"{""seq"":1666,""x_mg"":340,""y_mg"":240,""z_mg"":988}"
34.329,left_hand,og,tremor,,"{""rms_mg"":43.9,""peak_hz"":4.2}"
34.329,left_hand,og,tilt,,"{""roll_deg"":5.7,""pitch_deg"":6.9,""steady"":true}"
34.329,left_hand,og,flick_angles,,"{""side_deg"":6.4,""fwd_deg"":23.3}"
34.329,left_hand,og,acc,216831,"{""seq"":1667,""x_mg"":300,""y_mg"":272,""z_mg"":1028}"
34.329,left_hand,og,tilt,,"{""roll_deg"":7.9,""pitch_deg"":6.8,""steady"":true}"
34.329,left_hand,og,flick_angles,,"{""side_deg"":10.0,""fwd_deg"":21.1}"
34.344,left_hand,og,acc,216851,"{""seq"":1668,""x_mg"":248,""y_mg"":132,""z_mg"":1052}"
34.344,left_hand,og,tilt,,"{""roll_deg"":9.9,""pitch_deg"":6.4,""steady"":true}"
34.344,left_hand,og,flick_angles,,"{""side_deg"":11.8,""fwd_deg"":18.7}"
34.375,left_hand,og,acc,216872,"{""seq"":1669,""x_mg"":200,""y_mg"":100,""z_mg"":1020}"
34.375,left_hand,og,tilt,,"{""roll_deg"":11.6,""pitch_deg"":5.7,""steady"":true}"
34.375,left_hand,og,flick_angles,,"{""side_deg"":9.5,""fwd_deg"":16.0}"
34.375,left_hand,og,acc,216892,"{""seq"":1670,""x_mg"":192,""y_mg"":68,""z_mg"":1056}"
34.375,left_hand,og,tilt,,"{""roll_deg"":12.8,""pitch_deg"":4.7,""steady"":true}"
34.375,left_hand,og,flick_angles,,"{""side_deg"":7.5,""fwd_deg"":13.5}"
34.407,left_hand,og,acc,216913,"{""seq"":1671,""x_mg"":200,""y_mg"":-36,""z_mg"":1104}"
34.407,left_hand,og,tilt,,"{""roll_deg"":13.6,""pitch_deg"":3.5,""steady"":true}"
34.407,left_hand,og,flick_angles,,"{""side_deg"":5.6,""fwd_deg"":11.9}"
34.438,left_hand,og,acc,216933,"{""seq"":1672,""x_mg"":220,""y_mg"":-24,""z_mg"":1016}"
34.438,left_hand,og,tilt,,"{""roll_deg"":14.1,""pitch_deg"":2.5,""steady"":true}"
34.438,left_hand,og,flick_angles,,"{""side_deg"":2.1,""fwd_deg"":11.1}"
34.438,left_hand,og,acc,216954,"{""seq"":1673,""x_mg"":240,""y_mg"":8,""z_mg"":944}"
34.438,left_hand,og,tilt,,"{""roll_deg"":14.2,""pitch_deg"":1.7,""steady"":true}"
34.438,left_hand,og,flick_angles,,"{""side_deg"":0.4,""fwd_deg"":11.7}"
34.485,left_hand,og,acc,216974,"{""seq"":1674,""x_mg"":208,""y_mg"":16,""z_mg"":1072}"
34.485,left_hand,og,tilt,,"{""roll_deg"":14.3,""pitch_deg"":0.9,""steady"":true}"
34.485,left_hand,og,flick_angles,,"{""side_deg"":0.4,""fwd_deg"":11.9}"
34.500,left_hand,og,acc,216995,"{""seq"":1675,""x_mg"":200,""y_mg"":-88,""z_mg"":1164}"
34.500,left_hand,og,tilt,,"{""roll_deg"":14.1,""pitch_deg"":0.2,""steady"":true}"
34.500,left_hand,og,flick_angles,,"{""side_deg"":0.5,""fwd_deg"":11.5}"
34.500,left_hand,og,acc,217016,"{""seq"":1676,""x_mg"":148,""y_mg"":-200,""z_mg"":1076}"
34.500,left_hand,og,tilt,,"{""roll_deg"":14.0,""pitch_deg"":-0.4,""steady"":true}"
34.500,left_hand,og,flick_angles,,"{""side_deg"":-1.9,""fwd_deg"":10.6}"
34.532,left_hand,og,acc,217036,"{""seq"":1677,""x_mg"":200,""y_mg"":-188,""z_mg"":976}"
34.532,left_hand,og,tilt,,"{""roll_deg"":13.5,""pitch_deg"":-1.0,""steady"":true}"
34.532,left_hand,og,flick_angles,,"{""side_deg"":-6.2,""fwd_deg"":10.2}"
34.532,left_hand,game,flick,,"{""dir"":""left"",""result"":""none""}"
34.547,left_hand,og,acc,217057,"{""seq"":1678,""x_mg"":248,""y_mg"":-160,""z_mg"":916}"
34.547,left_hand,og,tilt,,"{""roll_deg"":12.4,""pitch_deg"":-1.4,""steady"":true}"
34.547,left_hand,og,flick_angles,,"{""side_deg"":-8.4,""fwd_deg"":10.9}"
34.563,left_hand,og,acc,217077,"{""seq"":1679,""x_mg"":220,""y_mg"":-164,""z_mg"":864}"
34.563,left_hand,og,tilt,,"{""roll_deg"":11.3,""pitch_deg"":-1.8,""steady"":true}"
34.563,left_hand,og,flick_angles,,"{""side_deg"":-9.6,""fwd_deg"":12.6}"
34.594,left_hand,og,acc,217098,"{""seq"":1680,""x_mg"":212,""y_mg"":-132,""z_mg"":888}"
34.594,left_hand,og,tilt,,"{""roll_deg"":10.4,""pitch_deg"":-1.9,""steady"":true}"
34.594,left_hand,og,flick_angles,,"{""side_deg"":-9.7,""fwd_deg"":13.4}"
34.610,left_hand,og,acc,217118,"{""seq"":1681,""x_mg"":188,""y_mg"":-108,""z_mg"":952}"
34.610,left_hand,og,tilt,,"{""roll_deg"":9.7,""pitch_deg"":-1.9,""steady"":true}"
34.610,left_hand,og,flick_angles,,"{""side_deg"":-9.1,""fwd_deg"":13.4}"
34.625,left_hand,og,acc,217139,"{""seq"":1682,""x_mg"":216,""y_mg"":-140,""z_mg"":940}"
34.625,left_hand,og,tilt,,"{""roll_deg"":9.2,""pitch_deg"":-2.0,""steady"":true}"
34.625,left_hand,og,flick_angles,,"{""side_deg"":-8.8,""fwd_deg"":13.2}"
34.657,left_hand,og,acc,217160,"{""seq"":1683,""x_mg"":236,""y_mg"":-172,""z_mg"":988}"
34.657,left_hand,og,tilt,,"{""roll_deg"":8.8,""pitch_deg"":-2.1,""steady"":true}"
34.657,left_hand,og,flick_angles,,"{""side_deg"":-8.6,""fwd_deg"":13.1}"
34.672,left_hand,og,acc,217180,"{""seq"":1684,""x_mg"":204,""y_mg"":-168,""z_mg"":992}"
34.672,left_hand,og,tilt,,"{""roll_deg"":8.5,""pitch_deg"":-2.2,""steady"":true}"
34.672,left_hand,og,flick_angles,,"{""side_deg"":-9.1,""fwd_deg"":13.0}"
34.688,left_hand,og,acc,217201,"{""seq"":1685,""x_mg"":172,""y_mg"":-192,""z_mg"":972}"
34.688,left_hand,og,tilt,,"{""roll_deg"":8.0,""pitch_deg"":-2.4,""steady"":true}"
34.688,left_hand,og,flick_angles,,"{""side_deg"":-9.5,""fwd_deg"":12.3}"
34.719,left_hand,og,acc,217221,"{""seq"":1686,""x_mg"":132,""y_mg"":-220,""z_mg"":1008}"
34.719,left_hand,og,tilt,,"{""roll_deg"":7.6,""pitch_deg"":-2.6,""steady"":true}"
34.719,left_hand,og,flick_angles,,"{""side_deg"":-10.3,""fwd_deg"":11.2}"
34.750,left_hand,og,acc,217242,"{""seq"":1687,""x_mg"":140,""y_mg"":-152,""z_mg"":1000}"
34.750,left_hand,og,tilt,,"{""roll_deg"":7.2,""pitch_deg"":-3.0,""steady"":true}"
34.750,left_hand,og,flick_angles,,"{""side_deg"":-10.8,""fwd_deg"":9.6}"
34.782,left_hand,og,acc,217262,"{""seq"":1688,""x_mg"":164,""y_mg"":-64,""z_mg"":984}"
34.782,left_hand,og,tilt,,"{""roll_deg"":6.9,""pitch_deg"":-3.4,""steady"":true}"
34.782,left_hand,og,flick_angles,,"{""side_deg"":-9.7,""fwd_deg"":8.8}"
34.782,left_hand,og,acc,217283,"{""seq"":1689,""x_mg"":148,""y_mg"":-92,""z_mg"":1012}"
34.782,left_hand,og,tilt,,"{""roll_deg"":6.7,""pitch_deg"":-3.9,""steady"":true}"
34.782,left_hand,og,flick_angles,,"{""side_deg"":-7.4,""fwd_deg"":8.5}"
34.797,left_hand,og,acc,217304,"{""seq"":1690,""x_mg"":140,""y_mg"":-128,""z_mg"":1008}"
34.797,left_hand,og,tilt,,"{""roll_deg"":6.8,""pitch_deg"":-4.4,""steady"":true}"
34.797,left_hand,og,flick_angles,,"{""side_deg"":-6.3,""fwd_deg"":8.4}"
34.813,left_hand,og,acc,217324,"{""seq"":1691,""x_mg"":172,""y_mg"":-152,""z_mg"":988}"
34.813,left_hand,og,tilt,,"{""roll_deg"":6.8,""pitch_deg"":-4.8,""steady"":true}"
34.813,left_hand,og,flick_angles,,"{""side_deg"":-6.8,""fwd_deg"":8.4}"
34.844,left_hand,og,acc,217345,"{""seq"":1692,""x_mg"":216,""y_mg"":-124,""z_mg"":964}"
34.844,left_hand,og,tilt,,"{""roll_deg"":6.8,""pitch_deg"":-5.0,""steady"":true}"
34.844,left_hand,og,flick_angles,,"{""side_deg"":-7.1,""fwd_deg"":9.1}"
34.860,left_hand,og,acc,217365,"{""seq"":1693,""x_mg"":220,""y_mg"":-112,""z_mg"":956}"
34.860,left_hand,og,tilt,,"{""roll_deg"":6.9,""pitch_deg"":-5.1,""steady"":true}"
34.860,left_hand,og,flick_angles,,"{""side_deg"":-7.2,""fwd_deg"":10.9}"
34.891,left_hand,og,acc,217386,"{""seq"":1694,""x_mg"":212,""y_mg"":-124,""z_mg"":948}"
34.891,left_hand,og,tilt,,"{""roll_deg"":6.9,""pitch_deg"":-4.9,""steady"":true}"
34.891,left_hand,og,flick_angles,,"{""side_deg"":-7.3,""fwd_deg"":11.8}"
34.907,left_hand,og,acc,217406,"{""seq"":1695,""x_mg"":224,""y_mg"":-160,""z_mg"":944}"
34.907,left_hand,og,tilt,,"{""roll_deg"":6.9,""pitch_deg"":-4.7,""steady"":true}"
34.907,left_hand,og,flick_angles,,"{""side_deg"":-7.4,""fwd_deg"":12.4}"
34.907,left_hand,og,acc,217427,"{""seq"":1696,""x_mg"":232,""y_mg"":-168,""z_mg"":948}"
34.907,left_hand,og,tilt,,"{""roll_deg"":6.9,""pitch_deg"":-4.5,""steady"":true}"
34.907,left_hand,og,flick_angles,,"{""side_deg"":-8.5,""fwd_deg"":12.9}"
34.922,left_hand,og,acc,217448,"{""seq"":1697,""x_mg"":228,""y_mg"":-180,""z_mg"":960}"
34.922,left_hand,og,tilt,,"{""roll_deg"":6.6,""pitch_deg"":-4.2,""steady"":true}"
34.922,left_hand,og,flick_angles,,"{""side_deg"":-9.3,""fwd_deg"":13.1}"
34.954,left_hand,og,acc,217468,"{""seq"":1698,""x_mg"":200,""y_mg"":-180,""z_mg"":956}"
34.954,left_hand,og,tilt,,"{""roll_deg"":6.3,""pitch_deg"":-4.0,""steady"":true}"
34.954,left_hand,og,flick_angles,,"{""side_deg"":-9.9,""fwd_deg"":13.2}"
34.969,left_hand,og,acc,217489,"{""seq"":1699,""x_mg"":172,""y_mg"":-140,""z_mg"":968}"
34.969,left_hand,og,tilt,,"{""roll_deg"":6.1,""pitch_deg"":-3.9,""steady"":true}"
34.969,left_hand,og,flick_angles,,"{""side_deg"":-10.3,""fwd_deg"":12.5}"
34.985,left_hand,og,acc,217509,"{""seq"":1700,""x_mg"":164,""y_mg"":-116,""z_mg"":984}"
34.985,left_hand,og,tilt,,"{""roll_deg"":5.8,""pitch_deg"":-3.9,""steady"":true}"
34.985,left_hand,og,flick_angles,,"{""side_deg"":-9.3,""fwd_deg"":11.3}"
35.016,left_hand,og,acc,217530,"{""seq"":1701,""x_mg"":180,""y_mg"":-56,""z_mg"":976}"
35.016,left_hand,og,tilt,,"{""roll_deg"":5.9,""pitch_deg"":-4.1,""steady"":true}"
35.016,left_hand,og,flick_angles,,"{""side_deg"":-8.0,""fwd_deg"":10.7}"
35.047,left_hand,og,acc,217550,"{""seq"":1702,""x_mg"":196,""y_mg"":-64,""z_mg"":984}"
35.047,left_hand,og,tilt,,"{""roll_deg"":6.1,""pitch_deg"":-4.2,""steady"":true}"
35.047,left_hand,og,flick_angles,,"{""side_deg"":-5.9,""fwd_deg"":10.6}"
35.079,left_hand,og,acc,217571,"{""seq"":1703,""x_mg"":200,""y_mg"":-76,""z_mg"":964}"
35.079,left_hand,og,tilt,,"{""roll_deg"":6.5,""pitch_deg"":-4.4,""steady"":true}"
35.079,left_hand,og,flick_angles,,"{""side_deg"":-4.8,""fwd_deg"":10.9}"
35.079,left_hand,og,acc,217592,"{""seq"":1704,""x_mg"":196,""y_mg"":-116,""z_mg"":996}"
35.079,left_hand,og,tilt,,"{""roll_deg"":6.9,""pitch_deg"":-4.4,""steady"":true}"
35.079,left_hand,og,flick_angles,,"{""side_deg"":-4.6,""fwd_deg"":11.1}"
35.110,left_hand,og,acc,217612,"{""seq"":1705,""x_mg"":192,""y_mg"":-136,""z_mg"":988}"
35.110,left_hand,og,tilt,,"{""roll_deg"":7.2,""pitch_deg"":-4.5,""steady"":true}"
35.110,left_hand,og,flick_angles,,"{""side_deg"":-5.6,""fwd_deg"":11.1}"
35.141,left_hand,og,acc,217633,"{""seq"":1706,""x_mg"":184,""y_mg"":-120,""z_mg"":980}"
35.141,left_hand,og,tilt,,"{""roll_deg"":7.3,""pitch_deg"":-4.5,""steady"":true}"
35.141,left_hand,og,flick_angles,,"{""side_deg"":-6.3,""fwd_deg"":11.1}"
35.141,left_hand,og,acc,217653,"{""seq"":1707,""x_mg"":176,""y_mg"":-116,""z_mg"":972}"
35.141,left_hand,og,tilt,,"{""roll_deg"":7.3,""pitch_deg"":-4.5,""steady"":true}"
35.141,left_hand,og,flick_angles,,"{""side_deg"":-6.6,""fwd_deg"":10.8}"
35.172,left_hand,og,acc,217674,"{""seq"":1708,""x_mg"":180,""y_mg"":-140,""z_mg"":976}"
35.172,left_hand,og,tilt,,"{""roll_deg"":7.3,""pitch_deg"":-4.6,""steady"":true}"
35.172,left_hand,og,flick_angles,,"{""side_deg"":-6.8,""fwd_deg"":10.6}"
35.204,left_hand,og,acc,217694,"{""seq"":1709,""x_mg"":180,""y_mg"":-144,""z_mg"":956}"
35.204,left_hand,og,tilt,,"{""roll_deg"":7.2,""pitch_deg"":-4.7,""steady"":true}"
35.204,left_hand,og,flick_angles,,"{""side_deg"":-7.5,""fwd_deg"":10.5}"
35.204,left_hand,og,acc,217715,"{""seq"":1710,""x_mg"":192,""y_mg"":-140,""z_mg"":980}"
35.204,left_hand,og,tilt,,"{""roll_deg"":7.1,""pitch_deg"":-4.8,""steady"":true}"
35.204,left_hand,og,flick_angles,,"{""side_deg"":-7.8,""fwd_deg"":10.6}"
35.235,left_hand,og,acc,217736,"{""seq"":1711,""x_mg"":188,""y_mg"":-196,""z_mg"":980}"
35.235,left_hand,og,tilt,,"{""roll_deg"":7.0,""pitch_deg"":-4.8,""steady"":true}"
35.235,left_hand,og,flick_angles,,"{""side_deg"":-8.2,""fwd_deg"":10.7}"
35.266,left_hand,og,acc,217756,"{""seq"":1712,""x_mg"":168,""y_mg"":-136,""z_mg"":992}"
35.266,left_hand,og,tilt,,"{""roll_deg"":6.9,""pitch_deg"":-4.9,""steady"":true}"
35.266,left_hand,og,flick_angles,,"{""side_deg"":-8.2,""fwd_deg"":10.8}"
35.266,left_hand,og,acc,217777,"{""seq"":1713,""x_mg"":176,""y_mg"":-80,""z_mg"":980}"
35.266,left_hand,og,tilt,,"{""roll_deg"":6.8,""pitch_deg"":-4.9,""steady"":true}"
35.266,left_hand,og,flick_angles,,"{""side_deg"":-8.0,""fwd_deg"":10.5}"
35.297,left_hand,og,acc,217797,"{""seq"":1714,""x_mg"":168,""y_mg"":-88,""z_mg"":1000}"
35.297,left_hand,og,tilt,,"{""roll_deg"":6.7,""pitch_deg"":-5.0,""steady"":true}"
35.297,left_hand,og,flick_angles,,"{""side_deg"":-6.5,""fwd_deg"":10.1}"
35.313,left_hand,og,acc,217818,"{""seq"":1715,""x_mg"":168,""y_mg"":-104,""z_mg"":976}"
35.313,left_hand,og,tilt,,"{""roll_deg"":6.9,""pitch_deg"":-5.1,""steady"":true}"
35.313,left_hand,og,flick_angles,,"{""side_deg"":-5.8,""fwd_deg"":9.9}"
35.313,left_hand,og,acc,217838,"{""seq"":1716,""x_mg"":196,""y_mg"":-124,""z_mg"":968}"
35.313,left_hand,og,tilt,,"{""roll_deg"":7.1,""pitch_deg"":-5.3,""steady"":true}"
35.313,left_hand,og,flick_angles,,"{""side_deg"":-5.9,""fwd_deg"":9.8}"
35.344,left_hand,og,acc,217859,"{""seq"":1717,""x_mg"":204,""y_mg"":-136,""z_mg"":968}"
35.344,left_hand,og,tilt,,"{""roll_deg"":7.2,""pitch_deg"":-5.3,""steady"":true}"
35.344,left_hand,og,flick_angles,,"{""side_deg"":-6.6,""fwd_deg"":10.6}"
35.375,left_hand,og,acc,217879,"{""seq"":1718,""x_mg"":188,""y_mg"":-96,""z_mg"":980}"
35.375,left_hand,og,tilt,,"{""roll_deg"":7.3,""pitch_deg"":-5.3,""steady"":true}"
35.375,left_hand,og,flick_angles,,"{""side_deg"":-7.0,""fwd_deg"":11.0}"
35.407,left_hand,og,acc,217900,"{""seq"":1719,""x_mg"":204,""y_mg"":-56,""z_mg"":972}"
35.407,left_hand,og,tilt,,"{""roll_deg"":7.4,""pitch_deg"":-5.2,""steady"":true}"
35.407,left_hand,og,flick_angles,,"{""side_deg"":-6.3,""fwd_deg"":11.4}"
35.422,left_hand,og,acc,217921,"{""seq"":1720,""x_mg"":204,""y_mg"":-68,""z_mg"":944}"
35.422,left_hand,og,tilt,,"{""roll_deg"":7.6,""pitch_deg"":-5.0,""steady"":true}"
35.422,left_hand,og,flick_angles,,"{""side_deg"":-5.2,""fwd_deg"":11.7}"
35.438,left_hand,og,acc,217941,"{""seq"":1721,""x_mg"":204,""y_mg"":-96,""z_mg"":960}"
35.438,left_hand,og,tilt,,"{""roll_deg"":7.7,""pitch_deg"":-4.9,""steady"":true}"
35.438,left_hand,og,flick_angles,,"{""side_deg"":-4.7,""fwd_deg"":11.8}"
35.454,left_hand,og,acc,217962,"{""seq"":1722,""x_mg"":212,""y_mg"":-104,""z_mg"":980}"
35.454,left_hand,og,tilt,,"{""roll_deg"":7.8,""pitch_deg"":-4.8,""steady"":true}"
35.454,left_hand,og,flick_angles,,"{""side_deg"":-5.2,""fwd_deg"":12.0}"
35.485,left_hand,og,acc,217982,"{""seq"":1723,""x_mg"":208,""y_mg"":-140,""z_mg"":972}"
35.485,left_hand,og,tilt,,"{""roll_deg"":7.9,""pitch_deg"":-4.7,""steady"":true}"
35.485,left_hand,og,flick_angles,,"{""side_deg"":-5.6,""fwd_deg"":12.0}"
35.500,left_hand,og,acc,218003,"{""seq"":1724,""x_mg"":204,""y_mg"":-116,""z_mg"":976}"
35.500,left_hand,og,tilt,,"{""roll_deg"":7.9,""pitch_deg"":-4.6,""steady"":true}"
35.500,left_hand,og,flick_angles,,"{""side_deg"":-6.2,""fwd_deg"":12.1}"
35.532,left_hand,og,acc,218023,"{""seq"":1725,""x_mg"":208,""y_mg"":-56,""z_mg"":952}"
35.532,left_hand,og,tilt,,"{""roll_deg"":8.0,""pitch_deg"":-4.5,""steady"":true}"
35.532,left_hand,og,flick_angles,,"{""side_deg"":-6.5,""fwd_deg"":12.1}"
35.532,left_hand,og,acc,218044,"{""seq"":1726,""x_mg"":172,""y_mg"":-80,""z_mg"":996}"
35.532,left_hand,og,tilt,,"{""roll_deg"":8.0,""pitch_deg"":-4.4,""steady"":true}"
35.532,left_hand,og,flick_angles,,"{""side_deg"":-5.5,""fwd_deg"":11.9}"
35.547,left_hand,og,acc,218065,"{""seq"":1727,""x_mg"":176,""y_mg"":-124,""z_mg"":992}"
35.547,left_hand,og,tilt,,"{""roll_deg"":7.9,""pitch_deg"":-4.4,""steady"":true}"
35.547,left_hand,og,flick_angles,,"{""side_deg"":-5.1,""fwd_deg"":11.0}"
35.579,left_hand,og,acc,218085,"{""seq"":1728,""x_mg"":208,""y_mg"":-124,""z_mg"":956}"
35.579,left_hand,og,tilt,,"{""roll_deg"":7.9,""pitch_deg"":-4.3,""steady"":true}"
35.579,left_hand,og,flick_angles,,"{""side_deg"":-6.1,""fwd_deg"":10.5}"
35.594,left_hand,og,acc,218106,"{""seq"":1729,""x_mg"":220,""y_mg"":-108,""z_mg"":948}"
35.594,left_hand,og,tilt,,"{""roll_deg"":7.9,""pitch_deg"":-4.2,""steady"":true}"
35.594,left_hand,og,flick_angles,,"{""side_deg"":-6.6,""fwd_deg"":11.4}"
35.610,left_hand,og,acc,218126,"{""seq"":1730,""x_mg"":200,""y_mg"":-68,""z_mg"":984}"
35.610,left_hand,og,tilt,,"{""roll_deg"":7.9,""pitch_deg"":-4.3,""steady"":true}"
35.610,left_hand,og,flick_angles,,"{""side_deg"":-6.6,""fwd_deg"":11.8}"
35.625,left_hand,og,acc,218147,"{""seq"":1731,""x_mg"":196,""y_mg"":-100,""z_mg"":1004}"
35.625,left_hand,og,tilt,,"{""roll_deg"":7.9,""pitch_deg"":-4.3,""steady"":true}"
35.625,left_hand,og,flick_angles,,"{""side_deg"":-6.1,""fwd_deg"":11.7}"
35.657,left_hand,og,acc,218167,"{""seq"":1732,""x_mg"":208,""y_mg"":-164,""z_mg"":972}"
35.657,left_hand,og,tilt,,"{""roll_deg"":7.8,""pitch_deg"":-4.2,""steady"":true}"
35.657,left_hand,og,flick_angles,,"{""side_deg"":-5.9,""fwd_deg"":11.6}"
35.672,left_hand,og,acc,218188,"{""seq"":1733,""x_mg"":212,""y_mg"":-152,""z_mg"":944}"
35.672,left_hand,og,tilt,,"{""roll_deg"":7.8,""pitch_deg"":-4.2,""steady"":true}"
35.672,left_hand,og,flick_angles,,"{""side_deg"":-7.5,""fwd_deg"":11.8}"
35.688,left_hand,og,acc,218209,"{""seq"":1734,""x_mg"":184,""y_mg"":-56,""z_mg"":996}"
35.688,left_hand,og,tilt,,"{""roll_deg"":7.9,""pitch_deg"":-4.2,""steady"":true}"
35.688,left_hand,og,flick_angles,,"{""side_deg"":-8.3,""fwd_deg"":12.0}"
35.704,left_hand,og,acc,218229,"{""seq"":1735,""x_mg"":196,""y_mg"":-52,""z_mg"":1000}"
35.704,left_hand,og,tilt,,"{""roll_deg"":8.0,""pitch_deg"":-4.3,""steady"":true}"
35.704,left_hand,og,flick_angles,,"{""side_deg"":-5.8,""fwd_deg"":11.5}"
35.735,left_hand,og,acc,218250,"{""seq"":1736,""x_mg"":200,""y_mg"":-52,""z_mg"":980}"
35.735,left_hand,og,tilt,,"{""roll_deg"":8.4,""pitch_deg"":-4.3,""steady"":true}"
35.735,left_hand,og,flick_angles,,"{""side_deg"":-4.4,""fwd_deg"":11.3}"
35.750,left_hand,og,acc,218270,"{""seq"":1737,""x_mg"":200,""y_mg"":-64,""z_mg"":972}"
35.750,left_hand,og,tilt,,"{""roll_deg"":8.7,""pitch_deg"":-4.3,""steady"":true}"
35.750,left_hand,og,flick_angles,,"{""side_deg"":-3.7,""fwd_deg"":11.4}"
35.782,,game,miss,,"{""n"":18,""want"":""up""}"
35.782,left_hand,og,acc,218291,"{""seq"":1738,""x_mg"":200,""y_mg"":-92,""z_mg"":992}"
35.782,left_hand,og,tilt,,"{""roll_deg"":9.0,""pitch_deg"":-4.3,""steady"":true}"
35.782,left_hand,og,flick_angles,,"{""side_deg"":-3.7,""fwd_deg"":11.5}"
35.797,left_hand,og,acc,218311,"{""seq"":1739,""x_mg"":196,""y_mg"":-108,""z_mg"":988}"
35.797,left_hand,og,tilt,,"{""roll_deg"":9.2,""pitch_deg"":-4.3,""steady"":true}"
35.797,left_hand,og,flick_angles,,"{""side_deg"":-4.5,""fwd_deg"":11.4}"
35.813,left_hand,og,acc,218332,"{""seq"":1740,""x_mg"":208,""y_mg"":-88,""z_mg"":980}"
35.813,left_hand,og,tilt,,"{""roll_deg"":9.2,""pitch_deg"":-4.3,""steady"":true}"
35.813,left_hand,og,flick_angles,,"{""side_deg"":-4.9,""fwd_deg"":11.4}"
35.844,left_hand,og,acc,218352,"{""seq"":1741,""x_mg"":224,""y_mg"":-84,""z_mg"":956}"
35.844,left_hand,og,tilt,,"{""roll_deg"":9.2,""pitch_deg"":-4.3,""steady"":true}"
35.844,left_hand,og,flick_angles,,"{""side_deg"":-5.0,""fwd_deg"":11.7}"
35.860,left_hand,og,acc,218373,"{""seq"":1742,""x_mg"":224,""y_mg"":-116,""z_mg"":944}"
35.860,left_hand,og,tilt,,"{""roll_deg"":9.1,""pitch_deg"":-4.3,""steady"":true}"
35.860,left_hand,og,flick_angles,,"{""side_deg"":-5.1,""fwd_deg"":12.4}"
35.891,left_hand,og,acc,218394,"{""seq"":1743,""x_mg"":236,""y_mg"":-100,""z_mg"":964}"
35.891,left_hand,og,tilt,,"{""roll_deg"":9.0,""pitch_deg"":-4.1,""steady"":true}"
35.891,left_hand,og,flick_angles,,"{""side_deg"":-5.5,""fwd_deg"":12.9}"
35.907,left_hand,og,acc,218414,"{""seq"":1744,""x_mg"":216,""y_mg"":-96,""z_mg"":960}"
35.907,left_hand,og,tilt,,"{""roll_deg"":9.0,""pitch_deg"":-3.9,""steady"":true}"
35.907,left_hand,og,flick_angles,,"{""side_deg"":-5.7,""fwd_deg"":13.1}"
35.938,left_hand,og,acc,218435,"{""seq"":1745,""x_mg"":220,""y_mg"":-156,""z_mg"":964}"
35.938,left_hand,og,tilt,,"{""roll_deg"":8.9,""pitch_deg"":-3.8,""steady"":true}"
35.938,left_hand,og,flick_angles,,"{""side_deg"":-5.8,""fwd_deg"":13.0}"
35.954,left_hand,og,acc,218455,"{""seq"":1746,""x_mg"":272,""y_mg"":-192,""z_mg"":944}"
35.954,left_hand,og,tilt,,"{""roll_deg"":8.7,""pitch_deg"":-3.6,""steady"":true}"
35.954,left_hand,og,flick_angles,,"{""side_deg"":-7.5,""fwd_deg"":12.9}"
35.985,left_hand,og,acc,218476,"{""seq"":1747,""x_mg"":268,""y_mg"":-176,""z_mg"":948}"
35.985,left_hand,og,tilt,,"{""roll_deg"":8.3,""pitch_deg"":-3.4,""steady"":true}"
35.985,left_hand,og,flick_angles,,"{""side_deg"":-9.0,""fwd_deg"":14.4}"
36.016,left_hand,og,acc,218496,"{""seq"":1748,""x_mg"":272,""y_mg"":-208,""z_mg"":944}"
36.016,left_hand,og,tilt,,"{""roll_deg"":7.7,""pitch_deg"":-3.0,""steady"":true}"
36.016,left_hand,og,flick_angles,,"{""side_deg"":-10.3,""fwd_deg"":15.2}"
36.016,left_hand,og,acc,218517,"{""seq"":1749,""x_mg"":264,""y_mg"":-176,""z_mg"":976}"
36.016,left_hand,og,tilt,,"{""roll_deg"":7.3,""pitch_deg"":-2.7,""steady"":true}"
36.016,left_hand,og,flick_angles,,"{""side_deg"":-10.4,""fwd_deg"":15.5}"
36.047,left_hand,og,acc,218538,"{""seq"":1750,""x_mg"":244,""y_mg"":-148,""z_mg"":956}"
36.047,left_hand,og,tilt,,"{""roll_deg"":6.8,""pitch_deg"":-2.4,""steady"":true}"
36.047,left_hand,og,flick_angles,,"{""side_deg"":-10.3,""fwd_deg"":15.3}"
36.063,left_hand,og,acc,218558,"{""seq"":1751,""x_mg"":252,""y_mg"":-172,""z_mg"":948}"
36.063,left_hand,og,tilt,,"{""roll_deg"":6.5,""pitch_deg"":-2.2,""steady"":true}"
36.063,left_hand,og,flick_angles,,"{""side_deg"":-10.3,""fwd_deg"":15.1}"
36.094,left_hand,og,acc,218579,"{""seq"":1752,""x_mg"":244,""y_mg"":-168,""z_mg"":944}"
36.094,left_hand,og,tilt,,"{""roll_deg"":6.2,""pitch_deg"":-2.0,""steady"":true}"
36.094,left_hand,og,flick_angles,,"{""side_deg"":-10.2,""fwd_deg"":14.8}"
36.094,left_hand,og,acc,218599,"{""seq"":1753,""x_mg"":240,""y_mg"":-176,""z_mg"":960}"
36.094,left_hand,og,tilt,,"{""roll_deg"":5.9,""pitch_deg"":-2.0,""steady"":true}"
36.094,left_hand,og,flick_angles,,"{""side_deg"":-10.2,""fwd_deg"":14.6}"
36.125,left_hand,og,acc,218620,"{""seq"":1754,""x_mg"":252,""y_mg"":-152,""z_mg"":940}"
36.125,left_hand,og,tilt,,"{""roll_deg"":5.7,""pitch_deg"":-1.9,""steady"":true}"
36.125,left_hand,og,flick_angles,,"{""side_deg"":-10.2,""fwd_deg"":14.6}"
36.157,left_hand,og,acc,218640,"{""seq"":1755,""x_mg"":252,""y_mg"":-104,""z_mg"":952}"
36.157,left_hand,og,tilt,,"{""roll_deg"":5.5,""pitch_deg"":-1.8,""steady"":true}"
36.157,left_hand,og,flick_angles,,"{""side_deg"":-9.7,""fwd_deg"":14.7}"
36.157,left_hand,og,acc,218661,"{""seq"":1756,""x_mg"":240,""y_mg"":-140,""z_mg"":956}"
36.157,left_hand,og,tilt,,"{""roll_deg"":5.5,""pitch_deg"":-1.7,""steady"":true}"
36.157,left_hand,og,flick_angles,,"{""side_deg"":-9.0,""fwd_deg"":14.8}"
36.172,left_hand,og,acc,218682,"{""seq"":1757,""x_mg"":252,""y_mg"":-168,""z_mg"":948}"
36.172,left_hand,og,tilt,,"{""roll_deg"":5.4,""pitch_deg"":-1.7,""steady"":true}"
36.172,left_hand,og,flick_angles,,"{""side_deg"":-8.7,""fwd_deg"":14.8}"
36.204,left_hand,og,acc,218702,"{""seq"":1758,""x_mg"":240,""y_mg"":-160,""z_mg"":952}"
36.204,left_hand,og,tilt,,"{""roll_deg"":5.4,""pitch_deg"":-1.6,""steady"":true}"
36.204,left_hand,og,flick_angles,,"{""side_deg"":-9.1,""fwd_deg"":14.5}"
36.219,left_hand,og,acc,218723,"{""seq"":1759,""x_mg"":228,""y_mg"":-152,""z_mg"":968}"
36.219,left_hand,og,tilt,,"{""roll_deg"":5.4,""pitch_deg"":-1.6,""steady"":true}"
36.219,left_hand,og,flick_angles,,"{""side_deg"":-9.3,""fwd_deg"":14.3}"
36.235,left_hand,og,acc,218743,"{""seq"":1760,""x_mg"":224,""y_mg"":-104,""z_mg"":980}"
36.235,left_hand,og,tilt,,"{""roll_deg"":5.4,""pitch_deg"":-1.6,""steady"":true}"
36.235,left_hand,og,flick_angles,,"{""side_deg"":-9.1,""fwd_deg"":13.8}"
36.266,left_hand,og,acc,218764,"{""seq"":1761,""x_mg"":248,""y_mg"":-108,""z_mg"":968}"
36.266,left_hand,og,tilt,,"{""roll_deg"":5.4,""pitch_deg"":-1.6,""steady"":true}"
36.266,left_hand,og,flick_angles,,"{""side_deg"":-7.7,""fwd_deg"":13.5}"
36.297,left_hand,og,acc,218784,"{""seq"":1762,""x_mg"":244,""y_mg"":-164,""z_mg"":956}"
36.297,left_hand,og,tilt,,"{""roll_deg"":5.4,""pitch_deg"":-1.6,""steady"":true}"
36.297,left_hand,og,flick_angles,,"{""side_deg"":-7.1,""fwd_deg"":13.9}"
36.297,left_hand,og,acc,218805,"{""seq"":1763,""x_mg"":236,""y_mg"":-152,""z_mg"":964}"
36.297,left_hand,og,tilt,,"{""roll_deg"":5.4,""pitch_deg"":-1.7,""steady"":true}"
36.297,left_hand,og,flick_angles,,"{""side_deg"":-8.0,""fwd_deg"":14.1}"
36.329,left_hand,og,acc,218826,"{""seq"":1764,""x_mg"":244,""y_mg"":-140,""z_mg"":968}"
36.329,left_hand,og,tremor,,"{""rms_mg"":53.5,""peak_hz"":4.2}"
36.329,left_hand,og,tilt,,"{""roll_deg"":5.5,""pitch_deg"":-1.7,""steady"":true}"
36.329,left_hand,og,flick_angles,,"{""side_deg"":-8.5,""fwd_deg"":14.1}"
36.360,left_hand,og,acc,218846,"{""seq"":1765,""x_mg"":236,""y_mg"":-128,""z_mg"":964}"
36.360,left_hand,og,tilt,,"{""roll_deg"":5.5,""pitch_deg"":-1.7,""steady"":true}"
36.360,left_hand,og,flick_angles,,"{""side_deg"":-8.4,""fwd_deg"":13.9}"
36.360,left_hand,og,acc,218867,"{""seq"":1766,""x_mg"":244,""y_mg"":-132,""z_mg"":964}"
36.360,left_hand,og,tilt,,"{""roll_deg"":5.6,""pitch_deg"":-1.7,""steady"":true}"
36.360,left_hand,og,flick_angles,,"{""side_deg"":-8.1,""fwd_deg"":14.0}"
36.391,left_hand,og,acc,218887,"{""seq"":1767,""x_mg"":240,""y_mg"":-136,""z_mg"":952}"
36.391,left_hand,og,tilt,,"{""roll_deg"":5.7,""pitch_deg"":-1.7,""steady"":true}"
36.391,left_hand,og,flick_angles,,"{""side_deg"":-7.9,""fwd_deg"":14.1}"
36.422,left_hand,og,acc,218908,"{""seq"":1768,""x_mg"":248,""y_mg"":-160,""z_mg"":952}"
36.422,left_hand,og,tilt,,"{""roll_deg"":5.7,""pitch_deg"":-1.7,""steady"":true}"
36.422,left_hand,og,flick_angles,,"{""side_deg"":-8.0,""fwd_deg"":14.2}"
36.422,left_hand,og,acc,218928,"{""seq"":1769,""x_mg"":236,""y_mg"":-132,""z_mg"":960}"
36.422,left_hand,og,tilt,,"{""roll_deg"":5.8,""pitch_deg"":-1.7,""steady"":true}"
36.422,left_hand,og,flick_angles,,"{""side_deg"":-8.1,""fwd_deg"":14.2}"
36.454,left_hand,og,acc,218949,"{""seq"":1770,""x_mg"":244,""y_mg"":-108,""z_mg"":972}"
36.454,left_hand,og,tilt,,"{""roll_deg"":5.9,""pitch_deg"":-1.7,""steady"":true}"
36.454,left_hand,og,flick_angles,,"{""side_deg"":-8.0,""fwd_deg"":14.1}"
36.485,left_hand,og,acc,218970,"{""seq"":1771,""x_mg"":248,""y_mg"":-140,""z_mg"":972}"
36.485,left_hand,og,tilt,,"{""roll_deg"":5.9,""pitch_deg"":-1.7,""steady"":true}"
36.485,left_hand,og,flick_angles,,"{""side_deg"":-7.9,""fwd_deg"":14.1}"
36.485,left_hand,og,acc,218990,"{""seq"":1772,""x_mg"":260,""y_mg"":-140,""z_mg"":984}"
36.485,left_hand,og,tilt,,"{""roll_deg"":5.9,""pitch_deg"":-1.7,""steady"":true}"
36.485,left_hand,og,flick_angles,,"{""side_deg"":-8.0,""fwd_deg"":14.2}"
36.516,left_hand,og,acc,219011,"{""seq"":1773,""x_mg"":260,""y_mg"":-180,""z_mg"":948}"
36.516,left_hand,og,tilt,,"{""roll_deg"":6.0,""pitch_deg"":-1.7,""steady"":true}"
36.516,left_hand,og,flick_angles,,"{""side_deg"":-8.1,""fwd_deg"":14.5}"
36.532,left_hand,og,acc,219031,"{""seq"":1774,""x_mg"":240,""y_mg"":-156,""z_mg"":960}"
36.532,left_hand,og,tilt,,"{""roll_deg"":6.0,""pitch_deg"":-1.7,""steady"":true}"
36.532,left_hand,og,flick_angles,,"{""side_deg"":-8.7,""fwd_deg"":14.7}"
36.532,left_hand,og,acc,219052,"{""seq"":1775,""x_mg"":244,""y_mg"":-148,""z_mg"":968}"
36.532,left_hand,og,tilt,,"{""roll_deg"":5.9,""pitch_deg"":-1.7,""steady"":true}"
36.532,left_hand,og,flick_angles,,"{""side_deg"":-8.9,""fwd_deg"":14.4}"
36.563,left_hand,og,acc,219072,"{""seq"":1776,""x_mg"":236,""y_mg"":-196,""z_mg"":956}"
36.563,left_hand,og,tilt,,"{""roll_deg"":5.8,""pitch_deg"":-1.7,""steady"":true}"
36.563,left_hand,og,flick_angles,,"{""side_deg"":-9.1,""fwd_deg"":14.2}"
36.594,left_hand,og,acc,219093,"{""seq"":1777,""x_mg"":240,""y_mg"":-136,""z_mg"":960}"
36.594,left_hand,og,tilt,,"{""roll_deg"":5.7,""pitch_deg"":-1.7,""steady"":true}"
36.594,left_hand,og,flick_angles,,"{""side_deg"":-8.9,""fwd_deg"":14.1}"
36.625,left_hand,og,acc,219113,"{""seq"":1778,""x_mg"":240,""y_mg"":-112,""z_mg"":948}"
36.625,left_hand,og,tilt,,"{""roll_deg"":5.7,""pitch_deg"":-1.7,""steady"":true}"
36.625,left_hand,og,flick_angles,,"{""side_deg"":-8.5,""fwd_deg"":14.1}"
36.625,left_hand,og,acc,219134,"{""seq"":1779,""x_mg"":232,""y_mg"":-120,""z_mg"":956}"
36.625,left_hand,og,tilt,,"{""roll_deg"":5.8,""pitch_deg"":-1.7,""steady"":true}"
36.625,left_hand,og,flick_angles,,"{""side_deg"":-7.8,""fwd_deg"":14.1}"
36.657,left_hand,og,acc,219155,"{""seq"":1780,""x_mg"":248,""y_mg"":-160,""z_mg"":960}"
36.657,left_hand,og,tilt,,"{""roll_deg"":5.8,""pitch_deg"":-1.7,""steady"":true}"
36.657,left_hand,og,flick_angles,,"{""side_deg"":-7.5,""fwd_deg"":14.1}"
36.657,left_hand,og,acc,219175,"{""seq"":1781,""x_mg"":248,""y_mg"":-156,""z_mg"":944}"
36.657,left_hand,og,tilt,,"{""roll_deg"":5.9,""pitch_deg"":-1.7,""steady"":true}"
36.657,left_hand,og,flick_angles,,"{""side_deg"":-8.4,""fwd_deg"":14.3}"
36.688,left_hand,og,acc,219196,"{""seq"":1782,""x_mg"":244,""y_mg"":-148,""z_mg"":960}"
36.688,left_hand,og,tilt,,"{""roll_deg"":5.8,""pitch_deg"":-1.7,""steady"":true}"
36.688,left_hand,og,flick_angles,,"{""side_deg"":-8.9,""fwd_deg"":14.4}"
36.719,left_hand,og,acc,219216,"{""seq"":1783,""x_mg"":236,""y_mg"":-148,""z_mg"":960}"
36.719,left_hand,og,tilt,,"{""roll_deg"":5.8,""pitch_deg"":-1.7,""steady"":true}"
36.719,left_hand,og,flick_angles,,"{""side_deg"":-8.8,""fwd_deg"":14.3}"
36.719,left_hand,og,acc,219237,"{""seq"":1784,""x_mg"":236,""y_mg"":-104,""z_mg"":968}"
36.719,left_hand,og,tilt,,"{""roll_deg"":5.8,""pitch_deg"":-1.7,""steady"":true}"
36.719,left_hand,og,flick_angles,,"{""side_deg"":-8.8,""fwd_deg"":14.1}"
36.750,left_hand,og,acc,219257,"{""seq"":1785,""x_mg"":236,""y_mg"":-128,""z_mg"":948}"
36.750,left_hand,og,tilt,,"{""roll_deg"":5.7,""pitch_deg"":-1.7,""steady"":true}"
36.750,left_hand,og,flick_angles,,"{""side_deg"":-8.2,""fwd_deg"":13.9}"
36.797,left_hand,og,acc,219278,"{""seq"":1786,""x_mg"":236,""y_mg"":-128,""z_mg"":976}"
36.797,left_hand,og,tilt,,"{""roll_deg"":5.8,""pitch_deg"":-1.8,""steady"":true}"
36.797,left_hand,og,flick_angles,,"{""side_deg"":-7.9,""fwd_deg"":13.8}"
36.797,left_hand,og,acc,219299,"{""seq"":1787,""x_mg"":228,""y_mg"":-112,""z_mg"":968}"
36.797,left_hand,og,tilt,,"{""roll_deg"":5.9,""pitch_deg"":-1.8,""steady"":true}"
36.797,left_hand,og,flick_angles,,"{""side_deg"":-7.7,""fwd_deg"":13.7}"
36.829,left_hand,og,acc,219319,"{""seq"":1788,""x_mg"":236,""y_mg"":-124,""z_mg"":940}"
36.829,left_hand,og,tilt,,"{""roll_deg"":6.0,""pitch_deg"":-1.9,""steady"":true}"
36.829,left_hand,og,flick_angles,,"{""side_deg"":-7.6,""fwd_deg"":13.7}"
36.860,left_hand,og,acc,219340,"{""seq"":1789,""x_mg"":240,""y_mg"":-148,""z_mg"":984}"
36.860,left_hand,og,tilt,,"{""roll_deg"":6.1,""pitch_deg"":-1.9,""steady"":true}"
36.860,left_hand,og,flick_angles,,"{""side_deg"":-7.5,""fwd_deg"":13.7}"
36.860,left_hand,og,acc,219360,"{""seq"":1790,""x_mg"":228,""y_mg"":-156,""z_mg"":960}"
36.860,left_hand,og,tilt,,"{""roll_deg"":6.2,""pitch_deg"":-1.9,""steady"":true}"
36.860,left_hand,og,flick_angles,,"{""side_deg"":-8.0,""fwd_deg"":13.7}"
36.891,left_hand,og,acc,219381,"{""seq"":1791,""x_mg"":232,""y_mg"":-144,""z_mg"":956}"
36.891,left_hand,og,tilt,,"{""roll_deg"":6.1,""pitch_deg"":-2.0,""steady"":true}"
36.891,left_hand,og,flick_angles,,"{""side_deg"":-8.3,""fwd_deg"":13.7}"
36.922,left_hand,og,acc,219401,"{""seq"":1792,""x_mg"":240,""y_mg"":-124,""z_mg"":956}"
36.922,left_hand,og,tilt,,"{""roll_deg"":6.1,""pitch_deg"":-2.0,""steady"":true}"
36.922,left_hand,og,flick_angles,,"{""side_deg"":-8.4,""fwd_deg"":13.7}"
36.922,left_hand,og,acc,219422,"{""seq"":1793,""x_mg"":220,""y_mg"":-136,""z_mg"":956}"
36.922,left_hand,og,tilt,,"{""roll_deg"":6.0,""pitch_deg"":-2.0,""steady"":true}"
36.922,left_hand,og,flick_angles,,"{""side_deg"":-8.3,""fwd_deg"":13.6}"
36.954,left_hand,og,acc,219442,"{""seq"":1794,""x_mg"":224,""y_mg"":-128,""z_mg"":980}"
36.954,left_hand,og,tilt,,"{""roll_deg"":6.1,""pitch_deg"":-2.1,""steady"":true}"
36.954,left_hand,og,flick_angles,,"{""side_deg"":-7.9,""fwd_deg"":13.3}"
36.985,left_hand,og,acc,219463,"{""seq"":1795,""x_mg"":232,""y_mg"":-112,""z_mg"":948}"
36.985,left_hand,og,tilt,,"{""roll_deg"":6.2,""pitch_deg"":-2.1,""steady"":true}"
36.985,left_hand,og,flick_angles,,"{""side_deg"":-7.6,""fwd_deg"":13.1}"
36.985,left_hand,og,acc,219484,"{""seq"":1796,""x_mg"":248,""y_mg"":-120,""z_mg"":956}"
36.985,left_hand,og,tilt,,"{""roll_deg"":6.2,""pitch_deg"":-2.1,""steady"":true}"
36.985,left_hand,og,flick_angles,,"{""side_deg"":-7.4,""fwd_deg"":13.4}"
37.016,left_hand,og,acc,219504,"{""seq"":1797,""x_mg"":240,""y_mg"":-140,""z_mg"":976}"
37.016,left_hand,og,tilt,,"{""roll_deg"":6.3,""pitch_deg"":-2.1,""steady"":true}"
37.016,left_hand,og,flick_angles,,"{""side_deg"":-7.3,""fwd_deg"":13.6}"
37.016,left_hand,og,acc,219525,"{""seq"":1798,""x_mg"":228,""y_mg"":-116,""z_mg"":984}"
37.016,left_hand,og,tilt,,"{""roll_deg"":6.4,""pitch_deg"":-2.1,""steady"":true}"
37.016,left_hand,og,flick_angles,,"{""side_deg"":-7.2,""fwd_deg"":13.7}"
37.047,left_hand,og,acc,219545,"{""seq"":1799,""x_mg"":228,""y_mg"":-104,""z_mg"":956}"
37.047,left_hand,og,tilt,,"{""roll_deg"":6.5,""pitch_deg"":-2.1,""steady"":true}"
37.047,left_hand,og,flick_angles,,"{""side_deg"":-7.0,""fwd_deg"":13.6}"
37.079,left_hand,og,acc,219566,"{""seq"":1800,""x_mg"":240,""y_mg"":-116,""z_mg"":948}"
37.079,left_hand,og,tilt,,"{""roll_deg"":6.6,""pitch_deg"":-2.1,""steady"":true}"
37.079,left_hand,og,flick_angles,,"{""side_deg"":-6.8,""fwd_deg"":13.5}"
37.079,left_hand,og,acc,219586,"{""seq"":1801,""x_mg"":232,""y_mg"":-128,""z_mg"":964}"
37.079,left_hand,og,tilt,,"{""roll_deg"":6.7,""pitch_deg"":-2.1,""steady"":true}"
37.079,left_hand,og,flick_angles,,"{""side_deg"":-6.9,""fwd_deg"":13.5}"
37.110,left_hand,og,acc,219607,"{""seq"":1802,""x_mg"":228,""y_mg"":-132,""z_mg"":964}"
37.110,left_hand,og,tilt,,"{""roll_deg"":6.8,""pitch_deg"":-2.2,""steady"":true}"
37.110,left_hand,og,flick_angles,,"{""side_deg"":-7.2,""fwd_deg"":13.5}"
37.141,left_hand,og,acc,219628,"{""seq"":1803,""x_mg"":236,""y_mg"":-136,""z_mg"":952}"
37.141,left_hand,og,tilt,,"{""roll_deg"":6.8,""pitch_deg"":-2.2,""steady"":true}"
37.141,left_hand,og,flick_angles,,"{""side_deg"":-7.5,""fwd_deg"":13.5}"
37.141,left_hand,og,acc,219648,"{""seq"":1804,""x_mg"":224,""y_mg"":-140,""z_mg"":960}"
37.141,left_hand,og,tilt,,"{""roll_deg"":6.7,""pitch_deg"":-2.2,""steady"":true}"
37.141,left_hand,og,flick_angles,,"{""side_deg"":-7.8,""fwd_deg"":13.4}"
37.172,left_hand,og,acc,219669,"{""seq"":1805,""x_mg"":232,""y_mg"":-120,""z_mg"":972}"
37.172,left_hand,og,tilt,,"{""roll_deg"":6.7,""pitch_deg"":-2.2,""steady"":true}"
37.172,left_hand,og,flick_angles,,"{""side_deg"":-8.0,""fwd_deg"":13.4}"
37.204,left_hand,og,acc,219689,"{""seq"":1806,""x_mg"":236,""y_mg"":-104,""z_mg"":968}"
37.204,left_hand,og,tilt,,"{""roll_deg"":6.7,""pitch_deg"":-2.3,""steady"":true}"
37.204,left_hand,og,flick_angles,,"{""side_deg"":-7.5,""fwd_deg"":13.4}"
37.204,left_hand,og,acc,219710,"{""seq"":1807,""x_mg"":232,""y_mg"":-124,""z_mg"":960}"
37.204,left_hand,og,tilt,,"{""roll_deg"":6.7,""pitch_deg"":-2.3,""steady"":true}"
37.204,left_hand,og,flick_angles,,"{""side_deg"":-7.3,""fwd_deg"":13.5}"
37.235,left_hand,og,acc,219730,"{""seq"":1808,""x_mg"":240,""y_mg"":-128,""z_mg"":968}"
37.235,left_hand,og,tilt,,"{""roll_deg"":6.7,""pitch_deg"":-2.3,""steady"":true}"
37.235,left_hand,og,flick_angles,,"{""side_deg"":-7.3,""fwd_deg"":13.6}"
37.235,left_hand,og,acc,219751,"{""seq"":1809,""x_mg"":224,""y_mg"":-136,""z_mg"":952}"
37.235,left_hand,og,tilt,,"{""roll_deg"":6.8,""pitch_deg"":-2.3,""steady"":true}"
37.235,left_hand,og,flick_angles,,"{""side_deg"":-7.4,""fwd_deg"":13.6}"
37.266,left_hand,og,acc,219771,"{""seq"":1810,""x_mg"":228,""y_mg"":-112,""z_mg"":972}"
37.266,left_hand,og,tilt,,"{""roll_deg"":6.8,""pitch_deg"":-2.3,""steady"":true}"
37.266,left_hand,og,flick_angles,,"{""side_deg"":-7.5,""fwd_deg"":13.4}"
37.297,left_hand,og,acc,219792,"{""seq"":1811,""x_mg"":236,""y_mg"":-108,""z_mg"":964}"
37.297,left_hand,og,tilt,,"{""roll_deg"":6.8,""pitch_deg"":-2.3,""steady"":true}"
37.297,left_hand,og,flick_angles,,"{""side_deg"":-7.0,""fwd_deg"":13.3}"
37.297,left_hand,og,acc,219813,"{""seq"":1812,""x_mg"":240,""y_mg"":-136,""z_mg"":960}"
37.297,left_hand,og,tilt,,"{""roll_deg"":6.8,""pitch_deg"":-2.3,""steady"":true}"
37.297,left_hand,og,flick_angles,,"{""side_deg"":-6.8,""fwd_deg"":13.5}"
37.329,left_hand,og,acc,219833,"{""seq"":1813,""x_mg"":228,""y_mg"":-148,""z_mg"":964}"
37.329,left_hand,og,tilt,,"{""roll_deg"":6.7,""pitch_deg"":-2.3,""steady"":true}"
37.329,left_hand,og,flick_angles,,"{""side_deg"":-7.4,""fwd_deg"":13.6}"
37.360,left_hand,og,acc,219854,"{""seq"":1814,""x_mg"":232,""y_mg"":-136,""z_mg"":972}"
37.360,left_hand,og,tilt,,"{""roll_deg"":6.7,""pitch_deg"":-2.3,""steady"":true}"
37.360,left_hand,og,flick_angles,,"{""side_deg"":-7.7,""fwd_deg"":13.5}"
37.360,left_hand,og,acc,219874,"{""seq"":1815,""x_mg"":216,""y_mg"":-128,""z_mg"":964}"
37.360,left_hand,og,tilt,,"{""roll_deg"":6.6,""pitch_deg"":-2.3,""steady"":true}"
37.360,left_hand,og,flick_angles,,"{""side_deg"":-7.9,""fwd_deg"":13.4}"
37.407,left_hand,og,acc,219895,"{""seq"":1816,""x_mg"":224,""y_mg"":-112,""z_mg"":972}"
37.407,left_hand,og,tilt,,"{""roll_deg"":6.6,""pitch_deg"":-2.4,""steady"":true}"
37.407,left_hand,og,flick_angles,,"{""side_deg"":-7.7,""fwd_deg"":13.2}"
37.438,left_hand,og,acc,219915,"{""seq"":1817,""x_mg"":232,""y_mg"":-124,""z_mg"":952}"
37.438,left_hand,og,tilt,,"{""roll_deg"":6.6,""pitch_deg"":-2.4,""steady"":true}"
37.438,left_hand,og,flick_angles,,"{""side_deg"":-7.6,""fwd_deg"":13.1}"
37.438,left_hand,og,acc,219936,"{""seq"":1818,""x_mg"":232,""y_mg"":-140,""z_mg"":956}"
37.438,left_hand,og,tilt,,"{""roll_deg"":6.6,""pitch_deg"":-2.4,""steady"":true}"
37.438,left_hand,og,flick_angles,,"{""side_deg"":-7.5,""fwd_deg"":13.4}"
37.469,left_hand,og,acc,219957,"{""seq"":1819,""x_mg"":228,""y_mg"":-124,""z_mg"":976}"
37.469,left_hand,og,tilt,,"{""roll_deg"":6.6,""pitch_deg"":-2.4,""steady"":true}"
37.469,left_hand,og,flick_angles,,"{""side_deg"":-7.5,""fwd_deg"":13.5}"
37.500,left_hand,og,acc,219977,"{""seq"":1820,""x_mg"":220,""y_mg"":-112,""z_mg"":968}"
37.500,left_hand,og,tilt,,"{""roll_deg"":6.7,""pitch_deg"":-2.5,""steady"":true}"
37.500,left_hand,og,flick_angles,,"{""side_deg"":-7.3,""fwd_deg"":13.3}"
37.500,left_hand,og,acc,219998,"{""seq"":1821,""x_mg"":240,""y_mg"":-116,""z_mg"":964}"
37.500,left_hand,og,tilt,,"{""roll_deg"":6.7,""pitch_deg"":-2.4,""steady"":true}"
37.500,left_hand,og,flick_angles,,"{""side_deg"":-7.1,""fwd_deg"":13.2}"
37.532,left_hand,og,acc,220018,"{""seq"":1822,""x_mg"":236,""y_mg"":-160,""z_mg"":912}"
37.532,left_hand,og,tilt,,"{""roll_deg"":6.8,""pitch_deg"":-2.4,""steady"":true}"
37.532,left_hand,og,flick_angles,,"{""side_deg"":-7.0,""fwd_deg"":13.6}"
37.532,left_hand,og,acc,220039,"{""seq"":1823,""x_mg"":200,""y_mg"":-164,""z_mg"":1008}"
37.532,left_hand,og,tilt,,"{""roll_deg"":6.8,""pitch_deg"":-2.5,""steady"":true}"
37.532,left_hand,og,flick_angles,,"{""side_deg"":-8.1,""fwd_deg"":13.8}"
37.563,left_hand,og,acc,220059,"{""seq"":1824,""x_mg"":216,""y_mg"":-80,""z_mg"":956}"
37.563,left_hand,og,tilt,,"{""roll_deg"":6.9,""pitch_deg"":-2.5,""steady"":true}"
37.563,left_hand,og,flick_angles,,"{""side_deg"":-8.7,""fwd_deg"":13.3}"
