t_s,role,source,channel,dev_ms,fields
0.047,right_hand,og,acc,2433427,"{""seq"":0,""x_mg"":132,""y_mg"":-108,""z_mg"":1100}"
0.047,right_hand,og,tilt,,"{""roll_deg"":0.0,""pitch_deg"":0.0,""steady"":true}"
0.047,right_hand,og,flick_angles,,"{""side_deg"":-5.6,""fwd_deg"":6.8}"
0.078,right_hand,og,acc,2433448,"{""seq"":1,""x_mg"":88,""y_mg"":-80,""z_mg"":1060}"
0.078,right_hand,og,tilt,,"{""roll_deg"":0.0,""pitch_deg"":0.0,""steady"":true}"
0.078,right_hand,og,flick_angles,,"{""side_deg"":-5.3,""fwd_deg"":6.3}"
0.094,right_hand,og,acc,2433468,"{""seq"":2,""x_mg"":28,""y_mg"":-96,""z_mg"":920}"
0.094,right_hand,og,tilt,,"{""roll_deg"":0.0,""pitch_deg"":0.0,""steady"":true}"
0.094,right_hand,og,flick_angles,,"{""side_deg"":-5.4,""fwd_deg"":5.5}"
0.125,right_hand,og,acc,2433489,"{""seq"":3,""x_mg"":64,""y_mg"":-132,""z_mg"":876}"
0.125,right_hand,og,tilt,,"{""roll_deg"":0.0,""pitch_deg"":-0.2,""steady"":true}"
0.125,right_hand,og,flick_angles,,"{""side_deg"":-5.7,""fwd_deg"":4.8}"
0.125,right_hand,og,acc,2433509,"{""seq"":4,""x_mg"":172,""y_mg"":-92,""z_mg"":988}"
0.125,right_hand,og,tilt,,"{""roll_deg"":0.0,""pitch_deg"":-0.4,""steady"":true}"
0.125,right_hand,og,flick_angles,,"{""side_deg"":-5.8,""fwd_deg"":4.5}"
0.156,right_hand,og,acc,2433530,"{""seq"":5,""x_mg"":148,""y_mg"":-68,""z_mg"":1120}"
0.156,right_hand,og,tilt,,"{""roll_deg"":0.0,""pitch_deg"":-0.4,""steady"":true}"
0.156,right_hand,og,flick_angles,,"{""side_deg"":-5.5,""fwd_deg"":6.0}"
0.187,right_hand,og,acc,2433550,"{""seq"":6,""x_mg"":16,""y_mg"":-104,""z_mg"":1124}"
0.187,right_hand,og,tilt,,"{""roll_deg"":0.0,""pitch_deg"":-0.4,""steady"":true}"
0.187,right_hand,og,flick_angles,,"{""side_deg"":-5.4,""fwd_deg"":6.8}"
0.187,right_hand,og,acc,2433571,"{""seq"":7,""x_mg"":-40,""y_mg"":-144,""z_mg"":1036}"
0.187,right_hand,og,tilt,,"{""roll_deg"":0.0,""pitch_deg"":-1.0,""steady"":true}"
0.187,right_hand,og,flick_angles,,"{""side_deg"":-5.3,""fwd_deg"":3.8}"
0.234,right_hand,og,acc,2433591,"{""seq"":8,""x_mg"":-4,""y_mg"":-92,""z_mg"":1048}"
0.234,right_hand,og,tilt,,"{""roll_deg"":0.0,""pitch_deg"":-2.0,""steady"":true}"
0.234,right_hand,og,flick_angles,,"{""side_deg"":-5.3,""fwd_deg"":1.8}"
0.265,right_hand,og,acc,2433612,"{""seq"":9,""x_mg"":76,""y_mg"":-120,""z_mg"":1072}"
0.265,right_hand,og,tilt,,"{""roll_deg"":0.0,""pitch_deg"":-3.1,""steady"":true}"
0.265,right_hand,og,flick_angles,,"{""side_deg"":-5.8,""fwd_deg"":0.8}"
0.265,right_hand,og,acc,2433633,"{""seq"":10,""x_mg"":32,""y_mg"":-196,""z_mg"":1112}"
0.265,right_hand,og,tilt,,"{""roll_deg"":0.0,""pitch_deg"":-3.5,""steady"":true}"
0.265,right_hand,og,flick_angles,,"{""side_deg"":-6.1,""fwd_deg"":1.2}"
0.297,right_hand,og,acc,2433653,"{""seq"":11,""x_mg"":36,""y_mg"":-256,""z_mg"":1100}"
0.297,right_hand,og,tilt,,"{""roll_deg"":-0.2,""pitch_deg"":-3.7,""steady"":true}"
0.297,right_hand,og,flick_angles,,"{""side_deg"":-8.0,""fwd_deg"":1.5}"
0.328,right_hand,og,acc,2433674,"{""seq"":12,""x_mg"":84,""y_mg"":-268,""z_mg"":1096}"
0.328,right_hand,og,tilt,,"{""roll_deg"":-1.5,""pitch_deg"":-3.9,""steady"":true}"
0.328,right_hand,og,flick_angles,,"{""side_deg"":-10.6,""fwd_deg"":1.7}"
0.328,right_hand,og,acc,2433694,"{""seq"":13,""x_mg"":144,""y_mg"":-260,""z_mg"":1040}"
0.328,right_hand,og,tilt,,"{""roll_deg"":-2.9,""pitch_deg"":-3.9,""steady"":true}"
0.328,right_hand,og,flick_angles,,"{""side_deg"":-12.1,""fwd_deg"":3.0}"
0.359,right_hand,og,acc,2433715,"{""seq"":14,""x_mg"":164,""y_mg"":-284,""z_mg"":968}"
0.359,right_hand,og,tilt,,"{""roll_deg"":-4.2,""pitch_deg"":-3.8,""steady"":true}"
0.359,right_hand,og,flick_angles,,"{""side_deg"":-13.0,""fwd_deg"":5.3}"
0.390,right_hand,og,acc,2433735,"{""seq"":15,""x_mg"":192,""y_mg"":-284,""z_mg"":932}"
0.390,right_hand,og,tilt,,"{""roll_deg"":-5.9,""pitch_deg"":-3.4,""steady"":true}"
0.390,right_hand,og,flick_angles,,"{""side_deg"":-14.6,""fwd_deg"":7.3}"
0.390,right_hand,og,acc,2433756,"{""seq"":16,""x_mg"":224,""y_mg"":-272,""z_mg"":940}"
0.390,right_hand,og,tilt,,"{""roll_deg"":-7.2,""pitch_deg"":-2.2,""steady"":true}"
0.390,right_hand,og,flick_angles,,"{""side_deg"":-15.4,""fwd_deg"":9.2}"
0.422,right_hand,og,acc,2433777,"{""seq"":17,""x_mg"":236,""y_mg"":-180,""z_mg"":936}"
0.422,right_hand,og,tilt,,"{""roll_deg"":-8.0,""pitch_deg"":-0.4,""steady"":true}"
0.422,right_hand,og,flick_angles,,"{""side_deg"":-15.5,""fwd_deg"":11.1}"
0.422,right_hand,og,acc,2433797,"{""seq"":18,""x_mg"":212,""y_mg"":-164,""z_mg"":924}"
0.422,right_hand,og,tilt,,"{""roll_deg"":-7.9,""pitch_deg"":1.2,""steady"":true}"
0.422,right_hand,og,flick_angles,,"{""side_deg"":-13.1,""fwd_deg"":12.0}"
0.437,right_hand,og,acc,2433818,"{""seq"":19,""x_mg"":176,""y_mg"":-156,""z_mg"":908}"
0.437,right_hand,og,tilt,,"{""roll_deg"":-7.3,""pitch_deg"":2.4,""steady"":true}"
0.437,right_hand,og,flick_angles,,"{""side_deg"":-11.4,""fwd_deg"":12.4}"
0.469,right_hand,og,acc,2433838,"{""seq"":20,""x_mg"":176,""y_mg"":-196,""z_mg"":904}"
0.469,right_hand,og,tilt,,"{""roll_deg"":-6.9,""pitch_deg"":2.7,""steady"":true}"
0.469,right_hand,og,flick_angles,,"{""side_deg"":-10.6,""fwd_deg"":11.6}"
0.500,right_hand,og,acc,2433859,"{""seq"":21,""x_mg"":176,""y_mg"":-212,""z_mg"":908}"
0.500,right_hand,og,tilt,,"{""roll_deg"":-6.8,""pitch_deg"":2.9,""steady"":true}"
0.500,right_hand,og,flick_angles,,"{""side_deg"":-11.3,""fwd_deg"":11.2}"
0.531,right_hand,og,acc,2433879,"{""seq"":22,""x_mg"":116,""y_mg"":-128,""z_mg"":876}"
0.531,right_hand,og,tilt,,"{""roll_deg"":-6.8,""pitch_deg"":3.1,""steady"":true}"
0.531,right_hand,og,flick_angles,,"{""side_deg"":-11.7,""fwd_deg"":10.9}"
0.531,right_hand,og,acc,2433900,"{""seq"":23,""x_mg"":124,""y_mg"":-180,""z_mg"":832}"
0.531,right_hand,og,tilt,,"{""roll_deg"":-6.8,""pitch_deg"":3.1,""steady"":true}"
0.531,right_hand,og,flick_angles,,"{""side_deg"":-11.9,""fwd_deg"":9.6}"
0.562,right_hand,og,acc,2433921,"{""seq"":24,""x_mg"":168,""y_mg"":-332,""z_mg"":872}"
0.562,right_hand,og,tilt,,"{""roll_deg"":-6.8,""pitch_deg"":3.1,""steady"":true}"
0.562,right_hand,og,flick_angles,,"{""side_deg"":-12.0,""fwd_deg"":8.9}"
0.594,right_hand,og,acc,2433941,"{""seq"":25,""x_mg"":160,""y_mg"":-420,""z_mg"":860}"
0.594,right_hand,og,tilt,,"{""roll_deg"":-7.8,""pitch_deg"":3.1,""steady"":true}"
0.594,right_hand,og,flick_angles,,"{""side_deg"":-16.2,""fwd_deg"":9.2}"
0.594,right_hand,og,acc,2433962,"{""seq"":26,""x_mg"":132,""y_mg"":-440,""z_mg"":836}"
0.594,right_hand,og,tilt,,"{""roll_deg"":-11.3,""pitch_deg"":3.1,""steady"":true}"
0.594,right_hand,og,flick_angles,,"{""side_deg"":-20.9,""fwd_deg"":9.4}"
0.594,right_hand,game,flick,,"{""dir"":""left"",""result"":""none""}"
0.625,right_hand,og,acc,2433982,"{""seq"":27,""x_mg"":132,""y_mg"":-392,""z_mg"":828}"
0.625,right_hand,og,tilt,,"{""roll_deg"":-14.0,""pitch_deg"":3.0,""steady"":true}"
0.625,right_hand,og,flick_angles,,"{""side_deg"":-23.3,""fwd_deg"":8.8}"
0.625,right_hand,og,acc,2434003,"{""seq"":28,""x_mg"":160,""y_mg"":-292,""z_mg"":860}"
0.625,right_hand,og,tilt,,"{""roll_deg"":-15.7,""pitch_deg"":2.8,""steady"":true}"
0.625,right_hand,og,flick_angles,,"{""side_deg"":-24.2,""fwd_deg"":8.5}"
0.640,right_hand,og,acc,2434023,"{""seq"":29,""x_mg"":200,""y_mg"":-348,""z_mg"":868}"
0.640,right_hand,og,tilt,,"{""roll_deg"":-15.7,""pitch_deg"":2.8,""steady"":true}"
0.640,right_hand,og,flick_angles,,"{""side_deg"":-22.8,""fwd_deg"":9.2}"
0.672,right_hand,og,acc,2434044,"{""seq"":30,""x_mg"":208,""y_mg"":-408,""z_mg"":864}"
0.672,right_hand,og,tilt,,"{""roll_deg"":-15.7,""pitch_deg"":2.8,""steady"":true}"
0.672,right_hand,og,flick_angles,,"{""side_deg"":-22.0,""fwd_deg"":10.7}"
0.703,right_hand,og,acc,2434064,"{""seq"":31,""x_mg"":192,""y_mg"":-432,""z_mg"":852}"
0.703,right_hand,og,tilt,,"{""roll_deg"":-16.5,""pitch_deg"":2.9,""steady"":true}"
0.703,right_hand,og,flick_angles,,"{""side_deg"":-23.4,""fwd_deg"":11.4}"
0.734,right_hand,og,acc,2434085,"{""seq"":32,""x_mg"":196,""y_mg"":-404,""z_mg"":860}"
0.734,right_hand,og,tilt,,"{""roll_deg"":-17.1,""pitch_deg"":3.1,""steady"":true}"
0.734,right_hand,og,flick_angles,,"{""side_deg"":-24.0,""fwd_deg"":11.5}"
0.734,right_hand,og,acc,2434106,"{""seq"":33,""x_mg"":168,""y_mg"":-328,""z_mg"":892}"
0.734,right_hand,og,tilt,,"{""roll_deg"":-17.5,""pitch_deg"":3.3,""steady"":true}"
0.734,right_hand,og,flick_angles,,"{""side_deg"":-24.3,""fwd_deg"":11.4}"
0.765,right_hand,og,acc,2434126,"{""seq"":34,""x_mg"":204,""y_mg"":-388,""z_mg"":904}"
0.765,right_hand,og,tilt,,"{""roll_deg"":-17.5,""pitch_deg"":3.5,""steady"":true}"
0.765,right_hand,og,flick_angles,,"{""side_deg"":-23.5,""fwd_deg"":11.5}"
0.765,right_hand,og,acc,2434147,"{""seq"":35,""x_mg"":216,""y_mg"":-416,""z_mg"":916}"
0.765,right_hand,og,tilt,,"{""roll_deg"":-17.5,""pitch_deg"":3.6,""steady"":true}"
0.765,right_hand,og,flick_angles,,"{""side_deg"":-23.1,""fwd_deg"":11.6}"
0.797,right_hand,og,acc,2434167,"{""seq"":36,""x_mg"":224,""y_mg"":-440,""z_mg"":904}"
0.797,right_hand,og,tilt,,"{""roll_deg"":-17.5,""pitch_deg"":3.8,""steady"":true}"
0.797,right_hand,og,flick_angles,,"{""side_deg"":-23.5,""fwd_deg"":11.9}"
0.812,right_hand,og,acc,2434188,"{""seq"":37,""x_mg"":212,""y_mg"":-440,""z_mg"":920}"
0.812,right_hand,og,tilt,,"{""roll_deg"":-17.7,""pitch_deg"":4.0,""steady"":true}"
0.812,right_hand,og,flick_angles,,"{""side_deg"":-24.2,""fwd_deg"":12.0}"
0.844,right_hand,og,acc,2434208,"{""seq"":38,""x_mg"":200,""y_mg"":-444,""z_mg"":920}"
0.844,right_hand,og,tilt,,"{""roll_deg"":-18.1,""pitch_deg"":4.1,""steady"":true}"
0.844,right_hand,og,flick_angles,,"{""side_deg"":-24.7,""fwd_deg"":11.9}"
0.875,right_hand,og,acc,2434229,"{""seq"":39,""x_mg"":184,""y_mg"":-432,""z_mg"":896}"
0.875,right_hand,og,tilt,,"{""roll_deg"":-18.3,""pitch_deg"":4.1,""steady"":true}"
0.875,right_hand,og,flick_angles,,"{""side_deg"":-25.0,""fwd_deg"":11.5}"
0.890,right_hand,og,acc,2434250,"{""seq"":40,""x_mg"":184,""y_mg"":-452,""z_mg"":884}"
0.890,right_hand,og,tilt,,"{""roll_deg"":-18.5,""pitch_deg"":4.1,""steady"":true}"
0.890,right_hand,og,flick_angles,,"{""side_deg"":-25.1,""fwd_deg"":11.0}"
0.890,right_hand,og,acc,2434270,"{""seq"":41,""x_mg"":168,""y_mg"":-468,""z_mg"":888}"
0.890,right_hand,og,tilt,,"{""roll_deg"":-19.0,""pitch_deg"":4.1,""steady"":true}"
0.890,right_hand,og,flick_angles,,"{""side_deg"":-25.9,""fwd_deg"":10.7}"
0.922,right_hand,og,acc,2434291,"{""seq"":42,""x_mg"":144,""y_mg"":-468,""z_mg"":892}"
0.922,right_hand,og,tilt,,"{""roll_deg"":-19.5,""pitch_deg"":4.1,""steady"":true}"
0.922,right_hand,og,flick_angles,,"{""side_deg"":-26.6,""fwd_deg"":10.1}"
0.969,right_hand,og,acc,2434311,"{""seq"":43,""x_mg"":116,""y_mg"":-444,""z_mg"":884}"
0.969,right_hand,og,tilt,,"{""roll_deg"":-19.9,""pitch_deg"":4.1,""steady"":true}"
0.969,right_hand,og,flick_angles,,"{""side_deg"":-27.0,""fwd_deg"":9.1}"
0.969,right_hand,og,acc,2434332,"{""seq"":44,""x_mg"":112,""y_mg"":-408,""z_mg"":864}"
0.969,right_hand,og,tilt,,"{""roll_deg"":-20.0,""pitch_deg"":3.9,""steady"":true}"
0.969,right_hand,og,flick_angles,,"{""side_deg"":-26.7,""fwd_deg"":7.9}"
1.000,right_hand,og,acc,2434352,"{""seq"":45,""x_mg"":100,""y_mg"":-400,""z_mg"":880}"
1.000,right_hand,og,tilt,,"{""roll_deg"":-20.0,""pitch_deg"":3.3,""steady"":true}"
1.000,right_hand,og,flick_angles,,"{""side_deg"":-25.9,""fwd_deg"":7.3}"
1.000,right_hand,og,acc,2434373,"{""seq"":46,""x_mg"":104,""y_mg"":-396,""z_mg"":900}"
1.000,right_hand,og,tilt,,"{""roll_deg"":-20.0,""pitch_deg"":2.7,""steady"":true}"
1.000,right_hand,og,flick_angles,,"{""side_deg"":-25.1,""fwd_deg"":6.7}"
1.031,right_hand,og,acc,2434393,"{""seq"":47,""x_mg"":92,""y_mg"":-388,""z_mg"":900}"
1.031,right_hand,og,tilt,,"{""roll_deg"":-20.0,""pitch_deg"":2.1,""steady"":true}"
1.031,right_hand,og,flick_angles,,"{""side_deg"":-24.4,""fwd_deg"":6.3}"
1.047,right_hand,og,acc,2434414,"{""seq"":48,""x_mg"":84,""y_mg"":-380,""z_mg"":916}"
1.047,right_hand,og,tilt,,"{""roll_deg"":-20.0,""pitch_deg"":1.4,""steady"":true}"
1.047,right_hand,og,flick_angles,,"{""side_deg"":-23.8,""fwd_deg"":5.8}"
1.078,right_hand,og,acc,2434435,"{""seq"":49,""x_mg"":72,""y_mg"":-368,""z_mg"":944}"
1.078,right_hand,og,tilt,,"{""roll_deg"":-19.8,""pitch_deg"":0.7,""steady"":true}"
1.078,right_hand,og,flick_angles,,"{""side_deg"":-23.1,""fwd_deg"":5.3}"
1.078,right_hand,og,acc,2434455,"{""seq"":50,""x_mg"":64,""y_mg"":-320,""z_mg"":936}"
1.078,right_hand,og,tilt,,"{""roll_deg"":-19.4,""pitch_deg"":0.0,""steady"":true}"
1.078,right_hand,og,flick_angles,,"{""side_deg"":-22.2,""fwd_deg"":4.7}"
1.109,right_hand,og,acc,2434476,"{""seq"":51,""x_mg"":64,""y_mg"":-360,""z_mg"":884}"
1.109,right_hand,og,tilt,,"{""roll_deg"":-18.9,""pitch_deg"":-0.6,""steady"":true}"
1.109,right_hand,og,flick_angles,,"{""side_deg"":-21.7,""fwd_deg"":4.3}"
1.140,right_hand,og,acc,2434496,"{""seq"":52,""x_mg"":100,""y_mg"":-544,""z_mg"":884}"
1.140,right_hand,og,tilt,,"{""roll_deg"":-18.6,""pitch_deg"":-1.1,""steady"":true}"
1.140,right_hand,og,flick_angles,,"{""side_deg"":-21.9,""fwd_deg"":4.1}"
1.140,right_hand,og,acc,2434517,"{""seq"":53,""x_mg"":96,""y_mg"":-668,""z_mg"":848}"
1.140,right_hand,og,tilt,,"{""roll_deg"":-18.6,""pitch_deg"":-1.1,""steady"":true}"
1.140,right_hand,og,flick_angles,,"{""side_deg"":-26.7,""fwd_deg"":4.6}"
1.172,right_hand,og,acc,2434537,"{""seq"":54,""x_mg"":76,""y_mg"":-624,""z_mg"":844}"
1.172,right_hand,og,tilt,,"{""roll_deg"":-20.7,""pitch_deg"":-1.2,""steady"":true}"
1.172,right_hand,og,flick_angles,,"{""side_deg"":-31.5,""fwd_deg"":4.8}"
1.172,right_hand,game,flick,,"{""dir"":""left"",""result"":""none""}"
1.203,right_hand,og,acc,2434558,"{""seq"":55,""x_mg"":68,""y_mg"":-528,""z_mg"":852}"
1.203,right_hand,og,tilt,,"{""roll_deg"":-23.3,""pitch_deg"":-1.4,""steady"":true}"
1.203,right_hand,og,flick_angles,,"{""side_deg"":-33.9,""fwd_deg"":4.5}"
1.203,right_hand,og,acc,2434579,"{""seq"":56,""x_mg"":96,""y_mg"":-592,""z_mg"":836}"
1.203,right_hand,og,tilt,,"{""roll_deg"":-25.1,""pitch_deg"":-1.6,""steady"":true}"
1.203,right_hand,og,flick_angles,,"{""side_deg"":-34.5,""fwd_deg"":4.3}"
1.219,right_hand,og,acc,2434599,"{""seq"":57,""x_mg"":108,""y_mg"":-680,""z_mg"":832}"
1.219,right_hand,og,tilt,,"{""roll_deg"":-26.3,""pitch_deg"":-1.6,""steady"":true}"
1.219,right_hand,og,flick_angles,,"{""side_deg"":-34.8,""fwd_deg"":4.8}"
1.250,right_hand,og,acc,2434620,"{""seq"":58,""x_mg"":80,""y_mg"":-708,""z_mg"":808}"
1.250,right_hand,og,tilt,,"{""roll_deg"":-28.5,""pitch_deg"":-1.6,""steady"":true}"
1.250,right_hand,og,flick_angles,,"{""side_deg"":-36.9,""fwd_deg"":5.1}"
1.281,right_hand,og,acc,2434640,"{""seq"":59,""x_mg"":84,""y_mg"":-652,""z_mg"":816}"
1.281,right_hand,og,tilt,,"{""roll_deg"":-30.0,""pitch_deg"":-1.6,""steady"":true}"
1.281,right_hand,og,flick_angles,,"{""side_deg"":-38.0,""fwd_deg"":4.8}"
1.281,right_hand,og,acc,2434661,"{""seq"":60,""x_mg"":80,""y_mg"":-528,""z_mg"":840}"
1.281,right_hand,og,tilt,,"{""roll_deg"":-30.8,""pitch_deg"":-1.6,""steady"":true}"
1.281,right_hand,og,flick_angles,,"{""side_deg"":-38.2,""fwd_deg"":4.7}"
1.312,right_hand,og,acc,2434681,"{""seq"":61,""x_mg"":80,""y_mg"":-552,""z_mg"":816}"
1.312,right_hand,og,tilt,,"{""roll_deg"":-30.8,""pitch_deg"":-1.6,""steady"":true}"
1.312,right_hand,og,flick_angles,,"{""side_deg"":-36.1,""fwd_deg"":4.7}"
1.344,right_hand,og,acc,2434702,"{""seq"":62,""x_mg"":108,""y_mg"":-684,""z_mg"":768}"
1.344,right_hand,og,tilt,,"{""roll_deg"":-30.3,""pitch_deg"":-1.6,""steady"":true}"
1.344,right_hand,og,flick_angles,,"{""side_deg"":-35.0,""fwd_deg"":4.7}"
1.344,right_hand,og,acc,2434723,"{""seq"":63,""x_mg"":92,""y_mg"":-784,""z_mg"":748}"
1.344,right_hand,og,tilt,,"{""roll_deg"":-31.2,""pitch_deg"":-1.6,""steady"":true}"
1.344,right_hand,og,flick_angles,,"{""side_deg"":-38.2,""fwd_deg"":4.8}"
1.375,right_hand,og,acc,2434743,"{""seq"":64,""x_mg"":80,""y_mg"":-764,""z_mg"":736}"
1.375,right_hand,og,tilt,,"{""roll_deg"":-34.0,""pitch_deg"":-1.6,""steady"":true}"
1.375,right_hand,og,flick_angles,,"{""side_deg"":-42.1,""fwd_deg"":4.8}"
1.422,right_hand,og,acc,2434764,"{""seq"":65,""x_mg"":88,""y_mg"":-712,""z_mg"":736}"
1.422,right_hand,og,tilt,,"{""roll_deg"":-36.0,""pitch_deg"":-1.6,""steady"":true}"
1.422,right_hand,og,flick_angles,,"{""side_deg"":-44.0,""fwd_deg"":4.8}"
1.422,right_hand,og,acc,2434784,"{""seq"":66,""x_mg"":88,""y_mg"":-660,""z_mg"":752}"
1.422,right_hand,og,tilt,,"{""roll_deg"":-36.6,""pitch_deg"":-1.6,""steady"":true}"
1.422,right_hand,og,flick_angles,,"{""side_deg"":-43.9,""fwd_deg"":4.9}"
1.453,right_hand,og,acc,2434805,"{""seq"":67,""x_mg"":96,""y_mg"":-680,""z_mg"":780}"
1.453,right_hand,og,tilt,,"{""roll_deg"":-36.6,""pitch_deg"":-1.6,""steady"":true}"
1.453,right_hand,og,flick_angles,,"{""side_deg"":-42.5,""fwd_deg"":4.9}"
1.453,right_hand,og,acc,2434825,"{""seq"":68,""x_mg"":100,""y_mg"":-708,""z_mg"":808}"
1.453,right_hand,og,tilt,,"{""roll_deg"":-36.6,""pitch_deg"":-1.6,""steady"":true}"
1.453,right_hand,og,flick_angles,,"{""side_deg"":-41.8,""fwd_deg"":5.1}"
1.469,right_hand,og,acc,2434846,"{""seq"":69,""x_mg"":88,""y_mg"":-656,""z_mg"":820}"
1.469,right_hand,og,tilt,,"{""roll_deg"":-36.4,""pitch_deg"":-1.6,""steady"":true}"
1.469,right_hand,og,flick_angles,,"{""side_deg"":-41.3,""fwd_deg"":5.2}"
1.500,right_hand,og,acc,2434867,"{""seq"":70,""x_mg"":68,""y_mg"":-528,""z_mg"":844}"
1.500,right_hand,og,tilt,,"{""roll_deg"":-35.8,""pitch_deg"":-1.6,""steady"":true}"
1.500,right_hand,og,flick_angles,,"{""side_deg"":-39.9,""fwd_deg"":5.0}"
1.531,right_hand,og,acc,2434887,"{""seq"":71,""x_mg"":76,""y_mg"":-248,""z_mg"":904}"
1.531,right_hand,og,tilt,,"{""roll_deg"":-35.1,""pitch_deg"":-1.6,""steady"":true}"
1.531,right_hand,og,flick_angles,,"{""side_deg"":-35.9,""fwd_deg"":4.8}"
1.562,right_hand,og,acc,2434908,"{""seq"":72,""x_mg"":96,""y_mg"":-204,""z_mg"":924}"
1.562,right_hand,og,tilt,,"{""roll_deg"":-27.9,""pitch_deg"":-1.6,""steady"":true}"
1.562,right_hand,og,flick_angles,,"{""side_deg"":-25.6,""fwd_deg"":4.7}"
1.562,right_hand,og,acc,2434928,"{""seq"":73,""x_mg"":104,""y_mg"":-292,""z_mg"":932}"
1.562,right_hand,og,tilt,,"{""roll_deg"":-21.2,""pitch_deg"":-1.6,""steady"":true}"
1.562,right_hand,og,flick_angles,,"{""side_deg"":-20.4,""fwd_deg"":5.3}"
1.594,right_hand,og,acc,2434949,"{""seq"":74,""x_mg"":108,""y_mg"":-388,""z_mg"":928}"
1.594,right_hand,og,tilt,,"{""roll_deg"":-17.5,""pitch_deg"":-1.6,""steady"":true}"
1.594,right_hand,og,flick_angles,,"{""side_deg"":-18.9,""fwd_deg"":5.7}"
1.625,right_hand,og,acc,2434969,"{""seq"":75,""x_mg"":92,""y_mg"":-428,""z_mg"":900}"
1.625,right_hand,og,tilt,,"{""roll_deg"":-17.4,""pitch_deg"":-1.6,""steady"":true}"
1.625,right_hand,og,flick_angles,,"{""side_deg"":-20.7,""fwd_deg"":5.9}"
1.625,right_hand,og,acc,2434990,"{""seq"":76,""x_mg"":92,""y_mg"":-408,""z_mg"":920}"
1.625,right_hand,og,tilt,,"{""roll_deg"":-17.4,""pitch_deg"":-1.6,""steady"":true}"
1.625,right_hand,og,flick_angles,,"{""side_deg"":-22.3,""fwd_deg"":5.6}"
1.656,right_hand,og,acc,2435011,"{""seq"":77,""x_mg"":88,""y_mg"":-396,""z_mg"":928}"
1.656,right_hand,og,tilt,,"{""roll_deg"":-17.4,""pitch_deg"":-1.6,""steady"":true}"
1.656,right_hand,og,flick_angles,,"{""side_deg"":-23.0,""fwd_deg"":5.4}"
1.656,right_hand,og,acc,2435031,"{""seq"":78,""x_mg"":84,""y_mg"":-356,""z_mg"":948}"
1.656,right_hand,og,tilt,,"{""roll_deg"":-17.4,""pitch_deg"":-1.6,""steady"":true}"
1.656,right_hand,og,flick_angles,,"{""side_deg"":-23.0,""fwd_deg"":5.2}"
1.672,right_hand,og,acc,2435052,"{""seq"":79,""x_mg"":80,""y_mg"":-372,""z_mg"":956}"
1.672,right_hand,og,tilt,,"{""roll_deg"":-17.4,""pitch_deg"":-1.6,""steady"":true}"
1.672,right_hand,og,flick_angles,,"{""side_deg"":-22.1,""fwd_deg"":5.0}"
1.703,right_hand,og,acc,2435072,"{""seq"":80,""x_mg"":80,""y_mg"":-424,""z_mg"":936}"
1.703,right_hand,og,tilt,,"{""roll_deg"":-17.0,""pitch_deg"":-1.6,""steady"":true}"
1.703,right_hand,og,flick_angles,,"{""side_deg"":-21.7,""fwd_deg"":4.7}"
1.734,right_hand,og,acc,2435093,"{""seq"":81,""x_mg"":60,""y_mg"":-348,""z_mg"":960}"
1.734,right_hand,og,tilt,,"{""roll_deg"":-16.8,""pitch_deg"":-1.6,""steady"":true}"
1.734,right_hand,og,flick_angles,,"{""side_deg"":-21.4,""fwd_deg"":4.6}"
1.765,right_hand,og,acc,2435113,"{""seq"":82,""x_mg"":40,""y_mg"":-180,""z_mg"":972}"
1.765,right_hand,og,tilt,,"{""roll_deg"":-16.2,""pitch_deg"":-1.6,""steady"":true}"
1.765,right_hand,og,flick_angles,,"{""side_deg"":-20.7,""fwd_deg"":4.0}"
1.765,right_hand,og,acc,2435134,"{""seq"":83,""x_mg"":60,""y_mg"":-204,""z_mg"":960}"
1.765,right_hand,og,tilt,,"{""roll_deg"":-13.2,""pitch_deg"":-1.7,""steady"":true}"
1.765,right_hand,og,flick_angles,,"{""side_deg"":-16.3,""fwd_deg"":3.7}"
1.797,right_hand,og,acc,2435154,"{""seq"":84,""x_mg"":80,""y_mg"":-240,""z_mg"":960}"
1.797,right_hand,og,tilt,,"{""roll_deg"":-11.1,""pitch_deg"":-1.8,""steady"":true}"
1.797,right_hand,og,flick_angles,,"{""side_deg"":-14.1,""fwd_deg"":3.6}"
1.797,right_hand,og,acc,2435175,"{""seq"":85,""x_mg"":80,""y_mg"":-264,""z_mg"":960}"
1.797,right_hand,og,tilt,,"{""roll_deg"":-10.3,""pitch_deg"":-1.8,""steady"":true}"
1.797,right_hand,og,flick_angles,,"{""side_deg"":-14.1,""fwd_deg"":4.1}"
1.828,right_hand,og,acc,2435196,"{""seq"":86,""x_mg"":84,""y_mg"":-304,""z_mg"":952}"
1.828,right_hand,og,tilt,,"{""roll_deg"":-10.3,""pitch_deg"":-1.8,""steady"":true}"
1.828,right_hand,og,flick_angles,,"{""side_deg"":-14.7,""fwd_deg"":4.4}"
1.859,right_hand,og,acc,2435216,"{""seq"":87,""x_mg"":80,""y_mg"":-272,""z_mg"":952}"
1.859,right_hand,og,tilt,,"{""roll_deg"":-10.3,""pitch_deg"":-1.8,""steady"":true}"
1.859,right_hand,og,flick_angles,,"{""side_deg"":-15.3,""fwd_deg"":4.5}"
1.859,right_hand,og,acc,2435237,"{""seq"":88,""x_mg"":84,""y_mg"":-268,""z_mg"":956}"
1.859,right_hand,og,tilt,,"{""roll_deg"":-10.3,""pitch_deg"":-1.8,""steady"":true}"
1.859,right_hand,og,flick_angles,,"{""side_deg"":-15.6,""fwd_deg"":4.6}"
1.875,right_hand,og,acc,2435257,"{""seq"":89,""x_mg"":80,""y_mg"":-280,""z_mg"":964}"
1.875,right_hand,og,tilt,,"{""roll_deg"":-10.3,""pitch_deg"":-1.8,""steady"":true}"
1.875,right_hand,og,flick_angles,,"{""side_deg"":-15.7,""fwd_deg"":4.6}"
1.906,right_hand,og,acc,2435278,"{""seq"":90,""x_mg"":84,""y_mg"":-276,""z_mg"":948}"
1.906,right_hand,og,tilt,,"{""roll_deg"":-10.3,""pitch_deg"":-1.8,""steady"":true}"
1.906,right_hand,og,flick_angles,,"{""side_deg"":-15.9,""fwd_deg"":4.7}"
1.937,right_hand,og,acc,2435298,"{""seq"":91,""x_mg"":80,""y_mg"":-288,""z_mg"":956}"
1.937,right_hand,og,tilt,,"{""roll_deg"":-10.3,""pitch_deg"":-1.8,""steady"":true}"
1.937,right_hand,og,flick_angles,,"{""side_deg"":-16.1,""fwd_deg"":4.7}"
1.969,right_hand,og,acc,2435319,"{""seq"":92,""x_mg"":80,""y_mg"":-364,""z_mg"":940}"
1.969,right_hand,og,tilt,,"{""roll_deg"":-10.3,""pitch_deg"":-1.8,""steady"":true}"
1.969,right_hand,og,flick_angles,,"{""side_deg"":-16.4,""fwd_deg"":4.6}"
1.969,right_hand,og,acc,2435340,"{""seq"":93,""x_mg"":80,""y_mg"":-348,""z_mg"":948}"
1.969,right_hand,og,tilt,,"{""roll_deg"":-10.6,""pitch_deg"":-1.8,""steady"":true}"
1.969,right_hand,og,flick_angles,,"{""side_deg"":-18.2,""fwd_deg"":4.6}"
2.000,right_hand,og,acc,2435360,"{""seq"":94,""x_mg"":88,""y_mg"":-324,""z_mg"":952}"
2.000,right_hand,og,tilt,,"{""roll_deg"":-10.8,""pitch_deg"":-1.8,""steady"":true}"
2.000,right_hand,og,flick_angles,,"{""side_deg"":-19.2,""fwd_deg"":4.6}"
2.000,right_hand,og,acc,2435381,"{""seq"":95,""x_mg"":80,""y_mg"":-300,""z_mg"":952}"
2.000,right_hand,og,tilt,,"{""roll_deg"":-11.0,""pitch_deg"":-1.8,""steady"":true}"
2.000,right_hand,og,flick_angles,,"{""side_deg"":-18.9,""fwd_deg"":4.6}"
2.031,right_hand,og,acc,2435401,"{""seq"":96,""x_mg"":84,""y_mg"":-280,""z_mg"":964}"
2.031,right_hand,og,tilt,,"{""roll_deg"":-11.0,""pitch_deg"":-1.8,""steady"":true}"
2.031,right_hand,og,flick_angles,,"{""side_deg"":-18.2,""fwd_deg"":4.7}"
2.062,right_hand,og,acc,2435422,"{""seq"":97,""x_mg"":88,""y_mg"":-304,""z_mg"":964}"
2.062,right_hand,og,tilt,,"{""roll_deg"":-11.0,""pitch_deg"":-1.8,""steady"":true}"
2.062,right_hand,og,flick_angles,,"{""side_deg"":-17.8,""fwd_deg"":4.7}"
2.062,right_hand,og,acc,2435442,"{""seq"":98,""x_mg"":88,""y_mg"":-336,""z_mg"":964}"
2.062,right_hand,og,tremor,,"{""rms_mg"":63.4,""peak_hz"":8.8}"
2.062,right_hand,og,tilt,,"{""roll_deg"":-11.1,""pitch_deg"":-1.8,""steady"":true}"
2.062,right_hand,og,flick_angles,,"{""side_deg"":-17.6,""fwd_deg"":4.8}"
2.094,right_hand,og,acc,2435463,"{""seq"":99,""x_mg"":92,""y_mg"":-352,""z_mg"":956}"
2.094,right_hand,og,tilt,,"{""roll_deg"":-11.3,""pitch_deg"":-1.8,""steady"":true}"
2.094,right_hand,og,flick_angles,,"{""side_deg"":-18.4,""fwd_deg"":4.9}"
2.109,right_hand,og,acc,2435483,"{""seq"":100,""x_mg"":96,""y_mg"":-344,""z_mg"":956}"
2.109,right_hand,og,tilt,,"{""roll_deg"":-11.6,""pitch_deg"":-1.8,""steady"":true}"
2.109,right_hand,og,flick_angles,,"{""side_deg"":-19.0,""fwd_deg"":5.0}"
2.140,right_hand,og,acc,2435504,"{""seq"":101,""x_mg"":92,""y_mg"":-344,""z_mg"":960}"
2.140,right_hand,og,tilt,,"{""roll_deg"":-11.9,""pitch_deg"":-1.8,""steady"":true}"
2.140,right_hand,og,flick_angles,,"{""side_deg"":-19.4,""fwd_deg"":5.1}"
2.172,right_hand,og,acc,2435525,"{""seq"":102,""x_mg"":104,""y_mg"":-328,""z_mg"":944}"
2.172,right_hand,og,tilt,,"{""roll_deg"":-12.2,""pitch_deg"":-1.8,""steady"":true}"
2.172,right_hand,og,flick_angles,,"{""side_deg"":-19.5,""fwd_deg"":5.2}"
2.172,right_hand,og,acc,2435545,"{""seq"":103,""x_mg"":88,""y_mg"":-332,""z_mg"":952}"
2.172,right_hand,og,tilt,,"{""roll_deg"":-12.3,""pitch_deg"":-1.8,""steady"":true}"
2.172,right_hand,og,flick_angles,,"{""side_deg"":-19.3,""fwd_deg"":5.2}"
2.203,right_hand,og,acc,2435566,"{""seq"":104,""x_mg"":100,""y_mg"":-344,""z_mg"":944}"
2.203,right_hand,og,tilt,,"{""roll_deg"":-12.5,""pitch_deg"":-1.8,""steady"":true}"
2.203,right_hand,og,flick_angles,,"{""side_deg"":-19.2,""fwd_deg"":5.4}"
2.203,right_hand,og,acc,2435586,"{""seq"":105,""x_mg"":100,""y_mg"":-340,""z_mg"":948}"
2.203,right_hand,og,tilt,,"{""roll_deg"":-12.7,""pitch_deg"":-1.8,""steady"":true}"
2.203,right_hand,og,flick_angles,,"{""side_deg"":-19.4,""fwd_deg"":5.6}"
2.234,right_hand,og,acc,2435607,"{""seq"":106,""x_mg"":88,""y_mg"":-340,""z_mg"":928}"
2.234,right_hand,og,tilt,,"{""roll_deg"":-12.9,""pitch_deg"":-1.8,""steady"":true}"
2.234,right_hand,og,flick_angles,,"{""side_deg"":-19.7,""fwd_deg"":5.6}"
2.265,right_hand,og,acc,2435627,"{""seq"":107,""x_mg"":88,""y_mg"":-336,""z_mg"":940}"
2.265,right_hand,og,tilt,,"{""roll_deg"":-13.0,""pitch_deg"":-1.8,""steady"":true}"
2.265,right_hand,og,flick_angles,,"{""side_deg"":-19.7,""fwd_deg"":5.4}"
2.265,right_hand,og,acc,2435648,"{""seq"":108,""x_mg"":92,""y_mg"":-344,""z_mg"":932}"
2.265,right_hand,og,tilt,,"{""roll_deg"":-13.2,""pitch_deg"":-1.8,""steady"":true}"
2.265,right_hand,og,flick_angles,,"{""side_deg"":-19.8,""fwd_deg"":5.2}"
2.297,right_hand,og,acc,2435669,"{""seq"":109,""x_mg"":104,""y_mg"":-344,""z_mg"":932}"
2.297,right_hand,og,tilt,,"{""roll_deg"":-13.3,""pitch_deg"":-1.8,""steady"":true}"
2.297,right_hand,og,flick_angles,,"{""side_deg"":-20.0,""fwd_deg"":5.3}"
2.312,right_hand,og,acc,2435689,"{""seq"":110,""x_mg"":92,""y_mg"":-348,""z_mg"":924}"
2.312,right_hand,og,tilt,,"{""roll_deg"":-13.5,""pitch_deg"":-1.8,""steady"":true}"
2.312,right_hand,og,flick_angles,,"{""side_deg"":-20.1,""fwd_deg"":5.3}"
2.344,right_hand,og,acc,2435710,"{""seq"":111,""x_mg"":100,""y_mg"":-352,""z_mg"":936}"
2.344,right_hand,og,tilt,,"{""roll_deg"":-13.6,""pitch_deg"":-1.8,""steady"":true}"
2.344,right_hand,og,flick_angles,,"{""side_deg"":-20.3,""fwd_deg"":5.5}"
2.344,right_hand,og,acc,2435730,"{""seq"":112,""x_mg"":92,""y_mg"":-344,""z_mg"":940}"
2.344,right_hand,og,tilt,,"{""roll_deg"":-13.8,""pitch_deg"":-1.8,""steady"":true}"
2.344,right_hand,og,flick_angles,,"{""side_deg"":-20.4,""fwd_deg"":5.4}"
2.390,right_hand,og,acc,2435751,"{""seq"":113,""x_mg"":92,""y_mg"":-336,""z_mg"":936}"
2.390,right_hand,og,tilt,,"{""roll_deg"":-13.8,""pitch_deg"":-1.8,""steady"":true}"
2.390,right_hand,og,flick_angles,,"{""side_deg"":-20.2,""fwd_deg"":5.3}"
2.422,right_hand,og,acc,2435771,"{""seq"":114,""x_mg"":88,""y_mg"":-328,""z_mg"":952}"
2.422,right_hand,og,tilt,,"{""roll_deg"":-13.8,""pitch_deg"":-1.8,""steady"":true}"
2.422,right_hand,og,flick_angles,,"{""side_deg"":-19.9,""fwd_deg"":5.3}"
2.422,right_hand,og,acc,2435792,"{""seq"":115,""x_mg"":88,""y_mg"":-348,""z_mg"":944}"
2.422,right_hand,og,tilt,,"{""roll_deg"":-13.8,""pitch_deg"":-1.8,""steady"":true}"
2.422,right_hand,og,flick_angles,,"{""side_deg"":-19.8,""fwd_deg"":5.1}"
2.453,right_hand,og,acc,2435813,"{""seq"":116,""x_mg"":92,""y_mg"":-356,""z_mg"":940}"
2.453,right_hand,og,tilt,,"{""roll_deg"":-13.8,""pitch_deg"":-1.8,""steady"":true}"
2.453,right_hand,og,flick_angles,,"{""side_deg"":-20.0,""fwd_deg"":5.1}"
2.484,right_hand,og,acc,2435833,"{""seq"":117,""x_mg"":100,""y_mg"":-348,""z_mg"":948}"
2.484,right_hand,og,tilt,,"{""roll_deg"":-13.9,""pitch_deg"":-1.8,""steady"":true}"
2.484,right_hand,og,flick_angles,,"{""side_deg"":-20.1,""fwd_deg"":5.2}"
2.484,right_hand,og,acc,2435854,"{""seq"":118,""x_mg"":88,""y_mg"":-360,""z_mg"":944}"
2.484,right_hand,og,tilt,,"{""roll_deg"":-14.0,""pitch_deg"":-1.8,""steady"":true}"
2.484,right_hand,og,flick_angles,,"{""side_deg"":-20.4,""fwd_deg"":5.2}"
2.500,right_hand,og,acc,2435874,"{""seq"":119,""x_mg"":88,""y_mg"":-352,""z_mg"":952}"
2.500,right_hand,og,tilt,,"{""roll_deg"":-14.0,""pitch_deg"":-1.8,""steady"":true}"
2.500,right_hand,og,flick_angles,,"{""side_deg"":-20.3,""fwd_deg"":5.1}"
2.531,right_hand,og,acc,2435895,"{""seq"":120,""x_mg"":96,""y_mg"":-356,""z_mg"":936}"
2.531,right_hand,og,tilt,,"{""roll_deg"":-14.1,""pitch_deg"":-1.8,""steady"":true}"
2.531,right_hand,og,flick_angles,,"{""side_deg"":-20.5,""fwd_deg"":5.0}"
2.562,right_hand,og,acc,2435915,"{""seq"":121,""x_mg"":100,""y_mg"":-372,""z_mg"":940}"
2.562,right_hand,og,tilt,,"{""roll_deg"":-14.2,""pitch_deg"":-1.8,""steady"":true}"
2.562,right_hand,og,flick_angles,,"{""side_deg"":-20.6,""fwd_deg"":5.3}"
2.562,right_hand,og,acc,2435936,"{""seq"":122,""x_mg"":96,""y_mg"":-388,""z_mg"":940}"
2.562,right_hand,og,tilt,,"{""roll_deg"":-14.4,""pitch_deg"":-1.8,""steady"":true}"
2.562,right_hand,og,flick_angles,,"{""side_deg"":-21.0,""fwd_deg"":5.4}"
2.594,right_hand,og,acc,2435956,"{""seq"":123,""x_mg"":88,""y_mg"":-376,""z_mg"":936}"
2.594,right_hand,og,tilt,,"{""roll_deg"":-14.6,""pitch_deg"":-1.8,""steady"":true}"
2.594,right_hand,og,flick_angles,,"{""side_deg"":-21.4,""fwd_deg"":5.4}"
2.625,right_hand,og,acc,2435977,"{""seq"":124,""x_mg"":84,""y_mg"":-368,""z_mg"":936}"
2.625,right_hand,og,tilt,,"{""roll_deg"":-14.8,""pitch_deg"":-1.8,""steady"":true}"
2.625,right_hand,og,flick_angles,,"{""side_deg"":-21.6,""fwd_deg"":5.2}"
2.625,right_hand,og,acc,2435998,"{""seq"":125,""x_mg"":92,""y_mg"":-368,""z_mg"":944}"
2.625,right_hand,og,tilt,,"{""roll_deg"":-14.8,""pitch_deg"":-1.8,""steady"":true}"
2.625,right_hand,og,flick_angles,,"{""side_deg"":-21.5,""fwd_deg"":5.1}"
2.656,right_hand,og,acc,2436018,"{""seq"":126,""x_mg"":76,""y_mg"":-384,""z_mg"":936}"
2.656,right_hand,og,tilt,,"{""roll_deg"":-14.9,""pitch_deg"":-1.8,""steady"":true}"
2.656,right_hand,og,flick_angles,,"{""side_deg"":-21.4,""fwd_deg"":4.9}"
2.687,right_hand,og,acc,2436039,"{""seq"":127,""x_mg"":84,""y_mg"":-380,""z_mg"":944}"
2.687,right_hand,og,tilt,,"{""roll_deg"":-15.1,""pitch_deg"":-1.8,""steady"":true}"
2.687,right_hand,og,flick_angles,,"{""side_deg"":-21.6,""fwd_deg"":4.8}"
2.687,right_hand,og,acc,2436059,"{""seq"":128,""x_mg"":80,""y_mg"":-400,""z_mg"":940}"
2.687,right_hand,og,tilt,,"{""roll_deg"":-15.2,""pitch_deg"":-1.8,""steady"":true}"
2.687,right_hand,og,flick_angles,,"{""side_deg"":-21.9,""fwd_deg"":4.7}"
2.719,right_hand,og,acc,2436080,"{""seq"":129,""x_mg"":88,""y_mg"":-408,""z_mg"":936}"
2.719,right_hand,og,tilt,,"{""roll_deg"":-15.5,""pitch_deg"":-1.8,""steady"":true}"
2.719,right_hand,og,flick_angles,,"{""side_deg"":-22.5,""fwd_deg"":4.7}"
2.734,right_hand,og,acc,2436100,"{""seq"":130,""x_mg"":76,""y_mg"":-416,""z_mg"":928}"
2.734,right_hand,og,tilt,,"{""roll_deg"":-15.8,""pitch_deg"":-1.8,""steady"":true}"
2.734,right_hand,og,flick_angles,,"{""side_deg"":-23.0,""fwd_deg"":4.6}"
2.765,right_hand,og,acc,2436121,"{""seq"":131,""x_mg"":84,""y_mg"":-404,""z_mg"":948}"
2.765,right_hand,og,tilt,,"{""roll_deg"":-16.1,""pitch_deg"":-1.8,""steady"":true}"
2.765,right_hand,og,flick_angles,,"{""side_deg"":-23.2,""fwd_deg"":4.6}"
2.765,right_hand,og,acc,2436142,"{""seq"":132,""x_mg"":80,""y_mg"":-396,""z_mg"":944}"
2.765,right_hand,og,tilt,,"{""roll_deg"":-16.3,""pitch_deg"":-1.8,""steady"":true}"
2.765,right_hand,og,flick_angles,,"{""side_deg"":-23.1,""fwd_deg"":4.5}"
2.797,right_hand,og,acc,2436162,"{""seq"":133,""x_mg"":76,""y_mg"":-404,""z_mg"":956}"
2.797,right_hand,og,tilt,,"{""roll_deg"":-16.4,""pitch_deg"":-1.8,""steady"":true}"
2.797,right_hand,og,flick_angles,,"{""side_deg"":-23.0,""fwd_deg"":4.5}"
2.828,right_hand,og,acc,2436183,"{""seq"":134,""x_mg"":88,""y_mg"":-436,""z_mg"":952}"
2.828,right_hand,og,tilt,,"{""roll_deg"":-16.5,""pitch_deg"":-1.8,""steady"":true}"
2.828,right_hand,og,flick_angles,,"{""side_deg"":-22.9,""fwd_deg"":4.5}"
2.828,right_hand,og,acc,2436203,"{""seq"":135,""x_mg"":88,""y_mg"":-464,""z_mg"":948}"
2.828,right_hand,og,tilt,,"{""roll_deg"":-16.8,""pitch_deg"":-1.8,""steady"":true}"
2.828,right_hand,og,flick_angles,,"{""side_deg"":-23.7,""fwd_deg"":4.6}"
2.859,right_hand,og,acc,2436224,"{""seq"":136,""x_mg"":80,""y_mg"":-488,""z_mg"":932}"
2.859,right_hand,og,tilt,,"{""roll_deg"":-17.4,""pitch_deg"":-1.8,""steady"":true}"
2.859,right_hand,og,flick_angles,,"{""side_deg"":-24.8,""fwd_deg"":4.7}"
2.890,right_hand,og,acc,2436244,"{""seq"":137,""x_mg"":84,""y_mg"":-476,""z_mg"":928}"
2.890,right_hand,og,tilt,,"{""roll_deg"":-18.2,""pitch_deg"":-1.8,""steady"":true}"
2.890,right_hand,og,flick_angles,,"{""side_deg"":-26.0,""fwd_deg"":4.7}"
2.890,right_hand,og,acc,2436265,"{""seq"":138,""x_mg"":92,""y_mg"":-472,""z_mg"":928}"
2.890,right_hand,og,tilt,,"{""roll_deg"":-18.8,""pitch_deg"":-1.8,""steady"":true}"
2.890,right_hand,og,flick_angles,,"{""side_deg"":-26.5,""fwd_deg"":4.6}"
2.906,right_hand,og,acc,2436285,"{""seq"":139,""x_mg"":96,""y_mg"":-520,""z_mg"":912}"
2.906,right_hand,og,tilt,,"{""roll_deg"":-19.3,""pitch_deg"":-1.8,""steady"":true}"
2.906,right_hand,og,flick_angles,,"{""side_deg"":-26.8,""fwd_deg"":4.8}"
2.937,right_hand,og,acc,2436306,"{""seq"":140,""x_mg"":100,""y_mg"":-564,""z_mg"":896}"
2.937,right_hand,og,tilt,,"{""roll_deg"":-20.4,""pitch_deg"":-1.8,""steady"":true}"
2.937,right_hand,og,flick_angles,,"{""side_deg"":-28.2,""fwd_deg"":5.0}"
2.969,right_hand,og,acc,2436327,"{""seq"":141,""x_mg"":108,""y_mg"":-540,""z_mg"":884}"
2.969,right_hand,og,tilt,,"{""roll_deg"":-21.7,""pitch_deg"":-1.8,""steady"":true}"
2.969,right_hand,og,flick_angles,,"{""side_deg"":-29.7,""fwd_deg"":5.2}"
2.969,right_hand,og,acc,2436347,"{""seq"":142,""x_mg"":96,""y_mg"":-504,""z_mg"":872}"
2.969,right_hand,og,tilt,,"{""roll_deg"":-22.7,""pitch_deg"":-1.8,""steady"":true}"
2.969,right_hand,og,flick_angles,,"{""side_deg"":-30.5,""fwd_deg"":5.3}"
3.000,right_hand,og,acc,2436368,"{""seq"":143,""x_mg"":76,""y_mg"":-488,""z_mg"":884}"
3.000,right_hand,og,tilt,,"{""roll_deg"":-23.0,""pitch_deg"":-1.8,""steady"":true}"
3.000,right_hand,og,flick_angles,,"{""side_deg"":-30.2,""fwd_deg"":5.4}"
3.000,right_hand,og,acc,2436388,"{""seq"":144,""x_mg"":68,""y_mg"":-460,""z_mg"":884}"
3.000,right_hand,og,tilt,,"{""roll_deg"":-23.0,""pitch_deg"":-1.8,""steady"":true}"
3.000,right_hand,og,flick_angles,,"{""side_deg"":-29.5,""fwd_deg"":4.8}"
3.031,right_hand,og,acc,2436409,"{""seq"":145,""x_mg"":44,""y_mg"":-448,""z_mg"":876}"
3.031,right_hand,og,tilt,,"{""roll_deg"":-23.0,""pitch_deg"":-1.8,""steady"":true}"
3.031,right_hand,og,flick_angles,,"{""side_deg"":-28.5,""fwd_deg"":4.4}"
3.078,right_hand,og,acc,2436429,"{""seq"":146,""x_mg"":36,""y_mg"":-408,""z_mg"":912}"
3.078,right_hand,og,tilt,,"{""roll_deg"":-23.0,""pitch_deg"":-1.8,""steady"":true}"
3.078,right_hand,og,flick_angles,,"{""side_deg"":-27.8,""fwd_deg"":3.5}"
3.078,right_hand,og,acc,2436450,"{""seq"":147,""x_mg"":16,""y_mg"":-312,""z_mg"":920}"
3.078,right_hand,og,tilt,,"{""roll_deg"":-22.6,""pitch_deg"":-2.1,""steady"":true}"
3.078,right_hand,og,flick_angles,,"{""side_deg"":-25.9,""fwd_deg"":2.8}"
3.109,right_hand,og,acc,2436471,"{""seq"":148,""x_mg"":32,""y_mg"":-276,""z_mg"":912}"
3.109,right_hand,og,tilt,,"{""roll_deg"":-21.6,""pitch_deg"":-2.5,""steady"":true}"
3.109,right_hand,og,flick_angles,,"{""side_deg"":-22.3,""fwd_deg"":2.3}"
3.125,right_hand,og,acc,2436491,"{""seq"":149,""x_mg"":56,""y_mg"":-288,""z_mg"":916}"
3.125,right_hand,og,tilt,,"{""roll_deg"":-19.8,""pitch_deg"":-2.8,""steady"":true}"
3.125,right_hand,og,flick_angles,,"{""side_deg"":-19.9,""fwd_deg"":2.1}"
3.156,right_hand,og,acc,2436512,"{""seq"":150,""x_mg"":56,""y_mg"":-288,""z_mg"":932}"
3.156,right_hand,og,tilt,,"{""roll_deg"":-17.8,""pitch_deg"":-2.8,""steady"":true}"
3.156,right_hand,og,flick_angles,,"{""side_deg"":-18.5,""fwd_deg"":2.7}"
3.187,right_hand,og,acc,2436532,"{""seq"":151,""x_mg"":76,""y_mg"":-336,""z_mg"":912}"
3.187,right_hand,og,tilt,,"{""roll_deg"":-16.3,""pitch_deg"":-2.9,""steady"":true}"
3.187,right_hand,og,flick_angles,,"{""side_deg"":-18.0,""fwd_deg"":3.0}"
3.187,right_hand,og,acc,2436553,"{""seq"":152,""x_mg"":88,""y_mg"":-356,""z_mg"":908}"
3.187,right_hand,og,tilt,,"{""roll_deg"":-15.9,""pitch_deg"":-2.9,""steady"":true}"
3.187,right_hand,og,flick_angles,,"{""side_deg"":-19.1,""fwd_deg"":3.7}"
3.219,right_hand,og,acc,2436573,"{""seq"":153,""x_mg"":64,""y_mg"":-344,""z_mg"":896}"
3.219,right_hand,og,tilt,,"{""roll_deg"":-15.9,""pitch_deg"":-2.9,""steady"":true}"
3.219,right_hand,og,flick_angles,,"{""side_deg"":-20.0,""fwd_deg"":4.1}"
3.219,right_hand,og,acc,2436594,"{""seq"":154,""x_mg"":56,""y_mg"":-316,""z_mg"":920}"
3.219,right_hand,og,tilt,,"{""roll_deg"":-15.9,""pitch_deg"":-2.9,""steady"":true}"
3.219,right_hand,og,flick_angles,,"{""side_deg"":-20.5,""fwd_deg"":4.0}"
3.250,right_hand,og,acc,2436615,"{""seq"":155,""x_mg"":76,""y_mg"":-284,""z_mg"":988}"
3.250,right_hand,og,tilt,,"{""roll_deg"":-15.4,""pitch_deg"":-2.9,""steady"":true}"
3.250,right_hand,og,flick_angles,,"{""side_deg"":-19.7,""fwd_deg"":3.9}"
3.281,right_hand,og,acc,2436635,"{""seq"":156,""x_mg"":52,""y_mg"":-148,""z_mg"":992}"
3.281,right_hand,og,tilt,,"{""roll_deg"":-14.2,""pitch_deg"":-2.9,""steady"":true}"
3.281,right_hand,og,flick_angles,,"{""side_deg"":-17.8,""fwd_deg"":3.6}"
3.281,right_hand,og,acc,2436656,"{""seq"":157,""x_mg"":52,""y_mg"":-32,""z_mg"":984}"
3.281,right_hand,og,tilt,,"{""roll_deg"":-10.7,""pitch_deg"":-2.9,""steady"":true}"
3.281,right_hand,og,flick_angles,,"{""side_deg"":-13.2,""fwd_deg"":3.3}"
3.312,right_hand,og,acc,2436676,"{""seq"":158,""x_mg"":104,""y_mg"":-24,""z_mg"":1004}"
3.312,right_hand,og,tilt,,"{""roll_deg"":-5.4,""pitch_deg"":-2.9,""steady"":true}"
3.312,right_hand,og,flick_angles,,"{""side_deg"":-7.5,""fwd_deg"":3.2}"
3.312,right_hand,game,hit,,"{""n"":1,""dir"":""right"",""err_ms"":92}"
3.344,right_hand,og,acc,2436697,"{""seq"":159,""x_mg"":136,""y_mg"":-64,""z_mg"":1004}"
3.344,right_hand,og,tilt,,"{""roll_deg"":-1.8,""pitch_deg"":-2.9,""steady"":true}"
3.344,right_hand,og,flick_angles,,"{""side_deg"":-4.7,""fwd_deg"":4.5}"
3.344,right_hand,og,acc,2436717,"{""seq"":160,""x_mg"":152,""y_mg"":-80,""z_mg"":992}"
3.344,right_hand,og,tilt,,"{""roll_deg"":-0.5,""pitch_deg"":-2.9,""steady"":true}"
3.344,right_hand,og,flick_angles,,"{""side_deg"":-4.1,""fwd_deg"":6.1}"
3.359,right_hand,og,acc,2436738,"{""seq"":161,""x_mg"":160,""y_mg"":-48,""z_mg"":1004}"
3.359,right_hand,og,tilt,,"{""roll_deg"":0.3,""pitch_deg"":-2.4,""steady"":true}"
3.359,right_hand,og,flick_angles,,"{""side_deg"":-3.9,""fwd_deg"":7.4}"
3.390,right_hand,og,acc,2436758,"{""seq"":162,""x_mg"":156,""y_mg"":-40,""z_mg"":1008}"
3.390,right_hand,og,tilt,,"{""roll_deg"":1.1,""pitch_deg"":-1.7,""steady"":true}"
3.390,right_hand,og,flick_angles,,"{""side_deg"":-3.3,""fwd_deg"":8.1}"
3.422,right_hand,og,acc,2436779,"{""seq"":163,""x_mg"":176,""y_mg"":-40,""z_mg"":992}"
3.422,right_hand,og,tilt,,"{""roll_deg"":1.7,""pitch_deg"":-1.0,""steady"":true}"
3.422,right_hand,og,flick_angles,,"{""side_deg"":-2.8,""fwd_deg"":8.6}"
3.422,right_hand,og,acc,2436800,"{""seq"":164,""x_mg"":204,""y_mg"":-24,""z_mg"":988}"
3.422,right_hand,og,tilt,,"{""roll_deg"":2.2,""pitch_deg"":-0.1,""steady"":true}"
3.422,right_hand,og,flick_angles,,"{""side_deg"":-2.5,""fwd_deg"":9.3}"
3.453,right_hand,og,acc,2436820,"{""seq"":165,""x_mg"":216,""y_mg"":-12,""z_mg"":984}"
3.453,right_hand,og,tilt,,"{""roll_deg"":2.7,""pitch_deg"":1.0,""steady"":true}"
3.453,right_hand,og,flick_angles,,"{""side_deg"":-1.9,""fwd_deg"":10.5}"
3.484,right_hand,og,acc,2436841,"{""seq"":166,""x_mg"":224,""y_mg"":-4,""z_mg"":976}"
3.484,right_hand,og,tilt,,"{""roll_deg"":3.3,""pitch_deg"":2.1,""steady"":true}"
3.484,right_hand,og,flick_angles,,"{""side_deg"":-1.3,""fwd_deg"":11.4}"
3.484,right_hand,og,acc,2436861,"{""seq"":167,""x_mg"":240,""y_mg"":36,""z_mg"":976}"
3.484,right_hand,og,tilt,,"{""roll_deg"":3.8,""pitch_deg"":3.1,""steady"":true}"
3.484,right_hand,og,flick_angles,,"{""side_deg"":-0.8,""fwd_deg"":12.2}"
3.515,right_hand,og,acc,2436882,"{""seq"":168,""x_mg"":268,""y_mg"":44,""z_mg"":984}"
3.515,right_hand,og,tilt,,"{""roll_deg"":4.9,""pitch_deg"":4.1,""steady"":true}"
3.515,right_hand,og,flick_angles,,"{""side_deg"":0.6,""fwd_deg"":13.0}"
3.531,right_hand,og,acc,2436902,"{""seq"":169,""x_mg"":300,""y_mg"":28,""z_mg"":968}"
3.531,right_hand,og,tilt,,"{""roll_deg"":5.6,""pitch_deg"":5.2,""steady"":true}"
3.531,right_hand,og,flick_angles,,"{""side_deg"":1.3,""fwd_deg"":14.1}"
3.531,right_hand,og,acc,2436923,"{""seq"":170,""x_mg"":296,""y_mg"":56,""z_mg"":944}"
3.531,right_hand,og,tilt,,"{""roll_deg"":6.2,""pitch_deg"":6.7,""steady"":true}"
3.531,right_hand,og,flick_angles,,"{""side_deg"":1.9,""fwd_deg"":15.7}"
3.562,right_hand,og,acc,2436944,"{""seq"":171,""x_mg"":296,""y_mg"":84,""z_mg"":936}"
3.562,right_hand,og,tilt,,"{""roll_deg"":6.9,""pitch_deg"":7.8,""steady"":true}"
3.562,right_hand,og,flick_angles,,"{""side_deg"":2.6,""fwd_deg"":16.5}"
3.594,right_hand,og,acc,2436964,"{""seq"":172,""x_mg"":296,""y_mg"":104,""z_mg"":932}"
3.594,right_hand,og,tilt,,"{""roll_deg"":7.8,""pitch_deg"":8.5,""steady"":true}"
3.594,right_hand,og,flick_angles,,"{""side_deg"":3.7,""fwd_deg"":17.0}"
3.625,right_hand,og,acc,2436985,"{""seq"":173,""x_mg"":312,""y_mg"":80,""z_mg"":940}"
3.625,right_hand,og,tilt,,"{""roll_deg"":8.5,""pitch_deg"":9.1,""steady"":true}"
3.625,right_hand,og,flick_angles,,"{""side_deg"":4.3,""fwd_deg"":17.3}"
3.625,right_hand,og,acc,2437005,"{""seq"":174,""x_mg"":304,""y_mg"":28,""z_mg"":932}"
3.625,right_hand,og,tilt,,"{""roll_deg"":8.8,""pitch_deg"":9.6,""steady"":true}"
3.625,right_hand,og,flick_angles,,"{""side_deg"":4.5,""fwd_deg"":17.7}"
3.656,right_hand,og,acc,2437026,"{""seq"":175,""x_mg"":296,""y_mg"":-20,""z_mg"":932}"
3.656,right_hand,og,tilt,,"{""roll_deg"":8.8,""pitch_deg"":9.9,""steady"":true}"
3.656,right_hand,og,flick_angles,,"{""side_deg"":3.1,""fwd_deg"":17.9}"
3.703,right_hand,og,acc,2437046,"{""seq"":176,""x_mg"":292,""y_mg"":-56,""z_mg"":928}"
3.703,right_hand,og,tilt,,"{""roll_deg"":8.3,""pitch_deg"":10.0,""steady"":true}"
3.703,right_hand,og,flick_angles,,"{""side_deg"":0.9,""fwd_deg"":17.7}"
3.703,right_hand,og,acc,2437067,"{""seq"":177,""x_mg"":288,""y_mg"":-64,""z_mg"":940}"
3.703,right_hand,og,tilt,,"{""roll_deg"":7.6,""pitch_deg"":10.1,""steady"":true}"
3.703,right_hand,og,flick_angles,,"{""side_deg"":-1.2,""fwd_deg"":17.6}"
3.734,right_hand,og,acc,2437088,"{""seq"":178,""x_mg"":276,""y_mg"":-64,""z_mg"":956}"
3.734,right_hand,og,tilt,,"{""roll_deg"":7.2,""pitch_deg"":10.1,""steady"":true}"
3.734,right_hand,og,flick_angles,,"{""side_deg"":-2.4,""fwd_deg"":17.3}"
3.734,right_hand,og,acc,2437108,"{""seq"":179,""x_mg"":260,""y_mg"":-84,""z_mg"":968}"
3.734,right_hand,og,tilt,,"{""roll_deg"":6.6,""pitch_deg"":10.1,""steady"":true}"
3.734,right_hand,og,flick_angles,,"{""side_deg"":-3.1,""fwd_deg"":16.7}"
3.750,right_hand,og,acc,2437129,"{""seq"":180,""x_mg"":260,""y_mg"":-92,""z_mg"":960}"
3.750,right_hand,og,tilt,,"{""roll_deg"":5.6,""pitch_deg"":10.1,""steady"":true}"
3.750,right_hand,og,flick_angles,,"{""side_deg"":-3.9,""fwd_deg"":15.9}"
3.781,right_hand,og,acc,2437149,"{""seq"":181,""x_mg"":264,""y_mg"":-80,""z_mg"":980}"
3.781,right_hand,og,tilt,,"{""roll_deg"":4.7,""pitch_deg"":10.0,""steady"":true}"
3.781,right_hand,og,flick_angles,,"{""side_deg"":-4.4,""fwd_deg"":15.5}"
3.812,right_hand,og,acc,2437170,"{""seq"":182,""x_mg"":260,""y_mg"":-44,""z_mg"":1004}"
3.812,right_hand,og,tilt,,"{""roll_deg"":4.0,""pitch_deg"":9.9,""steady"":true}"
3.812,right_hand,og,flick_angles,,"{""side_deg"":-4.4,""fwd_deg"":15.2}"
3.844,right_hand,og,acc,2437190,"{""seq"":183,""x_mg"":252,""y_mg"":4,""z_mg"":1008}"
3.844,right_hand,og,tilt,,"{""roll_deg"":3.9,""pitch_deg"":9.7,""steady"":true}"
3.844,right_hand,og,flick_angles,,"{""side_deg"":-3.4,""fwd_deg"":14.9}"
3.844,right_hand,og,acc,2437211,"{""seq"":184,""x_mg"":260,""y_mg"":28,""z_mg"":1012}"
3.844,right_hand,og,tilt,,"{""roll_deg"":3.9,""pitch_deg"":9.6,""steady"":true}"
3.844,right_hand,og,flick_angles,,"{""side_deg"":-1.6,""fwd_deg"":14.6}"
3.875,right_hand,og,acc,2437232,"{""seq"":185,""x_mg"":272,""y_mg"":44,""z_mg"":1004}"
3.875,right_hand,og,tilt,,"{""roll_deg"":3.9,""pitch_deg"":9.5,""steady"":true}"
3.875,right_hand,og,flick_angles,,"{""side_deg"":-0.0,""fwd_deg"":14.5}"
3.875,right_hand,og,acc,2437252,"{""seq"":186,""x_mg"":268,""y_mg"":32,""z_mg"":1000}"
3.875,right_hand,og,tilt,,"{""roll_deg"":4.2,""pitch_deg"":9.4,""steady"":true}"
3.875,right_hand,og,flick_angles,,"{""side_deg"":0.9,""fwd_deg"":14.8}"
3.906,right_hand,og,acc,2437273,"{""seq"":187,""x_mg"":268,""y_mg"":36,""z_mg"":1012}"
3.906,right_hand,og,tilt,,"{""roll_deg"":4.4,""pitch_deg"":9.3,""steady"":true}"
3.906,right_hand,og,flick_angles,,"{""side_deg"":1.4,""fwd_deg"":14.9}"
3.937,right_hand,og,acc,2437293,"{""seq"":188,""x_mg"":264,""y_mg"":56,""z_mg"":996}"
3.937,right_hand,og,tilt,,"{""roll_deg"":4.7,""pitch_deg"":9.2,""steady"":true}"
3.937,right_hand,og,flick_angles,,"{""side_deg"":1.7,""fwd_deg"":14.9}"
3.937,right_hand,og,acc,2437314,"{""seq"":189,""x_mg"":252,""y_mg"":60,""z_mg"":988}"
3.937,right_hand,og,tilt,,"{""roll_deg"":5.2,""pitch_deg"":9.2,""steady"":true}"
3.937,right_hand,og,flick_angles,,"{""side_deg"":2.4,""fwd_deg"":14.8}"
3.953,right_hand,og,acc,2437334,"{""seq"":190,""x_mg"":260,""y_mg"":84,""z_mg"":972}"
3.953,right_hand,og,tilt,,"{""roll_deg"":5.7,""pitch_deg"":9.1,""steady"":true}"
3.953,right_hand,og,flick_angles,,"{""side_deg"":2.9,""fwd_deg"":14.8}"
3.984,right_hand,og,acc,2437355,"{""seq"":191,""x_mg"":264,""y_mg"":112,""z_mg"":964}"
3.984,right_hand,og,tilt,,"{""roll_deg"":6.6,""pitch_deg"":9.0,""steady"":true}"
3.984,right_hand,og,flick_angles,,"{""side_deg"":3.8,""fwd_deg"":14.9}"
4.015,right_hand,og,acc,2437376,"{""seq"":192,""x_mg"":248,""y_mg"":100,""z_mg"":984}"
4.015,right_hand,og,tilt,,"{""roll_deg"":7.5,""pitch_deg"":9.0,""steady"":true}"
4.015,right_hand,og,flick_angles,,"{""side_deg"":4.7,""fwd_deg"":14.9}"
4.047,right_hand,og,acc,2437396,"{""seq"":193,""x_mg"":244,""y_mg"":72,""z_mg"":964}"
4.047,right_hand,og,tilt,,"{""roll_deg"":8.3,""pitch_deg"":8.8,""steady"":true}"
4.047,right_hand,og,flick_angles,,"{""side_deg"":5.2,""fwd_deg"":14.5}"
4.047,right_hand,og,acc,2437417,"{""seq"":194,""x_mg"":252,""y_mg"":36,""z_mg"":944}"
4.047,right_hand,og,tilt,,"{""roll_deg"":8.5,""pitch_deg"":8.7,""steady"":true}"
4.047,right_hand,og,flick_angles,,"{""side_deg"":4.7,""fwd_deg"":14.3}"
4.078,right_hand,og,acc,2437437,"{""seq"":195,""x_mg"":260,""y_mg"":40,""z_mg"":960}"
4.078,right_hand,og,tilt,,"{""roll_deg"":8.5,""pitch_deg"":8.7,""steady"":true}"
4.078,right_hand,og,flick_angles,,"{""side_deg"":3.5,""fwd_deg"":14.6}"
4.078,right_hand,og,acc,2437458,"{""seq"":196,""x_mg"":248,""y_mg"":56,""z_mg"":968}"
4.078,right_hand,og,tremor,,"{""rms_mg"":47.5,""peak_hz"":4.4}"
4.078,right_hand,og,tilt,,"{""roll_deg"":8.5,""pitch_deg"":8.6,""steady"":true}"
4.078,right_hand,og,flick_angles,,"{""side_deg"":2.9,""fwd_deg"":14.8}"
4.109,right_hand,og,acc,2437478,"{""seq"":197,""x_mg"":216,""y_mg"":44,""z_mg"":932}"
4.109,right_hand,og,tilt,,"{""roll_deg"":8.5,""pitch_deg"":8.6,""steady"":true}"
4.109,right_hand,og,flick_angles,,"{""side_deg"":2.8,""fwd_deg"":14.6}"
4.140,right_hand,og,acc,2437499,"{""seq"":198,""x_mg"":228,""y_mg"":20,""z_mg"":928}"
4.140,right_hand,og,tilt,,"{""roll_deg"":8.5,""pitch_deg"":8.4,""steady"":true}"
4.140,right_hand,og,flick_angles,,"{""side_deg"":2.7,""fwd_deg"":14.2}"
4.140,right_hand,og,acc,2437519,"{""seq"":199,""x_mg"":220,""y_mg"":-16,""z_mg"":980}"
4.140,right_hand,og,tilt,,"{""roll_deg"":8.5,""pitch_deg"":8.2,""steady"":true}"
4.140,right_hand,og,flick_angles,,"{""side_deg"":1.9,""fwd_deg"":13.6}"
4.172,right_hand,og,acc,2437540,"{""seq"":200,""x_mg"":212,""y_mg"":-24,""z_mg"":972}"
4.172,right_hand,og,tilt,,"{""roll_deg"":8.4,""pitch_deg"":7.9,""steady"":true}"
4.172,right_hand,og,flick_angles,,"{""side_deg"":0.5,""fwd_deg"":13.1}"
4.203,right_hand,og,acc,2437561,"{""seq"":201,""x_mg"":240,""y_mg"":-120,""z_mg"":960}"
4.203,right_hand,og,tilt,,"{""roll_deg"":8.0,""pitch_deg"":7.6,""steady"":true}"
4.203,right_hand,og,flick_angles,,"{""side_deg"":-0.4,""fwd_deg"":12.9}"
4.203,right_hand,og,acc,2437581,"{""seq"":202,""x_mg"":236,""y_mg"":-144,""z_mg"":944}"
4.203,right_hand,og,tilt,,"{""roll_deg"":6.4,""pitch_deg"":7.6,""steady"":true}"
4.203,right_hand,og,flick_angles,,"{""side_deg"":-3.7,""fwd_deg"":13.4}"
4.234,right_hand,og,acc,2437602,"{""seq"":203,""x_mg"":216,""y_mg"":-100,""z_mg"":936}"
4.234,right_hand,og,tilt,,"{""roll_deg"":4.6,""pitch_deg"":7.6,""steady"":true}"
4.234,right_hand,og,flick_angles,,"{""side_deg"":-5.3,""fwd_deg"":13.6}"
4.265,right_hand,og,acc,2437622,"{""seq"":204,""x_mg"":228,""y_mg"":-44,""z_mg"":920}"
4.265,right_hand,og,tilt,,"{""roll_deg"":3.4,""pitch_deg"":7.6,""steady"":true}"
4.265,right_hand,og,flick_angles,,"{""side_deg"":-5.6,""fwd_deg"":13.8}"
4.265,right_hand,og,acc,2437643,"{""seq"":205,""x_mg"":208,""y_mg"":-32,""z_mg"":884}"
4.265,right_hand,og,tilt,,"{""roll_deg"":3.4,""pitch_deg"":7.5,""steady"":true}"
4.265,right_hand,og,flick_angles,,"{""side_deg"":-4.1,""fwd_deg"":13.5}"
4.297,right_hand,og,acc,2437663,"{""seq"":206,""x_mg"":168,""y_mg"":-40,""z_mg"":924}"
4.297,right_hand,og,tilt,,"{""roll_deg"":3.4,""pitch_deg"":7.4,""steady"":true}"
4.297,right_hand,og,flick_angles,,"{""side_deg"":-3.3,""fwd_deg"":13.4}"
4.328,right_hand,og,acc,2437684,"{""seq"":207,""x_mg"":92,""y_mg"":-56,""z_mg"":956}"
4.328,right_hand,og,tilt,,"{""roll_deg"":3.4,""pitch_deg"":6.8,""steady"":true}"
4.328,right_hand,og,flick_angles,,"{""side_deg"":-2.9,""fwd_deg"":11.8}"
4.328,right_hand,og,acc,2437705,"{""seq"":208,""x_mg"":56,""y_mg"":-84,""z_mg"":956}"
4.328,right_hand,og,tilt,,"{""roll_deg"":3.3,""pitch_deg"":5.0,""steady"":true}"
4.328,right_hand,og,flick_angles,,"{""side_deg"":-3.1,""fwd_deg"":8.7}"
4.359,right_hand,og,acc,2437725,"{""seq"":209,""x_mg"":52,""y_mg"":-164,""z_mg"":956}"
4.359,right_hand,og,tilt,,"{""roll_deg"":2.8,""pitch_deg"":2.8,""steady"":true}"
4.359,right_hand,og,flick_angles,,"{""side_deg"":-4.1,""fwd_deg"":6.0}"
4.390,right_hand,og,acc,2437746,"{""seq"":210,""x_mg"":48,""y_mg"":-240,""z_mg"":1012}"
4.390,right_hand,og,tilt,,"{""roll_deg"":1.1,""pitch_deg"":1.0,""steady"":true}"
4.390,right_hand,og,flick_angles,,"{""side_deg"":-6.9,""fwd_deg"":4.5}"
4.390,right_hand,og,acc,2437766,"{""seq"":211,""x_mg"":12,""y_mg"":-256,""z_mg"":1024}"
4.390,right_hand,og,tilt,,"{""roll_deg"":-1.4,""pitch_deg"":-0.5,""steady"":true}"
4.390,right_hand,og,flick_angles,,"{""side_deg"":-10.1,""fwd_deg"":3.6}"
4.422,right_hand,og,acc,2437787,"{""seq"":212,""x_mg"":-20,""y_mg"":-244,""z_mg"":1008}"
4.422,right_hand,og,tilt,,"{""roll_deg"":-3.4,""pitch_deg"":-2.3,""steady"":true}"
4.422,right_hand,og,flick_angles,,"{""side_deg"":-11.9,""fwd_deg"":2.1}"
4.422,right_hand,og,acc,2437807,"{""seq"":213,""x_mg"":-16,""y_mg"":-304,""z_mg"":1024}"
4.422,right_hand,og,tilt,,"{""roll_deg"":-4.9,""pitch_deg"":-3.9,""steady"":true}"
4.422,right_hand,og,flick_angles,,"{""side_deg"":-12.9,""fwd_deg"":0.6}"
4.453,right_hand,og,acc,2437828,"{""seq"":214,""x_mg"":-48,""y_mg"":-328,""z_mg"":1040}"
4.453,right_hand,og,tilt,,"{""roll_deg"":-6.9,""pitch_deg"":-5.2,""steady"":true}"
4.453,right_hand,og,flick_angles,,"{""side_deg"":-14.7,""fwd_deg"":-0.2}"
4.500,right_hand,og,acc,2437849,"{""seq"":215,""x_mg"":-72,""y_mg"":-388,""z_mg"":1000}"
4.500,right_hand,og,tilt,,"{""roll_deg"":-8.5,""pitch_deg"":-6.5,""steady"":true}"
4.500,right_hand,og,flick_angles,,"{""side_deg"":-16.1,""fwd_deg"":-1.4}"
4.500,right_hand,og,acc,2437869,"{""seq"":216,""x_mg"":-64,""y_mg"":-420,""z_mg"":976}"
4.500,right_hand,og,tilt,,"{""roll_deg"":-10.9,""pitch_deg"":-7.6,""steady"":true}"
4.500,right_hand,og,flick_angles,,"{""side_deg"":-18.6,""fwd_deg"":-2.4}"
4.531,right_hand,og,acc,2437890,"{""seq"":217,""x_mg"":-76,""y_mg"":-404,""z_mg"":996}"
4.531,right_hand,og,tilt,,"{""roll_deg"":-12.9,""pitch_deg"":-8.5,""steady"":true}"
4.531,right_hand,og,flick_angles,,"{""side_deg"":-20.3,""fwd_deg"":-3.1}"
4.562,right_hand,og,acc,2437910,"{""seq"":218,""x_mg"":-80,""y_mg"":-396,""z_mg"":1004}"
4.562,right_hand,og,tilt,,"{""roll_deg"":-14.0,""pitch_deg"":-9.1,""steady"":true}"
4.562,right_hand,og,flick_angles,,"{""side_deg"":-21.2,""fwd_deg"":-3.6}"
4.562,right_hand,og,acc,2437931,"{""seq"":219,""x_mg"":-68,""y_mg"":-396,""z_mg"":972}"
4.562,right_hand,og,tilt,,"{""roll_deg"":-14.8,""pitch_deg"":-9.5,""steady"":true}"
4.562,right_hand,og,flick_angles,,"{""side_deg"":-21.6,""fwd_deg"":-3.8}"
4.578,right_hand,og,acc,2437951,"{""seq"":220,""x_mg"":-52,""y_mg"":-408,""z_mg"":980}"
4.578,right_hand,og,tilt,,"{""roll_deg"":-15.2,""pitch_deg"":-9.7,""steady"":true}"
4.578,right_hand,og,flick_angles,,"{""side_deg"":-21.9,""fwd_deg"":-3.8}"
4.609,right_hand,og,acc,2437972,"{""seq"":221,""x_mg"":-88,""y_mg"":-416,""z_mg"":968}"
4.609,right_hand,og,tilt,,"{""roll_deg"":-15.7,""pitch_deg"":-9.8,""steady"":true}"
4.609,right_hand,og,flick_angles,,"{""side_deg"":-22.2,""fwd_deg"":-3.7}"
4.640,right_hand,og,acc,2437993,"{""seq"":222,""x_mg"":-64,""y_mg"":-380,""z_mg"":964}"
4.640,right_hand,og,tilt,,"{""roll_deg"":-16.0,""pitch_deg"":-9.9,""steady"":true}"
4.640,right_hand,og,flick_angles,,"{""side_deg"":-22.4,""fwd_deg"":-3.6}"
4.640,right_hand,og,acc,2438013,"{""seq"":223,""x_mg"":-48,""y_mg"":-384,""z_mg"":980}"
4.640,right_hand,og,tilt,,"{""roll_deg"":-16.0,""pitch_deg"":-9.9,""steady"":true}"
4.640,right_hand,og,flick_angles,,"{""side_deg"":-21.9,""fwd_deg"":-3.6}"
4.672,right_hand,og,acc,2438034,"{""seq"":224,""x_mg"":-32,""y_mg"":-348,""z_mg"":972}"
4.672,right_hand,og,tilt,,"{""roll_deg"":-16.0,""pitch_deg"":-9.9,""steady"":true}"
4.672,right_hand,og,flick_angles,,"{""side_deg"":-21.7,""fwd_deg"":-3.1}"
4.703,right_hand,og,acc,2438054,"{""seq"":225,""x_mg"":-8,""y_mg"":-320,""z_mg"":980}"
4.703,right_hand,og,tilt,,"{""roll_deg"":-16.0,""pitch_deg"":-9.9,""steady"":true}"
4.703,right_hand,og,flick_angles,,"{""side_deg"":-20.7,""fwd_deg"":-2.4}"
4.703,right_hand,og,acc,2438075,"{""seq"":226,""x_mg"":24,""y_mg"":-300,""z_mg"":976}"
4.703,right_hand,og,tilt,,"{""roll_deg"":-15.5,""pitch_deg"":-9.8,""steady"":true}"
4.703,right_hand,og,flick_angles,,"{""side_deg"":-19.4,""fwd_deg"":-1.4}"
4.734,right_hand,og,acc,2438095,"{""seq"":227,""x_mg"":28,""y_mg"":-288,""z_mg"":984}"
4.734,right_hand,og,tilt,,"{""roll_deg"":-15.0,""pitch_deg"":-9.5,""steady"":true}"
4.734,right_hand,og,flick_angles,,"{""side_deg"":-18.2,""fwd_deg"":-0.0}"
4.765,right_hand,og,acc,2438116,"{""seq"":228,""x_mg"":20,""y_mg"":-268,""z_mg"":968}"
4.765,right_hand,og,tilt,,"{""roll_deg"":-14.7,""pitch_deg"":-9.2,""steady"":true}"
4.765,right_hand,og,flick_angles,,"{""side_deg"":-17.3,""fwd_deg"":0.6}"
4.765,right_hand,og,acc,2438137,"{""seq"":229,""x_mg"":24,""y_mg"":-256,""z_mg"":972}"
4.765,right_hand,og,tilt,,"{""roll_deg"":-14.3,""pitch_deg"":-8.8,""steady"":true}"
4.765,right_hand,og,flick_angles,,"{""side_deg"":-16.4,""fwd_deg"":1.0}"
4.797,,game,miss,,"{""n"":1,""want"":""left""}"
4.797,right_hand,og,acc,2438157,"{""seq"":230,""x_mg"":68,""y_mg"":-256,""z_mg"":984}"
4.797,right_hand,og,tilt,,"{""roll_deg"":-13.6,""pitch_deg"":-8.4,""steady"":true}"
4.797,right_hand,og,flick_angles,,"{""side_deg"":-15.6,""fwd_deg"":1.2}"
4.828,right_hand,og,acc,2438178,"{""seq"":231,""x_mg"":68,""y_mg"":-256,""z_mg"":968}"
4.828,right_hand,og,tilt,,"{""roll_deg"":-12.9,""pitch_deg"":-7.5,""steady"":true}"
4.828,right_hand,og,flick_angles,,"{""side_deg"":-15.2,""fwd_deg"":2.5}"
4.828,right_hand,og,acc,2438198,"{""seq"":232,""x_mg"":60,""y_mg"":-248,""z_mg"":976}"
4.828,right_hand,og,tilt,,"{""roll_deg"":-12.2,""pitch_deg"":-6.6,""steady"":true}"
4.828,right_hand,og,flick_angles,,"{""side_deg"":-14.9,""fwd_deg"":3.2}"
4.859,right_hand,og,acc,2438219,"{""seq"":233,""x_mg"":88,""y_mg"":-232,""z_mg"":968}"
4.859,right_hand,og,tilt,,"{""roll_deg"":-11.5,""pitch_deg"":-5.9,""steady"":true}"
4.859,right_hand,og,flick_angles,,"{""side_deg"":-14.5,""fwd_deg"":3.5}"
4.859,right_hand,og,acc,2438239,"{""seq"":234,""x_mg"":128,""y_mg"":-240,""z_mg"":968}"
4.859,right_hand,og,tilt,,"{""roll_deg"":-10.9,""pitch_deg"":-5.0,""steady"":true}"
4.859,right_hand,og,flick_angles,,"{""side_deg"":-14.2,""fwd_deg"":4.3}"
4.890,right_hand,og,acc,2438260,"{""seq"":235,""x_mg"":104,""y_mg"":-240,""z_mg"":972}"
4.890,right_hand,og,tilt,,"{""roll_deg"":-10.3,""pitch_deg"":-4.0,""steady"":true}"
4.890,right_hand,og,flick_angles,,"{""side_deg"":-14.0,""fwd_deg"":5.1}"
4.922,right_hand,og,acc,2438281,"{""seq"":236,""x_mg"":92,""y_mg"":-228,""z_mg"":980}"
4.922,right_hand,og,tilt,,"{""roll_deg"":-9.9,""pitch_deg"":-3.3,""steady"":true}"
4.922,right_hand,og,flick_angles,,"{""side_deg"":-13.9,""fwd_deg"":5.5}"
4.922,right_hand,og,acc,2438301,"{""seq"":237,""x_mg"":100,""y_mg"":-204,""z_mg"":968}"
4.922,right_hand,og,tilt,,"{""roll_deg"":-9.5,""pitch_deg"":-2.8,""steady"":true}"
4.922,right_hand,og,flick_angles,,"{""side_deg"":-13.5,""fwd_deg"":5.6}"
4.953,right_hand,og,acc,2438322,"{""seq"":238,""x_mg"":128,""y_mg"":-188,""z_mg"":964}"
4.953,right_hand,og,tilt,,"{""roll_deg"":-8.8,""pitch_deg"":-2.5,""steady"":true}"
4.953,right_hand,og,flick_angles,,"{""side_deg"":-12.7,""fwd_deg"":5.7}"
4.984,right_hand,og,acc,2438342,"{""seq"":239,""x_mg"":144,""y_mg"":-200,""z_mg"":972}"
4.984,right_hand,og,tilt,,"{""roll_deg"":-8.2,""pitch_deg"":-1.8,""steady"":true}"
4.984,right_hand,og,flick_angles,,"{""side_deg"":-12.1,""fwd_deg"":6.6}"
4.984,right_hand,og,acc,2438363,"{""seq"":240,""x_mg"":116,""y_mg"":-172,""z_mg"":972}"
4.984,right_hand,og,tilt,,"{""roll_deg"":-7.6,""pitch_deg"":-1.3,""steady"":true}"
4.984,right_hand,og,flick_angles,,"{""side_deg"":-11.5,""fwd_deg"":7.0}"
5.015,right_hand,og,acc,2438383,"{""seq"":241,""x_mg"":88,""y_mg"":-176,""z_mg"":976}"
5.015,right_hand,og,tilt,,"{""roll_deg"":-7.0,""pitch_deg"":-1.1,""steady"":true}"
5.015,right_hand,og,flick_angles,,"{""side_deg"":-10.8,""fwd_deg"":6.8}"
5.047,right_hand,og,acc,2438404,"{""seq"":242,""x_mg"":76,""y_mg"":-200,""z_mg"":976}"
5.047,right_hand,og,tilt,,"{""roll_deg"":-6.5,""pitch_deg"":-1.1,""steady"":true}"
5.047,right_hand,og,flick_angles,,"{""side_deg"":-10.5,""fwd_deg"":6.0}"
5.047,right_hand,og,acc,2438425,"{""seq"":243,""x_mg"":76,""y_mg"":-224,""z_mg"":964}"
5.047,right_hand,og,tilt,,"{""roll_deg"":-6.5,""pitch_deg"":-1.1,""steady"":true}"
5.047,right_hand,og,flick_angles,,"{""side_deg"":-11.0,""fwd_deg"":5.2}"
5.078,right_hand,og,acc,2438445,"{""seq"":244,""x_mg"":76,""y_mg"":-260,""z_mg"":964}"
5.078,right_hand,og,tilt,,"{""roll_deg"":-6.5,""pitch_deg"":-1.1,""steady"":true}"
5.078,right_hand,og,flick_angles,,"{""side_deg"":-12.0,""fwd_deg"":4.8}"
5.109,right_hand,og,acc,2438466,"{""seq"":245,""x_mg"":76,""y_mg"":-256,""z_mg"":964}"
5.109,right_hand,og,tilt,,"{""roll_deg"":-6.5,""pitch_deg"":-1.2,""steady"":true}"
5.109,right_hand,og,flick_angles,,"{""side_deg"":-13.4,""fwd_deg"":4.6}"
5.109,right_hand,og,acc,2438486,"{""seq"":246,""x_mg"":64,""y_mg"":-248,""z_mg"":956}"
5.109,right_hand,og,tilt,,"{""roll_deg"":-6.7,""pitch_deg"":-1.3,""steady"":true}"
5.109,right_hand,og,flick_angles,,"{""side_deg"":-14.1,""fwd_deg"":4.5}"
5.140,right_hand,og,acc,2438507,"{""seq"":247,""x_mg"":88,""y_mg"":-240,""z_mg"":952}"
5.140,right_hand,og,tilt,,"{""roll_deg"":-6.9,""pitch_deg"":-1.3,""steady"":true}"
5.140,right_hand,og,flick_angles,,"{""side_deg"":-14.3,""fwd_deg"":4.4}"
5.140,right_hand,og,acc,2438527,"{""seq"":248,""x_mg"":84,""y_mg"":-244,""z_mg"":976}"
5.140,right_hand,og,tilt,,"{""roll_deg"":-7.0,""pitch_deg"":-1.4,""steady"":true}"
5.140,right_hand,og,flick_angles,,"{""side_deg"":-14.2,""fwd_deg"":4.6}"
5.172,right_hand,og,acc,2438548,"{""seq"":249,""x_mg"":76,""y_mg"":-260,""z_mg"":968}"
5.172,right_hand,og,tilt,,"{""roll_deg"":-7.0,""pitch_deg"":-1.4,""steady"":true}"
5.172,right_hand,og,flick_angles,,"{""side_deg"":-14.1,""fwd_deg"":4.7}"
5.187,right_hand,og,acc,2438568,"{""seq"":250,""x_mg"":64,""y_mg"":-244,""z_mg"":972}"
5.187,right_hand,og,tilt,,"{""roll_deg"":-7.1,""pitch_deg"":-1.5,""steady"":true}"
5.187,right_hand,og,flick_angles,,"{""side_deg"":-14.1,""fwd_deg"":4.5}"
5.234,right_hand,og,acc,2438589,"{""seq"":251,""x_mg"":56,""y_mg"":-240,""z_mg"":988}"
5.234,right_hand,og,tilt,,"{""roll_deg"":-7.2,""pitch_deg"":-1.5,""steady"":true}"
5.234,right_hand,og,flick_angles,,"{""side_deg"":-14.1,""fwd_deg"":4.1}"
5.265,right_hand,og,acc,2438610,"{""seq"":252,""x_mg"":84,""y_mg"":-224,""z_mg"":984}"
5.265,right_hand,og,tilt,,"{""roll_deg"":-7.2,""pitch_deg"":-1.6,""steady"":true}"
5.265,right_hand,og,flick_angles,,"{""side_deg"":-13.9,""fwd_deg"":3.9}"
5.265,right_hand,og,acc,2438630,"{""seq"":253,""x_mg"":92,""y_mg"":-204,""z_mg"":984}"
5.265,right_hand,og,tilt,,"{""roll_deg"":-7.2,""pitch_deg"":-1.6,""steady"":true}"
5.265,right_hand,og,flick_angles,,"{""side_deg"":-13.3,""fwd_deg"":4.3}"
5.297,right_hand,og,acc,2438651,"{""seq"":254,""x_mg"":80,""y_mg"":-212,""z_mg"":984}"
5.297,right_hand,og,tilt,,"{""roll_deg"":-7.2,""pitch_deg"":-1.6,""steady"":true}"
5.297,right_hand,og,flick_angles,,"{""side_deg"":-12.7,""fwd_deg"":4.5}"
5.297,right_hand,og,acc,2438671,"{""seq"":255,""x_mg"":60,""y_mg"":-216,""z_mg"":968}"
5.297,right_hand,og,tilt,,"{""roll_deg"":-7.2,""pitch_deg"":-1.6,""steady"":true}"
5.297,right_hand,og,flick_angles,,"{""side_deg"":-12.4,""fwd_deg"":4.5}"
5.328,right_hand,og,acc,2438692,"{""seq"":256,""x_mg"":80,""y_mg"":-252,""z_mg"":972}"
5.328,right_hand,og,tilt,,"{""roll_deg"":-7.2,""pitch_deg"":-1.7,""steady"":true}"
5.328,right_hand,og,flick_angles,,"{""side_deg"":-12.5,""fwd_deg"":4.5}"
5.359,right_hand,og,acc,2438712,"{""seq"":257,""x_mg"":88,""y_mg"":-236,""z_mg"":980}"
5.359,right_hand,og,tilt,,"{""roll_deg"":-7.2,""pitch_deg"":-1.7,""steady"":true}"
5.359,right_hand,og,flick_angles,,"{""side_deg"":-13.0,""fwd_deg"":4.5}"
5.359,right_hand,og,acc,2438733,"{""seq"":258,""x_mg"":84,""y_mg"":-228,""z_mg"":980}"
5.359,right_hand,og,tilt,,"{""roll_deg"":-7.2,""pitch_deg"":-1.7,""steady"":true}"
5.359,right_hand,og,flick_angles,,"{""side_deg"":-13.2,""fwd_deg"":4.7}"
5.390,right_hand,og,acc,2438754,"{""seq"":259,""x_mg"":88,""y_mg"":-220,""z_mg"":984}"
5.390,right_hand,og,tilt,,"{""roll_deg"":-7.2,""pitch_deg"":-1.7,""steady"":true}"
5.390,right_hand,og,flick_angles,,"{""side_deg"":-13.1,""fwd_deg"":4.8}"
5.422,right_hand,og,acc,2438774,"{""seq"":260,""x_mg"":76,""y_mg"":-236,""z_mg"":964}"
5.422,right_hand,og,tilt,,"{""roll_deg"":-7.2,""pitch_deg"":-1.7,""steady"":true}"
5.422,right_hand,og,flick_angles,,"{""side_deg"":-13.1,""fwd_deg"":4.8}"
5.422,right_hand,og,acc,2438795,"{""seq"":261,""x_mg"":104,""y_mg"":-240,""z_mg"":960}"
5.422,right_hand,og,tilt,,"{""roll_deg"":-7.2,""pitch_deg"":-1.7,""steady"":true}"
5.422,right_hand,og,flick_angles,,"{""side_deg"":-13.4,""fwd_deg"":4.9}"
5.437,right_hand,og,acc,2438815,"{""seq"":262,""x_mg"":96,""y_mg"":-248,""z_mg"":964}"
5.437,right_hand,og,tilt,,"{""roll_deg"":-7.2,""pitch_deg"":-1.7,""steady"":true}"
5.437,right_hand,og,flick_angles,,"{""side_deg"":-13.7,""fwd_deg"":5.2}"
5.469,right_hand,og,acc,2438836,"{""seq"":263,""x_mg"":88,""y_mg"":-240,""z_mg"":960}"
5.469,right_hand,og,tilt,,"{""roll_deg"":-7.3,""pitch_deg"":-1.7,""steady"":true}"
5.469,right_hand,og,flick_angles,,"{""side_deg"":-13.8,""fwd_deg"":5.4}"
5.500,right_hand,og,acc,2438856,"{""seq"":264,""x_mg"":136,""y_mg"":-220,""z_mg"":972}"
5.500,right_hand,og,tilt,,"{""roll_deg"":-7.3,""pitch_deg"":-1.7,""steady"":true}"
5.500,right_hand,og,flick_angles,,"{""side_deg"":-13.9,""fwd_deg"":5.4}"
5.500,right_hand,og,acc,2438877,"{""seq"":265,""x_mg"":204,""y_mg"":-196,""z_mg"":988}"
5.500,right_hand,og,tilt,,"{""roll_deg"":-7.3,""pitch_deg"":-1.7,""steady"":true}"
5.500,right_hand,og,flick_angles,,"{""side_deg"":-13.3,""fwd_deg"":6.6}"
5.531,right_hand,og,acc,2438898,"{""seq"":266,""x_mg"":252,""y_mg"":-128,""z_mg"":1048}"
5.531,right_hand,og,tilt,,"{""roll_deg"":-7.3,""pitch_deg"":-0.9,""steady"":true}"
5.531,right_hand,og,flick_angles,,"{""side_deg"":-12.1,""fwd_deg"":9.0}"
5.562,right_hand,og,acc,2438918,"{""seq"":267,""x_mg"":224,""y_mg"":-104,""z_mg"":1056}"
5.562,right_hand,og,tilt,,"{""roll_deg"":-7.0,""pitch_deg"":0.3,""steady"":true}"
5.562,right_hand,og,flick_angles,,"{""side_deg"":-9.5,""fwd_deg"":10.5}"
5.562,right_hand,og,acc,2438939,"{""seq"":268,""x_mg"":152,""y_mg"":-88,""z_mg"":1064}"
5.562,right_hand,og,tilt,,"{""roll_deg"":-5.7,""pitch_deg"":1.4,""steady"":true}"
5.562,right_hand,og,flick_angles,,"{""side_deg"":-7.5,""fwd_deg"":11.2}"
5.594,right_hand,og,acc,2438959,"{""seq"":269,""x_mg"":156,""y_mg"":-100,""z_mg"":1040}"
5.594,right_hand,og,tilt,,"{""roll_deg"":-4.4,""pitch_deg"":1.4,""steady"":true}"
5.594,right_hand,og,flick_angles,,"{""side_deg"":-6.5,""fwd_deg"":9.8}"
5.609,right_hand,og,acc,2438980,"{""seq"":270,""x_mg"":164,""y_mg"":-88,""z_mg"":1056}"
5.609,right_hand,og,tilt,,"{""roll_deg"":-3.1,""pitch_deg"":1.4,""steady"":true}"
5.609,right_hand,og,flick_angles,,"{""side_deg"":-5.6,""fwd_deg"":9.2}"
5.625,right_hand,og,acc,2439000,"{""seq"":271,""x_mg"":148,""y_mg"":-72,""z_mg"":1036}"
5.625,right_hand,og,tilt,,"{""roll_deg"":-2.2,""pitch_deg"":1.4,""steady"":true}"
5.625,right_hand,og,flick_angles,,"{""side_deg"":-5.1,""fwd_deg"":8.8}"
5.640,right_hand,og,acc,2439021,"{""seq"":272,""x_mg"":112,""y_mg"":-64,""z_mg"":1020}"
5.640,right_hand,og,tilt,,"{""roll_deg"":-1.2,""pitch_deg"":1.4,""steady"":true}"
5.640,right_hand,og,flick_angles,,"{""side_deg"":-4.5,""fwd_deg"":8.5}"
5.672,right_hand,og,acc,2439041,"{""seq"":273,""x_mg"":148,""y_mg"":-96,""z_mg"":1020}"
5.672,right_hand,og,tilt,,"{""roll_deg"":-0.6,""pitch_deg"":1.4,""steady"":true}"
5.672,right_hand,og,flick_angles,,"{""side_deg"":-4.2,""fwd_deg"":8.3}"
5.703,right_hand,og,acc,2439062,"{""seq"":274,""x_mg"":212,""y_mg"":-140,""z_mg"":1032}"
5.703,right_hand,og,tilt,,"{""roll_deg"":-0.5,""pitch_deg"":1.4,""steady"":true}"
5.703,right_hand,og,flick_angles,,"{""side_deg"":-4.8,""fwd_deg"":8.3}"
5.703,right_hand,og,acc,2439083,"{""seq"":275,""x_mg"":224,""y_mg"":-104,""z_mg"":1064}"
5.703,right_hand,og,tilt,,"{""roll_deg"":-0.4,""pitch_deg"":1.7,""steady"":true}"
5.703,right_hand,og,flick_angles,,"{""side_deg"":-5.1,""fwd_deg"":9.9}"
5.734,right_hand,og,acc,2439103,"{""seq"":276,""x_mg"":168,""y_mg"":-100,""z_mg"":1072}"
5.734,right_hand,og,tilt,,"{""roll_deg"":-0.4,""pitch_deg"":2.2,""steady"":true}"
5.734,right_hand,og,flick_angles,,"{""side_deg"":-5.3,""fwd_deg"":10.7}"
5.765,right_hand,og,acc,2439124,"{""seq"":277,""x_mg"":132,""y_mg"":-128,""z_mg"":1044}"
5.765,right_hand,og,tilt,,"{""roll_deg"":-0.4,""pitch_deg"":2.2,""steady"":true}"
5.765,right_hand,og,flick_angles,,"{""side_deg"":-5.4,""fwd_deg"":9.8}"
5.765,right_hand,og,acc,2439144,"{""seq"":278,""x_mg"":120,""y_mg"":-164,""z_mg"":1020}"
5.765,right_hand,og,tilt,,"{""roll_deg"":-0.4,""pitch_deg"":2.2,""steady"":true}"
5.765,right_hand,og,flick_angles,,"{""side_deg"":-6.2,""fwd_deg"":8.5}"
5.812,right_hand,og,acc,2439165,"{""seq"":279,""x_mg"":52,""y_mg"":-216,""z_mg"":984}"
5.812,right_hand,og,tilt,,"{""roll_deg"":-0.4,""pitch_deg"":2.2,""steady"":true}"
5.812,right_hand,og,flick_angles,,"{""side_deg"":-7.6,""fwd_deg"":7.5}"
5.828,right_hand,og,acc,2439185,"{""seq"":280,""x_mg"":-24,""y_mg"":-240,""z_mg"":916}"
5.828,right_hand,og,tilt,,"{""roll_deg"":-0.7,""pitch_deg"":1.8,""steady"":true}"
5.828,right_hand,og,flick_angles,,"{""side_deg"":-10.0,""fwd_deg"":5.3}"
5.828,right_hand,og,acc,2439206,"{""seq"":281,""x_mg"":-64,""y_mg"":-240,""z_mg"":876}"
5.828,right_hand,og,tilt,,"{""roll_deg"":-1.9,""pitch_deg"":-0.1,""steady"":true}"
5.828,right_hand,og,flick_angles,,"{""side_deg"":-12.3,""fwd_deg"":1.9}"
5.859,right_hand,og,acc,2439227,"{""seq"":282,""x_mg"":-76,""y_mg"":-260,""z_mg"":860}"
5.859,right_hand,og,tilt,,"{""roll_deg"":-3.6,""pitch_deg"":-2.9,""steady"":true}"
5.859,right_hand,og,flick_angles,,"{""side_deg"":-13.8,""fwd_deg"":-1.1}"
5.890,right_hand,og,acc,2439247,"{""seq"":283,""x_mg"":-84,""y_mg"":-280,""z_mg"":844}"
5.890,right_hand,og,tilt,,"{""roll_deg"":-5.4,""pitch_deg"":-5.5,""steady"":true}"
5.890,right_hand,og,flick_angles,,"{""side_deg"":-15.3,""fwd_deg"":-3.0}"
5.890,right_hand,game,wrong,,"{""n"":2,""want"":""left"",""got"":""down""}"
5.922,right_hand,og,acc,2439268,"{""seq"":284,""x_mg"":-108,""y_mg"":-284,""z_mg"":844}"
5.922,right_hand,og,tilt,,"{""roll_deg"":-7.5,""pitch_deg"":-7.6,""steady"":true}"
5.922,right_hand,og,flick_angles,,"{""side_deg"":-16.8,""fwd_deg"":-4.2}"
5.922,right_hand,og,acc,2439288,"{""seq"":285,""x_mg"":-128,""y_mg"":-272,""z_mg"":824}"
5.922,right_hand,og,tilt,,"{""roll_deg"":-9.0,""pitch_deg"":-9.6,""steady"":true}"
5.922,right_hand,og,flick_angles,,"{""side_deg"":-17.5,""fwd_deg"":-5.5}"
5.953,right_hand,og,acc,2439309,"{""seq"":286,""x_mg"":-104,""y_mg"":-264,""z_mg"":864}"
5.953,right_hand,og,tilt,,"{""roll_deg"":-9.9,""pitch_deg"":-10.9,""steady"":true}"
5.953,right_hand,og,flick_angles,,"{""side_deg"":-17.8,""fwd_deg"":-6.2}"
5.953,right_hand,og,acc,2439329,"{""seq"":287,""x_mg"":-120,""y_mg"":-292,""z_mg"":908}"
5.953,right_hand,og,tilt,,"{""roll_deg"":-10.5,""pitch_deg"":-11.8,""steady"":true}"
5.953,right_hand,og,flick_angles,,"{""side_deg"":-17.7,""fwd_deg"":-6.7}"
5.984,right_hand,og,acc,2439350,"{""seq"":288,""x_mg"":-144,""y_mg"":-300,""z_mg"":916}"
5.984,right_hand,og,tilt,,"{""roll_deg"":-10.8,""pitch_deg"":-12.4,""steady"":true}"
5.984,right_hand,og,flick_angles,,"{""side_deg"":-17.7,""fwd_deg"":-6.9}"
6.015,right_hand,og,acc,2439371,"{""seq"":289,""x_mg"":-108,""y_mg"":-308,""z_mg"":960}"
6.015,right_hand,og,tilt,,"{""roll_deg"":-11.1,""pitch_deg"":-12.8,""steady"":true}"
6.015,right_hand,og,flick_angles,,"{""side_deg"":-17.7,""fwd_deg"":-7.1}"
6.015,right_hand,og,acc,2439391,"{""seq"":290,""x_mg"":-88,""y_mg"":-336,""z_mg"":980}"
6.015,right_hand,og,tilt,,"{""roll_deg"":-11.3,""pitch_deg"":-12.8,""steady"":true}"
6.015,right_hand,og,flick_angles,,"{""side_deg"":-17.8,""fwd_deg"":-6.6}"
6.047,right_hand,og,acc,2439412,"{""seq"":291,""x_mg"":-104,""y_mg"":-304,""z_mg"":992}"
6.047,right_hand,og,tilt,,"{""roll_deg"":-11.4,""pitch_deg"":-12.8,""steady"":true}"
6.047,right_hand,og,flick_angles,,"{""side_deg"":-17.7,""fwd_deg"":-6.2}"
6.062,right_hand,og,acc,2439432,"{""seq"":292,""x_mg"":-80,""y_mg"":-292,""z_mg"":1004}"
6.062,right_hand,og,tilt,,"{""roll_deg"":-11.4,""pitch_deg"":-12.8,""steady"":true}"
6.062,right_hand,og,flick_angles,,"{""side_deg"":-17.3,""fwd_deg"":-5.5}"
6.094,right_hand,og,acc,2439453,"{""seq"":293,""x_mg"":-76,""y_mg"":-308,""z_mg"":1012}"
6.094,right_hand,og,tilt,,"{""roll_deg"":-11.4,""pitch_deg"":-12.7,""steady"":true}"
6.094,right_hand,og,flick_angles,,"{""side_deg"":-17.1,""fwd_deg"":-4.9}"
6.094,right_hand,og,acc,2439473,"{""seq"":294,""x_mg"":-52,""y_mg"":-300,""z_mg"":1024}"
6.094,right_hand,og,tremor,,"{""rms_mg"":33.2,""peak_hz"":4.2}"
6.094,right_hand,og,tilt,,"{""roll_deg"":-11.4,""pitch_deg"":-12.5,""steady"":true}"
6.094,right_hand,og,flick_angles,,"{""side_deg"":-16.7,""fwd_deg"":-4.5}"
6.125,right_hand,og,acc,2439494,"{""seq"":295,""x_mg"":28,""y_mg"":-272,""z_mg"":1044}"
6.125,right_hand,og,tilt,,"{""roll_deg"":-11.4,""pitch_deg"":-12.1,""steady"":true}"
6.125,right_hand,og,flick_angles,,"{""side_deg"":-16.5,""fwd_deg"":-3.7}"
6.156,right_hand,og,acc,2439514,"{""seq"":296,""x_mg"":36,""y_mg"":-268,""z_mg"":1052}"
6.156,right_hand,og,tilt,,"{""roll_deg"":-11.4,""pitch_deg"":-11.7,""steady"":true}"
6.156,right_hand,og,flick_angles,,"{""side_deg"":-15.6,""fwd_deg"":-1.1}"
6.156,right_hand,og,acc,2439535,"{""seq"":297,""x_mg"":28,""y_mg"":-248,""z_mg"":1036}"
6.156,right_hand,og,tilt,,"{""roll_deg"":-11.2,""pitch_deg"":-10.9,""steady"":true}"
6.156,right_hand,og,flick_angles,,"{""side_deg"":-14.9,""fwd_deg"":0.2}"
6.187,right_hand,og,acc,2439556,"{""seq"":298,""x_mg"":-16,""y_mg"":-236,""z_mg"":988}"
6.187,right_hand,og,tilt,,"{""roll_deg"":-11.0,""pitch_deg"":-10.0,""steady"":true}"
6.187,right_hand,og,flick_angles,,"{""side_deg"":-14.2,""fwd_deg"":0.9}"
6.219,right_hand,og,acc,2439576,"{""seq"":299,""x_mg"":-104,""y_mg"":-268,""z_mg"":916}"
6.219,right_hand,og,tilt,,"{""roll_deg"":-10.8,""pitch_deg"":-9.6,""steady"":true}"
6.219,right_hand,og,flick_angles,,"{""side_deg"":-13.8,""fwd_deg"":-0.0}"
6.219,right_hand,og,acc,2439597,"{""seq"":300,""x_mg"":-4,""y_mg"":-240,""z_mg"":952}"
6.219,right_hand,og,tilt,,"{""roll_deg"":-10.6,""pitch_deg"":-9.3,""steady"":true}"
6.219,right_hand,og,flick_angles,,"{""side_deg"":-14.0,""fwd_deg"":-0.5}"
6.234,right_hand,og,acc,2439617,"{""seq"":301,""x_mg"":44,""y_mg"":-228,""z_mg"":944}"
6.234,right_hand,og,tilt,,"{""roll_deg"":-10.4,""pitch_deg"":-9.0,""steady"":true}"
6.234,right_hand,og,flick_angles,,"{""side_deg"":-14.1,""fwd_deg"":-0.3}"
6.281,right_hand,og,acc,2439638,"{""seq"":302,""x_mg"":20,""y_mg"":-232,""z_mg"":944}"
6.281,right_hand,og,tilt,,"{""roll_deg"":-10.1,""pitch_deg"":-8.4,""steady"":true}"
6.281,right_hand,og,flick_angles,,"{""side_deg"":-13.9,""fwd_deg"":0.4}"
6.281,right_hand,og,acc,2439658,"{""seq"":303,""x_mg"":-12,""y_mg"":-260,""z_mg"":932}"
6.281,right_hand,og,tilt,,"{""roll_deg"":-9.9,""pitch_deg"":-7.9,""steady"":true}"
6.281,right_hand,og,flick_angles,,"{""side_deg"":-13.9,""fwd_deg"":0.8}"
6.312,right_hand,og,acc,2439679,"{""seq"":304,""x_mg"":-80,""y_mg"":-260,""z_mg"":944}"
6.312,right_hand,og,tilt,,"{""roll_deg"":-9.9,""pitch_deg"":-7.9,""steady"":true}"
6.312,right_hand,og,flick_angles,,"{""side_deg"":-14.6,""fwd_deg"":0.0}"
6.344,right_hand,og,acc,2439700,"{""seq"":305,""x_mg"":-72,""y_mg"":-256,""z_mg"":964}"
6.344,right_hand,og,tilt,,"{""roll_deg"":-9.9,""pitch_deg"":-7.9,""steady"":true}"
6.344,right_hand,og,flick_angles,,"{""side_deg"":-15.0,""fwd_deg"":-2.0}"
6.344,right_hand,og,acc,2439720,"{""seq"":306,""x_mg"":-44,""y_mg"":-220,""z_mg"":968}"
6.344,right_hand,og,tilt,,"{""roll_deg"":-9.9,""pitch_deg"":-7.9,""steady"":true}"
6.344,right_hand,og,flick_angles,,"{""side_deg"":-14.9,""fwd_deg"":-3.1}"
6.375,right_hand,og,acc,2439741,"{""seq"":307,""x_mg"":-80,""y_mg"":-208,""z_mg"":988}"
6.375,right_hand,og,tilt,,"{""roll_deg"":-9.6,""pitch_deg"":-8.1,""steady"":true}"
6.375,right_hand,og,flick_angles,,"{""side_deg"":-13.8,""fwd_deg"":-3.6}"
6.375,right_hand,og,acc,2439761,"{""seq"":308,""x_mg"":-152,""y_mg"":-196,""z_mg"":1000}"
6.375,right_hand,og,tilt,,"{""roll_deg"":-9.1,""pitch_deg"":-8.4,""steady"":true}"
6.375,right_hand,og,flick_angles,,"{""side_deg"":-12.8,""fwd_deg"":-4.1}"
6.406,right_hand,og,acc,2439782,"{""seq"":309,""x_mg"":-200,""y_mg"":-232,""z_mg"":1000}"
6.406,right_hand,og,tilt,,"{""roll_deg"":-8.7,""pitch_deg"":-9.4,""steady"":true}"
6.406,right_hand,og,flick_angles,,"{""side_deg"":-12.4,""fwd_deg"":-6.3}"
6.437,right_hand,og,acc,2439802,"{""seq"":310,""x_mg"":-88,""y_mg"":-232,""z_mg"":1016}"
6.437,right_hand,og,tilt,,"{""roll_deg"":-8.5,""pitch_deg"":-10.5,""steady"":true}"
6.437,right_hand,og,flick_angles,,"{""side_deg"":-12.6,""fwd_deg"":-7.4}"
6.437,right_hand,og,acc,2439823,"{""seq"":311,""x_mg"":0,""y_mg"":-196,""z_mg"":1032}"
6.437,right_hand,og,tilt,,"{""roll_deg"":-8.4,""pitch_deg"":-10.6,""steady"":true}"
6.437,right_hand,og,flick_angles,,"{""side_deg"":-12.7,""fwd_deg"":-6.1}"
6.469,right_hand,og,acc,2439844,"{""seq"":312,""x_mg"":-84,""y_mg"":-152,""z_mg"":1032}"
6.469,right_hand,og,tilt,,"{""roll_deg"":-7.8,""pitch_deg"":-10.7,""steady"":true}"
6.469,right_hand,og,flick_angles,,"{""side_deg"":-11.7,""fwd_deg"":-5.4}"
6.515,right_hand,og,acc,2439864,"{""seq"":313,""x_mg"":-168,""y_mg"":-132,""z_mg"":1012}"
6.515,right_hand,og,tilt,,"{""roll_deg"":-6.8,""pitch_deg"":-10.7,""steady"":true}"
6.515,right_hand,og,flick_angles,,"{""side_deg"":-10.0,""fwd_deg"":-5.0}"
6.515,right_hand,og,acc,2439885,"{""seq"":314,""x_mg"":-120,""y_mg"":-88,""z_mg"":1008}"
6.515,right_hand,og,tilt,,"{""roll_deg"":-5.7,""pitch_deg"":-11.2,""steady"":true}"
6.515,right_hand,og,flick_angles,,"{""side_deg"":-8.7,""fwd_deg"":-5.9}"
6.547,right_hand,og,acc,2439905,"{""seq"":315,""x_mg"":16,""y_mg"":-72,""z_mg"":1028}"
6.547,right_hand,og,tilt,,"{""roll_deg"":-4.1,""pitch_deg"":-11.6,""steady"":true}"
6.547,right_hand,og,flick_angles,,"{""side_deg"":-6.8,""fwd_deg"":-6.3}"
6.578,right_hand,og,acc,2439926,"{""seq"":316,""x_mg"":60,""y_mg"":-76,""z_mg"":1032}"
6.578,right_hand,og,tilt,,"{""roll_deg"":-2.6,""pitch_deg"":-11.6,""steady"":true}"
6.578,right_hand,og,flick_angles,,"{""side_deg"":-5.5,""fwd_deg"":-2.7}"
6.578,right_hand,og,acc,2439946,"{""seq"":317,""x_mg"":92,""y_mg"":-80,""z_mg"":1024}"
6.578,right_hand,og,tilt,,"{""roll_deg"":-1.6,""pitch_deg"":-10.9,""steady"":true}"
6.578,right_hand,og,flick_angles,,"{""side_deg"":-4.9,""fwd_deg"":0.3}"
6.609,right_hand,og,acc,2439967,"{""seq"":318,""x_mg"":48,""y_mg"":-124,""z_mg"":1016}"
6.609,right_hand,og,tilt,,"{""roll_deg"":-0.9,""pitch_deg"":-9.6,""steady"":true}"
6.609,right_hand,og,flick_angles,,"{""side_deg"":-4.7,""fwd_deg"":1.8}"
6.640,right_hand,og,acc,2439987,"{""seq"":319,""x_mg"":80,""y_mg"":-104,""z_mg"":1024}"
6.640,right_hand,og,tilt,,"{""roll_deg"":-0.8,""pitch_deg"":-8.1,""steady"":true}"
6.640,right_hand,og,flick_angles,,"{""side_deg"":-5.2,""fwd_deg"":3.1}"
6.640,right_hand,og,acc,2440008,"{""seq"":320,""x_mg"":280,""y_mg"":68,""z_mg"":1056}"
6.640,right_hand,og,tilt,,"{""roll_deg"":-0.8,""pitch_deg"":-6.7,""steady"":true}"
6.640,right_hand,og,flick_angles,,"{""side_deg"":-5.5,""fwd_deg"":3.8}"
6.656,right_hand,og,acc,2440029,"{""seq"":321,""x_mg"":332,""y_mg"":164,""z_mg"":1076}"
6.656,right_hand,og,tilt,,"{""roll_deg"":2.2,""pitch_deg"":-1.8,""steady"":true}"
6.656,right_hand,og,flick_angles,,"{""side_deg"":-1.0,""fwd_deg"":9.3}"
6.703,right_hand,og,acc,2440049,"{""seq"":322,""x_mg"":292,""y_mg"":200,""z_mg"":1064}"
6.703,right_hand,og,tilt,,"{""roll_deg"":6.2,""pitch_deg"":1.8,""steady"":true}"
6.703,right_hand,og,flick_angles,,"{""side_deg"":3.7,""fwd_deg"":12.2}"
6.703,right_hand,og,acc,2440070,"{""seq"":323,""x_mg"":260,""y_mg"":160,""z_mg"":1052}"
6.703,right_hand,og,tilt,,"{""roll_deg"":9.1,""pitch_deg"":4.2,""steady"":true}"
6.703,right_hand,og,flick_angles,,"{""side_deg"":6.0,""fwd_deg"":13.6}"
6.734,right_hand,og,acc,2440090,"{""seq"":324,""x_mg"":288,""y_mg"":144,""z_mg"":1068}"
6.734,right_hand,og,tilt,,"{""roll_deg"":10.8,""pitch_deg"":5.5,""steady"":true}"
6.734,right_hand,og,flick_angles,,"{""side_deg"":7.2,""fwd_deg"":14.3}"
6.734,right_hand,og,acc,2440111,"{""seq"":325,""x_mg"":276,""y_mg"":92,""z_mg"":1060}"
6.734,right_hand,og,tilt,,"{""roll_deg"":11.4,""pitch_deg"":6.2,""steady"":true}"
6.734,right_hand,og,flick_angles,,"{""side_deg"":7.3,""fwd_deg"":14.4}"
6.765,right_hand,og,acc,2440131,"{""seq"":326,""x_mg"":256,""y_mg"":40,""z_mg"":996}"
6.765,right_hand,og,tilt,,"{""roll_deg"":11.4,""pitch_deg"":6.6,""steady"":true}"
6.765,right_hand,og,flick_angles,,"{""side_deg"":6.1,""fwd_deg"":14.5}"
6.797,right_hand,og,acc,2440152,"{""seq"":327,""x_mg"":236,""y_mg"":40,""z_mg"":952}"
6.797,right_hand,og,tilt,,"{""roll_deg"":10.8,""pitch_deg"":6.8,""steady"":true}"
6.797,right_hand,og,flick_angles,,"{""side_deg"":4.2,""fwd_deg"":14.4}"
6.797,right_hand,og,acc,2440173,"{""seq"":328,""x_mg"":308,""y_mg"":72,""z_mg"":948}"
6.797,right_hand,og,tilt,,"{""roll_deg"":10.1,""pitch_deg"":6.9,""steady"":true}"
6.797,right_hand,og,flick_angles,,"{""side_deg"":3.3,""fwd_deg"":14.4}"
6.828,right_hand,og,acc,2440193,"{""seq"":329,""x_mg"":396,""y_mg"":88,""z_mg"":952}"
6.828,right_hand,og,tilt,,"{""roll_deg"":10.1,""pitch_deg"":8.1,""steady"":true}"
6.828,right_hand,og,flick_angles,,"{""side_deg"":3.7,""fwd_deg"":16.2}"
6.859,right_hand,og,acc,2440214,"{""seq"":330,""x_mg"":392,""y_mg"":128,""z_mg"":928}"
6.859,right_hand,og,tilt,,"{""roll_deg"":10.1,""pitch_deg"":10.6,""steady"":true}"
6.859,right_hand,og,flick_angles,,"{""side_deg"":4.3,""fwd_deg"":19.3}"
6.859,right_hand,og,acc,2440234,"{""seq"":331,""x_mg"":400,""y_mg"":176,""z_mg"":932}"
6.859,right_hand,og,tilt,,"{""roll_deg"":10.1,""pitch_deg"":12.3,""steady"":true}"
6.859,right_hand,og,flick_angles,,"{""side_deg"":5.8,""fwd_deg"":21.0}"
6.890,right_hand,og,acc,2440255,"{""seq"":332,""x_mg"":404,""y_mg"":188,""z_mg"":928}"
6.890,right_hand,og,tilt,,"{""roll_deg"":11.4,""pitch_deg"":13.5,""steady"":true}"
6.890,right_hand,og,flick_angles,,"{""side_deg"":7.8,""fwd_deg"":21.9}"
6.922,right_hand,og,acc,2440275,"{""seq"":333,""x_mg"":392,""y_mg"":204,""z_mg"":940}"
6.922,right_hand,og,tilt,,"{""roll_deg"":12.5,""pitch_deg"":14.2,""steady"":true}"
6.922,right_hand,og,flick_angles,,"{""side_deg"":9.2,""fwd_deg"":22.4}"
6.922,right_hand,og,acc,2440296,"{""seq"":334,""x_mg"":344,""y_mg"":188,""z_mg"":936}"
6.922,right_hand,og,tilt,,"{""roll_deg"":13.5,""pitch_deg"":14.4,""steady"":true}"
6.922,right_hand,og,flick_angles,,"{""side_deg"":9.9,""fwd_deg"":22.3}"
6.953,right_hand,og,acc,2440317,"{""seq"":335,""x_mg"":292,""y_mg"":164,""z_mg"":960}"
6.953,right_hand,og,tilt,,"{""roll_deg"":14.1,""pitch_deg"":14.4,""steady"":true}"
6.953,right_hand,og,flick_angles,,"{""side_deg"":10.3,""fwd_deg"":21.1}"
6.984,right_hand,og,acc,2440337,"{""seq"":336,""x_mg"":268,""y_mg"":136,""z_mg"":988}"
6.984,right_hand,og,tilt,,"{""roll_deg"":14.2,""pitch_deg"":13.7,""steady"":true}"
6.984,right_hand,og,flick_angles,,"{""side_deg"":9.8,""fwd_deg"":18.9}"
6.984,right_hand,og,acc,2440358,"{""seq"":337,""x_mg"":276,""y_mg"":116,""z_mg"":988}"
6.984,right_hand,og,tilt,,"{""roll_deg"":14.2,""pitch_deg"":12.9,""steady"":true}"
6.984,right_hand,og,flick_angles,,"{""side_deg"":8.7,""fwd_deg"":17.2}"
7.015,right_hand,og,acc,2440378,"{""seq"":338,""x_mg"":208,""y_mg"":132,""z_mg"":1028}"
7.015,right_hand,og,tilt,,"{""roll_deg"":14.2,""pitch_deg"":12.5,""steady"":true}"
7.015,right_hand,og,flick_angles,,"{""side_deg"":7.9,""fwd_deg"":16.1}"
7.015,right_hand,og,acc,2440399,"{""seq"":339,""x_mg"":124,""y_mg"":152,""z_mg"":1040}"
7.015,right_hand,og,tilt,,"{""roll_deg"":14.2,""pitch_deg"":11.6,""steady"":true}"
7.015,right_hand,og,flick_angles,,"{""side_deg"":7.5,""fwd_deg"":13.7}"
7.047,right_hand,og,acc,2440419,"{""seq"":340,""x_mg"":40,""y_mg"":88,""z_mg"":1032}"
7.047,right_hand,og,tilt,,"{""roll_deg"":14.0,""pitch_deg"":9.2,""steady"":true}"
7.047,right_hand,og,flick_angles,,"{""side_deg"":7.4,""fwd_deg"":10.2}"
7.078,right_hand,og,acc,2440440,"{""seq"":341,""x_mg"":-12,""y_mg"":-16,""z_mg"":1064}"
7.078,right_hand,og,tilt,,"{""roll_deg"":13.7,""pitch_deg"":5.0,""steady"":true}"
7.078,right_hand,og,flick_angles,,"{""side_deg"":6.1,""fwd_deg"":6.2}"
7.078,right_hand,og,acc,2440460,"{""seq"":342,""x_mg"":-56,""y_mg"":-72,""z_mg"":1060}"
7.078,right_hand,og,tilt,,"{""roll_deg"":12.6,""pitch_deg"":0.7,""steady"":true}"
7.078,right_hand,og,flick_angles,,"{""side_deg"":2.6,""fwd_deg"":2.8}"
7.109,right_hand,og,acc,2440481,"{""seq"":343,""x_mg"":-132,""y_mg"":-100,""z_mg"":1048}"
7.109,right_hand,og,tilt,,"{""roll_deg"":10.3,""pitch_deg"":-3.4,""steady"":true}"
7.109,right_hand,og,flick_angles,,"{""side_deg"":-0.6,""fwd_deg"":-0.1}"
7.140,right_hand,og,acc,2440502,"{""seq"":344,""x_mg"":-180,""y_mg"":-164,""z_mg"":1036}"
7.140,right_hand,og,tilt,,"{""roll_deg"":7.5,""pitch_deg"":-7.8,""steady"":true}"
7.140,right_hand,og,flick_angles,,"{""side_deg"":-3.0,""fwd_deg"":-3.6}"
7.140,right_hand,og,acc,2440522,"{""seq"":345,""x_mg"":-200,""y_mg"":-208,""z_mg"":1000}"
7.140,right_hand,og,tilt,,"{""roll_deg"":4.0,""pitch_deg"":-11.4,""steady"":true}"
7.140,right_hand,og,flick_angles,,"{""side_deg"":-5.9,""fwd_deg"":-6.7}"
7.172,right_hand,og,acc,2440543,"{""seq"":346,""x_mg"":-224,""y_mg"":-272,""z_mg"":976}"
7.172,right_hand,og,tilt,,"{""roll_deg"":0.4,""pitch_deg"":-14.1,""steady"":true}"
7.172,right_hand,og,flick_angles,,"{""side_deg"":-8.7,""fwd_deg"":-8.9}"
7.203,,game,miss,,"{""n"":3,""want"":""left""}"
7.203,right_hand,og,acc,2440563,"{""seq"":347,""x_mg"":-240,""y_mg"":-292,""z_mg"":980}"
7.203,right_hand,og,tilt,,"{""roll_deg"":-3.4,""pitch_deg"":-16.2,""steady"":true}"
7.203,right_hand,og,flick_angles,,"{""side_deg"":-12.0,""fwd_deg"":-10.7}"
7.203,right_hand,og,acc,2440584,"{""seq"":348,""x_mg"":-252,""y_mg"":-312,""z_mg"":980}"
7.203,right_hand,og,tilt,,"{""roll_deg"":-6.2,""pitch_deg"":-17.7,""steady"":true}"
7.203,right_hand,og,flick_angles,,"{""side_deg"":-14.1,""fwd_deg"":-11.9}"
7.234,right_hand,og,acc,2440604,"{""seq"":349,""x_mg"":-188,""y_mg"":-316,""z_mg"":972}"
7.234,right_hand,og,tilt,,"{""roll_deg"":-8.2,""pitch_deg"":-18.4,""steady"":true}"
7.234,right_hand,og,flick_angles,,"{""side_deg"":-15.6,""fwd_deg"":-12.6}"
7.281,right_hand,og,acc,2440625,"{""seq"":350,""x_mg"":-160,""y_mg"":-312,""z_mg"":956}"
7.281,right_hand,og,tilt,,"{""roll_deg"":-9.7,""pitch_deg"":-18.4,""steady"":true}"
7.281,right_hand,og,flick_angles,,"{""side_deg"":-16.6,""fwd_deg"":-11.5}"
7.281,right_hand,og,acc,2440646,"{""seq"":351,""x_mg"":-160,""y_mg"":-288,""z_mg"":952}"
7.281,right_hand,og,tilt,,"{""roll_deg"":-10.5,""pitch_deg"":-17.9,""steady"":true}"
7.281,right_hand,og,flick_angles,,"{""side_deg"":-17.2,""fwd_deg"":-10.3}"
7.312,right_hand,og,acc,2440666,"{""seq"":352,""x_mg"":-128,""y_mg"":-308,""z_mg"":980}"
7.312,right_hand,og,tilt,,"{""roll_deg"":-10.8,""pitch_deg"":-17.4,""steady"":true}"
7.312,right_hand,og,flick_angles,,"{""side_deg"":-17.2,""fwd_deg"":-9.7}"
7.312,right_hand,og,acc,2440687,"{""seq"":353,""x_mg"":-96,""y_mg"":-332,""z_mg"":984}"
7.312,right_hand,og,tilt,,"{""roll_deg"":-11.0,""pitch_deg"":-16.6,""steady"":true}"
7.312,right_hand,og,flick_angles,,"{""side_deg"":-17.3,""fwd_deg"":-8.4}"
7.344,right_hand,og,acc,2440707,"{""seq"":354,""x_mg"":-76,""y_mg"":-328,""z_mg"":984}"
7.344,right_hand,og,tilt,,"{""roll_deg"":-11.5,""pitch_deg"":-15.8,""steady"":true}"
7.344,right_hand,og,flick_angles,,"{""side_deg"":-17.8,""fwd_deg"":-6.8}"
7.375,right_hand,og,acc,2440728,"{""seq"":355,""x_mg"":-80,""y_mg"":-320,""z_mg"":980}"
7.375,right_hand,og,tilt,,"{""roll_deg"":-11.8,""pitch_deg"":-15.2,""steady"":true}"
7.375,right_hand,og,flick_angles,,"{""side_deg"":-18.1,""fwd_deg"":-5.6}"
7.375,right_hand,og,acc,2440748,"{""seq"":356,""x_mg"":-52,""y_mg"":-336,""z_mg"":996}"
7.375,right_hand,og,tilt,,"{""roll_deg"":-12.0,""pitch_deg"":-14.8,""steady"":true}"
7.375,right_hand,og,flick_angles,,"{""side_deg"":-18.2,""fwd_deg"":-4.9}"
7.406,right_hand,og,acc,2440769,"{""seq"":357,""x_mg"":-44,""y_mg"":-364,""z_mg"":976}"
7.406,right_hand,og,tilt,,"{""roll_deg"":-12.2,""pitch_deg"":-14.4,""steady"":true}"
7.406,right_hand,og,flick_angles,,"{""side_deg"":-18.4,""fwd_deg"":-3.9}"
7.437,right_hand,og,acc,2440790,"{""seq"":358,""x_mg"":-24,""y_mg"":-344,""z_mg"":976}"
7.437,right_hand,og,tilt,,"{""roll_deg"":-12.5,""pitch_deg"":-13.7,""steady"":true}"
7.437,right_hand,og,flick_angles,,"{""side_deg"":-18.9,""fwd_deg"":-3.1}"
7.437,right_hand,og,acc,2440810,"{""seq"":359,""x_mg"":0,""y_mg"":-316,""z_mg"":972}"
7.437,right_hand,og,tilt,,"{""roll_deg"":-12.8,""pitch_deg"":-12.8,""steady"":true}"
7.437,right_hand,og,flick_angles,,"{""side_deg"":-19.2,""fwd_deg"":-2.2}"
7.469,right_hand,og,acc,2440831,"{""seq"":360,""x_mg"":-20,""y_mg"":-304,""z_mg"":976}"
7.469,right_hand,og,tilt,,"{""roll_deg"":-12.8,""pitch_deg"":-11.8,""steady"":true}"
7.469,right_hand,og,flick_angles,,"{""side_deg"":-18.6,""fwd_deg"":-1.7}"
7.484,right_hand,og,acc,2440851,"{""seq"":361,""x_mg"":-16,""y_mg"":-316,""z_mg"":956}"
7.484,right_hand,og,tilt,,"{""roll_deg"":-12.8,""pitch_deg"":-11.0,""steady"":true}"
7.484,right_hand,og,flick_angles,,"{""side_deg"":-18.3,""fwd_deg"":-1.3}"
7.484,right_hand,og,acc,2440872,"{""seq"":362,""x_mg"":-24,""y_mg"":-336,""z_mg"":928}"
7.484,right_hand,og,tilt,,"{""roll_deg"":-12.8,""pitch_deg"":-10.3,""steady"":true}"
7.484,right_hand,og,flick_angles,,"{""side_deg"":-18.3,""fwd_deg"":-1.2}"
7.531,right_hand,og,acc,2440892,"{""seq"":363,""x_mg"":-80,""y_mg"":-316,""z_mg"":912}"
7.531,right_hand,og,tilt,,"{""roll_deg"":-12.8,""pitch_deg"":-9.9,""steady"":true}"
7.531,right_hand,og,flick_angles,,"{""side_deg"":-18.7,""fwd_deg"":-1.3}"
7.562,right_hand,og,acc,2440913,"{""seq"":364,""x_mg"":-4,""y_mg"":-272,""z_mg"":924}"
7.562,right_hand,og,tilt,,"{""roll_deg"":-12.8,""pitch_deg"":-9.6,""steady"":true}"
7.562,right_hand,og,flick_angles,,"{""side_deg"":-18.9,""fwd_deg"":-1.3}"
7.562,right_hand,og,acc,2440933,"{""seq"":365,""x_mg"":4,""y_mg"":-236,""z_mg"":932}"
7.562,right_hand,og,tilt,,"{""roll_deg"":-12.8,""pitch_deg"":-9.1,""steady"":true}"
7.562,right_hand,og,flick_angles,,"{""side_deg"":-17.6,""fwd_deg"":-0.8}"
7.594,right_hand,og,acc,2440954,"{""seq"":366,""x_mg"":-20,""y_mg"":-224,""z_mg"":924}"
7.594,right_hand,og,tilt,,"{""roll_deg"":-12.7,""pitch_deg"":-8.7,""steady"":true}"
7.594,right_hand,og,flick_angles,,"{""side_deg"":-15.9,""fwd_deg"":-0.5}"
7.625,right_hand,og,acc,2440975,"{""seq"":367,""x_mg"":-28,""y_mg"":-188,""z_mg"":936}"
7.625,right_hand,og,tilt,,"{""roll_deg"":-12.4,""pitch_deg"":-8.7,""steady"":true}"
7.625,right_hand,og,flick_angles,,"{""side_deg"":-14.8,""fwd_deg"":-0.9}"
7.625,right_hand,og,acc,2440995,"{""seq"":368,""x_mg"":0,""y_mg"":-152,""z_mg"":964}"
7.625,right_hand,og,tilt,,"{""roll_deg"":-11.5,""pitch_deg"":-8.6,""steady"":true}"
7.625,right_hand,og,flick_angles,,"{""side_deg"":-13.1,""fwd_deg"":-1.0}"
7.656,right_hand,og,acc,2441016,"{""seq"":369,""x_mg"":40,""y_mg"":-124,""z_mg"":980}"
7.656,right_hand,og,tilt,,"{""roll_deg"":-9.8,""pitch_deg"":-8.3,""steady"":true}"
7.656,right_hand,og,flick_angles,,"{""side_deg"":-11.0,""fwd_deg"":-0.5}"
7.687,right_hand,og,acc,2441036,"{""seq"":370,""x_mg"":48,""y_mg"":-64,""z_mg"":984}"
7.687,right_hand,og,tilt,,"{""roll_deg"":-7.8,""pitch_deg"":-7.6,""steady"":true}"
7.687,right_hand,og,flick_angles,,"{""side_deg"":-9.1,""fwd_deg"":0.9}"
7.687,right_hand,og,acc,2441057,"{""seq"":371,""x_mg"":24,""y_mg"":-16,""z_mg"":972}"
7.687,right_hand,og,tilt,,"{""roll_deg"":-4.8,""pitch_deg"":-7.0,""steady"":true}"
7.687,right_hand,og,flick_angles,,"{""side_deg"":-6.4,""fwd_deg"":1.6}"
7.719,right_hand,og,acc,2441077,"{""seq"":372,""x_mg"":20,""y_mg"":28,""z_mg"":964}"
7.719,right_hand,og,tilt,,"{""roll_deg"":-1.7,""pitch_deg"":-6.7,""steady"":true}"
7.719,right_hand,og,flick_angles,,"{""side_deg"":-3.7,""fwd_deg"":1.5}"
7.719,right_hand,og,acc,2441098,"{""seq"":373,""x_mg"":92,""y_mg"":48,""z_mg"":992}"
7.719,right_hand,og,tilt,,"{""roll_deg"":1.6,""pitch_deg"":-6.5,""steady"":true}"
7.719,right_hand,og,flick_angles,,"{""side_deg"":-1.0,""fwd_deg"":1.5}"
7.750,right_hand,og,acc,2441119,"{""seq"":374,""x_mg"":112,""y_mg"":24,""z_mg"":984}"
7.750,right_hand,og,tilt,,"{""roll_deg"":3.6,""pitch_deg"":-5.4,""steady"":true}"
7.750,right_hand,og,flick_angles,,"{""side_deg"":0.3,""fwd_deg"":3.4}"
7.781,right_hand,og,acc,2441139,"{""seq"":375,""x_mg"":88,""y_mg"":28,""z_mg"":1000}"
7.781,right_hand,og,tilt,,"{""roll_deg"":4.8,""pitch_deg"":-4.5,""steady"":true}"
7.781,right_hand,og,flick_angles,,"{""side_deg"":1.0,""fwd_deg"":4.3}"
7.781,right_hand,og,acc,2441160,"{""seq"":376,""x_mg"":112,""y_mg"":32,""z_mg"":996}"
7.781,right_hand,og,tilt,,"{""roll_deg"":5.5,""pitch_deg"":-3.5,""steady"":true}"
7.781,right_hand,og,flick_angles,,"{""side_deg"":1.3,""fwd_deg"":5.4}"
7.812,right_hand,og,acc,2441180,"{""seq"":377,""x_mg"":132,""y_mg"":16,""z_mg"":996}"
7.812,right_hand,og,tilt,,"{""roll_deg"":5.9,""pitch_deg"":-2.8,""steady"":true}"
7.812,right_hand,og,flick_angles,,"{""side_deg"":1.4,""fwd_deg"":5.9}"
7.844,right_hand,og,acc,2441201,"{""seq"":378,""x_mg"":124,""y_mg"":12,""z_mg"":1000}"
7.844,right_hand,og,tilt,,"{""roll_deg"":6.0,""pitch_deg"":-2.1,""steady"":true}"
7.844,right_hand,og,flick_angles,,"{""side_deg"":1.2,""fwd_deg"":6.5}"
7.844,right_hand,og,acc,2441221,"{""seq"":379,""x_mg"":108,""y_mg"":8,""z_mg"":1008}"
7.844,right_hand,og,tilt,,"{""roll_deg"":6.0,""pitch_deg"":-1.6,""steady"":true}"
7.844,right_hand,og,flick_angles,,"{""side_deg"":0.9,""fwd_deg"":6.8}"
7.875,right_hand,og,acc,2441242,"{""seq"":380,""x_mg"":108,""y_mg"":0,""z_mg"":1008}"
7.875,right_hand,og,tilt,,"{""roll_deg"":6.0,""pitch_deg"":-1.5,""steady"":true}"
7.875,right_hand,og,flick_angles,,"{""side_deg"":0.7,""fwd_deg"":6.4}"
7.906,right_hand,og,acc,2441263,"{""seq"":381,""x_mg"":124,""y_mg"":-16,""z_mg"":1008}"
7.906,right_hand,og,tilt,,"{""roll_deg"":6.0,""pitch_deg"":-1.4,""steady"":true}"
7.906,right_hand,og,flick_angles,,"{""side_deg"":0.3,""fwd_deg"":6.3}"
7.906,right_hand,og,acc,2441283,"{""seq"":382,""x_mg"":96,""y_mg"":-44,""z_mg"":1008}"
7.906,right_hand,og,tilt,,"{""roll_deg"":6.0,""pitch_deg"":-1.3,""steady"":true}"
7.906,right_hand,og,flick_angles,,"{""side_deg"":-0.3,""fwd_deg"":6.2}"
7.922,right_hand,og,acc,2441304,"{""seq"":383,""x_mg"":72,""y_mg"":-64,""z_mg"":1016}"
7.922,right_hand,og,tilt,,"{""roll_deg"":5.7,""pitch_deg"":-1.3,""steady"":true}"
7.922,right_hand,og,flick_angles,,"{""side_deg"":-1.4,""fwd_deg"":5.8}"
7.953,right_hand,og,acc,2441324,"{""seq"":384,""x_mg"":44,""y_mg"":-72,""z_mg"":1012}"
7.953,right_hand,og,tilt,,"{""roll_deg"":5.2,""pitch_deg"":-1.3,""steady"":true}"
7.953,right_hand,og,flick_angles,,"{""side_deg"":-2.5,""fwd_deg"":4.9}"
8.000,right_hand,og,acc,2441345,"{""seq"":385,""x_mg"":36,""y_mg"":-92,""z_mg"":1024}"
8.000,right_hand,og,tilt,,"{""roll_deg"":4.9,""pitch_deg"":-1.3,""steady"":true}"
8.000,right_hand,og,flick_angles,,"{""side_deg"":-3.3,""fwd_deg"":3.7}"
8.000,right_hand,og,acc,2441365,"{""seq"":386,""x_mg"":12,""y_mg"":-92,""z_mg"":1028}"
8.000,right_hand,og,tilt,,"{""roll_deg"":4.6,""pitch_deg"":-1.5,""steady"":true}"
8.000,right_hand,og,flick_angles,,"{""side_deg"":-4.2,""fwd_deg"":2.9}"
8.031,right_hand,og,acc,2441386,"{""seq"":387,""x_mg"":-4,""y_mg"":-88,""z_mg"":1052}"
8.031,right_hand,og,tilt,,"{""roll_deg"":4.1,""pitch_deg"":-1.9,""steady"":true}"
8.031,right_hand,og,flick_angles,,"{""side_deg"":-4.7,""fwd_deg"":1.8}"
8.062,right_hand,og,acc,2441406,"{""seq"":388,""x_mg"":-24,""y_mg"":-68,""z_mg"":1072}"
8.062,right_hand,og,tilt,,"{""roll_deg"":3.7,""pitch_deg"":-2.6,""steady"":true}"
8.062,right_hand,og,flick_angles,,"{""side_deg"":-4.7,""fwd_deg"":0.8}"
8.062,right_hand,og,acc,2441427,"{""seq"":389,""x_mg"":-52,""y_mg"":-68,""z_mg"":1124}"
8.062,right_hand,og,tilt,,"{""roll_deg"":3.5,""pitch_deg"":-3.5,""steady"":true}"
8.062,right_hand,og,flick_angles,,"{""side_deg"":-4.2,""fwd_deg"":-0.3}"
8.094,right_hand,og,acc,2441448,"{""seq"":390,""x_mg"":-88,""y_mg"":-108,""z_mg"":1148}"
8.094,right_hand,og,tilt,,"{""roll_deg"":3.3,""pitch_deg"":-4.8,""steady"":true}"
8.094,right_hand,og,flick_angles,,"{""side_deg"":-3.9,""fwd_deg"":-1.4}"
8.094,right_hand,og,acc,2441468,"{""seq"":391,""x_mg"":-112,""y_mg"":-144,""z_mg"":1204}"
8.094,right_hand,og,tilt,,"{""roll_deg"":2.8,""pitch_deg"":-6.3,""steady"":true}"
8.094,right_hand,og,flick_angles,,"{""side_deg"":-4.6,""fwd_deg"":-2.9}"
8.109,right_hand,og,acc,2441489,"{""seq"":392,""x_mg"":-160,""y_mg"":-120,""z_mg"":1324}"
8.125,right_hand,og,tremor,,"{""rms_mg"":40.9,""peak_hz"":5.3}"
8.125,right_hand,og,tilt,,"{""roll_deg"":2.8,""pitch_deg"":-6.3,""steady"":false}"
8.125,right_hand,og,flick_angles,,"{""side_deg"":-5.0,""fwd_deg"":-4.1}"
8.140,right_hand,og,acc,2441509,"{""seq"":393,""x_mg"":-208,""y_mg"":-84,""z_mg"":1388}"
8.140,right_hand,og,tilt,,"{""roll_deg"":2.8,""pitch_deg"":-6.3,""steady"":false}"
8.140,right_hand,og,flick_angles,,"{""side_deg"":-5.1,""fwd_deg"":-5.5}"
8.172,right_hand,og,acc,2441530,"{""seq"":394,""x_mg"":-248,""y_mg"":-108,""z_mg"":1420}"
8.172,right_hand,og,tilt,,"{""roll_deg"":2.8,""pitch_deg"":-6.3,""steady"":false}"
8.172,right_hand,og,flick_angles,,"{""side_deg"":-4.7,""fwd_deg"":-7.0}"
8.203,right_hand,og,acc,2441550,"{""seq"":395,""x_mg"":-280,""y_mg"":-236,""z_mg"":1436}"
8.203,right_hand,og,tilt,,"{""roll_deg"":2.8,""pitch_deg"":-6.3,""steady"":false}"
8.203,right_hand,og,flick_angles,,"{""side_deg"":-4.5,""fwd_deg"":-8.4}"
8.203,right_hand,og,acc,2441571,"{""seq"":396,""x_mg"":-300,""y_mg"":-240,""z_mg"":1484}"
8.203,right_hand,og,tilt,,"{""roll_deg"":2.8,""pitch_deg"":-6.3,""steady"":false}"
8.203,right_hand,og,flick_angles,,"{""side_deg"":-6.7,""fwd_deg"":-9.7}"
8.234,right_hand,og,acc,2441592,"{""seq"":397,""x_mg"":-304,""y_mg"":-224,""z_mg"":1432}"
8.234,right_hand,og,tilt,,"{""roll_deg"":2.8,""pitch_deg"":-6.3,""steady"":false}"
8.234,right_hand,og,flick_angles,,"{""side_deg"":-7.9,""fwd_deg"":-10.5}"
8.234,right_hand,og,acc,2441612,"{""seq"":398,""x_mg"":-272,""y_mg"":-248,""z_mg"":1300}"
8.234,right_hand,og,tilt,,"{""roll_deg"":2.8,""pitch_deg"":-6.3,""steady"":false}"
8.234,right_hand,og,flick_angles,,"{""side_deg"":-8.4,""fwd_deg"":-11.0}"
8.265,right_hand,og,acc,2441633,"{""seq"":399,""x_mg"":-204,""y_mg"":-240,""z_mg"":1224}"
8.265,right_hand,og,tilt,,"{""roll_deg"":0.7,""pitch_deg"":-9.9,""steady"":true}"
8.265,right_hand,og,flick_angles,,"{""side_deg"":-9.5,""fwd_deg"":-11.3}"
8.297,right_hand,og,acc,2441653,"{""seq"":400,""x_mg"":-168,""y_mg"":-180,""z_mg"":1160}"
8.297,right_hand,og,tilt,,"{""roll_deg"":0.2,""pitch_deg"":-10.9,""steady"":true}"
8.297,right_hand,og,flick_angles,,"{""side_deg"":-10.0,""fwd_deg"":-10.3}"
8.297,right_hand,og,acc,2441674,"{""seq"":401,""x_mg"":-140,""y_mg"":-84,""z_mg"":1084}"
8.297,right_hand,og,tilt,,"{""roll_deg"":-0.4,""pitch_deg"":-11.8,""steady"":true}"
8.297,right_hand,og,flick_angles,,"{""side_deg"":-9.4,""fwd_deg"":-9.2}"
8.328,right_hand,og,acc,2441694,"{""seq"":402,""x_mg"":-88,""y_mg"":-76,""z_mg"":948}"
8.328,right_hand,og,tilt,,"{""roll_deg"":-0.4,""pitch_deg"":-12.3,""steady"":true}"
8.328,right_hand,og,flick_angles,,"{""side_deg"":-7.0,""fwd_deg"":-8.3}"
8.344,right_hand,og,acc,2441715,"{""seq"":403,""x_mg"":0,""y_mg"":-172,""z_mg"":776}"
8.344,right_hand,og,tilt,,"{""roll_deg"":-0.4,""pitch_deg"":-12.3,""steady"":true}"
8.344,right_hand,og,flick_angles,,"{""side_deg"":-5.8,""fwd_deg"":-6.8}"
8.375,right_hand,og,acc,2441736,"{""seq"":404,""x_mg"":116,""y_mg"":-228,""z_mg"":712}"
8.375,right_hand,og,tilt,,"{""roll_deg"":-1.2,""pitch_deg"":-12.1,""steady"":true}"
8.375,right_hand,og,flick_angles,,"{""side_deg"":-9.1,""fwd_deg"":-3.4}"
8.375,right_hand,og,acc,2441756,"{""seq"":405,""x_mg"":184,""y_mg"":-208,""z_mg"":684}"
8.375,right_hand,og,tilt,,"{""roll_deg"":-3.5,""pitch_deg"":-10.2,""steady"":true}"
8.375,right_hand,og,flick_angles,,"{""side_deg"":-12.7,""fwd_deg"":2.7}"
8.422,,game,miss,,"{""n"":4,""want"":""up""}"
8.422,right_hand,og,acc,2441777,"{""seq"":406,""x_mg"":264,""y_mg"":-168,""z_mg"":492}"
8.422,right_hand,og,tilt,,"{""roll_deg"":-3.5,""pitch_deg"":-10.2,""steady"":false}"
8.422,right_hand,og,flick_angles,,"{""side_deg"":-14.7,""fwd_deg"":8.6}"
8.422,right_hand,og,acc,2441797,"{""seq"":407,""x_mg"":360,""y_mg"":-236,""z_mg"":412}"
8.422,right_hand,og,tilt,,"{""roll_deg"":-3.5,""pitch_deg"":-10.2,""steady"":false}"
8.422,right_hand,og,flick_angles,,"{""side_deg"":-15.7,""fwd_deg"":17.7}"
8.437,right_hand,og,acc,2441818,"{""seq"":408,""x_mg"":452,""y_mg"":-288,""z_mg"":380}"
8.437,right_hand,og,tilt,,"{""roll_deg"":-3.5,""pitch_deg"":-10.2,""steady"":false}"
8.437,right_hand,og,flick_angles,,"{""side_deg"":-19.5,""fwd_deg"":27.5}"
8.469,right_hand,og,acc,2441838,"{""seq"":409,""x_mg"":484,""y_mg"":-284,""z_mg"":372}"
8.469,right_hand,og,tilt,,"{""roll_deg"":-3.5,""pitch_deg"":-10.2,""steady"":false}"
8.469,right_hand,og,flick_angles,,"{""side_deg"":-22.2,""fwd_deg"":35.5}"
8.500,right_hand,og,acc,2441859,"{""seq"":410,""x_mg"":512,""y_mg"":-256,""z_mg"":352}"
8.500,right_hand,og,tilt,,"{""roll_deg"":-3.5,""pitch_deg"":-10.2,""steady"":false}"
8.500,right_hand,og,flick_angles,,"{""side_deg"":-23.6,""fwd_deg"":40.7}"
8.500,right_hand,og,acc,2441879,"{""seq"":411,""x_mg"":580,""y_mg"":-272,""z_mg"":388}"
8.500,right_hand,og,tilt,,"{""roll_deg"":-8.7,""pitch_deg"":0.7,""steady"":true}"
8.500,right_hand,og,flick_angles,,"{""side_deg"":-23.0,""fwd_deg"":45.2}"
8.531,right_hand,og,acc,2441900,"{""seq"":412,""x_mg"":616,""y_mg"":-300,""z_mg"":424}"
8.531,right_hand,og,tilt,,"{""roll_deg"":-10.5,""pitch_deg"":20.3,""steady"":true}"
8.531,right_hand,og,flick_angles,,"{""side_deg"":-22.4,""fwd_deg"":47.5}"
8.547,right_hand,og,acc,2441921,"{""seq"":413,""x_mg"":628,""y_mg"":-312,""z_mg"":456}"
8.547,right_hand,og,tilt,,"{""roll_deg"":-12.1,""pitch_deg"":32.0,""steady"":true}"
8.547,right_hand,og,flick_angles,,"{""side_deg"":-22.1,""fwd_deg"":48.7}"
8.578,right_hand,og,acc,2441941,"{""seq"":414,""x_mg"":660,""y_mg"":-336,""z_mg"":492}"
8.578,right_hand,og,tilt,,"{""roll_deg"":-13.2,""pitch_deg"":36.9,""steady"":true}"
8.578,right_hand,og,flick_angles,,"{""side_deg"":-22.0,""fwd_deg"":48.7}"
8.578,right_hand,og,acc,2441962,"{""seq"":415,""x_mg"":672,""y_mg"":-376,""z_mg"":520}"
8.578,right_hand,og,tilt,,"{""roll_deg"":-14.1,""pitch_deg"":38.9,""steady"":true}"
8.578,right_hand,og,flick_angles,,"{""side_deg"":-22.1,""fwd_deg"":48.3}"
8.609,right_hand,og,acc,2441982,"{""seq"":416,""x_mg"":672,""y_mg"":-388,""z_mg"":556}"
8.609,right_hand,og,tilt,,"{""roll_deg"":-15.3,""pitch_deg"":39.0,""steady"":true}"
8.609,right_hand,og,flick_angles,,"{""side_deg"":-23.0,""fwd_deg"":47.3}"
8.656,right_hand,og,acc,2442003,"{""seq"":417,""x_mg"":668,""y_mg"":-392,""z_mg"":596}"
8.656,right_hand,og,tilt,,"{""roll_deg"":-16.1,""pitch_deg"":39.0,""steady"":true}"
8.656,right_hand,og,flick_angles,,"{""side_deg"":-23.4,""fwd_deg"":46.0}"
8.656,right_hand,og,acc,2442023,"{""seq"":418,""x_mg"":660,""y_mg"":-388,""z_mg"":624}"
8.656,right_hand,og,tilt,,"{""roll_deg"":-16.5,""pitch_deg"":38.2,""steady"":true}"
8.656,right_hand,og,flick_angles,,"{""side_deg"":-23.5,""fwd_deg"":44.6}"
8.687,right_hand,og,acc,2442044,"{""seq"":419,""x_mg"":636,""y_mg"":-404,""z_mg"":612}"
8.687,right_hand,og,tilt,,"{""roll_deg"":-16.9,""pitch_deg"":37.2,""steady"":true}"
8.687,right_hand,og,flick_angles,,"{""side_deg"":-23.6,""fwd_deg"":43.3}"
8.719,right_hand,og,acc,2442065,"{""seq"":420,""x_mg"":636,""y_mg"":-392,""z_mg"":636}"
8.719,right_hand,og,tilt,,"{""roll_deg"":-17.1,""pitch_deg"":36.3,""steady"":true}"
8.719,right_hand,og,flick_angles,,"{""side_deg"":-23.6,""fwd_deg"":42.1}"
8.719,right_hand,og,acc,2442085,"{""seq"":421,""x_mg"":612,""y_mg"":-408,""z_mg"":692}"
8.719,right_hand,og,tilt,,"{""roll_deg"":-17.3,""pitch_deg"":35.6,""steady"":true}"
8.719,right_hand,og,flick_angles,,"{""side_deg"":-23.7,""fwd_deg"":41.3}"
8.734,right_hand,og,acc,2442106,"{""seq"":422,""x_mg"":588,""y_mg"":-372,""z_mg"":732}"
8.734,right_hand,og,tilt,,"{""roll_deg"":-17.3,""pitch_deg"":34.5,""steady"":true}"
8.734,right_hand,og,flick_angles,,"{""side_deg"":-23.6,""fwd_deg"":39.3}"
8.781,right_hand,og,acc,2442126,"{""seq"":423,""x_mg"":580,""y_mg"":-360,""z_mg"":756}"
8.781,right_hand,og,tilt,,"{""roll_deg"":-17.3,""pitch_deg"":33.7,""steady"":true}"
8.781,right_hand,og,flick_angles,,"{""side_deg"":-22.6,""fwd_deg"":37.4}"
8.781,right_hand,og,acc,2442147,"{""seq"":424,""x_mg"":564,""y_mg"":-400,""z_mg"":760}"
8.781,right_hand,og,tilt,,"{""roll_deg"":-17.3,""pitch_deg"":33.2,""steady"":true}"
8.781,right_hand,og,flick_angles,,"{""side_deg"":-22.1,""fwd_deg"":36.1}"
8.812,right_hand,og,acc,2442167,"{""seq"":425,""x_mg"":560,""y_mg"":-412,""z_mg"":776}"
8.812,right_hand,og,tilt,,"{""roll_deg"":-17.3,""pitch_deg"":32.5,""steady"":true}"
8.812,right_hand,og,flick_angles,,"{""side_deg"":-22.5,""fwd_deg"":34.7}"
8.812,right_hand,og,acc,2442188,"{""seq"":426,""x_mg"":568,""y_mg"":-400,""z_mg"":796}"
8.812,right_hand,og,tilt,,"{""roll_deg"":-17.3,""pitch_deg"":31.4,""steady"":true}"
8.812,right_hand,og,flick_angles,,"{""side_deg"":-22.7,""fwd_deg"":33.6}"
8.844,right_hand,og,acc,2442208,"{""seq"":427,""x_mg"":560,""y_mg"":-384,""z_mg"":784}"
8.844,right_hand,og,tilt,,"{""roll_deg"":-17.3,""pitch_deg"":30.3,""steady"":true}"
8.844,right_hand,og,flick_angles,,"{""side_deg"":-22.5,""fwd_deg"":33.1}"
8.875,right_hand,og,acc,2442229,"{""seq"":428,""x_mg"":568,""y_mg"":-348,""z_mg"":776}"
8.875,right_hand,og,tilt,,"{""roll_deg"":-17.3,""pitch_deg"":29.3,""steady"":true}"
8.875,right_hand,og,flick_angles,,"{""side_deg"":-22.1,""fwd_deg"":32.9}"
8.875,right_hand,og,acc,2442250,"{""seq"":429,""x_mg"":560,""y_mg"":-340,""z_mg"":788}"
8.875,right_hand,og,tilt,,"{""roll_deg"":-17.2,""pitch_deg"":28.7,""steady"":true}"
8.875,right_hand,og,flick_angles,,"{""side_deg"":-21.0,""fwd_deg"":33.0}"
8.906,right_hand,og,acc,2442270,"{""seq"":430,""x_mg"":560,""y_mg"":-348,""z_mg"":760}"
8.906,right_hand,og,tilt,,"{""roll_deg"":-17.0,""pitch_deg"":28.4,""steady"":true}"
8.906,right_hand,og,flick_angles,,"{""side_deg"":-20.4,""fwd_deg"":33.4}"
8.937,right_hand,og,acc,2442291,"{""seq"":431,""x_mg"":560,""y_mg"":-372,""z_mg"":756}"
8.937,right_hand,og,tilt,,"{""roll_deg"":-16.8,""pitch_deg"":28.1,""steady"":true}"
8.937,right_hand,og,flick_angles,,"{""side_deg"":-20.3,""fwd_deg"":33.5}"
8.937,right_hand,og,acc,2442311,"{""seq"":432,""x_mg"":556,""y_mg"":-364,""z_mg"":752}"
8.937,right_hand,og,tilt,,"{""roll_deg"":-16.8,""pitch_deg"":27.9,""steady"":true}"
8.937,right_hand,og,flick_angles,,"{""side_deg"":-20.8,""fwd_deg"":33.6}"
8.969,right_hand,og,acc,2442332,"{""seq"":433,""x_mg"":552,""y_mg"":-360,""z_mg"":744}"
8.969,right_hand,og,tilt,,"{""roll_deg"":-16.7,""pitch_deg"":27.8,""steady"":true}"
8.969,right_hand,og,flick_angles,,"{""side_deg"":-21.0,""fwd_deg"":33.6}"
9.000,right_hand,og,acc,2442352,"{""seq"":434,""x_mg"":548,""y_mg"":-352,""z_mg"":752}"
9.000,right_hand,og,tilt,,"{""roll_deg"":-16.6,""pitch_deg"":27.7,""steady"":true}"
9.000,right_hand,og,flick_angles,,"{""side_deg"":-21.1,""fwd_deg"":33.6}"
9.000,right_hand,og,acc,2442373,"{""seq"":435,""x_mg"":544,""y_mg"":-356,""z_mg"":772}"
9.000,right_hand,og,tilt,,"{""roll_deg"":-16.5,""pitch_deg"":27.5,""steady"":true}"
9.000,right_hand,og,flick_angles,,"{""side_deg"":-20.9,""fwd_deg"":33.5}"
9.031,right_hand,og,acc,2442394,"{""seq"":436,""x_mg"":536,""y_mg"":-372,""z_mg"":764}"
9.031,right_hand,og,tilt,,"{""roll_deg"":-16.4,""pitch_deg"":27.3,""steady"":true}"
9.031,right_hand,og,flick_angles,,"{""side_deg"":-20.8,""fwd_deg"":33.1}"
9.031,right_hand,og,acc,2442414,"{""seq"":437,""x_mg"":532,""y_mg"":-392,""z_mg"":760}"
9.031,right_hand,og,tilt,,"{""roll_deg"":-16.4,""pitch_deg"":27.0,""steady"":true}"
9.031,right_hand,og,flick_angles,,"{""side_deg"":-21.3,""fwd_deg"":32.7}"
9.062,right_hand,og,acc,2442435,"{""seq"":438,""x_mg"":532,""y_mg"":-372,""z_mg"":780}"
9.062,right_hand,og,tilt,,"{""roll_deg"":-16.4,""pitch_deg"":26.7,""steady"":true}"
9.062,right_hand,og,flick_angles,,"{""side_deg"":-21.5,""fwd_deg"":32.3}"
9.094,right_hand,og,acc,2442455,"{""seq"":439,""x_mg"":536,""y_mg"":-368,""z_mg"":780}"
9.094,right_hand,og,tilt,,"{""roll_deg"":-16.4,""pitch_deg"":26.5,""steady"":true}"
9.094,right_hand,og,flick_angles,,"{""side_deg"":-21.5,""fwd_deg"":32.1}"
9.094,right_hand,og,acc,2442476,"{""seq"":440,""x_mg"":548,""y_mg"":-384,""z_mg"":768}"
9.094,right_hand,og,tilt,,"{""roll_deg"":-16.4,""pitch_deg"":26.3,""steady"":true}"
9.094,right_hand,og,flick_angles,,"{""side_deg"":-21.5,""fwd_deg"":32.0}"
9.125,right_hand,og,acc,2442496,"{""seq"":441,""x_mg"":544,""y_mg"":-400,""z_mg"":780}"
9.125,right_hand,og,tilt,,"{""roll_deg"":-16.4,""pitch_deg"":26.1,""steady"":true}"
9.125,right_hand,og,flick_angles,,"{""side_deg"":-21.8,""fwd_deg"":31.9}"
9.156,right_hand,og,acc,2442517,"{""seq"":442,""x_mg"":540,""y_mg"":-412,""z_mg"":768}"
9.156,right_hand,og,tilt,,"{""roll_deg"":-16.4,""pitch_deg"":26.0,""steady"":true}"
9.156,right_hand,og,flick_angles,,"{""side_deg"":-22.3,""fwd_deg"":31.9}"
9.156,right_hand,og,acc,2442538,"{""seq"":443,""x_mg"":552,""y_mg"":-408,""z_mg"":756}"
9.156,right_hand,og,tilt,,"{""roll_deg"":-16.4,""pitch_deg"":25.9,""steady"":true}"
9.156,right_hand,og,flick_angles,,"{""side_deg"":-22.9,""fwd_deg"":31.8}"
9.187,right_hand,og,acc,2442558,"{""seq"":444,""x_mg"":540,""y_mg"":-380,""z_mg"":752}"
9.187,right_hand,og,tilt,,"{""roll_deg"":-16.4,""pitch_deg"":25.9,""steady"":true}"
9.187,right_hand,og,flick_angles,,"{""side_deg"":-23.2,""fwd_deg"":32.3}"
9.219,right_hand,og,acc,2442579,"{""seq"":445,""x_mg"":544,""y_mg"":-356,""z_mg"":728}"
9.219,right_hand,og,tilt,,"{""roll_deg"":-16.4,""pitch_deg"":25.9,""steady"":true}"
9.219,right_hand,og,flick_angles,,"{""side_deg"":-22.8,""fwd_deg"":32.5}"
9.219,right_hand,og,acc,2442599,"{""seq"":446,""x_mg"":552,""y_mg"":-352,""z_mg"":720}"
9.219,right_hand,og,tilt,,"{""roll_deg"":-16.4,""pitch_deg"":25.9,""steady"":true}"
9.219,right_hand,og,flick_angles,,"{""side_deg"":-22.1,""fwd_deg"":33.2}"
9.265,right_hand,og,acc,2442620,"{""seq"":447,""x_mg"":552,""y_mg"":-372,""z_mg"":708}"
9.265,right_hand,og,tilt,,"{""roll_deg"":-16.4,""pitch_deg"":25.9,""steady"":true}"
9.265,right_hand,og,flick_angles,,"{""side_deg"":-21.7,""fwd_deg"":33.9}"
9.297,right_hand,og,acc,2442640,"{""seq"":448,""x_mg"":548,""y_mg"":-368,""z_mg"":696}"
9.297,right_hand,og,tilt,,"{""roll_deg"":-16.4,""pitch_deg"":25.9,""steady"":true}"
9.297,right_hand,og,flick_angles,,"{""side_deg"":-22.1,""fwd_deg"":34.2}"
9.297,right_hand,og,acc,2442661,"{""seq"":449,""x_mg"":544,""y_mg"":-360,""z_mg"":676}"
9.297,right_hand,og,tilt,,"{""roll_deg"":-16.4,""pitch_deg"":25.9,""steady"":true}"
9.297,right_hand,og,flick_angles,,"{""side_deg"":-22.3,""fwd_deg"":34.5}"
9.328,right_hand,og,acc,2442682,"{""seq"":450,""x_mg"":548,""y_mg"":-352,""z_mg"":664}"
9.328,right_hand,og,tilt,,"{""roll_deg"":-16.4,""pitch_deg"":26.1,""steady"":true}"
9.328,right_hand,og,flick_angles,,"{""side_deg"":-22.4,""fwd_deg"":35.0}"
9.328,right_hand,og,acc,2442702,"{""seq"":451,""x_mg"":536,""y_mg"":-332,""z_mg"":640}"
9.328,right_hand,og,tilt,,"{""roll_deg"":-16.4,""pitch_deg"":26.5,""steady"":true}"
9.328,right_hand,og,flick_angles,,"{""side_deg"":-22.3,""fwd_deg"":35.5}"
9.359,right_hand,og,acc,2442723,"{""seq"":452,""x_mg"":532,""y_mg"":-348,""z_mg"":632}"
9.359,right_hand,og,tilt,,"{""roll_deg"":-16.4,""pitch_deg"":26.9,""steady"":true}"
9.359,right_hand,og,flick_angles,,"{""side_deg"":-22.3,""fwd_deg"":36.0}"
9.390,right_hand,og,acc,2442743,"{""seq"":453,""x_mg"":520,""y_mg"":-328,""z_mg"":656}"
9.390,right_hand,og,tilt,,"{""roll_deg"":-16.4,""pitch_deg"":27.3,""steady"":true}"
9.390,right_hand,og,flick_angles,,"{""side_deg"":-22.0,""fwd_deg"":36.2}"
9.390,right_hand,og,acc,2442764,"{""seq"":454,""x_mg"":492,""y_mg"":-296,""z_mg"":688}"
9.390,right_hand,og,tilt,,"{""roll_deg"":-16.4,""pitch_deg"":27.4,""steady"":true}"
9.390,right_hand,og,flick_angles,,"{""side_deg"":-21.7,""fwd_deg"":35.8}"
9.422,right_hand,og,acc,2442784,"{""seq"":455,""x_mg"":468,""y_mg"":-292,""z_mg"":664}"
9.422,right_hand,og,tilt,,"{""roll_deg"":-16.4,""pitch_deg"":27.4,""steady"":true}"
9.422,right_hand,og,flick_angles,,"{""side_deg"":-20.7,""fwd_deg"":34.5}"
9.453,right_hand,og,acc,2442805,"{""seq"":456,""x_mg"":456,""y_mg"":-360,""z_mg"":636}"
9.453,right_hand,og,tilt,,"{""roll_deg"":-16.4,""pitch_deg"":27.4,""steady"":true}"
9.453,right_hand,og,flick_angles,,"{""side_deg"":-20.3,""fwd_deg"":33.7}"
9.453,right_hand,og,acc,2442825,"{""seq"":457,""x_mg"":444,""y_mg"":-372,""z_mg"":604}"
9.453,right_hand,og,tilt,,"{""roll_deg"":-16.4,""pitch_deg"":27.4,""steady"":true}"
9.453,right_hand,og,flick_angles,,"{""side_deg"":-22.5,""fwd_deg"":32.9}"
9.484,right_hand,og,acc,2442846,"{""seq"":458,""x_mg"":400,""y_mg"":-336,""z_mg"":576}"
9.484,right_hand,og,tilt,,"{""roll_deg"":-16.4,""pitch_deg"":27.4,""steady"":true}"
9.484,right_hand,og,flick_angles,,"{""side_deg"":-24.0,""fwd_deg"":32.4}"
9.515,right_hand,og,acc,2442867,"{""seq"":459,""x_mg"":348,""y_mg"":-268,""z_mg"":540}"
9.515,right_hand,og,tilt,,"{""roll_deg"":-16.4,""pitch_deg"":27.4,""steady"":false}"
9.515,right_hand,og,flick_angles,,"{""side_deg"":-24.8,""fwd_deg"":31.7}"
9.515,right_hand,og,acc,2442887,"{""seq"":460,""x_mg"":268,""y_mg"":-152,""z_mg"":676}"
9.515,right_hand,og,tilt,,"{""roll_deg"":-17.0,""pitch_deg"":27.0,""steady"":true}"
9.515,right_hand,og,flick_angles,,"{""side_deg"":-23.7,""fwd_deg"":30.8}"
9.547,right_hand,og,acc,2442908,"{""seq"":461,""x_mg"":180,""y_mg"":-92,""z_mg"":656}"
9.547,right_hand,og,tilt,,"{""roll_deg"":-17.0,""pitch_deg"":27.0,""steady"":false}"
9.547,right_hand,og,flick_angles,,"{""side_deg"":-17.8,""fwd_deg"":26.0}"
9.547,right_hand,og,acc,2442928,"{""seq"":462,""x_mg"":136,""y_mg"":-152,""z_mg"":684}"
9.547,right_hand,og,tilt,,"{""roll_deg"":-15.6,""pitch_deg"":22.8,""steady"":true}"
9.547,right_hand,og,flick_angles,,"{""side_deg"":-14.8,""fwd_deg"":20.6}"
9.547,right_hand,game,wrong,,"{""n"":5,""want"":""up"",""got"":""down""}"
9.562,right_hand,og,acc,2442949,"{""seq"":463,""x_mg"":52,""y_mg"":-200,""z_mg"":880}"
9.578,right_hand,og,tilt,,"{""roll_deg"":-13.9,""pitch_deg"":16.7,""steady"":true}"
9.578,right_hand,og,flick_angles,,"{""side_deg"":-13.5,""fwd_deg"":15.8}"
9.594,right_hand,og,acc,2442969,"{""seq"":464,""x_mg"":-36,""y_mg"":-84,""z_mg"":1060}"
9.594,right_hand,og,tilt,,"{""roll_deg"":-12.2,""pitch_deg"":8.4,""steady"":true}"
9.594,right_hand,og,flick_angles,,"{""side_deg"":-12.9,""fwd_deg"":9.5}"
9.625,right_hand,og,acc,2442990,"{""seq"":465,""x_mg"":-140,""y_mg"":-16,""z_mg"":1120}"
9.625,right_hand,og,tilt,,"{""roll_deg"":-8.0,""pitch_deg"":0.4,""steady"":true}"
9.625,right_hand,og,flick_angles,,"{""side_deg"":-8.7,""fwd_deg"":3.8}"
9.656,right_hand,og,acc,2443011,"{""seq"":466,""x_mg"":-168,""y_mg"":-144,""z_mg"":1128}"
9.656,right_hand,og,tilt,,"{""roll_deg"":-4.9,""pitch_deg"":-6.6,""steady"":true}"
9.656,right_hand,og,flick_angles,,"{""side_deg"":-6.6,""fwd_deg"":-1.7}"
9.656,right_hand,og,acc,2443031,"{""seq"":467,""x_mg"":-168,""y_mg"":-288,""z_mg"":1140}"
9.656,right_hand,og,tilt,,"{""roll_deg"":-3.9,""pitch_deg"":-10.6,""steady"":true}"
9.656,right_hand,og,flick_angles,,"{""side_deg"":-6.9,""fwd_deg"":-4.9}"
9.687,right_hand,og,acc,2443052,"{""seq"":468,""x_mg"":-156,""y_mg"":-260,""z_mg"":1116}"
9.687,right_hand,og,tilt,,"{""roll_deg"":-4.3,""pitch_deg"":-12.5,""steady"":true}"
9.687,right_hand,og,flick_angles,,"{""side_deg"":-10.0,""fwd_deg"":-6.5}"
9.687,right_hand,og,acc,2443072,"{""seq"":469,""x_mg"":-180,""y_mg"":-156,""z_mg"":1132}"
9.687,right_hand,og,tilt,,"{""roll_deg"":-5.0,""pitch_deg"":-13.5,""steady"":true}"
9.687,right_hand,og,flick_angles,,"{""side_deg"":-11.5,""fwd_deg"":-7.3}"
9.719,right_hand,og,acc,2443093,"{""seq"":470,""x_mg"":-240,""y_mg"":-96,""z_mg"":1160}"
9.719,right_hand,og,tilt,,"{""roll_deg"":-4.9,""pitch_deg"":-14.3,""steady"":true}"
9.719,right_hand,og,flick_angles,,"{""side_deg"":-9.6,""fwd_deg"":-8.1}"
9.750,right_hand,og,acc,2443113,"{""seq"":471,""x_mg"":-332,""y_mg"":-92,""z_mg"":1184}"
9.750,right_hand,og,tilt,,"{""roll_deg"":-3.4,""pitch_deg"":-15.9,""steady"":true}"
9.750,right_hand,og,flick_angles,,"{""side_deg"":-7.1,""fwd_deg"":-9.9}"
9.750,right_hand,og,acc,2443134,"{""seq"":472,""x_mg"":-344,""y_mg"":-136,""z_mg"":1240}"
9.750,right_hand,og,tilt,,"{""roll_deg"":-2.2,""pitch_deg"":-18.6,""steady"":true}"
9.750,right_hand,og,flick_angles,,"{""side_deg"":-5.9,""fwd_deg"":-12.7}"
9.765,right_hand,og,acc,2443154,"{""seq"":473,""x_mg"":-340,""y_mg"":-168,""z_mg"":1232}"
9.765,right_hand,og,tilt,,"{""roll_deg"":-1.8,""pitch_deg"":-19.9,""steady"":true}"
9.765,right_hand,og,flick_angles,,"{""side_deg"":-6.0,""fwd_deg"":-14.0}"
9.797,right_hand,og,acc,2443175,"{""seq"":474,""x_mg"":-340,""y_mg"":-180,""z_mg"":1224}"
9.797,right_hand,og,tilt,,"{""roll_deg"":-1.8,""pitch_deg"":-20.7,""steady"":true}"
9.797,right_hand,og,flick_angles,,"{""side_deg"":-6.7,""fwd_deg"":-14.7}"
9.828,right_hand,og,acc,2443196,"{""seq"":475,""x_mg"":-368,""y_mg"":-164,""z_mg"":1228}"
9.828,right_hand,og,tilt,,"{""roll_deg"":-1.8,""pitch_deg"":-21.1,""steady"":true}"
9.828,right_hand,og,flick_angles,,"{""side_deg"":-7.1,""fwd_deg"":-15.0}"
9.828,right_hand,og,acc,2443216,"{""seq"":476,""x_mg"":-372,""y_mg"":-156,""z_mg"":1196}"
9.828,right_hand,og,tilt,,"{""roll_deg"":-1.8,""pitch_deg"":-21.8,""steady"":true}"
9.828,right_hand,og,flick_angles,,"{""side_deg"":-7.2,""fwd_deg"":-15.8}"
9.859,right_hand,og,acc,2443237,"{""seq"":477,""x_mg"":-380,""y_mg"":-188,""z_mg"":1156}"
9.859,right_hand,og,tilt,,"{""roll_deg"":-1.8,""pitch_deg"":-22.4,""steady"":true}"
9.859,right_hand,og,flick_angles,,"{""side_deg"":-7.2,""fwd_deg"":-16.5}"
9.890,right_hand,og,acc,2443257,"{""seq"":478,""x_mg"":-352,""y_mg"":-248,""z_mg"":1100}"
9.890,right_hand,og,tilt,,"{""roll_deg"":-1.8,""pitch_deg"":-22.9,""steady"":true}"
9.890,right_hand,og,flick_angles,,"{""side_deg"":-8.0,""fwd_deg"":-16.9}"
9.890,right_hand,og,acc,2443278,"{""seq"":479,""x_mg"":-340,""y_mg"":-240,""z_mg"":1056}"
9.890,right_hand,og,tilt,,"{""roll_deg"":-2.1,""pitch_deg"":-23.2,""steady"":true}"
9.890,right_hand,og,flick_angles,,"{""side_deg"":-10.1,""fwd_deg"":-17.2}"
9.937,right_hand,og,acc,2443298,"{""seq"":480,""x_mg"":-328,""y_mg"":-168,""z_mg"":1016}"
9.937,right_hand,og,tilt,,"{""roll_deg"":-2.3,""pitch_deg"":-23.4,""steady"":true}"
9.937,right_hand,og,flick_angles,,"{""side_deg"":-11.1,""fwd_deg"":-17.3}"
9.969,right_hand,og,acc,2443319,"{""seq"":481,""x_mg"":-324,""y_mg"":-124,""z_mg"":988}"
9.969,right_hand,og,tilt,,"{""roll_deg"":-2.4,""pitch_deg"":-23.6,""steady"":true}"
9.969,right_hand,og,flick_angles,,"{""side_deg"":-10.0,""fwd_deg"":-17.5}"
9.969,right_hand,og,acc,2443340,"{""seq"":482,""x_mg"":-320,""y_mg"":-96,""z_mg"":980}"
9.969,right_hand,og,tilt,,"{""roll_deg"":-2.4,""pitch_deg"":-23.8,""steady"":true}"
9.969,right_hand,og,flick_angles,,"{""side_deg"":-8.4,""fwd_deg"":-17.7}"
9.984,right_hand,og,acc,2443360,"{""seq"":483,""x_mg"":-296,""y_mg"":-116,""z_mg"":944}"
9.984,right_hand,og,tilt,,"{""roll_deg"":-2.4,""pitch_deg"":-24.0,""steady"":true}"
9.984,right_hand,og,flick_angles,,"{""side_deg"":-7.5,""fwd_deg"":-17.9}"
10.031,right_hand,og,acc,2443381,"{""seq"":484,""x_mg"":-280,""y_mg"":-152,""z_mg"":924}"
10.031,right_hand,og,tilt,,"{""roll_deg"":-2.4,""pitch_deg"":-24.0,""steady"":true}"
10.031,right_hand,og,flick_angles,,"{""side_deg"":-7.1,""fwd_deg"":-17.6}"
10.031,right_hand,og,acc,2443401,"{""seq"":485,""x_mg"":-292,""y_mg"":-160,""z_mg"":940}"
10.031,right_hand,og,tilt,,"{""roll_deg"":-2.4,""pitch_deg"":-24.0,""steady"":true}"
10.031,right_hand,og,flick_angles,,"{""side_deg"":-8.0,""fwd_deg"":-17.3}"
10.062,right_hand,og,acc,2443422,"{""seq"":486,""x_mg"":-300,""y_mg"":-104,""z_mg"":964}"
10.062,right_hand,og,tilt,,"{""roll_deg"":-2.4,""pitch_deg"":-24.0,""steady"":true}"
10.062,right_hand,og,flick_angles,,"{""side_deg"":-8.5,""fwd_deg"":-17.2}"
10.094,right_hand,og,acc,2443442,"{""seq"":487,""x_mg"":-276,""y_mg"":-136,""z_mg"":952}"
10.094,right_hand,og,tilt,,"{""roll_deg"":-2.4,""pitch_deg"":-24.0,""steady"":true}"
10.094,right_hand,og,flick_angles,,"{""side_deg"":-8.2,""fwd_deg"":-17.1}"
10.094,right_hand,og,acc,2443463,"{""seq"":488,""x_mg"":-256,""y_mg"":-172,""z_mg"":940}"
10.094,right_hand,og,tilt,,"{""roll_deg"":-2.4,""pitch_deg"":-24.0,""steady"":true}"
10.094,right_hand,og,flick_angles,,"{""side_deg"":-8.0,""fwd_deg"":-16.6}"
10.125,right_hand,og,acc,2443484,"{""seq"":489,""x_mg"":-228,""y_mg"":-172,""z_mg"":940}"
10.125,right_hand,og,tilt,,"{""roll_deg"":-2.4,""pitch_deg"":-24.0,""steady"":true}"
10.125,right_hand,og,flick_angles,,"{""side_deg"":-9.0,""fwd_deg"":-15.8}"
10.156,right_hand,og,acc,2443504,"{""seq"":490,""x_mg"":-200,""y_mg"":-168,""z_mg"":924}"
10.156,right_hand,og,tremor,,"{""rms_mg"":42.6,""peak_hz"":4.9}"
10.156,right_hand,og,tilt,,"{""roll_deg"":-2.4,""pitch_deg"":-23.7,""steady"":true}"
10.156,right_hand,og,flick_angles,,"{""side_deg"":-9.5,""fwd_deg"":-14.6}"
10.156,right_hand,og,acc,2443525,"{""seq"":491,""x_mg"":-204,""y_mg"":-148,""z_mg"":920}"
10.156,right_hand,og,tilt,,"{""roll_deg"":-2.6,""pitch_deg"":-23.3,""steady"":true}"
10.156,right_hand,og,flick_angles,,"{""side_deg"":-9.8,""fwd_deg"":-13.5}"
10.187,right_hand,og,acc,2443545,"{""seq"":492,""x_mg"":-192,""y_mg"":-156,""z_mg"":904}"
10.187,right_hand,og,tilt,,"{""roll_deg"":-2.7,""pitch_deg"":-22.8,""steady"":true}"
10.187,right_hand,og,flick_angles,,"{""side_deg"":-9.7,""fwd_deg"":-12.7}"
10.187,right_hand,og,acc,2443566,"{""seq"":493,""x_mg"":-184,""y_mg"":-124,""z_mg"":932}"
10.187,right_hand,og,tilt,,"{""roll_deg"":-2.7,""pitch_deg"":-22.2,""steady"":true}"
10.187,right_hand,og,flick_angles,,"{""side_deg"":-9.3,""fwd_deg"":-12.3}"
10.219,right_hand,og,acc,2443586,"{""seq"":494,""x_mg"":-172,""y_mg"":-136,""z_mg"":932}"
10.219,right_hand,og,tilt,,"{""roll_deg"":-2.7,""pitch_deg"":-21.4,""steady"":true}"
10.219,right_hand,og,flick_angles,,"{""side_deg"":-8.7,""fwd_deg"":-11.7}"
10.250,right_hand,og,acc,2443607,"{""seq"":495,""x_mg"":-160,""y_mg"":-152,""z_mg"":924}"
10.250,right_hand,og,tilt,,"{""roll_deg"":-2.7,""pitch_deg"":-20.6,""steady"":true}"
10.250,right_hand,og,flick_angles,,"{""side_deg"":-8.5,""fwd_deg"":-11.0}"
10.250,right_hand,og,acc,2443627,"{""seq"":496,""x_mg"":-172,""y_mg"":-144,""z_mg"":952}"
10.250,right_hand,og,tilt,,"{""roll_deg"":-2.7,""pitch_deg"":-19.8,""steady"":true}"
10.250,right_hand,og,flick_angles,,"{""side_deg"":-8.5,""fwd_deg"":-10.6}"
10.281,right_hand,og,acc,2443648,"{""seq"":497,""x_mg"":-188,""y_mg"":-164,""z_mg"":972}"
10.281,right_hand,og,tilt,,"{""roll_deg"":-2.7,""pitch_deg"":-19.2,""steady"":true}"
10.281,right_hand,og,flick_angles,,"{""side_deg"":-8.8,""fwd_deg"":-10.3}"
10.312,right_hand,og,acc,2443669,"{""seq"":498,""x_mg"":-148,""y_mg"":-168,""z_mg"":968}"
10.312,right_hand,og,tilt,,"{""roll_deg"":-2.8,""pitch_deg"":-18.8,""steady"":true}"
10.312,right_hand,og,flick_angles,,"{""side_deg"":-9.1,""fwd_deg"":-10.2}"
10.312,right_hand,og,acc,2443689,"{""seq"":499,""x_mg"":-152,""y_mg"":-140,""z_mg"":992}"
10.312,right_hand,og,tilt,,"{""roll_deg"":-2.8,""pitch_deg"":-18.1,""steady"":true}"
10.312,right_hand,og,flick_angles,,"{""side_deg"":-9.3,""fwd_deg"":-9.4}"
10.344,right_hand,og,acc,2443710,"{""seq"":500,""x_mg"":-140,""y_mg"":-164,""z_mg"":976}"
10.344,right_hand,og,tilt,,"{""roll_deg"":-2.9,""pitch_deg"":-17.5,""steady"":true}"
10.344,right_hand,og,flick_angles,,"{""side_deg"":-9.4,""fwd_deg"":-9.0}"
10.375,right_hand,og,acc,2443730,"{""seq"":501,""x_mg"":-112,""y_mg"":-184,""z_mg"":972}"
10.375,right_hand,og,tilt,,"{""roll_deg"":-3.0,""pitch_deg"":-17.0,""steady"":true}"
10.375,right_hand,og,flick_angles,,"{""side_deg"":-9.4,""fwd_deg"":-8.5}"
10.375,right_hand,og,acc,2443751,"{""seq"":502,""x_mg"":-68,""y_mg"":-160,""z_mg"":984}"
10.375,right_hand,og,tilt,,"{""roll_deg"":-3.0,""pitch_deg"":-16.1,""steady"":true}"
10.375,right_hand,og,flick_angles,,"{""side_deg"":-9.4,""fwd_deg"":-7.5}"
10.406,right_hand,og,acc,2443771,"{""seq"":503,""x_mg"":-36,""y_mg"":-60,""z_mg"":1016}"
10.406,right_hand,og,tilt,,"{""roll_deg"":-3.0,""pitch_deg"":-14.7,""steady"":true}"
10.406,right_hand,og,flick_angles,,"{""side_deg"":-9.3,""fwd_deg"":-5.7}"
10.422,right_hand,og,acc,2443792,"{""seq"":504,""x_mg"":-32,""y_mg"":-20,""z_mg"":1036}"
10.422,right_hand,og,tilt,,"{""roll_deg"":-3.0,""pitch_deg"":-13.1,""steady"":true}"
10.422,right_hand,og,flick_angles,,"{""side_deg"":-6.3,""fwd_deg"":-3.9}"
10.453,right_hand,og,acc,2443813,"{""seq"":505,""x_mg"":-16,""y_mg"":0,""z_mg"":1036}"
10.453,right_hand,og,tilt,,"{""roll_deg"":-2.1,""pitch_deg"":-11.8,""steady"":true}"
10.453,right_hand,og,flick_angles,,"{""side_deg"":-3.7,""fwd_deg"":-2.8}"
10.453,right_hand,og,acc,2443833,"{""seq"":506,""x_mg"":20,""y_mg"":8,""z_mg"":1040}"
10.453,right_hand,og,tilt,,"{""roll_deg"":-0.5,""pitch_deg"":-10.7,""steady"":true}"
10.453,right_hand,og,flick_angles,,"{""side_deg"":-1.9,""fwd_deg"":-1.9}"
10.500,right_hand,og,acc,2443854,"{""seq"":507,""x_mg"":96,""y_mg"":4,""z_mg"":1052}"
10.500,right_hand,og,tilt,,"{""roll_deg"":1.1,""pitch_deg"":-9.2,""steady"":true}"
10.500,right_hand,og,flick_angles,,"{""side_deg"":-0.8,""fwd_deg"":-0.4}"
10.531,right_hand,og,acc,2443874,"{""seq"":508,""x_mg"":136,""y_mg"":32,""z_mg"":1052}"
10.531,right_hand,og,tilt,,"{""roll_deg"":2.3,""pitch_deg"":-6.7,""steady"":true}"
10.531,right_hand,og,flick_angles,,"{""side_deg"":-0.2,""fwd_deg"":2.4}"
10.531,right_hand,og,acc,2443895,"{""seq"":509,""x_mg"":92,""y_mg"":76,""z_mg"":1032}"
10.531,right_hand,og,tilt,,"{""roll_deg"":3.7,""pitch_deg"":-5.0,""steady"":true}"
10.531,right_hand,og,flick_angles,,"{""side_deg"":0.8,""fwd_deg"":3.8}"
10.562,right_hand,og,acc,2443915,"{""seq"":510,""x_mg"":16,""y_mg"":80,""z_mg"":1016}"
10.562,right_hand,og,tilt,,"{""roll_deg"":5.4,""pitch_deg"":-4.0,""steady"":true}"
10.562,right_hand,og,flick_angles,,"{""side_deg"":2.5,""fwd_deg"":4.4}"
10.562,right_hand,og,acc,2443936,"{""seq"":511,""x_mg"":-4,""y_mg"":72,""z_mg"":1008}"
10.562,right_hand,og,tilt,,"{""roll_deg"":6.7,""pitch_deg"":-4.0,""steady"":true}"
10.562,right_hand,og,flick_angles,,"{""side_deg"":3.3,""fwd_deg"":2.7}"
10.594,right_hand,og,acc,2443957,"{""seq"":512,""x_mg"":-8,""y_mg"":68,""z_mg"":996}"
10.594,right_hand,og,tilt,,"{""roll_deg"":7.5,""pitch_deg"":-4.7,""steady"":true}"
10.594,right_hand,og,flick_angles,,"{""side_deg"":3.7,""fwd_deg"":1.2}"
10.609,right_hand,og,acc,2443977,"{""seq"":513,""x_mg"":-60,""y_mg"":28,""z_mg"":968}"
10.609,right_hand,og,tilt,,"{""roll_deg"":8.0,""pitch_deg"":-5.2,""steady"":true}"
10.609,right_hand,og,flick_angles,,"{""side_deg"":3.8,""fwd_deg"":0.4}"
10.609,right_hand,og,acc,2443998,"{""seq"":514,""x_mg"":-128,""y_mg"":-80,""z_mg"":976}"
10.609,right_hand,og,tilt,,"{""roll_deg"":8.0,""pitch_deg"":-6.0,""steady"":true}"
10.609,right_hand,og,flick_angles,,"{""side_deg"":2.7,""fwd_deg"":-1.6}"
10.672,right_hand,og,acc,2444018,"{""seq"":515,""x_mg"":-172,""y_mg"":-140,""z_mg"":948}"
10.672,right_hand,og,tilt,,"{""roll_deg"":7.1,""pitch_deg"":-6.5,""steady"":true}"
10.672,right_hand,og,flick_angles,,"{""side_deg"":-1.0,""fwd_deg"":-4.5}"
10.672,right_hand,og,acc,2444039,"{""seq"":516,""x_mg"":-188,""y_mg"":-144,""z_mg"":940}"
10.672,right_hand,og,tilt,,"{""roll_deg"":6.4,""pitch_deg"":-8.2,""steady"":true}"
10.672,right_hand,og,flick_angles,,"{""side_deg"":-4.6,""fwd_deg"":-7.3}"
10.703,right_hand,og,acc,2444059,"{""seq"":517,""x_mg"":-212,""y_mg"":-140,""z_mg"":948}"
10.703,right_hand,og,tilt,,"{""roll_deg"":5.1,""pitch_deg"":-10.5,""steady"":true}"
10.703,right_hand,og,flick_angles,,"{""side_deg"":-6.4,""fwd_deg"":-9.3}"
10.703,right_hand,game,hit,,"{""n"":2,""dir"":""left"",""err_ms"":155}"
10.703,right_hand,og,acc,2444080,"{""seq"":518,""x_mg"":-236,""y_mg"":-180,""z_mg"":944}"
10.703,right_hand,og,tilt,,"{""roll_deg"":3.5,""pitch_deg"":-13.0,""steady"":true}"
10.703,right_hand,og,flick_angles,,"{""side_deg"":-7.5,""fwd_deg"":-10.9}"
10.734,right_hand,og,acc,2444101,"{""seq"":519,""x_mg"":-240,""y_mg"":-204,""z_mg"":948}"
10.734,right_hand,og,tilt,,"{""roll_deg"":1.3,""pitch_deg"":-15.3,""steady"":true}"
10.734,right_hand,og,flick_angles,,"{""side_deg"":-9.0,""fwd_deg"":-12.3}"
10.765,right_hand,og,acc,2444121,"{""seq"":520,""x_mg"":-248,""y_mg"":-240,""z_mg"":964}"
10.765,right_hand,og,tilt,,"{""roll_deg"":-0.8,""pitch_deg"":-17.0,""steady"":true}"
10.765,right_hand,og,flick_angles,,"{""side_deg"":-10.4,""fwd_deg"":-13.1}"
10.765,right_hand,og,acc,2444142,"{""seq"":521,""x_mg"":-272,""y_mg"":-236,""z_mg"":964}"
10.765,right_hand,og,tilt,,"{""roll_deg"":-2.9,""pitch_deg"":-18.1,""steady"":true}"
10.765,right_hand,og,flick_angles,,"{""side_deg"":-11.8,""fwd_deg"":-13.6}"
10.797,right_hand,og,acc,2444162,"{""seq"":522,""x_mg"":-272,""y_mg"":-236,""z_mg"":956}"
10.797,right_hand,og,tilt,,"{""roll_deg"":-4.4,""pitch_deg"":-19.3,""steady"":true}"
10.797,right_hand,og,flick_angles,,"{""side_deg"":-12.6,""fwd_deg"":-14.4}"
10.828,right_hand,og,acc,2444183,"{""seq"":523,""x_mg"":-256,""y_mg"":-248,""z_mg"":952}"
10.828,right_hand,og,tilt,,"{""roll_deg"":-5.4,""pitch_deg"":-20.1,""steady"":true}"
10.828,right_hand,og,flick_angles,,"{""side_deg"":-13.0,""fwd_deg"":-14.9}"
10.828,right_hand,og,acc,2444203,"{""seq"":524,""x_mg"":-244,""y_mg"":-268,""z_mg"":964}"
10.828,right_hand,og,tilt,,"{""roll_deg"":-6.3,""pitch_deg"":-20.4,""steady"":true}"
10.828,right_hand,og,flick_angles,,"{""side_deg"":-13.5,""fwd_deg"":-14.7}"
10.859,right_hand,og,acc,2444224,"{""seq"":525,""x_mg"":-248,""y_mg"":-280,""z_mg"":976}"
10.859,right_hand,og,tilt,,"{""roll_deg"":-7.2,""pitch_deg"":-20.4,""steady"":true}"
10.859,right_hand,og,flick_angles,,"{""side_deg"":-14.3,""fwd_deg"":-14.2}"
10.890,right_hand,og,acc,2444245,"{""seq"":526,""x_mg"":-248,""y_mg"":-260,""z_mg"":988}"
10.890,right_hand,og,tilt,,"{""roll_deg"":-7.8,""pitch_deg"":-20.4,""steady"":true}"
10.890,right_hand,og,flick_angles,,"{""side_deg"":-14.7,""fwd_deg"":-14.0}"
10.890,right_hand,og,acc,2444265,"{""seq"":527,""x_mg"":-268,""y_mg"":-252,""z_mg"":972}"
10.890,right_hand,og,tilt,,"{""roll_deg"":-8.0,""pitch_deg"":-20.4,""steady"":true}"
10.890,right_hand,og,flick_angles,,"{""side_deg"":-14.5,""fwd_deg"":-13.8}"
10.922,right_hand,og,acc,2444286,"{""seq"":528,""x_mg"":-280,""y_mg"":-280,""z_mg"":976}"
10.922,right_hand,og,tilt,,"{""roll_deg"":-8.1,""pitch_deg"":-20.5,""steady"":true}"
10.922,right_hand,og,flick_angles,,"{""side_deg"":-14.4,""fwd_deg"":-14.4}"
10.953,right_hand,og,acc,2444306,"{""seq"":529,""x_mg"":-280,""y_mg"":-324,""z_mg"":960}"
10.953,right_hand,og,tilt,,"{""roll_deg"":-8.4,""pitch_deg"":-20.8,""steady"":true}"
10.953,right_hand,og,flick_angles,,"{""side_deg"":-14.9,""fwd_deg"":-14.9}"
10.953,right_hand,og,acc,2444327,"{""seq"":530,""x_mg"":-264,""y_mg"":-380,""z_mg"":936}"
10.953,right_hand,og,tilt,,"{""roll_deg"":-9.4,""pitch_deg"":-21.0,""steady"":true}"
10.953,right_hand,og,flick_angles,,"{""side_deg"":-16.4,""fwd_deg"":-15.2}"
10.984,right_hand,og,acc,2444347,"{""seq"":531,""x_mg"":-272,""y_mg"":-404,""z_mg"":916}"
10.984,right_hand,og,tilt,,"{""roll_deg"":-11.2,""pitch_deg"":-21.2,""steady"":true}"
10.984,right_hand,og,flick_angles,,"{""side_deg"":-18.9,""fwd_deg"":-15.2}"
11.015,right_hand,og,acc,2444368,"{""seq"":532,""x_mg"":-296,""y_mg"":-376,""z_mg"":912}"
11.015,right_hand,og,tilt,,"{""roll_deg"":-12.5,""pitch_deg"":-21.3,""steady"":true}"
11.015,right_hand,og,flick_angles,,"{""side_deg"":-20.2,""fwd_deg"":-15.2}"
11.015,right_hand,og,acc,2444389,"{""seq"":533,""x_mg"":-276,""y_mg"":-372,""z_mg"":904}"
11.015,right_hand,og,tilt,,"{""roll_deg"":-13.5,""pitch_deg"":-21.4,""steady"":true}"
11.015,right_hand,og,flick_angles,,"{""side_deg"":-20.8,""fwd_deg"":-15.5}"
11.047,right_hand,og,acc,2444409,"{""seq"":534,""x_mg"":-264,""y_mg"":-388,""z_mg"":888}"
11.047,right_hand,og,tilt,,"{""roll_deg"":-14.1,""pitch_deg"":-21.6,""steady"":true}"
11.047,right_hand,og,flick_angles,,"{""side_deg"":-21.1,""fwd_deg"":-15.6}"
11.047,right_hand,og,acc,2444430,"{""seq"":535,""x_mg"":-252,""y_mg"":-376,""z_mg"":916}"
11.047,right_hand,og,tilt,,"{""roll_deg"":-14.5,""pitch_deg"":-21.6,""steady"":true}"
11.047,right_hand,og,flick_angles,,"{""side_deg"":-21.4,""fwd_deg"":-15.4}"
11.078,right_hand,og,acc,2444450,"{""seq"":536,""x_mg"":-236,""y_mg"":-328,""z_mg"":912}"
11.078,right_hand,og,tilt,,"{""roll_deg"":-14.8,""pitch_deg"":-21.6,""steady"":true}"
11.078,right_hand,og,flick_angles,,"{""side_deg"":-21.5,""fwd_deg"":-14.9}"
11.109,right_hand,og,acc,2444471,"{""seq"":537,""x_mg"":-236,""y_mg"":-280,""z_mg"":936}"
11.109,right_hand,og,tilt,,"{""roll_deg"":-14.8,""pitch_deg"":-21.6,""steady"":true}"
11.109,right_hand,og,flick_angles,,"{""side_deg"":-20.3,""fwd_deg"":-14.3}"
11.109,right_hand,og,acc,2444491,"{""seq"":538,""x_mg"":-212,""y_mg"":-236,""z_mg"":920}"
11.109,right_hand,og,tilt,,"{""roll_deg"":-14.4,""pitch_deg"":-21.6,""steady"":true}"
11.109,right_hand,og,flick_angles,,"{""side_deg"":-18.3,""fwd_deg"":-13.9}"
11.140,right_hand,og,acc,2444512,"{""seq"":539,""x_mg"":-196,""y_mg"":-220,""z_mg"":928}"
11.140,right_hand,og,tilt,,"{""roll_deg"":-13.7,""pitch_deg"":-21.6,""steady"":true}"
11.140,right_hand,og,flick_angles,,"{""side_deg"":-16.1,""fwd_deg"":-13.3}"
11.172,right_hand,og,acc,2444532,"{""seq"":540,""x_mg"":-176,""y_mg"":-160,""z_mg"":964}"
11.172,right_hand,og,tilt,,"{""roll_deg"":-13.3,""pitch_deg"":-21.5,""steady"":true}"
11.172,right_hand,og,flick_angles,,"{""side_deg"":-14.6,""fwd_deg"":-12.4}"
11.172,right_hand,og,acc,2444553,"{""seq"":541,""x_mg"":-136,""y_mg"":-92,""z_mg"":1008}"
11.172,right_hand,og,tilt,,"{""roll_deg"":-11.7,""pitch_deg"":-21.0,""steady"":true}"
11.172,right_hand,og,flick_angles,,"{""side_deg"":-11.9,""fwd_deg"":-11.3}"
11.203,right_hand,og,acc,2444574,"{""seq"":542,""x_mg"":-124,""y_mg"":-8,""z_mg"":1012}"
11.203,right_hand,og,tilt,,"{""roll_deg"":-8.5,""pitch_deg"":-19.9,""steady"":true}"
11.203,right_hand,og,flick_angles,,"{""side_deg"":-8.6,""fwd_deg"":-9.5}"
11.234,right_hand,og,acc,2444594,"{""seq"":543,""x_mg"":-88,""y_mg"":88,""z_mg"":1016}"
11.234,right_hand,og,tilt,,"{""roll_deg"":-4.1,""pitch_deg"":-18.6,""steady"":true}"
11.234,right_hand,og,flick_angles,,"{""side_deg"":-4.5,""fwd_deg"":-8.2}"
11.234,right_hand,og,acc,2444615,"{""seq"":544,""x_mg"":-68,""y_mg"":124,""z_mg"":1016}"
11.234,right_hand,og,tilt,,"{""roll_deg"":1.7,""pitch_deg"":-16.9,""steady"":true}"
11.234,right_hand,og,flick_angles,,"{""side_deg"":0.2,""fwd_deg"":-6.6}"
11.250,right_hand,og,acc,2444635,"{""seq"":545,""x_mg"":-16,""y_mg"":144,""z_mg"":1044}"
11.250,right_hand,og,tilt,,"{""roll_deg"":6.1,""pitch_deg"":-15.2,""steady"":true}"
11.250,right_hand,og,flick_angles,,"{""side_deg"":3.6,""fwd_deg"":-5.2}"
11.297,right_hand,og,acc,2444656,"{""seq"":546,""x_mg"":16,""y_mg"":172,""z_mg"":1044}"
11.297,right_hand,og,tilt,,"{""roll_deg"":9.1,""pitch_deg"":-12.9,""steady"":true}"
11.297,right_hand,og,flick_angles,,"{""side_deg"":5.7,""fwd_deg"":-3.0}"
11.328,right_hand,og,acc,2444676,"{""seq"":547,""x_mg"":4,""y_mg"":148,""z_mg"":1036}"
11.328,right_hand,og,tilt,,"{""roll_deg"":10.9,""pitch_deg"":-11.0,""steady"":true}"
11.328,right_hand,og,flick_angles,,"{""side_deg"":6.9,""fwd_deg"":-1.4}"
11.328,right_hand,og,acc,2444697,"{""seq"":548,""x_mg"":-20,""y_mg"":72,""z_mg"":1016}"
11.328,right_hand,og,tilt,,"{""roll_deg"":11.9,""pitch_deg"":-9.6,""steady"":true}"
11.328,right_hand,og,flick_angles,,"{""side_deg"":7.5,""fwd_deg"":-0.6}"
11.359,right_hand,og,acc,2444718,"{""seq"":549,""x_mg"":-20,""y_mg"":28,""z_mg"":1016}"
11.359,right_hand,og,tilt,,"{""roll_deg"":11.7,""pitch_deg"":-9.2,""steady"":true}"
11.359,right_hand,og,flick_angles,,"{""side_deg"":5.8,""fwd_deg"":-0.9}"
11.390,right_hand,og,acc,2444738,"{""seq"":550,""x_mg"":-40,""y_mg"":-12,""z_mg"":1000}"
11.390,right_hand,og,tilt,,"{""roll_deg"":10.4,""pitch_deg"":-8.9,""steady"":true}"
11.390,right_hand,og,flick_angles,,"{""side_deg"":3.7,""fwd_deg"":-1.0}"
11.390,right_hand,og,acc,2444759,"{""seq"":551,""x_mg"":-60,""y_mg"":-32,""z_mg"":1020}"
11.390,right_hand,og,tilt,,"{""roll_deg"":9.0,""pitch_deg"":-8.9,""steady"":true}"
11.390,right_hand,og,flick_angles,,"{""side_deg"":1.5,""fwd_deg"":-1.6}"
11.422,right_hand,og,acc,2444779,"{""seq"":552,""x_mg"":-80,""y_mg"":-60,""z_mg"":1012}"
11.422,right_hand,og,tilt,,"{""roll_deg"":8.1,""pitch_deg"":-8.9,""steady"":true}"
11.422,right_hand,og,flick_angles,,"{""side_deg"":-0.1,""fwd_deg"":-2.5}"
11.453,right_hand,og,acc,2444800,"{""seq"":553,""x_mg"":-104,""y_mg"":-88,""z_mg"":1020}"
11.453,right_hand,og,tilt,,"{""roll_deg"":7.3,""pitch_deg"":-9.1,""steady"":true}"
11.453,right_hand,og,flick_angles,,"{""side_deg"":-1.8,""fwd_deg"":-3.5}"
11.453,right_hand,og,acc,2444820,"{""seq"":554,""x_mg"":-100,""y_mg"":-128,""z_mg"":1032}"
11.453,right_hand,og,tilt,,"{""roll_deg"":6.9,""pitch_deg"":-9.6,""steady"":true}"
11.453,right_hand,og,flick_angles,,"{""side_deg"":-3.3,""fwd_deg"":-4.5}"
11.484,right_hand,og,acc,2444841,"{""seq"":555,""x_mg"":-116,""y_mg"":-144,""z_mg"":1016}"
11.484,right_hand,og,tilt,,"{""roll_deg"":5.6,""pitch_deg"":-10.0,""steady"":true}"
11.484,right_hand,og,flick_angles,,"{""side_deg"":-5.2,""fwd_deg"":-5.2}"
11.484,right_hand,og,acc,2444861,"{""seq"":556,""x_mg"":-136,""y_mg"":-120,""z_mg"":1036}"
11.484,right_hand,og,tilt,,"{""roll_deg"":4.2,""pitch_deg"":-10.2,""steady"":true}"
11.484,right_hand,og,flick_angles,,"{""side_deg"":-6.1,""fwd_deg"":-5.8}"
11.515,right_hand,og,acc,2444882,"{""seq"":557,""x_mg"":-168,""y_mg"":-124,""z_mg"":1024}"
11.515,right_hand,og,tilt,,"{""roll_deg"":3.0,""pitch_deg"":-10.5,""steady"":true}"
11.515,right_hand,og,flick_angles,,"{""side_deg"":-6.5,""fwd_deg"":-6.6}"
11.547,right_hand,og,acc,2444903,"{""seq"":558,""x_mg"":-156,""y_mg"":-136,""z_mg"":1016}"
11.547,right_hand,og,tilt,,"{""roll_deg"":2.0,""pitch_deg"":-11.1,""steady"":true}"
11.547,right_hand,og,flick_angles,,"{""side_deg"":-6.6,""fwd_deg"":-7.6}"
11.547,right_hand,og,acc,2444923,"{""seq"":559,""x_mg"":-140,""y_mg"":-152,""z_mg"":1024}"
11.547,right_hand,og,tilt,,"{""roll_deg"":1.0,""pitch_deg"":-11.7,""steady"":true}"
11.547,right_hand,og,flick_angles,,"{""side_deg"":-7.1,""fwd_deg"":-8.1}"
11.578,right_hand,og,acc,2444944,"{""seq"":560,""x_mg"":-164,""y_mg"":-144,""z_mg"":992}"
11.578,right_hand,og,tilt,,"{""roll_deg"":0.1,""pitch_deg"":-12.4,""steady"":true}"
11.578,right_hand,og,flick_angles,,"{""side_deg"":-7.6,""fwd_deg"":-8.4}"
11.609,right_hand,og,acc,2444964,"{""seq"":561,""x_mg"":-168,""y_mg"":-120,""z_mg"":992}"
11.609,right_hand,og,tilt,,"{""roll_deg"":-0.5,""pitch_deg"":-13.0,""steady"":true}"
11.609,right_hand,og,flick_angles,,"{""side_deg"":-7.9,""fwd_deg"":-8.8}"
11.609,right_hand,og,acc,2444985,"{""seq"":562,""x_mg"":-164,""y_mg"":-96,""z_mg"":996}"
11.609,right_hand,og,tilt,,"{""roll_deg"":-0.6,""pitch_deg"":-13.6,""steady"":true}"
11.609,right_hand,og,flick_angles,,"{""side_deg"":-7.3,""fwd_deg"":-9.1}"
11.640,right_hand,og,acc,2445005,"{""seq"":563,""x_mg"":-176,""y_mg"":-88,""z_mg"":992}"
11.640,right_hand,og,tilt,,"{""roll_deg"":-0.6,""pitch_deg"":-14.1,""steady"":true}"
11.640,right_hand,og,flick_angles,,"{""side_deg"":-6.4,""fwd_deg"":-9.3}"
11.672,right_hand,og,acc,2445026,"{""seq"":564,""x_mg"":-168,""y_mg"":-84,""z_mg"":996}"
11.672,right_hand,og,tilt,,"{""roll_deg"":-0.6,""pitch_deg"":-14.5,""steady"":true}"
11.672,right_hand,og,flick_angles,,"{""side_deg"":-5.7,""fwd_deg"":-9.4}"
11.672,right_hand,og,acc,2445047,"{""seq"":565,""x_mg"":-184,""y_mg"":-96,""z_mg"":984}"
11.672,right_hand,og,tilt,,"{""roll_deg"":-0.6,""pitch_deg"":-15.0,""steady"":true}"
11.672,right_hand,og,flick_angles,,"{""side_deg"":-5.3,""fwd_deg"":-9.7}"
11.703,right_hand,og,acc,2445067,"{""seq"":566,""x_mg"":-184,""y_mg"":-88,""z_mg"":992}"
11.703,right_hand,og,tilt,,"{""roll_deg"":-0.5,""pitch_deg"":-15.4,""steady"":true}"
11.703,right_hand,og,flick_angles,,"{""side_deg"":-5.2,""fwd_deg"":-10.1}"
11.734,right_hand,og,acc,2445088,"{""seq"":567,""x_mg"":-184,""y_mg"":-68,""z_mg"":992}"
11.734,right_hand,og,tilt,,"{""roll_deg"":-0.4,""pitch_deg"":-15.7,""steady"":true}"
11.734,right_hand,og,flick_angles,,"{""side_deg"":-5.1,""fwd_deg"":-10.3}"
11.734,right_hand,og,acc,2445108,"{""seq"":568,""x_mg"":-196,""y_mg"":-96,""z_mg"":976}"
11.734,right_hand,og,tilt,,"{""roll_deg"":-0.4,""pitch_deg"":-16.0,""steady"":true}"
11.734,right_hand,og,flick_angles,,"{""side_deg"":-5.0,""fwd_deg"":-10.4}"
11.765,right_hand,og,acc,2445129,"{""seq"":569,""x_mg"":-188,""y_mg"":-120,""z_mg"":968}"
11.765,right_hand,og,tilt,,"{""roll_deg"":-0.4,""pitch_deg"":-16.3,""steady"":true}"
11.765,right_hand,og,flick_angles,,"{""side_deg"":-5.3,""fwd_deg"":-10.6}"
11.765,right_hand,og,acc,2445149,"{""seq"":570,""x_mg"":-192,""y_mg"":-140,""z_mg"":968}"
11.765,right_hand,og,tilt,,"{""roll_deg"":-0.4,""pitch_deg"":-16.5,""steady"":true}"
11.765,right_hand,og,flick_angles,,"{""side_deg"":-6.1,""fwd_deg"":-10.9}"
11.797,right_hand,og,acc,2445170,"{""seq"":571,""x_mg"":-184,""y_mg"":-164,""z_mg"":960}"
11.797,right_hand,og,tilt,,"{""roll_deg"":-0.4,""pitch_deg"":-16.7,""steady"":true}"
11.797,right_hand,og,flick_angles,,"{""side_deg"":-7.1,""fwd_deg"":-10.9}"
11.828,right_hand,og,acc,2445191,"{""seq"":572,""x_mg"":-188,""y_mg"":-160,""z_mg"":960}"
11.828,right_hand,og,tilt,,"{""roll_deg"":-0.6,""pitch_deg"":-16.8,""steady"":true}"
11.828,right_hand,og,flick_angles,,"{""side_deg"":-8.2,""fwd_deg"":-10.9}"
11.828,right_hand,og,acc,2445211,"{""seq"":573,""x_mg"":-160,""y_mg"":-144,""z_mg"":960}"
11.828,right_hand,og,tilt,,"{""roll_deg"":-1.1,""pitch_deg"":-16.9,""steady"":true}"
11.828,right_hand,og,flick_angles,,"{""side_deg"":-8.7,""fwd_deg"":-10.8}"
11.859,right_hand,og,acc,2445232,"{""seq"":574,""x_mg"":-148,""y_mg"":-128,""z_mg"":964}"
11.859,right_hand,og,tilt,,"{""roll_deg"":-1.4,""pitch_deg"":-16.9,""steady"":true}"
11.859,right_hand,og,flick_angles,,"{""side_deg"":-8.6,""fwd_deg"":-10.1}"
11.906,right_hand,og,acc,2445252,"{""seq"":575,""x_mg"":-116,""y_mg"":-128,""z_mg"":980}"
11.906,right_hand,og,tilt,,"{""roll_deg"":-1.4,""pitch_deg"":-16.9,""steady"":true}"
11.906,right_hand,og,flick_angles,,"{""side_deg"":-8.0,""fwd_deg"":-9.4}"
11.906,right_hand,og,acc,2445273,"{""seq"":576,""x_mg"":-92,""y_mg"":-108,""z_mg"":1004}"
11.906,right_hand,og,tilt,,"{""roll_deg"":-1.4,""pitch_deg"":-16.9,""steady"":true}"
11.906,right_hand,og,flick_angles,,"{""side_deg"":-7.7,""fwd_deg"":-8.0}"
11.937,right_hand,og,acc,2445293,"{""seq"":577,""x_mg"":-100,""y_mg"":-76,""z_mg"":1008}"
11.937,right_hand,og,tilt,,"{""roll_deg"":-1.4,""pitch_deg"":-16.6,""steady"":true}"
11.937,right_hand,og,flick_angles,,"{""side_deg"":-6.9,""fwd_deg"":-6.8}"
11.969,right_hand,og,acc,2445314,"{""seq"":578,""x_mg"":-92,""y_mg"":-64,""z_mg"":1032}"
11.969,right_hand,og,tilt,,"{""roll_deg"":-1.4,""pitch_deg"":-16.1,""steady"":true}"
11.969,right_hand,og,flick_angles,,"{""side_deg"":-5.6,""fwd_deg"":-6.0}"
11.969,right_hand,og,acc,2445335,"{""seq"":579,""x_mg"":-16,""y_mg"":-28,""z_mg"":1064}"
11.969,right_hand,og,tilt,,"{""roll_deg"":-1.4,""pitch_deg"":-15.4,""steady"":true}"
11.969,right_hand,og,flick_angles,,"{""side_deg"":-4.6,""fwd_deg"":-5.6}"
12.000,right_hand,og,acc,2445355,"{""seq"":580,""x_mg"":68,""y_mg"":-24,""z_mg"":1100}"
12.000,right_hand,og,tilt,,"{""roll_deg"":-0.9,""pitch_deg"":-13.8,""steady"":true}"
12.000,right_hand,og,flick_angles,,"{""side_deg"":-3.0,""fwd_deg"":-3.2}"
12.000,right_hand,og,acc,2445376,"{""seq"":581,""x_mg"":92,""y_mg"":-8,""z_mg"":1108}"
12.000,right_hand,og,tilt,,"{""roll_deg"":-0.0,""pitch_deg"":-10.8,""steady"":true}"
12.000,right_hand,og,flick_angles,,"{""side_deg"":-2.1,""fwd_deg"":0.2}"
12.031,right_hand,og,acc,2445396,"{""seq"":582,""x_mg"":44,""y_mg"":4,""z_mg"":1100}"
12.031,right_hand,og,tilt,,"{""roll_deg"":0.9,""pitch_deg"":-8.6,""steady"":true}"
12.031,right_hand,og,flick_angles,,"{""side_deg"":-1.3,""fwd_deg"":1.9}"
12.062,right_hand,og,acc,2445417,"{""seq"":583,""x_mg"":0,""y_mg"":28,""z_mg"":1100}"
12.062,right_hand,og,tilt,,"{""roll_deg"":2.0,""pitch_deg"":-7.4,""steady"":true}"
12.062,right_hand,og,flick_angles,,"{""side_deg"":-0.5,""fwd_deg"":2.1}"
12.062,right_hand,og,acc,2445437,"{""seq"":584,""x_mg"":-12,""y_mg"":36,""z_mg"":1104}"
12.062,right_hand,og,tilt,,"{""roll_deg"":3.1,""pitch_deg"":-7.3,""steady"":true}"
12.062,right_hand,og,flick_angles,,"{""side_deg"":0.5,""fwd_deg"":1.0}"
12.094,right_hand,og,acc,2445458,"{""seq"":585,""x_mg"":-16,""y_mg"":20,""z_mg"":1076}"
12.094,right_hand,og,tilt,,"{""roll_deg"":4.1,""pitch_deg"":-7.3,""steady"":true}"
12.094,right_hand,og,flick_angles,,"{""side_deg"":1.0,""fwd_deg"":0.2}"
12.125,right_hand,og,acc,2445479,"{""seq"":586,""x_mg"":-8,""y_mg"":24,""z_mg"":1096}"
12.125,right_hand,og,tilt,,"{""roll_deg"":4.7,""pitch_deg"":-7.3,""steady"":true}"
12.125,right_hand,og,flick_angles,,"{""side_deg"":1.1,""fwd_deg"":-0.2}"
12.125,right_hand,og,acc,2445499,"{""seq"":587,""x_mg"":-60,""y_mg"":12,""z_mg"":1072}"
12.125,right_hand,og,tilt,,"{""roll_deg"":5.1,""pitch_deg"":-7.3,""steady"":true}"
12.125,right_hand,og,flick_angles,,"{""side_deg"":1.1,""fwd_deg"":-0.5}"
12.156,right_hand,og,acc,2445520,"{""seq"":588,""x_mg"":-96,""y_mg"":36,""z_mg"":1040}"
12.156,right_hand,og,tremor,,"{""rms_mg"":50.8,""peak_hz"":4.7}"
12.156,right_hand,og,tilt,,"{""roll_deg"":5.4,""pitch_deg"":-7.4,""steady"":true}"
12.156,right_hand,og,flick_angles,,"{""side_deg"":1.2,""fwd_deg"":-1.9}"
12.187,right_hand,og,acc,2445540,"{""seq"":589,""x_mg"":-112,""y_mg"":88,""z_mg"":1016}"
12.187,right_hand,og,tilt,,"{""roll_deg"":5.8,""pitch_deg"":-8.0,""steady"":true}"
12.187,right_hand,og,flick_angles,,"{""side_deg"":1.6,""fwd_deg"":-3.6}"
12.187,right_hand,og,acc,2445561,"{""seq"":590,""x_mg"":-112,""y_mg"":84,""z_mg"":1008}"
12.187,right_hand,og,tilt,,"{""roll_deg"":6.9,""pitch_deg"":-8.3,""steady"":true}"
12.187,right_hand,og,flick_angles,,"{""side_deg"":3.2,""fwd_deg"":-4.9}"
12.219,right_hand,og,acc,2445581,"{""seq"":591,""x_mg"":-168,""y_mg"":24,""z_mg"":944}"
12.219,right_hand,og,tilt,,"{""roll_deg"":7.7,""pitch_deg"":-8.8,""steady"":true}"
12.219,right_hand,og,flick_angles,,"{""side_deg"":3.9,""fwd_deg"":-5.6}"
12.250,right_hand,og,acc,2445602,"{""seq"":592,""x_mg"":-192,""y_mg"":-20,""z_mg"":928}"
12.250,right_hand,og,tilt,,"{""roll_deg"":7.7,""pitch_deg"":-10.2,""steady"":true}"
12.250,right_hand,og,flick_angles,,"{""side_deg"":2.7,""fwd_deg"":-7.9}"
12.250,right_hand,og,acc,2445622,"{""seq"":593,""x_mg"":-204,""y_mg"":-44,""z_mg"":912}"
12.250,right_hand,og,tilt,,"{""roll_deg"":7.6,""pitch_deg"":-12.1,""steady"":true}"
12.250,right_hand,og,flick_angles,,"{""side_deg"":0.7,""fwd_deg"":-9.8}"
12.265,,game,miss,,"{""n"":6,""want"":""left""}"
12.265,right_hand,og,acc,2445643,"{""seq"":594,""x_mg"":-240,""y_mg"":-112,""z_mg"":876}"
12.265,right_hand,og,tilt,,"{""roll_deg"":7.0,""pitch_deg"":-14.0,""steady"":true}"
12.265,right_hand,og,flick_angles,,"{""side_deg"":-1.0,""fwd_deg"":-11.2}"
12.312,right_hand,og,acc,2445664,"{""seq"":595,""x_mg"":-236,""y_mg"":-192,""z_mg"":872}"
12.312,right_hand,og,tilt,,"{""roll_deg"":6.2,""pitch_deg"":-16.3,""steady"":true}"
12.312,right_hand,og,flick_angles,,"{""side_deg"":-4.0,""fwd_deg"":-13.0}"
12.312,right_hand,og,acc,2445684,"{""seq"":596,""x_mg"":-216,""y_mg"":-296,""z_mg"":868}"
12.312,right_hand,og,tilt,,"{""roll_deg"":3.7,""pitch_deg"":-17.9,""steady"":true}"
12.312,right_hand,og,flick_angles,,"{""side_deg"":-8.0,""fwd_deg"":-13.9}"
12.344,right_hand,og,acc,2445705,"{""seq"":597,""x_mg"":-204,""y_mg"":-376,""z_mg"":888}"
12.344,right_hand,og,tilt,,"{""roll_deg"":-1.6,""pitch_deg"":-18.4,""steady"":true}"
12.344,right_hand,og,flick_angles,,"{""side_deg"":-13.2,""fwd_deg"":-13.6}"
12.344,right_hand,og,acc,2445725,"{""seq"":598,""x_mg"":-180,""y_mg"":-392,""z_mg"":892}"
12.344,right_hand,og,tilt,,"{""roll_deg"":-7.3,""pitch_deg"":-18.4,""steady"":true}"
12.344,right_hand,og,flick_angles,,"{""side_deg"":-17.8,""fwd_deg"":-12.8}"
12.375,right_hand,og,acc,2445746,"{""seq"":599,""x_mg"":-156,""y_mg"":-420,""z_mg"":916}"
12.375,right_hand,og,tilt,,"{""roll_deg"":-11.6,""pitch_deg"":-18.4,""steady"":true}"
12.375,right_hand,og,flick_angles,,"{""side_deg"":-20.5,""fwd_deg"":-11.6}"
12.406,right_hand,og,acc,2445766,"{""seq"":600,""x_mg"":-136,""y_mg"":-412,""z_mg"":928}"
12.406,right_hand,og,tilt,,"{""roll_deg"":-14.2,""pitch_deg"":-18.2,""steady"":true}"
12.406,right_hand,og,flick_angles,,"{""side_deg"":-22.1,""fwd_deg"":-10.2}"
12.406,right_hand,og,acc,2445787,"{""seq"":601,""x_mg"":-100,""y_mg"":-356,""z_mg"":948}"
12.406,right_hand,og,tilt,,"{""roll_deg"":-15.7,""pitch_deg"":-17.6,""steady"":true}"
12.406,right_hand,og,flick_angles,,"{""side_deg"":-22.9,""fwd_deg"":-8.9}"
12.437,right_hand,og,acc,2445808,"{""seq"":602,""x_mg"":-104,""y_mg"":-352,""z_mg"":940}"
12.437,right_hand,og,tilt,,"{""roll_deg"":-15.7,""pitch_deg"":-17.1,""steady"":true}"
12.437,right_hand,og,flick_angles,,"{""side_deg"":-21.7,""fwd_deg"":-7.4}"
12.469,right_hand,og,acc,2445828,"{""seq"":603,""x_mg"":-96,""y_mg"":-308,""z_mg"":956}"
12.469,right_hand,og,tilt,,"{""roll_deg"":-15.7,""pitch_deg"":-16.8,""steady"":true}"
12.469,right_hand,og,flick_angles,,"{""side_deg"":-21.1,""fwd_deg"":-6.5}"
12.469,right_hand,og,acc,2445849,"{""seq"":604,""x_mg"":-80,""y_mg"":-292,""z_mg"":960}"
12.469,right_hand,og,tilt,,"{""roll_deg"":-14.8,""pitch_deg"":-16.3,""steady"":true}"
12.469,right_hand,og,flick_angles,,"{""side_deg"":-19.4,""fwd_deg"":-6.0}"
12.500,right_hand,og,acc,2445869,"{""seq"":605,""x_mg"":-88,""y_mg"":-288,""z_mg"":940}"
12.500,right_hand,og,tilt,,"{""roll_deg"":-14.0,""pitch_deg"":-15.7,""steady"":true}"
12.500,right_hand,og,flick_angles,,"{""side_deg"":-18.2,""fwd_deg"":-5.6}"
12.531,right_hand,og,acc,2445890,"{""seq"":606,""x_mg"":-88,""y_mg"":-284,""z_mg"":948}"
12.531,right_hand,og,tilt,,"{""roll_deg"":-13.5,""pitch_deg"":-15.1,""steady"":true}"
12.531,right_hand,og,flick_angles,,"{""side_deg"":-17.5,""fwd_deg"":-5.3}"
12.531,right_hand,og,acc,2445910,"{""seq"":607,""x_mg"":-80,""y_mg"":-276,""z_mg"":944}"
12.531,right_hand,og,tilt,,"{""roll_deg"":-13.1,""pitch_deg"":-14.6,""steady"":true}"
12.531,right_hand,og,flick_angles,,"{""side_deg"":-17.1,""fwd_deg"":-5.2}"
12.562,right_hand,og,acc,2445931,"{""seq"":608,""x_mg"":-52,""y_mg"":-240,""z_mg"":944}"
12.562,right_hand,og,tilt,,"{""roll_deg"":-12.8,""pitch_deg"":-14.0,""steady"":true}"
12.562,right_hand,og,flick_angles,,"{""side_deg"":-16.7,""fwd_deg"":-4.9}"
12.594,right_hand,og,acc,2445952,"{""seq"":609,""x_mg"":-24,""y_mg"":-244,""z_mg"":948}"
12.594,right_hand,og,tilt,,"{""roll_deg"":-12.4,""pitch_deg"":-13.1,""steady"":true}"
12.594,right_hand,og,flick_angles,,"{""side_deg"":-15.5,""fwd_deg"":-4.0}"
12.625,right_hand,og,acc,2445972,"{""seq"":610,""x_mg"":8,""y_mg"":-236,""z_mg"":972}"
12.625,right_hand,og,tilt,,"{""roll_deg"":-12.2,""pitch_deg"":-12.0,""steady"":true}"
12.625,right_hand,og,flick_angles,,"{""side_deg"":-14.9,""fwd_deg"":-2.7}"
12.625,right_hand,og,acc,2445993,"{""seq"":611,""x_mg"":52,""y_mg"":-180,""z_mg"":976}"
12.625,right_hand,og,tilt,,"{""roll_deg"":-11.8,""pitch_deg"":-10.6,""steady"":true}"
12.625,right_hand,og,flick_angles,,"{""side_deg"":-14.3,""fwd_deg"":-1.1}"
12.656,right_hand,og,acc,2446013,"{""seq"":612,""x_mg"":48,""y_mg"":-116,""z_mg"":988}"
12.656,right_hand,og,tilt,,"{""roll_deg"":-10.7,""pitch_deg"":-8.8,""steady"":true}"
12.656,right_hand,og,flick_angles,,"{""side_deg"":-12.4,""fwd_deg"":0.8}"
12.687,right_hand,og,acc,2446034,"{""seq"":613,""x_mg"":56,""y_mg"":-64,""z_mg"":988}"
12.687,right_hand,og,tilt,,"{""roll_deg"":-8.5,""pitch_deg"":-7.3,""steady"":true}"
12.687,right_hand,og,flick_angles,,"{""side_deg"":-9.5,""fwd_deg"":1.9}"
12.687,right_hand,og,acc,2446054,"{""seq"":614,""x_mg"":52,""y_mg"":-48,""z_mg"":988}"
12.687,right_hand,og,tilt,,"{""roll_deg"":-5.5,""pitch_deg"":-6.4,""steady"":true}"
12.687,right_hand,og,flick_angles,,"{""side_deg"":-6.6,""fwd_deg"":2.5}"
12.719,right_hand,og,acc,2446075,"{""seq"":615,""x_mg"":40,""y_mg"":-28,""z_mg"":996}"
12.719,right_hand,og,tilt,,"{""roll_deg"":-2.8,""pitch_deg"":-5.7,""steady"":true}"
12.719,right_hand,og,flick_angles,,"{""side_deg"":-4.7,""fwd_deg"":2.7}"
12.719,right_hand,og,acc,2446096,"{""seq"":616,""x_mg"":44,""y_mg"":-16,""z_mg"":1016}"
12.719,right_hand,og,tilt,,"{""roll_deg"":-0.6,""pitch_deg"":-5.4,""steady"":true}"
12.719,right_hand,og,flick_angles,,"{""side_deg"":-3.2,""fwd_deg"":2.6}"
12.750,right_hand,og,acc,2446116,"{""seq"":617,""x_mg"":52,""y_mg"":4,""z_mg"":1032}"
12.750,right_hand,og,tilt,,"{""roll_deg"":1.1,""pitch_deg"":-5.2,""steady"":true}"
12.750,right_hand,og,flick_angles,,"{""side_deg"":-2.0,""fwd_deg"":2.5}"
12.781,right_hand,og,acc,2446137,"{""seq"":618,""x_mg"":32,""y_mg"":16,""z_mg"":1040}"
12.781,right_hand,og,tilt,,"{""roll_deg"":2.7,""pitch_deg"":-5.1,""steady"":true}"
12.781,right_hand,og,flick_angles,,"{""side_deg"":-0.9,""fwd_deg"":2.5}"
12.781,right_hand,og,acc,2446157,"{""seq"":619,""x_mg"":32,""y_mg"":8,""z_mg"":1028}"
12.781,right_hand,og,tilt,,"{""roll_deg"":3.7,""pitch_deg"":-5.1,""steady"":true}"
12.781,right_hand,og,flick_angles,,"{""side_deg"":-0.2,""fwd_deg"":2.1}"
12.812,right_hand,og,acc,2446178,"{""seq"":620,""x_mg"":44,""y_mg"":4,""z_mg"":1044}"
12.812,right_hand,og,tilt,,"{""roll_deg"":4.4,""pitch_deg"":-5.1,""steady"":true}"
12.812,right_hand,og,flick_angles,,"{""side_deg"":0.1,""fwd_deg"":2.0}"
12.844,right_hand,og,acc,2446198,"{""seq"":621,""x_mg"":48,""y_mg"":-16,""z_mg"":1040}"
12.844,right_hand,og,tilt,,"{""roll_deg"":4.7,""pitch_deg"":-5.1,""steady"":true}"
12.844,right_hand,og,flick_angles,,"{""side_deg"":0.2,""fwd_deg"":2.2}"
12.844,right_hand,og,acc,2446219,"{""seq"":622,""x_mg"":48,""y_mg"":-24,""z_mg"":1048}"
12.844,right_hand,og,tilt,,"{""roll_deg"":4.7,""pitch_deg"":-5.0,""steady"":true}"
12.844,right_hand,og,flick_angles,,"{""side_deg"":-0.4,""fwd_deg"":2.4}"
12.875,right_hand,og,acc,2446239,"{""seq"":623,""x_mg"":16,""y_mg"":-32,""z_mg"":1052}"
12.875,right_hand,og,tilt,,"{""roll_deg"":4.7,""pitch_deg"":-4.9,""steady"":true}"
12.875,right_hand,og,flick_angles,,"{""side_deg"":-0.8,""fwd_deg"":2.5}"
12.890,right_hand,og,acc,2446260,"{""seq"":624,""x_mg"":12,""y_mg"":-68,""z_mg"":1040}"
12.890,right_hand,og,tilt,,"{""roll_deg"":4.7,""pitch_deg"":-4.9,""steady"":true}"
12.890,right_hand,og,flick_angles,,"{""side_deg"":-1.3,""fwd_deg"":1.7}"
12.922,right_hand,og,acc,2446281,"{""seq"":625,""x_mg"":12,""y_mg"":-108,""z_mg"":1044}"
12.922,right_hand,og,tilt,,"{""roll_deg"":4.4,""pitch_deg"":-4.9,""steady"":true}"
12.922,right_hand,og,flick_angles,,"{""side_deg"":-2.5,""fwd_deg"":1.2}"
12.922,right_hand,og,acc,2446301,"{""seq"":626,""x_mg"":0,""y_mg"":-136,""z_mg"":1020}"
12.922,right_hand,og,tilt,,"{""roll_deg"":3.7,""pitch_deg"":-4.9,""steady"":true}"
12.922,right_hand,og,flick_angles,,"{""side_deg"":-4.2,""fwd_deg"":0.9}"
12.953,right_hand,og,acc,2446322,"{""seq"":627,""x_mg"":-16,""y_mg"":-136,""z_mg"":1004}"
12.953,right_hand,og,tilt,,"{""roll_deg"":3.3,""pitch_deg"":-4.9,""steady"":true}"
12.953,right_hand,og,flick_angles,,"{""side_deg"":-5.9,""fwd_deg"":0.5}"
12.984,right_hand,og,acc,2446342,"{""seq"":628,""x_mg"":-24,""y_mg"":-144,""z_mg"":988}"
12.984,right_hand,og,tilt,,"{""roll_deg"":2.8,""pitch_deg"":-5.0,""steady"":true}"
12.984,right_hand,og,flick_angles,,"{""side_deg"":-6.8,""fwd_deg"":-0.2}"
12.984,right_hand,og,acc,2446363,"{""seq"":629,""x_mg"":-20,""y_mg"":-160,""z_mg"":984}"
12.984,right_hand,og,tilt,,"{""roll_deg"":2.0,""pitch_deg"":-5.3,""steady"":true}"
12.984,right_hand,og,flick_angles,,"{""side_deg"":-7.5,""fwd_deg"":-0.7}"
13.015,right_hand,og,acc,2446383,"{""seq"":630,""x_mg"":-56,""y_mg"":-164,""z_mg"":964}"
13.015,right_hand,og,tilt,,"{""roll_deg"":1.0,""pitch_deg"":-5.6,""steady"":true}"
13.015,right_hand,og,flick_angles,,"{""side_deg"":-8.4,""fwd_deg"":-1.0}"
13.047,right_hand,og,acc,2446404,"{""seq"":631,""x_mg"":-68,""y_mg"":-188,""z_mg"":952}"
13.047,right_hand,og,tilt,,"{""roll_deg"":-0.1,""pitch_deg"":-6.2,""steady"":true}"
13.047,right_hand,og,flick_angles,,"{""side_deg"":-9.0,""fwd_deg"":-2.2}"
13.047,right_hand,og,acc,2446425,"{""seq"":632,""x_mg"":-60,""y_mg"":-228,""z_mg"":960}"
13.047,right_hand,og,tilt,,"{""roll_deg"":-1.4,""pitch_deg"":-6.9,""steady"":true}"
13.047,right_hand,og,flick_angles,,"{""side_deg"":-10.1,""fwd_deg"":-2.8}"
13.078,right_hand,og,acc,2446445,"{""seq"":633,""x_mg"":-80,""y_mg"":-216,""z_mg"":972}"
13.078,right_hand,og,tilt,,"{""roll_deg"":-2.8,""pitch_deg"":-7.6,""steady"":true}"
13.078,right_hand,og,flick_angles,,"{""side_deg"":-11.3,""fwd_deg"":-3.4}"
13.109,right_hand,og,acc,2446466,"{""seq"":634,""x_mg"":-120,""y_mg"":-224,""z_mg"":972}"
13.109,right_hand,og,tilt,,"{""roll_deg"":-4.0,""pitch_deg"":-8.4,""steady"":true}"
13.109,right_hand,og,flick_angles,,"{""side_deg"":-12.1,""fwd_deg"":-4.0}"
13.109,right_hand,og,acc,2446486,"{""seq"":635,""x_mg"":-188,""y_mg"":-240,""z_mg"":972}"
13.109,right_hand,og,tilt,,"{""roll_deg"":-4.8,""pitch_deg"":-9.6,""steady"":true}"
13.109,right_hand,og,flick_angles,,"{""side_deg"":-12.5,""fwd_deg"":-5.4}"
13.156,right_hand,og,acc,2446507,"{""seq"":636,""x_mg"":-248,""y_mg"":-288,""z_mg"":968}"
13.156,right_hand,og,tilt,,"{""roll_deg"":-5.7,""pitch_deg"":-11.8,""steady"":true}"
13.156,right_hand,og,flick_angles,,"{""side_deg"":-13.1,""fwd_deg"":-8.0}"
13.156,right_hand,og,acc,2446527,"{""seq"":637,""x_mg"":-248,""y_mg"":-324,""z_mg"":960}"
13.156,right_hand,og,tilt,,"{""roll_deg"":-7.0,""pitch_deg"":-14.5,""steady"":true}"
13.156,right_hand,og,flick_angles,,"{""side_deg"":-14.6,""fwd_deg"":-10.9}"
13.187,right_hand,og,acc,2446548,"{""seq"":638,""x_mg"":-268,""y_mg"":-352,""z_mg"":972}"
13.187,right_hand,og,tilt,,"{""roll_deg"":-8.6,""pitch_deg"":-16.5,""steady"":true}"
13.187,right_hand,og,flick_angles,,"{""side_deg"":-16.3,""fwd_deg"":-12.3}"
13.219,right_hand,og,acc,2446569,"{""seq"":639,""x_mg"":-312,""y_mg"":-416,""z_mg"":964}"
13.219,right_hand,og,tilt,,"{""roll_deg"":-10.2,""pitch_deg"":-18.0,""steady"":true}"
13.219,right_hand,og,flick_angles,,"{""side_deg"":-17.8,""fwd_deg"":-13.4}"
13.219,right_hand,og,acc,2446589,"{""seq"":640,""x_mg"":-376,""y_mg"":-448,""z_mg"":960}"
13.219,right_hand,og,tilt,,"{""roll_deg"":-12.3,""pitch_deg"":-19.8,""steady"":true}"
13.219,right_hand,og,flick_angles,,"{""side_deg"":-20.1,""fwd_deg"":-15.0}"
13.250,right_hand,og,acc,2446610,"{""seq"":641,""x_mg"":-420,""y_mg"":-440,""z_mg"":948}"
13.250,right_hand,og,tilt,,"{""roll_deg"":-14.0,""pitch_deg"":-22.1,""steady"":true}"
13.250,right_hand,og,flick_angles,,"{""side_deg"":-21.5,""fwd_deg"":-17.3}"
13.281,right_hand,og,acc,2446630,"{""seq"":642,""x_mg"":-428,""y_mg"":-392,""z_mg"":936}"
13.281,right_hand,og,tilt,,"{""roll_deg"":-15.0,""pitch_deg"":-24.4,""steady"":true}"
13.281,right_hand,og,flick_angles,,"{""side_deg"":-22.3,""fwd_deg"":-19.6}"
13.281,right_hand,og,acc,2446651,"{""seq"":643,""x_mg"":-416,""y_mg"":-392,""z_mg"":964}"
13.281,right_hand,og,tilt,,"{""roll_deg"":-15.0,""pitch_deg"":-25.9,""steady"":true}"
13.281,right_hand,og,flick_angles,,"{""side_deg"":-21.6,""fwd_deg"":-20.7}"
13.312,right_hand,og,acc,2446671,"{""seq"":644,""x_mg"":-376,""y_mg"":-348,""z_mg"":976}"
13.312,right_hand,og,tilt,,"{""roll_deg"":-15.0,""pitch_deg"":-26.7,""steady"":true}"
13.312,right_hand,og,flick_angles,,"{""side_deg"":-21.0,""fwd_deg"":-21.3}"
13.344,right_hand,og,acc,2446692,"{""seq"":645,""x_mg"":-324,""y_mg"":-304,""z_mg"":964}"
13.344,right_hand,og,tilt,,"{""roll_deg"":-15.0,""pitch_deg"":-26.7,""steady"":true}"
13.344,right_hand,og,flick_angles,,"{""side_deg"":-19.7,""fwd_deg"":-20.6}"
13.344,right_hand,og,acc,2446713,"{""seq"":646,""x_mg"":-292,""y_mg"":-240,""z_mg"":964}"
13.344,right_hand,og,tilt,,"{""roll_deg"":-14.3,""pitch_deg"":-26.7,""steady"":true}"
13.344,right_hand,og,flick_angles,,"{""side_deg"":-18.2,""fwd_deg"":-19.2}"
13.375,right_hand,og,acc,2446733,"{""seq"":647,""x_mg"":-264,""y_mg"":-168,""z_mg"":976}"
13.375,right_hand,og,tilt,,"{""roll_deg"":-13.5,""pitch_deg"":-25.9,""steady"":true}"
13.375,right_hand,og,flick_angles,,"{""side_deg"":-15.8,""fwd_deg"":-17.8}"
13.406,right_hand,og,acc,2446754,"{""seq"":648,""x_mg"":-248,""y_mg"":-36,""z_mg"":1036}"
13.406,right_hand,og,tilt,,"{""roll_deg"":-12.5,""pitch_deg"":-25.1,""steady"":true}"
13.406,right_hand,og,flick_angles,,"{""side_deg"":-12.6,""fwd_deg"":-16.4}"
13.406,right_hand,og,acc,2446774,"{""seq"":649,""x_mg"":-248,""y_mg"":104,""z_mg"":1068}"
13.406,right_hand,og,tilt,,"{""roll_deg"":-8.6,""pitch_deg"":-24.5,""steady"":true}"
13.406,right_hand,og,flick_angles,,"{""side_deg"":-7.3,""fwd_deg"":-14.9}"
13.437,right_hand,og,acc,2446795,"{""seq"":650,""x_mg"":-236,""y_mg"":252,""z_mg"":1080}"
13.437,right_hand,og,tilt,,"{""roll_deg"":-1.5,""pitch_deg"":-24.1,""steady"":true}"
13.437,right_hand,og,flick_angles,,"{""side_deg"":-0.9,""fwd_deg"":-14.0}"
13.437,right_hand,og,acc,2446815,"{""seq"":651,""x_mg"":-164,""y_mg"":392,""z_mg"":1108}"
13.437,right_hand,og,tilt,,"{""roll_deg"":7.1,""pitch_deg"":-23.6,""steady"":true}"
13.437,right_hand,og,flick_angles,,"{""side_deg"":6.0,""fwd_deg"":-13.0}"
13.469,right_hand,og,acc,2446836,"{""seq"":652,""x_mg"":-72,""y_mg"":444,""z_mg"":1084}"
13.469,right_hand,og,tilt,,"{""roll_deg"":15.7,""pitch_deg"":-22.1,""steady"":true}"
13.469,right_hand,og,flick_angles,,"{""side_deg"":12.6,""fwd_deg"":-10.5}"
13.500,right_hand,og,acc,2446857,"{""seq"":653,""x_mg"":-40,""y_mg"":360,""z_mg"":1044}"
13.500,right_hand,og,tilt,,"{""roll_deg"":20.1,""pitch_deg"":-19.0,""steady"":true}"
13.500,right_hand,og,flick_angles,,"{""side_deg"":16.0,""fwd_deg"":-7.0}"
13.500,right_hand,og,acc,2446877,"{""seq"":654,""x_mg"":8,""y_mg"":400,""z_mg"":1084}"
13.500,right_hand,og,tilt,,"{""roll_deg"":22.7,""pitch_deg"":-15.9,""steady"":true}"
13.500,right_hand,og,flick_angles,,"{""side_deg"":18.1,""fwd_deg"":-4.5}"
13.531,right_hand,og,acc,2446898,"{""seq"":655,""x_mg"":80,""y_mg"":444,""z_mg"":1064}"
13.531,right_hand,og,tilt,,"{""roll_deg"":24.0,""pitch_deg"":-12.6,""steady"":true}"
13.531,right_hand,og,flick_angles,,"{""side_deg"":19.2,""fwd_deg"":-2.1}"
13.562,right_hand,og,acc,2446918,"{""seq"":656,""x_mg"":152,""y_mg"":404,""z_mg"":1056}"
13.562,right_hand,og,tilt,,"{""roll_deg"":24.8,""pitch_deg"":-9.0,""steady"":true}"
13.562,right_hand,og,flick_angles,,"{""side_deg"":20.0,""fwd_deg"":1.0}"
13.562,right_hand,og,acc,2446939,"{""seq"":657,""x_mg"":200,""y_mg"":284,""z_mg"":980}"
13.562,right_hand,og,tilt,,"{""roll_deg"":25.3,""pitch_deg"":-5.1,""steady"":true}"
13.562,right_hand,og,flick_angles,,"{""side_deg"":20.4,""fwd_deg"":4.3}"
13.594,right_hand,og,acc,2446959,"{""seq"":658,""x_mg"":192,""y_mg"":216,""z_mg"":1000}"
13.594,right_hand,og,tilt,,"{""roll_deg"":24.5,""pitch_deg"":-1.5,""steady"":true}"
13.594,right_hand,og,flick_angles,,"{""side_deg"":18.1,""fwd_deg"":7.5}"
13.609,,game,miss,,"{""n"":7,""want"":""right""}"
13.625,right_hand,og,acc,2446980,"{""seq"":659,""x_mg"":144,""y_mg"":180,""z_mg"":1024}"
13.625,right_hand,og,tilt,,"{""roll_deg"":22.4,""pitch_deg"":0.6,""steady"":true}"
13.625,right_hand,og,flick_angles,,"{""side_deg"":15.0,""fwd_deg"":9.0}"
13.625,right_hand,og,acc,2447000,"{""seq"":660,""x_mg"":124,""y_mg"":172,""z_mg"":1008}"
13.625,right_hand,og,tilt,,"{""roll_deg"":20.8,""pitch_deg"":0.7,""steady"":true}"
13.625,right_hand,og,flick_angles,,"{""side_deg"":12.5,""fwd_deg"":8.5}"
13.656,right_hand,og,acc,2447021,"{""seq"":661,""x_mg"":156,""y_mg"":184,""z_mg"":984}"
13.656,right_hand,og,tilt,,"{""roll_deg"":19.9,""pitch_deg"":0.7,""steady"":true}"
13.656,right_hand,og,flick_angles,,"{""side_deg"":11.2,""fwd_deg"":8.2}"
13.656,right_hand,og,acc,2447042,"{""seq"":662,""x_mg"":164,""y_mg"":136,""z_mg"":952}"
13.656,right_hand,og,tilt,,"{""roll_deg"":19.4,""pitch_deg"":1.0,""steady"":true}"
13.656,right_hand,og,flick_angles,,"{""side_deg"":10.4,""fwd_deg"":8.5}"
13.687,right_hand,og,acc,2447062,"{""seq"":663,""x_mg"":184,""y_mg"":64,""z_mg"":960}"
13.687,right_hand,og,tilt,,"{""roll_deg"":19.0,""pitch_deg"":1.5,""steady"":true}"
13.687,right_hand,og,flick_angles,,"{""side_deg"":9.2,""fwd_deg"":9.1}"
13.719,right_hand,og,acc,2447083,"{""seq"":664,""x_mg"":172,""y_mg"":20,""z_mg"":952}"
13.719,right_hand,og,tilt,,"{""roll_deg"":17.4,""pitch_deg"":2.0,""steady"":true}"
13.719,right_hand,og,flick_angles,,"{""side_deg"":6.5,""fwd_deg"":9.7}"
13.719,right_hand,og,acc,2447103,"{""seq"":665,""x_mg"":172,""y_mg"":-52,""z_mg"":944}"
13.719,right_hand,og,tilt,,"{""roll_deg"":14.8,""pitch_deg"":2.3,""steady"":true}"
13.719,right_hand,og,flick_angles,,"{""side_deg"":3.8,""fwd_deg"":10.0}"
13.750,right_hand,og,acc,2447124,"{""seq"":666,""x_mg"":168,""y_mg"":-52,""z_mg"":952}"
13.750,right_hand,og,tilt,,"{""roll_deg"":10.9,""pitch_deg"":2.6,""steady"":true}"
13.750,right_hand,og,flick_angles,,"{""side_deg"":0.4,""fwd_deg"":10.1}"
13.781,right_hand,og,acc,2447144,"{""seq"":667,""x_mg"":152,""y_mg"":-36,""z_mg"":948}"
13.781,right_hand,og,tilt,,"{""roll_deg"":8.1,""pitch_deg"":2.6,""steady"":true}"
13.781,right_hand,og,flick_angles,,"{""side_deg"":-1.4,""fwd_deg"":10.1}"
13.781,right_hand,og,acc,2447165,"{""seq"":668,""x_mg"":140,""y_mg"":-28,""z_mg"":968}"
13.781,right_hand,og,tilt,,"{""roll_deg"":6.6,""pitch_deg"":2.6,""steady"":true}"
13.781,right_hand,og,flick_angles,,"{""side_deg"":-1.7,""fwd_deg"":9.6}"
13.828,right_hand,og,acc,2447186,"{""seq"":669,""x_mg"":108,""y_mg"":-20,""z_mg"":988}"
13.828,right_hand,og,tilt,,"{""roll_deg"":5.8,""pitch_deg"":2.6,""steady"":true}"
13.828,right_hand,og,flick_angles,,"{""side_deg"":-1.7,""fwd_deg"":8.9}"
13.859,right_hand,og,acc,2447206,"{""seq"":670,""x_mg"":96,""y_mg"":-60,""z_mg"":972}"
13.859,right_hand,og,tilt,,"{""roll_deg"":5.3,""pitch_deg"":2.4,""steady"":true}"
13.859,right_hand,og,flick_angles,,"{""side_deg"":-1.7,""fwd_deg"":7.6}"
13.859,right_hand,og,acc,2447227,"{""seq"":671,""x_mg"":96,""y_mg"":-84,""z_mg"":988}"
13.859,right_hand,og,tilt,,"{""roll_deg"":4.4,""pitch_deg"":2.0,""steady"":true}"
13.859,right_hand,og,flick_angles,,"{""side_deg"":-2.6,""fwd_deg"":6.6}"
13.890,right_hand,og,acc,2447247,"{""seq"":672,""x_mg"":84,""y_mg"":-76,""z_mg"":996}"
13.890,right_hand,og,tilt,,"{""roll_deg"":3.5,""pitch_deg"":1.7,""steady"":true}"
13.890,right_hand,og,flick_angles,,"{""side_deg"":-3.5,""fwd_deg"":6.1}"
13.922,right_hand,og,acc,2447268,"{""seq"":673,""x_mg"":64,""y_mg"":-52,""z_mg"":1012}"
13.922,right_hand,og,tilt,,"{""roll_deg"":2.9,""pitch_deg"":1.5,""steady"":true}"
13.922,right_hand,og,flick_angles,,"{""side_deg"":-3.9,""fwd_deg"":5.4}"
13.922,right_hand,og,acc,2447288,"{""seq"":674,""x_mg"":56,""y_mg"":-96,""z_mg"":1004}"
13.922,right_hand,og,tilt,,"{""roll_deg"":2.5,""pitch_deg"":0.9,""steady"":true}"
13.922,right_hand,og,flick_angles,,"{""side_deg"":-4.1,""fwd_deg"":4.5}"
13.937,right_hand,og,acc,2447309,"{""seq"":675,""x_mg"":52,""y_mg"":-128,""z_mg"":1004}"
13.937,right_hand,og,tilt,,"{""roll_deg"":1.9,""pitch_deg"":0.3,""steady"":true}"
13.937,right_hand,og,flick_angles,,"{""side_deg"":-4.8,""fwd_deg"":3.9}"
13.969,right_hand,og,acc,2447330,"{""seq"":676,""x_mg"":40,""y_mg"":-164,""z_mg"":1000}"
13.969,right_hand,og,tilt,,"{""roll_deg"":0.9,""pitch_deg"":-0.4,""steady"":true}"
13.969,right_hand,og,flick_angles,,"{""side_deg"":-6.0,""fwd_deg"":3.4}"
14.000,right_hand,og,acc,2447350,"{""seq"":677,""x_mg"":40,""y_mg"":-220,""z_mg"":996}"
14.000,right_hand,og,tilt,,"{""roll_deg"":-0.3,""pitch_deg"":-1.2,""steady"":true}"
14.000,right_hand,og,flick_angles,,"{""side_deg"":-7.7,""fwd_deg"":2.8}"
14.000,right_hand,og,acc,2447371,"{""seq"":678,""x_mg"":48,""y_mg"":-244,""z_mg"":992}"
14.000,right_hand,og,tilt,,"{""roll_deg"":-2.4,""pitch_deg"":-1.9,""steady"":true}"
14.000,right_hand,og,flick_angles,,"{""side_deg"":-10.1,""fwd_deg"":2.5}"
14.031,right_hand,og,acc,2447391,"{""seq"":679,""x_mg"":44,""y_mg"":-260,""z_mg"":976}"
14.031,right_hand,og,tilt,,"{""roll_deg"":-4.2,""pitch_deg"":-2.3,""steady"":true}"
14.031,right_hand,og,flick_angles,,"{""side_deg"":-11.9,""fwd_deg"":2.5}"
14.062,right_hand,og,acc,2447412,"{""seq"":680,""x_mg"":36,""y_mg"":-240,""z_mg"":964}"
14.062,right_hand,og,tilt,,"{""roll_deg"":-5.5,""pitch_deg"":-2.7,""steady"":true}"
14.062,right_hand,og,flick_angles,,"{""side_deg"":-13.0,""fwd_deg"":2.5}"
14.062,right_hand,og,acc,2447432,"{""seq"":681,""x_mg"":12,""y_mg"":-184,""z_mg"":972}"
14.062,right_hand,og,tilt,,"{""roll_deg"":-6.3,""pitch_deg"":-3.0,""steady"":true}"
14.062,right_hand,og,flick_angles,,"{""side_deg"":-13.5,""fwd_deg"":2.3}"
14.094,right_hand,og,acc,2447453,"{""seq"":682,""x_mg"":20,""y_mg"":-116,""z_mg"":984}"
14.094,right_hand,og,tilt,,"{""roll_deg"":-6.3,""pitch_deg"":-3.5,""steady"":true}"
14.094,right_hand,og,flick_angles,,"{""side_deg"":-12.1,""fwd_deg"":1.7}"
14.125,right_hand,og,acc,2447474,"{""seq"":683,""x_mg"":28,""y_mg"":-128,""z_mg"":980}"
14.125,right_hand,og,tilt,,"{""roll_deg"":-5.6,""pitch_deg"":-3.9,""steady"":true}"
14.125,right_hand,og,flick_angles,,"{""side_deg"":-9.8,""fwd_deg"":1.4}"
14.125,right_hand,og,acc,2447494,"{""seq"":684,""x_mg"":40,""y_mg"":-132,""z_mg"":972}"
14.125,right_hand,og,tilt,,"{""roll_deg"":-4.9,""pitch_deg"":-4.1,""steady"":true}"
14.125,right_hand,og,flick_angles,,"{""side_deg"":-8.6,""fwd_deg"":1.5}"
14.156,right_hand,og,acc,2447515,"{""seq"":685,""x_mg"":52,""y_mg"":-80,""z_mg"":980}"
14.156,right_hand,og,tilt,,"{""roll_deg"":-4.5,""pitch_deg"":-4.1,""steady"":true}"
14.156,right_hand,og,flick_angles,,"{""side_deg"":-8.0,""fwd_deg"":1.9}"
14.156,right_hand,og,acc,2447535,"{""seq"":686,""x_mg"":80,""y_mg"":-20,""z_mg"":1056}"
14.156,right_hand,og,tremor,,"{""rms_mg"":30.1,""peak_hz"":4.2}"
14.156,right_hand,og,tilt,,"{""roll_deg"":-4.0,""pitch_deg"":-4.1,""steady"":true}"
14.156,right_hand,og,flick_angles,,"{""side_deg"":-6.3,""fwd_deg"":2.5}"
14.187,right_hand,og,acc,2447556,"{""seq"":687,""x_mg"":104,""y_mg"":-16,""z_mg"":1076}"
14.187,right_hand,og,tilt,,"{""roll_deg"":-3.0,""pitch_deg"":-4.1,""steady"":true}"
14.187,right_hand,og,flick_angles,,"{""side_deg"":-3.7,""fwd_deg"":3.4}"
14.219,right_hand,og,acc,2447576,"{""seq"":688,""x_mg"":84,""y_mg"":-72,""z_mg"":1116}"
14.219,right_hand,og,tilt,,"{""roll_deg"":-1.6,""pitch_deg"":-4.1,""steady"":true}"
14.219,right_hand,og,flick_angles,,"{""side_deg"":-2.4,""fwd_deg"":3.9}"
14.219,right_hand,og,acc,2447597,"{""seq"":689,""x_mg"":60,""y_mg"":-128,""z_mg"":1140}"
14.219,right_hand,og,tilt,,"{""roll_deg"":-1.0,""pitch_deg"":-4.1,""steady"":true}"
14.219,right_hand,og,flick_angles,,"{""side_deg"":-3.0,""fwd_deg"":4.1}"
14.250,right_hand,og,acc,2447617,"{""seq"":690,""x_mg"":28,""y_mg"":-112,""z_mg"":1180}"
14.250,right_hand,og,tilt,,"{""roll_deg"":-0.8,""pitch_deg"":-4.1,""steady"":true}"
14.250,right_hand,og,flick_angles,,"{""side_deg"":-4.2,""fwd_deg"":3.5}"
14.281,right_hand,og,acc,2447638,"{""seq"":691,""x_mg"":12,""y_mg"":-112,""z_mg"":1212}"
14.281,right_hand,og,tilt,,"{""roll_deg"":-0.7,""pitch_deg"":-4.1,""steady"":true}"
14.281,right_hand,og,flick_angles,,"{""side_deg"":-4.8,""fwd_deg"":2.4}"
14.281,right_hand,og,acc,2447659,"{""seq"":692,""x_mg"":8,""y_mg"":-148,""z_mg"":1220}"
14.281,right_hand,og,tilt,,"{""roll_deg"":-0.6,""pitch_deg"":-4.1,""steady"":true}"
14.281,right_hand,og,flick_angles,,"{""side_deg"":-5.1,""fwd_deg"":1.5}"
14.312,right_hand,og,acc,2447679,"{""seq"":693,""x_mg"":-4,""y_mg"":-172,""z_mg"":1244}"
14.312,right_hand,og,tilt,,"{""roll_deg"":-0.6,""pitch_deg"":-4.2,""steady"":true}"
14.312,right_hand,og,flick_angles,,"{""side_deg"":-6.0,""fwd_deg"":0.9}"
14.344,right_hand,og,acc,2447700,"{""seq"":694,""x_mg"":-32,""y_mg"":-160,""z_mg"":1216}"
14.344,right_hand,og,tilt,,"{""roll_deg"":-0.6,""pitch_deg"":-4.6,""steady"":true}"
14.344,right_hand,og,flick_angles,,"{""side_deg"":-6.8,""fwd_deg"":0.4}"
14.344,right_hand,og,acc,2447720,"{""seq"":695,""x_mg"":-24,""y_mg"":-160,""z_mg"":1200}"
14.344,right_hand,og,tilt,,"{""roll_deg"":-0.6,""pitch_deg"":-5.1,""steady"":true}"
14.344,right_hand,og,flick_angles,,"{""side_deg"":-7.2,""fwd_deg"":-0.4}"
14.375,right_hand,og,acc,2447741,"{""seq"":696,""x_mg"":8,""y_mg"":-188,""z_mg"":1180}"
14.375,right_hand,og,tilt,,"{""roll_deg"":-0.6,""pitch_deg"":-5.6,""steady"":true}"
14.375,right_hand,og,flick_angles,,"{""side_deg"":-7.4,""fwd_deg"":-0.8}"
14.375,right_hand,og,acc,2447761,"{""seq"":697,""x_mg"":28,""y_mg"":-216,""z_mg"":1144}"
14.375,right_hand,og,tilt,,"{""roll_deg"":-0.7,""pitch_deg"":-5.7,""steady"":true}"
14.375,right_hand,og,flick_angles,,"{""side_deg"":-8.2,""fwd_deg"":-0.2}"
14.422,right_hand,og,acc,2447782,"{""seq"":698,""x_mg"":44,""y_mg"":-212,""z_mg"":1108}"
14.422,right_hand,og,tilt,,"{""roll_deg"":-1.1,""pitch_deg"":-5.7,""steady"":true}"
14.422,right_hand,og,flick_angles,,"{""side_deg"":-9.5,""fwd_deg"":0.6}"
14.453,right_hand,og,acc,2447803,"{""seq"":699,""x_mg"":60,""y_mg"":-192,""z_mg"":1064}"
14.453,right_hand,og,tilt,,"{""roll_deg"":-1.7,""pitch_deg"":-5.7,""steady"":true}"
14.453,right_hand,og,flick_angles,,"{""side_deg"":-10.1,""fwd_deg"":1.4}"
14.453,right_hand,og,acc,2447823,"{""seq"":700,""x_mg"":68,""y_mg"":-208,""z_mg"":1056}"
14.453,right_hand,og,tilt,,"{""roll_deg"":-2.2,""pitch_deg"":-5.7,""steady"":true}"
14.453,right_hand,og,flick_angles,,"{""side_deg"":-10.4,""fwd_deg"":2.3}"
14.484,right_hand,og,acc,2447844,"{""seq"":701,""x_mg"":60,""y_mg"":-208,""z_mg"":1048}"
14.484,right_hand,og,tilt,,"{""roll_deg"":-2.8,""pitch_deg"":-5.7,""steady"":true}"
14.484,right_hand,og,flick_angles,,"{""side_deg"":-10.8,""fwd_deg"":2.8}"
14.515,right_hand,og,acc,2447864,"{""seq"":702,""x_mg"":64,""y_mg"":-176,""z_mg"":1056}"
14.515,right_hand,og,tilt,,"{""roll_deg"":-3.2,""pitch_deg"":-5.6,""steady"":true}"
14.515,right_hand,og,flick_angles,,"{""side_deg"":-11.0,""fwd_deg"":3.1}"
14.515,right_hand,og,acc,2447885,"{""seq"":703,""x_mg"":64,""y_mg"":-176,""z_mg"":1032}"
14.515,right_hand,og,tilt,,"{""roll_deg"":-3.3,""pitch_deg"":-5.5,""steady"":true}"
14.515,right_hand,og,flick_angles,,"{""side_deg"":-10.3,""fwd_deg"":3.3}"
14.547,right_hand,og,acc,2447905,"{""seq"":704,""x_mg"":96,""y_mg"":-184,""z_mg"":948}"
14.547,right_hand,og,tilt,,"{""roll_deg"":-3.4,""pitch_deg"":-5.3,""steady"":true}"
14.547,right_hand,og,flick_angles,,"{""side_deg"":-10.0,""fwd_deg"":3.4}"
14.562,right_hand,og,acc,2447926,"{""seq"":705,""x_mg"":148,""y_mg"":-216,""z_mg"":892}"
14.562,right_hand,og,tilt,,"{""roll_deg"":-3.7,""pitch_deg"":-4.7,""steady"":true}"
14.562,right_hand,og,flick_angles,,"{""side_deg"":-10.5,""fwd_deg"":4.5}"
14.562,right_hand,og,acc,2447947,"{""seq"":706,""x_mg"":184,""y_mg"":-180,""z_mg"":812}"
14.562,right_hand,og,tilt,,"{""roll_deg"":-4.2,""pitch_deg"":-3.4,""steady"":true}"
14.562,right_hand,og,flick_angles,,"{""side_deg"":-11.3,""fwd_deg"":6.8}"
14.594,right_hand,og,acc,2447967,"{""seq"":707,""x_mg"":228,""y_mg"":-160,""z_mg"":760}"
14.594,right_hand,og,tilt,,"{""roll_deg"":-4.6,""pitch_deg"":-1.2,""steady"":true}"
14.594,right_hand,og,flick_angles,,"{""side_deg"":-11.8,""fwd_deg"":9.7}"
14.625,right_hand,og,acc,2447988,"{""seq"":708,""x_mg"":312,""y_mg"":-196,""z_mg"":664}"
14.625,right_hand,og,tilt,,"{""roll_deg"":-4.9,""pitch_deg"":2.2,""steady"":true}"
14.625,right_hand,og,flick_angles,,"{""side_deg"":-12.0,""fwd_deg"":13.0}"
14.656,right_hand,og,acc,2448008,"{""seq"":709,""x_mg"":360,""y_mg"":-240,""z_mg"":516}"
14.656,right_hand,og,tilt,,"{""roll_deg"":-4.9,""pitch_deg"":2.2,""steady"":false}"
14.656,right_hand,og,flick_angles,,"{""side_deg"":-13.5,""fwd_deg"":18.6}"
14.656,right_hand,og,acc,2448029,"{""seq"":710,""x_mg"":492,""y_mg"":-276,""z_mg"":484}"
14.656,right_hand,og,tilt,,"{""roll_deg"":-6.3,""pitch_deg"":10.1,""steady"":true}"
14.656,right_hand,og,flick_angles,,"{""side_deg"":-17.2,""fwd_deg"":25.5}"
14.687,right_hand,og,acc,2448049,"{""seq"":711,""x_mg"":572,""y_mg"":-292,""z_mg"":492}"
14.687,right_hand,og,tilt,,"{""roll_deg"":-8.7,""pitch_deg"":21.2,""steady"":true}"
14.687,right_hand,og,flick_angles,,"{""side_deg"":-19.2,""fwd_deg"":33.5}"
14.719,right_hand,og,acc,2448070,"{""seq"":712,""x_mg"":612,""y_mg"":-256,""z_mg"":460}"
14.719,right_hand,og,tilt,,"{""roll_deg"":-10.7,""pitch_deg"":29.6,""steady"":true}"
14.719,right_hand,og,flick_angles,,"{""side_deg"":-20.2,""fwd_deg"":39.2}"
14.719,right_hand,og,acc,2448090,"{""seq"":713,""x_mg"":700,""y_mg"":-236,""z_mg"":360}"
14.719,right_hand,og,tilt,,"{""roll_deg"":-11.2,""pitch_deg"":36.0,""steady"":true}"
14.719,right_hand,og,flick_angles,,"{""side_deg"":-19.3,""fwd_deg"":44.3}"
14.750,right_hand,og,acc,2448111,"{""seq"":714,""x_mg"":816,""y_mg"":-248,""z_mg"":384}"
14.750,right_hand,og,tilt,,"{""roll_deg"":-11.2,""pitch_deg"":44.3,""steady"":true}"
14.750,right_hand,og,flick_angles,,"{""side_deg"":-18.0,""fwd_deg"":51.3}"
14.781,right_hand,og,acc,2448132,"{""seq"":715,""x_mg"":844,""y_mg"":-260,""z_mg"":356}"
14.781,right_hand,og,tilt,,"{""roll_deg"":-11.2,""pitch_deg"":49.4,""steady"":true}"
14.781,right_hand,og,flick_angles,,"{""side_deg"":-16.9,""fwd_deg"":56.0}"
14.781,right_hand,og,acc,2448152,"{""seq"":716,""x_mg"":844,""y_mg"":-200,""z_mg"":360}"
14.781,right_hand,og,tilt,,"{""roll_deg"":-11.2,""pitch_deg"":52.5,""steady"":true}"
14.781,right_hand,og,flick_angles,,"{""side_deg"":-16.2,""fwd_deg"":59.2}"
14.812,right_hand,og,acc,2448173,"{""seq"":717,""x_mg"":880,""y_mg"":-192,""z_mg"":404}"
14.812,right_hand,og,tilt,,"{""roll_deg"":-10.6,""pitch_deg"":54.2,""steady"":true}"
14.812,right_hand,og,flick_angles,,"{""side_deg"":-14.2,""fwd_deg"":61.1}"
14.812,right_hand,og,acc,2448193,"{""seq"":718,""x_mg"":876,""y_mg"":-200,""z_mg"":400}"
14.812,right_hand,og,tilt,,"{""roll_deg"":-10.2,""pitch_deg"":55.0,""steady"":true}"
14.812,right_hand,og,flick_angles,,"{""side_deg"":-13.0,""fwd_deg"":62.1}"
14.844,right_hand,og,acc,2448214,"{""seq"":719,""x_mg"":836,""y_mg"":-168,""z_mg"":412}"
14.844,right_hand,og,tilt,,"{""roll_deg"":-9.9,""pitch_deg"":55.4,""steady"":true}"
14.844,right_hand,og,flick_angles,,"{""side_deg"":-12.1,""fwd_deg"":62.5}"
14.875,right_hand,og,acc,2448234,"{""seq"":720,""x_mg"":848,""y_mg"":-188,""z_mg"":432}"
14.875,right_hand,og,tilt,,"{""roll_deg"":-9.5,""pitch_deg"":55.4,""steady"":true}"
14.875,right_hand,og,flick_angles,,"{""side_deg"":-11.6,""fwd_deg"":62.3}"
14.875,right_hand,og,acc,2448255,"{""seq"":721,""x_mg"":844,""y_mg"":-204,""z_mg"":456}"
14.875,right_hand,og,tilt,,"{""roll_deg"":-8.9,""pitch_deg"":55.3,""steady"":true}"
14.875,right_hand,og,flick_angles,,"{""side_deg"":-11.4,""fwd_deg"":61.6}"
14.906,,game,miss,,"{""n"":8,""want"":""up""}"
14.906,right_hand,og,acc,2448276,"{""seq"":722,""x_mg"":832,""y_mg"":-204,""z_mg"":476}"
14.906,right_hand,og,tilt,,"{""roll_deg"":-8.6,""pitch_deg"":54.5,""steady"":true}"
14.906,right_hand,og,flick_angles,,"{""side_deg"":-11.7,""fwd_deg"":60.5}"
14.937,right_hand,og,acc,2448296,"{""seq"":723,""x_mg"":812,""y_mg"":-208,""z_mg"":468}"
14.937,right_hand,og,tilt,,"{""roll_deg"":-8.3,""pitch_deg"":53.6,""steady"":true}"
14.937,right_hand,og,flick_angles,,"{""side_deg"":-11.9,""fwd_deg"":59.3}"
14.937,right_hand,og,acc,2448317,"{""seq"":724,""x_mg"":808,""y_mg"":-192,""z_mg"":512}"
14.937,right_hand,og,tilt,,"{""roll_deg"":-8.0,""pitch_deg"":52.9,""steady"":true}"
14.937,right_hand,og,flick_angles,,"{""side_deg"":-11.9,""fwd_deg"":58.5}"
14.969,right_hand,og,acc,2448337,"{""seq"":725,""x_mg"":800,""y_mg"":-164,""z_mg"":536}"
14.969,right_hand,og,tilt,,"{""roll_deg"":-7.7,""pitch_deg"":52.1,""steady"":true}"
14.969,right_hand,og,flick_angles,,"{""side_deg"":-11.6,""fwd_deg"":57.2}"
15.000,right_hand,og,acc,2448358,"{""seq"":726,""x_mg"":780,""y_mg"":-156,""z_mg"":552}"
15.000,right_hand,og,tilt,,"{""roll_deg"":-7.1,""pitch_deg"":51.5,""steady"":true}"
15.000,right_hand,og,flick_angles,,"{""side_deg"":-10.7,""fwd_deg"":56.1}"
15.000,right_hand,og,acc,2448378,"{""seq"":727,""x_mg"":780,""y_mg"":-148,""z_mg"":584}"
15.000,right_hand,og,tilt,,"{""roll_deg"":-6.4,""pitch_deg"":50.9,""steady"":true}"
15.000,right_hand,og,flick_angles,,"{""side_deg"":-10.0,""fwd_deg"":54.9}"
15.031,right_hand,og,acc,2448399,"{""seq"":728,""x_mg"":780,""y_mg"":-172,""z_mg"":644}"
15.031,right_hand,og,tilt,,"{""roll_deg"":-5.9,""pitch_deg"":50.6,""steady"":true}"
15.031,right_hand,og,flick_angles,,"{""side_deg"":-9.6,""fwd_deg"":53.6}"
15.062,right_hand,og,acc,2448420,"{""seq"":729,""x_mg"":768,""y_mg"":-216,""z_mg"":656}"
15.062,right_hand,og,tilt,,"{""roll_deg"":-5.6,""pitch_deg"":49.5,""steady"":true}"
15.062,right_hand,og,flick_angles,,"{""side_deg"":-9.6,""fwd_deg"":51.5}"
15.062,right_hand,og,acc,2448440,"{""seq"":730,""x_mg"":768,""y_mg"":-216,""z_mg"":640}"
15.062,right_hand,og,tilt,,"{""roll_deg"":-5.6,""pitch_deg"":48.0,""steady"":true}"
15.062,right_hand,og,flick_angles,,"{""side_deg"":-10.9,""fwd_deg"":50.1}"
15.094,right_hand,og,acc,2448461,"{""seq"":731,""x_mg"":752,""y_mg"":-196,""z_mg"":604}"
15.094,right_hand,og,tilt,,"{""roll_deg"":-5.6,""pitch_deg"":46.6,""steady"":true}"
15.094,right_hand,og,flick_angles,,"{""side_deg"":-11.5,""fwd_deg"":49.4}"
15.094,right_hand,og,acc,2448481,"{""seq"":732,""x_mg"":768,""y_mg"":-164,""z_mg"":560}"
15.094,right_hand,og,tilt,,"{""roll_deg"":-5.6,""pitch_deg"":45.8,""steady"":true}"
15.094,right_hand,og,flick_angles,,"{""side_deg"":-11.5,""fwd_deg"":49.6}"
15.125,right_hand,og,acc,2448502,"{""seq"":733,""x_mg"":784,""y_mg"":-136,""z_mg"":552}"
15.125,right_hand,og,tilt,,"{""roll_deg"":-5.6,""pitch_deg"":45.8,""steady"":true}"
15.125,right_hand,og,flick_angles,,"{""side_deg"":-10.6,""fwd_deg"":51.2}"
15.156,right_hand,og,acc,2448522,"{""seq"":734,""x_mg"":780,""y_mg"":-132,""z_mg"":508}"
15.156,right_hand,og,tilt,,"{""roll_deg"":-5.3,""pitch_deg"":45.8,""steady"":true}"
15.156,right_hand,og,flick_angles,,"{""side_deg"":-9.4,""fwd_deg"":52.6}"
15.156,right_hand,og,acc,2448543,"{""seq"":735,""x_mg"":784,""y_mg"":-132,""z_mg"":484}"
15.156,right_hand,og,tilt,,"{""roll_deg"":-4.9,""pitch_deg"":46.0,""steady"":true}"
15.156,right_hand,og,flick_angles,,"{""side_deg"":-8.7,""fwd_deg"":54.3}"
15.187,right_hand,og,acc,2448564,"{""seq"":736,""x_mg"":772,""y_mg"":-132,""z_mg"":456}"
15.187,right_hand,og,tilt,,"{""roll_deg"":-4.5,""pitch_deg"":46.4,""steady"":true}"
15.187,right_hand,og,flick_angles,,"{""side_deg"":-8.4,""fwd_deg"":55.9}"
15.234,right_hand,og,acc,2448584,"{""seq"":737,""x_mg"":756,""y_mg"":-124,""z_mg"":432}"
15.234,right_hand,og,tilt,,"{""roll_deg"":-4.2,""pitch_deg"":46.8,""steady"":true}"
15.234,right_hand,og,flick_angles,,"{""side_deg"":-8.3,""fwd_deg"":57.1}"
15.234,right_hand,og,acc,2448605,"{""seq"":738,""x_mg"":716,""y_mg"":-108,""z_mg"":464}"
15.234,right_hand,og,tilt,,"{""roll_deg"":-4.0,""pitch_deg"":47.4,""steady"":true}"
15.234,right_hand,og,flick_angles,,"{""side_deg"":-8.2,""fwd_deg"":57.8}"
15.265,right_hand,og,acc,2448625,"{""seq"":739,""x_mg"":680,""y_mg"":-76,""z_mg"":516}"
15.265,right_hand,og,tilt,,"{""roll_deg"":-3.6,""pitch_deg"":47.7,""steady"":true}"
15.265,right_hand,og,flick_angles,,"{""side_deg"":-7.7,""fwd_deg"":57.1}"
15.297,right_hand,og,acc,2448646,"{""seq"":740,""x_mg"":596,""y_mg"":-88,""z_mg"":472}"
15.297,right_hand,og,tilt,,"{""roll_deg"":-3.1,""pitch_deg"":47.7,""steady"":true}"
15.297,right_hand,og,flick_angles,,"{""side_deg"":-7.2,""fwd_deg"":54.8}"
15.297,right_hand,og,acc,2448666,"{""seq"":741,""x_mg"":548,""y_mg"":-152,""z_mg"":536}"
15.297,right_hand,og,tilt,,"{""roll_deg"":-2.8,""pitch_deg"":47.7,""steady"":true}"
15.297,right_hand,og,flick_angles,,"{""side_deg"":-6.9,""fwd_deg"":53.0}"
15.328,right_hand,og,acc,2448687,"{""seq"":742,""x_mg"":492,""y_mg"":-152,""z_mg"":624}"
15.328,right_hand,og,tilt,,"{""roll_deg"":-2.8,""pitch_deg"":46.3,""steady"":true}"
15.328,right_hand,og,flick_angles,,"{""side_deg"":-8.9,""fwd_deg"":48.7}"
15.359,right_hand,og,acc,2448707,"{""seq"":743,""x_mg"":416,""y_mg"":-16,""z_mg"":676}"
15.359,right_hand,og,tilt,,"{""roll_deg"":-2.8,""pitch_deg"":42.0,""steady"":true}"
15.359,right_hand,og,flick_angles,,"{""side_deg"":-9.8,""fwd_deg"":43.1}"
15.359,right_hand,og,acc,2448728,"{""seq"":744,""x_mg"":420,""y_mg"":-44,""z_mg"":664}"
15.359,right_hand,og,tilt,,"{""roll_deg"":-2.6,""pitch_deg"":35.9,""steady"":true}"
15.359,right_hand,og,flick_angles,,"{""side_deg"":-6.5,""fwd_deg"":37.7}"
15.390,right_hand,og,acc,2448749,"{""seq"":745,""x_mg"":376,""y_mg"":-148,""z_mg"":692}"
15.390,right_hand,og,tilt,,"{""roll_deg"":-1.6,""pitch_deg"":31.4,""steady"":true}"
15.390,right_hand,og,flick_angles,,"{""side_deg"":-4.9,""fwd_deg"":34.6}"
15.422,right_hand,og,acc,2448769,"{""seq"":746,""x_mg"":296,""y_mg"":-176,""z_mg"":888}"
15.422,right_hand,og,tilt,,"{""roll_deg"":-1.6,""pitch_deg"":27.2,""steady"":true}"
15.422,right_hand,og,flick_angles,,"{""side_deg"":-7.8,""fwd_deg"":31.3}"
15.422,right_hand,og,acc,2448790,"{""seq"":747,""x_mg"":200,""y_mg"":-56,""z_mg"":884}"
15.422,right_hand,og,tilt,,"{""roll_deg"":-1.8,""pitch_deg"":19.8,""steady"":true}"
15.422,right_hand,og,flick_angles,,"{""side_deg"":-9.2,""fwd_deg"":24.7}"
15.453,right_hand,og,acc,2448810,"{""seq"":748,""x_mg"":172,""y_mg"":-96,""z_mg"":844}"
15.453,right_hand,og,tilt,,"{""roll_deg"":-1.8,""pitch_deg"":13.1,""steady"":true}"
15.453,right_hand,og,flick_angles,,"{""side_deg"":-7.8,""fwd_deg"":18.7}"
15.453,right_hand,og,acc,2448831,"{""seq"":749,""x_mg"":148,""y_mg"":-180,""z_mg"":860}"
15.453,right_hand,og,tilt,,"{""roll_deg"":-1.8,""pitch_deg"":9.0,""steady"":true}"
15.453,right_hand,og,flick_angles,,"{""side_deg"":-7.1,""fwd_deg"":15.1}"
15.484,right_hand,og,acc,2448851,"{""seq"":750,""x_mg"":48,""y_mg"":-160,""z_mg"":1088}"
15.484,right_hand,og,tilt,,"{""roll_deg"":-1.8,""pitch_deg"":6.1,""steady"":true}"
15.484,right_hand,og,flick_angles,,"{""side_deg"":-7.7,""fwd_deg"":12.3}"
15.515,right_hand,og,acc,2448872,"{""seq"":751,""x_mg"":-44,""y_mg"":44,""z_mg"":1260}"
15.515,right_hand,og,tilt,,"{""roll_deg"":-1.8,""pitch_deg"":1.0,""steady"":true}"
15.515,right_hand,og,flick_angles,,"{""side_deg"":-8.0,""fwd_deg"":7.4}"
15.515,right_hand,og,acc,2448893,"{""seq"":752,""x_mg"":-144,""y_mg"":-20,""z_mg"":1156}"
15.515,right_hand,og,tilt,,"{""roll_deg"":-1.3,""pitch_deg"":-3.9,""steady"":true}"
15.515,right_hand,og,flick_angles,,"{""side_deg"":-4.5,""fwd_deg"":2.7}"
15.547,right_hand,og,acc,2448913,"{""seq"":753,""x_mg"":-156,""y_mg"":-192,""z_mg"":1224}"
15.547,right_hand,og,tilt,,"{""roll_deg"":-0.2,""pitch_deg"":-8.8,""steady"":true}"
15.547,right_hand,og,flick_angles,,"{""side_deg"":-2.7,""fwd_deg"":-2.2}"
15.578,right_hand,og,acc,2448934,"{""seq"":754,""x_mg"":-164,""y_mg"":-204,""z_mg"":1248}"
15.578,right_hand,og,tilt,,"{""roll_deg"":-0.2,""pitch_deg"":-11.3,""steady"":true}"
15.578,right_hand,og,flick_angles,,"{""side_deg"":-5.8,""fwd_deg"":-4.7}"
15.578,right_hand,og,acc,2448954,"{""seq"":755,""x_mg"":-136,""y_mg"":-120,""z_mg"":1256}"
15.578,right_hand,og,tilt,,"{""roll_deg"":-0.3,""pitch_deg"":-12.4,""steady"":true}"
15.578,right_hand,og,flick_angles,,"{""side_deg"":-7.3,""fwd_deg"":-5.9}"
15.609,right_hand,og,acc,2448975,"{""seq"":756,""x_mg"":-176,""y_mg"":-68,""z_mg"":1224}"
15.609,right_hand,og,tilt,,"{""roll_deg"":-0.3,""pitch_deg"":-13.0,""steady"":true}"
15.609,right_hand,og,flick_angles,,"{""side_deg"":-6.4,""fwd_deg"":-6.7}"
15.609,right_hand,og,acc,2448995,"{""seq"":757,""x_mg"":-192,""y_mg"":-96,""z_mg"":1188}"
15.609,right_hand,og,tilt,,"{""roll_deg"":-0.3,""pitch_deg"":-13.7,""steady"":true}"
15.609,right_hand,og,flick_angles,,"{""side_deg"":-5.5,""fwd_deg"":-7.4}"
15.640,right_hand,og,acc,2449016,"{""seq"":758,""x_mg"":-200,""y_mg"":-128,""z_mg"":1176}"
15.640,right_hand,og,tilt,,"{""roll_deg"":-0.3,""pitch_deg"":-14.5,""steady"":true}"
15.640,right_hand,og,flick_angles,,"{""side_deg"":-5.0,""fwd_deg"":-8.3}"
15.672,right_hand,og,acc,2449036,"{""seq"":759,""x_mg"":-212,""y_mg"":-144,""z_mg"":1160}"
15.672,right_hand,og,tilt,,"{""roll_deg"":-0.3,""pitch_deg"":-15.1,""steady"":true}"
15.672,right_hand,og,flick_angles,,"{""side_deg"":-5.6,""fwd_deg"":-8.9}"
15.672,right_hand,og,acc,2449057,"{""seq"":760,""x_mg"":-208,""y_mg"":-168,""z_mg"":1148}"
15.672,right_hand,og,tilt,,"{""roll_deg"":-0.3,""pitch_deg"":-15.7,""steady"":true}"
15.672,right_hand,og,flick_angles,,"{""side_deg"":-6.3,""fwd_deg"":-9.6}"
15.703,right_hand,og,acc,2449078,"{""seq"":761,""x_mg"":-224,""y_mg"":-184,""z_mg"":1144}"
15.703,right_hand,og,tilt,,"{""roll_deg"":-0.3,""pitch_deg"":-16.1,""steady"":true}"
15.703,right_hand,og,flick_angles,,"{""side_deg"":-7.2,""fwd_deg"":-9.9}"
15.734,right_hand,og,acc,2449098,"{""seq"":762,""x_mg"":-220,""y_mg"":-184,""z_mg"":1104}"
15.734,right_hand,og,tilt,,"{""roll_deg"":-0.4,""pitch_deg"":-16.5,""steady"":true}"
15.734,right_hand,og,flick_angles,,"{""side_deg"":-8.1,""fwd_deg"":-10.4}"
15.734,right_hand,og,acc,2449119,"{""seq"":763,""x_mg"":-196,""y_mg"":-224,""z_mg"":1076}"
15.734,right_hand,og,tilt,,"{""roll_deg"":-0.7,""pitch_deg"":-16.8,""steady"":true}"
15.734,right_hand,og,flick_angles,,"{""side_deg"":-8.7,""fwd_deg"":-10.7}"
15.765,right_hand,og,acc,2449139,"{""seq"":764,""x_mg"":-180,""y_mg"":-220,""z_mg"":1072}"
15.765,right_hand,og,tilt,,"{""roll_deg"":-1.5,""pitch_deg"":-16.8,""steady"":true}"
15.765,right_hand,og,flick_angles,,"{""side_deg"":-10.1,""fwd_deg"":-10.4}"
15.812,right_hand,og,acc,2449160,"{""seq"":765,""x_mg"":-168,""y_mg"":-188,""z_mg"":1052}"
15.812,right_hand,og,tilt,,"{""roll_deg"":-2.2,""pitch_deg"":-16.8,""steady"":true}"
15.812,right_hand,og,flick_angles,,"{""side_deg"":-10.8,""fwd_deg"":-9.9}"
15.812,right_hand,og,acc,2449180,"{""seq"":766,""x_mg"":-152,""y_mg"":-168,""z_mg"":1000}"
15.812,right_hand,og,tilt,,"{""roll_deg"":-2.6,""pitch_deg"":-16.8,""steady"":true}"
15.812,right_hand,og,flick_angles,,"{""side_deg"":-10.4,""fwd_deg"":-9.4}"
15.844,right_hand,og,acc,2449201,"{""seq"":767,""x_mg"":-136,""y_mg"":-172,""z_mg"":972}"
15.844,right_hand,og,tilt,,"{""roll_deg"":-2.9,""pitch_deg"":-16.7,""steady"":true}"
15.844,right_hand,og,flick_angles,,"{""side_deg"":-10.2,""fwd_deg"":-9.0}"
15.875,right_hand,og,acc,2449222,"{""seq"":768,""x_mg"":-120,""y_mg"":-172,""z_mg"":948}"
15.875,right_hand,og,tilt,,"{""roll_deg"":-3.1,""pitch_deg"":-16.4,""steady"":true}"
15.875,right_hand,og,flick_angles,,"{""side_deg"":-10.1,""fwd_deg"":-8.4}"
15.875,right_hand,og,acc,2449242,"{""seq"":769,""x_mg"":-124,""y_mg"":-156,""z_mg"":964}"
15.875,right_hand,og,tilt,,"{""roll_deg"":-3.2,""pitch_deg"":-16.1,""steady"":true}"
15.875,right_hand,og,flick_angles,,"{""side_deg"":-10.0,""fwd_deg"":-7.8}"
15.906,right_hand,og,acc,2449263,"{""seq"":770,""x_mg"":-120,""y_mg"":-144,""z_mg"":960}"
15.906,right_hand,og,tilt,,"{""roll_deg"":-3.2,""pitch_deg"":-15.8,""steady"":true}"
15.906,right_hand,og,flick_angles,,"{""side_deg"":-9.6,""fwd_deg"":-7.5}"
15.937,right_hand,og,acc,2449283,"{""seq"":771,""x_mg"":-100,""y_mg"":-176,""z_mg"":944}"
15.937,right_hand,og,tilt,,"{""roll_deg"":-3.2,""pitch_deg"":-15.7,""steady"":true}"
15.937,right_hand,og,flick_angles,,"{""side_deg"":-9.3,""fwd_deg"":-7.3}"
15.937,right_hand,og,acc,2449304,"{""seq"":772,""x_mg"":-88,""y_mg"":-200,""z_mg"":920}"
15.937,right_hand,og,tilt,,"{""roll_deg"":-3.4,""pitch_deg"":-15.5,""steady"":true}"
15.937,right_hand,og,flick_angles,,"{""side_deg"":-9.9,""fwd_deg"":-6.6}"
15.969,right_hand,og,acc,2449324,"{""seq"":773,""x_mg"":-92,""y_mg"":-144,""z_mg"":976}"
15.969,right_hand,og,tilt,,"{""roll_deg"":-3.6,""pitch_deg"":-15.2,""steady"":true}"
15.969,right_hand,og,flick_angles,,"{""side_deg"":-10.2,""fwd_deg"":-6.0}"
15.969,right_hand,og,acc,2449345,"{""seq"":774,""x_mg"":-116,""y_mg"":-116,""z_mg"":1020}"
15.969,right_hand,og,tilt,,"{""roll_deg"":-3.6,""pitch_deg"":-14.9,""steady"":true}"
15.969,right_hand,og,flick_angles,,"{""side_deg"":-9.3,""fwd_deg"":-5.7}"
16.000,right_hand,og,acc,2449366,"{""seq"":775,""x_mg"":-116,""y_mg"":-168,""z_mg"":1028}"
16.000,right_hand,og,tilt,,"{""roll_deg"":-3.6,""pitch_deg"":-14.7,""steady"":true}"
16.000,right_hand,og,flick_angles,,"{""side_deg"":-8.8,""fwd_deg"":-6.0}"
16.015,right_hand,og,acc,2449386,"{""seq"":776,""x_mg"":-112,""y_mg"":-212,""z_mg"":1092}"
16.015,right_hand,og,tilt,,"{""roll_deg"":-3.6,""pitch_deg"":-14.6,""steady"":true}"
16.015,right_hand,og,flick_angles,,"{""side_deg"":-9.0,""fwd_deg"":-6.2}"
16.047,right_hand,og,acc,2449407,"{""seq"":777,""x_mg"":-148,""y_mg"":-204,""z_mg"":1196}"
16.047,right_hand,og,tilt,,"{""roll_deg"":-3.6,""pitch_deg"":-14.5,""steady"":true}"
16.047,right_hand,og,flick_angles,,"{""side_deg"":-9.3,""fwd_deg"":-6.3}"
16.078,right_hand,og,acc,2449427,"{""seq"":778,""x_mg"":-164,""y_mg"":-152,""z_mg"":1228}"
16.078,right_hand,og,tilt,,"{""roll_deg"":-3.6,""pitch_deg"":-14.4,""steady"":true}"
16.078,right_hand,og,flick_angles,,"{""side_deg"":-9.5,""fwd_deg"":-6.6}"
16.078,right_hand,og,acc,2449448,"{""seq"":779,""x_mg"":-204,""y_mg"":-148,""z_mg"":1284}"
16.078,right_hand,og,tilt,,"{""roll_deg"":-3.6,""pitch_deg"":-14.4,""steady"":false}"
16.078,right_hand,og,flick_angles,,"{""side_deg"":-8.2,""fwd_deg"":-7.1}"
16.109,right_hand,og,acc,2449468,"{""seq"":780,""x_mg"":-284,""y_mg"":-200,""z_mg"":1332}"
16.109,right_hand,og,tilt,,"{""roll_deg"":-3.6,""pitch_deg"":-14.4,""steady"":false}"
16.109,right_hand,og,flick_angles,,"{""side_deg"":-7.6,""fwd_deg"":-8.0}"
16.109,right_hand,og,acc,2449489,"{""seq"":781,""x_mg"":-248,""y_mg"":-268,""z_mg"":1256}"
16.109,right_hand,og,tilt,,"{""roll_deg"":-3.6,""pitch_deg"":-14.4,""steady"":false}"
16.109,right_hand,og,flick_angles,,"{""side_deg"":-8.0,""fwd_deg"":-9.5}"
16.140,right_hand,og,acc,2449510,"{""seq"":782,""x_mg"":-116,""y_mg"":-320,""z_mg"":1144}"
16.140,right_hand,og,tilt,,"{""roll_deg"":-3.6,""pitch_deg"":-14.3,""steady"":true}"
16.140,right_hand,og,flick_angles,,"{""side_deg"":-9.9,""fwd_deg"":-10.2}"
16.172,right_hand,og,acc,2449530,"{""seq"":783,""x_mg"":0,""y_mg"":-312,""z_mg"":1164}"
16.172,right_hand,og,tilt,,"{""roll_deg"":-4.3,""pitch_deg"":-14.1,""steady"":true}"
16.172,right_hand,og,flick_angles,,"{""side_deg"":-12.5,""fwd_deg"":-7.9}"
16.172,right_hand,og,acc,2449551,"{""seq"":784,""x_mg"":16,""y_mg"":-292,""z_mg"":1016}"
16.172,right_hand,og,tremor,,"{""rms_mg"":39.8,""peak_hz"":4.2}"
16.172,right_hand,og,tilt,,"{""roll_deg"":-5.4,""pitch_deg"":-12.8,""steady"":true}"
16.172,right_hand,og,flick_angles,,"{""side_deg"":-14.0,""fwd_deg"":-3.9}"
16.203,right_hand,og,acc,2449571,"{""seq"":785,""x_mg"":128,""y_mg"":-248,""z_mg"":952}"
16.203,right_hand,og,tilt,,"{""roll_deg"":-6.1,""pitch_deg"":-11.3,""steady"":true}"
16.203,right_hand,og,flick_angles,,"{""side_deg"":-14.5,""fwd_deg"":-1.5}"
16.219,right_hand,og,acc,2449592,"{""seq"":786,""x_mg"":236,""y_mg"":-196,""z_mg"":884}"
16.219,right_hand,og,tilt,,"{""roll_deg"":-6.7,""pitch_deg"":-7.8,""steady"":true}"
16.219,right_hand,og,flick_angles,,"{""side_deg"":-14.5,""fwd_deg"":2.9}"
16.219,right_hand,game,hit,,"{""n"":3,""dir"":""up"",""err_ms"":313}"
16.219,right_hand,og,acc,2449612,"{""seq"":787,""x_mg"":288,""y_mg"":-148,""z_mg"":816}"
16.219,right_hand,og,tilt,,"{""roll_deg"":-6.7,""pitch_deg"":-2.1,""steady"":true}"
16.219,right_hand,og,flick_angles,,"{""side_deg"":-13.3,""fwd_deg"":8.8}"
16.250,right_hand,og,acc,2449633,"{""seq"":788,""x_mg"":320,""y_mg"":-132,""z_mg"":768}"
16.250,right_hand,og,tilt,,"{""roll_deg"":-6.7,""pitch_deg"":4.0,""steady"":true}"
16.250,right_hand,og,flick_angles,,"{""side_deg"":-11.5,""fwd_deg"":14.0}"
16.281,right_hand,og,acc,2449653,"{""seq"":789,""x_mg"":400,""y_mg"":-160,""z_mg"":632}"
16.281,right_hand,og,tilt,,"{""roll_deg"":-6.6,""pitch_deg"":9.0,""steady"":true}"
16.281,right_hand,og,flick_angles,,"{""side_deg"":-10.6,""fwd_deg"":18.1}"
16.312,right_hand,og,acc,2449674,"{""seq"":790,""x_mg"":524,""y_mg"":-204,""z_mg"":576}"
16.312,right_hand,og,tilt,,"{""roll_deg"":-6.6,""pitch_deg"":16.6,""steady"":true}"
16.312,right_hand,og,flick_angles,,"{""side_deg"":-11.3,""fwd_deg"":24.8}"
16.312,right_hand,og,acc,2449695,"{""seq"":791,""x_mg"":568,""y_mg"":-212,""z_mg"":568}"
16.312,right_hand,og,tilt,,"{""roll_deg"":-6.6,""pitch_deg"":25.5,""steady"":true}"
16.312,right_hand,og,flick_angles,,"{""side_deg"":-13.0,""fwd_deg"":32.7}"
16.344,right_hand,og,acc,2449715,"{""seq"":792,""x_mg"":628,""y_mg"":-116,""z_mg"":544}"
16.344,right_hand,og,tilt,,"{""roll_deg"":-6.7,""pitch_deg"":31.0,""steady"":true}"
16.344,right_hand,og,flick_angles,,"{""side_deg"":-13.8,""fwd_deg"":37.9}"
16.375,right_hand,og,acc,2449736,"{""seq"":793,""x_mg"":640,""y_mg"":-68,""z_mg"":492}"
16.375,right_hand,og,tilt,,"{""roll_deg"":-6.7,""pitch_deg"":36.6,""steady"":true}"
16.375,right_hand,og,flick_angles,,"{""side_deg"":-10.9,""fwd_deg"":43.2}"
16.375,right_hand,og,acc,2449756,"{""seq"":794,""x_mg"":704,""y_mg"":-92,""z_mg"":468}"
16.375,right_hand,og,tilt,,"{""roll_deg"":-6.4,""pitch_deg"":41.0,""steady"":true}"
16.375,right_hand,og,flick_angles,,"{""side_deg"":-8.6,""fwd_deg"":47.7}"
16.406,right_hand,og,acc,2449777,"{""seq"":795,""x_mg"":748,""y_mg"":-156,""z_mg"":432}"
16.406,right_hand,og,tilt,,"{""roll_deg"":-5.6,""pitch_deg"":45.1,""steady"":true}"
16.406,right_hand,og,flick_angles,,"{""side_deg"":-7.4,""fwd_deg"":51.8}"
16.453,right_hand,og,acc,2449797,"{""seq"":796,""x_mg"":784,""y_mg"":-204,""z_mg"":368}"
16.453,right_hand,og,tilt,,"{""roll_deg"":-5.5,""pitch_deg"":48.3,""steady"":true}"
16.453,right_hand,og,flick_angles,,"{""side_deg"":-8.8,""fwd_deg"":55.1}"
16.453,right_hand,og,acc,2449818,"{""seq"":797,""x_mg"":828,""y_mg"":-204,""z_mg"":332}"
16.453,right_hand,og,tilt,,"{""roll_deg"":-5.5,""pitch_deg"":51.6,""steady"":true}"
16.453,right_hand,og,flick_angles,,"{""side_deg"":-10.8,""fwd_deg"":58.4}"
16.484,right_hand,og,acc,2449839,"{""seq"":798,""x_mg"":880,""y_mg"":-184,""z_mg"":292}"
16.484,right_hand,og,tilt,,"{""roll_deg"":-5.5,""pitch_deg"":54.7,""steady"":true}"
16.484,right_hand,og,flick_angles,,"{""side_deg"":-11.9,""fwd_deg"":61.6}"
16.515,right_hand,og,acc,2449859,"{""seq"":799,""x_mg"":876,""y_mg"":-100,""z_mg"":264}"
16.515,right_hand,og,tilt,,"{""roll_deg"":-5.5,""pitch_deg"":58.0,""steady"":true}"
16.515,right_hand,og,flick_angles,,"{""side_deg"":-11.5,""fwd_deg"":65.1}"
16.515,right_hand,og,acc,2449880,"{""seq"":800,""x_mg"":872,""y_mg"":-12,""z_mg"":316}"
16.515,right_hand,og,tilt,,"{""roll_deg"":-5.3,""pitch_deg"":60.5,""steady"":true}"
16.515,right_hand,og,flick_angles,,"{""side_deg"":-8.9,""fwd_deg"":67.6}"
16.547,right_hand,og,acc,2449900,"{""seq"":801,""x_mg"":872,""y_mg"":-12,""z_mg"":332}"
16.547,right_hand,og,tilt,,"{""roll_deg"":-3.2,""pitch_deg"":61.6,""steady"":true}"
16.547,right_hand,og,flick_angles,,"{""side_deg"":-4.8,""fwd_deg"":68.8}"
16.547,right_hand,og,acc,2449921,"{""seq"":802,""x_mg"":856,""y_mg"":-64,""z_mg"":324}"
16.547,right_hand,og,tilt,,"{""roll_deg"":-1.1,""pitch_deg"":61.7,""steady"":true}"
16.547,right_hand,og,flick_angles,,"{""side_deg"":-2.8,""fwd_deg"":69.0}"
16.578,right_hand,og,acc,2449941,"{""seq"":803,""x_mg"":844,""y_mg"":-112,""z_mg"":356}"
16.578,right_hand,og,tilt,,"{""roll_deg"":-0.5,""pitch_deg"":61.7,""steady"":true}"
16.578,right_hand,og,flick_angles,,"{""side_deg"":-3.4,""fwd_deg"":68.9}"
16.609,right_hand,og,acc,2449962,"{""seq"":804,""x_mg"":836,""y_mg"":-160,""z_mg"":432}"
16.609,right_hand,og,tilt,,"{""roll_deg"":-0.5,""pitch_deg"":61.4,""steady"":true}"
16.609,right_hand,og,flick_angles,,"{""side_deg"":-5.2,""fwd_deg"":67.5}"
16.609,right_hand,og,acc,2449983,"{""seq"":805,""x_mg"":744,""y_mg"":-148,""z_mg"":540}"
16.609,right_hand,og,tilt,,"{""roll_deg"":-0.6,""pitch_deg"":59.3,""steady"":true}"
16.609,right_hand,og,flick_angles,,"{""side_deg"":-7.2,""fwd_deg"":64.3}"
16.640,right_hand,og,acc,2450003,"{""seq"":806,""x_mg"":696,""y_mg"":-148,""z_mg"":544}"
16.640,right_hand,og,tilt,,"{""roll_deg"":-1.1,""pitch_deg"":57.0,""steady"":true}"
16.640,right_hand,og,flick_angles,,"{""side_deg"":-8.3,""fwd_deg"":58.7}"
16.672,right_hand,og,acc,2450024,"{""seq"":807,""x_mg"":668,""y_mg"":-164,""z_mg"":636}"
16.672,right_hand,og,tilt,,"{""roll_deg"":-1.3,""pitch_deg"":55.9,""steady"":true}"
16.672,right_hand,og,flick_angles,,"{""side_deg"":-8.9,""fwd_deg"":54.8}"
16.672,right_hand,og,acc,2450044,"{""seq"":808,""x_mg"":620,""y_mg"":-220,""z_mg"":696}"
16.672,right_hand,og,tilt,,"{""roll_deg"":-1.6,""pitch_deg"":51.8,""steady"":true}"
16.672,right_hand,og,flick_angles,,"{""side_deg"":-9.5,""fwd_deg"":50.2}"
16.703,right_hand,og,acc,2450065,"{""seq"":809,""x_mg"":564,""y_mg"":-236,""z_mg"":768}"
16.703,right_hand,og,tilt,,"{""roll_deg"":-2.2,""pitch_deg"":45.3,""steady"":true}"
16.703,right_hand,og,flick_angles,,"{""side_deg"":-11.4,""fwd_deg"":45.3}"
16.734,right_hand,og,acc,2450085,"{""seq"":810,""x_mg"":544,""y_mg"":-200,""z_mg"":820}"
16.734,right_hand,og,tilt,,"{""roll_deg"":-3.1,""pitch_deg"":38.3,""steady"":true}"
16.734,right_hand,og,flick_angles,,"{""side_deg"":-12.3,""fwd_deg"":40.2}"
16.734,right_hand,og,acc,2450106,"{""seq"":811,""x_mg"":512,""y_mg"":-152,""z_mg"":796}"
16.734,right_hand,og,tilt,,"{""roll_deg"":-3.5,""pitch_deg"":32.8,""steady"":true}"
16.734,right_hand,og,flick_angles,,"{""side_deg"":-11.9,""fwd_deg"":36.5}"
16.765,right_hand,og,acc,2450127,"{""seq"":812,""x_mg"":480,""y_mg"":-148,""z_mg"":792}"
16.765,right_hand,og,tilt,,"{""roll_deg"":-3.5,""pitch_deg"":29.6,""steady"":true}"
16.765,right_hand,og,flick_angles,,"{""side_deg"":-10.5,""fwd_deg"":34.4}"
16.797,right_hand,og,acc,2450147,"{""seq"":813,""x_mg"":460,""y_mg"":-200,""z_mg"":824}"
16.797,right_hand,og,tilt,,"{""roll_deg"":-3.5,""pitch_deg"":27.3,""steady"":true}"
16.797,right_hand,og,flick_angles,,"{""side_deg"":-9.8,""fwd_deg"":32.6}"
16.797,right_hand,og,acc,2450168,"{""seq"":814,""x_mg"":396,""y_mg"":-220,""z_mg"":884}"
16.797,right_hand,og,tilt,,"{""roll_deg"":-3.8,""pitch_deg"":24.9,""steady"":true}"
16.797,right_hand,og,flick_angles,,"{""side_deg"":-10.9,""fwd_deg"":30.5}"
16.828,right_hand,og,acc,2450188,"{""seq"":815,""x_mg"":340,""y_mg"":-160,""z_mg"":884}"
16.828,right_hand,og,tilt,,"{""roll_deg"":-4.2,""pitch_deg"":21.4,""steady"":true}"
16.828,right_hand,og,flick_angles,,"{""side_deg"":-11.4,""fwd_deg"":27.0}"
16.828,right_hand,og,acc,2450209,"{""seq"":816,""x_mg"":284,""y_mg"":-172,""z_mg"":960}"
16.828,right_hand,og,tilt,,"{""roll_deg"":-4.2,""pitch_deg"":18.1,""steady"":true}"
16.828,right_hand,og,flick_angles,,"{""side_deg"":-10.6,""fwd_deg"":23.9}"
16.859,right_hand,og,acc,2450229,"{""seq"":817,""x_mg"":228,""y_mg"":-144,""z_mg"":1064}"
16.859,right_hand,og,tilt,,"{""roll_deg"":-4.2,""pitch_deg"":14.3,""steady"":true}"
16.859,right_hand,og,flick_angles,,"{""side_deg"":-10.1,""fwd_deg"":20.1}"
16.875,right_hand,og,acc,2450250,"{""seq"":818,""x_mg"":160,""y_mg"":-152,""z_mg"":1088}"
16.875,right_hand,og,tilt,,"{""roll_deg"":-4.2,""pitch_deg"":10.1,""steady"":true}"
16.875,right_hand,og,flick_angles,,"{""side_deg"":-9.0,""fwd_deg"":16.0}"
16.906,right_hand,og,acc,2450271,"{""seq"":819,""x_mg"":148,""y_mg"":-220,""z_mg"":1092}"
16.906,right_hand,og,tilt,,"{""roll_deg"":-4.2,""pitch_deg"":6.1,""steady"":true}"
16.906,right_hand,og,flick_angles,,"{""side_deg"":-8.4,""fwd_deg"":12.2}"
16.937,right_hand,og,acc,2450291,"{""seq"":820,""x_mg"":172,""y_mg"":-300,""z_mg"":1148}"
16.937,right_hand,og,tilt,,"{""roll_deg"":-4.2,""pitch_deg"":4.1,""steady"":true}"
16.937,right_hand,og,flick_angles,,"{""side_deg"":-9.9,""fwd_deg"":10.2}"
16.937,right_hand,og,acc,2450312,"{""seq"":821,""x_mg"":148,""y_mg"":-256,""z_mg"":1196}"
16.937,right_hand,og,tilt,,"{""roll_deg"":-4.2,""pitch_deg"":2.7,""steady"":true}"
16.937,right_hand,og,flick_angles,,"{""side_deg"":-10.9,""fwd_deg"":8.9}"
16.969,right_hand,og,acc,2450332,"{""seq"":822,""x_mg"":120,""y_mg"":-240,""z_mg"":1188}"
16.969,right_hand,og,tilt,,"{""roll_deg"":-4.4,""pitch_deg"":1.8,""steady"":true}"
16.969,right_hand,og,flick_angles,,"{""side_deg"":-11.5,""fwd_deg"":7.9}"
17.000,right_hand,og,acc,2450353,"{""seq"":823,""x_mg"":136,""y_mg"":-260,""z_mg"":1156}"
17.000,right_hand,og,tilt,,"{""roll_deg"":-4.6,""pitch_deg"":1.1,""steady"":true}"
17.000,right_hand,og,flick_angles,,"{""side_deg"":-11.7,""fwd_deg"":7.2}"
17.000,right_hand,og,acc,2450373,"{""seq"":824,""x_mg"":188,""y_mg"":-252,""z_mg"":1172}"
17.000,right_hand,og,tilt,,"{""roll_deg"":-4.8,""pitch_deg"":0.7,""steady"":true}"
17.000,right_hand,og,flick_angles,,"{""side_deg"":-11.9,""fwd_deg"":6.9}"
17.031,right_hand,og,acc,2450394,"{""seq"":825,""x_mg"":180,""y_mg"":-236,""z_mg"":1176}"
17.031,right_hand,og,tilt,,"{""roll_deg"":-5.0,""pitch_deg"":0.7,""steady"":true}"
17.031,right_hand,og,flick_angles,,"{""side_deg"":-11.9,""fwd_deg"":7.7}"
17.047,right_hand,og,acc,2450414,"{""seq"":826,""x_mg"":200,""y_mg"":-224,""z_mg"":1132}"
17.047,right_hand,og,tilt,,"{""roll_deg"":-5.0,""pitch_deg"":0.8,""steady"":true}"
17.047,right_hand,og,flick_angles,,"{""side_deg"":-11.6,""fwd_deg"":8.3}"
17.078,right_hand,og,acc,2450435,"{""seq"":827,""x_mg"":260,""y_mg"":-244,""z_mg"":1040}"
17.078,right_hand,og,tilt,,"{""roll_deg"":-5.1,""pitch_deg"":1.4,""steady"":true}"
17.078,right_hand,og,flick_angles,,"{""side_deg"":-11.4,""fwd_deg"":9.1}"
17.078,right_hand,og,acc,2450456,"{""seq"":828,""x_mg"":292,""y_mg"":-216,""z_mg"":988}"
17.078,right_hand,og,tilt,,"{""roll_deg"":-5.2,""pitch_deg"":2.6,""steady"":true}"
17.078,right_hand,og,flick_angles,,"{""side_deg"":-11.6,""fwd_deg"":11.4}"
17.109,right_hand,og,acc,2450476,"{""seq"":829,""x_mg"":324,""y_mg"":-184,""z_mg"":932}"
17.109,right_hand,og,tilt,,"{""roll_deg"":-5.3,""pitch_deg"":3.6,""steady"":true}"
17.109,right_hand,og,flick_angles,,"{""side_deg"":-11.7,""fwd_deg"":13.7}"
17.140,right_hand,og,acc,2450497,"{""seq"":830,""x_mg"":340,""y_mg"":-164,""z_mg"":860}"
17.140,right_hand,og,tilt,,"{""roll_deg"":-5.3,""pitch_deg"":4.1,""steady"":true}"
17.140,right_hand,og,flick_angles,,"{""side_deg"":-11.1,""fwd_deg"":16.3}"
17.140,right_hand,og,acc,2450517,"{""seq"":831,""x_mg"":356,""y_mg"":-156,""z_mg"":844}"
17.140,right_hand,og,tilt,,"{""roll_deg"":-5.3,""pitch_deg"":5.8,""steady"":true}"
17.140,right_hand,og,flick_angles,,"{""side_deg"":-10.6,""fwd_deg"":18.8}"
17.172,right_hand,og,acc,2450538,"{""seq"":832,""x_mg"":364,""y_mg"":-172,""z_mg"":816}"
17.172,right_hand,og,tilt,,"{""roll_deg"":-5.3,""pitch_deg"":8.2,""steady"":true}"
17.172,right_hand,og,flick_angles,,"{""side_deg"":-10.3,""fwd_deg"":20.6}"
17.203,right_hand,og,acc,2450558,"{""seq"":833,""x_mg"":384,""y_mg"":-160,""z_mg"":808}"
17.203,right_hand,og,tilt,,"{""roll_deg"":-5.3,""pitch_deg"":10.6,""steady"":true}"
17.203,right_hand,og,flick_angles,,"{""side_deg"":-10.2,""fwd_deg"":22.1}"
17.203,right_hand,og,acc,2450579,"{""seq"":834,""x_mg"":388,""y_mg"":-160,""z_mg"":800}"
17.203,right_hand,og,tilt,,"{""roll_deg"":-5.3,""pitch_deg"":12.9,""steady"":true}"
17.203,right_hand,og,flick_angles,,"{""side_deg"":-10.2,""fwd_deg"":23.6}"
17.234,right_hand,og,acc,2450600,"{""seq"":835,""x_mg"":392,""y_mg"":-164,""z_mg"":804}"
17.234,right_hand,og,tilt,,"{""roll_deg"":-5.3,""pitch_deg"":14.7,""steady"":true}"
17.234,right_hand,og,flick_angles,,"{""side_deg"":-10.2,""fwd_deg"":24.5}"
17.265,right_hand,og,acc,2450620,"{""seq"":836,""x_mg"":400,""y_mg"":-176,""z_mg"":824}"
17.265,right_hand,og,tilt,,"{""roll_deg"":-5.3,""pitch_deg"":15.9,""steady"":true}"
17.265,right_hand,og,flick_angles,,"{""side_deg"":-10.3,""fwd_deg"":25.0}"
17.265,right_hand,og,acc,2450641,"{""seq"":837,""x_mg"":384,""y_mg"":-188,""z_mg"":808}"
17.265,right_hand,og,tilt,,"{""roll_deg"":-5.3,""pitch_deg"":16.7,""steady"":true}"
17.265,right_hand,og,flick_angles,,"{""side_deg"":-10.6,""fwd_deg"":25.2}"
17.281,right_hand,og,acc,2450661,"{""seq"":838,""x_mg"":396,""y_mg"":-196,""z_mg"":808}"
17.281,right_hand,og,tilt,,"{""roll_deg"":-5.3,""pitch_deg"":17.1,""steady"":true}"
17.281,right_hand,og,flick_angles,,"{""side_deg"":-11.2,""fwd_deg"":25.3}"
17.312,right_hand,og,acc,2450682,"{""seq"":839,""x_mg"":400,""y_mg"":-188,""z_mg"":868}"
17.312,right_hand,og,tilt,,"{""roll_deg"":-5.3,""pitch_deg"":17.3,""steady"":true}"
17.312,right_hand,og,flick_angles,,"{""side_deg"":-11.5,""fwd_deg"":25.1}"
17.344,right_hand,og,acc,2450702,"{""seq"":840,""x_mg"":396,""y_mg"":-160,""z_mg"":872}"
17.344,right_hand,og,tilt,,"{""roll_deg"":-5.3,""pitch_deg"":17.3,""steady"":true}"
17.344,right_hand,og,flick_angles,,"{""side_deg"":-11.3,""fwd_deg"":24.7}"
17.344,right_hand,og,acc,2450723,"{""seq"":841,""x_mg"":400,""y_mg"":-196,""z_mg"":856}"
17.344,right_hand,og,tilt,,"{""roll_deg"":-5.3,""pitch_deg"":17.3,""steady"":true}"
17.344,right_hand,og,flick_angles,,"{""side_deg"":-11.2,""fwd_deg"":24.5}"
17.375,right_hand,og,acc,2450744,"{""seq"":842,""x_mg"":412,""y_mg"":-228,""z_mg"":836}"
17.375,right_hand,og,tilt,,"{""roll_deg"":-5.3,""pitch_deg"":17.3,""steady"":true}"
17.375,right_hand,og,flick_angles,,"{""side_deg"":-11.5,""fwd_deg"":24.5}"
17.406,right_hand,og,acc,2450764,"{""seq"":843,""x_mg"":424,""y_mg"":-208,""z_mg"":844}"
17.406,right_hand,og,tilt,,"{""roll_deg"":-5.3,""pitch_deg"":17.4,""steady"":true}"
17.406,right_hand,og,flick_angles,,"{""side_deg"":-11.9,""fwd_deg"":24.9}"
17.406,right_hand,og,acc,2450785,"{""seq"":844,""x_mg"":404,""y_mg"":-172,""z_mg"":836}"
17.406,right_hand,og,tilt,,"{""roll_deg"":-5.3,""pitch_deg"":17.6,""steady"":true}"
17.406,right_hand,og,flick_angles,,"{""side_deg"":-12.2,""fwd_deg"":25.2}"
17.437,right_hand,og,acc,2450805,"{""seq"":845,""x_mg"":396,""y_mg"":-184,""z_mg"":808}"
17.437,right_hand,og,tilt,,"{""roll_deg"":-5.4,""pitch_deg"":17.8,""steady"":true}"
17.437,right_hand,og,flick_angles,,"{""side_deg"":-11.9,""fwd_deg"":25.4}"
17.453,right_hand,og,acc,2450826,"{""seq"":846,""x_mg"":392,""y_mg"":-188,""z_mg"":768}"
17.453,right_hand,og,tilt,,"{""roll_deg"":-5.4,""pitch_deg"":17.9,""steady"":true}"
17.453,right_hand,og,flick_angles,,"{""side_deg"":-11.7,""fwd_deg"":25.5}"
17.453,right_hand,og,acc,2450846,"{""seq"":847,""x_mg"":400,""y_mg"":-176,""z_mg"":752}"
17.453,right_hand,og,tilt,,"{""roll_deg"":-5.4,""pitch_deg"":18.1,""steady"":true}"
17.453,right_hand,og,flick_angles,,"{""side_deg"":-11.7,""fwd_deg"":25.9}"
17.484,right_hand,og,acc,2450867,"{""seq"":848,""x_mg"":384,""y_mg"":-116,""z_mg"":800}"
17.484,right_hand,og,tilt,,"{""roll_deg"":-5.5,""pitch_deg"":18.3,""steady"":true}"
17.484,right_hand,og,flick_angles,,"{""side_deg"":-11.7,""fwd_deg"":26.1}"
17.531,right_hand,og,acc,2450887,"{""seq"":849,""x_mg"":324,""y_mg"":-64,""z_mg"":824}"
17.531,right_hand,og,tilt,,"{""roll_deg"":-5.5,""pitch_deg"":18.3,""steady"":true}"
17.531,right_hand,og,flick_angles,,"{""side_deg"":-9.6,""fwd_deg"":25.8}"
17.562,right_hand,og,acc,2450908,"{""seq"":850,""x_mg"":288,""y_mg"":-104,""z_mg"":828}"
17.562,right_hand,og,tilt,,"{""roll_deg"":-5.4,""pitch_deg"":18.3,""steady"":true}"
17.562,right_hand,og,flick_angles,,"{""side_deg"":-8.2,""fwd_deg"":23.6}"
17.562,right_hand,og,acc,2450929,"{""seq"":851,""x_mg"":272,""y_mg"":-200,""z_mg"":752}"
17.562,right_hand,og,tilt,,"{""roll_deg"":-4.8,""pitch_deg"":18.2,""steady"":true}"
17.562,right_hand,og,flick_angles,,"{""side_deg"":-7.5,""fwd_deg"":21.4}"
17.594,right_hand,og,acc,2450949,"{""seq"":852,""x_mg"":240,""y_mg"":-188,""z_mg"":756}"
17.594,right_hand,og,tilt,,"{""roll_deg"":-4.8,""pitch_deg"":17.4,""steady"":true}"
17.594,right_hand,og,flick_angles,,"{""side_deg"":-10.4,""fwd_deg"":20.2}"
17.625,right_hand,og,acc,2450970,"{""seq"":853,""x_mg"":192,""y_mg"":-180,""z_mg"":788}"
17.625,right_hand,og,tilt,,"{""roll_deg"":-4.8,""pitch_deg"":16.1,""steady"":true}"
17.625,right_hand,og,flick_angles,,"{""side_deg"":-11.9,""fwd_deg"":18.7}"
17.625,right_hand,og,acc,2450990,"{""seq"":854,""x_mg"":120,""y_mg"":-156,""z_mg"":800}"
17.625,right_hand,og,tilt,,"{""roll_deg"":-4.8,""pitch_deg"":13.8,""steady"":true}"
17.625,right_hand,og,flick_angles,,"{""side_deg"":-12.2,""fwd_deg"":16.0}"
17.656,right_hand,og,acc,2451011,"{""seq"":855,""x_mg"":68,""y_mg"":-128,""z_mg"":780}"
17.656,right_hand,og,tilt,,"{""roll_deg"":-4.8,""pitch_deg"":9.8,""steady"":true}"
17.656,right_hand,og,flick_angles,,"{""side_deg"":-11.6,""fwd_deg"":12.2}"
17.656,right_hand,og,acc,2451031,"{""seq"":856,""x_mg"":8,""y_mg"":-136,""z_mg"":752}"
17.656,right_hand,og,tilt,,"{""roll_deg"":-4.8,""pitch_deg"":5.6,""steady"":true}"
17.656,right_hand,og,flick_angles,,"{""side_deg"":-10.9,""fwd_deg"":8.6}"
17.672,right_hand,og,acc,2451052,"{""seq"":857,""x_mg"":-84,""y_mg"":-160,""z_mg"":804}"
17.672,right_hand,og,tilt,,"{""roll_deg"":-4.8,""pitch_deg"":0.8,""steady"":true}"
17.672,right_hand,og,flick_angles,,"{""side_deg"":-10.6,""fwd_deg"":4.6}"
17.672,right_hand,game,hit,,"{""n"":4,""dir"":""down"",""err_ms"":297}"
17.703,right_hand,og,acc,2451073,"{""seq"":858,""x_mg"":-180,""y_mg"":-168,""z_mg"":844}"
17.703,right_hand,og,tilt,,"{""roll_deg"":-4.8,""pitch_deg"":-5.1,""steady"":true}"
17.703,right_hand,og,flick_angles,,"{""side_deg"":-10.8,""fwd_deg"":-0.6}"
17.734,right_hand,og,acc,2451093,"{""seq"":859,""x_mg"":-344,""y_mg"":-116,""z_mg"":872}"
17.734,right_hand,og,tilt,,"{""roll_deg"":-4.8,""pitch_deg"":-11.3,""steady"":true}"
17.734,right_hand,og,flick_angles,,"{""side_deg"":-10.9,""fwd_deg"":-6.2}"
17.765,right_hand,og,acc,2451114,"{""seq"":860,""x_mg"":-364,""y_mg"":-28,""z_mg"":948}"
17.765,right_hand,og,tilt,,"{""roll_deg"":-4.8,""pitch_deg"":-19.7,""steady"":true}"
17.765,right_hand,og,flick_angles,,"{""side_deg"":-9.0,""fwd_deg"":-13.6}"
17.765,right_hand,og,acc,2451134,"{""seq"":861,""x_mg"":-368,""y_mg"":64,""z_mg"":1036}"
17.765,right_hand,og,tilt,,"{""roll_deg"":-3.6,""pitch_deg"":-23.6,""steady"":true}"
17.765,right_hand,og,flick_angles,,"{""side_deg"":-5.3,""fwd_deg"":-17.3}"
17.797,right_hand,og,acc,2451155,"{""seq"":862,""x_mg"":-428,""y_mg"":108,""z_mg"":1052}"
17.797,right_hand,og,tilt,,"{""roll_deg"":-0.2,""pitch_deg"":-25.5,""steady"":true}"
17.797,right_hand,og,flick_angles,,"{""side_deg"":-1.0,""fwd_deg"":-19.2}"
17.797,right_hand,og,acc,2451175,"{""seq"":863,""x_mg"":-496,""y_mg"":88,""z_mg"":1064}"
17.797,right_hand,og,tilt,,"{""roll_deg"":2.9,""pitch_deg"":-26.9,""steady"":true}"
17.797,right_hand,og,flick_angles,,"{""side_deg"":1.7,""fwd_deg"":-20.6}"
17.828,right_hand,og,acc,2451196,"{""seq"":864,""x_mg"":-520,""y_mg"":32,""z_mg"":1140}"
17.828,right_hand,og,tilt,,"{""roll_deg"":5.2,""pitch_deg"":-28.8,""steady"":true}"
17.828,right_hand,og,flick_angles,,"{""side_deg"":3.0,""fwd_deg"":-22.6}"
17.859,right_hand,og,acc,2451217,"{""seq"":865,""x_mg"":-556,""y_mg"":36,""z_mg"":1180}"
17.859,right_hand,og,tilt,,"{""roll_deg"":5.2,""pitch_deg"":-28.8,""steady"":false}"
17.859,right_hand,og,flick_angles,,"{""side_deg"":2.3,""fwd_deg"":-23.7}"
17.859,right_hand,og,acc,2451237,"{""seq"":866,""x_mg"":-564,""y_mg"":28,""z_mg"":1192}"
17.859,right_hand,og,tilt,,"{""roll_deg"":5.2,""pitch_deg"":-28.8,""steady"":false}"
17.859,right_hand,og,flick_angles,,"{""side_deg"":1.9,""fwd_deg"":-24.5}"
17.875,right_hand,og,acc,2451258,"{""seq"":867,""x_mg"":-564,""y_mg"":-8,""z_mg"":1228}"
17.875,right_hand,og,tilt,,"{""roll_deg"":5.2,""pitch_deg"":-28.8,""steady"":false}"
17.875,right_hand,og,flick_angles,,"{""side_deg"":1.5,""fwd_deg"":-24.8}"
17.906,right_hand,og,acc,2451278,"{""seq"":868,""x_mg"":-604,""y_mg"":-36,""z_mg"":1268}"
17.906,right_hand,og,tilt,,"{""roll_deg"":5.2,""pitch_deg"":-28.8,""steady"":false}"
17.906,right_hand,og,flick_angles,,"{""side_deg"":0.6,""fwd_deg"":-25.1}"
17.937,right_hand,og,acc,2451299,"{""seq"":869,""x_mg"":-632,""y_mg"":-16,""z_mg"":1252}"
17.937,right_hand,og,tilt,,"{""roll_deg"":5.2,""pitch_deg"":-28.8,""steady"":false}"
17.937,right_hand,og,flick_angles,,"{""side_deg"":-0.0,""fwd_deg"":-25.3}"
17.937,right_hand,og,acc,2451319,"{""seq"":870,""x_mg"":-632,""y_mg"":-28,""z_mg"":1196}"
17.937,right_hand,og,tilt,,"{""roll_deg"":5.2,""pitch_deg"":-28.8,""steady"":false}"
17.937,right_hand,og,flick_angles,,"{""side_deg"":-0.6,""fwd_deg"":-26.0}"
17.969,right_hand,og,acc,2451340,"{""seq"":871,""x_mg"":-584,""y_mg"":-116,""z_mg"":1164}"
17.969,right_hand,og,tilt,,"{""roll_deg"":5.2,""pitch_deg"":-28.8,""steady"":false}"
17.969,right_hand,og,flick_angles,,"{""side_deg"":-0.9,""fwd_deg"":-26.4}"
18.000,right_hand,og,acc,2451360,"{""seq"":872,""x_mg"":-532,""y_mg"":-152,""z_mg"":1064}"
18.000,right_hand,og,tilt,,"{""roll_deg"":6.2,""pitch_deg"":-30.8,""steady"":true}"
18.000,right_hand,og,flick_angles,,"{""side_deg"":-3.0,""fwd_deg"":-26.5}"
18.000,right_hand,og,acc,2451381,"{""seq"":873,""x_mg"":-488,""y_mg"":-76,""z_mg"":1028}"
18.000,right_hand,og,tilt,,"{""roll_deg"":6.2,""pitch_deg"":-31.1,""steady"":true}"
18.000,right_hand,og,flick_angles,,"{""side_deg"":-4.0,""fwd_deg"":-26.4}"
18.031,right_hand,og,acc,2451402,"{""seq"":874,""x_mg"":-480,""y_mg"":12,""z_mg"":1012}"
18.031,right_hand,og,tilt,,"{""roll_deg"":5.7,""pitch_deg"":-31.3,""steady"":true}"
18.031,right_hand,og,flick_angles,,"{""side_deg"":-3.9,""fwd_deg"":-25.9}"
18.062,right_hand,og,acc,2451422,"{""seq"":875,""x_mg"":-456,""y_mg"":-8,""z_mg"":912}"
18.062,right_hand,og,tilt,,"{""roll_deg"":5.7,""pitch_deg"":-31.4,""steady"":true}"
18.062,right_hand,og,flick_angles,,"{""side_deg"":-2.2,""fwd_deg"":-25.6}"
18.062,right_hand,og,acc,2451443,"{""seq"":876,""x_mg"":-404,""y_mg"":-24,""z_mg"":856}"
18.062,right_hand,og,tilt,,"{""roll_deg"":5.6,""pitch_deg"":-31.5,""steady"":true}"
18.062,right_hand,og,flick_angles,,"{""side_deg"":-1.3,""fwd_deg"":-25.5}"
18.078,right_hand,og,acc,2451463,"{""seq"":877,""x_mg"":-348,""y_mg"":-20,""z_mg"":840}"
18.078,right_hand,og,tilt,,"{""roll_deg"":5.6,""pitch_deg"":-31.6,""steady"":true}"
18.078,right_hand,og,flick_angles,,"{""side_deg"":-1.3,""fwd_deg"":-25.4}"
18.109,right_hand,og,acc,2451484,"{""seq"":878,""x_mg"":-344,""y_mg"":-20,""z_mg"":856}"
18.109,right_hand,og,tilt,,"{""roll_deg"":5.5,""pitch_deg"":-31.6,""steady"":true}"
18.109,right_hand,og,flick_angles,,"{""side_deg"":-1.3,""fwd_deg"":-23.9}"
18.140,right_hand,og,acc,2451505,"{""seq"":879,""x_mg"":-368,""y_mg"":-32,""z_mg"":840}"
18.140,right_hand,og,tilt,,"{""roll_deg"":5.5,""pitch_deg"":-31.5,""steady"":true}"
18.140,right_hand,og,flick_angles,,"{""side_deg"":-1.3,""fwd_deg"":-23.2}"
18.140,right_hand,og,acc,2451525,"{""seq"":880,""x_mg"":-304,""y_mg"":-64,""z_mg"":764}"
18.140,right_hand,og,tilt,,"{""roll_deg"":5.3,""pitch_deg"":-31.1,""steady"":true}"
18.140,right_hand,og,flick_angles,,"{""side_deg"":-1.6,""fwd_deg"":-22.6}"
18.187,right_hand,og,acc,2451546,"{""seq"":881,""x_mg"":-232,""y_mg"":-36,""z_mg"":764}"
18.187,right_hand,og,tilt,,"{""roll_deg"":5.1,""pitch_deg"":-30.9,""steady"":true}"
18.187,right_hand,og,flick_angles,,"{""side_deg"":-2.1,""fwd_deg"":-22.1}"
18.219,right_hand,og,acc,2451566,"{""seq"":882,""x_mg"":-232,""y_mg"":-24,""z_mg"":780}"
18.219,right_hand,og,tremor,,"{""rms_mg"":49.5,""peak_hz"":11.0}"
18.219,right_hand,og,tilt,,"{""roll_deg"":4.9,""pitch_deg"":-30.2,""steady"":true}"
18.219,right_hand,og,flick_angles,,"{""side_deg"":-2.3,""fwd_deg"":-19.5}"
18.219,right_hand,og,acc,2451587,"{""seq"":883,""x_mg"":-264,""y_mg"":8,""z_mg"":800}"
18.219,right_hand,og,tilt,,"{""roll_deg"":4.9,""pitch_deg"":-29.1,""steady"":true}"
18.219,right_hand,og,flick_angles,,"{""side_deg"":-2.0,""fwd_deg"":-18.2}"
18.250,right_hand,og,acc,2451607,"{""seq"":884,""x_mg"":-260,""y_mg"":0,""z_mg"":824}"
18.250,right_hand,og,tilt,,"{""roll_deg"":4.9,""pitch_deg"":-28.3,""steady"":true}"
18.250,right_hand,og,flick_angles,,"{""side_deg"":-1.0,""fwd_deg"":-17.8}"
18.281,right_hand,og,acc,2451628,"{""seq"":885,""x_mg"":-228,""y_mg"":-32,""z_mg"":824}"
18.281,right_hand,og,tilt,,"{""roll_deg"":4.9,""pitch_deg"":-27.5,""steady"":true}"
18.281,right_hand,og,flick_angles,,"{""side_deg"":-0.5,""fwd_deg"":-17.7}"
18.281,right_hand,og,acc,2451648,"{""seq"":886,""x_mg"":-240,""y_mg"":-44,""z_mg"":848}"
18.281,right_hand,og,tilt,,"{""roll_deg"":4.9,""pitch_deg"":-26.4,""steady"":true}"
18.281,right_hand,og,flick_angles,,"{""side_deg"":-1.3,""fwd_deg"":-16.7}"
18.297,right_hand,og,acc,2451669,"{""seq"":887,""x_mg"":-264,""y_mg"":-20,""z_mg"":912}"
18.297,right_hand,og,tilt,,"{""roll_deg"":4.8,""pitch_deg"":-25.5,""steady"":true}"
18.297,right_hand,og,flick_angles,,"{""side_deg"":-1.7,""fwd_deg"":-16.3}"
18.328,right_hand,og,acc,2451690,"{""seq"":888,""x_mg"":-276,""y_mg"":-40,""z_mg"":980}"
18.328,right_hand,og,tilt,,"{""roll_deg"":4.7,""pitch_deg"":-24.9,""steady"":true}"
18.328,right_hand,og,flick_angles,,"{""side_deg"":-2.0,""fwd_deg"":-16.0}"
18.359,right_hand,og,acc,2451710,"{""seq"":889,""x_mg"":-284,""y_mg"":-52,""z_mg"":992}"
18.359,right_hand,og,tilt,,"{""roll_deg"":4.6,""pitch_deg"":-24.4,""steady"":true}"
18.359,right_hand,og,flick_angles,,"{""side_deg"":-2.1,""fwd_deg"":-16.0}"
18.359,right_hand,og,acc,2451731,"{""seq"":890,""x_mg"":-264,""y_mg"":-96,""z_mg"":988}"
18.359,right_hand,og,tilt,,"{""roll_deg"":4.4,""pitch_deg"":-24.1,""steady"":true}"
18.359,right_hand,og,flick_angles,,"{""side_deg"":-2.5,""fwd_deg"":-15.9}"
18.390,right_hand,og,acc,2451751,"{""seq"":891,""x_mg"":-272,""y_mg"":-116,""z_mg"":1020}"
18.390,right_hand,og,tilt,,"{""roll_deg"":3.8,""pitch_deg"":-23.6,""steady"":true}"
18.390,right_hand,og,flick_angles,,"{""side_deg"":-3.9,""fwd_deg"":-15.4}"
18.422,right_hand,og,acc,2451772,"{""seq"":892,""x_mg"":-284,""y_mg"":-100,""z_mg"":1028}"
18.422,right_hand,og,tilt,,"{""roll_deg"":3.2,""pitch_deg"":-23.2,""steady"":true}"
18.422,right_hand,og,flick_angles,,"{""side_deg"":-4.6,""fwd_deg"":-15.1}"
18.422,right_hand,og,acc,2451792,"{""seq"":893,""x_mg"":-276,""y_mg"":-72,""z_mg"":1040}"
18.422,right_hand,og,tilt,,"{""roll_deg"":2.7,""pitch_deg"":-23.0,""steady"":true}"
18.422,right_hand,og,flick_angles,,"{""side_deg"":-5.0,""fwd_deg"":-15.0}"
18.453,right_hand,og,acc,2451813,"{""seq"":894,""x_mg"":-284,""y_mg"":-64,""z_mg"":1044}"
18.453,right_hand,og,tilt,,"{""roll_deg"":2.6,""pitch_deg"":-22.8,""steady"":true}"
18.453,right_hand,og,flick_angles,,"{""side_deg"":-4.4,""fwd_deg"":-15.1}"
18.453,right_hand,og,acc,2451834,"{""seq"":895,""x_mg"":-276,""y_mg"":-76,""z_mg"":1024}"
18.453,right_hand,og,tilt,,"{""roll_deg"":2.5,""pitch_deg"":-22.7,""steady"":true}"
18.453,right_hand,og,flick_angles,,"{""side_deg"":-4.1,""fwd_deg"":-15.1}"
18.484,right_hand,og,acc,2451854,"{""seq"":896,""x_mg"":-276,""y_mg"":-88,""z_mg"":1076}"
18.484,right_hand,og,tilt,,"{""roll_deg"":2.4,""pitch_deg"":-22.6,""steady"":true}"
18.484,right_hand,og,flick_angles,,"{""side_deg"":-4.1,""fwd_deg"":-15.1}"
18.515,right_hand,og,acc,2451875,"{""seq"":897,""x_mg"":-312,""y_mg"":-44,""z_mg"":1172}"
18.515,right_hand,og,tilt,,"{""roll_deg"":2.3,""pitch_deg"":-22.5,""steady"":true}"
18.515,right_hand,og,flick_angles,,"{""side_deg"":-4.1,""fwd_deg"":-15.0}"
18.515,right_hand,og,acc,2451895,"{""seq"":898,""x_mg"":-336,""y_mg"":-48,""z_mg"":1260}"
18.515,right_hand,og,tilt,,"{""roll_deg"":2.3,""pitch_deg"":-22.5,""steady"":false}"
18.515,right_hand,og,flick_angles,,"{""side_deg"":-3.1,""fwd_deg"":-14.9}"
18.562,right_hand,og,acc,2451916,"{""seq"":899,""x_mg"":-340,""y_mg"":-144,""z_mg"":1252}"
18.562,right_hand,og,tilt,,"{""roll_deg"":2.3,""pitch_deg"":-22.5,""steady"":false}"
18.562,right_hand,og,flick_angles,,"{""side_deg"":-2.6,""fwd_deg"":-14.9}"
18.562,right_hand,og,acc,2451936,"{""seq"":900,""x_mg"":-328,""y_mg"":-212,""z_mg"":1280}"
18.562,right_hand,og,tilt,,"{""roll_deg"":2.3,""pitch_deg"":-22.5,""steady"":false}"
18.562,right_hand,og,flick_angles,,"{""side_deg"":-4.5,""fwd_deg"":-14.9}"
18.594,right_hand,og,acc,2451957,"{""seq"":901,""x_mg"":-304,""y_mg"":-176,""z_mg"":1268}"
18.594,right_hand,og,tilt,,"{""roll_deg"":2.3,""pitch_deg"":-22.5,""steady"":false}"
18.594,right_hand,og,flick_angles,,"{""side_deg"":-6.1,""fwd_deg"":-14.6}"
18.594,right_hand,og,acc,2451978,"{""seq"":902,""x_mg"":-224,""y_mg"":-136,""z_mg"":1112}"
18.594,right_hand,og,tilt,,"{""roll_deg"":1.9,""pitch_deg"":-22.1,""steady"":true}"
18.594,right_hand,og,flick_angles,,"{""side_deg"":-6.9,""fwd_deg"":-14.0}"
18.625,right_hand,og,acc,2451998,"{""seq"":903,""x_mg"":-152,""y_mg"":-160,""z_mg"":1048}"
18.625,right_hand,og,tilt,,"{""roll_deg"":1.5,""pitch_deg"":-21.4,""steady"":true}"
18.625,right_hand,og,flick_angles,,"{""side_deg"":-7.3,""fwd_deg"":-12.6}"
18.656,right_hand,og,acc,2452019,"{""seq"":904,""x_mg"":-84,""y_mg"":-172,""z_mg"":944}"
18.656,right_hand,og,tilt,,"{""roll_deg"":0.7,""pitch_deg"":-20.1,""steady"":true}"
18.656,right_hand,og,flick_angles,,"{""side_deg"":-7.9,""fwd_deg"":-10.4}"
18.656,right_hand,og,acc,2452039,"{""seq"":905,""x_mg"":-16,""y_mg"":-148,""z_mg"":904}"
18.656,right_hand,og,tilt,,"{""roll_deg"":-0.1,""pitch_deg"":-18.0,""steady"":true}"
18.656,right_hand,og,flick_angles,,"{""side_deg"":-8.6,""fwd_deg"":-7.7}"
18.687,right_hand,og,acc,2452060,"{""seq"":906,""x_mg"":52,""y_mg"":-116,""z_mg"":868}"
18.687,right_hand,og,tilt,,"{""roll_deg"":-0.9,""pitch_deg"":-14.8,""steady"":true}"
18.687,right_hand,og,flick_angles,,"{""side_deg"":-9.0,""fwd_deg"":-4.4}"
18.719,right_hand,og,acc,2452080,"{""seq"":907,""x_mg"":92,""y_mg"":-108,""z_mg"":784}"
18.719,right_hand,og,tilt,,"{""roll_deg"":-1.1,""pitch_deg"":-10.8,""steady"":true}"
18.719,right_hand,og,flick_angles,,"{""side_deg"":-8.4,""fwd_deg"":-0.5}"
18.719,right_hand,og,acc,2452101,"{""seq"":908,""x_mg"":148,""y_mg"":-148,""z_mg"":764}"
18.719,right_hand,og,tilt,,"{""roll_deg"":-1.2,""pitch_deg"":-6.6,""steady"":true}"
18.719,right_hand,og,flick_angles,,"{""side_deg"":-8.1,""fwd_deg"":3.1}"
18.734,right_hand,og,acc,2452122,"{""seq"":909,""x_mg"":196,""y_mg"":-152,""z_mg"":720}"
18.750,right_hand,og,tilt,,"{""roll_deg"":-2.1,""pitch_deg"":-2.2,""steady"":true}"
18.750,right_hand,og,flick_angles,,"{""side_deg"":-9.4,""fwd_deg"":6.9}"
18.765,right_hand,og,acc,2452142,"{""seq"":910,""x_mg"":232,""y_mg"":-144,""z_mg"":760}"
18.765,right_hand,og,tilt,,"{""roll_deg"":-2.7,""pitch_deg"":2.2,""steady"":true}"
18.765,right_hand,og,flick_angles,,"{""side_deg"":-10.1,""fwd_deg"":10.9}"
18.812,right_hand,og,acc,2452163,"{""seq"":911,""x_mg"":252,""y_mg"":-108,""z_mg"":736}"
18.812,right_hand,og,tilt,,"{""roll_deg"":-3.1,""pitch_deg"":5.5,""steady"":true}"
18.812,right_hand,og,flick_angles,,"{""side_deg"":-10.2,""fwd_deg"":13.8}"
18.812,right_hand,og,acc,2452183,"{""seq"":912,""x_mg"":276,""y_mg"":-96,""z_mg"":788}"
18.812,right_hand,og,tilt,,"{""roll_deg"":-3.1,""pitch_deg"":8.2,""steady"":true}"
18.812,right_hand,og,flick_angles,,"{""side_deg"":-9.0,""fwd_deg"":16.3}"
18.844,right_hand,og,acc,2452204,"{""seq"":913,""x_mg"":308,""y_mg"":-172,""z_mg"":752}"
18.844,right_hand,og,tilt,,"{""roll_deg"":-3.1,""pitch_deg"":9.9,""steady"":true}"
18.844,right_hand,og,flick_angles,,"{""side_deg"":-8.5,""fwd_deg"":17.7}"
18.875,right_hand,og,acc,2452224,"{""seq"":914,""x_mg"":340,""y_mg"":-232,""z_mg"":776}"
18.875,right_hand,og,tilt,,"{""roll_deg"":-3.3,""pitch_deg"":11.9,""steady"":true}"
18.875,right_hand,og,flick_angles,,"{""side_deg"":-10.2,""fwd_deg"":19.7}"
18.875,right_hand,og,acc,2452245,"{""seq"":915,""x_mg"":344,""y_mg"":-208,""z_mg"":776}"
18.875,right_hand,og,tilt,,"{""roll_deg"":-4.4,""pitch_deg"":13.5,""steady"":true}"
18.875,right_hand,og,flick_angles,,"{""side_deg"":-12.0,""fwd_deg"":21.3}"
18.906,right_hand,og,acc,2452265,"{""seq"":916,""x_mg"":348,""y_mg"":-196,""z_mg"":780}"
18.906,right_hand,og,tilt,,"{""roll_deg"":-5.2,""pitch_deg"":14.5,""steady"":true}"
18.906,right_hand,og,flick_angles,,"{""side_deg"":-12.9,""fwd_deg"":22.2}"
18.922,right_hand,og,acc,2452286,"{""seq"":917,""x_mg"":356,""y_mg"":-172,""z_mg"":812}"
18.922,right_hand,og,tilt,,"{""roll_deg"":-5.6,""pitch_deg"":15.1,""steady"":true}"
18.922,right_hand,og,flick_angles,,"{""side_deg"":-12.9,""fwd_deg"":22.7}"
18.922,right_hand,og,acc,2452307,"{""seq"":918,""x_mg"":344,""y_mg"":-168,""z_mg"":820}"
18.922,right_hand,og,tilt,,"{""roll_deg"":-5.6,""pitch_deg"":15.4,""steady"":true}"
18.922,right_hand,og,flick_angles,,"{""side_deg"":-11.9,""fwd_deg"":23.0}"
18.953,right_hand,og,acc,2452327,"{""seq"":919,""x_mg"":336,""y_mg"":-192,""z_mg"":812}"
18.953,right_hand,og,tilt,,"{""roll_deg"":-5.6,""pitch_deg"":15.4,""steady"":true}"
18.953,right_hand,og,flick_angles,,"{""side_deg"":-11.5,""fwd_deg"":22.7}"
18.984,right_hand,og,acc,2452348,"{""seq"":920,""x_mg"":312,""y_mg"":-232,""z_mg"":836}"
18.984,right_hand,og,tilt,,"{""roll_deg"":-5.6,""pitch_deg"":15.4,""steady"":true}"
18.984,right_hand,og,flick_angles,,"{""side_deg"":-11.9,""fwd_deg"":22.3}"
19.015,right_hand,og,acc,2452368,"{""seq"":921,""x_mg"":304,""y_mg"":-200,""z_mg"":852}"
19.015,right_hand,og,tilt,,"{""roll_deg"":-5.8,""pitch_deg"":15.2,""steady"":true}"
19.015,right_hand,og,flick_angles,,"{""side_deg"":-12.2,""fwd_deg"":21.0}"
19.015,right_hand,og,acc,2452389,"{""seq"":922,""x_mg"":292,""y_mg"":-172,""z_mg"":840}"
19.015,right_hand,og,tilt,,"{""roll_deg"":-5.9,""pitch_deg"":14.6,""steady"":true}"
19.015,right_hand,og,flick_angles,,"{""side_deg"":-12.3,""fwd_deg"":20.1}"
19.047,right_hand,og,acc,2452409,"{""seq"":923,""x_mg"":300,""y_mg"":-168,""z_mg"":816}"
19.047,right_hand,og,tilt,,"{""roll_deg"":-5.9,""pitch_deg"":14.2,""steady"":true}"
19.047,right_hand,og,flick_angles,,"{""side_deg"":-11.6,""fwd_deg"":19.6}"
19.078,right_hand,og,acc,2452430,"{""seq"":924,""x_mg"":272,""y_mg"":-168,""z_mg"":776}"
19.078,right_hand,og,tilt,,"{""roll_deg"":-5.9,""pitch_deg"":13.9,""steady"":true}"
19.078,right_hand,og,flick_angles,,"{""side_deg"":-11.3,""fwd_deg"":19.3}"
19.078,right_hand,og,acc,2452451,"{""seq"":925,""x_mg"":264,""y_mg"":-148,""z_mg"":748}"
19.078,right_hand,og,tilt,,"{""roll_deg"":-5.9,""pitch_deg"":13.7,""steady"":true}"
19.078,right_hand,og,flick_angles,,"{""side_deg"":-11.1,""fwd_deg"":19.2}"
19.109,right_hand,og,acc,2452471,"{""seq"":926,""x_mg"":248,""y_mg"":-128,""z_mg"":696}"
19.109,right_hand,og,tilt,,"{""roll_deg"":-5.9,""pitch_deg"":13.6,""steady"":true}"
19.109,right_hand,og,flick_angles,,"{""side_deg"":-10.8,""fwd_deg"":19.1}"
19.125,right_hand,og,acc,2452492,"{""seq"":927,""x_mg"":212,""y_mg"":-96,""z_mg"":656}"
19.125,right_hand,og,tilt,,"{""roll_deg"":-5.9,""pitch_deg"":13.6,""steady"":false}"
19.125,right_hand,og,flick_angles,,"{""side_deg"":-10.3,""fwd_deg"":19.1}"
19.125,right_hand,og,acc,2452512,"{""seq"":928,""x_mg"":152,""y_mg"":-72,""z_mg"":676}"
19.125,right_hand,og,tilt,,"{""roll_deg"":-5.9,""pitch_deg"":13.6,""steady"":false}"
19.125,right_hand,og,flick_angles,,"{""side_deg"":-9.1,""fwd_deg"":18.4}"
19.156,right_hand,og,acc,2452533,"{""seq"":929,""x_mg"":76,""y_mg"":-4,""z_mg"":640}"
19.156,right_hand,og,tilt,,"{""roll_deg"":-5.9,""pitch_deg"":13.6,""steady"":false}"
19.156,right_hand,og,flick_angles,,"{""side_deg"":-7.5,""fwd_deg"":15.5}"
19.187,right_hand,og,acc,2452553,"{""seq"":930,""x_mg"":28,""y_mg"":4,""z_mg"":652}"
19.187,right_hand,og,tilt,,"{""roll_deg"":-5.9,""pitch_deg"":13.6,""steady"":false}"
19.187,right_hand,og,flick_angles,,"{""side_deg"":-3.9,""fwd_deg"":11.1}"
19.219,right_hand,og,acc,2452574,"{""seq"":931,""x_mg"":-60,""y_mg"":-28,""z_mg"":732}"
19.219,right_hand,og,tilt,,"{""roll_deg"":-5.8,""pitch_deg"":13.3,""steady"":true}"
19.219,right_hand,og,flick_angles,,"{""side_deg"":-2.1,""fwd_deg"":6.8}"
19.219,right_hand,og,acc,2452595,"{""seq"":932,""x_mg"":-236,""y_mg"":-24,""z_mg"":972}"
19.219,right_hand,og,tilt,,"{""roll_deg"":-4.5,""pitch_deg"":6.5,""steady"":true}"
19.219,right_hand,og,flick_angles,,"{""side_deg"":-1.8,""fwd_deg"":1.1}"
19.250,,game,miss,,"{""n"":9,""want"":""down""}"
19.250,right_hand,og,acc,2452615,"{""seq"":933,""x_mg"":-384,""y_mg"":76,""z_mg"":1028}"
19.250,right_hand,og,tilt,,"{""roll_deg"":-2.7,""pitch_deg"":-4.5,""steady"":true}"
19.250,right_hand,og,flick_angles,,"{""side_deg"":-1.6,""fwd_deg"":-6.3}"
19.250,right_hand,og,acc,2452636,"{""seq"":934,""x_mg"":-448,""y_mg"":44,""z_mg"":1060}"
19.250,right_hand,og,tilt,,"{""roll_deg"":0.2,""pitch_deg"":-15.6,""steady"":true}"
19.250,right_hand,og,flick_angles,,"{""side_deg"":0.3,""fwd_deg"":-13.4}"
19.281,right_hand,og,acc,2452656,"{""seq"":935,""x_mg"":-508,""y_mg"":-12,""z_mg"":1184}"
19.281,right_hand,og,tilt,,"{""roll_deg"":2.4,""pitch_deg"":-22.6,""steady"":true}"
19.281,right_hand,og,flick_angles,,"{""side_deg"":1.3,""fwd_deg"":-18.1}"
19.312,right_hand,og,acc,2452677,"{""seq"":936,""x_mg"":-560,""y_mg"":0,""z_mg"":1232}"
19.312,right_hand,og,tilt,,"{""roll_deg"":2.4,""pitch_deg"":-22.6,""steady"":false}"
19.312,right_hand,og,flick_angles,,"{""side_deg"":0.6,""fwd_deg"":-20.7}"
19.312,right_hand,og,acc,2452697,"{""seq"":937,""x_mg"":-584,""y_mg"":84,""z_mg"":1228}"
19.312,right_hand,og,tilt,,"{""roll_deg"":2.4,""pitch_deg"":-22.6,""steady"":false}"
19.312,right_hand,og,flick_angles,,"{""side_deg"":0.3,""fwd_deg"":-22.6}"
19.344,right_hand,og,acc,2452718,"{""seq"":938,""x_mg"":-572,""y_mg"":140,""z_mg"":1240}"
19.344,right_hand,og,tilt,,"{""roll_deg"":2.4,""pitch_deg"":-22.6,""steady"":false}"
19.344,right_hand,og,flick_angles,,"{""side_deg"":1.9,""fwd_deg"":-23.6}"
19.375,right_hand,og,acc,2452739,"{""seq"":939,""x_mg"":-556,""y_mg"":116,""z_mg"":1204}"
19.375,right_hand,og,tilt,,"{""roll_deg"":2.4,""pitch_deg"":-22.6,""steady"":false}"
19.375,right_hand,og,flick_angles,,"{""side_deg"":3.5,""fwd_deg"":-24.1}"
19.375,right_hand,og,acc,2452759,"{""seq"":940,""x_mg"":-568,""y_mg"":96,""z_mg"":1192}"
19.375,right_hand,og,tilt,,"{""roll_deg"":2.4,""pitch_deg"":-22.6,""steady"":false}"
19.375,right_hand,og,flick_angles,,"{""side_deg"":4.2,""fwd_deg"":-24.4}"
19.406,right_hand,og,acc,2452780,"{""seq"":941,""x_mg"":-576,""y_mg"":60,""z_mg"":1196}"
19.406,right_hand,og,tilt,,"{""roll_deg"":2.4,""pitch_deg"":-22.6,""steady"":false}"
19.406,right_hand,og,flick_angles,,"{""side_deg"":4.2,""fwd_deg"":-24.9}"
19.437,right_hand,og,acc,2452800,"{""seq"":942,""x_mg"":-560,""y_mg"":44,""z_mg"":1200}"
19.437,right_hand,og,tilt,,"{""roll_deg"":2.4,""pitch_deg"":-22.6,""steady"":false}"
19.437,right_hand,og,flick_angles,,"{""side_deg"":3.4,""fwd_deg"":-25.2}"
19.437,right_hand,og,acc,2452821,"{""seq"":943,""x_mg"":-572,""y_mg"":60,""z_mg"":1176}"
19.437,right_hand,og,tilt,,"{""roll_deg"":2.4,""pitch_deg"":-22.6,""steady"":false}"
19.437,right_hand,og,flick_angles,,"{""side_deg"":3.0,""fwd_deg"":-25.4}"
19.469,right_hand,og,acc,2452841,"{""seq"":944,""x_mg"":-572,""y_mg"":28,""z_mg"":1108}"
19.469,right_hand,og,tilt,,"{""roll_deg"":5.3,""pitch_deg"":-28.5,""steady"":true}"
19.469,right_hand,og,flick_angles,,"{""side_deg"":2.4,""fwd_deg"":-25.7}"
19.500,right_hand,og,acc,2452862,"{""seq"":945,""x_mg"":-484,""y_mg"":-68,""z_mg"":1084}"
19.500,right_hand,og,tilt,,"{""roll_deg"":5.3,""pitch_deg"":-29.2,""steady"":true}"
19.500,right_hand,og,flick_angles,,"{""side_deg"":1.9,""fwd_deg"":-25.8}"
19.500,right_hand,og,acc,2452882,"{""seq"":946,""x_mg"":-476,""y_mg"":-12,""z_mg"":1108}"
19.500,right_hand,og,tilt,,"{""roll_deg"":5.3,""pitch_deg"":-29.6,""steady"":true}"
19.500,right_hand,og,flick_angles,,"{""side_deg"":0.6,""fwd_deg"":-24.9}"
19.547,right_hand,og,acc,2452903,"{""seq"":947,""x_mg"":-496,""y_mg"":40,""z_mg"":1056}"
19.547,right_hand,og,tilt,,"{""roll_deg"":5.3,""pitch_deg"":-29.9,""steady"":true}"
19.547,right_hand,og,flick_angles,,"{""side_deg"":0.0,""fwd_deg"":-24.5}"
19.578,right_hand,og,acc,2452924,"{""seq"":948,""x_mg"":-464,""y_mg"":-12,""z_mg"":980}"
19.578,right_hand,og,tilt,,"{""roll_deg"":5.3,""pitch_deg"":-30.4,""steady"":true}"
19.578,right_hand,og,flick_angles,,"{""side_deg"":-0.3,""fwd_deg"":-24.8}"
19.578,right_hand,og,acc,2452944,"{""seq"":949,""x_mg"":-380,""y_mg"":-120,""z_mg"":928}"
19.578,right_hand,og,tilt,,"{""roll_deg"":5.3,""pitch_deg"":-30.7,""steady"":true}"
19.578,right_hand,og,flick_angles,,"{""side_deg"":-0.4,""fwd_deg"":-25.0}"
19.609,right_hand,og,acc,2452965,"{""seq"":950,""x_mg"":-352,""y_mg"":-88,""z_mg"":992}"
19.609,right_hand,og,tilt,,"{""roll_deg"":5.3,""pitch_deg"":-30.7,""steady"":true}"
19.609,right_hand,og,flick_angles,,"{""side_deg"":-2.6,""fwd_deg"":-23.5}"
19.609,right_hand,og,acc,2452985,"{""seq"":951,""x_mg"":-352,""y_mg"":-20,""z_mg"":964}"
19.609,right_hand,og,tilt,,"{""roll_deg"":4.9,""pitch_deg"":-30.2,""steady"":true}"
19.609,right_hand,og,flick_angles,,"{""side_deg"":-3.7,""fwd_deg"":-21.8}"
19.640,right_hand,og,acc,2453006,"{""seq"":952,""x_mg"":-340,""y_mg"":-16,""z_mg"":916}"
19.640,right_hand,og,tilt,,"{""roll_deg"":4.9,""pitch_deg"":-29.7,""steady"":true}"
19.640,right_hand,og,flick_angles,,"{""side_deg"":-2.4,""fwd_deg"":-20.9}"
19.672,right_hand,og,acc,2453026,"{""seq"":953,""x_mg"":-276,""y_mg"":-16,""z_mg"":860}"
19.672,right_hand,og,tilt,,"{""roll_deg"":4.9,""pitch_deg"":-29.4,""steady"":true}"
19.672,right_hand,og,flick_angles,,"{""side_deg"":-1.7,""fwd_deg"":-20.5}"
19.672,right_hand,og,acc,2453047,"{""seq"":954,""x_mg"":-204,""y_mg"":-92,""z_mg"":824}"
19.672,right_hand,og,tilt,,"{""roll_deg"":4.9,""pitch_deg"":-29.1,""steady"":true}"
19.672,right_hand,og,flick_angles,,"{""side_deg"":-1.4,""fwd_deg"":-19.1}"
19.703,right_hand,og,acc,2453068,"{""seq"":955,""x_mg"":-160,""y_mg"":-112,""z_mg"":812}"
19.703,right_hand,og,tilt,,"{""roll_deg"":4.2,""pitch_deg"":-27.9,""steady"":true}"
19.703,right_hand,og,flick_angles,,"{""side_deg"":-3.8,""fwd_deg"":-16.5}"
19.734,right_hand,og,acc,2453088,"{""seq"":956,""x_mg"":-156,""y_mg"":-4,""z_mg"":804}"
19.734,right_hand,og,tilt,,"{""roll_deg"":3.4,""pitch_deg"":-25.7,""steady"":true}"
19.734,right_hand,og,flick_angles,,"{""side_deg"":-5.0,""fwd_deg"":-13.8}"
19.734,right_hand,og,acc,2453109,"{""seq"":957,""x_mg"":-132,""y_mg"":44,""z_mg"":792}"
19.734,right_hand,og,tilt,,"{""roll_deg"":3.4,""pitch_deg"":-23.6,""steady"":true}"
19.734,right_hand,og,flick_angles,,"{""side_deg"":-2.6,""fwd_deg"":-12.4}"
19.765,right_hand,og,acc,2453129,"{""seq"":958,""x_mg"":-108,""y_mg"":72,""z_mg"":796}"
19.765,right_hand,og,tilt,,"{""roll_deg"":3.4,""pitch_deg"":-21.5,""steady"":true}"
19.765,right_hand,og,flick_angles,,"{""side_deg"":0.3,""fwd_deg"":-10.9}"
19.797,right_hand,og,acc,2453150,"{""seq"":959,""x_mg"":-88,""y_mg"":64,""z_mg"":816}"
19.797,right_hand,og,tilt,,"{""roll_deg"":4.1,""pitch_deg"":-19.3,""steady"":true}"
19.797,right_hand,og,flick_angles,,"{""side_deg"":2.4,""fwd_deg"":-9.3}"
19.797,right_hand,og,acc,2453170,"{""seq"":960,""x_mg"":-108,""y_mg"":16,""z_mg"":832}"
19.797,right_hand,og,tilt,,"{""roll_deg"":5.1,""pitch_deg"":-17.7,""steady"":true}"
19.797,right_hand,og,flick_angles,,"{""side_deg"":3.4,""fwd_deg"":-8.3}"
19.828,right_hand,og,acc,2453191,"{""seq"":961,""x_mg"":-96,""y_mg"":-8,""z_mg"":896}"
19.828,right_hand,og,tilt,,"{""roll_deg"":5.3,""pitch_deg"":-16.2,""steady"":true}"
19.828,right_hand,og,flick_angles,,"{""side_deg"":2.3,""fwd_deg"":-7.2}"
19.859,right_hand,og,acc,2453212,"{""seq"":962,""x_mg"":-100,""y_mg"":-44,""z_mg"":940}"
19.859,right_hand,og,tilt,,"{""roll_deg"":5.3,""pitch_deg"":-15.2,""steady"":true}"
19.859,right_hand,og,flick_angles,,"{""side_deg"":0.9,""fwd_deg"":-6.7}"
19.859,right_hand,og,acc,2453232,"{""seq"":963,""x_mg"":-116,""y_mg"":-56,""z_mg"":968}"
19.859,right_hand,og,tilt,,"{""roll_deg"":5.3,""pitch_deg"":-14.6,""steady"":true}"
19.859,right_hand,og,flick_angles,,"{""side_deg"":-0.9,""fwd_deg"":-6.4}"
19.890,right_hand,og,acc,2453253,"{""seq"":964,""x_mg"":-140,""y_mg"":-96,""z_mg"":996}"
19.890,right_hand,og,tilt,,"{""roll_deg"":5.3,""pitch_deg"":-14.4,""steady"":true}"
19.890,right_hand,og,flick_angles,,"{""side_deg"":-2.1,""fwd_deg"":-6.6}"
19.890,right_hand,og,acc,2453273,"{""seq"":965,""x_mg"":-176,""y_mg"":-128,""z_mg"":1048}"
19.890,right_hand,og,tilt,,"{""roll_deg"":4.9,""pitch_deg"":-14.4,""steady"":true}"
19.890,right_hand,og,flick_angles,,"{""side_deg"":-3.8,""fwd_deg"":-7.3}"
19.922,right_hand,og,acc,2453294,"{""seq"":966,""x_mg"":-184,""y_mg"":-128,""z_mg"":1088}"
19.922,right_hand,og,tilt,,"{""roll_deg"":4.0,""pitch_deg"":-14.4,""steady"":true}"
19.922,right_hand,og,flick_angles,,"{""side_deg"":-5.2,""fwd_deg"":-8.4}"
19.953,right_hand,og,acc,2453314,"{""seq"":967,""x_mg"":-188,""y_mg"":-152,""z_mg"":1088}"
19.953,right_hand,og,tilt,,"{""roll_deg"":3.0,""pitch_deg"":-14.7,""steady"":true}"
19.953,right_hand,og,flick_angles,,"{""side_deg"":-6.0,""fwd_deg"":-9.0}"
19.953,right_hand,og,acc,2453335,"{""seq"":968,""x_mg"":-180,""y_mg"":-148,""z_mg"":1084}"
19.953,right_hand,og,tilt,,"{""roll_deg"":1.9,""pitch_deg"":-14.9,""steady"":true}"
19.953,right_hand,og,flick_angles,,"{""side_deg"":-6.9,""fwd_deg"":-9.2}"
19.984,right_hand,og,acc,2453356,"{""seq"":969,""x_mg"":-168,""y_mg"":-136,""z_mg"":1072}"
19.984,right_hand,og,tilt,,"{""roll_deg"":1.0,""pitch_deg"":-15.1,""steady"":true}"
19.984,right_hand,og,flick_angles,,"{""side_deg"":-7.3,""fwd_deg"":-9.3}"
20.015,right_hand,og,acc,2453376,"{""seq"":970,""x_mg"":-140,""y_mg"":-116,""z_mg"":1060}"
20.015,right_hand,og,tilt,,"{""roll_deg"":0.5,""pitch_deg"":-15.1,""steady"":true}"
20.015,right_hand,og,flick_angles,,"{""side_deg"":-7.2,""fwd_deg"":-9.1}"
20.015,right_hand,og,acc,2453397,"{""seq"":971,""x_mg"":-132,""y_mg"":-80,""z_mg"":1032}"
20.015,right_hand,og,tilt,,"{""roll_deg"":0.3,""pitch_deg"":-15.1,""steady"":true}"
20.015,right_hand,og,flick_angles,,"{""side_deg"":-6.7,""fwd_deg"":-8.3}"
20.047,right_hand,og,acc,2453417,"{""seq"":972,""x_mg"":-96,""y_mg"":-64,""z_mg"":1000}"
20.047,right_hand,og,tilt,,"{""roll_deg"":0.3,""pitch_deg"":-15.1,""steady"":true}"
20.047,right_hand,og,flick_angles,,"{""side_deg"":-5.5,""fwd_deg"":-7.8}"
20.094,right_hand,og,acc,2453438,"{""seq"":973,""x_mg"":-56,""y_mg"":-64,""z_mg"":968}"
20.094,right_hand,og,tilt,,"{""roll_deg"":0.3,""pitch_deg"":-15.0,""steady"":true}"
20.094,right_hand,og,flick_angles,,"{""side_deg"":-4.7,""fwd_deg"":-6.6}"
20.094,right_hand,og,acc,2453458,"{""seq"":974,""x_mg"":-24,""y_mg"":-76,""z_mg"":892}"
20.094,right_hand,og,tilt,,"{""roll_deg"":0.3,""pitch_deg"":-14.1,""steady"":true}"
20.094,right_hand,og,flick_angles,,"{""side_deg"":-4.2,""fwd_deg"":-5.0}"
20.125,right_hand,og,acc,2453479,"{""seq"":975,""x_mg"":-4,""y_mg"":-56,""z_mg"":912}"
20.125,right_hand,og,tilt,,"{""roll_deg"":0.4,""pitch_deg"":-12.8,""steady"":true}"
20.125,right_hand,og,flick_angles,,"{""side_deg"":-4.0,""fwd_deg"":-3.2}"
20.156,right_hand,og,acc,2453499,"{""seq"":976,""x_mg"":16,""y_mg"":-20,""z_mg"":964}"
20.156,right_hand,og,tilt,,"{""roll_deg"":0.5,""pitch_deg"":-11.4,""steady"":true}"
20.156,right_hand,og,flick_angles,,"{""side_deg"":-3.8,""fwd_deg"":-1.7}"
20.156,right_hand,og,acc,2453520,"{""seq"":977,""x_mg"":52,""y_mg"":48,""z_mg"":1012}"
20.156,right_hand,og,tilt,,"{""roll_deg"":0.8,""pitch_deg"":-9.9,""steady"":true}"
20.156,right_hand,og,flick_angles,,"{""side_deg"":-2.5,""fwd_deg"":-0.4}"
20.172,right_hand,og,acc,2453541,"{""seq"":978,""x_mg"":60,""y_mg"":76,""z_mg"":1036}"
20.172,right_hand,og,tilt,,"{""roll_deg"":1.8,""pitch_deg"":-8.1,""steady"":true}"
20.172,right_hand,og,flick_angles,,"{""side_deg"":0.1,""fwd_deg"":1.3}"
20.172,right_hand,og,acc,2453561,"{""seq"":979,""x_mg"":60,""y_mg"":56,""z_mg"":1012}"
20.172,right_hand,og,tilt,,"{""roll_deg"":3.1,""pitch_deg"":-6.8,""steady"":true}"
20.172,right_hand,og,flick_angles,,"{""side_deg"":1.6,""fwd_deg"":2.3}"
20.219,right_hand,og,acc,2453582,"{""seq"":980,""x_mg"":80,""y_mg"":68,""z_mg"":1020}"
20.219,right_hand,og,tremor,,"{""rms_mg"":45.9,""peak_hz"":4.2}"
20.219,right_hand,og,tilt,,"{""roll_deg"":4.5,""pitch_deg"":-5.9,""steady"":true}"
20.219,right_hand,og,flick_angles,,"{""side_deg"":2.7,""fwd_deg"":2.8}"
20.250,right_hand,og,acc,2453602,"{""seq"":981,""x_mg"":132,""y_mg"":84,""z_mg"":1048}"
20.250,right_hand,og,tilt,,"{""roll_deg"":5.6,""pitch_deg"":-4.9,""steady"":true}"
20.250,right_hand,og,flick_angles,,"{""side_deg"":3.3,""fwd_deg"":3.7}"
20.250,right_hand,og,acc,2453623,"{""seq"":982,""x_mg"":100,""y_mg"":140,""z_mg"":1056}"
20.250,right_hand,og,tilt,,"{""roll_deg"":6.8,""pitch_deg"":-3.9,""steady"":true}"
20.250,right_hand,og,flick_angles,,"{""side_deg"":3.9,""fwd_deg"":4.5}"
20.281,right_hand,og,acc,2453643,"{""seq"":983,""x_mg"":44,""y_mg"":172,""z_mg"":1028}"
20.281,right_hand,og,tilt,,"{""roll_deg"":8.5,""pitch_deg"":-3.3,""steady"":true}"
20.281,right_hand,og,flick_angles,,"{""side_deg"":5.7,""fwd_deg"":4.9}"
20.312,right_hand,og,acc,2453664,"{""seq"":984,""x_mg"":12,""y_mg"":108,""z_mg"":988}"
20.312,right_hand,og,tilt,,"{""roll_deg"":9.8,""pitch_deg"":-3.3,""steady"":true}"
20.312,right_hand,og,flick_angles,,"{""side_deg"":6.6,""fwd_deg"":3.7}"
20.312,right_hand,og,acc,2453685,"{""seq"":985,""x_mg"":28,""y_mg"":88,""z_mg"":944}"
20.312,right_hand,og,tilt,,"{""roll_deg"":10.3,""pitch_deg"":-3.4,""steady"":true}"
20.312,right_hand,og,flick_angles,,"{""side_deg"":6.4,""fwd_deg"":2.7}"
20.344,right_hand,og,acc,2453705,"{""seq"":986,""x_mg"":60,""y_mg"":48,""z_mg"":928}"
20.344,right_hand,og,tilt,,"{""roll_deg"":10.3,""pitch_deg"":-3.6,""steady"":true}"
20.344,right_hand,og,flick_angles,,"{""side_deg"":5.9,""fwd_deg"":2.2}"
20.375,right_hand,og,acc,2453726,"{""seq"":987,""x_mg"":36,""y_mg"":8,""z_mg"":924}"
20.375,right_hand,og,tilt,,"{""roll_deg"":10.3,""pitch_deg"":-3.7,""steady"":true}"
20.375,right_hand,og,flick_angles,,"{""side_deg"":4.4,""fwd_deg"":2.2}"
20.375,right_hand,og,acc,2453746,"{""seq"":988,""x_mg"":-80,""y_mg"":60,""z_mg"":924}"
20.375,right_hand,og,tilt,,"{""roll_deg"":10.3,""pitch_deg"":-3.8,""steady"":true}"
20.375,right_hand,og,flick_angles,,"{""side_deg"":3.7,""fwd_deg"":2.2}"
20.406,right_hand,og,acc,2453767,"{""seq"":989,""x_mg"":-100,""y_mg"":44,""z_mg"":904}"
20.406,right_hand,og,tilt,,"{""roll_deg"":10.0,""pitch_deg"":-4.4,""steady"":true}"
20.406,right_hand,og,flick_angles,,"{""side_deg"":3.2,""fwd_deg"":-1.4}"
20.437,right_hand,og,acc,2453787,"{""seq"":990,""x_mg"":-88,""y_mg"":-8,""z_mg"":916}"
20.437,right_hand,og,tilt,,"{""roll_deg"":9.8,""pitch_deg"":-5.4,""steady"":true}"
20.437,right_hand,og,flick_angles,,"{""side_deg"":3.0,""fwd_deg"":-3.4}"
20.437,right_hand,og,acc,2453808,"{""seq"":991,""x_mg"":-96,""y_mg"":16,""z_mg"":956}"
20.437,right_hand,og,tilt,,"{""roll_deg"":9.5,""pitch_deg"":-6.7,""steady"":true}"
20.437,right_hand,og,flick_angles,,"{""side_deg"":2.0,""fwd_deg"":-4.6}"
20.469,right_hand,og,acc,2453829,"{""seq"":992,""x_mg"":-188,""y_mg"":72,""z_mg"":1008}"
20.469,right_hand,og,tilt,,"{""roll_deg"":9.3,""pitch_deg"":-8.0,""steady"":true}"
20.469,right_hand,og,flick_angles,,"{""side_deg"":1.5,""fwd_deg"":-5.2}"
20.469,right_hand,og,acc,2453849,"{""seq"":993,""x_mg"":-280,""y_mg"":20,""z_mg"":992}"
20.469,right_hand,og,tilt,,"{""roll_deg"":9.1,""pitch_deg"":-10.5,""steady"":true}"
20.469,right_hand,og,flick_angles,,"{""side_deg"":1.3,""fwd_deg"":-7.8}"
20.500,right_hand,og,acc,2453870,"{""seq"":994,""x_mg"":-292,""y_mg"":-92,""z_mg"":996}"
20.500,right_hand,og,tilt,,"{""roll_deg"":8.9,""pitch_deg"":-14.6,""steady"":true}"
20.500,right_hand,og,flick_angles,,"{""side_deg"":1.2,""fwd_deg"":-11.8}"
20.531,right_hand,og,acc,2453890,"{""seq"":995,""x_mg"":-284,""y_mg"":-128,""z_mg"":1008}"
20.531,right_hand,og,tilt,,"{""roll_deg"":7.5,""pitch_deg"":-17.3,""steady"":true}"
20.531,right_hand,og,flick_angles,,"{""side_deg"":-1.9,""fwd_deg"":-13.8}"
20.531,right_hand,og,acc,2453911,"{""seq"":996,""x_mg"":-340,""y_mg"":-84,""z_mg"":1044}"
20.531,right_hand,og,tilt,,"{""roll_deg"":6.0,""pitch_deg"":-19.4,""steady"":true}"
20.531,right_hand,og,flick_angles,,"{""side_deg"":-3.5,""fwd_deg"":-15.0}"
20.562,right_hand,og,acc,2453931,"{""seq"":997,""x_mg"":-404,""y_mg"":-104,""z_mg"":1056}"
20.562,right_hand,og,tilt,,"{""roll_deg"":4.7,""pitch_deg"":-21.3,""steady"":true}"
20.562,right_hand,og,flick_angles,,"{""side_deg"":-4.4,""fwd_deg"":-16.5}"
20.578,right_hand,og,acc,2453952,"{""seq"":998,""x_mg"":-416,""y_mg"":-188,""z_mg"":1036}"
20.578,right_hand,og,tilt,,"{""roll_deg"":3.6,""pitch_deg"":-23.6,""steady"":true}"
20.578,right_hand,og,flick_angles,,"{""side_deg"":-4.8,""fwd_deg"":-18.7}"
20.578,right_hand,og,acc,2453972,"{""seq"":999,""x_mg"":-356,""y_mg"":-288,""z_mg"":1004}"
20.578,right_hand,og,tilt,,"{""roll_deg"":1.4,""pitch_deg"":-25.0,""steady"":true}"
20.578,right_hand,og,flick_angles,,"{""side_deg"":-7.2,""fwd_deg"":-19.8}"
20.609,right_hand,og,acc,2453993,"{""seq"":1000,""x_mg"":-348,""y_mg"":-272,""z_mg"":1016}"
20.609,right_hand,og,tilt,,"{""roll_deg"":-2.0,""pitch_deg"":-25.1,""steady"":true}"
20.609,right_hand,og,flick_angles,,"{""side_deg"":-10.7,""fwd_deg"":-19.3}"
20.640,right_hand,og,acc,2454014,"{""seq"":1001,""x_mg"":-360,""y_mg"":-244,""z_mg"":992}"
20.640,right_hand,og,tilt,,"{""roll_deg"":-4.3,""pitch_deg"":-25.1,""steady"":true}"
20.640,right_hand,og,flick_angles,,"{""side_deg"":-12.5,""fwd_deg"":-19.1}"
20.672,right_hand,og,acc,2454034,"{""seq"":1002,""x_mg"":-336,""y_mg"":-252,""z_mg"":952}"
20.672,right_hand,og,tilt,,"{""roll_deg"":-5.6,""pitch_deg"":-25.2,""steady"":true}"
20.672,right_hand,og,flick_angles,,"{""side_deg"":-13.2,""fwd_deg"":-18.9}"
20.672,right_hand,og,acc,2454055,"{""seq"":1003,""x_mg"":-304,""y_mg"":-236,""z_mg"":928}"
20.672,right_hand,og,tilt,,"{""roll_deg"":-6.3,""pitch_deg"":-25.2,""steady"":true}"
20.672,right_hand,og,flick_angles,,"{""side_deg"":-13.4,""fwd_deg"":-18.9}"
20.703,right_hand,og,acc,2454075,"{""seq"":1004,""x_mg"":-284,""y_mg"":-240,""z_mg"":920}"
20.703,right_hand,og,tilt,,"{""roll_deg"":-6.9,""pitch_deg"":-25.2,""steady"":true}"
20.703,right_hand,og,flick_angles,,"{""side_deg"":-13.7,""fwd_deg"":-18.3}"
20.734,right_hand,og,acc,2454096,"{""seq"":1005,""x_mg"":-280,""y_mg"":-228,""z_mg"":896}"
20.734,right_hand,og,tilt,,"{""roll_deg"":-7.1,""pitch_deg"":-25.2,""steady"":true}"
20.734,right_hand,og,flick_angles,,"{""side_deg"":-13.7,""fwd_deg"":-17.6}"
20.734,right_hand,og,acc,2454116,"{""seq"":1006,""x_mg"":-256,""y_mg"":-216,""z_mg"":900}"
20.734,right_hand,og,tilt,,"{""roll_deg"":-7.3,""pitch_deg"":-25.0,""steady"":true}"
20.750,right_hand,og,flick_angles,,"{""side_deg"":-13.7,""fwd_deg"":-17.1}"
20.765,,game,miss,,"{""n"":10,""want"":""left""}"
20.765,right_hand,og,acc,2454137,"{""seq"":1007,""x_mg"":-232,""y_mg"":-180,""z_mg"":896}"
20.765,right_hand,og,tilt,,"{""roll_deg"":-7.3,""pitch_deg"":-24.6,""steady"":true}"
20.765,right_hand,og,flick_angles,,"{""side_deg"":-13.3,""fwd_deg"":-16.3}"
20.797,right_hand,og,acc,2454158,"{""seq"":1008,""x_mg"":-220,""y_mg"":-184,""z_mg"":884}"
20.797,right_hand,og,tilt,,"{""roll_deg"":-7.3,""pitch_deg"":-24.2,""steady"":true}"
20.797,right_hand,og,flick_angles,,"{""side_deg"":-12.4,""fwd_deg"":-15.3}"
20.797,right_hand,og,acc,2454178,"{""seq"":1009,""x_mg"":-200,""y_mg"":-196,""z_mg"":880}"
20.797,right_hand,og,tilt,,"{""roll_deg"":-7.3,""pitch_deg"":-24.0,""steady"":true}"
20.797,right_hand,og,flick_angles,,"{""side_deg"":-11.9,""fwd_deg"":-14.5}"
20.828,right_hand,og,acc,2454199,"{""seq"":1010,""x_mg"":-156,""y_mg"":-188,""z_mg"":900}"
20.828,right_hand,og,tilt,,"{""roll_deg"":-7.1,""pitch_deg"":-23.6,""steady"":true}"
20.828,right_hand,og,flick_angles,,"{""side_deg"":-11.8,""fwd_deg"":-13.5}"
20.859,right_hand,og,acc,2454219,"{""seq"":1011,""x_mg"":-128,""y_mg"":-180,""z_mg"":924}"
20.859,right_hand,og,tilt,,"{""roll_deg"":-7.0,""pitch_deg"":-22.4,""steady"":true}"
20.859,right_hand,og,flick_angles,,"{""side_deg"":-11.7,""fwd_deg"":-11.6}"
20.890,right_hand,og,acc,2454240,"{""seq"":1012,""x_mg"":-112,""y_mg"":-140,""z_mg"":952}"
20.890,right_hand,og,tilt,,"{""roll_deg"":-6.8,""pitch_deg"":-20.7,""steady"":true}"
20.890,right_hand,og,flick_angles,,"{""side_deg"":-11.3,""fwd_deg"":-9.7}"
20.890,right_hand,og,acc,2454260,"{""seq"":1013,""x_mg"":-96,""y_mg"":-124,""z_mg"":968}"
20.890,right_hand,og,tilt,,"{""roll_deg"":-6.5,""pitch_deg"":-18.9,""steady"":true}"
20.890,right_hand,og,flick_angles,,"{""side_deg"":-9.8,""fwd_deg"":-8.1}"
20.922,right_hand,og,acc,2454281,"{""seq"":1014,""x_mg"":-100,""y_mg"":-124,""z_mg"":976}"
20.922,right_hand,og,tilt,,"{""roll_deg"":-6.1,""pitch_deg"":-17.1,""steady"":true}"
20.922,right_hand,og,flick_angles,,"{""side_deg"":-8.5,""fwd_deg"":-7.0}"
20.922,right_hand,og,acc,2454302,"{""seq"":1015,""x_mg"":-84,""y_mg"":-136,""z_mg"":964}"
20.922,right_hand,og,tilt,,"{""roll_deg"":-5.6,""pitch_deg"":-15.8,""steady"":true}"
20.922,right_hand,og,flick_angles,,"{""side_deg"":-7.9,""fwd_deg"":-6.3}"
20.953,right_hand,og,acc,2454322,"{""seq"":1016,""x_mg"":-56,""y_mg"":-116,""z_mg"":988}"
20.953,right_hand,og,tilt,,"{""roll_deg"":-5.1,""pitch_deg"":-14.7,""steady"":true}"
20.953,right_hand,og,flick_angles,,"{""side_deg"":-7.6,""fwd_deg"":-5.6}"
20.984,right_hand,og,acc,2454343,"{""seq"":1017,""x_mg"":-60,""y_mg"":-112,""z_mg"":980}"
20.984,right_hand,og,tilt,,"{""roll_deg"":-4.4,""pitch_deg"":-13.4,""steady"":true}"
20.984,right_hand,og,flick_angles,,"{""side_deg"":-7.1,""fwd_deg"":-4.5}"
20.984,right_hand,og,acc,2454363,"{""seq"":1018,""x_mg"":-76,""y_mg"":-88,""z_mg"":956}"
20.984,right_hand,og,tilt,,"{""roll_deg"":-3.8,""pitch_deg"":-12.6,""steady"":true}"
20.984,right_hand,og,flick_angles,,"{""side_deg"":-6.8,""fwd_deg"":-4.0}"
21.000,right_hand,og,acc,2454384,"{""seq"":1019,""x_mg"":-80,""y_mg"":-64,""z_mg"":952}"
21.000,right_hand,og,tilt,,"{""roll_deg"":-3.0,""pitch_deg"":-12.3,""steady"":true}"
21.000,right_hand,og,flick_angles,,"{""side_deg"":-6.0,""fwd_deg"":-4.3}"
21.047,right_hand,og,acc,2454404,"{""seq"":1020,""x_mg"":-48,""y_mg"":-56,""z_mg"":964}"
21.047,right_hand,og,tilt,,"{""roll_deg"":-1.9,""pitch_deg"":-12.2,""steady"":true}"
21.047,right_hand,og,flick_angles,,"{""side_deg"":-4.9,""fwd_deg"":-4.4}"
21.047,right_hand,og,acc,2454425,"{""seq"":1021,""x_mg"":-56,""y_mg"":-76,""z_mg"":960}"
21.047,right_hand,og,tilt,,"{""roll_deg"":-1.1,""pitch_deg"":-11.7,""steady"":true}"
21.047,right_hand,og,flick_angles,,"{""side_deg"":-4.4,""fwd_deg"":-3.9}"
21.078,right_hand,og,acc,2454446,"{""seq"":1022,""x_mg"":-68,""y_mg"":-72,""z_mg"":980}"
21.078,right_hand,og,tilt,,"{""roll_deg"":-0.6,""pitch_deg"":-11.4,""steady"":true}"
21.078,right_hand,og,flick_angles,,"{""side_deg"":-4.3,""fwd_deg"":-3.6}"
21.109,right_hand,og,acc,2454466,"{""seq"":1023,""x_mg"":-88,""y_mg"":-40,""z_mg"":996}"
21.109,right_hand,og,tilt,,"{""roll_deg"":-0.2,""pitch_deg"":-11.3,""steady"":true}"
21.109,right_hand,og,flick_angles,,"{""side_deg"":-4.2,""fwd_deg"":-3.8}"
21.109,right_hand,og,acc,2454487,"{""seq"":1024,""x_mg"":-128,""y_mg"":-20,""z_mg"":1008}"
21.109,right_hand,og,tilt,,"{""roll_deg"":0.6,""pitch_deg"":-11.3,""steady"":true}"
21.109,right_hand,og,flick_angles,,"{""side_deg"":-3.3,""fwd_deg"":-4.4}"
21.140,right_hand,og,acc,2454507,"{""seq"":1025,""x_mg"":-140,""y_mg"":-68,""z_mg"":1020}"
21.140,right_hand,og,tilt,,"{""roll_deg"":1.2,""pitch_deg"":-11.3,""steady"":true}"
21.140,right_hand,og,flick_angles,,"{""side_deg"":-2.8,""fwd_deg"":-5.8}"
21.172,right_hand,og,acc,2454528,"{""seq"":1026,""x_mg"":-140,""y_mg"":-40,""z_mg"":1024}"
21.172,right_hand,og,tilt,,"{""roll_deg"":1.6,""pitch_deg"":-11.7,""steady"":true}"
21.172,right_hand,og,flick_angles,,"{""side_deg"":-2.5,""fwd_deg"":-6.8}"
21.172,right_hand,og,acc,2454548,"{""seq"":1027,""x_mg"":-156,""y_mg"":-20,""z_mg"":1040}"
21.172,right_hand,og,tilt,,"{""roll_deg"":1.9,""pitch_deg"":-11.9,""steady"":true}"
21.172,right_hand,og,flick_angles,,"{""side_deg"":-2.4,""fwd_deg"":-7.3}"
21.203,right_hand,og,acc,2454569,"{""seq"":1028,""x_mg"":-160,""y_mg"":-8,""z_mg"":1044}"
21.203,right_hand,og,tilt,,"{""roll_deg"":2.5,""pitch_deg"":-12.1,""steady"":true}"
21.203,right_hand,og,flick_angles,,"{""side_deg"":-1.7,""fwd_deg"":-7.9}"
21.234,right_hand,og,acc,2454590,"{""seq"":1029,""x_mg"":-168,""y_mg"":12,""z_mg"":1048}"
21.234,right_hand,og,tilt,,"{""roll_deg"":3.0,""pitch_deg"":-12.4,""steady"":true}"
21.234,right_hand,og,flick_angles,,"{""side_deg"":-1.1,""fwd_deg"":-8.3}"
21.234,right_hand,og,acc,2454610,"{""seq"":1030,""x_mg"":-176,""y_mg"":48,""z_mg"":1032}"
21.234,right_hand,og,tilt,,"{""roll_deg"":3.7,""pitch_deg"":-12.8,""steady"":true}"
21.234,right_hand,og,flick_angles,,"{""side_deg"":-0.2,""fwd_deg"":-8.7}"
21.265,right_hand,og,acc,2454631,"{""seq"":1031,""x_mg"":-180,""y_mg"":68,""z_mg"":1024}"
21.265,right_hand,og,tilt,,"{""roll_deg"":4.8,""pitch_deg"":-13.3,""steady"":true}"
21.265,right_hand,og,flick_angles,,"{""side_deg"":1.2,""fwd_deg"":-9.2}"
21.265,right_hand,og,acc,2454651,"{""seq"":1032,""x_mg"":-172,""y_mg"":52,""z_mg"":1016}"
21.265,right_hand,og,tilt,,"{""roll_deg"":5.7,""pitch_deg"":-13.8,""steady"":true}"
21.265,right_hand,og,flick_angles,,"{""side_deg"":2.0,""fwd_deg"":-9.4}"
21.297,right_hand,og,acc,2454672,"{""seq"":1033,""x_mg"":-176,""y_mg"":52,""z_mg"":1016}"
21.297,right_hand,og,tilt,,"{""roll_deg"":6.3,""pitch_deg"":-14.3,""steady"":true}"
21.297,right_hand,og,flick_angles,,"{""side_deg"":2.5,""fwd_deg"":-9.6}"
21.344,right_hand,og,acc,2454692,"{""seq"":1034,""x_mg"":-176,""y_mg"":56,""z_mg"":1008}"
21.344,right_hand,og,tilt,,"{""roll_deg"":6.8,""pitch_deg"":-14.6,""steady"":true}"
21.344,right_hand,og,flick_angles,,"{""side_deg"":2.7,""fwd_deg"":-9.7}"
21.344,right_hand,og,acc,2454713,"{""seq"":1035,""x_mg"":-192,""y_mg"":56,""z_mg"":984}"
21.344,right_hand,og,tilt,,"{""roll_deg"":7.2,""pitch_deg"":-15.0,""steady"":true}"
21.344,right_hand,og,flick_angles,,"{""side_deg"":2.9,""fwd_deg"":-9.8}"
21.375,right_hand,og,acc,2454733,"{""seq"":1036,""x_mg"":-200,""y_mg"":52,""z_mg"":992}"
21.375,right_hand,og,tilt,,"{""roll_deg"":7.5,""pitch_deg"":-15.5,""steady"":true}"
21.375,right_hand,og,flick_angles,,"{""side_deg"":3.0,""fwd_deg"":-10.4}"
21.406,right_hand,og,acc,2454754,"{""seq"":1037,""x_mg"":-200,""y_mg"":32,""z_mg"":996}"
21.406,right_hand,og,tilt,,"{""roll_deg"":7.6,""pitch_deg"":-16.0,""steady"":true}"
21.406,right_hand,og,flick_angles,,"{""side_deg"":3.0,""fwd_deg"":-10.9}"
21.406,right_hand,og,acc,2454775,"{""seq"":1038,""x_mg"":-192,""y_mg"":0,""z_mg"":988}"
21.406,right_hand,og,tilt,,"{""roll_deg"":7.6,""pitch_deg"":-16.3,""steady"":true}"
21.406,right_hand,og,flick_angles,,"{""side_deg"":2.4,""fwd_deg"":-11.1}"
21.422,right_hand,og,acc,2454795,"{""seq"":1039,""x_mg"":-204,""y_mg"":0,""z_mg"":988}"
21.422,right_hand,og,tilt,,"{""roll_deg"":7.6,""pitch_deg"":-16.6,""steady"":true}"
21.422,right_hand,og,flick_angles,,"{""side_deg"":1.2,""fwd_deg"":-11.2}"
21.453,right_hand,og,acc,2454816,"{""seq"":1040,""x_mg"":-212,""y_mg"":-12,""z_mg"":988}"
21.453,right_hand,og,tilt,,"{""roll_deg"":7.6,""pitch_deg"":-16.9,""steady"":true}"
21.453,right_hand,og,flick_angles,,"{""side_deg"":0.6,""fwd_deg"":-11.4}"
21.484,right_hand,og,acc,2454836,"{""seq"":1041,""x_mg"":-216,""y_mg"":-8,""z_mg"":988}"
21.484,right_hand,og,tilt,,"{""roll_deg"":7.4,""pitch_deg"":-17.3,""steady"":true}"
21.484,right_hand,og,flick_angles,,"{""side_deg"":0.1,""fwd_deg"":-11.8}"
21.484,right_hand,og,acc,2454857,"{""seq"":1042,""x_mg"":-216,""y_mg"":-32,""z_mg"":980}"
21.484,right_hand,og,tilt,,"{""roll_deg"":7.2,""pitch_deg"":-17.6,""steady"":true}"
21.484,right_hand,og,flick_angles,,"{""side_deg"":-0.3,""fwd_deg"":-12.1}"
21.515,right_hand,og,acc,2454878,"{""seq"":1043,""x_mg"":-220,""y_mg"":-48,""z_mg"":976}"
21.515,right_hand,og,tilt,,"{""roll_deg"":6.9,""pitch_deg"":-17.8,""steady"":true}"
21.515,right_hand,og,flick_angles,,"{""side_deg"":-1.1,""fwd_deg"":-12.2}"
21.547,right_hand,og,acc,2454898,"{""seq"":1044,""x_mg"":-220,""y_mg"":-52,""z_mg"":976}"
21.547,right_hand,og,tilt,,"{""roll_deg"":6.5,""pitch_deg"":-18.1,""steady"":true}"
21.547,right_hand,og,flick_angles,,"{""side_deg"":-1.9,""fwd_deg"":-12.5}"
21.547,right_hand,og,acc,2454919,"{""seq"":1045,""x_mg"":-208,""y_mg"":-56,""z_mg"":972}"
21.547,right_hand,og,tilt,,"{""roll_deg"":6.0,""pitch_deg"":-18.3,""steady"":true}"
21.547,right_hand,og,flick_angles,,"{""side_deg"":-2.4,""fwd_deg"":-12.6}"
21.578,right_hand,og,acc,2454939,"{""seq"":1046,""x_mg"":-248,""y_mg"":-24,""z_mg"":1008}"
21.578,right_hand,og,tilt,,"{""roll_deg"":5.5,""pitch_deg"":-18.4,""steady"":true}"
21.578,right_hand,og,flick_angles,,"{""side_deg"":-2.7,""fwd_deg"":-12.6}"
21.609,right_hand,og,acc,2454960,"{""seq"":1047,""x_mg"":-272,""y_mg"":-48,""z_mg"":1032}"
21.609,right_hand,og,tilt,,"{""roll_deg"":5.1,""pitch_deg"":-18.8,""steady"":true}"
21.609,right_hand,og,flick_angles,,"{""side_deg"":-2.6,""fwd_deg"":-13.2}"
21.609,right_hand,og,acc,2454980,"{""seq"":1048,""x_mg"":-260,""y_mg"":-52,""z_mg"":1116}"
21.609,right_hand,og,tilt,,"{""roll_deg"":4.8,""pitch_deg"":-19.1,""steady"":true}"
21.609,right_hand,og,flick_angles,,"{""side_deg"":-2.6,""fwd_deg"":-13.5}"
21.625,right_hand,og,acc,2455001,"{""seq"":1049,""x_mg"":-304,""y_mg"":-56,""z_mg"":1172}"
21.625,right_hand,og,tilt,,"{""roll_deg"":4.5,""pitch_deg"":-19.5,""steady"":true}"
21.625,right_hand,og,flick_angles,,"{""side_deg"":-2.6,""fwd_deg"":-14.0}"
21.656,right_hand,og,acc,2455021,"{""seq"":1050,""x_mg"":-360,""y_mg"":-36,""z_mg"":1256}"
21.656,right_hand,og,tilt,,"{""roll_deg"":4.5,""pitch_deg"":-19.5,""steady"":false}"
21.656,right_hand,og,flick_angles,,"{""side_deg"":-2.6,""fwd_deg"":-14.3}"
21.687,right_hand,og,acc,2455042,"{""seq"":1051,""x_mg"":-360,""y_mg"":-104,""z_mg"":1272}"
21.687,right_hand,og,tilt,,"{""roll_deg"":4.5,""pitch_deg"":-19.5,""steady"":false}"
21.687,right_hand,og,flick_angles,,"{""side_deg"":-2.6,""fwd_deg"":-15.0}"
21.687,right_hand,og,acc,2455063,"{""seq"":1052,""x_mg"":-328,""y_mg"":-180,""z_mg"":1264}"
21.687,right_hand,og,tilt,,"{""roll_deg"":4.5,""pitch_deg"":-19.5,""steady"":false}"
21.687,right_hand,og,flick_angles,,"{""side_deg"":-3.6,""fwd_deg"":-15.4}"
21.719,right_hand,og,acc,2455083,"{""seq"":1053,""x_mg"":-284,""y_mg"":-132,""z_mg"":1212}"
21.719,right_hand,og,tilt,,"{""roll_deg"":4.0,""pitch_deg"":-19.5,""steady"":true}"
21.719,right_hand,og,flick_angles,,"{""side_deg"":-4.8,""fwd_deg"":-14.9}"
21.750,right_hand,og,acc,2455104,"{""seq"":1054,""x_mg"":-252,""y_mg"":-76,""z_mg"":1132}"
21.750,right_hand,og,tilt,,"{""roll_deg"":3.7,""pitch_deg"":-19.5,""steady"":true}"
21.750,right_hand,og,flick_angles,,"{""side_deg"":-5.4,""fwd_deg"":-14.0}"
21.750,right_hand,og,acc,2455124,"{""seq"":1055,""x_mg"":-204,""y_mg"":-36,""z_mg"":1048}"
21.750,right_hand,og,tilt,,"{""roll_deg"":3.5,""pitch_deg"":-19.5,""steady"":true}"
21.750,right_hand,og,flick_angles,,"{""side_deg"":-4.6,""fwd_deg"":-13.3}"
21.781,right_hand,og,acc,2455145,"{""seq"":1056,""x_mg"":-156,""y_mg"":-16,""z_mg"":996}"
21.781,right_hand,og,tilt,,"{""roll_deg"":3.5,""pitch_deg"":-19.5,""steady"":true}"
21.781,right_hand,og,flick_angles,,"{""side_deg"":-3.3,""fwd_deg"":-12.1}"
21.812,right_hand,og,acc,2455165,"{""seq"":1057,""x_mg"":-104,""y_mg"":-4,""z_mg"":936}"
21.812,right_hand,og,tilt,,"{""roll_deg"":3.5,""pitch_deg"":-19.5,""steady"":true}"
21.812,right_hand,og,flick_angles,,"{""side_deg"":-2.1,""fwd_deg"":-10.5}"
21.812,right_hand,og,acc,2455186,"{""seq"":1058,""x_mg"":-60,""y_mg"":-16,""z_mg"":892}"
21.812,right_hand,og,tilt,,"{""roll_deg"":3.5,""pitch_deg"":-18.9,""steady"":true}"
21.812,right_hand,og,flick_angles,,"{""side_deg"":-1.5,""fwd_deg"":-8.4}"
21.844,right_hand,og,acc,2455207,"{""seq"":1059,""x_mg"":-16,""y_mg"":-36,""z_mg"":868}"
21.844,right_hand,og,tilt,,"{""roll_deg"":3.5,""pitch_deg"":-17.2,""steady"":true}"
21.844,right_hand,og,flick_angles,,"{""side_deg"":-1.3,""fwd_deg"":-6.1}"
21.875,right_hand,og,acc,2455227,"{""seq"":1060,""x_mg"":20,""y_mg"":-36,""z_mg"":828}"
21.875,right_hand,og,tilt,,"{""roll_deg"":3.5,""pitch_deg"":-14.8,""steady"":true}"
21.875,right_hand,og,flick_angles,,"{""side_deg"":-1.8,""fwd_deg"":-3.6}"
21.875,right_hand,og,acc,2455248,"{""seq"":1061,""x_mg"":64,""y_mg"":-36,""z_mg"":804}"
21.875,right_hand,og,tilt,,"{""roll_deg"":3.5,""pitch_deg"":-11.9,""steady"":true}"
21.875,right_hand,og,flick_angles,,"{""side_deg"":-2.2,""fwd_deg"":-1.1}"
21.906,right_hand,og,acc,2455268,"{""seq"":1062,""x_mg"":96,""y_mg"":-44,""z_mg"":792}"
21.906,right_hand,og,tilt,,"{""roll_deg"":3.5,""pitch_deg"":-8.7,""steady"":true}"
21.906,right_hand,og,flick_angles,,"{""side_deg"":-2.4,""fwd_deg"":1.7}"
21.906,right_hand,og,acc,2455289,"{""seq"":1063,""x_mg"":132,""y_mg"":-68,""z_mg"":780}"
21.906,right_hand,og,tilt,,"{""roll_deg"":3.5,""pitch_deg"":-5.5,""steady"":true}"
21.906,right_hand,og,flick_angles,,"{""side_deg"":-2.8,""fwd_deg"":4.3}"
21.937,right_hand,og,acc,2455309,"{""seq"":1064,""x_mg"":172,""y_mg"":-80,""z_mg"":788}"
21.937,right_hand,og,tilt,,"{""roll_deg"":3.4,""pitch_deg"":-2.4,""steady"":true}"
21.937,right_hand,og,flick_angles,,"{""side_deg"":-3.8,""fwd_deg"":6.9}"
21.969,right_hand,og,acc,2455330,"{""seq"":1065,""x_mg"":188,""y_mg"":-80,""z_mg"":800}"
21.969,right_hand,og,tilt,,"{""roll_deg"":2.9,""pitch_deg"":0.7,""steady"":true}"
21.969,right_hand,og,flick_angles,,"{""side_deg"":-4.7,""fwd_deg"":9.6}"
21.969,right_hand,og,acc,2455351,"{""seq"":1066,""x_mg"":200,""y_mg"":-92,""z_mg"":788}"
21.969,right_hand,og,tilt,,"{""roll_deg"":2.5,""pitch_deg"":2.9,""steady"":true}"
21.969,right_hand,og,flick_angles,,"{""side_deg"":-5.2,""fwd_deg"":11.4}"
22.000,right_hand,og,acc,2455371,"{""seq"":1067,""x_mg"":220,""y_mg"":-128,""z_mg"":768}"
22.000,right_hand,og,tilt,,"{""roll_deg"":1.9,""pitch_deg"":4.5,""steady"":true}"
22.000,right_hand,og,flick_angles,,"{""side_deg"":-5.8,""fwd_deg"":12.8}"
22.031,right_hand,og,acc,2455392,"{""seq"":1068,""x_mg"":228,""y_mg"":-148,""z_mg"":796}"
22.031,right_hand,og,tilt,,"{""roll_deg"":0.8,""pitch_deg"":6.2,""steady"":true}"
22.031,right_hand,og,flick_angles,,"{""side_deg"":-7.5,""fwd_deg"":14.2}"
22.031,right_hand,og,acc,2455412,"{""seq"":1069,""x_mg"":208,""y_mg"":-140,""z_mg"":792}"
22.031,right_hand,og,tilt,,"{""roll_deg"":-0.3,""pitch_deg"":7.1,""steady"":true}"
22.031,right_hand,og,flick_angles,,"{""side_deg"":-8.6,""fwd_deg"":15.0}"
22.062,right_hand,og,acc,2455433,"{""seq"":1070,""x_mg"":196,""y_mg"":-152,""z_mg"":796}"
22.062,right_hand,og,tilt,,"{""roll_deg"":-1.3,""pitch_deg"":7.1,""steady"":true}"
22.062,right_hand,og,flick_angles,,"{""side_deg"":-9.4,""fwd_deg"":14.7}"
22.094,right_hand,og,acc,2455453,"{""seq"":1071,""x_mg"":188,""y_mg"":-164,""z_mg"":800}"
22.094,right_hand,og,tilt,,"{""roll_deg"":-2.2,""pitch_deg"":7.1,""steady"":true}"
22.094,right_hand,og,flick_angles,,"{""side_deg"":-9.9,""fwd_deg"":14.2}"
22.094,right_hand,og,acc,2455474,"{""seq"":1072,""x_mg"":176,""y_mg"":-148,""z_mg"":804}"
22.094,right_hand,og,tilt,,"{""roll_deg"":-2.8,""pitch_deg"":7.1,""steady"":true}"
22.094,right_hand,og,flick_angles,,"{""side_deg"":-10.2,""fwd_deg"":13.6}"
22.140,right_hand,og,acc,2455495,"{""seq"":1073,""x_mg"":144,""y_mg"":-140,""z_mg"":772}"
22.140,right_hand,og,tilt,,"{""roll_deg"":-3.2,""pitch_deg"":6.9,""steady"":true}"
22.140,right_hand,og,flick_angles,,"{""side_deg"":-10.2,""fwd_deg"":12.9}"
22.172,right_hand,og,acc,2455515,"{""seq"":1074,""x_mg"":136,""y_mg"":-92,""z_mg"":652}"
22.172,right_hand,og,tilt,,"{""roll_deg"":-3.2,""pitch_deg"":6.9,""steady"":false}"
22.172,right_hand,og,flick_angles,,"{""side_deg"":-10.2,""fwd_deg"":12.3}"
22.172,right_hand,og,acc,2455536,"{""seq"":1075,""x_mg"":128,""y_mg"":-44,""z_mg"":624}"
22.172,right_hand,og,tilt,,"{""roll_deg"":-3.2,""pitch_deg"":6.9,""steady"":false}"
22.172,right_hand,og,flick_angles,,"{""side_deg"":-9.0,""fwd_deg"":11.9}"
22.203,right_hand,og,acc,2455556,"{""seq"":1076,""x_mg"":48,""y_mg"":8,""z_mg"":608}"
22.203,right_hand,og,tilt,,"{""roll_deg"":-3.2,""pitch_deg"":6.9,""steady"":false}"
22.203,right_hand,og,flick_angles,,"{""side_deg"":-6.5,""fwd_deg"":11.7}"
22.203,right_hand,og,acc,2455577,"{""seq"":1077,""x_mg"":-56,""y_mg"":64,""z_mg"":660}"
22.203,right_hand,og,tilt,,"{""roll_deg"":-3.2,""pitch_deg"":6.9,""steady"":false}"
22.203,right_hand,og,flick_angles,,"{""side_deg"":-2.9,""fwd_deg"":8.1}"
22.234,right_hand,og,acc,2455597,"{""seq"":1078,""x_mg"":-148,""y_mg"":76,""z_mg"":760}"
22.234,right_hand,og,tremor,,"{""rms_mg"":48.3,""peak_hz"":4.2}"
22.234,right_hand,og,tilt,,"{""roll_deg"":-3.7,""pitch_deg"":5.4,""steady"":true}"
22.234,right_hand,og,flick_angles,,"{""side_deg"":1.3,""fwd_deg"":1.6}"
22.234,right_hand,game,hit,,"{""n"":5,""dir"":""down"",""err_ms"":344}"
22.250,right_hand,og,acc,2455618,"{""seq"":1079,""x_mg"":-260,""y_mg"":48,""z_mg"":856}"
22.250,right_hand,og,tilt,,"{""roll_deg"":-3.5,""pitch_deg"":0.7,""steady"":true}"
22.250,right_hand,og,flick_angles,,"{""side_deg"":3.4,""fwd_deg"":-4.7}"
22.250,right_hand,og,acc,2455639,"{""seq"":1080,""x_mg"":-380,""y_mg"":52,""z_mg"":940}"
22.250,right_hand,og,tilt,,"{""roll_deg"":-1.1,""pitch_deg"":-8.1,""steady"":true}"
22.250,right_hand,og,flick_angles,,"{""side_deg"":3.2,""fwd_deg"":-10.8}"
22.297,right_hand,og,acc,2455659,"{""seq"":1081,""x_mg"":-492,""y_mg"":24,""z_mg"":1028}"
22.297,right_hand,og,tilt,,"{""roll_deg"":1.3,""pitch_deg"":-17.0,""steady"":true}"
22.297,right_hand,og,flick_angles,,"{""side_deg"":3.1,""fwd_deg"":-16.4}"
22.328,right_hand,og,acc,2455680,"{""seq"":1082,""x_mg"":-544,""y_mg"":28,""z_mg"":1112}"
22.328,right_hand,og,tilt,,"{""roll_deg"":2.8,""pitch_deg"":-24.3,""steady"":true}"
22.328,right_hand,og,flick_angles,,"{""side_deg"":2.2,""fwd_deg"":-21.0}"
22.328,right_hand,og,acc,2455700,"{""seq"":1083,""x_mg"":-612,""y_mg"":52,""z_mg"":1180}"
22.328,right_hand,og,tilt,,"{""roll_deg"":2.8,""pitch_deg"":-24.3,""steady"":false}"
22.328,right_hand,og,flick_angles,,"{""side_deg"":1.7,""fwd_deg"":-23.5}"
22.359,right_hand,og,acc,2455721,"{""seq"":1084,""x_mg"":-656,""y_mg"":84,""z_mg"":1212}"
22.359,right_hand,og,tilt,,"{""roll_deg"":2.8,""pitch_deg"":-24.3,""steady"":false}"
22.359,right_hand,og,flick_angles,,"{""side_deg"":2.0,""fwd_deg"":-25.5}"
22.390,right_hand,og,acc,2455741,"{""seq"":1085,""x_mg"":-704,""y_mg"":136,""z_mg"":1228}"
22.390,right_hand,og,tilt,,"{""roll_deg"":2.8,""pitch_deg"":-24.3,""steady"":false}"
22.390,right_hand,og,flick_angles,,"{""side_deg"":2.7,""fwd_deg"":-26.9}"
22.390,right_hand,og,acc,2455762,"{""seq"":1086,""x_mg"":-700,""y_mg"":156,""z_mg"":1260}"
22.390,right_hand,og,tilt,,"{""roll_deg"":2.8,""pitch_deg"":-24.3,""steady"":false}"
22.390,right_hand,og,flick_angles,,"{""side_deg"":4.1,""fwd_deg"":-27.9}"
22.422,right_hand,og,acc,2455782,"{""seq"":1087,""x_mg"":-668,""y_mg"":160,""z_mg"":1236}"
22.422,right_hand,og,tilt,,"{""roll_deg"":2.8,""pitch_deg"":-24.3,""steady"":false}"
22.422,right_hand,og,flick_angles,,"{""side_deg"":5.1,""fwd_deg"":-28.4}"
22.422,right_hand,og,acc,2455803,"{""seq"":1088,""x_mg"":-644,""y_mg"":128,""z_mg"":1184}"
22.422,right_hand,og,tilt,,"{""roll_deg"":2.8,""pitch_deg"":-24.3,""steady"":false}"
22.422,right_hand,og,flick_angles,,"{""side_deg"":5.7,""fwd_deg"":-28.4}"
22.453,right_hand,og,acc,2455824,"{""seq"":1089,""x_mg"":-612,""y_mg"":80,""z_mg"":1136}"
22.453,right_hand,og,tilt,,"{""roll_deg"":5.2,""pitch_deg"":-30.9,""steady"":true}"
22.453,right_hand,og,flick_angles,,"{""side_deg"":5.5,""fwd_deg"":-28.3}"
22.484,right_hand,og,acc,2455844,"{""seq"":1090,""x_mg"":-580,""y_mg"":52,""z_mg"":1060}"
22.484,right_hand,og,tilt,,"{""roll_deg"":5.7,""pitch_deg"":-32.3,""steady"":true}"
22.484,right_hand,og,flick_angles,,"{""side_deg"":4.5,""fwd_deg"":-28.4}"
22.484,right_hand,og,acc,2455865,"{""seq"":1091,""x_mg"":-520,""y_mg"":44,""z_mg"":996}"
22.484,right_hand,og,tilt,,"{""roll_deg"":6.2,""pitch_deg"":-33.1,""steady"":true}"
22.484,right_hand,og,flick_angles,,"{""side_deg"":3.5,""fwd_deg"":-28.3}"
22.515,right_hand,og,acc,2455885,"{""seq"":1092,""x_mg"":-484,""y_mg"":20,""z_mg"":976}"
22.515,right_hand,og,tilt,,"{""roll_deg"":6.4,""pitch_deg"":-33.4,""steady"":true}"
22.515,right_hand,og,flick_angles,,"{""side_deg"":2.9,""fwd_deg"":-27.9}"
22.547,right_hand,og,acc,2455906,"{""seq"":1093,""x_mg"":-472,""y_mg"":56,""z_mg"":964}"
22.547,right_hand,og,tilt,,"{""roll_deg"":6.6,""pitch_deg"":-33.4,""steady"":true}"
22.547,right_hand,og,flick_angles,,"{""side_deg"":2.6,""fwd_deg"":-27.1}"
22.547,right_hand,og,acc,2455926,"{""seq"":1094,""x_mg"":-488,""y_mg"":76,""z_mg"":940}"
22.547,right_hand,og,tilt,,"{""roll_deg"":7.0,""pitch_deg"":-33.4,""steady"":true}"
22.547,right_hand,og,flick_angles,,"{""side_deg"":2.8,""fwd_deg"":-26.8}"
22.578,right_hand,og,acc,2455947,"{""seq"":1095,""x_mg"":-480,""y_mg"":56,""z_mg"":908}"
22.578,right_hand,og,tilt,,"{""roll_deg"":7.2,""pitch_deg"":-33.4,""steady"":true}"
22.578,right_hand,og,flick_angles,,"{""side_deg"":2.9,""fwd_deg"":-27.1}"
22.609,right_hand,og,acc,2455968,"{""seq"":1096,""x_mg"":-404,""y_mg"":-24,""z_mg"":852}"
22.609,right_hand,og,tilt,,"{""roll_deg"":7.5,""pitch_deg"":-33.4,""steady"":true}"
22.609,right_hand,og,flick_angles,,"{""side_deg"":3.0,""fwd_deg"":-27.2}"
22.609,right_hand,og,acc,2455988,"{""seq"":1097,""x_mg"":-368,""y_mg"":-4,""z_mg"":852}"
22.609,right_hand,og,tilt,,"{""roll_deg"":7.5,""pitch_deg"":-33.4,""steady"":true}"
22.609,right_hand,og,flick_angles,,"{""side_deg"":1.4,""fwd_deg"":-26.3}"
22.640,right_hand,og,acc,2456009,"{""seq"":1098,""x_mg"":-368,""y_mg"":40,""z_mg"":876}"
22.640,right_hand,og,tilt,,"{""roll_deg"":7.5,""pitch_deg"":-33.2,""steady"":true}"
22.640,right_hand,og,flick_angles,,"{""side_deg"":0.6,""fwd_deg"":-24.8}"
22.672,right_hand,og,acc,2456029,"{""seq"":1099,""x_mg"":-372,""y_mg"":80,""z_mg"":836}"
22.672,right_hand,og,tilt,,"{""roll_deg"":7.5,""pitch_deg"":-32.9,""steady"":true}"
22.672,right_hand,og,flick_angles,,"{""side_deg"":1.5,""fwd_deg"":-24.1}"
22.687,right_hand,og,acc,2456050,"{""seq"":1100,""x_mg"":-360,""y_mg"":56,""z_mg"":812}"
22.687,right_hand,og,tilt,,"{""roll_deg"":7.5,""pitch_deg"":-32.7,""steady"":true}"
22.687,right_hand,og,flick_angles,,"{""side_deg"":2.5,""fwd_deg"":-24.0}"
22.687,right_hand,og,acc,2456070,"{""seq"":1101,""x_mg"":-324,""y_mg"":4,""z_mg"":776}"
22.687,right_hand,og,tilt,,"{""roll_deg"":7.5,""pitch_deg"":-32.5,""steady"":true}"
22.687,right_hand,og,flick_angles,,"{""side_deg"":3.1,""fwd_deg"":-23.9}"
22.719,right_hand,og,acc,2456091,"{""seq"":1102,""x_mg"":-288,""y_mg"":0,""z_mg"":772}"
22.719,right_hand,og,tilt,,"{""roll_deg"":7.5,""pitch_deg"":-32.4,""steady"":true}"
22.719,right_hand,og,flick_angles,,"{""side_deg"":1.7,""fwd_deg"":-23.3}"
22.750,right_hand,og,acc,2456111,"{""seq"":1103,""x_mg"":-268,""y_mg"":36,""z_mg"":792}"
22.750,right_hand,og,tilt,,"{""roll_deg"":7.5,""pitch_deg"":-31.8,""steady"":true}"
22.750,right_hand,og,flick_angles,,"{""side_deg"":1.0,""fwd_deg"":-21.9}"
22.750,right_hand,og,acc,2456132,"{""seq"":1104,""x_mg"":-288,""y_mg"":92,""z_mg"":816}"
22.750,right_hand,og,tilt,,"{""roll_deg"":7.5,""pitch_deg"":-30.9,""steady"":true}"
22.750,right_hand,og,flick_angles,,"{""side_deg"":1.7,""fwd_deg"":-20.6}"
22.797,right_hand,og,acc,2456153,"{""seq"":1105,""x_mg"":-284,""y_mg"":136,""z_mg"":824}"
22.797,right_hand,og,tilt,,"{""roll_deg"":7.7,""pitch_deg"":-29.8,""steady"":true}"
22.797,right_hand,og,flick_angles,,"{""side_deg"":3.9,""fwd_deg"":-19.7}"
22.828,right_hand,og,acc,2456173,"{""seq"":1106,""x_mg"":-248,""y_mg"":72,""z_mg"":824}"
22.828,right_hand,og,tilt,,"{""roll_deg"":8.3,""pitch_deg"":-29.0,""steady"":true}"
22.828,right_hand,og,flick_angles,,"{""side_deg"":5.0,""fwd_deg"":-19.2}"
22.828,right_hand,og,acc,2456194,"{""seq"":1107,""x_mg"":-268,""y_mg"":20,""z_mg"":856}"
22.828,right_hand,og,tilt,,"{""roll_deg"":8.6,""pitch_deg"":-27.9,""steady"":true}"
22.828,right_hand,og,flick_angles,,"{""side_deg"":4.9,""fwd_deg"":-18.3}"
22.859,right_hand,og,acc,2456214,"{""seq"":1108,""x_mg"":-264,""y_mg"":12,""z_mg"":884}"
22.859,right_hand,og,tilt,,"{""roll_deg"":8.6,""pitch_deg"":-26.8,""steady"":true}"
22.859,right_hand,og,flick_angles,,"{""side_deg"":3.1,""fwd_deg"":-17.5}"
22.859,right_hand,og,acc,2456235,"{""seq"":1109,""x_mg"":-284,""y_mg"":44,""z_mg"":916}"
22.859,right_hand,og,tilt,,"{""roll_deg"":8.6,""pitch_deg"":-26.2,""steady"":true}"
22.859,right_hand,og,flick_angles,,"{""side_deg"":2.2,""fwd_deg"":-17.4}"
22.875,right_hand,og,acc,2456255,"{""seq"":1110,""x_mg"":-296,""y_mg"":44,""z_mg"":932}"
22.875,right_hand,og,tilt,,"{""roll_deg"":8.6,""pitch_deg"":-25.7,""steady"":true}"
22.875,right_hand,og,flick_angles,,"{""side_deg"":2.4,""fwd_deg"":-17.3}"
22.906,right_hand,og,acc,2456276,"{""seq"":1111,""x_mg"":-308,""y_mg"":32,""z_mg"":936}"
22.906,right_hand,og,tilt,,"{""roll_deg"":8.6,""pitch_deg"":-25.5,""steady"":true}"
22.906,right_hand,og,flick_angles,,"{""side_deg"":2.5,""fwd_deg"":-17.4}"
22.937,right_hand,og,acc,2456297,"{""seq"":1112,""x_mg"":-324,""y_mg"":20,""z_mg"":956}"
22.937,right_hand,og,tilt,,"{""roll_deg"":8.6,""pitch_deg"":-25.5,""steady"":true}"
22.937,right_hand,og,flick_angles,,"{""side_deg"":2.2,""fwd_deg"":-17.8}"
22.969,right_hand,og,acc,2456317,"{""seq"":1113,""x_mg"":-348,""y_mg"":20,""z_mg"":972}"
22.969,right_hand,og,tilt,,"{""roll_deg"":8.6,""pitch_deg"":-25.5,""steady"":true}"
22.969,right_hand,og,flick_angles,,"{""side_deg"":1.7,""fwd_deg"":-18.3}"
22.969,right_hand,og,acc,2456338,"{""seq"":1114,""x_mg"":-352,""y_mg"":36,""z_mg"":988}"
22.969,right_hand,og,tilt,,"{""roll_deg"":8.5,""pitch_deg"":-25.5,""steady"":true}"
22.969,right_hand,og,flick_angles,,"{""side_deg"":1.4,""fwd_deg"":-18.9}"
23.000,right_hand,og,acc,2456358,"{""seq"":1115,""x_mg"":-372,""y_mg"":44,""z_mg"":992}"
23.000,right_hand,og,tilt,,"{""roll_deg"":8.4,""pitch_deg"":-25.5,""steady"":true}"
23.000,right_hand,og,flick_angles,,"{""side_deg"":1.7,""fwd_deg"":-19.3}"
23.000,right_hand,og,acc,2456379,"{""seq"":1116,""x_mg"":-352,""y_mg"":32,""z_mg"":976}"
23.000,right_hand,og,tilt,,"{""roll_deg"":8.4,""pitch_deg"":-25.5,""steady"":true}"
23.000,right_hand,og,flick_angles,,"{""side_deg"":1.8,""fwd_deg"":-19.6}"
23.031,right_hand,og,acc,2456399,"{""seq"":1117,""x_mg"":-360,""y_mg"":36,""z_mg"":984}"
23.031,right_hand,og,tilt,,"{""roll_deg"":8.4,""pitch_deg"":-25.5,""steady"":true}"
23.031,right_hand,og,flick_angles,,"{""side_deg"":1.9,""fwd_deg"":-19.8}"
23.062,right_hand,og,acc,2456420,"{""seq"":1118,""x_mg"":-372,""y_mg"":60,""z_mg"":968}"
23.062,right_hand,og,tilt,,"{""roll_deg"":8.3,""pitch_deg"":-25.6,""steady"":true}"
23.062,right_hand,og,flick_angles,,"{""side_deg"":1.9,""fwd_deg"":-20.0}"
23.062,right_hand,og,acc,2456441,"{""seq"":1119,""x_mg"":-368,""y_mg"":56,""z_mg"":968}"
23.062,right_hand,og,tilt,,"{""roll_deg"":8.3,""pitch_deg"":-25.7,""steady"":true}"
23.062,right_hand,og,flick_angles,,"{""side_deg"":2.5,""fwd_deg"":-20.4}"
23.094,right_hand,og,acc,2456461,"{""seq"":1120,""x_mg"":-360,""y_mg"":32,""z_mg"":964}"
23.094,right_hand,og,tilt,,"{""roll_deg"":8.3,""pitch_deg"":-25.8,""steady"":true}"
23.094,right_hand,og,flick_angles,,"{""side_deg"":2.8,""fwd_deg"":-20.6}"
23.109,right_hand,og,acc,2456482,"{""seq"":1121,""x_mg"":-368,""y_mg"":48,""z_mg"":968}"
23.109,right_hand,og,tilt,,"{""roll_deg"":8.3,""pitch_deg"":-25.9,""steady"":true}"
23.109,right_hand,og,flick_angles,,"{""side_deg"":2.7,""fwd_deg"":-20.7}"
23.140,right_hand,og,acc,2456502,"{""seq"":1122,""x_mg"":-424,""y_mg"":76,""z_mg"":1052}"
23.140,right_hand,og,tilt,,"{""roll_deg"":8.3,""pitch_deg"":-26.0,""steady"":true}"
23.140,right_hand,og,flick_angles,,"{""side_deg"":2.7,""fwd_deg"":-20.7}"
23.172,right_hand,og,acc,2456523,"{""seq"":1123,""x_mg"":-444,""y_mg"":92,""z_mg"":1112}"
23.172,right_hand,og,tilt,,"{""roll_deg"":8.3,""pitch_deg"":-26.3,""steady"":true}"
23.172,right_hand,og,flick_angles,,"{""side_deg"":3.3,""fwd_deg"":-21.2}"
23.172,right_hand,og,acc,2456543,"{""seq"":1124,""x_mg"":-428,""y_mg"":8,""z_mg"":1116}"
23.172,right_hand,og,tilt,,"{""roll_deg"":8.3,""pitch_deg"":-26.5,""steady"":true}"
23.172,right_hand,og,flick_angles,,"{""side_deg"":3.5,""fwd_deg"":-21.5}"
23.203,right_hand,og,acc,2456564,"{""seq"":1125,""x_mg"":-416,""y_mg"":-60,""z_mg"":1124}"
23.203,right_hand,og,tilt,,"{""roll_deg"":8.3,""pitch_deg"":-26.6,""steady"":true}"
23.203,right_hand,og,flick_angles,,"{""side_deg"":2.0,""fwd_deg"":-21.2}"
23.203,right_hand,og,acc,2456585,"{""seq"":1126,""x_mg"":-428,""y_mg"":-32,""z_mg"":1180}"
23.203,right_hand,og,tilt,,"{""roll_deg"":8.1,""pitch_deg"":-26.6,""steady"":true}"
23.203,right_hand,og,flick_angles,,"{""side_deg"":0.3,""fwd_deg"":-20.8}"
23.234,right_hand,og,acc,2456605,"{""seq"":1127,""x_mg"":-448,""y_mg"":32,""z_mg"":1204}"
23.234,right_hand,og,tilt,,"{""roll_deg"":7.6,""pitch_deg"":-26.6,""steady"":true}"
23.234,right_hand,og,flick_angles,,"{""side_deg"":-0.6,""fwd_deg"":-20.5}"
23.265,right_hand,og,acc,2456626,"{""seq"":1128,""x_mg"":-452,""y_mg"":28,""z_mg"":1288}"
23.265,right_hand,og,tilt,,"{""roll_deg"":7.6,""pitch_deg"":-26.6,""steady"":false}"
23.265,right_hand,og,flick_angles,,"{""side_deg"":0.3,""fwd_deg"":-20.2}"
23.265,right_hand,og,acc,2456646,"{""seq"":1129,""x_mg"":-456,""y_mg"":-48,""z_mg"":1240}"
23.265,right_hand,og,tilt,,"{""roll_deg"":7.6,""pitch_deg"":-26.6,""steady"":false}"
23.265,right_hand,og,flick_angles,,"{""side_deg"":0.7,""fwd_deg"":-20.2}"
23.281,right_hand,og,acc,2456667,"{""seq"":1130,""x_mg"":-392,""y_mg"":-140,""z_mg"":1208}"
23.281,right_hand,og,tilt,,"{""roll_deg"":6.5,""pitch_deg"":-26.6,""steady"":true}"
23.281,right_hand,og,flick_angles,,"{""side_deg"":-0.7,""fwd_deg"":-19.8}"
23.312,right_hand,og,acc,2456687,"{""seq"":1131,""x_mg"":-356,""y_mg"":-144,""z_mg"":1164}"
23.312,right_hand,og,tilt,,"{""roll_deg"":5.1,""pitch_deg"":-26.6,""steady"":true}"
23.312,right_hand,og,flick_angles,,"{""side_deg"":-3.5,""fwd_deg"":-18.8}"
23.344,right_hand,og,acc,2456708,"{""seq"":1132,""x_mg"":-320,""y_mg"":-92,""z_mg"":1132}"
23.344,right_hand,og,tilt,,"{""roll_deg"":3.8,""pitch_deg"":-26.6,""steady"":true}"
23.344,right_hand,og,flick_angles,,"{""side_deg"":-4.9,""fwd_deg"":-17.9}"
23.344,right_hand,og,acc,2456728,"{""seq"":1133,""x_mg"":-288,""y_mg"":-52,""z_mg"":1112}"
23.344,right_hand,og,tilt,,"{""roll_deg"":3.2,""pitch_deg"":-26.4,""steady"":true}"
23.344,right_hand,og,flick_angles,,"{""side_deg"":-4.7,""fwd_deg"":-16.8}"
23.390,right_hand,og,acc,2456749,"{""seq"":1134,""x_mg"":-264,""y_mg"":-32,""z_mg"":1048}"
23.390,right_hand,og,tilt,,"{""roll_deg"":3.2,""pitch_deg"":-25.6,""steady"":true}"
23.390,right_hand,og,flick_angles,,"{""side_deg"":-3.6,""fwd_deg"":-15.6}"
23.406,right_hand,og,acc,2456770,"{""seq"":1135,""x_mg"":-212,""y_mg"":-104,""z_mg"":956}"
23.406,right_hand,og,tilt,,"{""roll_deg"":3.2,""pitch_deg"":-24.7,""steady"":true}"
23.406,right_hand,og,flick_angles,,"{""side_deg"":-3.1,""fwd_deg"":-14.9}"
23.406,right_hand,og,acc,2456790,"{""seq"":1136,""x_mg"":-132,""y_mg"":-172,""z_mg"":936}"
23.406,right_hand,og,tilt,,"{""roll_deg"":2.5,""pitch_deg"":-23.5,""steady"":true}"
23.406,right_hand,og,flick_angles,,"{""side_deg"":-4.6,""fwd_deg"":-13.7}"
23.453,right_hand,og,acc,2456811,"{""seq"":1137,""x_mg"":-76,""y_mg"":-172,""z_mg"":964}"
23.453,right_hand,og,tilt,,"{""roll_deg"":0.8,""pitch_deg"":-21.1,""steady"":true}"
23.453,right_hand,og,flick_angles,,"{""side_deg"":-7.3,""fwd_deg"":-10.8}"
23.484,right_hand,og,acc,2456831,"{""seq"":1138,""x_mg"":-48,""y_mg"":-124,""z_mg"":948}"
23.484,right_hand,og,tilt,,"{""roll_deg"":-0.6,""pitch_deg"":-18.0,""steady"":true}"
23.484,right_hand,og,flick_angles,,"{""side_deg"":-8.7,""fwd_deg"":-7.6}"
23.484,right_hand,og,acc,2456852,"{""seq"":1139,""x_mg"":20,""y_mg"":-120,""z_mg"":796}"
23.484,right_hand,og,tilt,,"{""roll_deg"":-1.2,""pitch_deg"":-15.1,""steady"":true}"
23.484,right_hand,og,flick_angles,,"{""side_deg"":-8.6,""fwd_deg"":-5.2}"
23.500,right_hand,og,acc,2456872,"{""seq"":1140,""x_mg"":112,""y_mg"":-240,""z_mg"":748}"
23.500,right_hand,og,tilt,,"{""roll_deg"":-1.5,""pitch_deg"":-11.5,""steady"":true}"
23.500,right_hand,og,flick_angles,,"{""side_deg"":-8.6,""fwd_deg"":-1.9}"
23.500,right_hand,game,hit,,"{""n"":6,""dir"":""up"",""err_ms"":125}"
23.531,right_hand,og,acc,2456893,"{""seq"":1141,""x_mg"":204,""y_mg"":-312,""z_mg"":684}"
23.531,right_hand,og,tilt,,"{""roll_deg"":-4.9,""pitch_deg"":-6.1,""steady"":true}"
23.531,right_hand,og,flick_angles,,"{""side_deg"":-13.1,""fwd_deg"":3.1}"
23.562,right_hand,og,acc,2456914,"{""seq"":1142,""x_mg"":248,""y_mg"":-304,""z_mg"":596}"
23.562,right_hand,og,tilt,,"{""roll_deg"":-9.8,""pitch_deg"":0.5,""steady"":true}"
23.562,right_hand,og,flick_angles,,"{""side_deg"":-18.4,""fwd_deg"":9.1}"
23.562,right_hand,og,acc,2456934,"{""seq"":1143,""x_mg"":376,""y_mg"":-212,""z_mg"":560}"
23.562,right_hand,og,tilt,,"{""roll_deg"":-12.9,""pitch_deg"":6.6,""steady"":true}"
23.562,right_hand,og,flick_angles,,"{""side_deg"":-21.0,""fwd_deg"":14.7}"
23.594,right_hand,og,acc,2456955,"{""seq"":1144,""x_mg"":432,""y_mg"":-200,""z_mg"":532}"
23.594,right_hand,og,tilt,,"{""roll_deg"":-12.9,""pitch_deg"":16.4,""steady"":true}"
23.594,right_hand,og,flick_angles,,"{""side_deg"":-19.2,""fwd_deg"":23.4}"
23.625,right_hand,og,acc,2456975,"{""seq"":1145,""x_mg"":484,""y_mg"":-200,""z_mg"":548}"
23.625,right_hand,og,tilt,,"{""roll_deg"":-12.5,""pitch_deg"":23.7,""steady"":true}"
23.625,right_hand,og,flick_angles,,"{""side_deg"":-17.7,""fwd_deg"":30.3}"
23.625,right_hand,og,acc,2456996,"{""seq"":1146,""x_mg"":520,""y_mg"":-240,""z_mg"":468}"
23.625,right_hand,og,tilt,,"{""roll_deg"":-12.1,""pitch_deg"":28.5,""steady"":true}"
23.625,right_hand,og,flick_angles,,"{""side_deg"":-17.0,""fwd_deg"":35.0}"
23.656,right_hand,og,acc,2457016,"{""seq"":1147,""x_mg"":596,""y_mg"":-376,""z_mg"":412}"
23.656,right_hand,og,tilt,,"{""roll_deg"":-12.1,""pitch_deg"":33.3,""steady"":true}"
23.656,right_hand,og,flick_angles,,"{""side_deg"":-18.0,""fwd_deg"":39.8}"
23.687,right_hand,og,acc,2457037,"{""seq"":1148,""x_mg"":672,""y_mg"":-440,""z_mg"":456}"
23.687,right_hand,og,tilt,,"{""roll_deg"":-15.1,""pitch_deg"":36.7,""steady"":true}"
23.687,right_hand,og,flick_angles,,"{""side_deg"":-22.7,""fwd_deg"":43.3}"
23.687,right_hand,og,acc,2457058,"{""seq"":1149,""x_mg"":688,""y_mg"":-368,""z_mg"":440}"
23.687,right_hand,og,tilt,,"{""roll_deg"":-17.3,""pitch_deg"":38.2,""steady"":true}"
23.687,right_hand,og,flick_angles,,"{""side_deg"":-25.1,""fwd_deg"":45.1}"
23.719,right_hand,og,acc,2457078,"{""seq"":1150,""x_mg"":708,""y_mg"":-328,""z_mg"":416}"
23.719,right_hand,og,tilt,,"{""roll_deg"":-17.7,""pitch_deg"":40.6,""steady"":true}"
23.719,right_hand,og,flick_angles,,"{""side_deg"":-24.7,""fwd_deg"":47.6}"
23.750,right_hand,og,acc,2457099,"{""seq"":1151,""x_mg"":720,""y_mg"":-360,""z_mg"":460}"
23.750,right_hand,og,tilt,,"{""roll_deg"":-17.7,""pitch_deg"":42.2,""steady"":true}"
23.750,right_hand,og,flick_angles,,"{""side_deg"":-23.8,""fwd_deg"":49.3}"
23.750,right_hand,og,acc,2457119,"{""seq"":1152,""x_mg"":692,""y_mg"":-392,""z_mg"":436}"
23.750,right_hand,og,tilt,,"{""roll_deg"":-17.7,""pitch_deg"":42.9,""steady"":true}"
23.750,right_hand,og,flick_angles,,"{""side_deg"":-23.3,""fwd_deg"":50.1}"
23.781,right_hand,og,acc,2457140,"{""seq"":1153,""x_mg"":692,""y_mg"":-412,""z_mg"":436}"
23.781,right_hand,og,tilt,,"{""roll_deg"":-17.9,""pitch_deg"":42.9,""steady"":true}"
23.781,right_hand,og,flick_angles,,"{""side_deg"":-24.5,""fwd_deg"":49.9}"
23.781,right_hand,og,acc,2457160,"{""seq"":1154,""x_mg"":684,""y_mg"":-468,""z_mg"":448}"
23.781,right_hand,og,tilt,,"{""roll_deg"":-18.7,""pitch_deg"":42.9,""steady"":true}"
23.781,right_hand,og,flick_angles,,"{""side_deg"":-25.6,""fwd_deg"":49.5}"
23.812,right_hand,og,acc,2457181,"{""seq"":1155,""x_mg"":660,""y_mg"":-428,""z_mg"":448}"
23.812,right_hand,og,tilt,,"{""roll_deg"":-19.8,""pitch_deg"":42.1,""steady"":true}"
23.812,right_hand,og,flick_angles,,"{""side_deg"":-26.9,""fwd_deg"":48.2}"
23.844,right_hand,og,acc,2457202,"{""seq"":1156,""x_mg"":628,""y_mg"":-372,""z_mg"":420}"
23.844,right_hand,og,tilt,,"{""roll_deg"":-20.5,""pitch_deg"":41.6,""steady"":true}"
23.844,right_hand,og,flick_angles,,"{""side_deg"":-27.6,""fwd_deg"":47.5}"
23.844,right_hand,og,acc,2457222,"{""seq"":1157,""x_mg"":600,""y_mg"":-336,""z_mg"":456}"
23.844,right_hand,og,tilt,,"{""roll_deg"":-20.5,""pitch_deg"":41.2,""steady"":true}"
23.844,right_hand,og,flick_angles,,"{""side_deg"":-26.9,""fwd_deg"":47.1}"
23.875,right_hand,og,acc,2457243,"{""seq"":1158,""x_mg"":540,""y_mg"":-324,""z_mg"":532}"
23.875,right_hand,og,tilt,,"{""roll_deg"":-20.5,""pitch_deg"":41.0,""steady"":true}"
23.875,right_hand,og,flick_angles,,"{""side_deg"":-25.5,""fwd_deg"":46.9}"
23.906,right_hand,og,acc,2457263,"{""seq"":1159,""x_mg"":488,""y_mg"":-320,""z_mg"":592}"
23.906,right_hand,og,tilt,,"{""roll_deg"":-20.2,""pitch_deg"":39.7,""steady"":true}"
23.906,right_hand,og,flick_angles,,"{""side_deg"":-24.3,""fwd_deg"":43.9}"
23.906,right_hand,og,acc,2457284,"{""seq"":1160,""x_mg"":448,""y_mg"":-320,""z_mg"":564}"
23.906,right_hand,og,tilt,,"{""roll_deg"":-19.8,""pitch_deg"":39.0,""steady"":true}"
23.906,right_hand,og,flick_angles,,"{""side_deg"":-23.7,""fwd_deg"":39.9}"
23.937,right_hand,og,acc,2457304,"{""seq"":1161,""x_mg"":376,""y_mg"":-312,""z_mg"":660}"
23.937,right_hand,og,tilt,,"{""roll_deg"":-19.6,""pitch_deg"":37.2,""steady"":true}"
23.937,right_hand,og,flick_angles,,"{""side_deg"":-23.2,""fwd_deg"":37.3}"
23.969,right_hand,og,acc,2457325,"{""seq"":1162,""x_mg"":276,""y_mg"":-220,""z_mg"":888}"
23.969,right_hand,og,tilt,,"{""roll_deg"":-19.4,""pitch_deg"":32.2,""steady"":true}"
23.969,right_hand,og,flick_angles,,"{""side_deg"":-22.8,""fwd_deg"":32.3}"
23.969,right_hand,og,acc,2457346,"{""seq"":1163,""x_mg"":176,""y_mg"":-132,""z_mg"":964}"
23.969,right_hand,og,tilt,,"{""roll_deg"":-17.4,""pitch_deg"":23.1,""steady"":true}"
23.969,right_hand,og,flick_angles,,"{""side_deg"":-18.0,""fwd_deg"":24.5}"
24.000,right_hand,og,acc,2457366,"{""seq"":1164,""x_mg"":152,""y_mg"":-244,""z_mg"":932}"
24.000,right_hand,og,tilt,,"{""roll_deg"":-15.2,""pitch_deg"":14.1,""steady"":true}"
24.000,right_hand,og,flick_angles,,"{""side_deg"":-15.7,""fwd_deg"":17.4}"
24.031,right_hand,og,acc,2457387,"{""seq"":1165,""x_mg"":176,""y_mg"":-384,""z_mg"":996}"
24.031,right_hand,og,tilt,,"{""roll_deg"":-13.6,""pitch_deg"":8.6,""steady"":true}"
24.031,right_hand,og,flick_angles,,"{""side_deg"":-15.1,""fwd_deg"":13.4}"
24.031,right_hand,og,acc,2457407,"{""seq"":1166,""x_mg"":116,""y_mg"":-308,""z_mg"":1164}"
24.031,right_hand,og,tilt,,"{""roll_deg"":-12.5,""pitch_deg"":5.7,""steady"":true}"
24.031,right_hand,og,flick_angles,,"{""side_deg"":-14.9,""fwd_deg"":11.2}"
24.062,right_hand,og,acc,2457428,"{""seq"":1167,""x_mg"":80,""y_mg"":-240,""z_mg"":1156}"
24.062,right_hand,og,tilt,,"{""roll_deg"":-11.6,""pitch_deg"":2.4,""steady"":true}"
24.062,right_hand,og,flick_angles,,"{""side_deg"":-14.8,""fwd_deg"":8.3}"
24.062,right_hand,og,acc,2457448,"{""seq"":1168,""x_mg"":64,""y_mg"":-240,""z_mg"":1188}"
24.062,right_hand,og,tilt,,"{""roll_deg"":-10.1,""pitch_deg"":0.1,""steady"":true}"
24.062,right_hand,og,flick_angles,,"{""side_deg"":-13.3,""fwd_deg"":6.1}"
24.094,right_hand,og,acc,2457469,"{""seq"":1169,""x_mg"":12,""y_mg"":-184,""z_mg"":1296}"
24.094,right_hand,og,tilt,,"{""roll_deg"":-10.1,""pitch_deg"":0.1,""steady"":false}"
24.094,right_hand,og,flick_angles,,"{""side_deg"":-12.3,""fwd_deg"":4.6}"
24.125,right_hand,og,acc,2457490,"{""seq"":1170,""x_mg"":-52,""y_mg"":-148,""z_mg"":1272}"
24.125,right_hand,og,tilt,,"{""roll_deg"":-8.3,""pitch_deg"":-2.0,""steady"":true}"
24.125,right_hand,og,flick_angles,,"{""side_deg"":-10.2,""fwd_deg"":2.5}"
24.125,right_hand,og,acc,2457510,"{""seq"":1171,""x_mg"":-52,""y_mg"":-188,""z_mg"":1212}"
24.125,right_hand,og,tilt,,"{""roll_deg"":-6.9,""pitch_deg"":-5.0,""steady"":true}"
24.125,right_hand,og,flick_angles,,"{""side_deg"":-9.1,""fwd_deg"":0.1}"
24.156,right_hand,og,acc,2457531,"{""seq"":1172,""x_mg"":-36,""y_mg"":-208,""z_mg"":1212}"
24.156,right_hand,og,tilt,,"{""roll_deg"":-5.9,""pitch_deg"":-6.6,""steady"":true}"
24.156,right_hand,og,flick_angles,,"{""side_deg"":-9.0,""fwd_deg"":-1.1}"
24.187,right_hand,og,acc,2457551,"{""seq"":1173,""x_mg"":-44,""y_mg"":-160,""z_mg"":1164}"
24.187,right_hand,og,tilt,,"{""roll_deg"":-5.2,""pitch_deg"":-7.4,""steady"":true}"
24.187,right_hand,og,flick_angles,,"{""side_deg"":-8.9,""fwd_deg"":-1.6}"
24.219,right_hand,og,acc,2457572,"{""seq"":1174,""x_mg"":-48,""y_mg"":-128,""z_mg"":1160}"
24.219,right_hand,og,tilt,,"{""roll_deg"":-4.5,""pitch_deg"":-7.9,""steady"":true}"
24.219,right_hand,og,flick_angles,,"{""side_deg"":-8.4,""fwd_deg"":-1.9}"
24.219,right_hand,og,acc,2457592,"{""seq"":1175,""x_mg"":-24,""y_mg"":-112,""z_mg"":1112}"
24.219,right_hand,og,tilt,,"{""roll_deg"":-3.5,""pitch_deg"":-8.1,""steady"":true}"
24.219,right_hand,og,flick_angles,,"{""side_deg"":-7.3,""fwd_deg"":-2.0}"
24.250,right_hand,og,acc,2457613,"{""seq"":1176,""x_mg"":-20,""y_mg"":-180,""z_mg"":1080}"
24.250,right_hand,og,tremor,,"{""rms_mg"":40.0,""peak_hz"":4.4}"
24.250,right_hand,og,tilt,,"{""roll_deg"":-2.8,""pitch_deg"":-8.1,""steady"":true}"
24.250,right_hand,og,flick_angles,,"{""side_deg"":-6.8,""fwd_deg"":-1.6}"
24.281,right_hand,og,acc,2457633,"{""seq"":1177,""x_mg"":-4,""y_mg"":-212,""z_mg"":1044}"
24.281,right_hand,og,tilt,,"{""roll_deg"":-2.8,""pitch_deg"":-8.1,""steady"":true}"
24.281,right_hand,og,flick_angles,,"{""side_deg"":-8.1,""fwd_deg"":-1.3}"
24.281,right_hand,og,acc,2457654,"{""seq"":1178,""x_mg"":4,""y_mg"":-208,""z_mg"":1012}"
24.281,right_hand,og,tilt,,"{""roll_deg"":-3.1,""pitch_deg"":-8.1,""steady"":true}"
24.281,right_hand,og,flick_angles,,"{""side_deg"":-9.8,""fwd_deg"":-0.8}"
24.312,right_hand,og,acc,2457675,"{""seq"":1179,""x_mg"":4,""y_mg"":-188,""z_mg"":996}"
24.312,right_hand,og,tilt,,"{""roll_deg"":-3.5,""pitch_deg"":-7.9,""steady"":true}"
24.312,right_hand,og,flick_angles,,"{""side_deg"":-10.6,""fwd_deg"":-0.3}"
24.344,right_hand,og,acc,2457695,"{""seq"":1180,""x_mg"":20,""y_mg"":-180,""z_mg"":976}"
24.344,right_hand,og,tilt,,"{""roll_deg"":-3.7,""pitch_deg"":-7.7,""steady"":true}"
24.344,right_hand,og,flick_angles,,"{""side_deg"":-10.7,""fwd_deg"":-0.0}"
24.344,right_hand,og,acc,2457716,"{""seq"":1181,""x_mg"":40,""y_mg"":-180,""z_mg"":948}"
24.344,right_hand,og,tilt,,"{""roll_deg"":-3.8,""pitch_deg"":-7.4,""steady"":true}"
24.344,right_hand,og,flick_angles,,"{""side_deg"":-10.7,""fwd_deg"":0.6}"
24.359,right_hand,og,acc,2457736,"{""seq"":1182,""x_mg"":60,""y_mg"":-220,""z_mg"":932}"
24.359,right_hand,og,tilt,,"{""roll_deg"":-4.0,""pitch_deg"":-7.0,""steady"":true}"
24.359,right_hand,og,flick_angles,,"{""side_deg"":-10.7,""fwd_deg"":1.5}"
24.390,right_hand,og,acc,2457757,"{""seq"":1183,""x_mg"":72,""y_mg"":-232,""z_mg"":892}"
24.390,right_hand,og,tilt,,"{""roll_deg"":-4.2,""pitch_deg"":-6.6,""steady"":true}"
24.390,right_hand,og,flick_angles,,"{""side_deg"":-12.0,""fwd_deg"":2.5}"
24.422,right_hand,og,acc,2457777,"{""seq"":1184,""x_mg"":76,""y_mg"":-212,""z_mg"":892}"
24.422,right_hand,og,tilt,,"{""roll_deg"":-4.5,""pitch_deg"":-6.3,""steady"":true}"
24.422,right_hand,og,flick_angles,,"{""side_deg"":-12.7,""fwd_deg"":3.5}"
24.422,right_hand,og,acc,2457798,"{""seq"":1185,""x_mg"":60,""y_mg"":-200,""z_mg"":920}"
24.422,right_hand,og,tilt,,"{""roll_deg"":-4.8,""pitch_deg"":-6.0,""steady"":true}"
24.422,right_hand,og,flick_angles,,"{""side_deg"":-13.0,""fwd_deg"":4.0}"
24.453,right_hand,og,acc,2457819,"{""seq"":1186,""x_mg"":60,""y_mg"":-212,""z_mg"":932}"
24.453,right_hand,og,tilt,,"{""roll_deg"":-5.1,""pitch_deg"":-5.7,""steady"":true}"
24.453,right_hand,og,flick_angles,,"{""side_deg"":-12.9,""fwd_deg"":3.8}"
24.484,right_hand,og,acc,2457839,"{""seq"":1187,""x_mg"":60,""y_mg"":-248,""z_mg"":952}"
24.484,right_hand,og,tilt,,"{""roll_deg"":-5.3,""pitch_deg"":-5.4,""steady"":true}"
24.484,right_hand,og,flick_angles,,"{""side_deg"":-12.8,""fwd_deg"":3.7}"
24.484,right_hand,og,acc,2457860,"{""seq"":1188,""x_mg"":60,""y_mg"":-244,""z_mg"":1012}"
24.484,right_hand,og,tilt,,"{""roll_deg"":-5.7,""pitch_deg"":-5.1,""steady"":true}"
24.484,right_hand,og,flick_angles,,"{""side_deg"":-13.2,""fwd_deg"":3.6}"
24.515,right_hand,og,acc,2457880,"{""seq"":1189,""x_mg"":36,""y_mg"":-236,""z_mg"":1044}"
24.515,right_hand,og,tilt,,"{""roll_deg"":-6.0,""pitch_deg"":-4.9,""steady"":true}"
24.515,right_hand,og,flick_angles,,"{""side_deg"":-13.4,""fwd_deg"":3.4}"
24.547,right_hand,og,acc,2457901,"{""seq"":1190,""x_mg"":20,""y_mg"":-196,""z_mg"":1108}"
24.547,right_hand,og,tilt,,"{""roll_deg"":-6.1,""pitch_deg"":-4.9,""steady"":true}"
24.547,right_hand,og,flick_angles,,"{""side_deg"":-13.0,""fwd_deg"":2.7}"
24.547,right_hand,og,acc,2457921,"{""seq"":1191,""x_mg"":16,""y_mg"":-224,""z_mg"":1124}"
24.547,right_hand,og,tilt,,"{""roll_deg"":-6.1,""pitch_deg"":-4.9,""steady"":true}"
24.547,right_hand,og,flick_angles,,"{""side_deg"":-12.2,""fwd_deg"":1.9}"
24.578,right_hand,og,acc,2457942,"{""seq"":1192,""x_mg"":32,""y_mg"":-256,""z_mg"":1136}"
24.578,right_hand,og,tilt,,"{""roll_deg"":-6.1,""pitch_deg"":-4.9,""steady"":true}"
24.578,right_hand,og,flick_angles,,"{""side_deg"":-11.7,""fwd_deg"":1.4}"
24.578,right_hand,og,acc,2457963,"{""seq"":1193,""x_mg"":56,""y_mg"":-224,""z_mg"":1096}"
24.578,right_hand,og,tilt,,"{""roll_deg"":-6.1,""pitch_deg"":-4.9,""steady"":true}"
24.578,right_hand,og,flick_angles,,"{""side_deg"":-11.6,""fwd_deg"":1.5}"
24.609,right_hand,og,acc,2457983,"{""seq"":1194,""x_mg"":76,""y_mg"":-172,""z_mg"":1088}"
24.609,right_hand,og,tilt,,"{""roll_deg"":-6.1,""pitch_deg"":-4.9,""steady"":true}"
24.609,right_hand,og,flick_angles,,"{""side_deg"":-11.6,""fwd_deg"":2.2}"
24.640,right_hand,og,acc,2458004,"{""seq"":1195,""x_mg"":88,""y_mg"":-144,""z_mg"":1036}"
24.640,right_hand,og,tilt,,"{""roll_deg"":-6.1,""pitch_deg"":-4.9,""steady"":true}"
24.640,right_hand,og,flick_angles,,"{""side_deg"":-10.3,""fwd_deg"":3.1}"
24.640,right_hand,og,acc,2458024,"{""seq"":1196,""x_mg"":120,""y_mg"":-156,""z_mg"":968}"
24.640,right_hand,og,tilt,,"{""roll_deg"":-6.1,""pitch_deg"":-4.6,""steady"":true}"
24.640,right_hand,og,flick_angles,,"{""side_deg"":-9.6,""fwd_deg"":3.9}"
24.672,right_hand,og,acc,2458045,"{""seq"":1197,""x_mg"":144,""y_mg"":-192,""z_mg"":912}"
24.672,right_hand,og,tilt,,"{""roll_deg"":-6.0,""pitch_deg"":-3.8,""steady"":true}"
24.672,right_hand,og,flick_angles,,"{""side_deg"":-9.4,""fwd_deg"":5.5}"
24.703,right_hand,og,acc,2458065,"{""seq"":1198,""x_mg"":176,""y_mg"":-184,""z_mg"":864}"
24.703,right_hand,og,tilt,,"{""roll_deg"":-6.0,""pitch_deg"":-2.7,""steady"":true}"
24.703,right_hand,og,flick_angles,,"{""side_deg"":-10.5,""fwd_deg"":7.1}"
24.703,right_hand,og,acc,2458086,"{""seq"":1199,""x_mg"":208,""y_mg"":-152,""z_mg"":836}"
24.703,right_hand,og,tilt,,"{""roll_deg"":-6.0,""pitch_deg"":-0.9,""steady"":true}"
24.703,right_hand,og,flick_angles,,"{""side_deg"":-11.1,""fwd_deg"":9.2}"
24.734,right_hand,og,acc,2458107,"{""seq"":1200,""x_mg"":224,""y_mg"":-148,""z_mg"":796}"
24.734,right_hand,og,tilt,,"{""roll_deg"":-6.0,""pitch_deg"":1.3,""steady"":true}"
24.734,right_hand,og,flick_angles,,"{""side_deg"":-10.6,""fwd_deg"":11.5}"
24.781,right_hand,og,acc,2458127,"{""seq"":1201,""x_mg"":232,""y_mg"":-172,""z_mg"":756}"
24.781,right_hand,og,tilt,,"{""roll_deg"":-5.9,""pitch_deg"":3.5,""steady"":true}"
24.781,right_hand,og,flick_angles,,"{""side_deg"":-10.4,""fwd_deg"":13.5}"
24.781,right_hand,og,acc,2458148,"{""seq"":1202,""x_mg"":244,""y_mg"":-184,""z_mg"":760}"
24.781,right_hand,og,tilt,,"{""roll_deg"":-5.9,""pitch_deg"":5.6,""steady"":true}"
24.781,right_hand,og,flick_angles,,"{""side_deg"":-11.3,""fwd_deg"":15.1}"
24.812,right_hand,og,acc,2458168,"{""seq"":1203,""x_mg"":224,""y_mg"":-200,""z_mg"":756}"
24.812,right_hand,og,tilt,,"{""roll_deg"":-5.9,""pitch_deg"":6.9,""steady"":true}"
24.812,right_hand,og,flick_angles,,"{""side_deg"":-12.2,""fwd_deg"":15.9}"
24.844,right_hand,og,acc,2458189,"{""seq"":1204,""x_mg"":192,""y_mg"":-204,""z_mg"":776}"
24.844,right_hand,og,tilt,,"{""roll_deg"":-5.9,""pitch_deg"":7.5,""steady"":true}"
24.844,right_hand,og,flick_angles,,"{""side_deg"":-13.2,""fwd_deg"":15.9}"
24.844,right_hand,og,acc,2458209,"{""seq"":1205,""x_mg"":168,""y_mg"":-228,""z_mg"":800}"
24.844,right_hand,og,tilt,,"{""roll_deg"":-5.9,""pitch_deg"":7.5,""steady"":true}"
24.844,right_hand,og,flick_angles,,"{""side_deg"":-13.8,""fwd_deg"":14.7}"
24.875,right_hand,og,acc,2458230,"{""seq"":1206,""x_mg"":140,""y_mg"":-192,""z_mg"":812}"
24.875,right_hand,og,tilt,,"{""roll_deg"":-6.3,""pitch_deg"":7.2,""steady"":true}"
24.875,right_hand,og,flick_angles,,"{""side_deg"":-14.0,""fwd_deg"":13.1}"
24.875,right_hand,og,acc,2458250,"{""seq"":1207,""x_mg"":124,""y_mg"":-156,""z_mg"":812}"
24.875,right_hand,og,tilt,,"{""roll_deg"":-6.4,""pitch_deg"":6.4,""steady"":true}"
24.875,right_hand,og,flick_angles,,"{""side_deg"":-13.6,""fwd_deg"":11.3}"
24.906,right_hand,og,acc,2458271,"{""seq"":1208,""x_mg"":128,""y_mg"":-148,""z_mg"":752}"
24.906,right_hand,og,tilt,,"{""roll_deg"":-6.4,""pitch_deg"":5.8,""steady"":true}"
24.906,right_hand,og,flick_angles,,"{""side_deg"":-12.3,""fwd_deg"":10.4}"
24.937,right_hand,og,acc,2458292,"{""seq"":1209,""x_mg"":120,""y_mg"":-180,""z_mg"":636}"
24.937,right_hand,og,tilt,,"{""roll_deg"":-6.4,""pitch_deg"":5.8,""steady"":false}"
24.937,right_hand,og,flick_angles,,"{""side_deg"":-11.6,""fwd_deg"":9.9}"
24.937,right_hand,og,acc,2458312,"{""seq"":1210,""x_mg"":116,""y_mg"":-172,""z_mg"":616}"
24.937,right_hand,og,tilt,,"{""roll_deg"":-6.4,""pitch_deg"":5.8,""steady"":false}"
24.937,right_hand,og,flick_angles,,"{""side_deg"":-13.5,""fwd_deg"":10.1}"
24.969,right_hand,og,acc,2458333,"{""seq"":1211,""x_mg"":8,""y_mg"":-108,""z_mg"":656}"
24.969,right_hand,og,tilt,,"{""roll_deg"":-6.4,""pitch_deg"":5.8,""steady"":false}"
24.969,right_hand,og,flick_angles,,"{""side_deg"":-14.4,""fwd_deg"":10.2}"
25.000,right_hand,og,acc,2458353,"{""seq"":1212,""x_mg"":-100,""y_mg"":-56,""z_mg"":640}"
25.000,right_hand,og,tilt,,"{""roll_deg"":-6.4,""pitch_deg"":5.8,""steady"":false}"
25.000,right_hand,og,flick_angles,,"{""side_deg"":-11.9,""fwd_deg"":5.4}"
25.000,right_hand,og,acc,2458374,"{""seq"":1213,""x_mg"":-176,""y_mg"":-60,""z_mg"":636}"
25.000,right_hand,og,tilt,,"{""roll_deg"":-6.4,""pitch_deg"":5.8,""steady"":false}"
25.000,right_hand,og,flick_angles,,"{""side_deg"":-8.5,""fwd_deg"":-1.7}"
25.000,right_hand,game,hit,,"{""n"":7,""dir"":""down"",""err_ms"":94}"
25.031,right_hand,og,acc,2458394,"{""seq"":1214,""x_mg"":-264,""y_mg"":-16,""z_mg"":664}"
25.031,right_hand,og,tilt,,"{""roll_deg"":-6.4,""pitch_deg"":4.5,""steady"":true}"
25.031,right_hand,og,flick_angles,,"{""side_deg"":-6.7,""fwd_deg"":-8.6}"
25.062,right_hand,og,acc,2458415,"{""seq"":1215,""x_mg"":-480,""y_mg"":132,""z_mg"":880}"
25.062,right_hand,og,tilt,,"{""roll_deg"":-4.8,""pitch_deg"":-6.6,""steady"":true}"
25.062,right_hand,og,flick_angles,,"{""side_deg"":-4.0,""fwd_deg"":-15.1}"
25.062,right_hand,og,acc,2458436,"{""seq"":1216,""x_mg"":-616,""y_mg"":156,""z_mg"":996}"
25.062,right_hand,og,tilt,,"{""roll_deg"":0.5,""pitch_deg"":-19.7,""steady"":true}"
25.062,right_hand,og,flick_angles,,"{""side_deg"":1.7,""fwd_deg"":-21.7}"
25.094,right_hand,og,acc,2458456,"{""seq"":1217,""x_mg"":-716,""y_mg"":172,""z_mg"":1128}"
25.094,right_hand,og,tilt,,"{""roll_deg"":0.5,""pitch_deg"":-19.7,""steady"":false}"
25.094,right_hand,og,flick_angles,,"{""side_deg"":4.6,""fwd_deg"":-26.6}"
25.125,right_hand,og,acc,2458477,"{""seq"":1218,""x_mg"":-744,""y_mg"":200,""z_mg"":1240}"
25.125,right_hand,og,tilt,,"{""roll_deg"":0.5,""pitch_deg"":-19.7,""steady"":false}"
25.125,right_hand,og,flick_angles,,"{""side_deg"":6.1,""fwd_deg"":-29.0}"
25.125,right_hand,og,acc,2458497,"{""seq"":1219,""x_mg"":-796,""y_mg"":240,""z_mg"":1320}"
25.125,right_hand,og,tilt,,"{""roll_deg"":0.5,""pitch_deg"":-19.7,""steady"":false}"
25.125,right_hand,og,flick_angles,,"{""side_deg"":7.0,""fwd_deg"":-29.8}"
25.156,right_hand,og,acc,2458518,"{""seq"":1220,""x_mg"":-836,""y_mg"":272,""z_mg"":1348}"
25.156,right_hand,og,tilt,,"{""roll_deg"":0.5,""pitch_deg"":-19.7,""steady"":false}"
25.156,right_hand,og,flick_angles,,"{""side_deg"":7.9,""fwd_deg"":-30.3}"
25.187,right_hand,og,acc,2458538,"{""seq"":1221,""x_mg"":-852,""y_mg"":216,""z_mg"":1336}"
25.187,right_hand,og,tilt,,"{""roll_deg"":0.5,""pitch_deg"":-19.7,""steady"":false}"
25.187,right_hand,og,flick_angles,,"{""side_deg"":8.4,""fwd_deg"":-30.8}"
25.187,right_hand,og,acc,2458559,"{""seq"":1222,""x_mg"":-780,""y_mg"":88,""z_mg"":1248}"
25.187,right_hand,og,tilt,,"{""roll_deg"":0.5,""pitch_deg"":-19.7,""steady"":false}"
25.187,right_hand,og,flick_angles,,"{""side_deg"":8.1,""fwd_deg"":-31.4}"
25.219,right_hand,og,acc,2458580,"{""seq"":1223,""x_mg"":-680,""y_mg"":20,""z_mg"":1108}"
25.219,right_hand,og,tilt,,"{""roll_deg"":0.5,""pitch_deg"":-19.7,""steady"":false}"
25.219,right_hand,og,flick_angles,,"{""side_deg"":5.7,""fwd_deg"":-31.7}"
25.219,right_hand,og,acc,2458600,"{""seq"":1224,""x_mg"":-604,""y_mg"":76,""z_mg"":1040}"
25.219,right_hand,og,tilt,,"{""roll_deg"":9.4,""pitch_deg"":-33.5,""steady"":true}"
25.219,right_hand,og,flick_angles,,"{""side_deg"":4.6,""fwd_deg"":-31.6}"
25.250,right_hand,og,acc,2458621,"{""seq"":1225,""x_mg"":-584,""y_mg"":140,""z_mg"":988}"
25.250,right_hand,og,tilt,,"{""roll_deg"":10.1,""pitch_deg"":-34.7,""steady"":true}"
25.250,right_hand,og,flick_angles,,"{""side_deg"":4.1,""fwd_deg"":-31.0}"
25.281,right_hand,og,acc,2458641,"{""seq"":1226,""x_mg"":-564,""y_mg"":92,""z_mg"":868}"
25.281,right_hand,og,tilt,,"{""roll_deg"":10.1,""pitch_deg"":-35.4,""steady"":true}"
25.281,right_hand,og,flick_angles,,"{""side_deg"":4.6,""fwd_deg"":-30.7}"
25.281,right_hand,og,acc,2458662,"{""seq"":1227,""x_mg"":-508,""y_mg"":52,""z_mg"":776}"
25.281,right_hand,og,tilt,,"{""roll_deg"":10.2,""pitch_deg"":-36.8,""steady"":true}"
25.281,right_hand,og,flick_angles,,"{""side_deg"":4.8,""fwd_deg"":-31.8}"
25.312,right_hand,og,acc,2458682,"{""seq"":1228,""x_mg"":-448,""y_mg"":20,""z_mg"":756}"
25.312,right_hand,og,tilt,,"{""roll_deg"":10.2,""pitch_deg"":-37.6,""steady"":true}"
25.312,right_hand,og,flick_angles,,"{""side_deg"":4.0,""fwd_deg"":-32.3}"
25.344,right_hand,og,acc,2458703,"{""seq"":1229,""x_mg"":-468,""y_mg"":80,""z_mg"":812}"
25.344,right_hand,og,tilt,,"{""roll_deg"":10.2,""pitch_deg"":-37.6,""steady"":true}"
25.344,right_hand,og,flick_angles,,"{""side_deg"":3.6,""fwd_deg"":-31.5}"
25.344,right_hand,og,acc,2458723,"{""seq"":1230,""x_mg"":-520,""y_mg"":152,""z_mg"":872}"
25.344,right_hand,og,tilt,,"{""roll_deg"":10.2,""pitch_deg"":-37.6,""steady"":true}"
25.344,right_hand,og,flick_angles,,"{""side_deg"":4.2,""fwd_deg"":-31.0}"
25.375,right_hand,og,acc,2458744,"{""seq"":1231,""x_mg"":-548,""y_mg"":152,""z_mg"":916}"
25.375,right_hand,og,tilt,,"{""roll_deg"":10.3,""pitch_deg"":-37.6,""steady"":true}"
25.375,right_hand,og,flick_angles,,"{""side_deg"":6.2,""fwd_deg"":-30.7}"
25.406,right_hand,og,acc,2458765,"{""seq"":1232,""x_mg"":-500,""y_mg"":68,""z_mg"":772}"
25.406,right_hand,og,tilt,,"{""roll_deg"":10.9,""pitch_deg"":-37.6,""steady"":true}"
25.406,right_hand,og,flick_angles,,"{""side_deg"":7.1,""fwd_deg"":-30.6}"
25.406,right_hand,og,acc,2458785,"{""seq"":1233,""x_mg"":-436,""y_mg"":20,""z_mg"":780}"
25.406,right_hand,og,tilt,,"{""roll_deg"":10.9,""pitch_deg"":-37.6,""steady"":true}"
25.406,right_hand,og,flick_angles,,"{""side_deg"":5.7,""fwd_deg"":-30.6}"
25.437,right_hand,og,acc,2458806,"{""seq"":1234,""x_mg"":-428,""y_mg"":32,""z_mg"":792}"
25.437,right_hand,og,tilt,,"{""roll_deg"":10.9,""pitch_deg"":-37.6,""steady"":true}"
25.437,right_hand,og,flick_angles,,"{""side_deg"":3.9,""fwd_deg"":-29.9}"
25.437,right_hand,og,acc,2458826,"{""seq"":1235,""x_mg"":-476,""y_mg"":84,""z_mg"":828}"
25.437,right_hand,og,tilt,,"{""roll_deg"":10.8,""pitch_deg"":-37.4,""steady"":true}"
25.437,right_hand,og,flick_angles,,"{""side_deg"":2.9,""fwd_deg"":-29.5}"
25.469,right_hand,og,acc,2458847,"{""seq"":1236,""x_mg"":-484,""y_mg"":116,""z_mg"":848}"
25.469,right_hand,og,tilt,,"{""roll_deg"":10.8,""pitch_deg"":-37.3,""steady"":true}"
25.469,right_hand,og,flick_angles,,"{""side_deg"":4.0,""fwd_deg"":-29.5}"
25.515,right_hand,og,acc,2458867,"{""seq"":1237,""x_mg"":-424,""y_mg"":88,""z_mg"":788}"
25.515,right_hand,og,tilt,,"{""roll_deg"":10.8,""pitch_deg"":-37.2,""steady"":true}"
25.515,right_hand,og,flick_angles,,"{""side_deg"":4.8,""fwd_deg"":-29.5}"
25.515,right_hand,og,acc,2458888,"{""seq"":1238,""x_mg"":-416,""y_mg"":88,""z_mg"":816}"
25.515,right_hand,og,tilt,,"{""roll_deg"":10.8,""pitch_deg"":-37.0,""steady"":true}"
25.515,right_hand,og,flick_angles,,"{""side_deg"":5.2,""fwd_deg"":-28.8}"
25.547,right_hand,og,acc,2458909,"{""seq"":1239,""x_mg"":-444,""y_mg"":100,""z_mg"":840}"
25.547,right_hand,og,tilt,,"{""roll_deg"":10.8,""pitch_deg"":-36.8,""steady"":true}"
25.547,right_hand,og,flick_angles,,"{""side_deg"":5.4,""fwd_deg"":-28.3}"
25.578,right_hand,og,acc,2458929,"{""seq"":1240,""x_mg"":-452,""y_mg"":152,""z_mg"":924}"
25.578,right_hand,og,tilt,,"{""roll_deg"":10.8,""pitch_deg"":-36.6,""steady"":true}"
25.578,right_hand,og,flick_angles,,"{""side_deg"":5.7,""fwd_deg"":-27.6}"
25.578,right_hand,og,acc,2458950,"{""seq"":1241,""x_mg"":-432,""y_mg"":124,""z_mg"":920}"
25.578,right_hand,og,tilt,,"{""roll_deg"":10.8,""pitch_deg"":-36.2,""steady"":true}"
25.578,right_hand,og,flick_angles,,"{""side_deg"":6.3,""fwd_deg"":-26.7}"
25.609,right_hand,og,acc,2458970,"{""seq"":1242,""x_mg"":-416,""y_mg"":56,""z_mg"":924}"
25.609,right_hand,og,tilt,,"{""roll_deg"":10.8,""pitch_deg"":-35.6,""steady"":true}"
25.609,right_hand,og,flick_angles,,"{""side_deg"":6.6,""fwd_deg"":-25.8}"
25.640,right_hand,og,acc,2458991,"{""seq"":1243,""x_mg"":-436,""y_mg"":36,""z_mg"":944}"
25.640,right_hand,og,tilt,,"{""roll_deg"":10.8,""pitch_deg"":-34.9,""steady"":true}"
25.640,right_hand,og,flick_angles,,"{""side_deg"":4.9,""fwd_deg"":-25.3}"
25.640,right_hand,og,acc,2459011,"{""seq"":1244,""x_mg"":-452,""y_mg"":44,""z_mg"":968}"
25.640,right_hand,og,tilt,,"{""roll_deg"":10.8,""pitch_deg"":-34.3,""steady"":true}"
25.640,right_hand,og,flick_angles,,"{""side_deg"":3.6,""fwd_deg"":-25.0}"
25.672,right_hand,og,acc,2459032,"{""seq"":1245,""x_mg"":-440,""y_mg"":40,""z_mg"":980}"
25.672,right_hand,og,tilt,,"{""roll_deg"":10.8,""pitch_deg"":-33.8,""steady"":true}"
25.672,right_hand,og,flick_angles,,"{""side_deg"":2.9,""fwd_deg"":-24.9}"
25.703,right_hand,og,acc,2459053,"{""seq"":1246,""x_mg"":-444,""y_mg"":72,""z_mg"":976}"
25.703,right_hand,og,tilt,,"{""roll_deg"":10.5,""pitch_deg"":-33.4,""steady"":true}"
25.703,right_hand,og,flick_angles,,"{""side_deg"":2.6,""fwd_deg"":-24.7}"
25.703,right_hand,og,acc,2459073,"{""seq"":1247,""x_mg"":-412,""y_mg"":24,""z_mg"":956}"
25.703,right_hand,og,tilt,,"{""roll_deg"":10.2,""pitch_deg"":-32.9,""steady"":true}"
25.703,right_hand,og,flick_angles,,"{""side_deg"":2.4,""fwd_deg"":-24.4}"
25.734,right_hand,og,acc,2459094,"{""seq"":1248,""x_mg"":-420,""y_mg"":24,""z_mg"":1008}"
25.734,right_hand,og,tilt,,"{""roll_deg"":9.7,""pitch_deg"":-32.4,""steady"":true}"
25.734,right_hand,og,flick_angles,,"{""side_deg"":1.8,""fwd_deg"":-23.9}"
25.734,right_hand,og,acc,2459114,"{""seq"":1249,""x_mg"":-444,""y_mg"":84,""z_mg"":1004}"
25.734,right_hand,og,tilt,,"{""roll_deg"":9.3,""pitch_deg"":-32.0,""steady"":true}"
25.734,right_hand,og,flick_angles,,"{""side_deg"":1.6,""fwd_deg"":-23.6}"
25.765,right_hand,og,acc,2459135,"{""seq"":1250,""x_mg"":-412,""y_mg"":52,""z_mg"":1008}"
25.765,right_hand,og,tilt,,"{""roll_deg"":9.2,""pitch_deg"":-31.5,""steady"":true}"
25.765,right_hand,og,flick_angles,,"{""side_deg"":2.2,""fwd_deg"":-23.1}"
25.781,right_hand,og,acc,2459155,"{""seq"":1251,""x_mg"":-392,""y_mg"":8,""z_mg"":1024}"
25.781,right_hand,og,tilt,,"{""roll_deg"":9.1,""pitch_deg"":-31.0,""steady"":true}"
25.781,right_hand,og,flick_angles,,"{""side_deg"":2.4,""fwd_deg"":-22.7}"
25.812,right_hand,og,acc,2459176,"{""seq"":1252,""x_mg"":-388,""y_mg"":-12,""z_mg"":1044}"
25.812,right_hand,og,tilt,,"{""roll_deg"":8.6,""pitch_deg"":-30.3,""steady"":true}"
25.812,right_hand,og,flick_angles,,"{""side_deg"":1.4,""fwd_deg"":-21.8}"
25.844,right_hand,og,acc,2459197,"{""seq"":1253,""x_mg"":-360,""y_mg"":24,""z_mg"":1088}"
25.844,right_hand,og,tilt,,"{""roll_deg"":8.2,""pitch_deg"":-29.7,""steady"":true}"
25.844,right_hand,og,flick_angles,,"{""side_deg"":0.9,""fwd_deg"":-21.1}"
25.844,right_hand,og,acc,2459217,"{""seq"":1254,""x_mg"":-344,""y_mg"":52,""z_mg"":1080}"
25.844,right_hand,og,tilt,,"{""roll_deg"":8.0,""pitch_deg"":-28.6,""steady"":true}"
25.844,right_hand,og,flick_angles,,"{""side_deg"":1.1,""fwd_deg"":-19.7}"
25.875,right_hand,og,acc,2459238,"{""seq"":1255,""x_mg"":-304,""y_mg"":20,""z_mg"":1036}"
25.875,right_hand,og,tilt,,"{""roll_deg"":7.8,""pitch_deg"":-27.6,""steady"":true}"
25.875,right_hand,og,flick_angles,,"{""side_deg"":1.1,""fwd_deg"":-18.7}"
25.875,right_hand,og,acc,2459258,"{""seq"":1256,""x_mg"":-248,""y_mg"":-52,""z_mg"":992}"
25.875,right_hand,og,tilt,,"{""roll_deg"":7.7,""pitch_deg"":-26.5,""steady"":true}"
25.875,right_hand,og,flick_angles,,"{""side_deg"":1.1,""fwd_deg"":-17.5}"
25.906,right_hand,og,acc,2459279,"{""seq"":1257,""x_mg"":-208,""y_mg"":-92,""z_mg"":984}"
25.906,right_hand,og,tilt,,"{""roll_deg"":6.7,""pitch_deg"":-24.9,""steady"":true}"
25.906,right_hand,og,flick_angles,,"{""side_deg"":-0.9,""fwd_deg"":-15.8}"
25.937,right_hand,og,acc,2459299,"{""seq"":1258,""x_mg"":-176,""y_mg"":-48,""z_mg"":972}"
25.937,right_hand,og,tilt,,"{""roll_deg"":5.9,""pitch_deg"":-23.0,""steady"":true}"
25.937,right_hand,og,flick_angles,,"{""side_deg"":-1.9,""fwd_deg"":-13.8}"
25.937,right_hand,og,acc,2459320,"{""seq"":1259,""x_mg"":-136,""y_mg"":-48,""z_mg"":912}"
25.937,right_hand,og,tilt,,"{""roll_deg"":5.2,""pitch_deg"":-21.1,""steady"":true}"
25.937,right_hand,og,flick_angles,,"{""side_deg"":-2.4,""fwd_deg"":-12.0}"
25.969,right_hand,og,acc,2459340,"{""seq"":1260,""x_mg"":-72,""y_mg"":-140,""z_mg"":852}"
25.969,right_hand,og,tilt,,"{""roll_deg"":4.7,""pitch_deg"":-19.3,""steady"":true}"
25.969,right_hand,og,flick_angles,,"{""side_deg"":-2.7,""fwd_deg"":-10.3}"
26.000,right_hand,og,acc,2459361,"{""seq"":1261,""x_mg"":-28,""y_mg"":-156,""z_mg"":852}"
26.000,right_hand,og,tilt,,"{""roll_deg"":2.4,""pitch_deg"":-16.5,""steady"":true}"
26.000,right_hand,og,flick_angles,,"{""side_deg"":-6.0,""fwd_deg"":-7.5}"
26.000,right_hand,og,acc,2459382,"{""seq"":1262,""x_mg"":-8,""y_mg"":-116,""z_mg"":872}"
26.000,right_hand,og,tilt,,"{""roll_deg"":0.6,""pitch_deg"":-13.6,""steady"":true}"
26.000,right_hand,og,flick_angles,,"{""side_deg"":-7.7,""fwd_deg"":-4.7}"
26.015,right_hand,og,acc,2459402,"{""seq"":1263,""x_mg"":0,""y_mg"":-84,""z_mg"":852}"
26.015,right_hand,og,tilt,,"{""roll_deg"":-0.1,""pitch_deg"":-11.3,""steady"":true}"
26.015,right_hand,og,flick_angles,,"{""side_deg"":-7.6,""fwd_deg"":-2.6}"
26.047,right_hand,og,acc,2459423,"{""seq"":1264,""x_mg"":20,""y_mg"":-116,""z_mg"":836}"
26.047,right_hand,og,tilt,,"{""roll_deg"":-0.5,""pitch_deg"":-9.7,""steady"":true}"
26.047,right_hand,og,flick_angles,,"{""side_deg"":-7.6,""fwd_deg"":-1.3}"
26.094,right_hand,og,acc,2459443,"{""seq"":1265,""x_mg"":60,""y_mg"":-136,""z_mg"":840}"
26.094,right_hand,og,tilt,,"{""roll_deg"":-0.9,""pitch_deg"":-8.2,""steady"":true}"
26.094,right_hand,og,flick_angles,,"{""side_deg"":-7.7,""fwd_deg"":0.0}"
26.094,right_hand,og,acc,2459464,"{""seq"":1266,""x_mg"":72,""y_mg"":-140,""z_mg"":848}"
26.094,right_hand,og,tilt,,"{""roll_deg"":-1.6,""pitch_deg"":-6.2,""steady"":true}"
26.094,right_hand,og,flick_angles,,"{""side_deg"":-8.5,""fwd_deg"":2.0}"
26.125,right_hand,og,acc,2459484,"{""seq"":1267,""x_mg"":100,""y_mg"":-148,""z_mg"":856}"
26.125,right_hand,og,tilt,,"{""roll_deg"":-2.0,""pitch_deg"":-4.8,""steady"":true}"
26.125,right_hand,og,flick_angles,,"{""side_deg"":-8.9,""fwd_deg"":3.4}"
26.156,right_hand,og,acc,2459505,"{""seq"":1268,""x_mg"":88,""y_mg"":-148,""z_mg"":884}"
26.156,right_hand,og,tilt,,"{""roll_deg"":-2.4,""pitch_deg"":-3.6,""steady"":true}"
26.156,right_hand,og,flick_angles,,"{""side_deg"":-9.2,""fwd_deg"":4.5}"
26.156,right_hand,og,acc,2459526,"{""seq"":1269,""x_mg"":96,""y_mg"":-148,""z_mg"":896}"
26.156,right_hand,og,tilt,,"{""roll_deg"":-2.7,""pitch_deg"":-2.7,""steady"":true}"
26.156,right_hand,og,flick_angles,,"{""side_deg"":-9.3,""fwd_deg"":5.3}"
26.187,right_hand,og,acc,2459546,"{""seq"":1270,""x_mg"":100,""y_mg"":-164,""z_mg"":904}"
26.187,right_hand,og,tilt,,"{""roll_deg"":-2.9,""pitch_deg"":-2.2,""steady"":true}"
26.187,right_hand,og,flick_angles,,"{""side_deg"":-9.4,""fwd_deg"":5.7}"
26.203,right_hand,og,acc,2459567,"{""seq"":1271,""x_mg"":88,""y_mg"":-168,""z_mg"":940}"
26.203,right_hand,og,tilt,,"{""roll_deg"":-3.2,""pitch_deg"":-1.8,""steady"":true}"
26.203,right_hand,og,flick_angles,,"{""side_deg"":-9.7,""fwd_deg"":5.8}"
26.203,right_hand,og,acc,2459587,"{""seq"":1272,""x_mg"":64,""y_mg"":-156,""z_mg"":952}"
26.203,right_hand,og,tilt,,"{""roll_deg"":-3.4,""pitch_deg"":-1.8,""steady"":true}"
26.203,right_hand,og,flick_angles,,"{""side_deg"":-9.9,""fwd_deg"":5.6}"
26.250,right_hand,og,acc,2459608,"{""seq"":1273,""x_mg"":60,""y_mg"":-168,""z_mg"":928}"
26.250,right_hand,og,tilt,,"{""roll_deg"":-3.6,""pitch_deg"":-1.8,""steady"":true}"
26.250,right_hand,og,flick_angles,,"{""side_deg"":-10.0,""fwd_deg"":4.7}"
26.250,right_hand,og,acc,2459628,"{""seq"":1274,""x_mg"":76,""y_mg"":-160,""z_mg"":936}"
26.250,right_hand,og,tremor,,"{""rms_mg"":50.2,""peak_hz"":8.5}"
26.250,right_hand,og,tilt,,"{""roll_deg"":-3.6,""pitch_deg"":-1.8,""steady"":true}"
26.250,right_hand,og,flick_angles,,"{""side_deg"":-9.8,""fwd_deg"":4.2}"
26.281,right_hand,og,acc,2459649,"{""seq"":1275,""x_mg"":68,""y_mg"":-148,""z_mg"":940}"
26.281,right_hand,og,tilt,,"{""roll_deg"":-3.6,""pitch_deg"":-1.9,""steady"":true}"
26.281,right_hand,og,flick_angles,,"{""side_deg"":-9.8,""fwd_deg"":4.2}"
26.312,right_hand,og,acc,2459670,"{""seq"":1276,""x_mg"":68,""y_mg"":-128,""z_mg"":924}"
26.312,right_hand,og,tilt,,"{""roll_deg"":-3.6,""pitch_deg"":-2.0,""steady"":true}"
26.312,right_hand,og,flick_angles,,"{""side_deg"":-9.3,""fwd_deg"":4.2}"
26.312,right_hand,og,acc,2459690,"{""seq"":1277,""x_mg"":80,""y_mg"":-116,""z_mg"":868}"
26.312,right_hand,og,tilt,,"{""roll_deg"":-3.6,""pitch_deg"":-2.0,""steady"":true}"
26.312,right_hand,og,flick_angles,,"{""side_deg"":-8.6,""fwd_deg"":4.2}"
26.344,right_hand,og,acc,2459711,"{""seq"":1278,""x_mg"":104,""y_mg"":-72,""z_mg"":820}"
26.344,right_hand,og,tilt,,"{""roll_deg"":-3.6,""pitch_deg"":-2.0,""steady"":true}"
26.344,right_hand,og,flick_angles,,"{""side_deg"":-8.1,""fwd_deg"":4.7}"
26.375,right_hand,og,acc,2459731,"{""seq"":1279,""x_mg"":112,""y_mg"":-36,""z_mg"":700}"
26.375,right_hand,og,tilt,,"{""roll_deg"":-3.6,""pitch_deg"":-2.0,""steady"":true}"
26.375,right_hand,og,flick_angles,,"{""side_deg"":-6.5,""fwd_deg"":5.9}"
26.375,right_hand,og,acc,2459752,"{""seq"":1280,""x_mg"":124,""y_mg"":-24,""z_mg"":660}"
26.375,right_hand,og,tilt,,"{""roll_deg"":-3.6,""pitch_deg"":-2.0,""steady"":false}"
26.375,right_hand,og,flick_angles,,"{""side_deg"":-4.7,""fwd_deg"":7.5}"
26.406,right_hand,og,acc,2459772,"{""seq"":1281,""x_mg"":72,""y_mg"":-20,""z_mg"":664}"
26.406,right_hand,og,tilt,,"{""roll_deg"":-3.6,""pitch_deg"":-2.0,""steady"":false}"
26.406,right_hand,og,flick_angles,,"{""side_deg"":-3.4,""fwd_deg"":8.3}"
26.437,right_hand,og,acc,2459793,"{""seq"":1282,""x_mg"":-32,""y_mg"":0,""z_mg"":804}"
26.437,right_hand,og,tilt,,"{""roll_deg"":-1.9,""pitch_deg"":-1.3,""steady"":true}"
26.437,right_hand,og,flick_angles,,"{""side_deg"":-2.5,""fwd_deg"":7.2}"
26.437,right_hand,og,acc,2459814,"{""seq"":1283,""x_mg"":-132,""y_mg"":48,""z_mg"":872}"
26.437,right_hand,og,tilt,,"{""roll_deg"":-0.6,""pitch_deg"":-1.3,""steady"":true}"
26.437,right_hand,og,flick_angles,,"{""side_deg"":-1.3,""fwd_deg"":2.5}"
26.469,right_hand,og,acc,2459834,"{""seq"":1284,""x_mg"":-164,""y_mg"":-60,""z_mg"":852}"
26.469,right_hand,og,tilt,,"{""roll_deg"":0.7,""pitch_deg"":-3.8,""steady"":true}"
26.469,right_hand,og,flick_angles,,"{""side_deg"":-0.6,""fwd_deg"":-3.1}"
26.469,right_hand,game,hit,,"{""n"":8,""dir"":""down"",""err_ms"":63}"
26.500,right_hand,og,acc,2459855,"{""seq"":1285,""x_mg"":-184,""y_mg"":-168,""z_mg"":892}"
26.500,right_hand,og,tilt,,"{""roll_deg"":0.8,""pitch_deg"":-7.8,""steady"":true}"
26.500,right_hand,og,flick_angles,,"{""side_deg"":-2.3,""fwd_deg"":-7.0}"
26.500,right_hand,og,acc,2459875,"{""seq"":1286,""x_mg"":-280,""y_mg"":-148,""z_mg"":920}"
26.500,right_hand,og,tilt,,"{""roll_deg"":0.8,""pitch_deg"":-11.2,""steady"":true}"
26.500,right_hand,og,flick_angles,,"{""side_deg"":-5.5,""fwd_deg"":-9.2}"
26.531,right_hand,og,acc,2459896,"{""seq"":1287,""x_mg"":-380,""y_mg"":-24,""z_mg"":968}"
26.531,right_hand,og,tilt,,"{""roll_deg"":0.5,""pitch_deg"":-15.9,""steady"":true}"
26.531,right_hand,og,flick_angles,,"{""side_deg"":-7.1,""fwd_deg"":-13.0}"
26.562,right_hand,og,acc,2459916,"{""seq"":1288,""x_mg"":-392,""y_mg"":-12,""z_mg"":924}"
26.562,right_hand,og,tilt,,"{""roll_deg"":0.5,""pitch_deg"":-20.9,""steady"":true}"
26.562,right_hand,og,flick_angles,,"{""side_deg"":-4.2,""fwd_deg"":-17.2}"
26.562,right_hand,og,acc,2459937,"{""seq"":1289,""x_mg"":-352,""y_mg"":-44,""z_mg"":848}"
26.562,right_hand,og,tilt,,"{""roll_deg"":0.9,""pitch_deg"":-24.5,""steady"":true}"
26.562,right_hand,og,flick_angles,,"{""side_deg"":-2.8,""fwd_deg"":-19.9}"
26.594,right_hand,og,acc,2459958,"{""seq"":1290,""x_mg"":-468,""y_mg"":60,""z_mg"":888}"
26.594,right_hand,og,tilt,,"{""roll_deg"":1.6,""pitch_deg"":-26.6,""steady"":true}"
26.594,right_hand,og,flick_angles,,"{""side_deg"":-1.7,""fwd_deg"":-21.4}"
26.594,right_hand,og,acc,2459978,"{""seq"":1291,""x_mg"":-540,""y_mg"":152,""z_mg"":904}"
26.594,right_hand,og,tilt,,"{""roll_deg"":3.3,""pitch_deg"":-29.9,""steady"":true}"
26.594,right_hand,og,flick_angles,,"{""side_deg"":0.8,""fwd_deg"":-24.6}"
26.625,right_hand,og,acc,2459999,"{""seq"":1292,""x_mg"":-552,""y_mg"":220,""z_mg"":928}"
26.625,right_hand,og,tilt,,"{""roll_deg"":6.4,""pitch_deg"":-32.9,""steady"":true}"
26.625,right_hand,og,flick_angles,,"{""side_deg"":4.5,""fwd_deg"":-27.3}"
26.656,right_hand,og,acc,2460019,"{""seq"":1293,""x_mg"":-596,""y_mg"":256,""z_mg"":1024}"
26.656,right_hand,og,tilt,,"{""roll_deg"":10.0,""pitch_deg"":-34.4,""steady"":true}"
26.656,right_hand,og,flick_angles,,"{""side_deg"":8.0,""fwd_deg"":-28.7}"
26.656,right_hand,og,acc,2460040,"{""seq"":1294,""x_mg"":-692,""y_mg"":284,""z_mg"":1124}"
26.656,right_hand,og,tilt,,"{""roll_deg"":10.0,""pitch_deg"":-34.4,""steady"":false}"
26.656,right_hand,og,flick_angles,,"{""side_deg"":10.1,""fwd_deg"":-29.4}"
26.687,right_hand,og,acc,2460060,"{""seq"":1295,""x_mg"":-788,""y_mg"":316,""z_mg"":1228}"
26.687,right_hand,og,tilt,,"{""roll_deg"":10.0,""pitch_deg"":-34.4,""steady"":false}"
26.687,right_hand,og,flick_angles,,"{""side_deg"":11.1,""fwd_deg"":-30.1}"
26.719,right_hand,og,acc,2460081,"{""seq"":1296,""x_mg"":-876,""y_mg"":268,""z_mg"":1328}"
26.719,right_hand,og,tilt,,"{""roll_deg"":10.0,""pitch_deg"":-34.4,""steady"":false}"
26.719,right_hand,og,flick_angles,,"{""side_deg"":11.6,""fwd_deg"":-31.0}"
26.719,right_hand,og,acc,2460101,"{""seq"":1297,""x_mg"":-924,""y_mg"":164,""z_mg"":1368}"
26.719,right_hand,og,tilt,,"{""roll_deg"":10.0,""pitch_deg"":-34.4,""steady"":false}"
26.719,right_hand,og,flick_angles,,"{""side_deg"":10.6,""fwd_deg"":-31.9}"
26.750,right_hand,og,acc,2460122,"{""seq"":1298,""x_mg"":-884,""y_mg"":-24,""z_mg"":1184}"
26.750,right_hand,og,tilt,,"{""roll_deg"":10.0,""pitch_deg"":-34.4,""steady"":false}"
26.750,right_hand,og,flick_angles,,"{""side_deg"":8.1,""fwd_deg"":-32.9}"
26.781,right_hand,og,acc,2460143,"{""seq"":1299,""x_mg"":-784,""y_mg"":-120,""z_mg"":1084}"
26.781,right_hand,og,tilt,,"{""roll_deg"":10.0,""pitch_deg"":-34.4,""steady"":false}"
26.781,right_hand,og,flick_angles,,"{""side_deg"":3.6,""fwd_deg"":-34.3}"
26.781,right_hand,og,acc,2460163,"{""seq"":1300,""x_mg"":-656,""y_mg"":-8,""z_mg"":1012}"
26.781,right_hand,og,tilt,,"{""roll_deg"":14.8,""pitch_deg"":-36.0,""steady"":true}"
26.781,right_hand,og,flick_angles,,"{""side_deg"":1.3,""fwd_deg"":-35.0}"
26.828,right_hand,og,acc,2460184,"{""seq"":1301,""x_mg"":-608,""y_mg"":152,""z_mg"":964}"
26.828,right_hand,og,tilt,,"{""roll_deg"":14.8,""pitch_deg"":-36.7,""steady"":true}"
26.828,right_hand,og,flick_angles,,"{""side_deg"":0.5,""fwd_deg"":-34.0}"
26.859,right_hand,og,acc,2460204,"{""seq"":1302,""x_mg"":-620,""y_mg"":192,""z_mg"":872}"
26.859,right_hand,og,tilt,,"{""roll_deg"":14.8,""pitch_deg"":-37.5,""steady"":true}"
26.859,right_hand,og,flick_angles,,"{""side_deg"":4.0,""fwd_deg"":-33.5}"
26.859,right_hand,og,acc,2460225,"{""seq"":1303,""x_mg"":-560,""y_mg"":116,""z_mg"":704}"
26.859,right_hand,og,tilt,,"{""roll_deg"":14.6,""pitch_deg"":-38.7,""steady"":true}"
26.859,right_hand,og,flick_angles,,"{""side_deg"":5.8,""fwd_deg"":-34.1}"
26.890,right_hand,og,acc,2460245,"{""seq"":1304,""x_mg"":-464,""y_mg"":44,""z_mg"":696}"
26.890,right_hand,og,tilt,,"{""roll_deg"":14.4,""pitch_deg"":-39.4,""steady"":true}"
26.890,right_hand,og,flick_angles,,"{""side_deg"":6.6,""fwd_deg"":-34.4}"
26.890,right_hand,og,acc,2460266,"{""seq"":1305,""x_mg"":-456,""y_mg"":64,""z_mg"":788}"
26.890,right_hand,og,tilt,,"{""roll_deg"":14.0,""pitch_deg"":-39.6,""steady"":true}"
26.890,right_hand,og,flick_angles,,"{""side_deg"":5.3,""fwd_deg"":-34.0}"
26.922,right_hand,og,acc,2460287,"{""seq"":1306,""x_mg"":-492,""y_mg"":24,""z_mg"":792}"
26.922,right_hand,og,tilt,,"{""roll_deg"":13.5,""pitch_deg"":-39.6,""steady"":true}"
26.922,right_hand,og,flick_angles,,"{""side_deg"":4.2,""fwd_deg"":-32.9}"
26.953,right_hand,og,acc,2460307,"{""seq"":1307,""x_mg"":-460,""y_mg"":4,""z_mg"":752}"
26.953,right_hand,og,tilt,,"{""roll_deg"":12.6,""pitch_deg"":-39.6,""steady"":true}"
26.953,right_hand,og,flick_angles,,"{""side_deg"":2.8,""fwd_deg"":-32.2}"
26.953,right_hand,og,acc,2460328,"{""seq"":1308,""x_mg"":-396,""y_mg"":-24,""z_mg"":716}"
26.953,right_hand,og,tilt,,"{""roll_deg"":11.2,""pitch_deg"":-39.5,""steady"":true}"
26.953,right_hand,og,flick_angles,,"{""side_deg"":1.5,""fwd_deg"":-31.8}"
26.984,right_hand,og,acc,2460348,"{""seq"":1309,""x_mg"":-384,""y_mg"":0,""z_mg"":736}"
26.984,right_hand,og,tilt,,"{""roll_deg"":10.0,""pitch_deg"":-39.0,""steady"":true}"
26.984,right_hand,og,flick_angles,,"{""side_deg"":0.8,""fwd_deg"":-30.4}"
27.015,right_hand,og,acc,2460369,"{""seq"":1310,""x_mg"":-408,""y_mg"":36,""z_mg"":804}"
27.015,right_hand,og,tilt,,"{""roll_deg"":9.0,""pitch_deg"":-38.6,""steady"":true}"
27.015,right_hand,og,flick_angles,,"{""side_deg"":0.4,""fwd_deg"":-29.0}"
27.015,right_hand,og,acc,2460389,"{""seq"":1311,""x_mg"":-420,""y_mg"":64,""z_mg"":900}"
27.015,right_hand,og,tilt,,"{""roll_deg"":8.8,""pitch_deg"":-38.2,""steady"":true}"
27.015,right_hand,og,flick_angles,,"{""side_deg"":1.3,""fwd_deg"":-27.9}"
27.031,right_hand,og,acc,2460410,"{""seq"":1312,""x_mg"":-364,""y_mg"":16,""z_mg"":876}"
27.031,right_hand,og,tilt,,"{""roll_deg"":8.7,""pitch_deg"":-37.3,""steady"":true}"
27.031,right_hand,og,flick_angles,,"{""side_deg"":1.8,""fwd_deg"":-26.4}"
27.078,right_hand,og,acc,2460431,"{""seq"":1313,""x_mg"":-320,""y_mg"":-4,""z_mg"":880}"
27.078,right_hand,og,tilt,,"{""roll_deg"":8.3,""pitch_deg"":-35.7,""steady"":true}"
27.078,right_hand,og,flick_angles,,"{""side_deg"":1.4,""fwd_deg"":-24.5}"
27.078,right_hand,og,acc,2460451,"{""seq"":1314,""x_mg"":-324,""y_mg"":28,""z_mg"":916}"
27.078,right_hand,og,tilt,,"{""roll_deg"":8.0,""pitch_deg"":-33.4,""steady"":true}"
27.078,right_hand,og,flick_angles,,"{""side_deg"":1.2,""fwd_deg"":-22.2}"
27.109,right_hand,og,acc,2460472,"{""seq"":1315,""x_mg"":-304,""y_mg"":108,""z_mg"":952}"
27.109,right_hand,og,tilt,,"{""roll_deg"":7.9,""pitch_deg"":-31.4,""steady"":true}"
27.109,right_hand,og,flick_angles,,"{""side_deg"":1.4,""fwd_deg"":-20.9}"
27.140,right_hand,og,acc,2460492,"{""seq"":1316,""x_mg"":-264,""y_mg"":100,""z_mg"":968}"
27.140,right_hand,og,tilt,,"{""roll_deg"":7.9,""pitch_deg"":-29.3,""steady"":true}"
27.140,right_hand,og,flick_angles,,"{""side_deg"":3.6,""fwd_deg"":-19.2}"
27.140,right_hand,og,acc,2460513,"{""seq"":1317,""x_mg"":-236,""y_mg"":96,""z_mg"":944}"
27.140,right_hand,og,tilt,,"{""roll_deg"":8.1,""pitch_deg"":-26.8,""steady"":true}"
27.140,right_hand,og,flick_angles,,"{""side_deg"":4.6,""fwd_deg"":-17.2}"
27.172,right_hand,og,acc,2460533,"{""seq"":1318,""x_mg"":-232,""y_mg"":84,""z_mg"":932}"
27.172,right_hand,og,tilt,,"{""roll_deg"":8.3,""pitch_deg"":-24.8,""steady"":true}"
27.172,right_hand,og,flick_angles,,"{""side_deg"":5.1,""fwd_deg"":-15.6}"
27.172,right_hand,og,acc,2460554,"{""seq"":1319,""x_mg"":-228,""y_mg"":40,""z_mg"":936}"
27.172,right_hand,og,tilt,,"{""roll_deg"":8.4,""pitch_deg"":-23.5,""steady"":true}"
27.172,right_hand,og,flick_angles,,"{""side_deg"":5.1,""fwd_deg"":-14.8}"
27.203,right_hand,og,acc,2460575,"{""seq"":1320,""x_mg"":-200,""y_mg"":40,""z_mg"":952}"
27.203,right_hand,og,tilt,,"{""roll_deg"":8.4,""pitch_deg"":-22.6,""steady"":true}"
27.203,right_hand,og,flick_angles,,"{""side_deg"":3.7,""fwd_deg"":-14.2}"
27.234,right_hand,og,acc,2460595,"{""seq"":1321,""x_mg"":-188,""y_mg"":52,""z_mg"":980}"
27.234,right_hand,og,tilt,,"{""roll_deg"":8.4,""pitch_deg"":-21.4,""steady"":true}"
27.234,right_hand,og,flick_angles,,"{""side_deg"":3.0,""fwd_deg"":-13.0}"
27.234,right_hand,og,acc,2460616,"{""seq"":1322,""x_mg"":-172,""y_mg"":24,""z_mg"":956}"
27.234,right_hand,og,tilt,,"{""roll_deg"":8.4,""pitch_deg"":-20.2,""steady"":true}"
27.234,right_hand,og,flick_angles,,"{""side_deg"":2.7,""fwd_deg"":-11.9}"
27.265,right_hand,og,acc,2460636,"{""seq"":1323,""x_mg"":-140,""y_mg"":20,""z_mg"":952}"
27.265,right_hand,og,tilt,,"{""roll_deg"":8.4,""pitch_deg"":-19.3,""steady"":true}"
27.265,right_hand,og,flick_angles,,"{""side_deg"":2.1,""fwd_deg"":-11.1}"
27.297,right_hand,og,acc,2460657,"{""seq"":1324,""x_mg"":-124,""y_mg"":12,""z_mg"":964}"
27.297,right_hand,og,tilt,,"{""roll_deg"":8.4,""pitch_deg"":-18.0,""steady"":true}"
27.297,right_hand,og,flick_angles,,"{""side_deg"":1.6,""fwd_deg"":-9.7}"
27.297,right_hand,og,acc,2460677,"{""seq"":1325,""x_mg"":-132,""y_mg"":16,""z_mg"":948}"
27.297,right_hand,og,tilt,,"{""roll_deg"":8.4,""pitch_deg"":-17.0,""steady"":true}"
27.297,right_hand,og,flick_angles,,"{""side_deg"":1.3,""fwd_deg"":-8.8}"
27.328,right_hand,og,acc,2460698,"{""seq"":1326,""x_mg"":-136,""y_mg"":8,""z_mg"":960}"
27.328,right_hand,og,tilt,,"{""roll_deg"":8.2,""pitch_deg"":-16.4,""steady"":true}"
27.328,right_hand,og,flick_angles,,"{""side_deg"":1.0,""fwd_deg"":-8.4}"
27.359,right_hand,og,acc,2460719,"{""seq"":1327,""x_mg"":-124,""y_mg"":12,""z_mg"":976}"
27.359,right_hand,og,tilt,,"{""roll_deg"":8.0,""pitch_deg"":-16.0,""steady"":true}"
27.359,right_hand,og,flick_angles,,"{""side_deg"":0.8,""fwd_deg"":-8.1}"
27.359,right_hand,og,acc,2460739,"{""seq"":1328,""x_mg"":-124,""y_mg"":8,""z_mg"":976}"
27.359,right_hand,og,tilt,,"{""roll_deg"":7.7,""pitch_deg"":-15.5,""steady"":true}"
27.359,right_hand,og,flick_angles,,"{""side_deg"":0.7,""fwd_deg"":-7.7}"
27.390,right_hand,og,acc,2460760,"{""seq"":1329,""x_mg"":-120,""y_mg"":-8,""z_mg"":964}"
27.390,right_hand,og,tilt,,"{""roll_deg"":7.5,""pitch_deg"":-15.2,""steady"":true}"
27.390,right_hand,og,flick_angles,,"{""side_deg"":0.6,""fwd_deg"":-7.5}"
27.422,right_hand,og,acc,2460780,"{""seq"":1330,""x_mg"":-96,""y_mg"":-20,""z_mg"":952}"
27.422,right_hand,og,tilt,,"{""roll_deg"":7.2,""pitch_deg"":-15.0,""steady"":true}"
27.422,right_hand,og,flick_angles,,"{""side_deg"":0.0,""fwd_deg"":-7.3}"
27.422,right_hand,og,acc,2460801,"{""seq"":1331,""x_mg"":-84,""y_mg"":-16,""z_mg"":968}"
27.422,right_hand,og,tilt,,"{""roll_deg"":6.8,""pitch_deg"":-14.4,""steady"":true}"
27.422,right_hand,og,flick_angles,,"{""side_deg"":-0.4,""fwd_deg"":-6.5}"
27.453,right_hand,og,acc,2460821,"{""seq"":1332,""x_mg"":-92,""y_mg"":-8,""z_mg"":976}"
27.453,right_hand,og,tilt,,"{""roll_deg"":6.5,""pitch_deg"":-13.9,""steady"":true}"
27.453,right_hand,og,flick_angles,,"{""side_deg"":-0.7,""fwd_deg"":-6.0}"
27.453,right_hand,og,acc,2460842,"{""seq"":1333,""x_mg"":-72,""y_mg"":-12,""z_mg"":952}"
27.453,right_hand,og,tilt,,"{""roll_deg"":6.2,""pitch_deg"":-13.5,""steady"":true}"
27.453,right_hand,og,flick_angles,,"{""side_deg"":-0.7,""fwd_deg"":-5.5}"
27.484,right_hand,og,acc,2460863,"{""seq"":1334,""x_mg"":-56,""y_mg"":8,""z_mg"":960}"
27.484,right_hand,og,tilt,,"{""roll_deg"":6.1,""pitch_deg"":-13.0,""steady"":true}"
27.484,right_hand,og,flick_angles,,"{""side_deg"":-0.6,""fwd_deg"":-4.9}"
27.531,right_hand,og,acc,2460883,"{""seq"":1335,""x_mg"":-36,""y_mg"":28,""z_mg"":960}"
27.531,right_hand,og,tilt,,"{""roll_deg"":6.1,""pitch_deg"":-12.3,""steady"":true}"
27.531,right_hand,og,flick_angles,,"{""side_deg"":-0.1,""fwd_deg"":-4.1}"
27.531,right_hand,og,acc,2460904,"{""seq"":1336,""x_mg"":-48,""y_mg"":68,""z_mg"":980}"
27.531,right_hand,og,tilt,,"{""roll_deg"":6.1,""pitch_deg"":-11.7,""steady"":true}"
27.531,right_hand,og,flick_angles,,"{""side_deg"":0.8,""fwd_deg"":-3.5}"
27.562,right_hand,og,acc,2460924,"{""seq"":1337,""x_mg"":-52,""y_mg"":68,""z_mg"":972}"
27.562,right_hand,og,tilt,,"{""roll_deg"":6.1,""pitch_deg"":-11.3,""steady"":true}"
27.562,right_hand,og,flick_angles,,"{""side_deg"":2.4,""fwd_deg"":-3.1}"
27.594,right_hand,og,acc,2460945,"{""seq"":1338,""x_mg"":-16,""y_mg"":72,""z_mg"":972}"
27.594,right_hand,og,tilt,,"{""roll_deg"":6.1,""pitch_deg"":-11.0,""steady"":true}"
27.594,right_hand,og,flick_angles,,"{""side_deg"":3.2,""fwd_deg"":-3.0}"
27.594,right_hand,og,acc,2460965,"{""seq"":1339,""x_mg"":44,""y_mg"":120,""z_mg"":1000}"
27.594,right_hand,og,tilt,,"{""roll_deg"":6.5,""pitch_deg"":-10.3,""steady"":true}"
27.594,right_hand,og,flick_angles,,"{""side_deg"":3.7,""fwd_deg"":-2.0}"
27.625,right_hand,og,acc,2460986,"{""seq"":1340,""x_mg"":100,""y_mg"":184,""z_mg"":1032}"
27.625,right_hand,og,tilt,,"{""roll_deg"":7.4,""pitch_deg"":-8.7,""steady"":true}"
27.625,right_hand,og,flick_angles,,"{""side_deg"":5.3,""fwd_deg"":0.3}"
27.656,right_hand,og,acc,2461006,"{""seq"":1341,""x_mg"":80,""y_mg"":220,""z_mg"":1064}"
27.656,right_hand,og,tilt,,"{""roll_deg"":9.2,""pitch_deg"":-7.0,""steady"":true}"
27.656,right_hand,og,flick_angles,,"{""side_deg"":7.7,""fwd_deg"":2.2}"
27.656,right_hand,og,acc,2461027,"{""seq"":1342,""x_mg"":8,""y_mg"":228,""z_mg"":1048}"
27.656,right_hand,og,tilt,,"{""roll_deg"":11.3,""pitch_deg"":-5.7,""steady"":true}"
27.656,right_hand,og,flick_angles,,"{""side_deg"":9.7,""fwd_deg"":3.2}"
27.687,right_hand,og,acc,2461048,"{""seq"":1343,""x_mg"":-24,""y_mg"":204,""z_mg"":1028}"
27.687,right_hand,og,tilt,,"{""roll_deg"":13.0,""pitch_deg"":-5.7,""steady"":true}"
27.687,right_hand,og,flick_angles,,"{""side_deg"":10.7,""fwd_deg"":1.8}"
27.719,right_hand,og,acc,2461068,"{""seq"":1344,""x_mg"":24,""y_mg"":100,""z_mg"":1008}"
27.719,right_hand,og,tilt,,"{""roll_deg"":14.0,""pitch_deg"":-5.7,""steady"":true}"
27.719,right_hand,og,flick_angles,,"{""side_deg"":10.9,""fwd_deg"":1.1}"
27.719,right_hand,og,acc,2461089,"{""seq"":1345,""x_mg"":24,""y_mg"":92,""z_mg"":992}"
27.719,right_hand,og,tilt,,"{""roll_deg"":14.0,""pitch_deg"":-5.7,""steady"":true}"
27.719,right_hand,og,flick_angles,,"{""side_deg"":8.3,""fwd_deg"":1.2}"
27.750,right_hand,og,acc,2461109,"{""seq"":1346,""x_mg"":8,""y_mg"":96,""z_mg"":928}"
27.750,right_hand,og,tilt,,"{""roll_deg"":13.5,""pitch_deg"":-5.7,""steady"":true}"
27.750,right_hand,og,flick_angles,,"{""side_deg"":7.0,""fwd_deg"":1.3}"
27.750,right_hand,og,acc,2461130,"{""seq"":1347,""x_mg"":4,""y_mg"":164,""z_mg"":900}"
27.750,right_hand,og,tilt,,"{""roll_deg"":13.2,""pitch_deg"":-5.7,""steady"":true}"
27.750,right_hand,og,flick_angles,,"{""side_deg"":6.4,""fwd_deg"":0.9}"
27.781,right_hand,og,acc,2461150,"{""seq"":1348,""x_mg"":-40,""y_mg"":232,""z_mg"":920}"
27.781,right_hand,og,tilt,,"{""roll_deg"":13.2,""pitch_deg"":-5.7,""steady"":true}"
27.781,right_hand,og,flick_angles,,"{""side_deg"":8.4,""fwd_deg"":0.6}"
27.812,right_hand,og,acc,2461171,"{""seq"":1349,""x_mg"":-92,""y_mg"":284,""z_mg"":916}"
27.812,right_hand,og,tilt,,"{""roll_deg"":14.6,""pitch_deg"":-6.0,""steady"":true}"
27.812,right_hand,og,flick_angles,,"{""side_deg"":11.3,""fwd_deg"":-0.9}"
27.812,right_hand,og,acc,2461192,"{""seq"":1350,""x_mg"":-172,""y_mg"":308,""z_mg"":908}"
27.812,right_hand,og,tilt,,"{""roll_deg"":16.8,""pitch_deg"":-6.4,""steady"":true}"
27.812,right_hand,og,flick_angles,,"{""side_deg"":14.2,""fwd_deg"":-3.2}"
27.844,right_hand,og,acc,2461212,"{""seq"":1351,""x_mg"":-352,""y_mg"":240,""z_mg"":948}"
27.844,right_hand,og,tilt,,"{""roll_deg"":18.5,""pitch_deg"":-8.1,""steady"":true}"
27.844,right_hand,og,flick_angles,,"{""side_deg"":15.7,""fwd_deg"":-6.7}"
27.859,right_hand,og,acc,2461233,"{""seq"":1352,""x_mg"":-492,""y_mg"":76,""z_mg"":964}"
27.859,right_hand,og,tilt,,"{""roll_deg"":18.5,""pitch_deg"":-13.9,""steady"":true}"
27.859,right_hand,og,flick_angles,,"{""side_deg"":14.5,""fwd_deg"":-13.2}"
27.859,right_hand,game,wrong,,"{""n"":11,""want"":""left"",""got"":""down""}"
27.890,right_hand,og,acc,2461253,"{""seq"":1353,""x_mg"":-532,""y_mg"":-48,""z_mg"":1012}"
27.890,right_hand,og,tilt,,"{""roll_deg"":17.6,""pitch_deg"":-21.7,""steady"":true}"
27.890,right_hand,og,flick_angles,,"{""side_deg"":9.3,""fwd_deg"":-20.1}"
27.890,right_hand,og,acc,2461274,"{""seq"":1354,""x_mg"":-476,""y_mg"":-112,""z_mg"":1048}"
27.890,right_hand,og,tilt,,"{""roll_deg"":16.1,""pitch_deg"":-26.9,""steady"":true}"
27.890,right_hand,og,flick_angles,,"{""side_deg"":3.4,""fwd_deg"":-23.5}"
27.922,right_hand,og,acc,2461294,"{""seq"":1355,""x_mg"":-500,""y_mg"":-232,""z_mg"":1024}"
27.922,right_hand,og,tilt,,"{""roll_deg"":12.2,""pitch_deg"":-29.1,""steady"":true}"
27.922,right_hand,og,flick_angles,,"{""side_deg"":-1.1,""fwd_deg"":-24.5}"
27.953,right_hand,og,acc,2461315,"{""seq"":1356,""x_mg"":-512,""y_mg"":-256,""z_mg"":1004}"
27.953,right_hand,og,tilt,,"{""roll_deg"":5.7,""pitch_deg"":-30.3,""steady"":true}"
27.953,right_hand,og,flick_angles,,"{""side_deg"":-6.3,""fwd_deg"":-25.0}"
27.953,right_hand,og,acc,2461336,"{""seq"":1357,""x_mg"":-464,""y_mg"":-220,""z_mg"":976}"
27.953,right_hand,og,tilt,,"{""roll_deg"":1.2,""pitch_deg"":-30.9,""steady"":true}"
27.953,right_hand,og,flick_angles,,"{""side_deg"":-8.9,""fwd_deg"":-25.2}"
27.984,right_hand,og,acc,2461356,"{""seq"":1358,""x_mg"":-408,""y_mg"":-176,""z_mg"":972}"
27.984,right_hand,og,tilt,,"{""roll_deg"":-1.5,""pitch_deg"":-31.1,""steady"":true}"
27.984,right_hand,og,flick_angles,,"{""side_deg"":-10.2,""fwd_deg"":-25.1}"
28.015,right_hand,og,acc,2461377,"{""seq"":1359,""x_mg"":-392,""y_mg"":-144,""z_mg"":956}"
28.015,right_hand,og,tilt,,"{""roll_deg"":-2.3,""pitch_deg"":-31.1,""steady"":true}"
28.015,right_hand,og,flick_angles,,"{""side_deg"":-9.8,""fwd_deg"":-23.7}"
28.015,right_hand,og,acc,2461397,"{""seq"":1360,""x_mg"":-432,""y_mg"":-136,""z_mg"":948}"
28.015,right_hand,og,tilt,,"{""roll_deg"":-2.3,""pitch_deg"":-30.7,""steady"":true}"
28.015,right_hand,og,flick_angles,,"{""side_deg"":-8.9,""fwd_deg"":-23.1}"
28.047,right_hand,og,acc,2461418,"{""seq"":1361,""x_mg"":-408,""y_mg"":-160,""z_mg"":928}"
28.047,right_hand,og,tilt,,"{""roll_deg"":-2.3,""pitch_deg"":-30.7,""steady"":true}"
28.047,right_hand,og,flick_angles,,"{""side_deg"":-8.4,""fwd_deg"":-23.3}"
28.078,right_hand,og,acc,2461438,"{""seq"":1362,""x_mg"":-372,""y_mg"":-168,""z_mg"":904}"
28.078,right_hand,og,tilt,,"{""roll_deg"":-2.4,""pitch_deg"":-30.6,""steady"":true}"
28.078,right_hand,og,flick_angles,,"{""side_deg"":-8.7,""fwd_deg"":-23.3}"
28.078,right_hand,og,acc,2461459,"{""seq"":1363,""x_mg"":-336,""y_mg"":-152,""z_mg"":912}"
28.078,right_hand,og,tilt,,"{""roll_deg"":-2.6,""pitch_deg"":-30.3,""steady"":true}"
28.078,right_hand,og,flick_angles,,"{""side_deg"":-8.8,""fwd_deg"":-22.7}"
28.109,right_hand,og,acc,2461480,"{""seq"":1364,""x_mg"":-344,""y_mg"":-128,""z_mg"":900}"
28.109,right_hand,og,tilt,,"{""roll_deg"":-2.7,""pitch_deg"":-29.8,""steady"":true}"
28.109,right_hand,og,flick_angles,,"{""side_deg"":-8.9,""fwd_deg"":-21.7}"
28.140,right_hand,og,acc,2461500,"{""seq"":1365,""x_mg"":-324,""y_mg"":-136,""z_mg"":864}"
28.140,right_hand,og,tilt,,"{""roll_deg"":-2.7,""pitch_deg"":-29.5,""steady"":true}"
28.140,right_hand,og,flick_angles,,"{""side_deg"":-8.6,""fwd_deg"":-21.0}"
28.172,right_hand,og,acc,2461521,"{""seq"":1366,""x_mg"":-300,""y_mg"":-148,""z_mg"":884}"
28.172,right_hand,og,tilt,,"{""roll_deg"":-2.7,""pitch_deg"":-29.2,""steady"":true}"
28.172,right_hand,og,flick_angles,,"{""side_deg"":-8.5,""fwd_deg"":-20.7}"
28.172,right_hand,og,acc,2461541,"{""seq"":1367,""x_mg"":-280,""y_mg"":-148,""z_mg"":880}"
28.172,right_hand,og,tilt,,"{""roll_deg"":-2.7,""pitch_deg"":-28.9,""steady"":true}"
28.172,right_hand,og,flick_angles,,"{""side_deg"":-8.8,""fwd_deg"":-19.6}"
28.203,right_hand,og,acc,2461562,"{""seq"":1368,""x_mg"":-272,""y_mg"":-120,""z_mg"":880}"
28.203,right_hand,og,tilt,,"{""roll_deg"":-2.8,""pitch_deg"":-28.5,""steady"":true}"
28.203,right_hand,og,flick_angles,,"{""side_deg"":-8.9,""fwd_deg"":-18.5}"
28.203,right_hand,og,acc,2461582,"{""seq"":1369,""x_mg"":-264,""y_mg"":-100,""z_mg"":892}"
28.203,right_hand,og,tilt,,"{""roll_deg"":-2.8,""pitch_deg"":-27.9,""steady"":true}"
28.203,right_hand,og,flick_angles,,"{""side_deg"":-8.2,""fwd_deg"":-17.8}"
28.234,right_hand,og,acc,2461603,"{""seq"":1370,""x_mg"":-236,""y_mg"":-104,""z_mg"":908}"
28.234,right_hand,og,tilt,,"{""roll_deg"":-2.8,""pitch_deg"":-27.2,""steady"":true}"
28.234,right_hand,og,flick_angles,,"{""side_deg"":-7.2,""fwd_deg"":-17.1}"
28.265,right_hand,og,acc,2461623,"{""seq"":1371,""x_mg"":-232,""y_mg"":-88,""z_mg"":904}"
28.265,right_hand,og,tilt,,"{""roll_deg"":-2.7,""pitch_deg"":-26.0,""steady"":true}"
28.265,right_hand,og,flick_angles,,"{""side_deg"":-6.7,""fwd_deg"":-15.8}"
28.265,right_hand,og,acc,2461644,"{""seq"":1372,""x_mg"":-232,""y_mg"":-52,""z_mg"":924}"
28.265,right_hand,og,tremor,,"{""rms_mg"":66.3,""peak_hz"":4.4}"
28.265,right_hand,og,tilt,,"{""roll_deg"":-2.5,""pitch_deg"":-24.9,""steady"":true}"
28.265,right_hand,og,flick_angles,,"{""side_deg"":-6.0,""fwd_deg"":-15.1}"
28.297,right_hand,og,acc,2461665,"{""seq"":1373,""x_mg"":-208,""y_mg"":8,""z_mg"":936}"
28.297,right_hand,og,tilt,,"{""roll_deg"":-2.1,""pitch_deg"":-24.0,""steady"":true}"
28.297,right_hand,og,flick_angles,,"{""side_deg"":-4.6,""fwd_deg"":-14.6}"
28.328,right_hand,og,acc,2461685,"{""seq"":1374,""x_mg"":-196,""y_mg"":28,""z_mg"":948}"
28.328,right_hand,og,tilt,,"{""roll_deg"":-0.8,""pitch_deg"":-22.9,""steady"":true}"
28.328,right_hand,og,flick_angles,,"{""side_deg"":-2.1,""fwd_deg"":-13.5}"
28.328,right_hand,og,acc,2461706,"{""seq"":1375,""x_mg"":-208,""y_mg"":12,""z_mg"":944}"
28.328,right_hand,og,tilt,,"{""roll_deg"":0.7,""pitch_deg"":-22.0,""steady"":true}"
28.328,right_hand,og,flick_angles,,"{""side_deg"":-0.7,""fwd_deg"":-13.0}"
28.359,right_hand,og,acc,2461726,"{""seq"":1376,""x_mg"":-184,""y_mg"":48,""z_mg"":988}"
28.359,right_hand,og,tilt,,"{""roll_deg"":2.3,""pitch_deg"":-21.1,""steady"":true}"
28.359,right_hand,og,flick_angles,,"{""side_deg"":0.5,""fwd_deg"":-12.3}"
28.390,right_hand,og,acc,2461747,"{""seq"":1377,""x_mg"":-180,""y_mg"":72,""z_mg"":1008}"
28.390,right_hand,og,tilt,,"{""roll_deg"":3.9,""pitch_deg"":-20.1,""steady"":true}"
28.390,right_hand,og,flick_angles,,"{""side_deg"":1.6,""fwd_deg"":-11.4}"
28.390,right_hand,og,acc,2461767,"{""seq"":1378,""x_mg"":-220,""y_mg"":100,""z_mg"":1004}"
28.390,right_hand,og,tilt,,"{""roll_deg"":5.5,""pitch_deg"":-19.5,""steady"":true}"
28.390,right_hand,og,flick_angles,,"{""side_deg"":2.8,""fwd_deg"":-11.0}"
28.422,right_hand,og,acc,2461788,"{""seq"":1379,""x_mg"":-224,""y_mg"":120,""z_mg"":1012}"
28.422,right_hand,og,tilt,,"{""roll_deg"":7.2,""pitch_deg"":-19.5,""steady"":true}"
28.422,right_hand,og,flick_angles,,"{""side_deg"":4.2,""fwd_deg"":-11.6}"
28.453,right_hand,og,acc,2461809,"{""seq"":1380,""x_mg"":-200,""y_mg"":124,""z_mg"":1028}"
28.453,right_hand,og,tilt,,"{""roll_deg"":8.7,""pitch_deg"":-19.5,""steady"":true}"
28.453,right_hand,og,flick_angles,,"{""side_deg"":5.4,""fwd_deg"":-12.0}"
28.453,right_hand,og,acc,2461829,"{""seq"":1381,""x_mg"":-208,""y_mg"":124,""z_mg"":1020}"
28.453,right_hand,og,tilt,,"{""roll_deg"":9.7,""pitch_deg"":-19.3,""steady"":true}"
28.453,right_hand,og,flick_angles,,"{""side_deg"":6.1,""fwd_deg"":-11.7}"
28.484,right_hand,og,acc,2461850,"{""seq"":1382,""x_mg"":-204,""y_mg"":136,""z_mg"":1024}"
28.484,right_hand,og,tilt,,"{""roll_deg"":10.5,""pitch_deg"":-19.1,""steady"":true}"
28.484,right_hand,og,flick_angles,,"{""side_deg"":6.4,""fwd_deg"":-11.4}"
28.484,right_hand,og,acc,2461870,"{""seq"":1383,""x_mg"":-188,""y_mg"":160,""z_mg"":1056}"
28.484,right_hand,og,tilt,,"{""roll_deg"":11.1,""pitch_deg"":-18.9,""steady"":true}"
28.484,right_hand,og,flick_angles,,"{""side_deg"":6.9,""fwd_deg"":-11.3}"
28.515,right_hand,og,acc,2461891,"{""seq"":1384,""x_mg"":-156,""y_mg"":176,""z_mg"":1068}"
28.515,right_hand,og,tilt,,"{""roll_deg"":11.9,""pitch_deg"":-18.6,""steady"":true}"
28.515,right_hand,og,flick_angles,,"{""side_deg"":7.7,""fwd_deg"":-10.6}"
28.547,right_hand,og,acc,2461911,"{""seq"":1385,""x_mg"":-140,""y_mg"":188,""z_mg"":1056}"
28.547,right_hand,og,tilt,,"{""roll_deg"":12.7,""pitch_deg"":-17.8,""steady"":true}"
28.547,right_hand,og,flick_angles,,"{""side_deg"":8.5,""fwd_deg"":-9.4}"
28.547,right_hand,og,acc,2461932,"{""seq"":1386,""x_mg"":-116,""y_mg"":196,""z_mg"":1060}"
28.547,right_hand,og,tilt,,"{""roll_deg"":13.4,""pitch_deg"":-17.1,""steady"":true}"
28.547,right_hand,og,flick_angles,,"{""side_deg"":9.2,""fwd_deg"":-8.4}"
28.578,right_hand,og,acc,2461953,"{""seq"":1387,""x_mg"":-76,""y_mg"":196,""z_mg"":1052}"
28.578,right_hand,og,tilt,,"{""roll_deg"":14.1,""pitch_deg"":-16.1,""steady"":true}"
28.578,right_hand,og,flick_angles,,"{""side_deg"":9.8,""fwd_deg"":-7.3}"
28.609,right_hand,og,acc,2461973,"{""seq"":1388,""x_mg"":-56,""y_mg"":208,""z_mg"":1040}"
28.609,right_hand,og,tilt,,"{""roll_deg"":14.5,""pitch_deg"":-14.8,""steady"":true}"
28.609,right_hand,og,flick_angles,,"{""side_deg"":10.2,""fwd_deg"":-5.7}"
28.609,right_hand,og,acc,2461994,"{""seq"":1389,""x_mg"":-76,""y_mg"":196,""z_mg"":1020}"
28.609,right_hand,og,tilt,,"{""roll_deg"":15.0,""pitch_deg"":-13.8,""steady"":true}"
28.609,right_hand,og,flick_angles,,"{""side_deg"":10.5,""fwd_deg"":-4.9}"
28.656,right_hand,og,acc,2462014,"{""seq"":1390,""x_mg"":-72,""y_mg"":172,""z_mg"":1016}"
28.656,right_hand,og,tilt,,"{""roll_deg"":15.2,""pitch_deg"":-13.1,""steady"":true}"
28.656,right_hand,og,flick_angles,,"{""side_deg"":10.7,""fwd_deg"":-4.4}"
28.687,right_hand,og,acc,2462035,"{""seq"":1391,""x_mg"":-80,""y_mg"":112,""z_mg"":984}"
28.687,right_hand,og,tilt,,"{""roll_deg"":15.2,""pitch_deg"":-12.6,""steady"":true}"
28.687,right_hand,og,flick_angles,,"{""side_deg"":10.1,""fwd_deg"":-4.3}"
28.687,right_hand,og,acc,2462055,"{""seq"":1392,""x_mg"":-100,""y_mg"":60,""z_mg"":980}"
28.687,right_hand,og,tilt,,"{""roll_deg"":15.2,""pitch_deg"":-12.4,""steady"":true}"
28.687,right_hand,og,flick_angles,,"{""side_deg"":8.3,""fwd_deg"":-4.5}"
28.703,right_hand,og,acc,2462076,"{""seq"":1393,""x_mg"":-116,""y_mg"":40,""z_mg"":956}"
28.703,right_hand,og,tilt,,"{""roll_deg"":14.5,""pitch_deg"":-12.4,""steady"":true}"
28.703,right_hand,og,flick_angles,,"{""side_deg"":5.9,""fwd_deg"":-5.1}"
28.750,right_hand,og,acc,2462096,"{""seq"":1394,""x_mg"":-136,""y_mg"":4,""z_mg"":956}"
28.750,right_hand,og,tilt,,"{""roll_deg"":14.0,""pitch_deg"":-12.4,""steady"":true}"
28.750,right_hand,og,flick_angles,,"{""side_deg"":4.1,""fwd_deg"":-6.0}"
28.750,right_hand,og,acc,2462117,"{""seq"":1395,""x_mg"":-164,""y_mg"":-12,""z_mg"":968}"
28.750,right_hand,og,tilt,,"{""roll_deg"":12.7,""pitch_deg"":-12.5,""steady"":true}"
28.750,right_hand,og,flick_angles,,"{""side_deg"":2.2,""fwd_deg"":-7.1}"
28.781,right_hand,og,acc,2462138,"{""seq"":1396,""x_mg"":-164,""y_mg"":-32,""z_mg"":976}"
28.781,right_hand,og,tilt,,"{""roll_deg"":11.0,""pitch_deg"":-12.9,""steady"":true}"
28.781,right_hand,og,flick_angles,,"{""side_deg"":0.7,""fwd_deg"":-8.3}"
28.781,right_hand,og,acc,2462158,"{""seq"":1397,""x_mg"":-184,""y_mg"":-68,""z_mg"":948}"
28.781,right_hand,og,tilt,,"{""roll_deg"":9.2,""pitch_deg"":-13.2,""steady"":true}"
28.781,right_hand,og,flick_angles,,"{""side_deg"":-0.6,""fwd_deg"":-9.0}"
28.812,right_hand,og,acc,2462179,"{""seq"":1398,""x_mg"":-196,""y_mg"":-60,""z_mg"":948}"
28.812,right_hand,og,tilt,,"{""roll_deg"":7.2,""pitch_deg"":-13.6,""steady"":true}"
28.812,right_hand,og,flick_angles,,"{""side_deg"":-2.1,""fwd_deg"":-10.0}"
28.844,right_hand,og,acc,2462199,"{""seq"":1399,""x_mg"":-216,""y_mg"":-44,""z_mg"":964}"
28.844,right_hand,og,tilt,,"{""roll_deg"":5.7,""pitch_deg"":-14.2,""steady"":true}"
28.844,right_hand,og,flick_angles,,"{""side_deg"":-2.8,""fwd_deg"":-10.8}"
28.844,right_hand,og,acc,2462220,"{""seq"":1400,""x_mg"":-224,""y_mg"":-36,""z_mg"":980}"
28.844,right_hand,og,tilt,,"{""roll_deg"":5.0,""pitch_deg"":-15.1,""steady"":true}"
28.844,right_hand,og,flick_angles,,"{""side_deg"":-2.7,""fwd_deg"":-11.7}"
28.875,right_hand,og,acc,2462240,"{""seq"":1401,""x_mg"":-232,""y_mg"":-48,""z_mg"":972}"
28.875,right_hand,og,tilt,,"{""roll_deg"":4.5,""pitch_deg"":-16.0,""steady"":true}"
28.875,right_hand,og,flick_angles,,"{""side_deg"":-2.6,""fwd_deg"":-12.3}"
28.906,right_hand,og,acc,2462261,"{""seq"":1402,""x_mg"":-240,""y_mg"":-36,""z_mg"":960}"
28.906,right_hand,og,tilt,,"{""roll_deg"":4.4,""pitch_deg"":-16.9,""steady"":true}"
28.906,right_hand,og,flick_angles,,"{""side_deg"":-2.3,""fwd_deg"":-12.8}"
28.906,right_hand,og,acc,2462282,"{""seq"":1403,""x_mg"":-240,""y_mg"":-36,""z_mg"":948}"
28.906,right_hand,og,tilt,,"{""roll_deg"":4.2,""pitch_deg"":-17.7,""steady"":true}"
28.906,right_hand,og,flick_angles,,"{""side_deg"":-2.2,""fwd_deg"":-13.4}"
28.937,right_hand,og,acc,2462302,"{""seq"":1404,""x_mg"":-244,""y_mg"":-24,""z_mg"":960}"
28.937,right_hand,og,tilt,,"{""roll_deg"":4.1,""pitch_deg"":-18.4,""steady"":true}"
28.937,right_hand,og,flick_angles,,"{""side_deg"":-2.2,""fwd_deg"":-13.8}"
28.969,right_hand,og,acc,2462323,"{""seq"":1405,""x_mg"":-240,""y_mg"":-12,""z_mg"":968}"
28.969,right_hand,og,tilt,,"{""roll_deg"":4.1,""pitch_deg"":-19.0,""steady"":true}"
28.969,right_hand,og,flick_angles,,"{""side_deg"":-1.8,""fwd_deg"":-14.0}"
28.969,right_hand,og,acc,2462343,"{""seq"":1406,""x_mg"":-244,""y_mg"":-24,""z_mg"":964}"
28.969,right_hand,og,tilt,,"{""roll_deg"":4.1,""pitch_deg"":-19.4,""steady"":true}"
28.969,right_hand,og,flick_angles,,"{""side_deg"":-1.6,""fwd_deg"":-14.1}"
29.000,right_hand,og,acc,2462364,"{""seq"":1407,""x_mg"":-240,""y_mg"":-24,""z_mg"":968}"
29.000,right_hand,og,tilt,,"{""roll_deg"":4.1,""pitch_deg"":-19.6,""steady"":true}"
29.000,right_hand,og,flick_angles,,"{""side_deg"":-1.5,""fwd_deg"":-14.0}"
29.031,right_hand,og,acc,2462384,"{""seq"":1408,""x_mg"":-248,""y_mg"":-20,""z_mg"":984}"
29.031,right_hand,og,tilt,,"{""roll_deg"":4.1,""pitch_deg"":-19.8,""steady"":true}"
29.031,right_hand,og,flick_angles,,"{""side_deg"":-1.4,""fwd_deg"":-14.1}"
29.031,right_hand,og,acc,2462405,"{""seq"":1409,""x_mg"":-244,""y_mg"":-40,""z_mg"":996}"
29.031,right_hand,og,tilt,,"{""roll_deg"":4.1,""pitch_deg"":-19.9,""steady"":true}"
29.031,right_hand,og,flick_angles,,"{""side_deg"":-1.4,""fwd_deg"":-14.0}"
29.062,right_hand,og,acc,2462425,"{""seq"":1410,""x_mg"":-252,""y_mg"":-68,""z_mg"":996}"
29.062,right_hand,og,tilt,,"{""roll_deg"":4.1,""pitch_deg"":-20.1,""steady"":true}"
29.062,right_hand,og,flick_angles,,"{""side_deg"":-1.8,""fwd_deg"":-14.1}"
29.062,right_hand,og,acc,2462446,"{""seq"":1411,""x_mg"":-272,""y_mg"":-88,""z_mg"":1004}"
29.062,right_hand,og,tilt,,"{""roll_deg"":4.0,""pitch_deg"":-20.2,""steady"":true}"
29.062,right_hand,og,flick_angles,,"{""side_deg"":-2.8,""fwd_deg"":-14.1}"
29.094,right_hand,og,acc,2462467,"{""seq"":1412,""x_mg"":-280,""y_mg"":-104,""z_mg"":1012}"
29.094,right_hand,og,tilt,,"{""roll_deg"":3.4,""pitch_deg"":-20.4,""steady"":true}"
29.094,right_hand,og,flick_angles,,"{""side_deg"":-3.8,""fwd_deg"":-14.6}"
29.109,right_hand,og,acc,2462487,"{""seq"":1413,""x_mg"":-272,""y_mg"":-140,""z_mg"":1012}"
29.109,right_hand,og,tilt,,"{""roll_deg"":2.8,""pitch_deg"":-20.6,""steady"":true}"
29.109,right_hand,og,flick_angles,,"{""side_deg"":-4.7,""fwd_deg"":-14.9}"
29.140,right_hand,og,acc,2462508,"{""seq"":1414,""x_mg"":-244,""y_mg"":-164,""z_mg"":1004}"
29.140,right_hand,og,tilt,,"{""roll_deg"":1.8,""pitch_deg"":-20.8,""steady"":true}"
29.140,right_hand,og,flick_angles,,"{""side_deg"":-6.2,""fwd_deg"":-14.9}"
29.172,right_hand,og,acc,2462528,"{""seq"":1415,""x_mg"":-220,""y_mg"":-156,""z_mg"":1020}"
29.172,right_hand,og,tilt,,"{""roll_deg"":0.7,""pitch_deg"":-20.8,""steady"":true}"
29.172,right_hand,og,flick_angles,,"{""side_deg"":-7.3,""fwd_deg"":-14.2}"
29.172,right_hand,og,acc,2462549,"{""seq"":1416,""x_mg"":-232,""y_mg"":-160,""z_mg"":1016}"
29.172,right_hand,og,tilt,,"{""roll_deg"":-0.2,""pitch_deg"":-20.8,""steady"":true}"
29.172,right_hand,og,flick_angles,,"{""side_deg"":-8.0,""fwd_deg"":-13.4}"
29.203,right_hand,og,acc,2462569,"{""seq"":1417,""x_mg"":-268,""y_mg"":-180,""z_mg"":1012}"
29.203,right_hand,og,tilt,,"{""roll_deg"":-0.9,""pitch_deg"":-20.8,""steady"":true}"
29.203,right_hand,og,flick_angles,,"{""side_deg"":-8.4,""fwd_deg"":-13.1}"
29.203,right_hand,og,acc,2462590,"{""seq"":1418,""x_mg"":-312,""y_mg"":-168,""z_mg"":1012}"
29.203,right_hand,og,tilt,,"{""roll_deg"":-1.4,""pitch_deg"":-20.8,""steady"":true}"
29.203,right_hand,og,flick_angles,,"{""side_deg"":-8.7,""fwd_deg"":-13.8}"
29.250,right_hand,og,acc,2462611,"{""seq"":1419,""x_mg"":-392,""y_mg"":-144,""z_mg"":1000}"
29.250,right_hand,og,tilt,,"{""roll_deg"":-1.9,""pitch_deg"":-20.8,""steady"":true}"
29.250,right_hand,og,flick_angles,,"{""side_deg"":-8.9,""fwd_deg"":-15.4}"
29.281,right_hand,og,acc,2462631,"{""seq"":1420,""x_mg"":-376,""y_mg"":-160,""z_mg"":984}"
29.281,right_hand,og,tilt,,"{""roll_deg"":-2.1,""pitch_deg"":-22.0,""steady"":true}"
29.281,right_hand,og,flick_angles,,"{""side_deg"":-8.7,""fwd_deg"":-18.0}"
29.281,right_hand,og,acc,2462652,"{""seq"":1421,""x_mg"":-348,""y_mg"":-152,""z_mg"":972}"
29.281,right_hand,og,tilt,,"{""roll_deg"":-2.1,""pitch_deg"":-23.2,""steady"":true}"
29.281,right_hand,og,flick_angles,,"{""side_deg"":-8.6,""fwd_deg"":-19.3}"
29.312,right_hand,og,acc,2462672,"{""seq"":1422,""x_mg"":-308,""y_mg"":-176,""z_mg"":944}"
29.312,right_hand,og,tilt,,"{""roll_deg"":-2.3,""pitch_deg"":-23.8,""steady"":true}"
29.312,right_hand,og,flick_angles,,"{""side_deg"":-8.6,""fwd_deg"":-19.4}"
29.328,right_hand,og,acc,2462693,"{""seq"":1423,""x_mg"":-304,""y_mg"":-148,""z_mg"":900}"
29.328,right_hand,og,tilt,,"{""roll_deg"":-2.4,""pitch_deg"":-24.1,""steady"":true}"
29.328,right_hand,og,flick_angles,,"{""side_deg"":-8.7,""fwd_deg"":-18.9}"
29.328,right_hand,og,acc,2462713,"{""seq"":1424,""x_mg"":-288,""y_mg"":20,""z_mg"":904}"
29.328,right_hand,og,tilt,,"{""roll_deg"":-2.5,""pitch_deg"":-24.1,""steady"":true}"
29.328,right_hand,og,flick_angles,,"{""side_deg"":-8.8,""fwd_deg"":-18.4}"
29.359,right_hand,og,acc,2462734,"{""seq"":1425,""x_mg"":-228,""y_mg"":168,""z_mg"":940}"
29.359,right_hand,og,tilt,,"{""roll_deg"":-2.5,""pitch_deg"":-24.1,""steady"":true}"
29.359,right_hand,og,flick_angles,,"{""side_deg"":-3.8,""fwd_deg"":-18.0}"
29.390,right_hand,og,acc,2462755,"{""seq"":1426,""x_mg"":-148,""y_mg"":180,""z_mg"":956}"
29.390,right_hand,og,tilt,,"{""roll_deg"":1.6,""pitch_deg"":-24.1,""steady"":true}"
29.390,right_hand,og,flick_angles,,"{""side_deg"":3.0,""fwd_deg"":-15.7}"
29.390,right_hand,game,hit,,"{""n"":9,""dir"":""right"",""err_ms"":-15}"
29.422,right_hand,og,acc,2462775,"{""seq"":1427,""x_mg"":-116,""y_mg"":160,""z_mg"":924}"
29.422,right_hand,og,tilt,,"{""roll_deg"":5.7,""pitch_deg"":-23.6,""steady"":true}"
29.422,right_hand,og,flick_angles,,"{""side_deg"":6.4,""fwd_deg"":-12.2}"
29.422,right_hand,og,acc,2462796,"{""seq"":1428,""x_mg"":-104,""y_mg"":264,""z_mg"":936}"
29.422,right_hand,og,tilt,,"{""roll_deg"":9.4,""pitch_deg"":-21.8,""steady"":true}"
29.422,right_hand,og,flick_angles,,"{""side_deg"":8.5,""fwd_deg"":-9.6}"
29.453,right_hand,og,acc,2462816,"{""seq"":1429,""x_mg"":-64,""y_mg"":416,""z_mg"":968}"
29.453,right_hand,og,tilt,,"{""roll_deg"":13.9,""pitch_deg"":-19.8,""steady"":true}"
29.453,right_hand,og,flick_angles,,"{""side_deg"":12.1,""fwd_deg"":-7.9}"
29.484,right_hand,og,acc,2462837,"{""seq"":1430,""x_mg"":28,""y_mg"":460,""z_mg"":964}"
29.484,right_hand,og,tilt,,"{""roll_deg"":20.4,""pitch_deg"":-17.0,""steady"":true}"
29.484,right_hand,og,flick_angles,,"{""side_deg"":17.6,""fwd_deg"":-5.7}"
29.484,right_hand,og,acc,2462857,"{""seq"":1431,""x_mg"":96,""y_mg"":372,""z_mg"":952}"
29.484,right_hand,og,tilt,,"{""roll_deg"":24.0,""pitch_deg"":-13.1,""steady"":true}"
29.484,right_hand,og,flick_angles,,"{""side_deg"":20.4,""fwd_deg"":-2.1}"
29.515,right_hand,og,acc,2462878,"{""seq"":1432,""x_mg"":132,""y_mg"":364,""z_mg"":956}"
29.515,right_hand,og,tilt,,"{""roll_deg"":25.1,""pitch_deg"":-8.6,""steady"":true}"
29.515,right_hand,og,flick_angles,,"{""side_deg"":20.8,""fwd_deg"":1.6}"
29.547,right_hand,og,acc,2462899,"{""seq"":1433,""x_mg"":148,""y_mg"":424,""z_mg"":988}"
29.547,right_hand,og,tilt,,"{""roll_deg"":25.6,""pitch_deg"":-4.9,""steady"":true}"
29.547,right_hand,og,flick_angles,,"{""side_deg"":21.0,""fwd_deg"":4.5}"
29.547,right_hand,og,acc,2462919,"{""seq"":1434,""x_mg"":184,""y_mg"":432,""z_mg"":956}"
29.547,right_hand,og,tilt,,"{""roll_deg"":26.6,""pitch_deg"":-2.6,""steady"":true}"
29.547,right_hand,og,flick_angles,,"{""side_deg"":22.0,""fwd_deg"":6.2}"
29.578,right_hand,og,acc,2462940,"{""seq"":1435,""x_mg"":232,""y_mg"":404,""z_mg"":952}"
29.578,right_hand,og,tilt,,"{""roll_deg"":27.2,""pitch_deg"":-0.4,""steady"":true}"
29.578,right_hand,og,flick_angles,,"{""side_deg"":22.5,""fwd_deg"":8.1}"
29.578,right_hand,og,acc,2462960,"{""seq"":1436,""x_mg"":232,""y_mg"":328,""z_mg"":924}"
29.578,right_hand,og,tilt,,"{""roll_deg"":27.4,""pitch_deg"":2.0,""steady"":true}"
29.578,right_hand,og,flick_angles,,"{""side_deg"":22.5,""fwd_deg"":10.4}"
29.609,right_hand,og,acc,2462981,"{""seq"":1437,""x_mg"":212,""y_mg"":320,""z_mg"":928}"
29.609,right_hand,og,tilt,,"{""roll_deg"":27.1,""pitch_deg"":3.5,""steady"":true}"
29.609,right_hand,og,flick_angles,,"{""side_deg"":20.7,""fwd_deg"":11.5}"
29.640,right_hand,og,acc,2463001,"{""seq"":1438,""x_mg"":216,""y_mg"":360,""z_mg"":928}"
29.640,right_hand,og,tilt,,"{""roll_deg"":26.5,""pitch_deg"":4.1,""steady"":true}"
29.640,right_hand,og,flick_angles,,"{""side_deg"":19.9,""fwd_deg"":11.9}"
29.640,right_hand,og,acc,2463022,"{""seq"":1439,""x_mg"":188,""y_mg"":364,""z_mg"":912}"
29.640,right_hand,og,tilt,,"{""roll_deg"":26.5,""pitch_deg"":4.4,""steady"":true}"
29.640,right_hand,og,flick_angles,,"{""side_deg"":20.3,""fwd_deg"":12.0}"
29.672,right_hand,og,acc,2463042,"{""seq"":1440,""x_mg"":164,""y_mg"":344,""z_mg"":892}"
29.672,right_hand,og,tilt,,"{""roll_deg"":26.5,""pitch_deg"":4.4,""steady"":true}"
29.672,right_hand,og,flick_angles,,"{""side_deg"":20.5,""fwd_deg"":11.4}"
29.703,right_hand,og,acc,2463063,"{""seq"":1441,""x_mg"":132,""y_mg"":240,""z_mg"":928}"
29.703,right_hand,og,tilt,,"{""roll_deg"":26.5,""pitch_deg"":4.4,""steady"":true}"
29.703,right_hand,og,flick_angles,,"{""side_deg"":20.6,""fwd_deg"":10.6}"
29.703,right_hand,og,acc,2463084,"{""seq"":1442,""x_mg"":108,""y_mg"":164,""z_mg"":920}"
29.703,right_hand,og,tilt,,"{""roll_deg"":25.7,""pitch_deg"":3.6,""steady"":true}"
29.703,right_hand,og,flick_angles,,"{""side_deg"":17.5,""fwd_deg"":9.2}"
29.734,right_hand,og,acc,2463104,"{""seq"":1443,""x_mg"":112,""y_mg"":120,""z_mg"":916}"
29.734,right_hand,og,tilt,,"{""roll_deg"":24.8,""pitch_deg"":3.0,""steady"":true}"
29.734,right_hand,og,flick_angles,,"{""side_deg"":13.8,""fwd_deg"":8.1}"
29.765,right_hand,og,acc,2463125,"{""seq"":1444,""x_mg"":88,""y_mg"":88,""z_mg"":928}"
29.765,right_hand,og,tilt,,"{""roll_deg"":22.4,""pitch_deg"":2.4,""steady"":true}"
29.765,right_hand,og,flick_angles,,"{""side_deg"":10.6,""fwd_deg"":7.3}"
29.765,right_hand,og,acc,2463145,"{""seq"":1445,""x_mg"":56,""y_mg"":36,""z_mg"":936}"
29.765,right_hand,og,tilt,,"{""roll_deg"":19.3,""pitch_deg"":2.0,""steady"":true}"
29.765,right_hand,og,flick_angles,,"{""side_deg"":8.0,""fwd_deg"":6.4}"
29.797,right_hand,og,acc,2463166,"{""seq"":1446,""x_mg"":24,""y_mg"":-32,""z_mg"":968}"
29.797,right_hand,og,tilt,,"{""roll_deg"":15.4,""pitch_deg"":1.7,""steady"":true}"
29.797,right_hand,og,flick_angles,,"{""side_deg"":5.1,""fwd_deg"":4.9}"
29.828,right_hand,og,acc,2463186,"{""seq"":1447,""x_mg"":4,""y_mg"":-52,""z_mg"":1004}"
29.828,right_hand,og,tilt,,"{""roll_deg"":11.1,""pitch_deg"":0.8,""steady"":true}"
29.828,right_hand,og,flick_angles,,"{""side_deg"":1.6,""fwd_deg"":3.2}"
29.828,right_hand,og,acc,2463207,"{""seq"":1448,""x_mg"":-16,""y_mg"":-84,""z_mg"":1008}"
29.828,right_hand,og,tilt,,"{""roll_deg"":7.8,""pitch_deg"":-0.6,""steady"":true}"
29.828,right_hand,og,flick_angles,,"{""side_deg"":-0.7,""fwd_deg"":1.7}"
29.859,right_hand,og,acc,2463228,"{""seq"":1449,""x_mg"":-44,""y_mg"":-76,""z_mg"":1028}"
29.859,right_hand,og,tilt,,"{""roll_deg"":5.3,""pitch_deg"":-2.3,""steady"":true}"
29.859,right_hand,og,flick_angles,,"{""side_deg"":-2.5,""fwd_deg"":0.4}"
29.859,right_hand,og,acc,2463248,"{""seq"":1450,""x_mg"":-80,""y_mg"":-48,""z_mg"":1036}"
29.859,right_hand,og,tilt,,"{""roll_deg"":3.9,""pitch_deg"":-4.1,""steady"":true}"
29.859,right_hand,og,flick_angles,,"{""side_deg"":-3.3,""fwd_deg"":-1.0}"
29.890,right_hand,og,acc,2463269,"{""seq"":1451,""x_mg"":-104,""y_mg"":0,""z_mg"":1052}"
29.890,right_hand,og,tilt,,"{""roll_deg"":3.7,""pitch_deg"":-6.2,""steady"":true}"
29.890,right_hand,og,flick_angles,,"{""side_deg"":-3.0,""fwd_deg"":-2.7}"
29.937,right_hand,og,acc,2463289,"{""seq"":1452,""x_mg"":-128,""y_mg"":0,""z_mg"":1080}"
29.937,right_hand,og,tilt,,"{""roll_deg"":3.7,""pitch_deg"":-8.1,""steady"":true}"
29.937,right_hand,og,flick_angles,,"{""side_deg"":-1.5,""fwd_deg"":-4.2}"
29.937,right_hand,og,acc,2463310,"{""seq"":1453,""x_mg"":-128,""y_mg"":-16,""z_mg"":1084}"
29.937,right_hand,og,tilt,,"{""roll_deg"":4.1,""pitch_deg"":-9.8,""steady"":true}"
29.937,right_hand,og,flick_angles,,"{""side_deg"":-0.7,""fwd_deg"":-5.5}"
29.953,right_hand,og,acc,2463330,"{""seq"":1454,""x_mg"":-128,""y_mg"":-28,""z_mg"":1072}"
29.953,right_hand,og,tilt,,"{""roll_deg"":4.2,""pitch_deg"":-10.9,""steady"":true}"
29.953,right_hand,og,flick_angles,,"{""side_deg"":-0.8,""fwd_deg"":-6.1}"
30.000,right_hand,og,acc,2463351,"{""seq"":1455,""x_mg"":-132,""y_mg"":-32,""z_mg"":1084}"
30.000,right_hand,og,tilt,,"{""roll_deg"":4.2,""pitch_deg"":-11.7,""steady"":true}"
30.000,right_hand,og,flick_angles,,"{""side_deg"":-1.1,""fwd_deg"":-6.5}"
30.000,right_hand,og,acc,2463372,"{""seq"":1456,""x_mg"":-148,""y_mg"":-24,""z_mg"":1092}"
30.000,right_hand,og,tilt,,"{""roll_deg"":4.2,""pitch_deg"":-12.2,""steady"":true}"
30.000,right_hand,og,flick_angles,,"{""side_deg"":-1.3,""fwd_deg"":-6.7}"
30.031,right_hand,og,acc,2463392,"{""seq"":1457,""x_mg"":-144,""y_mg"":-16,""z_mg"":1120}"
30.031,right_hand,og,tilt,,"{""roll_deg"":4.2,""pitch_deg"":-12.7,""steady"":true}"
30.031,right_hand,og,flick_angles,,"{""side_deg"":-1.3,""fwd_deg"":-7.0}"
30.062,right_hand,og,acc,2463413,"{""seq"":1458,""x_mg"":-128,""y_mg"":-16,""z_mg"":1112}"
30.062,right_hand,og,tilt,,"{""roll_deg"":4.2,""pitch_deg"":-13.0,""steady"":true}"
30.062,right_hand,og,flick_angles,,"{""side_deg"":-1.0,""fwd_deg"":-7.2}"
30.062,right_hand,og,acc,2463433,"{""seq"":1459,""x_mg"":-108,""y_mg"":-32,""z_mg"":1096}"
30.062,right_hand,og,tilt,,"{""roll_deg"":4.2,""pitch_deg"":-13.0,""steady"":true}"
30.062,right_hand,og,flick_angles,,"{""side_deg"":-0.9,""fwd_deg"":-6.9}"
30.094,right_hand,og,acc,2463454,"{""seq"":1460,""x_mg"":-108,""y_mg"":-20,""z_mg"":1104}"
30.094,right_hand,og,tilt,,"{""roll_deg"":4.2,""pitch_deg"":-13.0,""steady"":true}"
30.094,right_hand,og,flick_angles,,"{""side_deg"":-1.0,""fwd_deg"":-6.2}"
30.125,right_hand,og,acc,2463474,"{""seq"":1461,""x_mg"":-88,""y_mg"":-8,""z_mg"":1088}"
30.125,right_hand,og,tilt,,"{""roll_deg"":4.2,""pitch_deg"":-13.0,""steady"":true}"
30.125,right_hand,og,flick_angles,,"{""side_deg"":-1.0,""fwd_deg"":-5.9}"
30.125,right_hand,og,acc,2463495,"{""seq"":1462,""x_mg"":-28,""y_mg"":-28,""z_mg"":1052}"
30.125,right_hand,og,tilt,,"{""roll_deg"":4.2,""pitch_deg"":-13.0,""steady"":true}"
30.125,right_hand,og,flick_angles,,"{""side_deg"":-1.0,""fwd_deg"":-5.3}"
30.156,right_hand,og,acc,2463515,"{""seq"":1463,""x_mg"":4,""y_mg"":-12,""z_mg"":1040}"
30.156,right_hand,og,tilt,,"{""roll_deg"":4.2,""pitch_deg"":-12.5,""steady"":true}"
30.156,right_hand,og,flick_angles,,"{""side_deg"":-0.8,""fwd_deg"":-3.4}"
30.187,right_hand,og,acc,2463536,"{""seq"":1464,""x_mg"":12,""y_mg"":-4,""z_mg"":1000}"
30.187,right_hand,og,tilt,,"{""roll_deg"":4.2,""pitch_deg"":-12.2,""steady"":true}"
30.187,right_hand,og,flick_angles,,"{""side_deg"":-0.8,""fwd_deg"":-1.6}"
30.187,right_hand,og,acc,2463557,"{""seq"":1465,""x_mg"":24,""y_mg"":8,""z_mg"":980}"
30.187,right_hand,og,tilt,,"{""roll_deg"":4.3,""pitch_deg"":-11.4,""steady"":true}"
30.187,right_hand,og,flick_angles,,"{""side_deg"":-0.5,""fwd_deg"":-0.5}"
30.219,right_hand,og,acc,2463577,"{""seq"":1466,""x_mg"":44,""y_mg"":0,""z_mg"":936}"
30.219,right_hand,og,tilt,,"{""roll_deg"":4.4,""pitch_deg"":-10.5,""steady"":true}"
30.219,right_hand,og,flick_angles,,"{""side_deg"":-0.2,""fwd_deg"":0.5}"
30.219,right_hand,og,acc,2463598,"{""seq"":1467,""x_mg"":64,""y_mg"":-4,""z_mg"":952}"
30.219,right_hand,og,tilt,,"{""roll_deg"":4.5,""pitch_deg"":-9.1,""steady"":true}"
30.219,right_hand,og,flick_angles,,"{""side_deg"":-0.1,""fwd_deg"":1.6}"
30.250,right_hand,og,acc,2463618,"{""seq"":1468,""x_mg"":80,""y_mg"":12,""z_mg"":920}"
30.250,right_hand,og,tilt,,"{""roll_deg"":4.5,""pitch_deg"":-7.7,""steady"":true}"
30.250,right_hand,og,flick_angles,,"{""side_deg"":-0.1,""fwd_deg"":2.7}"
30.281,right_hand,og,acc,2463639,"{""seq"":1469,""x_mg"":88,""y_mg"":-4,""z_mg"":936}"
30.281,right_hand,og,tilt,,"{""roll_deg"":4.5,""pitch_deg"":-6.1,""steady"":true}"
30.281,right_hand,og,flick_angles,,"{""side_deg"":-0.2,""fwd_deg"":3.8}"
30.281,right_hand,og,acc,2463659,"{""seq"":1470,""x_mg"":88,""y_mg"":-24,""z_mg"":936}"
30.281,right_hand,og,tremor,,"{""rms_mg"":69.1,""peak_hz"":4.2}"
30.281,right_hand,og,tilt,,"{""roll_deg"":4.6,""pitch_deg"":-4.9,""steady"":true}"
30.281,right_hand,og,flick_angles,,"{""side_deg"":-0.2,""fwd_deg"":4.6}"
30.312,right_hand,og,acc,2463680,"{""seq"":1471,""x_mg"":88,""y_mg"":-44,""z_mg"":936}"
30.312,right_hand,og,tilt,,"{""roll_deg"":4.6,""pitch_deg"":-4.0,""steady"":true}"
30.312,right_hand,og,flick_angles,,"{""side_deg"":-0.8,""fwd_deg"":5.0}"
30.344,right_hand,og,acc,2463701,"{""seq"":1472,""x_mg"":104,""y_mg"":-40,""z_mg"":964}"
30.344,right_hand,og,tilt,,"{""roll_deg"":4.6,""pitch_deg"":-3.4,""steady"":true}"
30.344,right_hand,og,flick_angles,,"{""side_deg"":-1.6,""fwd_deg"":5.2}"
30.344,right_hand,og,acc,2463721,"{""seq"":1473,""x_mg"":96,""y_mg"":-28,""z_mg"":964}"
30.344,right_hand,og,tilt,,"{""roll_deg"":4.6,""pitch_deg"":-2.8,""steady"":true}"
30.344,right_hand,og,flick_angles,,"{""side_deg"":-2.0,""fwd_deg"":5.4}"
30.359,right_hand,og,acc,2463742,"{""seq"":1474,""x_mg"":108,""y_mg"":-28,""z_mg"":948}"
30.359,right_hand,og,tilt,,"{""roll_deg"":4.6,""pitch_deg"":-2.3,""steady"":true}"
30.359,right_hand,og,flick_angles,,"{""side_deg"":-1.8,""fwd_deg"":5.8}"
30.406,right_hand,og,acc,2463762,"{""seq"":1475,""x_mg"":108,""y_mg"":-20,""z_mg"":992}"
30.406,right_hand,og,tilt,,"{""roll_deg"":4.6,""pitch_deg"":-2.0,""steady"":true}"
30.406,right_hand,og,flick_angles,,"{""side_deg"":-1.7,""fwd_deg"":6.0}"
30.406,right_hand,og,acc,2463783,"{""seq"":1476,""x_mg"":112,""y_mg"":-24,""z_mg"":984}"
30.406,right_hand,og,tilt,,"{""roll_deg"":4.6,""pitch_deg"":-1.7,""steady"":true}"
30.406,right_hand,og,flick_angles,,"{""side_deg"":-1.6,""fwd_deg"":6.2}"
30.437,right_hand,og,acc,2463803,"{""seq"":1477,""x_mg"":120,""y_mg"":-64,""z_mg"":972}"
30.437,right_hand,og,tilt,,"{""roll_deg"":4.6,""pitch_deg"":-1.4,""steady"":true}"
30.437,right_hand,og,flick_angles,,"{""side_deg"":-1.5,""fwd_deg"":6.4}"
30.437,right_hand,og,acc,2463824,"{""seq"":1478,""x_mg"":164,""y_mg"":-40,""z_mg"":960}"
30.437,right_hand,og,tilt,,"{""roll_deg"":4.6,""pitch_deg"":-1.1,""steady"":true}"
30.437,right_hand,og,flick_angles,,"{""side_deg"":-1.9,""fwd_deg"":6.7}"
30.469,right_hand,og,acc,2463845,"{""seq"":1479,""x_mg"":168,""y_mg"":8,""z_mg"":968}"
30.469,right_hand,og,tilt,,"{""roll_deg"":4.5,""pitch_deg"":-0.2,""steady"":true}"
30.469,right_hand,og,flick_angles,,"{""side_deg"":-2.1,""fwd_deg"":8.2}"
30.500,right_hand,og,acc,2463865,"{""seq"":1480,""x_mg"":168,""y_mg"":0,""z_mg"":964}"
30.500,right_hand,og,tilt,,"{""roll_deg"":4.5,""pitch_deg"":0.5,""steady"":true}"
30.500,right_hand,og,flick_angles,,"{""side_deg"":-1.1,""fwd_deg"":9.0}"
30.500,right_hand,og,acc,2463886,"{""seq"":1481,""x_mg"":180,""y_mg"":-24,""z_mg"":956}"
30.500,right_hand,og,tilt,,"{""roll_deg"":4.5,""pitch_deg"":1.1,""steady"":true}"
30.500,right_hand,og,flick_angles,,"{""side_deg"":-0.5,""fwd_deg"":9.5}"
30.531,right_hand,og,acc,2463906,"{""seq"":1482,""x_mg"":216,""y_mg"":-44,""z_mg"":948}"
30.531,right_hand,og,tilt,,"{""roll_deg"":4.5,""pitch_deg"":1.7,""steady"":true}"
30.531,right_hand,og,flick_angles,,"{""side_deg"":-1.0,""fwd_deg"":10.1}"
30.578,right_hand,og,acc,2463927,"{""seq"":1483,""x_mg"":248,""y_mg"":-48,""z_mg"":952}"
30.578,right_hand,og,tilt,,"{""roll_deg"":4.5,""pitch_deg"":2.8,""steady"":true}"
30.578,right_hand,og,flick_angles,,"{""side_deg"":-1.8,""fwd_deg"":11.4}"
30.578,right_hand,og,acc,2463947,"{""seq"":1484,""x_mg"":288,""y_mg"":-28,""z_mg"":908}"
30.578,right_hand,og,tilt,,"{""roll_deg"":4.5,""pitch_deg"":4.1,""steady"":true}"
30.578,right_hand,og,flick_angles,,"{""side_deg"":-2.2,""fwd_deg"":13.0}"
30.609,right_hand,og,acc,2463968,"{""seq"":1485,""x_mg"":308,""y_mg"":-36,""z_mg"":868}"
30.609,right_hand,og,tilt,,"{""roll_deg"":4.4,""pitch_deg"":6.1,""steady"":true}"
30.609,right_hand,og,flick_angles,,"{""side_deg"":-2.2,""fwd_deg"":15.3}"
30.640,right_hand,og,acc,2463988,"{""seq"":1486,""x_mg"":324,""y_mg"":-24,""z_mg"":880}"
30.640,right_hand,og,tilt,,"{""roll_deg"":4.4,""pitch_deg"":8.1,""steady"":true}"
30.640,right_hand,og,flick_angles,,"{""side_deg"":-1.9,""fwd_deg"":17.4}"
30.640,right_hand,og,acc,2464009,"{""seq"":1487,""x_mg"":328,""y_mg"":-20,""z_mg"":852}"
30.640,right_hand,og,tilt,,"{""roll_deg"":4.4,""pitch_deg"":9.8,""steady"":true}"
30.640,right_hand,og,flick_angles,,"{""side_deg"":-1.7,""fwd_deg"":18.8}"
30.672,right_hand,og,acc,2464030,"{""seq"":1488,""x_mg"":336,""y_mg"":-32,""z_mg"":836}"
30.672,right_hand,og,tilt,,"{""roll_deg"":4.4,""pitch_deg"":11.2,""steady"":true}"
30.672,right_hand,og,flick_angles,,"{""side_deg"":-1.6,""fwd_deg"":19.9}"
30.703,right_hand,og,acc,2464050,"{""seq"":1489,""x_mg"":344,""y_mg"":-20,""z_mg"":812}"
30.703,right_hand,og,tilt,,"{""roll_deg"":4.4,""pitch_deg"":12.4,""steady"":true}"
30.703,right_hand,og,flick_angles,,"{""side_deg"":-1.4,""fwd_deg"":20.9}"
30.703,right_hand,og,acc,2464071,"{""seq"":1490,""x_mg"":344,""y_mg"":-12,""z_mg"":824}"
30.703,right_hand,og,tilt,,"{""roll_deg"":4.4,""pitch_deg"":13.4,""steady"":true}"
30.703,right_hand,og,flick_angles,,"{""side_deg"":-1.4,""fwd_deg"":21.8}"
30.734,right_hand,og,acc,2464091,"{""seq"":1491,""x_mg"":328,""y_mg"":8,""z_mg"":824}"
30.734,right_hand,og,tilt,,"{""roll_deg"":4.4,""pitch_deg"":14.1,""steady"":true}"
30.734,right_hand,og,flick_angles,,"{""side_deg"":-1.1,""fwd_deg"":22.2}"
30.734,right_hand,og,acc,2464112,"{""seq"":1492,""x_mg"":344,""y_mg"":4,""z_mg"":808}"
30.734,right_hand,og,tilt,,"{""roll_deg"":4.4,""pitch_deg"":14.5,""steady"":true}"
30.734,right_hand,og,flick_angles,,"{""side_deg"":-0.4,""fwd_deg"":22.4}"
30.750,right_hand,og,acc,2464132,"{""seq"":1493,""x_mg"":320,""y_mg"":-4,""z_mg"":804}"
30.750,right_hand,og,tilt,,"{""roll_deg"":4.4,""pitch_deg"":14.5,""steady"":true}"
30.750,right_hand,og,flick_angles,,"{""side_deg"":-0.1,""fwd_deg"":22.1}"
30.781,right_hand,og,acc,2464153,"{""seq"":1494,""x_mg"":304,""y_mg"":-4,""z_mg"":788}"
30.781,right_hand,og,tilt,,"{""roll_deg"":4.4,""pitch_deg"":14.5,""steady"":true}"
30.781,right_hand,og,flick_angles,,"{""side_deg"":-0.2,""fwd_deg"":21.9}"
30.812,right_hand,og,acc,2464174,"{""seq"":1495,""x_mg"":260,""y_mg"":44,""z_mg"":784}"
30.812,right_hand,og,tilt,,"{""roll_deg"":4.4,""pitch_deg"":14.5,""steady"":true}"
30.812,right_hand,og,flick_angles,,"{""side_deg"":-0.2,""fwd_deg"":21.5}"
30.812,right_hand,og,acc,2464194,"{""seq"":1496,""x_mg"":208,""y_mg"":52,""z_mg"":768}"
30.812,right_hand,og,tilt,,"{""roll_deg"":4.7,""pitch_deg"":14.5,""steady"":true}"
30.812,right_hand,og,flick_angles,,"{""side_deg"":1.4,""fwd_deg"":19.9}"
30.844,right_hand,og,acc,2464215,"{""seq"":1497,""x_mg"":164,""y_mg"":40,""z_mg"":772}"
30.844,right_hand,og,tilt,,"{""roll_deg"":5.3,""pitch_deg"":13.7,""steady"":true}"
30.844,right_hand,og,flick_angles,,"{""side_deg"":2.2,""fwd_deg"":17.5}"
30.875,right_hand,og,acc,2464235,"{""seq"":1498,""x_mg"":120,""y_mg"":44,""z_mg"":768}"
30.875,right_hand,og,tilt,,"{""roll_deg"":5.9,""pitch_deg"":13.0,""steady"":true}"
30.875,right_hand,og,flick_angles,,"{""side_deg"":2.7,""fwd_deg"":14.7}"
30.875,right_hand,og,acc,2464256,"{""seq"":1499,""x_mg"":68,""y_mg"":28,""z_mg"":756}"
30.875,right_hand,og,tilt,,"{""roll_deg"":6.4,""pitch_deg"":10.8,""steady"":true}"
30.875,right_hand,og,flick_angles,,"{""side_deg"":2.8,""fwd_deg"":11.8}"
30.906,right_hand,og,acc,2464276,"{""seq"":1500,""x_mg"":-20,""y_mg"":40,""z_mg"":776}"
30.906,right_hand,og,tilt,,"{""roll_deg"":6.7,""pitch_deg"":7.4,""steady"":true}"
30.906,right_hand,og,flick_angles,,"{""side_deg"":2.9,""fwd_deg"":8.5}"
30.937,right_hand,og,acc,2464297,"{""seq"":1501,""x_mg"":-108,""y_mg"":40,""z_mg"":804}"
30.937,right_hand,og,tilt,,"{""roll_deg"":7.0,""pitch_deg"":1.7,""steady"":true}"
30.937,right_hand,og,flick_angles,,"{""side_deg"":2.9,""fwd_deg"":3.5}"
30.937,right_hand,game,hit,,"{""n"":10,""dir"":""down"",""err_ms"":46}"
30.937,right_hand,og,acc,2464318,"{""seq"":1502,""x_mg"":-172,""y_mg"":64,""z_mg"":880}"
30.937,right_hand,og,tilt,,"{""roll_deg"":7.2,""pitch_deg"":-5.2,""steady"":true}"
30.937,right_hand,og,flick_angles,,"{""side_deg"":2.9,""fwd_deg"":-2.1}"
30.969,right_hand,og,acc,2464338,"{""seq"":1503,""x_mg"":-260,""y_mg"":136,""z_mg"":944}"
30.969,right_hand,og,tilt,,"{""roll_deg"":7.6,""pitch_deg"":-10.7,""steady"":true}"
30.969,right_hand,og,flick_angles,,"{""side_deg"":3.5,""fwd_deg"":-6.6}"
31.000,right_hand,og,acc,2464359,"{""seq"":1504,""x_mg"":-332,""y_mg"":160,""z_mg"":996}"
31.000,right_hand,og,tilt,,"{""roll_deg"":8.9,""pitch_deg"":-16.0,""steady"":true}"
31.000,right_hand,og,flick_angles,,"{""side_deg"":5.7,""fwd_deg"":-10.9}"
31.000,right_hand,og,acc,2464379,"{""seq"":1505,""x_mg"":-408,""y_mg"":156,""z_mg"":1068}"
31.000,right_hand,og,tilt,,"{""roll_deg"":10.0,""pitch_deg"":-20.1,""steady"":true}"
31.000,right_hand,og,flick_angles,,"{""side_deg"":6.8,""fwd_deg"":-14.6}"
31.015,right_hand,og,acc,2464400,"{""seq"":1506,""x_mg"":-464,""y_mg"":160,""z_mg"":1164}"
31.015,right_hand,og,tilt,,"{""roll_deg"":10.7,""pitch_deg"":-23.6,""steady"":true}"
31.015,right_hand,og,flick_angles,,"{""side_deg"":7.3,""fwd_deg"":-17.6}"
31.047,right_hand,og,acc,2464420,"{""seq"":1507,""x_mg"":-528,""y_mg"":132,""z_mg"":1228}"
31.047,right_hand,og,tilt,,"{""roll_deg"":10.7,""pitch_deg"":-23.6,""steady"":false}"
31.047,right_hand,og,flick_angles,,"{""side_deg"":7.3,""fwd_deg"":-19.6}"
31.078,right_hand,og,acc,2464441,"{""seq"":1508,""x_mg"":-548,""y_mg"":96,""z_mg"":1248}"
31.078,right_hand,og,tilt,,"{""roll_deg"":10.7,""pitch_deg"":-23.6,""steady"":false}"
31.078,right_hand,og,flick_angles,,"{""side_deg"":6.5,""fwd_deg"":-21.4}"
31.078,right_hand,og,acc,2464462,"{""seq"":1509,""x_mg"":-556,""y_mg"":64,""z_mg"":1260}"
31.078,right_hand,og,tilt,,"{""roll_deg"":10.7,""pitch_deg"":-23.6,""steady"":false}"
31.078,right_hand,og,flick_angles,,"{""side_deg"":5.2,""fwd_deg"":-22.5}"
31.109,right_hand,og,acc,2464482,"{""seq"":1510,""x_mg"":-536,""y_mg"":64,""z_mg"":1276}"
31.109,right_hand,og,tilt,,"{""roll_deg"":10.7,""pitch_deg"":-23.6,""steady"":false}"
31.109,right_hand,og,flick_angles,,"{""side_deg"":4.0,""fwd_deg"":-23.1}"
31.140,right_hand,og,acc,2464503,"{""seq"":1511,""x_mg"":-528,""y_mg"":48,""z_mg"":1236}"
31.140,right_hand,og,tilt,,"{""roll_deg"":10.7,""pitch_deg"":-23.6,""steady"":false}"
31.140,right_hand,og,flick_angles,,"{""side_deg"":3.3,""fwd_deg"":-23.1}"
31.140,right_hand,og,acc,2464523,"{""seq"":1512,""x_mg"":-496,""y_mg"":-12,""z_mg"":1192}"
31.140,right_hand,og,tilt,,"{""roll_deg"":11.8,""pitch_deg"":-27.0,""steady"":true}"
31.140,right_hand,og,flick_angles,,"{""side_deg"":2.7,""fwd_deg"":-22.9}"
31.172,right_hand,og,acc,2464544,"{""seq"":1513,""x_mg"":-464,""y_mg"":-52,""z_mg"":1140}"
31.172,right_hand,og,tilt,,"{""roll_deg"":11.8,""pitch_deg"":-27.6,""steady"":true}"
31.172,right_hand,og,flick_angles,,"{""side_deg"":1.1,""fwd_deg"":-22.8}"
31.187,right_hand,og,acc,2464564,"{""seq"":1514,""x_mg"":-436,""y_mg"":-72,""z_mg"":1088}"
31.187,right_hand,og,tilt,,"{""roll_deg"":10.8,""pitch_deg"":-27.9,""steady"":true}"
31.187,right_hand,og,flick_angles,,"{""side_deg"":-0.7,""fwd_deg"":-22.4}"
31.219,right_hand,og,acc,2464585,"{""seq"":1515,""x_mg"":-416,""y_mg"":-92,""z_mg"":1012}"
31.219,right_hand,og,tilt,,"{""roll_deg"":9.1,""pitch_deg"":-28.1,""steady"":true}"
31.219,right_hand,og,flick_angles,,"{""side_deg"":-2.1,""fwd_deg"":-22.3}"
31.219,right_hand,og,acc,2464606,"{""seq"":1516,""x_mg"":-392,""y_mg"":-36,""z_mg"":984}"
31.219,right_hand,og,tilt,,"{""roll_deg"":7.5,""pitch_deg"":-28.1,""steady"":true}"
31.219,right_hand,og,flick_angles,,"{""side_deg"":-2.8,""fwd_deg"":-22.0}"
31.265,right_hand,og,acc,2464626,"{""seq"":1517,""x_mg"":-356,""y_mg"":-24,""z_mg"":944}"
31.265,right_hand,og,tilt,,"{""roll_deg"":6.6,""pitch_deg"":-28.1,""steady"":true}"
31.265,right_hand,og,flick_angles,,"{""side_deg"":-2.4,""fwd_deg"":-21.9}"
31.297,right_hand,og,acc,2464647,"{""seq"":1518,""x_mg"":-348,""y_mg"":0,""z_mg"":932}"
31.297,right_hand,og,tilt,,"{""roll_deg"":6.1,""pitch_deg"":-28.1,""steady"":true}"
31.297,right_hand,og,flick_angles,,"{""side_deg"":-1.9,""fwd_deg"":-21.3}"
31.297,right_hand,og,acc,2464667,"{""seq"":1519,""x_mg"":-316,""y_mg"":16,""z_mg"":864}"
31.297,right_hand,og,tilt,,"{""roll_deg"":6.1,""pitch_deg"":-28.1,""steady"":true}"
31.297,right_hand,og,flick_angles,,"{""side_deg"":-0.9,""fwd_deg"":-20.9}"
31.328,right_hand,og,acc,2464688,"{""seq"":1520,""x_mg"":-300,""y_mg"":4,""z_mg"":836}"
31.328,right_hand,og,tilt,,"{""roll_deg"":6.1,""pitch_deg"":-28.1,""steady"":true}"
31.328,right_hand,og,flick_angles,,"{""side_deg"":-0.3,""fwd_deg"":-20.5}"
31.359,right_hand,og,acc,2464708,"{""seq"":1521,""x_mg"":-288,""y_mg"":0,""z_mg"":852}"
31.359,right_hand,og,tilt,,"{""roll_deg"":6.1,""pitch_deg"":-28.0,""steady"":true}"
31.359,right_hand,og,flick_angles,,"{""side_deg"":-0.0,""fwd_deg"":-20.1}"
31.359,right_hand,og,acc,2464729,"{""seq"":1522,""x_mg"":-280,""y_mg"":32,""z_mg"":848}"
31.359,right_hand,og,tilt,,"{""roll_deg"":6.1,""pitch_deg"":-27.7,""steady"":true}"
31.359,right_hand,og,flick_angles,,"{""side_deg"":0.1,""fwd_deg"":-19.4}"
31.390,right_hand,og,acc,2464750,"{""seq"":1523,""x_mg"":-304,""y_mg"":88,""z_mg"":872}"
31.390,right_hand,og,tilt,,"{""roll_deg"":6.1,""pitch_deg"":-27.5,""steady"":true}"
31.390,right_hand,og,flick_angles,,"{""side_deg"":1.1,""fwd_deg"":-19.0}"
31.390,right_hand,og,acc,2464770,"{""seq"":1524,""x_mg"":-296,""y_mg"":68,""z_mg"":892}"
31.390,right_hand,og,tilt,,"{""roll_deg"":6.1,""pitch_deg"":-27.3,""steady"":true}"
31.390,right_hand,og,flick_angles,,"{""side_deg"":2.6,""fwd_deg"":-18.7}"
31.422,right_hand,og,acc,2464791,"{""seq"":1525,""x_mg"":-280,""y_mg"":-12,""z_mg"":916}"
31.422,right_hand,og,tilt,,"{""roll_deg"":6.2,""pitch_deg"":-27.2,""steady"":true}"
31.422,right_hand,og,flick_angles,,"{""side_deg"":3.4,""fwd_deg"":-18.5}"
31.453,right_hand,og,acc,2464811,"{""seq"":1526,""x_mg"":-288,""y_mg"":-68,""z_mg"":928}"
31.453,right_hand,og,tilt,,"{""roll_deg"":6.2,""pitch_deg"":-26.9,""steady"":true}"
31.453,right_hand,og,flick_angles,,"{""side_deg"":1.3,""fwd_deg"":-17.8}"
31.453,right_hand,og,acc,2464832,"{""seq"":1527,""x_mg"":-288,""y_mg"":-64,""z_mg"":984}"
31.453,right_hand,og,tilt,,"{""roll_deg"":6.2,""pitch_deg"":-26.6,""steady"":true}"
31.453,right_hand,og,flick_angles,,"{""side_deg"":-1.1,""fwd_deg"":-17.4}"
31.484,right_hand,og,acc,2464852,"{""seq"":1528,""x_mg"":-288,""y_mg"":-16,""z_mg"":1028}"
31.484,right_hand,og,tilt,,"{""roll_deg"":5.7,""pitch_deg"":-26.1,""steady"":true}"
31.484,right_hand,og,flick_angles,,"{""side_deg"":-2.3,""fwd_deg"":-16.9}"
31.515,right_hand,og,acc,2464873,"{""seq"":1529,""x_mg"":-280,""y_mg"":-52,""z_mg"":1040}"
31.515,right_hand,og,tilt,,"{""roll_deg"":5.2,""pitch_deg"":-25.6,""steady"":true}"
31.515,right_hand,og,flick_angles,,"{""side_deg"":-2.6,""fwd_deg"":-16.2}"
31.515,right_hand,og,acc,2464894,"{""seq"":1530,""x_mg"":-268,""y_mg"":-100,""z_mg"":1032}"
31.515,right_hand,og,tilt,,"{""roll_deg"":4.8,""pitch_deg"":-24.9,""steady"":true}"
31.515,right_hand,og,flick_angles,,"{""side_deg"":-2.7,""fwd_deg"":-15.7}"
31.547,right_hand,og,acc,2464914,"{""seq"":1531,""x_mg"":-236,""y_mg"":-104,""z_mg"":1012}"
31.547,right_hand,og,tilt,,"{""roll_deg"":3.9,""pitch_deg"":-24.2,""steady"":true}"
31.547,right_hand,og,flick_angles,,"{""side_deg"":-4.0,""fwd_deg"":-15.1}"
31.578,right_hand,og,acc,2464935,"{""seq"":1532,""x_mg"":-208,""y_mg"":-80,""z_mg"":1016}"
31.578,right_hand,og,tilt,,"{""roll_deg"":3.2,""pitch_deg"":-23.3,""steady"":true}"
31.578,right_hand,og,flick_angles,,"{""side_deg"":-4.7,""fwd_deg"":-14.1}"
31.578,right_hand,og,acc,2464955,"{""seq"":1533,""x_mg"":-200,""y_mg"":-20,""z_mg"":1016}"
31.578,right_hand,og,tilt,,"{""roll_deg"":2.8,""pitch_deg"":-22.2,""steady"":true}"
31.578,right_hand,og,flick_angles,,"{""side_deg"":-4.5,""fwd_deg"":-12.8}"
31.609,right_hand,og,acc,2464976,"{""seq"":1534,""x_mg"":-200,""y_mg"":4,""z_mg"":1000}"
31.609,right_hand,og,tilt,,"{""roll_deg"":2.8,""pitch_deg"":-21.2,""steady"":true}"
31.609,right_hand,og,flick_angles,,"{""side_deg"":-2.8,""fwd_deg"":-12.1}"
31.640,right_hand,og,acc,2464996,"{""seq"":1535,""x_mg"":-160,""y_mg"":-4,""z_mg"":956}"
31.640,right_hand,og,tilt,,"{""roll_deg"":2.8,""pitch_deg"":-20.4,""steady"":true}"
31.640,right_hand,og,flick_angles,,"{""side_deg"":-1.5,""fwd_deg"":-11.6}"
31.640,right_hand,og,acc,2465017,"{""seq"":1536,""x_mg"":-116,""y_mg"":-4,""z_mg"":960}"
31.640,right_hand,og,tilt,,"{""roll_deg"":3.1,""pitch_deg"":-19.4,""steady"":true}"
31.640,right_hand,og,flick_angles,,"{""side_deg"":-0.9,""fwd_deg"":-10.5}"
31.672,right_hand,og,acc,2465038,"{""seq"":1537,""x_mg"":-72,""y_mg"":24,""z_mg"":968}"
31.672,right_hand,og,tilt,,"{""roll_deg"":3.2,""pitch_deg"":-17.8,""steady"":true}"
31.672,right_hand,og,flick_angles,,"{""side_deg"":-0.6,""fwd_deg"":-8.7}"
31.672,right_hand,og,acc,2465058,"{""seq"":1538,""x_mg"":-92,""y_mg"":44,""z_mg"":956}"
31.672,right_hand,og,tilt,,"{""roll_deg"":3.5,""pitch_deg"":-16.2,""steady"":true}"
31.672,right_hand,og,flick_angles,,"{""side_deg"":0.4,""fwd_deg"":-7.1}"
31.703,right_hand,og,acc,2465079,"{""seq"":1539,""x_mg"":-72,""y_mg"":56,""z_mg"":940}"
31.703,right_hand,og,tilt,,"{""roll_deg"":4.0,""pitch_deg"":-14.7,""steady"":true}"
31.703,right_hand,og,flick_angles,,"{""side_deg"":1.5,""fwd_deg"":-5.7}"
31.734,right_hand,og,acc,2465099,"{""seq"":1540,""x_mg"":-68,""y_mg"":56,""z_mg"":940}"
31.734,right_hand,og,tilt,,"{""roll_deg"":4.7,""pitch_deg"":-13.7,""steady"":true}"
31.734,right_hand,og,flick_angles,,"{""side_deg"":2.5,""fwd_deg"":-5.1}"
31.734,right_hand,og,acc,2465120,"{""seq"":1541,""x_mg"":-64,""y_mg"":28,""z_mg"":940}"
31.734,right_hand,og,tilt,,"{""roll_deg"":5.5,""pitch_deg"":-12.9,""steady"":true}"
31.734,right_hand,og,flick_angles,,"{""side_deg"":2.9,""fwd_deg"":-4.6}"
31.765,right_hand,og,acc,2465140,"{""seq"":1542,""x_mg"":-44,""y_mg"":20,""z_mg"":940}"
31.765,right_hand,og,tilt,,"{""roll_deg"":5.8,""pitch_deg"":-12.4,""steady"":true}"
31.765,right_hand,og,flick_angles,,"{""side_deg"":2.3,""fwd_deg"":-4.2}"
31.812,right_hand,og,acc,2465161,"{""seq"":1543,""x_mg"":-40,""y_mg"":28,""z_mg"":956}"
31.812,right_hand,og,tilt,,"{""roll_deg"":6.0,""pitch_deg"":-11.6,""steady"":true}"
31.812,right_hand,og,flick_angles,,"{""side_deg"":2.0,""fwd_deg"":-3.5}"
31.812,right_hand,og,acc,2465182,"{""seq"":1544,""x_mg"":-40,""y_mg"":44,""z_mg"":960}"
31.812,right_hand,og,tilt,,"{""roll_deg"":6.1,""pitch_deg"":-11.0,""steady"":true}"
31.812,right_hand,og,flick_angles,,"{""side_deg"":1.8,""fwd_deg"":-2.9}"
31.844,right_hand,og,acc,2465202,"{""seq"":1545,""x_mg"":-52,""y_mg"":36,""z_mg"":956}"
31.844,right_hand,og,tilt,,"{""roll_deg"":6.3,""pitch_deg"":-10.6,""steady"":true}"
31.844,right_hand,og,flick_angles,,"{""side_deg"":2.0,""fwd_deg"":-2.7}"
31.875,right_hand,og,acc,2465223,"{""seq"":1546,""x_mg"":-40,""y_mg"":40,""z_mg"":964}"
31.875,right_hand,og,tilt,,"{""roll_deg"":6.6,""pitch_deg"":-10.3,""steady"":true}"
31.875,right_hand,og,flick_angles,,"{""side_deg"":2.2,""fwd_deg"":-2.5}"
31.875,right_hand,og,acc,2465243,"{""seq"":1547,""x_mg"":-32,""y_mg"":32,""z_mg"":964}"
31.875,right_hand,og,tilt,,"{""roll_deg"":6.7,""pitch_deg"":-10.1,""steady"":true}"
31.875,right_hand,og,flick_angles,,"{""side_deg"":2.2,""fwd_deg"":-2.4}"
31.906,right_hand,og,acc,2465264,"{""seq"":1548,""x_mg"":-28,""y_mg"":40,""z_mg"":972}"
31.906,right_hand,og,tilt,,"{""roll_deg"":6.8,""pitch_deg"":-9.9,""steady"":true}"
31.906,right_hand,og,flick_angles,,"{""side_deg"":2.3,""fwd_deg"":-2.2}"
31.937,right_hand,og,acc,2465284,"{""seq"":1549,""x_mg"":-20,""y_mg"":24,""z_mg"":972}"
31.937,right_hand,og,tilt,,"{""roll_deg"":6.9,""pitch_deg"":-9.6,""steady"":true}"
31.937,right_hand,og,flick_angles,,"{""side_deg"":2.1,""fwd_deg"":-1.9}"
31.937,right_hand,og,acc,2465305,"{""seq"":1550,""x_mg"":-12,""y_mg"":4,""z_mg"":960}"
31.937,right_hand,og,tilt,,"{""roll_deg"":6.9,""pitch_deg"":-9.3,""steady"":true}"
31.937,right_hand,og,flick_angles,,"{""side_deg"":1.7,""fwd_deg"":-1.5}"
31.969,right_hand,og,acc,2465325,"{""seq"":1551,""x_mg"":4,""y_mg"":16,""z_mg"":972}"
31.969,right_hand,og,tilt,,"{""roll_deg"":6.9,""pitch_deg"":-9.0,""steady"":true}"
31.969,right_hand,og,flick_angles,,"{""side_deg"":1.3,""fwd_deg"":-1.1}"
31.969,right_hand,og,acc,2465346,"{""seq"":1552,""x_mg"":12,""y_mg"":28,""z_mg"":940}"
31.969,right_hand,og,tilt,,"{""roll_deg"":6.9,""pitch_deg"":-8.5,""steady"":true}"
31.969,right_hand,og,flick_angles,,"{""side_deg"":1.1,""fwd_deg"":-0.4}"
32.000,right_hand,og,acc,2465367,"{""seq"":1553,""x_mg"":12,""y_mg"":16,""z_mg"":952}"
32.000,right_hand,og,tilt,,"{""roll_deg"":6.9,""pitch_deg"":-8.1,""steady"":true}"
32.000,right_hand,og,flick_angles,,"{""side_deg"":1.1,""fwd_deg"":0.1}"
32.031,right_hand,og,acc,2465387,"{""seq"":1554,""x_mg"":0,""y_mg"":20,""z_mg"":960}"
32.031,right_hand,og,tilt,,"{""roll_deg"":6.9,""pitch_deg"":-7.7,""steady"":true}"
32.031,right_hand,og,flick_angles,,"{""side_deg"":1.1,""fwd_deg"":0.4}"
32.031,right_hand,og,acc,2465408,"{""seq"":1555,""x_mg"":12,""y_mg"":16,""z_mg"":972}"
32.031,right_hand,og,tilt,,"{""roll_deg"":6.9,""pitch_deg"":-7.4,""steady"":true}"
32.031,right_hand,og,flick_angles,,"{""side_deg"":1.0,""fwd_deg"":0.6}"
32.062,right_hand,og,acc,2465428,"{""seq"":1556,""x_mg"":20,""y_mg"":16,""z_mg"":976}"
32.062,right_hand,og,tilt,,"{""roll_deg"":6.9,""pitch_deg"":-7.2,""steady"":true}"
32.062,right_hand,og,flick_angles,,"{""side_deg"":1.0,""fwd_deg"":0.6}"
32.094,right_hand,og,acc,2465449,"{""seq"":1557,""x_mg"":32,""y_mg"":0,""z_mg"":972}"
32.094,right_hand,og,tilt,,"{""roll_deg"":6.9,""pitch_deg"":-7.0,""steady"":true}"
32.094,right_hand,og,flick_angles,,"{""side_deg"":1.0,""fwd_deg"":0.9}"
32.094,right_hand,og,acc,2465469,"{""seq"":1558,""x_mg"":36,""y_mg"":-8,""z_mg"":972}"
32.094,right_hand,og,tilt,,"{""roll_deg"":6.9,""pitch_deg"":-6.6,""steady"":true}"
32.094,right_hand,og,flick_angles,,"{""side_deg"":0.5,""fwd_deg"":1.4}"
32.125,right_hand,og,acc,2465490,"{""seq"":1559,""x_mg"":52,""y_mg"":20,""z_mg"":976}"
32.125,right_hand,og,tilt,,"{""roll_deg"":6.9,""pitch_deg"":-6.3,""steady"":true}"
32.125,right_hand,og,flick_angles,,"{""side_deg"":0.2,""fwd_deg"":1.8}"
32.156,right_hand,og,acc,2465511,"{""seq"":1560,""x_mg"":60,""y_mg"":36,""z_mg"":984}"
32.156,right_hand,og,tilt,,"{""roll_deg"":6.9,""pitch_deg"":-5.8,""steady"":true}"
32.156,right_hand,og,flick_angles,,"{""side_deg"":0.7,""fwd_deg"":2.4}"
32.156,right_hand,og,acc,2465531,"{""seq"":1561,""x_mg"":112,""y_mg"":68,""z_mg"":980}"
32.156,right_hand,og,tilt,,"{""roll_deg"":6.9,""pitch_deg"":-5.4,""steady"":true}"
32.156,right_hand,og,flick_angles,,"{""side_deg"":1.4,""fwd_deg"":2.9}"
32.187,right_hand,og,acc,2465552,"{""seq"":1562,""x_mg"":160,""y_mg"":112,""z_mg"":980}"
32.187,right_hand,og,tilt,,"{""roll_deg"":6.9,""pitch_deg"":-4.2,""steady"":true}"
32.187,right_hand,og,flick_angles,,"{""side_deg"":2.7,""fwd_deg"":4.7}"
32.219,right_hand,og,acc,2465572,"{""seq"":1563,""x_mg"":184,""y_mg"":160,""z_mg"":964}"
32.219,right_hand,og,tilt,,"{""roll_deg"":7.3,""pitch_deg"":-2.5,""steady"":true}"
32.219,right_hand,og,flick_angles,,"{""side_deg"":4.6,""fwd_deg"":7.0}"
32.219,right_hand,og,acc,2465593,"{""seq"":1564,""x_mg"":188,""y_mg"":224,""z_mg"":980}"
32.219,right_hand,og,tilt,,"{""roll_deg"":8.8,""pitch_deg"":-0.7,""steady"":true}"
32.219,right_hand,og,flick_angles,,"{""side_deg"":6.9,""fwd_deg"":8.8}"
32.250,right_hand,og,acc,2465613,"{""seq"":1565,""x_mg"":156,""y_mg"":268,""z_mg"":964}"
32.250,right_hand,og,tilt,,"{""roll_deg"":11.2,""pitch_deg"":0.5,""steady"":true}"
32.250,right_hand,og,flick_angles,,"{""side_deg"":9.8,""fwd_deg"":9.7}"
32.265,right_hand,og,acc,2465634,"{""seq"":1566,""x_mg"":156,""y_mg"":300,""z_mg"":936}"
32.265,right_hand,og,tilt,,"{""roll_deg"":14.2,""pitch_deg"":0.9,""steady"":true}"
32.265,right_hand,og,flick_angles,,"{""side_deg"":12.6,""fwd_deg"":9.4}"
32.297,right_hand,og,acc,2465655,"{""seq"":1567,""x_mg"":168,""y_mg"":300,""z_mg"":924}"
32.297,right_hand,og,tilt,,"{""roll_deg"":17.2,""pitch_deg"":1.2,""steady"":true}"
32.297,right_hand,og,flick_angles,,"{""side_deg"":15.1,""fwd_deg"":9.2}"
32.297,right_hand,og,acc,2465675,"{""seq"":1568,""x_mg"":128,""y_mg"":296,""z_mg"":916}"
32.297,right_hand,og,tremor,,"{""rms_mg"":33.5,""peak_hz"":4.4}"
32.297,right_hand,og,tilt,,"{""roll_deg"":19.2,""pitch_deg"":1.3,""steady"":true}"
32.297,right_hand,og,flick_angles,,"{""side_deg"":16.4,""fwd_deg"":9.1}"
32.328,right_hand,og,acc,2465696,"{""seq"":1569,""x_mg"":56,""y_mg"":328,""z_mg"":940}"
32.328,right_hand,og,tilt,,"{""roll_deg"":20.6,""pitch_deg"":1.3,""steady"":true}"
32.328,right_hand,og,flick_angles,,"{""side_deg"":17.1,""fwd_deg"":8.3}"
32.359,right_hand,og,acc,2465716,"{""seq"":1570,""x_mg"":-20,""y_mg"":312,""z_mg"":928}"
32.359,right_hand,og,tilt,,"{""roll_deg"":21.7,""pitch_deg"":1.0,""steady"":true}"
32.359,right_hand,og,flick_angles,,"{""side_deg"":17.8,""fwd_deg"":5.8}"
32.359,right_hand,og,acc,2465737,"{""seq"":1571,""x_mg"":-60,""y_mg"":248,""z_mg"":940}"
32.359,right_hand,og,tilt,,"{""roll_deg"":22.4,""pitch_deg"":0.4,""steady"":true}"
32.359,right_hand,og,flick_angles,,"{""side_deg"":18.2,""fwd_deg"":2.3}"
32.390,right_hand,og,acc,2465757,"{""seq"":1572,""x_mg"":-124,""y_mg"":172,""z_mg"":960}"
32.390,right_hand,og,tilt,,"{""roll_deg"":22.4,""pitch_deg"":-1.3,""steady"":true}"
32.390,right_hand,og,flick_angles,,"{""side_deg"":16.5,""fwd_deg"":-0.6}"
32.422,right_hand,og,acc,2465778,"{""seq"":1573,""x_mg"":-200,""y_mg"":104,""z_mg"":992}"
32.422,right_hand,og,tilt,,"{""roll_deg"":20.9,""pitch_deg"":-4.7,""steady"":true}"
32.422,right_hand,og,flick_angles,,"{""side_deg"":13.3,""fwd_deg"":-3.9}"
32.422,right_hand,game,wrong,,"{""n"":12,""want"":""left"",""got"":""down""}"
32.422,right_hand,og,acc,2465799,"{""seq"":1574,""x_mg"":-276,""y_mg"":12,""z_mg"":1008}"
32.422,right_hand,og,tilt,,"{""roll_deg"":19.8,""pitch_deg"":-9.2,""steady"":true}"
32.422,right_hand,og,flick_angles,,"{""side_deg"":9.6,""fwd_deg"":-7.6}"
32.437,right_hand,og,acc,2465819,"{""seq"":1575,""x_mg"":-344,""y_mg"":-56,""z_mg"":1032}"
32.437,right_hand,og,tilt,,"{""roll_deg"":17.8,""pitch_deg"":-14.0,""steady"":true}"
32.437,right_hand,og,flick_angles,,"{""side_deg"":5.1,""fwd_deg"":-11.5}"
32.469,right_hand,og,acc,2465840,"{""seq"":1576,""x_mg"":-360,""y_mg"":-128,""z_mg"":1048}"
32.469,right_hand,og,tilt,,"{""roll_deg"":13.6,""pitch_deg"":-18.7,""steady"":true}"
32.469,right_hand,og,flick_angles,,"{""side_deg"":1.1,""fwd_deg"":-14.9}"
32.500,right_hand,og,acc,2465860,"{""seq"":1577,""x_mg"":-372,""y_mg"":-168,""z_mg"":1048}"
32.500,right_hand,og,tilt,,"{""roll_deg"":8.7,""pitch_deg"":-21.4,""steady"":true}"
32.500,right_hand,og,flick_angles,,"{""side_deg"":-2.8,""fwd_deg"":-16.9}"
32.500,right_hand,og,acc,2465881,"{""seq"":1578,""x_mg"":-380,""y_mg"":-200,""z_mg"":1032}"
32.500,right_hand,og,tilt,,"{""roll_deg"":4.1,""pitch_deg"":-23.3,""steady"":true}"
32.500,right_hand,og,flick_angles,,"{""side_deg"":-5.7,""fwd_deg"":-18.1}"
32.547,right_hand,og,acc,2465901,"{""seq"":1579,""x_mg"":-400,""y_mg"":-236,""z_mg"":1032}"
32.547,right_hand,og,tilt,,"{""roll_deg"":0.7,""pitch_deg"":-24.5,""steady"":true}"
32.547,right_hand,og,flick_angles,,"{""side_deg"":-8.0,""fwd_deg"":-19.0}"
32.547,right_hand,og,acc,2465922,"{""seq"":1580,""x_mg"":-392,""y_mg"":-224,""z_mg"":1000}"
32.547,right_hand,og,tilt,,"{""roll_deg"":-2.1,""pitch_deg"":-25.6,""steady"":true}"
32.547,right_hand,og,flick_angles,,"{""side_deg"":-9.9,""fwd_deg"":-19.8}"
32.578,right_hand,og,acc,2465943,"{""seq"":1581,""x_mg"":-388,""y_mg"":-228,""z_mg"":1012}"
32.578,right_hand,og,tilt,,"{""roll_deg"":-3.7,""pitch_deg"":-26.2,""steady"":true}"
32.578,right_hand,og,flick_angles,,"{""side_deg"":-10.9,""fwd_deg"":-20.3}"
32.609,right_hand,og,acc,2465963,"{""seq"":1582,""x_mg"":-348,""y_mg"":-224,""z_mg"":984}"
32.609,right_hand,og,tilt,,"{""roll_deg"":-4.6,""pitch_deg"":-26.4,""steady"":true}"
32.609,right_hand,og,flick_angles,,"{""side_deg"":-11.4,""fwd_deg"":-20.4}"
32.609,right_hand,og,acc,2465984,"{""seq"":1583,""x_mg"":-304,""y_mg"":-208,""z_mg"":968}"
32.609,right_hand,og,tilt,,"{""roll_deg"":-5.1,""pitch_deg"":-26.4,""steady"":true}"
32.609,right_hand,og,flick_angles,,"{""side_deg"":-11.6,""fwd_deg"":-19.7}"
32.640,right_hand,og,acc,2466004,"{""seq"":1584,""x_mg"":-300,""y_mg"":-140,""z_mg"":960}"
32.640,right_hand,og,tilt,,"{""roll_deg"":-5.3,""pitch_deg"":-26.2,""steady"":true}"
32.640,right_hand,og,flick_angles,,"{""side_deg"":-11.6,""fwd_deg"":-18.4}"
32.656,right_hand,og,acc,2466025,"{""seq"":1585,""x_mg"":-292,""y_mg"":-88,""z_mg"":960}"
32.656,right_hand,og,tilt,,"{""roll_deg"":-5.0,""pitch_deg"":-25.7,""steady"":true}"
32.656,right_hand,og,flick_angles,,"{""side_deg"":-9.8,""fwd_deg"":-17.8}"
32.656,right_hand,og,acc,2466045,"{""seq"":1586,""x_mg"":-276,""y_mg"":-76,""z_mg"":948}"
32.656,right_hand,og,tilt,,"{""roll_deg"":-3.7,""pitch_deg"":-25.3,""steady"":true}"
32.656,right_hand,og,flick_angles,,"{""side_deg"":-7.4,""fwd_deg"":-17.3}"
32.687,right_hand,og,acc,2466066,"{""seq"":1587,""x_mg"":-256,""y_mg"":-76,""z_mg"":940}"
32.687,right_hand,og,tilt,,"{""roll_deg"":-2.9,""pitch_deg"":-25.0,""steady"":true}"
32.687,right_hand,og,flick_angles,,"{""side_deg"":-5.9,""fwd_deg"":-16.7}"
32.719,right_hand,og,acc,2466087,"{""seq"":1588,""x_mg"":-244,""y_mg"":-80,""z_mg"":928}"
32.719,right_hand,og,tilt,,"{""roll_deg"":-2.3,""pitch_deg"":-24.6,""steady"":true}"
32.719,right_hand,og,flick_angles,,"{""side_deg"":-5.2,""fwd_deg"":-16.0}"
32.750,right_hand,og,acc,2466107,"{""seq"":1589,""x_mg"":-220,""y_mg"":-44,""z_mg"":940}"
32.750,right_hand,og,tilt,,"{""roll_deg"":-2.0,""pitch_deg"":-24.3,""steady"":true}"
32.750,right_hand,og,flick_angles,,"{""side_deg"":-4.8,""fwd_deg"":-15.3}"
32.750,right_hand,og,acc,2466128,"{""seq"":1590,""x_mg"":-200,""y_mg"":-28,""z_mg"":960}"
32.750,right_hand,og,tilt,,"{""roll_deg"":-1.7,""pitch_deg"":-24.0,""steady"":true}"
32.750,right_hand,og,flick_angles,,"{""side_deg"":-3.7,""fwd_deg"":-14.2}"
32.781,right_hand,og,acc,2466148,"{""seq"":1591,""x_mg"":-164,""y_mg"":44,""z_mg"":1004}"
32.781,right_hand,og,tilt,,"{""roll_deg"":-1.0,""pitch_deg"":-23.4,""steady"":true}"
32.781,right_hand,og,flick_angles,,"{""side_deg"":-2.7,""fwd_deg"":-13.0}"
32.812,right_hand,og,acc,2466169,"{""seq"":1592,""x_mg"":-136,""y_mg"":44,""z_mg"":1020}"
32.812,right_hand,og,tilt,,"{""roll_deg"":0.9,""pitch_deg"":-22.1,""steady"":true}"
32.812,right_hand,og,flick_angles,,"{""side_deg"":-0.1,""fwd_deg"":-11.1}"
32.812,right_hand,og,acc,2466189,"{""seq"":1593,""x_mg"":-120,""y_mg"":40,""z_mg"":1036}"
32.812,right_hand,og,tilt,,"{""roll_deg"":2.6,""pitch_deg"":-20.4,""steady"":true}"
32.812,right_hand,og,flick_angles,,"{""side_deg"":1.2,""fwd_deg"":-9.4}"
32.844,right_hand,og,acc,2466210,"{""seq"":1594,""x_mg"":-108,""y_mg"":48,""z_mg"":1040}"
32.844,right_hand,og,tilt,,"{""roll_deg"":4.0,""pitch_deg"":-18.5,""steady"":true}"
32.844,right_hand,og,flick_angles,,"{""side_deg"":1.8,""fwd_deg"":-8.0}"
32.875,right_hand,og,acc,2466231,"{""seq"":1595,""x_mg"":-112,""y_mg"":60,""z_mg"":1036}"
32.875,right_hand,og,tilt,,"{""roll_deg"":5.1,""pitch_deg"":-17.0,""steady"":true}"
32.875,right_hand,og,flick_angles,,"{""side_deg"":2.2,""fwd_deg"":-7.1}"
32.875,right_hand,og,acc,2466251,"{""seq"":1596,""x_mg"":-116,""y_mg"":72,""z_mg"":1052}"
32.875,right_hand,og,tilt,,"{""roll_deg"":6.1,""pitch_deg"":-15.9,""steady"":true}"
32.875,right_hand,og,flick_angles,,"{""side_deg"":2.8,""fwd_deg"":-6.6}"
32.906,right_hand,og,acc,2466272,"{""seq"":1597,""x_mg"":-112,""y_mg"":76,""z_mg"":1044}"
32.906,right_hand,og,tilt,,"{""roll_deg"":7.0,""pitch_deg"":-15.2,""steady"":true}"
32.906,right_hand,og,flick_angles,,"{""side_deg"":3.3,""fwd_deg"":-6.4}"
32.937,right_hand,og,acc,2466292,"{""seq"":1598,""x_mg"":-104,""y_mg"":72,""z_mg"":1028}"
32.937,right_hand,og,tilt,,"{""roll_deg"":7.6,""pitch_deg"":-14.6,""steady"":true}"
32.937,right_hand,og,flick_angles,,"{""side_deg"":3.7,""fwd_deg"":-6.2}"
32.937,right_hand,og,acc,2466313,"{""seq"":1599,""x_mg"":-116,""y_mg"":64,""z_mg"":1028}"
32.937,right_hand,og,tilt,,"{""roll_deg"":8.0,""pitch_deg"":-14.3,""steady"":true}"
32.937,right_hand,og,flick_angles,,"{""side_deg"":3.8,""fwd_deg"":-6.2}"
32.969,right_hand,og,acc,2466333,"{""seq"":1600,""x_mg"":-92,""y_mg"":36,""z_mg"":1012}"
32.969,right_hand,og,tilt,,"{""roll_deg"":8.2,""pitch_deg"":-13.9,""steady"":true}"
32.969,right_hand,og,flick_angles,,"{""side_deg"":3.7,""fwd_deg"":-6.0}"
33.000,right_hand,og,acc,2466354,"{""seq"":1601,""x_mg"":-80,""y_mg"":32,""z_mg"":996}"
33.000,right_hand,og,tilt,,"{""roll_deg"":8.2,""pitch_deg"":-13.5,""steady"":true}"
33.000,right_hand,og,flick_angles,,"{""side_deg"":2.9,""fwd_deg"":-5.6}"
33.000,right_hand,og,acc,2466375,"{""seq"":1602,""x_mg"":-72,""y_mg"":52,""z_mg"":1004}"
33.000,right_hand,og,tilt,,"{""roll_deg"":8.2,""pitch_deg"":-13.1,""steady"":true}"
33.000,right_hand,og,flick_angles,,"{""side_deg"":2.4,""fwd_deg"":-5.1}"
33.031,right_hand,og,acc,2466395,"{""seq"":1603,""x_mg"":-80,""y_mg"":36,""z_mg"":1020}"
33.031,right_hand,og,tilt,,"{""roll_deg"":8.2,""pitch_deg"":-12.7,""steady"":true}"
33.031,right_hand,og,flick_angles,,"{""side_deg"":2.2,""fwd_deg"":-4.8}"
33.031,right_hand,og,acc,2466416,"{""seq"":1604,""x_mg"":-72,""y_mg"":48,""z_mg"":1012}"
33.031,right_hand,og,tilt,,"{""roll_deg"":8.2,""pitch_deg"":-12.4,""steady"":true}"
33.031,right_hand,og,flick_angles,,"{""side_deg"":2.5,""fwd_deg"":-4.4}"
33.062,right_hand,og,acc,2466436,"{""seq"":1605,""x_mg"":-48,""y_mg"":44,""z_mg"":1008}"
33.062,right_hand,og,tilt,,"{""roll_deg"":8.2,""pitch_deg"":-12.1,""steady"":true}"
33.062,right_hand,og,flick_angles,,"{""side_deg"":2.5,""fwd_deg"":-4.3}"
33.094,right_hand,og,acc,2466457,"{""seq"":1606,""x_mg"":-44,""y_mg"":40,""z_mg"":1032}"
33.094,right_hand,og,tilt,,"{""roll_deg"":8.2,""pitch_deg"":-11.6,""steady"":true}"
33.094,right_hand,og,flick_angles,,"{""side_deg"":2.5,""fwd_deg"":-3.5}"
33.094,right_hand,og,acc,2466477,"{""seq"":1607,""x_mg"":-64,""y_mg"":40,""z_mg"":1040}"
33.094,right_hand,og,tilt,,"{""roll_deg"":8.2,""pitch_deg"":-11.2,""steady"":true}"
33.094,right_hand,og,flick_angles,,"{""side_deg"":2.4,""fwd_deg"":-3.1}"
33.125,right_hand,og,acc,2466498,"{""seq"":1608,""x_mg"":-44,""y_mg"":16,""z_mg"":1040}"
33.125,right_hand,og,tilt,,"{""roll_deg"":8.2,""pitch_deg"":-10.8,""steady"":true}"
33.125,right_hand,og,flick_angles,,"{""side_deg"":2.3,""fwd_deg"":-2.8}"
33.172,right_hand,og,acc,2466518,"{""seq"":1609,""x_mg"":-28,""y_mg"":4,""z_mg"":1048}"
33.172,right_hand,og,tilt,,"{""roll_deg"":8.2,""pitch_deg"":-10.6,""steady"":true}"
33.172,right_hand,og,flick_angles,,"{""side_deg"":1.6,""fwd_deg"":-2.6}"
33.172,right_hand,og,acc,2466539,"{""seq"":1610,""x_mg"":-20,""y_mg"":4,""z_mg"":1036}"
33.172,right_hand,og,tilt,,"{""roll_deg"":8.1,""pitch_deg"":-10.1,""steady"":true}"
33.172,right_hand,og,flick_angles,,"{""side_deg"":0.9,""fwd_deg"":-2.1}"
33.203,right_hand,og,acc,2466560,"{""seq"":1611,""x_mg"":-20,""y_mg"":12,""z_mg"":1032}"
33.203,right_hand,og,tilt,,"{""roll_deg"":8.0,""pitch_deg"":-9.7,""steady"":true}"
33.203,right_hand,og,flick_angles,,"{""side_deg"":0.6,""fwd_deg"":-1.6}"
33.234,right_hand,og,acc,2466580,"{""seq"":1612,""x_mg"":-4,""y_mg"":32,""z_mg"":1016}"
33.234,right_hand,og,tilt,,"{""roll_deg"":7.8,""pitch_deg"":-9.4,""steady"":true}"
33.234,right_hand,og,flick_angles,,"{""side_deg"":0.6,""fwd_deg"":-1.3}"
33.234,right_hand,og,acc,2466601,"{""seq"":1613,""x_mg"":0,""y_mg"":16,""z_mg"":1012}"
33.234,right_hand,og,tilt,,"{""roll_deg"":7.8,""pitch_deg"":-9.0,""steady"":true}"
33.234,right_hand,og,flick_angles,,"{""side_deg"":0.8,""fwd_deg"":-0.8}"
33.265,right_hand,og,acc,2466621,"{""seq"":1614,""x_mg"":16,""y_mg"":16,""z_mg"":996}"
33.265,right_hand,og,tilt,,"{""roll_deg"":7.7,""pitch_deg"":-8.6,""steady"":true}"
33.265,right_hand,og,flick_angles,,"{""side_deg"":0.8,""fwd_deg"":-0.4}"
33.265,right_hand,og,acc,2466642,"{""seq"":1615,""x_mg"":32,""y_mg"":-12,""z_mg"":976}"
33.265,right_hand,og,tilt,,"{""roll_deg"":7.6,""pitch_deg"":-8.0,""steady"":true}"
33.265,right_hand,og,flick_angles,,"{""side_deg"":0.9,""fwd_deg"":0.3}"
33.297,right_hand,og,acc,2466662,"{""seq"":1616,""x_mg"":52,""y_mg"":-16,""z_mg"":964}"
33.297,right_hand,og,tilt,,"{""roll_deg"":7.3,""pitch_deg"":-7.4,""steady"":true}"
33.297,right_hand,og,flick_angles,,"{""side_deg"":0.1,""fwd_deg"":1.1}"
33.328,right_hand,og,acc,2466683,"{""seq"":1617,""x_mg"":60,""y_mg"":0,""z_mg"":948}"
33.328,right_hand,og,tilt,,"{""roll_deg"":7.0,""pitch_deg"":-6.6,""steady"":true}"
33.328,right_hand,og,flick_angles,,"{""side_deg"":-0.3,""fwd_deg"":2.1}"
33.328,right_hand,og,acc,2466704,"{""seq"":1618,""x_mg"":76,""y_mg"":-8,""z_mg"":944}"
33.328,right_hand,og,tilt,,"{""roll_deg"":6.8,""pitch_deg"":-5.8,""steady"":true}"
33.328,right_hand,og,flick_angles,,"{""side_deg"":-0.4,""fwd_deg"":2.9}"
33.359,right_hand,og,acc,2466724,"{""seq"":1619,""x_mg"":88,""y_mg"":-12,""z_mg"":952}"
33.359,right_hand,og,tilt,,"{""roll_deg"":6.6,""pitch_deg"":-5.0,""steady"":true}"
33.359,right_hand,og,flick_angles,,"{""side_deg"":-0.4,""fwd_deg"":3.7}"
33.390,right_hand,og,acc,2466745,"{""seq"":1620,""x_mg"":92,""y_mg"":-36,""z_mg"":964}"
33.390,right_hand,og,tilt,,"{""roll_deg"":6.4,""pitch_deg"":-4.2,""steady"":true}"
33.390,right_hand,og,flick_angles,,"{""side_deg"":-0.6,""fwd_deg"":4.5}"
33.390,right_hand,og,acc,2466765,"{""seq"":1621,""x_mg"":100,""y_mg"":-32,""z_mg"":940}"
33.390,right_hand,og,tilt,,"{""roll_deg"":6.0,""pitch_deg"":-3.5,""steady"":true}"
33.390,right_hand,og,flick_angles,,"{""side_deg"":-1.3,""fwd_deg"":5.0}"
33.422,right_hand,og,acc,2466786,"{""seq"":1622,""x_mg"":100,""y_mg"":-40,""z_mg"":936}"
33.422,right_hand,og,tilt,,"{""roll_deg"":5.6,""pitch_deg"":-2.9,""steady"":true}"
33.422,right_hand,og,flick_angles,,"{""side_deg"":-1.7,""fwd_deg"":5.5}"
33.453,right_hand,og,acc,2466806,"{""seq"":1623,""x_mg"":116,""y_mg"":-48,""z_mg"":928}"
33.453,right_hand,og,tilt,,"{""roll_deg"":5.2,""pitch_deg"":-2.4,""steady"":true}"
33.453,right_hand,og,flick_angles,,"{""side_deg"":-2.1,""fwd_deg"":5.8}"
33.453,right_hand,og,acc,2466827,"{""seq"":1624,""x_mg"":124,""y_mg"":-40,""z_mg"":932}"
33.453,right_hand,og,tilt,,"{""roll_deg"":4.9,""pitch_deg"":-1.8,""steady"":true}"
33.453,right_hand,og,flick_angles,,"{""side_deg"":-2.2,""fwd_deg"":6.5}"
33.484,right_hand,og,acc,2466848,"{""seq"":1625,""x_mg"":116,""y_mg"":-40,""z_mg"":972}"
33.484,right_hand,og,tilt,,"{""roll_deg"":4.6,""pitch_deg"":-1.4,""steady"":true}"
33.484,right_hand,og,flick_angles,,"{""side_deg"":-2.3,""fwd_deg"":6.8}"
33.515,right_hand,og,acc,2466868,"{""seq"":1626,""x_mg"":120,""y_mg"":-40,""z_mg"":960}"
33.515,right_hand,og,tilt,,"{""roll_deg"":4.4,""pitch_deg"":-1.0,""steady"":true}"
33.515,right_hand,og,flick_angles,,"{""side_deg"":-2.4,""fwd_deg"":7.0}"
33.515,right_hand,og,acc,2466889,"{""seq"":1627,""x_mg"":144,""y_mg"":-64,""z_mg"":956}"
33.515,right_hand,og,tilt,,"{""roll_deg"":4.3,""pitch_deg"":-0.8,""steady"":true}"
33.515,right_hand,og,flick_angles,,"{""side_deg"":-2.4,""fwd_deg"":7.0}"
33.547,right_hand,og,acc,2466909,"{""seq"":1628,""x_mg"":144,""y_mg"":-84,""z_mg"":944}"
33.547,right_hand,og,tilt,,"{""roll_deg"":3.9,""pitch_deg"":-0.3,""steady"":true}"
33.547,right_hand,og,flick_angles,,"{""side_deg"":-3.1,""fwd_deg"":7.8}"
33.578,right_hand,og,acc,2466930,"{""seq"":1629,""x_mg"":148,""y_mg"":-84,""z_mg"":928}"
33.578,right_hand,og,tilt,,"{""roll_deg"":3.3,""pitch_deg"":0.1,""steady"":true}"
33.578,right_hand,og,flick_angles,,"{""side_deg"":-4.1,""fwd_deg"":8.2}"
33.578,right_hand,og,acc,2466950,"{""seq"":1630,""x_mg"":140,""y_mg"":-56,""z_mg"":920}"
33.578,right_hand,og,tilt,,"{""roll_deg"":2.8,""pitch_deg"":0.4,""steady"":true}"
33.578,right_hand,og,flick_angles,,"{""side_deg"":-4.5,""fwd_deg"":8.4}"
33.609,right_hand,og,acc,2466971,"{""seq"":1631,""x_mg"":156,""y_mg"":-52,""z_mg"":900}"
33.609,right_hand,og,tilt,,"{""roll_deg"":2.7,""pitch_deg"":0.7,""steady"":true}"
33.609,right_hand,og,flick_angles,,"{""side_deg"":-4.0,""fwd_deg"":8.7}"
33.609,right_hand,og,acc,2466992,"{""seq"":1632,""x_mg"":144,""y_mg"":-60,""z_mg"":884}"
33.609,right_hand,og,tilt,,"{""roll_deg"":2.7,""pitch_deg"":1.0,""steady"":true}"
33.609,right_hand,og,flick_angles,,"{""side_deg"":-3.7,""fwd_deg"":9.0}"
33.640,right_hand,og,acc,2467012,"{""seq"":1633,""x_mg"":152,""y_mg"":-76,""z_mg"":896}"
33.640,right_hand,og,tilt,,"{""roll_deg"":2.6,""pitch_deg"":1.3,""steady"":true}"
33.640,right_hand,og,flick_angles,,"{""side_deg"":-3.8,""fwd_deg"":9.3}"
33.672,right_hand,og,acc,2467033,"{""seq"":1634,""x_mg"":132,""y_mg"":-52,""z_mg"":888}"
33.672,right_hand,og,tilt,,"{""roll_deg"":2.5,""pitch_deg"":1.5,""steady"":true}"
33.672,right_hand,og,flick_angles,,"{""side_deg"":-3.8,""fwd_deg"":9.3}"
33.672,right_hand,og,acc,2467053,"{""seq"":1635,""x_mg"":128,""y_mg"":-56,""z_mg"":888}"
33.672,right_hand,og,tilt,,"{""roll_deg"":2.5,""pitch_deg"":1.5,""steady"":true}"
33.672,right_hand,og,flick_angles,,"{""side_deg"":-3.7,""fwd_deg"":8.8}"
33.687,right_hand,og,acc,2467074,"{""seq"":1636,""x_mg"":120,""y_mg"":-60,""z_mg"":880}"
33.687,right_hand,og,tilt,,"{""roll_deg"":2.5,""pitch_deg"":1.5,""steady"":true}"
33.687,right_hand,og,flick_angles,,"{""side_deg"":-3.6,""fwd_deg"":8.5}"
33.719,right_hand,og,acc,2467094,"{""seq"":1637,""x_mg"":104,""y_mg"":-36,""z_mg"":888}"
33.719,right_hand,og,tilt,,"{""roll_deg"":2.5,""pitch_deg"":1.5,""steady"":true}"
33.719,right_hand,og,flick_angles,,"{""side_deg"":-3.6,""fwd_deg"":8.1}"
33.750,right_hand,og,acc,2467115,"{""seq"":1638,""x_mg"":84,""y_mg"":-24,""z_mg"":856}"
33.750,right_hand,og,tilt,,"{""roll_deg"":2.5,""pitch_deg"":1.5,""steady"":true}"
33.750,right_hand,og,flick_angles,,"{""side_deg"":-3.0,""fwd_deg"":7.4}"
33.750,right_hand,og,acc,2467136,"{""seq"":1639,""x_mg"":84,""y_mg"":-56,""z_mg"":840}"
33.750,right_hand,og,tilt,,"{""roll_deg"":2.5,""pitch_deg"":1.5,""steady"":true}"
33.750,right_hand,og,flick_angles,,"{""side_deg"":-2.6,""fwd_deg"":6.6}"
33.781,right_hand,og,acc,2467156,"{""seq"":1640,""x_mg"":40,""y_mg"":-48,""z_mg"":832}"
33.781,right_hand,og,tilt,,"{""roll_deg"":2.5,""pitch_deg"":1.4,""steady"":true}"
33.781,right_hand,og,flick_angles,,"{""side_deg"":-3.0,""fwd_deg"":6.1}"
33.812,right_hand,og,acc,2467177,"{""seq"":1641,""x_mg"":-12,""y_mg"":-20,""z_mg"":860}"
33.812,right_hand,og,tilt,,"{""roll_deg"":2.5,""pitch_deg"":0.8,""steady"":true}"
33.812,right_hand,og,flick_angles,,"{""side_deg"":-3.1,""fwd_deg"":4.4}"
33.812,right_hand,og,acc,2467197,"{""seq"":1642,""x_mg"":-52,""y_mg"":40,""z_mg"":904}"
33.812,right_hand,og,tilt,,"{""roll_deg"":2.5,""pitch_deg"":-0.8,""steady"":true}"
33.812,right_hand,og,flick_angles,,"{""side_deg"":-2.2,""fwd_deg"":1.8}"
33.844,right_hand,og,acc,2467218,"{""seq"":1643,""x_mg"":-84,""y_mg"":44,""z_mg"":900}"
33.844,right_hand,og,tilt,,"{""roll_deg"":2.7,""pitch_deg"":-3.1,""steady"":true}"
33.844,right_hand,og,flick_angles,,"{""side_deg"":0.1,""fwd_deg"":-0.7}"
33.875,right_hand,og,acc,2467238,"{""seq"":1644,""x_mg"":-140,""y_mg"":12,""z_mg"":928}"
33.875,right_hand,og,tilt,,"{""roll_deg"":3.5,""pitch_deg"":-5.7,""steady"":true}"
33.875,right_hand,og,flick_angles,,"{""side_deg"":1.3,""fwd_deg"":-3.0}"
33.875,right_hand,og,acc,2467259,"{""seq"":1645,""x_mg"":-184,""y_mg"":48,""z_mg"":964}"
33.875,right_hand,og,tilt,,"{""roll_deg"":4.4,""pitch_deg"":-9.0,""steady"":true}"
33.875,right_hand,og,flick_angles,,"{""side_deg"":2.1,""fwd_deg"":-5.8}"
33.906,right_hand,og,acc,2467279,"{""seq"":1646,""x_mg"":-228,""y_mg"":136,""z_mg"":1000}"
33.906,right_hand,og,tilt,,"{""roll_deg"":5.2,""pitch_deg"":-12.0,""steady"":true}"
33.906,right_hand,og,flick_angles,,"{""side_deg"":2.4,""fwd_deg"":-8.3}"
33.953,right_hand,og,acc,2467300,"{""seq"":1647,""x_mg"":-256,""y_mg"":128,""z_mg"":992}"
33.953,right_hand,og,tilt,,"{""roll_deg"":7.1,""pitch_deg"":-14.8,""steady"":true}"
33.953,right_hand,og,flick_angles,,"{""side_deg"":4.8,""fwd_deg"":-10.5}"
33.953,right_hand,og,acc,2467321,"{""seq"":1648,""x_mg"":-296,""y_mg"":92,""z_mg"":972}"
33.953,right_hand,og,tilt,,"{""roll_deg"":8.6,""pitch_deg"":-17.2,""steady"":true}"
33.953,right_hand,og,flick_angles,,"{""side_deg"":5.9,""fwd_deg"":-12.4}"
33.984,right_hand,og,acc,2467341,"{""seq"":1649,""x_mg"":-320,""y_mg"":84,""z_mg"":1000}"
33.984,right_hand,og,tilt,,"{""roll_deg"":9.1,""pitch_deg"":-19.6,""steady"":true}"
33.984,right_hand,og,flick_angles,,"{""side_deg"":5.6,""fwd_deg"":-14.7}"
33.984,right_hand,og,acc,2467362,"{""seq"":1650,""x_mg"":-368,""y_mg"":84,""z_mg"":1012}"
33.984,right_hand,og,tilt,,"{""roll_deg"":9.2,""pitch_deg"":-21.4,""steady"":true}"
33.984,right_hand,og,flick_angles,,"{""side_deg"":5.1,""fwd_deg"":-16.2}"
34.015,right_hand,og,acc,2467382,"{""seq"":1651,""x_mg"":-388,""y_mg"":36,""z_mg"":1008}"
34.015,right_hand,og,tilt,,"{""roll_deg"":9.3,""pitch_deg"":-23.4,""steady"":true}"
34.015,right_hand,og,flick_angles,,"{""side_deg"":4.8,""fwd_deg"":-18.0}"
34.047,right_hand,og,acc,2467403,"{""seq"":1652,""x_mg"":-416,""y_mg"":28,""z_mg"":1064}"
34.047,right_hand,og,tilt,,"{""roll_deg"":9.3,""pitch_deg"":-25.0,""steady"":true}"
34.047,right_hand,og,flick_angles,,"{""side_deg"":3.3,""fwd_deg"":-19.5}"
34.047,right_hand,og,acc,2467423,"{""seq"":1653,""x_mg"":-488,""y_mg"":136,""z_mg"":1144}"
34.047,right_hand,og,tilt,,"{""roll_deg"":9.3,""pitch_deg"":-26.1,""steady"":true}"
34.047,right_hand,og,flick_angles,,"{""side_deg"":2.6,""fwd_deg"":-20.4}"
34.078,right_hand,og,acc,2467444,"{""seq"":1654,""x_mg"":-508,""y_mg"":224,""z_mg"":1184}"
34.078,right_hand,og,tilt,,"{""roll_deg"":9.3,""pitch_deg"":-26.1,""steady"":false}"
34.078,right_hand,og,flick_angles,,"{""side_deg"":4.4,""fwd_deg"":-21.7}"
34.109,right_hand,og,acc,2467465,"{""seq"":1655,""x_mg"":-492,""y_mg"":128,""z_mg"":1172}"
34.109,right_hand,og,tilt,,"{""roll_deg"":9.3,""pitch_deg"":-27.7,""steady"":true}"
34.109,right_hand,og,flick_angles,,"{""side_deg"":5.3,""fwd_deg"":-22.3}"
34.109,right_hand,og,acc,2467485,"{""seq"":1656,""x_mg"":-464,""y_mg"":56,""z_mg"":1124}"
34.109,right_hand,og,tilt,,"{""roll_deg"":9.6,""pitch_deg"":-28.1,""steady"":true}"
34.109,right_hand,og,flick_angles,,"{""side_deg"":5.5,""fwd_deg"":-22.5}"
34.140,right_hand,og,acc,2467506,"{""seq"":1657,""x_mg"":-444,""y_mg"":16,""z_mg"":1084}"
34.140,right_hand,og,tilt,,"{""roll_deg"":9.6,""pitch_deg"":-28.4,""steady"":true}"
34.140,right_hand,og,flick_angles,,"{""side_deg"":4.1,""fwd_deg"":-22.4}"
34.172,right_hand,og,acc,2467526,"{""seq"":1658,""x_mg"":-412,""y_mg"":28,""z_mg"":1028}"
34.172,right_hand,og,tilt,,"{""roll_deg"":9.6,""pitch_deg"":-28.5,""steady"":true}"
34.172,right_hand,og,flick_angles,,"{""side_deg"":2.8,""fwd_deg"":-22.4}"
34.172,right_hand,og,acc,2467547,"{""seq"":1659,""x_mg"":-380,""y_mg"":72,""z_mg"":960}"
34.172,right_hand,og,tilt,,"{""roll_deg"":9.6,""pitch_deg"":-28.5,""steady"":true}"
34.172,right_hand,og,flick_angles,,"{""side_deg"":2.1,""fwd_deg"":-22.1}"
34.203,right_hand,og,acc,2467567,"{""seq"":1660,""x_mg"":-356,""y_mg"":108,""z_mg"":924}"
34.203,right_hand,og,tilt,,"{""roll_deg"":9.6,""pitch_deg"":-28.5,""steady"":true}"
34.203,right_hand,og,flick_angles,,"{""side_deg"":3.0,""fwd_deg"":-21.8}"
34.234,right_hand,og,acc,2467588,"{""seq"":1661,""x_mg"":-348,""y_mg"":128,""z_mg"":876}"
34.234,right_hand,og,tilt,,"{""roll_deg"":9.6,""pitch_deg"":-28.5,""steady"":true}"
34.234,right_hand,og,flick_angles,,"{""side_deg"":4.6,""fwd_deg"":-21.6}"
34.234,right_hand,og,acc,2467609,"{""seq"":1662,""x_mg"":-328,""y_mg"":116,""z_mg"":852}"
34.234,right_hand,og,tilt,,"{""roll_deg"":9.6,""pitch_deg"":-28.5,""steady"":true}"
34.234,right_hand,og,flick_angles,,"{""side_deg"":5.9,""fwd_deg"":-21.3}"
34.265,right_hand,og,acc,2467629,"{""seq"":1663,""x_mg"":-316,""y_mg"":100,""z_mg"":816}"
34.265,right_hand,og,tilt,,"{""roll_deg"":10.0,""pitch_deg"":-28.5,""steady"":true}"
34.265,right_hand,og,flick_angles,,"{""side_deg"":6.6,""fwd_deg"":-21.2}"
34.265,right_hand,og,acc,2467650,"{""seq"":1664,""x_mg"":-296,""y_mg"":96,""z_mg"":804}"
34.265,right_hand,og,tilt,,"{""roll_deg"":10.3,""pitch_deg"":-28.5,""steady"":true}"
34.265,right_hand,og,flick_angles,,"{""side_deg"":6.6,""fwd_deg"":-21.0}"
34.281,,game,miss,,"{""n"":13,""want"":""down""}"
34.297,right_hand,og,acc,2467670,"{""seq"":1665,""x_mg"":-316,""y_mg"":116,""z_mg"":824}"
34.297,right_hand,og,tilt,,"{""roll_deg"":10.5,""pitch_deg"":-28.5,""steady"":true}"
34.297,right_hand,og,flick_angles,,"{""side_deg"":6.5,""fwd_deg"":-20.9}"
34.328,right_hand,og,acc,2467691,"{""seq"":1666,""x_mg"":-320,""y_mg"":120,""z_mg"":844}"
34.328,right_hand,og,tremor,,"{""rms_mg"":22.6,""peak_hz"":9.3}"
34.328,right_hand,og,tilt,,"{""roll_deg"":10.9,""pitch_deg"":-28.4,""steady"":true}"
34.328,right_hand,og,flick_angles,,"{""side_deg"":7.0,""fwd_deg"":-20.7}"
34.328,right_hand,og,acc,2467711,"{""seq"":1667,""x_mg"":-336,""y_mg"":96,""z_mg"":872}"
34.328,right_hand,og,tilt,,"{""roll_deg"":11.2,""pitch_deg"":-28.4,""steady"":true}"
34.328,right_hand,og,flick_angles,,"{""side_deg"":7.3,""fwd_deg"":-20.8}"
34.359,right_hand,og,acc,2467732,"{""seq"":1668,""x_mg"":-340,""y_mg"":68,""z_mg"":892}"
34.359,right_hand,og,tilt,,"{""roll_deg"":11.2,""pitch_deg"":-28.3,""steady"":true}"
34.359,right_hand,og,flick_angles,,"{""side_deg"":6.6,""fwd_deg"":-20.8}"
34.390,right_hand,og,acc,2467753,"{""seq"":1669,""x_mg"":-336,""y_mg"":76,""z_mg"":908}"
34.390,right_hand,og,tilt,,"{""roll_deg"":11.2,""pitch_deg"":-28.3,""steady"":true}"
34.390,right_hand,og,flick_angles,,"{""side_deg"":5.5,""fwd_deg"":-20.8}"
34.390,right_hand,og,acc,2467773,"{""seq"":1670,""x_mg"":-344,""y_mg"":64,""z_mg"":916}"
34.390,right_hand,og,tilt,,"{""roll_deg"":11.2,""pitch_deg"":-28.2,""steady"":true}"
34.390,right_hand,og,flick_angles,,"{""side_deg"":4.8,""fwd_deg"":-20.7}"
34.422,right_hand,og,acc,2467794,"{""seq"":1671,""x_mg"":-360,""y_mg"":88,""z_mg"":944}"
34.422,right_hand,og,tilt,,"{""roll_deg"":11.2,""pitch_deg"":-28.2,""steady"":true}"
34.422,right_hand,og,flick_angles,,"{""side_deg"":4.6,""fwd_deg"":-20.6}"
34.453,right_hand,og,acc,2467814,"{""seq"":1672,""x_mg"":-356,""y_mg"":88,""z_mg"":948}"
34.453,right_hand,og,tilt,,"{""roll_deg"":11.2,""pitch_deg"":-28.2,""steady"":true}"
34.453,right_hand,og,flick_angles,,"{""side_deg"":4.8,""fwd_deg"":-20.6}"
34.453,right_hand,og,acc,2467835,"{""seq"":1673,""x_mg"":-380,""y_mg"":72,""z_mg"":968}"
34.453,right_hand,og,tilt,,"{""roll_deg"":11.2,""pitch_deg"":-28.1,""steady"":true}"
34.453,right_hand,og,flick_angles,,"{""side_deg"":4.9,""fwd_deg"":-20.7}"
34.484,right_hand,og,acc,2467855,"{""seq"":1674,""x_mg"":-384,""y_mg"":68,""z_mg"":968}"
34.484,right_hand,og,tilt,,"{""roll_deg"":11.2,""pitch_deg"":-28.1,""steady"":true}"
34.484,right_hand,og,flick_angles,,"{""side_deg"":4.4,""fwd_deg"":-21.0}"
34.515,right_hand,og,acc,2467876,"{""seq"":1675,""x_mg"":-376,""y_mg"":64,""z_mg"":984}"
34.515,right_hand,og,tilt,,"{""roll_deg"":11.2,""pitch_deg"":-28.1,""steady"":true}"
34.515,right_hand,og,flick_angles,,"{""side_deg"":4.1,""fwd_deg"":-21.2}"
34.515,right_hand,og,acc,2467897,"{""seq"":1676,""x_mg"":-372,""y_mg"":72,""z_mg"":988}"
34.515,right_hand,og,tilt,,"{""roll_deg"":11.0,""pitch_deg"":-28.1,""steady"":true}"
34.515,right_hand,og,flick_angles,,"{""side_deg"":3.9,""fwd_deg"":-21.0}"
34.547,right_hand,og,acc,2467917,"{""seq"":1677,""x_mg"":-388,""y_mg"":96,""z_mg"":980}"
34.547,right_hand,og,tilt,,"{""roll_deg"":10.9,""pitch_deg"":-28.1,""steady"":true}"
34.547,right_hand,og,flick_angles,,"{""side_deg"":3.9,""fwd_deg"":-21.0}"
34.578,right_hand,og,acc,2467938,"{""seq"":1678,""x_mg"":-412,""y_mg"":80,""z_mg"":988}"
34.578,right_hand,og,tilt,,"{""roll_deg"":10.8,""pitch_deg"":-28.1,""steady"":true}"
34.578,right_hand,og,flick_angles,,"{""side_deg"":4.1,""fwd_deg"":-21.2}"
34.578,right_hand,og,acc,2467958,"{""seq"":1679,""x_mg"":-392,""y_mg"":44,""z_mg"":964}"
34.578,right_hand,og,tilt,,"{""roll_deg"":10.8,""pitch_deg"":-28.1,""steady"":true}"
34.578,right_hand,og,flick_angles,,"{""side_deg"":4.2,""fwd_deg"":-21.7}"
34.609,right_hand,og,acc,2467979,"{""seq"":1680,""x_mg"":-356,""y_mg"":36,""z_mg"":956}"
34.609,right_hand,og,tilt,,"{""roll_deg"":10.4,""pitch_deg"":-28.1,""steady"":true}"
34.609,right_hand,og,flick_angles,,"{""side_deg"":3.3,""fwd_deg"":-21.9}"
34.609,right_hand,og,acc,2467999,"{""seq"":1681,""x_mg"":-328,""y_mg"":12,""z_mg"":952}"
34.609,right_hand,og,tilt,,"{""roll_deg"":10.1,""pitch_deg"":-28.1,""steady"":true}"
34.609,right_hand,og,flick_angles,,"{""side_deg"":2.7,""fwd_deg"":-21.1}"
34.656,right_hand,og,acc,2468020,"{""seq"":1682,""x_mg"":-324,""y_mg"":20,""z_mg"":944}"
34.656,right_hand,og,tilt,,"{""roll_deg"":9.6,""pitch_deg"":-28.1,""steady"":true}"
34.656,right_hand,og,flick_angles,,"{""side_deg"":1.9,""fwd_deg"":-20.1}"
34.687,right_hand,og,acc,2468041,"{""seq"":1683,""x_mg"":-288,""y_mg"":56,""z_mg"":932}"
34.687,right_hand,og,tilt,,"{""roll_deg"":9.1,""pitch_deg"":-28.0,""steady"":true}"
34.687,right_hand,og,flick_angles,,"{""side_deg"":1.5,""fwd_deg"":-19.5}"
34.687,right_hand,og,acc,2468061,"{""seq"":1684,""x_mg"":-256,""y_mg"":80,""z_mg"":948}"
34.687,right_hand,og,tilt,,"{""roll_deg"":9.1,""pitch_deg"":-27.6,""steady"":true}"
34.687,right_hand,og,flick_angles,,"{""side_deg"":2.4,""fwd_deg"":-18.3}"
34.719,right_hand,og,acc,2468082,"{""seq"":1685,""x_mg"":-264,""y_mg"":100,""z_mg"":960}"
34.719,right_hand,og,tilt,,"{""roll_deg"":9.1,""pitch_deg"":-26.7,""steady"":true}"
34.719,right_hand,og,flick_angles,,"{""side_deg"":3.5,""fwd_deg"":-16.8}"
34.750,right_hand,og,acc,2468102,"{""seq"":1686,""x_mg"":-256,""y_mg"":148,""z_mg"":960}"
34.750,right_hand,og,tilt,,"{""roll_deg"":9.1,""pitch_deg"":-25.8,""steady"":true}"
34.750,right_hand,og,flick_angles,,"{""side_deg"":4.6,""fwd_deg"":-15.9}"
34.750,right_hand,og,acc,2468123,"{""seq"":1687,""x_mg"":-236,""y_mg"":164,""z_mg"":944}"
34.750,right_hand,og,tilt,,"{""roll_deg"":9.2,""pitch_deg"":-24.9,""steady"":true}"
34.750,right_hand,og,flick_angles,,"{""side_deg"":6.6,""fwd_deg"":-15.4}"
34.781,right_hand,og,acc,2468143,"{""seq"":1688,""x_mg"":-220,""y_mg"":148,""z_mg"":944}"
34.781,right_hand,og,tilt,,"{""roll_deg"":9.8,""pitch_deg"":-24.0,""steady"":true}"
34.781,right_hand,og,flick_angles,,"{""side_deg"":7.6,""fwd_deg"":-14.6}"
34.812,right_hand,og,acc,2468164,"{""seq"":1689,""x_mg"":-208,""y_mg"":160,""z_mg"":952}"
34.812,right_hand,og,tilt,,"{""roll_deg"":10.6,""pitch_deg"":-23.0,""steady"":true}"
34.812,right_hand,og,flick_angles,,"{""side_deg"":8.5,""fwd_deg"":-13.8}"
34.812,right_hand,og,acc,2468185,"{""seq"":1690,""x_mg"":-196,""y_mg"":168,""z_mg"":924}"
34.812,right_hand,og,tilt,,"{""roll_deg"":11.4,""pitch_deg"":-22.0,""steady"":true}"
34.812,right_hand,og,flick_angles,,"{""side_deg"":8.9,""fwd_deg"":-13.0}"
34.844,right_hand,og,acc,2468205,"{""seq"":1691,""x_mg"":-212,""y_mg"":164,""z_mg"":932}"
34.844,right_hand,og,tilt,,"{""roll_deg"":12.1,""pitch_deg"":-21.3,""steady"":true}"
34.844,right_hand,og,flick_angles,,"{""side_deg"":9.3,""fwd_deg"":-12.6}"
34.875,right_hand,og,acc,2468226,"{""seq"":1692,""x_mg"":-220,""y_mg"":132,""z_mg"":916}"
34.875,right_hand,og,tilt,,"{""roll_deg"":12.8,""pitch_deg"":-20.9,""steady"":true}"
34.875,right_hand,og,flick_angles,,"{""side_deg"":9.5,""fwd_deg"":-12.6}"
34.875,right_hand,og,acc,2468246,"{""seq"":1693,""x_mg"":-208,""y_mg"":92,""z_mg"":916}"
34.875,right_hand,og,tilt,,"{""roll_deg"":12.8,""pitch_deg"":-20.7,""steady"":true}"
34.875,right_hand,og,flick_angles,,"{""side_deg"":8.8,""fwd_deg"":-12.7}"
34.906,right_hand,og,acc,2468267,"{""seq"":1694,""x_mg"":-200,""y_mg"":44,""z_mg"":932}"
34.906,right_hand,og,tilt,,"{""roll_deg"":12.8,""pitch_deg"":-20.5,""steady"":true}"
34.906,right_hand,og,flick_angles,,"{""side_deg"":7.2,""fwd_deg"":-12.7}"
34.937,right_hand,og,acc,2468287,"{""seq"":1695,""x_mg"":-208,""y_mg"":44,""z_mg"":944}"
34.937,right_hand,og,tilt,,"{""roll_deg"":12.7,""pitch_deg"":-20.3,""steady"":true}"
34.937,right_hand,og,flick_angles,,"{""side_deg"":4.9,""fwd_deg"":-12.6}"
34.937,right_hand,og,acc,2468308,"{""seq"":1696,""x_mg"":-208,""y_mg"":36,""z_mg"":956}"
34.937,right_hand,og,tilt,,"{""roll_deg"":12.5,""pitch_deg"":-20.1,""steady"":true}"
34.937,right_hand,og,flick_angles,,"{""side_deg"":3.8,""fwd_deg"":-12.4}"
34.969,right_hand,og,acc,2468328,"{""seq"":1697,""x_mg"":-216,""y_mg"":24,""z_mg"":960}"
34.969,right_hand,og,tilt,,"{""roll_deg"":12.0,""pitch_deg"":-20.0,""steady"":true}"
34.969,right_hand,og,flick_angles,,"{""side_deg"":2.9,""fwd_deg"":-12.4}"
34.969,right_hand,og,acc,2468349,"{""seq"":1698,""x_mg"":-196,""y_mg"":-36,""z_mg"":972}"
34.969,right_hand,og,tilt,,"{""roll_deg"":11.2,""pitch_deg"":-19.9,""steady"":true}"
34.969,right_hand,og,flick_angles,,"{""side_deg"":2.2,""fwd_deg"":-12.3}"
35.000,right_hand,og,acc,2468370,"{""seq"":1699,""x_mg"":-236,""y_mg"":-52,""z_mg"":984}"
35.000,right_hand,og,tilt,,"{""roll_deg"":9.6,""pitch_deg"":-19.9,""steady"":true}"
35.000,right_hand,og,flick_angles,,"{""side_deg"":0.0,""fwd_deg"":-12.5}"
35.031,right_hand,og,acc,2468390,"{""seq"":1700,""x_mg"":-232,""y_mg"":-44,""z_mg"":980}"
35.031,right_hand,og,tilt,,"{""roll_deg"":8.1,""pitch_deg"":-19.9,""steady"":true}"
35.031,right_hand,og,flick_angles,,"{""side_deg"":-1.2,""fwd_deg"":-12.9}"
35.031,right_hand,og,acc,2468411,"{""seq"":1701,""x_mg"":-228,""y_mg"":-20,""z_mg"":984}"
35.031,right_hand,og,tilt,,"{""roll_deg"":6.8,""pitch_deg"":-19.9,""steady"":true}"
35.031,right_hand,og,flick_angles,,"{""side_deg"":-1.9,""fwd_deg"":-13.1}"
35.062,right_hand,og,acc,2468431,"{""seq"":1702,""x_mg"":-240,""y_mg"":-24,""z_mg"":980}"
35.062,right_hand,og,tilt,,"{""roll_deg"":6.2,""pitch_deg"":-19.9,""steady"":true}"
35.062,right_hand,og,flick_angles,,"{""side_deg"":-1.6,""fwd_deg"":-13.2}"
35.094,right_hand,og,acc,2468452,"{""seq"":1703,""x_mg"":-248,""y_mg"":-28,""z_mg"":980}"
35.094,right_hand,og,tilt,,"{""roll_deg"":5.8,""pitch_deg"":-19.9,""steady"":true}"
35.094,right_hand,og,flick_angles,,"{""side_deg"":-1.5,""fwd_deg"":-13.5}"
35.094,right_hand,og,acc,2468472,"{""seq"":1704,""x_mg"":-264,""y_mg"":-56,""z_mg"":992}"
35.094,right_hand,og,tilt,,"{""roll_deg"":5.4,""pitch_deg"":-19.9,""steady"":true}"
35.094,right_hand,og,flick_angles,,"{""side_deg"":-1.5,""fwd_deg"":-13.8}"
35.125,right_hand,og,acc,2468493,"{""seq"":1705,""x_mg"":-268,""y_mg"":-108,""z_mg"":996}"
35.125,right_hand,og,tilt,,"{""roll_deg"":4.7,""pitch_deg"":-19.9,""steady"":true}"
35.125,right_hand,og,flick_angles,,"{""side_deg"":-2.3,""fwd_deg"":-14.4}"
35.140,right_hand,og,acc,2468514,"{""seq"":1706,""x_mg"":-280,""y_mg"":-124,""z_mg"":988}"
35.140,right_hand,og,tilt,,"{""roll_deg"":3.4,""pitch_deg"":-19.9,""steady"":true}"
35.140,right_hand,og,flick_angles,,"{""side_deg"":-4.2,""fwd_deg"":-14.7}"
35.140,right_hand,og,acc,2468534,"{""seq"":1707,""x_mg"":-292,""y_mg"":-116,""z_mg"":968}"
35.140,right_hand,og,tilt,,"{""roll_deg"":2.3,""pitch_deg"":-20.0,""steady"":true}"
35.140,right_hand,og,flick_angles,,"{""side_deg"":-5.3,""fwd_deg"":-15.2}"
35.187,right_hand,og,acc,2468555,"{""seq"":1708,""x_mg"":-300,""y_mg"":-116,""z_mg"":956}"
35.187,right_hand,og,tilt,,"{""roll_deg"":1.4,""pitch_deg"":-20.4,""steady"":true}"
35.187,right_hand,og,flick_angles,,"{""side_deg"":-6.0,""fwd_deg"":-15.9}"
35.187,right_hand,og,acc,2468575,"{""seq"":1709,""x_mg"":-376,""y_mg"":-76,""z_mg"":968}"
35.187,right_hand,og,tilt,,"{""roll_deg"":0.9,""pitch_deg"":-20.9,""steady"":true}"
35.187,right_hand,og,flick_angles,,"{""side_deg"":-6.3,""fwd_deg"":-16.6}"
35.219,right_hand,og,acc,2468596,"{""seq"":1710,""x_mg"":-380,""y_mg"":-124,""z_mg"":980}"
35.219,right_hand,og,tilt,,"{""roll_deg"":0.4,""pitch_deg"":-22.3,""steady"":true}"
35.219,right_hand,og,flick_angles,,"{""side_deg"":-6.4,""fwd_deg"":-18.8}"
35.250,right_hand,og,acc,2468616,"{""seq"":1711,""x_mg"":-376,""y_mg"":-212,""z_mg"":924}"
35.250,right_hand,og,tilt,,"{""roll_deg"":0.1,""pitch_deg"":-23.5,""steady"":true}"
35.250,right_hand,og,flick_angles,,"{""side_deg"":-6.6,""fwd_deg"":-20.0}"
35.250,right_hand,og,acc,2468637,"{""seq"":1712,""x_mg"":-356,""y_mg"":-268,""z_mg"":920}"
35.250,right_hand,og,tilt,,"{""roll_deg"":-1.7,""pitch_deg"":-24.6,""steady"":true}"
35.250,right_hand,og,flick_angles,,"{""side_deg"":-9.3,""fwd_deg"":-20.5}"
35.297,right_hand,og,acc,2468658,"{""seq"":1713,""x_mg"":-364,""y_mg"":-280,""z_mg"":964}"
35.297,right_hand,og,tilt,,"{""roll_deg"":-4.2,""pitch_deg"":-25.1,""steady"":true}"
35.297,right_hand,og,flick_angles,,"{""side_deg"":-12.2,""fwd_deg"":-20.5}"
35.328,right_hand,og,acc,2468678,"{""seq"":1714,""x_mg"":-372,""y_mg"":-276,""z_mg"":972}"
35.328,right_hand,og,tilt,,"{""roll_deg"":-5.9,""pitch_deg"":-25.5,""steady"":true}"
35.328,right_hand,og,flick_angles,,"{""side_deg"":-13.7,""fwd_deg"":-20.3}"
35.328,right_hand,og,acc,2468699,"{""seq"":1715,""x_mg"":-352,""y_mg"":-224,""z_mg"":944}"
35.328,right_hand,og,tilt,,"{""roll_deg"":-6.9,""pitch_deg"":-25.7,""steady"":true}"
35.328,right_hand,og,flick_angles,,"{""side_deg"":-14.3,""fwd_deg"":-20.1}"
35.359,right_hand,og,acc,2468719,"{""seq"":1716,""x_mg"":-312,""y_mg"":-172,""z_mg"":924}"
35.359,right_hand,og,tilt,,"{""roll_deg"":-6.9,""pitch_deg"":-25.9,""steady"":true}"
35.359,right_hand,og,flick_angles,,"{""side_deg"":-13.4,""fwd_deg"":-20.0}"
35.390,right_hand,og,acc,2468740,"{""seq"":1717,""x_mg"":-276,""y_mg"":-108,""z_mg"":936}"
35.390,right_hand,og,tilt,,"{""roll_deg"":-6.8,""pitch_deg"":-25.9,""steady"":true}"
35.390,right_hand,og,flick_angles,,"{""side_deg"":-11.7,""fwd_deg"":-19.2}"
35.390,right_hand,og,acc,2468760,"{""seq"":1718,""x_mg"":-272,""y_mg"":-60,""z_mg"":972}"
35.390,right_hand,og,tilt,,"{""roll_deg"":-5.7,""pitch_deg"":-25.9,""steady"":true}"
35.390,right_hand,og,flick_angles,,"{""side_deg"":-9.0,""fwd_deg"":-17.8}"
35.422,right_hand,og,acc,2468781,"{""seq"":1719,""x_mg"":-240,""y_mg"":-36,""z_mg"":980}"
35.422,right_hand,og,tilt,,"{""roll_deg"":-4.9,""pitch_deg"":-25.6,""steady"":true}"
35.422,right_hand,og,flick_angles,,"{""side_deg"":-6.2,""fwd_deg"":-16.7}"
35.453,right_hand,og,acc,2468802,"{""seq"":1720,""x_mg"":-200,""y_mg"":-16,""z_mg"":976}"
35.453,right_hand,og,tilt,,"{""roll_deg"":-4.0,""pitch_deg"":-25.3,""steady"":true}"
35.453,right_hand,og,flick_angles,,"{""side_deg"":-4.1,""fwd_deg"":-15.2}"
35.453,right_hand,og,acc,2468822,"{""seq"":1721,""x_mg"":-184,""y_mg"":12,""z_mg"":952}"
35.453,right_hand,og,tilt,,"{""roll_deg"":-2.4,""pitch_deg"":-24.4,""steady"":true}"
35.453,right_hand,og,flick_angles,,"{""side_deg"":-2.5,""fwd_deg"":-13.4}"
35.484,right_hand,og,acc,2468843,"{""seq"":1722,""x_mg"":-152,""y_mg"":40,""z_mg"":972}"
35.484,right_hand,og,tilt,,"{""roll_deg"":-0.3,""pitch_deg"":-23.1,""steady"":true}"
35.484,right_hand,og,flick_angles,,"{""side_deg"":-0.9,""fwd_deg"":-12.2}"
35.484,right_hand,og,acc,2468863,"{""seq"":1723,""x_mg"":-120,""y_mg"":124,""z_mg"":988}"
35.484,right_hand,og,tilt,,"{""roll_deg"":2.0,""pitch_deg"":-21.4,""steady"":true}"
35.484,right_hand,og,flick_angles,,"{""side_deg"":0.7,""fwd_deg"":-10.5}"
35.515,right_hand,og,acc,2468884,"{""seq"":1724,""x_mg"":-96,""y_mg"":208,""z_mg"":1004}"
35.515,right_hand,og,tilt,,"{""roll_deg"":5.6,""pitch_deg"":-19.3,""steady"":true}"
35.515,right_hand,og,flick_angles,,"{""side_deg"":3.9,""fwd_deg"":-8.7}"
35.547,right_hand,og,acc,2468904,"{""seq"":1725,""x_mg"":-52,""y_mg"":264,""z_mg"":996}"
35.547,right_hand,og,tilt,,"{""roll_deg"":9.9,""pitch_deg"":-17.2,""steady"":true}"
35.547,right_hand,og,flick_angles,,"{""side_deg"":7.8,""fwd_deg"":-7.0}"
35.547,right_hand,og,acc,2468925,"{""seq"":1726,""x_mg"":-12,""y_mg"":304,""z_mg"":988}"
35.547,right_hand,og,tilt,,"{""roll_deg"":14.2,""pitch_deg"":-14.8,""steady"":true}"
35.547,right_hand,og,flick_angles,,"{""side_deg"":11.3,""fwd_deg"":-5.0}"
35.547,right_hand,game,hit,,"{""n"":11,""dir"":""right"",""err_ms"":172}"
35.578,right_hand,og,acc,2468946,"{""seq"":1727,""x_mg"":16,""y_mg"":324,""z_mg"":988}"
35.578,right_hand,og,tilt,,"{""roll_deg"":17.7,""pitch_deg"":-12.3,""steady"":true}"
35.578,right_hand,og,flick_angles,,"{""side_deg"":14.2,""fwd_deg"":-2.8}"
35.594,right_hand,og,acc,2468966,"{""seq"":1728,""x_mg"":16,""y_mg"":336,""z_mg"":960}"
35.594,right_hand,og,tilt,,"{""roll_deg"":20.1,""pitch_deg"":-10.1,""steady"":true}"
35.594,right_hand,og,flick_angles,,"{""side_deg"":16.2,""fwd_deg"":-1.0}"
35.625,right_hand,og,acc,2468987,"{""seq"":1729,""x_mg"":52,""y_mg"":308,""z_mg"":944}"
35.625,right_hand,og,tilt,,"{""roll_deg"":21.5,""pitch_deg"":-8.7,""steady"":true}"
35.625,right_hand,og,flick_angles,,"{""side_deg"":17.2,""fwd_deg"":-0.0}"
35.625,right_hand,og,acc,2469007,"{""seq"":1730,""x_mg"":76,""y_mg"":224,""z_mg"":944}"
35.625,right_hand,og,tilt,,"{""roll_deg"":22.2,""pitch_deg"":-7.0,""steady"":true}"
35.625,right_hand,og,flick_angles,,"{""side_deg"":17.6,""fwd_deg"":1.5}"
35.656,right_hand,og,acc,2469028,"{""seq"":1731,""x_mg"":92,""y_mg"":156,""z_mg"":928}"
35.656,right_hand,og,tilt,,"{""roll_deg"":21.6,""pitch_deg"":-5.4,""steady"":true}"
35.656,right_hand,og,flick_angles,,"{""side_deg"":15.5,""fwd_deg"":3.0}"
35.687,right_hand,og,acc,2469048,"{""seq"":1732,""x_mg"":80,""y_mg"":96,""z_mg"":924}"
35.687,right_hand,og,tilt,,"{""roll_deg"":19.9,""pitch_deg"":-4.3,""steady"":true}"
35.687,right_hand,og,flick_angles,,"{""side_deg"":12.5,""fwd_deg"":4.0}"
35.687,right_hand,og,acc,2469069,"{""seq"":1733,""x_mg"":52,""y_mg"":112,""z_mg"":952}"
35.687,right_hand,og,tilt,,"{""roll_deg"":18.3,""pitch_deg"":-3.6,""steady"":true}"
35.687,right_hand,og,flick_angles,,"{""side_deg"":9.6,""fwd_deg"":4.4}"
35.719,right_hand,og,acc,2469089,"{""seq"":1734,""x_mg"":52,""y_mg"":124,""z_mg"":952}"
35.719,right_hand,og,tilt,,"{""roll_deg"":17.6,""pitch_deg"":-3.6,""steady"":true}"
35.719,right_hand,og,flick_angles,,"{""side_deg"":8.1,""fwd_deg"":3.8}"
35.750,right_hand,og,acc,2469110,"{""seq"":1735,""x_mg"":68,""y_mg"":100,""z_mg"":940}"
35.750,right_hand,og,tilt,,"{""roll_deg"":17.2,""pitch_deg"":-3.6,""steady"":true}"
35.750,right_hand,og,flick_angles,,"{""side_deg"":7.4,""fwd_deg"":3.4}"
35.750,right_hand,og,acc,2469131,"{""seq"":1736,""x_mg"":76,""y_mg"":64,""z_mg"":944}"
35.750,right_hand,og,tilt,,"{""roll_deg"":16.6,""pitch_deg"":-3.6,""steady"":true}"
35.750,right_hand,og,flick_angles,,"{""side_deg"":6.7,""fwd_deg"":3.8}"
35.765,right_hand,og,acc,2469151,"{""seq"":1737,""x_mg"":40,""y_mg"":20,""z_mg"":940}"
35.765,right_hand,og,tilt,,"{""roll_deg"":15.4,""pitch_deg"":-3.5,""steady"":true}"
35.765,right_hand,og,flick_angles,,"{""side_deg"":5.3,""fwd_deg"":3.9}"
35.812,right_hand,og,acc,2469172,"{""seq"":1738,""x_mg"":32,""y_mg"":8,""z_mg"":936}"
35.812,right_hand,og,tilt,,"{""roll_deg"":13.4,""pitch_deg"":-3.5,""steady"":true}"
35.812,right_hand,og,flick_angles,,"{""side_deg"":3.3,""fwd_deg"":3.2}"
35.812,right_hand,og,acc,2469192,"{""seq"":1739,""x_mg"":24,""y_mg"":44,""z_mg"":976}"
35.812,right_hand,og,tilt,,"{""roll_deg"":11.7,""pitch_deg"":-3.5,""steady"":true}"
35.812,right_hand,og,flick_angles,,"{""side_deg"":2.2,""fwd_deg"":2.6}"
35.844,right_hand,og,acc,2469213,"{""seq"":1740,""x_mg"":4,""y_mg"":80,""z_mg"":968}"
35.844,right_hand,og,tilt,,"{""roll_deg"":10.8,""pitch_deg"":-3.6,""steady"":true}"
35.844,right_hand,og,flick_angles,,"{""side_deg"":2.4,""fwd_deg"":2.0}"
35.875,right_hand,og,acc,2469233,"{""seq"":1741,""x_mg"":-32,""y_mg"":92,""z_mg"":1000}"
35.875,right_hand,og,tilt,,"{""roll_deg"":10.8,""pitch_deg"":-4.0,""steady"":true}"
35.875,right_hand,og,flick_angles,,"{""side_deg"":3.6,""fwd_deg"":1.1}"
35.875,right_hand,og,acc,2469254,"{""seq"":1742,""x_mg"":-40,""y_mg"":68,""z_mg"":984}"
35.875,right_hand,og,tilt,,"{""roll_deg"":10.8,""pitch_deg"":-4.3,""steady"":true}"
35.875,right_hand,og,flick_angles,,"{""side_deg"":4.1,""fwd_deg"":-0.4}"
35.906,right_hand,og,acc,2469275,"{""seq"":1743,""x_mg"":-60,""y_mg"":44,""z_mg"":1000}"
35.906,right_hand,og,tilt,,"{""roll_deg"":10.6,""pitch_deg"":-4.8,""steady"":true}"
35.906,right_hand,og,flick_angles,,"{""side_deg"":4.0,""fwd_deg"":-1.3}"
35.906,right_hand,og,acc,2469295,"{""seq"":1744,""x_mg"":-84,""y_mg"":16,""z_mg"":1008}"
35.906,right_hand,og,tilt,,"{""roll_deg"":10.1,""pitch_deg"":-5.5,""steady"":true}"
35.906,right_hand,og,flick_angles,,"{""side_deg"":3.3,""fwd_deg"":-2.4}"
35.937,right_hand,og,acc,2469316,"{""seq"":1745,""x_mg"":-96,""y_mg"":-8,""z_mg"":1012}"
35.937,right_hand,og,tilt,,"{""roll_deg"":9.3,""pitch_deg"":-6.6,""steady"":true}"
35.937,right_hand,og,flick_angles,,"{""side_deg"":2.1,""fwd_deg"":-3.6}"
35.969,right_hand,og,acc,2469336,"{""seq"":1746,""x_mg"":-108,""y_mg"":-24,""z_mg"":1036}"
35.969,right_hand,og,tilt,,"{""roll_deg"":8.3,""pitch_deg"":-7.8,""steady"":true}"
35.969,right_hand,og,flick_angles,,"{""side_deg"":0.8,""fwd_deg"":-4.5}"
36.000,right_hand,og,acc,2469357,"{""seq"":1747,""x_mg"":-128,""y_mg"":-40,""z_mg"":1012}"
36.000,right_hand,og,tilt,,"{""roll_deg"":7.3,""pitch_deg"":-9.0,""steady"":true}"
36.000,right_hand,og,flick_angles,,"{""side_deg"":-0.2,""fwd_deg"":-5.2}"
36.000,right_hand,og,acc,2469377,"{""seq"":1748,""x_mg"":-148,""y_mg"":-24,""z_mg"":1004}"
36.000,right_hand,og,tilt,,"{""roll_deg"":6.6,""pitch_deg"":-10.2,""steady"":true}"
36.000,right_hand,og,flick_angles,,"{""side_deg"":-0.8,""fwd_deg"":-6.2}"
36.031,right_hand,og,acc,2469398,"{""seq"":1749,""x_mg"":-168,""y_mg"":0,""z_mg"":1016}"
36.031,right_hand,og,tilt,,"{""roll_deg"":6.1,""pitch_deg"":-11.5,""steady"":true}"
36.031,right_hand,og,flick_angles,,"{""side_deg"":-1.1,""fwd_deg"":-7.3}"
36.031,right_hand,og,acc,2469419,"{""seq"":1750,""x_mg"":-176,""y_mg"":-32,""z_mg"":1028}"
36.031,right_hand,og,tilt,,"{""roll_deg"":5.7,""pitch_deg"":-12.8,""steady"":true}"
36.031,right_hand,og,flick_angles,,"{""side_deg"":-1.2,""fwd_deg"":-8.3}"
36.078,right_hand,og,acc,2469439,"{""seq"":1751,""x_mg"":-172,""y_mg"":-44,""z_mg"":996}"
36.078,right_hand,og,tilt,,"{""roll_deg"":5.3,""pitch_deg"":-13.8,""steady"":true}"
36.078,right_hand,og,flick_angles,,"{""side_deg"":-1.5,""fwd_deg"":-9.0}"
36.109,right_hand,og,acc,2469460,"{""seq"":1752,""x_mg"":-188,""y_mg"":-64,""z_mg"":988}"
36.109,right_hand,og,tilt,,"{""roll_deg"":4.8,""pitch_deg"":-14.5,""steady"":true}"
36.109,right_hand,og,flick_angles,,"{""side_deg"":-2.0,""fwd_deg"":-9.4}"
36.109,right_hand,og,acc,2469480,"{""seq"":1753,""x_mg"":-184,""y_mg"":-60,""z_mg"":1000}"
36.109,right_hand,og,tilt,,"{""roll_deg"":4.3,""pitch_deg"":-15.2,""steady"":true}"
36.109,right_hand,og,flick_angles,,"{""side_deg"":-2.7,""fwd_deg"":-9.9}"
36.140,right_hand,og,acc,2469501,"{""seq"":1754,""x_mg"":-180,""y_mg"":-36,""z_mg"":996}"
36.140,right_hand,og,tilt,,"{""roll_deg"":3.9,""pitch_deg"":-15.7,""steady"":true}"
36.140,right_hand,og,flick_angles,,"{""side_deg"":-3.0,""fwd_deg"":-10.2}"
36.172,right_hand,og,acc,2469521,"{""seq"":1755,""x_mg"":-200,""y_mg"":-20,""z_mg"":992}"
36.172,right_hand,og,tilt,,"{""roll_deg"":3.9,""pitch_deg"":-16.0,""steady"":true}"
36.172,right_hand,og,flick_angles,,"{""side_deg"":-2.5,""fwd_deg"":-10.3}"
36.172,right_hand,og,acc,2469542,"{""seq"":1756,""x_mg"":-188,""y_mg"":-12,""z_mg"":972}"
36.172,right_hand,og,tilt,,"{""roll_deg"":3.9,""pitch_deg"":-16.3,""steady"":true}"
36.172,right_hand,og,flick_angles,,"{""side_deg"":-1.8,""fwd_deg"":-10.6}"
36.203,right_hand,og,acc,2469563,"{""seq"":1757,""x_mg"":-192,""y_mg"":-20,""z_mg"":992}"
36.203,right_hand,og,tilt,,"{""roll_deg"":3.9,""pitch_deg"":-16.6,""steady"":true}"
36.203,right_hand,og,flick_angles,,"{""side_deg"":-1.5,""fwd_deg"":-10.8}"
36.203,right_hand,og,acc,2469583,"{""seq"":1758,""x_mg"":-188,""y_mg"":-16,""z_mg"":992}"
36.203,right_hand,og,tilt,,"{""roll_deg"":3.9,""pitch_deg"":-16.8,""steady"":true}"
36.203,right_hand,og,flick_angles,,"{""side_deg"":-1.2,""fwd_deg"":-10.9}"
36.234,right_hand,og,acc,2469604,"{""seq"":1759,""x_mg"":-204,""y_mg"":-4,""z_mg"":1004}"
36.234,right_hand,og,tilt,,"{""roll_deg"":3.9,""pitch_deg"":-16.9,""steady"":true}"
36.234,right_hand,og,flick_angles,,"{""side_deg"":-1.1,""fwd_deg"":-10.9}"
36.265,right_hand,og,acc,2469624,"{""seq"":1760,""x_mg"":-216,""y_mg"":-4,""z_mg"":1016}"
36.265,right_hand,og,tilt,,"{""roll_deg"":3.9,""pitch_deg"":-17.1,""steady"":true}"
36.265,right_hand,og,flick_angles,,"{""side_deg"":-0.6,""fwd_deg"":-11.2}"
36.297,right_hand,og,acc,2469645,"{""seq"":1761,""x_mg"":-204,""y_mg"":-12,""z_mg"":1004}"
36.297,right_hand,og,tilt,,"{""roll_deg"":3.9,""pitch_deg"":-17.3,""steady"":true}"
36.297,right_hand,og,flick_angles,,"{""side_deg"":-0.4,""fwd_deg"":-11.3}"
36.297,right_hand,og,acc,2469665,"{""seq"":1762,""x_mg"":-196,""y_mg"":-8,""z_mg"":1020}"
36.297,right_hand,og,tilt,,"{""roll_deg"":4.0,""pitch_deg"":-17.4,""steady"":true}"
36.297,right_hand,og,flick_angles,,"{""side_deg"":-0.4,""fwd_deg"":-11.4}"
36.328,right_hand,og,acc,2469686,"{""seq"":1763,""x_mg"":-200,""y_mg"":4,""z_mg"":1028}"
36.328,right_hand,og,tilt,,"{""roll_deg"":4.1,""pitch_deg"":-17.4,""steady"":true}"
36.328,right_hand,og,flick_angles,,"{""side_deg"":-0.4,""fwd_deg"":-11.2}"
36.328,right_hand,og,acc,2469707,"{""seq"":1764,""x_mg"":-204,""y_mg"":0,""z_mg"":1024}"
36.328,right_hand,og,tremor,,"{""rms_mg"":31.9,""peak_hz"":4.7}"
36.328,right_hand,og,tilt,,"{""roll_deg"":4.1,""pitch_deg"":-17.4,""steady"":true}"
36.328,right_hand,og,flick_angles,,"{""side_deg"":-0.2,""fwd_deg"":-11.1}"
36.359,right_hand,og,acc,2469727,"{""seq"":1765,""x_mg"":-184,""y_mg"":-8,""z_mg"":1024}"
36.359,right_hand,og,tilt,,"{""roll_deg"":4.2,""pitch_deg"":-17.4,""steady"":true}"
36.359,right_hand,og,flick_angles,,"{""side_deg"":-0.1,""fwd_deg"":-11.1}"
36.390,right_hand,og,acc,2469748,"{""seq"":1766,""x_mg"":-176,""y_mg"":-8,""z_mg"":1036}"
36.390,right_hand,og,tilt,,"{""roll_deg"":4.2,""pitch_deg"":-17.4,""steady"":true}"
36.390,right_hand,og,flick_angles,,"{""side_deg"":-0.3,""fwd_deg"":-10.6}"
36.390,right_hand,og,acc,2469768,"{""seq"":1767,""x_mg"":-172,""y_mg"":-8,""z_mg"":1032}"
36.390,right_hand,og,tilt,,"{""roll_deg"":4.3,""pitch_deg"":-17.4,""steady"":true}"
36.390,right_hand,og,flick_angles,,"{""side_deg"":-0.4,""fwd_deg"":-10.1}"
36.422,right_hand,og,acc,2469789,"{""seq"":1768,""x_mg"":-180,""y_mg"":16,""z_mg"":1052}"
36.422,right_hand,og,tilt,,"{""roll_deg"":4.3,""pitch_deg"":-17.4,""steady"":true}"
36.422,right_hand,og,flick_angles,,"{""side_deg"":-0.4,""fwd_deg"":-9.9}"
36.453,right_hand,og,acc,2469809,"{""seq"":1769,""x_mg"":-184,""y_mg"":44,""z_mg"":1080}"
36.453,right_hand,og,tilt,,"{""roll_deg"":4.5,""pitch_deg"":-17.4,""steady"":true}"
36.453,right_hand,og,flick_angles,,"{""side_deg"":0.2,""fwd_deg"":-9.8}"
36.453,right_hand,og,acc,2469830,"{""seq"":1770,""x_mg"":-188,""y_mg"":24,""z_mg"":1092}"
36.453,right_hand,og,tilt,,"{""roll_deg"":4.7,""pitch_deg"":-17.4,""steady"":true}"
36.453,right_hand,og,flick_angles,,"{""side_deg"":0.7,""fwd_deg"":-9.7}"
36.484,right_hand,og,acc,2469851,"{""seq"":1771,""x_mg"":-160,""y_mg"":-32,""z_mg"":1088}"
36.484,right_hand,og,tilt,,"{""roll_deg"":5.0,""pitch_deg"":-17.4,""steady"":true}"
36.484,right_hand,og,flick_angles,,"{""side_deg"":1.0,""fwd_deg"":-9.7}"
36.515,right_hand,og,acc,2469871,"{""seq"":1772,""x_mg"":-152,""y_mg"":-40,""z_mg"":1092}"
36.515,right_hand,og,tilt,,"{""roll_deg"":5.0,""pitch_deg"":-17.4,""steady"":true}"
36.515,right_hand,og,flick_angles,,"{""side_deg"":-0.3,""fwd_deg"":-9.0}"
36.515,right_hand,og,acc,2469892,"{""seq"":1773,""x_mg"":-152,""y_mg"":20,""z_mg"":1076}"
36.515,right_hand,og,tilt,,"{""roll_deg"":5.0,""pitch_deg"":-17.2,""steady"":true}"
36.515,right_hand,og,flick_angles,,"{""side_deg"":-1.0,""fwd_deg"":-8.5}"
36.547,right_hand,og,acc,2469912,"{""seq"":1774,""x_mg"":-140,""y_mg"":20,""z_mg"":1096}"
36.547,right_hand,og,tilt,,"{""roll_deg"":5.0,""pitch_deg"":-17.0,""steady"":true}"
36.547,right_hand,og,flick_angles,,"{""side_deg"":0.0,""fwd_deg"":-8.2}"
36.578,right_hand,og,acc,2469933,"{""seq"":1775,""x_mg"":-136,""y_mg"":-8,""z_mg"":1104}"
36.578,right_hand,og,tilt,,"{""roll_deg"":5.0,""pitch_deg"":-16.6,""steady"":true}"
36.578,right_hand,og,flick_angles,,"{""side_deg"":0.5,""fwd_deg"":-7.8}"
36.578,right_hand,og,acc,2469953,"{""seq"":1776,""x_mg"":-136,""y_mg"":-36,""z_mg"":1108}"
36.578,right_hand,og,tilt,,"{""roll_deg"":5.0,""pitch_deg"":-16.2,""steady"":true}"
36.578,right_hand,og,flick_angles,,"{""side_deg"":0.1,""fwd_deg"":-7.4}"
36.594,right_hand,og,acc,2469974,"{""seq"":1777,""x_mg"":-108,""y_mg"":-36,""z_mg"":1124}"
36.594,right_hand,og,tilt,,"{""roll_deg"":5.0,""pitch_deg"":-15.9,""steady"":true}"
36.594,right_hand,og,flick_angles,,"{""side_deg"":-0.9,""fwd_deg"":-7.2}"
36.625,right_hand,og,acc,2469995,"{""seq"":1778,""x_mg"":-92,""y_mg"":-16,""z_mg"":1140}"
36.625,right_hand,og,tilt,,"{""roll_deg"":5.0,""pitch_deg"":-15.3,""steady"":true}"
36.625,right_hand,og,flick_angles,,"{""side_deg"":-1.4,""fwd_deg"":-6.3}"
36.656,right_hand,og,acc,2470015,"{""seq"":1779,""x_mg"":-76,""y_mg"":-20,""z_mg"":1104}"
36.656,right_hand,og,tilt,,"{""roll_deg"":5.0,""pitch_deg"":-14.6,""steady"":true}"
36.656,right_hand,og,flick_angles,,"{""side_deg"":-1.2,""fwd_deg"":-5.5}"
36.656,right_hand,og,acc,2470036,"{""seq"":1780,""x_mg"":-64,""y_mg"":-60,""z_mg"":1116}"
36.656,right_hand,og,tilt,,"{""roll_deg"":5.0,""pitch_deg"":-13.8,""steady"":true}"
36.656,right_hand,og,flick_angles,,"{""side_deg"":-1.1,""fwd_deg"":-4.7}"
36.687,right_hand,og,acc,2470056,"{""seq"":1781,""x_mg"":-32,""y_mg"":-68,""z_mg"":1116}"
36.687,right_hand,og,tilt,,"{""roll_deg"":5.0,""pitch_deg"":-13.0,""steady"":true}"
36.687,right_hand,og,flick_angles,,"{""side_deg"":-2.1,""fwd_deg"":-4.0}"
36.687,right_hand,og,acc,2470077,"{""seq"":1782,""x_mg"":20,""y_mg"":-68,""z_mg"":1064}"
36.687,right_hand,og,tilt,,"{""roll_deg"":4.8,""pitch_deg"":-11.9,""steady"":true}"
36.687,right_hand,og,flick_angles,,"{""side_deg"":-2.8,""fwd_deg"":-2.8}"
36.719,right_hand,og,acc,2470097,"{""seq"":1783,""x_mg"":112,""y_mg"":-84,""z_mg"":1000}"
36.719,right_hand,og,tilt,,"{""roll_deg"":4.5,""pitch_deg"":-10.3,""steady"":true}"
36.719,right_hand,og,flick_angles,,"{""side_deg"":-3.2,""fwd_deg"":-0.9}"
36.750,right_hand,og,acc,2470118,"{""seq"":1784,""x_mg"":140,""y_mg"":-84,""z_mg"":984}"
36.750,right_hand,og,tilt,,"{""roll_deg"":3.9,""pitch_deg"":-7.1,""steady"":true}"
36.750,right_hand,og,flick_angles,,"{""side_deg"":-4.0,""fwd_deg"":2.7}"
36.750,right_hand,og,acc,2470138,"{""seq"":1785,""x_mg"":164,""y_mg"":-56,""z_mg"":924}"
36.750,right_hand,og,tilt,,"{""roll_deg"":3.4,""pitch_deg"":-4.3,""steady"":true}"
36.750,right_hand,og,flick_angles,,"{""side_deg"":-4.4,""fwd_deg"":5.4}"
36.781,right_hand,og,acc,2470159,"{""seq"":1786,""x_mg"":228,""y_mg"":-52,""z_mg"":848}"
36.781,right_hand,og,tilt,,"{""roll_deg"":3.2,""pitch_deg"":-1.6,""steady"":true}"
36.781,right_hand,og,flick_angles,,"{""side_deg"":-3.9,""fwd_deg"":7.7}"
36.781,right_hand,game,hit,,"{""n"":12,""dir"":""up"",""err_ms"":-94}"
36.812,right_hand,og,acc,2470180,"{""seq"":1787,""x_mg"":316,""y_mg"":-48,""z_mg"":848}"
36.812,right_hand,og,tilt,,"{""roll_deg"":3.1,""pitch_deg"":2.3,""steady"":true}"
36.812,right_hand,og,flick_angles,,"{""side_deg"":-3.6,""fwd_deg"":11.4}"
36.812,right_hand,og,acc,2470200,"{""seq"":1788,""x_mg"":368,""y_mg"":-24,""z_mg"":804}"
36.812,right_hand,og,tilt,,"{""roll_deg"":3.1,""pitch_deg"":6.9,""steady"":true}"
36.812,right_hand,og,flick_angles,,"{""side_deg"":-3.3,""fwd_deg"":15.9}"
36.844,right_hand,og,acc,2470221,"{""seq"":1789,""x_mg"":392,""y_mg"":-24,""z_mg"":752}"
36.844,right_hand,og,tilt,,"{""roll_deg"":3.1,""pitch_deg"":11.7,""steady"":true}"
36.844,right_hand,og,flick_angles,,"{""side_deg"":-2.5,""fwd_deg"":20.2}"
36.875,right_hand,og,acc,2470241,"{""seq"":1790,""x_mg"":440,""y_mg"":-44,""z_mg"":740}"
36.875,right_hand,og,tilt,,"{""roll_deg"":3.1,""pitch_deg"":15.7,""steady"":true}"
36.875,right_hand,og,flick_angles,,"{""side_deg"":-2.1,""fwd_deg"":23.9}"
36.906,right_hand,og,acc,2470262,"{""seq"":1791,""x_mg"":476,""y_mg"":-80,""z_mg"":704}"
36.906,right_hand,og,tilt,,"{""roll_deg"":3.1,""pitch_deg"":19.4,""steady"":true}"
36.906,right_hand,og,flick_angles,,"{""side_deg"":-2.5,""fwd_deg"":27.3}"
36.906,right_hand,og,acc,2470282,"{""seq"":1792,""x_mg"":516,""y_mg"":-100,""z_mg"":704}"
36.906,right_hand,og,tilt,,"{""roll_deg"":3.0,""pitch_deg"":22.8,""steady"":true}"
36.906,right_hand,og,flick_angles,,"{""side_deg"":-3.9,""fwd_deg"":30.6}"
36.937,right_hand,og,acc,2470303,"{""seq"":1793,""x_mg"":572,""y_mg"":-152,""z_mg"":636}"
36.937,right_hand,og,tilt,,"{""roll_deg"":2.3,""pitch_deg"":25.6,""steady"":true}"
36.937,right_hand,og,flick_angles,,"{""side_deg"":-5.2,""fwd_deg"":33.3}"
36.969,right_hand,og,acc,2470324,"{""seq"":1794,""x_mg"":624,""y_mg"":-144,""z_mg"":604}"
36.969,right_hand,og,tilt,,"{""roll_deg"":1.1,""pitch_deg"":29.7,""steady"":true}"
36.969,right_hand,og,flick_angles,,"{""side_deg"":-7.3,""fwd_deg"":37.2}"
36.969,right_hand,og,acc,2470344,"{""seq"":1795,""x_mg"":632,""y_mg"":-108,""z_mg"":600}"
36.969,right_hand,og,tilt,,"{""roll_deg"":0.0,""pitch_deg"":33.6,""steady"":true}"
36.969,right_hand,og,flick_angles,,"{""side_deg"":-8.4,""fwd_deg"":41.2}"
37.000,right_hand,og,acc,2470365,"{""seq"":1796,""x_mg"":672,""y_mg"":-108,""z_mg"":548}"
37.000,right_hand,og,tilt,,"{""roll_deg"":-0.3,""pitch_deg"":36.1,""steady"":true}"
37.000,right_hand,og,flick_angles,,"{""side_deg"":-7.7,""fwd_deg"":43.6}"
37.031,right_hand,og,acc,2470385,"{""seq"":1797,""x_mg"":716,""y_mg"":-140,""z_mg"":512}"
37.031,right_hand,og,tilt,,"{""roll_deg"":-0.4,""pitch_deg"":39.4,""steady"":true}"
37.031,right_hand,og,flick_angles,,"{""side_deg"":-7.4,""fwd_deg"":46.9}"
37.031,right_hand,og,acc,2470406,"{""seq"":1798,""x_mg"":748,""y_mg"":-184,""z_mg"":464}"
37.031,right_hand,og,tilt,,"{""roll_deg"":-1.1,""pitch_deg"":42.7,""steady"":true}"
37.031,right_hand,og,flick_angles,,"{""side_deg"":-8.2,""fwd_deg"":50.2}"
37.062,right_hand,og,acc,2470426,"{""seq"":1799,""x_mg"":748,""y_mg"":-176,""z_mg"":468}"
37.062,right_hand,og,tilt,,"{""roll_deg"":-2.1,""pitch_deg"":45.7,""steady"":true}"
37.062,right_hand,og,flick_angles,,"{""side_deg"":-9.8,""fwd_deg"":53.2}"
37.094,right_hand,og,acc,2470447,"{""seq"":1800,""x_mg"":748,""y_mg"":-160,""z_mg"":480}"
37.094,right_hand,og,tilt,,"{""roll_deg"":-3.0,""pitch_deg"":47.2,""steady"":true}"
37.094,right_hand,og,flick_angles,,"{""side_deg"":-10.5,""fwd_deg"":54.7}"
37.094,right_hand,og,acc,2470468,"{""seq"":1801,""x_mg"":756,""y_mg"":-140,""z_mg"":480}"
37.094,right_hand,og,tilt,,"{""roll_deg"":-3.3,""pitch_deg"":48.0,""steady"":true}"
37.094,right_hand,og,flick_angles,,"{""side_deg"":-10.4,""fwd_deg"":55.5}"
37.125,right_hand,og,acc,2470488,"{""seq"":1802,""x_mg"":744,""y_mg"":-140,""z_mg"":488}"
37.125,right_hand,og,tilt,,"{""roll_deg"":-3.3,""pitch_deg"":48.3,""steady"":true}"
37.125,right_hand,og,flick_angles,,"{""side_deg"":-9.7,""fwd_deg"":55.7}"
37.156,right_hand,og,acc,2470509,"{""seq"":1803,""x_mg"":736,""y_mg"":-164,""z_mg"":524}"
37.156,right_hand,og,tilt,,"{""roll_deg"":-3.3,""pitch_deg"":48.4,""steady"":true}"
37.156,right_hand,og,flick_angles,,"{""side_deg"":-9.3,""fwd_deg"":55.7}"
37.156,right_hand,og,acc,2470529,"{""seq"":1804,""x_mg"":716,""y_mg"":-196,""z_mg"":556}"
37.156,right_hand,og,tilt,,"{""roll_deg"":-3.4,""pitch_deg"":48.4,""steady"":true}"
37.156,right_hand,og,flick_angles,,"{""side_deg"":-9.8,""fwd_deg"":54.5}"
37.187,right_hand,og,acc,2470550,"{""seq"":1805,""x_mg"":664,""y_mg"":-152,""z_mg"":664}"
37.187,right_hand,og,tilt,,"{""roll_deg"":-3.6,""pitch_deg"":47.1,""steady"":true}"
37.187,right_hand,og,flick_angles,,"{""side_deg"":-10.0,""fwd_deg"":52.5}"
37.219,right_hand,og,acc,2470570,"{""seq"":1806,""x_mg"":644,""y_mg"":-112,""z_mg"":700}"
37.219,right_hand,og,tilt,,"{""roll_deg"":-3.6,""pitch_deg"":45.2,""steady"":true}"
37.219,right_hand,og,flick_angles,,"{""side_deg"":-9.6,""fwd_deg"":48.4}"
37.219,right_hand,og,acc,2470591,"{""seq"":1807,""x_mg"":600,""y_mg"":-172,""z_mg"":660}"
37.219,right_hand,og,tilt,,"{""roll_deg"":-3.6,""pitch_deg"":44.4,""steady"":true}"
37.219,right_hand,og,flick_angles,,"{""side_deg"":-9.4,""fwd_deg"":45.3}"
37.250,right_hand,og,acc,2470612,"{""seq"":1808,""x_mg"":584,""y_mg"":-232,""z_mg"":668}"
37.250,right_hand,og,tilt,,"{""roll_deg"":-3.7,""pitch_deg"":43.0,""steady"":true}"
37.250,right_hand,og,flick_angles,,"{""side_deg"":-10.2,""fwd_deg"":43.3}"
37.250,right_hand,og,acc,2470632,"{""seq"":1809,""x_mg"":560,""y_mg"":-208,""z_mg"":744}"
37.250,right_hand,og,tilt,,"{""roll_deg"":-4.3,""pitch_deg"":40.8,""steady"":true}"
37.250,right_hand,og,flick_angles,,"{""side_deg"":-11.4,""fwd_deg"":41.4}"
37.281,right_hand,og,acc,2470653,"{""seq"":1810,""x_mg"":524,""y_mg"":-116,""z_mg"":752}"
37.281,right_hand,og,tilt,,"{""roll_deg"":-4.7,""pitch_deg"":37.3,""steady"":true}"
37.281,right_hand,og,flick_angles,,"{""side_deg"":-12.0,""fwd_deg"":38.7}"
37.312,right_hand,og,acc,2470673,"{""seq"":1811,""x_mg"":484,""y_mg"":-108,""z_mg"":744}"
37.312,right_hand,og,tilt,,"{""roll_deg"":-4.7,""pitch_deg"":34.2,""steady"":true}"
37.312,right_hand,og,flick_angles,,"{""side_deg"":-9.6,""fwd_deg"":36.6}"
37.312,right_hand,og,acc,2470694,"{""seq"":1812,""x_mg"":452,""y_mg"":-148,""z_mg"":756}"
37.312,right_hand,og,tilt,,"{""roll_deg"":-4.7,""pitch_deg"":31.3,""steady"":true}"
37.312,right_hand,og,flick_angles,,"{""side_deg"":-8.4,""fwd_deg"":34.7}"
37.344,right_hand,og,acc,2470714,"{""seq"":1813,""x_mg"":408,""y_mg"":-152,""z_mg"":892}"
37.344,right_hand,og,tilt,,"{""roll_deg"":-4.6,""pitch_deg"":28.5,""steady"":true}"
37.344,right_hand,og,flick_angles,,"{""side_deg"":-8.6,""fwd_deg"":32.5}"
37.375,right_hand,og,acc,2470735,"{""seq"":1814,""x_mg"":352,""y_mg"":-60,""z_mg"":944}"
37.375,right_hand,og,tilt,,"{""roll_deg"":-4.5,""pitch_deg"":24.0,""steady"":true}"
37.375,right_hand,og,flick_angles,,"{""side_deg"":-8.7,""fwd_deg"":28.4}"
37.375,right_hand,og,acc,2470755,"{""seq"":1815,""x_mg"":356,""y_mg"":-112,""z_mg"":968}"
37.375,right_hand,og,tilt,,"{""roll_deg"":-4.2,""pitch_deg"":19.7,""steady"":true}"
37.375,right_hand,og,flick_angles,,"{""side_deg"":-7.5,""fwd_deg"":24.4}"
37.406,right_hand,og,acc,2470776,"{""seq"":1816,""x_mg"":320,""y_mg"":-124,""z_mg"":1020}"
37.406,right_hand,og,tilt,,"{""roll_deg"":-3.8,""pitch_deg"":17.0,""steady"":true}"
37.406,right_hand,og,flick_angles,,"{""side_deg"":-6.8,""fwd_deg"":22.2}"
37.437,right_hand,og,acc,2470797,"{""seq"":1817,""x_mg"":276,""y_mg"":-48,""z_mg"":1088}"
37.437,right_hand,og,tilt,,"{""roll_deg"":-3.4,""pitch_deg"":14.3,""steady"":true}"
37.437,right_hand,og,flick_angles,,"{""side_deg"":-6.5,""fwd_deg"":19.8}"
37.437,right_hand,og,acc,2470817,"{""seq"":1818,""x_mg"":256,""y_mg"":-20,""z_mg"":1076}"
37.437,right_hand,og,tilt,,"{""roll_deg"":-2.2,""pitch_deg"":11.4,""steady"":true}"
37.437,right_hand,og,flick_angles,,"{""side_deg"":-4.5,""fwd_deg"":17.0}"
37.469,right_hand,og,acc,2470838,"{""seq"":1819,""x_mg"":264,""y_mg"":-32,""z_mg"":1072}"
37.469,right_hand,og,tilt,,"{""roll_deg"":-0.8,""pitch_deg"":9.7,""steady"":true}"
37.469,right_hand,og,flick_angles,,"{""side_deg"":-3.1,""fwd_deg"":15.4}"
37.500,right_hand,og,acc,2470858,"{""seq"":1820,""x_mg"":252,""y_mg"":-40,""z_mg"":1104}"
37.500,right_hand,og,tilt,,"{""roll_deg"":0.3,""pitch_deg"":8.5,""steady"":true}"
37.500,right_hand,og,flick_angles,,"{""side_deg"":-2.4,""fwd_deg"":14.4}"
37.500,right_hand,og,acc,2470879,"{""seq"":1821,""x_mg"":240,""y_mg"":-48,""z_mg"":1088}"
37.500,right_hand,og,tilt,,"{""roll_deg"":1.0,""pitch_deg"":7.7,""steady"":true}"
37.500,right_hand,og,flick_angles,,"{""side_deg"":-2.2,""fwd_deg"":13.6}"
37.531,right_hand,og,acc,2470899,"{""seq"":1822,""x_mg"":232,""y_mg"":-36,""z_mg"":1084}"
37.531,right_hand,og,tilt,,"{""roll_deg"":1.6,""pitch_deg"":7.0,""steady"":true}"
37.531,right_hand,og,flick_angles,,"{""side_deg"":-2.1,""fwd_deg"":13.0}"
37.562,right_hand,og,acc,2470920,"{""seq"":1823,""x_mg"":224,""y_mg"":-44,""z_mg"":1088}"
37.562,right_hand,og,tilt,,"{""roll_deg"":1.9,""pitch_deg"":6.5,""steady"":true}"
37.562,right_hand,og,flick_angles,,"{""side_deg"":-2.2,""fwd_deg"":12.5}"
37.562,right_hand,og,acc,2470941,"{""seq"":1824,""x_mg"":232,""y_mg"":-36,""z_mg"":1068}"
37.562,right_hand,og,tilt,,"{""roll_deg"":2.2,""pitch_deg"":6.2,""steady"":true}"
37.562,right_hand,og,flick_angles,,"{""side_deg"":-2.0,""fwd_deg"":12.3}"
37.594,right_hand,og,acc,2470961,"{""seq"":1825,""x_mg"":244,""y_mg"":-32,""z_mg"":1060}"
37.594,right_hand,og,tilt,,"{""roll_deg"":2.5,""pitch_deg"":6.1,""steady"":true}"
37.594,right_hand,og,flick_angles,,"{""side_deg"":-2.0,""fwd_deg"":12.3}"
37.625,right_hand,og,acc,2470982,"{""seq"":1826,""x_mg"":236,""y_mg"":-48,""z_mg"":1036}"
37.625,right_hand,og,tilt,,"{""roll_deg"":2.7,""pitch_deg"":6.1,""steady"":true}"
37.625,right_hand,og,flick_angles,,"{""side_deg"":-1.9,""fwd_deg"":12.6}"
37.625,right_hand,og,acc,2471002,"{""seq"":1827,""x_mg"":248,""y_mg"":-36,""z_mg"":1016}"
37.625,right_hand,og,tilt,,"{""roll_deg"":2.8,""pitch_deg"":6.1,""steady"":true}"
37.625,right_hand,og,flick_angles,,"{""side_deg"":-1.9,""fwd_deg"":12.8}"
37.656,right_hand,og,acc,2471023,"{""seq"":1828,""x_mg"":248,""y_mg"":-40,""z_mg"":1000}"
37.656,right_hand,og,tilt,,"{""roll_deg"":2.8,""pitch_deg"":6.1,""steady"":true}"
37.656,right_hand,og,flick_angles,,"{""side_deg"":-2.1,""fwd_deg"":13.2}"
37.656,right_hand,og,acc,2471043,"{""seq"":1829,""x_mg"":268,""y_mg"":-44,""z_mg"":976}"
37.656,right_hand,og,tilt,,"{""roll_deg"":2.8,""pitch_deg"":6.1,""steady"":true}"
37.656,right_hand,og,flick_angles,,"{""side_deg"":-2.2,""fwd_deg"":13.6}"
37.687,right_hand,og,acc,2471064,"{""seq"":1830,""x_mg"":284,""y_mg"":-68,""z_mg"":956}"
37.687,right_hand,og,tilt,,"{""roll_deg"":2.8,""pitch_deg"":6.4,""steady"":true}"
37.687,right_hand,og,flick_angles,,"{""side_deg"":-2.3,""fwd_deg"":14.5}"
37.719,right_hand,og,acc,2471085,"{""seq"":1831,""x_mg"":288,""y_mg"":-52,""z_mg"":936}"
37.719,right_hand,og,tilt,,"{""roll_deg"":2.8,""pitch_deg"":6.8,""steady"":true}"
37.719,right_hand,og,flick_angles,,"{""side_deg"":-2.7,""fwd_deg"":15.5}"
37.719,right_hand,og,acc,2471105,"{""seq"":1832,""x_mg"":300,""y_mg"":-44,""z_mg"":936}"
37.719,right_hand,og,tilt,,"{""roll_deg"":2.8,""pitch_deg"":7.2,""steady"":true}"
37.719,right_hand,og,flick_angles,,"{""side_deg"":-2.9,""fwd_deg"":16.3}"
37.765,right_hand,og,acc,2471126,"{""seq"":1833,""x_mg"":296,""y_mg"":-44,""z_mg"":912}"
37.765,right_hand,og,tilt,,"{""roll_deg"":2.8,""pitch_deg"":7.4,""steady"":true}"
37.765,right_hand,og,flick_angles,,"{""side_deg"":-2.7,""fwd_deg"":17.0}"
37.781,right_hand,og,acc,2471146,"{""seq"":1834,""x_mg"":300,""y_mg"":-68,""z_mg"":912}"
37.781,right_hand,og,tilt,,"{""roll_deg"":2.8,""pitch_deg"":7.7,""steady"":true}"
37.781,right_hand,og,flick_angles,,"{""side_deg"":-2.7,""fwd_deg"":17.5}"
37.781,right_hand,og,acc,2471167,"{""seq"":1835,""x_mg"":312,""y_mg"":-80,""z_mg"":920}"
37.781,right_hand,og,tilt,,"{""roll_deg"":2.8,""pitch_deg"":8.1,""steady"":true}"
37.781,right_hand,og,flick_angles,,"{""side_deg"":-3.4,""fwd_deg"":17.8}"
37.828,right_hand,og,acc,2471187,"{""seq"":1836,""x_mg"":316,""y_mg"":-44,""z_mg"":920}"
37.828,right_hand,og,tilt,,"{""roll_deg"":2.8,""pitch_deg"":8.7,""steady"":true}"
37.828,right_hand,og,flick_angles,,"{""side_deg"":-3.7,""fwd_deg"":18.2}"
37.844,right_hand,og,acc,2471208,"{""seq"":1837,""x_mg"":320,""y_mg"":-36,""z_mg"":912}"
37.844,right_hand,og,tilt,,"{""roll_deg"":2.8,""pitch_deg"":9.2,""steady"":true}"
37.844,right_hand,og,flick_angles,,"{""side_deg"":-3.1,""fwd_deg"":18.6}"
37.875,right_hand,og,acc,2471229,"{""seq"":1838,""x_mg"":332,""y_mg"":-36,""z_mg"":912}"
37.875,right_hand,og,tilt,,"{""roll_deg"":2.8,""pitch_deg"":9.8,""steady"":true}"
37.875,right_hand,og,flick_angles,,"{""side_deg"":-2.6,""fwd_deg"":19.0}"
37.875,right_hand,og,acc,2471249,"{""seq"":1839,""x_mg"":320,""y_mg"":-32,""z_mg"":936}"
37.875,right_hand,og,tilt,,"{""roll_deg"":2.8,""pitch_deg"":10.3,""steady"":true}"
37.875,right_hand,og,flick_angles,,"{""side_deg"":-2.4,""fwd_deg"":19.1}"
37.906,right_hand,og,acc,2471270,"{""seq"":1840,""x_mg"":312,""y_mg"":-28,""z_mg"":932}"
37.906,right_hand,og,tilt,,"{""roll_deg"":2.8,""pitch_deg"":10.6,""steady"":true}"
37.906,right_hand,og,flick_angles,,"{""side_deg"":-2.1,""fwd_deg"":19.0}"
37.937,right_hand,og,acc,2471290,"{""seq"":1841,""x_mg"":324,""y_mg"":-24,""z_mg"":940}"
37.937,right_hand,og,tilt,,"{""roll_deg"":2.8,""pitch_deg"":10.8,""steady"":true}"
37.937,right_hand,og,flick_angles,,"{""side_deg"":-1.9,""fwd_deg"":18.9}"
37.937,right_hand,og,acc,2471311,"{""seq"":1842,""x_mg"":332,""y_mg"":-4,""z_mg"":956}"
37.937,right_hand,og,tilt,,"{""roll_deg"":2.8,""pitch_deg"":11.0,""steady"":true}"
37.937,right_hand,og,flick_angles,,"{""side_deg"":-1.6,""fwd_deg"":19.0}"
37.969,right_hand,og,acc,2471331,"{""seq"":1843,""x_mg"":328,""y_mg"":16,""z_mg"":944}"
37.969,right_hand,og,tilt,,"{""roll_deg"":3.1,""pitch_deg"":11.2,""steady"":true}"
37.969,right_hand,og,flick_angles,,"{""side_deg"":-0.9,""fwd_deg"":19.1}"
38.000,right_hand,og,acc,2471352,"{""seq"":1844,""x_mg"":352,""y_mg"":24,""z_mg"":932}"
38.000,right_hand,og,tilt,,"{""roll_deg"":3.5,""pitch_deg"":11.3,""steady"":true}"
38.000,right_hand,og,flick_angles,,"{""side_deg"":-0.0,""fwd_deg"":19.1}"
38.000,right_hand,og,acc,2471373,"{""seq"":1845,""x_mg"":368,""y_mg"":52,""z_mg"":932}"
38.000,right_hand,og,tilt,,"{""roll_deg"":4.1,""pitch_deg"":11.7,""steady"":true}"
38.000,right_hand,og,flick_angles,,"{""side_deg"":0.7,""fwd_deg"":19.9}"
38.031,right_hand,og,acc,2471393,"{""seq"":1846,""x_mg"":348,""y_mg"":52,""z_mg"":932}"
38.031,right_hand,og,tilt,,"{""roll_deg"":4.9,""pitch_deg"":12.1,""steady"":true}"
38.031,right_hand,og,flick_angles,,"{""side_deg"":1.8,""fwd_deg"":20.3}"
38.062,right_hand,og,acc,2471414,"{""seq"":1847,""x_mg"":380,""y_mg"":40,""z_mg"":920}"
38.062,right_hand,og,tilt,,"{""roll_deg"":5.6,""pitch_deg"":12.5,""steady"":true}"
38.062,right_hand,og,flick_angles,,"{""side_deg"":2.4,""fwd_deg"":20.9}"
38.062,right_hand,og,acc,2471434,"{""seq"":1848,""x_mg"":436,""y_mg"":88,""z_mg"":888}"
38.062,right_hand,og,tilt,,"{""roll_deg"":6.2,""pitch_deg"":13.1,""steady"":true}"
38.062,right_hand,og,flick_angles,,"{""side_deg"":2.7,""fwd_deg"":21.7}"
38.094,right_hand,og,acc,2471455,"{""seq"":1849,""x_mg"":432,""y_mg"":108,""z_mg"":896}"
38.094,right_hand,og,tilt,,"{""roll_deg"":7.2,""pitch_deg"":14.4,""steady"":true}"
38.094,right_hand,og,flick_angles,,"{""side_deg"":3.9,""fwd_deg"":23.6}"
38.125,right_hand,og,acc,2471475,"{""seq"":1850,""x_mg"":384,""y_mg"":120,""z_mg"":892}"
38.125,right_hand,og,tilt,,"{""roll_deg"":8.3,""pitch_deg"":15.4,""steady"":true}"
38.125,right_hand,og,flick_angles,,"{""side_deg"":5.0,""fwd_deg"":24.6}"
38.125,right_hand,og,acc,2471496,"{""seq"":1851,""x_mg"":360,""y_mg"":104,""z_mg"":860}"
38.125,right_hand,og,tilt,,"{""roll_deg"":9.2,""pitch_deg"":15.5,""steady"":true}"
38.125,right_hand,og,flick_angles,,"{""side_deg"":5.7,""fwd_deg"":23.9}"
38.156,right_hand,og,acc,2471516,"{""seq"":1852,""x_mg"":352,""y_mg"":100,""z_mg"":880}"
38.156,right_hand,og,tilt,,"{""roll_deg"":9.8,""pitch_deg"":15.5,""steady"":true}"
38.156,right_hand,og,flick_angles,,"{""side_deg"":6.0,""fwd_deg"":23.2}"
38.156,right_hand,og,acc,2471537,"{""seq"":1853,""x_mg"":336,""y_mg"":88,""z_mg"":908}"
38.156,right_hand,og,tilt,,"{""roll_deg"":10.2,""pitch_deg"":15.5,""steady"":true}"
38.156,right_hand,og,flick_angles,,"{""side_deg"":6.0,""fwd_deg"":22.4}"
38.187,right_hand,og,acc,2471558,"{""seq"":1854,""x_mg"":312,""y_mg"":92,""z_mg"":900}"
38.187,right_hand,og,tilt,,"{""roll_deg"":10.3,""pitch_deg"":15.5,""steady"":true}"
38.187,right_hand,og,flick_angles,,"{""side_deg"":5.8,""fwd_deg"":21.3}"
38.219,right_hand,og,acc,2471578,"{""seq"":1855,""x_mg"":244,""y_mg"":120,""z_mg"":912}"
38.219,right_hand,og,tilt,,"{""roll_deg"":10.4,""pitch_deg"":15.3,""steady"":true}"
38.219,right_hand,og,flick_angles,,"{""side_deg"":5.6,""fwd_deg"":20.2}"
38.219,right_hand,og,acc,2471599,"{""seq"":1856,""x_mg"":188,""y_mg"":52,""z_mg"":944}"
38.219,right_hand,og,tilt,,"{""roll_deg"":10.4,""pitch_deg"":14.7,""steady"":true}"
38.219,right_hand,og,flick_angles,,"{""side_deg"":5.6,""fwd_deg"":17.5}"
38.250,right_hand,og,acc,2471619,"{""seq"":1857,""x_mg"":168,""y_mg"":0,""z_mg"":972}"
38.250,right_hand,og,tilt,,"{""roll_deg"":10.4,""pitch_deg"":12.9,""steady"":true}"
38.250,right_hand,og,flick_angles,,"{""side_deg"":4.3,""fwd_deg"":14.4}"
38.265,right_hand,og,acc,2471640,"{""seq"":1858,""x_mg"":60,""y_mg"":52,""z_mg"":1020}"
38.265,right_hand,og,tilt,,"{""roll_deg"":10.4,""pitch_deg"":10.4,""steady"":true}"
38.265,right_hand,og,flick_angles,,"{""side_deg"":3.6,""fwd_deg"":12.1}"
38.297,right_hand,og,acc,2471660,"{""seq"":1859,""x_mg"":4,""y_mg"":52,""z_mg"":1004}"
38.297,right_hand,og,tilt,,"{""roll_deg"":10.4,""pitch_deg"":5.9,""steady"":true}"
38.297,right_hand,og,flick_angles,,"{""side_deg"":3.3,""fwd_deg"":7.7}"
38.297,right_hand,game,wrong,,"{""n"":14,""want"":""left"",""got"":""down""}"
38.297,right_hand,og,acc,2471681,"{""seq"":1860,""x_mg"":-48,""y_mg"":44,""z_mg"":1036}"
38.297,right_hand,og,tilt,,"{""roll_deg"":10.2,""pitch_deg"":1.1,""steady"":true}"
38.297,right_hand,og,flick_angles,,"{""side_deg"":3.1,""fwd_deg"":4.0}"
38.328,right_hand,og,acc,2471702,"{""seq"":1861,""x_mg"":-92,""y_mg"":-16,""z_mg"":1068}"
38.328,right_hand,og,tilt,,"{""roll_deg"":10.1,""pitch_deg"":-3.2,""steady"":true}"
38.328,right_hand,og,flick_angles,,"{""side_deg"":2.8,""fwd_deg"":0.7}"
38.359,right_hand,og,acc,2471722,"{""seq"":1862,""x_mg"":-112,""y_mg"":-76,""z_mg"":1068}"
38.359,right_hand,og,tremor,,"{""rms_mg"":31.7,""peak_hz"":6.1}"
38.359,right_hand,og,tilt,,"{""roll_deg"":9.5,""pitch_deg"":-6.6,""steady"":true}"
38.359,right_hand,og,flick_angles,,"{""side_deg"":1.0,""fwd_deg"":-2.1}"
38.359,right_hand,og,acc,2471743,"{""seq"":1863,""x_mg"":-140,""y_mg"":-128,""z_mg"":1060}"
38.359,right_hand,og,tilt,,"{""roll_deg"":8.1,""pitch_deg"":-9.1,""steady"":true}"
38.359,right_hand,og,flick_angles,,"{""side_deg"":-1.5,""fwd_deg"":-4.1}"
38.390,right_hand,og,acc,2471763,"{""seq"":1864,""x_mg"":-148,""y_mg"":-180,""z_mg"":1040}"
38.390,right_hand,og,tilt,,"{""roll_deg"":5.9,""pitch_deg"":-11.1,""steady"":true}"
38.390,right_hand,og,flick_angles,,"{""side_deg"":-4.2,""fwd_deg"":-5.8}"
38.422,right_hand,og,acc,2471784,"{""seq"":1865,""x_mg"":-144,""y_mg"":-220,""z_mg"":1052}"
38.422,right_hand,og,tilt,,"{""roll_deg"":2.9,""pitch_deg"":-12.4,""steady"":true}"
38.422,right_hand,og,flick_angles,,"{""side_deg"":-7.0,""fwd_deg"":-6.7}"
38.422,right_hand,og,acc,2471804,"{""seq"":1866,""x_mg"":-144,""y_mg"":-280,""z_mg"":1060}"
38.422,right_hand,og,tilt,,"{""roll_deg"":-0.0,""pitch_deg"":-13.0,""steady"":true}"
38.422,right_hand,og,flick_angles,,"{""side_deg"":-9.3,""fwd_deg"":-7.2}"
38.453,right_hand,og,acc,2471825,"{""seq"":1867,""x_mg"":-148,""y_mg"":-352,""z_mg"":1052}"
38.453,right_hand,og,tilt,,"{""roll_deg"":-3.3,""pitch_deg"":-13.4,""steady"":true}"
38.453,right_hand,og,flick_angles,,"{""side_deg"":-12.0,""fwd_deg"":-7.4}"
38.484,right_hand,og,acc,2471846,"{""seq"":1868,""x_mg"":-136,""y_mg"":-376,""z_mg"":1048}"
38.484,right_hand,og,tilt,,"{""roll_deg"":-7.0,""pitch_deg"":-13.6,""steady"":true}"
38.484,right_hand,og,flick_angles,,"{""side_deg"":-15.2,""fwd_deg"":-7.4}"
38.484,right_hand,og,acc,2471866,"{""seq"":1869,""x_mg"":-116,""y_mg"":-388,""z_mg"":1008}"
38.484,right_hand,og,tilt,,"{""roll_deg"":-9.6,""pitch_deg"":-13.6,""steady"":true}"
38.484,right_hand,og,flick_angles,,"{""side_deg"":-17.4,""fwd_deg"":-7.2}"
38.515,right_hand,og,acc,2471887,"{""seq"":1870,""x_mg"":-100,""y_mg"":-392,""z_mg"":996}"
38.515,right_hand,og,tilt,,"{""roll_deg"":-11.9,""pitch_deg"":-13.6,""steady"":true}"
38.515,right_hand,og,flick_angles,,"{""side_deg"":-19.2,""fwd_deg"":-6.7}"
38.562,right_hand,og,acc,2471907,"{""seq"":1871,""x_mg"":-88,""y_mg"":-364,""z_mg"":992}"
38.562,right_hand,og,tilt,,"{""roll_deg"":-13.1,""pitch_deg"":-13.6,""steady"":true}"
38.562,right_hand,og,flick_angles,,"{""side_deg"":-20.0,""fwd_deg"":-6.0}"
38.562,right_hand,og,acc,2471928,"{""seq"":1872,""x_mg"":-76,""y_mg"":-320,""z_mg"":984}"
38.562,right_hand,og,tilt,,"{""roll_deg"":-13.5,""pitch_deg"":-13.2,""steady"":true}"
38.562,right_hand,og,flick_angles,,"{""side_deg"":-20.1,""fwd_deg"":-5.4}"
38.594,right_hand,og,acc,2471948,"{""seq"":1873,""x_mg"":-48,""y_mg"":-308,""z_mg"":960}"
38.594,right_hand,og,tilt,,"{""roll_deg"":-13.5,""pitch_deg"":-12.9,""steady"":true}"
38.594,right_hand,og,flick_angles,,"{""side_deg"":-19.0,""fwd_deg"":-4.8}"
38.625,right_hand,og,acc,2471969,"{""seq"":1874,""x_mg"":-12,""y_mg"":-272,""z_mg"":948}"
38.625,right_hand,og,tilt,,"{""roll_deg"":-13.4,""pitch_deg"":-12.4,""steady"":true}"
38.625,right_hand,og,flick_angles,,"{""side_deg"":-18.4,""fwd_deg"":-3.8}"
38.625,right_hand,og,acc,2471989,"{""seq"":1875,""x_mg"":16,""y_mg"":-224,""z_mg"":936}"
38.625,right_hand,og,tilt,,"{""roll_deg"":-12.7,""pitch_deg"":-11.9,""steady"":true}"
38.625,right_hand,og,flick_angles,,"{""side_deg"":-17.2,""fwd_deg"":-2.2}"
38.656,right_hand,og,acc,2472010,"{""seq"":1876,""x_mg"":24,""y_mg"":-188,""z_mg"":928}"
38.656,right_hand,og,tilt,,"{""roll_deg"":-11.7,""pitch_deg"":-11.4,""steady"":true}"
38.656,right_hand,og,flick_angles,,"{""side_deg"":-15.3,""fwd_deg"":-0.6}"
38.656,right_hand,og,acc,2472031,"{""seq"":1877,""x_mg"":36,""y_mg"":-144,""z_mg"":944}"
38.656,right_hand,og,tilt,,"{""roll_deg"":-10.9,""pitch_deg"":-10.5,""steady"":true}"
38.656,right_hand,og,flick_angles,,"{""side_deg"":-13.4,""fwd_deg"":0.4}"
38.672,right_hand,og,acc,2472051,"{""seq"":1878,""x_mg"":44,""y_mg"":-92,""z_mg"":960}"
38.672,right_hand,og,tilt,,"{""roll_deg"":-10.4,""pitch_deg"":-9.5,""steady"":true}"
38.672,right_hand,og,flick_angles,,"{""side_deg"":-11.0,""fwd_deg"":1.3}"
38.703,right_hand,og,acc,2472072,"{""seq"":1879,""x_mg"":60,""y_mg"":-84,""z_mg"":960}"
38.703,right_hand,og,tilt,,"{""roll_deg"":-8.6,""pitch_deg"":-8.3,""steady"":true}"
38.703,right_hand,og,flick_angles,,"{""side_deg"":-8.2,""fwd_deg"":1.9}"
38.734,right_hand,og,acc,2472092,"{""seq"":1880,""x_mg"":92,""y_mg"":-56,""z_mg"":984}"
38.734,right_hand,og,tilt,,"{""roll_deg"":-6.5,""pitch_deg"":-7.2,""steady"":true}"
38.734,right_hand,og,flick_angles,,"{""side_deg"":-6.6,""fwd_deg"":2.8}"
38.765,right_hand,og,acc,2472113,"{""seq"":1881,""x_mg"":88,""y_mg"":-44,""z_mg"":996}"
38.765,right_hand,og,tilt,,"{""roll_deg"":-4.0,""pitch_deg"":-5.8,""steady"":true}"
38.765,right_hand,og,flick_angles,,"{""side_deg"":-4.9,""fwd_deg"":3.9}"
38.765,right_hand,og,acc,2472133,"{""seq"":1882,""x_mg"":96,""y_mg"":-44,""z_mg"":1000}"
38.765,right_hand,og,tilt,,"{""roll_deg"":-1.9,""pitch_deg"":-4.7,""steady"":true}"
38.765,right_hand,og,flick_angles,,"{""side_deg"":-3.7,""fwd_deg"":4.6}"
38.797,right_hand,og,acc,2472154,"{""seq"":1883,""x_mg"":100,""y_mg"":-52,""z_mg"":988}"
38.797,right_hand,og,tilt,,"{""roll_deg"":-0.4,""pitch_deg"":-3.8,""steady"":true}"
38.797,right_hand,og,flick_angles,,"{""side_deg"":-3.1,""fwd_deg"":5.0}"
38.797,right_hand,og,acc,2472175,"{""seq"":1884,""x_mg"":104,""y_mg"":-52,""z_mg"":988}"
38.797,right_hand,og,tilt,,"{""roll_deg"":0.5,""pitch_deg"":-3.1,""steady"":true}"
38.797,right_hand,og,flick_angles,,"{""side_deg"":-3.1,""fwd_deg"":5.4}"
38.828,right_hand,og,acc,2472195,"{""seq"":1885,""x_mg"":120,""y_mg"":-36,""z_mg"":984}"
38.828,right_hand,og,tilt,,"{""roll_deg"":1.0,""pitch_deg"":-2.6,""steady"":true}"
38.828,right_hand,og,flick_angles,,"{""side_deg"":-3.0,""fwd_deg"":5.7}"
38.859,right_hand,og,acc,2472216,"{""seq"":1886,""x_mg"":124,""y_mg"":-8,""z_mg"":980}"
38.859,right_hand,og,tilt,,"{""roll_deg"":1.6,""pitch_deg"":-2.0,""steady"":true}"
38.859,right_hand,og,flick_angles,,"{""side_deg"":-2.6,""fwd_deg"":6.3}"
38.859,right_hand,og,acc,2472236,"{""seq"":1887,""x_mg"":108,""y_mg"":0,""z_mg"":996}"
38.859,right_hand,og,tilt,,"{""roll_deg"":2.6,""pitch_deg"":-1.5,""steady"":true}"
38.859,right_hand,og,flick_angles,,"{""side_deg"":-1.5,""fwd_deg"":6.6}"
38.875,right_hand,og,acc,2472257,"{""seq"":1888,""x_mg"":88,""y_mg"":4,""z_mg"":1004}"
38.875,right_hand,og,tilt,,"{""roll_deg"":3.4,""pitch_deg"":-1.4,""steady"":true}"
38.875,right_hand,og,flick_angles,,"{""side_deg"":-0.8,""fwd_deg"":6.4}"
38.906,right_hand,og,acc,2472277,"{""seq"":1889,""x_mg"":88,""y_mg"":-12,""z_mg"":1000}"
38.906,right_hand,og,tilt,,"{""roll_deg"":3.9,""pitch_deg"":-1.4,""steady"":true}"
38.906,right_hand,og,flick_angles,,"{""side_deg"":-0.4,""fwd_deg"":5.7}"
38.937,right_hand,og,acc,2472298,"{""seq"":1890,""x_mg"":96,""y_mg"":-20,""z_mg"":1004}"
38.937,right_hand,og,tilt,,"{""roll_deg"":4.1,""pitch_deg"":-1.4,""steady"":true}"
38.937,right_hand,og,flick_angles,,"{""side_deg"":-0.5,""fwd_deg"":5.4}"
38.937,right_hand,og,acc,2472318,"{""seq"":1891,""x_mg"":72,""y_mg"":-24,""z_mg"":1028}"
38.937,right_hand,og,tilt,,"{""roll_deg"":4.1,""pitch_deg"":-1.4,""steady"":true}"
38.937,right_hand,og,flick_angles,,"{""side_deg"":-0.8,""fwd_deg"":5.2}"
38.969,right_hand,og,acc,2472339,"{""seq"":1892,""x_mg"":72,""y_mg"":-36,""z_mg"":1024}"
38.969,right_hand,og,tilt,,"{""roll_deg"":4.1,""pitch_deg"":-1.4,""steady"":true}"
38.969,right_hand,og,flick_angles,,"{""side_deg"":-1.1,""fwd_deg"":4.6}"
39.000,right_hand,og,acc,2472360,"{""seq"":1893,""x_mg"":56,""y_mg"":-64,""z_mg"":1012}"
39.000,right_hand,og,tilt,,"{""roll_deg"":4.1,""pitch_deg"":-1.4,""steady"":true}"
39.000,right_hand,og,flick_angles,,"{""side_deg"":-1.5,""fwd_deg"":4.3}"
39.000,right_hand,og,acc,2472380,"{""seq"":1894,""x_mg"":56,""y_mg"":-76,""z_mg"":1004}"
39.000,right_hand,og,tilt,,"{""roll_deg"":4.1,""pitch_deg"":-1.6,""steady"":true}"
39.000,right_hand,og,flick_angles,,"{""side_deg"":-2.6,""fwd_deg"":3.7}"
39.031,right_hand,og,acc,2472401,"{""seq"":1895,""x_mg"":52,""y_mg"":-92,""z_mg"":1012}"
39.031,right_hand,og,tilt,,"{""roll_deg"":3.9,""pitch_deg"":-1.7,""steady"":true}"
39.031,right_hand,og,flick_angles,,"{""side_deg"":-3.5,""fwd_deg"":3.5}"
39.062,right_hand,og,acc,2472421,"{""seq"":1896,""x_mg"":40,""y_mg"":-112,""z_mg"":1008}"
39.062,right_hand,og,tilt,,"{""roll_deg"":3.6,""pitch_deg"":-1.8,""steady"":true}"
39.062,right_hand,og,flick_angles,,"{""side_deg"":-4.3,""fwd_deg"":3.2}"
39.062,right_hand,og,acc,2472442,"{""seq"":1897,""x_mg"":28,""y_mg"":-124,""z_mg"":1000}"
39.062,right_hand,og,tilt,,"{""roll_deg"":3.3,""pitch_deg"":-2.0,""steady"":true}"
39.062,right_hand,og,flick_angles,,"{""side_deg"":-5.3,""fwd_deg"":2.7}"
39.094,right_hand,og,acc,2472462,"{""seq"":1898,""x_mg"":32,""y_mg"":-112,""z_mg"":992}"
39.094,right_hand,og,tilt,,"{""roll_deg"":2.8,""pitch_deg"":-2.3,""steady"":true}"
39.094,right_hand,og,flick_angles,,"{""side_deg"":-5.9,""fwd_deg"":2.3}"
39.109,right_hand,og,acc,2472483,"{""seq"":1899,""x_mg"":24,""y_mg"":-120,""z_mg"":996}"
39.109,right_hand,og,tilt,,"{""roll_deg"":2.2,""pitch_deg"":-2.7,""steady"":true}"
39.109,right_hand,og,flick_angles,,"{""side_deg"":-6.4,""fwd_deg"":1.9}"
39.140,right_hand,og,acc,2472504,"{""seq"":1900,""x_mg"":24,""y_mg"":-124,""z_mg"":1004}"
39.140,right_hand,og,tilt,,"{""roll_deg"":1.7,""pitch_deg"":-3.0,""steady"":true}"
39.140,right_hand,og,flick_angles,,"{""side_deg"":-6.6,""fwd_deg"":1.7}"
39.140,right_hand,og,acc,2472524,"{""seq"":1901,""x_mg"":12,""y_mg"":-168,""z_mg"":1000}"
39.140,right_hand,og,tilt,,"{""roll_deg"":1.2,""pitch_deg"":-3.4,""steady"":true}"
39.140,right_hand,og,flick_angles,,"{""side_deg"":-6.8,""fwd_deg"":1.5}"
39.172,right_hand,og,acc,2472545,"{""seq"":1902,""x_mg"":4,""y_mg"":-176,""z_mg"":1008}"
39.172,right_hand,og,tilt,,"{""roll_deg"":0.1,""pitch_deg"":-3.8,""steady"":true}"
39.172,right_hand,og,flick_angles,,"{""side_deg"":-8.2,""fwd_deg"":1.1}"
39.203,right_hand,og,acc,2472565,"{""seq"":1903,""x_mg"":4,""y_mg"":-152,""z_mg"":1000}"
39.203,right_hand,og,tilt,,"{""roll_deg"":-0.7,""pitch_deg"":-4.2,""steady"":true}"
39.203,right_hand,og,flick_angles,,"{""side_deg"":-8.9,""fwd_deg"":0.7}"
39.203,right_hand,og,acc,2472586,"{""seq"":1904,""x_mg"":0,""y_mg"":-128,""z_mg"":1004}"
39.203,right_hand,og,tilt,,"{""roll_deg"":-1.2,""pitch_deg"":-4.6,""steady"":true}"
39.203,right_hand,og,flick_angles,,"{""side_deg"":-8.8,""fwd_deg"":0.4}"
39.234,right_hand,og,acc,2472606,"{""seq"":1905,""x_mg"":20,""y_mg"":-144,""z_mg"":996}"
39.234,right_hand,og,tilt,,"{""roll_deg"":-1.4,""pitch_deg"":-4.9,""steady"":true}"
39.234,right_hand,og,flick_angles,,"{""side_deg"":-8.5,""fwd_deg"":0.3}"
39.265,right_hand,og,acc,2472627,"{""seq"":1906,""x_mg"":16,""y_mg"":-144,""z_mg"":992}"
39.265,right_hand,og,tilt,,"{""roll_deg"":-1.6,""pitch_deg"":-5.0,""steady"":true}"
39.265,right_hand,og,flick_angles,,"{""side_deg"":-8.4,""fwd_deg"":0.6}"
39.265,right_hand,og,acc,2472648,"{""seq"":1907,""x_mg"":12,""y_mg"":-140,""z_mg"":988}"
39.265,right_hand,og,tilt,,"{""roll_deg"":-1.8,""pitch_deg"":-5.1,""steady"":true}"
39.265,right_hand,og,flick_angles,,"{""side_deg"":-8.3,""fwd_deg"":0.8}"
39.297,right_hand,og,acc,2472668,"{""seq"":1908,""x_mg"":36,""y_mg"":-124,""z_mg"":984}"
39.297,right_hand,og,tilt,,"{""roll_deg"":-1.8,""pitch_deg"":-5.2,""steady"":true}"
39.297,right_hand,og,flick_angles,,"{""side_deg"":-8.2,""fwd_deg"":0.8}"
39.328,right_hand,og,acc,2472689,"{""seq"":1909,""x_mg"":32,""y_mg"":-96,""z_mg"":964}"
39.328,right_hand,og,tilt,,"{""roll_deg"":-1.8,""pitch_deg"":-5.2,""steady"":true}"
39.328,right_hand,og,flick_angles,,"{""side_deg"":-7.7,""fwd_deg"":1.4}"
39.359,right_hand,og,acc,2472709,"{""seq"":1910,""x_mg"":40,""y_mg"":-112,""z_mg"":964}"
39.359,right_hand,og,tilt,,"{""roll_deg"":-1.8,""pitch_deg"":-5.2,""steady"":true}"
39.359,right_hand,og,flick_angles,,"{""side_deg"":-7.1,""fwd_deg"":1.7}"
39.359,right_hand,og,acc,2472730,"{""seq"":1911,""x_mg"":56,""y_mg"":-128,""z_mg"":956}"
39.359,right_hand,og,tilt,,"{""roll_deg"":-1.8,""pitch_deg"":-5.2,""steady"":true}"
39.359,right_hand,og,flick_angles,,"{""side_deg"":-6.9,""fwd_deg"":2.0}"
39.390,right_hand,og,acc,2472750,"{""seq"":1912,""x_mg"":56,""y_mg"":-132,""z_mg"":972}"
39.390,right_hand,og,tilt,,"{""roll_deg"":-1.8,""pitch_deg"":-5.2,""steady"":true}"
39.390,right_hand,og,flick_angles,,"{""side_deg"":-7.2,""fwd_deg"":2.7}"
39.422,right_hand,og,acc,2472771,"{""seq"":1913,""x_mg"":64,""y_mg"":-144,""z_mg"":968}"
39.422,right_hand,og,tilt,,"{""roll_deg"":-1.8,""pitch_deg"":-5.2,""steady"":true}"
39.422,right_hand,og,flick_angles,,"{""side_deg"":-7.5,""fwd_deg"":3.0}"
39.422,right_hand,og,acc,2472792,"{""seq"":1914,""x_mg"":52,""y_mg"":-184,""z_mg"":976}"
39.422,right_hand,og,tilt,,"{""roll_deg"":-1.8,""pitch_deg"":-5.2,""steady"":true}"
39.422,right_hand,og,flick_angles,,"{""side_deg"":-8.0,""fwd_deg"":3.1}"
39.453,right_hand,og,acc,2472812,"{""seq"":1915,""x_mg"":16,""y_mg"":-196,""z_mg"":976}"
39.453,right_hand,og,tilt,,"{""roll_deg"":-2.1,""pitch_deg"":-5.2,""steady"":true}"
39.453,right_hand,og,flick_angles,,"{""side_deg"":-9.3,""fwd_deg"":3.1}"
39.484,right_hand,og,acc,2472833,"{""seq"":1916,""x_mg"":-8,""y_mg"":-212,""z_mg"":976}"
39.484,right_hand,og,tilt,,"{""roll_deg"":-2.7,""pitch_deg"":-5.2,""steady"":true}"
39.484,right_hand,og,flick_angles,,"{""side_deg"":-10.3,""fwd_deg"":2.0}"
39.484,right_hand,og,acc,2472853,"{""seq"":1917,""x_mg"":-12,""y_mg"":-220,""z_mg"":988}"
39.484,right_hand,og,tilt,,"{""roll_deg"":-3.4,""pitch_deg"":-5.2,""steady"":true}"
39.484,right_hand,og,flick_angles,,"{""side_deg"":-11.3,""fwd_deg"":0.8}"
39.500,right_hand,og,acc,2472874,"{""seq"":1918,""x_mg"":-12,""y_mg"":-224,""z_mg"":992}"
39.500,right_hand,og,tilt,,"{""roll_deg"":-4.1,""pitch_deg"":-5.2,""steady"":true}"
39.500,right_hand,og,flick_angles,,"{""side_deg"":-11.9,""fwd_deg"":0.0}"
39.531,right_hand,og,acc,2472894,"{""seq"":1919,""x_mg"":-32,""y_mg"":-220,""z_mg"":1000}"
39.531,right_hand,og,tilt,,"{""roll_deg"":-4.6,""pitch_deg"":-5.2,""steady"":true}"
39.531,right_hand,og,flick_angles,,"{""side_deg"":-12.2,""fwd_deg"":-0.3}"
39.562,right_hand,og,acc,2472915,"{""seq"":1920,""x_mg"":-52,""y_mg"":-236,""z_mg"":988}"
39.562,right_hand,og,tilt,,"{""roll_deg"":-5.1,""pitch_deg"":-5.7,""steady"":true}"
39.562,right_hand,og,flick_angles,,"{""side_deg"":-12.5,""fwd_deg"":-1.1}"
39.562,right_hand,og,acc,2472936,"{""seq"":1921,""x_mg"":-64,""y_mg"":-260,""z_mg"":996}"
39.562,right_hand,og,tilt,,"{""roll_deg"":-5.7,""pitch_deg"":-6.3,""steady"":true}"
39.562,right_hand,og,flick_angles,,"{""side_deg"":-12.9,""fwd_deg"":-2.0}"
39.594,right_hand,og,acc,2472956,"{""seq"":1922,""x_mg"":-60,""y_mg"":-268,""z_mg"":1008}"
39.594,right_hand,og,tilt,,"{""roll_deg"":-6.4,""pitch_deg"":-7.0,""steady"":true}"
39.594,right_hand,og,flick_angles,,"{""side_deg"":-13.8,""fwd_deg"":-2.6}"
39.625,right_hand,og,acc,2472977,"{""seq"":1923,""x_mg"":-88,""y_mg"":-244,""z_mg"":1016}"
39.625,right_hand,og,tilt,,"{""roll_deg"":-6.9,""pitch_deg"":-7.6,""steady"":true}"
39.625,right_hand,og,flick_angles,,"{""side_deg"":-14.2,""fwd_deg"":-3.1}"
39.625,right_hand,og,acc,2472997,"{""seq"":1924,""x_mg"":-92,""y_mg"":-228,""z_mg"":1008}"
39.625,right_hand,og,tilt,,"{""roll_deg"":-7.1,""pitch_deg"":-8.5,""steady"":true}"
39.625,right_hand,og,flick_angles,,"{""side_deg"":-13.8,""fwd_deg"":-4.0}"
39.656,right_hand,og,acc,2473018,"{""seq"":1925,""x_mg"":-104,""y_mg"":-236,""z_mg"":1000}"
39.656,right_hand,og,tilt,,"{""roll_deg"":-7.1,""pitch_deg"":-9.2,""steady"":true}"
39.656,right_hand,og,flick_angles,,"{""side_deg"":-13.5,""fwd_deg"":-4.5}"
39.656,right_hand,og,acc,2473038,"{""seq"":1926,""x_mg"":-116,""y_mg"":-212,""z_mg"":972}"
39.656,right_hand,og,tilt,,"{""roll_deg"":-7.1,""pitch_deg"":-9.9,""steady"":true}"
39.656,right_hand,og,flick_angles,,"{""side_deg"":-13.1,""fwd_deg"":-5.2}"
39.687,right_hand,og,acc,2473059,"{""seq"":1927,""x_mg"":-72,""y_mg"":-176,""z_mg"":976}"
39.687,right_hand,og,tilt,,"{""roll_deg"":-7.1,""pitch_deg"":-10.5,""steady"":true}"
39.687,right_hand,og,flick_angles,,"{""side_deg"":-12.7,""fwd_deg"":-5.5}"
39.703,right_hand,og,acc,2473080,"{""seq"":1928,""x_mg"":-40,""y_mg"":-116,""z_mg"":980}"
39.703,right_hand,og,tilt,,"{""roll_deg"":-7.1,""pitch_deg"":-10.5,""steady"":true}"
39.703,right_hand,og,flick_angles,,"{""side_deg"":-11.4,""fwd_deg"":-4.8}"
39.734,right_hand,og,acc,2473100,"{""seq"":1929,""x_mg"":-32,""y_mg"":-92,""z_mg"":964}"
39.734,right_hand,og,tilt,,"{""roll_deg"":-7.0,""pitch_deg"":-10.5,""steady"":true}"
39.734,right_hand,og,flick_angles,,"{""side_deg"":-9.1,""fwd_deg"":-3.6}"
39.765,right_hand,og,acc,2473121,"{""seq"":1930,""x_mg"":-24,""y_mg"":-48,""z_mg"":976}"
39.765,right_hand,og,tilt,,"{""roll_deg"":-6.0,""pitch_deg"":-10.5,""steady"":true}"
39.765,right_hand,og,flick_angles,,"{""side_deg"":-7.3,""fwd_deg"":-2.7}"
39.765,right_hand,og,acc,2473141,"{""seq"":1931,""x_mg"":4,""y_mg"":-16,""z_mg"":976}"
39.765,right_hand,og,tilt,,"{""roll_deg"":-4.3,""pitch_deg"":-10.4,""steady"":true}"
39.765,right_hand,og,flick_angles,,"{""side_deg"":-5.0,""fwd_deg"":-2.1}"
39.797,right_hand,og,acc,2473162,"{""seq"":1932,""x_mg"":32,""y_mg"":24,""z_mg"":960}"
39.797,right_hand,og,tilt,,"{""roll_deg"":-2.0,""pitch_deg"":-10.1,""steady"":true}"
39.797,right_hand,og,flick_angles,,"{""side_deg"":-3.0,""fwd_deg"":-0.9}"
39.797,right_hand,og,acc,2473182,"{""seq"":1933,""x_mg"":64,""y_mg"":72,""z_mg"":996}"
39.797,right_hand,og,tilt,,"{""roll_deg"":0.7,""pitch_deg"":-9.6,""steady"":true}"
39.797,right_hand,og,flick_angles,,"{""side_deg"":-0.8,""fwd_deg"":0.5}"
39.828,right_hand,og,acc,2473203,"{""seq"":1934,""x_mg"":80,""y_mg"":144,""z_mg"":1028}"
39.828,right_hand,og,tilt,,"{""roll_deg"":3.7,""pitch_deg"":-8.7,""steady"":true}"
39.828,right_hand,og,flick_angles,,"{""side_deg"":1.7,""fwd_deg"":2.1}"
39.859,right_hand,og,acc,2473223,"{""seq"":1935,""x_mg"":92,""y_mg"":228,""z_mg"":1044}"
39.859,right_hand,og,tilt,,"{""roll_deg"":7.3,""pitch_deg"":-7.5,""steady"":true}"
39.859,right_hand,og,flick_angles,,"{""side_deg"":4.8,""fwd_deg"":3.2}"
39.859,right_hand,og,acc,2473244,"{""seq"":1936,""x_mg"":120,""y_mg"":240,""z_mg"":1012}"
39.859,right_hand,og,tilt,,"{""roll_deg"":11.5,""pitch_deg"":-6.2,""steady"":true}"
39.859,right_hand,og,flick_angles,,"{""side_deg"":8.5,""fwd_deg"":4.1}"
39.890,right_hand,og,acc,2473265,"{""seq"":1937,""x_mg"":156,""y_mg"":212,""z_mg"":1020}"
39.890,right_hand,og,tilt,,"{""roll_deg"":14.0,""pitch_deg"":-4.7,""steady"":true}"
39.890,right_hand,og,flick_angles,,"{""side_deg"":10.4,""fwd_deg"":5.3}"
39.890,right_hand,game,hit,,"{""n"":13,""dir"":""right"",""err_ms"":15}"
39.922,right_hand,og,acc,2473285,"{""seq"":1938,""x_mg"":172,""y_mg"":172,""z_mg"":1004}"
39.922,right_hand,og,tilt,,"{""roll_deg"":15.1,""pitch_deg"":-3.0,""steady"":true}"
39.922,right_hand,og,flick_angles,,"{""side_deg"":11.0,""fwd_deg"":6.9}"
39.922,right_hand,og,acc,2473306,"{""seq"":1939,""x_mg"":192,""y_mg"":180,""z_mg"":996}"
39.922,right_hand,og,tilt,,"{""roll_deg"":15.2,""pitch_deg"":-1.3,""steady"":true}"
39.922,right_hand,og,flick_angles,,"{""side_deg"":10.5,""fwd_deg"":8.3}"
39.953,right_hand,og,acc,2473326,"{""seq"":1940,""x_mg"":184,""y_mg"":208,""z_mg"":1012}"
39.953,right_hand,og,tilt,,"{""roll_deg"":15.2,""pitch_deg"":0.0,""steady"":true}"
39.953,right_hand,og,flick_angles,,"{""side_deg"":10.3,""fwd_deg"":9.2}"
39.984,right_hand,og,acc,2473347,"{""seq"":1941,""x_mg"":200,""y_mg"":188,""z_mg"":984}"
39.984,right_hand,og,tilt,,"{""roll_deg"":15.4,""pitch_deg"":1.2,""steady"":true}"
39.984,right_hand,og,flick_angles,,"{""side_deg"":10.5,""fwd_deg"":10.0}"
40.015,right_hand,og,acc,2473367,"{""seq"":1942,""x_mg"":224,""y_mg"":156,""z_mg"":964}"
40.015,right_hand,og,tilt,,"{""roll_deg"":15.5,""pitch_deg"":2.1,""steady"":true}"
40.015,right_hand,og,flick_angles,,"{""side_deg"":10.5,""fwd_deg"":10.6}"
40.015,right_hand,og,acc,2473388,"{""seq"":1943,""x_mg"":248,""y_mg"":124,""z_mg"":956}"
40.015,right_hand,og,tilt,,"{""roll_deg"":15.5,""pitch_deg"":3.3,""steady"":true}"
40.015,right_hand,og,flick_angles,,"{""side_deg"":9.7,""fwd_deg"":11.8}"
40.047,right_hand,og,acc,2473409,"{""seq"":1944,""x_mg"":252,""y_mg"":80,""z_mg"":944}"
40.047,right_hand,og,tilt,,"{""roll_deg"":15.2,""pitch_deg"":4.6,""steady"":true}"
40.047,right_hand,og,flick_angles,,"{""side_deg"":8.4,""fwd_deg"":13.1}"
40.078,right_hand,og,acc,2473429,"{""seq"":1945,""x_mg"":260,""y_mg"":64,""z_mg"":936}"
40.078,right_hand,og,tilt,,"{""roll_deg"":14.4,""pitch_deg"":5.6,""steady"":true}"
40.078,right_hand,og,flick_angles,,"{""side_deg"":6.6,""fwd_deg"":14.0}"
40.078,right_hand,og,acc,2473450,"{""seq"":1946,""x_mg"":252,""y_mg"":88,""z_mg"":936}"
40.078,right_hand,og,tilt,,"{""roll_deg"":13.9,""pitch_deg"":6.3,""steady"":true}"
40.078,right_hand,og,flick_angles,,"{""side_deg"":5.6,""fwd_deg"":14.5}"
40.109,right_hand,og,acc,2473470,"{""seq"":1947,""x_mg"":244,""y_mg"":100,""z_mg"":924}"
40.109,right_hand,og,tilt,,"{""roll_deg"":13.7,""pitch_deg"":6.7,""steady"":true}"
40.109,right_hand,og,flick_angles,,"{""side_deg"":5.4,""fwd_deg"":14.8}"
40.125,right_hand,og,acc,2473491,"{""seq"":1948,""x_mg"":244,""y_mg"":84,""z_mg"":928}"
40.125,right_hand,og,tilt,,"{""roll_deg"":13.5,""pitch_deg"":7.0,""steady"":true}"
40.125,right_hand,og,flick_angles,,"{""side_deg"":5.3,""fwd_deg"":14.7}"
40.125,right_hand,og,acc,2473511,"{""seq"":1949,""x_mg"":236,""y_mg"":72,""z_mg"":940}"
40.125,right_hand,og,tilt,,"{""roll_deg"":13.3,""pitch_deg"":7.1,""steady"":true}"
40.125,right_hand,og,flick_angles,,"{""side_deg"":5.1,""fwd_deg"":14.7}"
40.156,right_hand,og,acc,2473532,"{""seq"":1950,""x_mg"":224,""y_mg"":60,""z_mg"":940}"
40.156,right_hand,og,tilt,,"{""roll_deg"":12.9,""pitch_deg"":7.1,""steady"":true}"
40.156,right_hand,og,flick_angles,,"{""side_deg"":4.7,""fwd_deg"":14.4}"
40.187,right_hand,og,acc,2473553,"{""seq"":1951,""x_mg"":224,""y_mg"":48,""z_mg"":952}"
40.187,right_hand,og,tilt,,"{""roll_deg"":12.3,""pitch_deg"":7.1,""steady"":true}"
40.187,right_hand,og,flick_angles,,"{""side_deg"":4.1,""fwd_deg"":13.9}"
40.219,right_hand,og,acc,2473573,"{""seq"":1952,""x_mg"":204,""y_mg"":68,""z_mg"":956}"
40.219,right_hand,og,tilt,,"{""roll_deg"":11.9,""pitch_deg"":7.1,""steady"":true}"
40.219,right_hand,og,flick_angles,,"{""side_deg"":3.8,""fwd_deg"":13.6}"
40.219,right_hand,og,acc,2473594,"{""seq"":1953,""x_mg"":184,""y_mg"":56,""z_mg"":960}"
40.219,right_hand,og,tilt,,"{""roll_deg"":11.4,""pitch_deg"":7.1,""steady"":true}"
40.219,right_hand,og,flick_angles,,"{""side_deg"":3.6,""fwd_deg"":12.8}"
40.250,right_hand,og,acc,2473614,"{""seq"":1954,""x_mg"":164,""y_mg"":28,""z_mg"":972}"
40.250,right_hand,og,tilt,,"{""roll_deg"":11.0,""pitch_deg"":6.8,""steady"":true}"
40.250,right_hand,og,flick_angles,,"{""side_deg"":3.4,""fwd_deg"":11.8}"
40.281,right_hand,og,acc,2473635,"{""seq"":1955,""x_mg"":148,""y_mg"":0,""z_mg"":988}"
40.281,right_hand,og,tilt,,"{""roll_deg"":10.2,""pitch_deg"":6.5,""steady"":true}"
40.281,right_hand,og,flick_angles,,"{""side_deg"":2.5,""fwd_deg"":10.7}"
40.281,right_hand,og,acc,2473655,"{""seq"":1956,""x_mg"":152,""y_mg"":-20,""z_mg"":992}"
40.281,right_hand,og,tilt,,"{""roll_deg"":9.2,""pitch_deg"":6.1,""steady"":true}"
40.281,right_hand,og,flick_angles,,"{""side_deg"":1.3,""fwd_deg"":9.7}"
40.312,right_hand,og,acc,2473676,"{""seq"":1957,""x_mg"":144,""y_mg"":-48,""z_mg"":996}"
40.312,right_hand,og,tilt,,"{""roll_deg"":8.1,""pitch_deg"":5.6,""steady"":true}"
40.312,right_hand,og,flick_angles,,"{""side_deg"":0.1,""fwd_deg"":9.1}"
40.312,right_hand,og,acc,2473697,"{""seq"":1958,""x_mg"":124,""y_mg"":-64,""z_mg"":1012}"
40.312,right_hand,og,tilt,,"{""roll_deg"":6.7,""pitch_deg"":4.9,""steady"":true}"
40.312,right_hand,og,flick_angles,,"{""side_deg"":-1.3,""fwd_deg"":8.7}"
40.344,right_hand,og,acc,2473717,"{""seq"":1959,""x_mg"":112,""y_mg"":-60,""z_mg"":996}"
40.344,right_hand,og,tilt,,"{""roll_deg"":5.5,""pitch_deg"":4.1,""steady"":true}"
40.344,right_hand,og,flick_angles,,"{""side_deg"":-2.4,""fwd_deg"":7.8}"
40.359,right_hand,og,acc,2473738,"{""seq"":1960,""x_mg"":88,""y_mg"":-64,""z_mg"":996}"
40.359,right_hand,og,tremor,,"{""rms_mg"":24.5,""peak_hz"":4.4}"
40.359,right_hand,og,tilt,,"{""roll_deg"":4.6,""pitch_deg"":3.2,""steady"":true}"
40.359,right_hand,og,flick_angles,,"{""side_deg"":-3.0,""fwd_deg"":7.1}"
40.390,right_hand,og,acc,2473758,"{""seq"":1961,""x_mg"":80,""y_mg"":-52,""z_mg"":996}"
40.390,right_hand,og,tilt,,"{""roll_deg"":4.0,""pitch_deg"":2.1,""steady"":true}"
40.390,right_hand,og,flick_angles,,"{""side_deg"":-3.2,""fwd_deg"":6.1}"
40.422,right_hand,og,acc,2473779,"{""seq"":1962,""x_mg"":76,""y_mg"":-32,""z_mg"":1012}"
40.422,right_hand,og,tilt,,"{""roll_deg"":3.7,""pitch_deg"":1.0,""steady"":true}"
40.422,right_hand,og,flick_angles,,"{""side_deg"":-3.1,""fwd_deg"":5.3}"
40.422,right_hand,og,acc,2473799,"{""seq"":1963,""x_mg"":76,""y_mg"":-48,""z_mg"":1008}"
40.422,right_hand,og,tilt,,"{""roll_deg"":3.6,""pitch_deg"":0.2,""steady"":true}"
40.422,right_hand,og,flick_angles,,"{""side_deg"":-2.9,""fwd_deg"":4.8}"
40.453,right_hand,og,acc,2473820,"{""seq"":1964,""x_mg"":68,""y_mg"":-64,""z_mg"":1004}"
40.453,right_hand,og,tilt,,"{""roll_deg"":3.5,""pitch_deg"":-0.4,""steady"":true}"
40.453,right_hand,og,flick_angles,,"{""side_deg"":-2.8,""fwd_deg"":4.6}"
40.453,right_hand,og,acc,2473841,"{""seq"":1965,""x_mg"":64,""y_mg"":-68,""z_mg"":996}"
40.453,right_hand,og,tilt,,"{""roll_deg"":3.2,""pitch_deg"":-1.0,""steady"":true}"
40.453,right_hand,og,flick_angles,,"{""side_deg"":-3.2,""fwd_deg"":4.2}"
40.484,right_hand,og,acc,2473861,"{""seq"":1966,""x_mg"":60,""y_mg"":-32,""z_mg"":1012}"
40.484,right_hand,og,tilt,,"{""roll_deg"":3.0,""pitch_deg"":-1.4,""steady"":true}"
40.484,right_hand,og,flick_angles,,"{""side_deg"":-3.4,""fwd_deg"":3.9}"
40.515,right_hand,og,acc,2473882,"{""seq"":1967,""x_mg"":68,""y_mg"":-28,""z_mg"":1004}"
40.515,right_hand,og,tilt,,"{""roll_deg"":3.0,""pitch_deg"":-1.8,""steady"":true}"
40.515,right_hand,og,flick_angles,,"{""side_deg"":-2.6,""fwd_deg"":3.8}"
40.515,right_hand,og,acc,2473902,"{""seq"":1968,""x_mg"":68,""y_mg"":-36,""z_mg"":1012}"
40.515,right_hand,og,tilt,,"{""roll_deg"":3.0,""pitch_deg"":-2.0,""steady"":true}"
40.515,right_hand,og,flick_angles,,"{""side_deg"":-2.2,""fwd_deg"":3.8}"
40.547,right_hand,og,acc,2473923,"{""seq"":1969,""x_mg"":76,""y_mg"":-48,""z_mg"":1008}"
40.547,right_hand,og,tilt,,"{""roll_deg"":3.0,""pitch_deg"":-2.1,""steady"":true}"
40.547,right_hand,og,flick_angles,,"{""side_deg"":-2.1,""fwd_deg"":3.8}"
40.578,right_hand,og,acc,2473943,"{""seq"":1970,""x_mg"":64,""y_mg"":-60,""z_mg"":992}"
40.578,right_hand,og,tilt,,"{""roll_deg"":3.0,""pitch_deg"":-2.2,""steady"":true}"
40.578,right_hand,og,flick_angles,,"{""side_deg"":-2.4,""fwd_deg"":3.8}"
40.578,right_hand,og,acc,2473964,"{""seq"":1971,""x_mg"":72,""y_mg"":-52,""z_mg"":996}"
40.578,right_hand,og,tilt,,"{""roll_deg"":3.0,""pitch_deg"":-2.2,""steady"":true}"
40.578,right_hand,og,flick_angles,,"{""side_deg"":-2.7,""fwd_deg"":4.0}"
40.609,right_hand,og,acc,2473985,"{""seq"":1972,""x_mg"":76,""y_mg"":-52,""z_mg"":996}"
40.609,right_hand,og,tilt,,"{""roll_deg"":3.0,""pitch_deg"":-2.2,""steady"":true}"
40.609,right_hand,og,flick_angles,,"{""side_deg"":-2.8,""fwd_deg"":4.1}"
40.640,right_hand,og,acc,2474005,"{""seq"":1973,""x_mg"":76,""y_mg"":-52,""z_mg"":988}"
40.640,right_hand,og,tilt,,"{""roll_deg"":3.0,""pitch_deg"":-2.2,""steady"":true}"
40.640,right_hand,og,flick_angles,,"{""side_deg"":-2.9,""fwd_deg"":4.2}"
40.640,right_hand,og,acc,2474026,"{""seq"":1974,""x_mg"":72,""y_mg"":-24,""z_mg"":992}"
40.640,right_hand,og,tilt,,"{""roll_deg"":3.0,""pitch_deg"":-2.2,""steady"":true}"
40.640,right_hand,og,flick_angles,,"{""side_deg"":-2.9,""fwd_deg"":4.3}"
40.672,right_hand,og,acc,2474046,"{""seq"":1975,""x_mg"":68,""y_mg"":-20,""z_mg"":1012}"
40.672,right_hand,og,tilt,,"{""roll_deg"":3.0,""pitch_deg"":-2.2,""steady"":true}"
40.672,right_hand,og,flick_angles,,"{""side_deg"":-2.2,""fwd_deg"":4.2}"
40.719,right_hand,og,acc,2474067,"{""seq"":1976,""x_mg"":64,""y_mg"":-24,""z_mg"":1016}"
40.719,right_hand,og,tilt,,"{""roll_deg"":3.0,""pitch_deg"":-2.2,""steady"":true}"
40.719,right_hand,og,flick_angles,,"{""side_deg"":-1.8,""fwd_deg"":4.0}"
40.719,right_hand,og,acc,2474087,"{""seq"":1977,""x_mg"":76,""y_mg"":-32,""z_mg"":1016}"
40.719,right_hand,og,tilt,,"{""roll_deg"":3.0,""pitch_deg"":-2.3,""steady"":true}"
40.719,right_hand,og,flick_angles,,"{""side_deg"":-1.6,""fwd_deg"":3.9}"
40.750,right_hand,og,acc,2474108,"{""seq"":1978,""x_mg"":64,""y_mg"":-24,""z_mg"":1016}"
40.750,right_hand,og,tilt,,"{""roll_deg"":3.0,""pitch_deg"":-2.4,""steady"":true}"
40.750,right_hand,og,flick_angles,,"{""side_deg"":-1.5,""fwd_deg"":3.8}"
40.781,right_hand,og,acc,2474128,"{""seq"":1979,""x_mg"":60,""y_mg"":-4,""z_mg"":1012}"
40.781,right_hand,og,tilt,,"{""roll_deg"":3.0,""pitch_deg"":-2.4,""steady"":true}"
40.781,right_hand,og,flick_angles,,"{""side_deg"":-1.4,""fwd_deg"":3.7}"
40.781,right_hand,og,acc,2474149,"{""seq"":1980,""x_mg"":64,""y_mg"":-4,""z_mg"":1036}"
40.781,right_hand,og,tilt,,"{""roll_deg"":3.1,""pitch_deg"":-2.5,""steady"":true}"
40.781,right_hand,og,flick_angles,,"{""side_deg"":-0.8,""fwd_deg"":3.6}"
40.812,right_hand,og,acc,2474170,"{""seq"":1981,""x_mg"":56,""y_mg"":-20,""z_mg"":1060}"
40.812,right_hand,og,tilt,,"{""roll_deg"":3.3,""pitch_deg"":-2.6,""steady"":true}"
40.812,right_hand,og,flick_angles,,"{""side_deg"":-0.5,""fwd_deg"":3.5}"
40.844,right_hand,og,acc,2474190,"{""seq"":1982,""x_mg"":52,""y_mg"":-32,""z_mg"":1068}"
40.844,right_hand,og,tilt,,"{""roll_deg"":3.4,""pitch_deg"":-2.7,""steady"":true}"
40.844,right_hand,og,flick_angles,,"{""side_deg"":-0.8,""fwd_deg"":3.3}"
40.844,right_hand,og,acc,2474211,"{""seq"":1983,""x_mg"":40,""y_mg"":-24,""z_mg"":1104}"
40.844,right_hand,og,tilt,,"{""roll_deg"":3.5,""pitch_deg"":-2.8,""steady"":true}"
40.844,right_hand,og,flick_angles,,"{""side_deg"":-1.0,""fwd_deg"":3.0}"
40.875,right_hand,og,acc,2474231,"{""seq"":1984,""x_mg"":52,""y_mg"":-16,""z_mg"":1104}"
40.875,right_hand,og,tilt,,"{""roll_deg"":3.5,""pitch_deg"":-2.9,""steady"":true}"
40.875,right_hand,og,flick_angles,,"{""side_deg"":-1.1,""fwd_deg"":2.9}"
40.875,right_hand,og,acc,2474252,"{""seq"":1985,""x_mg"":60,""y_mg"":-24,""z_mg"":1100}"
40.875,right_hand,og,tilt,,"{""roll_deg"":3.6,""pitch_deg"":-3.0,""steady"":true}"
40.875,right_hand,og,flick_angles,,"{""side_deg"":-1.2,""fwd_deg"":2.8}"
40.906,right_hand,og,acc,2474272,"{""seq"":1986,""x_mg"":72,""y_mg"":-28,""z_mg"":1084}"
40.906,right_hand,og,tilt,,"{""roll_deg"":3.6,""pitch_deg"":-3.1,""steady"":true}"
40.906,right_hand,og,flick_angles,,"{""side_deg"":-1.2,""fwd_deg"":2.9}"
40.937,right_hand,og,acc,2474293,"{""seq"":1987,""x_mg"":100,""y_mg"":-24,""z_mg"":1032}"
40.937,right_hand,og,tilt,,"{""roll_deg"":3.6,""pitch_deg"":-3.1,""steady"":true}"
40.937,right_hand,og,flick_angles,,"{""side_deg"":-1.3,""fwd_deg"":3.4}"
40.937,right_hand,og,acc,2474314,"{""seq"":1988,""x_mg"":140,""y_mg"":-8,""z_mg"":1012}"
40.937,right_hand,og,tilt,,"{""roll_deg"":3.7,""pitch_deg"":-3.1,""steady"":true}"
40.937,right_hand,og,flick_angles,,"{""side_deg"":-1.3,""fwd_deg"":4.5}"
40.953,right_hand,og,acc,2474334,"{""seq"":1989,""x_mg"":160,""y_mg"":4,""z_mg"":984}"
40.953,right_hand,og,tilt,,"{""roll_deg"":3.8,""pitch_deg"":-3.1,""steady"":true}"
40.953,right_hand,og,flick_angles,,"{""side_deg"":-0.9,""fwd_deg"":6.2}"
40.984,right_hand,og,acc,2474355,"{""seq"":1990,""x_mg"":184,""y_mg"":8,""z_mg"":956}"
40.984,right_hand,og,tilt,,"{""roll_deg"":4.0,""pitch_deg"":-2.5,""steady"":true}"
40.984,right_hand,og,flick_angles,,"{""side_deg"":-0.3,""fwd_deg"":7.7}"
41.015,right_hand,og,acc,2474375,"{""seq"":1991,""x_mg"":212,""y_mg"":-8,""z_mg"":952}"
41.015,right_hand,og,tilt,,"{""roll_deg"":4.2,""pitch_deg"":-1.3,""steady"":true}"
41.015,right_hand,og,flick_angles,,"{""side_deg"":-0.0,""fwd_deg"":9.3}"
41.015,right_hand,og,acc,2474396,"{""seq"":1992,""x_mg"":220,""y_mg"":-36,""z_mg"":920}"
41.015,right_hand,og,tilt,,"{""roll_deg"":4.2,""pitch_deg"":0.4,""steady"":true}"
41.015,right_hand,og,flick_angles,,"{""side_deg"":-0.3,""fwd_deg"":10.9}"
41.047,right_hand,og,acc,2474416,"{""seq"":1993,""x_mg"":236,""y_mg"":-56,""z_mg"":896}"
41.047,right_hand,og,tilt,,"{""roll_deg"":4.2,""pitch_deg"":1.9,""steady"":true}"
41.047,right_hand,og,flick_angles,,"{""side_deg"":-1.2,""fwd_deg"":12.2}"
41.078,right_hand,og,acc,2474437,"{""seq"":1994,""x_mg"":260,""y_mg"":-60,""z_mg"":880}"
41.078,right_hand,og,tilt,,"{""roll_deg"":4.2,""pitch_deg"":3.6,""steady"":true}"
41.078,right_hand,og,flick_angles,,"{""side_deg"":-2.3,""fwd_deg"":13.5}"
41.078,right_hand,og,acc,2474458,"{""seq"":1995,""x_mg"":264,""y_mg"":-64,""z_mg"":860}"
41.078,right_hand,og,tilt,,"{""roll_deg"":4.2,""pitch_deg"":5.4,""steady"":true}"
41.078,right_hand,og,flick_angles,,"{""side_deg"":-3.0,""fwd_deg"":14.9}"
41.109,right_hand,og,acc,2474478,"{""seq"":1996,""x_mg"":260,""y_mg"":-52,""z_mg"":868}"
41.109,right_hand,og,tilt,,"{""roll_deg"":4.2,""pitch_deg"":6.7,""steady"":true}"
41.109,right_hand,og,flick_angles,,"{""side_deg"":-3.4,""fwd_deg"":15.8}"
41.140,right_hand,og,acc,2474499,"{""seq"":1997,""x_mg"":264,""y_mg"":-28,""z_mg"":852}"
41.140,right_hand,og,tilt,,"{""roll_deg"":4.1,""pitch_deg"":7.7,""steady"":true}"
41.140,right_hand,og,flick_angles,,"{""side_deg"":-3.3,""fwd_deg"":16.4}"
41.140,right_hand,og,acc,2474519,"{""seq"":1998,""x_mg"":248,""y_mg"":-44,""z_mg"":820}"
41.140,right_hand,og,tilt,,"{""roll_deg"":4.0,""pitch_deg"":8.3,""steady"":true}"
41.140,right_hand,og,flick_angles,,"{""side_deg"":-3.1,""fwd_deg"":16.6}"
41.156,right_hand,og,acc,2474540,"{""seq"":1999,""x_mg"":240,""y_mg"":-52,""z_mg"":808}"
41.156,right_hand,og,tilt,,"{""roll_deg"":3.8,""pitch_deg"":8.7,""steady"":true}"
41.156,right_hand,og,flick_angles,,"{""side_deg"":-3.0,""fwd_deg"":16.7}"
41.187,right_hand,og,acc,2474560,"{""seq"":2000,""x_mg"":236,""y_mg"":-36,""z_mg"":808}"
41.187,right_hand,og,tilt,,"{""roll_deg"":3.7,""pitch_deg"":8.8,""steady"":true}"
41.187,right_hand,og,flick_angles,,"{""side_deg"":-3.0,""fwd_deg"":16.6}"
41.219,right_hand,og,acc,2474581,"{""seq"":2001,""x_mg"":232,""y_mg"":4,""z_mg"":792}"
41.219,right_hand,og,tilt,,"{""roll_deg"":3.7,""pitch_deg"":8.9,""steady"":true}"
41.219,right_hand,og,flick_angles,,"{""side_deg"":-2.7,""fwd_deg"":16.5}"
41.219,right_hand,og,acc,2474601,"{""seq"":2002,""x_mg"":212,""y_mg"":44,""z_mg"":796}"
41.219,right_hand,og,tilt,,"{""roll_deg"":3.7,""pitch_deg"":9.0,""steady"":true}"
41.219,right_hand,og,flick_angles,,"{""side_deg"":-1.2,""fwd_deg"":16.4}"
41.250,right_hand,og,acc,2474622,"{""seq"":2003,""x_mg"":200,""y_mg"":36,""z_mg"":804}"
41.250,right_hand,og,tilt,,"{""roll_deg"":3.7,""pitch_deg"":9.0,""steady"":true}"
41.250,right_hand,og,flick_angles,,"{""side_deg"":0.6,""fwd_deg"":15.6}"
41.281,right_hand,og,acc,2474643,"{""seq"":2004,""x_mg"":188,""y_mg"":0,""z_mg"":800}"
41.281,right_hand,og,tilt,,"{""roll_deg"":4.1,""pitch_deg"":9.0,""steady"":true}"
41.281,right_hand,og,flick_angles,,"{""side_deg"":1.6,""fwd_deg"":14.8}"
41.281,right_hand,og,acc,2474663,"{""seq"":2005,""x_mg"":164,""y_mg"":-12,""z_mg"":788}"
41.281,right_hand,og,tilt,,"{""roll_deg"":4.3,""pitch_deg"":8.8,""steady"":true}"
41.281,right_hand,og,flick_angles,,"{""side_deg"":0.8,""fwd_deg"":14.0}"
41.312,right_hand,og,acc,2474684,"{""seq"":2006,""x_mg"":136,""y_mg"":20,""z_mg"":792}"
41.312,right_hand,og,tilt,,"{""roll_deg"":4.4,""pitch_deg"":8.4,""steady"":true}"
41.312,right_hand,og,flick_angles,,"{""side_deg"":0.4,""fwd_deg"":12.9}"
41.359,right_hand,og,acc,2474704,"{""seq"":2007,""x_mg"":88,""y_mg"":72,""z_mg"":820}"
41.359,right_hand,og,tilt,,"{""roll_deg"":4.7,""pitch_deg"":8.0,""steady"":true}"
41.359,right_hand,og,flick_angles,,"{""side_deg"":0.9,""fwd_deg"":11.3}"
41.359,right_hand,og,acc,2474725,"{""seq"":2008,""x_mg"":32,""y_mg"":76,""z_mg"":876}"
41.359,right_hand,og,tilt,,"{""roll_deg"":5.8,""pitch_deg"":6.5,""steady"":true}"
41.359,right_hand,og,flick_angles,,"{""side_deg"":2.9,""fwd_deg"":8.7}"
41.375,right_hand,og,acc,2474745,"{""seq"":2009,""x_mg"":-28,""y_mg"":32,""z_mg"":924}"
41.375,right_hand,og,tilt,,"{""roll_deg"":6.8,""pitch_deg"":3.8,""steady"":true}"
41.375,right_hand,og,flick_angles,,"{""side_deg"":3.9,""fwd_deg"":5.4}"
41.422,right_hand,og,acc,2474766,"{""seq"":2010,""x_mg"":-84,""y_mg"":32,""z_mg"":952}"
41.422,right_hand,og,tilt,,"{""roll_deg"":6.8,""pitch_deg"":-0.2,""steady"":true}"
41.422,right_hand,og,flick_angles,,"{""side_deg"":3.0,""fwd_deg"":1.8}"
41.422,right_hand,og,acc,2474787,"{""seq"":2011,""x_mg"":-124,""y_mg"":72,""z_mg"":1008}"
41.422,right_hand,og,tilt,,"{""roll_deg"":6.9,""pitch_deg"":-4.5,""steady"":true}"
41.422,right_hand,og,flick_angles,,"{""side_deg"":2.5,""fwd_deg"":-1.6}"
41.422,right_hand,game,hit,,"{""n"":14,""dir"":""down"",""err_ms"":32}"
41.453,right_hand,og,acc,2474807,"{""seq"":2012,""x_mg"":-172,""y_mg"":76,""z_mg"":1060}"
41.453,right_hand,og,tilt,,"{""roll_deg"":7.4,""pitch_deg"":-8.0,""steady"":true}"
41.453,right_hand,og,flick_angles,,"{""side_deg"":3.3,""fwd_deg"":-4.3}"
41.453,right_hand,og,acc,2474828,"{""seq"":2013,""x_mg"":-216,""y_mg"":24,""z_mg"":1096}"
41.453,right_hand,og,tilt,,"{""roll_deg"":7.8,""pitch_deg"":-11.2,""steady"":true}"
41.453,right_hand,og,flick_angles,,"{""side_deg"":3.7,""fwd_deg"":-6.7}"
41.484,right_hand,og,acc,2474848,"{""seq"":2014,""x_mg"":-232,""y_mg"":-8,""z_mg"":1116}"
41.484,right_hand,og,tilt,,"{""roll_deg"":7.8,""pitch_deg"":-13.8,""steady"":true}"
41.484,right_hand,og,flick_angles,,"{""side_deg"":2.4,""fwd_deg"":-8.9}"
41.515,right_hand,og,acc,2474869,"{""seq"":2015,""x_mg"":-284,""y_mg"":-16,""z_mg"":1100}"
41.515,right_hand,og,tilt,,"{""roll_deg"":7.8,""pitch_deg"":-15.6,""steady"":true}"
41.515,right_hand,og,flick_angles,,"{""side_deg"":1.0,""fwd_deg"":-10.3}"
41.515,right_hand,og,acc,2474889,"{""seq"":2016,""x_mg"":-312,""y_mg"":-16,""z_mg"":1084}"
41.515,right_hand,og,tilt,,"{""roll_deg"":7.6,""pitch_deg"":-17.8,""steady"":true}"
41.515,right_hand,og,flick_angles,,"{""side_deg"":0.1,""fwd_deg"":-12.4}"
41.547,right_hand,og,acc,2474910,"{""seq"":2017,""x_mg"":-316,""y_mg"":-20,""z_mg"":1104}"
41.547,right_hand,og,tilt,,"{""roll_deg"":7.5,""pitch_deg"":-19.7,""steady"":true}"
41.547,right_hand,og,flick_angles,,"{""side_deg"":-0.4,""fwd_deg"":-14.2}"
41.578,right_hand,og,acc,2474931,"{""seq"":2018,""x_mg"":-324,""y_mg"":-12,""z_mg"":1112}"
41.578,right_hand,og,tilt,,"{""roll_deg"":7.3,""pitch_deg"":-20.8,""steady"":true}"
41.578,right_hand,og,flick_angles,,"{""side_deg"":-0.6,""fwd_deg"":-15.1}"
41.578,right_hand,og,acc,2474951,"{""seq"":2019,""x_mg"":-368,""y_mg"":-4,""z_mg"":1088}"
41.578,right_hand,og,tilt,,"{""roll_deg"":7.1,""pitch_deg"":-21.5,""steady"":true}"
41.578,right_hand,og,flick_angles,,"{""side_deg"":-0.6,""fwd_deg"":-15.7}"
41.609,right_hand,og,acc,2474972,"{""seq"":2020,""x_mg"":-384,""y_mg"":24,""z_mg"":1104}"
41.609,right_hand,og,tilt,,"{""roll_deg"":6.9,""pitch_deg"":-22.9,""steady"":true}"
41.609,right_hand,og,flick_angles,,"{""side_deg"":-0.4,""fwd_deg"":-17.2}"
41.640,right_hand,og,acc,2474992,"{""seq"":2021,""x_mg"":-404,""y_mg"":16,""z_mg"":1100}"
41.640,right_hand,og,tilt,,"{""roll_deg"":6.9,""pitch_deg"":-23.9,""steady"":true}"
41.640,right_hand,og,flick_angles,,"{""side_deg"":0.2,""fwd_deg"":-18.2}"
41.640,right_hand,og,acc,2475013,"{""seq"":2022,""x_mg"":-404,""y_mg"":-12,""z_mg"":1116}"
41.640,right_hand,og,tilt,,"{""roll_deg"":6.9,""pitch_deg"":-24.8,""steady"":true}"
41.640,right_hand,og,flick_angles,,"{""side_deg"":0.5,""fwd_deg"":-19.0}"
41.672,right_hand,og,acc,2475033,"{""seq"":2023,""x_mg"":-416,""y_mg"":-4,""z_mg"":1096}"
41.672,right_hand,og,tilt,,"{""roll_deg"":6.8,""pitch_deg"":-25.4,""steady"":true}"
41.672,right_hand,og,flick_angles,,"{""side_deg"":0.1,""fwd_deg"":-19.6}"
41.703,right_hand,og,acc,2475054,"{""seq"":2024,""x_mg"":-420,""y_mg"":8,""z_mg"":1096}"
41.703,right_hand,og,tilt,,"{""roll_deg"":6.6,""pitch_deg"":-26.0,""steady"":true}"
41.703,right_hand,og,flick_angles,,"{""side_deg"":-0.0,""fwd_deg"":-20.2}"
41.703,right_hand,og,acc,2475074,"{""seq"":2025,""x_mg"":-404,""y_mg"":16,""z_mg"":1100}"
41.703,right_hand,og,tilt,,"{""roll_deg"":6.6,""pitch_deg"":-26.4,""steady"":true}"
41.703,right_hand,og,flick_angles,,"{""side_deg"":0.2,""fwd_deg"":-20.5}"
41.734,right_hand,og,acc,2475095,"{""seq"":2026,""x_mg"":-412,""y_mg"":72,""z_mg"":1104}"
41.734,right_hand,og,tilt,,"{""roll_deg"":6.6,""pitch_deg"":-26.5,""steady"":true}"
41.734,right_hand,og,flick_angles,,"{""side_deg"":0.5,""fwd_deg"":-20.5}"
41.734,right_hand,og,acc,2475116,"{""seq"":2027,""x_mg"":-424,""y_mg"":64,""z_mg"":1072}"
41.734,right_hand,og,tilt,,"{""roll_deg"":6.6,""pitch_deg"":-26.6,""steady"":true}"
41.734,right_hand,og,flick_angles,,"{""side_deg"":1.8,""fwd_deg"":-20.4}"
41.765,right_hand,og,acc,2475136,"{""seq"":2028,""x_mg"":-356,""y_mg"":-16,""z_mg"":1044}"
41.765,right_hand,og,tilt,,"{""roll_deg"":6.6,""pitch_deg"":-26.7,""steady"":true}"
41.765,right_hand,og,flick_angles,,"{""side_deg"":2.5,""fwd_deg"":-20.4}"
41.781,right_hand,og,acc,2475157,"{""seq"":2029,""x_mg"":-304,""y_mg"":-24,""z_mg"":996}"
41.781,right_hand,og,tilt,,"{""roll_deg"":6.6,""pitch_deg"":-26.7,""steady"":true}"
41.781,right_hand,og,flick_angles,,"{""side_deg"":0.8,""fwd_deg"":-19.6}"
41.812,right_hand,og,acc,2475177,"{""seq"":2030,""x_mg"":-260,""y_mg"":28,""z_mg"":920}"
41.812,right_hand,og,tilt,,"{""roll_deg"":6.6,""pitch_deg"":-26.6,""steady"":true}"
41.812,right_hand,og,flick_angles,,"{""side_deg"":0.0,""fwd_deg"":-18.3}"
41.844,right_hand,og,acc,2475198,"{""seq"":2031,""x_mg"":-224,""y_mg"":40,""z_mg"":884}"
41.844,right_hand,og,tilt,,"{""roll_deg"":6.6,""pitch_deg"":-26.1,""steady"":true}"
41.844,right_hand,og,flick_angles,,"{""side_deg"":0.8,""fwd_deg"":-17.0}"
41.844,right_hand,og,acc,2475218,"{""seq"":2032,""x_mg"":-196,""y_mg"":44,""z_mg"":860}"
41.844,right_hand,og,tilt,,"{""roll_deg"":6.6,""pitch_deg"":-25.7,""steady"":true}"
41.844,right_hand,og,flick_angles,,"{""side_deg"":1.7,""fwd_deg"":-15.6}"
41.875,right_hand,og,acc,2475239,"{""seq"":2033,""x_mg"":-180,""y_mg"":40,""z_mg"":828}"
41.875,right_hand,og,tilt,,"{""roll_deg"":6.6,""pitch_deg"":-25.1,""steady"":true}"
41.875,right_hand,og,flick_angles,,"{""side_deg"":2.2,""fwd_deg"":-14.2}"
41.875,right_hand,og,acc,2475260,"{""seq"":2034,""x_mg"":-180,""y_mg"":48,""z_mg"":832}"
41.875,right_hand,og,tilt,,"{""roll_deg"":6.6,""pitch_deg"":-24.1,""steady"":true}"
41.875,right_hand,og,flick_angles,,"{""side_deg"":2.5,""fwd_deg"":-13.2}"
41.906,right_hand,og,acc,2475280,"{""seq"":2035,""x_mg"":-156,""y_mg"":52,""z_mg"":840}"
41.906,right_hand,og,tilt,,"{""roll_deg"":6.7,""pitch_deg"":-23.2,""steady"":true}"
41.906,right_hand,og,flick_angles,,"{""side_deg"":2.9,""fwd_deg"":-12.7}"
41.937,right_hand,og,acc,2475301,"{""seq"":2036,""x_mg"":-148,""y_mg"":36,""z_mg"":836}"
41.937,right_hand,og,tilt,,"{""roll_deg"":6.9,""pitch_deg"":-21.9,""steady"":true}"
41.937,right_hand,og,flick_angles,,"{""side_deg"":3.1,""fwd_deg"":-11.6}"
41.937,right_hand,og,acc,2475321,"{""seq"":2037,""x_mg"":-160,""y_mg"":40,""z_mg"":864}"
41.937,right_hand,og,tilt,,"{""roll_deg"":7.0,""pitch_deg"":-20.8,""steady"":true}"
41.937,right_hand,og,flick_angles,,"{""side_deg"":2.8,""fwd_deg"":-11.0}"
41.969,right_hand,og,acc,2475342,"{""seq"":2038,""x_mg"":-168,""y_mg"":48,""z_mg"":936}"
41.969,right_hand,og,tilt,,"{""roll_deg"":7.1,""pitch_deg"":-19.9,""steady"":true}"
41.969,right_hand,og,flick_angles,,"{""side_deg"":2.7,""fwd_deg"":-10.6}"
42.000,right_hand,og,acc,2475362,"{""seq"":2039,""x_mg"":-196,""y_mg"":52,""z_mg"":968}"
42.000,right_hand,og,tilt,,"{""roll_deg"":7.3,""pitch_deg"":-19.3,""steady"":true}"
42.000,right_hand,og,flick_angles,,"{""side_deg"":2.8,""fwd_deg"":-10.5}"
42.000,right_hand,og,acc,2475383,"{""seq"":2040,""x_mg"":-196,""y_mg"":24,""z_mg"":984}"
42.000,right_hand,og,tilt,,"{""roll_deg"":7.4,""pitch_deg"":-19.1,""steady"":true}"
42.000,right_hand,og,flick_angles,,"{""side_deg"":2.8,""fwd_deg"":-10.9}"
42.015,right_hand,og,acc,2475404,"{""seq"":2041,""x_mg"":-184,""y_mg"":-60,""z_mg"":1032}"
42.015,right_hand,og,tilt,,"{""roll_deg"":7.4,""pitch_deg"":-19.0,""steady"":true}"
42.015,right_hand,og,flick_angles,,"{""side_deg"":2.1,""fwd_deg"":-11.1}"
42.047,right_hand,og,acc,2475424,"{""seq"":2042,""x_mg"":-192,""y_mg"":-44,""z_mg"":1060}"
42.047,right_hand,og,tilt,,"{""roll_deg"":7.4,""pitch_deg"":-18.6,""steady"":true}"
42.047,right_hand,og,flick_angles,,"{""side_deg"":-0.1,""fwd_deg"":-10.7}"
42.078,right_hand,og,acc,2475445,"{""seq"":2043,""x_mg"":-212,""y_mg"":8,""z_mg"":1096}"
42.078,right_hand,og,tilt,,"{""roll_deg"":7.3,""pitch_deg"":-18.3,""steady"":true}"
42.078,right_hand,og,flick_angles,,"{""side_deg"":-1.2,""fwd_deg"":-10.5}"
42.078,right_hand,og,acc,2475465,"{""seq"":2044,""x_mg"":-192,""y_mg"":28,""z_mg"":1104}"
42.078,right_hand,og,tilt,,"{""roll_deg"":7.2,""pitch_deg"":-18.2,""steady"":true}"
42.078,right_hand,og,flick_angles,,"{""side_deg"":-0.4,""fwd_deg"":-10.4}"
42.125,right_hand,og,acc,2475486,"{""seq"":2045,""x_mg"":-172,""y_mg"":36,""z_mg"":1092}"
42.125,right_hand,og,tilt,,"{""roll_deg"":7.2,""pitch_deg"":-17.9,""steady"":true}"
42.125,right_hand,og,flick_angles,,"{""side_deg"":0.5,""fwd_deg"":-10.1}"
42.156,right_hand,og,acc,2475506,"{""seq"":2046,""x_mg"":-140,""y_mg"":12,""z_mg"":1088}"
42.156,right_hand,og,tilt,,"{""roll_deg"":7.2,""pitch_deg"":-17.5,""steady"":true}"
42.156,right_hand,og,flick_angles,,"{""side_deg"":1.0,""fwd_deg"":-9.5}"
42.156,right_hand,og,acc,2475527,"{""seq"":2047,""x_mg"":-144,""y_mg"":8,""z_mg"":1096}"
42.156,right_hand,og,tilt,,"{""roll_deg"":7.2,""pitch_deg"":-16.9,""steady"":true}"
42.156,right_hand,og,flick_angles,,"{""side_deg"":0.8,""fwd_deg"":-8.5}"
42.187,right_hand,og,acc,2475548,"{""seq"":2048,""x_mg"":-128,""y_mg"":-8,""z_mg"":1076}"
42.187,right_hand,og,tilt,,"{""roll_deg"":7.1,""pitch_deg"":-16.3,""steady"":true}"
42.187,right_hand,og,flick_angles,,"{""side_deg"":0.6,""fwd_deg"":-7.9}"
42.203,right_hand,og,acc,2475568,"{""seq"":2049,""x_mg"":-92,""y_mg"":-4,""z_mg"":1036}"
42.203,right_hand,og,tilt,,"{""roll_deg"":6.9,""pitch_deg"":-15.8,""steady"":true}"
42.203,right_hand,og,flick_angles,,"{""side_deg"":0.2,""fwd_deg"":-7.4}"
42.203,right_hand,og,acc,2475589,"{""seq"":2050,""x_mg"":-64,""y_mg"":-8,""z_mg"":1004}"
42.203,right_hand,og,tilt,,"{""roll_deg"":6.8,""pitch_deg"":-14.9,""steady"":true}"
42.203,right_hand,og,flick_angles,,"{""side_deg"":-0.1,""fwd_deg"":-6.2}"
42.234,right_hand,og,acc,2475609,"{""seq"":2051,""x_mg"":-24,""y_mg"":-4,""z_mg"":988}"
42.234,right_hand,og,tilt,,"{""roll_deg"":6.6,""pitch_deg"":-13.9,""steady"":true}"
42.234,right_hand,og,flick_angles,,"{""side_deg"":-0.2,""fwd_deg"":-4.9}"
42.265,right_hand,og,acc,2475630,"{""seq"":2052,""x_mg"":-4,""y_mg"":-4,""z_mg"":956}"
42.265,right_hand,og,tilt,,"{""roll_deg"":6.5,""pitch_deg"":-12.3,""steady"":true}"
42.265,right_hand,og,flick_angles,,"{""side_deg"":-0.2,""fwd_deg"":-3.2}"
42.297,right_hand,og,acc,2475650,"{""seq"":2053,""x_mg"":12,""y_mg"":-8,""z_mg"":948}"
42.297,right_hand,og,tilt,,"{""roll_deg"":6.4,""pitch_deg"":-10.9,""steady"":true}"
42.297,right_hand,og,flick_angles,,"{""side_deg"":-0.2,""fwd_deg"":-1.7}"
42.297,right_hand,og,acc,2475671,"{""seq"":2054,""x_mg"":20,""y_mg"":-20,""z_mg"":932}"
42.297,right_hand,og,tilt,,"{""roll_deg"":6.3,""pitch_deg"":-9.5,""steady"":true}"
42.297,right_hand,og,flick_angles,,"{""side_deg"":-0.4,""fwd_deg"":-0.5}"
42.328,right_hand,og,acc,2475692,"{""seq"":2055,""x_mg"":32,""y_mg"":-32,""z_mg"":932}"
42.328,right_hand,og,tilt,,"{""roll_deg"":6.0,""pitch_deg"":-8.4,""steady"":true}"
42.328,right_hand,og,flick_angles,,"{""side_deg"":-0.8,""fwd_deg"":0.4}"
42.359,right_hand,og,acc,2475712,"{""seq"":2056,""x_mg"":56,""y_mg"":-24,""z_mg"":932}"
42.359,right_hand,og,tilt,,"{""roll_deg"":5.8,""pitch_deg"":-7.4,""steady"":true}"
42.359,right_hand,og,flick_angles,,"{""side_deg"":-1.1,""fwd_deg"":1.2}"
42.359,right_hand,og,acc,2475733,"{""seq"":2057,""x_mg"":60,""y_mg"":-20,""z_mg"":920}"
42.359,right_hand,og,tilt,,"{""roll_deg"":5.6,""pitch_deg"":-6.2,""steady"":true}"
42.359,right_hand,og,flick_angles,,"{""side_deg"":-1.3,""fwd_deg"":2.3}"
42.390,right_hand,og,acc,2475753,"{""seq"":2058,""x_mg"":60,""y_mg"":-20,""z_mg"":920}"
42.390,right_hand,og,tremor,,"{""rms_mg"":19.0,""peak_hz"":8.9}"
42.390,right_hand,og,tilt,,"{""roll_deg"":5.5,""pitch_deg"":-5.4,""steady"":true}"
42.390,right_hand,og,flick_angles,,"{""side_deg"":-1.3,""fwd_deg"":3.0}"
42.390,right_hand,og,acc,2475774,"{""seq"":2059,""x_mg"":72,""y_mg"":-32,""z_mg"":912}"
42.390,right_hand,og,tilt,,"{""roll_deg"":5.4,""pitch_deg"":-4.8,""steady"":true}"
42.390,right_hand,og,flick_angles,,"{""side_deg"":-1.3,""fwd_deg"":3.4}"
42.422,right_hand,og,acc,2475794,"{""seq"":2060,""x_mg"":88,""y_mg"":-32,""z_mg"":892}"
42.422,right_hand,og,tilt,,"{""roll_deg"":5.1,""pitch_deg"":-4.2,""steady"":true}"
42.422,right_hand,og,flick_angles,,"{""side_deg"":-1.6,""fwd_deg"":3.9}"
42.437,right_hand,og,acc,2475815,"{""seq"":2061,""x_mg"":100,""y_mg"":-20,""z_mg"":904}"
42.437,right_hand,og,tilt,,"{""roll_deg"":4.9,""pitch_deg"":-3.4,""steady"":true}"
42.437,right_hand,og,flick_angles,,"{""side_deg"":-1.8,""fwd_deg"":4.8}"
42.469,right_hand,og,acc,2475835,"{""seq"":2062,""x_mg"":84,""y_mg"":-16,""z_mg"":940}"
42.469,right_hand,og,tilt,,"{""roll_deg"":4.9,""pitch_deg"":-2.9,""steady"":true}"
42.469,right_hand,og,flick_angles,,"{""side_deg"":-1.5,""fwd_deg"":5.2}"
42.500,right_hand,og,acc,2475856,"{""seq"":2063,""x_mg"":96,""y_mg"":-20,""z_mg"":932}"
42.500,right_hand,og,tilt,,"{""roll_deg"":4.9,""pitch_deg"":-2.4,""steady"":true}"
42.500,right_hand,og,flick_angles,,"{""side_deg"":-1.4,""fwd_deg"":5.5}"
42.500,right_hand,og,acc,2475877,"{""seq"":2064,""x_mg"":116,""y_mg"":-24,""z_mg"":960}"
42.500,right_hand,og,tilt,,"{""roll_deg"":4.9,""pitch_deg"":-2.1,""steady"":true}"
42.500,right_hand,og,flick_angles,,"{""side_deg"":-1.3,""fwd_deg"":5.7}"
42.531,right_hand,og,acc,2475897,"{""seq"":2065,""x_mg"":104,""y_mg"":-12,""z_mg"":968}"
42.531,right_hand,og,tilt,,"{""roll_deg"":4.9,""pitch_deg"":-1.9,""steady"":true}"
42.531,right_hand,og,flick_angles,,"{""side_deg"":-1.3,""fwd_deg"":5.9}"
42.531,right_hand,og,acc,2475918,"{""seq"":2066,""x_mg"":112,""y_mg"":-4,""z_mg"":972}"
42.531,right_hand,og,tilt,,"{""roll_deg"":4.9,""pitch_deg"":-1.6,""steady"":true}"
42.531,right_hand,og,flick_angles,,"{""side_deg"":-1.0,""fwd_deg"":6.2}"
42.562,right_hand,og,acc,2475938,"{""seq"":2067,""x_mg"":112,""y_mg"":0,""z_mg"":984}"
42.562,right_hand,og,tilt,,"{""roll_deg"":4.9,""pitch_deg"":-1.4,""steady"":true}"
42.562,right_hand,og,flick_angles,,"{""side_deg"":-0.6,""fwd_deg"":6.4}"
42.594,right_hand,og,acc,2475959,"{""seq"":2068,""x_mg"":108,""y_mg"":-12,""z_mg"":992}"
42.594,right_hand,og,tilt,,"{""roll_deg"":4.9,""pitch_deg"":-1.2,""steady"":true}"
42.594,right_hand,og,flick_angles,,"{""side_deg"":-0.4,""fwd_deg"":6.4}"
42.594,right_hand,og,acc,2475979,"{""seq"":2069,""x_mg"":116,""y_mg"":-24,""z_mg"":996}"
42.594,right_hand,og,tilt,,"{""roll_deg"":4.9,""pitch_deg"":-1.1,""steady"":true}"
42.594,right_hand,og,flick_angles,,"{""side_deg"":-0.6,""fwd_deg"":6.5}"
42.625,right_hand,og,acc,2476000,"{""seq"":2070,""x_mg"":124,""y_mg"":-12,""z_mg"":1008}"
42.625,right_hand,og,tilt,,"{""roll_deg"":4.9,""pitch_deg"":-1.0,""steady"":true}"
42.625,right_hand,og,flick_angles,,"{""side_deg"":-0.6,""fwd_deg"":6.6}"
42.656,right_hand,og,acc,2476021,"{""seq"":2071,""x_mg"":112,""y_mg"":4,""z_mg"":1012}"
42.656,right_hand,og,tilt,,"{""roll_deg"":4.9,""pitch_deg"":-0.9,""steady"":true}"
42.656,right_hand,og,flick_angles,,"{""side_deg"":-0.6,""fwd_deg"":6.6}"
42.656,right_hand,og,acc,2476041,"{""seq"":2072,""x_mg"":116,""y_mg"":-8,""z_mg"":1000}"
42.656,right_hand,og,tilt,,"{""roll_deg"":4.9,""pitch_deg"":-0.8,""steady"":true}"
42.656,right_hand,og,flick_angles,,"{""side_deg"":-0.6,""fwd_deg"":6.6}"
42.703,right_hand,og,acc,2476062,"{""seq"":2073,""x_mg"":140,""y_mg"":-20,""z_mg"":980}"
42.703,right_hand,og,tilt,,"{""roll_deg"":4.9,""pitch_deg"":-0.8,""steady"":true}"
42.703,right_hand,og,flick_angles,,"{""side_deg"":-0.5,""fwd_deg"":6.6}"
42.734,right_hand,og,acc,2476082,"{""seq"":2074,""x_mg"":136,""y_mg"":-16,""z_mg"":984}"
42.734,right_hand,og,tilt,,"{""roll_deg"":4.9,""pitch_deg"":-0.5,""steady"":true}"
42.734,right_hand,og,flick_angles,,"{""side_deg"":-0.7,""fwd_deg"":7.2}"
42.734,right_hand,og,acc,2476103,"{""seq"":2075,""x_mg"":112,""y_mg"":0,""z_mg"":988}"
42.734,right_hand,og,tilt,,"{""roll_deg"":4.9,""pitch_deg"":-0.3,""steady"":true}"
42.734,right_hand,og,flick_angles,,"{""side_deg"":-0.8,""fwd_deg"":7.6}"
42.765,right_hand,og,acc,2476123,"{""seq"":2076,""x_mg"":112,""y_mg"":0,""z_mg"":968}"
42.765,right_hand,og,tilt,,"{""roll_deg"":4.9,""pitch_deg"":-0.3,""steady"":true}"
42.765,right_hand,og,flick_angles,,"{""side_deg"":-0.4,""fwd_deg"":7.1}"
42.797,right_hand,og,acc,2476144,"{""seq"":2077,""x_mg"":124,""y_mg"":-20,""z_mg"":960}"
42.797,right_hand,og,tilt,,"{""roll_deg"":4.9,""pitch_deg"":-0.3,""steady"":true}"
42.797,right_hand,og,flick_angles,,"{""side_deg"":-0.2,""fwd_deg"":6.8}"
42.797,right_hand,og,acc,2476165,"{""seq"":2078,""x_mg"":108,""y_mg"":-16,""z_mg"":988}"
42.797,right_hand,og,tilt,,"{""roll_deg"":4.9,""pitch_deg"":-0.3,""steady"":true}"
42.797,right_hand,og,flick_angles,,"{""side_deg"":-0.6,""fwd_deg"":6.7}"
42.828,right_hand,og,acc,2476185,"{""seq"":2079,""x_mg"":88,""y_mg"":8,""z_mg"":980}"
42.828,right_hand,og,tilt,,"{""roll_deg"":4.9,""pitch_deg"":-0.3,""steady"":true}"
42.828,right_hand,og,flick_angles,,"{""side_deg"":-0.7,""fwd_deg"":6.5}"
42.859,right_hand,og,acc,2476206,"{""seq"":2080,""x_mg"":84,""y_mg"":-20,""z_mg"":976}"
42.859,right_hand,og,tilt,,"{""roll_deg"":4.9,""pitch_deg"":-0.3,""steady"":true}"
42.859,right_hand,og,flick_angles,,"{""side_deg"":-0.8,""fwd_deg"":5.8}"
42.859,right_hand,og,acc,2476226,"{""seq"":2081,""x_mg"":108,""y_mg"":-64,""z_mg"":948}"
42.859,right_hand,og,tilt,,"{""roll_deg"":4.9,""pitch_deg"":-0.3,""steady"":true}"
42.859,right_hand,og,flick_angles,,"{""side_deg"":-1.0,""fwd_deg"":5.5}"
42.890,right_hand,og,acc,2476247,"{""seq"":2082,""x_mg"":120,""y_mg"":-40,""z_mg"":916}"
42.890,right_hand,og,tilt,,"{""roll_deg"":4.9,""pitch_deg"":-0.3,""steady"":true}"
42.890,right_hand,og,flick_angles,,"{""side_deg"":-1.7,""fwd_deg"":6.0}"
42.890,right_hand,og,acc,2476267,"{""seq"":2083,""x_mg"":108,""y_mg"":-12,""z_mg"":904}"
42.890,right_hand,og,tilt,,"{""roll_deg"":4.9,""pitch_deg"":-0.3,""steady"":true}"
42.890,right_hand,og,flick_angles,,"{""side_deg"":-2.1,""fwd_deg"":6.4}"
42.922,right_hand,og,acc,2476288,"{""seq"":2084,""x_mg"":104,""y_mg"":0,""z_mg"":860}"
42.922,right_hand,og,tilt,,"{""roll_deg"":4.9,""pitch_deg"":-0.3,""steady"":true}"
42.922,right_hand,og,flick_angles,,"{""side_deg"":-1.4,""fwd_deg"":6.6}"
42.953,right_hand,og,acc,2476309,"{""seq"":2085,""x_mg"":104,""y_mg"":4,""z_mg"":840}"
42.953,right_hand,og,tilt,,"{""roll_deg"":4.9,""pitch_deg"":-0.3,""steady"":true}"
42.953,right_hand,og,flick_angles,,"{""side_deg"":-0.7,""fwd_deg"":6.8}"
42.953,right_hand,og,acc,2476329,"{""seq"":2086,""x_mg"":104,""y_mg"":-16,""z_mg"":816}"
42.953,right_hand,og,tilt,,"{""roll_deg"":4.9,""pitch_deg"":-0.3,""steady"":true}"
42.953,right_hand,og,flick_angles,,"{""side_deg"":-0.4,""fwd_deg"":6.9}"
42.984,right_hand,og,acc,2476350,"{""seq"":2087,""x_mg"":52,""y_mg"":0,""z_mg"":808}"
42.984,right_hand,og,tilt,,"{""roll_deg"":4.9,""pitch_deg"":-0.3,""steady"":true}"
42.984,right_hand,og,flick_angles,,"{""side_deg"":-0.2,""fwd_deg"":7.0}"
43.015,right_hand,og,acc,2476370,"{""seq"":2088,""x_mg"":4,""y_mg"":32,""z_mg"":848}"
43.015,right_hand,og,tilt,,"{""roll_deg"":4.9,""pitch_deg"":-0.3,""steady"":true}"
43.015,right_hand,og,flick_angles,,"{""side_deg"":-0.1,""fwd_deg"":5.3}"
43.015,right_hand,og,acc,2476391,"{""seq"":2089,""x_mg"":-24,""y_mg"":32,""z_mg"":852}"
43.015,right_hand,og,tilt,,"{""roll_deg"":4.9,""pitch_deg"":-0.9,""steady"":true}"
43.015,right_hand,og,flick_angles,,"{""side_deg"":1.0,""fwd_deg"":2.8}"
43.047,right_hand,og,acc,2476411,"{""seq"":2090,""x_mg"":-52,""y_mg"":24,""z_mg"":872}"
43.047,right_hand,og,tilt,,"{""roll_deg"":5.1,""pitch_deg"":-2.3,""steady"":true}"
43.047,right_hand,og,flick_angles,,"{""side_deg"":1.6,""fwd_deg"":0.6}"
43.078,right_hand,og,acc,2476432,"{""seq"":2091,""x_mg"":-100,""y_mg"":0,""z_mg"":888}"
43.078,right_hand,og,tilt,,"{""roll_deg"":5.3,""pitch_deg"":-4.2,""steady"":true}"
43.078,right_hand,og,flick_angles,,"{""side_deg"":1.6,""fwd_deg"":-1.4}"
43.078,right_hand,og,acc,2476453,"{""seq"":2092,""x_mg"":-160,""y_mg"":16,""z_mg"":892}"
43.078,right_hand,og,tilt,,"{""roll_deg"":5.4,""pitch_deg"":-6.9,""steady"":true}"
43.078,right_hand,og,flick_angles,,"{""side_deg"":1.3,""fwd_deg"":-3.9}"
43.109,right_hand,og,acc,2476473,"{""seq"":2093,""x_mg"":-200,""y_mg"":40,""z_mg"":920}"
43.109,right_hand,og,tilt,,"{""roll_deg"":5.6,""pitch_deg"":-10.2,""steady"":true}"
43.109,right_hand,og,flick_angles,,"{""side_deg"":1.2,""fwd_deg"":-7.0}"
43.140,right_hand,og,acc,2476494,"{""seq"":2094,""x_mg"":-232,""y_mg"":24,""z_mg"":956}"
43.140,right_hand,og,tilt,,"{""roll_deg"":5.7,""pitch_deg"":-13.4,""steady"":true}"
43.140,right_hand,og,flick_angles,,"{""side_deg"":1.3,""fwd_deg"":-9.6}"
43.140,right_hand,og,acc,2476514,"{""seq"":2095,""x_mg"":-324,""y_mg"":64,""z_mg"":1032}"
43.140,right_hand,og,tilt,,"{""roll_deg"":6.0,""pitch_deg"":-15.9,""steady"":true}"
43.140,right_hand,og,flick_angles,,"{""side_deg"":1.9,""fwd_deg"":-11.6}"
43.172,right_hand,og,acc,2476535,"{""seq"":2096,""x_mg"":-368,""y_mg"":60,""z_mg"":1044}"
43.172,right_hand,og,tilt,,"{""roll_deg"":6.4,""pitch_deg"":-19.2,""steady"":true}"
43.172,right_hand,og,flick_angles,,"{""side_deg"":2.5,""fwd_deg"":-14.5}"
43.172,right_hand,game,hit,,"{""n"":15,""dir"":""down"",""err_ms"":297}"
43.172,right_hand,og,acc,2476555,"{""seq"":2097,""x_mg"":-376,""y_mg"":36,""z_mg"":1072}"
43.172,right_hand,og,tilt,,"{""roll_deg"":6.7,""pitch_deg"":-21.8,""steady"":true}"
43.172,right_hand,og,flick_angles,,"{""side_deg"":2.8,""fwd_deg"":-16.9}"
43.203,right_hand,og,acc,2476576,"{""seq"":2098,""x_mg"":-396,""y_mg"":8,""z_mg"":1104}"
43.203,right_hand,og,tilt,,"{""roll_deg"":6.8,""pitch_deg"":-23.5,""steady"":true}"
43.203,right_hand,og,flick_angles,,"{""side_deg"":2.3,""fwd_deg"":-18.2}"
43.234,right_hand,og,acc,2476597,"{""seq"":2099,""x_mg"":-416,""y_mg"":16,""z_mg"":1136}"
43.234,right_hand,og,tilt,,"{""roll_deg"":6.8,""pitch_deg"":-24.5,""steady"":true}"
43.234,right_hand,og,flick_angles,,"{""side_deg"":1.5,""fwd_deg"":-18.9}"
43.234,right_hand,og,acc,2476617,"{""seq"":2100,""x_mg"":-428,""y_mg"":20,""z_mg"":1136}"
43.234,right_hand,og,tilt,,"{""roll_deg"":6.8,""pitch_deg"":-25.3,""steady"":true}"
43.234,right_hand,og,flick_angles,,"{""side_deg"":1.1,""fwd_deg"":-19.5}"
43.265,right_hand,og,acc,2476638,"{""seq"":2101,""x_mg"":-420,""y_mg"":40,""z_mg"":1136}"
43.265,right_hand,og,tilt,,"{""roll_deg"":6.8,""pitch_deg"":-25.8,""steady"":true}"
43.265,right_hand,og,flick_angles,,"{""side_deg"":1.0,""fwd_deg"":-19.9}"
43.297,right_hand,og,acc,2476658,"{""seq"":2102,""x_mg"":-424,""y_mg"":40,""z_mg"":1108}"
43.297,right_hand,og,tilt,,"{""roll_deg"":6.8,""pitch_deg"":-26.2,""steady"":true}"
43.297,right_hand,og,flick_angles,,"{""side_deg"":1.5,""fwd_deg"":-20.3}"
43.297,right_hand,og,acc,2476679,"{""seq"":2103,""x_mg"":-420,""y_mg"":40,""z_mg"":1084}"
43.297,right_hand,og,tilt,,"{""roll_deg"":6.8,""pitch_deg"":-26.6,""steady"":true}"
43.297,right_hand,og,flick_angles,,"{""side_deg"":1.7,""fwd_deg"":-20.6}"
43.328,right_hand,og,acc,2476699,"{""seq"":2104,""x_mg"":-396,""y_mg"":56,""z_mg"":1068}"
43.328,right_hand,og,tilt,,"{""roll_deg"":6.8,""pitch_deg"":-26.8,""steady"":true}"
43.328,right_hand,og,flick_angles,,"{""side_deg"":1.8,""fwd_deg"":-20.8}"
43.359,right_hand,og,acc,2476720,"{""seq"":2105,""x_mg"":-376,""y_mg"":72,""z_mg"":1024}"
43.359,right_hand,og,tilt,,"{""roll_deg"":6.9,""pitch_deg"":-26.8,""steady"":true}"
43.359,right_hand,og,flick_angles,,"{""side_deg"":2.3,""fwd_deg"":-20.5}"
43.359,right_hand,og,acc,2476741,"{""seq"":2106,""x_mg"":-380,""y_mg"":84,""z_mg"":1000}"
43.359,right_hand,og,tilt,,"{""roll_deg"":7.2,""pitch_deg"":-26.8,""steady"":true}"
43.359,right_hand,og,flick_angles,,"{""side_deg"":3.1,""fwd_deg"":-20.4}"
43.406,right_hand,og,acc,2476761,"{""seq"":2107,""x_mg"":-368,""y_mg"":84,""z_mg"":980}"
43.406,right_hand,og,tilt,,"{""roll_deg"":7.5,""pitch_deg"":-26.8,""steady"":true}"
43.406,right_hand,og,flick_angles,,"{""side_deg"":3.8,""fwd_deg"":-20.5}"
43.406,right_hand,og,acc,2476782,"{""seq"":2108,""x_mg"":-356,""y_mg"":92,""z_mg"":952}"
43.406,right_hand,og,tilt,,"{""roll_deg"":7.9,""pitch_deg"":-26.8,""steady"":true}"
43.406,right_hand,og,flick_angles,,"{""side_deg"":4.2,""fwd_deg"":-20.5}"
43.437,right_hand,og,acc,2476802,"{""seq"":2109,""x_mg"":-336,""y_mg"":84,""z_mg"":924}"
43.437,right_hand,og,tilt,,"{""roll_deg"":8.3,""pitch_deg"":-26.8,""steady"":true}"
43.437,right_hand,og,flick_angles,,"{""side_deg"":4.5,""fwd_deg"":-20.5}"
43.453,right_hand,og,acc,2476823,"{""seq"":2110,""x_mg"":-332,""y_mg"":88,""z_mg"":948}"
43.453,right_hand,og,tilt,,"{""roll_deg"":8.7,""pitch_deg"":-26.8,""steady"":true}"
43.453,right_hand,og,flick_angles,,"{""side_deg"":4.8,""fwd_deg"":-20.2}"
43.500,right_hand,og,acc,2476843,"{""seq"":2111,""x_mg"":-364,""y_mg"":124,""z_mg"":948}"
43.500,right_hand,og,tilt,,"{""roll_deg"":8.9,""pitch_deg"":-26.8,""steady"":true}"
43.500,right_hand,og,flick_angles,,"{""side_deg"":4.9,""fwd_deg"":-20.0}"
43.500,right_hand,og,acc,2476864,"{""seq"":2112,""x_mg"":-356,""y_mg"":112,""z_mg"":960}"
43.500,right_hand,og,tilt,,"{""roll_deg"":9.4,""pitch_deg"":-26.8,""steady"":true}"
43.500,right_hand,og,flick_angles,,"{""side_deg"":5.6,""fwd_deg"":-20.1}"
43.531,right_hand,og,acc,2476884,"{""seq"":2113,""x_mg"":-332,""y_mg"":80,""z_mg"":960}"
43.531,right_hand,og,tilt,,"{""roll_deg"":9.8,""pitch_deg"":-26.8,""steady"":true}"
43.531,right_hand,og,flick_angles,,"{""side_deg"":5.9,""fwd_deg"":-20.2}"
43.531,right_hand,og,acc,2476905,"{""seq"":2114,""x_mg"":-336,""y_mg"":52,""z_mg"":964}"
43.531,right_hand,og,tilt,,"{""roll_deg"":9.8,""pitch_deg"":-26.8,""steady"":true}"
43.531,right_hand,og,flick_angles,,"{""side_deg"":5.2,""fwd_deg"":-19.7}"
43.562,right_hand,og,acc,2476926,"{""seq"":2115,""x_mg"":-304,""y_mg"":20,""z_mg"":956}"
43.562,right_hand,og,tilt,,"{""roll_deg"":9.8,""pitch_deg"":-26.8,""steady"":true}"
43.562,right_hand,og,flick_angles,,"{""side_deg"":4.1,""fwd_deg"":-19.3}"
43.594,right_hand,og,acc,2476946,"{""seq"":2116,""x_mg"":-280,""y_mg"":56,""z_mg"":928}"
43.594,right_hand,og,tilt,,"{""roll_deg"":9.8,""pitch_deg"":-26.8,""steady"":true}"
43.594,right_hand,og,flick_angles,,"{""side_deg"":3.5,""fwd_deg"":-18.5}"
43.594,right_hand,og,acc,2476967,"{""seq"":2117,""x_mg"":-268,""y_mg"":56,""z_mg"":920}"
43.594,right_hand,og,tilt,,"{""roll_deg"":9.8,""pitch_deg"":-26.7,""steady"":true}"
43.594,right_hand,og,flick_angles,,"{""side_deg"":3.4,""fwd_deg"":-17.6}"
43.625,right_hand,og,acc,2476987,"{""seq"":2118,""x_mg"":-256,""y_mg"":60,""z_mg"":940}"
43.625,right_hand,og,tilt,,"{""roll_deg"":9.8,""pitch_deg"":-26.4,""steady"":true}"
43.625,right_hand,og,flick_angles,,"{""side_deg"":3.4,""fwd_deg"":-16.9}"
43.656,right_hand,og,acc,2477008,"{""seq"":2119,""x_mg"":-260,""y_mg"":60,""z_mg"":912}"
43.656,right_hand,og,tilt,,"{""roll_deg"":9.8,""pitch_deg"":-25.9,""steady"":true}"
43.656,right_hand,og,flick_angles,,"{""side_deg"":3.4,""fwd_deg"":-16.4}"
43.656,right_hand,og,acc,2477028,"{""seq"":2120,""x_mg"":-236,""y_mg"":28,""z_mg"":920}"
43.656,right_hand,og,tilt,,"{""roll_deg"":9.8,""pitch_deg"":-25.3,""steady"":true}"
43.656,right_hand,og,flick_angles,,"{""side_deg"":3.5,""fwd_deg"":-15.8}"
43.687,right_hand,og,acc,2477049,"{""seq"":2121,""x_mg"":-208,""y_mg"":-4,""z_mg"":916}"
43.687,right_hand,og,tilt,,"{""roll_deg"":9.7,""pitch_deg"":-24.6,""steady"":true}"
43.687,right_hand,og,flick_angles,,"{""side_deg"":2.6,""fwd_deg"":-15.1}"
43.687,right_hand,og,acc,2477070,"{""seq"":2122,""x_mg"":-200,""y_mg"":20,""z_mg"":944}"
43.687,right_hand,og,tilt,,"{""roll_deg"":9.5,""pitch_deg"":-23.5,""steady"":true}"
43.687,right_hand,og,flick_angles,,"{""side_deg"":1.9,""fwd_deg"":-13.9}"
43.719,right_hand,og,acc,2477090,"{""seq"":2123,""x_mg"":-224,""y_mg"":48,""z_mg"":924}"
43.719,right_hand,og,tilt,,"{""roll_deg"":9.2,""pitch_deg"":-22.7,""steady"":true}"
43.719,right_hand,og,flick_angles,,"{""side_deg"":1.5,""fwd_deg"":-13.4}"
43.750,right_hand,og,acc,2477111,"{""seq"":2124,""x_mg"":-200,""y_mg"":32,""z_mg"":916}"
43.750,right_hand,og,tilt,,"{""roll_deg"":9.0,""pitch_deg"":-21.9,""steady"":true}"
43.750,right_hand,og,flick_angles,,"{""side_deg"":1.7,""fwd_deg"":-12.8}"
43.750,right_hand,og,acc,2477131,"{""seq"":2125,""x_mg"":-184,""y_mg"":20,""z_mg"":904}"
43.750,right_hand,og,tilt,,"{""roll_deg"":8.9,""pitch_deg"":-21.3,""steady"":true}"
43.750,right_hand,og,flick_angles,,"{""side_deg"":1.9,""fwd_deg"":-12.6}"
43.781,right_hand,og,acc,2477152,"{""seq"":2126,""x_mg"":-208,""y_mg"":36,""z_mg"":932}"
43.781,right_hand,og,tilt,,"{""roll_deg"":8.8,""pitch_deg"":-20.9,""steady"":true}"
43.781,right_hand,og,flick_angles,,"{""side_deg"":1.9,""fwd_deg"":-12.4}"
43.812,right_hand,og,acc,2477172,"{""seq"":2127,""x_mg"":-232,""y_mg"":20,""z_mg"":956}"
43.812,right_hand,og,tilt,,"{""roll_deg"":8.5,""pitch_deg"":-20.6,""steady"":true}"
43.812,right_hand,og,flick_angles,,"{""side_deg"":1.6,""fwd_deg"":-12.5}"
43.812,right_hand,og,acc,2477193,"{""seq"":2128,""x_mg"":-236,""y_mg"":8,""z_mg"":968}"
43.812,right_hand,og,tilt,,"{""roll_deg"":8.3,""pitch_deg"":-20.6,""steady"":true}"
43.812,right_hand,og,flick_angles,,"{""side_deg"":1.4,""fwd_deg"":-13.1}"
43.844,right_hand,og,acc,2477213,"{""seq"":2129,""x_mg"":-224,""y_mg"":-8,""z_mg"":992}"
43.844,right_hand,og,tilt,,"{""roll_deg"":8.0,""pitch_deg"":-20.6,""steady"":true}"
43.844,right_hand,og,flick_angles,,"{""side_deg"":0.9,""fwd_deg"":-13.4}"
43.859,right_hand,og,acc,2477234,"{""seq"":2130,""x_mg"":-228,""y_mg"":16,""z_mg"":992}"
43.859,right_hand,og,tilt,,"{""roll_deg"":7.7,""pitch_deg"":-20.6,""steady"":true}"
43.859,right_hand,og,flick_angles,,"{""side_deg"":0.7,""fwd_deg"":-13.1}"
43.890,right_hand,og,acc,2477255,"{""seq"":2131,""x_mg"":-244,""y_mg"":28,""z_mg"":1032}"
43.890,right_hand,og,tilt,,"{""roll_deg"":7.6,""pitch_deg"":-20.5,""steady"":true}"
43.890,right_hand,og,flick_angles,,"{""side_deg"":0.8,""fwd_deg"":-13.0}"
43.890,right_hand,og,acc,2477275,"{""seq"":2132,""x_mg"":-236,""y_mg"":8,""z_mg"":1028}"
43.890,right_hand,og,tilt,,"{""roll_deg"":7.5,""pitch_deg"":-20.4,""steady"":true}"
43.890,right_hand,og,flick_angles,,"{""side_deg"":0.8,""fwd_deg"":-13.0}"
43.922,right_hand,og,acc,2477296,"{""seq"":2133,""x_mg"":-228,""y_mg"":-8,""z_mg"":1020}"
43.922,right_hand,og,tilt,,"{""roll_deg"":7.3,""pitch_deg"":-20.4,""steady"":true}"
43.922,right_hand,og,flick_angles,,"{""side_deg"":0.6,""fwd_deg"":-13.0}"
43.953,right_hand,og,acc,2477316,"{""seq"":2134,""x_mg"":-228,""y_mg"":-44,""z_mg"":1020}"
43.953,right_hand,og,tilt,,"{""roll_deg"":7.0,""pitch_deg"":-20.3,""steady"":true}"
43.953,right_hand,og,flick_angles,,"{""side_deg"":0.1,""fwd_deg"":-12.8}"
43.953,right_hand,og,acc,2477337,"{""seq"":2135,""x_mg"":-220,""y_mg"":-36,""z_mg"":1012}"
43.953,right_hand,og,tilt,,"{""roll_deg"":6.4,""pitch_deg"":-20.2,""steady"":true}"
43.953,right_hand,og,flick_angles,,"{""side_deg"":-0.9,""fwd_deg"":-12.7}"
43.984,right_hand,og,acc,2477357,"{""seq"":2136,""x_mg"":-196,""y_mg"":-40,""z_mg"":976}"
43.984,right_hand,og,tilt,,"{""roll_deg"":5.9,""pitch_deg"":-20.1,""steady"":true}"
43.984,right_hand,og,flick_angles,,"{""side_deg"":-1.6,""fwd_deg"":-12.5}"
44.015,right_hand,og,acc,2477378,"{""seq"":2137,""x_mg"":-200,""y_mg"":-12,""z_mg"":976}"
44.015,right_hand,og,tilt,,"{""roll_deg"":5.5,""pitch_deg"":-19.9,""steady"":true}"
44.015,right_hand,og,flick_angles,,"{""side_deg"":-1.8,""fwd_deg"":-12.0}"
44.015,right_hand,og,acc,2477399,"{""seq"":2138,""x_mg"":-196,""y_mg"":-24,""z_mg"":984}"
44.015,right_hand,og,tilt,,"{""roll_deg"":5.3,""pitch_deg"":-19.7,""steady"":true}"
44.015,right_hand,og,flick_angles,,"{""side_deg"":-1.6,""fwd_deg"":-11.7}"
44.062,right_hand,og,acc,2477419,"{""seq"":2139,""x_mg"":-156,""y_mg"":-8,""z_mg"":980}"
44.062,right_hand,og,tilt,,"{""roll_deg"":5.3,""pitch_deg"":-19.5,""steady"":true}"
44.062,right_hand,og,flick_angles,,"{""side_deg"":-1.1,""fwd_deg"":-11.5}"
44.078,right_hand,og,acc,2477440,"{""seq"":2140,""x_mg"":-132,""y_mg"":0,""z_mg"":968}"
44.078,right_hand,og,tilt,,"{""roll_deg"":5.3,""pitch_deg"":-18.9,""steady"":true}"
44.078,right_hand,og,flick_angles,,"{""side_deg"":-0.8,""fwd_deg"":-10.3}"
44.078,right_hand,og,acc,2477460,"{""seq"":2141,""x_mg"":-128,""y_mg"":16,""z_mg"":960}"
44.078,right_hand,og,tilt,,"{""roll_deg"":5.3,""pitch_deg"":-18.1,""steady"":true}"
44.078,right_hand,og,flick_angles,,"{""side_deg"":-0.4,""fwd_deg"":-9.0}"
44.109,right_hand,og,acc,2477481,"{""seq"":2142,""x_mg"":-116,""y_mg"":36,""z_mg"":948}"
44.109,right_hand,og,tilt,,"{""roll_deg"":5.3,""pitch_deg"":-17.3,""steady"":true}"
44.109,right_hand,og,flick_angles,,"{""side_deg"":0.3,""fwd_deg"":-8.3}"
44.140,right_hand,og,acc,2477501,"{""seq"":2143,""x_mg"":-88,""y_mg"":52,""z_mg"":948}"
44.140,right_hand,og,tilt,,"{""roll_deg"":5.3,""pitch_deg"":-16.6,""steady"":true}"
44.140,right_hand,og,flick_angles,,"{""side_deg"":1.2,""fwd_deg"":-7.6}"
44.172,right_hand,og,acc,2477522,"{""seq"":2144,""x_mg"":-68,""y_mg"":36,""z_mg"":968}"
44.172,right_hand,og,tilt,,"{""roll_deg"":5.3,""pitch_deg"":-15.5,""steady"":true}"
44.172,right_hand,og,flick_angles,,"{""side_deg"":1.7,""fwd_deg"":-6.5}"
44.172,right_hand,og,acc,2477543,"{""seq"":2145,""x_mg"":-52,""y_mg"":24,""z_mg"":968}"
44.172,right_hand,og,tilt,,"{""roll_deg"":5.4,""pitch_deg"":-14.4,""steady"":true}"
44.172,right_hand,og,flick_angles,,"{""side_deg"":1.9,""fwd_deg"":-5.2}"
44.203,right_hand,og,acc,2477563,"{""seq"":2146,""x_mg"":-40,""y_mg"":36,""z_mg"":976}"
44.203,right_hand,og,tilt,,"{""roll_deg"":5.6,""pitch_deg"":-13.2,""steady"":true}"
44.203,right_hand,og,flick_angles,,"{""side_deg"":2.0,""fwd_deg"":-4.2}"
44.234,right_hand,og,acc,2477584,"{""seq"":2147,""x_mg"":-24,""y_mg"":76,""z_mg"":960}"
44.234,right_hand,og,tilt,,"{""roll_deg"":5.8,""pitch_deg"":-12.2,""steady"":true}"
44.234,right_hand,og,flick_angles,,"{""side_deg"":2.1,""fwd_deg"":-3.3}"
44.234,right_hand,og,acc,2477604,"{""seq"":2148,""x_mg"":-20,""y_mg"":100,""z_mg"":960}"
44.234,right_hand,og,tilt,,"{""roll_deg"":6.4,""pitch_deg"":-11.1,""steady"":true}"
44.234,right_hand,og,flick_angles,,"{""side_deg"":3.3,""fwd_deg"":-2.3}"
44.265,right_hand,og,acc,2477625,"{""seq"":2149,""x_mg"":8,""y_mg"":128,""z_mg"":968}"
44.265,right_hand,og,tilt,,"{""roll_deg"":7.3,""pitch_deg"":-10.3,""steady"":true}"
44.265,right_hand,og,flick_angles,,"{""side_deg"":4.6,""fwd_deg"":-1.8}"
44.265,right_hand,og,acc,2477645,"{""seq"":2150,""x_mg"":40,""y_mg"":156,""z_mg"":976}"
44.265,right_hand,og,tilt,,"{""roll_deg"":8.5,""pitch_deg"":-9.3,""steady"":true}"
44.265,right_hand,og,flick_angles,,"{""side_deg"":6.1,""fwd_deg"":-0.6}"
44.297,right_hand,og,acc,2477666,"{""seq"":2151,""x_mg"":56,""y_mg"":216,""z_mg"":968}"
44.297,right_hand,og,tilt,,"{""roll_deg"":10.0,""pitch_deg"":-7.9,""steady"":true}"
44.297,right_hand,og,flick_angles,,"{""side_deg"":7.6,""fwd_deg"":0.8}"
44.328,right_hand,og,acc,2477687,"{""seq"":2152,""x_mg"":68,""y_mg"":264,""z_mg"":972}"
44.328,right_hand,og,tilt,,"{""roll_deg"":12.4,""pitch_deg"":-6.6,""steady"":true}"
44.328,right_hand,og,flick_angles,,"{""side_deg"":10.1,""fwd_deg"":2.0}"
44.328,right_hand,og,acc,2477707,"{""seq"":2153,""x_mg"":68,""y_mg"":308,""z_mg"":980}"
44.328,right_hand,og,tilt,,"{""roll_deg"":15.0,""pitch_deg"":-5.6,""steady"":true}"
44.328,right_hand,og,flick_angles,,"{""side_deg"":12.6,""fwd_deg"":2.9}"
44.359,right_hand,og,acc,2477728,"{""seq"":2154,""x_mg"":40,""y_mg"":312,""z_mg"":972}"
44.359,right_hand,og,tilt,,"{""roll_deg"":17.8,""pitch_deg"":-4.9,""steady"":true}"
44.359,right_hand,og,flick_angles,,"{""side_deg"":15.0,""fwd_deg"":3.3}"
44.390,right_hand,og,acc,2477748,"{""seq"":2155,""x_mg"":4,""y_mg"":296,""z_mg"":960}"
44.390,right_hand,og,tilt,,"{""roll_deg"":19.5,""pitch_deg"":-4.9,""steady"":true}"
44.390,right_hand,og,flick_angles,,"{""side_deg"":16.2,""fwd_deg"":2.8}"
44.390,right_hand,og,acc,2477769,"{""seq"":2156,""x_mg"":-16,""y_mg"":288,""z_mg"":972}"
44.390,right_hand,og,tremor,,"{""rms_mg"":23.2,""peak_hz"":8.0}"
44.390,right_hand,og,tilt,,"{""roll_deg"":20.5,""pitch_deg"":-4.9,""steady"":true}"
44.390,right_hand,og,flick_angles,,"{""side_deg"":16.7,""fwd_deg"":1.5}"
44.422,right_hand,og,acc,2477789,"{""seq"":2157,""x_mg"":-60,""y_mg"":272,""z_mg"":964}"
44.422,right_hand,og,tilt,,"{""roll_deg"":20.9,""pitch_deg"":-5.2,""steady"":true}"
44.422,right_hand,og,flick_angles,,"{""side_deg"":16.6,""fwd_deg"":0.3}"
44.453,right_hand,og,acc,2477810,"{""seq"":2158,""x_mg"":-112,""y_mg"":236,""z_mg"":984}"
44.453,right_hand,og,tilt,,"{""roll_deg"":20.9,""pitch_deg"":-5.9,""steady"":true}"
44.453,right_hand,og,flick_angles,,"{""side_deg"":16.2,""fwd_deg"":-1.6}"
44.453,right_hand,og,acc,2477830,"{""seq"":2159,""x_mg"":-156,""y_mg"":224,""z_mg"":992}"
44.453,right_hand,og,tilt,,"{""roll_deg"":20.9,""pitch_deg"":-6.3,""steady"":true}"
44.453,right_hand,og,flick_angles,,"{""side_deg"":14.8,""fwd_deg"":-3.9}"
44.484,right_hand,og,acc,2477851,"{""seq"":2160,""x_mg"":-156,""y_mg"":176,""z_mg"":980}"
44.484,right_hand,og,tilt,,"{""roll_deg"":20.4,""pitch_deg"":-7.8,""steady"":true}"
44.484,right_hand,og,flick_angles,,"{""side_deg"":13.7,""fwd_deg"":-6.3}"
44.515,right_hand,og,acc,2477872,"{""seq"":2161,""x_mg"":-200,""y_mg"":64,""z_mg"":992}"
44.515,right_hand,og,tilt,,"{""roll_deg"":19.6,""pitch_deg"":-9.5,""steady"":true}"
44.515,right_hand,og,flick_angles,,"{""side_deg"":11.9,""fwd_deg"":-7.6}"
44.515,right_hand,og,acc,2477892,"{""seq"":2162,""x_mg"":-236,""y_mg"":-100,""z_mg"":996}"
44.515,right_hand,og,tilt,,"{""roll_deg"":19.0,""pitch_deg"":-11.7,""steady"":true}"
44.515,right_hand,og,flick_angles,,"{""side_deg"":7.7,""fwd_deg"":-9.5}"
44.547,right_hand,og,acc,2477913,"{""seq"":2163,""x_mg"":-244,""y_mg"":-256,""z_mg"":992}"
44.547,right_hand,og,tilt,,"{""roll_deg"":14.2,""pitch_deg"":-14.2,""steady"":true}"
44.547,right_hand,og,flick_angles,,"{""side_deg"":1.1,""fwd_deg"":-11.4}"
44.547,right_hand,game,hit,,"{""n"":16,""dir"":""left"",""err_ms"":157}"
44.547,right_hand,og,acc,2477933,"{""seq"":2164,""x_mg"":-248,""y_mg"":-328,""z_mg"":1000}"
44.547,right_hand,og,tilt,,"{""roll_deg"":5.8,""pitch_deg"":-16.0,""steady"":true}"
44.547,right_hand,og,flick_angles,,"{""side_deg"":-6.5,""fwd_deg"":-12.3}"
44.578,right_hand,og,acc,2477954,"{""seq"":2165,""x_mg"":-236,""y_mg"":-328,""z_mg"":1004}"
44.578,right_hand,og,tilt,,"{""roll_deg"":-2.1,""pitch_deg"":-17.2,""steady"":true}"
44.578,right_hand,og,flick_angles,,"{""side_deg"":-12.1,""fwd_deg"":-12.8}"
44.609,right_hand,og,acc,2477974,"{""seq"":2166,""x_mg"":-248,""y_mg"":-348,""z_mg"":992}"
44.609,right_hand,og,tilt,,"{""roll_deg"":-6.5,""pitch_deg"":-18.0,""steady"":true}"
44.609,right_hand,og,flick_angles,,"{""side_deg"":-14.9,""fwd_deg"":-13.0}"
44.609,right_hand,og,acc,2477995,"{""seq"":2167,""x_mg"":-228,""y_mg"":-388,""z_mg"":980}"
44.609,right_hand,og,tilt,,"{""roll_deg"":-9.5,""pitch_deg"":-18.3,""steady"":true}"
44.609,right_hand,og,flick_angles,,"{""side_deg"":-16.8,""fwd_deg"":-12.8}"
44.640,right_hand,og,acc,2478016,"{""seq"":2168,""x_mg"":-212,""y_mg"":-340,""z_mg"":972}"
44.640,right_hand,og,tilt,,"{""roll_deg"":-11.0,""pitch_deg"":-18.4,""steady"":true}"
44.640,right_hand,og,flick_angles,,"{""side_deg"":-17.8,""fwd_deg"":-12.5}"
44.672,right_hand,og,acc,2478036,"{""seq"":2169,""x_mg"":-204,""y_mg"":-272,""z_mg"":984}"
44.672,right_hand,og,tilt,,"{""roll_deg"":-11.8,""pitch_deg"":-18.4,""steady"":true}"
44.672,right_hand,og,flick_angles,,"{""side_deg"":-18.4,""fwd_deg"":-12.1}"
44.672,right_hand,og,acc,2478057,"{""seq"":2170,""x_mg"":-196,""y_mg"":-252,""z_mg"":964}"
44.672,right_hand,og,tilt,,"{""roll_deg"":-11.6,""pitch_deg"":-18.4,""steady"":true}"
44.672,right_hand,og,flick_angles,,"{""side_deg"":-16.8,""fwd_deg"":-11.7}"
44.703,right_hand,og,acc,2478077,"{""seq"":2171,""x_mg"":-172,""y_mg"":-228,""z_mg"":948}"
44.703,right_hand,og,tilt,,"{""roll_deg"":-10.8,""pitch_deg"":-18.4,""steady"":true}"
44.703,right_hand,og,flick_angles,,"{""side_deg"":-15.6,""fwd_deg"":-11.4}"
44.750,right_hand,og,acc,2478098,"{""seq"":2172,""x_mg"":-188,""y_mg"":-184,""z_mg"":964}"
44.750,right_hand,og,tilt,,"{""roll_deg"":-9.9,""pitch_deg"":-18.4,""steady"":true}"
44.750,right_hand,og,flick_angles,,"{""side_deg"":-14.4,""fwd_deg"":-11.1}"
44.750,right_hand,og,acc,2478118,"{""seq"":2173,""x_mg"":-188,""y_mg"":-128,""z_mg"":964}"
44.750,right_hand,og,tilt,,"{""roll_deg"":-8.8,""pitch_deg"":-18.4,""steady"":true}"
44.750,right_hand,og,flick_angles,,"{""side_deg"":-12.5,""fwd_deg"":-11.0}"
44.781,right_hand,og,acc,2478139,"{""seq"":2174,""x_mg"":-164,""y_mg"":-88,""z_mg"":964}"
44.781,right_hand,og,tilt,,"{""roll_deg"":-7.6,""pitch_deg"":-18.4,""steady"":true}"
44.781,right_hand,og,flick_angles,,"{""side_deg"":-10.0,""fwd_deg"":-10.9}"
44.812,right_hand,og,acc,2478160,"{""seq"":2175,""x_mg"":-132,""y_mg"":-64,""z_mg"":948}"
44.812,right_hand,og,tilt,,"{""roll_deg"":-7.0,""pitch_deg"":-18.3,""steady"":true}"
44.812,right_hand,og,flick_angles,,"{""side_deg"":-7.6,""fwd_deg"":-10.3}"
44.812,right_hand,og,acc,2478180,"{""seq"":2176,""x_mg"":-108,""y_mg"":-32,""z_mg"":952}"
44.812,right_hand,og,tilt,,"{""roll_deg"":-5.8,""pitch_deg"":-18.0,""steady"":true}"
44.812,right_hand,og,flick_angles,,"{""side_deg"":-5.7,""fwd_deg"":-9.1}"
44.844,right_hand,og,acc,2478201,"{""seq"":2177,""x_mg"":-84,""y_mg"":-48,""z_mg"":956}"
44.844,right_hand,og,tilt,,"{""roll_deg"":-4.1,""pitch_deg"":-17.6,""steady"":true}"
44.844,right_hand,og,flick_angles,,"{""side_deg"":-4.3,""fwd_deg"":-7.8}"
44.844,right_hand,og,acc,2478221,"{""seq"":2178,""x_mg"":-72,""y_mg"":-8,""z_mg"":984}"
44.844,right_hand,og,tilt,,"{""roll_deg"":-2.2,""pitch_deg"":-16.8,""steady"":true}"
44.844,right_hand,og,flick_angles,,"{""side_deg"":-3.1,""fwd_deg"":-6.4}"
44.875,right_hand,og,acc,2478242,"{""seq"":2179,""x_mg"":-72,""y_mg"":4,""z_mg"":988}"
44.875,right_hand,og,tilt,,"{""roll_deg"":-0.2,""pitch_deg"":-15.8,""steady"":true}"
44.875,right_hand,og,flick_angles,,"{""side_deg"":-1.8,""fwd_deg"":-5.3}"
44.906,right_hand,og,acc,2478262,"{""seq"":2180,""x_mg"":-84,""y_mg"":20,""z_mg"":992}"
44.906,right_hand,og,tilt,,"{""roll_deg"":1.6,""pitch_deg"":-14.8,""steady"":true}"
44.906,right_hand,og,flick_angles,,"{""side_deg"":-0.8,""fwd_deg"":-4.7}"
44.906,right_hand,og,acc,2478283,"{""seq"":2181,""x_mg"":-68,""y_mg"":4,""z_mg"":1012}"
44.906,right_hand,og,tilt,,"{""roll_deg"":2.8,""pitch_deg"":-14.0,""steady"":true}"
44.906,right_hand,og,flick_angles,,"{""side_deg"":-0.3,""fwd_deg"":-4.5}"
44.937,right_hand,og,acc,2478304,"{""seq"":2182,""x_mg"":-60,""y_mg"":-12,""z_mg"":1032}"
44.937,right_hand,og,tilt,,"{""roll_deg"":3.6,""pitch_deg"":-13.3,""steady"":true}"
44.937,right_hand,og,flick_angles,,"{""side_deg"":-0.0,""fwd_deg"":-4.1}"
44.969,right_hand,og,acc,2478324,"{""seq"":2183,""x_mg"":-60,""y_mg"":-16,""z_mg"":1056}"
44.969,right_hand,og,tilt,,"{""roll_deg"":3.9,""pitch_deg"":-12.6,""steady"":true}"
44.969,right_hand,og,flick_angles,,"{""side_deg"":-0.3,""fwd_deg"":-3.7}"
44.969,right_hand,og,acc,2478345,"{""seq"":2184,""x_mg"":-64,""y_mg"":0,""z_mg"":1060}"
44.969,right_hand,og,tilt,,"{""roll_deg"":4.1,""pitch_deg"":-12.1,""steady"":true}"
44.969,right_hand,og,flick_angles,,"{""side_deg"":-0.5,""fwd_deg"":-3.5}"
45.000,right_hand,og,acc,2478365,"{""seq"":2185,""x_mg"":-76,""y_mg"":16,""z_mg"":1072}"
45.000,right_hand,og,tilt,,"{""roll_deg"":4.4,""pitch_deg"":-11.8,""steady"":true}"
45.000,right_hand,og,flick_angles,,"{""side_deg"":-0.3,""fwd_deg"":-3.5}"
45.031,right_hand,og,acc,2478386,"{""seq"":2186,""x_mg"":-88,""y_mg"":12,""z_mg"":1064}"
45.031,right_hand,og,tilt,,"{""roll_deg"":4.7,""pitch_deg"":-11.6,""steady"":true}"
45.031,right_hand,og,flick_angles,,"{""side_deg"":0.2,""fwd_deg"":-3.8}"
45.031,right_hand,og,acc,2478406,"{""seq"":2187,""x_mg"":-100,""y_mg"":4,""z_mg"":1064}"
45.031,right_hand,og,tilt,,"{""roll_deg"":5.0,""pitch_deg"":-11.6,""steady"":true}"
45.031,right_hand,og,flick_angles,,"{""side_deg"":0.4,""fwd_deg"":-4.3}"
45.062,right_hand,og,acc,2478427,"{""seq"":2188,""x_mg"":-84,""y_mg"":0,""z_mg"":1060}"
45.062,right_hand,og,tilt,,"{""roll_deg"":5.1,""pitch_deg"":-11.6,""steady"":true}"
45.062,right_hand,og,flick_angles,,"{""side_deg"":0.3,""fwd_deg"":-4.5}"
45.094,right_hand,og,acc,2478447,"{""seq"":2189,""x_mg"":-68,""y_mg"":-24,""z_mg"":1044}"
45.094,right_hand,og,tilt,,"{""roll_deg"":5.1,""pitch_deg"":-11.6,""steady"":true}"
45.094,right_hand,og,flick_angles,,"{""side_deg"":0.2,""fwd_deg"":-4.5}"
45.094,right_hand,og,acc,2478468,"{""seq"":2190,""x_mg"":-68,""y_mg"":-28,""z_mg"":1024}"
45.094,right_hand,og,tilt,,"{""roll_deg"":5.1,""pitch_deg"":-11.6,""steady"":true}"
45.094,right_hand,og,flick_angles,,"{""side_deg"":-0.6,""fwd_deg"":-4.2}"
45.125,right_hand,og,acc,2478489,"{""seq"":2191,""x_mg"":-68,""y_mg"":-32,""z_mg"":1012}"
45.125,right_hand,og,tilt,,"{""roll_deg"":5.1,""pitch_deg"":-11.5,""steady"":true}"
45.125,right_hand,og,flick_angles,,"{""side_deg"":-1.1,""fwd_deg"":-4.0}"
45.140,right_hand,og,acc,2478509,"{""seq"":2192,""x_mg"":-40,""y_mg"":-48,""z_mg"":996}"
45.140,right_hand,og,tilt,,"{""roll_deg"":5.1,""pitch_deg"":-11.4,""steady"":true}"
45.140,right_hand,og,flick_angles,,"{""side_deg"":-1.4,""fwd_deg"":-3.9}"
45.172,right_hand,og,acc,2478530,"{""seq"":2193,""x_mg"":-44,""y_mg"":-60,""z_mg"":992}"
45.172,right_hand,og,tilt,,"{""roll_deg"":5.0,""pitch_deg"":-11.1,""steady"":true}"
45.172,right_hand,og,flick_angles,,"{""side_deg"":-2.1,""fwd_deg"":-3.2}"
45.172,right_hand,og,acc,2478550,"{""seq"":2194,""x_mg"":-28,""y_mg"":-44,""z_mg"":988}"
45.172,right_hand,og,tilt,,"{""roll_deg"":4.9,""pitch_deg"":-10.9,""steady"":true}"
45.172,right_hand,og,flick_angles,,"{""side_deg"":-2.4,""fwd_deg"":-2.8}"
45.203,right_hand,og,acc,2478571,"{""seq"":2195,""x_mg"":-16,""y_mg"":-28,""z_mg"":984}"
45.203,right_hand,og,tilt,,"{""roll_deg"":4.8,""pitch_deg"":-10.5,""steady"":true}"
45.203,right_hand,og,flick_angles,,"{""side_deg"":-2.5,""fwd_deg"":-2.2}"
45.203,right_hand,og,acc,2478591,"{""seq"":2196,""x_mg"":-4,""y_mg"":-28,""z_mg"":984}"
45.203,right_hand,og,tilt,,"{""roll_deg"":4.8,""pitch_deg"":-10.0,""steady"":true}"
45.203,right_hand,og,flick_angles,,"{""side_deg"":-2.1,""fwd_deg"":-1.6}"
45.234,right_hand,og,acc,2478612,"{""seq"":2197,""x_mg"":4,""y_mg"":-36,""z_mg"":976}"
45.234,right_hand,og,tilt,,"{""roll_deg"":4.7,""pitch_deg"":-9.5,""steady"":true}"
45.234,right_hand,og,flick_angles,,"{""side_deg"":-1.8,""fwd_deg"":-0.9}"
45.265,right_hand,og,acc,2478633,"{""seq"":2198,""x_mg"":24,""y_mg"":-72,""z_mg"":988}"
45.265,right_hand,og,tilt,,"{""roll_deg"":4.7,""pitch_deg"":-9.0,""steady"":true}"
45.265,right_hand,og,flick_angles,,"{""side_deg"":-2.0,""fwd_deg"":-0.3}"
45.265,right_hand,og,acc,2478653,"{""seq"":2199,""x_mg"":28,""y_mg"":-88,""z_mg"":1012}"
45.265,right_hand,og,tilt,,"{""roll_deg"":4.4,""pitch_deg"":-8.3,""steady"":true}"
45.265,right_hand,og,flick_angles,,"{""side_deg"":-3.1,""fwd_deg"":0.5}"
45.297,right_hand,og,acc,2478674,"{""seq"":2200,""x_mg"":24,""y_mg"":-60,""z_mg"":1012}"
45.312,right_hand,og,tilt,,"{""roll_deg"":4.0,""pitch_deg"":-7.7,""steady"":true}"
45.312,right_hand,og,flick_angles,,"{""side_deg"":-3.6,""fwd_deg"":1.0}"
45.328,right_hand,og,acc,2478694,"{""seq"":2201,""x_mg"":28,""y_mg"":-36,""z_mg"":1000}"
45.328,right_hand,og,tilt,,"{""roll_deg"":3.8,""pitch_deg"":-7.2,""steady"":true}"
45.328,right_hand,og,flick_angles,,"{""side_deg"":-3.5,""fwd_deg"":1.3}"
45.328,right_hand,og,acc,2478715,"{""seq"":2202,""x_mg"":40,""y_mg"":-60,""z_mg"":1008}"
45.328,right_hand,og,tilt,,"{""roll_deg"":3.6,""pitch_deg"":-6.8,""steady"":true}"
45.328,right_hand,og,flick_angles,,"{""side_deg"":-3.4,""fwd_deg"":1.4}"
45.359,right_hand,og,acc,2478735,"{""seq"":2203,""x_mg"":64,""y_mg"":-56,""z_mg"":1004}"
45.359,right_hand,og,tilt,,"{""roll_deg"":3.5,""pitch_deg"":-6.4,""steady"":true}"
45.359,right_hand,og,flick_angles,,"{""side_deg"":-3.3,""fwd_deg"":1.9}"
45.406,right_hand,og,acc,2478756,"{""seq"":2204,""x_mg"":56,""y_mg"":-76,""z_mg"":988}"
45.406,right_hand,og,tilt,,"{""roll_deg"":3.4,""pitch_deg"":-5.8,""steady"":true}"
45.406,right_hand,og,flick_angles,,"{""side_deg"":-3.4,""fwd_deg"":2.5}"
45.406,right_hand,og,acc,2478777,"{""seq"":2205,""x_mg"":72,""y_mg"":-84,""z_mg"":980}"
45.406,right_hand,og,tilt,,"{""roll_deg"":3.1,""pitch_deg"":-5.3,""steady"":true}"
45.406,right_hand,og,flick_angles,,"{""side_deg"":-3.9,""fwd_deg"":3.1}"
45.437,right_hand,og,acc,2478797,"{""seq"":2206,""x_mg"":76,""y_mg"":-80,""z_mg"":984}"
45.437,right_hand,og,tilt,,"{""roll_deg"":2.8,""pitch_deg"":-4.7,""steady"":true}"
45.437,right_hand,og,flick_angles,,"{""side_deg"":-4.3,""fwd_deg"":3.6}"
45.469,right_hand,og,acc,2478818,"{""seq"":2207,""x_mg"":88,""y_mg"":-64,""z_mg"":956}"
45.469,right_hand,og,tilt,,"{""roll_deg"":2.6,""pitch_deg"":-4.3,""steady"":true}"
45.469,right_hand,og,flick_angles,,"{""side_deg"":-4.4,""fwd_deg"":4.0}"
45.469,right_hand,og,acc,2478838,"{""seq"":2208,""x_mg"":100,""y_mg"":-84,""z_mg"":956}"
45.469,right_hand,og,tilt,,"{""roll_deg"":2.4,""pitch_deg"":-3.7,""steady"":true}"
45.469,right_hand,og,flick_angles,,"{""side_deg"":-4.5,""fwd_deg"":4.6}"
45.500,right_hand,og,acc,2478859,"{""seq"":2209,""x_mg"":92,""y_mg"":-96,""z_mg"":944}"
45.500,right_hand,og,tilt,,"{""roll_deg"":2.1,""pitch_deg"":-3.2,""steady"":true}"
45.500,right_hand,og,flick_angles,,"{""side_deg"":-4.8,""fwd_deg"":5.1}"
45.531,right_hand,og,acc,2478879,"{""seq"":2210,""x_mg"":96,""y_mg"":-88,""z_mg"":936}"
45.531,right_hand,og,tilt,,"{""roll_deg"":1.9,""pitch_deg"":-2.8,""steady"":true}"
45.531,right_hand,og,flick_angles,,"{""side_deg"":-5.1,""fwd_deg"":5.5}"
45.531,right_hand,og,acc,2478900,"{""seq"":2211,""x_mg"":104,""y_mg"":-88,""z_mg"":932}"
45.531,right_hand,og,tilt,,"{""roll_deg"":1.6,""pitch_deg"":-2.4,""steady"":true}"
45.531,right_hand,og,flick_angles,,"{""side_deg"":-5.2,""fwd_deg"":5.6}"
45.562,right_hand,og,acc,2478921,"{""seq"":2212,""x_mg"":124,""y_mg"":-88,""z_mg"":928}"
45.562,right_hand,og,tilt,,"{""roll_deg"":1.4,""pitch_deg"":-2.1,""steady"":true}"
45.562,right_hand,og,flick_angles,,"{""side_deg"":-5.3,""fwd_deg"":6.0}"
45.562,right_hand,og,acc,2478941,"{""seq"":2213,""x_mg"":144,""y_mg"":-76,""z_mg"":928}"
45.562,right_hand,og,tilt,,"{""roll_deg"":1.3,""pitch_deg"":-1.5,""steady"":true}"
45.562,right_hand,og,flick_angles,,"{""side_deg"":-5.3,""fwd_deg"":6.8}"
45.594,right_hand,og,acc,2478962,"{""seq"":2214,""x_mg"":120,""y_mg"":-56,""z_mg"":936}"
45.594,right_hand,og,tilt,,"{""roll_deg"":1.3,""pitch_deg"":-1.1,""steady"":true}"
45.594,right_hand,og,flick_angles,,"{""side_deg"":-5.0,""fwd_deg"":7.2}"
45.625,right_hand,og,acc,2478982,"{""seq"":2215,""x_mg"":128,""y_mg"":-100,""z_mg"":920}"
45.625,right_hand,og,tilt,,"{""roll_deg"":1.3,""pitch_deg"":-0.7,""steady"":true}"
45.625,right_hand,og,flick_angles,,"{""side_deg"":-4.8,""fwd_deg"":7.5}"
45.625,right_hand,og,acc,2479003,"{""seq"":2216,""x_mg"":128,""y_mg"":-116,""z_mg"":920}"
45.625,right_hand,og,tilt,,"{""roll_deg"":1.1,""pitch_deg"":-0.4,""steady"":true}"
45.625,right_hand,og,flick_angles,,"{""side_deg"":-5.5,""fwd_deg"":7.7}"
45.656,right_hand,og,acc,2479023,"{""seq"":2217,""x_mg"":124,""y_mg"":-100,""z_mg"":936}"
45.656,right_hand,og,tilt,,"{""roll_deg"":0.9,""pitch_deg"":-0.1,""steady"":true}"
45.656,right_hand,og,flick_angles,,"{""side_deg"":-5.8,""fwd_deg"":7.8}"
45.687,right_hand,og,acc,2479044,"{""seq"":2218,""x_mg"":112,""y_mg"":-92,""z_mg"":944}"
45.687,right_hand,og,tilt,,"{""roll_deg"":0.7,""pitch_deg"":-0.0,""steady"":true}"
45.687,right_hand,og,flick_angles,,"{""side_deg"":-5.9,""fwd_deg"":7.6}"
45.687,right_hand,og,acc,2479064,"{""seq"":2219,""x_mg"":104,""y_mg"":-96,""z_mg"":944}"
45.687,right_hand,og,tilt,,"{""roll_deg"":0.7,""pitch_deg"":-0.0,""steady"":true}"
45.687,right_hand,og,flick_angles,,"{""side_deg"":-5.8,""fwd_deg"":7.2}"
45.719,right_hand,og,acc,2479085,"{""seq"":2220,""x_mg"":112,""y_mg"":-128,""z_mg"":944}"
45.719,right_hand,og,tilt,,"{""roll_deg"":0.6,""pitch_deg"":-0.0,""steady"":true}"
45.719,right_hand,og,flick_angles,,"{""side_deg"":-5.8,""fwd_deg"":6.9}"
45.734,right_hand,og,acc,2479106,"{""seq"":2221,""x_mg"":100,""y_mg"":-152,""z_mg"":948}"
45.734,right_hand,og,tilt,,"{""roll_deg"":0.2,""pitch_deg"":-0.0,""steady"":true}"
45.734,right_hand,og,flick_angles,,"{""side_deg"":-6.7,""fwd_deg"":6.6}"
45.734,right_hand,og,acc,2479126,"{""seq"":2222,""x_mg"":68,""y_mg"":-144,""z_mg"":936}"
45.734,right_hand,og,tilt,,"{""roll_deg"":-0.3,""pitch_deg"":-0.0,""steady"":true}"
45.734,right_hand,og,flick_angles,,"{""side_deg"":-7.7,""fwd_deg"":6.3}"
45.781,right_hand,og,acc,2479147,"{""seq"":2223,""x_mg"":48,""y_mg"":-152,""z_mg"":924}"
45.781,right_hand,og,tilt,,"{""roll_deg"":-0.9,""pitch_deg"":-0.0,""steady"":true}"
45.781,right_hand,og,flick_angles,,"{""side_deg"":-8.4,""fwd_deg"":5.2}"
45.781,right_hand,og,acc,2479167,"{""seq"":2224,""x_mg"":8,""y_mg"":-80,""z_mg"":932}"
45.781,right_hand,og,tilt,,"{""roll_deg"":-1.2,""pitch_deg"":-0.2,""steady"":true}"
45.781,right_hand,og,flick_angles,,"{""side_deg"":-8.6,""fwd_deg"":4.1}"
45.812,right_hand,og,acc,2479188,"{""seq"":2225,""x_mg"":-8,""y_mg"":-72,""z_mg"":952}"
45.812,right_hand,og,tilt,,"{""roll_deg"":-1.2,""pitch_deg"":-1.0,""steady"":true}"
45.812,right_hand,og,flick_angles,,"{""side_deg"":-6.7,""fwd_deg"":2.3}"
45.844,right_hand,og,acc,2479208,"{""seq"":2226,""x_mg"":-32,""y_mg"":-88,""z_mg"":940}"
45.844,right_hand,og,tilt,,"{""roll_deg"":-1.2,""pitch_deg"":-2.1,""steady"":true}"
45.844,right_hand,og,flick_angles,,"{""side_deg"":-5.8,""fwd_deg"":0.9}"
45.844,right_hand,og,acc,2479229,"{""seq"":2227,""x_mg"":-60,""y_mg"":-72,""z_mg"":936}"
45.844,right_hand,og,tilt,,"{""roll_deg"":-1.2,""pitch_deg"":-3.6,""steady"":true}"
45.844,right_hand,og,flick_angles,,"{""side_deg"":-5.1,""fwd_deg"":-0.5}"
45.875,right_hand,og,acc,2479250,"{""seq"":2228,""x_mg"":-100,""y_mg"":-76,""z_mg"":892}"
45.875,right_hand,og,tilt,,"{""roll_deg"":-1.1,""pitch_deg"":-5.3,""steady"":true}"
45.875,right_hand,og,flick_angles,,"{""side_deg"":-5.0,""fwd_deg"":-2.1}"
45.906,right_hand,og,acc,2479270,"{""seq"":2229,""x_mg"":-108,""y_mg"":-72,""z_mg"":860}"
45.906,right_hand,og,tilt,,"{""roll_deg"":-1.0,""pitch_deg"":-7.6,""steady"":true}"
45.906,right_hand,og,flick_angles,,"{""side_deg"":-4.9,""fwd_deg"":-4.2}"
45.906,right_hand,og,acc,2479291,"{""seq"":2230,""x_mg"":-112,""y_mg"":-64,""z_mg"":816}"
45.906,right_hand,og,tilt,,"{""roll_deg"":-0.9,""pitch_deg"":-9.6,""steady"":true}"
45.906,right_hand,og,flick_angles,,"{""side_deg"":-4.8,""fwd_deg"":-5.7}"
45.953,right_hand,og,acc,2479311,"{""seq"":2231,""x_mg"":-128,""y_mg"":-32,""z_mg"":828}"
45.953,right_hand,og,tilt,,"{""roll_deg"":-0.7,""pitch_deg"":-11.1,""steady"":true}"
45.953,right_hand,og,flick_angles,,"{""side_deg"":-4.6,""fwd_deg"":-6.7}"
45.984,right_hand,og,acc,2479332,"{""seq"":2232,""x_mg"":-176,""y_mg"":-12,""z_mg"":832}"
45.984,right_hand,og,tilt,,"{""roll_deg"":-0.2,""pitch_deg"":-12.5,""steady"":true}"
45.984,right_hand,og,flick_angles,,"{""side_deg"":-3.4,""fwd_deg"":-7.8}"
45.984,right_hand,og,acc,2479352,"{""seq"":2233,""x_mg"":-220,""y_mg"":-4,""z_mg"":852}"
45.984,right_hand,og,tilt,,"{""roll_deg"":0.6,""pitch_deg"":-14.5,""steady"":true}"
45.984,right_hand,og,flick_angles,,"{""side_deg"":-2.1,""fwd_deg"":-9.9}"
46.015,right_hand,og,acc,2479373,"{""seq"":2234,""x_mg"":-268,""y_mg"":-12,""z_mg"":880}"
46.015,right_hand,og,tilt,,"{""roll_deg"":1.4,""pitch_deg"":-16.9,""steady"":true}"
46.015,right_hand,og,flick_angles,,"{""side_deg"":-1.4,""fwd_deg"":-12.2}"
46.047,right_hand,og,acc,2479394,"{""seq"":2235,""x_mg"":-328,""y_mg"":0,""z_mg"":996}"
46.047,right_hand,og,tilt,,"{""roll_deg"":2.1,""pitch_deg"":-19.4,""steady"":true}"
46.047,right_hand,og,flick_angles,,"{""side_deg"":-0.8,""fwd_deg"":-14.6}"
46.047,right_hand,og,acc,2479414,"{""seq"":2236,""x_mg"":-364,""y_mg"":8,""z_mg"":1028}"
46.047,right_hand,og,tilt,,"{""roll_deg"":2.8,""pitch_deg"":-21.4,""steady"":true}"
46.047,right_hand,og,flick_angles,,"{""side_deg"":-0.4,""fwd_deg"":-16.4}"
46.078,right_hand,og,acc,2479435,"{""seq"":2237,""x_mg"":-400,""y_mg"":12,""z_mg"":1080}"
46.078,right_hand,og,tilt,,"{""roll_deg"":3.5,""pitch_deg"":-23.1,""steady"":true}"
46.078,right_hand,og,flick_angles,,"{""side_deg"":-0.0,""fwd_deg"":-17.9}"
46.078,right_hand,og,acc,2479455,"{""seq"":2238,""x_mg"":-452,""y_mg"":20,""z_mg"":1128}"
46.078,right_hand,og,tilt,,"{""roll_deg"":4.0,""pitch_deg"":-24.5,""steady"":true}"
46.078,right_hand,og,flick_angles,,"{""side_deg"":0.3,""fwd_deg"":-19.1}"
46.109,right_hand,og,acc,2479476,"{""seq"":2239,""x_mg"":-468,""y_mg"":-4,""z_mg"":1132}"
46.109,right_hand,og,tilt,,"{""roll_deg"":4.4,""pitch_deg"":-25.9,""steady"":true}"
46.109,right_hand,og,flick_angles,,"{""side_deg"":0.4,""fwd_deg"":-20.5}"
46.140,right_hand,og,acc,2479496,"{""seq"":2240,""x_mg"":-460,""y_mg"":-48,""z_mg"":1124}"
46.140,right_hand,og,tilt,,"{""roll_deg"":4.6,""pitch_deg"":-26.9,""steady"":true}"
46.140,right_hand,og,flick_angles,,"{""side_deg"":0.1,""fwd_deg"":-21.4}"
46.140,right_hand,og,acc,2479517,"{""seq"":2241,""x_mg"":-460,""y_mg"":-68,""z_mg"":1152}"
46.140,right_hand,og,tilt,,"{""roll_deg"":4.6,""pitch_deg"":-27.5,""steady"":true}"
46.140,right_hand,og,flick_angles,,"{""side_deg"":-1.1,""fwd_deg"":-21.8}"
46.156,right_hand,og,acc,2479538,"{""seq"":2242,""x_mg"":-468,""y_mg"":-56,""z_mg"":1152}"
46.156,right_hand,og,tilt,,"{""roll_deg"":4.6,""pitch_deg"":-27.9,""steady"":true}"
46.156,right_hand,og,flick_angles,,"{""side_deg"":-1.8,""fwd_deg"":-21.9}"
46.187,right_hand,og,acc,2479558,"{""seq"":2243,""x_mg"":-456,""y_mg"":-44,""z_mg"":1108}"
46.187,right_hand,og,tilt,,"{""roll_deg"":4.6,""pitch_deg"":-28.1,""steady"":true}"
46.187,right_hand,og,flick_angles,,"{""side_deg"":-2.2,""fwd_deg"":-22.0}"
46.219,right_hand,og,acc,2479579,"{""seq"":2244,""x_mg"":-416,""y_mg"":-24,""z_mg"":1056}"
46.219,right_hand,og,tilt,,"{""roll_deg"":4.5,""pitch_deg"":-28.2,""steady"":true}"
46.219,right_hand,og,flick_angles,,"{""side_deg"":-2.2,""fwd_deg"":-22.1}"
46.219,right_hand,og,acc,2479599,"{""seq"":2245,""x_mg"":-384,""y_mg"":-40,""z_mg"":1004}"
46.219,right_hand,og,tilt,,"{""roll_deg"":4.4,""pitch_deg"":-28.2,""steady"":true}"
46.219,right_hand,og,flick_angles,,"{""side_deg"":-2.1,""fwd_deg"":-21.8}"
46.250,right_hand,og,acc,2479620,"{""seq"":2246,""x_mg"":-376,""y_mg"":-16,""z_mg"":960}"
46.250,right_hand,og,tilt,,"{""roll_deg"":4.4,""pitch_deg"":-28.2,""steady"":true}"
46.250,right_hand,og,flick_angles,,"{""side_deg"":-1.7,""fwd_deg"":-21.6}"
46.281,,game,miss,,"{""n"":15,""want"":""down""}"
46.281,right_hand,og,acc,2479640,"{""seq"":2247,""x_mg"":-360,""y_mg"":-4,""z_mg"":932}"
46.281,right_hand,og,tilt,,"{""roll_deg"":4.4,""pitch_deg"":-28.2,""steady"":true}"
46.281,right_hand,og,flick_angles,,"{""side_deg"":-1.3,""fwd_deg"":-21.3}"
46.281,right_hand,og,acc,2479661,"{""seq"":2248,""x_mg"":-348,""y_mg"":32,""z_mg"":924}"
46.281,right_hand,og,tilt,,"{""roll_deg"":4.4,""pitch_deg"":-28.2,""steady"":true}"
46.281,right_hand,og,flick_angles,,"{""side_deg"":-0.8,""fwd_deg"":-21.2}"
46.312,right_hand,og,acc,2479681,"{""seq"":2249,""x_mg"":-328,""y_mg"":32,""z_mg"":884}"
46.312,right_hand,og,tilt,,"{""roll_deg"":4.4,""pitch_deg"":-28.2,""steady"":true}"
46.312,right_hand,og,flick_angles,,"{""side_deg"":0.6,""fwd_deg"":-20.9}"
46.344,right_hand,og,acc,2479702,"{""seq"":2250,""x_mg"":-324,""y_mg"":28,""z_mg"":872}"
46.344,right_hand,og,tilt,,"{""roll_deg"":4.8,""pitch_deg"":-28.2,""steady"":true}"
46.344,right_hand,og,flick_angles,,"{""side_deg"":1.2,""fwd_deg"":-20.7}"
46.344,right_hand,og,acc,2479723,"{""seq"":2251,""x_mg"":-312,""y_mg"":12,""z_mg"":860}"
46.344,right_hand,og,tilt,,"{""roll_deg"":5.2,""pitch_deg"":-28.2,""steady"":true}"
46.344,right_hand,og,flick_angles,,"{""side_deg"":1.5,""fwd_deg"":-20.5}"
46.375,right_hand,og,acc,2479743,"{""seq"":2252,""x_mg"":-320,""y_mg"":24,""z_mg"":876}"
46.375,right_hand,og,tilt,,"{""roll_deg"":5.4,""pitch_deg"":-28.1,""steady"":true}"
46.375,right_hand,og,flick_angles,,"{""side_deg"":1.5,""fwd_deg"":-20.3}"
46.406,right_hand,og,acc,2479764,"{""seq"":2253,""x_mg"":-320,""y_mg"":32,""z_mg"":876}"
46.406,right_hand,og,tilt,,"{""roll_deg"":5.6,""pitch_deg"":-28.0,""steady"":true}"
46.406,right_hand,og,flick_angles,,"{""side_deg"":1.5,""fwd_deg"":-20.2}"
46.406,right_hand,og,acc,2479784,"{""seq"":2254,""x_mg"":-324,""y_mg"":40,""z_mg"":876}"
46.406,right_hand,og,tremor,,"{""rms_mg"":22.9,""peak_hz"":5.9}"
46.406,right_hand,og,tilt,,"{""roll_deg"":5.9,""pitch_deg"":-27.9,""steady"":true}"
46.406,right_hand,og,flick_angles,,"{""side_deg"":1.7,""fwd_deg"":-20.1}"
46.437,right_hand,og,acc,2479805,"{""seq"":2255,""x_mg"":-316,""y_mg"":28,""z_mg"":892}"
46.437,right_hand,og,tilt,,"{""roll_deg"":6.1,""pitch_deg"":-27.9,""steady"":true}"
46.437,right_hand,og,flick_angles,,"{""side_deg"":1.8,""fwd_deg"":-20.1}"
46.469,right_hand,og,acc,2479825,"{""seq"":2256,""x_mg"":-328,""y_mg"":16,""z_mg"":912}"
46.469,right_hand,og,tilt,,"{""roll_deg"":6.3,""pitch_deg"":-27.8,""steady"":true}"
46.469,right_hand,og,flick_angles,,"{""side_deg"":1.8,""fwd_deg"":-19.9}"
46.469,right_hand,og,acc,2479846,"{""seq"":2257,""x_mg"":-344,""y_mg"":8,""z_mg"":952}"
46.469,right_hand,og,tilt,,"{""roll_deg"":6.3,""pitch_deg"":-27.8,""steady"":true}"
46.469,right_hand,og,flick_angles,,"{""side_deg"":1.4,""fwd_deg"":-19.9}"
46.500,right_hand,og,acc,2479867,"{""seq"":2258,""x_mg"":-348,""y_mg"":12,""z_mg"":972}"
46.500,right_hand,og,tilt,,"{""roll_deg"":6.3,""pitch_deg"":-27.7,""steady"":true}"
46.500,right_hand,og,flick_angles,,"{""side_deg"":1.0,""fwd_deg"":-19.8}"
46.531,right_hand,og,acc,2479887,"{""seq"":2259,""x_mg"":-352,""y_mg"":12,""z_mg"":984}"
46.531,right_hand,og,tilt,,"{""roll_deg"":6.3,""pitch_deg"":-27.6,""steady"":true}"
46.531,right_hand,og,flick_angles,,"{""side_deg"":0.8,""fwd_deg"":-19.8}"
46.531,right_hand,og,acc,2479908,"{""seq"":2260,""x_mg"":-356,""y_mg"":8,""z_mg"":992}"
46.531,right_hand,og,tilt,,"{""roll_deg"":6.3,""pitch_deg"":-27.6,""steady"":true}"
46.531,right_hand,og,flick_angles,,"{""side_deg"":0.7,""fwd_deg"":-19.7}"
46.562,right_hand,og,acc,2479928,"{""seq"":2261,""x_mg"":-364,""y_mg"":8,""z_mg"":1000}"
46.562,right_hand,og,tilt,,"{""roll_deg"":6.3,""pitch_deg"":-27.5,""steady"":true}"
46.562,right_hand,og,flick_angles,,"{""side_deg"":0.6,""fwd_deg"":-19.7}"
46.594,right_hand,og,acc,2479949,"{""seq"":2262,""x_mg"":-348,""y_mg"":0,""z_mg"":1004}"
46.594,right_hand,og,tilt,,"{""roll_deg"":6.3,""pitch_deg"":-27.5,""steady"":true}"
46.594,right_hand,og,flick_angles,,"{""side_deg"":0.5,""fwd_deg"":-19.7}"
46.594,right_hand,og,acc,2479969,"{""seq"":2263,""x_mg"":-328,""y_mg"":-12,""z_mg"":1032}"
46.594,right_hand,og,tilt,,"{""roll_deg"":6.3,""pitch_deg"":-27.4,""steady"":true}"
46.594,right_hand,og,flick_angles,,"{""side_deg"":0.3,""fwd_deg"":-19.4}"
46.625,right_hand,og,acc,2479990,"{""seq"":2264,""x_mg"":-328,""y_mg"":16,""z_mg"":1036}"
46.625,right_hand,og,tilt,,"{""roll_deg"":6.3,""pitch_deg"":-27.0,""steady"":true}"
46.625,right_hand,og,flick_angles,,"{""side_deg"":0.1,""fwd_deg"":-18.5}"
46.625,right_hand,og,acc,2480011,"{""seq"":2265,""x_mg"":-312,""y_mg"":12,""z_mg"":1024}"
46.625,right_hand,og,tilt,,"{""roll_deg"":6.3,""pitch_deg"":-26.7,""steady"":true}"
46.625,right_hand,og,flick_angles,,"{""side_deg"":0.4,""fwd_deg"":-18.0}"
46.656,right_hand,og,acc,2480031,"{""seq"":2266,""x_mg"":-312,""y_mg"":12,""z_mg"":1020}"
46.656,right_hand,og,tilt,,"{""roll_deg"":6.3,""pitch_deg"":-26.3,""steady"":true}"
46.656,right_hand,og,flick_angles,,"{""side_deg"":0.5,""fwd_deg"":-17.5}"
46.687,right_hand,og,acc,2480052,"{""seq"":2267,""x_mg"":-308,""y_mg"":-60,""z_mg"":996}"
46.687,right_hand,og,tilt,,"{""roll_deg"":6.3,""pitch_deg"":-25.9,""steady"":true}"
46.687,right_hand,og,flick_angles,,"{""side_deg"":0.6,""fwd_deg"":-17.3}"
46.687,right_hand,og,acc,2480072,"{""seq"":2268,""x_mg"":-280,""y_mg"":-108,""z_mg"":968}"
46.687,right_hand,og,tilt,,"{""roll_deg"":6.3,""pitch_deg"":-25.6,""steady"":true}"
46.687,right_hand,og,flick_angles,,"{""side_deg"":-1.4,""fwd_deg"":-17.1}"
46.719,right_hand,og,acc,2480093,"{""seq"":2269,""x_mg"":-248,""y_mg"":-60,""z_mg"":940}"
46.719,right_hand,og,tilt,,"{""roll_deg"":5.7,""pitch_deg"":-25.2,""steady"":true}"
46.719,right_hand,og,flick_angles,,"{""side_deg"":-2.4,""fwd_deg"":-16.6}"
46.765,right_hand,og,acc,2480113,"{""seq"":2270,""x_mg"":-244,""y_mg"":-52,""z_mg"":936}"
46.765,right_hand,og,tilt,,"{""roll_deg"":5.2,""pitch_deg"":-24.5,""steady"":true}"
46.765,right_hand,og,flick_angles,,"{""side_deg"":-3.0,""fwd_deg"":-15.7}"
46.765,right_hand,og,acc,2480134,"{""seq"":2271,""x_mg"":-256,""y_mg"":-68,""z_mg"":928}"
46.765,right_hand,og,tilt,,"{""roll_deg"":4.7,""pitch_deg"":-24.0,""steady"":true}"
46.765,right_hand,og,flick_angles,,"{""side_deg"":-3.3,""fwd_deg"":-15.2}"
46.781,right_hand,og,acc,2480154,"{""seq"":2272,""x_mg"":-240,""y_mg"":-100,""z_mg"":908}"
46.781,right_hand,og,tilt,,"{""roll_deg"":4.1,""pitch_deg"":-23.5,""steady"":true}"
46.781,right_hand,og,flick_angles,,"{""side_deg"":-3.7,""fwd_deg"":-15.0}"
46.812,right_hand,og,acc,2480175,"{""seq"":2273,""x_mg"":-220,""y_mg"":-124,""z_mg"":896}"
46.812,right_hand,og,tilt,,"{""roll_deg"":3.2,""pitch_deg"":-23.2,""steady"":true}"
46.812,right_hand,og,flick_angles,,"{""side_deg"":-4.9,""fwd_deg"":-14.8}"
46.844,right_hand,og,acc,2480196,"{""seq"":2274,""x_mg"":-228,""y_mg"":-88,""z_mg"":920}"
46.844,right_hand,og,tilt,,"{""roll_deg"":2.4,""pitch_deg"":-22.7,""steady"":true}"
46.844,right_hand,og,flick_angles,,"{""side_deg"":-5.5,""fwd_deg"":-14.4}"
46.844,right_hand,og,acc,2480216,"{""seq"":2275,""x_mg"":-200,""y_mg"":-32,""z_mg"":936}"
46.844,right_hand,og,tilt,,"{""roll_deg"":2.0,""pitch_deg"":-22.3,""steady"":true}"
46.844,right_hand,og,flick_angles,,"{""side_deg"":-5.4,""fwd_deg"":-14.0}"
46.875,right_hand,og,acc,2480237,"{""seq"":2276,""x_mg"":-172,""y_mg"":-12,""z_mg"":956}"
46.875,right_hand,og,tilt,,"{""roll_deg"":2.0,""pitch_deg"":-21.6,""steady"":true}"
46.875,right_hand,og,flick_angles,,"{""side_deg"":-3.7,""fwd_deg"":-13.0}"
46.906,right_hand,og,acc,2480257,"{""seq"":2277,""x_mg"":-152,""y_mg"":-32,""z_mg"":976}"
46.906,right_hand,og,tilt,,"{""roll_deg"":2.0,""pitch_deg"":-20.6,""steady"":true}"
46.906,right_hand,og,flick_angles,,"{""side_deg"":-2.8,""fwd_deg"":-11.6}"
46.906,right_hand,og,acc,2480278,"{""seq"":2278,""x_mg"":-128,""y_mg"":-48,""z_mg"":988}"
46.906,right_hand,og,tilt,,"{""roll_deg"":2.1,""pitch_deg"":-19.3,""steady"":true}"
46.906,right_hand,og,flick_angles,,"{""side_deg"":-2.3,""fwd_deg"":-10.2}"
46.937,right_hand,og,acc,2480299,"{""seq"":2279,""x_mg"":-120,""y_mg"":-40,""z_mg"":976}"
46.937,right_hand,og,tilt,,"{""roll_deg"":2.2,""pitch_deg"":-17.9,""steady"":true}"
46.937,right_hand,og,flick_angles,,"{""side_deg"":-2.3,""fwd_deg"":-8.8}"
46.969,right_hand,og,acc,2480319,"{""seq"":2280,""x_mg"":-128,""y_mg"":-4,""z_mg"":980}"
46.969,right_hand,og,tilt,,"{""roll_deg"":2.3,""pitch_deg"":-17.0,""steady"":true}"
46.969,right_hand,og,flick_angles,,"{""side_deg"":-2.3,""fwd_deg"":-8.1}"
46.969,right_hand,og,acc,2480340,"{""seq"":2281,""x_mg"":-124,""y_mg"":20,""z_mg"":992}"
46.969,right_hand,og,tilt,,"{""roll_deg"":2.5,""pitch_deg"":-16.2,""steady"":true}"
46.969,right_hand,og,flick_angles,,"{""side_deg"":-1.3,""fwd_deg"":-7.6}"
46.984,right_hand,og,acc,2480360,"{""seq"":2282,""x_mg"":-132,""y_mg"":12,""z_mg"":980}"
46.984,right_hand,og,tilt,,"{""roll_deg"":2.8,""pitch_deg"":-15.8,""steady"":true}"
46.984,right_hand,og,flick_angles,,"{""side_deg"":-0.3,""fwd_deg"":-7.5}"
47.015,right_hand,og,acc,2480381,"{""seq"":2283,""x_mg"":-120,""y_mg"":-20,""z_mg"":988}"
47.015,right_hand,og,tilt,,"{""roll_deg"":3.2,""pitch_deg"":-15.4,""steady"":true}"
47.015,right_hand,og,flick_angles,,"{""side_deg"":0.2,""fwd_deg"":-7.3}"
47.047,right_hand,og,acc,2480401,"{""seq"":2284,""x_mg"":-108,""y_mg"":-40,""z_mg"":988}"
47.047,right_hand,og,tilt,,"{""roll_deg"":3.3,""pitch_deg"":-15.1,""steady"":true}"
47.047,right_hand,og,flick_angles,,"{""side_deg"":-0.5,""fwd_deg"":-7.1}"
47.047,right_hand,og,acc,2480422,"{""seq"":2285,""x_mg"":-108,""y_mg"":-12,""z_mg"":988}"
47.047,right_hand,og,tilt,,"{""roll_deg"":3.4,""pitch_deg"":-14.6,""steady"":true}"
47.047,right_hand,og,flick_angles,,"{""side_deg"":-0.8,""fwd_deg"":-6.7}"
47.078,right_hand,og,acc,2480442,"{""seq"":2286,""x_mg"":-104,""y_mg"":24,""z_mg"":1004}"
47.078,right_hand,og,tilt,,"{""roll_deg"":3.5,""pitch_deg"":-14.3,""steady"":true}"
47.078,right_hand,og,flick_angles,,"{""side_deg"":-0.8,""fwd_deg"":-6.5}"
47.109,right_hand,og,acc,2480463,"{""seq"":2287,""x_mg"":-92,""y_mg"":16,""z_mg"":996}"
47.109,right_hand,og,tilt,,"{""roll_deg"":3.9,""pitch_deg"":-14.0,""steady"":true}"
47.109,right_hand,og,flick_angles,,"{""side_deg"":0.1,""fwd_deg"":-6.2}"
47.109,right_hand,og,acc,2480484,"{""seq"":2288,""x_mg"":-68,""y_mg"":0,""z_mg"":988}"
47.109,right_hand,og,tilt,,"{""roll_deg"":4.3,""pitch_deg"":-13.7,""steady"":true}"
47.109,right_hand,og,flick_angles,,"{""side_deg"":0.5,""fwd_deg"":-5.7}"
47.140,right_hand,og,acc,2480504,"{""seq"":2289,""x_mg"":-40,""y_mg"":4,""z_mg"":964}"
47.140,right_hand,og,tilt,,"{""roll_deg"":4.5,""pitch_deg"":-13.1,""steady"":true}"
47.140,right_hand,og,flick_angles,,"{""side_deg"":0.4,""fwd_deg"":-4.8}"
47.140,right_hand,og,acc,2480525,"{""seq"":2290,""x_mg"":-32,""y_mg"":44,""z_mg"":960}"
47.140,right_hand,og,tilt,,"{""roll_deg"":4.6,""pitch_deg"":-12.2,""steady"":true}"
47.140,right_hand,og,flick_angles,,"{""side_deg"":0.3,""fwd_deg"":-3.6}"
47.172,right_hand,og,acc,2480545,"{""seq"":2291,""x_mg"":-24,""y_mg"":88,""z_mg"":976}"
47.172,right_hand,og,tilt,,"{""roll_deg"":5.2,""pitch_deg"":-11.4,""steady"":true}"
47.172,right_hand,og,flick_angles,,"{""side_deg"":1.5,""fwd_deg"":-2.8}"
47.187,right_hand,og,acc,2480566,"{""seq"":2292,""x_mg"":-8,""y_mg"":92,""z_mg"":952}"
47.187,right_hand,og,tilt,,"{""roll_deg"":6.3,""pitch_deg"":-10.6,""steady"":true}"
47.187,right_hand,og,flick_angles,,"{""side_deg"":3.3,""fwd_deg"":-2.1}"
47.219,right_hand,og,acc,2480586,"{""seq"":2293,""x_mg"":48,""y_mg"":112,""z_mg"":952}"
47.219,right_hand,og,tilt,,"{""roll_deg"":7.4,""pitch_deg"":-9.9,""steady"":true}"
47.219,right_hand,og,flick_angles,,"{""side_deg"":4.4,""fwd_deg"":-1.3}"
47.250,right_hand,og,acc,2480607,"{""seq"":2294,""x_mg"":84,""y_mg"":148,""z_mg"":972}"
47.250,right_hand,og,tilt,,"{""roll_deg"":8.6,""pitch_deg"":-8.2,""steady"":true}"
47.250,right_hand,og,flick_angles,,"{""side_deg"":5.6,""fwd_deg"":0.8}"
47.250,right_hand,og,acc,2480628,"{""seq"":2295,""x_mg"":64,""y_mg"":200,""z_mg"":1004}"
47.250,right_hand,og,tilt,,"{""roll_deg"":10.1,""pitch_deg"":-6.8,""steady"":true}"
47.250,right_hand,og,flick_angles,,"{""side_deg"":7.1,""fwd_deg"":2.2}"
47.281,right_hand,og,acc,2480648,"{""seq"":2296,""x_mg"":24,""y_mg"":196,""z_mg"":996}"
47.281,right_hand,og,tilt,,"{""roll_deg"":12.0,""pitch_deg"":-5.8,""steady"":true}"
47.281,right_hand,og,flick_angles,,"{""side_deg"":9.1,""fwd_deg"":2.9}"
47.281,right_hand,og,acc,2480669,"{""seq"":2297,""x_mg"":-4,""y_mg"":172,""z_mg"":988}"
47.281,right_hand,og,tilt,,"{""roll_deg"":13.4,""pitch_deg"":-5.8,""steady"":true}"
47.281,right_hand,og,flick_angles,,"{""side_deg"":10.1,""fwd_deg"":2.1}"
47.312,right_hand,og,acc,2480689,"{""seq"":2298,""x_mg"":-4,""y_mg"":132,""z_mg"":964}"
47.312,right_hand,og,tilt,,"{""roll_deg"":13.9,""pitch_deg"":-5.8,""steady"":true}"
47.312,right_hand,og,flick_angles,,"{""side_deg"":10.0,""fwd_deg"":0.9}"
47.359,right_hand,og,acc,2480710,"{""seq"":2299,""x_mg"":0,""y_mg"":80,""z_mg"":968}"
47.359,right_hand,og,tilt,,"{""roll_deg"":13.9,""pitch_deg"":-5.8,""steady"":true}"
47.359,right_hand,og,flick_angles,,"{""side_deg"":8.9,""fwd_deg"":0.4}"
47.359,right_hand,og,acc,2480730,"{""seq"":2300,""x_mg"":-68,""y_mg"":20,""z_mg"":968}"
47.359,right_hand,og,tilt,,"{""roll_deg"":13.6,""pitch_deg"":-5.9,""steady"":true}"
47.359,right_hand,og,flick_angles,,"{""side_deg"":6.8,""fwd_deg"":0.1}"
47.390,right_hand,og,acc,2480751,"{""seq"":2301,""x_mg"":-128,""y_mg"":12,""z_mg"":976}"
47.390,right_hand,og,tilt,,"{""roll_deg"":12.6,""pitch_deg"":-6.5,""steady"":true}"
47.390,right_hand,og,flick_angles,,"{""side_deg"":4.0,""fwd_deg"":-2.0}"
47.406,right_hand,og,acc,2480771,"{""seq"":2302,""x_mg"":-140,""y_mg"":-16,""z_mg"":988}"
47.406,right_hand,og,tilt,,"{""roll_deg"":12.2,""pitch_deg"":-7.1,""steady"":true}"
47.406,right_hand,og,flick_angles,,"{""side_deg"":2.3,""fwd_deg"":-4.7}"
47.406,right_hand,og,acc,2480792,"{""seq"":2303,""x_mg"":-144,""y_mg"":-68,""z_mg"":960}"
47.406,right_hand,og,tilt,,"{""roll_deg"":11.2,""pitch_deg"":-8.3,""steady"":true}"
47.406,right_hand,og,flick_angles,,"{""side_deg"":0.7,""fwd_deg"":-6.4}"
47.453,right_hand,og,acc,2480813,"{""seq"":2304,""x_mg"":-176,""y_mg"":-132,""z_mg"":976}"
47.453,right_hand,og,tilt,,"{""roll_deg"":9.2,""pitch_deg"":-9.7,""steady"":true}"
47.453,right_hand,og,flick_angles,,"{""side_deg"":-1.6,""fwd_deg"":-7.5}"
47.484,right_hand,og,acc,2480833,"{""seq"":2305,""x_mg"":-216,""y_mg"":-196,""z_mg"":980}"
47.484,right_hand,og,tilt,,"{""roll_deg"":6.1,""pitch_deg"":-11.4,""steady"":true}"
47.484,right_hand,og,flick_angles,,"{""side_deg"":-4.6,""fwd_deg"":-8.8}"
47.484,right_hand,og,acc,2480854,"{""seq"":2306,""x_mg"":-228,""y_mg"":-196,""z_mg"":984}"
47.484,right_hand,og,tilt,,"{""roll_deg"":2.2,""pitch_deg"":-13.5,""steady"":true}"
47.484,right_hand,og,flick_angles,,"{""side_deg"":-7.8,""fwd_deg"":-10.5}"
47.515,right_hand,og,acc,2480874,"{""seq"":2307,""x_mg"":-216,""y_mg"":-208,""z_mg"":980}"
47.515,right_hand,og,tilt,,"{""roll_deg"":-0.4,""pitch_deg"":-15.1,""steady"":true}"
47.515,right_hand,og,flick_angles,,"{""side_deg"":-9.4,""fwd_deg"":-11.3}"
47.547,right_hand,og,acc,2480895,"{""seq"":2308,""x_mg"":-220,""y_mg"":-236,""z_mg"":972}"
47.547,right_hand,og,tilt,,"{""roll_deg"":-2.4,""pitch_deg"":-16.3,""steady"":true}"
47.547,right_hand,og,flick_angles,,"{""side_deg"":-10.6,""fwd_deg"":-11.9}"
47.547,right_hand,og,acc,2480915,"{""seq"":2309,""x_mg"":-236,""y_mg"":-232,""z_mg"":976}"
47.547,right_hand,og,tilt,,"{""roll_deg"":-4.1,""pitch_deg"":-17.0,""steady"":true}"
47.547,right_hand,og,flick_angles,,"{""side_deg"":-11.8,""fwd_deg"":-12.1}"
47.578,right_hand,og,acc,2480936,"{""seq"":2310,""x_mg"":-216,""y_mg"":-176,""z_mg"":988}"
47.578,right_hand,og,tilt,,"{""roll_deg"":-5.2,""pitch_deg"":-17.6,""steady"":true}"
47.578,right_hand,og,flick_angles,,"{""side_deg"":-12.4,""fwd_deg"":-12.3}"
47.578,right_hand,og,acc,2480957,"{""seq"":2311,""x_mg"":-204,""y_mg"":-152,""z_mg"":992}"
47.578,right_hand,og,tilt,,"{""roll_deg"":-5.2,""pitch_deg"":-17.9,""steady"":true}"
47.578,right_hand,og,flick_angles,,"{""side_deg"":-11.1,""fwd_deg"":-12.2}"
47.609,right_hand,og,acc,2480977,"{""seq"":2312,""x_mg"":-220,""y_mg"":-148,""z_mg"":992}"
47.609,right_hand,og,tilt,,"{""roll_deg"":-4.9,""pitch_deg"":-18.1,""steady"":true}"
47.609,right_hand,og,flick_angles,,"{""side_deg"":-9.8,""fwd_deg"":-12.2}"
47.640,right_hand,og,acc,2480998,"{""seq"":2313,""x_mg"":-212,""y_mg"":-116,""z_mg"":1004}"
47.640,right_hand,og,tilt,,"{""roll_deg"":-4.4,""pitch_deg"":-18.1,""steady"":true}"
47.640,right_hand,og,flick_angles,,"{""side_deg"":-9.1,""fwd_deg"":-12.0}"
47.640,right_hand,og,acc,2481018,"{""seq"":2314,""x_mg"":-196,""y_mg"":-100,""z_mg"":1000}"
47.640,right_hand,og,tilt,,"{""roll_deg"":-3.8,""pitch_deg"":-18.1,""steady"":true}"
47.640,right_hand,og,flick_angles,,"{""side_deg"":-7.8,""fwd_deg"":-11.9}"
47.672,right_hand,og,acc,2481039,"{""seq"":2315,""x_mg"":-168,""y_mg"":-76,""z_mg"":1008}"
47.672,right_hand,og,tilt,,"{""roll_deg"":-3.2,""pitch_deg"":-18.1,""steady"":true}"
47.672,right_hand,og,flick_angles,,"{""side_deg"":-6.7,""fwd_deg"":-11.5}"
47.703,right_hand,og,acc,2481059,"{""seq"":2316,""x_mg"":-164,""y_mg"":-60,""z_mg"":1004}"
47.703,right_hand,og,tilt,,"{""roll_deg"":-2.7,""pitch_deg"":-18.1,""steady"":true}"
47.703,right_hand,og,flick_angles,,"{""side_deg"":-5.5,""fwd_deg"":-10.5}"
47.703,right_hand,og,acc,2481080,"{""seq"":2317,""x_mg"":-140,""y_mg"":-20,""z_mg"":1020}"
47.703,right_hand,og,tilt,,"{""roll_deg"":-2.4,""pitch_deg"":-18.1,""steady"":true}"
47.703,right_hand,og,flick_angles,,"{""side_deg"":-4.4,""fwd_deg"":-9.9}"
47.734,right_hand,og,acc,2481101,"{""seq"":2318,""x_mg"":-124,""y_mg"":-12,""z_mg"":1008}"
47.734,right_hand,og,tilt,,"{""roll_deg"":-1.5,""pitch_deg"":-17.8,""steady"":true}"
47.734,right_hand,og,flick_angles,,"{""side_deg"":-2.8,""fwd_deg"":-8.8}"
47.765,right_hand,og,acc,2481121,"{""seq"":2319,""x_mg"":-120,""y_mg"":-24,""z_mg"":992}"
47.765,right_hand,og,tilt,,"{""roll_deg"":-0.5,""pitch_deg"":-17.6,""steady"":true}"
47.765,right_hand,og,flick_angles,,"{""side_deg"":-1.9,""fwd_deg"":-7.9}"
47.765,right_hand,og,acc,2481142,"{""seq"":2320,""x_mg"":-116,""y_mg"":-40,""z_mg"":988}"
47.765,right_hand,og,tilt,,"{""roll_deg"":0.5,""pitch_deg"":-17.2,""steady"":true}"
47.765,right_hand,og,flick_angles,,"{""side_deg"":-1.7,""fwd_deg"":-7.4}"
47.781,,game,miss,,"{""n"":16,""want"":""left""}"
47.797,right_hand,og,acc,2481162,"{""seq"":2321,""x_mg"":-88,""y_mg"":-24,""z_mg"":984}"
47.797,right_hand,og,tilt,,"{""roll_deg"":1.2,""pitch_deg"":-16.7,""steady"":true}"
47.797,right_hand,og,flick_angles,,"{""side_deg"":-1.5,""fwd_deg"":-7.1}"
47.828,right_hand,og,acc,2481183,"{""seq"":2322,""x_mg"":-84,""y_mg"":-20,""z_mg"":996}"
47.828,right_hand,og,tilt,,"{""roll_deg"":1.8,""pitch_deg"":-16.0,""steady"":true}"
47.828,right_hand,og,flick_angles,,"{""side_deg"":-1.5,""fwd_deg"":-6.1}"
47.828,right_hand,og,acc,2481203,"{""seq"":2323,""x_mg"":-76,""y_mg"":-12,""z_mg"":992}"
47.828,right_hand,og,tilt,,"{""roll_deg"":2.3,""pitch_deg"":-15.2,""steady"":true}"
47.828,right_hand,og,flick_angles,,"{""side_deg"":-1.3,""fwd_deg"":-5.4}"
47.859,right_hand,og,acc,2481224,"{""seq"":2324,""x_mg"":-68,""y_mg"":-24,""z_mg"":992}"
47.859,right_hand,og,tilt,,"{""roll_deg"":2.7,""pitch_deg"":-14.4,""steady"":true}"
47.859,right_hand,og,flick_angles,,"{""side_deg"":-1.2,""fwd_deg"":-4.9}"
47.890,right_hand,og,acc,2481244,"{""seq"":2325,""x_mg"":-76,""y_mg"":-48,""z_mg"":984}"
47.890,right_hand,og,tilt,,"{""roll_deg"":3.0,""pitch_deg"":-13.8,""steady"":true}"
47.890,right_hand,og,flick_angles,,"{""side_deg"":-1.3,""fwd_deg"":-4.6}"
47.890,right_hand,og,acc,2481265,"{""seq"":2326,""x_mg"":-80,""y_mg"":-52,""z_mg"":976}"
47.890,right_hand,og,tilt,,"{""roll_deg"":3.0,""pitch_deg"":-13.2,""steady"":true}"
47.890,right_hand,og,flick_angles,,"{""side_deg"":-2.0,""fwd_deg"":-4.5}"
47.922,right_hand,og,acc,2481286,"{""seq"":2327,""x_mg"":-68,""y_mg"":-40,""z_mg"":984}"
47.922,right_hand,og,tilt,,"{""roll_deg"":3.0,""pitch_deg"":-12.9,""steady"":true}"
47.922,right_hand,og,flick_angles,,"{""side_deg"":-2.4,""fwd_deg"":-4.5}"
47.922,right_hand,og,acc,2481306,"{""seq"":2328,""x_mg"":-68,""y_mg"":-44,""z_mg"":984}"
47.922,right_hand,og,tilt,,"{""roll_deg"":3.0,""pitch_deg"":-12.5,""steady"":true}"
47.922,right_hand,og,flick_angles,,"{""side_deg"":-2.5,""fwd_deg"":-4.2}"
47.953,right_hand,og,acc,2481327,"{""seq"":2329,""x_mg"":-68,""y_mg"":-56,""z_mg"":984}"
47.953,right_hand,og,tilt,,"{""roll_deg"":3.0,""pitch_deg"":-12.2,""steady"":true}"
47.953,right_hand,og,flick_angles,,"{""side_deg"":-2.5,""fwd_deg"":-4.1}"
47.984,right_hand,og,acc,2481347,"{""seq"":2330,""x_mg"":-84,""y_mg"":-72,""z_mg"":972}"
47.984,right_hand,og,tilt,,"{""roll_deg"":3.0,""pitch_deg"":-12.0,""steady"":true}"
47.984,right_hand,og,flick_angles,,"{""side_deg"":-2.9,""fwd_deg"":-4.0}"
47.984,right_hand,og,acc,2481368,"{""seq"":2331,""x_mg"":-76,""y_mg"":-88,""z_mg"":972}"
47.984,right_hand,og,tilt,,"{""roll_deg"":3.0,""pitch_deg"":-11.9,""steady"":true}"
47.984,right_hand,og,flick_angles,,"{""side_deg"":-3.6,""fwd_deg"":-4.2}"
48.015,right_hand,og,acc,2481388,"{""seq"":2332,""x_mg"":-80,""y_mg"":-64,""z_mg"":968}"
48.015,right_hand,og,tilt,,"{""roll_deg"":3.0,""pitch_deg"":-11.9,""steady"":true}"
48.015,right_hand,og,flick_angles,,"{""side_deg"":-3.9,""fwd_deg"":-4.5}"
48.047,right_hand,og,acc,2481409,"{""seq"":2333,""x_mg"":-80,""y_mg"":-64,""z_mg"":952}"
48.047,right_hand,og,tilt,,"{""roll_deg"":3.0,""pitch_deg"":-11.9,""steady"":true}"
48.047,right_hand,og,flick_angles,,"{""side_deg"":-3.9,""fwd_deg"":-4.6}"
48.047,right_hand,og,acc,2481430,"{""seq"":2334,""x_mg"":-100,""y_mg"":-60,""z_mg"":956}"
48.047,right_hand,og,tilt,,"{""roll_deg"":3.0,""pitch_deg"":-11.9,""steady"":true}"
48.047,right_hand,og,flick_angles,,"{""side_deg"":-3.8,""fwd_deg"":-4.7}"
48.078,right_hand,og,acc,2481450,"{""seq"":2335,""x_mg"":-108,""y_mg"":-44,""z_mg"":968}"
48.078,right_hand,og,tilt,,"{""roll_deg"":2.9,""pitch_deg"":-11.9,""steady"":true}"
48.078,right_hand,og,flick_angles,,"{""side_deg"":-3.7,""fwd_deg"":-5.3}"
48.109,right_hand,og,acc,2481471,"{""seq"":2336,""x_mg"":-96,""y_mg"":-48,""z_mg"":964}"
48.109,right_hand,og,tilt,,"{""roll_deg"":2.9,""pitch_deg"":-11.9,""steady"":true}"
48.109,right_hand,og,flick_angles,,"{""side_deg"":-3.3,""fwd_deg"":-5.6}"
48.109,right_hand,og,acc,2481491,"{""seq"":2337,""x_mg"":-108,""y_mg"":-48,""z_mg"":968}"
48.109,right_hand,og,tilt,,"{""roll_deg"":2.9,""pitch_deg"":-11.9,""steady"":true}"
48.109,right_hand,og,flick_angles,,"{""side_deg"":-3.0,""fwd_deg"":-6.0}"
48.156,right_hand,og,acc,2481512,"{""seq"":2338,""x_mg"":-120,""y_mg"":-44,""z_mg"":956}"
48.156,right_hand,og,tilt,,"{""roll_deg"":2.9,""pitch_deg"":-11.9,""steady"":true}"
48.156,right_hand,og,flick_angles,,"{""side_deg"":-2.9,""fwd_deg"":-6.2}"
48.156,right_hand,og,acc,2481532,"{""seq"":2339,""x_mg"":-116,""y_mg"":-40,""z_mg"":976}"
48.156,right_hand,og,tilt,,"{""roll_deg"":2.9,""pitch_deg"":-11.9,""steady"":true}"
48.156,right_hand,og,flick_angles,,"{""side_deg"":-2.8,""fwd_deg"":-6.5}"
48.187,right_hand,og,acc,2481553,"{""seq"":2340,""x_mg"":-128,""y_mg"":-28,""z_mg"":988}"
48.187,right_hand,og,tilt,,"{""roll_deg"":2.9,""pitch_deg"":-11.9,""steady"":true}"
48.187,right_hand,og,flick_angles,,"{""side_deg"":-2.6,""fwd_deg"":-6.8}"
48.219,right_hand,og,acc,2481574,"{""seq"":2341,""x_mg"":-148,""y_mg"":-20,""z_mg"":992}"
48.219,right_hand,og,tilt,,"{""roll_deg"":2.9,""pitch_deg"":-12.1,""steady"":true}"
48.219,right_hand,og,flick_angles,,"{""side_deg"":-2.1,""fwd_deg"":-7.1}"
48.219,right_hand,og,acc,2481594,"{""seq"":2342,""x_mg"":-136,""y_mg"":-20,""z_mg"":992}"
48.219,right_hand,og,tilt,,"{""roll_deg"":2.9,""pitch_deg"":-12.4,""steady"":true}"
48.219,right_hand,og,flick_angles,,"{""side_deg"":-1.6,""fwd_deg"":-7.5}"
48.234,right_hand,og,acc,2481615,"{""seq"":2343,""x_mg"":-144,""y_mg"":-8,""z_mg"":1004}"
48.234,right_hand,og,tilt,,"{""roll_deg"":2.9,""pitch_deg"":-12.7,""steady"":true}"
48.234,right_hand,og,flick_angles,,"{""side_deg"":-1.4,""fwd_deg"":-7.8}"
48.265,right_hand,og,acc,2481635,"{""seq"":2344,""x_mg"":-144,""y_mg"":12,""z_mg"":1008}"
48.265,right_hand,og,tilt,,"{""roll_deg"":3.0,""pitch_deg"":-13.0,""steady"":true}"
48.265,right_hand,og,flick_angles,,"{""side_deg"":-0.9,""fwd_deg"":-8.0}"
48.297,right_hand,og,acc,2481656,"{""seq"":2345,""x_mg"":-160,""y_mg"":16,""z_mg"":1012}"
48.297,right_hand,og,tilt,,"{""roll_deg"":3.4,""pitch_deg"":-13.2,""steady"":true}"
48.297,right_hand,og,flick_angles,,"{""side_deg"":-0.1,""fwd_deg"":-8.1}"
48.297,right_hand,og,acc,2481676,"{""seq"":2346,""x_mg"":-144,""y_mg"":16,""z_mg"":1012}"
48.297,right_hand,og,tilt,,"{""roll_deg"":3.9,""pitch_deg"":-13.4,""steady"":true}"
48.297,right_hand,og,flick_angles,,"{""side_deg"":0.4,""fwd_deg"":-8.1}"
48.328,right_hand,og,acc,2481697,"{""seq"":2347,""x_mg"":-148,""y_mg"":12,""z_mg"":1016}"
48.328,right_hand,og,tilt,,"{""roll_deg"":4.3,""pitch_deg"":-13.6,""steady"":true}"
48.328,right_hand,og,flick_angles,,"{""side_deg"":0.6,""fwd_deg"":-8.2}"
48.359,right_hand,og,acc,2481718,"{""seq"":2348,""x_mg"":-156,""y_mg"":20,""z_mg"":1008}"
48.359,right_hand,og,tilt,,"{""roll_deg"":4.6,""pitch_deg"":-13.8,""steady"":true}"
48.359,right_hand,og,flick_angles,,"{""side_deg"":0.8,""fwd_deg"":-8.2}"
48.359,right_hand,og,acc,2481738,"{""seq"":2349,""x_mg"":-152,""y_mg"":4,""z_mg"":1028}"
48.359,right_hand,og,tilt,,"{""roll_deg"":4.9,""pitch_deg"":-14.0,""steady"":true}"
48.359,right_hand,og,flick_angles,,"{""side_deg"":0.7,""fwd_deg"":-8.3}"
48.390,right_hand,og,acc,2481759,"{""seq"":2350,""x_mg"":-144,""y_mg"":12,""z_mg"":1020}"
48.390,right_hand,og,tilt,,"{""roll_deg"":5.0,""pitch_deg"":-14.1,""steady"":true}"
48.390,right_hand,og,flick_angles,,"{""side_deg"":0.7,""fwd_deg"":-8.4}"
48.422,right_hand,og,acc,2481779,"{""seq"":2351,""x_mg"":-156,""y_mg"":-4,""z_mg"":1020}"
48.422,right_hand,og,tilt,,"{""roll_deg"":5.1,""pitch_deg"":-14.2,""steady"":true}"
48.422,right_hand,og,flick_angles,,"{""side_deg"":0.5,""fwd_deg"":-8.4}"
48.422,right_hand,og,acc,2481800,"{""seq"":2352,""x_mg"":-152,""y_mg"":4,""z_mg"":1028}"
48.422,right_hand,og,tremor,,"{""rms_mg"":22.7,""peak_hz"":9.1}"
48.422,right_hand,og,tilt,,"{""roll_deg"":5.1,""pitch_deg"":-14.3,""steady"":true}"
48.422,right_hand,og,flick_angles,,"{""side_deg"":0.3,""fwd_deg"":-8.4}"
48.453,right_hand,og,acc,2481820,"{""seq"":2353,""x_mg"":-148,""y_mg"":-8,""z_mg"":1024}"
48.453,right_hand,og,tilt,,"{""roll_deg"":5.1,""pitch_deg"":-14.4,""steady"":true}"
48.453,right_hand,og,flick_angles,,"{""side_deg"":0.1,""fwd_deg"":-8.4}"
48.469,right_hand,og,acc,2481841,"{""seq"":2354,""x_mg"":-156,""y_mg"":-12,""z_mg"":1028}"
48.469,right_hand,og,tilt,,"{""roll_deg"":5.1,""pitch_deg"":-14.5,""steady"":true}"
48.469,right_hand,og,flick_angles,,"{""side_deg"":-0.2,""fwd_deg"":-8.4}"
48.500,right_hand,og,acc,2481862,"{""seq"":2355,""x_mg"":-156,""y_mg"":-36,""z_mg"":1024}"
48.500,right_hand,og,tilt,,"{""roll_deg"":5.1,""pitch_deg"":-14.5,""steady"":true}"
48.500,right_hand,og,flick_angles,,"{""side_deg"":-0.4,""fwd_deg"":-8.5}"
48.500,right_hand,og,acc,2481882,"{""seq"":2356,""x_mg"":-144,""y_mg"":-24,""z_mg"":1020}"
48.500,right_hand,og,tilt,,"{""roll_deg"":5.1,""pitch_deg"":-14.6,""steady"":true}"
48.500,right_hand,og,flick_angles,,"{""side_deg"":-0.9,""fwd_deg"":-8.6}"
48.531,right_hand,og,acc,2481903,"{""seq"":2357,""x_mg"":-160,""y_mg"":-12,""z_mg"":1036}"
48.531,right_hand,og,tilt,,"{""roll_deg"":5.1,""pitch_deg"":-14.7,""steady"":true}"
48.531,right_hand,og,flick_angles,,"{""side_deg"":-1.1,""fwd_deg"":-8.6}"
48.562,right_hand,og,acc,2481923,"{""seq"":2358,""x_mg"":-176,""y_mg"":12,""z_mg"":1048}"
48.562,right_hand,og,tilt,,"{""roll_deg"":5.1,""pitch_deg"":-14.7,""steady"":true}"
48.562,right_hand,og,flick_angles,,"{""side_deg"":-0.9,""fwd_deg"":-8.7}"
48.562,right_hand,og,acc,2481944,"{""seq"":2359,""x_mg"":-172,""y_mg"":-16,""z_mg"":1048}"
48.562,right_hand,og,tilt,,"{""roll_deg"":5.1,""pitch_deg"":-14.9,""steady"":true}"
48.562,right_hand,og,flick_angles,,"{""side_deg"":-0.8,""fwd_deg"":-9.0}"
48.594,right_hand,og,acc,2481964,"{""seq"":2360,""x_mg"":-172,""y_mg"":-48,""z_mg"":1052}"
48.594,right_hand,og,tilt,,"{""roll_deg"":5.1,""pitch_deg"":-15.0,""steady"":true}"
48.594,right_hand,og,flick_angles,,"{""side_deg"":-0.8,""fwd_deg"":-9.2}"
48.625,right_hand,og,acc,2481985,"{""seq"":2361,""x_mg"":-160,""y_mg"":-64,""z_mg"":1060}"
48.625,right_hand,og,tilt,,"{""roll_deg"":5.1,""pitch_deg"":-15.1,""steady"":true}"
48.625,right_hand,og,flick_angles,,"{""side_deg"":-1.7,""fwd_deg"":-9.2}"
48.625,right_hand,og,acc,2482006,"{""seq"":2362,""x_mg"":-172,""y_mg"":-48,""z_mg"":1080}"
48.625,right_hand,og,tilt,,"{""roll_deg"":5.1,""pitch_deg"":-15.1,""steady"":true}"
48.625,right_hand,og,flick_angles,,"{""side_deg"":-2.1,""fwd_deg"":-9.1}"
48.656,right_hand,og,acc,2482026,"{""seq"":2363,""x_mg"":-176,""y_mg"":-16,""z_mg"":1148}"
48.656,right_hand,og,tilt,,"{""roll_deg"":4.9,""pitch_deg"":-15.1,""steady"":true}"
48.656,right_hand,og,flick_angles,,"{""side_deg"":-2.3,""fwd_deg"":-8.9}"
48.687,right_hand,og,acc,2482047,"{""seq"":2364,""x_mg"":-192,""y_mg"":-20,""z_mg"":1124}"
48.687,right_hand,og,tilt,,"{""roll_deg"":4.9,""pitch_deg"":-15.2,""steady"":true}"
48.687,right_hand,og,flick_angles,,"{""side_deg"":-1.7,""fwd_deg"":-9.0}"
48.687,right_hand,og,acc,2482067,"{""seq"":2365,""x_mg"":-136,""y_mg"":-108,""z_mg"":1116}"
48.687,right_hand,og,tilt,,"{""roll_deg"":4.9,""pitch_deg"":-15.2,""steady"":true}"
48.687,right_hand,og,flick_angles,,"{""side_deg"":-1.3,""fwd_deg"":-8.8}"
48.719,right_hand,og,acc,2482088,"{""seq"":2366,""x_mg"":-128,""y_mg"":-96,""z_mg"":1108}"
48.719,right_hand,og,tilt,,"{""roll_deg"":4.4,""pitch_deg"":-15.2,""steady"":true}"
48.719,right_hand,og,flick_angles,,"{""side_deg"":-3.1,""fwd_deg"":-7.9}"
48.750,right_hand,og,acc,2482108,"{""seq"":2367,""x_mg"":-124,""y_mg"":-40,""z_mg"":1104}"
48.750,right_hand,og,tilt,,"{""roll_deg"":3.8,""pitch_deg"":-15.2,""steady"":true}"
48.750,right_hand,og,flick_angles,,"{""side_deg"":-4.0,""fwd_deg"":-7.2}"
48.750,right_hand,og,acc,2482129,"{""seq"":2368,""x_mg"":-104,""y_mg"":-12,""z_mg"":1076}"
48.750,right_hand,og,tilt,,"{""roll_deg"":3.8,""pitch_deg"":-15.2,""steady"":true}"
48.750,right_hand,og,flick_angles,,"{""side_deg"":-3.0,""fwd_deg"":-6.8}"
48.781,right_hand,og,acc,2482150,"{""seq"":2369,""x_mg"":-88,""y_mg"":-52,""z_mg"":1044}"
48.781,right_hand,og,tilt,,"{""roll_deg"":3.8,""pitch_deg"":-15.2,""steady"":true}"
48.781,right_hand,og,flick_angles,,"{""side_deg"":-2.6,""fwd_deg"":-6.2}"
48.781,right_hand,og,acc,2482170,"{""seq"":2370,""x_mg"":-48,""y_mg"":-112,""z_mg"":1028}"
48.781,right_hand,og,tilt,,"{""roll_deg"":3.8,""pitch_deg"":-14.7,""steady"":true}"
48.781,right_hand,og,flick_angles,,"{""side_deg"":-2.7,""fwd_deg"":-5.5}"
48.812,right_hand,og,acc,2482191,"{""seq"":2371,""x_mg"":-20,""y_mg"":-128,""z_mg"":996}"
48.812,right_hand,og,tilt,,"{""roll_deg"":3.0,""pitch_deg"":-13.8,""steady"":true}"
48.812,right_hand,og,flick_angles,,"{""side_deg"":-4.5,""fwd_deg"":-4.1}"
48.844,right_hand,og,acc,2482211,"{""seq"":2372,""x_mg"":4,""y_mg"":-128,""z_mg"":1008}"
48.844,right_hand,og,tilt,,"{""roll_deg"":2.2,""pitch_deg"":-12.6,""steady"":true}"
48.844,right_hand,og,flick_angles,,"{""side_deg"":-5.8,""fwd_deg"":-2.6}"
48.844,right_hand,og,acc,2482232,"{""seq"":2373,""x_mg"":28,""y_mg"":-96,""z_mg"":992}"
48.844,right_hand,og,tilt,,"{""roll_deg"":1.4,""pitch_deg"":-11.2,""steady"":true}"
48.844,right_hand,og,flick_angles,,"{""side_deg"":-6.5,""fwd_deg"":-1.2}"
48.890,right_hand,og,acc,2482252,"{""seq"":2374,""x_mg"":56,""y_mg"":-120,""z_mg"":964}"
48.890,right_hand,og,tilt,,"{""roll_deg"":0.8,""pitch_deg"":-9.6,""steady"":true}"
48.890,right_hand,og,flick_angles,,"{""side_deg"":-6.8,""fwd_deg"":0.2}"
48.922,right_hand,og,acc,2482273,"{""seq"":2375,""x_mg"":108,""y_mg"":-164,""z_mg"":892}"
48.922,right_hand,og,tilt,,"{""roll_deg"":0.4,""pitch_deg"":-7.9,""steady"":true}"
48.922,right_hand,og,flick_angles,,"{""side_deg"":-6.9,""fwd_deg"":1.8}"
48.922,right_hand,og,acc,2482293,"{""seq"":2376,""x_mg"":164,""y_mg"":-204,""z_mg"":888}"
48.922,right_hand,og,tilt,,"{""roll_deg"":-0.8,""pitch_deg"":-5.4,""steady"":true}"
48.922,right_hand,og,flick_angles,,"{""side_deg"":-8.6,""fwd_deg"":4.3}"
48.953,right_hand,og,acc,2482314,"{""seq"":2377,""x_mg"":220,""y_mg"":-200,""z_mg"":820}"
48.953,right_hand,og,tilt,,"{""roll_deg"":-2.5,""pitch_deg"":-2.3,""steady"":true}"
48.953,right_hand,og,flick_angles,,"{""side_deg"":-10.7,""fwd_deg"":7.2}"
48.984,right_hand,og,acc,2482335,"{""seq"":2378,""x_mg"":252,""y_mg"":-216,""z_mg"":796}"
48.984,right_hand,og,tilt,,"{""roll_deg"":-4.0,""pitch_deg"":1.6,""steady"":true}"
48.984,right_hand,og,flick_angles,,"{""side_deg"":-12.0,""fwd_deg"":10.9}"
48.984,right_hand,og,acc,2482355,"{""seq"":2379,""x_mg"":284,""y_mg"":-252,""z_mg"":760}"
48.984,right_hand,og,tilt,,"{""roll_deg"":-5.4,""pitch_deg"":4.9,""steady"":true}"
48.984,right_hand,og,flick_angles,,"{""side_deg"":-13.2,""fwd_deg"":14.0}"
49.015,right_hand,og,acc,2482376,"{""seq"":2380,""x_mg"":316,""y_mg"":-236,""z_mg"":764}"
49.015,right_hand,og,tilt,,"{""roll_deg"":-6.9,""pitch_deg"":8.1,""steady"":true}"
49.015,right_hand,og,flick_angles,,"{""side_deg"":-14.6,""fwd_deg"":16.7}"
49.015,right_hand,game,hit,,"{""n"":17,""dir"":""up"",""err_ms"":140}"
49.047,right_hand,og,acc,2482396,"{""seq"":2381,""x_mg"":356,""y_mg"":-236,""z_mg"":720}"
49.047,right_hand,og,tilt,,"{""roll_deg"":-8.0,""pitch_deg"":10.7,""steady"":true}"
49.047,right_hand,og,flick_angles,,"{""side_deg"":-15.5,""fwd_deg"":19.2}"
49.047,right_hand,og,acc,2482417,"{""seq"":2382,""x_mg"":396,""y_mg"":-244,""z_mg"":712}"
49.047,right_hand,og,tilt,,"{""roll_deg"":-8.8,""pitch_deg"":13.9,""steady"":true}"
49.047,right_hand,og,flick_angles,,"{""side_deg"":-15.9,""fwd_deg"":22.2}"
49.062,right_hand,og,acc,2482437,"{""seq"":2383,""x_mg"":420,""y_mg"":-252,""z_mg"":724}"
49.062,right_hand,og,tilt,,"{""roll_deg"":-9.3,""pitch_deg"":16.8,""steady"":true}"
49.062,right_hand,og,flick_angles,,"{""side_deg"":-16.3,""fwd_deg"":25.0}"
49.094,right_hand,og,acc,2482458,"{""seq"":2384,""x_mg"":404,""y_mg"":-240,""z_mg"":748}"
49.094,right_hand,og,tilt,,"{""roll_deg"":-9.8,""pitch_deg"":18.4,""steady"":true}"
49.094,right_hand,og,flick_angles,,"{""side_deg"":-16.5,""fwd_deg"":26.4}"
49.125,right_hand,og,acc,2482479,"{""seq"":2385,""x_mg"":408,""y_mg"":-236,""z_mg"":776}"
49.125,right_hand,og,tilt,,"{""roll_deg"":-9.8,""pitch_deg"":19.1,""steady"":true}"
49.125,right_hand,og,flick_angles,,"{""side_deg"":-16.1,""fwd_deg"":26.8}"
49.125,right_hand,og,acc,2482499,"{""seq"":2386,""x_mg"":416,""y_mg"":-264,""z_mg"":796}"
49.125,right_hand,og,tilt,,"{""roll_deg"":-9.8,""pitch_deg"":19.2,""steady"":true}"
49.125,right_hand,og,flick_angles,,"{""side_deg"":-15.9,""fwd_deg"":26.7}"
49.140,right_hand,og,acc,2482520,"{""seq"":2387,""x_mg"":400,""y_mg"":-268,""z_mg"":860}"
49.140,right_hand,og,tilt,,"{""roll_deg"":-9.8,""pitch_deg"":19.2,""steady"":true}"
49.140,right_hand,og,flick_angles,,"{""side_deg"":-15.9,""fwd_deg"":26.6}"
49.172,right_hand,og,acc,2482540,"{""seq"":2388,""x_mg"":392,""y_mg"":-264,""z_mg"":872}"
49.172,right_hand,og,tilt,,"{""roll_deg"":-9.8,""pitch_deg"":19.2,""steady"":true}"
49.172,right_hand,og,flick_angles,,"{""side_deg"":-15.8,""fwd_deg"":25.3}"
49.203,right_hand,og,acc,2482561,"{""seq"":2389,""x_mg"":392,""y_mg"":-276,""z_mg"":852}"
49.203,right_hand,og,tilt,,"{""roll_deg"":-9.8,""pitch_deg"":18.7,""steady"":true}"
49.203,right_hand,og,flick_angles,,"{""side_deg"":-15.8,""fwd_deg"":24.4}"
49.203,right_hand,og,acc,2482581,"{""seq"":2390,""x_mg"":400,""y_mg"":-280,""z_mg"":864}"
49.203,right_hand,og,tilt,,"{""roll_deg"":-9.9,""pitch_deg"":18.3,""steady"":true}"
49.203,right_hand,og,flick_angles,,"{""side_deg"":-16.1,""fwd_deg"":24.0}"
49.234,right_hand,og,acc,2482602,"{""seq"":2391,""x_mg"":396,""y_mg"":-268,""z_mg"":868}"
49.234,right_hand,og,tilt,,"{""roll_deg"":-10.0,""pitch_deg"":18.0,""steady"":true}"
49.234,right_hand,og,flick_angles,,"{""side_deg"":-16.2,""fwd_deg"":23.8}"
49.265,right_hand,og,acc,2482623,"{""seq"":2392,""x_mg"":400,""y_mg"":-256,""z_mg"":888}"
49.265,right_hand,og,tilt,,"{""roll_deg"":-10.0,""pitch_deg"":17.9,""steady"":true}"
49.265,right_hand,og,flick_angles,,"{""side_deg"":-16.0,""fwd_deg"":23.7}"
49.265,right_hand,og,acc,2482643,"{""seq"":2393,""x_mg"":392,""y_mg"":-240,""z_mg"":916}"
49.265,right_hand,og,tilt,,"{""roll_deg"":-10.0,""pitch_deg"":17.7,""steady"":true}"
49.265,right_hand,og,flick_angles,,"{""side_deg"":-15.3,""fwd_deg"":23.6}"
49.297,right_hand,og,acc,2482664,"{""seq"":2394,""x_mg"":368,""y_mg"":-244,""z_mg"":920}"
49.297,right_hand,og,tilt,,"{""roll_deg"":-10.0,""pitch_deg"":17.5,""steady"":true}"
49.297,right_hand,og,flick_angles,,"{""side_deg"":-14.6,""fwd_deg"":23.0}"
49.328,right_hand,og,acc,2482684,"{""seq"":2395,""x_mg"":372,""y_mg"":-256,""z_mg"":924}"
49.328,right_hand,og,tilt,,"{""roll_deg"":-10.0,""pitch_deg"":17.2,""steady"":true}"
49.328,right_hand,og,flick_angles,,"{""side_deg"":-14.2,""fwd_deg"":22.1}"
49.328,right_hand,og,acc,2482705,"{""seq"":2396,""x_mg"":376,""y_mg"":-256,""z_mg"":900}"
49.328,right_hand,og,tilt,,"{""roll_deg"":-10.0,""pitch_deg"":17.0,""steady"":true}"
49.328,right_hand,og,flick_angles,,"{""side_deg"":-14.3,""fwd_deg"":21.7}"
49.359,right_hand,og,acc,2482725,"{""seq"":2397,""x_mg"":364,""y_mg"":-228,""z_mg"":904}"
49.359,right_hand,og,tilt,,"{""roll_deg"":-10.0,""pitch_deg"":16.8,""steady"":true}"
49.359,right_hand,og,flick_angles,,"{""side_deg"":-14.4,""fwd_deg"":21.5}"
49.359,right_hand,og,acc,2482746,"{""seq"":2398,""x_mg"":360,""y_mg"":-232,""z_mg"":884}"
49.359,right_hand,og,tilt,,"{""roll_deg"":-9.9,""pitch_deg"":16.7,""steady"":true}"
49.359,right_hand,og,flick_angles,,"{""side_deg"":-14.0,""fwd_deg"":21.5}"
49.390,right_hand,og,acc,2482767,"{""seq"":2399,""x_mg"":360,""y_mg"":-236,""z_mg"":868}"
49.390,right_hand,og,tilt,,"{""roll_deg"":-9.8,""pitch_deg"":16.5,""steady"":true}"
49.390,right_hand,og,flick_angles,,"{""side_deg"":-13.8,""fwd_deg"":21.5}"
49.422,right_hand,og,acc,2482787,"{""seq"":2400,""x_mg"":356,""y_mg"":-244,""z_mg"":892}"
49.422,right_hand,og,tilt,,"{""roll_deg"":-9.7,""pitch_deg"":16.3,""steady"":true}"
49.422,right_hand,og,flick_angles,,"{""side_deg"":-14.0,""fwd_deg"":21.5}"
49.422,right_hand,og,acc,2482808,"{""seq"":2401,""x_mg"":344,""y_mg"":-232,""z_mg"":900}"
49.422,right_hand,og,tilt,,"{""roll_deg"":-9.6,""pitch_deg"":16.1,""steady"":true}"
49.422,right_hand,og,flick_angles,,"{""side_deg"":-14.0,""fwd_deg"":21.3}"
49.469,right_hand,og,acc,2482828,"{""seq"":2402,""x_mg"":336,""y_mg"":-228,""z_mg"":904}"
49.469,right_hand,og,tilt,,"{""roll_deg"":-9.5,""pitch_deg"":15.8,""steady"":true}"
49.469,right_hand,og,flick_angles,,"{""side_deg"":-13.8,""fwd_deg"":20.8}"
49.484,right_hand,og,acc,2482849,"{""seq"":2403,""x_mg"":328,""y_mg"":-232,""z_mg"":924}"
49.484,right_hand,og,tilt,,"{""roll_deg"":-9.3,""pitch_deg"":15.4,""steady"":true}"
49.484,right_hand,og,flick_angles,,"{""side_deg"":-13.5,""fwd_deg"":20.3}"
49.515,right_hand,og,acc,2482869,"{""seq"":2404,""x_mg"":320,""y_mg"":-240,""z_mg"":916}"
49.515,right_hand,og,tilt,,"{""roll_deg"":-9.2,""pitch_deg"":14.9,""steady"":true}"
49.515,right_hand,og,flick_angles,,"{""side_deg"":-13.4,""fwd_deg"":19.7}"
49.515,right_hand,og,acc,2482890,"{""seq"":2405,""x_mg"":328,""y_mg"":-248,""z_mg"":936}"
49.515,right_hand,og,tilt,,"{""roll_deg"":-9.1,""pitch_deg"":14.4,""steady"":true}"
49.515,right_hand,og,flick_angles,,"{""side_deg"":-13.7,""fwd_deg"":19.2}"
49.547,right_hand,og,acc,2482911,"{""seq"":2406,""x_mg"":316,""y_mg"":-240,""z_mg"":944}"
49.547,right_hand,og,tilt,,"{""roll_deg"":-9.1,""pitch_deg"":14.0,""steady"":true}"
49.547,right_hand,og,flick_angles,,"{""side_deg"":-13.8,""fwd_deg"":18.9}"
49.578,right_hand,og,acc,2482931,"{""seq"":2407,""x_mg"":332,""y_mg"":-244,""z_mg"":948}"
49.578,right_hand,og,tilt,,"{""roll_deg"":-9.0,""pitch_deg"":13.6,""steady"":true}"
49.578,right_hand,og,flick_angles,,"{""side_deg"":-13.7,""fwd_deg"":18.8}"
49.578,right_hand,og,acc,2482952,"{""seq"":2408,""x_mg"":320,""y_mg"":-256,""z_mg"":920}"
49.578,right_hand,og,tilt,,"{""roll_deg"":-8.9,""pitch_deg"":13.3,""steady"":true}"
49.578,right_hand,og,flick_angles,,"{""side_deg"":-13.7,""fwd_deg"":18.7}"
49.609,right_hand,og,acc,2482972,"{""seq"":2409,""x_mg"":324,""y_mg"":-244,""z_mg"":920}"
49.609,right_hand,og,tilt,,"{""roll_deg"":-8.9,""pitch_deg"":13.1,""steady"":true}"
49.609,right_hand,og,flick_angles,,"{""side_deg"":-13.9,""fwd_deg"":18.7}"
49.640,right_hand,og,acc,2482993,"{""seq"":2410,""x_mg"":324,""y_mg"":-228,""z_mg"":932}"
49.640,right_hand,og,tilt,,"{""roll_deg"":-8.9,""pitch_deg"":13.0,""steady"":true}"
49.640,right_hand,og,flick_angles,,"{""side_deg"":-14.0,""fwd_deg"":18.7}"
49.640,right_hand,og,acc,2483013,"{""seq"":2411,""x_mg"":320,""y_mg"":-244,""z_mg"":924}"
49.640,right_hand,og,tilt,,"{""roll_deg"":-8.9,""pitch_deg"":12.8,""steady"":true}"
49.640,right_hand,og,flick_angles,,"{""side_deg"":-14.0,""fwd_deg"":18.7}"
49.672,right_hand,og,acc,2483034,"{""seq"":2412,""x_mg"":324,""y_mg"":-244,""z_mg"":920}"
49.672,right_hand,og,tilt,,"{""roll_deg"":-8.9,""pitch_deg"":12.7,""steady"":true}"
49.672,right_hand,og,flick_angles,,"{""side_deg"":-14.0,""fwd_deg"":18.7}"
49.687,right_hand,og,acc,2483055,"{""seq"":2413,""x_mg"":304,""y_mg"":-244,""z_mg"":920}"
49.687,right_hand,og,tilt,,"{""roll_deg"":-8.9,""pitch_deg"":12.6,""steady"":true}"
49.687,right_hand,og,flick_angles,,"{""side_deg"":-14.0,""fwd_deg"":18.6}"
49.687,right_hand,og,acc,2483075,"{""seq"":2414,""x_mg"":308,""y_mg"":-224,""z_mg"":916}"
49.687,right_hand,og,tilt,,"{""roll_deg"":-8.9,""pitch_deg"":12.5,""steady"":true}"
49.687,right_hand,og,flick_angles,,"{""side_deg"":-14.0,""fwd_deg"":18.3}"
49.734,right_hand,og,acc,2483096,"{""seq"":2415,""x_mg"":320,""y_mg"":-224,""z_mg"":920}"
49.734,right_hand,og,tilt,,"{""roll_deg"":-8.8,""pitch_deg"":12.3,""steady"":true}"
49.734,right_hand,og,flick_angles,,"{""side_deg"":-13.5,""fwd_deg"":18.2}"
49.734,right_hand,og,acc,2483116,"{""seq"":2416,""x_mg"":316,""y_mg"":-236,""z_mg"":920}"
49.734,right_hand,og,tilt,,"{""roll_deg"":-8.7,""pitch_deg"":12.3,""steady"":true}"
49.734,right_hand,og,flick_angles,,"{""side_deg"":-13.3,""fwd_deg"":18.3}"
49.765,right_hand,og,acc,2483137,"{""seq"":2417,""x_mg"":316,""y_mg"":-260,""z_mg"":912}"
49.765,right_hand,og,tilt,,"{""roll_deg"":-8.7,""pitch_deg"":12.2,""steady"":true}"
49.765,right_hand,og,flick_angles,,"{""side_deg"":-13.5,""fwd_deg"":18.4}"
49.797,right_hand,og,acc,2483157,"{""seq"":2418,""x_mg"":324,""y_mg"":-248,""z_mg"":908}"
49.797,right_hand,og,tilt,,"{""roll_deg"":-8.7,""pitch_deg"":12.2,""steady"":true}"
49.797,right_hand,og,flick_angles,,"{""side_deg"":-13.9,""fwd_deg"":18.4}"
49.797,right_hand,og,acc,2483178,"{""seq"":2419,""x_mg"":308,""y_mg"":-232,""z_mg"":904}"
49.797,right_hand,og,tilt,,"{""roll_deg"":-8.7,""pitch_deg"":12.2,""steady"":true}"
49.797,right_hand,og,flick_angles,,"{""side_deg"":-14.2,""fwd_deg"":18.4}"
49.828,right_hand,og,acc,2483199,"{""seq"":2420,""x_mg"":304,""y_mg"":-236,""z_mg"":892}"
49.828,right_hand,og,tilt,,"{""roll_deg"":-8.7,""pitch_deg"":12.1,""steady"":true}"
49.828,right_hand,og,flick_angles,,"{""side_deg"":-14.1,""fwd_deg"":18.3}"
49.859,right_hand,og,acc,2483219,"{""seq"":2421,""x_mg"":308,""y_mg"":-240,""z_mg"":888}"
49.859,right_hand,og,tilt,,"{""roll_deg"":-8.7,""pitch_deg"":12.1,""steady"":true}"
49.859,right_hand,og,flick_angles,,"{""side_deg"":-14.1,""fwd_deg"":18.3}"
49.859,right_hand,og,acc,2483240,"{""seq"":2422,""x_mg"":316,""y_mg"":-252,""z_mg"":872}"
49.859,right_hand,og,tilt,,"{""roll_deg"":-8.7,""pitch_deg"":12.1,""steady"":true}"
49.859,right_hand,og,flick_angles,,"{""side_deg"":-14.2,""fwd_deg"":18.4}"
49.890,right_hand,og,acc,2483260,"{""seq"":2423,""x_mg"":320,""y_mg"":-236,""z_mg"":876}"
49.890,right_hand,og,tilt,,"{""roll_deg"":-8.7,""pitch_deg"":12.1,""steady"":true}"
49.890,right_hand,og,flick_angles,,"{""side_deg"":-14.3,""fwd_deg"":18.8}"
49.922,right_hand,og,acc,2483281,"{""seq"":2424,""x_mg"":324,""y_mg"":-228,""z_mg"":856}"
49.922,right_hand,og,tilt,,"{""roll_deg"":-8.7,""pitch_deg"":12.1,""steady"":true}"
49.922,right_hand,og,flick_angles,,"{""side_deg"":-14.2,""fwd_deg"":19.1}"
49.922,right_hand,og,acc,2483301,"{""seq"":2425,""x_mg"":328,""y_mg"":-232,""z_mg"":852}"
49.922,right_hand,og,tilt,,"{""roll_deg"":-8.7,""pitch_deg"":12.1,""steady"":true}"
49.922,right_hand,og,flick_angles,,"{""side_deg"":-14.2,""fwd_deg"":19.6}"
49.953,right_hand,og,acc,2483322,"{""seq"":2426,""x_mg"":332,""y_mg"":-216,""z_mg"":876}"
49.953,right_hand,og,tilt,,"{""roll_deg"":-8.7,""pitch_deg"":12.1,""steady"":true}"
49.953,right_hand,og,flick_angles,,"{""side_deg"":-14.1,""fwd_deg"":19.9}"
49.984,right_hand,og,acc,2483342,"{""seq"":2427,""x_mg"":336,""y_mg"":-224,""z_mg"":872}"
49.984,right_hand,og,tilt,,"{""roll_deg"":-8.7,""pitch_deg"":12.1,""steady"":true}"
49.984,right_hand,og,flick_angles,,"{""side_deg"":-13.8,""fwd_deg"":20.1}"
49.984,right_hand,og,acc,2483363,"{""seq"":2428,""x_mg"":320,""y_mg"":-256,""z_mg"":868}"
49.984,right_hand,og,tilt,,"{""roll_deg"":-8.7,""pitch_deg"":12.1,""steady"":true}"
49.984,right_hand,og,flick_angles,,"{""side_deg"":-13.6,""fwd_deg"":20.2}"
50.015,right_hand,og,acc,2483384,"{""seq"":2429,""x_mg"":292,""y_mg"":-208,""z_mg"":924}"
50.015,right_hand,og,tilt,,"{""roll_deg"":-8.7,""pitch_deg"":12.1,""steady"":true}"
50.015,right_hand,og,flick_angles,,"{""side_deg"":-13.6,""fwd_deg"":19.8}"
50.047,right_hand,og,acc,2483404,"{""seq"":2430,""x_mg"":260,""y_mg"":-124,""z_mg"":996}"
50.047,right_hand,og,tilt,,"{""roll_deg"":-8.6,""pitch_deg"":12.1,""steady"":true}"
50.047,right_hand,og,flick_angles,,"{""side_deg"":-12.8,""fwd_deg"":18.5}"
50.047,right_hand,og,acc,2483425,"{""seq"":2431,""x_mg"":220,""y_mg"":-132,""z_mg"":1036}"
50.047,right_hand,og,tilt,,"{""roll_deg"":-7.5,""pitch_deg"":12.1,""steady"":true}"
50.047,right_hand,og,flick_angles,,"{""side_deg"":-10.0,""fwd_deg"":16.5}"
50.078,right_hand,og,acc,2483445,"{""seq"":2432,""x_mg"":184,""y_mg"":-156,""z_mg"":1076}"
50.078,right_hand,og,tilt,,"{""roll_deg"":-6.3,""pitch_deg"":11.0,""steady"":true}"
50.078,right_hand,og,flick_angles,,"{""side_deg"":-8.5,""fwd_deg"":14.2}"
50.094,right_hand,og,acc,2483466,"{""seq"":2433,""x_mg"":152,""y_mg"":-172,""z_mg"":1092}"
50.094,right_hand,og,tilt,,"{""roll_deg"":-5.6,""pitch_deg"":9.1,""steady"":true}"
50.094,right_hand,og,flick_angles,,"{""side_deg"":-8.3,""fwd_deg"":11.9}"
50.094,right_hand,og,acc,2483486,"{""seq"":2434,""x_mg"":140,""y_mg"":-180,""z_mg"":1120}"
50.094,right_hand,og,tilt,,"{""roll_deg"":-5.2,""pitch_deg"":7.0,""steady"":true}"
50.094,right_hand,og,flick_angles,,"{""side_deg"":-8.6,""fwd_deg"":9.9}"
50.125,right_hand,og,acc,2483507,"{""seq"":2435,""x_mg"":112,""y_mg"":-156,""z_mg"":1172}"
50.125,right_hand,og,tilt,,"{""roll_deg"":-4.8,""pitch_deg"":5.0,""steady"":true}"
50.125,right_hand,og,flick_angles,,"{""side_deg"":-8.7,""fwd_deg"":8.5}"
50.156,right_hand,og,acc,2483528,"{""seq"":2436,""x_mg"":88,""y_mg"":-124,""z_mg"":1236}"
50.156,right_hand,og,tilt,,"{""roll_deg"":-4.3,""pitch_deg"":3.0,""steady"":true}"
50.156,right_hand,og,flick_angles,,"{""side_deg"":-8.1,""fwd_deg"":6.9}"
50.203,right_hand,og,acc,2483548,"{""seq"":2437,""x_mg"":56,""y_mg"":-148,""z_mg"":1228}"
50.203,right_hand,og,tilt,,"{""roll_deg"":-3.7,""pitch_deg"":1.2,""steady"":true}"
50.203,right_hand,og,flick_angles,,"{""side_deg"":-7.5,""fwd_deg"":5.5}"
50.203,right_hand,og,acc,2483569,"{""seq"":2438,""x_mg"":76,""y_mg"":-196,""z_mg"":1216}"
50.203,right_hand,og,tilt,,"{""roll_deg"":-3.2,""pitch_deg"":-0.2,""steady"":true}"
50.203,right_hand,og,flick_angles,,"{""side_deg"":-7.2,""fwd_deg"":4.5}"
50.234,right_hand,og,acc,2483589,"{""seq"":2439,""x_mg"":80,""y_mg"":-220,""z_mg"":1200}"
50.234,right_hand,og,tilt,,"{""roll_deg"":-3.2,""pitch_deg"":-1.1,""steady"":true}"
50.234,right_hand,og,flick_angles,,"{""side_deg"":-8.2,""fwd_deg"":4.0}"
50.234,right_hand,og,acc,2483610,"{""seq"":2440,""x_mg"":92,""y_mg"":-204,""z_mg"":1128}"
50.234,right_hand,og,tilt,,"{""roll_deg"":-3.2,""pitch_deg"":-1.6,""steady"":true}"
50.234,right_hand,og,flick_angles,,"{""side_deg"":-9.2,""fwd_deg"":3.9}"
50.265,right_hand,og,acc,2483630,"{""seq"":2441,""x_mg"":132,""y_mg"":-204,""z_mg"":1084}"
50.265,right_hand,og,tilt,,"{""roll_deg"":-3.2,""pitch_deg"":-1.7,""steady"":true}"
50.265,right_hand,og,flick_angles,,"{""side_deg"":-9.8,""fwd_deg"":4.2}"
50.297,right_hand,og,acc,2483651,"{""seq"":2442,""x_mg"":144,""y_mg"":-200,""z_mg"":1044}"
50.297,right_hand,og,tilt,,"{""roll_deg"":-3.3,""pitch_deg"":-1.7,""steady"":true}"
50.297,right_hand,og,flick_angles,,"{""side_deg"":-10.2,""fwd_deg"":5.5}"
50.297,right_hand,og,acc,2483672,"{""seq"":2443,""x_mg"":184,""y_mg"":-244,""z_mg"":952}"
50.297,right_hand,og,tilt,,"{""roll_deg"":-3.5,""pitch_deg"":-1.3,""steady"":true}"
50.297,right_hand,og,flick_angles,,"{""side_deg"":-10.5,""fwd_deg"":6.6}"
50.312,right_hand,og,acc,2483692,"{""seq"":2444,""x_mg"":240,""y_mg"":-276,""z_mg"":872}"
50.312,right_hand,og,tilt,,"{""roll_deg"":-3.8,""pitch_deg"":-0.6,""steady"":true}"
50.312,right_hand,og,flick_angles,,"{""side_deg"":-12.3,""fwd_deg"":8.6}"
50.344,right_hand,og,acc,2483713,"{""seq"":2445,""x_mg"":284,""y_mg"":-308,""z_mg"":836}"
50.344,right_hand,og,tilt,,"{""roll_deg"":-5.0,""pitch_deg"":-0.0,""steady"":true}"
50.344,right_hand,og,flick_angles,,"{""side_deg"":-14.6,""fwd_deg"":11.7}"
50.375,right_hand,og,acc,2483733,"{""seq"":2446,""x_mg"":316,""y_mg"":-256,""z_mg"":836}"
50.375,right_hand,og,tilt,,"{""roll_deg"":-6.2,""pitch_deg"":1.8,""steady"":true}"
50.375,right_hand,og,flick_angles,,"{""side_deg"":-15.8,""fwd_deg"":14.7}"
50.406,right_hand,og,acc,2483754,"{""seq"":2447,""x_mg"":332,""y_mg"":-248,""z_mg"":716}"
50.406,right_hand,og,tilt,,"{""roll_deg"":-7.5,""pitch_deg"":4.6,""steady"":true}"
50.406,right_hand,og,flick_angles,,"{""side_deg"":-16.6,""fwd_deg"":17.3}"
50.406,right_hand,og,acc,2483774,"{""seq"":2448,""x_mg"":428,""y_mg"":-328,""z_mg"":596}"
50.406,right_hand,og,tilt,,"{""roll_deg"":-8.5,""pitch_deg"":8.4,""steady"":true}"
50.406,right_hand,og,flick_angles,,"{""side_deg"":-17.0,""fwd_deg"":20.5}"
50.406,right_hand,game,hit,,"{""n"":18,""dir"":""up"",""err_ms"":30}"
50.437,right_hand,og,acc,2483795,"{""seq"":2449,""x_mg"":524,""y_mg"":-408,""z_mg"":604}"
50.437,right_hand,og,tilt,,"{""roll_deg"":-11.5,""pitch_deg"":15.2,""steady"":true}"
50.437,right_hand,og,flick_angles,,"{""side_deg"":-20.6,""fwd_deg"":26.3}"
50.437,right_hand,og,acc,2483816,"{""seq"":2450,""x_mg"":576,""y_mg"":-488,""z_mg"":560}"
50.437,right_hand,og,tremor,,"{""rms_mg"":21.1,""peak_hz"":9.5}"
50.437,right_hand,og,tilt,,"{""roll_deg"":-14.9,""pitch_deg"":21.2,""steady"":true}"
50.437,right_hand,og,flick_angles,,"{""side_deg"":-23.8,""fwd_deg"":31.0}"
50.469,right_hand,og,acc,2483836,"{""seq"":2451,""x_mg"":640,""y_mg"":-436,""z_mg"":488}"
50.469,right_hand,og,tilt,,"{""roll_deg"":-17.7,""pitch_deg"":25.4,""steady"":true}"
50.469,right_hand,og,flick_angles,,"{""side_deg"":-26.1,""fwd_deg"":34.4}"
50.500,right_hand,og,acc,2483857,"{""seq"":2452,""x_mg"":692,""y_mg"":-380,""z_mg"":468}"
50.500,right_hand,og,tilt,,"{""roll_deg"":-19.5,""pitch_deg"":31.1,""steady"":true}"
50.500,right_hand,og,flick_angles,,"{""side_deg"":-27.3,""fwd_deg"":39.4}"
50.500,right_hand,og,acc,2483877,"{""seq"":2453,""x_mg"":732,""y_mg"":-352,""z_mg"":464}"
50.500,right_hand,og,tilt,,"{""roll_deg"":-19.5,""pitch_deg"":36.3,""steady"":true}"
50.500,right_hand,og,flick_angles,,"{""side_deg"":-25.9,""fwd_deg"":44.2}"
50.515,right_hand,og,acc,2483898,"{""seq"":2454,""x_mg"":732,""y_mg"":-380,""z_mg"":436}"
50.515,right_hand,og,tilt,,"{""roll_deg"":-19.5,""pitch_deg"":40.3,""steady"":true}"
50.515,right_hand,og,flick_angles,,"{""side_deg"":-25.0,""fwd_deg"":47.8}"
50.547,right_hand,og,acc,2483918,"{""seq"":2455,""x_mg"":736,""y_mg"":-412,""z_mg"":480}"
50.547,right_hand,og,tilt,,"{""roll_deg"":-19.4,""pitch_deg"":42.2,""steady"":true}"
50.547,right_hand,og,flick_angles,,"{""side_deg"":-24.5,""fwd_deg"":49.7}"
50.578,right_hand,og,acc,2483939,"{""seq"":2456,""x_mg"":716,""y_mg"":-404,""z_mg"":480}"
50.578,right_hand,og,tilt,,"{""roll_deg"":-19.4,""pitch_deg"":42.2,""steady"":true}"
50.578,right_hand,og,flick_angles,,"{""side_deg"":-24.8,""fwd_deg"":49.5}"
50.578,right_hand,og,acc,2483960,"{""seq"":2457,""x_mg"":688,""y_mg"":-388,""z_mg"":528}"
50.578,right_hand,og,tilt,,"{""roll_deg"":-19.4,""pitch_deg"":42.2,""steady"":true}"
50.578,right_hand,og,flick_angles,,"{""side_deg"":-25.0,""fwd_deg"":49.1}"
50.609,right_hand,og,acc,2483980,"{""seq"":2458,""x_mg"":676,""y_mg"":-400,""z_mg"":552}"
50.609,right_hand,og,tilt,,"{""roll_deg"":-19.4,""pitch_deg"":41.7,""steady"":true}"
50.609,right_hand,og,flick_angles,,"{""side_deg"":-24.8,""fwd_deg"":47.8}"
50.640,right_hand,og,acc,2484001,"{""seq"":2459,""x_mg"":664,""y_mg"":-420,""z_mg"":548}"
50.640,right_hand,og,tilt,,"{""roll_deg"":-19.4,""pitch_deg"":40.5,""steady"":true}"
50.640,right_hand,og,flick_angles,,"{""side_deg"":-24.7,""fwd_deg"":46.3}"
50.640,right_hand,og,acc,2484021,"{""seq"":2460,""x_mg"":668,""y_mg"":-396,""z_mg"":568}"
50.640,right_hand,og,tilt,,"{""roll_deg"":-19.4,""pitch_deg"":39.7,""steady"":true}"
50.640,right_hand,og,flick_angles,,"{""side_deg"":-24.7,""fwd_deg"":45.1}"
50.672,right_hand,og,acc,2484042,"{""seq"":2461,""x_mg"":616,""y_mg"":-352,""z_mg"":604}"
50.672,right_hand,og,tilt,,"{""roll_deg"":-19.4,""pitch_deg"":39.1,""steady"":true}"
50.672,right_hand,og,flick_angles,,"{""side_deg"":-24.5,""fwd_deg"":44.5}"
50.703,right_hand,og,acc,2484062,"{""seq"":2462,""x_mg"":632,""y_mg"":-348,""z_mg"":636}"
50.703,right_hand,og,tilt,,"{""roll_deg"":-19.1,""pitch_deg"":38.3,""steady"":true}"
50.703,right_hand,og,flick_angles,,"{""side_deg"":-23.3,""fwd_deg"":42.9}"
50.703,right_hand,og,acc,2484083,"{""seq"":2463,""x_mg"":628,""y_mg"":-360,""z_mg"":620}"
50.703,right_hand,og,tilt,,"{""roll_deg"":-18.9,""pitch_deg"":37.7,""steady"":true}"
50.703,right_hand,og,flick_angles,,"{""side_deg"":-22.8,""fwd_deg"":42.1}"
50.734,right_hand,og,acc,2484104,"{""seq"":2464,""x_mg"":640,""y_mg"":-416,""z_mg"":588}"
50.734,right_hand,og,tilt,,"{""roll_deg"":-18.7,""pitch_deg"":37.4,""steady"":true}"
50.734,right_hand,og,flick_angles,,"{""side_deg"":-22.5,""fwd_deg"":41.6}"
50.750,right_hand,og,acc,2484124,"{""seq"":2465,""x_mg"":620,""y_mg"":-404,""z_mg"":620}"
50.750,right_hand,og,tilt,,"{""roll_deg"":-18.7,""pitch_deg"":37.2,""steady"":true}"
50.750,right_hand,og,flick_angles,,"{""side_deg"":-23.6,""fwd_deg"":41.4}"
50.781,right_hand,og,acc,2484145,"{""seq"":2466,""x_mg"":596,""y_mg"":-328,""z_mg"":632}"
50.781,right_hand,og,tilt,,"{""roll_deg"":-18.7,""pitch_deg"":36.9,""steady"":true}"
50.781,right_hand,og,flick_angles,,"{""side_deg"":-24.2,""fwd_deg"":40.7}"
50.781,right_hand,og,acc,2484165,"{""seq"":2467,""x_mg"":592,""y_mg"":-296,""z_mg"":676}"
50.781,right_hand,og,tilt,,"{""roll_deg"":-18.7,""pitch_deg"":36.4,""steady"":true}"
50.781,right_hand,og,flick_angles,,"{""side_deg"":-22.4,""fwd_deg"":40.3}"
50.812,right_hand,og,acc,2484186,"{""seq"":2468,""x_mg"":572,""y_mg"":-280,""z_mg"":700}"
50.812,right_hand,og,tilt,,"{""roll_deg"":-17.9,""pitch_deg"":35.8,""steady"":true}"
50.812,right_hand,og,flick_angles,,"{""side_deg"":-20.3,""fwd_deg"":39.5}"
50.844,right_hand,og,acc,2484206,"{""seq"":2469,""x_mg"":540,""y_mg"":-332,""z_mg"":660}"
50.844,right_hand,og,tilt,,"{""roll_deg"":-17.1,""pitch_deg"":34.8,""steady"":true}"
50.844,right_hand,og,flick_angles,,"{""side_deg"":-19.3,""fwd_deg"":38.4}"
50.844,right_hand,og,acc,2484227,"{""seq"":2470,""x_mg"":544,""y_mg"":-376,""z_mg"":668}"
50.844,right_hand,og,tilt,,"{""roll_deg"":-16.9,""pitch_deg"":33.6,""steady"":true}"
50.844,right_hand,og,flick_angles,,"{""side_deg"":-20.3,""fwd_deg"":37.3}"
50.890,right_hand,og,acc,2484247,"{""seq"":2471,""x_mg"":508,""y_mg"":-312,""z_mg"":828}"
50.890,right_hand,og,tilt,,"{""roll_deg"":-16.8,""pitch_deg"":32.4,""steady"":true}"
50.890,right_hand,og,flick_angles,,"{""side_deg"":-20.8,""fwd_deg"":36.3}"
50.922,right_hand,og,acc,2484268,"{""seq"":2472,""x_mg"":404,""y_mg"":-144,""z_mg"":888}"
50.922,right_hand,og,tilt,,"{""roll_deg"":-15.9,""pitch_deg"":29.7,""steady"":true}"
50.922,right_hand,og,flick_angles,,"{""side_deg"":-19.3,""fwd_deg"":33.1}"
50.922,right_hand,og,acc,2484289,"{""seq"":2473,""x_mg"":396,""y_mg"":-236,""z_mg"":844}"
50.922,right_hand,og,tilt,,"{""roll_deg"":-14.2,""pitch_deg"":25.4,""steady"":true}"
50.922,right_hand,og,flick_angles,,"{""side_deg"":-16.7,""fwd_deg"":28.7}"
50.937,right_hand,og,acc,2484309,"{""seq"":2474,""x_mg"":400,""y_mg"":-372,""z_mg"":792}"
50.937,right_hand,og,tilt,,"{""roll_deg"":-12.8,""pitch_deg"":22.6,""steady"":true}"
50.937,right_hand,og,flick_angles,,"{""side_deg"":-15.5,""fwd_deg"":26.5}"
50.984,right_hand,og,acc,2484330,"{""seq"":2475,""x_mg"":360,""y_mg"":-408,""z_mg"":884}"
50.984,right_hand,og,tilt,,"{""roll_deg"":-13.1,""pitch_deg"":20.8,""steady"":true}"
50.984,right_hand,og,flick_angles,,"{""side_deg"":-19.1,""fwd_deg"":25.4}"
50.984,right_hand,og,acc,2484350,"{""seq"":2476,""x_mg"":328,""y_mg"":-232,""z_mg"":996}"
50.984,right_hand,og,tilt,,"{""roll_deg"":-13.6,""pitch_deg"":18.1,""steady"":true}"
50.984,right_hand,og,flick_angles,,"{""side_deg"":-20.9,""fwd_deg"":22.9}"
51.015,right_hand,og,acc,2484371,"{""seq"":2477,""x_mg"":304,""y_mg"":-104,""z_mg"":980}"
51.015,right_hand,og,tilt,,"{""roll_deg"":-12.9,""pitch_deg"":15.3,""steady"":true}"
51.015,right_hand,og,flick_angles,,"{""side_deg"":-16.7,""fwd_deg"":20.3}"
51.015,right_hand,og,acc,2484391,"{""seq"":2478,""x_mg"":272,""y_mg"":-156,""z_mg"":932}"
51.015,right_hand,og,tilt,,"{""roll_deg"":-10.4,""pitch_deg"":13.5,""steady"":true}"
51.015,right_hand,og,flick_angles,,"{""side_deg"":-12.9,""fwd_deg"":18.7}"
51.047,right_hand,og,acc,2484412,"{""seq"":2479,""x_mg"":280,""y_mg"":-260,""z_mg"":932}"
51.047,right_hand,og,tilt,,"{""roll_deg"":-8.4,""pitch_deg"":12.0,""steady"":true}"
51.047,right_hand,og,flick_angles,,"{""side_deg"":-11.0,""fwd_deg"":17.4}"
51.078,right_hand,og,acc,2484433,"{""seq"":2480,""x_mg"":264,""y_mg"":-288,""z_mg"":1048}"
51.078,right_hand,og,tilt,,"{""roll_deg"":-8.4,""pitch_deg"":11.1,""steady"":true}"
51.078,right_hand,og,flick_angles,,"{""side_deg"":-13.0,""fwd_deg"":16.7}"
51.078,right_hand,og,acc,2484453,"{""seq"":2481,""x_mg"":220,""y_mg"":-156,""z_mg"":1048}"
51.078,right_hand,og,tilt,,"{""roll_deg"":-8.4,""pitch_deg"":9.6,""steady"":true}"
51.078,right_hand,og,flick_angles,,"{""side_deg"":-13.9,""fwd_deg"":15.2}"
51.109,right_hand,og,acc,2484474,"{""seq"":2482,""x_mg"":204,""y_mg"":-112,""z_mg"":1020}"
51.109,right_hand,og,tilt,,"{""roll_deg"":-7.4,""pitch_deg"":8.0,""steady"":true}"
51.109,right_hand,og,flick_angles,,"{""side_deg"":-11.1,""fwd_deg"":13.5}"
51.140,right_hand,og,acc,2484494,"{""seq"":2483,""x_mg"":216,""y_mg"":-204,""z_mg"":1016}"
51.140,right_hand,og,tilt,,"{""roll_deg"":-6.2,""pitch_deg"":7.0,""steady"":true}"
51.140,right_hand,og,flick_angles,,"{""side_deg"":-9.7,""fwd_deg"":12.6}"
51.140,right_hand,og,acc,2484515,"{""seq"":2484,""x_mg"":184,""y_mg"":-192,""z_mg"":1096}"
51.140,right_hand,og,tilt,,"{""roll_deg"":-5.7,""pitch_deg"":6.2,""steady"":true}"
51.140,right_hand,og,flick_angles,,"{""side_deg"":-9.8,""fwd_deg"":11.9}"
51.172,right_hand,og,acc,2484535,"{""seq"":2485,""x_mg"":168,""y_mg"":-160,""z_mg"":1072}"
51.172,right_hand,og,tilt,,"{""roll_deg"":-5.4,""pitch_deg"":5.1,""steady"":true}"
51.172,right_hand,og,flick_angles,,"{""side_deg"":-9.8,""fwd_deg"":10.7}"
51.203,right_hand,og,acc,2484556,"{""seq"":2486,""x_mg"":172,""y_mg"":-196,""z_mg"":1052}"
51.203,right_hand,og,tilt,,"{""roll_deg"":-5.2,""pitch_deg"":4.3,""steady"":true}"
51.203,right_hand,og,flick_angles,,"{""side_deg"":-9.8,""fwd_deg"":9.9}"
51.203,right_hand,og,acc,2484577,"{""seq"":2487,""x_mg"":188,""y_mg"":-240,""z_mg"":1048}"
51.203,right_hand,og,tilt,,"{""roll_deg"":-5.2,""pitch_deg"":3.7,""steady"":true}"
51.203,right_hand,og,flick_angles,,"{""side_deg"":-10.1,""fwd_deg"":9.5}"
51.234,right_hand,og,acc,2484597,"{""seq"":2488,""x_mg"":196,""y_mg"":-232,""z_mg"":1032}"
51.234,right_hand,og,tilt,,"{""roll_deg"":-5.2,""pitch_deg"":3.7,""steady"":true}"
51.234,right_hand,og,flick_angles,,"{""side_deg"":-11.3,""fwd_deg"":9.7}"
51.265,right_hand,og,acc,2484618,"{""seq"":2489,""x_mg"":204,""y_mg"":-184,""z_mg"":1008}"
51.265,right_hand,og,tilt,,"{""roll_deg"":-5.2,""pitch_deg"":3.7,""steady"":true}"
51.265,right_hand,og,flick_angles,,"{""side_deg"":-11.9,""fwd_deg"":10.1}"
51.265,right_hand,og,acc,2484638,"{""seq"":2490,""x_mg"":232,""y_mg"":-172,""z_mg"":992}"
51.265,right_hand,og,tilt,,"{""roll_deg"":-5.2,""pitch_deg"":3.7,""steady"":true}"
51.265,right_hand,og,flick_angles,,"{""side_deg"":-11.0,""fwd_deg"":10.7}"
51.297,right_hand,og,acc,2484659,"{""seq"":2491,""x_mg"":232,""y_mg"":-196,""z_mg"":964}"
51.297,right_hand,og,tilt,,"{""roll_deg"":-5.2,""pitch_deg"":3.8,""steady"":true}"
51.297,right_hand,og,flick_angles,,"{""side_deg"":-10.6,""fwd_deg"":11.8}"
51.297,right_hand,og,acc,2484679,"{""seq"":2492,""x_mg"":252,""y_mg"":-212,""z_mg"":948}"
51.297,right_hand,og,tilt,,"{""roll_deg"":-5.2,""pitch_deg"":4.2,""steady"":true}"
51.297,right_hand,og,flick_angles,,"{""side_deg"":-10.9,""fwd_deg"":12.5}"
51.328,right_hand,og,acc,2484700,"{""seq"":2493,""x_mg"":252,""y_mg"":-180,""z_mg"":940}"
51.328,right_hand,og,tilt,,"{""roll_deg"":-5.2,""pitch_deg"":4.7,""steady"":true}"
51.328,right_hand,og,flick_angles,,"{""side_deg"":-11.0,""fwd_deg"":13.5}"
51.359,right_hand,og,acc,2484721,"{""seq"":2494,""x_mg"":252,""y_mg"":-140,""z_mg"":944}"
51.359,right_hand,og,tilt,,"{""roll_deg"":-5.2,""pitch_deg"":4.9,""steady"":true}"
51.359,right_hand,og,flick_angles,,"{""side_deg"":-10.8,""fwd_deg"":14.1}"
51.359,right_hand,og,acc,2484741,"{""seq"":2495,""x_mg"":252,""y_mg"":-152,""z_mg"":936}"
51.359,right_hand,og,tilt,,"{""roll_deg"":-5.2,""pitch_deg"":5.1,""steady"":true}"
51.359,right_hand,og,flick_angles,,"{""side_deg"":-9.8,""fwd_deg"":14.5}"
51.390,right_hand,og,acc,2484762,"{""seq"":2496,""x_mg"":256,""y_mg"":-188,""z_mg"":924}"
51.390,right_hand,og,tilt,,"{""roll_deg"":-5.1,""pitch_deg"":5.3,""steady"":true}"
51.390,right_hand,og,flick_angles,,"{""side_deg"":-9.4,""fwd_deg"":14.7}"
51.422,right_hand,og,acc,2484782,"{""seq"":2497,""x_mg"":256,""y_mg"":-172,""z_mg"":928}"
51.422,right_hand,og,tilt,,"{""roll_deg"":-5.1,""pitch_deg"":5.6,""steady"":true}"
51.422,right_hand,og,flick_angles,,"{""side_deg"":-9.8,""fwd_deg"":14.9}"
51.422,right_hand,og,acc,2484803,"{""seq"":2498,""x_mg"":256,""y_mg"":-136,""z_mg"":932}"
51.422,right_hand,og,tilt,,"{""roll_deg"":-5.1,""pitch_deg"":6.0,""steady"":true}"
51.422,right_hand,og,flick_angles,,"{""side_deg"":-9.9,""fwd_deg"":15.1}"
51.453,right_hand,og,acc,2484823,"{""seq"":2499,""x_mg"":252,""y_mg"":-120,""z_mg"":940}"
51.453,right_hand,og,tilt,,"{""roll_deg"":-4.7,""pitch_deg"":6.3,""steady"":true}"
51.453,right_hand,og,flick_angles,,"{""side_deg"":-9.0,""fwd_deg"":15.1}"
51.484,right_hand,og,acc,2484844,"{""seq"":2500,""x_mg"":268,""y_mg"":-88,""z_mg"":920}"
51.484,right_hand,og,tilt,,"{""roll_deg"":-4.2,""pitch_deg"":6.5,""steady"":true}"
51.484,right_hand,og,flick_angles,,"{""side_deg"":-8.0,""fwd_deg"":15.2}"
51.484,right_hand,og,acc,2484864,"{""seq"":2501,""x_mg"":324,""y_mg"":-60,""z_mg"":932}"
51.484,right_hand,og,tilt,,"{""roll_deg"":-3.4,""pitch_deg"":7.0,""steady"":true}"
51.484,right_hand,og,flick_angles,,"{""side_deg"":-6.6,""fwd_deg"":15.7}"
51.515,right_hand,og,acc,2484885,"{""seq"":2502,""x_mg"":368,""y_mg"":-20,""z_mg"":968}"
51.515,right_hand,og,tilt,,"{""roll_deg"":-2.2,""pitch_deg"":8.0,""steady"":true}"
51.515,right_hand,og,flick_angles,,"{""side_deg"":-5.1,""fwd_deg"":17.4}"
51.547,right_hand,og,acc,2484906,"{""seq"":2503,""x_mg"":352,""y_mg"":0,""z_mg"":940}"
51.547,right_hand,og,tilt,,"{""roll_deg"":-0.5,""pitch_deg"":9.3,""steady"":true}"
51.547,right_hand,og,flick_angles,,"{""side_deg"":-3.1,""fwd_deg"":19.0}"
51.547,right_hand,og,acc,2484926,"{""seq"":2504,""x_mg"":348,""y_mg"":-4,""z_mg"":936}"
51.547,right_hand,og,tilt,,"{""roll_deg"":1.1,""pitch_deg"":10.3,""steady"":true}"
51.547,right_hand,og,flick_angles,,"{""side_deg"":-1.7,""fwd_deg"":19.7}"
51.578,right_hand,og,acc,2484947,"{""seq"":2505,""x_mg"":332,""y_mg"":-8,""z_mg"":932}"
51.578,right_hand,og,tilt,,"{""roll_deg"":2.2,""pitch_deg"":11.1,""steady"":true}"
51.578,right_hand,og,flick_angles,,"{""side_deg"":-0.9,""fwd_deg"":20.1}"
51.578,right_hand,og,acc,2484967,"{""seq"":2506,""x_mg"":324,""y_mg"":-16,""z_mg"":948}"
51.578,right_hand,og,tilt,,"{""roll_deg"":3.0,""pitch_deg"":11.4,""steady"":true}"
51.578,right_hand,og,flick_angles,,"{""side_deg"":-0.7,""fwd_deg"":19.8}"
51.625,right_hand,og,acc,2484988,"{""seq"":2507,""x_mg"":316,""y_mg"":-20,""z_mg"":956}"
51.625,right_hand,og,tilt,,"{""roll_deg"":3.3,""pitch_deg"":11.5,""steady"":true}"
51.625,right_hand,og,flick_angles,,"{""side_deg"":-0.8,""fwd_deg"":19.4}"
51.656,right_hand,og,acc,2485008,"{""seq"":2508,""x_mg"":276,""y_mg"":-48,""z_mg"":968}"
51.656,right_hand,og,tilt,,"{""roll_deg"":3.5,""pitch_deg"":11.5,""steady"":true}"
51.656,right_hand,og,flick_angles,,"{""side_deg"":-1.0,""fwd_deg"":18.8}"
51.656,right_hand,og,acc,2485029,"{""seq"":2509,""x_mg"":244,""y_mg"":-100,""z_mg"":964}"
51.656,right_hand,og,tilt,,"{""roll_deg"":3.5,""pitch_deg"":11.5,""steady"":true}"
51.656,right_hand,og,flick_angles,,"{""side_deg"":-1.9,""fwd_deg"":17.4}"
51.687,right_hand,og,acc,2485050,"{""seq"":2510,""x_mg"":208,""y_mg"":-136,""z_mg"":964}"
51.687,right_hand,og,tilt,,"{""roll_deg"":3.3,""pitch_deg"":11.2,""steady"":true}"
51.687,right_hand,og,flick_angles,,"{""side_deg"":-3.8,""fwd_deg"":15.7}"
51.719,right_hand,og,acc,2485070,"{""seq"":2511,""x_mg"":172,""y_mg"":-160,""z_mg"":948}"
51.719,right_hand,og,tilt,,"{""roll_deg"":2.7,""pitch_deg"":10.8,""steady"":true}"
51.719,right_hand,og,flick_angles,,"{""side_deg"":-5.8,""fwd_deg"":13.9}"
51.719,right_hand,og,acc,2485091,"{""seq"":2512,""x_mg"":152,""y_mg"":-228,""z_mg"":960}"
51.719,right_hand,og,tilt,,"{""roll_deg"":2.2,""pitch_deg"":9.7,""steady"":true}"
51.719,right_hand,og,flick_angles,,"{""side_deg"":-7.6,""fwd_deg"":12.0}"
51.750,right_hand,og,acc,2485111,"{""seq"":2513,""x_mg"":128,""y_mg"":-272,""z_mg"":976}"
51.750,right_hand,og,tilt,,"{""roll_deg"":0.5,""pitch_deg"":8.2,""steady"":true}"
51.750,right_hand,og,flick_angles,,"{""side_deg"":-10.4,""fwd_deg"":10.4}"
51.765,right_hand,og,acc,2485132,"{""seq"":2514,""x_mg"":88,""y_mg"":-272,""z_mg"":956}"
51.765,right_hand,og,tilt,,"{""roll_deg"":-2.1,""pitch_deg"":6.2,""steady"":true}"
51.765,right_hand,og,flick_angles,,"{""side_deg"":-12.9,""fwd_deg"":8.8}"
51.765,right_hand,og,acc,2485152,"{""seq"":2515,""x_mg"":48,""y_mg"":-304,""z_mg"":948}"
51.765,right_hand,og,tilt,,"{""roll_deg"":-4.3,""pitch_deg"":4.0,""steady"":true}"
51.765,right_hand,og,flick_angles,,"{""side_deg"":-14.4,""fwd_deg"":6.9}"
51.797,right_hand,og,acc,2485173,"{""seq"":2516,""x_mg"":36,""y_mg"":-320,""z_mg"":992}"
51.797,right_hand,og,tilt,,"{""roll_deg"":-6.8,""pitch_deg"":1.4,""steady"":true}"
51.797,right_hand,og,flick_angles,,"{""side_deg"":-16.1,""fwd_deg"":4.8}"
51.828,right_hand,og,acc,2485194,"{""seq"":2517,""x_mg"":12,""y_mg"":-308,""z_mg"":1012}"
51.828,right_hand,og,tilt,,"{""roll_deg"":-8.5,""pitch_deg"":-0.6,""steady"":true}"
51.828,right_hand,og,flick_angles,,"{""side_deg"":-16.9,""fwd_deg"":3.4}"
51.859,right_hand,og,acc,2485214,"{""seq"":2518,""x_mg"":20,""y_mg"":-308,""z_mg"":1000}"
51.859,right_hand,og,tilt,,"{""roll_deg"":-9.4,""pitch_deg"":-2.3,""steady"":true}"
51.859,right_hand,og,flick_angles,,"{""side_deg"":-17.0,""fwd_deg"":2.3}"
51.859,right_hand,og,acc,2485235,"{""seq"":2519,""x_mg"":4,""y_mg"":-324,""z_mg"":1000}"
51.859,right_hand,og,tilt,,"{""roll_deg"":-10.0,""pitch_deg"":-3.5,""steady"":true}"
51.859,right_hand,og,flick_angles,,"{""side_deg"":-17.1,""fwd_deg"":1.5}"
51.890,right_hand,og,acc,2485255,"{""seq"":2520,""x_mg"":8,""y_mg"":-320,""z_mg"":988}"
51.890,right_hand,og,tilt,,"{""roll_deg"":-10.6,""pitch_deg"":-4.3,""steady"":true}"
51.890,right_hand,og,flick_angles,,"{""side_deg"":-17.5,""fwd_deg"":0.9}"
51.922,right_hand,og,acc,2485276,"{""seq"":2521,""x_mg"":12,""y_mg"":-328,""z_mg"":976}"
51.922,right_hand,og,tilt,,"{""roll_deg"":-11.0,""pitch_deg"":-4.9,""steady"":true}"
51.922,right_hand,og,flick_angles,,"{""side_deg"":-17.7,""fwd_deg"":0.7}"
51.922,right_hand,og,acc,2485296,"{""seq"":2522,""x_mg"":28,""y_mg"":-292,""z_mg"":996}"
51.922,right_hand,og,tilt,,"{""roll_deg"":-11.3,""pitch_deg"":-5.1,""steady"":true}"
51.922,right_hand,og,flick_angles,,"{""side_deg"":-17.8,""fwd_deg"":0.7}"
51.953,right_hand,og,acc,2485317,"{""seq"":2523,""x_mg"":24,""y_mg"":-276,""z_mg"":1000}"
51.953,right_hand,og,tilt,,"{""roll_deg"":-11.3,""pitch_deg"":-5.1,""steady"":true}"
51.953,right_hand,og,flick_angles,,"{""side_deg"":-17.1,""fwd_deg"":1.0}"
51.953,right_hand,og,acc,2485337,"{""seq"":2524,""x_mg"":0,""y_mg"":-256,""z_mg"":996}"
51.953,right_hand,og,tilt,,"{""roll_deg"":-11.3,""pitch_deg"":-5.1,""steady"":true}"
51.953,right_hand,og,flick_angles,,"{""side_deg"":-16.3,""fwd_deg"":1.2}"
51.969,right_hand,og,acc,2485358,"{""seq"":2525,""x_mg"":20,""y_mg"":-240,""z_mg"":1004}"
51.969,right_hand,og,tilt,,"{""roll_deg"":-11.0,""pitch_deg"":-5.2,""steady"":true}"
51.969,right_hand,og,flick_angles,,"{""side_deg"":-15.3,""fwd_deg"":1.1}"
52.015,right_hand,og,acc,2485379,"{""seq"":2526,""x_mg"":60,""y_mg"":-208,""z_mg"":996}"
52.015,right_hand,og,tilt,,"{""roll_deg"":-10.6,""pitch_deg"":-5.2,""steady"":true}"
52.015,right_hand,og,flick_angles,,"{""side_deg"":-14.4,""fwd_deg"":1.1}"
52.015,right_hand,og,acc,2485399,"{""seq"":2527,""x_mg"":40,""y_mg"":-204,""z_mg"":996}"
52.015,right_hand,og,tilt,,"{""roll_deg"":-10.2,""pitch_deg"":-5.2,""steady"":true}"
52.015,right_hand,og,flick_angles,,"{""side_deg"":-13.1,""fwd_deg"":1.7}"
52.047,right_hand,og,acc,2485420,"{""seq"":2528,""x_mg"":44,""y_mg"":-216,""z_mg"":984}"
52.047,right_hand,og,tilt,,"{""roll_deg"":-10.0,""pitch_deg"":-5.2,""steady"":true}"
52.047,right_hand,og,flick_angles,,"{""side_deg"":-12.4,""fwd_deg"":2.1}"
52.078,right_hand,og,acc,2485440,"{""seq"":2529,""x_mg"":64,""y_mg"":-212,""z_mg"":980}"
52.078,right_hand,og,tilt,,"{""roll_deg"":-9.7,""pitch_deg"":-5.2,""steady"":true}"
52.078,right_hand,og,flick_angles,,"{""side_deg"":-12.3,""fwd_deg"":2.3}"
52.078,right_hand,og,acc,2485461,"{""seq"":2530,""x_mg"":92,""y_mg"":-208,""z_mg"":984}"
52.078,right_hand,og,tilt,,"{""roll_deg"":-9.3,""pitch_deg"":-5.2,""steady"":true}"
52.078,right_hand,og,flick_angles,,"{""side_deg"":-12.2,""fwd_deg"":3.0}"
52.109,right_hand,og,acc,2485481,"{""seq"":2531,""x_mg"":104,""y_mg"":-188,""z_mg"":992}"
52.109,right_hand,og,tilt,,"{""roll_deg"":-8.9,""pitch_deg"":-4.9,""steady"":true}"
52.109,right_hand,og,flick_angles,,"{""side_deg"":-12.1,""fwd_deg"":4.1}"
52.140,right_hand,og,acc,2485502,"{""seq"":2532,""x_mg"":84,""y_mg"":-176,""z_mg"":968}"
52.140,right_hand,og,tilt,,"{""roll_deg"":-8.3,""pitch_deg"":-4.7,""steady"":true}"
52.140,right_hand,og,flick_angles,,"{""side_deg"":-11.4,""fwd_deg"":4.7}"
52.140,right_hand,og,acc,2485523,"{""seq"":2533,""x_mg"":84,""y_mg"":-200,""z_mg"":968}"
52.140,right_hand,og,tilt,,"{""roll_deg"":-7.8,""pitch_deg"":-4.5,""steady"":true}"
52.140,right_hand,og,flick_angles,,"{""side_deg"":-11.0,""fwd_deg"":4.8}"
52.172,right_hand,og,acc,2485543,"{""seq"":2534,""x_mg"":88,""y_mg"":-208,""z_mg"":960}"
52.172,right_hand,og,tilt,,"{""roll_deg"":-7.5,""pitch_deg"":-4.2,""steady"":true}"
52.172,right_hand,og,flick_angles,,"{""side_deg"":-11.3,""fwd_deg"":4.8}"
52.203,right_hand,og,acc,2485564,"{""seq"":2535,""x_mg"":96,""y_mg"":-232,""z_mg"":956}"
52.203,right_hand,og,tilt,,"{""roll_deg"":-7.4,""pitch_deg"":-3.9,""steady"":true}"
52.203,right_hand,og,flick_angles,,"{""side_deg"":-11.8,""fwd_deg"":5.0}"
52.203,right_hand,og,acc,2485584,"{""seq"":2536,""x_mg"":104,""y_mg"":-240,""z_mg"":956}"
52.203,right_hand,og,tilt,,"{""roll_deg"":-7.4,""pitch_deg"":-3.6,""steady"":true}"
52.203,right_hand,og,flick_angles,,"{""side_deg"":-12.7,""fwd_deg"":5.3}"
52.234,right_hand,og,acc,2485605,"{""seq"":2537,""x_mg"":88,""y_mg"":-244,""z_mg"":952}"
52.234,right_hand,og,tilt,,"{""roll_deg"":-7.4,""pitch_deg"":-3.3,""steady"":true}"
52.234,right_hand,og,flick_angles,,"{""side_deg"":-13.3,""fwd_deg"":5.4}"
52.265,,game,miss,,"{""n"":17,""want"":""left""}"
52.265,right_hand,og,acc,2485625,"{""seq"":2538,""x_mg"":88,""y_mg"":-260,""z_mg"":944}"
52.265,right_hand,og,tilt,,"{""roll_deg"":-7.4,""pitch_deg"":-3.1,""steady"":true}"
52.265,right_hand,og,flick_angles,,"{""side_deg"":-13.8,""fwd_deg"":5.3}"
52.265,right_hand,og,acc,2485646,"{""seq"":2539,""x_mg"":84,""y_mg"":-252,""z_mg"":936}"
52.265,right_hand,og,tilt,,"{""roll_deg"":-7.4,""pitch_deg"":-2.9,""steady"":true}"
52.265,right_hand,og,flick_angles,,"{""side_deg"":-14.4,""fwd_deg"":5.2}"
52.297,right_hand,og,acc,2485667,"{""seq"":2540,""x_mg"":116,""y_mg"":-264,""z_mg"":940}"
52.297,right_hand,og,tilt,,"{""roll_deg"":-7.4,""pitch_deg"":-2.8,""steady"":true}"
52.297,right_hand,og,flick_angles,,"{""side_deg"":-14.9,""fwd_deg"":5.2}"
52.297,right_hand,og,acc,2485687,"{""seq"":2541,""x_mg"":96,""y_mg"":-252,""z_mg"":944}"
52.297,right_hand,og,tilt,,"{""roll_deg"":-7.5,""pitch_deg"":-2.6,""steady"":true}"
52.297,right_hand,og,flick_angles,,"{""side_deg"":-14.9,""fwd_deg"":5.4}"
52.344,right_hand,og,acc,2485708,"{""seq"":2542,""x_mg"":92,""y_mg"":-244,""z_mg"":932}"
52.344,right_hand,og,tilt,,"{""roll_deg"":-7.7,""pitch_deg"":-2.4,""steady"":true}"
52.344,right_hand,og,flick_angles,,"{""side_deg"":-14.9,""fwd_deg"":5.5}"
52.375,right_hand,og,acc,2485728,"{""seq"":2543,""x_mg"":84,""y_mg"":-240,""z_mg"":936}"
52.375,right_hand,og,tilt,,"{""roll_deg"":-7.8,""pitch_deg"":-2.3,""steady"":true}"
52.375,right_hand,og,flick_angles,,"{""side_deg"":-14.8,""fwd_deg"":5.5}"
52.375,right_hand,og,acc,2485749,"{""seq"":2544,""x_mg"":92,""y_mg"":-252,""z_mg"":948}"
52.375,right_hand,og,tilt,,"{""roll_deg"":-7.9,""pitch_deg"":-2.2,""steady"":true}"
52.375,right_hand,og,flick_angles,,"{""side_deg"":-14.7,""fwd_deg"":5.4}"
52.406,right_hand,og,acc,2485769,"{""seq"":2545,""x_mg"":100,""y_mg"":-240,""z_mg"":948}"
52.406,right_hand,og,tilt,,"{""roll_deg"":-7.9,""pitch_deg"":-2.2,""steady"":true}"
52.406,right_hand,og,flick_angles,,"{""side_deg"":-14.5,""fwd_deg"":5.4}"
52.422,right_hand,og,acc,2485790,"{""seq"":2546,""x_mg"":104,""y_mg"":-224,""z_mg"":956}"
52.422,right_hand,og,tilt,,"{""roll_deg"":-8.0,""pitch_deg"":-2.1,""steady"":true}"
52.422,right_hand,og,flick_angles,,"{""side_deg"":-14.3,""fwd_deg"":5.6}"
52.453,right_hand,og,acc,2485811,"{""seq"":2547,""x_mg"":92,""y_mg"":-208,""z_mg"":956}"
52.453,right_hand,og,tilt,,"{""roll_deg"":-8.0,""pitch_deg"":-2.0,""steady"":true}"
52.453,right_hand,og,flick_angles,,"{""side_deg"":-13.7,""fwd_deg"":5.7}"
52.453,right_hand,og,acc,2485831,"{""seq"":2548,""x_mg"":88,""y_mg"":-212,""z_mg"":944}"
52.453,right_hand,og,tremor,,"{""rms_mg"":35.3,""peak_hz"":9.3}"
52.453,right_hand,og,tilt,,"{""roll_deg"":-8.0,""pitch_deg"":-1.9,""steady"":true}"
52.453,right_hand,og,flick_angles,,"{""side_deg"":-13.2,""fwd_deg"":5.5}"
52.484,right_hand,og,acc,2485852,"{""seq"":2549,""x_mg"":84,""y_mg"":-204,""z_mg"":936}"
52.484,right_hand,og,tilt,,"{""roll_deg"":-8.0,""pitch_deg"":-1.9,""steady"":true}"
52.484,right_hand,og,flick_angles,,"{""side_deg"":-12.7,""fwd_deg"":5.4}"
52.515,right_hand,og,acc,2485872,"{""seq"":2550,""x_mg"":92,""y_mg"":-216,""z_mg"":932}"
52.515,right_hand,og,tilt,,"{""roll_deg"":-8.0,""pitch_deg"":-1.9,""steady"":true}"
52.515,right_hand,og,flick_angles,,"{""side_deg"":-12.7,""fwd_deg"":5.3}"
52.515,right_hand,og,acc,2485893,"{""seq"":2551,""x_mg"":76,""y_mg"":-192,""z_mg"":936}"
52.515,right_hand,og,tilt,,"{""roll_deg"":-8.0,""pitch_deg"":-1.9,""steady"":true}"
52.515,right_hand,og,flick_angles,,"{""side_deg"":-12.5,""fwd_deg"":5.1}"
52.547,right_hand,og,acc,2485913,"{""seq"":2552,""x_mg"":52,""y_mg"":-184,""z_mg"":916}"
52.547,right_hand,og,tilt,,"{""roll_deg"":-8.0,""pitch_deg"":-1.9,""steady"":true}"
52.547,right_hand,og,flick_angles,,"{""side_deg"":-12.0,""fwd_deg"":4.8}"
52.578,right_hand,og,acc,2485934,"{""seq"":2553,""x_mg"":64,""y_mg"":-196,""z_mg"":904}"
52.578,right_hand,og,tilt,,"{""roll_deg"":-7.9,""pitch_deg"":-1.9,""steady"":true}"
52.578,right_hand,og,flick_angles,,"{""side_deg"":-11.8,""fwd_deg"":4.4}"
52.578,right_hand,og,acc,2485955,"{""seq"":2554,""x_mg"":64,""y_mg"":-208,""z_mg"":884}"
52.578,right_hand,og,tilt,,"{""roll_deg"":-7.7,""pitch_deg"":-1.9,""steady"":true}"
52.578,right_hand,og,flick_angles,,"{""side_deg"":-12.0,""fwd_deg"":4.2}"
52.609,right_hand,og,acc,2485975,"{""seq"":2555,""x_mg"":56,""y_mg"":-200,""z_mg"":900}"
52.609,right_hand,og,tilt,,"{""roll_deg"":-7.7,""pitch_deg"":-1.9,""steady"":true}"
52.609,right_hand,og,flick_angles,,"{""side_deg"":-12.2,""fwd_deg"":4.1}"
52.640,right_hand,og,acc,2485996,"{""seq"":2556,""x_mg"":16,""y_mg"":-148,""z_mg"":928}"
52.640,right_hand,og,tilt,,"{""roll_deg"":-7.7,""pitch_deg"":-1.9,""steady"":true}"
52.640,right_hand,og,flick_angles,,"{""side_deg"":-12.4,""fwd_deg"":3.8}"
52.640,right_hand,og,acc,2486016,"{""seq"":2557,""x_mg"":0,""y_mg"":-128,""z_mg"":920}"
52.640,right_hand,og,tilt,,"{""roll_deg"":-7.1,""pitch_deg"":-2.1,""steady"":true}"
52.640,right_hand,og,flick_angles,,"{""side_deg"":-10.7,""fwd_deg"":2.4}"
52.672,right_hand,og,acc,2486037,"{""seq"":2558,""x_mg"":24,""y_mg"":-176,""z_mg"":936}"
52.672,right_hand,og,tilt,,"{""roll_deg"":-6.5,""pitch_deg"":-2.6,""steady"":true}"
52.672,right_hand,og,flick_angles,,"{""side_deg"":-9.9,""fwd_deg"":1.7}"
52.703,right_hand,og,acc,2486057,"{""seq"":2559,""x_mg"":56,""y_mg"":-160,""z_mg"":976}"
52.703,right_hand,og,tilt,,"{""roll_deg"":-6.1,""pitch_deg"":-3.0,""steady"":true}"
52.703,right_hand,og,flick_angles,,"{""side_deg"":-9.6,""fwd_deg"":1.6}"
52.703,right_hand,og,acc,2486078,"{""seq"":2560,""x_mg"":40,""y_mg"":-108,""z_mg"":1020}"
52.703,right_hand,og,tilt,,"{""roll_deg"":-5.7,""pitch_deg"":-3.2,""steady"":true}"
52.703,right_hand,og,flick_angles,,"{""side_deg"":-9.4,""fwd_deg"":1.9}"
52.734,right_hand,og,acc,2486098,"{""seq"":2561,""x_mg"":36,""y_mg"":-52,""z_mg"":1024}"
52.734,right_hand,og,tilt,,"{""roll_deg"":-4.6,""pitch_deg"":-3.4,""steady"":true}"
52.734,right_hand,og,flick_angles,,"{""side_deg"":-7.7,""fwd_deg"":2.1}"
52.734,right_hand,og,acc,2486119,"{""seq"":2562,""x_mg"":24,""y_mg"":-28,""z_mg"":1040}"
52.734,right_hand,og,tilt,,"{""roll_deg"":-2.8,""pitch_deg"":-3.6,""steady"":true}"
52.734,right_hand,og,flick_angles,,"{""side_deg"":-5.3,""fwd_deg"":2.0}"
52.765,right_hand,og,acc,2486140,"{""seq"":2563,""x_mg"":20,""y_mg"":-36,""z_mg"":1044}"
52.765,right_hand,og,tilt,,"{""roll_deg"":-1.0,""pitch_deg"":-3.8,""steady"":true}"
52.765,right_hand,og,flick_angles,,"{""side_deg"":-3.6,""fwd_deg"":1.7}"
52.797,right_hand,og,acc,2486160,"{""seq"":2564,""x_mg"":16,""y_mg"":-32,""z_mg"":1060}"
52.797,right_hand,og,tilt,,"{""roll_deg"":0.3,""pitch_deg"":-4.1,""steady"":true}"
52.797,right_hand,og,flick_angles,,"{""side_deg"":-2.7,""fwd_deg"":1.4}"
52.797,right_hand,og,acc,2486181,"{""seq"":2565,""x_mg"":16,""y_mg"":16,""z_mg"":1100}"
52.797,right_hand,og,tilt,,"{""roll_deg"":1.3,""pitch_deg"":-4.3,""steady"":true}"
52.797,right_hand,og,flick_angles,,"{""side_deg"":-2.2,""fwd_deg"":1.1}"
52.828,right_hand,og,acc,2486201,"{""seq"":2566,""x_mg"":-12,""y_mg"":48,""z_mg"":1096}"
52.828,right_hand,og,tilt,,"{""roll_deg"":2.8,""pitch_deg"":-4.6,""steady"":true}"
52.828,right_hand,og,flick_angles,,"{""side_deg"":-0.7,""fwd_deg"":1.0}"
52.859,right_hand,og,acc,2486222,"{""seq"":2567,""x_mg"":-4,""y_mg"":40,""z_mg"":1080}"
52.859,right_hand,og,tilt,,"{""roll_deg"":4.3,""pitch_deg"":-5.0,""steady"":true}"
52.859,right_hand,og,flick_angles,,"{""side_deg"":0.7,""fwd_deg"":0.4}"
52.859,right_hand,og,acc,2486242,"{""seq"":2568,""x_mg"":0,""y_mg"":44,""z_mg"":1088}"
52.859,right_hand,og,tilt,,"{""roll_deg"":5.3,""pitch_deg"":-5.3,""steady"":true}"
52.859,right_hand,og,flick_angles,,"{""side_deg"":1.5,""fwd_deg"":0.1}"
52.890,right_hand,og,acc,2486263,"{""seq"":2569,""x_mg"":-4,""y_mg"":-28,""z_mg"":1076}"
52.890,right_hand,og,tilt,,"{""roll_deg"":5.9,""pitch_deg"":-5.5,""steady"":true}"
52.890,right_hand,og,flick_angles,,"{""side_deg"":1.8,""fwd_deg"":-0.1}"
52.937,right_hand,og,acc,2486284,"{""seq"":2570,""x_mg"":-8,""y_mg"":0,""z_mg"":1084}"
52.937,right_hand,og,tilt,,"{""roll_deg"":5.9,""pitch_deg"":-5.7,""steady"":true}"
52.937,right_hand,og,flick_angles,,"{""side_deg"":0.9,""fwd_deg"":-0.1}"
52.937,right_hand,og,acc,2486304,"{""seq"":2571,""x_mg"":-16,""y_mg"":28,""z_mg"":1068}"
52.937,right_hand,og,tilt,,"{""roll_deg"":5.9,""pitch_deg"":-5.9,""steady"":true}"
52.937,right_hand,og,flick_angles,,"{""side_deg"":0.5,""fwd_deg"":-0.3}"
52.969,right_hand,og,acc,2486325,"{""seq"":2572,""x_mg"":-24,""y_mg"":20,""z_mg"":1044}"
52.969,right_hand,og,tilt,,"{""roll_deg"":5.9,""pitch_deg"":-6.2,""steady"":true}"
52.969,right_hand,og,flick_angles,,"{""side_deg"":0.8,""fwd_deg"":-0.6}"
52.969,right_hand,og,acc,2486345,"{""seq"":2573,""x_mg"":-12,""y_mg"":-8,""z_mg"":1036}"
52.969,right_hand,og,tilt,,"{""roll_deg"":5.9,""pitch_deg"":-6.4,""steady"":true}"
52.969,right_hand,og,flick_angles,,"{""side_deg"":0.9,""fwd_deg"":-0.7}"
53.000,right_hand,og,acc,2486366,"{""seq"":2574,""x_mg"":-8,""y_mg"":-36,""z_mg"":1016}"
53.000,right_hand,og,tilt,,"{""roll_deg"":5.9,""pitch_deg"":-6.5,""steady"":true}"
53.000,right_hand,og,flick_angles,,"{""side_deg"":0.2,""fwd_deg"":-0.7}"
53.015,right_hand,og,acc,2486386,"{""seq"":2575,""x_mg"":-12,""y_mg"":-40,""z_mg"":992}"
53.015,right_hand,og,tilt,,"{""roll_deg"":5.9,""pitch_deg"":-6.6,""steady"":true}"
53.015,right_hand,og,flick_angles,,"{""side_deg"":-0.9,""fwd_deg"":-0.7}"
53.047,right_hand,og,acc,2486407,"{""seq"":2576,""x_mg"":-8,""y_mg"":-28,""z_mg"":988}"
53.047,right_hand,og,tilt,,"{""roll_deg"":5.7,""pitch_deg"":-6.6,""steady"":true}"
53.047,right_hand,og,flick_angles,,"{""side_deg"":-1.5,""fwd_deg"":-0.6}"
53.078,right_hand,og,acc,2486428,"{""seq"":2577,""x_mg"":-4,""y_mg"":-20,""z_mg"":972}"
53.078,right_hand,og,tilt,,"{""roll_deg"":5.5,""pitch_deg"":-6.7,""steady"":true}"
53.078,right_hand,og,flick_angles,,"{""side_deg"":-1.5,""fwd_deg"":-0.5}"
53.078,right_hand,og,acc,2486448,"{""seq"":2578,""x_mg"":0,""y_mg"":-36,""z_mg"":956}"
53.078,right_hand,og,tilt,,"{""roll_deg"":5.4,""pitch_deg"":-6.7,""steady"":true}"
53.078,right_hand,og,flick_angles,,"{""side_deg"":-1.6,""fwd_deg"":-0.4}"
53.109,right_hand,og,acc,2486469,"{""seq"":2579,""x_mg"":8,""y_mg"":-48,""z_mg"":948}"
53.109,right_hand,og,tilt,,"{""roll_deg"":5.3,""pitch_deg"":-6.7,""steady"":true}"
53.109,right_hand,og,flick_angles,,"{""side_deg"":-1.9,""fwd_deg"":-0.2}"
53.109,right_hand,og,acc,2486489,"{""seq"":2580,""x_mg"":12,""y_mg"":-64,""z_mg"":920}"
53.109,right_hand,og,tilt,,"{""roll_deg"":5.1,""pitch_deg"":-6.7,""steady"":true}"
53.109,right_hand,og,flick_angles,,"{""side_deg"":-2.4,""fwd_deg"":0.1}"
53.140,right_hand,og,acc,2486510,"{""seq"":2581,""x_mg"":12,""y_mg"":-44,""z_mg"":940}"
53.140,right_hand,og,tilt,,"{""roll_deg"":4.9,""pitch_deg"":-6.7,""steady"":true}"
53.140,right_hand,og,flick_angles,,"{""side_deg"":-2.6,""fwd_deg"":0.4}"
53.172,right_hand,og,acc,2486530,"{""seq"":2582,""x_mg"":4,""y_mg"":-28,""z_mg"":968}"
53.172,right_hand,og,tilt,,"{""roll_deg"":4.7,""pitch_deg"":-6.7,""steady"":true}"
53.172,right_hand,og,flick_angles,,"{""side_deg"":-2.7,""fwd_deg"":0.6}"
53.172,right_hand,og,acc,2486551,"{""seq"":2583,""x_mg"":-4,""y_mg"":-24,""z_mg"":964}"
53.172,right_hand,og,tilt,,"{""roll_deg"":4.7,""pitch_deg"":-6.7,""steady"":true}"
53.172,right_hand,og,flick_angles,,"{""side_deg"":-2.2,""fwd_deg"":0.4}"
53.203,right_hand,og,acc,2486572,"{""seq"":2584,""x_mg"":4,""y_mg"":-12,""z_mg"":964}"
53.203,right_hand,og,tilt,,"{""roll_deg"":4.7,""pitch_deg"":-6.7,""steady"":true}"
53.203,right_hand,og,flick_angles,,"{""side_deg"":-1.8,""fwd_deg"":0.3}"
53.234,right_hand,og,acc,2486592,"{""seq"":2585,""x_mg"":-8,""y_mg"":4,""z_mg"":980}"
53.234,right_hand,og,tilt,,"{""roll_deg"":4.7,""pitch_deg"":-6.7,""steady"":true}"
53.234,right_hand,og,flick_angles,,"{""side_deg"":-1.3,""fwd_deg"":0.0}"
53.234,right_hand,og,acc,2486613,"{""seq"":2586,""x_mg"":-8,""y_mg"":20,""z_mg"":1008}"
53.234,right_hand,og,tilt,,"{""roll_deg"":4.7,""pitch_deg"":-6.7,""steady"":true}"
53.234,right_hand,og,flick_angles,,"{""side_deg"":-0.5,""fwd_deg"":-0.2}"
53.265,right_hand,og,acc,2486633,"{""seq"":2587,""x_mg"":-20,""y_mg"":20,""z_mg"":1008}"
53.265,right_hand,og,tilt,,"{""roll_deg"":4.7,""pitch_deg"":-6.7,""steady"":true}"
53.265,right_hand,og,flick_angles,,"{""side_deg"":0.3,""fwd_deg"":-0.3}"
53.297,right_hand,og,acc,2486654,"{""seq"":2588,""x_mg"":-40,""y_mg"":16,""z_mg"":1032}"
53.297,right_hand,og,tilt,,"{""roll_deg"":4.7,""pitch_deg"":-6.7,""steady"":true}"
53.297,right_hand,og,flick_angles,,"{""side_deg"":0.7,""fwd_deg"":-0.7}"
53.297,right_hand,og,acc,2486674,"{""seq"":2589,""x_mg"":-40,""y_mg"":12,""z_mg"":1032}"
53.297,right_hand,og,tilt,,"{""roll_deg"":4.7,""pitch_deg"":-6.8,""steady"":true}"
53.297,right_hand,og,flick_angles,,"{""side_deg"":0.8,""fwd_deg"":-1.5}"
53.328,right_hand,og,acc,2486695,"{""seq"":2590,""x_mg"":-60,""y_mg"":16,""z_mg"":1048}"
53.328,right_hand,og,tilt,,"{""roll_deg"":4.8,""pitch_deg"":-7.0,""steady"":true}"
53.328,right_hand,og,flick_angles,,"{""side_deg"":0.8,""fwd_deg"":-1.8}"
53.359,right_hand,og,acc,2486716,"{""seq"":2591,""x_mg"":-72,""y_mg"":16,""z_mg"":1052}"
53.359,right_hand,og,tilt,,"{""roll_deg"":5.0,""pitch_deg"":-7.4,""steady"":true}"
53.359,right_hand,og,flick_angles,,"{""side_deg"":0.9,""fwd_deg"":-2.6}"
53.359,right_hand,og,acc,2486736,"{""seq"":2592,""x_mg"":-80,""y_mg"":16,""z_mg"":1036}"
53.359,right_hand,og,tilt,,"{""roll_deg"":5.1,""pitch_deg"":-7.9,""steady"":true}"
53.359,right_hand,og,flick_angles,,"{""side_deg"":0.9,""fwd_deg"":-3.2}"
53.390,right_hand,og,acc,2486757,"{""seq"":2593,""x_mg"":-84,""y_mg"":12,""z_mg"":1040}"
53.390,right_hand,og,tilt,,"{""roll_deg"":5.2,""pitch_deg"":-8.5,""steady"":true}"
53.390,right_hand,og,flick_angles,,"{""side_deg"":0.9,""fwd_deg"":-3.8}"
53.390,right_hand,og,acc,2486777,"{""seq"":2594,""x_mg"":-92,""y_mg"":8,""z_mg"":1032}"
53.390,right_hand,og,tilt,,"{""roll_deg"":5.3,""pitch_deg"":-9.0,""steady"":true}"
53.390,right_hand,og,flick_angles,,"{""side_deg"":0.8,""fwd_deg"":-4.2}"
53.422,right_hand,og,acc,2486798,"{""seq"":2595,""x_mg"":-96,""y_mg"":-4,""z_mg"":1012}"
53.422,right_hand,og,tilt,,"{""roll_deg"":5.3,""pitch_deg"":-9.5,""steady"":true}"
53.422,right_hand,og,flick_angles,,"{""side_deg"":0.6,""fwd_deg"":-4.7}"
53.453,right_hand,og,acc,2486818,"{""seq"":2596,""x_mg"":-108,""y_mg"":-44,""z_mg"":1000}"
53.453,right_hand,og,tilt,,"{""roll_deg"":5.3,""pitch_deg"":-10.0,""steady"":true}"
53.453,right_hand,og,flick_angles,,"{""side_deg"":0.2,""fwd_deg"":-5.0}"
53.453,right_hand,og,acc,2486839,"{""seq"":2597,""x_mg"":-112,""y_mg"":-80,""z_mg"":996}"
53.453,right_hand,og,tilt,,"{""roll_deg"":5.3,""pitch_deg"":-10.6,""steady"":true}"
53.453,right_hand,og,flick_angles,,"{""side_deg"":-1.2,""fwd_deg"":-5.6}"
53.484,right_hand,og,acc,2486860,"{""seq"":2598,""x_mg"":-124,""y_mg"":-104,""z_mg"":1000}"
53.484,right_hand,og,tilt,,"{""roll_deg"":5.3,""pitch_deg"":-11.1,""steady"":true}"
53.484,right_hand,og,flick_angles,,"{""side_deg"":-2.9,""fwd_deg"":-6.0}"
53.515,right_hand,og,acc,2486880,"{""seq"":2599,""x_mg"":-120,""y_mg"":-104,""z_mg"":984}"
53.515,right_hand,og,tilt,,"{""roll_deg"":4.6,""pitch_deg"":-11.6,""steady"":true}"
53.515,right_hand,og,flick_angles,,"{""side_deg"":-4.4,""fwd_deg"":-6.5}"
53.515,right_hand,og,acc,2486901,"{""seq"":2600,""x_mg"":-152,""y_mg"":-104,""z_mg"":992}"
53.515,right_hand,og,tilt,,"{""roll_deg"":3.8,""pitch_deg"":-12.0,""steady"":true}"
53.515,right_hand,og,flick_angles,,"{""side_deg"":-5.1,""fwd_deg"":-6.7}"
53.547,right_hand,og,acc,2486921,"{""seq"":2601,""x_mg"":-204,""y_mg"":-140,""z_mg"":988}"
53.547,right_hand,og,tilt,,"{""roll_deg"":3.0,""pitch_deg"":-12.7,""steady"":true}"
53.547,right_hand,og,flick_angles,,"{""side_deg"":-5.6,""fwd_deg"":-7.7}"
53.578,right_hand,og,acc,2486942,"{""seq"":2602,""x_mg"":-184,""y_mg"":-196,""z_mg"":968}"
53.578,right_hand,og,tilt,,"{""roll_deg"":1.8,""pitch_deg"":-13.9,""steady"":true}"
53.578,right_hand,og,flick_angles,,"{""side_deg"":-6.7,""fwd_deg"":-9.1}"
53.578,right_hand,og,acc,2486962,"{""seq"":2603,""x_mg"":-168,""y_mg"":-228,""z_mg"":944}"
53.578,right_hand,og,tilt,,"{""roll_deg"":-0.2,""pitch_deg"":-14.7,""steady"":true}"
53.578,right_hand,og,flick_angles,,"{""side_deg"":-9.0,""fwd_deg"":-9.8}"
53.609,right_hand,og,acc,2486983,"{""seq"":2604,""x_mg"":-188,""y_mg"":-228,""z_mg"":940}"
53.609,right_hand,og,tilt,,"{""roll_deg"":-2.5,""pitch_deg"":-15.3,""steady"":true}"
53.609,right_hand,og,flick_angles,,"{""side_deg"":-11.2,""fwd_deg"":-10.2}"
53.640,right_hand,og,acc,2487003,"{""seq"":2605,""x_mg"":-204,""y_mg"":-196,""z_mg"":944}"
53.640,right_hand,og,tilt,,"{""roll_deg"":-4.0,""pitch_deg"":-15.8,""steady"":true}"
53.640,right_hand,og,flick_angles,,"{""side_deg"":-12.3,""fwd_deg"":-10.6}"
53.640,right_hand,og,acc,2487024,"{""seq"":2606,""x_mg"":-180,""y_mg"":-184,""z_mg"":920}"
53.640,right_hand,og,tilt,,"{""roll_deg"":-4.5,""pitch_deg"":-16.2,""steady"":true}"
53.640,right_hand,og,flick_angles,,"{""side_deg"":-11.9,""fwd_deg"":-10.8}"
53.672,right_hand,og,acc,2487045,"{""seq"":2607,""x_mg"":-132,""y_mg"":-148,""z_mg"":932}"
53.672,right_hand,og,tilt,,"{""roll_deg"":-4.7,""pitch_deg"":-16.5,""steady"":true}"
53.672,right_hand,og,flick_angles,,"{""side_deg"":-11.5,""fwd_deg"":-10.8}"
53.703,right_hand,og,acc,2487065,"{""seq"":2608,""x_mg"":-100,""y_mg"":-84,""z_mg"":944}"
53.703,right_hand,og,tilt,,"{""roll_deg"":-4.7,""pitch_deg"":-16.5,""steady"":true}"
53.703,right_hand,og,flick_angles,,"{""side_deg"":-10.2,""fwd_deg"":-9.4}"
53.734,right_hand,og,acc,2487086,"{""seq"":2609,""x_mg"":-76,""y_mg"":-36,""z_mg"":936}"
53.734,right_hand,og,tilt,,"{""roll_deg"":-4.0,""pitch_deg"":-16.3,""steady"":true}"
53.734,right_hand,og,flick_angles,,"{""side_deg"":-7.6,""fwd_deg"":-7.7}"
53.734,right_hand,og,acc,2487106,"{""seq"":2610,""x_mg"":-64,""y_mg"":-4,""z_mg"":944}"
53.734,right_hand,og,tilt,,"{""roll_deg"":-3.3,""pitch_deg"":-15.8,""steady"":true}"
53.734,right_hand,og,flick_angles,,"{""side_deg"":-4.9,""fwd_deg"":-6.2}"
53.750,,game,miss,,"{""n"":18,""want"":""right""}"
53.765,right_hand,og,acc,2487127,"{""seq"":2611,""x_mg"":-56,""y_mg"":52,""z_mg"":984}"
53.765,right_hand,og,tilt,,"{""roll_deg"":-2.3,""pitch_deg"":-15.4,""steady"":true}"
53.765,right_hand,og,flick_angles,,"{""side_deg"":-2.6,""fwd_deg"":-5.0}"
53.797,right_hand,og,acc,2487147,"{""seq"":2612,""x_mg"":-56,""y_mg"":212,""z_mg"":1056}"
53.797,right_hand,og,tilt,,"{""roll_deg"":-0.1,""pitch_deg"":-14.8,""steady"":true}"
53.797,right_hand,og,flick_angles,,"{""side_deg"":0.2,""fwd_deg"":-4.1}"
53.797,right_hand,og,acc,2487168,"{""seq"":2613,""x_mg"":-28,""y_mg"":284,""z_mg"":1052}"
53.797,right_hand,og,tilt,,"{""roll_deg"":5.4,""pitch_deg"":-14.0,""steady"":true}"
53.797,right_hand,og,flick_angles,,"{""side_deg"":5.8,""fwd_deg"":-3.6}"
53.828,right_hand,og,acc,2487189,"{""seq"":2614,""x_mg"":12,""y_mg"":304,""z_mg"":1028}"
53.828,right_hand,og,tilt,,"{""roll_deg"":11.3,""pitch_deg"":-12.8,""steady"":true}"
53.828,right_hand,og,flick_angles,,"{""side_deg"":10.4,""fwd_deg"":-2.5}"
53.828,right_hand,game,flick,,"{""dir"":""right"",""result"":""none""}"
53.859,right_hand,og,acc,2487209,"{""seq"":2615,""x_mg"":24,""y_mg"":260,""z_mg"":1028}"
53.859,right_hand,og,tilt,,"{""roll_deg"":15.0,""pitch_deg"":-11.3,""steady"":true}"
53.859,right_hand,og,flick_angles,,"{""side_deg"":12.8,""fwd_deg"":-0.9}"
53.859,right_hand,og,acc,2487230,"{""seq"":2616,""x_mg"":-4,""y_mg"":284,""z_mg"":1056}"
53.859,right_hand,og,tilt,,"{""roll_deg"":17.2,""pitch_deg"":-10.0,""steady"":true}"
53.859,right_hand,og,flick_angles,,"{""side_deg"":13.9,""fwd_deg"":-0.1}"
53.875,right_hand,og,acc,2487250,"{""seq"":2617,""x_mg"":8,""y_mg"":260,""z_mg"":1048}"
53.875,right_hand,og,tilt,,"{""roll_deg"":18.1,""pitch_deg"":-9.1,""steady"":true}"
53.875,right_hand,og,flick_angles,,"{""side_deg"":14.1,""fwd_deg"":0.1}"
53.906,right_hand,og,acc,2487271,"{""seq"":2618,""x_mg"":40,""y_mg"":240,""z_mg"":1048}"
53.906,right_hand,og,tilt,,"{""roll_deg"":18.5,""pitch_deg"":-8.5,""steady"":true}"
53.906,right_hand,og,flick_angles,,"{""side_deg"":14.0,""fwd_deg"":0.3}"
53.937,right_hand,og,acc,2487291,"{""seq"":2619,""x_mg"":60,""y_mg"":160,""z_mg"":1004}"
53.937,right_hand,og,tilt,,"{""roll_deg"":18.5,""pitch_deg"":-7.5,""steady"":true}"
53.937,right_hand,og,flick_angles,,"{""side_deg"":13.4,""fwd_deg"":1.2}"
53.937,right_hand,og,acc,2487312,"{""seq"":2620,""x_mg"":72,""y_mg"":88,""z_mg"":1000}"
53.937,right_hand,og,tilt,,"{""roll_deg"":17.9,""pitch_deg"":-6.4,""steady"":true}"
53.937,right_hand,og,flick_angles,,"{""side_deg"":11.2,""fwd_deg"":2.3}"
53.969,right_hand,og,acc,2487333,"{""seq"":2621,""x_mg"":64,""y_mg"":128,""z_mg"":1000}"
53.969,right_hand,og,tilt,,"{""roll_deg"":16.7,""pitch_deg"":-5.6,""steady"":true}"
53.969,right_hand,og,flick_angles,,"{""side_deg"":9.3,""fwd_deg"":3.0}"
53.969,right_hand,og,acc,2487353,"{""seq"":2622,""x_mg"":76,""y_mg"":144,""z_mg"":984}"
53.969,right_hand,og,tilt,,"{""roll_deg"":16.0,""pitch_deg"":-4.9,""steady"":true}"
53.969,right_hand,og,flick_angles,,"{""side_deg"":8.3,""fwd_deg"":3.5}"
54.000,right_hand,og,acc,2487374,"{""seq"":2623,""x_mg"":80,""y_mg"":112,""z_mg"":952}"
54.000,right_hand,og,tilt,,"{""roll_deg"":15.6,""pitch_deg"":-4.3,""steady"":true}"
54.000,right_hand,og,flick_angles,,"{""side_deg"":7.8,""fwd_deg"":4.0}"
54.031,right_hand,og,acc,2487394,"{""seq"":2624,""x_mg"":80,""y_mg"":60,""z_mg"":928}"
54.031,right_hand,og,tilt,,"{""roll_deg"":15.3,""pitch_deg"":-3.8,""steady"":true}"
54.031,right_hand,og,flick_angles,,"{""side_deg"":7.2,""fwd_deg"":4.4}"
54.031,right_hand,og,acc,2487415,"{""seq"":2625,""x_mg"":80,""y_mg"":36,""z_mg"":924}"
54.031,right_hand,og,tilt,,"{""roll_deg"":14.8,""pitch_deg"":-3.4,""steady"":true}"
54.031,right_hand,og,flick_angles,,"{""side_deg"":5.5,""fwd_deg"":4.6}"
54.047,right_hand,og,acc,2487435,"{""seq"":2626,""x_mg"":68,""y_mg"":40,""z_mg"":936}"
54.047,right_hand,og,tilt,,"{""roll_deg"":13.9,""pitch_deg"":-3.1,""steady"":true}"
54.047,right_hand,og,flick_angles,,"{""side_deg"":3.9,""fwd_deg"":4.8}"
54.078,right_hand,og,acc,2487456,"{""seq"":2627,""x_mg"":56,""y_mg"":56,""z_mg"":928}"
54.078,right_hand,og,tilt,,"{""roll_deg"":12.8,""pitch_deg"":-3.1,""steady"":true}"
54.078,right_hand,og,flick_angles,,"{""side_deg"":3.2,""fwd_deg"":4.5}"
54.109,right_hand,og,acc,2487477,"{""seq"":2628,""x_mg"":36,""y_mg"":60,""z_mg"":932}"
54.109,right_hand,og,tilt,,"{""roll_deg"":12.0,""pitch_deg"":-3.1,""steady"":true}"
54.109,right_hand,og,flick_angles,,"{""side_deg"":3.3,""fwd_deg"":4.0}"
54.109,right_hand,og,acc,2487497,"{""seq"":2629,""x_mg"":16,""y_mg"":60,""z_mg"":964}"
54.109,right_hand,og,tilt,,"{""roll_deg"":11.5,""pitch_deg"":-3.1,""steady"":true}"
54.109,right_hand,og,flick_angles,,"{""side_deg"":3.4,""fwd_deg"":3.1}"
54.140,right_hand,og,acc,2487518,"{""seq"":2630,""x_mg"":-20,""y_mg"":44,""z_mg"":988}"
54.140,right_hand,og,tilt,,"{""roll_deg"":11.1,""pitch_deg"":-3.2,""steady"":true}"
54.140,right_hand,og,flick_angles,,"{""side_deg"":3.5,""fwd_deg"":2.0}"
54.172,right_hand,og,acc,2487538,"{""seq"":2631,""x_mg"":-32,""y_mg"":32,""z_mg"":1028}"
54.172,right_hand,og,tilt,,"{""roll_deg"":10.5,""pitch_deg"":-3.5,""steady"":true}"
54.172,right_hand,og,flick_angles,,"{""side_deg"":3.0,""fwd_deg"":0.4}"
54.172,right_hand,og,acc,2487559,"{""seq"":2632,""x_mg"":-48,""y_mg"":4,""z_mg"":1060}"
54.172,right_hand,og,tilt,,"{""roll_deg"":9.8,""pitch_deg"":-4.0,""steady"":true}"
54.172,right_hand,og,flick_angles,,"{""side_deg"":2.4,""fwd_deg"":-0.7}"
54.203,right_hand,og,acc,2487579,"{""seq"":2633,""x_mg"":-56,""y_mg"":-20,""z_mg"":1084}"
54.203,right_hand,og,tilt,,"{""roll_deg"":8.9,""pitch_deg"":-4.7,""steady"":true}"
54.203,right_hand,og,flick_angles,,"{""side_deg"":1.3,""fwd_deg"":-1.6}"
54.250,right_hand,og,acc,2487600,"{""seq"":2634,""x_mg"":-64,""y_mg"":-80,""z_mg"":1112}"
54.250,right_hand,og,tilt,,"{""roll_deg"":7.8,""pitch_deg"":-5.6,""steady"":true}"
54.250,right_hand,og,flick_angles,,"{""side_deg"":0.1,""fwd_deg"":-2.3}"
54.250,right_hand,og,acc,2487621,"{""seq"":2635,""x_mg"":-84,""y_mg"":-92,""z_mg"":1112}"
54.250,right_hand,og,tilt,,"{""roll_deg"":6.1,""pitch_deg"":-6.5,""steady"":true}"
54.250,right_hand,og,flick_angles,,"{""side_deg"":-2.0,""fwd_deg"":-2.8}"
54.265,right_hand,og,acc,2487641,"{""seq"":2636,""x_mg"":-96,""y_mg"":-88,""z_mg"":1112}"
54.265,right_hand,og,tilt,,"{""roll_deg"":4.7,""pitch_deg"":-7.4,""steady"":true}"
54.265,right_hand,og,flick_angles,,"{""side_deg"":-3.2,""fwd_deg"":-3.5}"
54.297,right_hand,og,acc,2487662,"{""seq"":2637,""x_mg"":-88,""y_mg"":-100,""z_mg"":1100}"
54.297,right_hand,og,tilt,,"{""roll_deg"":3.6,""pitch_deg"":-8.3,""steady"":true}"
54.297,right_hand,og,flick_angles,,"{""side_deg"":-4.0,""fwd_deg"":-4.1}"
54.328,right_hand,og,acc,2487682,"{""seq"":2638,""x_mg"":-64,""y_mg"":-92,""z_mg"":1088}"
54.328,right_hand,og,tilt,,"{""roll_deg"":2.9,""pitch_deg"":-9.0,""steady"":true}"
54.328,right_hand,og,flick_angles,,"{""side_deg"":-4.4,""fwd_deg"":-4.3}"
54.328,right_hand,og,acc,2487703,"{""seq"":2639,""x_mg"":-60,""y_mg"":-80,""z_mg"":1068}"
54.328,right_hand,og,tilt,,"{""roll_deg"":2.4,""pitch_deg"":-9.2,""steady"":true}"
54.328,right_hand,og,flick_angles,,"{""side_deg"":-4.6,""fwd_deg"":-3.8}"
54.359,right_hand,og,acc,2487723,"{""seq"":2640,""x_mg"":-40,""y_mg"":-88,""z_mg"":1044}"
54.359,right_hand,og,tilt,,"{""roll_deg"":2.0,""pitch_deg"":-9.3,""steady"":true}"
54.359,right_hand,og,flick_angles,,"{""side_deg"":-4.7,""fwd_deg"":-3.5}"
54.390,right_hand,og,acc,2487744,"{""seq"":2641,""x_mg"":-32,""y_mg"":-92,""z_mg"":1008}"
54.390,right_hand,og,tilt,,"{""roll_deg"":1.8,""pitch_deg"":-9.3,""steady"":true}"
54.390,right_hand,og,flick_angles,,"{""side_deg"":-4.8,""fwd_deg"":-2.9}"
54.390,right_hand,og,acc,2487764,"{""seq"":2642,""x_mg"":-20,""y_mg"":-92,""z_mg"":984}"
54.390,right_hand,og,tilt,,"{""roll_deg"":1.5,""pitch_deg"":-9.3,""steady"":true}"
54.390,right_hand,og,flick_angles,,"{""side_deg"":-5.0,""fwd_deg"":-2.3}"
54.422,right_hand,og,acc,2487785,"{""seq"":2643,""x_mg"":8,""y_mg"":-76,""z_mg"":956}"
54.422,right_hand,og,tilt,,"{""roll_deg"":1.3,""pitch_deg"":-9.3,""steady"":true}"
54.422,right_hand,og,flick_angles,,"{""side_deg"":-5.1,""fwd_deg"":-1.7}"
54.453,right_hand,og,acc,2487806,"{""seq"":2644,""x_mg"":28,""y_mg"":-40,""z_mg"":944}"
54.453,right_hand,og,tilt,,"{""roll_deg"":1.3,""pitch_deg"":-9.2,""steady"":true}"
54.453,right_hand,og,flick_angles,,"{""side_deg"":-4.8,""fwd_deg"":-0.6}"
54.453,right_hand,og,acc,2487826,"{""seq"":2645,""x_mg"":40,""y_mg"":-32,""z_mg"":940}"
54.453,right_hand,og,tilt,,"{""roll_deg"":1.3,""pitch_deg"":-9.0,""steady"":true}"
54.453,right_hand,og,flick_angles,,"{""side_deg"":-3.6,""fwd_deg"":0.5}"
54.469,right_hand,og,acc,2487847,"{""seq"":2646,""x_mg"":56,""y_mg"":-44,""z_mg"":924}"
54.469,right_hand,og,tremor,,"{""rms_mg"":34.5,""peak_hz"":9.7}"
54.469,right_hand,og,tilt,,"{""roll_deg"":1.3,""pitch_deg"":-8.5,""steady"":true}"
54.469,right_hand,og,flick_angles,,"{""side_deg"":-3.0,""fwd_deg"":1.5}"
54.515,right_hand,og,acc,2487867,"{""seq"":2647,""x_mg"":64,""y_mg"":-56,""z_mg"":956}"
54.515,right_hand,og,tilt,,"{""roll_deg"":1.4,""pitch_deg"":-7.8,""steady"":true}"
54.515,right_hand,og,flick_angles,,"{""side_deg"":-2.9,""fwd_deg"":2.5}"
54.515,right_hand,og,acc,2487888,"{""seq"":2648,""x_mg"":80,""y_mg"":-52,""z_mg"":932}"
54.515,right_hand,og,tilt,,"{""roll_deg"":1.5,""pitch_deg"":-7.0,""steady"":true}"
54.515,right_hand,og,flick_angles,,"{""side_deg"":-3.0,""fwd_deg"":3.1}"
54.547,right_hand,og,acc,2487908,"{""seq"":2649,""x_mg"":80,""y_mg"":-48,""z_mg"":932}"
54.547,right_hand,og,tilt,,"{""roll_deg"":1.5,""pitch_deg"":-6.0,""steady"":true}"
54.547,right_hand,og,flick_angles,,"{""side_deg"":-3.1,""fwd_deg"":4.0}"
54.578,right_hand,og,acc,2487929,"{""seq"":2650,""x_mg"":88,""y_mg"":-56,""z_mg"":936}"
54.578,right_hand,og,tilt,,"{""roll_deg"":1.6,""pitch_deg"":-5.1,""steady"":true}"
54.578,right_hand,og,flick_angles,,"{""side_deg"":-3.1,""fwd_deg"":4.5}"
54.578,right_hand,og,acc,2487950,"{""seq"":2651,""x_mg"":92,""y_mg"":-44,""z_mg"":940}"
54.578,right_hand,og,tilt,,"{""roll_deg"":1.6,""pitch_deg"":-4.3,""steady"":true}"
54.578,right_hand,og,flick_angles,,"{""side_deg"":-3.0,""fwd_deg"":4.9}"
54.609,right_hand,og,acc,2487970,"{""seq"":2652,""x_mg"":92,""y_mg"":-40,""z_mg"":952}"
54.609,right_hand,og,tilt,,"{""roll_deg"":1.7,""pitch_deg"":-3.6,""steady"":true}"
54.609,right_hand,og,flick_angles,,"{""side_deg"":-2.9,""fwd_deg"":5.2}"
54.609,right_hand,og,acc,2487991,"{""seq"":2653,""x_mg"":108,""y_mg"":-64,""z_mg"":932}"
54.609,right_hand,og,tilt,,"{""roll_deg"":1.8,""pitch_deg"":-3.1,""steady"":true}"
54.609,right_hand,og,flick_angles,,"{""side_deg"":-2.8,""fwd_deg"":5.4}"
54.640,right_hand,og,acc,2488011,"{""seq"":2654,""x_mg"":116,""y_mg"":-76,""z_mg"":940}"
54.640,right_hand,og,tilt,,"{""roll_deg"":1.8,""pitch_deg"":-2.5,""steady"":true}"
54.640,right_hand,og,flick_angles,,"{""side_deg"":-3.3,""fwd_deg"":6.0}"
54.672,right_hand,og,acc,2488032,"{""seq"":2655,""x_mg"":108,""y_mg"":-56,""z_mg"":976}"
54.672,right_hand,og,tilt,,"{""roll_deg"":1.8,""pitch_deg"":-2.0,""steady"":true}"
54.672,right_hand,og,flick_angles,,"{""side_deg"":-3.6,""fwd_deg"":6.3}"
54.672,right_hand,og,acc,2488052,"{""seq"":2656,""x_mg"":112,""y_mg"":-40,""z_mg"":972}"
54.672,right_hand,og,tilt,,"{""roll_deg"":1.8,""pitch_deg"":-1.7,""steady"":true}"
54.672,right_hand,og,flick_angles,,"{""side_deg"":-3.4,""fwd_deg"":6.4}"
54.703,right_hand,og,acc,2488073,"{""seq"":2657,""x_mg"":112,""y_mg"":-36,""z_mg"":980}"
54.703,right_hand,og,tilt,,"{""roll_deg"":1.8,""pitch_deg"":-1.5,""steady"":true}"
54.703,right_hand,og,flick_angles,,"{""side_deg"":-2.9,""fwd_deg"":6.5}"
54.734,right_hand,og,acc,2488094,"{""seq"":2658,""x_mg"":112,""y_mg"":-68,""z_mg"":968}"
54.734,right_hand,og,tilt,,"{""roll_deg"":1.9,""pitch_deg"":-1.3,""steady"":true}"
54.734,right_hand,og,flick_angles,,"{""side_deg"":-2.6,""fwd_deg"":6.5}"
54.734,right_hand,og,acc,2488114,"{""seq"":2659,""x_mg"":108,""y_mg"":-76,""z_mg"":960}"
54.734,right_hand,og,tilt,,"{""roll_deg"":1.9,""pitch_deg"":-1.2,""steady"":true}"
54.734,right_hand,og,flick_angles,,"{""side_deg"":-3.3,""fwd_deg"":6.5}"
54.765,right_hand,og,acc,2488135,"{""seq"":2660,""x_mg"":112,""y_mg"":-76,""z_mg"":948}"
54.765,right_hand,og,tilt,,"{""roll_deg"":1.9,""pitch_deg"":-1.0,""steady"":true}"
54.765,right_hand,og,flick_angles,,"{""side_deg"":-3.9,""fwd_deg"":6.6}"
54.797,right_hand,og,acc,2488155,"{""seq"":2661,""x_mg"":108,""y_mg"":-68,""z_mg"":936}"
54.797,right_hand,og,tilt,,"{""roll_deg"":1.9,""pitch_deg"":-1.0,""steady"":true}"
54.797,right_hand,og,flick_angles,,"{""side_deg"":-4.2,""fwd_deg"":6.6}"
54.797,right_hand,og,acc,2488176,"{""seq"":2662,""x_mg"":116,""y_mg"":-52,""z_mg"":932}"
54.797,right_hand,og,tilt,,"{""roll_deg"":1.9,""pitch_deg"":-0.9,""steady"":true}"
54.797,right_hand,og,flick_angles,,"{""side_deg"":-4.2,""fwd_deg"":6.6}"
54.828,right_hand,og,acc,2488196,"{""seq"":2663,""x_mg"":120,""y_mg"":-32,""z_mg"":932}"
54.828,right_hand,og,tilt,,"{""roll_deg"":1.9,""pitch_deg"":-0.7,""steady"":true}"
54.828,right_hand,og,flick_angles,,"{""side_deg"":-3.7,""fwd_deg"":6.9}"
54.828,right_hand,og,acc,2488217,"{""seq"":2664,""x_mg"":132,""y_mg"":-24,""z_mg"":932}"
54.828,right_hand,og,tilt,,"{""roll_deg"":1.9,""pitch_deg"":-0.6,""steady"":true}"
54.828,right_hand,og,flick_angles,,"{""side_deg"":-2.8,""fwd_deg"":7.1}"
54.859,right_hand,og,acc,2488238,"{""seq"":2665,""x_mg"":120,""y_mg"":-20,""z_mg"":908}"
54.859,right_hand,og,tilt,,"{""roll_deg"":1.9,""pitch_deg"":-0.4,""steady"":true}"
54.859,right_hand,og,flick_angles,,"{""side_deg"":-2.1,""fwd_deg"":7.3}"
54.875,right_hand,og,acc,2488258,"{""seq"":2666,""x_mg"":96,""y_mg"":-64,""z_mg"":892}"
54.875,right_hand,og,tilt,,"{""roll_deg"":2.1,""pitch_deg"":-0.3,""steady"":true}"
54.875,right_hand,og,flick_angles,,"{""side_deg"":-1.8,""fwd_deg"":7.4}"
54.906,right_hand,og,acc,2488279,"{""seq"":2667,""x_mg"":92,""y_mg"":-40,""z_mg"":896}"
54.906,right_hand,og,tilt,,"{""roll_deg"":2.2,""pitch_deg"":-0.3,""steady"":true}"
54.906,right_hand,og,flick_angles,,"{""side_deg"":-2.2,""fwd_deg"":6.8}"
54.953,right_hand,og,acc,2488299,"{""seq"":2668,""x_mg"":60,""y_mg"":-12,""z_mg"":916}"
54.953,right_hand,og,tilt,,"{""roll_deg"":2.2,""pitch_deg"":-0.3,""steady"":true}"
54.953,right_hand,og,flick_angles,,"{""side_deg"":-2.4,""fwd_deg"":6.3}"
54.953,right_hand,og,acc,2488320,"{""seq"":2669,""x_mg"":20,""y_mg"":16,""z_mg"":916}"
54.953,right_hand,og,tilt,,"{""roll_deg"":2.5,""pitch_deg"":-0.3,""steady"":true}"
54.953,right_hand,og,flick_angles,,"{""side_deg"":-1.6,""fwd_deg"":5.0}"
54.984,right_hand,og,acc,2488340,"{""seq"":2670,""x_mg"":-8,""y_mg"":0,""z_mg"":916}"
54.984,right_hand,og,tilt,,"{""roll_deg"":2.9,""pitch_deg"":-0.5,""steady"":true}"
54.984,right_hand,og,flick_angles,,"{""side_deg"":-0.8,""fwd_deg"":3.1}"
54.984,right_hand,og,acc,2488361,"{""seq"":2671,""x_mg"":-36,""y_mg"":-20,""z_mg"":896}"
54.984,right_hand,og,tilt,,"{""roll_deg"":3.3,""pitch_deg"":-1.6,""steady"":true}"
54.984,right_hand,og,flick_angles,,"{""side_deg"":-0.4,""fwd_deg"":1.3}"
55.015,right_hand,og,acc,2488381,"{""seq"":2672,""x_mg"":-68,""y_mg"":-8,""z_mg"":900}"
55.015,right_hand,og,tilt,,"{""roll_deg"":3.5,""pitch_deg"":-3.1,""steady"":true}"
55.015,right_hand,og,flick_angles,,"{""side_deg"":-0.4,""fwd_deg"":-0.5}"
55.047,right_hand,og,acc,2488402,"{""seq"":2673,""x_mg"":-112,""y_mg"":8,""z_mg"":936}"
55.047,right_hand,og,tilt,,"{""roll_deg"":3.7,""pitch_deg"":-5.2,""steady"":true}"
55.047,right_hand,og,flick_angles,,"{""side_deg"":-0.5,""fwd_deg"":-2.4}"
55.047,right_hand,og,acc,2488423,"{""seq"":2674,""x_mg"":-164,""y_mg"":24,""z_mg"":964}"
55.047,right_hand,og,tilt,,"{""roll_deg"":4.0,""pitch_deg"":-7.7,""steady"":true}"
55.047,right_hand,og,flick_angles,,"{""side_deg"":0.0,""fwd_deg"":-4.6}"
55.078,right_hand,og,acc,2488443,"{""seq"":2675,""x_mg"":-208,""y_mg"":28,""z_mg"":956}"
55.078,right_hand,og,tilt,,"{""roll_deg"":4.5,""pitch_deg"":-10.5,""steady"":true}"
55.078,right_hand,og,flick_angles,,"{""side_deg"":0.7,""fwd_deg"":-7.1}"
55.094,right_hand,og,acc,2488464,"{""seq"":2676,""x_mg"":-236,""y_mg"":24,""z_mg"":964}"
55.094,right_hand,og,tilt,,"{""roll_deg"":4.9,""pitch_deg"":-13.6,""steady"":true}"
55.094,right_hand,og,flick_angles,,"{""side_deg"":1.1,""fwd_deg"":-9.7}"
55.094,right_hand,og,acc,2488484,"{""seq"":2677,""x_mg"":-304,""y_mg"":-16,""z_mg"":972}"
55.094,right_hand,og,tilt,,"{""roll_deg"":5.2,""pitch_deg"":-16.1,""steady"":true}"
55.094,right_hand,og,flick_angles,,"{""side_deg"":1.2,""fwd_deg"":-11.7}"
55.125,right_hand,og,acc,2488505,"{""seq"":2678,""x_mg"":-356,""y_mg"":-12,""z_mg"":988}"
55.125,right_hand,og,tilt,,"{""roll_deg"":5.2,""pitch_deg"":-19.2,""steady"":true}"
55.125,right_hand,og,flick_angles,,"{""side_deg"":0.3,""fwd_deg"":-14.5}"
55.156,right_hand,og,acc,2488525,"{""seq"":2679,""x_mg"":-376,""y_mg"":20,""z_mg"":1024}"
55.156,right_hand,og,tilt,,"{""roll_deg"":5.2,""pitch_deg"":-22.1,""steady"":true}"
55.156,right_hand,og,flick_angles,,"{""side_deg"":-0.2,""fwd_deg"":-17.2}"
55.187,right_hand,og,acc,2488546,"{""seq"":2680,""x_mg"":-400,""y_mg"":48,""z_mg"":1076}"
55.187,right_hand,og,tilt,,"{""roll_deg"":5.2,""pitch_deg"":-23.9,""steady"":true}"
55.187,right_hand,og,flick_angles,,"{""side_deg"":0.4,""fwd_deg"":-18.7}"
55.187,right_hand,og,acc,2488567,"{""seq"":2681,""x_mg"":-440,""y_mg"":36,""z_mg"":1068}"
55.187,right_hand,og,tilt,,"{""roll_deg"":5.5,""pitch_deg"":-25.1,""steady"":true}"
55.187,right_hand,og,flick_angles,,"{""side_deg"":1.1,""fwd_deg"":-19.5}"
55.219,right_hand,og,acc,2488587,"{""seq"":2682,""x_mg"":-452,""y_mg"":4,""z_mg"":1052}"
55.219,right_hand,og,tilt,,"{""roll_deg"":5.8,""pitch_deg"":-26.5,""steady"":true}"
55.219,right_hand,og,flick_angles,,"{""side_deg"":1.4,""fwd_deg"":-21.0}"
55.234,,game,miss,,"{""n"":19,""want"":""down""}"
55.250,right_hand,og,acc,2488608,"{""seq"":2683,""x_mg"":-448,""y_mg"":-8,""z_mg"":1056}"
55.250,right_hand,og,tilt,,"{""roll_deg"":5.8,""pitch_deg"":-27.6,""steady"":true}"
55.250,right_hand,og,flick_angles,,"{""side_deg"":0.8,""fwd_deg"":-22.0}"
55.250,right_hand,og,acc,2488628,"{""seq"":2684,""x_mg"":-444,""y_mg"":4,""z_mg"":1072}"
55.250,right_hand,og,tilt,,"{""roll_deg"":5.8,""pitch_deg"":-28.3,""steady"":true}"
55.250,right_hand,og,flick_angles,,"{""side_deg"":0.5,""fwd_deg"":-22.5}"
55.281,right_hand,og,acc,2488649,"{""seq"":2685,""x_mg"":-440,""y_mg"":12,""z_mg"":1072}"
55.281,right_hand,og,tilt,,"{""roll_deg"":5.8,""pitch_deg"":-28.5,""steady"":true}"
55.281,right_hand,og,flick_angles,,"{""side_deg"":0.4,""fwd_deg"":-22.5}"
55.297,right_hand,og,acc,2488669,"{""seq"":2686,""x_mg"":-432,""y_mg"":-4,""z_mg"":1036}"
55.297,right_hand,og,tilt,,"{""roll_deg"":5.8,""pitch_deg"":-28.6,""steady"":true}"
55.297,right_hand,og,flick_angles,,"{""side_deg"":0.3,""fwd_deg"":-22.5}"
55.297,right_hand,og,acc,2488690,"{""seq"":2687,""x_mg"":-412,""y_mg"":0,""z_mg"":1004}"
55.297,right_hand,og,tilt,,"{""roll_deg"":5.8,""pitch_deg"":-28.7,""steady"":true}"
55.297,right_hand,og,flick_angles,,"{""side_deg"":0.1,""fwd_deg"":-22.4}"
55.328,right_hand,og,acc,2488710,"{""seq"":2688,""x_mg"":-384,""y_mg"":-8,""z_mg"":956}"
55.328,right_hand,og,tilt,,"{""roll_deg"":5.8,""pitch_deg"":-28.7,""steady"":true}"
55.328,right_hand,og,flick_angles,,"{""side_deg"":-0.0,""fwd_deg"":-22.4}"
55.359,right_hand,og,acc,2488731,"{""seq"":2689,""x_mg"":-372,""y_mg"":12,""z_mg"":960}"
55.359,right_hand,og,tilt,,"{""roll_deg"":5.8,""pitch_deg"":-28.7,""steady"":true}"
55.359,right_hand,og,flick_angles,,"{""side_deg"":-0.0,""fwd_deg"":-22.1}"
55.390,right_hand,og,acc,2488752,"{""seq"":2690,""x_mg"":-384,""y_mg"":36,""z_mg"":928}"
55.390,right_hand,og,tilt,,"{""roll_deg"":5.8,""pitch_deg"":-28.7,""steady"":true}"
55.390,right_hand,og,flick_angles,,"{""side_deg"":0.3,""fwd_deg"":-22.0}"
55.390,right_hand,og,acc,2488772,"{""seq"":2691,""x_mg"":-380,""y_mg"":32,""z_mg"":920}"
55.390,right_hand,og,tilt,,"{""roll_deg"":5.8,""pitch_deg"":-28.7,""steady"":true}"
55.390,right_hand,og,flick_angles,,"{""side_deg"":1.1,""fwd_deg"":-22.2}"
55.422,right_hand,og,acc,2488793,"{""seq"":2692,""x_mg"":-368,""y_mg"":20,""z_mg"":916}"
55.422,right_hand,og,tilt,,"{""roll_deg"":5.8,""pitch_deg"":-28.7,""steady"":true}"
55.422,right_hand,og,flick_angles,,"{""side_deg"":1.5,""fwd_deg"":-22.3}"
55.453,right_hand,og,acc,2488813,"{""seq"":2693,""x_mg"":-368,""y_mg"":12,""z_mg"":908}"
55.453,right_hand,og,tilt,,"{""roll_deg"":5.9,""pitch_deg"":-28.7,""steady"":true}"
55.453,right_hand,og,flick_angles,,"{""side_deg"":1.3,""fwd_deg"":-22.2}"
55.453,right_hand,og,acc,2488834,"{""seq"":2694,""x_mg"":-344,""y_mg"":4,""z_mg"":912}"
55.453,right_hand,og,tilt,,"{""roll_deg"":5.9,""pitch_deg"":-28.7,""steady"":true}"
55.453,right_hand,og,flick_angles,,"{""side_deg"":1.0,""fwd_deg"":-22.0}"
55.484,right_hand,og,acc,2488854,"{""seq"":2695,""x_mg"":-344,""y_mg"":24,""z_mg"":924}"
55.484,right_hand,og,tilt,,"{""roll_deg"":5.9,""pitch_deg"":-28.7,""steady"":true}"
55.484,right_hand,og,flick_angles,,"{""side_deg"":0.9,""fwd_deg"":-21.4}"
55.484,right_hand,og,acc,2488875,"{""seq"":2696,""x_mg"":-364,""y_mg"":36,""z_mg"":968}"
55.484,right_hand,og,tilt,,"{""roll_deg"":5.9,""pitch_deg"":-28.7,""steady"":true}"
55.484,right_hand,og,flick_angles,,"{""side_deg"":1.1,""fwd_deg"":-21.0}"
55.515,right_hand,og,acc,2488896,"{""seq"":2697,""x_mg"":-380,""y_mg"":52,""z_mg"":996}"
55.515,right_hand,og,tilt,,"{""roll_deg"":6.1,""pitch_deg"":-28.7,""steady"":true}"
55.515,right_hand,og,flick_angles,,"{""side_deg"":1.6,""fwd_deg"":-20.8}"
55.547,right_hand,og,acc,2488916,"{""seq"":2698,""x_mg"":-320,""y_mg"":-8,""z_mg"":984}"
55.547,right_hand,og,tilt,,"{""roll_deg"":6.2,""pitch_deg"":-28.7,""steady"":true}"
55.547,right_hand,og,flick_angles,,"{""side_deg"":1.8,""fwd_deg"":-20.7}"
55.578,right_hand,og,acc,2488937,"{""seq"":2699,""x_mg"":-288,""y_mg"":-40,""z_mg"":980}"
55.578,right_hand,og,tilt,,"{""roll_deg"":6.2,""pitch_deg"":-28.5,""steady"":true}"
55.578,right_hand,og,flick_angles,,"{""side_deg"":0.7,""fwd_deg"":-19.4}"
55.609,right_hand,og,acc,2488957,"{""seq"":2700,""x_mg"":-300,""y_mg"":-24,""z_mg"":1000}"
55.609,right_hand,og,tilt,,"{""roll_deg"":6.2,""pitch_deg"":-27.9,""steady"":true}"
55.609,right_hand,og,flick_angles,,"{""side_deg"":-0.3,""fwd_deg"":-18.0}"
55.609,right_hand,og,acc,2488978,"{""seq"":2701,""x_mg"":-316,""y_mg"":-4,""z_mg"":1004}"
55.609,right_hand,og,tilt,,"{""roll_deg"":6.2,""pitch_deg"":-27.2,""steady"":true}"
55.609,right_hand,og,flick_angles,,"{""side_deg"":-0.8,""fwd_deg"":-17.4}"
55.640,right_hand,og,acc,2488998,"{""seq"":2702,""x_mg"":-300,""y_mg"":-12,""z_mg"":988}"
55.640,right_hand,og,tilt,,"{""roll_deg"":6.2,""pitch_deg"":-26.7,""steady"":true}"
55.640,right_hand,og,flick_angles,,"{""side_deg"":-0.7,""fwd_deg"":-17.1}"
55.672,right_hand,og,acc,2489019,"{""seq"":2703,""x_mg"":-272,""y_mg"":-24,""z_mg"":976}"
55.672,right_hand,og,tilt,,"{""roll_deg"":6.2,""pitch_deg"":-26.2,""steady"":true}"
55.672,right_hand,og,flick_angles,,"{""side_deg"":-0.7,""fwd_deg"":-17.0}"
55.672,right_hand,og,acc,2489040,"{""seq"":2704,""x_mg"":-224,""y_mg"":-64,""z_mg"":944}"
55.672,right_hand,og,tilt,,"{""roll_deg"":6.1,""pitch_deg"":-25.4,""steady"":true}"
55.672,right_hand,og,flick_angles,,"{""side_deg"":-1.0,""fwd_deg"":-16.3}"
55.703,right_hand,og,acc,2489060,"{""seq"":2705,""x_mg"":-200,""y_mg"":-44,""z_mg"":988}"
55.703,right_hand,og,tilt,,"{""roll_deg"":5.8,""pitch_deg"":-24.3,""steady"":true}"
55.703,right_hand,og,flick_angles,,"{""side_deg"":-1.8,""fwd_deg"":-14.8}"
55.703,right_hand,og,acc,2489081,"{""seq"":2706,""x_mg"":-184,""y_mg"":16,""z_mg"":992}"
55.703,right_hand,og,tilt,,"{""roll_deg"":5.4,""pitch_deg"":-22.7,""steady"":true}"
55.703,right_hand,og,flick_angles,,"{""side_deg"":-2.1,""fwd_deg"":-13.1}"
55.719,right_hand,og,acc,2489101,"{""seq"":2707,""x_mg"":-192,""y_mg"":48,""z_mg"":984}"
55.719,right_hand,og,tilt,,"{""roll_deg"":5.4,""pitch_deg"":-21.5,""steady"":true}"
55.719,right_hand,og,flick_angles,,"{""side_deg"":-0.6,""fwd_deg"":-12.1}"
55.750,right_hand,og,acc,2489122,"{""seq"":2708,""x_mg"":-172,""y_mg"":48,""z_mg"":952}"
55.750,right_hand,og,tilt,,"{""roll_deg"":5.4,""pitch_deg"":-20.4,""steady"":true}"
55.750,right_hand,og,flick_angles,,"{""side_deg"":1.1,""fwd_deg"":-11.3}"
55.781,right_hand,og,acc,2489142,"{""seq"":2709,""x_mg"":-116,""y_mg"":44,""z_mg"":956}"
55.781,right_hand,og,tilt,,"{""roll_deg"":5.4,""pitch_deg"":-19.5,""steady"":true}"
55.781,right_hand,og,flick_angles,,"{""side_deg"":1.9,""fwd_deg"":-10.8}"
55.812,right_hand,og,acc,2489163,"{""seq"":2710,""x_mg"":-104,""y_mg"":72,""z_mg"":944}"
55.812,right_hand,og,tilt,,"{""roll_deg"":5.6,""pitch_deg"":-17.8,""steady"":true}"
55.812,right_hand,og,flick_angles,,"{""side_deg"":2.4,""fwd_deg"":-8.8}"
55.812,right_hand,og,acc,2489183,"{""seq"":2711,""x_mg"":-92,""y_mg"":96,""z_mg"":932}"
55.812,right_hand,og,tilt,,"{""roll_deg"":6.1,""pitch_deg"":-16.4,""steady"":true}"
55.812,right_hand,og,flick_angles,,"{""side_deg"":3.4,""fwd_deg"":-7.6}"
55.844,right_hand,og,acc,2489204,"{""seq"":2712,""x_mg"":-84,""y_mg"":84,""z_mg"":940}"
55.844,right_hand,og,tilt,,"{""roll_deg"":6.9,""pitch_deg"":-15.3,""steady"":true}"
55.844,right_hand,og,flick_angles,,"{""side_deg"":4.2,""fwd_deg"":-6.6}"
55.844,right_hand,og,acc,2489225,"{""seq"":2713,""x_mg"":-68,""y_mg"":36,""z_mg"":932}"
55.844,right_hand,og,tilt,,"{""roll_deg"":7.5,""pitch_deg"":-14.3,""steady"":true}"
55.844,right_hand,og,flick_angles,,"{""side_deg"":4.7,""fwd_deg"":-5.8}"
55.875,right_hand,og,acc,2489245,"{""seq"":2714,""x_mg"":-52,""y_mg"":0,""z_mg"":936}"
55.875,right_hand,og,tilt,,"{""roll_deg"":7.5,""pitch_deg"":-13.4,""steady"":true}"
55.875,right_hand,og,flick_angles,,"{""side_deg"":3.4,""fwd_deg"":-5.0}"
55.906,right_hand,og,acc,2489266,"{""seq"":2715,""x_mg"":-40,""y_mg"":16,""z_mg"":928}"
55.906,right_hand,og,tilt,,"{""roll_deg"":7.5,""pitch_deg"":-12.4,""steady"":true}"
55.906,right_hand,og,flick_angles,,"{""side_deg"":2.2,""fwd_deg"":-4.1}"
55.906,right_hand,og,acc,2489286,"{""seq"":2716,""x_mg"":-36,""y_mg"":12,""z_mg"":924}"
55.906,right_hand,og,tilt,,"{""roll_deg"":7.5,""pitch_deg"":-11.6,""steady"":true}"
55.906,right_hand,og,flick_angles,,"{""side_deg"":1.5,""fwd_deg"":-3.3}"
55.937,right_hand,og,acc,2489307,"{""seq"":2717,""x_mg"":-24,""y_mg"":-4,""z_mg"":944}"
55.937,right_hand,og,tilt,,"{""roll_deg"":7.5,""pitch_deg"":-10.9,""steady"":true}"
55.937,right_hand,og,flick_angles,,"{""side_deg"":1.1,""fwd_deg"":-2.8}"
55.969,right_hand,og,acc,2489327,"{""seq"":2718,""x_mg"":-36,""y_mg"":-28,""z_mg"":960}"
55.969,right_hand,og,tilt,,"{""roll_deg"":7.5,""pitch_deg"":-10.5,""steady"":true}"
55.969,right_hand,og,flick_angles,,"{""side_deg"":0.4,""fwd_deg"":-2.5}"
55.969,right_hand,og,acc,2489348,"{""seq"":2719,""x_mg"":-24,""y_mg"":-44,""z_mg"":964}"
55.969,right_hand,og,tilt,,"{""roll_deg"":7.3,""pitch_deg"":-9.9,""steady"":true}"
55.969,right_hand,og,flick_angles,,"{""side_deg"":-0.6,""fwd_deg"":-2.0}"
56.000,right_hand,og,acc,2489369,"{""seq"":2720,""x_mg"":-24,""y_mg"":-52,""z_mg"":972}"
56.000,right_hand,og,tilt,,"{""roll_deg"":6.8,""pitch_deg"":-9.6,""steady"":true}"
56.000,right_hand,og,flick_angles,,"{""side_deg"":-1.6,""fwd_deg"":-1.7}"
56.031,right_hand,og,acc,2489389,"{""seq"":2721,""x_mg"":-20,""y_mg"":-32,""z_mg"":988}"
56.031,right_hand,og,tilt,,"{""roll_deg"":6.3,""pitch_deg"":-9.3,""steady"":true}"
56.031,right_hand,og,flick_angles,,"{""side_deg"":-2.1,""fwd_deg"":-1.6}"
56.031,right_hand,og,acc,2489410,"{""seq"":2722,""x_mg"":-24,""y_mg"":-16,""z_mg"":1000}"
56.031,right_hand,og,tilt,,"{""roll_deg"":5.9,""pitch_deg"":-9.1,""steady"":true}"
56.031,right_hand,og,flick_angles,,"{""side_deg"":-2.0,""fwd_deg"":-1.5}"
56.062,right_hand,og,acc,2489430,"{""seq"":2723,""x_mg"":-28,""y_mg"":-40,""z_mg"":1000}"
56.062,right_hand,og,tilt,,"{""roll_deg"":5.6,""pitch_deg"":-9.0,""steady"":true}"
56.062,right_hand,og,flick_angles,,"{""side_deg"":-1.9,""fwd_deg"":-1.4}"
56.094,right_hand,og,acc,2489451,"{""seq"":2724,""x_mg"":-36,""y_mg"":-56,""z_mg"":1008}"
56.094,right_hand,og,tilt,,"{""roll_deg"":5.2,""pitch_deg"":-9.0,""steady"":true}"
56.094,right_hand,og,flick_angles,,"{""side_deg"":-2.1,""fwd_deg"":-1.5}"
56.094,right_hand,og,acc,2489471,"{""seq"":2725,""x_mg"":-44,""y_mg"":-52,""z_mg"":1012}"
56.094,right_hand,og,tilt,,"{""roll_deg"":4.8,""pitch_deg"":-9.0,""steady"":true}"
56.094,right_hand,og,flick_angles,,"{""side_deg"":-2.5,""fwd_deg"":-1.8}"
56.125,right_hand,og,acc,2489492,"{""seq"":2726,""x_mg"":-44,""y_mg"":-48,""z_mg"":1004}"
56.125,right_hand,og,tilt,,"{""roll_deg"":4.5,""pitch_deg"":-9.0,""steady"":true}"
56.125,right_hand,og,flick_angles,,"{""side_deg"":-2.7,""fwd_deg"":-2.1}"
56.125,right_hand,og,acc,2489513,"{""seq"":2727,""x_mg"":-32,""y_mg"":-68,""z_mg"":996}"
56.125,right_hand,og,tilt,,"{""roll_deg"":4.2,""pitch_deg"":-9.0,""steady"":true}"
56.125,right_hand,og,flick_angles,,"{""side_deg"":-2.8,""fwd_deg"":-2.3}"
56.156,right_hand,og,acc,2489533,"{""seq"":2728,""x_mg"":-64,""y_mg"":-72,""z_mg"":1004}"
56.156,right_hand,og,tilt,,"{""roll_deg"":3.8,""pitch_deg"":-9.0,""steady"":true}"
56.156,right_hand,og,flick_angles,,"{""side_deg"":-3.4,""fwd_deg"":-2.4}"
56.187,right_hand,og,acc,2489554,"{""seq"":2729,""x_mg"":-76,""y_mg"":-100,""z_mg"":1004}"
56.187,right_hand,og,tilt,,"{""roll_deg"":3.4,""pitch_deg"":-9.0,""steady"":true}"
56.187,right_hand,og,flick_angles,,"{""side_deg"":-3.7,""fwd_deg"":-3.0}"
56.187,right_hand,og,acc,2489574,"{""seq"":2730,""x_mg"":-100,""y_mg"":-92,""z_mg"":1008}"
56.187,right_hand,og,tilt,,"{""roll_deg"":2.8,""pitch_deg"":-9.0,""steady"":true}"
56.187,right_hand,og,flick_angles,,"{""side_deg"":-4.5,""fwd_deg"":-3.7}"
56.219,right_hand,og,acc,2489595,"{""seq"":2731,""x_mg"":-104,""y_mg"":-96,""z_mg"":1004}"
56.219,right_hand,og,tilt,,"{""roll_deg"":2.3,""pitch_deg"":-9.1,""steady"":true}"
56.219,right_hand,og,flick_angles,,"{""side_deg"":-4.9,""fwd_deg"":-4.7}"
56.250,right_hand,og,acc,2489615,"{""seq"":2732,""x_mg"":-120,""y_mg"":-104,""z_mg"":1012}"
56.250,right_hand,og,tilt,,"{""roll_deg"":1.9,""pitch_deg"":-9.4,""steady"":true}"
56.250,right_hand,og,flick_angles,,"{""side_deg"":-5.2,""fwd_deg"":-5.3}"
56.250,right_hand,og,acc,2489636,"{""seq"":2733,""x_mg"":-124,""y_mg"":-156,""z_mg"":1008}"
56.250,right_hand,og,tilt,,"{""roll_deg"":1.5,""pitch_deg"":-10.0,""steady"":true}"
56.250,right_hand,og,flick_angles,,"{""side_deg"":-5.5,""fwd_deg"":-6.0}"
56.297,right_hand,og,acc,2489657,"{""seq"":2734,""x_mg"":-144,""y_mg"":-180,""z_mg"":1016}"
56.297,right_hand,og,tilt,,"{""roll_deg"":0.5,""pitch_deg"":-10.6,""steady"":true}"
56.297,right_hand,og,flick_angles,,"{""side_deg"":-7.1,""fwd_deg"":-6.5}"
56.328,right_hand,og,acc,2489677,"{""seq"":2735,""x_mg"":-156,""y_mg"":-208,""z_mg"":1028}"
56.328,right_hand,og,tilt,,"{""roll_deg"":-0.7,""pitch_deg"":-11.3,""steady"":true}"
56.328,right_hand,og,flick_angles,,"{""side_deg"":-8.5,""fwd_deg"":-7.2}"
56.328,right_hand,og,acc,2489698,"{""seq"":2736,""x_mg"":-148,""y_mg"":-232,""z_mg"":1024}"
56.328,right_hand,og,tilt,,"{""roll_deg"":-2.0,""pitch_deg"":-11.9,""steady"":true}"
56.328,right_hand,og,flick_angles,,"{""side_deg"":-9.9,""fwd_deg"":-7.6}"
56.344,right_hand,og,acc,2489718,"{""seq"":2737,""x_mg"":-144,""y_mg"":-256,""z_mg"":980}"
56.344,right_hand,og,tilt,,"{""roll_deg"":-3.4,""pitch_deg"":-12.5,""steady"":true}"
56.344,right_hand,og,flick_angles,,"{""side_deg"":-11.3,""fwd_deg"":-7.9}"
56.390,right_hand,og,acc,2489739,"{""seq"":2738,""x_mg"":-116,""y_mg"":-240,""z_mg"":916}"
56.390,right_hand,og,tilt,,"{""roll_deg"":-5.0,""pitch_deg"":-12.9,""steady"":true}"
56.390,right_hand,og,flick_angles,,"{""side_deg"":-12.9,""fwd_deg"":-7.9}"
56.390,right_hand,og,acc,2489759,"{""seq"":2739,""x_mg"":-104,""y_mg"":-172,""z_mg"":956}"
56.390,right_hand,og,tilt,,"{""roll_deg"":-6.1,""pitch_deg"":-13.0,""steady"":true}"
56.390,right_hand,og,flick_angles,,"{""side_deg"":-13.7,""fwd_deg"":-7.5}"
56.422,right_hand,og,acc,2489780,"{""seq"":2740,""x_mg"":-104,""y_mg"":-124,""z_mg"":972}"
56.422,right_hand,og,tilt,,"{""roll_deg"":-6.1,""pitch_deg"":-13.0,""steady"":true}"
56.422,right_hand,og,flick_angles,,"{""side_deg"":-11.9,""fwd_deg"":-6.8}"
56.422,right_hand,og,acc,2489800,"{""seq"":2741,""x_mg"":-96,""y_mg"":-68,""z_mg"":976}"
56.422,right_hand,og,tilt,,"{""roll_deg"":-5.4,""pitch_deg"":-13.0,""steady"":true}"
56.422,right_hand,og,flick_angles,,"{""side_deg"":-9.6,""fwd_deg"":-6.4}"
56.453,right_hand,og,acc,2489821,"{""seq"":2742,""x_mg"":-44,""y_mg"":-4,""z_mg"":968}"
56.453,right_hand,og,tilt,,"{""roll_deg"":-4.4,""pitch_deg"":-13.0,""steady"":true}"
56.453,right_hand,og,flick_angles,,"{""side_deg"":-6.8,""fwd_deg"":-6.0}"
56.484,right_hand,og,acc,2489842,"{""seq"":2743,""x_mg"":-32,""y_mg"":-8,""z_mg"":972}"
56.484,right_hand,og,tilt,,"{""roll_deg"":-3.6,""pitch_deg"":-13.0,""steady"":true}"
56.484,right_hand,og,flick_angles,,"{""side_deg"":-3.6,""fwd_deg"":-4.3}"
56.484,right_hand,og,acc,2489862,"{""seq"":2744,""x_mg"":-40,""y_mg"":-4,""z_mg"":980}"
56.484,right_hand,og,tremor,,"{""rms_mg"":23.7,""peak_hz"":8.5}"
56.484,right_hand,og,tilt,,"{""roll_deg"":-2.0,""pitch_deg"":-12.9,""steady"":true}"
56.484,right_hand,og,flick_angles,,"{""side_deg"":-1.9,""fwd_deg"":-3.3}"
56.515,right_hand,og,acc,2489883,"{""seq"":2745,""x_mg"":-36,""y_mg"":-4,""z_mg"":992}"
56.515,right_hand,og,tilt,,"{""roll_deg"":-0.4,""pitch_deg"":-12.5,""steady"":true}"
56.515,right_hand,og,flick_angles,,"{""side_deg"":-1.1,""fwd_deg"":-2.7}"
56.547,right_hand,og,acc,2489903,"{""seq"":2746,""x_mg"":-40,""y_mg"":60,""z_mg"":1012}"
56.547,right_hand,og,tilt,,"{""roll_deg"":1.0,""pitch_deg"":-12.1,""steady"":true}"
56.547,right_hand,og,flick_angles,,"{""side_deg"":-0.7,""fwd_deg"":-2.5}"
56.547,right_hand,og,acc,2489924,"{""seq"":2747,""x_mg"":-40,""y_mg"":140,""z_mg"":1016}"
56.547,right_hand,og,tilt,,"{""roll_deg"":3.3,""pitch_deg"":-11.7,""steady"":true}"
56.547,right_hand,og,flick_angles,,"{""side_deg"":1.4,""fwd_deg"":-2.4}"
56.578,right_hand,og,acc,2489944,"{""seq"":2748,""x_mg"":-28,""y_mg"":216,""z_mg"":1016}"
56.578,right_hand,og,tilt,,"{""roll_deg"":6.6,""pitch_deg"":-11.3,""steady"":true}"
56.578,right_hand,og,flick_angles,,"{""side_deg"":4.6,""fwd_deg"":-2.3}"
56.609,right_hand,og,acc,2489965,"{""seq"":2749,""x_mg"":-8,""y_mg"":240,""z_mg"":1024}"
56.609,right_hand,og,tilt,,"{""roll_deg"":10.7,""pitch_deg"":-10.8,""steady"":true}"
56.609,right_hand,og,flick_angles,,"{""side_deg"":8.3,""fwd_deg"":-1.9}"
56.609,right_hand,og,acc,2489986,"{""seq"":2750,""x_mg"":0,""y_mg"":220,""z_mg"":996}"
56.609,right_hand,og,tilt,,"{""roll_deg"":13.5,""pitch_deg"":-10.2,""steady"":true}"
56.609,right_hand,og,flick_angles,,"{""side_deg"":10.4,""fwd_deg"":-1.2}"
56.609,right_hand,game,hit,,"{""n"":19,""dir"":""right"",""err_ms"":219}"
56.640,right_hand,og,acc,2490006,"{""seq"":2751,""x_mg"":-12,""y_mg"":228,""z_mg"":996}"
56.640,right_hand,og,tilt,,"{""roll_deg"":15.3,""pitch_deg"":-9.6,""steady"":true}"
56.640,right_hand,og,flick_angles,,"{""side_deg"":11.6,""fwd_deg"":-0.8}"
56.640,right_hand,og,acc,2490027,"{""seq"":2752,""x_mg"":24,""y_mg"":236,""z_mg"":972}"
56.640,right_hand,og,tilt,,"{""roll_deg"":16.4,""pitch_deg"":-9.1,""steady"":true}"
56.640,right_hand,og,flick_angles,,"{""side_deg"":12.3,""fwd_deg"":-0.4}"
56.672,right_hand,og,acc,2490047,"{""seq"":2753,""x_mg"":36,""y_mg"":240,""z_mg"":976}"
56.672,right_hand,og,tilt,,"{""roll_deg"":17.3,""pitch_deg"":-8.4,""steady"":true}"
56.672,right_hand,og,flick_angles,,"{""side_deg"":13.0,""fwd_deg"":0.5}"
56.703,right_hand,og,acc,2490068,"{""seq"":2754,""x_mg"":44,""y_mg"":232,""z_mg"":964}"
56.703,right_hand,og,tilt,,"{""roll_deg"":17.8,""pitch_deg"":-7.6,""steady"":true}"
56.703,right_hand,og,flick_angles,,"{""side_deg"":13.3,""fwd_deg"":1.3}"
56.703,right_hand,og,acc,2490088,"{""seq"":2755,""x_mg"":52,""y_mg"":192,""z_mg"":972}"
56.703,right_hand,og,tilt,,"{""roll_deg"":18.1,""pitch_deg"":-6.9,""steady"":true}"
56.703,right_hand,og,flick_angles,,"{""side_deg"":13.4,""fwd_deg"":1.9}"
56.734,right_hand,og,acc,2490109,"{""seq"":2756,""x_mg"":68,""y_mg"":156,""z_mg"":948}"
56.734,right_hand,og,tilt,,"{""roll_deg"":18.1,""pitch_deg"":-6.2,""steady"":true}"
56.734,right_hand,og,flick_angles,,"{""side_deg"":12.3,""fwd_deg"":2.5}"
56.765,right_hand,og,acc,2490130,"{""seq"":2757,""x_mg"":80,""y_mg"":120,""z_mg"":952}"
56.765,right_hand,og,tilt,,"{""roll_deg"":17.5,""pitch_deg"":-5.4,""steady"":true}"
56.765,right_hand,og,flick_angles,,"{""side_deg"":10.8,""fwd_deg"":3.3}"
56.765,right_hand,og,acc,2490150,"{""seq"":2758,""x_mg"":96,""y_mg"":76,""z_mg"":952}"
56.765,right_hand,og,tilt,,"{""roll_deg"":16.7,""pitch_deg"":-4.6,""steady"":true}"
56.765,right_hand,og,flick_angles,,"{""side_deg"":9.0,""fwd_deg"":4.0}"
56.797,right_hand,og,acc,2490171,"{""seq"":2759,""x_mg"":100,""y_mg"":48,""z_mg"":956}"
56.797,right_hand,og,tilt,,"{""roll_deg"":15.9,""pitch_deg"":-3.7,""steady"":true}"
56.797,right_hand,og,flick_angles,,"{""side_deg"":6.8,""fwd_deg"":4.9}"
56.828,right_hand,og,acc,2490191,"{""seq"":2760,""x_mg"":80,""y_mg"":52,""z_mg"":980}"
56.828,right_hand,og,tilt,,"{""roll_deg"":15.3,""pitch_deg"":-3.1,""steady"":true}"
56.828,right_hand,og,flick_angles,,"{""side_deg"":4.9,""fwd_deg"":5.3}"
56.828,right_hand,og,acc,2490212,"{""seq"":2761,""x_mg"":64,""y_mg"":56,""z_mg"":972}"
56.828,right_hand,og,tilt,,"{""roll_deg"":14.3,""pitch_deg"":-3.0,""steady"":true}"
56.828,right_hand,og,flick_angles,,"{""side_deg"":4.0,""fwd_deg"":5.0}"
56.875,right_hand,og,acc,2490232,"{""seq"":2762,""x_mg"":48,""y_mg"":48,""z_mg"":988}"
56.875,right_hand,og,tilt,,"{""roll_deg"":13.3,""pitch_deg"":-3.0,""steady"":true}"
56.875,right_hand,og,flick_angles,,"{""side_deg"":3.5,""fwd_deg"":4.4}"
56.906,right_hand,og,acc,2490253,"{""seq"":2763,""x_mg"":20,""y_mg"":32,""z_mg"":1000}"
56.906,right_hand,og,tilt,,"{""roll_deg"":12.3,""pitch_deg"":-3.0,""steady"":true}"
56.906,right_hand,og,flick_angles,,"{""side_deg"":3.1,""fwd_deg"":3.6}"
56.906,right_hand,og,acc,2490273,"{""seq"":2764,""x_mg"":4,""y_mg"":16,""z_mg"":1008}"
56.906,right_hand,og,tilt,,"{""roll_deg"":11.2,""pitch_deg"":-3.0,""steady"":true}"
56.906,right_hand,og,flick_angles,,"{""side_deg"":2.5,""fwd_deg"":2.4}"
56.937,right_hand,og,acc,2490294,"{""seq"":2765,""x_mg"":-8,""y_mg"":32,""z_mg"":1012}"
56.937,right_hand,og,tilt,,"{""roll_deg"":10.3,""pitch_deg"":-3.4,""steady"":true}"
56.937,right_hand,og,flick_angles,,"{""side_deg"":2.1,""fwd_deg"":1.3}"
56.937,right_hand,og,acc,2490315,"{""seq"":2766,""x_mg"":-16,""y_mg"":48,""z_mg"":1012}"
56.937,right_hand,og,tilt,,"{""roll_deg"":9.6,""pitch_deg"":-3.7,""steady"":true}"
56.937,right_hand,og,flick_angles,,"{""side_deg"":2.0,""fwd_deg"":0.4}"
56.969,right_hand,og,acc,2490335,"{""seq"":2767,""x_mg"":-28,""y_mg"":40,""z_mg"":996}"
56.969,right_hand,og,tilt,,"{""roll_deg"":9.3,""pitch_deg"":-4.0,""steady"":true}"
56.969,right_hand,og,flick_angles,,"{""side_deg"":2.1,""fwd_deg"":-0.2}"
57.000,right_hand,og,acc,2490356,"{""seq"":2768,""x_mg"":-36,""y_mg"":40,""z_mg"":996}"
57.000,right_hand,og,tilt,,"{""roll_deg"":9.0,""pitch_deg"":-4.6,""steady"":true}"
57.000,right_hand,og,flick_angles,,"{""side_deg"":2.2,""fwd_deg"":-0.9}"
57.000,right_hand,og,acc,2490376,"{""seq"":2769,""x_mg"":-32,""y_mg"":36,""z_mg"":988}"
57.000,right_hand,og,tilt,,"{""roll_deg"":8.9,""pitch_deg"":-5.2,""steady"":true}"
57.000,right_hand,og,flick_angles,,"{""side_deg"":2.3,""fwd_deg"":-1.4}"
57.031,right_hand,og,acc,2490397,"{""seq"":2770,""x_mg"":-52,""y_mg"":32,""z_mg"":988}"
57.031,right_hand,og,tilt,,"{""roll_deg"":8.7,""pitch_deg"":-5.8,""steady"":true}"
57.031,right_hand,og,flick_angles,,"{""side_deg"":2.2,""fwd_deg"":-1.7}"
57.062,right_hand,og,acc,2490418,"{""seq"":2771,""x_mg"":-60,""y_mg"":16,""z_mg"":984}"
57.062,right_hand,og,tilt,,"{""roll_deg"":8.5,""pitch_deg"":-6.6,""steady"":true}"
57.062,right_hand,og,flick_angles,,"{""side_deg"":2.0,""fwd_deg"":-2.4}"
57.062,right_hand,og,acc,2490438,"{""seq"":2772,""x_mg"":-64,""y_mg"":16,""z_mg"":980}"
57.062,right_hand,og,tilt,,"{""roll_deg"":8.2,""pitch_deg"":-7.3,""steady"":true}"
57.062,right_hand,og,flick_angles,,"{""side_deg"":1.5,""fwd_deg"":-2.9}"
57.094,right_hand,og,acc,2490459,"{""seq"":2773,""x_mg"":-64,""y_mg"":12,""z_mg"":984}"
57.094,right_hand,og,tilt,,"{""roll_deg"":7.9,""pitch_deg"":-8.0,""steady"":true}"
57.094,right_hand,og,flick_angles,,"{""side_deg"":1.2,""fwd_deg"":-3.3}"
57.125,right_hand,og,acc,2490479,"{""seq"":2774,""x_mg"":-68,""y_mg"":-8,""z_mg"":988}"
57.125,right_hand,og,tilt,,"{""roll_deg"":7.6,""pitch_deg"":-8.5,""steady"":true}"
57.125,right_hand,og,flick_angles,,"{""side_deg"":0.9,""fwd_deg"":-3.5}"
57.125,right_hand,og,acc,2490500,"{""seq"":2775,""x_mg"":-64,""y_mg"":-16,""z_mg"":992}"
57.125,right_hand,og,tilt,,"{""roll_deg"":7.2,""pitch_deg"":-8.9,""steady"":true}"
57.125,right_hand,og,flick_angles,,"{""side_deg"":0.2,""fwd_deg"":-3.6}"
57.156,right_hand,og,acc,2490520,"{""seq"":2776,""x_mg"":-60,""y_mg"":-32,""z_mg"":1000}"
57.156,right_hand,og,tilt,,"{""roll_deg"":6.7,""pitch_deg"":-9.1,""steady"":true}"
57.156,right_hand,og,flick_angles,,"{""side_deg"":-0.3,""fwd_deg"":-3.7}"
57.172,right_hand,og,acc,2490541,"{""seq"":2777,""x_mg"":-56,""y_mg"":-52,""z_mg"":992}"
57.172,right_hand,og,tilt,,"{""roll_deg"":6.1,""pitch_deg"":-9.3,""steady"":true}"
57.172,right_hand,og,flick_angles,,"{""side_deg"":-1.1,""fwd_deg"":-3.5}"
57.172,right_hand,og,acc,2490561,"{""seq"":2778,""x_mg"":-64,""y_mg"":-80,""z_mg"":988}"
57.172,right_hand,og,tilt,,"{""roll_deg"":5.4,""pitch_deg"":-9.4,""steady"":true}"
57.172,right_hand,og,flick_angles,,"{""side_deg"":-2.0,""fwd_deg"":-3.5}"
57.203,right_hand,og,acc,2490582,"{""seq"":2779,""x_mg"":-64,""y_mg"":-96,""z_mg"":984}"
57.203,right_hand,og,tilt,,"{""roll_deg"":4.4,""pitch_deg"":-9.6,""steady"":true}"
57.203,right_hand,og,flick_angles,,"{""side_deg"":-3.3,""fwd_deg"":-3.6}"
57.234,right_hand,og,acc,2490603,"{""seq"":2780,""x_mg"":-64,""y_mg"":-112,""z_mg"":992}"
57.234,right_hand,og,tilt,,"{""roll_deg"":3.3,""pitch_deg"":-9.7,""steady"":true}"
57.234,right_hand,og,flick_angles,,"{""side_deg"":-4.4,""fwd_deg"":-3.6}"
57.265,right_hand,og,acc,2490623,"{""seq"":2781,""x_mg"":-64,""y_mg"":-76,""z_mg"":1004}"
57.265,right_hand,og,tilt,,"{""roll_deg"":2.5,""pitch_deg"":-9.7,""steady"":true}"
57.265,right_hand,og,flick_angles,,"{""side_deg"":-5.0,""fwd_deg"":-3.7}"
57.265,right_hand,og,acc,2490644,"{""seq"":2782,""x_mg"":-64,""y_mg"":-92,""z_mg"":1000}"
57.265,right_hand,og,tilt,,"{""roll_deg"":2.0,""pitch_deg"":-9.8,""steady"":true}"
57.265,right_hand,og,flick_angles,,"{""side_deg"":-5.1,""fwd_deg"":-3.7}"
57.297,right_hand,og,acc,2490664,"{""seq"":2783,""x_mg"":-80,""y_mg"":-96,""z_mg"":1004}"
57.297,right_hand,og,tilt,,"{""roll_deg"":1.7,""pitch_deg"":-9.8,""steady"":true}"
57.297,right_hand,og,flick_angles,,"{""side_deg"":-5.2,""fwd_deg"":-3.6}"
57.328,right_hand,og,acc,2490685,"{""seq"":2784,""x_mg"":-80,""y_mg"":-116,""z_mg"":1004}"
57.328,right_hand,og,tilt,,"{""roll_deg"":1.4,""pitch_deg"":-10.0,""steady"":true}"
57.328,right_hand,og,flick_angles,,"{""side_deg"":-5.3,""fwd_deg"":-4.1}"
57.328,right_hand,og,acc,2490705,"{""seq"":2785,""x_mg"":-96,""y_mg"":-108,""z_mg"":1000}"
57.328,right_hand,og,tilt,,"{""roll_deg"":1.0,""pitch_deg"":-10.2,""steady"":true}"
57.328,right_hand,og,flick_angles,,"{""side_deg"":-5.7,""fwd_deg"":-4.3}"
57.359,right_hand,og,acc,2490726,"{""seq"":2786,""x_mg"":-88,""y_mg"":-96,""z_mg"":988}"
57.359,right_hand,og,tilt,,"{""roll_deg"":0.7,""pitch_deg"":-10.4,""steady"":true}"
57.359,right_hand,og,flick_angles,,"{""side_deg"":-5.9,""fwd_deg"":-4.7}"
57.375,right_hand,og,acc,2490747,"{""seq"":2787,""x_mg"":-88,""y_mg"":-96,""z_mg"":988}"
57.375,right_hand,og,tilt,,"{""roll_deg"":0.7,""pitch_deg"":-10.6,""steady"":true}"
57.375,right_hand,og,flick_angles,,"{""side_deg"":-5.7,""fwd_deg"":-4.9}"
57.375,right_hand,og,acc,2490767,"{""seq"":2788,""x_mg"":-92,""y_mg"":-108,""z_mg"":992}"
57.375,right_hand,og,tilt,,"{""roll_deg"":0.6,""pitch_deg"":-10.7,""steady"":true}"
57.375,right_hand,og,flick_angles,,"{""side_deg"":-5.6,""fwd_deg"":-5.0}"
57.406,right_hand,og,acc,2490788,"{""seq"":2789,""x_mg"":-104,""y_mg"":-108,""z_mg"":992}"
57.406,right_hand,og,tilt,,"{""roll_deg"":0.5,""pitch_deg"":-10.9,""steady"":true}"
57.406,right_hand,og,flick_angles,,"{""side_deg"":-5.9,""fwd_deg"":-5.1}"
57.437,right_hand,og,acc,2490808,"{""seq"":2790,""x_mg"":-120,""y_mg"":-108,""z_mg"":1008}"
57.437,right_hand,og,tilt,,"{""roll_deg"":0.3,""pitch_deg"":-11.1,""steady"":true}"
57.437,right_hand,og,flick_angles,,"{""side_deg"":-6.0,""fwd_deg"":-5.5}"
57.469,right_hand,og,acc,2490829,"{""seq"":2791,""x_mg"":-104,""y_mg"":-100,""z_mg"":1008}"
57.469,right_hand,og,tilt,,"{""roll_deg"":0.2,""pitch_deg"":-11.3,""steady"":true}"
57.469,right_hand,og,flick_angles,,"{""side_deg"":-6.1,""fwd_deg"":-5.7}"
57.469,right_hand,og,acc,2490849,"{""seq"":2792,""x_mg"":-112,""y_mg"":-80,""z_mg"":1000}"
57.469,right_hand,og,tilt,,"{""roll_deg"":0.2,""pitch_deg"":-11.6,""steady"":true}"
57.469,right_hand,og,flick_angles,,"{""side_deg"":-5.8,""fwd_deg"":-6.1}"
57.500,right_hand,og,acc,2490870,"{""seq"":2793,""x_mg"":-124,""y_mg"":-68,""z_mg"":1004}"
57.500,right_hand,og,tilt,,"{""roll_deg"":0.2,""pitch_deg"":-11.8,""steady"":true}"
57.500,right_hand,og,flick_angles,,"{""side_deg"":-5.2,""fwd_deg"":-6.2}"
57.531,right_hand,og,acc,2490891,"{""seq"":2794,""x_mg"":-132,""y_mg"":-56,""z_mg"":1016}"
57.531,right_hand,og,tilt,,"{""roll_deg"":0.2,""pitch_deg"":-12.1,""steady"":true}"
57.531,right_hand,og,flick_angles,,"{""side_deg"":-4.5,""fwd_deg"":-6.6}"
57.531,right_hand,og,acc,2490911,"{""seq"":2795,""x_mg"":-124,""y_mg"":-64,""z_mg"":1008}"
57.531,right_hand,og,tilt,,"{""roll_deg"":0.2,""pitch_deg"":-12.3,""steady"":true}"
57.531,right_hand,og,flick_angles,,"{""side_deg"":-4.1,""fwd_deg"":-6.8}"
57.562,right_hand,og,acc,2490932,"{""seq"":2796,""x_mg"":-120,""y_mg"":-56,""z_mg"":992}"
57.562,right_hand,og,tilt,,"{""roll_deg"":0.2,""pitch_deg"":-12.5,""steady"":true}"
57.562,right_hand,og,flick_angles,,"{""side_deg"":-3.6,""fwd_deg"":-6.9}"
57.562,right_hand,og,acc,2490952,"{""seq"":2797,""x_mg"":-132,""y_mg"":-40,""z_mg"":1016}"
57.562,right_hand,og,tilt,,"{""roll_deg"":0.3,""pitch_deg"":-12.7,""steady"":true}"
57.562,right_hand,og,flick_angles,,"{""side_deg"":-3.4,""fwd_deg"":-7.0}"
57.594,right_hand,og,acc,2490973,"{""seq"":2798,""x_mg"":-132,""y_mg"":-28,""z_mg"":1004}"
57.594,right_hand,og,tilt,,"{""roll_deg"":0.6,""pitch_deg"":-12.9,""steady"":true}"
57.594,right_hand,og,flick_angles,,"{""side_deg"":-2.8,""fwd_deg"":-7.2}"
57.609,right_hand,og,acc,2490993,"{""seq"":2799,""x_mg"":-128,""y_mg"":-28,""z_mg"":996}"
57.609,right_hand,og,tilt,,"{""roll_deg"":1.0,""pitch_deg"":-13.0,""steady"":true}"
57.609,right_hand,og,flick_angles,,"{""side_deg"":-2.2,""fwd_deg"":-7.3}"
57.656,right_hand,og,acc,2491014,"{""seq"":2800,""x_mg"":-124,""y_mg"":-12,""z_mg"":988}"
57.656,right_hand,og,tilt,,"{""roll_deg"":1.4,""pitch_deg"":-13.2,""steady"":true}"
57.656,right_hand,og,flick_angles,,"{""side_deg"":-1.9,""fwd_deg"":-7.3}"
57.687,right_hand,og,acc,2491035,"{""seq"":2801,""x_mg"":-152,""y_mg"":-4,""z_mg"":996}"
57.687,right_hand,og,tilt,,"{""roll_deg"":1.9,""pitch_deg"":-13.2,""steady"":true}"
57.687,right_hand,og,flick_angles,,"{""side_deg"":-1.3,""fwd_deg"":-7.3}"
57.687,right_hand,og,acc,2491055,"{""seq"":2802,""x_mg"":-144,""y_mg"":-8,""z_mg"":992}"
57.687,right_hand,og,tilt,,"{""roll_deg"":2.5,""pitch_deg"":-13.5,""steady"":true}"
57.687,right_hand,og,flick_angles,,"{""side_deg"":-0.9,""fwd_deg"":-7.8}"
57.719,right_hand,og,acc,2491076,"{""seq"":2803,""x_mg"":-128,""y_mg"":-16,""z_mg"":996}"
57.719,right_hand,og,tilt,,"{""roll_deg"":2.9,""pitch_deg"":-13.7,""steady"":true}"
57.719,right_hand,og,flick_angles,,"{""side_deg"":-0.7,""fwd_deg"":-8.0}"
57.719,right_hand,og,acc,2491096,"{""seq"":2804,""x_mg"":-132,""y_mg"":-12,""z_mg"":996}"
57.719,right_hand,og,tilt,,"{""roll_deg"":3.2,""pitch_deg"":-13.7,""steady"":true}"
57.719,right_hand,og,flick_angles,,"{""side_deg"":-0.7,""fwd_deg"":-7.8}"
57.750,right_hand,og,acc,2491117,"{""seq"":2805,""x_mg"":-128,""y_mg"":-20,""z_mg"":992}"
57.750,right_hand,og,tilt,,"{""roll_deg"":3.4,""pitch_deg"":-13.7,""steady"":true}"
57.750,right_hand,og,flick_angles,,"{""side_deg"":-0.8,""fwd_deg"":-7.6}"
57.781,right_hand,og,acc,2491137,"{""seq"":2806,""x_mg"":-120,""y_mg"":-52,""z_mg"":976}"
57.781,right_hand,og,tilt,,"{""roll_deg"":3.5,""pitch_deg"":-13.7,""steady"":true}"
57.781,right_hand,og,flick_angles,,"{""side_deg"":-1.0,""fwd_deg"":-7.5}"
57.781,right_hand,og,acc,2491158,"{""seq"":2807,""x_mg"":-120,""y_mg"":-76,""z_mg"":984}"
57.781,right_hand,og,tilt,,"{""roll_deg"":3.5,""pitch_deg"":-13.7,""steady"":true}"
57.781,right_hand,og,flick_angles,,"{""side_deg"":-2.0,""fwd_deg"":-7.2}"
57.812,right_hand,og,acc,2491179,"{""seq"":2808,""x_mg"":-112,""y_mg"":-72,""z_mg"":992}"
57.812,right_hand,og,tilt,,"{""roll_deg"":3.5,""pitch_deg"":-13.7,""steady"":true}"
57.812,right_hand,og,flick_angles,,"{""side_deg"":-3.1,""fwd_deg"":-7.1}"
57.844,right_hand,og,acc,2491199,"{""seq"":2809,""x_mg"":-120,""y_mg"":-60,""z_mg"":1000}"
57.844,right_hand,og,tilt,,"{""roll_deg"":3.5,""pitch_deg"":-13.7,""steady"":true}"
57.844,right_hand,og,flick_angles,,"{""side_deg"":-3.6,""fwd_deg"":-7.0}"
57.844,right_hand,og,acc,2491220,"{""seq"":2810,""x_mg"":-140,""y_mg"":-40,""z_mg"":1016}"
57.844,right_hand,og,tilt,,"{""roll_deg"":3.5,""pitch_deg"":-13.7,""steady"":true}"
57.844,right_hand,og,flick_angles,,"{""side_deg"":-3.5,""fwd_deg"":-6.9}"
57.875,right_hand,og,acc,2491240,"{""seq"":2811,""x_mg"":-152,""y_mg"":-24,""z_mg"":1060}"
57.875,right_hand,og,tilt,,"{""roll_deg"":3.5,""pitch_deg"":-13.7,""steady"":true}"
57.875,right_hand,og,flick_angles,,"{""side_deg"":-2.9,""fwd_deg"":-7.4}"
57.906,right_hand,og,acc,2491261,"{""seq"":2812,""x_mg"":-180,""y_mg"":-16,""z_mg"":1132}"
57.906,right_hand,og,tilt,,"{""roll_deg"":3.5,""pitch_deg"":-13.7,""steady"":true}"
57.906,right_hand,og,flick_angles,,"{""side_deg"":-2.1,""fwd_deg"":-7.8}"
57.906,right_hand,og,acc,2491281,"{""seq"":2813,""x_mg"":-184,""y_mg"":-60,""z_mg"":1156}"
57.906,right_hand,og,tilt,,"{""roll_deg"":3.5,""pitch_deg"":-13.9,""steady"":true}"
57.906,right_hand,og,flick_angles,,"{""side_deg"":-1.7,""fwd_deg"":-8.4}"
57.937,right_hand,og,acc,2491302,"{""seq"":2814,""x_mg"":-160,""y_mg"":-92,""z_mg"":1152}"
57.937,right_hand,og,tilt,,"{""roll_deg"":3.5,""pitch_deg"":-14.1,""steady"":true}"
57.937,right_hand,og,flick_angles,,"{""side_deg"":-2.3,""fwd_deg"":-8.7}"
57.969,right_hand,og,acc,2491323,"{""seq"":2815,""x_mg"":-156,""y_mg"":-76,""z_mg"":1156}"
57.969,right_hand,og,tilt,,"{""roll_deg"":3.5,""pitch_deg"":-14.2,""steady"":true}"
57.969,right_hand,og,flick_angles,,"{""side_deg"":-3.0,""fwd_deg"":-8.3}"
57.969,right_hand,og,acc,2491343,"{""seq"":2816,""x_mg"":-148,""y_mg"":-44,""z_mg"":1156}"
57.969,right_hand,og,tilt,,"{""roll_deg"":3.5,""pitch_deg"":-14.2,""steady"":true}"
57.969,right_hand,og,flick_angles,,"{""side_deg"":-3.4,""fwd_deg"":-8.0}"
58.000,right_hand,og,acc,2491364,"{""seq"":2817,""x_mg"":-96,""y_mg"":-36,""z_mg"":1116}"
58.000,right_hand,og,tilt,,"{""roll_deg"":3.5,""pitch_deg"":-14.2,""steady"":true}"
58.000,right_hand,og,flick_angles,,"{""side_deg"":-2.8,""fwd_deg"":-7.6}"
58.031,right_hand,og,acc,2491384,"{""seq"":2818,""x_mg"":-80,""y_mg"":-76,""z_mg"":1088}"
58.031,right_hand,og,tilt,,"{""roll_deg"":3.5,""pitch_deg"":-14.2,""steady"":true}"
58.031,right_hand,og,flick_angles,,"{""side_deg"":-2.5,""fwd_deg"":-6.3}"
58.031,right_hand,og,acc,2491405,"{""seq"":2819,""x_mg"":-48,""y_mg"":-100,""z_mg"":1104}"
58.031,right_hand,og,tilt,,"{""roll_deg"":3.4,""pitch_deg"":-14.2,""steady"":true}"
58.031,right_hand,og,flick_angles,,"{""side_deg"":-3.2,""fwd_deg"":-5.2}"
58.062,right_hand,og,acc,2491425,"{""seq"":2820,""x_mg"":-24,""y_mg"":-64,""z_mg"":1088}"
58.062,right_hand,og,tilt,,"{""roll_deg"":3.3,""pitch_deg"":-13.7,""steady"":true}"
58.062,right_hand,og,flick_angles,,"{""side_deg"":-3.6,""fwd_deg"":-3.9}"
58.062,right_hand,og,acc,2491446,"{""seq"":2821,""x_mg"":-4,""y_mg"":-44,""z_mg"":1064}"
58.062,right_hand,og,tilt,,"{""roll_deg"":3.2,""pitch_deg"":-12.7,""steady"":true}"
58.062,right_hand,og,flick_angles,,"{""side_deg"":-3.5,""fwd_deg"":-2.6}"
58.094,right_hand,og,acc,2491466,"{""seq"":2822,""x_mg"":28,""y_mg"":-76,""z_mg"":1040}"
58.094,right_hand,og,tilt,,"{""roll_deg"":3.1,""pitch_deg"":-11.6,""steady"":true}"
58.094,right_hand,og,flick_angles,,"{""side_deg"":-3.4,""fwd_deg"":-1.4}"
58.125,right_hand,og,acc,2491487,"{""seq"":2823,""x_mg"":72,""y_mg"":-124,""z_mg"":1048}"
58.125,right_hand,og,tilt,,"{""roll_deg"":3.0,""pitch_deg"":-10.0,""steady"":true}"
58.125,right_hand,og,flick_angles,,"{""side_deg"":-3.8,""fwd_deg"":0.1}"
58.125,right_hand,og,acc,2491508,"{""seq"":2824,""x_mg"":92,""y_mg"":-136,""z_mg"":1008}"
58.125,right_hand,og,tilt,,"{""roll_deg"":2.4,""pitch_deg"":-8.0,""steady"":true}"
58.125,right_hand,og,flick_angles,,"{""side_deg"":-5.3,""fwd_deg"":2.0}"
58.156,right_hand,og,acc,2491528,"{""seq"":2825,""x_mg"":124,""y_mg"":-116,""z_mg"":988}"
58.156,right_hand,og,tilt,,"{""roll_deg"":1.9,""pitch_deg"":-6.2,""steady"":true}"
58.156,right_hand,og,flick_angles,,"{""side_deg"":-6.0,""fwd_deg"":3.6}"
58.187,right_hand,og,acc,2491549,"{""seq"":2826,""x_mg"":164,""y_mg"":-96,""z_mg"":956}"
58.187,right_hand,og,tilt,,"{""roll_deg"":1.4,""pitch_deg"":-4.1,""steady"":true}"
58.187,right_hand,og,flick_angles,,"{""side_deg"":-6.3,""fwd_deg"":5.3}"
58.187,right_hand,og,acc,2491569,"{""seq"":2827,""x_mg"":192,""y_mg"":-92,""z_mg"":936}"
58.187,right_hand,og,tilt,,"{""roll_deg"":1.2,""pitch_deg"":-1.8,""steady"":true}"
58.187,right_hand,og,flick_angles,,"{""side_deg"":-6.0,""fwd_deg"":7.5}"
58.219,right_hand,og,acc,2491590,"{""seq"":2828,""x_mg"":248,""y_mg"":-96,""z_mg"":916}"
58.219,right_hand,og,tilt,,"{""roll_deg"":1.0,""pitch_deg"":0.5,""steady"":true}"
58.219,right_hand,og,flick_angles,,"{""side_deg"":-5.8,""fwd_deg"":9.5}"
58.250,right_hand,og,acc,2491610,"{""seq"":2829,""x_mg"":260,""y_mg"":-100,""z_mg"":848}"
58.250,right_hand,og,tilt,,"{""roll_deg"":0.9,""pitch_deg"":3.3,""steady"":true}"
58.250,right_hand,og,flick_angles,,"{""side_deg"":-5.8,""fwd_deg"":12.3}"
58.250,right_hand,og,acc,2491631,"{""seq"":2830,""x_mg"":300,""y_mg"":-132,""z_mg"":816}"
58.250,right_hand,og,tilt,,"{""roll_deg"":0.6,""pitch_deg"":5.9,""steady"":true}"
58.250,right_hand,og,flick_angles,,"{""side_deg"":-6.1,""fwd_deg"":14.6}"
58.281,right_hand,og,acc,2491652,"{""seq"":2831,""x_mg"":352,""y_mg"":-120,""z_mg"":772}"
58.281,right_hand,og,tilt,,"{""roll_deg"":0.1,""pitch_deg"":8.7,""steady"":true}"
58.281,right_hand,og,flick_angles,,"{""side_deg"":-7.1,""fwd_deg"":17.3}"
58.312,right_hand,og,acc,2491672,"{""seq"":2832,""x_mg"":404,""y_mg"":-96,""z_mg"":736}"
58.312,right_hand,og,tilt,,"{""roll_deg"":-0.3,""pitch_deg"":12.2,""steady"":true}"
58.312,right_hand,og,flick_angles,,"{""side_deg"":-7.6,""fwd_deg"":20.8}"
58.312,right_hand,og,acc,2491693,"{""seq"":2833,""x_mg"":460,""y_mg"":-80,""z_mg"":736}"
58.312,right_hand,og,tilt,,"{""roll_deg"":-0.4,""pitch_deg"":16.3,""steady"":true}"
58.312,right_hand,og,flick_angles,,"{""side_deg"":-7.0,""fwd_deg"":24.7}"
58.344,right_hand,og,acc,2491713,"{""seq"":2834,""x_mg"":488,""y_mg"":-72,""z_mg"":740}"
58.344,right_hand,og,tilt,,"{""roll_deg"":-0.4,""pitch_deg"":20.0,""steady"":true}"
58.344,right_hand,og,flick_angles,,"{""side_deg"":-6.2,""fwd_deg"":28.3}"
58.344,right_hand,game,hit,,"{""n"":20,""dir"":""up"",""err_ms"":234}"
58.344,right_hand,og,acc,2491734,"{""seq"":2835,""x_mg"":504,""y_mg"":-84,""z_mg"":692}"
58.344,right_hand,og,tilt,,"{""roll_deg"":-0.4,""pitch_deg"":22.8,""steady"":true}"
58.344,right_hand,og,flick_angles,,"{""side_deg"":-5.7,""fwd_deg"":30.8}"
58.375,right_hand,og,acc,2491754,"{""seq"":2836,""x_mg"":524,""y_mg"":-136,""z_mg"":672}"
58.375,right_hand,og,tilt,,"{""roll_deg"":-0.4,""pitch_deg"":25.4,""steady"":true}"
58.375,right_hand,og,flick_angles,,"{""side_deg"":-5.7,""fwd_deg"":33.3}"
58.422,right_hand,og,acc,2491775,"{""seq"":2837,""x_mg"":552,""y_mg"":-144,""z_mg"":680}"
58.422,right_hand,og,tilt,,"{""roll_deg"":-0.5,""pitch_deg"":27.6,""steady"":true}"
58.422,right_hand,og,flick_angles,,"{""side_deg"":-7.4,""fwd_deg"":35.4}"
58.422,right_hand,og,acc,2491796,"{""seq"":2838,""x_mg"":564,""y_mg"":-132,""z_mg"":712}"
58.422,right_hand,og,tilt,,"{""roll_deg"":-1.0,""pitch_deg"":28.9,""steady"":true}"
58.422,right_hand,og,flick_angles,,"{""side_deg"":-8.2,""fwd_deg"":36.6}"
58.453,right_hand,og,acc,2491816,"{""seq"":2839,""x_mg"":544,""y_mg"":-104,""z_mg"":764}"
58.453,right_hand,og,tilt,,"{""roll_deg"":-1.2,""pitch_deg"":29.7,""steady"":true}"
58.453,right_hand,og,flick_angles,,"{""side_deg"":-8.2,""fwd_deg"":37.3}"
58.484,right_hand,og,acc,2491837,"{""seq"":2840,""x_mg"":548,""y_mg"":-128,""z_mg"":728}"
58.484,right_hand,og,tilt,,"{""roll_deg"":-1.3,""pitch_deg"":29.7,""steady"":true}"
58.484,right_hand,og,flick_angles,,"{""side_deg"":-8.1,""fwd_deg"":36.9}"
58.484,right_hand,og,acc,2491857,"{""seq"":2841,""x_mg"":552,""y_mg"":-192,""z_mg"":708}"
58.484,right_hand,og,tilt,,"{""roll_deg"":-1.4,""pitch_deg"":29.7,""steady"":true}"
58.484,right_hand,og,flick_angles,,"{""side_deg"":-8.1,""fwd_deg"":36.7}"
58.515,right_hand,og,acc,2491878,"{""seq"":2842,""x_mg"":572,""y_mg"":-192,""z_mg"":724}"
58.515,right_hand,og,tremor,,"{""rms_mg"":25.1,""peak_hz"":8.5}"
58.515,right_hand,og,tilt,,"{""roll_deg"":-2.3,""pitch_deg"":29.7,""steady"":true}"
58.515,right_hand,og,flick_angles,,"{""side_deg"":-9.9,""fwd_deg"":36.8}"
58.547,right_hand,og,acc,2491898,"{""seq"":2843,""x_mg"":548,""y_mg"":-148,""z_mg"":748}"
58.547,right_hand,og,tilt,,"{""roll_deg"":-3.1,""pitch_deg"":29.7,""steady"":true}"
58.547,right_hand,og,flick_angles,,"{""side_deg"":-10.8,""fwd_deg"":36.9}"
58.547,right_hand,og,acc,2491919,"{""seq"":2844,""x_mg"":552,""y_mg"":-132,""z_mg"":740}"
58.547,right_hand,og,tilt,,"{""roll_deg"":-3.1,""pitch_deg"":29.7,""steady"":true}"
58.547,right_hand,og,flick_angles,,"{""side_deg"":-9.9,""fwd_deg"":36.6}"
58.578,right_hand,og,acc,2491939,"{""seq"":2845,""x_mg"":540,""y_mg"":-160,""z_mg"":752}"
58.578,right_hand,og,tilt,,"{""roll_deg"":-3.1,""pitch_deg"":29.7,""steady"":true}"
58.578,right_hand,og,flick_angles,,"{""side_deg"":-9.5,""fwd_deg"":36.2}"
58.609,right_hand,og,acc,2491960,"{""seq"":2846,""x_mg"":520,""y_mg"":-188,""z_mg"":756}"
58.609,right_hand,og,tilt,,"{""roll_deg"":-3.2,""pitch_deg"":29.7,""steady"":true}"
58.609,right_hand,og,flick_angles,,"{""side_deg"":-9.7,""fwd_deg"":35.6}"
58.609,right_hand,og,acc,2491981,"{""seq"":2847,""x_mg"":520,""y_mg"":-156,""z_mg"":776}"
58.609,right_hand,og,tilt,,"{""roll_deg"":-3.3,""pitch_deg"":29.2,""steady"":true}"
58.609,right_hand,og,flick_angles,,"{""side_deg"":-9.7,""fwd_deg"":34.7}"
58.625,right_hand,og,acc,2492001,"{""seq"":2848,""x_mg"":508,""y_mg"":-132,""z_mg"":788}"
58.625,right_hand,og,tilt,,"{""roll_deg"":-3.4,""pitch_deg"":28.9,""steady"":true}"
58.625,right_hand,og,flick_angles,,"{""side_deg"":-9.6,""fwd_deg"":34.0}"
58.656,right_hand,og,acc,2492022,"{""seq"":2849,""x_mg"":484,""y_mg"":-136,""z_mg"":796}"
58.656,right_hand,og,tilt,,"{""roll_deg"":-3.4,""pitch_deg"":28.5,""steady"":true}"
58.656,right_hand,og,flick_angles,,"{""side_deg"":-9.0,""fwd_deg"":33.2}"
58.687,right_hand,og,acc,2492042,"{""seq"":2850,""x_mg"":472,""y_mg"":-124,""z_mg"":784}"
58.687,right_hand,og,tilt,,"{""roll_deg"":-3.4,""pitch_deg"":28.3,""steady"":true}"
58.687,right_hand,og,flick_angles,,"{""side_deg"":-8.5,""fwd_deg"":32.1}"
58.687,right_hand,og,acc,2492063,"{""seq"":2851,""x_mg"":468,""y_mg"":-128,""z_mg"":772}"
58.687,right_hand,og,tilt,,"{""roll_deg"":-3.4,""pitch_deg"":27.9,""steady"":true}"
58.687,right_hand,og,flick_angles,,"{""side_deg"":-8.3,""fwd_deg"":31.5}"
58.719,right_hand,og,acc,2492083,"{""seq"":2852,""x_mg"":448,""y_mg"":-124,""z_mg"":800}"
58.719,right_hand,og,tilt,,"{""roll_deg"":-3.4,""pitch_deg"":27.4,""steady"":true}"
58.719,right_hand,og,flick_angles,,"{""side_deg"":-8.0,""fwd_deg"":31.1}"
58.750,right_hand,og,acc,2492104,"{""seq"":2853,""x_mg"":416,""y_mg"":-88,""z_mg"":808}"
58.750,right_hand,og,tilt,,"{""roll_deg"":-3.4,""pitch_deg"":26.5,""steady"":true}"
58.750,right_hand,og,flick_angles,,"{""side_deg"":-7.8,""fwd_deg"":30.0}"
58.750,right_hand,og,acc,2492125,"{""seq"":2854,""x_mg"":380,""y_mg"":-68,""z_mg"":868}"
58.750,right_hand,og,tilt,,"{""roll_deg"":-3.3,""pitch_deg"":25.2,""steady"":true}"
58.750,right_hand,og,flick_angles,,"{""side_deg"":-6.7,""fwd_deg"":28.6}"
58.781,right_hand,og,acc,2492145,"{""seq"":2855,""x_mg"":336,""y_mg"":-52,""z_mg"":896}"
58.781,right_hand,og,tilt,,"{""roll_deg"":-2.7,""pitch_deg"":23.0,""steady"":true}"
58.781,right_hand,og,flick_angles,,"{""side_deg"":-5.4,""fwd_deg"":26.1}"
58.781,right_hand,og,acc,2492166,"{""seq"":2856,""x_mg"":296,""y_mg"":-84,""z_mg"":924}"
58.781,right_hand,og,tilt,,"{""roll_deg"":-2.1,""pitch_deg"":20.2,""steady"":true}"
58.781,right_hand,og,flick_angles,,"{""side_deg"":-4.8,""fwd_deg"":23.3}"
58.812,right_hand,og,acc,2492186,"{""seq"":2857,""x_mg"":296,""y_mg"":-108,""z_mg"":920}"
58.812,right_hand,og,tilt,,"{""roll_deg"":-1.7,""pitch_deg"":17.1,""steady"":true}"
58.812,right_hand,og,flick_angles,,"{""side_deg"":-4.8,""fwd_deg"":20.5}"
58.828,right_hand,og,acc,2492207,"{""seq"":2858,""x_mg"":268,""y_mg"":-124,""z_mg"":988}"
58.828,right_hand,og,tilt,,"{""roll_deg"":-1.6,""pitch_deg"":14.9,""steady"":true}"
58.828,right_hand,og,flick_angles,,"{""side_deg"":-5.6,""fwd_deg"":19.1}"
58.828,right_hand,og,acc,2492227,"{""seq"":2859,""x_mg"":236,""y_mg"":-76,""z_mg"":1032}"
58.828,right_hand,og,tilt,,"{""roll_deg"":-1.5,""pitch_deg"":12.6,""steady"":true}"
58.828,right_hand,og,flick_angles,,"{""side_deg"":-6.0,""fwd_deg"":17.1}"
58.859,right_hand,og,acc,2492248,"{""seq"":2860,""x_mg"":196,""y_mg"":-112,""z_mg"":996}"
58.859,right_hand,og,tilt,,"{""roll_deg"":-1.5,""pitch_deg"":10.2,""steady"":true}"
58.859,right_hand,og,flick_angles,,"{""side_deg"":-6.1,""fwd_deg"":15.0}"
58.890,right_hand,og,acc,2492269,"{""seq"":2861,""x_mg"":184,""y_mg"":-132,""z_mg"":988}"
58.890,right_hand,og,tilt,,"{""roll_deg"":-1.4,""pitch_deg"":8.0,""steady"":true}"
58.890,right_hand,og,flick_angles,,"{""side_deg"":-6.2,""fwd_deg"":13.0}"
58.922,right_hand,og,acc,2492289,"{""seq"":2862,""x_mg"":164,""y_mg"":-112,""z_mg"":1056}"
58.922,right_hand,og,tilt,,"{""roll_deg"":-1.4,""pitch_deg"":6.5,""steady"":true}"
58.922,right_hand,og,flick_angles,,"{""side_deg"":-6.3,""fwd_deg"":11.7}"
58.922,right_hand,og,acc,2492310,"{""seq"":2863,""x_mg"":152,""y_mg"":-72,""z_mg"":1040}"
58.922,right_hand,og,tilt,,"{""roll_deg"":-1.3,""pitch_deg"":4.9,""steady"":true}"
58.922,right_hand,og,flick_angles,,"{""side_deg"":-6.1,""fwd_deg"":10.3}"
58.953,right_hand,og,acc,2492330,"{""seq"":2864,""x_mg"":120,""y_mg"":-88,""z_mg"":1040}"
58.953,right_hand,og,tilt,,"{""roll_deg"":-1.0,""pitch_deg"":3.8,""steady"":true}"
58.953,right_hand,og,flick_angles,,"{""side_deg"":-5.5,""fwd_deg"":9.3}"
59.000,right_hand,og,acc,2492351,"{""seq"":2865,""x_mg"":104,""y_mg"":-88,""z_mg"":1060}"
59.000,right_hand,og,tilt,,"{""roll_deg"":-0.8,""pitch_deg"":2.4,""steady"":true}"
59.000,right_hand,og,flick_angles,,"{""side_deg"":-5.1,""fwd_deg"":7.9}"
59.000,right_hand,og,acc,2492371,"{""seq"":2866,""x_mg"":84,""y_mg"":-92,""z_mg"":1052}"
59.000,right_hand,og,tilt,,"{""roll_deg"":-0.6,""pitch_deg"":1.2,""steady"":true}"
59.000,right_hand,og,flick_angles,,"{""side_deg"":-4.9,""fwd_deg"":6.8}"
59.031,right_hand,og,acc,2492392,"{""seq"":2867,""x_mg"":92,""y_mg"":-104,""z_mg"":1040}"
59.031,right_hand,og,tilt,,"{""roll_deg"":-0.5,""pitch_deg"":0.3,""steady"":true}"
59.031,right_hand,og,flick_angles,,"{""side_deg"":-5.0,""fwd_deg"":5.9}"
59.047,right_hand,og,acc,2492413,"{""seq"":2868,""x_mg"":92,""y_mg"":-96,""z_mg"":1028}"
59.047,right_hand,og,tilt,,"{""roll_deg"":-0.4,""pitch_deg"":-0.3,""steady"":true}"
59.047,right_hand,og,flick_angles,,"{""side_deg"":-5.1,""fwd_deg"":5.5}"
59.047,right_hand,og,acc,2492433,"{""seq"":2869,""x_mg"":72,""y_mg"":-88,""z_mg"":1052}"
59.047,right_hand,og,tilt,,"{""roll_deg"":-0.4,""pitch_deg"":-0.7,""steady"":true}"
59.047,right_hand,og,flick_angles,,"{""side_deg"":-5.2,""fwd_deg"":5.2}"
59.078,right_hand,og,acc,2492454,"{""seq"":2870,""x_mg"":76,""y_mg"":-56,""z_mg"":1044}"
59.078,right_hand,og,tilt,,"{""roll_deg"":-0.3,""pitch_deg"":-1.2,""steady"":true}"
59.078,right_hand,og,flick_angles,,"{""side_deg"":-5.0,""fwd_deg"":4.7}"
59.109,right_hand,og,acc,2492474,"{""seq"":2871,""x_mg"":64,""y_mg"":-68,""z_mg"":1060}"
59.109,right_hand,og,tilt,,"{""roll_deg"":-0.0,""pitch_deg"":-1.6,""steady"":true}"
59.109,right_hand,og,flick_angles,,"{""side_deg"":-4.3,""fwd_deg"":4.3}"
59.140,right_hand,og,acc,2492495,"{""seq"":2872,""x_mg"":52,""y_mg"":-76,""z_mg"":1064}"
59.140,right_hand,og,tilt,,"{""roll_deg"":0.2,""pitch_deg"":-2.0,""steady"":true}"
59.140,right_hand,og,flick_angles,,"{""side_deg"":-4.0,""fwd_deg"":3.9}"
59.140,right_hand,og,acc,2492515,"{""seq"":2873,""x_mg"":52,""y_mg"":-84,""z_mg"":1088}"
59.140,right_hand,og,tilt,,"{""roll_deg"":0.4,""pitch_deg"":-2.4,""steady"":true}"
59.140,right_hand,og,flick_angles,,"{""side_deg"":-4.0,""fwd_deg"":3.3}"
59.172,right_hand,og,acc,2492536,"{""seq"":2874,""x_mg"":44,""y_mg"":-76,""z_mg"":1096}"
59.172,right_hand,og,tilt,,"{""roll_deg"":0.5,""pitch_deg"":-2.8,""steady"":true}"
59.172,right_hand,og,flick_angles,,"{""side_deg"":-4.1,""fwd_deg"":3.0}"
59.203,right_hand,og,acc,2492556,"{""seq"":2875,""x_mg"":40,""y_mg"":-48,""z_mg"":1088}"
59.203,right_hand,og,tilt,,"{""roll_deg"":0.6,""pitch_deg"":-3.1,""steady"":true}"
59.203,right_hand,og,flick_angles,,"{""side_deg"":-4.0,""fwd_deg"":2.7}"
59.203,right_hand,og,acc,2492577,"{""seq"":2876,""x_mg"":56,""y_mg"":-72,""z_mg"":1088}"
59.203,right_hand,og,tilt,,"{""roll_deg"":0.7,""pitch_deg"":-3.4,""steady"":true}"
59.203,right_hand,og,flick_angles,,"{""side_deg"":-3.9,""fwd_deg"":2.5}"
59.234,right_hand,og,acc,2492598,"{""seq"":2877,""x_mg"":60,""y_mg"":-92,""z_mg"":1076}"
59.234,right_hand,og,tilt,,"{""roll_deg"":0.8,""pitch_deg"":-3.4,""steady"":true}"
59.234,right_hand,og,flick_angles,,"{""side_deg"":-3.8,""fwd_deg"":2.7}"
59.265,right_hand,og,acc,2492618,"{""seq"":2878,""x_mg"":72,""y_mg"":-84,""z_mg"":1052}"
59.265,right_hand,og,tilt,,"{""roll_deg"":0.8,""pitch_deg"":-3.4,""steady"":true}"
59.265,right_hand,og,flick_angles,,"{""side_deg"":-4.2,""fwd_deg"":2.9}"
59.265,right_hand,og,acc,2492639,"{""seq"":2879,""x_mg"":80,""y_mg"":-64,""z_mg"":1032}"
59.265,right_hand,og,tilt,,"{""roll_deg"":0.8,""pitch_deg"":-3.4,""steady"":true}"
59.265,right_hand,og,flick_angles,,"{""side_deg"":-4.4,""fwd_deg"":3.4}"
59.281,right_hand,og,acc,2492659,"{""seq"":2880,""x_mg"":92,""y_mg"":-68,""z_mg"":996}"
59.281,right_hand,og,tilt,,"{""roll_deg"":0.8,""pitch_deg"":-3.4,""steady"":true}"
59.281,right_hand,og,flick_angles,,"{""side_deg"":-4.1,""fwd_deg"":3.9}"
59.312,right_hand,og,acc,2492680,"{""seq"":2881,""x_mg"":104,""y_mg"":-64,""z_mg"":984}"
59.312,right_hand,og,tilt,,"{""roll_deg"":0.9,""pitch_deg"":-3.4,""steady"":true}"
59.312,right_hand,og,flick_angles,,"{""side_deg"":-3.9,""fwd_deg"":4.6}"
59.344,right_hand,og,acc,2492700,"{""seq"":2882,""x_mg"":120,""y_mg"":-76,""z_mg"":960}"
59.344,right_hand,og,tilt,,"{""roll_deg"":1.0,""pitch_deg"":-3.3,""steady"":true}"
59.344,right_hand,og,flick_angles,,"{""side_deg"":-3.9,""fwd_deg"":5.3}"
59.344,right_hand,og,acc,2492721,"{""seq"":2883,""x_mg"":132,""y_mg"":-80,""z_mg"":940}"
59.344,right_hand,og,tilt,,"{""roll_deg"":1.0,""pitch_deg"":-3.1,""steady"":true}"
59.344,right_hand,og,flick_angles,,"{""side_deg"":-4.2,""fwd_deg"":6.2}"
59.375,right_hand,og,acc,2492742,"{""seq"":2884,""x_mg"":136,""y_mg"":-68,""z_mg"":948}"
59.375,right_hand,og,tilt,,"{""roll_deg"":1.0,""pitch_deg"":-2.7,""steady"":true}"
59.375,right_hand,og,flick_angles,,"{""side_deg"":-4.3,""fwd_deg"":7.1}"
59.406,right_hand,og,acc,2492762,"{""seq"":2885,""x_mg"":144,""y_mg"":-60,""z_mg"":960}"
59.406,right_hand,og,tilt,,"{""roll_deg"":1.0,""pitch_deg"":-2.2,""steady"":true}"
59.406,right_hand,og,flick_angles,,"{""side_deg"":-4.2,""fwd_deg"":7.6}"
59.406,right_hand,og,acc,2492783,"{""seq"":2886,""x_mg"":144,""y_mg"":-64,""z_mg"":948}"
59.406,right_hand,og,tilt,,"{""roll_deg"":1.0,""pitch_deg"":-1.6,""steady"":true}"
59.406,right_hand,og,flick_angles,,"{""side_deg"":-4.0,""fwd_deg"":8.1}"
59.437,right_hand,og,acc,2492803,"{""seq"":2887,""x_mg"":152,""y_mg"":-76,""z_mg"":936}"
59.437,right_hand,og,tilt,,"{""roll_deg"":1.0,""pitch_deg"":-1.0,""steady"":true}"
59.437,right_hand,og,flick_angles,,"{""side_deg"":-3.9,""fwd_deg"":8.3}"
59.453,right_hand,og,acc,2492824,"{""seq"":2888,""x_mg"":156,""y_mg"":-84,""z_mg"":948}"
59.453,right_hand,og,tilt,,"{""roll_deg"":1.0,""pitch_deg"":-0.4,""steady"":true}"
59.453,right_hand,og,flick_angles,,"{""side_deg"":-4.2,""fwd_deg"":8.8}"
59.453,right_hand,og,acc,2492844,"{""seq"":2889,""x_mg"":152,""y_mg"":-76,""z_mg"":956}"
59.453,right_hand,og,tilt,,"{""roll_deg"":1.0,""pitch_deg"":0.1,""steady"":true}"
59.453,right_hand,og,flick_angles,,"{""side_deg"":-4.4,""fwd_deg"":9.0}"
59.484,right_hand,og,acc,2492865,"{""seq"":2890,""x_mg"":152,""y_mg"":-60,""z_mg"":956}"
59.484,right_hand,og,tilt,,"{""roll_deg"":1.0,""pitch_deg"":0.5,""steady"":true}"
59.484,right_hand,og,flick_angles,,"{""side_deg"":-4.5,""fwd_deg"":9.0}"
59.515,right_hand,og,acc,2492886,"{""seq"":2891,""x_mg"":156,""y_mg"":-72,""z_mg"":960}"
59.515,right_hand,og,tilt,,"{""roll_deg"":1.0,""pitch_deg"":0.7,""steady"":true}"
59.515,right_hand,og,flick_angles,,"{""side_deg"":-4.3,""fwd_deg"":9.0}"
59.547,right_hand,og,acc,2492906,"{""seq"":2892,""x_mg"":160,""y_mg"":-64,""z_mg"":972}"
59.547,right_hand,og,tilt,,"{""roll_deg"":1.0,""pitch_deg"":1.0,""steady"":true}"
59.547,right_hand,og,flick_angles,,"{""side_deg"":-4.0,""fwd_deg"":9.1}"
59.547,right_hand,og,acc,2492927,"{""seq"":2893,""x_mg"":152,""y_mg"":-60,""z_mg"":984}"
59.547,right_hand,og,tilt,,"{""roll_deg"":1.0,""pitch_deg"":1.2,""steady"":true}"
59.547,right_hand,og,flick_angles,,"{""side_deg"":-3.9,""fwd_deg"":9.2}"
59.578,right_hand,og,acc,2492947,"{""seq"":2894,""x_mg"":164,""y_mg"":-56,""z_mg"":976}"
59.578,right_hand,og,tilt,,"{""roll_deg"":1.1,""pitch_deg"":1.4,""steady"":true}"
59.578,right_hand,og,flick_angles,,"{""side_deg"":-3.7,""fwd_deg"":9.2}"
59.609,right_hand,og,acc,2492968,"{""seq"":2895,""x_mg"":160,""y_mg"":-76,""z_mg"":972}"
59.609,right_hand,og,tilt,,"{""roll_deg"":1.1,""pitch_deg"":1.5,""steady"":true}"
59.609,right_hand,og,flick_angles,,"{""side_deg"":-3.6,""fwd_deg"":9.3}"
59.609,right_hand,og,acc,2492988,"{""seq"":2896,""x_mg"":156,""y_mg"":-80,""z_mg"":964}"
59.609,right_hand,og,tilt,,"{""roll_deg"":1.1,""pitch_deg"":1.6,""steady"":true}"
59.609,right_hand,og,flick_angles,,"{""side_deg"":-4.0,""fwd_deg"":9.3}"
59.640,right_hand,og,acc,2493009,"{""seq"":2897,""x_mg"":148,""y_mg"":-64,""z_mg"":980}"
59.640,right_hand,og,tilt,,"{""roll_deg"":1.1,""pitch_deg"":1.7,""steady"":true}"
59.640,right_hand,og,flick_angles,,"{""side_deg"":-4.2,""fwd_deg"":9.2}"
59.640,right_hand,og,acc,2493030,"{""seq"":2898,""x_mg"":148,""y_mg"":-64,""z_mg"":952}"
59.640,right_hand,og,tilt,,"{""roll_deg"":1.1,""pitch_deg"":1.7,""steady"":true}"
59.640,right_hand,og,flick_angles,,"{""side_deg"":-4.0,""fwd_deg"":9.0}"
59.672,right_hand,og,acc,2493050,"{""seq"":2899,""x_mg"":156,""y_mg"":-96,""z_mg"":948}"
59.672,right_hand,og,tilt,,"{""roll_deg"":1.1,""pitch_deg"":1.7,""steady"":true}"
59.672,right_hand,og,flick_angles,,"{""side_deg"":-3.9,""fwd_deg"":8.9}"
59.687,right_hand,og,acc,2493071,"{""seq"":2900,""x_mg"":156,""y_mg"":-80,""z_mg"":932}"
59.687,right_hand,og,tilt,,"{""roll_deg"":1.1,""pitch_deg"":1.7,""steady"":true}"
59.687,right_hand,og,flick_angles,,"{""side_deg"":-4.4,""fwd_deg"":9.1}"
59.734,right_hand,og,acc,2493091,"{""seq"":2901,""x_mg"":148,""y_mg"":-72,""z_mg"":916}"
59.734,right_hand,og,tilt,,"{""roll_deg"":1.1,""pitch_deg"":1.8,""steady"":true}"
59.734,right_hand,og,flick_angles,,"{""side_deg"":-4.6,""fwd_deg"":9.2}"
59.765,right_hand,og,acc,2493112,"{""seq"":2902,""x_mg"":124,""y_mg"":-36,""z_mg"":880}"
59.765,right_hand,og,tilt,,"{""roll_deg"":1.1,""pitch_deg"":1.8,""steady"":true}"
59.765,right_hand,og,flick_angles,,"{""side_deg"":-4.5,""fwd_deg"":9.2}"
59.765,right_hand,og,acc,2493132,"{""seq"":2903,""x_mg"":124,""y_mg"":-8,""z_mg"":876}"
59.765,right_hand,og,tilt,,"{""roll_deg"":1.1,""pitch_deg"":1.8,""steady"":true}"
59.765,right_hand,og,flick_angles,,"{""side_deg"":-3.4,""fwd_deg"":8.6}"
59.797,right_hand,og,acc,2493153,"{""seq"":2904,""x_mg"":100,""y_mg"":12,""z_mg"":852}"
59.797,right_hand,og,tilt,,"{""roll_deg"":1.6,""pitch_deg"":1.8,""steady"":true}"
59.797,right_hand,og,flick_angles,,"{""side_deg"":-2.0,""fwd_deg"":8.3}"
59.797,right_hand,og,acc,2493173,"{""seq"":2905,""x_mg"":60,""y_mg"":16,""z_mg"":820}"
59.797,right_hand,og,tilt,,"{""roll_deg"":2.3,""pitch_deg"":1.8,""steady"":true}"
59.797,right_hand,og,flick_angles,,"{""side_deg"":-0.6,""fwd_deg"":7.5}"
59.828,right_hand,og,acc,2493194,"{""seq"":2906,""x_mg"":32,""y_mg"":20,""z_mg"":820}"
59.828,right_hand,og,tilt,,"{""roll_deg"":3.0,""pitch_deg"":1.8,""steady"":true}"
59.828,right_hand,og,flick_angles,,"{""side_deg"":0.3,""fwd_deg"":5.8}"
59.859,right_hand,og,acc,2493215,"{""seq"":2907,""x_mg"":-4,""y_mg"":8,""z_mg"":844}"
59.859,right_hand,og,tilt,,"{""roll_deg"":3.7,""pitch_deg"":0.8,""steady"":true}"
59.859,right_hand,og,flick_angles,,"{""side_deg"":0.7,""fwd_deg"":4.0}"
59.859,right_hand,og,acc,2493235,"{""seq"":2908,""x_mg"":-60,""y_mg"":12,""z_mg"":880}"
59.859,right_hand,og,tilt,,"{""roll_deg"":4.2,""pitch_deg"":-0.9,""steady"":true}"
59.859,right_hand,og,flick_angles,,"{""side_deg"":0.7,""fwd_deg"":1.9}"
59.890,right_hand,og,acc,2493256,"{""seq"":2909,""x_mg"":-148,""y_mg"":40,""z_mg"":936}"
59.890,right_hand,og,tilt,,"{""roll_deg"":4.6,""pitch_deg"":-3.6,""steady"":true}"
59.890,right_hand,og,flick_angles,,"{""side_deg"":0.8,""fwd_deg"":-1.0}"
59.906,right_hand,og,acc,2493276,"{""seq"":2910,""x_mg"":-196,""y_mg"":28,""z_mg"":964}"
59.906,right_hand,og,tilt,,"{""roll_deg"":5.0,""pitch_deg"":-7.6,""steady"":true}"
59.906,right_hand,og,flick_angles,,"{""side_deg"":1.2,""fwd_deg"":-5.0}"
59.937,right_hand,og,acc,2493297,"{""seq"":2911,""x_mg"":-232,""y_mg"":-36,""z_mg"":968}"
59.937,right_hand,og,tilt,,"{""roll_deg"":5.4,""pitch_deg"":-11.6,""steady"":true}"
59.937,right_hand,og,flick_angles,,"{""side_deg"":1.4,""fwd_deg"":-8.2}"
59.937,right_hand,og,acc,2493317,"{""seq"":2912,""x_mg"":-252,""y_mg"":-52,""z_mg"":996}"
59.937,right_hand,og,tilt,,"{""roll_deg"":5.4,""pitch_deg"":-14.9,""steady"":true}"
59.937,right_hand,og,flick_angles,,"{""side_deg"":-0.3,""fwd_deg"":-10.9}"
59.937,right_hand,game,hit,,"{""n"":21,""dir"":""down"",""err_ms"":125}"
59.969,right_hand,og,acc,2493338,"{""seq"":2913,""x_mg"":-280,""y_mg"":-36,""z_mg"":1016}"
59.969,right_hand,og,tilt,,"{""roll_deg"":5.4,""pitch_deg"":-17.3,""steady"":true}"
59.969,right_hand,og,flick_angles,,"{""side_deg"":-1.2,""fwd_deg"":-12.5}"
60.000,right_hand,og,acc,2493359,"{""seq"":2914,""x_mg"":-316,""y_mg"":-8,""z_mg"":1008}"
60.000,right_hand,og,tilt,,"{""roll_deg"":5.3,""pitch_deg"":-19.1,""steady"":true}"
60.000,right_hand,og,flick_angles,,"{""side_deg"":-1.6,""fwd_deg"":-14.0}"
60.000,right_hand,og,acc,2493379,"{""seq"":2915,""x_mg"":-308,""y_mg"":-24,""z_mg"":980}"
60.000,right_hand,og,tilt,,"{""roll_deg"":5.3,""pitch_deg"":-21.0,""steady"":true}"
60.000,right_hand,og,flick_angles,,"{""side_deg"":-1.5,""fwd_deg"":-15.7}"
60.031,right_hand,og,acc,2493400,"{""seq"":2916,""x_mg"":-324,""y_mg"":-16,""z_mg"":988}"
60.031,right_hand,og,tilt,,"{""roll_deg"":5.2,""pitch_deg"":-22.1,""steady"":true}"
60.031,right_hand,og,flick_angles,,"{""side_deg"":-1.2,""fwd_deg"":-16.6}"
60.062,right_hand,og,acc,2493420,"{""seq"":2917,""x_mg"":-356,""y_mg"":4,""z_mg"":1020}"
60.062,right_hand,og,tilt,,"{""roll_deg"":5.2,""pitch_deg"":-23.1,""steady"":true}"
60.062,right_hand,og,flick_angles,,"{""side_deg"":-1.0,""fwd_deg"":-17.4}"
60.062,right_hand,og,acc,2493441,"{""seq"":2918,""x_mg"":-392,""y_mg"":44,""z_mg"":1052}"
60.062,right_hand,og,tilt,,"{""roll_deg"":5.2,""pitch_deg"":-24.0,""steady"":true}"
60.062,right_hand,og,flick_angles,,"{""side_deg"":-0.4,""fwd_deg"":-18.3}"
60.078,right_hand,og,acc,2493461,"{""seq"":2919,""x_mg"":-408,""y_mg"":64,""z_mg"":1036}"
60.078,right_hand,og,tilt,,"{""roll_deg"":5.2,""pitch_deg"":-25.0,""steady"":true}"
60.078,right_hand,og,flick_angles,,"{""side_deg"":0.9,""fwd_deg"":-19.4}"
60.125,right_hand,og,acc,2493482,"{""seq"":2920,""x_mg"":-432,""y_mg"":32,""z_mg"":1056}"
60.125,right_hand,og,tilt,,"{""roll_deg"":5.3,""pitch_deg"":-26.1,""steady"":true}"
60.125,right_hand,og,flick_angles,,"{""side_deg"":1.6,""fwd_deg"":-20.4}"
60.125,right_hand,og,acc,2493503,"{""seq"":2921,""x_mg"":-448,""y_mg"":20,""z_mg"":1072}"
60.125,right_hand,og,tilt,,"{""roll_deg"":5.5,""pitch_deg"":-27.0,""steady"":true}"
60.125,right_hand,og,flick_angles,,"{""side_deg"":1.6,""fwd_deg"":-21.3}"
60.156,right_hand,og,acc,2493523,"{""seq"":2922,""x_mg"":-440,""y_mg"":12,""z_mg"":1108}"
60.156,right_hand,og,tilt,,"{""roll_deg"":5.6,""pitch_deg"":-27.5,""steady"":true}"
60.156,right_hand,og,flick_angles,,"{""side_deg"":1.3,""fwd_deg"":-21.8}"
60.187,right_hand,og,acc,2493544,"{""seq"":2923,""x_mg"":-460,""y_mg"":12,""z_mg"":1100}"
60.187,right_hand,og,tilt,,"{""roll_deg"":5.6,""pitch_deg"":-28.0,""steady"":true}"
60.187,right_hand,og,flick_angles,,"{""side_deg"":0.9,""fwd_deg"":-22.2}"
60.187,right_hand,og,acc,2493564,"{""seq"":2924,""x_mg"":-468,""y_mg"":-24,""z_mg"":1092}"
60.187,right_hand,og,tilt,,"{""roll_deg"":5.6,""pitch_deg"":-28.4,""steady"":true}"
60.187,right_hand,og,flick_angles,,"{""side_deg"":0.8,""fwd_deg"":-22.5}"
60.219,right_hand,og,acc,2493585,"{""seq"":2925,""x_mg"":-476,""y_mg"":-12,""z_mg"":1076}"
60.219,right_hand,og,tilt,,"{""roll_deg"":5.6,""pitch_deg"":-28.7,""steady"":true}"
60.219,right_hand,og,flick_angles,,"{""side_deg"":0.1,""fwd_deg"":-22.8}"
60.219,right_hand,og,acc,2493605,"{""seq"":2926,""x_mg"":-460,""y_mg"":12,""z_mg"":1064}"
60.219,right_hand,og,tilt,,"{""roll_deg"":5.6,""pitch_deg"":-29.0,""steady"":true}"
60.219,right_hand,og,flick_angles,,"{""side_deg"":-0.2,""fwd_deg"":-23.1}"
60.250,right_hand,og,acc,2493626,"{""seq"":2927,""x_mg"":-432,""y_mg"":24,""z_mg"":1008}"
60.250,right_hand,og,tilt,,"{""roll_deg"":5.6,""pitch_deg"":-29.2,""steady"":true}"
60.250,right_hand,og,flick_angles,,"{""side_deg"":0.2,""fwd_deg"":-23.2}"
60.281,right_hand,og,acc,2493647,"{""seq"":2928,""x_mg"":-400,""y_mg"":32,""z_mg"":976}"
60.281,right_hand,og,tilt,,"{""roll_deg"":5.6,""pitch_deg"":-29.3,""steady"":true}"
60.281,right_hand,og,flick_angles,,"{""side_deg"":0.7,""fwd_deg"":-23.2}"
60.281,right_hand,og,acc,2493667,"{""seq"":2929,""x_mg"":-372,""y_mg"":24,""z_mg"":956}"
60.281,right_hand,og,tilt,,"{""roll_deg"":5.7,""pitch_deg"":-29.3,""steady"":true}"
60.281,right_hand,og,flick_angles,,"{""side_deg"":1.0,""fwd_deg"":-22.7}"
60.297,right_hand,og,acc,2493688,"{""seq"":2930,""x_mg"":-376,""y_mg"":48,""z_mg"":988}"
60.297,right_hand,og,tilt,,"{""roll_deg"":5.8,""pitch_deg"":-29.3,""steady"":true}"
60.297,right_hand,og,flick_angles,,"{""side_deg"":1.4,""fwd_deg"":-22.0}"
60.328,right_hand,og,acc,2493708,"{""seq"":2931,""x_mg"":-368,""y_mg"":72,""z_mg"":960}"
60.328,right_hand,og,tilt,,"{""roll_deg"":6.1,""pitch_deg"":-29.3,""steady"":true}"
60.328,right_hand,og,flick_angles,,"{""side_deg"":2.0,""fwd_deg"":-21.5}"
60.359,right_hand,og,acc,2493729,"{""seq"":2932,""x_mg"":-332,""y_mg"":60,""z_mg"":928}"
60.359,right_hand,og,tilt,,"{""roll_deg"":6.5,""pitch_deg"":-29.2,""steady"":true}"
60.359,right_hand,og,flick_angles,,"{""side_deg"":2.7,""fwd_deg"":-21.1}"
60.359,right_hand,og,acc,2493749,"{""seq"":2933,""x_mg"":-288,""y_mg"":20,""z_mg"":900}"
60.359,right_hand,og,tilt,,"{""roll_deg"":6.8,""pitch_deg"":-29.0,""steady"":true}"
60.359,right_hand,og,flick_angles,,"{""side_deg"":3.1,""fwd_deg"":-20.4}"
60.406,right_hand,og,acc,2493770,"{""seq"":2934,""x_mg"":-268,""y_mg"":-16,""z_mg"":900}"
60.406,right_hand,og,tilt,,"{""roll_deg"":6.8,""pitch_deg"":-28.7,""steady"":true}"
60.406,right_hand,og,flick_angles,,"{""side_deg"":2.2,""fwd_deg"":-19.1}"
60.437,right_hand,og,acc,2493791,"{""seq"":2935,""x_mg"":-268,""y_mg"":48,""z_mg"":932}"
60.437,right_hand,og,tilt,,"{""roll_deg"":6.8,""pitch_deg"":-28.1,""steady"":true}"
60.437,right_hand,og,flick_angles,,"{""side_deg"":1.7,""fwd_deg"":-17.8}"
60.437,right_hand,og,acc,2493811,"{""seq"":2936,""x_mg"":-268,""y_mg"":68,""z_mg"":912}"
60.437,right_hand,og,tilt,,"{""roll_deg"":6.9,""pitch_deg"":-27.4,""steady"":true}"
60.437,right_hand,og,flick_angles,,"{""side_deg"":2.3,""fwd_deg"":-17.1}"
60.469,right_hand,og,acc,2493832,"{""seq"":2937,""x_mg"":-244,""y_mg"":52,""z_mg"":900}"
60.469,right_hand,og,tilt,,"{""roll_deg"":7.1,""pitch_deg"":-26.5,""steady"":true}"
60.469,right_hand,og,flick_angles,,"{""side_deg"":2.7,""fwd_deg"":-16.6}"
60.500,right_hand,og,acc,2493852,"{""seq"":2938,""x_mg"":-200,""y_mg"":-12,""z_mg"":900}"
60.500,right_hand,og,tilt,,"{""roll_deg"":7.3,""pitch_deg"":-25.6,""steady"":true}"
60.500,right_hand,og,flick_angles,,"{""side_deg"":3.0,""fwd_deg"":-15.8}"
60.500,right_hand,og,acc,2493873,"{""seq"":2939,""x_mg"":-180,""y_mg"":-24,""z_mg"":928}"
60.500,right_hand,og,tilt,,"{""roll_deg"":7.3,""pitch_deg"":-24.1,""steady"":true}"
60.500,right_hand,og,flick_angles,,"{""side_deg"":1.1,""fwd_deg"":-14.2}"
60.531,right_hand,og,acc,2493893,"{""seq"":2940,""x_mg"":-176,""y_mg"":8,""z_mg"":948}"
60.531,right_hand,og,tremor,,"{""rms_mg"":22.9,""peak_hz"":5.5}"
60.531,right_hand,og,tilt,,"{""roll_deg"":7.3,""pitch_deg"":-22.5,""steady"":true}"
60.531,right_hand,og,flick_angles,,"{""side_deg"":0.2,""fwd_deg"":-12.6}"
60.562,right_hand,og,acc,2493914,"{""seq"":2941,""x_mg"":-180,""y_mg"":40,""z_mg"":940}"
60.562,right_hand,og,tilt,,"{""roll_deg"":7.3,""pitch_deg"":-21.1,""steady"":true}"
60.562,right_hand,og,flick_angles,,"{""side_deg"":0.3,""fwd_deg"":-11.7}"
60.562,right_hand,og,acc,2493935,"{""seq"":2942,""x_mg"":-184,""y_mg"":28,""z_mg"":936}"
60.562,right_hand,og,tilt,,"{""roll_deg"":7.3,""pitch_deg"":-20.2,""steady"":true}"
60.562,right_hand,og,flick_angles,,"{""side_deg"":1.0,""fwd_deg"":-11.3}"
60.594,right_hand,og,acc,2493955,"{""seq"":2943,""x_mg"":-172,""y_mg"":-4,""z_mg"":944}"
60.594,right_hand,og,tilt,,"{""roll_deg"":7.3,""pitch_deg"":-19.6,""steady"":true}"
60.594,right_hand,og,flick_angles,,"{""side_deg"":1.3,""fwd_deg"":-11.0}"
60.625,right_hand,og,acc,2493976,"{""seq"":2944,""x_mg"":-168,""y_mg"":8,""z_mg"":992}"
60.625,right_hand,og,tilt,,"{""roll_deg"":7.3,""pitch_deg"":-19.0,""steady"":true}"
60.625,right_hand,og,flick_angles,,"{""side_deg"":0.9,""fwd_deg"":-10.7}"
60.625,right_hand,og,acc,2493996,"{""seq"":2945,""x_mg"":-168,""y_mg"":40,""z_mg"":980}"
60.625,right_hand,og,tilt,,"{""roll_deg"":7.3,""pitch_deg"":-18.4,""steady"":true}"
60.625,right_hand,og,flick_angles,,"{""side_deg"":0.7,""fwd_deg"":-10.2}"
60.656,right_hand,og,acc,2494017,"{""seq"":2946,""x_mg"":-156,""y_mg"":32,""z_mg"":984}"
60.656,right_hand,og,tilt,,"{""roll_deg"":7.3,""pitch_deg"":-18.0,""steady"":true}"
60.656,right_hand,og,flick_angles,,"{""side_deg"":1.3,""fwd_deg"":-9.9}"
60.687,right_hand,og,acc,2494037,"{""seq"":2947,""x_mg"":-144,""y_mg"":12,""z_mg"":980}"
60.687,right_hand,og,tilt,,"{""roll_deg"":7.3,""pitch_deg"":-17.5,""steady"":true}"
60.687,right_hand,og,flick_angles,,"{""side_deg"":1.5,""fwd_deg"":-9.5}"
60.687,right_hand,og,acc,2494058,"{""seq"":2948,""x_mg"":-148,""y_mg"":12,""z_mg"":1000}"
60.687,right_hand,og,tilt,,"{""roll_deg"":7.3,""pitch_deg"":-17.0,""steady"":true}"
60.687,right_hand,og,flick_angles,,"{""side_deg"":1.1,""fwd_deg"":-8.9}"
60.703,right_hand,og,acc,2494078,"{""seq"":2949,""x_mg"":-152,""y_mg"":36,""z_mg"":1012}"
60.703,right_hand,og,tilt,,"{""roll_deg"":7.3,""pitch_deg"":-16.7,""steady"":true}"
60.703,right_hand,og,flick_angles,,"{""side_deg"":0.9,""fwd_deg"":-8.7}"
60.734,right_hand,og,acc,2494099,"{""seq"":2950,""x_mg"":-140,""y_mg"":8,""z_mg"":1000}"
60.734,right_hand,og,tilt,,"{""roll_deg"":7.2,""pitch_deg"":-16.4,""steady"":true}"
60.734,right_hand,og,flick_angles,,"{""side_deg"":0.8,""fwd_deg"":-8.5}"
60.734,right_hand,og,acc,2494120,"{""seq"":2951,""x_mg"":-124,""y_mg"":-32,""z_mg"":1004}"
60.734,right_hand,og,tilt,,"{""roll_deg"":7.2,""pitch_deg"":-16.1,""steady"":true}"
60.734,right_hand,og,flick_angles,,"{""side_deg"":0.6,""fwd_deg"":-8.3}"
60.765,right_hand,og,acc,2494140,"{""seq"":2952,""x_mg"":-104,""y_mg"":-48,""z_mg"":988}"
60.765,right_hand,og,tilt,,"{""roll_deg"":6.8,""pitch_deg"":-15.7,""steady"":true}"
60.765,right_hand,og,flick_angles,,"{""side_deg"":-0.6,""fwd_deg"":-7.6}"
60.797,right_hand,og,acc,2494161,"{""seq"":2953,""x_mg"":-108,""y_mg"":-16,""z_mg"":1000}"
60.797,right_hand,og,tilt,,"{""roll_deg"":6.4,""pitch_deg"":-15.1,""steady"":true}"
60.797,right_hand,og,flick_angles,,"{""side_deg"":-1.2,""fwd_deg"":-6.9}"
60.797,right_hand,og,acc,2494181,"{""seq"":2954,""x_mg"":-96,""y_mg"":-4,""z_mg"":980}"
60.797,right_hand,og,tilt,,"{""roll_deg"":6.2,""pitch_deg"":-14.7,""steady"":true}"
60.797,right_hand,og,flick_angles,,"{""side_deg"":-1.1,""fwd_deg"":-6.5}"
60.828,right_hand,og,acc,2494202,"{""seq"":2955,""x_mg"":-80,""y_mg"":-12,""z_mg"":952}"
60.828,right_hand,og,tilt,,"{""roll_deg"":6.1,""pitch_deg"":-14.2,""steady"":true}"
60.828,right_hand,og,flick_angles,,"{""side_deg"":-0.9,""fwd_deg"":-6.0}"
60.859,right_hand,og,acc,2494222,"{""seq"":2956,""x_mg"":-72,""y_mg"":-48,""z_mg"":944}"
60.859,right_hand,og,tilt,,"{""roll_deg"":5.9,""pitch_deg"":-13.7,""steady"":true}"
60.859,right_hand,og,flick_angles,,"{""side_deg"":-0.8,""fwd_deg"":-5.4}"
60.859,right_hand,og,acc,2494243,"{""seq"":2957,""x_mg"":-68,""y_mg"":-36,""z_mg"":936}"
60.859,right_hand,og,tilt,,"{""roll_deg"":5.6,""pitch_deg"":-13.2,""steady"":true}"
60.859,right_hand,og,flick_angles,,"{""side_deg"":-1.5,""fwd_deg"":-4.9}"
60.890,right_hand,og,acc,2494264,"{""seq"":2958,""x_mg"":-68,""y_mg"":-16,""z_mg"":928}"
60.890,right_hand,og,tilt,,"{""roll_deg"":5.3,""pitch_deg"":-12.7,""steady"":true}"
60.890,right_hand,og,flick_angles,,"{""side_deg"":-1.8,""fwd_deg"":-4.5}"
60.922,right_hand,og,acc,2494284,"{""seq"":2959,""x_mg"":-64,""y_mg"":-20,""z_mg"":932}"
60.922,right_hand,og,tilt,,"{""roll_deg"":5.2,""pitch_deg"":-12.4,""steady"":true}"
60.922,right_hand,og,flick_angles,,"{""side_deg"":-1.5,""fwd_deg"":-4.3}"
60.937,right_hand,og,acc,2494305,"{""seq"":2960,""x_mg"":-72,""y_mg"":-28,""z_mg"":944}"
60.937,right_hand,og,tilt,,"{""roll_deg"":5.1,""pitch_deg"":-12.2,""steady"":true}"
60.937,right_hand,og,flick_angles,,"{""side_deg"":-1.4,""fwd_deg"":-4.3}"
60.937,right_hand,og,acc,2494325,"{""seq"":2961,""x_mg"":-76,""y_mg"":-28,""z_mg"":956}"
60.937,right_hand,og,tilt,,"{""roll_deg"":5.0,""pitch_deg"":-12.1,""steady"":true}"
60.937,right_hand,og,flick_angles,,"{""side_deg"":-1.5,""fwd_deg"":-4.3}"
60.969,right_hand,og,acc,2494346,"{""seq"":2962,""x_mg"":-80,""y_mg"":-36,""z_mg"":972}"
60.969,right_hand,og,tilt,,"{""roll_deg"":4.9,""pitch_deg"":-12.0,""steady"":true}"
60.969,right_hand,og,flick_angles,,"{""side_deg"":-1.6,""fwd_deg"":-4.4}"
61.015,right_hand,og,acc,2494366,"{""seq"":2963,""x_mg"":-88,""y_mg"":-20,""z_mg"":988}"
61.015,right_hand,og,tilt,,"{""roll_deg"":4.8,""pitch_deg"":-12.0,""steady"":true}"
61.015,right_hand,og,flick_angles,,"{""side_deg"":-1.6,""fwd_deg"":-4.6}"
61.015,right_hand,og,acc,2494387,"{""seq"":2964,""x_mg"":-96,""y_mg"":-20,""z_mg"":996}"
61.015,right_hand,og,tilt,,"{""roll_deg"":4.8,""pitch_deg"":-12.0,""steady"":true}"
61.015,right_hand,og,flick_angles,,"{""side_deg"":-1.4,""fwd_deg"":-4.8}"
61.047,right_hand,og,acc,2494408,"{""seq"":2965,""x_mg"":-108,""y_mg"":-24,""z_mg"":1008}"
61.047,right_hand,og,tilt,,"{""roll_deg"":4.8,""pitch_deg"":-12.0,""steady"":true}"
61.047,right_hand,og,flick_angles,,"{""side_deg"":-1.3,""fwd_deg"":-5.2}"
61.078,right_hand,og,acc,2494428,"{""seq"":2966,""x_mg"":-116,""y_mg"":-32,""z_mg"":1012}"
61.078,right_hand,og,tilt,,"{""roll_deg"":4.8,""pitch_deg"":-12.0,""steady"":true}"
61.078,right_hand,og,flick_angles,,"{""side_deg"":-1.3,""fwd_deg"":-5.6}"
61.078,right_hand,og,acc,2494449,"{""seq"":2967,""x_mg"":-112,""y_mg"":-36,""z_mg"":1048}"
61.078,right_hand,og,tilt,,"{""roll_deg"":4.7,""pitch_deg"":-12.0,""steady"":true}"
61.078,right_hand,og,flick_angles,,"{""side_deg"":-1.6,""fwd_deg"":-5.9}"
61.109,right_hand,og,acc,2494469,"{""seq"":2968,""x_mg"":-128,""y_mg"":-16,""z_mg"":1052}"
61.109,right_hand,og,tilt,,"{""roll_deg"":4.6,""pitch_deg"":-12.0,""steady"":true}"
61.109,right_hand,og,flick_angles,,"{""side_deg"":-1.7,""fwd_deg"":-6.2}"
61.125,right_hand,og,acc,2494490,"{""seq"":2969,""x_mg"":-120,""y_mg"":-32,""z_mg"":1044}"
61.125,right_hand,og,tilt,,"{""roll_deg"":4.6,""pitch_deg"":-12.0,""steady"":true}"
61.125,right_hand,og,flick_angles,,"{""side_deg"":-1.7,""fwd_deg"":-6.4}"
61.125,right_hand,og,acc,2494510,"{""seq"":2970,""x_mg"":-100,""y_mg"":-36,""z_mg"":1048}"
61.125,right_hand,og,tilt,,"{""roll_deg"":4.5,""pitch_deg"":-12.0,""steady"":true}"
61.125,right_hand,og,flick_angles,,"{""side_deg"":-1.7,""fwd_deg"":-6.5}"
61.156,right_hand,og,acc,2494531,"{""seq"":2971,""x_mg"":-104,""y_mg"":-24,""z_mg"":1056}"
61.156,right_hand,og,tilt,,"{""roll_deg"":4.5,""pitch_deg"":-12.0,""steady"":true}"
61.156,right_hand,og,flick_angles,,"{""side_deg"":-1.7,""fwd_deg"":-6.0}"
61.187,right_hand,og,acc,2494552,"{""seq"":2972,""x_mg"":-104,""y_mg"":-16,""z_mg"":1052}"
61.187,right_hand,og,tilt,,"{""roll_deg"":4.5,""pitch_deg"":-12.0,""steady"":true}"
61.187,right_hand,og,flick_angles,,"{""side_deg"":-1.5,""fwd_deg"":-5.8}"
61.219,right_hand,og,acc,2494572,"{""seq"":2973,""x_mg"":-116,""y_mg"":-24,""z_mg"":1048}"
61.219,right_hand,og,tilt,,"{""roll_deg"":4.5,""pitch_deg"":-12.0,""steady"":true}"
61.219,right_hand,og,flick_angles,,"{""side_deg"":-1.4,""fwd_deg"":-5.7}"
61.219,right_hand,og,acc,2494593,"{""seq"":2974,""x_mg"":-112,""y_mg"":-24,""z_mg"":1064}"
61.219,right_hand,og,tilt,,"{""roll_deg"":4.5,""pitch_deg"":-12.0,""steady"":true}"
61.219,right_hand,og,flick_angles,,"{""side_deg"":-1.3,""fwd_deg"":-5.9}"
61.250,right_hand,og,acc,2494613,"{""seq"":2975,""x_mg"":-124,""y_mg"":-44,""z_mg"":1072}"
61.250,right_hand,og,tilt,,"{""roll_deg"":4.5,""pitch_deg"":-12.0,""steady"":true}"
61.250,right_hand,og,flick_angles,,"{""side_deg"":-1.3,""fwd_deg"":-6.1}"
61.250,right_hand,og,acc,2494634,"{""seq"":2976,""x_mg"":-140,""y_mg"":-48,""z_mg"":1088}"
61.250,right_hand,og,tilt,,"{""roll_deg"":4.5,""pitch_deg"":-12.1,""steady"":true}"
61.250,right_hand,og,flick_angles,,"{""side_deg"":-1.8,""fwd_deg"":-6.3}"
61.281,right_hand,og,acc,2494654,"{""seq"":2977,""x_mg"":-140,""y_mg"":-32,""z_mg"":1128}"
61.281,right_hand,og,tilt,,"{""roll_deg"":4.4,""pitch_deg"":-12.2,""steady"":true}"
61.281,right_hand,og,flick_angles,,"{""side_deg"":-2.1,""fwd_deg"":-6.7}"
61.312,right_hand,og,acc,2494675,"{""seq"":2978,""x_mg"":-124,""y_mg"":-52,""z_mg"":1112}"
61.312,right_hand,og,tilt,,"{""roll_deg"":4.3,""pitch_deg"":-12.4,""steady"":true}"
61.312,right_hand,og,flick_angles,,"{""side_deg"":-2.3,""fwd_deg"":-6.9}"
61.312,right_hand,og,acc,2494696,"{""seq"":2979,""x_mg"":-64,""y_mg"":-112,""z_mg"":1100}"
61.312,right_hand,og,tilt,,"{""roll_deg"":4.2,""pitch_deg"":-12.4,""steady"":true}"
61.312,right_hand,og,flick_angles,,"{""side_deg"":-2.5,""fwd_deg"":-6.6}"
61.344,right_hand,og,acc,2494716,"{""seq"":2980,""x_mg"":-32,""y_mg"":-132,""z_mg"":1088}"
61.344,right_hand,og,tilt,,"{""roll_deg"":3.6,""pitch_deg"":-12.4,""steady"":true}"
61.344,right_hand,og,flick_angles,,"{""side_deg"":-4.1,""fwd_deg"":-5.0}"
61.359,right_hand,og,acc,2494737,"{""seq"":2981,""x_mg"":-8,""y_mg"":-100,""z_mg"":1060}"
61.359,right_hand,og,tilt,,"{""roll_deg"":3.0,""pitch_deg"":-12.4,""steady"":true}"
61.359,right_hand,og,flick_angles,,"{""side_deg"":-5.0,""fwd_deg"":-3.3}"
61.390,right_hand,og,acc,2494757,"{""seq"":2982,""x_mg"":8,""y_mg"":-72,""z_mg"":1032}"
61.390,right_hand,og,tilt,,"{""roll_deg"":2.5,""pitch_deg"":-11.9,""steady"":true}"
61.390,right_hand,og,flick_angles,,"{""side_deg"":-5.2,""fwd_deg"":-1.9}"
61.422,right_hand,og,acc,2494778,"{""seq"":2983,""x_mg"":40,""y_mg"":-52,""z_mg"":1012}"
61.422,right_hand,og,tilt,,"{""roll_deg"":2.4,""pitch_deg"":-10.9,""steady"":true}"
61.422,right_hand,og,flick_angles,,"{""side_deg"":-4.6,""fwd_deg"":-0.7}"
61.422,right_hand,og,acc,2494798,"{""seq"":2984,""x_mg"":60,""y_mg"":-40,""z_mg"":976}"
61.422,right_hand,og,tilt,,"{""roll_deg"":2.4,""pitch_deg"":-9.5,""steady"":true}"
61.422,right_hand,og,flick_angles,,"{""side_deg"":-3.8,""fwd_deg"":0.8}"
61.453,right_hand,og,acc,2494819,"{""seq"":2985,""x_mg"":132,""y_mg"":-56,""z_mg"":1004}"
61.453,right_hand,og,tilt,,"{""roll_deg"":2.4,""pitch_deg"":-8.0,""steady"":true}"
61.453,right_hand,og,flick_angles,,"{""side_deg"":-3.4,""fwd_deg"":2.1}"
61.453,right_hand,og,acc,2494839,"{""seq"":2986,""x_mg"":180,""y_mg"":-64,""z_mg"":964}"
61.453,right_hand,og,tilt,,"{""roll_deg"":2.4,""pitch_deg"":-5.5,""steady"":true}"
61.453,right_hand,og,flick_angles,,"{""side_deg"":-3.3,""fwd_deg"":4.8}"
61.484,right_hand,og,acc,2494860,"{""seq"":2987,""x_mg"":208,""y_mg"":-128,""z_mg"":896}"
61.484,right_hand,og,tilt,,"{""roll_deg"":2.4,""pitch_deg"":-2.4,""steady"":true}"
61.484,right_hand,og,flick_angles,,"{""side_deg"":-3.5,""fwd_deg"":7.7}"
61.515,right_hand,og,acc,2494881,"{""seq"":2988,""x_mg"":252,""y_mg"":-168,""z_mg"":872}"
61.515,right_hand,og,tilt,,"{""roll_deg"":1.8,""pitch_deg"":0.7,""steady"":true}"
61.515,right_hand,og,flick_angles,,"{""side_deg"":-5.7,""fwd_deg"":10.3}"
61.515,right_hand,og,acc,2494901,"{""seq"":2989,""x_mg"":308,""y_mg"":-156,""z_mg"":820}"
61.515,right_hand,og,tilt,,"{""roll_deg"":0.5,""pitch_deg"":3.7,""steady"":true}"
61.515,right_hand,og,flick_angles,,"{""side_deg"":-7.9,""fwd_deg"":13.1}"
61.531,right_hand,og,acc,2494922,"{""seq"":2990,""x_mg"":356,""y_mg"":-144,""z_mg"":792}"
61.531,right_hand,og,tilt,,"{""roll_deg"":-0.6,""pitch_deg"":7.7,""steady"":true}"
61.531,right_hand,og,flick_angles,,"{""side_deg"":-9.0,""fwd_deg"":16.7}"
61.562,right_hand,og,acc,2494942,"{""seq"":2991,""x_mg"":388,""y_mg"":-116,""z_mg"":804}"
61.562,right_hand,og,tilt,,"{""roll_deg"":-1.3,""pitch_deg"":11.5,""steady"":true}"
61.562,right_hand,og,flick_angles,,"{""side_deg"":-9.2,""fwd_deg"":20.3}"
61.594,right_hand,og,acc,2494963,"{""seq"":2992,""x_mg"":404,""y_mg"":-108,""z_mg"":784}"
61.594,right_hand,og,tilt,,"{""roll_deg"":-1.3,""pitch_deg"":14.5,""steady"":true}"
61.594,right_hand,og,flick_angles,,"{""side_deg"":-8.3,""fwd_deg"":22.9}"
61.594,right_hand,game,hit,,"{""n"":22,""dir"":""up"",""err_ms"":46}"
61.594,right_hand,og,acc,2494983,"{""seq"":2993,""x_mg"":412,""y_mg"":-108,""z_mg"":804}"
61.594,right_hand,og,tilt,,"{""roll_deg"":-1.3,""pitch_deg"":16.8,""steady"":true}"
61.594,right_hand,og,flick_angles,,"{""side_deg"":-7.6,""fwd_deg"":24.9}"
61.640,right_hand,og,acc,2495004,"{""seq"":2994,""x_mg"":432,""y_mg"":-168,""z_mg"":768}"
61.640,right_hand,og,tilt,,"{""roll_deg"":-1.3,""pitch_deg"":18.1,""steady"":true}"
61.640,right_hand,og,flick_angles,,"{""side_deg"":-7.3,""fwd_deg"":26.0}"
61.672,right_hand,og,acc,2495025,"{""seq"":2995,""x_mg"":448,""y_mg"":-188,""z_mg"":800}"
61.672,right_hand,og,tilt,,"{""roll_deg"":-2.0,""pitch_deg"":19.5,""steady"":true}"
61.672,right_hand,og,flick_angles,,"{""side_deg"":-9.1,""fwd_deg"":27.3}"
61.672,right_hand,og,acc,2495045,"{""seq"":2996,""x_mg"":448,""y_mg"":-148,""z_mg"":836}"
61.672,right_hand,og,tilt,,"{""roll_deg"":-2.6,""pitch_deg"":20.2,""steady"":true}"
61.672,right_hand,og,flick_angles,,"{""side_deg"":-9.9,""fwd_deg"":27.9}"
61.703,right_hand,og,acc,2495066,"{""seq"":2997,""x_mg"":440,""y_mg"":-156,""z_mg"":820}"
61.703,right_hand,og,tilt,,"{""roll_deg"":-2.8,""pitch_deg"":20.4,""steady"":true}"
61.703,right_hand,og,flick_angles,,"{""side_deg"":-9.7,""fwd_deg"":27.9}"
61.734,right_hand,og,acc,2495086,"{""seq"":2998,""x_mg"":448,""y_mg"":-192,""z_mg"":800}"
61.734,right_hand,og,tilt,,"{""roll_deg"":-3.0,""pitch_deg"":20.5,""steady"":true}"
61.734,right_hand,og,flick_angles,,"{""side_deg"":-9.6,""fwd_deg"":27.9}"
61.734,right_hand,og,acc,2495107,"{""seq"":2999,""x_mg"":452,""y_mg"":-200,""z_mg"":808}"
61.734,right_hand,og,tilt,,"{""roll_deg"":-3.6,""pitch_deg"":20.7,""steady"":true}"
61.734,right_hand,og,flick_angles,,"{""side_deg"":-10.7,""fwd_deg"":28.2}"
61.765,right_hand,og,acc,2495127,"{""seq"":3000,""x_mg"":436,""y_mg"":-164,""z_mg"":852}"
61.765,right_hand,og,tilt,,"{""roll_deg"":-4.1,""pitch_deg"":20.9,""steady"":true}"
61.765,right_hand,og,flick_angles,,"{""side_deg"":-11.3,""fwd_deg"":28.3}"
61.797,right_hand,og,acc,2495148,"{""seq"":3001,""x_mg"":428,""y_mg"":-160,""z_mg"":832}"
61.797,right_hand,og,tilt,,"{""roll_deg"":-4.1,""pitch_deg"":20.9,""steady"":true}"
61.797,right_hand,og,flick_angles,,"{""side_deg"":-10.5,""fwd_deg"":27.6}"
61.797,right_hand,og,acc,2495169,"{""seq"":3002,""x_mg"":436,""y_mg"":-188,""z_mg"":836}"
61.797,right_hand,og,tilt,,"{""roll_deg"":-4.1,""pitch_deg"":20.9,""steady"":true}"
61.797,right_hand,og,flick_angles,,"{""side_deg"":-10.1,""fwd_deg"":27.2}"
61.828,right_hand,og,acc,2495189,"{""seq"":3003,""x_mg"":436,""y_mg"":-192,""z_mg"":860}"
61.828,right_hand,og,tilt,,"{""roll_deg"":-4.2,""pitch_deg"":20.9,""steady"":true}"
61.828,right_hand,og,flick_angles,,"{""side_deg"":-10.7,""fwd_deg"":27.0}"
61.859,right_hand,og,acc,2495210,"{""seq"":3004,""x_mg"":424,""y_mg"":-160,""z_mg"":864}"
61.859,right_hand,og,tilt,,"{""roll_deg"":-4.4,""pitch_deg"":20.7,""steady"":true}"
61.859,right_hand,og,flick_angles,,"{""side_deg"":-11.0,""fwd_deg"":26.7}"
61.859,right_hand,og,acc,2495230,"{""seq"":3005,""x_mg"":424,""y_mg"":-152,""z_mg"":860}"
61.859,right_hand,og,tilt,,"{""roll_deg"":-4.4,""pitch_deg"":20.5,""steady"":true}"
61.859,right_hand,og,flick_angles,,"{""side_deg"":-10.2,""fwd_deg"":26.3}"
61.890,right_hand,og,acc,2495251,"{""seq"":3006,""x_mg"":424,""y_mg"":-156,""z_mg"":840}"
61.890,right_hand,og,tilt,,"{""roll_deg"":-4.4,""pitch_deg"":20.3,""steady"":true}"
61.890,right_hand,og,flick_angles,,"{""side_deg"":-9.8,""fwd_deg"":26.1}"
61.890,right_hand,og,acc,2495271,"{""seq"":3007,""x_mg"":440,""y_mg"":-156,""z_mg"":816}"
61.890,right_hand,og,tilt,,"{""roll_deg"":-4.4,""pitch_deg"":20.3,""steady"":true}"
61.890,right_hand,og,flick_angles,,"{""side_deg"":-9.6,""fwd_deg"":26.2}"
61.922,right_hand,og,acc,2495292,"{""seq"":3008,""x_mg"":444,""y_mg"":-164,""z_mg"":804}"
61.922,right_hand,og,tilt,,"{""roll_deg"":-4.4,""pitch_deg"":20.3,""steady"":true}"
61.922,right_hand,og,flick_angles,,"{""side_deg"":-9.6,""fwd_deg"":27.1}"
61.953,right_hand,og,acc,2495312,"{""seq"":3009,""x_mg"":428,""y_mg"":-148,""z_mg"":784}"
61.953,right_hand,og,tilt,,"{""roll_deg"":-4.4,""pitch_deg"":20.3,""steady"":true}"
61.953,right_hand,og,flick_angles,,"{""side_deg"":-9.6,""fwd_deg"":27.6}"
61.953,right_hand,og,acc,2495333,"{""seq"":3010,""x_mg"":432,""y_mg"":-124,""z_mg"":772}"
61.953,right_hand,og,tilt,,"{""roll_deg"":-4.4,""pitch_deg"":20.3,""steady"":true}"
61.953,right_hand,og,flick_angles,,"{""side_deg"":-9.5,""fwd_deg"":28.0}"
61.984,right_hand,og,acc,2495354,"{""seq"":3011,""x_mg"":376,""y_mg"":-96,""z_mg"":824}"
61.984,right_hand,og,tilt,,"{""roll_deg"":-4.4,""pitch_deg"":20.3,""steady"":true}"
61.984,right_hand,og,flick_angles,,"{""side_deg"":-8.7,""fwd_deg"":28.1}"
62.015,right_hand,og,acc,2495374,"{""seq"":3012,""x_mg"":344,""y_mg"":-72,""z_mg"":888}"
62.015,right_hand,og,tilt,,"{""roll_deg"":-4.2,""pitch_deg"":20.3,""steady"":true}"
62.015,right_hand,og,flick_angles,,"{""side_deg"":-7.4,""fwd_deg"":26.3}"
62.015,right_hand,og,acc,2495395,"{""seq"":3013,""x_mg"":324,""y_mg"":-80,""z_mg"":908}"
62.015,right_hand,og,tilt,,"{""roll_deg"":-3.5,""pitch_deg"":20.2,""steady"":true}"
62.015,right_hand,og,flick_angles,,"{""side_deg"":-6.1,""fwd_deg"":23.7}"
62.047,right_hand,og,acc,2495415,"{""seq"":3014,""x_mg"":312,""y_mg"":-124,""z_mg"":944}"
62.047,right_hand,og,tilt,,"{""roll_deg"":-2.8,""pitch_deg"":19.1,""steady"":true}"
62.047,right_hand,og,flick_angles,,"{""side_deg"":-5.4,""fwd_deg"":21.6}"
62.078,right_hand,og,acc,2495436,"{""seq"":3015,""x_mg"":276,""y_mg"":-116,""z_mg"":1008}"
62.078,right_hand,og,tilt,,"{""roll_deg"":-2.5,""pitch_deg"":17.4,""steady"":true}"
62.078,right_hand,og,flick_angles,,"{""side_deg"":-5.9,""fwd_deg"":19.9}"
62.078,right_hand,og,acc,2495456,"{""seq"":3016,""x_mg"":244,""y_mg"":-108,""z_mg"":1044}"
62.078,right_hand,og,tilt,,"{""roll_deg"":-2.3,""pitch_deg"":15.1,""steady"":true}"
62.078,right_hand,og,flick_angles,,"{""side_deg"":-6.1,""fwd_deg"":17.6}"
62.109,right_hand,og,acc,2495477,"{""seq"":3017,""x_mg"":232,""y_mg"":-108,""z_mg"":1044}"
62.109,right_hand,og,tilt,,"{""roll_deg"":-2.0,""pitch_deg"":12.4,""steady"":true}"
62.109,right_hand,og,flick_angles,,"{""side_deg"":-5.9,""fwd_deg"":15.3}"
62.140,right_hand,og,acc,2495498,"{""seq"":3018,""x_mg"":208,""y_mg"":-136,""z_mg"":1024}"
62.140,right_hand,og,tilt,,"{""roll_deg"":-1.7,""pitch_deg"":10.2,""steady"":true}"
62.140,right_hand,og,flick_angles,,"{""side_deg"":-5.9,""fwd_deg"":13.9}"
62.140,right_hand,og,acc,2495518,"{""seq"":3019,""x_mg"":208,""y_mg"":-136,""z_mg"":1056}"
62.140,right_hand,og,tilt,,"{""roll_deg"":-1.7,""pitch_deg"":8.4,""steady"":true}"
62.140,right_hand,og,flick_angles,,"{""side_deg"":-6.5,""fwd_deg"":12.6}"
62.156,right_hand,og,acc,2495539,"{""seq"":3020,""x_mg"":196,""y_mg"":-124,""z_mg"":1064}"
62.156,right_hand,og,tilt,,"{""roll_deg"":-1.7,""pitch_deg"":7.1,""steady"":true}"
62.156,right_hand,og,flick_angles,,"{""side_deg"":-6.9,""fwd_deg"":11.8}"
62.187,right_hand,og,acc,2495559,"{""seq"":3021,""x_mg"":168,""y_mg"":-108,""z_mg"":1076}"
62.187,right_hand,og,tilt,,"{""roll_deg"":-1.7,""pitch_deg"":6.0,""steady"":true}"
62.187,right_hand,og,flick_angles,,"{""side_deg"":-6.7,""fwd_deg"":11.1}"
62.219,right_hand,og,acc,2495580,"{""seq"":3022,""x_mg"":152,""y_mg"":-124,""z_mg"":1036}"
62.219,right_hand,og,tilt,,"{""roll_deg"":-1.7,""pitch_deg"":4.8,""steady"":true}"
62.219,right_hand,og,flick_angles,,"{""side_deg"":-6.6,""fwd_deg"":10.0}"
62.219,right_hand,og,acc,2495600,"{""seq"":3023,""x_mg"":164,""y_mg"":-136,""z_mg"":1028}"
62.219,right_hand,og,tilt,,"{""roll_deg"":-1.7,""pitch_deg"":4.0,""steady"":true}"
62.219,right_hand,og,flick_angles,,"{""side_deg"":-6.7,""fwd_deg"":9.4}"
62.250,right_hand,og,acc,2495621,"{""seq"":3024,""x_mg"":164,""y_mg"":-120,""z_mg"":1012}"
62.250,right_hand,og,tilt,,"{""roll_deg"":-1.7,""pitch_deg"":3.5,""steady"":true}"
62.250,right_hand,og,flick_angles,,"{""side_deg"":-6.7,""fwd_deg"":9.2}"
62.281,right_hand,og,acc,2495642,"{""seq"":3025,""x_mg"":160,""y_mg"":-104,""z_mg"":1000}"
62.281,right_hand,og,tilt,,"{""roll_deg"":-1.6,""pitch_deg"":3.2,""steady"":true}"
62.281,right_hand,og,flick_angles,,"{""side_deg"":-6.7,""fwd_deg"":9.1}"
62.281,right_hand,og,acc,2495662,"{""seq"":3026,""x_mg"":152,""y_mg"":-112,""z_mg"":980}"
62.281,right_hand,og,tilt,,"{""roll_deg"":-1.6,""pitch_deg"":3.1,""steady"":true}"
62.281,right_hand,og,flick_angles,,"{""side_deg"":-6.6,""fwd_deg"":9.1}"
62.312,right_hand,og,acc,2495683,"{""seq"":3027,""x_mg"":148,""y_mg"":-116,""z_mg"":988}"
62.312,right_hand,og,tilt,,"{""roll_deg"":-1.6,""pitch_deg"":2.9,""steady"":true}"
62.312,right_hand,og,flick_angles,,"{""side_deg"":-6.5,""fwd_deg"":8.9}"
62.344,right_hand,og,acc,2495703,"{""seq"":3028,""x_mg"":172,""y_mg"":-128,""z_mg"":976}"
62.344,right_hand,og,tilt,,"{""roll_deg"":-1.5,""pitch_deg"":2.7,""steady"":true}"
62.344,right_hand,og,flick_angles,,"{""side_deg"":-6.6,""fwd_deg"":8.8}"
62.344,right_hand,og,acc,2495724,"{""seq"":3029,""x_mg"":168,""y_mg"":-112,""z_mg"":972}"
62.344,right_hand,og,tilt,,"{""roll_deg"":-1.5,""pitch_deg"":2.7,""steady"":true}"
62.344,right_hand,og,flick_angles,,"{""side_deg"":-6.6,""fwd_deg"":9.3}"
62.375,right_hand,og,acc,2495744,"{""seq"":3030,""x_mg"":156,""y_mg"":-96,""z_mg"":976}"
62.375,right_hand,og,tilt,,"{""roll_deg"":-1.5,""pitch_deg"":2.7,""steady"":true}"
62.375,right_hand,og,flick_angles,,"{""side_deg"":-6.5,""fwd_deg"":9.5}"
62.375,right_hand,og,acc,2495765,"{""seq"":3031,""x_mg"":156,""y_mg"":-104,""z_mg"":984}"
62.375,right_hand,og,tilt,,"{""roll_deg"":-1.4,""pitch_deg"":2.7,""steady"":true}"
62.375,right_hand,og,flick_angles,,"{""side_deg"":-6.2,""fwd_deg"":9.3}"
62.406,right_hand,og,acc,2495786,"{""seq"":3032,""x_mg"":168,""y_mg"":-120,""z_mg"":984}"
62.406,right_hand,og,tilt,,"{""roll_deg"":-1.4,""pitch_deg"":2.7,""steady"":true}"
62.406,right_hand,og,flick_angles,,"{""side_deg"":-6.1,""fwd_deg"":9.2}"
62.437,right_hand,og,acc,2495806,"{""seq"":3033,""x_mg"":168,""y_mg"":-120,""z_mg"":980}"
62.437,right_hand,og,tilt,,"{""roll_deg"":-1.4,""pitch_deg"":2.7,""steady"":true}"
62.437,right_hand,og,flick_angles,,"{""side_deg"":-6.5,""fwd_deg"":9.4}"
62.469,right_hand,og,acc,2495827,"{""seq"":3034,""x_mg"":172,""y_mg"":-112,""z_mg"":976}"
62.469,right_hand,og,tilt,,"{""roll_deg"":-1.4,""pitch_deg"":2.7,""steady"":true}"
62.469,right_hand,og,flick_angles,,"{""side_deg"":-6.7,""fwd_deg"":9.5}"
62.469,right_hand,og,acc,2495847,"{""seq"":3035,""x_mg"":184,""y_mg"":-116,""z_mg"":976}"
62.469,right_hand,og,tilt,,"{""roll_deg"":-1.4,""pitch_deg"":2.7,""steady"":true}"
62.469,right_hand,og,flick_angles,,"{""side_deg"":-6.7,""fwd_deg"":9.7}"
62.500,right_hand,og,acc,2495868,"{""seq"":3036,""x_mg"":184,""y_mg"":-124,""z_mg"":968}"
62.500,right_hand,og,tilt,,"{""roll_deg"":-1.4,""pitch_deg"":2.7,""steady"":true}"
62.500,right_hand,og,flick_angles,,"{""side_deg"":-6.7,""fwd_deg"":10.2}"
62.531,right_hand,og,acc,2495888,"{""seq"":3037,""x_mg"":188,""y_mg"":-132,""z_mg"":964}"
62.531,right_hand,og,tilt,,"{""roll_deg"":-1.4,""pitch_deg"":2.7,""steady"":true}"
62.531,right_hand,og,flick_angles,,"{""side_deg"":-6.9,""fwd_deg"":10.4}"
62.531,right_hand,og,acc,2495909,"{""seq"":3038,""x_mg"":200,""y_mg"":-100,""z_mg"":972}"
62.531,right_hand,og,tremor,,"{""rms_mg"":24.6,""peak_hz"":4.6}"
62.531,right_hand,og,tilt,,"{""roll_deg"":-1.4,""pitch_deg"":2.7,""steady"":true}"
62.531,right_hand,og,flick_angles,,"{""side_deg"":-7.0,""fwd_deg"":10.7}"
62.562,right_hand,og,acc,2495929,"{""seq"":3039,""x_mg"":200,""y_mg"":-92,""z_mg"":972}"
62.562,right_hand,og,tilt,,"{""roll_deg"":-1.4,""pitch_deg"":2.7,""steady"":true}"
62.562,right_hand,og,flick_angles,,"{""side_deg"":-6.4,""fwd_deg"":11.1}"
62.594,right_hand,og,acc,2495950,"{""seq"":3040,""x_mg"":208,""y_mg"":-88,""z_mg"":968}"
62.594,right_hand,og,tilt,,"{""roll_deg"":-1.3,""pitch_deg"":2.8,""steady"":true}"
62.594,right_hand,og,flick_angles,,"{""side_deg"":-5.8,""fwd_deg"":11.3}"
62.594,right_hand,og,acc,2495971,"{""seq"":3041,""x_mg"":204,""y_mg"":-100,""z_mg"":976}"
62.594,right_hand,og,tilt,,"{""roll_deg"":-1.2,""pitch_deg"":3.0,""steady"":true}"
62.594,right_hand,og,flick_angles,,"{""side_deg"":-5.6,""fwd_deg"":11.5}"
62.625,right_hand,og,acc,2495991,"{""seq"":3042,""x_mg"":180,""y_mg"":-104,""z_mg"":968}"
62.625,right_hand,og,tilt,,"{""roll_deg"":-1.1,""pitch_deg"":3.2,""steady"":true}"
62.625,right_hand,og,flick_angles,,"{""side_deg"":-5.6,""fwd_deg"":11.6}"
62.656,right_hand,og,acc,2496012,"{""seq"":3043,""x_mg"":184,""y_mg"":-128,""z_mg"":972}"
62.656,right_hand,og,tilt,,"{""roll_deg"":-1.1,""pitch_deg"":3.2,""steady"":true}"
62.656,right_hand,og,flick_angles,,"{""side_deg"":-5.8,""fwd_deg"":11.1}"
62.656,right_hand,og,acc,2496032,"{""seq"":3044,""x_mg"":184,""y_mg"":-120,""z_mg"":984}"
62.656,right_hand,og,tilt,,"{""roll_deg"":-1.1,""pitch_deg"":3.2,""steady"":true}"
62.656,right_hand,og,flick_angles,,"{""side_deg"":-6.3,""fwd_deg"":10.8}"
62.687,right_hand,og,acc,2496053,"{""seq"":3045,""x_mg"":180,""y_mg"":-132,""z_mg"":996}"
62.687,right_hand,og,tilt,,"{""roll_deg"":-1.1,""pitch_deg"":3.2,""steady"":true}"
62.687,right_hand,og,flick_angles,,"{""side_deg"":-6.9,""fwd_deg"":10.7}"
62.687,right_hand,og,acc,2496073,"{""seq"":3046,""x_mg"":168,""y_mg"":-172,""z_mg"":980}"
62.687,right_hand,og,tilt,,"{""roll_deg"":-1.1,""pitch_deg"":3.2,""steady"":true}"
62.687,right_hand,og,flick_angles,,"{""side_deg"":-7.1,""fwd_deg"":10.4}"
62.719,right_hand,og,acc,2496094,"{""seq"":3047,""x_mg"":152,""y_mg"":-180,""z_mg"":980}"
62.719,right_hand,og,tilt,,"{""roll_deg"":-1.1,""pitch_deg"":3.2,""steady"":true}"
62.719,right_hand,og,flick_angles,,"{""side_deg"":-8.5,""fwd_deg"":10.0}"
62.750,right_hand,og,acc,2496115,"{""seq"":3048,""x_mg"":148,""y_mg"":-164,""z_mg"":972}"
62.750,right_hand,og,tilt,,"{""roll_deg"":-1.2,""pitch_deg"":3.2,""steady"":true}"
62.750,right_hand,og,flick_angles,,"{""side_deg"":-9.1,""fwd_deg"":9.3}"
62.750,right_hand,og,acc,2496135,"{""seq"":3049,""x_mg"":132,""y_mg"":-152,""z_mg"":980}"
62.750,right_hand,og,tilt,,"{""roll_deg"":-1.6,""pitch_deg"":3.2,""steady"":true}"
62.750,right_hand,og,flick_angles,,"{""side_deg"":-9.3,""fwd_deg"":8.9}"
62.781,right_hand,og,acc,2496156,"{""seq"":3050,""x_mg"":136,""y_mg"":-156,""z_mg"":980}"
62.781,right_hand,og,tilt,,"{""roll_deg"":-1.8,""pitch_deg"":3.2,""steady"":true}"
62.781,right_hand,og,flick_angles,,"{""side_deg"":-9.1,""fwd_deg"":8.4}"
62.812,right_hand,og,acc,2496176,"{""seq"":3051,""x_mg"":132,""y_mg"":-172,""z_mg"":960}"
62.812,right_hand,og,tilt,,"{""roll_deg"":-2.0,""pitch_deg"":3.2,""steady"":true}"
62.812,right_hand,og,flick_angles,,"{""side_deg"":-9.0,""fwd_deg"":8.0}"
62.812,right_hand,og,acc,2496197,"{""seq"":3052,""x_mg"":132,""y_mg"":-180,""z_mg"":976}"
62.812,right_hand,og,tilt,,"{""roll_deg"":-2.3,""pitch_deg"":2.9,""steady"":true}"
62.812,right_hand,og,flick_angles,,"{""side_deg"":-9.6,""fwd_deg"":7.9}"
62.844,right_hand,og,acc,2496217,"{""seq"":3053,""x_mg"":136,""y_mg"":-152,""z_mg"":976}"
62.844,right_hand,og,tilt,,"{""roll_deg"":-2.6,""pitch_deg"":2.7,""steady"":true}"
62.844,right_hand,og,flick_angles,,"{""side_deg"":-9.8,""fwd_deg"":7.8}"
62.875,right_hand,og,acc,2496238,"{""seq"":3054,""x_mg"":144,""y_mg"":-100,""z_mg"":992}"
62.875,right_hand,og,tilt,,"{""roll_deg"":-2.7,""pitch_deg"":2.5,""steady"":true}"
62.875,right_hand,og,flick_angles,,"{""side_deg"":-9.3,""fwd_deg"":7.8}"
62.875,right_hand,og,acc,2496259,"{""seq"":3055,""x_mg"":144,""y_mg"":-96,""z_mg"":992}"
62.875,right_hand,og,tilt,,"{""roll_deg"":-2.7,""pitch_deg"":2.4,""steady"":true}"
62.875,right_hand,og,flick_angles,,"{""side_deg"":-7.5,""fwd_deg"":8.0}"
62.906,right_hand,og,acc,2496279,"{""seq"":3056,""x_mg"":156,""y_mg"":-76,""z_mg"":992}"
62.906,right_hand,og,tilt,,"{""roll_deg"":-2.7,""pitch_deg"":2.3,""steady"":true}"
62.906,right_hand,og,flick_angles,,"{""side_deg"":-6.5,""fwd_deg"":8.1}"
62.937,right_hand,og,acc,2496300,"{""seq"":3057,""x_mg"":168,""y_mg"":-88,""z_mg"":984}"
62.937,right_hand,og,tilt,,"{""roll_deg"":-2.6,""pitch_deg"":2.3,""steady"":true}"
62.937,right_hand,og,flick_angles,,"{""side_deg"":-5.8,""fwd_deg"":8.5}"
62.937,right_hand,og,acc,2496320,"{""seq"":3058,""x_mg"":164,""y_mg"":-104,""z_mg"":972}"
62.937,right_hand,og,tilt,,"{""roll_deg"":-2.3,""pitch_deg"":2.3,""steady"":true}"
62.937,right_hand,og,flick_angles,,"{""side_deg"":-5.4,""fwd_deg"":9.0}"
62.969,right_hand,og,acc,2496341,"{""seq"":3059,""x_mg"":160,""y_mg"":-124,""z_mg"":972}"
62.969,right_hand,og,tilt,,"{""roll_deg"":-2.2,""pitch_deg"":2.3,""steady"":true}"
62.969,right_hand,og,flick_angles,,"{""side_deg"":-5.7,""fwd_deg"":9.3}"
63.000,right_hand,og,acc,2496361,"{""seq"":3060,""x_mg"":160,""y_mg"":-148,""z_mg"":976}"
63.000,right_hand,og,tilt,,"{""roll_deg"":-2.1,""pitch_deg"":2.3,""steady"":true}"
63.000,right_hand,og,flick_angles,,"{""side_deg"":-6.4,""fwd_deg"":9.3}"
63.000,right_hand,og,acc,2496382,"{""seq"":3061,""x_mg"":132,""y_mg"":-176,""z_mg"":960}"
63.000,right_hand,og,tilt,,"{""roll_deg"":-2.1,""pitch_deg"":2.3,""steady"":true}"
63.000,right_hand,og,flick_angles,,"{""side_deg"":-7.5,""fwd_deg"":9.2}"
63.031,right_hand,og,acc,2496403,"{""seq"":3062,""x_mg"":116,""y_mg"":-176,""z_mg"":952}"
63.031,right_hand,og,tilt,,"{""roll_deg"":-2.1,""pitch_deg"":2.3,""steady"":true}"
63.031,right_hand,og,flick_angles,,"{""side_deg"":-8.9,""fwd_deg"":8.5}"
63.062,right_hand,og,acc,2496423,"{""seq"":3063,""x_mg"":112,""y_mg"":-176,""z_mg"":948}"
63.062,right_hand,og,tilt,,"{""roll_deg"":-2.1,""pitch_deg"":2.2,""steady"":true}"
63.062,right_hand,og,flick_angles,,"{""side_deg"":-9.6,""fwd_deg"":7.7}"
63.062,right_hand,og,acc,2496444,"{""seq"":3064,""x_mg"":120,""y_mg"":-164,""z_mg"":960}"
63.062,right_hand,og,tilt,,"{""roll_deg"":-2.2,""pitch_deg"":2.0,""steady"":true}"
63.062,right_hand,og,flick_angles,,"{""side_deg"":-10.0,""fwd_deg"":7.2}"
63.109,right_hand,og,acc,2496464,"{""seq"":3065,""x_mg"":128,""y_mg"":-156,""z_mg"":980}"
63.109,right_hand,og,tilt,,"{""roll_deg"":-2.4,""pitch_deg"":1.8,""steady"":true}"
63.109,right_hand,og,flick_angles,,"{""side_deg"":-9.8,""fwd_deg"":7.1}"
63.109,right_hand,og,acc,2496485,"{""seq"":3066,""x_mg"":120,""y_mg"":-152,""z_mg"":980}"
63.109,right_hand,og,tilt,,"{""roll_deg"":-2.5,""pitch_deg"":1.6,""steady"":true}"
63.109,right_hand,og,flick_angles,,"{""side_deg"":-9.4,""fwd_deg"":7.1}"
63.140,right_hand,og,acc,2496505,"{""seq"":3067,""x_mg"":116,""y_mg"":-128,""z_mg"":988}"
63.140,right_hand,og,tilt,,"{""roll_deg"":-2.5,""pitch_deg"":1.4,""steady"":true}"
63.140,right_hand,og,flick_angles,,"{""side_deg"":-9.1,""fwd_deg"":7.0}"
63.172,right_hand,og,acc,2496526,"{""seq"":3068,""x_mg"":128,""y_mg"":-100,""z_mg"":980}"
63.172,right_hand,og,tilt,,"{""roll_deg"":-2.5,""pitch_deg"":1.3,""steady"":true}"
63.172,right_hand,og,flick_angles,,"{""side_deg"":-8.2,""fwd_deg"":6.9}"
63.172,right_hand,og,acc,2496546,"{""seq"":3069,""x_mg"":140,""y_mg"":-64,""z_mg"":988}"
63.172,right_hand,og,tilt,,"{""roll_deg"":-2.5,""pitch_deg"":1.3,""steady"":true}"
63.172,right_hand,og,flick_angles,,"{""side_deg"":-7.0,""fwd_deg"":7.2}"
63.203,right_hand,og,acc,2496567,"{""seq"":3070,""x_mg"":148,""y_mg"":-48,""z_mg"":980}"
63.203,right_hand,og,tilt,,"{""roll_deg"":-2.5,""pitch_deg"":1.3,""steady"":true}"
63.203,right_hand,og,flick_angles,,"{""side_deg"":-5.3,""fwd_deg"":7.6}"
63.234,right_hand,og,acc,2496588,"{""seq"":3071,""x_mg"":152,""y_mg"":-8,""z_mg"":976}"
63.234,right_hand,og,tilt,,"{""roll_deg"":-1.8,""pitch_deg"":1.3,""steady"":true}"
63.234,right_hand,og,flick_angles,,"{""side_deg"":-4.1,""fwd_deg"":8.1}"
63.234,right_hand,og,acc,2496608,"{""seq"":3072,""x_mg"":164,""y_mg"":56,""z_mg"":980}"
63.234,right_hand,og,tilt,,"{""roll_deg"":-0.4,""pitch_deg"":1.3,""steady"":true}"
63.234,right_hand,og,flick_angles,,"{""side_deg"":-2.3,""fwd_deg"":8.5}"
63.265,right_hand,og,acc,2496629,"{""seq"":3073,""x_mg"":180,""y_mg"":120,""z_mg"":992}"
63.265,right_hand,og,tilt,,"{""roll_deg"":2.0,""pitch_deg"":1.3,""steady"":true}"
63.265,right_hand,og,flick_angles,,"{""side_deg"":0.5,""fwd_deg"":9.0}"
63.297,right_hand,og,acc,2496649,"{""seq"":3074,""x_mg"":168,""y_mg"":176,""z_mg"":1004}"
63.297,right_hand,og,tilt,,"{""roll_deg"":5.1,""pitch_deg"":1.3,""steady"":true}"
63.297,right_hand,og,flick_angles,,"{""side_deg"":3.6,""fwd_deg"":9.2}"
63.297,right_hand,og,acc,2496670,"{""seq"":3075,""x_mg"":188,""y_mg"":156,""z_mg"":988}"
63.297,right_hand,og,tilt,,"{""roll_deg"":8.3,""pitch_deg"":1.3,""steady"":true}"
63.297,right_hand,og,flick_angles,,"{""side_deg"":6.2,""fwd_deg"":9.7}"
63.328,right_hand,og,acc,2496690,"{""seq"":3076,""x_mg"":200,""y_mg"":140,""z_mg"":988}"
63.328,right_hand,og,tilt,,"{""roll_deg"":10.4,""pitch_deg"":1.4,""steady"":true}"
63.328,right_hand,og,flick_angles,,"{""side_deg"":7.5,""fwd_deg"":10.2}"
63.328,right_hand,og,acc,2496711,"{""seq"":3077,""x_mg"":208,""y_mg"":168,""z_mg"":988}"
63.328,right_hand,og,tilt,,"{""roll_deg"":11.7,""pitch_deg"":1.8,""steady"":true}"
63.328,right_hand,og,flick_angles,,"{""side_deg"":8.2,""fwd_deg"":10.8}"
63.359,right_hand,og,acc,2496732,"{""seq"":3078,""x_mg"":224,""y_mg"":220,""z_mg"":992}"
63.359,right_hand,og,tilt,,"{""roll_deg"":12.8,""pitch_deg"":2.2,""steady"":true}"
63.359,right_hand,og,flick_angles,,"{""side_deg"":8.8,""fwd_deg"":11.2}"
63.390,right_hand,og,acc,2496752,"{""seq"":3079,""x_mg"":228,""y_mg"":256,""z_mg"":996}"
63.390,right_hand,og,tilt,,"{""roll_deg"":14.4,""pitch_deg"":2.8,""steady"":true}"
63.390,right_hand,og,flick_angles,,"{""side_deg"":10.5,""fwd_deg"":11.8}"
63.390,right_hand,og,acc,2496773,"{""seq"":3080,""x_mg"":228,""y_mg"":248,""z_mg"":1000}"
63.390,right_hand,og,tilt,,"{""roll_deg"":16.0,""pitch_deg"":3.2,""steady"":true}"
63.390,right_hand,og,flick_angles,,"{""side_deg"":12.1,""fwd_deg"":12.2}"
63.422,right_hand,og,acc,2496793,"{""seq"":3081,""x_mg"":244,""y_mg"":192,""z_mg"":984}"
63.422,right_hand,og,tilt,,"{""roll_deg"":17.0,""pitch_deg"":3.6,""steady"":true}"
63.422,right_hand,og,flick_angles,,"{""side_deg"":12.8,""fwd_deg"":12.3}"
63.453,right_hand,og,acc,2496814,"{""seq"":3082,""x_mg"":256,""y_mg"":148,""z_mg"":976}"
63.453,right_hand,og,tilt,,"{""roll_deg"":17.0,""pitch_deg"":4.3,""steady"":true}"
63.453,right_hand,og,flick_angles,,"{""side_deg"":11.8,""fwd_deg"":13.0}"
63.453,right_hand,og,acc,2496834,"{""seq"":3083,""x_mg"":260,""y_mg"":116,""z_mg"":952}"
63.453,right_hand,og,tilt,,"{""roll_deg"":16.6,""pitch_deg"":4.9,""steady"":true}"
63.453,right_hand,og,flick_angles,,"{""side_deg"":10.1,""fwd_deg"":13.8}"
63.484,right_hand,og,acc,2496855,"{""seq"":3084,""x_mg"":264,""y_mg"":96,""z_mg"":940}"
63.484,right_hand,og,tilt,,"{""roll_deg"":15.7,""pitch_deg"":5.7,""steady"":true}"
63.484,right_hand,og,flick_angles,,"{""side_deg"":8.4,""fwd_deg"":14.5}"
63.515,right_hand,og,acc,2496875,"{""seq"":3085,""x_mg"":260,""y_mg"":104,""z_mg"":940}"
63.515,right_hand,og,tilt,,"{""roll_deg"":15.0,""pitch_deg"":6.2,""steady"":true}"
63.515,right_hand,og,flick_angles,,"{""side_deg"":7.2,""fwd_deg"":14.9}"
63.515,right_hand,og,acc,2496896,"{""seq"":3086,""x_mg"":248,""y_mg"":88,""z_mg"":932}"
63.515,right_hand,og,tilt,,"{""roll_deg"":14.6,""pitch_deg"":6.7,""steady"":true}"
63.515,right_hand,og,flick_angles,,"{""side_deg"":6.4,""fwd_deg"":15.1}"
63.547,right_hand,og,acc,2496917,"{""seq"":3087,""x_mg"":244,""y_mg"":88,""z_mg"":960}"
63.547,right_hand,og,tilt,,"{""roll_deg"":14.3,""pitch_deg"":6.9,""steady"":true}"
63.547,right_hand,og,flick_angles,,"{""side_deg"":5.8,""fwd_deg"":15.0}"
63.578,right_hand,og,acc,2496937,"{""seq"":3088,""x_mg"":236,""y_mg"":48,""z_mg"":944}"
63.578,right_hand,og,tilt,,"{""roll_deg"":14.0,""pitch_deg"":6.9,""steady"":true}"
63.578,right_hand,og,flick_angles,,"{""side_deg"":5.4,""fwd_deg"":14.6}"
63.578,right_hand,og,acc,2496958,"{""seq"":3089,""x_mg"":220,""y_mg"":12,""z_mg"":960}"
63.578,right_hand,og,tilt,,"{""roll_deg"":13.3,""pitch_deg"":6.9,""steady"":true}"
63.578,right_hand,og,flick_angles,,"{""side_deg"":4.1,""fwd_deg"":14.3}"
63.609,right_hand,og,acc,2496978,"{""seq"":3090,""x_mg"":204,""y_mg"":-4,""z_mg"":960}"
63.609,right_hand,og,tilt,,"{""roll_deg"":12.0,""pitch_deg"":6.9,""steady"":true}"
63.609,right_hand,og,flick_angles,,"{""side_deg"":2.4,""fwd_deg"":13.6}"
63.609,right_hand,og,acc,2496999,"{""seq"":3091,""x_mg"":204,""y_mg"":-28,""z_mg"":984}"
63.609,right_hand,og,tilt,,"{""roll_deg"":10.5,""pitch_deg"":6.9,""steady"":true}"
63.609,right_hand,og,flick_angles,,"{""side_deg"":1.1,""fwd_deg"":12.8}"
63.656,,game,miss,,"{""n"":20,""want"":""right""}"
63.656,right_hand,og,acc,2497019,"{""seq"":3092,""x_mg"":196,""y_mg"":-40,""z_mg"":972}"
63.656,right_hand,og,tilt,,"{""roll_deg"":8.9,""pitch_deg"":6.9,""steady"":true}"
63.656,right_hand,og,flick_angles,,"{""side_deg"":-0.3,""fwd_deg"":12.3}"
63.687,right_hand,og,acc,2497040,"{""seq"":3093,""x_mg"":192,""y_mg"":-60,""z_mg"":992}"
63.687,right_hand,og,tilt,,"{""roll_deg"":7.3,""pitch_deg"":6.8,""steady"":true}"
63.687,right_hand,og,flick_angles,,"{""side_deg"":-1.3,""fwd_deg"":11.8}"
63.687,right_hand,og,acc,2497061,"{""seq"":3094,""x_mg"":188,""y_mg"":-84,""z_mg"":976}"
63.687,right_hand,og,tilt,,"{""roll_deg"":5.8,""pitch_deg"":6.7,""steady"":true}"
63.687,right_hand,og,flick_angles,,"{""side_deg"":-2.3,""fwd_deg"":11.4}"
63.719,right_hand,og,acc,2497081,"{""seq"":3095,""x_mg"":192,""y_mg"":-92,""z_mg"":956}"
63.719,right_hand,og,tilt,,"{""roll_deg"":4.4,""pitch_deg"":6.5,""steady"":true}"
63.719,right_hand,og,flick_angles,,"{""side_deg"":-3.6,""fwd_deg"":11.2}"
63.750,right_hand,og,acc,2497102,"{""seq"":3096,""x_mg"":176,""y_mg"":-104,""z_mg"":972}"
63.750,right_hand,og,tilt,,"{""roll_deg"":3.1,""pitch_deg"":6.2,""steady"":true}"
63.750,right_hand,og,flick_angles,,"{""side_deg"":-4.5,""fwd_deg"":11.0}"
63.750,right_hand,og,acc,2497122,"{""seq"":3097,""x_mg"":176,""y_mg"":-80,""z_mg"":968}"
63.750,right_hand,og,tilt,,"{""roll_deg"":2.3,""pitch_deg"":5.9,""steady"":true}"
63.750,right_hand,og,flick_angles,,"{""side_deg"":-4.9,""fwd_deg"":10.6}"
63.781,right_hand,og,acc,2497143,"{""seq"":3098,""x_mg"":176,""y_mg"":-56,""z_mg"":976}"
63.781,right_hand,og,tilt,,"{""roll_deg"":2.0,""pitch_deg"":5.6,""steady"":true}"
63.781,right_hand,og,flick_angles,,"{""side_deg"":-4.8,""fwd_deg"":10.4}"
63.812,right_hand,og,acc,2497163,"{""seq"":3099,""x_mg"":160,""y_mg"":-28,""z_mg"":988}"
63.812,right_hand,og,tilt,,"{""roll_deg"":2.0,""pitch_deg"":5.3,""steady"":true}"
63.812,right_hand,og,flick_angles,,"{""side_deg"":-4.0,""fwd_deg"":10.3}"
63.812,right_hand,og,acc,2497184,"{""seq"":3100,""x_mg"":148,""y_mg"":-36,""z_mg"":980}"
63.812,right_hand,og,tilt,,"{""roll_deg"":2.0,""pitch_deg"":4.9,""steady"":true}"
63.812,right_hand,og,flick_angles,,"{""side_deg"":-3.0,""fwd_deg"":9.8}"
63.828,right_hand,og,acc,2497205,"{""seq"":3101,""x_mg"":152,""y_mg"":-44,""z_mg"":976}"
63.828,right_hand,og,tilt,,"{""roll_deg"":2.1,""pitch_deg"":4.4,""steady"":true}"
63.828,right_hand,og,flick_angles,,"{""side_deg"":-2.6,""fwd_deg"":9.3}"
63.859,right_hand,og,acc,2497225,"{""seq"":3102,""x_mg"":148,""y_mg"":-40,""z_mg"":972}"
63.859,right_hand,og,tilt,,"{""roll_deg"":2.2,""pitch_deg"":4.0,""steady"":true}"
63.859,right_hand,og,flick_angles,,"{""side_deg"":-2.4,""fwd_deg"":9.0}"
63.890,right_hand,og,acc,2497246,"{""seq"":3103,""x_mg"":148,""y_mg"":-28,""z_mg"":988}"
63.890,right_hand,og,tilt,,"{""roll_deg"":2.3,""pitch_deg"":3.6,""steady"":true}"
63.890,right_hand,og,flick_angles,,"{""side_deg"":-2.4,""fwd_deg"":8.8}"
63.890,right_hand,og,acc,2497266,"{""seq"":3104,""x_mg"":128,""y_mg"":-20,""z_mg"":996}"
63.890,right_hand,og,tilt,,"{""roll_deg"":2.5,""pitch_deg"":3.3,""steady"":true}"
63.890,right_hand,og,flick_angles,,"{""side_deg"":-2.0,""fwd_deg"":8.7}"
63.922,right_hand,og,acc,2497287,"{""seq"":3105,""x_mg"":152,""y_mg"":0,""z_mg"":996}"
63.922,right_hand,og,tilt,,"{""roll_deg"":2.7,""pitch_deg"":3.1,""steady"":true}"
63.922,right_hand,og,flick_angles,,"{""side_deg"":-1.6,""fwd_deg"":8.6}"
63.922,right_hand,og,acc,2497307,"{""seq"":3106,""x_mg"":168,""y_mg"":4,""z_mg"":980}"
63.922,right_hand,og,tilt,,"{""roll_deg"":2.9,""pitch_deg"":2.9,""steady"":true}"
63.922,right_hand,og,flick_angles,,"{""side_deg"":-0.8,""fwd_deg"":8.6}"
63.953,right_hand,og,acc,2497328,"{""seq"":3107,""x_mg"":172,""y_mg"":-8,""z_mg"":968}"
63.953,right_hand,og,tilt,,"{""roll_deg"":3.1,""pitch_deg"":2.9,""steady"":true}"
63.953,right_hand,og,flick_angles,,"{""side_deg"":-0.4,""fwd_deg"":9.2}"
63.984,right_hand,og,acc,2497349,"{""seq"":3108,""x_mg"":172,""y_mg"":-4,""z_mg"":984}"
63.984,right_hand,og,tilt,,"{""roll_deg"":3.2,""pitch_deg"":2.9,""steady"":true}"
63.984,right_hand,og,flick_angles,,"{""side_deg"":-0.3,""fwd_deg"":9.5}"
64.015,right_hand,og,acc,2497369,"{""seq"":3109,""x_mg"":172,""y_mg"":-4,""z_mg"":976}"
64.015,right_hand,og,tilt,,"{""roll_deg"":3.4,""pitch_deg"":2.9,""steady"":true}"
64.015,right_hand,og,flick_angles,,"{""side_deg"":-0.3,""fwd_deg"":9.8}"
64.015,right_hand,og,acc,2497390,"{""seq"":3110,""x_mg"":172,""y_mg"":4,""z_mg"":992}"
64.015,right_hand,og,tilt,,"{""roll_deg"":3.6,""pitch_deg"":2.9,""steady"":true}"
64.015,right_hand,og,flick_angles,,"{""side_deg"":-0.3,""fwd_deg"":9.8}"
64.031,right_hand,og,acc,2497410,"{""seq"":3111,""x_mg"":172,""y_mg"":4,""z_mg"":984}"
64.031,right_hand,og,tilt,,"{""roll_deg"":3.8,""pitch_deg"":2.9,""steady"":true}"
64.031,right_hand,og,flick_angles,,"{""side_deg"":-0.0,""fwd_deg"":9.9}"
64.062,right_hand,og,acc,2497431,"{""seq"":3112,""x_mg"":180,""y_mg"":-8,""z_mg"":988}"
64.062,right_hand,og,tilt,,"{""roll_deg"":4.0,""pitch_deg"":2.9,""steady"":true}"
64.062,right_hand,og,flick_angles,,"{""side_deg"":0.1,""fwd_deg"":9.9}"
64.062,right_hand,og,acc,2497451,"{""seq"":3113,""x_mg"":160,""y_mg"":-8,""z_mg"":1004}"
64.062,right_hand,og,tilt,,"{""roll_deg"":4.1,""pitch_deg"":2.9,""steady"":true}"
64.062,right_hand,og,flick_angles,,"{""side_deg"":-0.2,""fwd_deg"":9.9}"
64.094,right_hand,og,acc,2497472,"{""seq"":3114,""x_mg"":168,""y_mg"":-20,""z_mg"":1008}"
64.094,right_hand,og,tilt,,"{""roll_deg"":4.2,""pitch_deg"":2.9,""steady"":true}"
64.094,right_hand,og,flick_angles,,"{""side_deg"":-0.3,""fwd_deg"":9.7}"
64.125,right_hand,og,acc,2497492,"{""seq"":3115,""x_mg"":160,""y_mg"":-12,""z_mg"":1000}"
64.125,right_hand,og,tilt,,"{""roll_deg"":4.2,""pitch_deg"":2.9,""steady"":true}"
64.125,right_hand,og,flick_angles,,"{""side_deg"":-0.5,""fwd_deg"":9.4}"
64.156,right_hand,og,acc,2497513,"{""seq"":3116,""x_mg"":168,""y_mg"":-20,""z_mg"":988}"
64.156,right_hand,og,tilt,,"{""roll_deg"":4.2,""pitch_deg"":2.9,""steady"":true}"
64.156,right_hand,og,flick_angles,,"{""side_deg"":-0.8,""fwd_deg"":9.4}"
64.156,right_hand,og,acc,2497534,"{""seq"":3117,""x_mg"":168,""y_mg"":-28,""z_mg"":980}"
64.156,right_hand,og,tilt,,"{""roll_deg"":4.2,""pitch_deg"":2.9,""steady"":true}"
64.156,right_hand,og,flick_angles,,"{""side_deg"":-1.0,""fwd_deg"":9.5}"
64.187,right_hand,og,acc,2497554,"{""seq"":3118,""x_mg"":172,""y_mg"":-48,""z_mg"":980}"
64.187,right_hand,og,tilt,,"{""roll_deg"":4.2,""pitch_deg"":2.9,""steady"":true}"
64.187,right_hand,og,flick_angles,,"{""side_deg"":-1.3,""fwd_deg"":9.6}"
64.187,right_hand,og,acc,2497575,"{""seq"":3119,""x_mg"":164,""y_mg"":-60,""z_mg"":968}"
64.187,right_hand,og,tilt,,"{""roll_deg"":4.2,""pitch_deg"":2.9,""steady"":true}"
64.187,right_hand,og,flick_angles,,"{""side_deg"":-2.0,""fwd_deg"":9.7}"
64.219,right_hand,og,acc,2497595,"{""seq"":3120,""x_mg"":160,""y_mg"":-76,""z_mg"":976}"
64.219,right_hand,og,tilt,,"{""roll_deg"":4.2,""pitch_deg"":2.9,""steady"":true}"
64.219,right_hand,og,flick_angles,,"{""side_deg"":-2.8,""fwd_deg"":9.6}"
64.234,right_hand,og,acc,2497616,"{""seq"":3121,""x_mg"":148,""y_mg"":-84,""z_mg"":972}"
64.234,right_hand,og,tilt,,"{""roll_deg"":4.2,""pitch_deg"":2.9,""steady"":true}"
64.234,right_hand,og,flick_angles,,"{""side_deg"":-3.6,""fwd_deg"":9.5}"
64.265,right_hand,og,acc,2497636,"{""seq"":3122,""x_mg"":144,""y_mg"":-72,""z_mg"":984}"
64.265,right_hand,og,tilt,,"{""roll_deg"":3.9,""pitch_deg"":2.9,""steady"":true}"
64.265,right_hand,og,flick_angles,,"{""side_deg"":-4.0,""fwd_deg"":9.0}"
64.297,right_hand,og,acc,2497657,"{""seq"":3123,""x_mg"":156,""y_mg"":-84,""z_mg"":996}"
64.297,right_hand,og,tilt,,"{""roll_deg"":3.5,""pitch_deg"":2.9,""steady"":true}"
64.297,right_hand,og,flick_angles,,"{""side_deg"":-4.4,""fwd_deg"":8.8}"
64.297,right_hand,og,acc,2497678,"{""seq"":3124,""x_mg"":136,""y_mg"":-72,""z_mg"":1008}"
64.297,right_hand,og,tilt,,"{""roll_deg"":3.2,""pitch_deg"":2.9,""steady"":true}"
64.297,right_hand,og,flick_angles,,"{""side_deg"":-4.3,""fwd_deg"":8.6}"
64.328,right_hand,og,acc,2497698,"{""seq"":3125,""x_mg"":128,""y_mg"":-88,""z_mg"":1004}"
64.328,right_hand,og,tilt,,"{""roll_deg"":2.9,""pitch_deg"":2.7,""steady"":true}"
64.328,right_hand,og,flick_angles,,"{""side_deg"":-4.5,""fwd_deg"":8.1}"
64.328,right_hand,og,acc,2497719,"{""seq"":3126,""x_mg"":124,""y_mg"":-104,""z_mg"":1000}"
64.328,right_hand,og,tilt,,"{""roll_deg"":2.5,""pitch_deg"":2.4,""steady"":true}"
64.328,right_hand,og,flick_angles,,"{""side_deg"":-4.7,""fwd_deg"":7.7}"
64.359,right_hand,og,acc,2497739,"{""seq"":3127,""x_mg"":120,""y_mg"":-104,""z_mg"":988}"
64.359,right_hand,og,tilt,,"{""roll_deg"":2.1,""pitch_deg"":2.2,""steady"":true}"
64.359,right_hand,og,flick_angles,,"{""side_deg"":-5.3,""fwd_deg"":7.4}"
64.406,right_hand,og,acc,2497760,"{""seq"":3128,""x_mg"":124,""y_mg"":-96,""z_mg"":1016}"
64.406,right_hand,og,tilt,,"{""roll_deg"":1.7,""pitch_deg"":1.9,""steady"":true}"
64.406,right_hand,og,flick_angles,,"{""side_deg"":-5.6,""fwd_deg"":7.1}"
64.406,right_hand,og,acc,2497780,"{""seq"":3129,""x_mg"":116,""y_mg"":-100,""z_mg"":1036}"
64.406,right_hand,og,tilt,,"{""roll_deg"":1.4,""pitch_deg"":1.7,""steady"":true}"
64.406,right_hand,og,flick_angles,,"{""side_deg"":-5.5,""fwd_deg"":7.0}"
64.437,right_hand,og,acc,2497801,"{""seq"":3130,""x_mg"":116,""y_mg"":-84,""z_mg"":1016}"
64.437,right_hand,og,tilt,,"{""roll_deg"":1.3,""pitch_deg"":1.4,""steady"":true}"
64.437,right_hand,og,flick_angles,,"{""side_deg"":-5.5,""fwd_deg"":6.8}"
64.453,right_hand,og,acc,2497822,"{""seq"":3131,""x_mg"":124,""y_mg"":-92,""z_mg"":988}"
64.453,right_hand,og,tilt,,"{""roll_deg"":1.2,""pitch_deg"":1.2,""steady"":true}"
64.453,right_hand,og,flick_angles,,"{""side_deg"":-5.4,""fwd_deg"":6.6}"
64.453,right_hand,og,acc,2497842,"{""seq"":3132,""x_mg"":132,""y_mg"":-108,""z_mg"":996}"
64.453,right_hand,og,tilt,,"{""roll_deg"":1.1,""pitch_deg"":1.1,""steady"":true}"
64.453,right_hand,og,flick_angles,,"{""side_deg"":-5.3,""fwd_deg"":6.9}"
64.484,right_hand,og,acc,2497863,"{""seq"":3133,""x_mg"":144,""y_mg"":-108,""z_mg"":988}"
64.484,right_hand,og,tilt,,"{""roll_deg"":0.9,""pitch_deg"":1.1,""steady"":true}"
64.484,right_hand,og,flick_angles,,"{""side_deg"":-5.7,""fwd_deg"":7.2}"
64.515,right_hand,og,acc,2497883,"{""seq"":3134,""x_mg"":140,""y_mg"":-96,""z_mg"":996}"
64.515,right_hand,og,tilt,,"{""roll_deg"":0.7,""pitch_deg"":1.1,""steady"":true}"
64.515,right_hand,og,flick_angles,,"{""side_deg"":-5.9,""fwd_deg"":7.6}"
64.547,right_hand,og,acc,2497904,"{""seq"":3135,""x_mg"":148,""y_mg"":-104,""z_mg"":980}"
64.547,right_hand,og,tilt,,"{""roll_deg"":0.6,""pitch_deg"":1.1,""steady"":true}"
64.547,right_hand,og,flick_angles,,"{""side_deg"":-6.0,""fwd_deg"":7.9}"
64.547,right_hand,og,acc,2497924,"{""seq"":3136,""x_mg"":140,""y_mg"":-104,""z_mg"":976}"
64.547,right_hand,og,tremor,,"{""rms_mg"":24.0,""peak_hz"":5.1}"
64.547,right_hand,og,tilt,,"{""roll_deg"":0.5,""pitch_deg"":1.1,""steady"":true}"
64.547,right_hand,og,flick_angles,,"{""side_deg"":-6.0,""fwd_deg"":8.0}"
64.578,right_hand,og,acc,2497945,"{""seq"":3137,""x_mg"":132,""y_mg"":-120,""z_mg"":960}"
64.578,right_hand,og,tilt,,"{""roll_deg"":0.4,""pitch_deg"":1.1,""steady"":true}"
64.578,right_hand,og,flick_angles,,"{""side_deg"":-6.0,""fwd_deg"":8.1}"
64.609,right_hand,og,acc,2497966,"{""seq"":3138,""x_mg"":128,""y_mg"":-132,""z_mg"":968}"
64.609,right_hand,og,tilt,,"{""roll_deg"":0.1,""pitch_deg"":1.1,""steady"":true}"
64.609,right_hand,og,flick_angles,,"{""side_deg"":-6.5,""fwd_deg"":7.9}"
64.609,right_hand,og,acc,2497986,"{""seq"":3139,""x_mg"":132,""y_mg"":-152,""z_mg"":964}"
64.609,right_hand,og,tilt,,"{""roll_deg"":-0.2,""pitch_deg"":1.1,""steady"":true}"
64.609,right_hand,og,flick_angles,,"{""side_deg"":-7.1,""fwd_deg"":7.8}"
64.640,right_hand,og,acc,2498007,"{""seq"":3140,""x_mg"":108,""y_mg"":-184,""z_mg"":956}"
64.640,right_hand,og,tilt,,"{""roll_deg"":-0.7,""pitch_deg"":1.1,""steady"":true}"
64.640,right_hand,og,flick_angles,,"{""side_deg"":-8.0,""fwd_deg"":7.6}"
64.672,right_hand,og,acc,2498027,"{""seq"":3141,""x_mg"":104,""y_mg"":-204,""z_mg"":968}"
64.672,right_hand,og,tilt,,"{""roll_deg"":-1.6,""pitch_deg"":1.1,""steady"":true}"
64.672,right_hand,og,flick_angles,,"{""side_deg"":-9.4,""fwd_deg"":7.0}"
64.672,right_hand,og,acc,2498048,"{""seq"":3142,""x_mg"":88,""y_mg"":-216,""z_mg"":972}"
64.672,right_hand,og,tilt,,"{""roll_deg"":-2.6,""pitch_deg"":1.0,""steady"":true}"
64.672,right_hand,og,flick_angles,,"{""side_deg"":-10.6,""fwd_deg"":6.5}"
64.703,right_hand,og,acc,2498068,"{""seq"":3143,""x_mg"":76,""y_mg"":-240,""z_mg"":976}"
64.703,right_hand,og,tilt,,"{""roll_deg"":-3.6,""pitch_deg"":0.7,""steady"":true}"
64.703,right_hand,og,flick_angles,,"{""side_deg"":-11.6,""fwd_deg"":5.8}"
64.734,right_hand,og,acc,2498089,"{""seq"":3144,""x_mg"":68,""y_mg"":-260,""z_mg"":968}"
64.734,right_hand,og,tilt,,"{""roll_deg"":-4.7,""pitch_deg"":0.2,""steady"":true}"
64.734,right_hand,og,flick_angles,,"{""side_deg"":-12.7,""fwd_deg"":5.0}"
64.734,right_hand,og,acc,2498109,"{""seq"":3145,""x_mg"":64,""y_mg"":-272,""z_mg"":972}"
64.734,right_hand,og,tilt,,"{""roll_deg"":-5.9,""pitch_deg"":-0.3,""steady"":true}"
64.734,right_hand,og,flick_angles,,"{""side_deg"":-13.8,""fwd_deg"":4.5}"
64.765,right_hand,og,acc,2498130,"{""seq"":3146,""x_mg"":68,""y_mg"":-272,""z_mg"":968}"
64.765,right_hand,og,tilt,,"{""roll_deg"":-7.0,""pitch_deg"":-0.7,""steady"":true}"
64.765,right_hand,og,flick_angles,,"{""side_deg"":-14.7,""fwd_deg"":4.2}"
64.765,right_hand,og,acc,2498151,"{""seq"":3147,""x_mg"":64,""y_mg"":-272,""z_mg"":952}"
64.765,right_hand,og,tilt,,"{""roll_deg"":-7.8,""pitch_deg"":-1.1,""steady"":true}"
64.765,right_hand,og,flick_angles,,"{""side_deg"":-15.2,""fwd_deg"":3.9}"
64.797,right_hand,og,acc,2498171,"{""seq"":3148,""x_mg"":72,""y_mg"":-268,""z_mg"":956}"
64.797,right_hand,og,tilt,,"{""roll_deg"":-8.3,""pitch_deg"":-1.4,""steady"":true}"
64.797,right_hand,og,flick_angles,,"{""side_deg"":-15.4,""fwd_deg"":3.9}"
64.828,right_hand,og,acc,2498192,"{""seq"":3149,""x_mg"":88,""y_mg"":-216,""z_mg"":948}"
64.828,right_hand,og,tilt,,"{""roll_deg"":-8.7,""pitch_deg"":-1.5,""steady"":true}"
64.828,right_hand,og,flick_angles,,"{""side_deg"":-15.5,""fwd_deg"":4.0}"
64.828,right_hand,og,acc,2498212,"{""seq"":3150,""x_mg"":100,""y_mg"":-152,""z_mg"":928}"
64.828,right_hand,og,tilt,,"{""roll_deg"":-8.7,""pitch_deg"":-1.5,""steady"":true}"
64.828,right_hand,og,flick_angles,,"{""side_deg"":-14.2,""fwd_deg"":4.6}"
64.859,right_hand,og,acc,2498233,"{""seq"":3151,""x_mg"":96,""y_mg"":-116,""z_mg"":936}"
64.859,right_hand,og,tilt,,"{""roll_deg"":-8.2,""pitch_deg"":-1.5,""steady"":true}"
64.859,right_hand,og,flick_angles,,"{""side_deg"":-11.7,""fwd_deg"":5.2}"
64.890,right_hand,og,acc,2498253,"{""seq"":3152,""x_mg"":96,""y_mg"":-88,""z_mg"":932}"
64.890,right_hand,og,tilt,,"{""roll_deg"":-7.6,""pitch_deg"":-1.5,""steady"":true}"
64.890,right_hand,og,flick_angles,,"{""side_deg"":-9.4,""fwd_deg"":5.5}"
64.890,right_hand,og,acc,2498274,"{""seq"":3153,""x_mg"":100,""y_mg"":-56,""z_mg"":968}"
64.890,right_hand,og,tilt,,"{""roll_deg"":-6.7,""pitch_deg"":-1.5,""steady"":true}"
64.890,right_hand,og,flick_angles,,"{""side_deg"":-7.4,""fwd_deg"":5.7}"
64.922,right_hand,og,acc,2498295,"{""seq"":3154,""x_mg"":116,""y_mg"":-48,""z_mg"":980}"
64.922,right_hand,og,tilt,,"{""roll_deg"":-5.0,""pitch_deg"":-1.5,""steady"":true}"
64.922,right_hand,og,flick_angles,,"{""side_deg"":-5.3,""fwd_deg"":5.8}"
64.953,right_hand,og,acc,2498315,"{""seq"":3155,""x_mg"":116,""y_mg"":-32,""z_mg"":1008}"
64.953,right_hand,og,tilt,,"{""roll_deg"":-3.2,""pitch_deg"":-1.5,""steady"":true}"
64.953,right_hand,og,flick_angles,,"{""side_deg"":-4.1,""fwd_deg"":6.2}"
64.953,right_hand,og,acc,2498336,"{""seq"":3156,""x_mg"":96,""y_mg"":4,""z_mg"":1020}"
64.953,right_hand,og,tilt,,"{""roll_deg"":-1.3,""pitch_deg"":-1.5,""steady"":true}"
64.953,right_hand,og,flick_angles,,"{""side_deg"":-2.9,""fwd_deg"":6.4}"
64.984,right_hand,og,acc,2498356,"{""seq"":3157,""x_mg"":104,""y_mg"":20,""z_mg"":1004}"
64.984,right_hand,og,tilt,,"{""roll_deg"":0.8,""pitch_deg"":-1.5,""steady"":true}"
64.984,right_hand,og,flick_angles,,"{""side_deg"":-1.4,""fwd_deg"":6.1}"
64.984,right_hand,og,acc,2498377,"{""seq"":3158,""x_mg"":100,""y_mg"":60,""z_mg"":1052}"
64.984,right_hand,og,tilt,,"{""roll_deg"":2.6,""pitch_deg"":-1.5,""steady"":true}"
64.984,right_hand,og,flick_angles,,"{""side_deg"":-0.1,""fwd_deg"":5.8}"
65.031,right_hand,og,acc,2498397,"{""seq"":3159,""x_mg"":104,""y_mg"":88,""z_mg"":1048}"
65.031,right_hand,og,tilt,,"{""roll_deg"":4.6,""pitch_deg"":-1.5,""steady"":true}"
65.031,right_hand,og,flick_angles,,"{""side_deg"":1.6,""fwd_deg"":5.7}"
65.062,right_hand,og,acc,2498418,"{""seq"":3160,""x_mg"":104,""y_mg"":144,""z_mg"":1056}"
65.062,right_hand,og,tilt,,"{""roll_deg"":6.5,""pitch_deg"":-1.5,""steady"":true}"
65.062,right_hand,og,flick_angles,,"{""side_deg"":3.2,""fwd_deg"":5.6}"
65.062,right_hand,og,acc,2498439,"{""seq"":3161,""x_mg"":124,""y_mg"":184,""z_mg"":1044}"
65.062,right_hand,og,tilt,,"{""roll_deg"":8.9,""pitch_deg"":-1.5,""steady"":true}"
65.062,right_hand,og,flick_angles,,"{""side_deg"":5.5,""fwd_deg"":5.6}"
65.078,right_hand,og,acc,2498459,"{""seq"":3162,""x_mg"":132,""y_mg"":212,""z_mg"":1036}"
65.094,right_hand,og,tilt,,"{""roll_deg"":11.2,""pitch_deg"":-1.5,""steady"":true}"
65.094,right_hand,og,flick_angles,,"{""side_deg"":7.7,""fwd_deg"":6.2}"
65.125,right_hand,og,acc,2498480,"{""seq"":3163,""x_mg"":144,""y_mg"":240,""z_mg"":1004}"
65.125,right_hand,og,tilt,,"{""roll_deg"":13.3,""pitch_deg"":-1.4,""steady"":true}"
65.125,right_hand,og,flick_angles,,"{""side_deg"":9.6,""fwd_deg"":6.6}"
65.125,right_hand,og,acc,2498500,"{""seq"":3164,""x_mg"":152,""y_mg"":248,""z_mg"":996}"
65.125,right_hand,og,tilt,,"{""roll_deg"":15.3,""pitch_deg"":-1.2,""steady"":true}"
65.125,right_hand,og,flick_angles,,"{""side_deg"":11.4,""fwd_deg"":7.3}"
65.156,right_hand,og,acc,2498521,"{""seq"":3165,""x_mg"":152,""y_mg"":244,""z_mg"":996}"
65.156,right_hand,og,tilt,,"{""roll_deg"":16.7,""pitch_deg"":-0.9,""steady"":true}"
65.156,right_hand,og,flick_angles,,"{""side_deg"":12.5,""fwd_deg"":7.9}"
65.187,right_hand,og,acc,2498541,"{""seq"":3166,""x_mg"":168,""y_mg"":196,""z_mg"":992}"
65.187,right_hand,og,tilt,,"{""roll_deg"":17.4,""pitch_deg"":-0.6,""steady"":true}"
65.187,right_hand,og,flick_angles,,"{""side_deg"":13.1,""fwd_deg"":8.1}"
65.187,right_hand,og,acc,2498562,"{""seq"":3167,""x_mg"":184,""y_mg"":176,""z_mg"":972}"
65.187,right_hand,og,tilt,,"{""roll_deg"":17.4,""pitch_deg"":-0.1,""steady"":true}"
65.187,right_hand,og,flick_angles,,"{""side_deg"":12.0,""fwd_deg"":8.8}"
65.219,right_hand,og,acc,2498583,"{""seq"":3168,""x_mg"":184,""y_mg"":148,""z_mg"":968}"
65.219,right_hand,og,tilt,,"{""roll_deg"":17.3,""pitch_deg"":0.6,""steady"":true}"
65.219,right_hand,og,flick_angles,,"{""side_deg"":11.1,""fwd_deg"":9.7}"
65.250,right_hand,og,acc,2498603,"{""seq"":3169,""x_mg"":168,""y_mg"":160,""z_mg"":960}"
65.250,right_hand,og,tilt,,"{""roll_deg"":16.8,""pitch_deg"":1.1,""steady"":true}"
65.250,right_hand,og,flick_angles,,"{""side_deg"":10.2,""fwd_deg"":10.1}"
65.250,right_hand,og,acc,2498624,"{""seq"":3170,""x_mg"":180,""y_mg"":160,""z_mg"":964}"
65.250,right_hand,og,tilt,,"{""roll_deg"":16.4,""pitch_deg"":1.6,""steady"":true}"
65.250,right_hand,og,flick_angles,,"{""side_deg"":9.7,""fwd_deg"":10.3}"
65.281,right_hand,og,acc,2498644,"{""seq"":3171,""x_mg"":172,""y_mg"":132,""z_mg"":980}"
65.281,right_hand,og,tilt,,"{""roll_deg"":16.2,""pitch_deg"":1.8,""steady"":true}"
65.281,right_hand,og,flick_angles,,"{""side_deg"":9.5,""fwd_deg"":10.1}"
65.312,,game,miss,,"{""n"":21,""want"":""right""}"
65.312,right_hand,og,acc,2498665,"{""seq"":3172,""x_mg"":172,""y_mg"":92,""z_mg"":956}"
65.312,right_hand,og,tilt,,"{""roll_deg"":15.7,""pitch_deg"":2.0,""steady"":true}"
65.312,right_hand,og,flick_angles,,"{""side_deg"":8.5,""fwd_deg"":10.1}"
65.312,right_hand,og,acc,2498685,"{""seq"":3173,""x_mg"":176,""y_mg"":60,""z_mg"":956}"
65.312,right_hand,og,tilt,,"{""roll_deg"":15.2,""pitch_deg"":2.2,""steady"":true}"
65.312,right_hand,og,flick_angles,,"{""side_deg"":7.0,""fwd_deg"":10.1}"
65.344,right_hand,og,acc,2498706,"{""seq"":3174,""x_mg"":168,""y_mg"":36,""z_mg"":952}"
65.344,right_hand,og,tilt,,"{""roll_deg"":14.7,""pitch_deg"":2.3,""steady"":true}"
65.344,right_hand,og,flick_angles,,"{""side_deg"":5.3,""fwd_deg"":10.1}"
65.344,right_hand,og,acc,2498726,"{""seq"":3175,""x_mg"":156,""y_mg"":36,""z_mg"":952}"
65.344,right_hand,og,tilt,,"{""roll_deg"":13.7,""pitch_deg"":2.4,""steady"":true}"
65.344,right_hand,og,flick_angles,,"{""side_deg"":3.7,""fwd_deg"":10.1}"
65.375,right_hand,og,acc,2498747,"{""seq"":3176,""x_mg"":140,""y_mg"":56,""z_mg"":984}"
65.375,right_hand,og,tilt,,"{""roll_deg"":12.6,""pitch_deg"":2.4,""steady"":true}"
65.375,right_hand,og,flick_angles,,"{""side_deg"":2.9,""fwd_deg"":9.7}"
65.406,right_hand,og,acc,2498768,"{""seq"":3177,""x_mg"":144,""y_mg"":52,""z_mg"":976}"
65.406,right_hand,og,tilt,,"{""roll_deg"":11.8,""pitch_deg"":2.4,""steady"":true}"
65.406,right_hand,og,flick_angles,,"{""side_deg"":3.0,""fwd_deg"":9.0}"
65.406,right_hand,og,acc,2498788,"{""seq"":3178,""x_mg"":156,""y_mg"":48,""z_mg"":984}"
65.406,right_hand,og,tilt,,"{""roll_deg"":11.1,""pitch_deg"":2.4,""steady"":true}"
65.406,right_hand,og,flick_angles,,"{""side_deg"":3.0,""fwd_deg"":8.7}"
65.437,right_hand,og,acc,2498809,"{""seq"":3179,""x_mg"":148,""y_mg"":24,""z_mg"":976}"
65.437,right_hand,og,tilt,,"{""roll_deg"":10.6,""pitch_deg"":2.4,""steady"":true}"
65.437,right_hand,og,flick_angles,,"{""side_deg"":2.9,""fwd_deg"":8.7}"
65.469,right_hand,og,acc,2498829,"{""seq"":3180,""x_mg"":156,""y_mg"":4,""z_mg"":960}"
65.469,right_hand,og,tilt,,"{""roll_deg"":9.8,""pitch_deg"":2.4,""steady"":true}"
65.469,right_hand,og,flick_angles,,"{""side_deg"":2.1,""fwd_deg"":8.8}"
65.469,right_hand,og,acc,2498850,"{""seq"":3181,""x_mg"":144,""y_mg"":8,""z_mg"":940}"
65.469,right_hand,og,tilt,,"{""roll_deg"":8.9,""pitch_deg"":2.4,""steady"":true}"
65.469,right_hand,og,flick_angles,,"{""side_deg"":1.3,""fwd_deg"":8.8}"
65.484,right_hand,og,acc,2498870,"{""seq"":3182,""x_mg"":184,""y_mg"":24,""z_mg"":940}"
65.484,right_hand,og,tilt,,"{""roll_deg"":8.3,""pitch_deg"":2.4,""steady"":true}"
65.484,right_hand,og,flick_angles,,"{""side_deg"":0.9,""fwd_deg"":9.0}"
65.515,right_hand,og,acc,2498891,"{""seq"":3183,""x_mg"":172,""y_mg"":36,""z_mg"":984}"
65.515,right_hand,og,tilt,,"{""roll_deg"":8.1,""pitch_deg"":2.4,""steady"":true}"
65.515,right_hand,og,flick_angles,,"{""side_deg"":1.2,""fwd_deg"":9.5}"
65.547,right_hand,og,acc,2498912,"{""seq"":3184,""x_mg"":156,""y_mg"":12,""z_mg"":944}"
65.547,right_hand,og,tilt,,"{""roll_deg"":7.9,""pitch_deg"":2.4,""steady"":true}"
65.547,right_hand,og,flick_angles,,"{""side_deg"":1.3,""fwd_deg"":9.7}"
65.547,right_hand,og,acc,2498932,"{""seq"":3185,""x_mg"":168,""y_mg"":4,""z_mg"":944}"
65.547,right_hand,og,tilt,,"{""roll_deg"":7.6,""pitch_deg"":2.4,""steady"":true}"
65.547,right_hand,og,flick_angles,,"{""side_deg"":1.0,""fwd_deg"":9.8}"
65.578,right_hand,og,acc,2498953,"{""seq"":3186,""x_mg"":184,""y_mg"":4,""z_mg"":936}"
65.578,right_hand,og,tilt,,"{""roll_deg"":7.3,""pitch_deg"":2.4,""steady"":true}"
65.578,right_hand,og,flick_angles,,"{""side_deg"":0.6,""fwd_deg"":9.9}"
65.609,right_hand,og,acc,2498973,"{""seq"":3187,""x_mg"":200,""y_mg"":16,""z_mg"":944}"
65.609,right_hand,og,tilt,,"{""roll_deg"":7.1,""pitch_deg"":2.4,""steady"":true}"
65.609,right_hand,og,flick_angles,,"{""side_deg"":0.4,""fwd_deg"":10.5}"
65.609,right_hand,og,acc,2498994,"{""seq"":3188,""x_mg"":220,""y_mg"":36,""z_mg"":932}"
65.609,right_hand,og,tilt,,"{""roll_deg"":7.0,""pitch_deg"":2.8,""steady"":true}"
65.609,right_hand,og,flick_angles,,"{""side_deg"":0.7,""fwd_deg"":11.2}"
65.640,right_hand,og,acc,2499015,"{""seq"":3189,""x_mg"":232,""y_mg"":28,""z_mg"":908}"
65.640,right_hand,og,tilt,,"{""roll_deg"":7.0,""pitch_deg"":3.3,""steady"":true}"
65.640,right_hand,og,flick_angles,,"{""side_deg"":1.2,""fwd_deg"":12.3}"
65.687,right_hand,og,acc,2499035,"{""seq"":3190,""x_mg"":224,""y_mg"":-16,""z_mg"":884}"
65.687,right_hand,og,tilt,,"{""roll_deg"":7.0,""pitch_deg"":4.0,""steady"":true}"
65.687,right_hand,og,flick_angles,,"{""side_deg"":1.5,""fwd_deg"":13.2}"
65.687,right_hand,og,acc,2499056,"{""seq"":3191,""x_mg"":212,""y_mg"":-88,""z_mg"":892}"
65.687,right_hand,og,tilt,,"{""roll_deg"":6.8,""pitch_deg"":4.6,""steady"":true}"
65.687,right_hand,og,flick_angles,,"{""side_deg"":0.2,""fwd_deg"":13.7}"
65.703,right_hand,og,acc,2499076,"{""seq"":3192,""x_mg"":240,""y_mg"":-112,""z_mg"":888}"
65.703,right_hand,og,tilt,,"{""roll_deg"":5.4,""pitch_deg"":5.1,""steady"":true}"
65.703,right_hand,og,flick_angles,,"{""side_deg"":-2.6,""fwd_deg"":14.0}"
65.734,right_hand,og,acc,2499097,"{""seq"":3193,""x_mg"":272,""y_mg"":-52,""z_mg"":908}"
65.734,right_hand,og,tilt,,"{""roll_deg"":4.2,""pitch_deg"":5.7,""steady"":true}"
65.734,right_hand,og,flick_angles,,"{""side_deg"":-4.1,""fwd_deg"":14.5}"
65.765,right_hand,og,acc,2499117,"{""seq"":3194,""x_mg"":272,""y_mg"":8,""z_mg"":908}"
65.765,right_hand,og,tilt,,"{""roll_deg"":3.8,""pitch_deg"":6.6,""steady"":true}"
65.765,right_hand,og,flick_angles,,"{""side_deg"":-3.6,""fwd_deg"":15.6}"
65.765,right_hand,og,acc,2499138,"{""seq"":3195,""x_mg"":288,""y_mg"":-16,""z_mg"":936}"
65.765,right_hand,og,tilt,,"{""roll_deg"":3.8,""pitch_deg"":7.3,""steady"":true}"
65.765,right_hand,og,flick_angles,,"{""side_deg"":-2.3,""fwd_deg"":16.1}"
65.797,right_hand,og,acc,2499158,"{""seq"":3196,""x_mg"":296,""y_mg"":-16,""z_mg"":900}"
65.797,right_hand,og,tilt,,"{""roll_deg"":3.8,""pitch_deg"":7.9,""steady"":true}"
65.797,right_hand,og,flick_angles,,"{""side_deg"":-1.6,""fwd_deg"":16.6}"
65.828,right_hand,og,acc,2499179,"{""seq"":3197,""x_mg"":320,""y_mg"":-56,""z_mg"":908}"
65.828,right_hand,og,tilt,,"{""roll_deg"":3.8,""pitch_deg"":8.7,""steady"":true}"
65.828,right_hand,og,flick_angles,,"{""side_deg"":-1.3,""fwd_deg"":17.4}"
65.828,right_hand,og,acc,2499200,"{""seq"":3198,""x_mg"":312,""y_mg"":-52,""z_mg"":888}"
65.828,right_hand,og,tilt,,"{""roll_deg"":3.8,""pitch_deg"":9.7,""steady"":true}"
65.828,right_hand,og,flick_angles,,"{""side_deg"":-2.2,""fwd_deg"":18.4}"
65.859,right_hand,og,acc,2499220,"{""seq"":3199,""x_mg"":316,""y_mg"":-52,""z_mg"":880}"
65.859,right_hand,og,tilt,,"{""roll_deg"":3.8,""pitch_deg"":10.3,""steady"":true}"
65.859,right_hand,og,flick_angles,,"{""side_deg"":-2.7,""fwd_deg"":18.9}"
65.890,right_hand,og,acc,2499241,"{""seq"":3200,""x_mg"":288,""y_mg"":-92,""z_mg"":920}"
65.890,right_hand,og,tilt,,"{""roll_deg"":3.7,""pitch_deg"":10.8,""steady"":true}"
65.890,right_hand,og,flick_angles,,"{""side_deg"":-2.9,""fwd_deg"":19.1}"
65.890,right_hand,og,acc,2499261,"{""seq"":3201,""x_mg"":276,""y_mg"":-132,""z_mg"":980}"
65.890,right_hand,og,tilt,,"{""roll_deg"":3.1,""pitch_deg"":10.8,""steady"":true}"
65.890,right_hand,og,flick_angles,,"{""side_deg"":-4.2,""fwd_deg"":18.2}"
65.922,right_hand,og,acc,2499282,"{""seq"":3202,""x_mg"":268,""y_mg"":-112,""z_mg"":952}"
65.922,right_hand,og,tilt,,"{""roll_deg"":2.3,""pitch_deg"":10.8,""steady"":true}"
65.922,right_hand,og,flick_angles,,"{""side_deg"":-5.3,""fwd_deg"":16.9}"
65.937,right_hand,og,acc,2499302,"{""seq"":3203,""x_mg"":268,""y_mg"":-104,""z_mg"":948}"
65.937,right_hand,og,tilt,,"{""roll_deg"":1.7,""pitch_deg"":10.7,""steady"":true}"
65.937,right_hand,og,flick_angles,,"{""side_deg"":-5.9,""fwd_deg"":16.3}"
65.969,right_hand,og,acc,2499323,"{""seq"":3204,""x_mg"":236,""y_mg"":-148,""z_mg"":964}"
65.969,right_hand,og,tilt,,"{""roll_deg"":1.2,""pitch_deg"":10.5,""steady"":true}"
65.969,right_hand,og,flick_angles,,"{""side_deg"":-6.2,""fwd_deg"":15.9}"
65.969,right_hand,og,acc,2499344,"{""seq"":3205,""x_mg"":184,""y_mg"":-188,""z_mg"":988}"
65.969,right_hand,og,tilt,,"{""roll_deg"":0.3,""pitch_deg"":10.1,""steady"":true}"
65.969,right_hand,og,flick_angles,,"{""side_deg"":-7.3,""fwd_deg"":14.8}"
66.000,right_hand,og,acc,2499364,"{""seq"":3206,""x_mg"":144,""y_mg"":-228,""z_mg"":976}"
66.000,right_hand,og,tilt,,"{""roll_deg"":-1.0,""pitch_deg"":9.5,""steady"":true}"
66.000,right_hand,og,flick_angles,,"{""side_deg"":-9.0,""fwd_deg"":12.6}"
66.000,right_hand,og,acc,2499385,"{""seq"":3207,""x_mg"":88,""y_mg"":-236,""z_mg"":984}"
66.000,right_hand,og,tilt,,"{""roll_deg"":-2.8,""pitch_deg"":8.1,""steady"":true}"
66.000,right_hand,og,flick_angles,,"{""side_deg"":-11.0,""fwd_deg"":10.4}"
66.031,right_hand,og,acc,2499405,"{""seq"":3208,""x_mg"":28,""y_mg"":-228,""z_mg"":968}"
66.031,right_hand,og,tilt,,"{""roll_deg"":-4.2,""pitch_deg"":5.7,""steady"":true}"
66.031,right_hand,og,flick_angles,,"{""side_deg"":-12.1,""fwd_deg"":7.7}"
66.062,right_hand,og,acc,2499426,"{""seq"":3209,""x_mg"":-4,""y_mg"":-236,""z_mg"":968}"
66.062,right_hand,og,tilt,,"{""roll_deg"":-5.2,""pitch_deg"":2.4,""steady"":true}"
66.062,right_hand,og,flick_angles,,"{""side_deg"":-12.8,""fwd_deg"":4.6}"
66.062,right_hand,og,acc,2499446,"{""seq"":3210,""x_mg"":-28,""y_mg"":-200,""z_mg"":1004}"
66.062,right_hand,og,tilt,,"{""roll_deg"":-5.8,""pitch_deg"":-0.7,""steady"":true}"
66.062,right_hand,og,flick_angles,,"{""side_deg"":-13.0,""fwd_deg"":2.2}"
66.094,right_hand,og,acc,2499467,"{""seq"":3211,""x_mg"":-28,""y_mg"":-192,""z_mg"":976}"
66.094,right_hand,og,tilt,,"{""roll_deg"":-5.8,""pitch_deg"":-3.5,""steady"":true}"
66.094,right_hand,og,flick_angles,,"{""side_deg"":-12.1,""fwd_deg"":0.3}"
66.125,right_hand,og,acc,2499488,"{""seq"":3212,""x_mg"":-80,""y_mg"":-180,""z_mg"":976}"
66.125,right_hand,og,tilt,,"{""roll_deg"":-5.8,""pitch_deg"":-5.2,""steady"":true}"
66.125,right_hand,og,flick_angles,,"{""side_deg"":-11.6,""fwd_deg"":-0.6}"
66.125,right_hand,og,acc,2499508,"{""seq"":3213,""x_mg"":-76,""y_mg"":-144,""z_mg"":1024}"
66.125,right_hand,og,tilt,,"{""roll_deg"":-5.8,""pitch_deg"":-7.2,""steady"":true}"
66.125,right_hand,og,flick_angles,,"{""side_deg"":-11.0,""fwd_deg"":-2.4}"
66.140,right_hand,og,acc,2499529,"{""seq"":3214,""x_mg"":-80,""y_mg"":-144,""z_mg"":1060}"
66.140,right_hand,og,tilt,,"{""roll_deg"":-5.5,""pitch_deg"":-8.5,""steady"":true}"
66.140,right_hand,og,flick_angles,,"{""side_deg"":-9.5,""fwd_deg"":-3.4}"
66.172,right_hand,og,acc,2499549,"{""seq"":3215,""x_mg"":-64,""y_mg"":-140,""z_mg"":1048}"
66.172,right_hand,og,tilt,,"{""roll_deg"":-5.1,""pitch_deg"":-9.3,""steady"":true}"
66.172,right_hand,og,flick_angles,,"{""side_deg"":-8.6,""fwd_deg"":-3.8}"
66.203,right_hand,og,acc,2499570,"{""seq"":3216,""x_mg"":-72,""y_mg"":-76,""z_mg"":1052}"
66.203,right_hand,og,tilt,,"{""roll_deg"":-4.8,""pitch_deg"":-9.6,""steady"":true}"
66.203,right_hand,og,flick_angles,,"{""side_deg"":-8.1,""fwd_deg"":-3.8}"
66.203,right_hand,og,acc,2499590,"{""seq"":3217,""x_mg"":-88,""y_mg"":-116,""z_mg"":1048}"
66.203,right_hand,og,tilt,,"{""roll_deg"":-4.6,""pitch_deg"":-9.9,""steady"":true}"
66.203,right_hand,og,flick_angles,,"{""side_deg"":-7.2,""fwd_deg"":-3.9}"
66.250,right_hand,og,acc,2499611,"{""seq"":3218,""x_mg"":-56,""y_mg"":-80,""z_mg"":1040}"
66.250,right_hand,og,tilt,,"{""roll_deg"":-3.8,""pitch_deg"":-10.0,""steady"":true}"
66.250,right_hand,og,flick_angles,,"{""side_deg"":-5.8,""fwd_deg"":-3.9}"
66.281,right_hand,og,acc,2499632,"{""seq"":3219,""x_mg"":-28,""y_mg"":-84,""z_mg"":1040}"
66.281,right_hand,og,tilt,,"{""roll_deg"":-3.1,""pitch_deg"":-10.0,""steady"":true}"
66.281,right_hand,og,flick_angles,,"{""side_deg"":-5.2,""fwd_deg"":-3.5}"
66.281,right_hand,og,acc,2499652,"{""seq"":3220,""x_mg"":-32,""y_mg"":-152,""z_mg"":1080}"
66.281,right_hand,og,tilt,,"{""roll_deg"":-2.4,""pitch_deg"":-10.0,""steady"":true}"
66.281,right_hand,og,flick_angles,,"{""side_deg"":-4.9,""fwd_deg"":-2.6}"
66.312,right_hand,og,acc,2499673,"{""seq"":3221,""x_mg"":-56,""y_mg"":-80,""z_mg"":1124}"
66.312,right_hand,og,tilt,,"{""roll_deg"":-1.8,""pitch_deg"":-9.9,""steady"":true}"
66.312,right_hand,og,flick_angles,,"{""side_deg"":-4.8,""fwd_deg"":-2.1}"
66.344,right_hand,og,acc,2499693,"{""seq"":3222,""x_mg"":-40,""y_mg"":-64,""z_mg"":1196}"
66.344,right_hand,og,tilt,,"{""roll_deg"":-1.1,""pitch_deg"":-9.8,""steady"":true}"
66.344,right_hand,og,flick_angles,,"{""side_deg"":-4.4,""fwd_deg"":-2.0}"
66.344,right_hand,og,acc,2499714,"{""seq"":3223,""x_mg"":36,""y_mg"":-96,""z_mg"":1116}"
66.344,right_hand,og,tilt,,"{""roll_deg"":-0.6,""pitch_deg"":-9.7,""steady"":true}"
66.344,right_hand,og,flick_angles,,"{""side_deg"":-4.2,""fwd_deg"":-2.0}"
66.375,right_hand,og,acc,2499734,"{""seq"":3224,""x_mg"":88,""y_mg"":-96,""z_mg"":1040}"
66.375,right_hand,og,tilt,,"{""roll_deg"":-0.4,""pitch_deg"":-9.2,""steady"":true}"
66.375,right_hand,og,flick_angles,,"{""side_deg"":-4.6,""fwd_deg"":-0.1}"
66.390,right_hand,og,acc,2499755,"{""seq"":3225,""x_mg"":92,""y_mg"":-56,""z_mg"":1036}"
66.390,right_hand,og,tilt,,"{""roll_deg"":-0.3,""pitch_deg"":-8.5,""steady"":true}"
66.390,right_hand,og,flick_angles,,"{""side_deg"":-4.7,""fwd_deg"":2.4}"
66.390,right_hand,og,acc,2499776,"{""seq"":3226,""x_mg"":116,""y_mg"":-92,""z_mg"":1020}"
66.390,right_hand,og,tilt,,"{""roll_deg"":-0.2,""pitch_deg"":-7.5,""steady"":true}"
66.390,right_hand,og,flick_angles,,"{""side_deg"":-4.9,""fwd_deg"":3.7}"
66.422,right_hand,og,acc,2499796,"{""seq"":3227,""x_mg"":112,""y_mg"":-120,""z_mg"":1000}"
66.422,right_hand,og,tilt,,"{""roll_deg"":-0.2,""pitch_deg"":-6.1,""steady"":true}"
66.422,right_hand,og,flick_angles,,"{""side_deg"":-5.0,""fwd_deg"":5.0}"
66.437,right_hand,og,acc,2499817,"{""seq"":3228,""x_mg"":104,""y_mg"":-160,""z_mg"":948}"
66.437,right_hand,og,tilt,,"{""roll_deg"":-0.2,""pitch_deg"":-4.8,""steady"":true}"
66.437,right_hand,og,flick_angles,,"{""side_deg"":-5.9,""fwd_deg"":5.7}"
66.469,right_hand,og,acc,2499837,"{""seq"":3229,""x_mg"":108,""y_mg"":-64,""z_mg"":964}"
66.469,right_hand,og,tilt,,"{""roll_deg"":-0.2,""pitch_deg"":-3.8,""steady"":true}"
66.469,right_hand,og,flick_angles,,"{""side_deg"":-6.4,""fwd_deg"":6.0}"
66.484,right_hand,og,acc,2499858,"{""seq"":3230,""x_mg"":108,""y_mg"":-28,""z_mg"":1044}"
66.484,right_hand,og,tilt,,"{""roll_deg"":-0.2,""pitch_deg"":-3.1,""steady"":true}"
66.484,right_hand,og,flick_angles,,"{""side_deg"":-5.1,""fwd_deg"":6.1}"
66.500,right_hand,og,acc,2499878,"{""seq"":3231,""x_mg"":72,""y_mg"":-96,""z_mg"":1064}"
66.500,right_hand,og,tilt,,"{""roll_deg"":-0.0,""pitch_deg"":-2.6,""steady"":true}"
66.500,right_hand,og,flick_angles,,"{""side_deg"":-4.4,""fwd_deg"":6.0}"
66.531,right_hand,og,acc,2499899,"{""seq"":3232,""x_mg"":116,""y_mg"":-200,""z_mg"":1016}"
66.531,right_hand,og,tilt,,"{""roll_deg"":-0.0,""pitch_deg"":-2.3,""steady"":true}"
66.531,right_hand,og,flick_angles,,"{""side_deg"":-4.8,""fwd_deg"":6.0}"
66.547,right_hand,og,acc,2499919,"{""seq"":3233,""x_mg"":172,""y_mg"":-136,""z_mg"":980}"
66.547,right_hand,og,tilt,,"{""roll_deg"":-0.0,""pitch_deg"":-1.9,""steady"":true}"
66.547,right_hand,og,flick_angles,,"{""side_deg"":-6.3,""fwd_deg"":6.2}"
66.562,right_hand,og,acc,2499940,"{""seq"":3234,""x_mg"":144,""y_mg"":-88,""z_mg"":924}"
66.562,right_hand,og,tremor,,"{""rms_mg"":18.6,""peak_hz"":8.0}"
66.562,right_hand,og,tilt,,"{""roll_deg"":-0.0,""pitch_deg"":-1.0,""steady"":true}"
66.562,right_hand,og,flick_angles,,"{""side_deg"":-7.0,""fwd_deg"":7.5}"
66.594,right_hand,og,acc,2499961,"{""seq"":3235,""x_mg"":104,""y_mg"":-32,""z_mg"":956}"
66.594,right_hand,og,tilt,,"{""roll_deg"":-0.0,""pitch_deg"":-0.3,""steady"":true}"
66.594,right_hand,og,flick_angles,,"{""side_deg"":-6.2,""fwd_deg"":8.2}"
66.609,right_hand,og,acc,2499981,"{""seq"":3236,""x_mg"":24,""y_mg"":-64,""z_mg"":984}"
66.609,right_hand,og,tilt,,"{""roll_deg"":-0.0,""pitch_deg"":-0.3,""steady"":true}"
66.609,right_hand,og,flick_angles,,"{""side_deg"":-5.0,""fwd_deg"":7.2}"
66.609,right_hand,og,acc,2500002,"{""seq"":3237,""x_mg"":24,""y_mg"":-192,""z_mg"":1000}"
66.625,right_hand,og,tilt,,"{""roll_deg"":-0.0,""pitch_deg"":-0.6,""steady"":true}"
66.625,right_hand,og,flick_angles,,"{""side_deg"":-4.3,""fwd_deg"":4.3}"
66.640,right_hand,og,acc,2500022,"{""seq"":3238,""x_mg"":44,""y_mg"":-92,""z_mg"":980}"
66.640,right_hand,og,tilt,,"{""roll_deg"":-0.0,""pitch_deg"":-1.1,""steady"":true}"
66.640,right_hand,og,flick_angles,,"{""side_deg"":-4.8,""fwd_deg"":2.8}"
66.656,right_hand,og,acc,2500043,"{""seq"":3239,""x_mg"":48,""y_mg"":-24,""z_mg"":976}"
66.656,right_hand,og,tilt,,"{""roll_deg"":-0.0,""pitch_deg"":-1.3,""steady"":true}"
66.656,right_hand,og,flick_angles,,"{""side_deg"":-5.1,""fwd_deg"":2.7}"
66.672,right_hand,og,acc,2500063,"{""seq"":3240,""x_mg"":44,""y_mg"":-100,""z_mg"":1008}"
66.672,right_hand,og,tilt,,"{""roll_deg"":-0.0,""pitch_deg"":-1.5,""steady"":true}"
66.672,right_hand,og,flick_angles,,"{""side_deg"":-5.2,""fwd_deg"":2.6}"
66.703,right_hand,og,acc,2500084,"{""seq"":3241,""x_mg"":48,""y_mg"":-116,""z_mg"":1032}"
66.703,right_hand,og,tilt,,"{""roll_deg"":-0.0,""pitch_deg"":-1.7,""steady"":true}"
66.703,right_hand,og,flick_angles,,"{""side_deg"":-5.4,""fwd_deg"":2.6}"
66.719,right_hand,og,acc,2500105,"{""seq"":3242,""x_mg"":96,""y_mg"":-68,""z_mg"":1016}"
66.719,right_hand,og,tilt,,"{""roll_deg"":-0.0,""pitch_deg"":-2.0,""steady"":true}"
66.719,right_hand,og,flick_angles,,"{""side_deg"":-5.6,""fwd_deg"":2.6}"
66.750,right_hand,og,acc,2500125,"{""seq"":3243,""x_mg"":168,""y_mg"":20,""z_mg"":1020}"
66.750,right_hand,og,tilt,,"{""roll_deg"":-0.0,""pitch_deg"":-2.0,""steady"":true}"
66.750,right_hand,og,flick_angles,,"{""side_deg"":-4.7,""fwd_deg"":4.0}"
66.765,right_hand,og,acc,2500146,"{""seq"":3244,""x_mg"":184,""y_mg"":-28,""z_mg"":1072}"
66.765,right_hand,og,tilt,,"{""roll_deg"":0.5,""pitch_deg"":-2.0,""steady"":true}"
66.765,right_hand,og,flick_angles,,"{""side_deg"":-3.1,""fwd_deg"":6.7}"
66.797,right_hand,og,acc,2500166,"{""seq"":3245,""x_mg"":96,""y_mg"":-68,""z_mg"":1040}"
66.797,right_hand,og,tilt,,"{""roll_deg"":1.0,""pitch_deg"":-1.7,""steady"":true}"
66.797,right_hand,og,flick_angles,,"{""side_deg"":-2.3,""fwd_deg"":8.0}"
66.812,right_hand,og,acc,2500187,"{""seq"":3246,""x_mg"":68,""y_mg"":-12,""z_mg"":996}"
66.812,right_hand,og,tilt,,"{""roll_deg"":1.5,""pitch_deg"":-1.7,""steady"":true}"
66.812,right_hand,og,flick_angles,,"{""side_deg"":-1.9,""fwd_deg"":6.6}"
66.844,right_hand,og,acc,2500207,"{""seq"":3247,""x_mg"":56,""y_mg"":-16,""z_mg"":984}"
66.844,right_hand,og,tilt,,"{""roll_deg"":2.0,""pitch_deg"":-1.7,""steady"":true}"
66.844,right_hand,og,flick_angles,,"{""side_deg"":-1.4,""fwd_deg"":5.3}"
66.844,right_hand,og,acc,2500228,"{""seq"":3248,""x_mg"":84,""y_mg"":-120,""z_mg"":976}"
66.844,right_hand,og,tilt,,"{""roll_deg"":2.4,""pitch_deg"":-1.7,""steady"":true}"
66.844,right_hand,og,flick_angles,,"{""side_deg"":-1.2,""fwd_deg"":4.6}"
66.859,right_hand,og,acc,2500248,"{""seq"":3249,""x_mg"":80,""y_mg"":-228,""z_mg"":968}"
66.859,right_hand,og,tilt,,"{""roll_deg"":2.4,""pitch_deg"":-1.7,""steady"":true}"
66.859,right_hand,og,flick_angles,,"{""side_deg"":-4.1,""fwd_deg"":4.6}"
66.890,right_hand,og,acc,2500269,"{""seq"":3250,""x_mg"":64,""y_mg"":-200,""z_mg"":940}"
66.890,right_hand,og,tilt,,"{""roll_deg"":1.9,""pitch_deg"":-1.7,""steady"":true}"
66.890,right_hand,og,flick_angles,,"{""side_deg"":-8.0,""fwd_deg"":4.6}"
66.906,right_hand,og,acc,2500290,"{""seq"":3251,""x_mg"":64,""y_mg"":-148,""z_mg"":908}"
66.906,right_hand,og,tilt,,"{""roll_deg"":0.5,""pitch_deg"":-1.7,""steady"":true}"
66.906,right_hand,og,flick_angles,,"{""side_deg"":-10.0,""fwd_deg"":4.3}"
66.937,right_hand,og,acc,2500310,"{""seq"":3252,""x_mg"":72,""y_mg"":-168,""z_mg"":948}"
66.937,right_hand,og,tilt,,"{""roll_deg"":-0.4,""pitch_deg"":-1.7,""steady"":true}"
66.937,right_hand,og,flick_angles,,"{""side_deg"":-10.0,""fwd_deg"":4.1}"
66.969,right_hand,og,acc,2500331,"{""seq"":3253,""x_mg"":56,""y_mg"":-60,""z_mg"":1040}"
66.969,right_hand,og,tilt,,"{""roll_deg"":-1.0,""pitch_deg"":-1.7,""steady"":true}"
66.969,right_hand,og,flick_angles,,"{""side_deg"":-9.6,""fwd_deg"":4.1}"
66.984,right_hand,og,acc,2500351,"{""seq"":3254,""x_mg"":52,""y_mg"":4,""z_mg"":1052}"
66.984,right_hand,og,tilt,,"{""roll_deg"":-1.0,""pitch_deg"":-1.8,""steady"":true}"
66.984,right_hand,og,flick_angles,,"{""side_deg"":-6.5,""fwd_deg"":3.6}"
67.015,right_hand,og,acc,2500372,"{""seq"":3255,""x_mg"":80,""y_mg"":-16,""z_mg"":1028}"
67.015,right_hand,og,tilt,,"{""roll_deg"":-0.7,""pitch_deg"":-2.0,""steady"":true}"
67.015,right_hand,og,flick_angles,,"{""side_deg"":-3.7,""fwd_deg"":3.3}"
67.015,right_hand,og,acc,2500392,"{""seq"":3256,""x_mg"":100,""y_mg"":-12,""z_mg"":996}"
67.015,right_hand,og,tilt,,"{""roll_deg"":-0.2,""pitch_deg"":-2.0,""steady"":true}"
67.015,right_hand,og,flick_angles,,"{""side_deg"":-2.2,""fwd_deg"":3.9}"
67.047,,game,miss,,"{""n"":22,""want"":""down""}"
67.047,right_hand,og,acc,2500413,"{""seq"":3257,""x_mg"":108,""y_mg"":-20,""z_mg"":1024}"
67.047,right_hand,og,tilt,,"{""roll_deg"":0.4,""pitch_deg"":-2.0,""steady"":true}"
67.047,right_hand,og,flick_angles,,"{""side_deg"":-1.5,""fwd_deg"":4.8}"
67.047,right_hand,game,flick,,"{""dir"":""right"",""result"":""none""}"
67.047,right_hand,og,acc,2500434,"{""seq"":3258,""x_mg"":108,""y_mg"":-112,""z_mg"":956}"
67.047,right_hand,og,tilt,,"{""roll_deg"":1.0,""pitch_deg"":-2.0,""steady"":true}"
67.047,right_hand,og,flick_angles,,"{""side_deg"":-1.3,""fwd_deg"":5.4}"
67.078,right_hand,og,acc,2500454,"{""seq"":3259,""x_mg"":88,""y_mg"":-96,""z_mg"":968}"
67.078,right_hand,og,tilt,,"{""roll_deg"":1.0,""pitch_deg"":-2.0,""steady"":true}"
67.078,right_hand,og,flick_angles,,"{""side_deg"":-3.5,""fwd_deg"":5.7}"
67.109,right_hand,og,acc,2500475,"{""seq"":3260,""x_mg"":52,""y_mg"":-308,""z_mg"":1020}"
67.109,right_hand,og,tilt,,"{""roll_deg"":1.0,""pitch_deg"":-2.0,""steady"":true}"
67.109,right_hand,og,flick_angles,,"{""side_deg"":-5.1,""fwd_deg"":5.4}"
67.109,right_hand,og,acc,2500495,"{""seq"":3261,""x_mg"":84,""y_mg"":-236,""z_mg"":1004}"
67.109,right_hand,og,tilt,,"{""roll_deg"":0.4,""pitch_deg"":-2.0,""steady"":true}"
67.109,right_hand,og,flick_angles,,"{""side_deg"":-9.1,""fwd_deg"":5.0}"
67.140,right_hand,og,acc,2500516,"{""seq"":3262,""x_mg"":72,""y_mg"":-44,""z_mg"":1000}"
67.140,right_hand,og,tilt,,"{""roll_deg"":-1.1,""pitch_deg"":-2.0,""steady"":true}"
67.140,right_hand,og,flick_angles,,"{""side_deg"":-11.2,""fwd_deg"":4.6}"
67.172,right_hand,og,acc,2500536,"{""seq"":3263,""x_mg"":76,""y_mg"":-68,""z_mg"":988}"
67.172,right_hand,og,tilt,,"{""roll_deg"":-1.1,""pitch_deg"":-2.0,""steady"":true}"
67.172,right_hand,og,flick_angles,,"{""side_deg"":-7.5,""fwd_deg"":4.5}"
67.187,right_hand,og,acc,2500557,"{""seq"":3264,""x_mg"":96,""y_mg"":-36,""z_mg"":984}"
67.187,right_hand,og,tilt,,"{""roll_deg"":-1.1,""pitch_deg"":-2.0,""steady"":true}"
67.187,right_hand,og,flick_angles,,"{""side_deg"":-5.0,""fwd_deg"":4.4}"
67.203,right_hand,og,acc,2500578,"{""seq"":3265,""x_mg"":100,""y_mg"":-24,""z_mg"":992}"
67.203,right_hand,og,tilt,,"{""roll_deg"":-0.7,""pitch_deg"":-2.0,""steady"":true}"
67.203,right_hand,og,flick_angles,,"{""side_deg"":-3.6,""fwd_deg"":5.0}"
67.234,right_hand,og,acc,2500598,"{""seq"":3266,""x_mg"":100,""y_mg"":-48,""z_mg"":996}"
67.234,right_hand,og,tilt,,"{""roll_deg"":-0.2,""pitch_deg"":-2.0,""steady"":true}"
67.234,right_hand,og,flick_angles,,"{""side_deg"":-2.8,""fwd_deg"":5.4}"
67.250,right_hand,og,acc,2500619,"{""seq"":3267,""x_mg"":100,""y_mg"":-4,""z_mg"":1000}"
67.250,right_hand,og,tilt,,"{""roll_deg"":0.4,""pitch_deg"":-2.0,""steady"":true}"
67.250,right_hand,og,flick_angles,,"{""side_deg"":-2.1,""fwd_deg"":5.5}"
67.265,right_hand,og,acc,2500639,"{""seq"":3268,""x_mg"":104,""y_mg"":4,""z_mg"":1004}"
67.265,right_hand,og,tilt,,"{""roll_deg"":1.3,""pitch_deg"":-2.0,""steady"":true}"
67.265,right_hand,og,flick_angles,,"{""side_deg"":-1.2,""fwd_deg"":5.6}"
67.297,right_hand,og,acc,2500660,"{""seq"":3269,""x_mg"":84,""y_mg"":-4,""z_mg"":1000}"
67.297,right_hand,og,tilt,,"{""roll_deg"":2.1,""pitch_deg"":-2.0,""steady"":true}"
67.297,right_hand,og,flick_angles,,"{""side_deg"":-0.7,""fwd_deg"":5.7}"
67.297,right_hand,og,acc,2500680,"{""seq"":3270,""x_mg"":96,""y_mg"":-20,""z_mg"":984}"
67.297,right_hand,og,tilt,,"{""roll_deg"":2.7,""pitch_deg"":-2.0,""steady"":true}"
67.297,right_hand,og,flick_angles,,"{""side_deg"":-0.5,""fwd_deg"":5.6}"
67.328,right_hand,og,acc,2500701,"{""seq"":3271,""x_mg"":88,""y_mg"":-56,""z_mg"":992}"
67.328,right_hand,og,tilt,,"{""roll_deg"":3.0,""pitch_deg"":-2.0,""steady"":true}"
67.328,right_hand,og,flick_angles,,"{""side_deg"":-0.8,""fwd_deg"":5.3}"
67.344,right_hand,og,acc,2500722,"{""seq"":3272,""x_mg"":92,""y_mg"":-48,""z_mg"":996}"
67.344,right_hand,og,tilt,,"{""roll_deg"":3.0,""pitch_deg"":-2.0,""steady"":true}"
67.344,right_hand,og,flick_angles,,"{""side_deg"":-1.8,""fwd_deg"":5.3}"
67.375,right_hand,og,acc,2500742,"{""seq"":3273,""x_mg"":108,""y_mg"":-48,""z_mg"":972}"
67.375,right_hand,og,tilt,,"{""roll_deg"":3.0,""pitch_deg"":-2.0,""steady"":true}"
67.375,right_hand,og,flick_angles,,"{""side_deg"":-2.3,""fwd_deg"":5.3}"
67.390,right_hand,og,acc,2500763,"{""seq"":3274,""x_mg"":92,""y_mg"":-28,""z_mg"":984}"
67.390,right_hand,og,tilt,,"{""roll_deg"":3.0,""pitch_deg"":-2.0,""steady"":true}"
67.390,right_hand,og,flick_angles,,"{""side_deg"":-2.5,""fwd_deg"":5.3}"
67.406,right_hand,og,acc,2500783,"{""seq"":3275,""x_mg"":84,""y_mg"":-32,""z_mg"":1020}"
67.406,right_hand,og,tilt,,"{""roll_deg"":3.0,""pitch_deg"":-2.0,""steady"":true}"
67.406,right_hand,og,flick_angles,,"{""side_deg"":-2.2,""fwd_deg"":5.3}"
67.437,right_hand,og,acc,2500804,"{""seq"":3276,""x_mg"":112,""y_mg"":-52,""z_mg"":1012}"
67.437,right_hand,og,tilt,,"{""roll_deg"":3.0,""pitch_deg"":-2.0,""steady"":true}"
67.437,right_hand,og,flick_angles,,"{""side_deg"":-2.0,""fwd_deg"":5.3}"
67.453,right_hand,og,acc,2500824,"{""seq"":3277,""x_mg"":108,""y_mg"":-40,""z_mg"":980}"
67.453,right_hand,og,tilt,,"{""roll_deg"":3.0,""pitch_deg"":-1.9,""steady"":true}"
67.453,right_hand,og,flick_angles,,"{""side_deg"":-2.1,""fwd_deg"":5.8}"
67.469,right_hand,og,acc,2500845,"{""seq"":3278,""x_mg"":96,""y_mg"":-44,""z_mg"":960}"
67.469,right_hand,og,tilt,,"{""roll_deg"":3.0,""pitch_deg"":-1.8,""steady"":true}"
67.469,right_hand,og,flick_angles,,"{""side_deg"":-2.4,""fwd_deg"":6.0}"
67.500,right_hand,og,acc,2500865,"{""seq"":3279,""x_mg"":76,""y_mg"":-8,""z_mg"":984}"
67.500,right_hand,og,tilt,,"{""roll_deg"":3.0,""pitch_deg"":-1.8,""steady"":true}"
67.500,right_hand,og,flick_angles,,"{""side_deg"":-2.4,""fwd_deg"":5.9}"
67.531,right_hand,og,acc,2500886,"{""seq"":3280,""x_mg"":88,""y_mg"":-24,""z_mg"":1008}"
67.531,right_hand,og,tilt,,"{""roll_deg"":3.0,""pitch_deg"":-1.8,""steady"":true}"
67.531,right_hand,og,flick_angles,,"{""side_deg"":-1.9,""fwd_deg"":5.4}"
67.531,right_hand,og,acc,2500907,"{""seq"":3281,""x_mg"":92,""y_mg"":-12,""z_mg"":988}"
67.531,right_hand,og,tilt,,"{""roll_deg"":3.2,""pitch_deg"":-1.8,""steady"":true}"
67.531,right_hand,og,flick_angles,,"{""side_deg"":-1.3,""fwd_deg"":5.2}"
67.547,right_hand,og,acc,2500927,"{""seq"":3282,""x_mg"":88,""y_mg"":-12,""z_mg"":996}"
67.547,right_hand,og,tilt,,"{""roll_deg"":3.4,""pitch_deg"":-1.8,""steady"":true}"
67.547,right_hand,og,flick_angles,,"{""side_deg"":-1.0,""fwd_deg"":5.1}"
67.578,right_hand,og,acc,2500948,"{""seq"":3283,""x_mg"":68,""y_mg"":-4,""z_mg"":1012}"
67.578,right_hand,og,tilt,,"{""roll_deg"":3.5,""pitch_deg"":-1.8,""steady"":true}"
67.578,right_hand,og,flick_angles,,"{""side_deg"":-0.8,""fwd_deg"":5.1}"
67.594,right_hand,og,acc,2500968,"{""seq"":3284,""x_mg"":80,""y_mg"":-32,""z_mg"":1008}"
67.594,right_hand,og,tilt,,"{""roll_deg"":3.7,""pitch_deg"":-1.8,""steady"":true}"
67.594,right_hand,og,flick_angles,,"{""side_deg"":-0.8,""fwd_deg"":4.8}"
67.625,right_hand,og,acc,2500989,"{""seq"":3285,""x_mg"":96,""y_mg"":-44,""z_mg"":976}"
67.625,right_hand,og,tilt,,"{""roll_deg"":3.7,""pitch_deg"":-1.8,""steady"":true}"
67.625,right_hand,og,flick_angles,,"{""side_deg"":-1.3,""fwd_deg"":4.7}"
67.640,right_hand,og,acc,2501009,"{""seq"":3286,""x_mg"":96,""y_mg"":-16,""z_mg"":968}"
67.640,right_hand,og,tilt,,"{""roll_deg"":3.7,""pitch_deg"":-1.8,""steady"":true}"
67.640,right_hand,og,flick_angles,,"{""side_deg"":-1.5,""fwd_deg"":5.1}"
67.640,right_hand,og,acc,2501030,"{""seq"":3287,""x_mg"":80,""y_mg"":4,""z_mg"":980}"
67.640,right_hand,og,tilt,,"{""roll_deg"":3.7,""pitch_deg"":-1.8,""steady"":true}"
67.640,right_hand,og,flick_angles,,"{""side_deg"":-1.2,""fwd_deg"":5.4}"
67.672,right_hand,og,acc,2501051,"{""seq"":3288,""x_mg"":80,""y_mg"":12,""z_mg"":992}"
67.672,right_hand,og,tilt,,"{""roll_deg"":3.9,""pitch_deg"":-1.8,""steady"":true}"
67.672,right_hand,og,flick_angles,,"{""side_deg"":-0.5,""fwd_deg"":5.0}"
67.703,right_hand,og,acc,2501071,"{""seq"":3289,""x_mg"":76,""y_mg"":24,""z_mg"":992}"
67.703,right_hand,og,tilt,,"{""roll_deg"":4.2,""pitch_deg"":-1.8,""steady"":true}"
67.703,right_hand,og,flick_angles,,"{""side_deg"":0.1,""fwd_deg"":4.8}"
67.734,right_hand,og,acc,2501092,"{""seq"":3290,""x_mg"":88,""y_mg"":-32,""z_mg"":984}"
67.734,right_hand,og,tilt,,"{""roll_deg"":4.5,""pitch_deg"":-1.8,""steady"":true}"
67.734,right_hand,og,flick_angles,,"{""side_deg"":0.4,""fwd_deg"":4.7}"
67.734,right_hand,og,acc,2501112,"{""seq"":3291,""x_mg"":100,""y_mg"":-24,""z_mg"":1024}"
67.734,right_hand,og,tilt,,"{""roll_deg"":4.5,""pitch_deg"":-1.8,""steady"":true}"
67.734,right_hand,og,flick_angles,,"{""side_deg"":-0.5,""fwd_deg"":4.9}"
