t_s,role,source,channel,dev_ms,fields
0.062,right_hand,og,acc,3057673,"{""seq"":0,""x_mg"":168,""y_mg"":-32,""z_mg"":976}"
0.062,right_hand,og,tilt,,"{""roll_deg"":0.0,""pitch_deg"":0.0,""steady"":true}"
0.109,right_hand,og,acc,3057694,"{""seq"":1,""x_mg"":168,""y_mg"":-24,""z_mg"":980}"
0.109,right_hand,og,tilt,,"{""roll_deg"":0.0,""pitch_deg"":0.0,""steady"":true}"
0.109,right_hand,og,acc,3057715,"{""seq"":2,""x_mg"":160,""y_mg"":-28,""z_mg"":992}"
0.109,right_hand,og,tilt,,"{""roll_deg"":0.0,""pitch_deg"":0.0,""steady"":true}"
0.125,right_hand,og,acc,3057735,"{""seq"":3,""x_mg"":152,""y_mg"":-36,""z_mg"":980}"
0.125,right_hand,og,tilt,,"{""roll_deg"":0.0,""pitch_deg"":0.0,""steady"":true}"
0.125,right_hand,og,acc,3057756,"{""seq"":4,""x_mg"":156,""y_mg"":-20,""z_mg"":996}"
0.125,right_hand,og,tilt,,"{""roll_deg"":0.0,""pitch_deg"":0.0,""steady"":true}"
0.156,right_hand,og,acc,3057776,"{""seq"":5,""x_mg"":156,""y_mg"":-24,""z_mg"":992}"
0.156,right_hand,og,tilt,,"{""roll_deg"":0.0,""pitch_deg"":0.0,""steady"":true}"
0.187,right_hand,og,acc,3057797,"{""seq"":6,""x_mg"":152,""y_mg"":-20,""z_mg"":996}"
0.187,right_hand,og,tilt,,"{""roll_deg"":0.0,""pitch_deg"":0.0,""steady"":true}"
0.219,right_hand,og,acc,3057818,"{""seq"":7,""x_mg"":160,""y_mg"":-28,""z_mg"":996}"
0.219,right_hand,og,tilt,,"{""roll_deg"":0.0,""pitch_deg"":0.0,""steady"":true}"
0.219,right_hand,og,acc,3057838,"{""seq"":8,""x_mg"":160,""y_mg"":-36,""z_mg"":992}"
0.219,right_hand,og,tilt,,"{""roll_deg"":0.0,""pitch_deg"":0.0,""steady"":true}"
0.250,right_hand,og,acc,3057859,"{""seq"":9,""x_mg"":168,""y_mg"":-28,""z_mg"":984}"
0.250,right_hand,og,tilt,,"{""roll_deg"":0.0,""pitch_deg"":0.0,""steady"":true}"
0.281,right_hand,og,acc,3057879,"{""seq"":10,""x_mg"":168,""y_mg"":-12,""z_mg"":984}"
0.281,right_hand,og,tilt,,"{""roll_deg"":0.0,""pitch_deg"":0.0,""steady"":true}"
0.281,right_hand,og,acc,3057900,"{""seq"":11,""x_mg"":172,""y_mg"":-16,""z_mg"":984}"
0.281,right_hand,og,tilt,,"{""roll_deg"":0.0,""pitch_deg"":0.0,""steady"":true}"
0.312,right_hand,og,acc,3057920,"{""seq"":12,""x_mg"":160,""y_mg"":-8,""z_mg"":980}"
0.312,right_hand,og,tilt,,"{""roll_deg"":0.0,""pitch_deg"":0.0,""steady"":true}"
0.344,right_hand,og,acc,3057941,"{""seq"":13,""x_mg"":168,""y_mg"":-4,""z_mg"":988}"
0.344,right_hand,og,tilt,,"{""roll_deg"":0.0,""pitch_deg"":0.0,""steady"":true}"
0.344,right_hand,og,acc,3057961,"{""seq"":14,""x_mg"":160,""y_mg"":-4,""z_mg"":980}"
0.344,right_hand,og,tilt,,"{""roll_deg"":0.2,""pitch_deg"":0.0,""steady"":true}"
0.375,right_hand,og,acc,3057982,"{""seq"":15,""x_mg"":164,""y_mg"":-8,""z_mg"":972}"
0.375,right_hand,og,tilt,,"{""roll_deg"":0.3,""pitch_deg"":0.0,""steady"":true}"
0.406,right_hand,og,acc,3058003,"{""seq"":16,""x_mg"":152,""y_mg"":-12,""z_mg"":980}"
0.406,right_hand,og,tilt,,"{""roll_deg"":0.4,""pitch_deg"":0.0,""steady"":true}"
0.406,right_hand,og,acc,3058023,"{""seq"":17,""x_mg"":156,""y_mg"":-16,""z_mg"":992}"
0.406,right_hand,og,tilt,,"{""roll_deg"":0.4,""pitch_deg"":0.0,""steady"":true}"
0.422,right_hand,og,acc,3058044,"{""seq"":18,""x_mg"":168,""y_mg"":-24,""z_mg"":968}"
0.422,right_hand,og,tilt,,"{""roll_deg"":0.4,""pitch_deg"":0.0,""steady"":true}"
0.453,right_hand,og,acc,3058064,"{""seq"":19,""x_mg"":164,""y_mg"":-28,""z_mg"":964}"
0.453,right_hand,og,tilt,,"{""roll_deg"":0.4,""pitch_deg"":0.0,""steady"":true}"
0.484,right_hand,og,acc,3058085,"{""seq"":20,""x_mg"":168,""y_mg"":-12,""z_mg"":980}"
0.484,right_hand,og,tilt,,"{""roll_deg"":0.4,""pitch_deg"":0.0,""steady"":true}"
0.484,right_hand,og,acc,3058105,"{""seq"":21,""x_mg"":160,""y_mg"":12,""z_mg"":1000}"
0.484,right_hand,og,tilt,,"{""roll_deg"":0.4,""pitch_deg"":0.0,""steady"":true}"
0.516,right_hand,og,acc,3058126,"{""seq"":22,""x_mg"":148,""y_mg"":12,""z_mg"":1004}"
0.516,right_hand,og,tilt,,"{""roll_deg"":0.6,""pitch_deg"":0.0,""steady"":true}"
0.547,right_hand,og,acc,3058147,"{""seq"":23,""x_mg"":156,""y_mg"":8,""z_mg"":988}"
0.547,right_hand,og,tilt,,"{""roll_deg"":0.8,""pitch_deg"":0.0,""steady"":true}"
0.547,right_hand,og,acc,3058167,"{""seq"":24,""x_mg"":164,""y_mg"":60,""z_mg"":948}"
0.547,right_hand,og,tilt,,"{""roll_deg"":1.0,""pitch_deg"":-0.0,""steady"":true}"
0.578,right_hand,og,acc,3058188,"{""seq"":25,""x_mg"":152,""y_mg"":60,""z_mg"":968}"
0.578,right_hand,og,tilt,,"{""roll_deg"":1.6,""pitch_deg"":-0.0,""steady"":true}"
0.609,right_hand,og,acc,3058208,"{""seq"":26,""x_mg"":164,""y_mg"":40,""z_mg"":976}"
0.609,right_hand,og,tilt,,"{""roll_deg"":2.2,""pitch_deg"":-0.0,""steady"":true}"
0.609,right_hand,og,acc,3058229,"{""seq"":27,""x_mg"":160,""y_mg"":36,""z_mg"":972}"
0.609,right_hand,og,tilt,,"{""roll_deg"":2.5,""pitch_deg"":-0.0,""steady"":true}"
0.641,right_hand,og,acc,3058249,"{""seq"":28,""x_mg"":164,""y_mg"":8,""z_mg"":980}"
0.641,right_hand,og,tilt,,"{""roll_deg"":2.7,""pitch_deg"":-0.0,""steady"":true}"
0.656,right_hand,og,acc,3058270,"{""seq"":29,""x_mg"":156,""y_mg"":4,""z_mg"":972}"
0.656,right_hand,og,tilt,,"{""roll_deg"":2.7,""pitch_deg"":-0.0,""steady"":true}"
0.703,right_hand,og,acc,3058291,"{""seq"":30,""x_mg"":148,""y_mg"":8,""z_mg"":972}"
0.703,right_hand,og,tilt,,"{""roll_deg"":2.7,""pitch_deg"":-0.0,""steady"":true}"
0.703,right_hand,og,acc,3058311,"{""seq"":31,""x_mg"":156,""y_mg"":-16,""z_mg"":1008}"
0.703,right_hand,og,tilt,,"{""roll_deg"":2.7,""pitch_deg"":-0.1,""steady"":true}"
0.734,right_hand,og,acc,3058332,"{""seq"":32,""x_mg"":144,""y_mg"":-44,""z_mg"":1012}"
0.734,right_hand,og,tilt,,"{""roll_deg"":2.7,""pitch_deg"":-0.1,""steady"":true}"
0.750,right_hand,og,acc,3058352,"{""seq"":33,""x_mg"":152,""y_mg"":-76,""z_mg"":996}"
0.750,right_hand,og,tilt,,"{""roll_deg"":2.7,""pitch_deg"":-0.2,""steady"":true}"
0.750,right_hand,og,acc,3058373,"{""seq"":34,""x_mg"":160,""y_mg"":-76,""z_mg"":984}"
0.750,right_hand,og,tilt,,"{""roll_deg"":2.2,""pitch_deg"":-0.2,""steady"":true}"
0.781,right_hand,og,acc,3058393,"{""seq"":35,""x_mg"":156,""y_mg"":-72,""z_mg"":988}"
0.781,right_hand,og,tilt,,"{""roll_deg"":1.5,""pitch_deg"":-0.2,""steady"":true}"
0.812,right_hand,og,acc,3058414,"{""seq"":36,""x_mg"":148,""y_mg"":-68,""z_mg"":984}"
0.812,right_hand,og,tilt,,"{""roll_deg"":0.9,""pitch_deg"":-0.3,""steady"":true}"
0.844,right_hand,og,acc,3058435,"{""seq"":37,""x_mg"":140,""y_mg"":-32,""z_mg"":1020}"
0.844,right_hand,og,tilt,,"{""roll_deg"":0.4,""pitch_deg"":-0.3,""steady"":true}"
0.844,right_hand,og,acc,3058455,"{""seq"":38,""x_mg"":152,""y_mg"":-72,""z_mg"":1000}"
0.844,right_hand,og,tilt,,"{""roll_deg"":-0.0,""pitch_deg"":-0.4,""steady"":true}"
0.875,right_hand,og,acc,3058476,"{""seq"":39,""x_mg"":148,""y_mg"":-88,""z_mg"":992}"
0.875,right_hand,og,tilt,,"{""roll_deg"":-0.4,""pitch_deg"":-0.4,""steady"":true}"
0.906,right_hand,og,acc,3058496,"{""seq"":40,""x_mg"":168,""y_mg"":-76,""z_mg"":996}"
0.906,right_hand,og,tilt,,"{""roll_deg"":-0.7,""pitch_deg"":-0.4,""steady"":true}"
0.906,right_hand,og,acc,3058517,"{""seq"":41,""x_mg"":156,""y_mg"":20,""z_mg"":1008}"
0.906,right_hand,og,tilt,,"{""roll_deg"":-1.0,""pitch_deg"":-0.5,""steady"":true}"
0.937,right_hand,og,acc,3058537,"{""seq"":42,""x_mg"":136,""y_mg"":52,""z_mg"":984}"
0.937,right_hand,og,tilt,,"{""roll_deg"":-1.0,""pitch_deg"":-0.5,""steady"":true}"
0.937,right_hand,og,acc,3058558,"{""seq"":43,""x_mg"":180,""y_mg"":-128,""z_mg"":944}"
0.937,right_hand,og,tilt,,"{""roll_deg"":-0.8,""pitch_deg"":-0.5,""steady"":true}"
0.969,right_hand,og,acc,3058578,"{""seq"":44,""x_mg"":212,""y_mg"":-236,""z_mg"":968}"
0.969,right_hand,og,tilt,,"{""roll_deg"":-0.8,""pitch_deg"":-0.5,""steady"":true}"
0.984,right_hand,og,acc,3058599,"{""seq"":45,""x_mg"":200,""y_mg"":-156,""z_mg"":968}"
0.984,right_hand,og,tilt,,"{""roll_deg"":-2.0,""pitch_deg"":-0.5,""steady"":true}"
1.016,right_hand,og,acc,3058620,"{""seq"":46,""x_mg"":188,""y_mg"":-160,""z_mg"":992}"
1.016,right_hand,og,tilt,,"{""roll_deg"":-3.1,""pitch_deg"":-0.5,""steady"":true}"
1.031,right_hand,og,acc,3058640,"{""seq"":47,""x_mg"":172,""y_mg"":-96,""z_mg"":960}"
1.031,right_hand,og,tilt,,"{""roll_deg"":-4.0,""pitch_deg"":-0.5,""steady"":true}"
1.031,right_hand,og,acc,3058661,"{""seq"":48,""x_mg"":200,""y_mg"":-268,""z_mg"":916}"
1.031,right_hand,og,tilt,,"{""roll_deg"":-4.7,""pitch_deg"":-0.4,""steady"":true}"
1.062,right_hand,og,acc,3058681,"{""seq"":49,""x_mg"":204,""y_mg"":-336,""z_mg"":956}"
1.062,right_hand,og,tilt,,"{""roll_deg"":-7.3,""pitch_deg"":-0.2,""steady"":true}"
1.078,right_hand,og,acc,3058702,"{""seq"":50,""x_mg"":192,""y_mg"":-256,""z_mg"":948}"
1.078,right_hand,og,tilt,,"{""roll_deg"":-9.4,""pitch_deg"":0.0,""steady"":true}"
1.109,right_hand,og,acc,3058722,"{""seq"":51,""x_mg"":148,""y_mg"":-280,""z_mg"":972}"
1.109,right_hand,og,tilt,,"{""roll_deg"":-10.8,""pitch_deg"":0.1,""steady"":true}"
1.125,right_hand,og,acc,3058743,"{""seq"":52,""x_mg"":168,""y_mg"":-316,""z_mg"":916}"
1.125,right_hand,og,tilt,,"{""roll_deg"":-11.7,""pitch_deg"":0.1,""steady"":true}"
1.156,right_hand,og,acc,3058764,"{""seq"":53,""x_mg"":180,""y_mg"":-392,""z_mg"":888}"
1.156,right_hand,og,tilt,,"{""roll_deg"":-13.4,""pitch_deg"":0.1,""steady"":true}"
1.187,right_hand,og,acc,3058784,"{""seq"":54,""x_mg"":184,""y_mg"":-436,""z_mg"":908}"
1.187,right_hand,og,tilt,,"{""roll_deg"":-16.1,""pitch_deg"":0.1,""steady"":true}"
1.203,right_hand,og,acc,3058805,"{""seq"":55,""x_mg"":172,""y_mg"":-420,""z_mg"":908}"
1.203,right_hand,og,tilt,,"{""roll_deg"":-18.4,""pitch_deg"":0.1,""steady"":true}"
1.203,right_hand,og,acc,3058825,"{""seq"":56,""x_mg"":180,""y_mg"":-416,""z_mg"":936}"
1.203,right_hand,og,tilt,,"{""roll_deg"":-19.8,""pitch_deg"":0.1,""steady"":true}"
1.234,right_hand,og,acc,3058846,"{""seq"":57,""x_mg"":168,""y_mg"":-364,""z_mg"":928}"
1.234,right_hand,og,tilt,,"{""roll_deg"":-20.3,""pitch_deg"":0.1,""steady"":true}"
1.250,right_hand,og,acc,3058866,"{""seq"":58,""x_mg"":172,""y_mg"":-320,""z_mg"":936}"
1.250,right_hand,og,tilt,,"{""roll_deg"":-20.3,""pitch_deg"":0.1,""steady"":true}"
1.281,right_hand,og,acc,3058887,"{""seq"":59,""x_mg"":180,""y_mg"":-376,""z_mg"":920}"
1.281,right_hand,og,tilt,,"{""roll_deg"":-20.3,""pitch_deg"":0.1,""steady"":true}"
1.297,right_hand,og,acc,3058907,"{""seq"":60,""x_mg"":192,""y_mg"":-436,""z_mg"":884}"
1.297,right_hand,og,tilt,,"{""roll_deg"":-20.3,""pitch_deg"":0.1,""steady"":true}"
1.328,right_hand,og,acc,3058928,"{""seq"":61,""x_mg"":184,""y_mg"":-428,""z_mg"":900}"
1.328,right_hand,og,tilt,,"{""roll_deg"":-20.5,""pitch_deg"":0.1,""steady"":true}"
1.328,right_hand,og,acc,3058949,"{""seq"":62,""x_mg"":176,""y_mg"":-288,""z_mg"":960}"
1.328,right_hand,og,tilt,,"{""roll_deg"":-21.1,""pitch_deg"":0.1,""steady"":true}"
1.359,right_hand,og,acc,3058969,"{""seq"":63,""x_mg"":152,""y_mg"":-84,""z_mg"":996}"
1.359,right_hand,og,tilt,,"{""roll_deg"":-20.6,""pitch_deg"":0.1,""steady"":true}"
1.359,right_hand,og,acc,3058990,"{""seq"":64,""x_mg"":144,""y_mg"":-4,""z_mg"":988}"
1.359,right_hand,og,tilt,,"{""roll_deg"":-18.2,""pitch_deg"":0.1,""steady"":true}"
1.375,,game,brick,,"{""n"":1}"
1.391,right_hand,og,acc,3059010,"{""seq"":65,""x_mg"":140,""y_mg"":28,""z_mg"":972}"
1.391,right_hand,og,tilt,,"{""roll_deg"":-12.6,""pitch_deg"":0.1,""steady"":true}"
1.422,right_hand,og,acc,3059031,"{""seq"":66,""x_mg"":148,""y_mg"":44,""z_mg"":968}"
1.422,right_hand,og,tilt,,"{""roll_deg"":-6.6,""pitch_deg"":0.1,""steady"":true}"
1.453,right_hand,og,acc,3059051,"{""seq"":67,""x_mg"":164,""y_mg"":44,""z_mg"":972}"
1.453,right_hand,og,tilt,,"{""roll_deg"":-2.3,""pitch_deg"":0.1,""steady"":true}"
1.453,right_hand,og,acc,3059072,"{""seq"":68,""x_mg"":160,""y_mg"":84,""z_mg"":980}"
1.453,right_hand,og,tilt,,"{""roll_deg"":0.4,""pitch_deg"":0.1,""steady"":true}"
1.469,right_hand,og,acc,3059093,"{""seq"":69,""x_mg"":152,""y_mg"":156,""z_mg"":988}"
1.469,right_hand,og,tilt,,"{""roll_deg"":2.9,""pitch_deg"":0.1,""steady"":true}"
1.500,right_hand,og,acc,3059113,"{""seq"":70,""x_mg"":168,""y_mg"":108,""z_mg"":960}"
1.500,right_hand,og,tilt,,"{""roll_deg"":4.9,""pitch_deg"":0.1,""steady"":true}"
1.531,right_hand,og,acc,3059134,"{""seq"":71,""x_mg"":160,""y_mg"":92,""z_mg"":956}"
1.531,right_hand,og,tilt,,"{""roll_deg"":6.1,""pitch_deg"":0.1,""steady"":true}"
1.531,right_hand,og,acc,3059154,"{""seq"":72,""x_mg"":152,""y_mg"":140,""z_mg"":984}"
1.531,right_hand,og,tilt,,"{""roll_deg"":6.7,""pitch_deg"":0.1,""steady"":true}"
1.562,right_hand,og,acc,3059175,"{""seq"":73,""x_mg"":136,""y_mg"":196,""z_mg"":988}"
1.562,right_hand,og,tilt,,"{""roll_deg"":7.8,""pitch_deg"":0.1,""steady"":true}"
1.578,right_hand,og,acc,3059195,"{""seq"":74,""x_mg"":148,""y_mg"":136,""z_mg"":968}"
1.578,right_hand,og,tilt,,"{""roll_deg"":8.4,""pitch_deg"":-0.0,""steady"":true}"
1.609,right_hand,og,acc,3059216,"{""seq"":75,""x_mg"":148,""y_mg"":124,""z_mg"":944}"
1.609,right_hand,og,tilt,,"{""roll_deg"":8.7,""pitch_deg"":-0.1,""steady"":true}"
1.641,right_hand,og,acc,3059237,"{""seq"":76,""x_mg"":148,""y_mg"":176,""z_mg"":964}"
1.641,right_hand,og,tilt,,"{""roll_deg"":8.9,""pitch_deg"":-0.2,""steady"":true}"
1.641,right_hand,og,acc,3059257,"{""seq"":77,""x_mg"":132,""y_mg"":256,""z_mg"":940}"
1.641,right_hand,og,tilt,,"{""roll_deg"":9.8,""pitch_deg"":-0.2,""steady"":true}"
1.656,right_hand,og,acc,3059278,"{""seq"":78,""x_mg"":132,""y_mg"":236,""z_mg"":948}"
1.656,right_hand,og,tilt,,"{""roll_deg"":11.7,""pitch_deg"":-0.4,""steady"":true}"
1.672,right_hand,og,acc,3059298,"{""seq"":79,""x_mg"":152,""y_mg"":152,""z_mg"":952}"
1.687,right_hand,og,tilt,,"{""roll_deg"":12.9,""pitch_deg"":-0.6,""steady"":true}"
1.703,right_hand,og,acc,3059319,"{""seq"":80,""x_mg"":152,""y_mg"":184,""z_mg"":952}"
1.703,right_hand,og,tilt,,"{""roll_deg"":12.9,""pitch_deg"":-0.6,""steady"":true}"
1.719,right_hand,og,acc,3059339,"{""seq"":81,""x_mg"":136,""y_mg"":272,""z_mg"":948}"
1.719,right_hand,og,tilt,,"{""roll_deg"":12.9,""pitch_deg"":-0.6,""steady"":true}"
1.750,right_hand,og,acc,3059360,"{""seq"":82,""x_mg"":148,""y_mg"":192,""z_mg"":936}"
1.750,right_hand,og,tilt,,"{""roll_deg"":12.9,""pitch_deg"":-0.6,""steady"":true}"
1.781,right_hand,og,acc,3059381,"{""seq"":83,""x_mg"":164,""y_mg"":172,""z_mg"":952}"
1.781,right_hand,og,tilt,,"{""roll_deg"":12.9,""pitch_deg"":-0.6,""steady"":true}"
1.812,right_hand,og,acc,3059401,"{""seq"":84,""x_mg"":172,""y_mg"":144,""z_mg"":928}"
1.812,right_hand,og,tilt,,"{""roll_deg"":12.9,""pitch_deg"":-0.6,""steady"":true}"
1.812,right_hand,og,acc,3059422,"{""seq"":85,""x_mg"":120,""y_mg"":284,""z_mg"":916}"
1.812,right_hand,og,tilt,,"{""roll_deg"":12.9,""pitch_deg"":-0.6,""steady"":true}"
1.844,right_hand,og,acc,3059442,"{""seq"":86,""x_mg"":88,""y_mg"":500,""z_mg"":912}"
1.844,right_hand,og,tilt,,"{""roll_deg"":13.8,""pitch_deg"":-0.6,""steady"":true}"
1.844,right_hand,og,acc,3059463,"{""seq"":87,""x_mg"":60,""y_mg"":548,""z_mg"":888}"
1.844,right_hand,og,tilt,,"{""roll_deg"":19.4,""pitch_deg"":-1.1,""steady"":true}"
1.875,right_hand,og,acc,3059483,"{""seq"":88,""x_mg"":80,""y_mg"":460,""z_mg"":892}"
1.875,right_hand,og,tilt,,"{""roll_deg"":23.5,""pitch_deg"":-1.7,""steady"":true}"
1.906,right_hand,og,acc,3059504,"{""seq"":89,""x_mg"":120,""y_mg"":380,""z_mg"":892}"
1.906,right_hand,og,tilt,,"{""roll_deg"":25.5,""pitch_deg"":-2.3,""steady"":true}"
1.922,right_hand,og,acc,3059525,"{""seq"":90,""x_mg"":124,""y_mg"":324,""z_mg"":908}"
1.922,right_hand,og,tilt,,"{""roll_deg"":25.5,""pitch_deg"":-2.3,""steady"":true}"
1.922,right_hand,og,acc,3059545,"{""seq"":91,""x_mg"":124,""y_mg"":340,""z_mg"":892}"
1.922,right_hand,og,tilt,,"{""roll_deg"":25.0,""pitch_deg"":-2.3,""steady"":true}"
1.953,right_hand,og,acc,3059566,"{""seq"":92,""x_mg"":116,""y_mg"":372,""z_mg"":932}"
1.953,right_hand,og,tilt,,"{""roll_deg"":24.4,""pitch_deg"":-2.3,""steady"":true}"
1.969,right_hand,og,acc,3059586,"{""seq"":93,""x_mg"":120,""y_mg"":332,""z_mg"":924}"
1.969,right_hand,og,tilt,,"{""roll_deg"":24.1,""pitch_deg"":-2.3,""steady"":true}"
2.000,right_hand,og,acc,3059607,"{""seq"":94,""x_mg"":124,""y_mg"":356,""z_mg"":904}"
2.000,right_hand,og,tilt,,"{""roll_deg"":23.9,""pitch_deg"":-2.3,""steady"":true}"
2.031,right_hand,og,acc,3059627,"{""seq"":95,""x_mg"":112,""y_mg"":424,""z_mg"":924}"
2.031,right_hand,og,tilt,,"{""roll_deg"":23.9,""pitch_deg"":-2.3,""steady"":true}"
2.062,right_hand,og,acc,3059648,"{""seq"":96,""x_mg"":68,""y_mg"":448,""z_mg"":932}"
2.062,right_hand,og,tilt,,"{""roll_deg"":23.9,""pitch_deg"":-2.4,""steady"":true}"
2.062,right_hand,og,acc,3059668,"{""seq"":97,""x_mg"":76,""y_mg"":444,""z_mg"":944}"
2.062,right_hand,og,tilt,,"{""roll_deg"":24.3,""pitch_deg"":-2.8,""steady"":true}"
2.078,right_hand,og,acc,3059689,"{""seq"":98,""x_mg"":84,""y_mg"":416,""z_mg"":932}"
2.078,right_hand,og,tremor,,"{""rms_mg"":55.7,""peak_hz"":8.8}"
2.078,right_hand,og,tilt,,"{""roll_deg"":24.9,""pitch_deg"":-3.2,""steady"":true}"
2.094,,game,drop,,"{""n"":1}"
2.094,right_hand,og,acc,3059710,"{""seq"":99,""x_mg"":104,""y_mg"":320,""z_mg"":904}"
2.094,right_hand,og,tilt,,"{""roll_deg"":25.0,""pitch_deg"":-3.5,""steady"":true}"
2.141,right_hand,og,acc,3059730,"{""seq"":100,""x_mg"":112,""y_mg"":304,""z_mg"":916}"
2.141,right_hand,og,tilt,,"{""roll_deg"":25.0,""pitch_deg"":-3.5,""steady"":true}"
2.141,right_hand,og,acc,3059751,"{""seq"":101,""x_mg"":112,""y_mg"":372,""z_mg"":900}"
2.141,right_hand,og,tilt,,"{""roll_deg"":24.7,""pitch_deg"":-3.5,""steady"":true}"
2.172,right_hand,og,acc,3059771,"{""seq"":102,""x_mg"":92,""y_mg"":452,""z_mg"":896}"
2.172,right_hand,og,tilt,,"{""roll_deg"":24.7,""pitch_deg"":-3.5,""steady"":true}"
2.187,right_hand,og,acc,3059792,"{""seq"":103,""x_mg"":108,""y_mg"":448,""z_mg"":892}"
2.187,right_hand,og,tilt,,"{""roll_deg"":24.7,""pitch_deg"":-3.5,""steady"":true}"
2.203,right_hand,og,acc,3059812,"{""seq"":104,""x_mg"":136,""y_mg"":428,""z_mg"":868}"
2.203,right_hand,og,tilt,,"{""roll_deg"":25.1,""pitch_deg"":-3.5,""steady"":true}"
2.234,right_hand,og,acc,3059833,"{""seq"":105,""x_mg"":176,""y_mg"":416,""z_mg"":860}"
2.234,right_hand,og,tilt,,"{""roll_deg"":25.5,""pitch_deg"":-3.5,""steady"":true}"
2.234,right_hand,og,acc,3059854,"{""seq"":106,""x_mg"":180,""y_mg"":408,""z_mg"":876}"
2.234,right_hand,og,tilt,,"{""roll_deg"":25.8,""pitch_deg"":-3.5,""steady"":true}"
2.266,right_hand,og,acc,3059874,"{""seq"":107,""x_mg"":172,""y_mg"":396,""z_mg"":884}"
2.266,right_hand,og,tilt,,"{""roll_deg"":25.8,""pitch_deg"":-3.0,""steady"":true}"
2.297,right_hand,og,acc,3059895,"{""seq"":108,""x_mg"":188,""y_mg"":376,""z_mg"":896}"
2.297,right_hand,og,tilt,,"{""roll_deg"":25.8,""pitch_deg"":-2.5,""steady"":true}"
2.297,right_hand,og,acc,3059915,"{""seq"":109,""x_mg"":196,""y_mg"":320,""z_mg"":908}"
2.297,right_hand,og,tilt,,"{""roll_deg"":25.8,""pitch_deg"":-1.9,""steady"":true}"
2.312,right_hand,og,acc,3059936,"{""seq"":110,""x_mg"":176,""y_mg"":272,""z_mg"":956}"
2.312,right_hand,og,tilt,,"{""roll_deg"":25.8,""pitch_deg"":-1.3,""steady"":true}"
2.344,right_hand,og,acc,3059956,"{""seq"":111,""x_mg"":128,""y_mg"":244,""z_mg"":960}"
2.344,right_hand,og,tilt,,"{""roll_deg"":24.7,""pitch_deg"":-1.1,""steady"":true}"
2.375,right_hand,og,acc,3059977,"{""seq"":112,""x_mg"":100,""y_mg"":200,""z_mg"":1008}"
2.375,right_hand,og,tilt,,"{""roll_deg"":22.8,""pitch_deg"":-1.1,""steady"":true}"
2.375,right_hand,og,acc,3059998,"{""seq"":113,""x_mg"":76,""y_mg"":76,""z_mg"":1012}"
2.375,right_hand,og,tilt,,"{""roll_deg"":20.1,""pitch_deg"":-1.1,""steady"":true}"
2.406,right_hand,og,acc,3060018,"{""seq"":114,""x_mg"":48,""y_mg"":32,""z_mg"":996}"
2.406,right_hand,og,tilt,,"{""roll_deg"":15.3,""pitch_deg"":-1.2,""steady"":true}"
2.437,right_hand,og,acc,3060039,"{""seq"":115,""x_mg"":56,""y_mg"":-8,""z_mg"":1036}"
2.437,right_hand,og,tilt,,"{""roll_deg"":10.8,""pitch_deg"":-1.8,""steady"":true}"
2.437,right_hand,og,acc,3060059,"{""seq"":116,""x_mg"":72,""y_mg"":-88,""z_mg"":1044}"
2.437,right_hand,og,tilt,,"{""roll_deg"":7.1,""pitch_deg"":-2.5,""steady"":true}"
2.469,right_hand,og,acc,3060080,"{""seq"":117,""x_mg"":92,""y_mg"":-136,""z_mg"":1028}"
2.469,right_hand,og,tilt,,"{""roll_deg"":2.8,""pitch_deg"":-3.1,""steady"":true}"
2.484,right_hand,og,acc,3060100,"{""seq"":118,""x_mg"":84,""y_mg"":-148,""z_mg"":1048}"
2.484,right_hand,og,tilt,,"{""roll_deg"":-0.8,""pitch_deg"":-3.4,""steady"":true}"
2.516,right_hand,og,acc,3060121,"{""seq"":119,""x_mg"":52,""y_mg"":-156,""z_mg"":1032}"
2.516,right_hand,og,tilt,,"{""roll_deg"":-3.0,""pitch_deg"":-3.6,""steady"":true}"
2.516,right_hand,og,acc,3060142,"{""seq"":120,""x_mg"":36,""y_mg"":-160,""z_mg"":1012}"
2.516,right_hand,og,tilt,,"{""roll_deg"":-4.5,""pitch_deg"":-4.2,""steady"":true}"
2.547,right_hand,og,acc,3060162,"{""seq"":121,""x_mg"":64,""y_mg"":-172,""z_mg"":1004}"
2.547,right_hand,og,tilt,,"{""roll_deg"":-5.4,""pitch_deg"":-4.7,""steady"":true}"
2.578,right_hand,og,acc,3060183,"{""seq"":122,""x_mg"":68,""y_mg"":-208,""z_mg"":992}"
2.578,right_hand,og,tilt,,"{""roll_deg"":-6.2,""pitch_deg"":-4.9,""steady"":true}"
2.609,right_hand,og,acc,3060203,"{""seq"":123,""x_mg"":52,""y_mg"":-192,""z_mg"":992}"
2.609,right_hand,og,tilt,,"{""roll_deg"":-7.2,""pitch_deg"":-5.1,""steady"":true}"
2.609,right_hand,og,acc,3060224,"{""seq"":124,""x_mg"":24,""y_mg"":-172,""z_mg"":968}"
2.609,right_hand,og,tilt,,"{""roll_deg"":-7.7,""pitch_deg"":-5.3,""steady"":true}"
2.625,right_hand,og,acc,3060244,"{""seq"":125,""x_mg"":28,""y_mg"":-140,""z_mg"":952}"
2.625,right_hand,og,tilt,,"{""roll_deg"":-7.8,""pitch_deg"":-5.8,""steady"":true}"
2.656,right_hand,og,acc,3060265,"{""seq"":126,""x_mg"":40,""y_mg"":-136,""z_mg"":944}"
2.656,right_hand,og,tilt,,"{""roll_deg"":-7.8,""pitch_deg"":-6.2,""steady"":true}"
2.672,right_hand,og,acc,3060285,"{""seq"":127,""x_mg"":56,""y_mg"":-116,""z_mg"":940}"
2.672,right_hand,og,tilt,,"{""roll_deg"":-7.7,""pitch_deg"":-6.4,""steady"":true}"
2.703,right_hand,og,acc,3060306,"{""seq"":128,""x_mg"":48,""y_mg"":-80,""z_mg"":952}"
2.703,right_hand,og,tilt,,"{""roll_deg"":-7.2,""pitch_deg"":-6.4,""steady"":true}"
2.703,right_hand,og,acc,3060327,"{""seq"":129,""x_mg"":32,""y_mg"":-28,""z_mg"":956}"
2.703,right_hand,og,tilt,,"{""roll_deg"":-6.4,""pitch_deg"":-6.4,""steady"":true}"
2.734,right_hand,og,acc,3060347,"{""seq"":130,""x_mg"":44,""y_mg"":0,""z_mg"":964}"
2.734,right_hand,og,tilt,,"{""roll_deg"":-5.7,""pitch_deg"":-6.5,""steady"":true}"
2.750,right_hand,og,acc,3060368,"{""seq"":131,""x_mg"":72,""y_mg"":12,""z_mg"":940}"
2.750,right_hand,og,tilt,,"{""roll_deg"":-5.0,""pitch_deg"":-6.5,""steady"":true}"
2.781,right_hand,og,acc,3060388,"{""seq"":132,""x_mg"":96,""y_mg"":-8,""z_mg"":936}"
2.781,right_hand,og,tilt,,"{""roll_deg"":-4.0,""pitch_deg"":-6.5,""steady"":true}"
2.812,right_hand,og,acc,3060409,"{""seq"":133,""x_mg"":96,""y_mg"":-36,""z_mg"":932}"
2.812,right_hand,og,tilt,,"{""roll_deg"":-3.0,""pitch_deg"":-6.5,""steady"":true}"
2.812,right_hand,og,acc,3060429,"{""seq"":134,""x_mg"":92,""y_mg"":-52,""z_mg"":940}"
2.812,right_hand,og,tilt,,"{""roll_deg"":-2.5,""pitch_deg"":-6.5,""steady"":true}"
2.828,right_hand,og,acc,3060450,"{""seq"":135,""x_mg"":104,""y_mg"":-40,""z_mg"":948}"
2.828,right_hand,og,tilt,,"{""roll_deg"":-2.2,""pitch_deg"":-6.5,""steady"":true}"
2.859,right_hand,og,acc,3060471,"{""seq"":136,""x_mg"":104,""y_mg"":-20,""z_mg"":972}"
2.859,right_hand,og,tilt,,"{""roll_deg"":-1.9,""pitch_deg"":-6.2,""steady"":true}"
2.875,right_hand,og,acc,3060491,"{""seq"":137,""x_mg"":80,""y_mg"":16,""z_mg"":960}"
2.875,right_hand,og,tilt,,"{""roll_deg"":-1.5,""pitch_deg"":-5.9,""steady"":true}"
2.906,right_hand,og,acc,3060512,"{""seq"":138,""x_mg"":64,""y_mg"":20,""z_mg"":964}"
2.906,right_hand,og,tilt,,"{""roll_deg"":-0.6,""pitch_deg"":-5.8,""steady"":true}"
2.937,right_hand,og,acc,3060532,"{""seq"":139,""x_mg"":64,""y_mg"":44,""z_mg"":988}"
2.937,right_hand,og,tilt,,"{""roll_deg"":0.2,""pitch_deg"":-5.8,""steady"":true}"
2.937,right_hand,og,acc,3060553,"{""seq"":140,""x_mg"":52,""y_mg"":44,""z_mg"":996}"
2.937,right_hand,og,tilt,,"{""roll_deg"":1.2,""pitch_deg"":-5.8,""steady"":true}"
2.969,right_hand,og,acc,3060573,"{""seq"":141,""x_mg"":64,""y_mg"":16,""z_mg"":1000}"
2.969,right_hand,og,tilt,,"{""roll_deg"":1.9,""pitch_deg"":-5.8,""steady"":true}"
2.984,right_hand,og,acc,3060594,"{""seq"":142,""x_mg"":56,""y_mg"":-8,""z_mg"":992}"
2.984,right_hand,og,tilt,,"{""roll_deg"":2.0,""pitch_deg"":-5.8,""steady"":true}"
2.984,right_hand,og,acc,3060615,"{""seq"":143,""x_mg"":56,""y_mg"":-16,""z_mg"":988}"
2.984,right_hand,og,tilt,,"{""roll_deg"":2.0,""pitch_deg"":-5.8,""steady"":true}"
3.016,right_hand,og,acc,3060635,"{""seq"":144,""x_mg"":76,""y_mg"":-16,""z_mg"":988}"
3.016,right_hand,og,tilt,,"{""roll_deg"":2.0,""pitch_deg"":-5.8,""steady"":true}"
3.047,right_hand,og,acc,3060656,"{""seq"":145,""x_mg"":80,""y_mg"":4,""z_mg"":992}"
3.047,right_hand,og,tilt,,"{""roll_deg"":2.0,""pitch_deg"":-5.8,""steady"":true}"
3.078,right_hand,og,acc,3060676,"{""seq"":146,""x_mg"":96,""y_mg"":8,""z_mg"":976}"
3.078,right_hand,og,tilt,,"{""roll_deg"":2.0,""pitch_deg"":-5.8,""steady"":true}"
3.078,right_hand,og,acc,3060697,"{""seq"":147,""x_mg"":112,""y_mg"":16,""z_mg"":968}"
3.078,right_hand,og,tilt,,"{""roll_deg"":2.0,""pitch_deg"":-5.8,""steady"":true}"
3.094,right_hand,og,acc,3060717,"{""seq"":148,""x_mg"":116,""y_mg"":24,""z_mg"":948}"
3.094,right_hand,og,tilt,,"{""roll_deg"":2.0,""pitch_deg"":-5.7,""steady"":true}"
3.125,right_hand,og,acc,3060738,"{""seq"":149,""x_mg"":124,""y_mg"":40,""z_mg"":952}"
3.125,right_hand,og,tilt,,"{""roll_deg"":2.0,""pitch_deg"":-5.4,""steady"":true}"
3.156,right_hand,og,acc,3060759,"{""seq"":150,""x_mg"":116,""y_mg"":80,""z_mg"":972}"
3.156,right_hand,og,tilt,,"{""roll_deg"":2.2,""pitch_deg"":-5.0,""steady"":true}"
3.172,right_hand,og,acc,3060779,"{""seq"":151,""x_mg"":108,""y_mg"":80,""z_mg"":972}"
3.172,right_hand,og,tilt,,"{""roll_deg"":2.9,""pitch_deg"":-4.8,""steady"":true}"
3.203,right_hand,og,acc,3060800,"{""seq"":152,""x_mg"":132,""y_mg"":88,""z_mg"":976}"
3.203,right_hand,og,tilt,,"{""roll_deg"":3.6,""pitch_deg"":-4.5,""steady"":true}"
3.219,right_hand,og,acc,3060820,"{""seq"":153,""x_mg"":128,""y_mg"":84,""z_mg"":968}"
3.219,right_hand,og,tilt,,"{""roll_deg"":4.2,""pitch_deg"":-4.2,""steady"":true}"
3.250,right_hand,og,acc,3060841,"{""seq"":154,""x_mg"":120,""y_mg"":92,""z_mg"":984}"
3.250,right_hand,og,tilt,,"{""roll_deg"":4.8,""pitch_deg"":-3.9,""steady"":true}"
3.250,right_hand,og,acc,3060861,"{""seq"":155,""x_mg"":108,""y_mg"":76,""z_mg"":992}"
3.250,right_hand,og,tilt,,"{""roll_deg"":5.1,""pitch_deg"":-3.8,""steady"":true}"
3.266,right_hand,og,acc,3060882,"{""seq"":156,""x_mg"":88,""y_mg"":44,""z_mg"":1004}"
3.266,right_hand,og,tilt,,"{""roll_deg"":5.3,""pitch_deg"":-3.8,""steady"":true}"
3.297,right_hand,og,acc,3060903,"{""seq"":157,""x_mg"":92,""y_mg"":-4,""z_mg"":1016}"
3.297,right_hand,og,tilt,,"{""roll_deg"":5.3,""pitch_deg"":-3.8,""steady"":true}"
3.297,right_hand,og,acc,3060923,"{""seq"":158,""x_mg"":84,""y_mg"":-16,""z_mg"":1028}"
3.297,right_hand,og,tilt,,"{""roll_deg"":5.3,""pitch_deg"":-3.8,""steady"":true}"
3.328,right_hand,og,acc,3060944,"{""seq"":159,""x_mg"":68,""y_mg"":-8,""z_mg"":1028}"
3.328,right_hand,og,tilt,,"{""roll_deg"":5.0,""pitch_deg"":-3.8,""steady"":true}"
3.344,right_hand,og,acc,3060964,"{""seq"":160,""x_mg"":64,""y_mg"":-16,""z_mg"":1028}"
3.344,right_hand,og,tilt,,"{""roll_deg"":4.7,""pitch_deg"":-3.8,""steady"":true}"
3.391,right_hand,og,acc,3060985,"{""seq"":161,""x_mg"":56,""y_mg"":-32,""z_mg"":1024}"
3.391,right_hand,og,tilt,,"{""roll_deg"":4.3,""pitch_deg"":-3.8,""steady"":true}"
3.391,right_hand,og,acc,3061005,"{""seq"":162,""x_mg"":56,""y_mg"":-60,""z_mg"":1020}"
3.391,right_hand,og,tilt,,"{""roll_deg"":3.7,""pitch_deg"":-4.1,""steady"":true}"
3.422,right_hand,og,acc,3061026,"{""seq"":163,""x_mg"":56,""y_mg"":-72,""z_mg"":1004}"
3.422,right_hand,og,tilt,,"{""roll_deg"":2.8,""pitch_deg"":-4.3,""steady"":true}"
3.437,right_hand,og,acc,3061046,"{""seq"":164,""x_mg"":48,""y_mg"":-56,""z_mg"":1000}"
3.437,right_hand,og,tilt,,"{""roll_deg"":2.0,""pitch_deg"":-4.6,""steady"":true}"
3.469,right_hand,og,acc,3061067,"{""seq"":165,""x_mg"":56,""y_mg"":-64,""z_mg"":992}"
3.469,right_hand,og,tilt,,"{""roll_deg"":1.2,""pitch_deg"":-4.8,""steady"":true}"
3.500,right_hand,og,acc,3061088,"{""seq"":166,""x_mg"":60,""y_mg"":-44,""z_mg"":984}"
3.500,right_hand,og,tilt,,"{""roll_deg"":0.7,""pitch_deg"":-5.0,""steady"":true}"
3.500,right_hand,og,acc,3061108,"{""seq"":167,""x_mg"":60,""y_mg"":-52,""z_mg"":980}"
3.500,right_hand,og,tilt,,"{""roll_deg"":0.3,""pitch_deg"":-5.2,""steady"":true}"
3.500,,game,brick,,"{""n"":2}"
3.516,right_hand,og,acc,3061129,"{""seq"":168,""x_mg"":48,""y_mg"":-52,""z_mg"":980}"
3.516,right_hand,og,tilt,,"{""roll_deg"":0.1,""pitch_deg"":-5.3,""steady"":true}"
3.547,right_hand,og,acc,3061149,"{""seq"":169,""x_mg"":48,""y_mg"":-40,""z_mg"":976}"
3.547,right_hand,og,tilt,,"{""roll_deg"":-0.1,""pitch_deg"":-5.5,""steady"":true}"
3.547,right_hand,og,acc,3061170,"{""seq"":170,""x_mg"":56,""y_mg"":-24,""z_mg"":984}"
3.547,right_hand,og,tilt,,"{""roll_deg"":-0.1,""pitch_deg"":-5.6,""steady"":true}"
3.578,right_hand,og,acc,3061190,"{""seq"":171,""x_mg"":52,""y_mg"":-8,""z_mg"":992}"
3.578,right_hand,og,tilt,,"{""roll_deg"":-0.1,""pitch_deg"":-5.8,""steady"":true}"
3.594,right_hand,og,acc,3061211,"{""seq"":172,""x_mg"":48,""y_mg"":-16,""z_mg"":996}"
3.594,right_hand,og,tilt,,"{""roll_deg"":-0.1,""pitch_deg"":-5.8,""steady"":true}"
3.625,right_hand,og,acc,3061232,"{""seq"":173,""x_mg"":44,""y_mg"":-16,""z_mg"":1004}"
3.625,right_hand,og,tilt,,"{""roll_deg"":-0.1,""pitch_deg"":-6.0,""steady"":true}"
3.641,right_hand,og,acc,3061252,"{""seq"":174,""x_mg"":36,""y_mg"":-40,""z_mg"":1012}"
3.641,right_hand,og,tilt,,"{""roll_deg"":-0.1,""pitch_deg"":-6.1,""steady"":true}"
3.672,right_hand,og,acc,3061273,"{""seq"":175,""x_mg"":48,""y_mg"":-72,""z_mg"":992}"
3.672,right_hand,og,tilt,,"{""roll_deg"":-0.1,""pitch_deg"":-6.2,""steady"":true}"
3.672,right_hand,og,acc,3061293,"{""seq"":176,""x_mg"":52,""y_mg"":-80,""z_mg"":1004}"
3.672,right_hand,og,tilt,,"{""roll_deg"":-0.1,""pitch_deg"":-6.3,""steady"":true}"
3.703,right_hand,og,acc,3061314,"{""seq"":177,""x_mg"":48,""y_mg"":-76,""z_mg"":1016}"
3.703,right_hand,og,tilt,,"{""roll_deg"":-0.2,""pitch_deg"":-6.3,""steady"":true}"
3.734,right_hand,og,acc,3061334,"{""seq"":178,""x_mg"":44,""y_mg"":-96,""z_mg"":1004}"
3.734,right_hand,og,tilt,,"{""roll_deg"":-0.5,""pitch_deg"":-6.4,""steady"":true}"
3.734,right_hand,og,acc,3061355,"{""seq"":179,""x_mg"":36,""y_mg"":-88,""z_mg"":1020}"
3.734,right_hand,og,tilt,,"{""roll_deg"":-0.9,""pitch_deg"":-6.4,""steady"":true}"
3.766,right_hand,og,acc,3061376,"{""seq"":180,""x_mg"":32,""y_mg"":-96,""z_mg"":1008}"
3.766,right_hand,og,tilt,,"{""roll_deg"":-1.3,""pitch_deg"":-6.5,""steady"":true}"
3.797,right_hand,og,acc,3061396,"{""seq"":181,""x_mg"":16,""y_mg"":-104,""z_mg"":996}"
3.797,right_hand,og,tilt,,"{""roll_deg"":-1.7,""pitch_deg"":-6.7,""steady"":true}"
3.797,right_hand,og,acc,3061417,"{""seq"":182,""x_mg"":24,""y_mg"":-116,""z_mg"":1012}"
3.797,right_hand,og,tilt,,"{""roll_deg"":-2.1,""pitch_deg"":-6.9,""steady"":true}"
3.828,right_hand,og,acc,3061437,"{""seq"":183,""x_mg"":12,""y_mg"":-120,""z_mg"":1012}"
3.828,right_hand,og,tilt,,"{""roll_deg"":-2.5,""pitch_deg"":-7.1,""steady"":true}"
3.859,right_hand,og,acc,3061458,"{""seq"":184,""x_mg"":16,""y_mg"":-128,""z_mg"":1016}"
3.859,right_hand,og,tilt,,"{""roll_deg"":-2.9,""pitch_deg"":-7.3,""steady"":true}"
3.875,right_hand,og,acc,3061478,"{""seq"":185,""x_mg"":20,""y_mg"":-140,""z_mg"":1008}"
3.875,right_hand,og,tilt,,"{""roll_deg"":-3.4,""pitch_deg"":-7.5,""steady"":true}"
3.906,right_hand,og,acc,3061499,"{""seq"":186,""x_mg"":16,""y_mg"":-136,""z_mg"":1004}"
3.906,right_hand,og,tilt,,"{""roll_deg"":-3.8,""pitch_deg"":-7.7,""steady"":true}"
3.906,right_hand,og,acc,3061520,"{""seq"":187,""x_mg"":16,""y_mg"":-116,""z_mg"":1016}"
3.906,right_hand,og,tilt,,"{""roll_deg"":-4.2,""pitch_deg"":-7.8,""steady"":true}"
3.922,right_hand,og,acc,3061540,"{""seq"":188,""x_mg"":16,""y_mg"":-100,""z_mg"":1020}"
3.922,right_hand,og,tilt,,"{""roll_deg"":-4.2,""pitch_deg"":-7.9,""steady"":true}"
3.953,right_hand,og,acc,3061561,"{""seq"":189,""x_mg"":36,""y_mg"":-100,""z_mg"":1012}"
3.953,right_hand,og,tilt,,"{""roll_deg"":-4.2,""pitch_deg"":-8.0,""steady"":true}"
3.969,right_hand,og,acc,3061581,"{""seq"":190,""x_mg"":44,""y_mg"":-92,""z_mg"":1020}"
3.969,right_hand,og,tilt,,"{""roll_deg"":-4.2,""pitch_deg"":-8.0,""steady"":true}"
4.000,right_hand,og,acc,3061602,"{""seq"":191,""x_mg"":44,""y_mg"":-88,""z_mg"":1020}"
4.000,right_hand,og,tilt,,"{""roll_deg"":-4.2,""pitch_deg"":-8.0,""steady"":true}"
4.000,right_hand,og,acc,3061622,"{""seq"":192,""x_mg"":36,""y_mg"":-80,""z_mg"":1000}"
4.000,right_hand,og,tilt,,"{""roll_deg"":-4.2,""pitch_deg"":-8.0,""steady"":true}"
4.031,right_hand,og,acc,3061643,"{""seq"":193,""x_mg"":20,""y_mg"":-80,""z_mg"":992}"
4.031,right_hand,og,tilt,,"{""roll_deg"":-4.2,""pitch_deg"":-8.0,""steady"":true}"
4.047,right_hand,og,acc,3061663,"{""seq"":194,""x_mg"":36,""y_mg"":-72,""z_mg"":1012}"
4.047,right_hand,og,tilt,,"{""roll_deg"":-4.2,""pitch_deg"":-8.0,""steady"":true}"
4.078,right_hand,og,acc,3061684,"{""seq"":195,""x_mg"":44,""y_mg"":-76,""z_mg"":1012}"
4.078,right_hand,og,tilt,,"{""roll_deg"":-4.1,""pitch_deg"":-8.0,""steady"":true}"
4.078,right_hand,og,acc,3061705,"{""seq"":196,""x_mg"":64,""y_mg"":-64,""z_mg"":1012}"
4.078,right_hand,og,tremor,,"{""rms_mg"":54.9,""peak_hz"":4.7}"
4.078,right_hand,og,tilt,,"{""roll_deg"":-4.0,""pitch_deg"":-8.0,""steady"":true}"
4.109,right_hand,og,acc,3061725,"{""seq"":197,""x_mg"":48,""y_mg"":-56,""z_mg"":1012}"
4.109,right_hand,og,tilt,,"{""roll_deg"":-3.8,""pitch_deg"":-8.0,""steady"":true}"
4.141,right_hand,og,acc,3061746,"{""seq"":198,""x_mg"":40,""y_mg"":-28,""z_mg"":1000}"
4.141,right_hand,og,tilt,,"{""roll_deg"":-3.6,""pitch_deg"":-8.0,""steady"":true}"
4.172,right_hand,og,acc,3061766,"{""seq"":199,""x_mg"":44,""y_mg"":-12,""z_mg"":1008}"
4.172,right_hand,og,tilt,,"{""roll_deg"":-3.1,""pitch_deg"":-8.0,""steady"":true}"
4.172,right_hand,og,acc,3061787,"{""seq"":200,""x_mg"":60,""y_mg"":-4,""z_mg"":1004}"
4.172,right_hand,og,tilt,,"{""roll_deg"":-2.4,""pitch_deg"":-8.0,""steady"":true}"
4.203,right_hand,og,acc,3061807,"{""seq"":201,""x_mg"":48,""y_mg"":24,""z_mg"":988}"
4.203,right_hand,og,tilt,,"{""roll_deg"":-1.7,""pitch_deg"":-8.0,""steady"":true}"
4.234,right_hand,og,acc,3061828,"{""seq"":202,""x_mg"":48,""y_mg"":60,""z_mg"":988}"
4.234,right_hand,og,tilt,,"{""roll_deg"":-0.6,""pitch_deg"":-8.0,""steady"":true}"
4.234,right_hand,og,acc,3061849,"{""seq"":203,""x_mg"":60,""y_mg"":88,""z_mg"":1012}"
4.234,right_hand,og,tilt,,"{""roll_deg"":0.8,""pitch_deg"":-7.9,""steady"":true}"
4.250,right_hand,og,acc,3061869,"{""seq"":204,""x_mg"":68,""y_mg"":84,""z_mg"":996}"
4.250,right_hand,og,tilt,,"{""roll_deg"":2.3,""pitch_deg"":-7.8,""steady"":true}"
4.297,right_hand,og,acc,3061890,"{""seq"":205,""x_mg"":84,""y_mg"":72,""z_mg"":996}"
4.297,right_hand,og,tilt,,"{""roll_deg"":3.5,""pitch_deg"":-7.6,""steady"":true}"
4.297,right_hand,og,acc,3061910,"{""seq"":206,""x_mg"":84,""y_mg"":28,""z_mg"":1004}"
4.297,right_hand,og,tilt,,"{""roll_deg"":4.1,""pitch_deg"":-7.3,""steady"":true}"
4.312,right_hand,og,acc,3061931,"{""seq"":207,""x_mg"":88,""y_mg"":24,""z_mg"":988}"
4.312,right_hand,og,tilt,,"{""roll_deg"":4.1,""pitch_deg"":-7.0,""steady"":true}"
4.328,,game,drop,,"{""n"":2}"
4.328,right_hand,og,acc,3061951,"{""seq"":208,""x_mg"":96,""y_mg"":44,""z_mg"":968}"
4.328,right_hand,og,tilt,,"{""roll_deg"":4.1,""pitch_deg"":-6.7,""steady"":true}"
4.359,right_hand,og,acc,3061972,"{""seq"":209,""x_mg"":100,""y_mg"":104,""z_mg"":976}"
4.359,right_hand,og,tilt,,"{""roll_deg"":4.1,""pitch_deg"":-6.3,""steady"":true}"
4.375,right_hand,og,acc,3061992,"{""seq"":210,""x_mg"":68,""y_mg"":160,""z_mg"":984}"
4.375,right_hand,og,tilt,,"{""roll_deg"":4.6,""pitch_deg"":-6.0,""steady"":true}"
4.406,right_hand,og,acc,3062013,"{""seq"":211,""x_mg"":72,""y_mg"":164,""z_mg"":988}"
4.406,right_hand,og,tilt,,"{""roll_deg"":6.3,""pitch_deg"":-6.0,""steady"":true}"
4.422,right_hand,og,acc,3062034,"{""seq"":212,""x_mg"":100,""y_mg"":156,""z_mg"":980}"
4.422,right_hand,og,tilt,,"{""roll_deg"":7.5,""pitch_deg"":-6.0,""steady"":true}"
4.453,right_hand,og,acc,3062054,"{""seq"":213,""x_mg"":108,""y_mg"":136,""z_mg"":984}"
4.453,right_hand,og,tilt,,"{""roll_deg"":8.4,""pitch_deg"":-5.8,""steady"":true}"
4.453,right_hand,og,acc,3062075,"{""seq"":214,""x_mg"":128,""y_mg"":100,""z_mg"":972}"
4.453,right_hand,og,tilt,,"{""roll_deg"":8.6,""pitch_deg"":-5.4,""steady"":true}"
4.484,right_hand,og,acc,3062095,"{""seq"":215,""x_mg"":140,""y_mg"":64,""z_mg"":960}"
4.484,right_hand,og,tilt,,"{""roll_deg"":8.6,""pitch_deg"":-4.9,""steady"":true}"
4.500,right_hand,og,acc,3062116,"{""seq"":216,""x_mg"":108,""y_mg"":56,""z_mg"":976}"
4.500,right_hand,og,tilt,,"{""roll_deg"":8.5,""pitch_deg"":-4.5,""steady"":true}"
4.531,right_hand,og,acc,3062136,"{""seq"":217,""x_mg"":104,""y_mg"":32,""z_mg"":980}"
4.531,right_hand,og,tilt,,"{""roll_deg"":8.0,""pitch_deg"":-4.4,""steady"":true}"
4.562,right_hand,og,acc,3062157,"{""seq"":218,""x_mg"":96,""y_mg"":96,""z_mg"":984}"
4.562,right_hand,og,tilt,,"{""roll_deg"":7.7,""pitch_deg"":-4.3,""steady"":true}"
4.562,right_hand,og,acc,3062178,"{""seq"":219,""x_mg"":80,""y_mg"":156,""z_mg"":976}"
4.562,right_hand,og,tilt,,"{""roll_deg"":7.7,""pitch_deg"":-4.3,""steady"":true}"
4.578,right_hand,og,acc,3062198,"{""seq"":220,""x_mg"":96,""y_mg"":112,""z_mg"":996}"
4.578,right_hand,og,tilt,,"{""roll_deg"":7.7,""pitch_deg"":-4.3,""steady"":true}"
4.609,right_hand,og,acc,3062219,"{""seq"":221,""x_mg"":104,""y_mg"":76,""z_mg"":988}"
4.609,right_hand,og,tilt,,"{""roll_deg"":7.7,""pitch_deg"":-4.3,""steady"":true}"
4.609,right_hand,og,acc,3062239,"{""seq"":222,""x_mg"":100,""y_mg"":72,""z_mg"":976}"
4.609,right_hand,og,tilt,,"{""roll_deg"":7.7,""pitch_deg"":-4.3,""steady"":true}"
4.641,right_hand,og,acc,3062260,"{""seq"":223,""x_mg"":116,""y_mg"":88,""z_mg"":960}"
4.641,right_hand,og,tilt,,"{""roll_deg"":7.7,""pitch_deg"":-4.3,""steady"":true}"
4.656,right_hand,og,acc,3062280,"{""seq"":224,""x_mg"":112,""y_mg"":80,""z_mg"":960}"
4.656,right_hand,og,tilt,,"{""roll_deg"":7.7,""pitch_deg"":-4.3,""steady"":true}"
4.687,right_hand,og,acc,3062301,"{""seq"":225,""x_mg"":140,""y_mg"":96,""z_mg"":968}"
4.687,right_hand,og,tilt,,"{""roll_deg"":7.6,""pitch_deg"":-4.2,""steady"":true}"
4.719,right_hand,og,acc,3062322,"{""seq"":226,""x_mg"":132,""y_mg"":96,""z_mg"":976}"
4.719,right_hand,og,tilt,,"{""roll_deg"":7.6,""pitch_deg"":-3.9,""steady"":true}"
4.750,right_hand,og,acc,3062342,"{""seq"":227,""x_mg"":120,""y_mg"":76,""z_mg"":980}"
4.750,right_hand,og,tilt,,"{""roll_deg"":7.6,""pitch_deg"":-3.7,""steady"":true}"
4.750,right_hand,og,acc,3062363,"{""seq"":228,""x_mg"":112,""y_mg"":76,""z_mg"":960}"
4.750,right_hand,og,tilt,,"{""roll_deg"":7.6,""pitch_deg"":-3.6,""steady"":true}"
4.766,right_hand,og,acc,3062383,"{""seq"":229,""x_mg"":124,""y_mg"":72,""z_mg"":972}"
4.766,right_hand,og,tilt,,"{""roll_deg"":7.5,""pitch_deg"":-3.6,""steady"":true}"
4.797,right_hand,og,acc,3062404,"{""seq"":230,""x_mg"":128,""y_mg"":124,""z_mg"":980}"
4.797,right_hand,og,tilt,,"{""roll_deg"":7.5,""pitch_deg"":-3.5,""steady"":true}"
4.797,right_hand,og,acc,3062424,"{""seq"":231,""x_mg"":92,""y_mg"":144,""z_mg"":984}"
4.797,right_hand,og,tilt,,"{""roll_deg"":7.5,""pitch_deg"":-3.4,""steady"":true}"
4.828,right_hand,og,acc,3062445,"{""seq"":232,""x_mg"":104,""y_mg"":104,""z_mg"":972}"
4.828,right_hand,og,tilt,,"{""roll_deg"":7.5,""pitch_deg"":-3.4,""steady"":true}"
4.844,right_hand,og,acc,3062465,"{""seq"":233,""x_mg"":124,""y_mg"":92,""z_mg"":952}"
4.844,right_hand,og,tilt,,"{""roll_deg"":7.5,""pitch_deg"":-3.4,""steady"":true}"
4.875,right_hand,og,acc,3062486,"{""seq"":234,""x_mg"":116,""y_mg"":132,""z_mg"":960}"
4.875,right_hand,og,tilt,,"{""roll_deg"":7.5,""pitch_deg"":-3.4,""steady"":true}"
4.891,right_hand,og,acc,3062507,"{""seq"":235,""x_mg"":96,""y_mg"":172,""z_mg"":976}"
4.891,right_hand,og,tilt,,"{""roll_deg"":7.5,""pitch_deg"":-3.4,""steady"":true}"
4.922,right_hand,og,acc,3062527,"{""seq"":236,""x_mg"":76,""y_mg"":180,""z_mg"":980}"
4.922,right_hand,og,tilt,,"{""roll_deg"":7.9,""pitch_deg"":-3.4,""steady"":true}"
4.953,right_hand,og,acc,3062548,"{""seq"":237,""x_mg"":92,""y_mg"":160,""z_mg"":964}"
4.953,right_hand,og,tilt,,"{""roll_deg"":8.5,""pitch_deg"":-3.4,""steady"":true}"
4.953,right_hand,og,acc,3062568,"{""seq"":238,""x_mg"":116,""y_mg"":132,""z_mg"":964}"
4.953,right_hand,og,tilt,,"{""roll_deg"":9.0,""pitch_deg"":-3.4,""steady"":true}"
4.969,right_hand,og,acc,3062589,"{""seq"":239,""x_mg"":132,""y_mg"":128,""z_mg"":960}"
4.969,right_hand,og,tilt,,"{""roll_deg"":9.0,""pitch_deg"":-3.4,""steady"":true}"
5.000,right_hand,og,acc,3062609,"{""seq"":240,""x_mg"":124,""y_mg"":164,""z_mg"":956}"
5.000,right_hand,og,tilt,,"{""roll_deg"":9.0,""pitch_deg"":-3.4,""steady"":true}"
5.031,right_hand,og,acc,3062630,"{""seq"":241,""x_mg"":100,""y_mg"":176,""z_mg"":956}"
5.031,right_hand,og,tilt,,"{""roll_deg"":9.4,""pitch_deg"":-3.4,""steady"":true}"
5.031,right_hand,og,acc,3062651,"{""seq"":242,""x_mg"":132,""y_mg"":164,""z_mg"":968}"
5.031,right_hand,og,tilt,,"{""roll_deg"":9.7,""pitch_deg"":-3.4,""steady"":true}"
5.062,right_hand,og,acc,3062671,"{""seq"":243,""x_mg"":132,""y_mg"":156,""z_mg"":936}"
5.062,right_hand,og,tilt,,"{""roll_deg"":10.0,""pitch_deg"":-3.4,""steady"":true}"
5.078,right_hand,og,acc,3062692,"{""seq"":244,""x_mg"":124,""y_mg"":188,""z_mg"":948}"
5.078,right_hand,og,tilt,,"{""roll_deg"":10.1,""pitch_deg"":-3.4,""steady"":true}"
5.109,right_hand,og,acc,3062712,"{""seq"":245,""x_mg"":144,""y_mg"":188,""z_mg"":944}"
5.109,right_hand,og,tilt,,"{""roll_deg"":10.6,""pitch_deg"":-3.2,""steady"":true}"
5.141,right_hand,og,acc,3062733,"{""seq"":246,""x_mg"":140,""y_mg"":172,""z_mg"":936}"
5.141,right_hand,og,tilt,,"{""roll_deg"":11.0,""pitch_deg"":-3.1,""steady"":true}"
5.141,right_hand,og,acc,3062753,"{""seq"":247,""x_mg"":144,""y_mg"":160,""z_mg"":928}"
5.141,right_hand,og,tilt,,"{""roll_deg"":11.1,""pitch_deg"":-2.9,""steady"":true}"
5.156,right_hand,og,acc,3062774,"{""seq"":248,""x_mg"":136,""y_mg"":168,""z_mg"":924}"
5.156,right_hand,og,tilt,,"{""roll_deg"":11.2,""pitch_deg"":-2.7,""steady"":true}"
5.187,right_hand,og,acc,3062795,"{""seq"":249,""x_mg"":160,""y_mg"":176,""z_mg"":912}"
5.187,right_hand,og,tilt,,"{""roll_deg"":11.3,""pitch_deg"":-2.5,""steady"":true}"
5.203,right_hand,og,acc,3062815,"{""seq"":250,""x_mg"":160,""y_mg"":188,""z_mg"":912}"
5.203,right_hand,og,tilt,,"{""roll_deg"":11.5,""pitch_deg"":-2.2,""steady"":true}"
5.234,right_hand,og,acc,3062836,"{""seq"":251,""x_mg"":156,""y_mg"":168,""z_mg"":916}"
5.234,right_hand,og,tilt,,"{""roll_deg"":11.6,""pitch_deg"":-1.9,""steady"":true}"
5.250,right_hand,og,acc,3062856,"{""seq"":252,""x_mg"":152,""y_mg"":160,""z_mg"":908}"
5.250,right_hand,og,tilt,,"{""roll_deg"":11.6,""pitch_deg"":-1.7,""steady"":true}"
5.250,right_hand,og,acc,3062877,"{""seq"":253,""x_mg"":148,""y_mg"":168,""z_mg"":900}"
5.250,right_hand,og,tilt,,"{""roll_deg"":11.6,""pitch_deg"":-1.6,""steady"":true}"
5.281,right_hand,og,acc,3062897,"{""seq"":254,""x_mg"":152,""y_mg"":160,""z_mg"":904}"
5.281,right_hand,og,tilt,,"{""roll_deg"":11.6,""pitch_deg"":-1.4,""steady"":true}"
5.297,right_hand,og,acc,3062918,"{""seq"":255,""x_mg"":164,""y_mg"":184,""z_mg"":916}"
5.297,right_hand,og,tilt,,"{""roll_deg"":11.6,""pitch_deg"":-1.3,""steady"":true}"
5.328,right_hand,og,acc,3062939,"{""seq"":256,""x_mg"":164,""y_mg"":200,""z_mg"":924}"
5.328,right_hand,og,tilt,,"{""roll_deg"":11.8,""pitch_deg"":-1.2,""steady"":true}"
5.344,right_hand,og,acc,3062959,"{""seq"":257,""x_mg"":152,""y_mg"":204,""z_mg"":928}"
5.344,right_hand,og,tilt,,"{""roll_deg"":12.0,""pitch_deg"":-1.0,""steady"":true}"
5.359,right_hand,og,acc,3062980,"{""seq"":258,""x_mg"":140,""y_mg"":188,""z_mg"":944}"
5.359,right_hand,og,tilt,,"{""roll_deg"":12.2,""pitch_deg"":-1.0,""steady"":true}"
5.406,right_hand,og,acc,3063000,"{""seq"":259,""x_mg"":160,""y_mg"":168,""z_mg"":944}"
5.406,right_hand,og,tilt,,"{""roll_deg"":12.3,""pitch_deg"":-1.0,""steady"":true}"
5.406,right_hand,og,acc,3063021,"{""seq"":260,""x_mg"":180,""y_mg"":172,""z_mg"":952}"
5.406,right_hand,og,tilt,,"{""roll_deg"":12.3,""pitch_deg"":-1.0,""steady"":true}"
5.422,right_hand,og,acc,3063041,"{""seq"":261,""x_mg"":192,""y_mg"":168,""z_mg"":952}"
5.422,right_hand,og,tilt,,"{""roll_deg"":12.3,""pitch_deg"":-0.8,""steady"":true}"
5.437,right_hand,og,acc,3063062,"{""seq"":262,""x_mg"":188,""y_mg"":188,""z_mg"":960}"
5.437,right_hand,og,tilt,,"{""roll_deg"":12.3,""pitch_deg"":-0.6,""steady"":true}"
5.469,right_hand,og,acc,3063082,"{""seq"":263,""x_mg"":200,""y_mg"":232,""z_mg"":988}"
5.469,right_hand,og,tilt,,"{""roll_deg"":12.3,""pitch_deg"":-0.3,""steady"":true}"
5.484,right_hand,og,acc,3063103,"{""seq"":264,""x_mg"":204,""y_mg"":200,""z_mg"":992}"
5.484,right_hand,og,tilt,,"{""roll_deg"":12.3,""pitch_deg"":-0.1,""steady"":true}"
5.516,right_hand,og,acc,3063124,"{""seq"":265,""x_mg"":216,""y_mg"":148,""z_mg"":1012}"
5.516,right_hand,og,tilt,,"{""roll_deg"":12.3,""pitch_deg"":0.1,""steady"":true}"
5.516,right_hand,og,acc,3063144,"{""seq"":266,""x_mg"":228,""y_mg"":144,""z_mg"":996}"
5.516,right_hand,og,tilt,,"{""roll_deg"":12.3,""pitch_deg"":0.4,""steady"":true}"
5.547,right_hand,og,acc,3063165,"{""seq"":267,""x_mg"":220,""y_mg"":160,""z_mg"":1004}"
5.547,right_hand,og,tilt,,"{""roll_deg"":12.3,""pitch_deg"":0.7,""steady"":true}"
5.578,right_hand,og,acc,3063185,"{""seq"":268,""x_mg"":216,""y_mg"":172,""z_mg"":992}"
5.578,right_hand,og,tilt,,"{""roll_deg"":12.3,""pitch_deg"":0.9,""steady"":true}"
5.594,right_hand,og,acc,3063206,"{""seq"":269,""x_mg"":216,""y_mg"":188,""z_mg"":992}"
5.594,right_hand,og,tilt,,"{""roll_deg"":12.3,""pitch_deg"":1.1,""steady"":true}"
5.625,right_hand,og,acc,3063226,"{""seq"":270,""x_mg"":216,""y_mg"":192,""z_mg"":988}"
5.625,right_hand,og,tilt,,"{""roll_deg"":12.3,""pitch_deg"":1.2,""steady"":true}"
5.625,right_hand,og,acc,3063247,"{""seq"":271,""x_mg"":208,""y_mg"":144,""z_mg"":988}"
5.625,right_hand,og,tilt,,"{""roll_deg"":12.3,""pitch_deg"":1.4,""steady"":true}"
5.656,right_hand,og,acc,3063268,"{""seq"":272,""x_mg"":180,""y_mg"":112,""z_mg"":988}"
5.656,right_hand,og,tilt,,"{""roll_deg"":12.2,""pitch_deg"":1.4,""steady"":true}"
5.687,right_hand,og,acc,3063288,"{""seq"":273,""x_mg"":172,""y_mg"":100,""z_mg"":972}"
5.687,right_hand,og,tilt,,"{""roll_deg"":11.7,""pitch_deg"":1.4,""steady"":true}"
5.687,right_hand,og,acc,3063309,"{""seq"":274,""x_mg"":172,""y_mg"":104,""z_mg"":976}"
5.687,right_hand,og,tilt,,"{""roll_deg"":11.1,""pitch_deg"":1.4,""steady"":true}"
5.719,right_hand,og,acc,3063329,"{""seq"":275,""x_mg"":164,""y_mg"":108,""z_mg"":980}"
5.719,right_hand,og,tilt,,"{""roll_deg"":10.6,""pitch_deg"":1.4,""steady"":true}"
5.750,right_hand,og,acc,3063350,"{""seq"":276,""x_mg"":160,""y_mg"":92,""z_mg"":988}"
5.750,right_hand,og,tilt,,"{""roll_deg"":10.1,""pitch_deg"":1.4,""steady"":true}"
5.750,right_hand,og,acc,3063370,"{""seq"":277,""x_mg"":140,""y_mg"":92,""z_mg"":988}"
5.750,right_hand,og,tilt,,"{""roll_deg"":9.6,""pitch_deg"":1.4,""steady"":true}"
5.781,right_hand,og,acc,3063391,"{""seq"":278,""x_mg"":144,""y_mg"":84,""z_mg"":976}"
5.781,right_hand,og,tilt,,"{""roll_deg"":9.1,""pitch_deg"":1.2,""steady"":true}"
5.812,right_hand,og,acc,3063412,"{""seq"":279,""x_mg"":152,""y_mg"":76,""z_mg"":984}"
5.812,right_hand,og,tilt,,"{""roll_deg"":8.7,""pitch_deg"":0.9,""steady"":true}"
5.812,,game,brick,,"{""n"":3}"
5.844,right_hand,og,acc,3063432,"{""seq"":280,""x_mg"":144,""y_mg"":44,""z_mg"":984}"
5.844,right_hand,og,tilt,,"{""roll_deg"":8.3,""pitch_deg"":0.7,""steady"":true}"
5.844,right_hand,og,acc,3063453,"{""seq"":281,""x_mg"":120,""y_mg"":28,""z_mg"":976}"
5.844,right_hand,og,tilt,,"{""roll_deg"":7.4,""pitch_deg"":0.4,""steady"":true}"
5.875,right_hand,og,acc,3063473,"{""seq"":282,""x_mg"":132,""y_mg"":-8,""z_mg"":976}"
5.875,right_hand,og,tilt,,"{""roll_deg"":6.6,""pitch_deg"":0.1,""steady"":true}"
5.875,right_hand,og,acc,3063494,"{""seq"":283,""x_mg"":128,""y_mg"":-4,""z_mg"":972}"
5.875,right_hand,og,tilt,,"{""roll_deg"":5.3,""pitch_deg"":-0.3,""steady"":true}"
5.906,right_hand,og,acc,3063514,"{""seq"":284,""x_mg"":128,""y_mg"":-28,""z_mg"":976}"
5.906,right_hand,og,tilt,,"{""roll_deg"":4.4,""pitch_deg"":-0.5,""steady"":true}"
5.937,right_hand,og,acc,3063535,"{""seq"":285,""x_mg"":148,""y_mg"":-40,""z_mg"":964}"
5.937,right_hand,og,tilt,,"{""roll_deg"":3.3,""pitch_deg"":-0.8,""steady"":true}"
5.937,right_hand,og,acc,3063556,"{""seq"":286,""x_mg"":128,""y_mg"":-16,""z_mg"":972}"
5.937,right_hand,og,tilt,,"{""roll_deg"":2.5,""pitch_deg"":-1.0,""steady"":true}"
5.969,right_hand,og,acc,3063576,"{""seq"":287,""x_mg"":120,""y_mg"":12,""z_mg"":956}"
5.969,right_hand,og,tilt,,"{""roll_deg"":2.2,""pitch_deg"":-1.1,""steady"":true}"
6.000,right_hand,og,acc,3063597,"{""seq"":288,""x_mg"":112,""y_mg"":8,""z_mg"":956}"
6.000,right_hand,og,tilt,,"{""roll_deg"":2.2,""pitch_deg"":-1.3,""steady"":true}"
6.000,right_hand,og,acc,3063617,"{""seq"":289,""x_mg"":120,""y_mg"":-4,""z_mg"":984}"
6.000,right_hand,og,tilt,,"{""roll_deg"":2.2,""pitch_deg"":-1.5,""steady"":true}"
6.031,right_hand,og,acc,3063638,"{""seq"":290,""x_mg"":120,""y_mg"":-28,""z_mg"":980}"
6.031,right_hand,og,tilt,,"{""roll_deg"":2.2,""pitch_deg"":-1.7,""steady"":true}"
6.062,right_hand,og,acc,3063658,"{""seq"":291,""x_mg"":128,""y_mg"":-44,""z_mg"":988}"
6.062,right_hand,og,tilt,,"{""roll_deg"":2.0,""pitch_deg"":-1.8,""steady"":true}"
6.062,right_hand,og,acc,3063679,"{""seq"":292,""x_mg"":120,""y_mg"":-68,""z_mg"":996}"
6.062,right_hand,og,tilt,,"{""roll_deg"":1.5,""pitch_deg"":-1.9,""steady"":true}"
6.094,right_hand,og,acc,3063699,"{""seq"":293,""x_mg"":112,""y_mg"":-92,""z_mg"":992}"
6.094,right_hand,og,tilt,,"{""roll_deg"":0.8,""pitch_deg"":-2.0,""steady"":true}"
6.125,right_hand,og,acc,3063720,"{""seq"":294,""x_mg"":96,""y_mg"":-104,""z_mg"":1012}"
6.125,right_hand,og,tremor,,"{""rms_mg"":26.5,""peak_hz"":5.9}"
6.125,right_hand,og,tilt,,"{""roll_deg"":-0.2,""pitch_deg"":-2.1,""steady"":true}"
6.125,right_hand,og,acc,3063741,"{""seq"":295,""x_mg"":96,""y_mg"":-128,""z_mg"":1000}"
6.125,right_hand,og,tilt,,"{""roll_deg"":-1.1,""pitch_deg"":-2.4,""steady"":true}"
6.141,right_hand,og,acc,3063761,"{""seq"":296,""x_mg"":100,""y_mg"":-132,""z_mg"":1000}"
6.141,right_hand,og,tilt,,"{""roll_deg"":-2.1,""pitch_deg"":-2.7,""steady"":true}"
6.172,right_hand,og,acc,3063782,"{""seq"":297,""x_mg"":92,""y_mg"":-144,""z_mg"":992}"
6.172,right_hand,og,tilt,,"{""roll_deg"":-3.0,""pitch_deg"":-2.9,""steady"":true}"
6.203,right_hand,og,acc,3063802,"{""seq"":298,""x_mg"":100,""y_mg"":-152,""z_mg"":984}"
6.203,right_hand,og,tilt,,"{""roll_deg"":-3.8,""pitch_deg"":-3.0,""steady"":true}"
6.203,right_hand,og,acc,3063823,"{""seq"":299,""x_mg"":92,""y_mg"":-172,""z_mg"":1004}"
6.203,right_hand,og,tilt,,"{""roll_deg"":-4.6,""pitch_deg"":-3.2,""steady"":true}"
6.234,right_hand,og,acc,3063843,"{""seq"":300,""x_mg"":88,""y_mg"":-172,""z_mg"":1004}"
6.234,right_hand,og,tilt,,"{""roll_deg"":-5.4,""pitch_deg"":-3.4,""steady"":true}"
6.266,right_hand,og,acc,3063864,"{""seq"":301,""x_mg"":104,""y_mg"":-144,""z_mg"":1004}"
6.266,right_hand,og,tilt,,"{""roll_deg"":-6.0,""pitch_deg"":-3.5,""steady"":true}"
6.266,right_hand,og,acc,3063885,"{""seq"":302,""x_mg"":96,""y_mg"":-128,""z_mg"":996}"
6.266,right_hand,og,tilt,,"{""roll_deg"":-6.0,""pitch_deg"":-3.6,""steady"":true}"
6.297,right_hand,og,acc,3063905,"{""seq"":303,""x_mg"":88,""y_mg"":-136,""z_mg"":988}"
6.297,right_hand,og,tilt,,"{""roll_deg"":-6.0,""pitch_deg"":-3.6,""steady"":true}"
6.297,right_hand,og,acc,3063926,"{""seq"":304,""x_mg"":96,""y_mg"":-116,""z_mg"":996}"
6.297,right_hand,og,tilt,,"{""roll_deg"":-6.0,""pitch_deg"":-3.7,""steady"":true}"
6.328,right_hand,og,acc,3063946,"{""seq"":305,""x_mg"":88,""y_mg"":-116,""z_mg"":992}"
6.328,right_hand,og,tilt,,"{""roll_deg"":-6.0,""pitch_deg"":-3.8,""steady"":true}"
6.359,right_hand,og,acc,3063967,"{""seq"":306,""x_mg"":84,""y_mg"":-124,""z_mg"":984}"
6.359,right_hand,og,tilt,,"{""roll_deg"":-6.0,""pitch_deg"":-3.8,""steady"":true}"
6.359,right_hand,og,acc,3063987,"{""seq"":307,""x_mg"":88,""y_mg"":-108,""z_mg"":984}"
6.359,right_hand,og,tilt,,"{""roll_deg"":-5.9,""pitch_deg"":-3.9,""steady"":true}"
6.391,right_hand,og,acc,3064008,"{""seq"":308,""x_mg"":72,""y_mg"":-104,""z_mg"":992}"
6.391,right_hand,og,tilt,,"{""roll_deg"":-5.8,""pitch_deg"":-4.0,""steady"":true}"
6.422,right_hand,og,acc,3064029,"{""seq"":309,""x_mg"":84,""y_mg"":-108,""z_mg"":996}"
6.422,right_hand,og,tilt,,"{""roll_deg"":-5.7,""pitch_deg"":-4.1,""steady"":true}"
6.422,right_hand,og,acc,3064049,"{""seq"":310,""x_mg"":76,""y_mg"":-120,""z_mg"":996}"
6.422,right_hand,og,tilt,,"{""roll_deg"":-5.6,""pitch_deg"":-4.2,""steady"":true}"
6.453,right_hand,og,acc,3064070,"{""seq"":311,""x_mg"":92,""y_mg"":-120,""z_mg"":996}"
6.453,right_hand,og,tilt,,"{""roll_deg"":-5.6,""pitch_deg"":-4.2,""steady"":true}"
6.484,right_hand,og,acc,3064090,"{""seq"":312,""x_mg"":92,""y_mg"":-116,""z_mg"":1000}"
6.484,right_hand,og,tilt,,"{""roll_deg"":-5.6,""pitch_deg"":-4.2,""steady"":true}"
6.484,right_hand,og,acc,3064111,"{""seq"":313,""x_mg"":88,""y_mg"":-116,""z_mg"":992}"
6.484,right_hand,og,tilt,,"{""roll_deg"":-5.5,""pitch_deg"":-4.2,""steady"":true}"
6.516,right_hand,og,acc,3064131,"{""seq"":314,""x_mg"":92,""y_mg"":-108,""z_mg"":996}"
6.516,right_hand,og,tilt,,"{""roll_deg"":-5.5,""pitch_deg"":-4.2,""steady"":true}"
6.562,right_hand,og,acc,3064152,"{""seq"":315,""x_mg"":104,""y_mg"":-116,""z_mg"":992}"
6.562,right_hand,og,tilt,,"{""roll_deg"":-5.5,""pitch_deg"":-4.2,""steady"":true}"
6.562,right_hand,og,acc,3064173,"{""seq"":316,""x_mg"":104,""y_mg"":-108,""z_mg"":988}"
6.562,right_hand,og,tilt,,"{""roll_deg"":-5.4,""pitch_deg"":-4.2,""steady"":true}"
6.594,right_hand,og,acc,3064193,"{""seq"":317,""x_mg"":108,""y_mg"":-84,""z_mg"":988}"
6.594,right_hand,og,tilt,,"{""roll_deg"":-5.4,""pitch_deg"":-4.2,""steady"":true}"
6.609,right_hand,og,acc,3064214,"{""seq"":318,""x_mg"":120,""y_mg"":-84,""z_mg"":988}"
6.609,right_hand,og,tilt,,"{""roll_deg"":-5.2,""pitch_deg"":-4.2,""steady"":true}"
6.609,right_hand,og,acc,3064234,"{""seq"":319,""x_mg"":120,""y_mg"":-92,""z_mg"":984}"
6.609,right_hand,og,tilt,,"{""roll_deg"":-5.0,""pitch_deg"":-4.2,""steady"":true}"
6.641,right_hand,og,acc,3064255,"{""seq"":320,""x_mg"":128,""y_mg"":-96,""z_mg"":980}"
6.641,right_hand,og,tilt,,"{""roll_deg"":-4.8,""pitch_deg"":-4.2,""steady"":true}"
6.672,right_hand,og,acc,3064275,"{""seq"":321,""x_mg"":128,""y_mg"":-80,""z_mg"":980}"
6.672,right_hand,og,tilt,,"{""roll_deg"":-4.7,""pitch_deg"":-4.2,""steady"":true}"
6.703,right_hand,og,acc,3064296,"{""seq"":322,""x_mg"":128,""y_mg"":-64,""z_mg"":980}"
6.703,right_hand,og,tilt,,"{""roll_deg"":-4.5,""pitch_deg"":-4.2,""steady"":true}"
6.703,right_hand,og,acc,3064316,"{""seq"":323,""x_mg"":120,""y_mg"":-84,""z_mg"":988}"
6.703,right_hand,og,tilt,,"{""roll_deg"":-4.3,""pitch_deg"":-4.0,""steady"":true}"
6.734,right_hand,og,acc,3064337,"{""seq"":324,""x_mg"":104,""y_mg"":-84,""z_mg"":976}"
6.734,right_hand,og,tilt,,"{""roll_deg"":-4.2,""pitch_deg"":-3.9,""steady"":true}"
6.734,right_hand,og,acc,3064358,"{""seq"":325,""x_mg"":112,""y_mg"":-96,""z_mg"":984}"
6.734,right_hand,og,tilt,,"{""roll_deg"":-4.1,""pitch_deg"":-3.9,""steady"":true}"
6.766,right_hand,og,acc,3064378,"{""seq"":326,""x_mg"":116,""y_mg"":-88,""z_mg"":988}"
6.766,right_hand,og,tilt,,"{""roll_deg"":-4.0,""pitch_deg"":-3.8,""steady"":true}"
6.797,right_hand,og,acc,3064399,"{""seq"":327,""x_mg"":108,""y_mg"":-96,""z_mg"":980}"
6.797,right_hand,og,tilt,,"{""roll_deg"":-4.0,""pitch_deg"":-3.8,""steady"":true}"
6.797,right_hand,og,acc,3064419,"{""seq"":328,""x_mg"":116,""y_mg"":-92,""z_mg"":980}"
6.797,right_hand,og,tilt,,"{""roll_deg"":-4.0,""pitch_deg"":-3.8,""steady"":true}"
6.812,right_hand,og,acc,3064440,"{""seq"":329,""x_mg"":112,""y_mg"":-92,""z_mg"":980}"
6.812,right_hand,og,tilt,,"{""roll_deg"":-4.0,""pitch_deg"":-3.8,""steady"":true}"
6.844,right_hand,og,acc,3064460,"{""seq"":330,""x_mg"":100,""y_mg"":-112,""z_mg"":980}"
6.844,right_hand,og,tilt,,"{""roll_deg"":-4.0,""pitch_deg"":-3.8,""steady"":true}"
6.875,right_hand,og,acc,3064481,"{""seq"":331,""x_mg"":100,""y_mg"":-112,""z_mg"":980}"
6.875,right_hand,og,tilt,,"{""roll_deg"":-4.0,""pitch_deg"":-3.8,""steady"":true}"
6.906,right_hand,og,acc,3064502,"{""seq"":332,""x_mg"":112,""y_mg"":-112,""z_mg"":980}"
6.906,right_hand,og,tilt,,"{""roll_deg"":-4.0,""pitch_deg"":-3.8,""steady"":true}"
6.906,right_hand,og,acc,3064522,"{""seq"":333,""x_mg"":100,""y_mg"":-100,""z_mg"":988}"
6.906,right_hand,og,tilt,,"{""roll_deg"":-4.0,""pitch_deg"":-3.8,""steady"":true}"
6.937,right_hand,og,acc,3064543,"{""seq"":334,""x_mg"":96,""y_mg"":-108,""z_mg"":988}"
6.937,right_hand,og,tilt,,"{""roll_deg"":-4.0,""pitch_deg"":-3.8,""steady"":true}"
6.937,right_hand,og,acc,3064563,"{""seq"":335,""x_mg"":108,""y_mg"":-112,""z_mg"":992}"
6.937,right_hand,og,tilt,,"{""roll_deg"":-4.0,""pitch_deg"":-3.8,""steady"":true}"
6.969,right_hand,og,acc,3064584,"{""seq"":336,""x_mg"":104,""y_mg"":-100,""z_mg"":992}"
6.969,right_hand,og,tilt,,"{""roll_deg"":-4.0,""pitch_deg"":-3.8,""steady"":true}"
7.000,right_hand,og,acc,3064604,"{""seq"":337,""x_mg"":100,""y_mg"":-96,""z_mg"":992}"
7.000,right_hand,og,tilt,,"{""roll_deg"":-4.0,""pitch_deg"":-3.8,""steady"":true}"
7.000,right_hand,og,acc,3064625,"{""seq"":338,""x_mg"":116,""y_mg"":-80,""z_mg"":992}"
7.000,right_hand,og,tilt,,"{""roll_deg"":-4.0,""pitch_deg"":-3.8,""steady"":true}"
7.031,right_hand,og,acc,3064646,"{""seq"":339,""x_mg"":112,""y_mg"":-80,""z_mg"":996}"
7.031,right_hand,og,tilt,,"{""roll_deg"":-4.0,""pitch_deg"":-3.8,""steady"":true}"
7.047,right_hand,og,acc,3064666,"{""seq"":340,""x_mg"":116,""y_mg"":-76,""z_mg"":996}"
7.047,right_hand,og,tilt,,"{""roll_deg"":-4.0,""pitch_deg"":-3.8,""steady"":true}"
7.078,right_hand,og,acc,3064687,"{""seq"":341,""x_mg"":132,""y_mg"":-56,""z_mg"":1000}"
7.078,right_hand,og,tilt,,"{""roll_deg"":-4.0,""pitch_deg"":-3.8,""steady"":true}"
7.078,right_hand,og,acc,3064707,"{""seq"":342,""x_mg"":128,""y_mg"":-56,""z_mg"":992}"
7.078,right_hand,og,tilt,,"{""roll_deg"":-3.7,""pitch_deg"":-3.8,""steady"":true}"
7.125,right_hand,og,acc,3064728,"{""seq"":343,""x_mg"":132,""y_mg"":-56,""z_mg"":988}"
7.125,right_hand,og,tilt,,"{""roll_deg"":-3.5,""pitch_deg"":-3.7,""steady"":true}"
7.156,right_hand,og,acc,3064748,"{""seq"":344,""x_mg"":136,""y_mg"":-56,""z_mg"":992}"
7.156,right_hand,og,tilt,,"{""roll_deg"":-3.2,""pitch_deg"":-3.6,""steady"":true}"
7.156,right_hand,og,acc,3064769,"{""seq"":345,""x_mg"":140,""y_mg"":-68,""z_mg"":992}"
7.156,right_hand,og,tilt,,"{""roll_deg"":-3.0,""pitch_deg"":-3.5,""steady"":true}"
7.187,right_hand,og,acc,3064790,"{""seq"":346,""x_mg"":128,""y_mg"":-60,""z_mg"":988}"
7.187,right_hand,og,tilt,,"{""roll_deg"":-2.9,""pitch_deg"":-3.3,""steady"":true}"
7.219,right_hand,og,acc,3064810,"{""seq"":347,""x_mg"":124,""y_mg"":-68,""z_mg"":984}"
7.219,right_hand,og,tilt,,"{""roll_deg"":-2.8,""pitch_deg"":-3.3,""steady"":true}"
7.219,right_hand,og,acc,3064831,"{""seq"":348,""x_mg"":136,""y_mg"":-64,""z_mg"":968}"
7.219,right_hand,og,tilt,,"{""roll_deg"":-2.7,""pitch_deg"":-3.2,""steady"":true}"
7.234,right_hand,og,acc,3064851,"{""seq"":349,""x_mg"":132,""y_mg"":-72,""z_mg"":976}"
7.234,right_hand,og,tilt,,"{""roll_deg"":-2.7,""pitch_deg"":-3.1,""steady"":true}"
7.266,right_hand,og,acc,3064872,"{""seq"":350,""x_mg"":120,""y_mg"":-72,""z_mg"":980}"
7.266,right_hand,og,tilt,,"{""roll_deg"":-2.7,""pitch_deg"":-3.0,""steady"":true}"
7.297,right_hand,og,acc,3064892,"{""seq"":351,""x_mg"":116,""y_mg"":-80,""z_mg"":980}"
7.297,right_hand,og,tilt,,"{""roll_deg"":-2.7,""pitch_deg"":-3.0,""steady"":true}"
7.297,right_hand,og,acc,3064913,"{""seq"":352,""x_mg"":112,""y_mg"":-64,""z_mg"":980}"
7.297,right_hand,og,tilt,,"{""roll_deg"":-2.7,""pitch_deg"":-3.0,""steady"":true}"
7.328,right_hand,og,acc,3064933,"{""seq"":353,""x_mg"":116,""y_mg"":-80,""z_mg"":984}"
7.328,right_hand,og,tilt,,"{""roll_deg"":-2.7,""pitch_deg"":-3.0,""steady"":true}"
7.359,right_hand,og,acc,3064954,"{""seq"":354,""x_mg"":104,""y_mg"":-80,""z_mg"":984}"
7.359,right_hand,og,tilt,,"{""roll_deg"":-2.7,""pitch_deg"":-3.0,""steady"":true}"
7.359,right_hand,og,acc,3064975,"{""seq"":355,""x_mg"":112,""y_mg"":-68,""z_mg"":976}"
7.359,right_hand,og,tilt,,"{""roll_deg"":-2.7,""pitch_deg"":-3.0,""steady"":true}"
7.391,right_hand,og,acc,3064995,"{""seq"":356,""x_mg"":124,""y_mg"":-56,""z_mg"":984}"
7.391,right_hand,og,tilt,,"{""roll_deg"":-2.7,""pitch_deg"":-3.0,""steady"":true}"
7.422,right_hand,og,acc,3065016,"{""seq"":357,""x_mg"":116,""y_mg"":-56,""z_mg"":988}"
7.422,right_hand,og,tilt,,"{""roll_deg"":-2.7,""pitch_deg"":-3.0,""steady"":true}"
7.422,right_hand,og,acc,3065036,"{""seq"":358,""x_mg"":116,""y_mg"":-52,""z_mg"":992}"
7.422,right_hand,og,tilt,,"{""roll_deg"":-2.6,""pitch_deg"":-3.0,""steady"":true}"
7.453,right_hand,og,acc,3065057,"{""seq"":359,""x_mg"":108,""y_mg"":-60,""z_mg"":996}"
7.453,right_hand,og,tilt,,"{""roll_deg"":-2.5,""pitch_deg"":-3.0,""steady"":true}"
7.469,right_hand,og,acc,3065077,"{""seq"":360,""x_mg"":120,""y_mg"":-52,""z_mg"":1008}"
7.469,right_hand,og,tilt,,"{""roll_deg"":-2.4,""pitch_deg"":-3.0,""steady"":true}"
7.500,right_hand,og,acc,3065098,"{""seq"":361,""x_mg"":120,""y_mg"":-44,""z_mg"":992}"
7.500,right_hand,og,tilt,,"{""roll_deg"":-2.3,""pitch_deg"":-3.0,""steady"":true}"
7.500,right_hand,og,acc,3065119,"{""seq"":362,""x_mg"":124,""y_mg"":-48,""z_mg"":1008}"
7.500,right_hand,og,tilt,,"{""roll_deg"":-2.2,""pitch_deg"":-3.0,""steady"":true}"
7.531,right_hand,og,acc,3065139,"{""seq"":363,""x_mg"":128,""y_mg"":-52,""z_mg"":1000}"
7.531,right_hand,og,tilt,,"{""roll_deg"":-2.0,""pitch_deg"":-3.0,""steady"":true}"
7.562,right_hand,og,acc,3065160,"{""seq"":364,""x_mg"":124,""y_mg"":-60,""z_mg"":1000}"
7.562,right_hand,og,tilt,,"{""roll_deg"":-2.0,""pitch_deg"":-3.0,""steady"":true}"
7.562,right_hand,og,acc,3065180,"{""seq"":365,""x_mg"":116,""y_mg"":-52,""z_mg"":992}"
7.562,right_hand,og,tilt,,"{""roll_deg"":-1.9,""pitch_deg"":-3.0,""steady"":true}"
7.594,right_hand,og,acc,3065201,"{""seq"":366,""x_mg"":112,""y_mg"":-60,""z_mg"":984}"
7.594,right_hand,og,tilt,,"{""roll_deg"":-1.9,""pitch_deg"":-3.0,""steady"":true}"
7.625,right_hand,og,acc,3065221,"{""seq"":367,""x_mg"":124,""y_mg"":-60,""z_mg"":976}"
7.625,right_hand,og,tilt,,"{""roll_deg"":-1.9,""pitch_deg"":-3.0,""steady"":true}"
7.625,right_hand,og,acc,3065242,"{""seq"":368,""x_mg"":116,""y_mg"":-52,""z_mg"":988}"
7.625,right_hand,og,tilt,,"{""roll_deg"":-1.9,""pitch_deg"":-3.0,""steady"":true}"
7.656,right_hand,og,acc,3065263,"{""seq"":369,""x_mg"":116,""y_mg"":-40,""z_mg"":984}"
7.656,right_hand,og,tilt,,"{""roll_deg"":-1.9,""pitch_deg"":-3.0,""steady"":true}"
7.672,right_hand,og,acc,3065283,"{""seq"":370,""x_mg"":100,""y_mg"":-40,""z_mg"":988}"
7.672,right_hand,og,tilt,,"{""roll_deg"":-1.8,""pitch_deg"":-3.0,""steady"":true}"
7.703,right_hand,og,acc,3065304,"{""seq"":371,""x_mg"":108,""y_mg"":-36,""z_mg"":976}"
7.703,right_hand,og,tilt,,"{""roll_deg"":-1.7,""pitch_deg"":-3.0,""steady"":true}"
7.703,right_hand,og,acc,3065324,"{""seq"":372,""x_mg"":108,""y_mg"":-20,""z_mg"":980}"
7.703,right_hand,og,tilt,,"{""roll_deg"":-1.6,""pitch_deg"":-3.0,""steady"":true}"
7.734,right_hand,og,acc,3065345,"{""seq"":373,""x_mg"":108,""y_mg"":-36,""z_mg"":980}"
7.734,right_hand,og,tilt,,"{""roll_deg"":-1.4,""pitch_deg"":-3.0,""steady"":true}"
7.734,right_hand,og,acc,3065365,"{""seq"":374,""x_mg"":112,""y_mg"":-48,""z_mg"":988}"
7.734,right_hand,og,tilt,,"{""roll_deg"":-1.3,""pitch_deg"":-3.0,""steady"":true}"
7.766,right_hand,og,acc,3065386,"{""seq"":375,""x_mg"":124,""y_mg"":-60,""z_mg"":988}"
7.766,right_hand,og,tilt,,"{""roll_deg"":-1.3,""pitch_deg"":-3.0,""steady"":true}"
7.781,,game,brick,,"{""n"":5}"
7.781,,game,brick,,"{""n"":5}"
7.797,right_hand,og,acc,3065406,"{""seq"":376,""x_mg"":128,""y_mg"":-44,""z_mg"":1000}"
7.797,right_hand,og,tilt,,"{""roll_deg"":-1.3,""pitch_deg"":-3.0,""steady"":true}"
7.797,right_hand,og,acc,3065427,"{""seq"":377,""x_mg"":120,""y_mg"":-28,""z_mg"":996}"
7.797,right_hand,og,tilt,,"{""roll_deg"":-1.3,""pitch_deg"":-3.0,""steady"":true}"
7.844,,game,brick,,"{""n"":6}"
7.844,right_hand,og,acc,3065448,"{""seq"":378,""x_mg"":116,""y_mg"":-8,""z_mg"":984}"
7.844,right_hand,og,tilt,,"{""roll_deg"":-1.2,""pitch_deg"":-3.0,""steady"":true}"
7.859,right_hand,og,acc,3065468,"{""seq"":379,""x_mg"":132,""y_mg"":-8,""z_mg"":988}"
7.859,right_hand,og,tilt,,"{""roll_deg"":-0.9,""pitch_deg"":-3.0,""steady"":true}"
7.859,right_hand,og,acc,3065489,"{""seq"":380,""x_mg"":124,""y_mg"":-8,""z_mg"":988}"
7.859,right_hand,og,tilt,,"{""roll_deg"":-0.6,""pitch_deg"":-3.0,""steady"":true}"
7.891,right_hand,og,acc,3065509,"{""seq"":381,""x_mg"":120,""y_mg"":12,""z_mg"":996}"
7.891,right_hand,og,tilt,,"{""roll_deg"":-0.4,""pitch_deg"":-3.0,""steady"":true}"
7.922,right_hand,og,acc,3065530,"{""seq"":382,""x_mg"":116,""y_mg"":20,""z_mg"":992}"
7.922,right_hand,og,tilt,,"{""roll_deg"":0.1,""pitch_deg"":-3.0,""steady"":true}"
7.953,right_hand,og,acc,3065550,"{""seq"":383,""x_mg"":120,""y_mg"":32,""z_mg"":984}"
7.953,right_hand,og,tilt,,"{""roll_deg"":0.5,""pitch_deg"":-3.0,""steady"":true}"
7.953,right_hand,og,acc,3065571,"{""seq"":384,""x_mg"":128,""y_mg"":32,""z_mg"":988}"
7.953,right_hand,og,tilt,,"{""roll_deg"":1.1,""pitch_deg"":-3.0,""steady"":true}"
7.984,right_hand,og,acc,3065592,"{""seq"":385,""x_mg"":128,""y_mg"":20,""z_mg"":972}"
7.984,right_hand,og,tilt,,"{""roll_deg"":1.5,""pitch_deg"":-3.0,""steady"":true}"
8.016,right_hand,og,acc,3065612,"{""seq"":386,""x_mg"":128,""y_mg"":24,""z_mg"":988}"
8.016,right_hand,og,tilt,,"{""roll_deg"":1.8,""pitch_deg"":-3.0,""steady"":true}"
8.016,right_hand,og,acc,3065633,"{""seq"":387,""x_mg"":124,""y_mg"":24,""z_mg"":976}"
8.016,right_hand,og,tilt,,"{""roll_deg"":2.0,""pitch_deg"":-3.0,""steady"":true}"
8.047,right_hand,og,acc,3065653,"{""seq"":388,""x_mg"":112,""y_mg"":24,""z_mg"":980}"
8.047,right_hand,og,tilt,,"{""roll_deg"":2.2,""pitch_deg"":-3.0,""steady"":true}"
8.062,right_hand,og,acc,3065674,"{""seq"":389,""x_mg"":112,""y_mg"":8,""z_mg"":980}"
8.062,right_hand,og,tilt,,"{""roll_deg"":2.3,""pitch_deg"":-3.0,""steady"":true}"
8.062,right_hand,og,acc,3065694,"{""seq"":390,""x_mg"":116,""y_mg"":8,""z_mg"":972}"
8.062,right_hand,og,tilt,,"{""roll_deg"":2.3,""pitch_deg"":-3.0,""steady"":true}"
8.094,right_hand,og,acc,3065715,"{""seq"":391,""x_mg"":120,""y_mg"":8,""z_mg"":972}"
8.094,right_hand,og,tilt,,"{""roll_deg"":2.3,""pitch_deg"":-3.0,""steady"":true}"
8.125,right_hand,og,acc,3065735,"{""seq"":392,""x_mg"":112,""y_mg"":4,""z_mg"":980}"
8.125,right_hand,og,tremor,,"{""rms_mg"":21.3,""peak_hz"":5.7}"
8.125,right_hand,og,tilt,,"{""roll_deg"":2.3,""pitch_deg"":-3.0,""steady"":true}"
8.156,right_hand,og,acc,3065756,"{""seq"":393,""x_mg"":120,""y_mg"":-12,""z_mg"":988}"
8.156,right_hand,og,tilt,,"{""roll_deg"":2.3,""pitch_deg"":-3.0,""steady"":true}"
8.156,right_hand,og,acc,3065777,"{""seq"":394,""x_mg"":116,""y_mg"":-12,""z_mg"":988}"
8.156,right_hand,og,tilt,,"{""roll_deg"":2.3,""pitch_deg"":-3.0,""steady"":true}"
8.187,right_hand,og,acc,3065797,"{""seq"":395,""x_mg"":100,""y_mg"":-12,""z_mg"":1000}"
8.187,right_hand,og,tilt,,"{""roll_deg"":2.3,""pitch_deg"":-3.0,""steady"":true}"
8.219,right_hand,og,acc,3065818,"{""seq"":396,""x_mg"":104,""y_mg"":16,""z_mg"":984}"
8.219,right_hand,og,tilt,,"{""roll_deg"":2.3,""pitch_deg"":-3.0,""steady"":true}"
8.219,right_hand,og,acc,3065838,"{""seq"":397,""x_mg"":100,""y_mg"":16,""z_mg"":988}"
8.219,right_hand,og,tilt,,"{""roll_deg"":2.3,""pitch_deg"":-3.0,""steady"":true}"
8.250,right_hand,og,acc,3065859,"{""seq"":398,""x_mg"":96,""y_mg"":8,""z_mg"":984}"
8.250,right_hand,og,tilt,,"{""roll_deg"":2.3,""pitch_deg"":-3.0,""steady"":true}"
8.281,right_hand,og,acc,3065879,"{""seq"":399,""x_mg"":92,""y_mg"":28,""z_mg"":996}"
8.281,right_hand,og,tilt,,"{""roll_deg"":2.3,""pitch_deg"":-3.0,""steady"":true}"
8.281,right_hand,og,acc,3065900,"{""seq"":400,""x_mg"":84,""y_mg"":52,""z_mg"":992}"
8.281,right_hand,og,tilt,,"{""roll_deg"":2.3,""pitch_deg"":-3.0,""steady"":true}"
8.297,right_hand,og,acc,3065921,"{""seq"":401,""x_mg"":100,""y_mg"":64,""z_mg"":996}"
8.297,right_hand,og,tilt,,"{""roll_deg"":2.3,""pitch_deg"":-3.1,""steady"":true}"
8.344,right_hand,og,acc,3065941,"{""seq"":402,""x_mg"":112,""y_mg"":72,""z_mg"":1008}"
8.344,right_hand,og,tilt,,"{""roll_deg"":2.7,""pitch_deg"":-3.2,""steady"":true}"
8.375,right_hand,og,acc,3065962,"{""seq"":403,""x_mg"":108,""y_mg"":68,""z_mg"":992}"
8.375,right_hand,og,tilt,,"{""roll_deg"":3.1,""pitch_deg"":-3.2,""steady"":true}"
8.375,right_hand,og,acc,3065982,"{""seq"":404,""x_mg"":112,""y_mg"":52,""z_mg"":988}"
8.375,right_hand,og,tilt,,"{""roll_deg"":3.5,""pitch_deg"":-3.2,""steady"":true}"
8.406,right_hand,og,acc,3066003,"{""seq"":405,""x_mg"":120,""y_mg"":44,""z_mg"":984}"
8.406,right_hand,og,tilt,,"{""roll_deg"":3.7,""pitch_deg"":-3.2,""steady"":true}"
8.406,right_hand,og,acc,3066023,"{""seq"":406,""x_mg"":108,""y_mg"":56,""z_mg"":984}"
8.406,right_hand,og,tilt,,"{""roll_deg"":3.8,""pitch_deg"":-3.2,""steady"":true}"
8.437,right_hand,og,acc,3066044,"{""seq"":407,""x_mg"":96,""y_mg"":68,""z_mg"":984}"
8.437,right_hand,og,tilt,,"{""roll_deg"":4.0,""pitch_deg"":-3.2,""steady"":true}"
8.469,right_hand,og,acc,3066065,"{""seq"":408,""x_mg"":96,""y_mg"":68,""z_mg"":984}"
8.469,right_hand,og,tilt,,"{""roll_deg"":4.2,""pitch_deg"":-3.2,""steady"":true}"
8.469,right_hand,og,acc,3066085,"{""seq"":409,""x_mg"":96,""y_mg"":88,""z_mg"":976}"
8.469,right_hand,og,tilt,,"{""roll_deg"":4.4,""pitch_deg"":-3.2,""steady"":true}"
8.484,right_hand,og,acc,3066106,"{""seq"":410,""x_mg"":96,""y_mg"":92,""z_mg"":960}"
8.500,right_hand,og,tilt,,"{""roll_deg"":4.8,""pitch_deg"":-3.3,""steady"":true}"
8.531,right_hand,og,acc,3066126,"{""seq"":411,""x_mg"":96,""y_mg"":92,""z_mg"":976}"
8.531,right_hand,og,tilt,,"{""roll_deg"":5.2,""pitch_deg"":-3.3,""steady"":true}"
8.531,right_hand,og,acc,3066147,"{""seq"":412,""x_mg"":84,""y_mg"":100,""z_mg"":964}"
8.531,right_hand,og,tilt,,"{""roll_deg"":5.5,""pitch_deg"":-3.4,""steady"":true}"
8.562,right_hand,og,acc,3066167,"{""seq"":413,""x_mg"":88,""y_mg"":88,""z_mg"":976}"
8.562,right_hand,og,tilt,,"{""roll_deg"":5.8,""pitch_deg"":-3.5,""steady"":true}"
8.594,right_hand,og,acc,3066188,"{""seq"":414,""x_mg"":100,""y_mg"":100,""z_mg"":976}"
8.594,right_hand,og,tilt,,"{""roll_deg"":6.0,""pitch_deg"":-3.6,""steady"":true}"
8.594,right_hand,og,acc,3066209,"{""seq"":415,""x_mg"":96,""y_mg"":100,""z_mg"":968}"
8.594,right_hand,og,tilt,,"{""roll_deg"":6.3,""pitch_deg"":-3.6,""steady"":true}"
8.625,right_hand,og,acc,3066229,"{""seq"":416,""x_mg"":96,""y_mg"":84,""z_mg"":968}"
8.625,right_hand,og,tilt,,"{""roll_deg"":6.5,""pitch_deg"":-3.6,""steady"":true}"
8.656,right_hand,og,acc,3066250,"{""seq"":417,""x_mg"":88,""y_mg"":56,""z_mg"":972}"
8.656,right_hand,og,tilt,,"{""roll_deg"":6.5,""pitch_deg"":-3.6,""steady"":true}"
8.656,right_hand,og,acc,3066270,"{""seq"":418,""x_mg"":100,""y_mg"":68,""z_mg"":992}"
8.656,right_hand,og,tilt,,"{""roll_deg"":6.5,""pitch_deg"":-3.6,""steady"":true}"
8.687,right_hand,og,acc,3066291,"{""seq"":419,""x_mg"":96,""y_mg"":68,""z_mg"":1000}"
8.687,right_hand,og,tilt,,"{""roll_deg"":6.5,""pitch_deg"":-3.6,""steady"":true}"
8.719,right_hand,og,acc,3066311,"{""seq"":420,""x_mg"":100,""y_mg"":76,""z_mg"":984}"
8.719,right_hand,og,tilt,,"{""roll_deg"":6.5,""pitch_deg"":-3.6,""steady"":true}"
8.719,right_hand,og,acc,3066332,"{""seq"":421,""x_mg"":96,""y_mg"":60,""z_mg"":1004}"
8.719,right_hand,og,tilt,,"{""roll_deg"":6.5,""pitch_deg"":-3.7,""steady"":true}"
8.750,right_hand,og,acc,3066353,"{""seq"":422,""x_mg"":92,""y_mg"":36,""z_mg"":1000}"
8.750,right_hand,og,tilt,,"{""roll_deg"":6.5,""pitch_deg"":-3.7,""steady"":true}"
8.750,right_hand,og,acc,3066373,"{""seq"":423,""x_mg"":84,""y_mg"":32,""z_mg"":996}"
8.750,right_hand,og,tilt,,"{""roll_deg"":6.5,""pitch_deg"":-3.7,""steady"":true}"
8.781,right_hand,og,acc,3066394,"{""seq"":424,""x_mg"":100,""y_mg"":52,""z_mg"":972}"
8.781,right_hand,og,tilt,,"{""roll_deg"":6.3,""pitch_deg"":-3.8,""steady"":true}"
8.812,right_hand,og,acc,3066414,"{""seq"":425,""x_mg"":84,""y_mg"":72,""z_mg"":972}"
8.812,right_hand,og,tilt,,"{""roll_deg"":6.2,""pitch_deg"":-3.8,""steady"":true}"
8.812,right_hand,og,acc,3066435,"{""seq"":426,""x_mg"":72,""y_mg"":88,""z_mg"":956}"
8.812,right_hand,og,tilt,,"{""roll_deg"":6.2,""pitch_deg"":-3.9,""steady"":true}"
8.844,right_hand,og,acc,3066455,"{""seq"":427,""x_mg"":80,""y_mg"":116,""z_mg"":956}"
8.844,right_hand,og,tilt,,"{""roll_deg"":6.2,""pitch_deg"":-4.0,""steady"":true}"
8.875,right_hand,og,acc,3066476,"{""seq"":428,""x_mg"":72,""y_mg"":132,""z_mg"":972}"
8.875,right_hand,og,tilt,,"{""roll_deg"":6.2,""pitch_deg"":-4.1,""steady"":true}"
8.875,right_hand,og,acc,3066497,"{""seq"":429,""x_mg"":56,""y_mg"":132,""z_mg"":956}"
8.875,right_hand,og,tilt,,"{""roll_deg"":6.2,""pitch_deg"":-4.2,""steady"":true}"
8.891,right_hand,og,acc,3066517,"{""seq"":430,""x_mg"":60,""y_mg"":112,""z_mg"":964}"
8.891,right_hand,og,tilt,,"{""roll_deg"":6.6,""pitch_deg"":-4.4,""steady"":true}"
8.922,right_hand,og,acc,3066538,"{""seq"":431,""x_mg"":72,""y_mg"":108,""z_mg"":956}"
8.922,right_hand,og,tilt,,"{""roll_deg"":6.8,""pitch_deg"":-4.6,""steady"":true}"
8.953,right_hand,og,acc,3066558,"{""seq"":432,""x_mg"":64,""y_mg"":100,""z_mg"":964}"
8.953,right_hand,og,tilt,,"{""roll_deg"":7.0,""pitch_deg"":-4.8,""steady"":true}"
8.953,right_hand,og,acc,3066579,"{""seq"":433,""x_mg"":68,""y_mg"":88,""z_mg"":976}"
8.953,right_hand,og,tilt,,"{""roll_deg"":7.0,""pitch_deg"":-4.8,""steady"":true}"
8.984,right_hand,og,acc,3066599,"{""seq"":434,""x_mg"":72,""y_mg"":88,""z_mg"":980}"
8.984,right_hand,og,tilt,,"{""roll_deg"":7.0,""pitch_deg"":-4.9,""steady"":true}"
9.016,right_hand,og,acc,3066620,"{""seq"":435,""x_mg"":44,""y_mg"":96,""z_mg"":996}"
9.016,right_hand,og,tilt,,"{""roll_deg"":7.0,""pitch_deg"":-5.0,""steady"":true}"
9.016,right_hand,og,acc,3066641,"{""seq"":436,""x_mg"":48,""y_mg"":104,""z_mg"":984}"
9.016,right_hand,og,tilt,,"{""roll_deg"":7.0,""pitch_deg"":-5.2,""steady"":true}"
9.047,right_hand,og,acc,3066661,"{""seq"":437,""x_mg"":60,""y_mg"":92,""z_mg"":1008}"
9.047,right_hand,og,tilt,,"{""roll_deg"":7.0,""pitch_deg"":-5.4,""steady"":true}"
9.094,right_hand,og,acc,3066682,"{""seq"":438,""x_mg"":72,""y_mg"":84,""z_mg"":996}"
9.094,right_hand,og,tilt,,"{""roll_deg"":7.0,""pitch_deg"":-5.5,""steady"":true}"
9.094,right_hand,og,acc,3066702,"{""seq"":439,""x_mg"":84,""y_mg"":72,""z_mg"":988}"
9.094,right_hand,og,tilt,,"{""roll_deg"":7.0,""pitch_deg"":-5.5,""steady"":true}"
9.109,right_hand,og,acc,3066723,"{""seq"":440,""x_mg"":92,""y_mg"":80,""z_mg"":984}"
9.109,right_hand,og,tilt,,"{""roll_deg"":7.0,""pitch_deg"":-5.5,""steady"":true}"
9.141,right_hand,og,acc,3066743,"{""seq"":441,""x_mg"":84,""y_mg"":80,""z_mg"":980}"
9.141,right_hand,og,tilt,,"{""roll_deg"":7.0,""pitch_deg"":-5.5,""steady"":true}"
9.172,right_hand,og,acc,3066764,"{""seq"":442,""x_mg"":76,""y_mg"":92,""z_mg"":976}"
9.172,right_hand,og,tilt,,"{""roll_deg"":7.0,""pitch_deg"":-5.5,""steady"":true}"
9.172,right_hand,og,acc,3066784,"{""seq"":443,""x_mg"":72,""y_mg"":80,""z_mg"":1000}"
9.172,right_hand,og,tilt,,"{""roll_deg"":7.0,""pitch_deg"":-5.5,""steady"":true}"
9.203,right_hand,og,acc,3066805,"{""seq"":444,""x_mg"":60,""y_mg"":96,""z_mg"":996}"
9.203,right_hand,og,tilt,,"{""roll_deg"":7.0,""pitch_deg"":-5.5,""steady"":true}"
9.234,right_hand,og,acc,3066826,"{""seq"":445,""x_mg"":68,""y_mg"":140,""z_mg"":1008}"
9.234,right_hand,og,tilt,,"{""roll_deg"":7.0,""pitch_deg"":-5.5,""steady"":true}"
9.234,right_hand,og,acc,3066846,"{""seq"":446,""x_mg"":44,""y_mg"":128,""z_mg"":996}"
9.234,right_hand,og,tilt,,"{""roll_deg"":7.0,""pitch_deg"":-5.5,""steady"":true}"
9.266,right_hand,og,acc,3066867,"{""seq"":447,""x_mg"":48,""y_mg"":124,""z_mg"":1004}"
9.266,right_hand,og,tilt,,"{""roll_deg"":7.1,""pitch_deg"":-5.5,""steady"":true}"
9.266,right_hand,og,acc,3066887,"{""seq"":448,""x_mg"":64,""y_mg"":112,""z_mg"":988}"
9.266,right_hand,og,tilt,,"{""roll_deg"":7.2,""pitch_deg"":-5.5,""steady"":true}"
9.297,right_hand,og,acc,3066908,"{""seq"":449,""x_mg"":64,""y_mg"":120,""z_mg"":996}"
9.297,right_hand,og,tilt,,"{""roll_deg"":7.4,""pitch_deg"":-5.6,""steady"":true}"
9.312,right_hand,og,acc,3066928,"{""seq"":450,""x_mg"":64,""y_mg"":116,""z_mg"":988}"
9.312,right_hand,og,tilt,,"{""roll_deg"":7.4,""pitch_deg"":-5.6,""steady"":true}"
9.344,right_hand,og,acc,3066949,"{""seq"":451,""x_mg"":52,""y_mg"":112,""z_mg"":988}"
9.344,right_hand,og,tilt,,"{""roll_deg"":7.5,""pitch_deg"":-5.6,""steady"":true}"
9.344,right_hand,og,acc,3066970,"{""seq"":452,""x_mg"":56,""y_mg"":128,""z_mg"":1008}"
9.344,right_hand,og,tilt,,"{""roll_deg"":7.6,""pitch_deg"":-5.7,""steady"":true}"
9.375,right_hand,og,acc,3066990,"{""seq"":453,""x_mg"":56,""y_mg"":132,""z_mg"":1000}"
9.375,right_hand,og,tilt,,"{""roll_deg"":7.7,""pitch_deg"":-5.7,""steady"":true}"
9.406,right_hand,og,acc,3067011,"{""seq"":454,""x_mg"":68,""y_mg"":140,""z_mg"":996}"
9.406,right_hand,og,tilt,,"{""roll_deg"":7.9,""pitch_deg"":-5.8,""steady"":true}"
9.406,right_hand,og,acc,3067031,"{""seq"":455,""x_mg"":68,""y_mg"":124,""z_mg"":996}"
9.406,right_hand,og,tilt,,"{""roll_deg"":8.1,""pitch_deg"":-5.8,""steady"":true}"
9.437,right_hand,og,acc,3067052,"{""seq"":456,""x_mg"":76,""y_mg"":120,""z_mg"":984}"
9.437,right_hand,og,tilt,,"{""roll_deg"":8.1,""pitch_deg"":-5.8,""steady"":true}"
9.453,,game,drop,,"{""n"":3}"
9.469,right_hand,og,acc,3067072,"{""seq"":457,""x_mg"":64,""y_mg"":124,""z_mg"":996}"
9.469,right_hand,og,tilt,,"{""roll_deg"":8.2,""pitch_deg"":-5.8,""steady"":true}"
9.469,right_hand,og,acc,3067093,"{""seq"":458,""x_mg"":72,""y_mg"":136,""z_mg"":1000}"
9.469,right_hand,og,tilt,,"{""roll_deg"":8.2,""pitch_deg"":-5.8,""steady"":true}"
9.500,right_hand,og,acc,3067114,"{""seq"":459,""x_mg"":80,""y_mg"":120,""z_mg"":984}"
9.500,right_hand,og,tilt,,"{""roll_deg"":8.3,""pitch_deg"":-5.8,""steady"":true}"
9.531,right_hand,og,acc,3067134,"{""seq"":460,""x_mg"":80,""y_mg"":112,""z_mg"":992}"
9.531,right_hand,og,tilt,,"{""roll_deg"":8.3,""pitch_deg"":-5.8,""steady"":true}"
9.531,right_hand,og,acc,3067155,"{""seq"":461,""x_mg"":88,""y_mg"":108,""z_mg"":988}"
9.531,right_hand,og,tilt,,"{""roll_deg"":8.3,""pitch_deg"":-5.8,""steady"":true}"
9.547,right_hand,og,acc,3067175,"{""seq"":462,""x_mg"":104,""y_mg"":88,""z_mg"":988}"
9.547,right_hand,og,tilt,,"{""roll_deg"":8.3,""pitch_deg"":-5.8,""steady"":true}"
9.578,right_hand,og,acc,3067196,"{""seq"":463,""x_mg"":112,""y_mg"":80,""z_mg"":988}"
9.578,right_hand,og,tilt,,"{""roll_deg"":8.3,""pitch_deg"":-5.8,""steady"":true}"
9.609,right_hand,og,acc,3067216,"{""seq"":464,""x_mg"":116,""y_mg"":88,""z_mg"":976}"
9.609,right_hand,og,tilt,,"{""roll_deg"":8.3,""pitch_deg"":-5.7,""steady"":true}"
9.609,right_hand,og,acc,3067237,"{""seq"":465,""x_mg"":100,""y_mg"":108,""z_mg"":984}"
9.609,right_hand,og,tilt,,"{""roll_deg"":8.3,""pitch_deg"":-5.4,""steady"":true}"
9.641,right_hand,og,acc,3067257,"{""seq"":466,""x_mg"":124,""y_mg"":132,""z_mg"":976}"
9.641,right_hand,og,tilt,,"{""roll_deg"":8.3,""pitch_deg"":-5.1,""steady"":true}"
9.672,right_hand,og,acc,3067278,"{""seq"":467,""x_mg"":88,""y_mg"":144,""z_mg"":972}"
9.672,right_hand,og,tilt,,"{""roll_deg"":8.3,""pitch_deg"":-5.0,""steady"":true}"
9.672,right_hand,og,acc,3067299,"{""seq"":468,""x_mg"":108,""y_mg"":148,""z_mg"":968}"
9.672,right_hand,og,tilt,,"{""roll_deg"":8.3,""pitch_deg"":-4.8,""steady"":true}"
9.703,right_hand,og,acc,3067319,"{""seq"":469,""x_mg"":116,""y_mg"":160,""z_mg"":972}"
9.703,right_hand,og,tilt,,"{""roll_deg"":8.3,""pitch_deg"":-4.7,""steady"":true}"
9.734,right_hand,og,acc,3067340,"{""seq"":470,""x_mg"":112,""y_mg"":176,""z_mg"":968}"
9.734,right_hand,og,tilt,,"{""roll_deg"":8.6,""pitch_deg"":-4.5,""steady"":true}"
9.734,right_hand,og,acc,3067360,"{""seq"":471,""x_mg"":116,""y_mg"":188,""z_mg"":984}"
9.734,right_hand,og,tilt,,"{""roll_deg"":9.0,""pitch_deg"":-4.4,""steady"":true}"
9.750,right_hand,og,acc,3067381,"{""seq"":472,""x_mg"":128,""y_mg"":176,""z_mg"":980}"
9.750,right_hand,og,tilt,,"{""roll_deg"":9.5,""pitch_deg"":-4.2,""steady"":true}"
9.797,right_hand,og,acc,3067401,"{""seq"":473,""x_mg"":124,""y_mg"":172,""z_mg"":968}"
9.797,right_hand,og,tilt,,"{""roll_deg"":9.9,""pitch_deg"":-4.0,""steady"":true}"
9.828,right_hand,og,acc,3067422,"{""seq"":474,""x_mg"":128,""y_mg"":148,""z_mg"":972}"
9.828,right_hand,og,tilt,,"{""roll_deg"":10.2,""pitch_deg"":-3.9,""steady"":true}"
9.828,right_hand,og,acc,3067443,"{""seq"":475,""x_mg"":124,""y_mg"":144,""z_mg"":976}"
9.828,right_hand,og,tilt,,"{""roll_deg"":10.2,""pitch_deg"":-3.7,""steady"":true}"
9.859,right_hand,og,acc,3067463,"{""seq"":476,""x_mg"":124,""y_mg"":132,""z_mg"":968}"
9.859,right_hand,og,tilt,,"{""roll_deg"":10.2,""pitch_deg"":-3.6,""steady"":true}"
9.891,right_hand,og,acc,3067484,"{""seq"":477,""x_mg"":120,""y_mg"":112,""z_mg"":980}"
9.891,right_hand,og,tilt,,"{""roll_deg"":10.2,""pitch_deg"":-3.5,""steady"":true}"
9.891,right_hand,og,acc,3067504,"{""seq"":478,""x_mg"":112,""y_mg"":100,""z_mg"":988}"
9.891,right_hand,og,tilt,,"{""roll_deg"":10.2,""pitch_deg"":-3.5,""steady"":true}"
9.922,right_hand,og,acc,3067525,"{""seq"":479,""x_mg"":128,""y_mg"":72,""z_mg"":992}"
9.922,right_hand,og,tilt,,"{""roll_deg"":10.2,""pitch_deg"":-3.4,""steady"":true}"
9.937,right_hand,og,acc,3067545,"{""seq"":480,""x_mg"":120,""y_mg"":60,""z_mg"":992}"
9.937,right_hand,og,tilt,,"{""roll_deg"":10.0,""pitch_deg"":-3.4,""steady"":true}"
9.937,right_hand,og,acc,3067566,"{""seq"":481,""x_mg"":112,""y_mg"":44,""z_mg"":992}"
9.937,right_hand,og,tilt,,"{""roll_deg"":9.3,""pitch_deg"":-3.4,""steady"":true}"
9.969,right_hand,og,acc,3067587,"{""seq"":482,""x_mg"":128,""y_mg"":20,""z_mg"":992}"
9.969,right_hand,og,tilt,,"{""roll_deg"":8.5,""pitch_deg"":-3.4,""steady"":true}"
10.000,right_hand,og,acc,3067607,"{""seq"":483,""x_mg"":136,""y_mg"":-4,""z_mg"":980}"
10.000,right_hand,og,tilt,,"{""roll_deg"":7.4,""pitch_deg"":-3.3,""steady"":true}"
10.031,right_hand,og,acc,3067628,"{""seq"":484,""x_mg"":140,""y_mg"":-20,""z_mg"":980}"
10.031,right_hand,og,tilt,,"{""roll_deg"":6.0,""pitch_deg"":-3.2,""steady"":true}"
10.031,right_hand,og,acc,3067648,"{""seq"":485,""x_mg"":140,""y_mg"":-24,""z_mg"":984}"
10.031,right_hand,og,tilt,,"{""roll_deg"":4.7,""pitch_deg"":-3.0,""steady"":true}"
10.062,right_hand,og,acc,3067669,"{""seq"":486,""x_mg"":136,""y_mg"":-32,""z_mg"":984}"
10.062,right_hand,og,tilt,,"{""roll_deg"":3.6,""pitch_deg"":-2.9,""steady"":true}"
10.094,right_hand,og,acc,3067689,"{""seq"":487,""x_mg"":136,""y_mg"":-24,""z_mg"":984}"
10.094,right_hand,og,tilt,,"{""roll_deg"":2.9,""pitch_deg"":-2.8,""steady"":true}"
10.094,right_hand,og,acc,3067710,"{""seq"":488,""x_mg"":144,""y_mg"":-44,""z_mg"":972}"
10.094,right_hand,og,tilt,,"{""roll_deg"":2.2,""pitch_deg"":-2.8,""steady"":true}"
10.125,right_hand,og,acc,3067730,"{""seq"":489,""x_mg"":140,""y_mg"":-52,""z_mg"":980}"
10.125,right_hand,og,tilt,,"{""roll_deg"":1.5,""pitch_deg"":-2.7,""steady"":true}"
10.125,right_hand,og,acc,3067751,"{""seq"":490,""x_mg"":136,""y_mg"":-72,""z_mg"":976}"
10.125,right_hand,og,tremor,,"{""rms_mg"":9.7,""peak_hz"":5.1}"
10.125,right_hand,og,tilt,,"{""roll_deg"":0.8,""pitch_deg"":-2.6,""steady"":true}"
10.141,right_hand,og,acc,3067772,"{""seq"":491,""x_mg"":124,""y_mg"":-68,""z_mg"":984}"
10.141,right_hand,og,tilt,,"{""roll_deg"":0.1,""pitch_deg"":-2.5,""steady"":true}"
10.172,right_hand,og,acc,3067792,"{""seq"":492,""x_mg"":140,""y_mg"":-68,""z_mg"":968}"
10.172,right_hand,og,tilt,,"{""roll_deg"":-0.4,""pitch_deg"":-2.5,""steady"":true}"
10.203,right_hand,og,acc,3067813,"{""seq"":493,""x_mg"":140,""y_mg"":-60,""z_mg"":964}"
10.203,right_hand,og,tilt,,"{""roll_deg"":-0.7,""pitch_deg"":-2.4,""steady"":true}"
10.234,right_hand,og,acc,3067833,"{""seq"":494,""x_mg"":140,""y_mg"":-80,""z_mg"":972}"
10.234,right_hand,og,tilt,,"{""roll_deg"":-1.0,""pitch_deg"":-2.4,""steady"":true}"
10.234,right_hand,og,acc,3067854,"{""seq"":495,""x_mg"":136,""y_mg"":-56,""z_mg"":964}"
10.234,right_hand,og,tilt,,"{""roll_deg"":-1.0,""pitch_deg"":-2.3,""steady"":true}"
10.266,right_hand,og,acc,3067875,"{""seq"":496,""x_mg"":132,""y_mg"":-60,""z_mg"":968}"
10.266,right_hand,og,tilt,,"{""roll_deg"":-1.1,""pitch_deg"":-2.3,""steady"":true}"
10.297,right_hand,og,acc,3067895,"{""seq"":497,""x_mg"":128,""y_mg"":-68,""z_mg"":964}"
10.297,right_hand,og,tilt,,"{""roll_deg"":-1.1,""pitch_deg"":-2.3,""steady"":true}"
10.297,right_hand,og,acc,3067916,"{""seq"":498,""x_mg"":128,""y_mg"":-68,""z_mg"":968}"
10.297,right_hand,og,tilt,,"{""roll_deg"":-1.2,""pitch_deg"":-2.3,""steady"":true}"
10.328,right_hand,og,acc,3067936,"{""seq"":499,""x_mg"":128,""y_mg"":-68,""z_mg"":980}"
10.328,right_hand,og,tilt,,"{""roll_deg"":-1.3,""pitch_deg"":-2.3,""steady"":true}"
10.328,right_hand,og,acc,3067957,"{""seq"":500,""x_mg"":132,""y_mg"":-68,""z_mg"":968}"
10.328,right_hand,og,tilt,,"{""roll_deg"":-1.4,""pitch_deg"":-2.3,""steady"":true}"
10.359,right_hand,og,acc,3067977,"{""seq"":501,""x_mg"":132,""y_mg"":-80,""z_mg"":980}"
10.359,right_hand,og,tilt,,"{""roll_deg"":-1.5,""pitch_deg"":-2.3,""steady"":true}"
10.391,right_hand,og,acc,3067998,"{""seq"":502,""x_mg"":108,""y_mg"":-76,""z_mg"":976}"
10.391,right_hand,og,tilt,,"{""roll_deg"":-1.6,""pitch_deg"":-2.3,""steady"":true}"
10.422,right_hand,og,acc,3068018,"{""seq"":503,""x_mg"":124,""y_mg"":-64,""z_mg"":988}"
10.422,right_hand,og,tilt,,"{""roll_deg"":-1.7,""pitch_deg"":-2.3,""steady"":true}"
10.422,right_hand,og,acc,3068039,"{""seq"":504,""x_mg"":116,""y_mg"":-68,""z_mg"":984}"
10.422,right_hand,og,tilt,,"{""roll_deg"":-1.7,""pitch_deg"":-2.3,""steady"":true}"
10.453,right_hand,og,acc,3068060,"{""seq"":505,""x_mg"":112,""y_mg"":-68,""z_mg"":996}"
10.453,right_hand,og,tilt,,"{""roll_deg"":-1.7,""pitch_deg"":-2.3,""steady"":true}"
10.484,right_hand,og,acc,3068080,"{""seq"":506,""x_mg"":116,""y_mg"":-80,""z_mg"":992}"
10.484,right_hand,og,tilt,,"{""roll_deg"":-1.7,""pitch_deg"":-2.3,""steady"":true}"
10.484,right_hand,og,acc,3068101,"{""seq"":507,""x_mg"":100,""y_mg"":-104,""z_mg"":984}"
10.484,right_hand,og,tilt,,"{""roll_deg"":-1.8,""pitch_deg"":-2.3,""steady"":true}"
10.516,right_hand,og,acc,3068121,"{""seq"":508,""x_mg"":104,""y_mg"":-108,""z_mg"":992}"
10.516,right_hand,og,tilt,,"{""roll_deg"":-2.0,""pitch_deg"":-2.3,""steady"":true}"
10.547,right_hand,og,acc,3068142,"{""seq"":509,""x_mg"":92,""y_mg"":-108,""z_mg"":996}"
10.547,right_hand,og,tilt,,"{""roll_deg"":-2.3,""pitch_deg"":-2.3,""steady"":true}"
10.547,right_hand,og,acc,3068162,"{""seq"":510,""x_mg"":104,""y_mg"":-124,""z_mg"":996}"
10.547,right_hand,og,tilt,,"{""roll_deg"":-2.6,""pitch_deg"":-2.5,""steady"":true}"
10.578,right_hand,og,acc,3068183,"{""seq"":511,""x_mg"":92,""y_mg"":-120,""z_mg"":992}"
10.578,right_hand,og,tilt,,"{""roll_deg"":-3.0,""pitch_deg"":-2.7,""steady"":true}"
10.609,right_hand,og,acc,3068204,"{""seq"":512,""x_mg"":92,""y_mg"":-132,""z_mg"":988}"
10.609,right_hand,og,tilt,,"{""roll_deg"":-3.3,""pitch_deg"":-2.9,""steady"":true}"
10.609,right_hand,og,acc,3068224,"{""seq"":513,""x_mg"":80,""y_mg"":-116,""z_mg"":988}"
10.609,right_hand,og,tilt,,"{""roll_deg"":-3.5,""pitch_deg"":-3.1,""steady"":true}"
10.641,right_hand,og,acc,3068245,"{""seq"":514,""x_mg"":92,""y_mg"":-128,""z_mg"":992}"
10.641,right_hand,og,tilt,,"{""roll_deg"":-3.8,""pitch_deg"":-3.2,""steady"":true}"
10.641,right_hand,og,acc,3068265,"{""seq"":515,""x_mg"":96,""y_mg"":-116,""z_mg"":996}"
10.641,right_hand,og,tilt,,"{""roll_deg"":-3.9,""pitch_deg"":-3.4,""steady"":true}"
10.672,right_hand,og,acc,3068286,"{""seq"":516,""x_mg"":92,""y_mg"":-128,""z_mg"":996}"
10.672,right_hand,og,tilt,,"{""roll_deg"":-4.1,""pitch_deg"":-3.5,""steady"":true}"
10.703,right_hand,og,acc,3068306,"{""seq"":517,""x_mg"":104,""y_mg"":-108,""z_mg"":992}"
10.703,right_hand,og,tilt,,"{""roll_deg"":-4.2,""pitch_deg"":-3.5,""steady"":true}"
10.703,right_hand,og,acc,3068327,"{""seq"":518,""x_mg"":96,""y_mg"":-84,""z_mg"":996}"
10.703,right_hand,og,tilt,,"{""roll_deg"":-4.2,""pitch_deg"":-3.6,""steady"":true}"
10.734,right_hand,og,acc,3068348,"{""seq"":519,""x_mg"":96,""y_mg"":-60,""z_mg"":988}"
10.734,right_hand,og,tilt,,"{""roll_deg"":-4.2,""pitch_deg"":-3.6,""steady"":true}"
10.766,right_hand,og,acc,3068368,"{""seq"":520,""x_mg"":100,""y_mg"":-68,""z_mg"":980}"
10.766,right_hand,og,tilt,,"{""roll_deg"":-4.2,""pitch_deg"":-3.6,""steady"":true}"
10.766,right_hand,og,acc,3068389,"{""seq"":521,""x_mg"":124,""y_mg"":-60,""z_mg"":992}"
10.766,right_hand,og,tilt,,"{""roll_deg"":-4.2,""pitch_deg"":-3.6,""steady"":true}"
10.797,right_hand,og,acc,3068409,"{""seq"":522,""x_mg"":136,""y_mg"":-52,""z_mg"":992}"
10.797,right_hand,og,tilt,,"{""roll_deg"":-4.1,""pitch_deg"":-3.6,""steady"":true}"
10.828,right_hand,og,acc,3068430,"{""seq"":523,""x_mg"":128,""y_mg"":-36,""z_mg"":992}"
10.828,right_hand,og,tilt,,"{""roll_deg"":-3.8,""pitch_deg"":-3.6,""steady"":true}"
10.828,right_hand,og,acc,3068450,"{""seq"":524,""x_mg"":112,""y_mg"":-32,""z_mg"":992}"
10.828,right_hand,og,tilt,,"{""roll_deg"":-3.4,""pitch_deg"":-3.6,""steady"":true}"
10.859,right_hand,og,acc,3068471,"{""seq"":525,""x_mg"":124,""y_mg"":-44,""z_mg"":988}"
10.859,right_hand,og,tilt,,"{""roll_deg"":-2.9,""pitch_deg"":-3.6,""steady"":true}"
10.891,right_hand,og,acc,3068492,"{""seq"":526,""x_mg"":112,""y_mg"":-48,""z_mg"":996}"
10.891,right_hand,og,tilt,,"{""roll_deg"":-2.6,""pitch_deg"":-3.6,""steady"":true}"
10.891,right_hand,og,acc,3068512,"{""seq"":527,""x_mg"":116,""y_mg"":-56,""z_mg"":996}"
10.891,right_hand,og,tilt,,"{""roll_deg"":-2.4,""pitch_deg"":-3.6,""steady"":true}"
10.922,right_hand,og,acc,3068533,"{""seq"":528,""x_mg"":108,""y_mg"":-76,""z_mg"":988}"
10.922,right_hand,og,tilt,,"{""roll_deg"":-2.3,""pitch_deg"":-3.6,""steady"":true}"
10.922,right_hand,og,acc,3068553,"{""seq"":529,""x_mg"":104,""y_mg"":-76,""z_mg"":1004}"
10.922,right_hand,og,tilt,,"{""roll_deg"":-2.3,""pitch_deg"":-3.6,""steady"":true}"
10.953,right_hand,og,acc,3068574,"{""seq"":530,""x_mg"":104,""y_mg"":-76,""z_mg"":996}"
10.953,right_hand,og,tilt,,"{""roll_deg"":-2.3,""pitch_deg"":-3.6,""steady"":true}"
10.969,right_hand,og,acc,3068594,"{""seq"":531,""x_mg"":92,""y_mg"":-80,""z_mg"":992}"
10.969,right_hand,og,tilt,,"{""roll_deg"":-2.3,""pitch_deg"":-3.6,""steady"":true}"
11.000,right_hand,og,acc,3068615,"{""seq"":532,""x_mg"":92,""y_mg"":-80,""z_mg"":988}"
11.000,right_hand,og,tilt,,"{""roll_deg"":-2.3,""pitch_deg"":-3.6,""steady"":true}"
11.031,right_hand,og,acc,3068635,"{""seq"":533,""x_mg"":88,""y_mg"":-76,""z_mg"":1000}"
11.031,right_hand,og,tilt,,"{""roll_deg"":-2.3,""pitch_deg"":-3.6,""steady"":true}"
11.031,right_hand,og,acc,3068656,"{""seq"":534,""x_mg"":84,""y_mg"":-64,""z_mg"":984}"
11.031,right_hand,og,tilt,,"{""roll_deg"":-2.3,""pitch_deg"":-3.6,""steady"":true}"
11.078,right_hand,og,acc,3068677,"{""seq"":535,""x_mg"":104,""y_mg"":-56,""z_mg"":988}"
11.078,right_hand,og,tilt,,"{""roll_deg"":-2.3,""pitch_deg"":-3.6,""steady"":true}"
11.109,right_hand,og,acc,3068697,"{""seq"":536,""x_mg"":116,""y_mg"":-44,""z_mg"":988}"
11.109,right_hand,og,tilt,,"{""roll_deg"":-2.3,""pitch_deg"":-3.6,""steady"":true}"
11.109,right_hand,og,acc,3068718,"{""seq"":537,""x_mg"":108,""y_mg"":-44,""z_mg"":984}"
11.109,right_hand,og,tilt,,"{""roll_deg"":-2.3,""pitch_deg"":-3.6,""steady"":true}"
11.141,right_hand,og,acc,3068738,"{""seq"":538,""x_mg"":116,""y_mg"":-36,""z_mg"":988}"
11.141,right_hand,og,tilt,,"{""roll_deg"":-2.2,""pitch_deg"":-3.6,""steady"":true}"
11.141,right_hand,og,acc,3068759,"{""seq"":539,""x_mg"":108,""y_mg"":-32,""z_mg"":988}"
11.141,right_hand,og,tilt,,"{""roll_deg"":-2.0,""pitch_deg"":-3.6,""steady"":true}"
11.172,right_hand,og,acc,3068779,"{""seq"":540,""x_mg"":112,""y_mg"":-24,""z_mg"":992}"
11.172,right_hand,og,tilt,,"{""roll_deg"":-1.8,""pitch_deg"":-3.6,""steady"":true}"
11.187,right_hand,og,acc,3068800,"{""seq"":541,""x_mg"":116,""y_mg"":-12,""z_mg"":988}"
11.187,right_hand,og,tilt,,"{""roll_deg"":-1.5,""pitch_deg"":-3.6,""steady"":true}"
11.219,,game,brick,,"{""n"":7}"
11.219,right_hand,og,acc,3068821,"{""seq"":542,""x_mg"":96,""y_mg"":-8,""z_mg"":996}"
11.219,right_hand,og,tilt,,"{""roll_deg"":-1.1,""pitch_deg"":-3.6,""steady"":true}"
11.219,right_hand,og,acc,3068841,"{""seq"":543,""x_mg"":100,""y_mg"":-36,""z_mg"":988}"
11.219,right_hand,og,tilt,,"{""roll_deg"":-0.8,""pitch_deg"":-3.6,""steady"":true}"
11.250,right_hand,og,acc,3068862,"{""seq"":544,""x_mg"":116,""y_mg"":-48,""z_mg"":988}"
11.250,right_hand,og,tilt,,"{""roll_deg"":-0.8,""pitch_deg"":-3.6,""steady"":true}"
11.281,right_hand,og,acc,3068882,"{""seq"":545,""x_mg"":116,""y_mg"":-32,""z_mg"":996}"
11.281,right_hand,og,tilt,,"{""roll_deg"":-0.7,""pitch_deg"":-3.6,""steady"":true}"
11.281,right_hand,og,acc,3068903,"{""seq"":546,""x_mg"":104,""y_mg"":-8,""z_mg"":1000}"
11.281,right_hand,og,tilt,,"{""roll_deg"":-0.7,""pitch_deg"":-3.6,""steady"":true}"
11.312,right_hand,og,acc,3068923,"{""seq"":547,""x_mg"":92,""y_mg"":28,""z_mg"":992}"
11.312,right_hand,og,tilt,,"{""roll_deg"":-0.4,""pitch_deg"":-3.6,""steady"":true}"
11.344,right_hand,og,acc,3068944,"{""seq"":548,""x_mg"":72,""y_mg"":20,""z_mg"":988}"
11.344,right_hand,og,tilt,,"{""roll_deg"":0.1,""pitch_deg"":-3.6,""steady"":true}"
11.344,right_hand,og,acc,3068965,"{""seq"":549,""x_mg"":100,""y_mg"":28,""z_mg"":984}"
11.344,right_hand,og,tilt,,"{""roll_deg"":0.7,""pitch_deg"":-3.6,""steady"":true}"
11.375,right_hand,og,acc,3068985,"{""seq"":550,""x_mg"":100,""y_mg"":8,""z_mg"":996}"
11.375,right_hand,og,tilt,,"{""roll_deg"":1.1,""pitch_deg"":-3.6,""steady"":true}"
11.406,right_hand,og,acc,3069006,"{""seq"":551,""x_mg"":104,""y_mg"":-8,""z_mg"":992}"
11.406,right_hand,og,tilt,,"{""roll_deg"":1.2,""pitch_deg"":-3.6,""steady"":true}"
11.406,right_hand,og,acc,3069026,"{""seq"":552,""x_mg"":112,""y_mg"":32,""z_mg"":976}"
11.406,right_hand,og,tilt,,"{""roll_deg"":1.4,""pitch_deg"":-3.6,""steady"":true}"
11.422,right_hand,og,acc,3069047,"{""seq"":553,""x_mg"":108,""y_mg"":48,""z_mg"":976}"
11.422,right_hand,og,tilt,,"{""roll_deg"":1.7,""pitch_deg"":-3.6,""steady"":true}"
11.453,right_hand,og,acc,3069067,"{""seq"":554,""x_mg"":108,""y_mg"":52,""z_mg"":972}"
11.453,right_hand,og,tilt,,"{""roll_deg"":2.2,""pitch_deg"":-3.6,""steady"":true}"
11.484,right_hand,og,acc,3069088,"{""seq"":555,""x_mg"":112,""y_mg"":44,""z_mg"":968}"
11.484,right_hand,og,tilt,,"{""roll_deg"":2.7,""pitch_deg"":-3.6,""steady"":true}"
11.484,right_hand,og,acc,3069109,"{""seq"":556,""x_mg"":104,""y_mg"":28,""z_mg"":980}"
11.484,right_hand,og,tilt,,"{""roll_deg"":2.9,""pitch_deg"":-3.6,""steady"":true}"
11.516,right_hand,og,acc,3069129,"{""seq"":557,""x_mg"":112,""y_mg"":20,""z_mg"":968}"
11.516,right_hand,og,tilt,,"{""roll_deg"":3.0,""pitch_deg"":-3.6,""steady"":true}"
11.547,right_hand,og,acc,3069150,"{""seq"":558,""x_mg"":124,""y_mg"":16,""z_mg"":968}"
11.547,right_hand,og,tilt,,"{""roll_deg"":3.0,""pitch_deg"":-3.6,""steady"":true}"
11.547,right_hand,og,acc,3069170,"{""seq"":559,""x_mg"":124,""y_mg"":16,""z_mg"":972}"
11.547,right_hand,og,tilt,,"{""roll_deg"":3.0,""pitch_deg"":-3.6,""steady"":true}"
11.578,right_hand,og,acc,3069191,"{""seq"":560,""x_mg"":116,""y_mg"":32,""z_mg"":968}"
11.578,right_hand,og,tilt,,"{""roll_deg"":3.0,""pitch_deg"":-3.6,""steady"":true}"
11.609,right_hand,og,acc,3069211,"{""seq"":561,""x_mg"":108,""y_mg"":24,""z_mg"":972}"
11.609,right_hand,og,tilt,,"{""roll_deg"":3.0,""pitch_deg"":-3.6,""steady"":true}"
11.609,right_hand,og,acc,3069232,"{""seq"":562,""x_mg"":96,""y_mg"":32,""z_mg"":980}"
11.609,right_hand,og,tilt,,"{""roll_deg"":3.0,""pitch_deg"":-3.6,""steady"":true}"
11.625,right_hand,og,acc,3069253,"{""seq"":563,""x_mg"":96,""y_mg"":48,""z_mg"":984}"
11.625,right_hand,og,tilt,,"{""roll_deg"":3.0,""pitch_deg"":-3.6,""steady"":true}"
11.672,right_hand,og,acc,3069273,"{""seq"":564,""x_mg"":104,""y_mg"":56,""z_mg"":984}"
11.672,right_hand,og,tilt,,"{""roll_deg"":3.1,""pitch_deg"":-3.6,""steady"":true}"
11.703,right_hand,og,acc,3069294,"{""seq"":565,""x_mg"":96,""y_mg"":44,""z_mg"":984}"
11.703,right_hand,og,tilt,,"{""roll_deg"":3.3,""pitch_deg"":-3.6,""steady"":true}"
11.703,right_hand,og,acc,3069314,"{""seq"":566,""x_mg"":100,""y_mg"":28,""z_mg"":984}"
11.703,right_hand,og,tilt,,"{""roll_deg"":3.4,""pitch_deg"":-3.6,""steady"":true}"
11.734,right_hand,og,acc,3069335,"{""seq"":567,""x_mg"":92,""y_mg"":20,""z_mg"":992}"
11.734,right_hand,og,tilt,,"{""roll_deg"":3.4,""pitch_deg"":-3.6,""steady"":true}"
11.766,right_hand,og,acc,3069355,"{""seq"":568,""x_mg"":88,""y_mg"":24,""z_mg"":980}"
11.766,right_hand,og,tilt,,"{""roll_deg"":3.4,""pitch_deg"":-3.6,""steady"":true}"
11.766,right_hand,og,acc,3069376,"{""seq"":569,""x_mg"":68,""y_mg"":52,""z_mg"":988}"
11.766,right_hand,og,tilt,,"{""roll_deg"":3.4,""pitch_deg"":-3.6,""steady"":true}"
11.797,right_hand,og,acc,3069397,"{""seq"":570,""x_mg"":68,""y_mg"":64,""z_mg"":984}"
11.797,right_hand,og,tilt,,"{""roll_deg"":3.4,""pitch_deg"":-3.6,""steady"":true}"
11.812,right_hand,og,acc,3069417,"{""seq"":571,""x_mg"":68,""y_mg"":80,""z_mg"":988}"
11.812,right_hand,og,tilt,,"{""roll_deg"":3.6,""pitch_deg"":-3.8,""steady"":true}"
11.812,right_hand,og,acc,3069438,"{""seq"":572,""x_mg"":60,""y_mg"":92,""z_mg"":984}"
11.812,right_hand,og,tilt,,"{""roll_deg"":4.0,""pitch_deg"":-4.1,""steady"":true}"
11.844,right_hand,og,acc,3069458,"{""seq"":573,""x_mg"":68,""y_mg"":112,""z_mg"":992}"
11.844,right_hand,og,tilt,,"{""roll_deg"":4.4,""pitch_deg"":-4.3,""steady"":true}"
11.875,right_hand,og,acc,3069479,"{""seq"":574,""x_mg"":72,""y_mg"":116,""z_mg"":992}"
11.875,right_hand,og,tilt,,"{""roll_deg"":5.1,""pitch_deg"":-4.4,""steady"":true}"
11.906,right_hand,og,acc,3069499,"{""seq"":575,""x_mg"":72,""y_mg"":116,""z_mg"":992}"
11.906,right_hand,og,tilt,,"{""roll_deg"":5.7,""pitch_deg"":-4.6,""steady"":true}"
11.906,right_hand,og,acc,3069520,"{""seq"":576,""x_mg"":68,""y_mg"":116,""z_mg"":988}"
11.906,right_hand,og,tilt,,"{""roll_deg"":6.2,""pitch_deg"":-4.7,""steady"":true}"
11.937,right_hand,og,acc,3069540,"{""seq"":577,""x_mg"":64,""y_mg"":128,""z_mg"":984}"
11.937,right_hand,og,tilt,,"{""roll_deg"":6.6,""pitch_deg"":-4.8,""steady"":true}"
11.969,right_hand,og,acc,3069561,"{""seq"":578,""x_mg"":68,""y_mg"":144,""z_mg"":984}"
11.969,right_hand,og,tilt,,"{""roll_deg"":7.1,""pitch_deg"":-4.9,""steady"":true}"
11.969,right_hand,og,acc,3069582,"{""seq"":579,""x_mg"":72,""y_mg"":136,""z_mg"":988}"
11.969,right_hand,og,tilt,,"{""roll_deg"":7.6,""pitch_deg"":-4.9,""steady"":true}"
12.000,right_hand,og,acc,3069602,"{""seq"":580,""x_mg"":72,""y_mg"":128,""z_mg"":984}"
12.000,right_hand,og,tilt,,"{""roll_deg"":8.0,""pitch_deg"":-5.0,""steady"":true}"
12.000,right_hand,og,acc,3069623,"{""seq"":581,""x_mg"":64,""y_mg"":124,""z_mg"":992}"
12.000,right_hand,og,tilt,,"{""roll_deg"":8.2,""pitch_deg"":-5.0,""steady"":true}"
12.031,right_hand,og,acc,3069643,"{""seq"":582,""x_mg"":84,""y_mg"":140,""z_mg"":996}"
12.031,right_hand,og,tilt,,"{""roll_deg"":8.3,""pitch_deg"":-5.0,""steady"":true}"
12.062,right_hand,og,acc,3069664,"{""seq"":583,""x_mg"":72,""y_mg"":148,""z_mg"":996}"
12.062,right_hand,og,tilt,,"{""roll_deg"":8.5,""pitch_deg"":-5.1,""steady"":true}"
12.062,right_hand,og,acc,3069684,"{""seq"":584,""x_mg"":96,""y_mg"":144,""z_mg"":972}"
12.062,right_hand,og,tilt,,"{""roll_deg"":8.8,""pitch_deg"":-5.1,""steady"":true}"
12.094,right_hand,og,acc,3069705,"{""seq"":585,""x_mg"":104,""y_mg"":116,""z_mg"":980}"
12.094,right_hand,og,tilt,,"{""roll_deg"":9.0,""pitch_deg"":-5.1,""steady"":true}"
12.125,right_hand,og,acc,3069726,"{""seq"":586,""x_mg"":100,""y_mg"":104,""z_mg"":960}"
12.125,right_hand,og,tilt,,"{""roll_deg"":9.0,""pitch_deg"":-5.1,""steady"":true}"
12.125,right_hand,og,acc,3069746,"{""seq"":587,""x_mg"":104,""y_mg"":84,""z_mg"":968}"
12.125,right_hand,og,tilt,,"{""roll_deg"":9.0,""pitch_deg"":-5.1,""steady"":true}"
12.156,right_hand,og,acc,3069767,"{""seq"":588,""x_mg"":104,""y_mg"":84,""z_mg"":984}"
12.156,right_hand,og,tremor,,"{""rms_mg"":12.1,""peak_hz"":5.7}"
12.156,right_hand,og,tilt,,"{""roll_deg"":9.0,""pitch_deg"":-5.1,""steady"":true}"
12.187,right_hand,og,acc,3069787,"{""seq"":589,""x_mg"":104,""y_mg"":80,""z_mg"":972}"
12.187,right_hand,og,tilt,,"{""roll_deg"":9.0,""pitch_deg"":-5.1,""steady"":true}"
12.187,right_hand,og,acc,3069808,"{""seq"":590,""x_mg"":108,""y_mg"":80,""z_mg"":988}"
12.187,right_hand,og,tilt,,"{""roll_deg"":8.9,""pitch_deg"":-5.1,""steady"":true}"
12.219,right_hand,og,acc,3069828,"{""seq"":591,""x_mg"":92,""y_mg"":88,""z_mg"":980}"
12.219,right_hand,og,tilt,,"{""roll_deg"":8.7,""pitch_deg"":-5.0,""steady"":true}"
12.250,right_hand,og,acc,3069849,"{""seq"":592,""x_mg"":88,""y_mg"":108,""z_mg"":992}"
12.250,right_hand,og,tilt,,"{""roll_deg"":8.6,""pitch_deg"":-5.0,""steady"":true}"
12.250,right_hand,og,acc,3069870,"{""seq"":593,""x_mg"":84,""y_mg"":92,""z_mg"":992}"
12.250,right_hand,og,tilt,,"{""roll_deg"":8.5,""pitch_deg"":-5.0,""steady"":true}"
12.281,right_hand,og,acc,3069890,"{""seq"":594,""x_mg"":84,""y_mg"":88,""z_mg"":996}"
12.281,right_hand,og,tilt,,"{""roll_deg"":8.4,""pitch_deg"":-5.0,""steady"":true}"
12.312,right_hand,og,acc,3069911,"{""seq"":595,""x_mg"":76,""y_mg"":124,""z_mg"":996}"
12.312,right_hand,og,tilt,,"{""roll_deg"":8.3,""pitch_deg"":-5.0,""steady"":true}"
12.312,right_hand,og,acc,3069931,"{""seq"":596,""x_mg"":76,""y_mg"":136,""z_mg"":992}"
12.312,right_hand,og,tilt,,"{""roll_deg"":8.3,""pitch_deg"":-5.0,""steady"":true}"
12.344,right_hand,og,acc,3069952,"{""seq"":597,""x_mg"":68,""y_mg"":164,""z_mg"":1000}"
12.344,right_hand,og,tilt,,"{""roll_deg"":8.3,""pitch_deg"":-5.0,""steady"":true}"
12.344,right_hand,og,acc,3069972,"{""seq"":598,""x_mg"":84,""y_mg"":160,""z_mg"":984}"
12.344,right_hand,og,tilt,,"{""roll_deg"":8.3,""pitch_deg"":-5.0,""steady"":true}"
12.375,right_hand,og,acc,3069993,"{""seq"":599,""x_mg"":88,""y_mg"":156,""z_mg"":984}"
12.375,right_hand,og,tilt,,"{""roll_deg"":8.3,""pitch_deg"":-5.0,""steady"":true}"
12.406,,game,drop,,"{""n"":4}"
12.422,right_hand,og,acc,3070014,"{""seq"":600,""x_mg"":84,""y_mg"":148,""z_mg"":992}"
12.422,right_hand,og,tilt,,"{""roll_deg"":8.5,""pitch_deg"":-5.0,""steady"":true}"
12.422,right_hand,og,acc,3070034,"{""seq"":601,""x_mg"":68,""y_mg"":164,""z_mg"":1000}"
12.422,right_hand,og,tilt,,"{""roll_deg"":8.8,""pitch_deg"":-5.0,""steady"":true}"
12.437,right_hand,og,acc,3070055,"{""seq"":602,""x_mg"":68,""y_mg"":168,""z_mg"":1000}"
12.437,right_hand,og,tilt,,"{""roll_deg"":9.1,""pitch_deg"":-5.0,""steady"":true}"
12.484,right_hand,og,acc,3070075,"{""seq"":603,""x_mg"":80,""y_mg"":172,""z_mg"":1004}"
12.484,right_hand,og,tilt,,"{""roll_deg"":9.4,""pitch_deg"":-5.0,""steady"":true}"
12.484,right_hand,og,acc,3070096,"{""seq"":604,""x_mg"":88,""y_mg"":156,""z_mg"":1000}"
12.484,right_hand,og,tilt,,"{""roll_deg"":9.7,""pitch_deg"":-5.0,""steady"":true}"
12.516,right_hand,og,acc,3070116,"{""seq"":605,""x_mg"":92,""y_mg"":132,""z_mg"":988}"
12.516,right_hand,og,tilt,,"{""roll_deg"":9.8,""pitch_deg"":-5.0,""steady"":true}"
12.547,right_hand,og,acc,3070137,"{""seq"":606,""x_mg"":92,""y_mg"":100,""z_mg"":984}"
12.547,right_hand,og,tilt,,"{""roll_deg"":9.8,""pitch_deg"":-5.0,""steady"":true}"
12.547,right_hand,og,acc,3070158,"{""seq"":607,""x_mg"":100,""y_mg"":96,""z_mg"":992}"
12.547,right_hand,og,tilt,,"{""roll_deg"":9.8,""pitch_deg"":-5.0,""steady"":true}"
12.578,right_hand,og,acc,3070178,"{""seq"":608,""x_mg"":100,""y_mg"":92,""z_mg"":980}"
12.578,right_hand,og,tilt,,"{""roll_deg"":9.8,""pitch_deg"":-5.0,""steady"":true}"
12.578,right_hand,og,acc,3070199,"{""seq"":609,""x_mg"":116,""y_mg"":88,""z_mg"":972}"
12.578,right_hand,og,tilt,,"{""roll_deg"":9.8,""pitch_deg"":-5.0,""steady"":true}"
12.609,right_hand,og,acc,3070219,"{""seq"":610,""x_mg"":120,""y_mg"":80,""z_mg"":976}"
12.609,right_hand,og,tilt,,"{""roll_deg"":9.6,""pitch_deg"":-5.0,""steady"":true}"
12.641,right_hand,og,acc,3070240,"{""seq"":611,""x_mg"":124,""y_mg"":64,""z_mg"":960}"
12.641,right_hand,og,tilt,,"{""roll_deg"":9.2,""pitch_deg"":-4.8,""steady"":true}"
12.641,right_hand,og,acc,3070260,"{""seq"":612,""x_mg"":112,""y_mg"":48,""z_mg"":956}"
12.641,right_hand,og,tilt,,"{""roll_deg"":8.7,""pitch_deg"":-4.6,""steady"":true}"
12.656,right_hand,og,acc,3070281,"{""seq"":613,""x_mg"":132,""y_mg"":48,""z_mg"":952}"
12.656,right_hand,og,tilt,,"{""roll_deg"":8.1,""pitch_deg"":-4.4,""steady"":true}"
12.687,right_hand,og,acc,3070302,"{""seq"":614,""x_mg"":132,""y_mg"":40,""z_mg"":956}"
12.687,right_hand,og,tilt,,"{""roll_deg"":7.5,""pitch_deg"":-4.0,""steady"":true}"
12.719,right_hand,og,acc,3070322,"{""seq"":615,""x_mg"":132,""y_mg"":28,""z_mg"":960}"
12.719,right_hand,og,tilt,,"{""roll_deg"":6.9,""pitch_deg"":-3.8,""steady"":true}"
12.719,right_hand,og,acc,3070343,"{""seq"":616,""x_mg"":136,""y_mg"":32,""z_mg"":952}"
12.719,right_hand,og,tilt,,"{""roll_deg"":6.3,""pitch_deg"":-3.5,""steady"":true}"
12.750,right_hand,og,acc,3070363,"{""seq"":617,""x_mg"":128,""y_mg"":24,""z_mg"":944}"
12.750,right_hand,og,tilt,,"{""roll_deg"":5.7,""pitch_deg"":-3.3,""steady"":true}"
12.781,right_hand,og,acc,3070384,"{""seq"":618,""x_mg"":132,""y_mg"":4,""z_mg"":960}"
12.781,right_hand,og,tilt,,"{""roll_deg"":5.3,""pitch_deg"":-3.2,""steady"":true}"
12.781,right_hand,og,acc,3070404,"{""seq"":619,""x_mg"":124,""y_mg"":4,""z_mg"":960}"
12.781,right_hand,og,tilt,,"{""roll_deg"":4.6,""pitch_deg"":-3.0,""steady"":true}"
12.812,right_hand,og,acc,3070425,"{""seq"":620,""x_mg"":116,""y_mg"":-4,""z_mg"":968}"
12.812,right_hand,og,tilt,,"{""roll_deg"":4.1,""pitch_deg"":-3.0,""steady"":true}"
12.844,right_hand,og,acc,3070446,"{""seq"":621,""x_mg"":132,""y_mg"":-12,""z_mg"":976}"
12.844,right_hand,og,tilt,,"{""roll_deg"":3.6,""pitch_deg"":-3.0,""steady"":true}"
12.844,right_hand,og,acc,3070466,"{""seq"":622,""x_mg"":132,""y_mg"":-24,""z_mg"":988}"
12.844,right_hand,og,tilt,,"{""roll_deg"":3.1,""pitch_deg"":-2.9,""steady"":true}"
12.875,right_hand,og,acc,3070487,"{""seq"":623,""x_mg"":120,""y_mg"":-24,""z_mg"":988}"
12.875,right_hand,og,tilt,,"{""roll_deg"":2.6,""pitch_deg"":-2.9,""steady"":true}"
12.906,right_hand,og,acc,3070507,"{""seq"":624,""x_mg"":108,""y_mg"":-16,""z_mg"":992}"
12.906,right_hand,og,tilt,,"{""roll_deg"":2.2,""pitch_deg"":-2.9,""steady"":true}"
12.906,right_hand,og,acc,3070528,"{""seq"":625,""x_mg"":104,""y_mg"":-24,""z_mg"":976}"
12.906,right_hand,og,tilt,,"{""roll_deg"":1.9,""pitch_deg"":-2.9,""steady"":true}"
12.937,right_hand,og,acc,3070548,"{""seq"":626,""x_mg"":124,""y_mg"":-20,""z_mg"":980}"
12.937,right_hand,og,tilt,,"{""roll_deg"":1.7,""pitch_deg"":-2.9,""steady"":true}"
12.937,right_hand,og,acc,3070569,"{""seq"":627,""x_mg"":92,""y_mg"":-32,""z_mg"":996}"
12.937,right_hand,og,tilt,,"{""roll_deg"":1.5,""pitch_deg"":-2.9,""steady"":true}"
12.969,right_hand,og,acc,3070589,"{""seq"":628,""x_mg"":88,""y_mg"":-24,""z_mg"":988}"
12.969,right_hand,og,tilt,,"{""roll_deg"":1.4,""pitch_deg"":-2.9,""steady"":true}"
13.016,right_hand,og,acc,3070610,"{""seq"":629,""x_mg"":96,""y_mg"":-24,""z_mg"":996}"
13.016,right_hand,og,tilt,,"{""roll_deg"":1.3,""pitch_deg"":-2.9,""steady"":true}"
13.016,right_hand,og,acc,3070631,"{""seq"":630,""x_mg"":92,""y_mg"":-44,""z_mg"":996}"
13.016,right_hand,og,tilt,,"{""roll_deg"":1.2,""pitch_deg"":-2.9,""steady"":true}"
13.047,right_hand,og,acc,3070651,"{""seq"":631,""x_mg"":84,""y_mg"":-48,""z_mg"":1012}"
13.047,right_hand,og,tilt,,"{""roll_deg"":0.9,""pitch_deg"":-2.9,""steady"":true}"
13.062,right_hand,og,acc,3070672,"{""seq"":632,""x_mg"":60,""y_mg"":-64,""z_mg"":1012}"
13.062,right_hand,og,tilt,,"{""roll_deg"":0.7,""pitch_deg"":-3.1,""steady"":true}"
13.094,right_hand,og,acc,3070692,"{""seq"":633,""x_mg"":64,""y_mg"":-76,""z_mg"":1016}"
13.094,right_hand,og,tilt,,"{""roll_deg"":0.3,""pitch_deg"":-3.5,""steady"":true}"
13.125,right_hand,og,acc,3070713,"{""seq"":634,""x_mg"":60,""y_mg"":-88,""z_mg"":1016}"
13.125,right_hand,og,tilt,,"{""roll_deg"":-0.2,""pitch_deg"":-3.9,""steady"":true}"
13.125,right_hand,og,acc,3070733,"{""seq"":635,""x_mg"":72,""y_mg"":-104,""z_mg"":1016}"
13.125,right_hand,og,tilt,,"{""roll_deg"":-0.7,""pitch_deg"":-4.2,""steady"":true}"
13.156,right_hand,og,acc,3070754,"{""seq"":636,""x_mg"":56,""y_mg"":-124,""z_mg"":1008}"
13.156,right_hand,og,tilt,,"{""roll_deg"":-1.4,""pitch_deg"":-4.6,""steady"":true}"
13.156,right_hand,og,acc,3070775,"{""seq"":637,""x_mg"":60,""y_mg"":-116,""z_mg"":1024}"
13.156,right_hand,og,tilt,,"{""roll_deg"":-2.0,""pitch_deg"":-4.8,""steady"":true}"
13.187,right_hand,og,acc,3070795,"{""seq"":638,""x_mg"":76,""y_mg"":-112,""z_mg"":1016}"
13.187,right_hand,og,tilt,,"{""roll_deg"":-2.5,""pitch_deg"":-5.0,""steady"":true}"
13.219,right_hand,og,acc,3070816,"{""seq"":639,""x_mg"":76,""y_mg"":-104,""z_mg"":1012}"
13.219,right_hand,og,tilt,,"{""roll_deg"":-2.9,""pitch_deg"":-5.0,""steady"":true}"
13.219,right_hand,og,acc,3070836,"{""seq"":640,""x_mg"":76,""y_mg"":-120,""z_mg"":1008}"
13.219,right_hand,og,tilt,,"{""roll_deg"":-3.1,""pitch_deg"":-5.1,""steady"":true}"
13.250,right_hand,og,acc,3070857,"{""seq"":641,""x_mg"":80,""y_mg"":-108,""z_mg"":992}"
13.250,right_hand,og,tilt,,"{""roll_deg"":-3.3,""pitch_deg"":-5.1,""steady"":true}"
13.281,right_hand,og,acc,3070877,"{""seq"":642,""x_mg"":80,""y_mg"":-88,""z_mg"":992}"
13.281,right_hand,og,tilt,,"{""roll_deg"":-3.4,""pitch_deg"":-5.1,""steady"":true}"
13.281,right_hand,og,acc,3070898,"{""seq"":643,""x_mg"":80,""y_mg"":-72,""z_mg"":992}"
13.281,right_hand,og,tilt,,"{""roll_deg"":-3.4,""pitch_deg"":-5.1,""steady"":true}"
13.312,right_hand,og,acc,3070919,"{""seq"":644,""x_mg"":80,""y_mg"":-80,""z_mg"":976}"
13.312,right_hand,og,tilt,,"{""roll_deg"":-3.4,""pitch_deg"":-5.1,""steady"":true}"
13.344,right_hand,og,acc,3070939,"{""seq"":645,""x_mg"":80,""y_mg"":-96,""z_mg"":980}"
13.344,right_hand,og,tilt,,"{""roll_deg"":-3.4,""pitch_deg"":-5.1,""steady"":true}"
13.344,right_hand,og,acc,3070960,"{""seq"":646,""x_mg"":88,""y_mg"":-80,""z_mg"":992}"
13.344,right_hand,og,tilt,,"{""roll_deg"":-3.4,""pitch_deg"":-5.1,""steady"":true}"
13.375,right_hand,og,acc,3070980,"{""seq"":647,""x_mg"":76,""y_mg"":-80,""z_mg"":984}"
13.375,right_hand,og,tilt,,"{""roll_deg"":-3.4,""pitch_deg"":-5.1,""steady"":true}"
13.406,right_hand,og,acc,3071001,"{""seq"":648,""x_mg"":76,""y_mg"":-60,""z_mg"":984}"
13.406,right_hand,og,tilt,,"{""roll_deg"":-3.4,""pitch_deg"":-5.1,""steady"":true}"
13.406,right_hand,og,acc,3071021,"{""seq"":649,""x_mg"":88,""y_mg"":-32,""z_mg"":992}"
13.406,right_hand,og,tilt,,"{""roll_deg"":-3.4,""pitch_deg"":-5.1,""steady"":true}"
13.437,right_hand,og,acc,3071042,"{""seq"":650,""x_mg"":96,""y_mg"":-20,""z_mg"":1000}"
13.437,right_hand,og,tilt,,"{""roll_deg"":-3.3,""pitch_deg"":-5.1,""steady"":true}"
13.469,right_hand,og,acc,3071063,"{""seq"":651,""x_mg"":88,""y_mg"":-28,""z_mg"":988}"
13.469,right_hand,og,tilt,,"{""roll_deg"":-2.9,""pitch_deg"":-5.1,""steady"":true}"
13.469,right_hand,og,acc,3071083,"{""seq"":652,""x_mg"":100,""y_mg"":-28,""z_mg"":996}"
13.469,right_hand,og,tilt,,"{""roll_deg"":-2.5,""pitch_deg"":-5.1,""steady"":true}"
13.500,right_hand,og,acc,3071104,"{""seq"":653,""x_mg"":112,""y_mg"":-20,""z_mg"":992}"
13.500,right_hand,og,tilt,,"{""roll_deg"":-2.1,""pitch_deg"":-5.1,""steady"":true}"
13.500,right_hand,og,acc,3071124,"{""seq"":654,""x_mg"":124,""y_mg"":-16,""z_mg"":992}"
13.500,right_hand,og,tilt,,"{""roll_deg"":-1.7,""pitch_deg"":-5.1,""steady"":true}"
13.531,right_hand,og,acc,3071145,"{""seq"":655,""x_mg"":112,""y_mg"":20,""z_mg"":984}"
13.531,right_hand,og,tilt,,"{""roll_deg"":-1.3,""pitch_deg"":-5.1,""steady"":true}"
13.562,right_hand,og,acc,3071165,"{""seq"":656,""x_mg"":112,""y_mg"":28,""z_mg"":988}"
13.562,right_hand,og,tilt,,"{""roll_deg"":-0.5,""pitch_deg"":-4.9,""steady"":true}"
13.562,right_hand,og,acc,3071186,"{""seq"":657,""x_mg"":120,""y_mg"":32,""z_mg"":980}"
13.562,right_hand,og,tilt,,"{""roll_deg"":0.3,""pitch_deg"":-4.8,""steady"":true}"
13.594,right_hand,og,acc,3071207,"{""seq"":658,""x_mg"":132,""y_mg"":48,""z_mg"":976}"
13.594,right_hand,og,tilt,,"{""roll_deg"":1.0,""pitch_deg"":-4.5,""steady"":true}"
13.625,right_hand,og,acc,3071227,"{""seq"":659,""x_mg"":124,""y_mg"":40,""z_mg"":972}"
13.625,right_hand,og,tilt,,"{""roll_deg"":1.7,""pitch_deg"":-4.3,""steady"":true}"
13.625,right_hand,og,acc,3071248,"{""seq"":660,""x_mg"":124,""y_mg"":40,""z_mg"":972}"
13.625,right_hand,og,tilt,,"{""roll_deg"":2.2,""pitch_deg"":-4.1,""steady"":true}"
13.656,right_hand,og,acc,3071268,"{""seq"":661,""x_mg"":116,""y_mg"":36,""z_mg"":988}"
13.656,right_hand,og,tilt,,"{""roll_deg"":2.6,""pitch_deg"":-3.9,""steady"":true}"
13.687,right_hand,og,acc,3071289,"{""seq"":662,""x_mg"":104,""y_mg"":44,""z_mg"":988}"
13.687,right_hand,og,tilt,,"{""roll_deg"":2.9,""pitch_deg"":-3.8,""steady"":true}"
13.703,right_hand,og,acc,3071309,"{""seq"":663,""x_mg"":112,""y_mg"":28,""z_mg"":972}"
13.703,right_hand,og,tilt,,"{""roll_deg"":3.0,""pitch_deg"":-3.8,""steady"":true}"
13.703,right_hand,og,acc,3071330,"{""seq"":664,""x_mg"":112,""y_mg"":24,""z_mg"":980}"
13.703,right_hand,og,tilt,,"{""roll_deg"":3.0,""pitch_deg"":-3.8,""steady"":true}"
13.750,right_hand,og,acc,3071350,"{""seq"":665,""x_mg"":108,""y_mg"":32,""z_mg"":976}"
13.750,right_hand,og,tilt,,"{""roll_deg"":3.0,""pitch_deg"":-3.8,""steady"":true}"
13.781,right_hand,og,acc,3071371,"{""seq"":666,""x_mg"":120,""y_mg"":40,""z_mg"":988}"
13.781,right_hand,og,tilt,,"{""roll_deg"":3.1,""pitch_deg"":-3.7,""steady"":true}"
13.781,right_hand,og,acc,3071392,"{""seq"":667,""x_mg"":108,""y_mg"":64,""z_mg"":996}"
13.781,right_hand,og,tilt,,"{""roll_deg"":3.2,""pitch_deg"":-3.7,""steady"":true}"
13.812,right_hand,og,acc,3071412,"{""seq"":668,""x_mg"":96,""y_mg"":72,""z_mg"":988}"
13.812,right_hand,og,tilt,,"{""roll_deg"":3.5,""pitch_deg"":-3.7,""steady"":true}"
13.844,right_hand,og,acc,3071433,"{""seq"":669,""x_mg"":104,""y_mg"":92,""z_mg"":992}"
13.844,right_hand,og,tilt,,"{""roll_deg"":3.9,""pitch_deg"":-3.7,""steady"":true}"
13.844,right_hand,og,acc,3071453,"{""seq"":670,""x_mg"":112,""y_mg"":84,""z_mg"":1000}"
13.844,right_hand,og,tilt,,"{""roll_deg"":4.4,""pitch_deg"":-3.7,""steady"":true}"
13.875,right_hand,og,acc,3071474,"{""seq"":671,""x_mg"":112,""y_mg"":88,""z_mg"":988}"
13.875,right_hand,og,tilt,,"{""roll_deg"":4.8,""pitch_deg"":-3.7,""steady"":true}"
13.875,right_hand,og,acc,3071494,"{""seq"":672,""x_mg"":108,""y_mg"":84,""z_mg"":996}"
13.875,right_hand,og,tilt,,"{""roll_deg"":5.1,""pitch_deg"":-3.7,""steady"":true}"
13.891,right_hand,og,acc,3071515,"{""seq"":673,""x_mg"":112,""y_mg"":80,""z_mg"":988}"
13.906,right_hand,og,tilt,,"{""roll_deg"":5.3,""pitch_deg"":-3.7,""steady"":true}"
13.922,right_hand,og,acc,3071536,"{""seq"":674,""x_mg"":120,""y_mg"":56,""z_mg"":992}"
13.922,right_hand,og,tilt,,"{""roll_deg"":5.5,""pitch_deg"":-3.7,""steady"":true}"
13.953,right_hand,og,acc,3071556,"{""seq"":675,""x_mg"":128,""y_mg"":32,""z_mg"":988}"
13.953,right_hand,og,tilt,,"{""roll_deg"":5.5,""pitch_deg"":-3.7,""steady"":true}"
13.984,right_hand,og,acc,3071577,"{""seq"":676,""x_mg"":132,""y_mg"":28,""z_mg"":988}"
13.984,right_hand,og,tilt,,"{""roll_deg"":5.5,""pitch_deg"":-3.7,""steady"":true}"
13.984,right_hand,og,acc,3071597,"{""seq"":677,""x_mg"":116,""y_mg"":12,""z_mg"":984}"
13.984,right_hand,og,tilt,,"{""roll_deg"":5.5,""pitch_deg"":-3.6,""steady"":true}"
14.016,right_hand,og,acc,3071618,"{""seq"":678,""x_mg"":128,""y_mg"":16,""z_mg"":980}"
14.016,right_hand,og,tilt,,"{""roll_deg"":5.5,""pitch_deg"":-3.5,""steady"":true}"
14.016,right_hand,og,acc,3071638,"{""seq"":679,""x_mg"":120,""y_mg"":16,""z_mg"":972}"
14.016,right_hand,og,tilt,,"{""roll_deg"":5.3,""pitch_deg"":-3.5,""steady"":true}"
14.047,right_hand,og,acc,3071659,"{""seq"":680,""x_mg"":104,""y_mg"":4,""z_mg"":976}"
14.047,right_hand,og,tilt,,"{""roll_deg"":5.1,""pitch_deg"":-3.4,""steady"":true}"
14.078,right_hand,og,acc,3071680,"{""seq"":681,""x_mg"":100,""y_mg"":12,""z_mg"":972}"
14.078,right_hand,og,tilt,,"{""roll_deg"":4.8,""pitch_deg"":-3.4,""steady"":true}"
14.078,right_hand,og,acc,3071700,"{""seq"":682,""x_mg"":92,""y_mg"":24,""z_mg"":976}"
14.078,right_hand,og,tilt,,"{""roll_deg"":4.6,""pitch_deg"":-3.4,""steady"":true}"
14.109,,game,brick,,"{""n"":8}"
14.109,right_hand,og,acc,3071721,"{""seq"":683,""x_mg"":92,""y_mg"":12,""z_mg"":972}"
14.109,right_hand,og,tilt,,"{""roll_deg"":4.3,""pitch_deg"":-3.4,""steady"":true}"
14.141,right_hand,og,acc,3071741,"{""seq"":684,""x_mg"":92,""y_mg"":4,""z_mg"":968}"
14.141,right_hand,og,tilt,,"{""roll_deg"":4.1,""pitch_deg"":-3.4,""steady"":true}"
14.141,right_hand,og,acc,3071762,"{""seq"":685,""x_mg"":88,""y_mg"":28,""z_mg"":980}"
14.141,right_hand,og,tilt,,"{""roll_deg"":3.9,""pitch_deg"":-3.4,""steady"":true}"
14.172,right_hand,og,acc,3071782,"{""seq"":686,""x_mg"":80,""y_mg"":32,""z_mg"":976}"
14.172,right_hand,og,tremor,,"{""rms_mg"":12.7,""peak_hz"":8.0}"
14.172,right_hand,og,tilt,,"{""roll_deg"":3.9,""pitch_deg"":-3.4,""steady"":true}"
14.203,right_hand,og,acc,3071803,"{""seq"":687,""x_mg"":80,""y_mg"":36,""z_mg"":992}"
14.203,right_hand,og,tilt,,"{""roll_deg"":3.9,""pitch_deg"":-3.4,""steady"":true}"
14.203,right_hand,og,acc,3071823,"{""seq"":688,""x_mg"":76,""y_mg"":36,""z_mg"":988}"
14.203,right_hand,og,tilt,,"{""roll_deg"":3.9,""pitch_deg"":-3.5,""steady"":true}"
14.234,right_hand,og,acc,3071844,"{""seq"":689,""x_mg"":76,""y_mg"":32,""z_mg"":1000}"
14.234,right_hand,og,tilt,,"{""roll_deg"":3.9,""pitch_deg"":-3.7,""steady"":true}"
14.250,,game,brick,,"{""n"":9}"
14.266,right_hand,og,acc,3071865,"{""seq"":690,""x_mg"":84,""y_mg"":28,""z_mg"":1000}"
14.266,right_hand,og,tilt,,"{""roll_deg"":3.9,""pitch_deg"":-3.8,""steady"":true}"
14.266,right_hand,og,acc,3071885,"{""seq"":691,""x_mg"":88,""y_mg"":16,""z_mg"":988}"
14.266,right_hand,og,tilt,,"{""roll_deg"":3.9,""pitch_deg"":-3.9,""steady"":true}"
14.297,right_hand,og,acc,3071906,"{""seq"":692,""x_mg"":96,""y_mg"":0,""z_mg"":1000}"
14.297,right_hand,og,tilt,,"{""roll_deg"":3.9,""pitch_deg"":-4.0,""steady"":true}"
14.328,right_hand,og,acc,3071926,"{""seq"":693,""x_mg"":92,""y_mg"":-4,""z_mg"":992}"
14.328,right_hand,og,tilt,,"{""roll_deg"":3.7,""pitch_deg"":-4.0,""steady"":true}"
14.328,right_hand,og,acc,3071947,"{""seq"":694,""x_mg"":100,""y_mg"":-28,""z_mg"":996}"
14.328,right_hand,og,tilt,,"{""roll_deg"":3.5,""pitch_deg"":-4.0,""steady"":true}"
14.359,right_hand,og,acc,3071967,"{""seq"":695,""x_mg"":100,""y_mg"":-32,""z_mg"":992}"
14.359,right_hand,og,tilt,,"{""roll_deg"":3.1,""pitch_deg"":-4.0,""steady"":true}"
14.391,right_hand,og,acc,3071988,"{""seq"":696,""x_mg"":108,""y_mg"":-44,""z_mg"":988}"
14.391,right_hand,og,tilt,,"{""roll_deg"":2.6,""pitch_deg"":-4.0,""steady"":true}"
14.391,right_hand,og,acc,3072008,"{""seq"":697,""x_mg"":112,""y_mg"":-56,""z_mg"":988}"
14.391,right_hand,og,tilt,,"{""roll_deg"":2.1,""pitch_deg"":-4.0,""steady"":true}"
14.422,right_hand,og,acc,3072029,"{""seq"":698,""x_mg"":96,""y_mg"":-56,""z_mg"":992}"
14.422,right_hand,og,tilt,,"{""roll_deg"":1.4,""pitch_deg"":-4.0,""steady"":true}"
14.453,right_hand,og,acc,3072050,"{""seq"":699,""x_mg"":96,""y_mg"":-52,""z_mg"":988}"
14.453,right_hand,og,tilt,,"{""roll_deg"":0.9,""pitch_deg"":-4.0,""steady"":true}"
14.453,right_hand,og,acc,3072070,"{""seq"":700,""x_mg"":88,""y_mg"":-48,""z_mg"":988}"
14.453,right_hand,og,tilt,,"{""roll_deg"":0.6,""pitch_deg"":-4.0,""steady"":true}"
14.484,right_hand,og,acc,3072091,"{""seq"":701,""x_mg"":84,""y_mg"":-44,""z_mg"":1000}"
14.484,right_hand,og,tilt,,"{""roll_deg"":0.3,""pitch_deg"":-4.0,""steady"":true}"
14.484,right_hand,og,acc,3072111,"{""seq"":702,""x_mg"":76,""y_mg"":-44,""z_mg"":992}"
14.484,right_hand,og,tilt,,"{""roll_deg"":0.2,""pitch_deg"":-4.0,""steady"":true}"
14.516,right_hand,og,acc,3072132,"{""seq"":703,""x_mg"":80,""y_mg"":-36,""z_mg"":992}"
14.516,right_hand,og,tilt,,"{""roll_deg"":0.1,""pitch_deg"":-4.0,""steady"":true}"
14.531,right_hand,og,acc,3072152,"{""seq"":704,""x_mg"":76,""y_mg"":-40,""z_mg"":992}"
14.531,right_hand,og,tilt,,"{""roll_deg"":0.1,""pitch_deg"":-4.1,""steady"":true}"
14.562,right_hand,og,acc,3072173,"{""seq"":705,""x_mg"":76,""y_mg"":-24,""z_mg"":992}"
14.562,right_hand,og,tilt,,"{""roll_deg"":0.1,""pitch_deg"":-4.2,""steady"":true}"
14.594,right_hand,og,acc,3072194,"{""seq"":706,""x_mg"":68,""y_mg"":-24,""z_mg"":984}"
14.594,right_hand,og,tilt,,"{""roll_deg"":0.1,""pitch_deg"":-4.3,""steady"":true}"
14.594,right_hand,og,acc,3072214,"{""seq"":707,""x_mg"":84,""y_mg"":-4,""z_mg"":996}"
14.594,right_hand,og,tilt,,"{""roll_deg"":0.1,""pitch_deg"":-4.3,""steady"":true}"
14.625,right_hand,og,acc,3072235,"{""seq"":708,""x_mg"":84,""y_mg"":-8,""z_mg"":992}"
14.641,right_hand,og,tilt,,"{""roll_deg"":0.1,""pitch_deg"":-4.4,""steady"":true}"
14.641,right_hand,og,acc,3072255,"{""seq"":709,""x_mg"":100,""y_mg"":-8,""z_mg"":1004}"
14.641,right_hand,og,tilt,,"{""roll_deg"":0.1,""pitch_deg"":-4.4,""steady"":true}"
14.656,right_hand,og,acc,3072276,"{""seq"":710,""x_mg"":92,""y_mg"":4,""z_mg"":992}"
14.656,right_hand,og,tilt,,"{""roll_deg"":0.1,""pitch_deg"":-4.4,""steady"":true}"
14.703,right_hand,og,acc,3072296,"{""seq"":711,""x_mg"":84,""y_mg"":0,""z_mg"":996}"
14.703,right_hand,og,tilt,,"{""roll_deg"":0.1,""pitch_deg"":-4.4,""steady"":true}"
14.703,right_hand,og,acc,3072317,"{""seq"":712,""x_mg"":88,""y_mg"":-4,""z_mg"":992}"
14.703,right_hand,og,tilt,,"{""roll_deg"":0.1,""pitch_deg"":-4.4,""steady"":true}"
14.719,right_hand,og,acc,3072338,"{""seq"":713,""x_mg"":64,""y_mg"":-4,""z_mg"":1000}"
14.719,right_hand,og,tilt,,"{""roll_deg"":0.2,""pitch_deg"":-4.4,""steady"":true}"
14.750,right_hand,og,acc,3072358,"{""seq"":714,""x_mg"":84,""y_mg"":-4,""z_mg"":992}"
14.750,right_hand,og,tilt,,"{""roll_deg"":0.3,""pitch_deg"":-4.4,""steady"":true}"
14.781,right_hand,og,acc,3072379,"{""seq"":715,""x_mg"":76,""y_mg"":-16,""z_mg"":1004}"
14.781,right_hand,og,tilt,,"{""roll_deg"":0.4,""pitch_deg"":-4.4,""steady"":true}"
14.781,right_hand,og,acc,3072399,"{""seq"":716,""x_mg"":68,""y_mg"":-36,""z_mg"":1000}"
14.781,right_hand,og,tilt,,"{""roll_deg"":0.4,""pitch_deg"":-4.5,""steady"":true}"
14.812,right_hand,og,acc,3072420,"{""seq"":717,""x_mg"":72,""y_mg"":-32,""z_mg"":984}"
14.812,right_hand,og,tilt,,"{""roll_deg"":0.4,""pitch_deg"":-4.5,""steady"":true}"
14.844,right_hand,og,acc,3072440,"{""seq"":718,""x_mg"":76,""y_mg"":-48,""z_mg"":992}"
14.844,right_hand,og,tilt,,"{""roll_deg"":0.4,""pitch_deg"":-4.6,""steady"":true}"
14.844,right_hand,og,acc,3072461,"{""seq"":719,""x_mg"":64,""y_mg"":-48,""z_mg"":992}"
14.844,right_hand,og,tilt,,"{""roll_deg"":0.4,""pitch_deg"":-4.7,""steady"":true}"
14.875,right_hand,og,acc,3072482,"{""seq"":720,""x_mg"":64,""y_mg"":-60,""z_mg"":996}"
14.875,right_hand,og,tilt,,"{""roll_deg"":0.4,""pitch_deg"":-4.8,""steady"":true}"
14.906,right_hand,og,acc,3072502,"{""seq"":721,""x_mg"":60,""y_mg"":-56,""z_mg"":992}"
14.906,right_hand,og,tilt,,"{""roll_deg"":0.4,""pitch_deg"":-4.9,""steady"":true}"
14.906,right_hand,og,acc,3072523,"{""seq"":722,""x_mg"":64,""y_mg"":-60,""z_mg"":992}"
14.906,right_hand,og,tilt,,"{""roll_deg"":0.4,""pitch_deg"":-5.0,""steady"":true}"
14.922,right_hand,og,acc,3072543,"{""seq"":723,""x_mg"":68,""y_mg"":-68,""z_mg"":996}"
14.922,right_hand,og,tilt,,"{""roll_deg"":0.2,""pitch_deg"":-5.1,""steady"":true}"
14.953,right_hand,og,acc,3072564,"{""seq"":724,""x_mg"":44,""y_mg"":-40,""z_mg"":988}"
14.953,right_hand,og,tilt,,"{""roll_deg"":0.0,""pitch_deg"":-5.1,""steady"":true}"
14.984,right_hand,og,acc,3072584,"{""seq"":725,""x_mg"":64,""y_mg"":-36,""z_mg"":1000}"
14.984,right_hand,og,tilt,,"{""roll_deg"":0.0,""pitch_deg"":-5.2,""steady"":true}"
14.984,right_hand,og,acc,3072605,"{""seq"":726,""x_mg"":60,""y_mg"":-36,""z_mg"":1004}"
14.984,right_hand,og,tilt,,"{""roll_deg"":0.0,""pitch_deg"":-5.3,""steady"":true}"
15.016,right_hand,og,acc,3072625,"{""seq"":727,""x_mg"":64,""y_mg"":-32,""z_mg"":1000}"
15.016,right_hand,og,tilt,,"{""roll_deg"":0.0,""pitch_deg"":-5.3,""steady"":true}"
15.047,right_hand,og,acc,3072646,"{""seq"":728,""x_mg"":60,""y_mg"":-24,""z_mg"":1000}"
15.047,right_hand,og,tilt,,"{""roll_deg"":0.0,""pitch_deg"":-5.4,""steady"":true}"
15.047,right_hand,og,acc,3072667,"{""seq"":729,""x_mg"":64,""y_mg"":-16,""z_mg"":1000}"
15.047,right_hand,og,tilt,,"{""roll_deg"":0.0,""pitch_deg"":-5.5,""steady"":true}"
15.078,right_hand,og,acc,3072687,"{""seq"":730,""x_mg"":64,""y_mg"":-12,""z_mg"":996}"
15.078,right_hand,og,tilt,,"{""roll_deg"":0.0,""pitch_deg"":-5.5,""steady"":true}"
15.109,right_hand,og,acc,3072708,"{""seq"":731,""x_mg"":56,""y_mg"":-28,""z_mg"":1008}"
15.109,right_hand,og,tilt,,"{""roll_deg"":0.0,""pitch_deg"":-5.5,""steady"":true}"
15.109,right_hand,og,acc,3072728,"{""seq"":732,""x_mg"":52,""y_mg"":-40,""z_mg"":1000}"
15.109,right_hand,og,tilt,,"{""roll_deg"":0.0,""pitch_deg"":-5.6,""steady"":true}"
15.125,right_hand,og,acc,3072749,"{""seq"":733,""x_mg"":60,""y_mg"":-32,""z_mg"":1004}"
15.125,right_hand,og,tilt,,"{""roll_deg"":0.0,""pitch_deg"":-5.6,""steady"":true}"
15.172,right_hand,og,acc,3072769,"{""seq"":734,""x_mg"":64,""y_mg"":-40,""z_mg"":1000}"
15.172,right_hand,og,tilt,,"{""roll_deg"":0.0,""pitch_deg"":-5.7,""steady"":true}"
15.172,right_hand,og,acc,3072790,"{""seq"":735,""x_mg"":56,""y_mg"":-28,""z_mg"":1004}"
15.172,right_hand,og,tilt,,"{""roll_deg"":0.0,""pitch_deg"":-5.7,""steady"":true}"
15.203,right_hand,og,acc,3072811,"{""seq"":736,""x_mg"":52,""y_mg"":-36,""z_mg"":996}"
15.203,right_hand,og,tilt,,"{""roll_deg"":0.0,""pitch_deg"":-5.8,""steady"":true}"
15.203,right_hand,og,acc,3072831,"{""seq"":737,""x_mg"":56,""y_mg"":-36,""z_mg"":1000}"
15.203,right_hand,og,tilt,,"{""roll_deg"":0.0,""pitch_deg"":-5.8,""steady"":true}"
15.234,right_hand,og,acc,3072852,"{""seq"":738,""x_mg"":64,""y_mg"":-20,""z_mg"":996}"
15.234,right_hand,og,tilt,,"{""roll_deg"":0.0,""pitch_deg"":-5.8,""steady"":true}"
15.266,right_hand,og,acc,3072872,"{""seq"":739,""x_mg"":60,""y_mg"":-20,""z_mg"":1000}"
15.266,right_hand,og,tilt,,"{""roll_deg"":0.0,""pitch_deg"":-5.9,""steady"":true}"
15.266,right_hand,og,acc,3072893,"{""seq"":740,""x_mg"":56,""y_mg"":-24,""z_mg"":992}"
15.266,right_hand,og,tilt,,"{""roll_deg"":0.0,""pitch_deg"":-5.9,""steady"":true}"
15.312,right_hand,og,acc,3072913,"{""seq"":741,""x_mg"":48,""y_mg"":-32,""z_mg"":984}"
15.312,right_hand,og,tilt,,"{""roll_deg"":0.0,""pitch_deg"":-5.9,""steady"":true}"
15.344,right_hand,og,acc,3072934,"{""seq"":742,""x_mg"":56,""y_mg"":-20,""z_mg"":980}"
15.344,right_hand,og,tilt,,"{""roll_deg"":0.0,""pitch_deg"":-5.9,""steady"":true}"
15.344,right_hand,og,acc,3072954,"{""seq"":743,""x_mg"":68,""y_mg"":-16,""z_mg"":980}"
15.344,right_hand,og,tilt,,"{""roll_deg"":0.0,""pitch_deg"":-5.9,""steady"":true}"
15.375,right_hand,og,acc,3072975,"{""seq"":744,""x_mg"":68,""y_mg"":-32,""z_mg"":980}"
15.375,right_hand,og,tilt,,"{""roll_deg"":0.0,""pitch_deg"":-5.9,""steady"":true}"
15.406,right_hand,og,acc,3072996,"{""seq"":745,""x_mg"":72,""y_mg"":-20,""z_mg"":1008}"
15.406,right_hand,og,tilt,,"{""roll_deg"":0.0,""pitch_deg"":-5.9,""steady"":true}"
15.406,right_hand,og,acc,3073016,"{""seq"":746,""x_mg"":80,""y_mg"":-28,""z_mg"":992}"
15.406,right_hand,og,tilt,,"{""roll_deg"":0.0,""pitch_deg"":-5.9,""steady"":true}"
15.437,right_hand,og,acc,3073037,"{""seq"":747,""x_mg"":68,""y_mg"":-24,""z_mg"":996}"
15.437,right_hand,og,tilt,,"{""roll_deg"":0.0,""pitch_deg"":-5.9,""steady"":true}"
15.437,right_hand,og,acc,3073057,"{""seq"":748,""x_mg"":56,""y_mg"":-36,""z_mg"":988}"
15.437,right_hand,og,tilt,,"{""roll_deg"":0.0,""pitch_deg"":-5.9,""steady"":true}"
15.469,right_hand,og,acc,3073078,"{""seq"":749,""x_mg"":60,""y_mg"":-32,""z_mg"":996}"
15.469,right_hand,og,tilt,,"{""roll_deg"":0.0,""pitch_deg"":-5.9,""steady"":true}"
15.500,right_hand,og,acc,3073098,"{""seq"":750,""x_mg"":64,""y_mg"":-36,""z_mg"":996}"
15.500,right_hand,og,tilt,,"{""roll_deg"":0.0,""pitch_deg"":-5.9,""steady"":true}"
15.500,right_hand,og,acc,3073119,"{""seq"":751,""x_mg"":52,""y_mg"":-40,""z_mg"":996}"
15.500,right_hand,og,tilt,,"{""roll_deg"":0.0,""pitch_deg"":-5.9,""steady"":true}"
15.531,,game,drop,,"{""n"":5}"
15.531,right_hand,og,acc,3073140,"{""seq"":752,""x_mg"":48,""y_mg"":-36,""z_mg"":1000}"
15.531,right_hand,og,tilt,,"{""roll_deg"":0.0,""pitch_deg"":-5.9,""steady"":true}"
15.562,right_hand,og,acc,3073160,"{""seq"":753,""x_mg"":48,""y_mg"":-44,""z_mg"":996}"
15.562,right_hand,og,tilt,,"{""roll_deg"":0.0,""pitch_deg"":-5.9,""steady"":true}"
15.562,right_hand,og,acc,3073181,"{""seq"":754,""x_mg"":60,""y_mg"":-48,""z_mg"":1000}"
15.562,right_hand,og,tilt,,"{""roll_deg"":0.0,""pitch_deg"":-5.9,""steady"":true}"
15.578,right_hand,og,acc,3073201,"{""seq"":755,""x_mg"":52,""y_mg"":-44,""z_mg"":996}"
15.578,right_hand,og,tilt,,"{""roll_deg"":0.0,""pitch_deg"":-6.0,""steady"":true}"
15.609,right_hand,og,acc,3073222,"{""seq"":756,""x_mg"":44,""y_mg"":-20,""z_mg"":1004}"
15.609,right_hand,og,tilt,,"{""roll_deg"":0.0,""pitch_deg"":-6.0,""steady"":true}"
15.641,right_hand,og,acc,3073242,"{""seq"":757,""x_mg"":48,""y_mg"":-28,""z_mg"":992}"
15.641,right_hand,og,tilt,,"{""roll_deg"":0.0,""pitch_deg"":-6.1,""steady"":true}"
15.641,right_hand,og,acc,3073263,"{""seq"":758,""x_mg"":60,""y_mg"":-28,""z_mg"":996}"
15.641,right_hand,og,tilt,,"{""roll_deg"":0.0,""pitch_deg"":-6.1,""steady"":true}"
15.672,right_hand,og,acc,3073284,"{""seq"":759,""x_mg"":52,""y_mg"":-32,""z_mg"":992}"
15.672,right_hand,og,tilt,,"{""roll_deg"":0.0,""pitch_deg"":-6.1,""steady"":true}"
15.703,right_hand,og,acc,3073304,"{""seq"":760,""x_mg"":52,""y_mg"":-20,""z_mg"":992}"
15.703,right_hand,og,tilt,,"{""roll_deg"":0.0,""pitch_deg"":-6.2,""steady"":true}"
15.703,right_hand,og,acc,3073325,"{""seq"":761,""x_mg"":64,""y_mg"":-28,""z_mg"":996}"
15.703,right_hand,og,tilt,,"{""roll_deg"":0.0,""pitch_deg"":-6.2,""steady"":true}"
15.734,right_hand,og,acc,3073345,"{""seq"":762,""x_mg"":68,""y_mg"":-24,""z_mg"":1000}"
15.734,right_hand,og,tilt,,"{""roll_deg"":0.0,""pitch_deg"":-6.2,""steady"":true}"
15.750,right_hand,og,acc,3073366,"{""seq"":763,""x_mg"":60,""y_mg"":-40,""z_mg"":984}"
15.750,right_hand,og,tilt,,"{""roll_deg"":0.0,""pitch_deg"":-6.2,""steady"":true}"
15.750,right_hand,og,acc,3073386,"{""seq"":764,""x_mg"":52,""y_mg"":-52,""z_mg"":980}"
15.750,right_hand,og,tilt,,"{""roll_deg"":0.0,""pitch_deg"":-6.2,""steady"":true}"
15.781,right_hand,og,acc,3073407,"{""seq"":765,""x_mg"":56,""y_mg"":-44,""z_mg"":980}"
15.781,right_hand,og,tilt,,"{""roll_deg"":0.0,""pitch_deg"":-6.2,""steady"":true}"
15.812,right_hand,og,acc,3073428,"{""seq"":766,""x_mg"":48,""y_mg"":-48,""z_mg"":1004}"
15.812,right_hand,og,tilt,,"{""roll_deg"":0.0,""pitch_deg"":-6.2,""steady"":true}"
15.844,right_hand,og,acc,3073448,"{""seq"":767,""x_mg"":76,""y_mg"":-44,""z_mg"":1000}"
15.844,right_hand,og,tilt,,"{""roll_deg"":0.0,""pitch_deg"":-6.2,""steady"":true}"
15.844,right_hand,og,acc,3073469,"{""seq"":768,""x_mg"":72,""y_mg"":-20,""z_mg"":992}"
15.844,right_hand,og,tilt,,"{""roll_deg"":0.0,""pitch_deg"":-6.2,""steady"":true}"
15.875,right_hand,og,acc,3073489,"{""seq"":769,""x_mg"":72,""y_mg"":-4,""z_mg"":996}"
15.875,right_hand,og,tilt,,"{""roll_deg"":0.0,""pitch_deg"":-6.2,""steady"":true}"
15.906,right_hand,og,acc,3073510,"{""seq"":770,""x_mg"":64,""y_mg"":12,""z_mg"":1012}"
15.906,right_hand,og,tilt,,"{""roll_deg"":0.0,""pitch_deg"":-6.2,""steady"":true}"
15.906,right_hand,og,acc,3073530,"{""seq"":771,""x_mg"":64,""y_mg"":-4,""z_mg"":1004}"
15.906,right_hand,og,tilt,,"{""roll_deg"":0.0,""pitch_deg"":-6.2,""steady"":true}"
15.937,right_hand,og,acc,3073551,"{""seq"":772,""x_mg"":72,""y_mg"":-16,""z_mg"":1004}"
15.937,right_hand,og,tilt,,"{""roll_deg"":0.0,""pitch_deg"":-6.2,""steady"":true}"
15.953,right_hand,og,acc,3073571,"{""seq"":773,""x_mg"":68,""y_mg"":-16,""z_mg"":1004}"
15.953,right_hand,og,tilt,,"{""roll_deg"":0.0,""pitch_deg"":-6.2,""steady"":true}"
16.000,right_hand,og,acc,3073592,"{""seq"":774,""x_mg"":68,""y_mg"":0,""z_mg"":1000}"
16.000,right_hand,og,tilt,,"{""roll_deg"":0.0,""pitch_deg"":-6.2,""steady"":true}"
16.000,right_hand,og,acc,3073613,"{""seq"":775,""x_mg"":48,""y_mg"":8,""z_mg"":1000}"
16.000,right_hand,og,tilt,,"{""roll_deg"":0.2,""pitch_deg"":-6.2,""steady"":true}"
16.031,right_hand,og,acc,3073633,"{""seq"":776,""x_mg"":52,""y_mg"":16,""z_mg"":1004}"
16.031,right_hand,og,tilt,,"{""roll_deg"":0.4,""pitch_deg"":-6.2,""steady"":true}"
16.062,right_hand,og,acc,3073654,"{""seq"":777,""x_mg"":56,""y_mg"":4,""z_mg"":1000}"
16.062,right_hand,og,tilt,,"{""roll_deg"":0.6,""pitch_deg"":-6.2,""steady"":true}"
16.062,right_hand,og,acc,3073674,"{""seq"":778,""x_mg"":72,""y_mg"":-4,""z_mg"":1000}"
16.062,right_hand,og,tilt,,"{""roll_deg"":0.8,""pitch_deg"":-6.2,""steady"":true}"
16.094,right_hand,og,acc,3073695,"{""seq"":779,""x_mg"":72,""y_mg"":8,""z_mg"":996}"
16.094,right_hand,og,tilt,,"{""roll_deg"":0.9,""pitch_deg"":-6.2,""steady"":true}"
16.125,right_hand,og,acc,3073715,"{""seq"":780,""x_mg"":68,""y_mg"":8,""z_mg"":992}"
16.125,right_hand,og,tilt,,"{""roll_deg"":1.0,""pitch_deg"":-6.2,""steady"":true}"
16.125,right_hand,og,acc,3073736,"{""seq"":781,""x_mg"":68,""y_mg"":8,""z_mg"":1000}"
16.125,right_hand,og,tilt,,"{""roll_deg"":1.2,""pitch_deg"":-6.2,""steady"":true}"
16.156,right_hand,og,acc,3073757,"{""seq"":782,""x_mg"":76,""y_mg"":16,""z_mg"":980}"
16.156,right_hand,og,tilt,,"{""roll_deg"":1.3,""pitch_deg"":-6.2,""steady"":true}"
16.156,right_hand,og,acc,3073777,"{""seq"":783,""x_mg"":72,""y_mg"":20,""z_mg"":980}"
16.156,right_hand,og,tilt,,"{""roll_deg"":1.4,""pitch_deg"":-6.2,""steady"":true}"
16.172,right_hand,og,acc,3073798,"{""seq"":784,""x_mg"":56,""y_mg"":16,""z_mg"":980}"
16.172,right_hand,og,tremor,,"{""rms_mg"":9.5,""peak_hz"":4.9}"
16.172,right_hand,og,tilt,,"{""roll_deg"":1.6,""pitch_deg"":-6.2,""steady"":true}"
16.203,right_hand,og,acc,3073818,"{""seq"":785,""x_mg"":52,""y_mg"":4,""z_mg"":988}"
16.203,right_hand,og,tilt,,"{""roll_deg"":1.7,""pitch_deg"":-6.2,""steady"":true}"
16.234,right_hand,og,acc,3073839,"{""seq"":786,""x_mg"":52,""y_mg"":-8,""z_mg"":996}"
16.234,right_hand,og,tilt,,"{""roll_deg"":1.7,""pitch_deg"":-6.2,""steady"":true}"
16.234,right_hand,og,acc,3073859,"{""seq"":787,""x_mg"":48,""y_mg"":-12,""z_mg"":1000}"
16.234,right_hand,og,tilt,,"{""roll_deg"":1.7,""pitch_deg"":-6.2,""steady"":true}"
16.266,right_hand,og,acc,3073880,"{""seq"":788,""x_mg"":40,""y_mg"":-12,""z_mg"":1000}"
16.266,right_hand,og,tilt,,"{""roll_deg"":1.7,""pitch_deg"":-6.2,""steady"":true}"
16.297,right_hand,og,acc,3073900,"{""seq"":789,""x_mg"":48,""y_mg"":-28,""z_mg"":1004}"
16.297,right_hand,og,tilt,,"{""roll_deg"":1.7,""pitch_deg"":-6.2,""steady"":true}"
16.297,right_hand,og,acc,3073921,"{""seq"":790,""x_mg"":68,""y_mg"":-32,""z_mg"":1000}"
16.297,right_hand,og,tilt,,"{""roll_deg"":1.7,""pitch_deg"":-6.2,""steady"":true}"
16.328,right_hand,og,acc,3073942,"{""seq"":791,""x_mg"":72,""y_mg"":4,""z_mg"":980}"
16.328,right_hand,og,tilt,,"{""roll_deg"":1.7,""pitch_deg"":-6.2,""steady"":true}"
16.359,right_hand,og,acc,3073962,"{""seq"":792,""x_mg"":68,""y_mg"":44,""z_mg"":984}"
16.359,right_hand,og,tilt,,"{""roll_deg"":1.7,""pitch_deg"":-6.2,""steady"":true}"
16.359,right_hand,og,acc,3073983,"{""seq"":793,""x_mg"":76,""y_mg"":68,""z_mg"":988}"
16.359,right_hand,og,tilt,,"{""roll_deg"":1.7,""pitch_deg"":-6.2,""steady"":true}"
16.391,right_hand,og,acc,3074003,"{""seq"":794,""x_mg"":80,""y_mg"":76,""z_mg"":980}"
16.391,right_hand,og,tilt,,"{""roll_deg"":2.0,""pitch_deg"":-6.2,""steady"":true}"
16.406,right_hand,og,acc,3074024,"{""seq"":795,""x_mg"":96,""y_mg"":92,""z_mg"":976}"
16.406,right_hand,og,tilt,,"{""roll_deg"":2.7,""pitch_deg"":-6.2,""steady"":true}"
16.437,right_hand,og,acc,3074044,"{""seq"":796,""x_mg"":96,""y_mg"":92,""z_mg"":960}"
16.437,right_hand,og,tilt,,"{""roll_deg"":3.4,""pitch_deg"":-6.2,""steady"":true}"
16.437,right_hand,og,acc,3074065,"{""seq"":797,""x_mg"":104,""y_mg"":92,""z_mg"":964}"
16.437,right_hand,og,tilt,,"{""roll_deg"":4.2,""pitch_deg"":-6.1,""steady"":true}"
16.484,right_hand,og,acc,3074086,"{""seq"":798,""x_mg"":108,""y_mg"":100,""z_mg"":980}"
16.484,right_hand,og,tilt,,"{""roll_deg"":4.8,""pitch_deg"":-5.8,""steady"":true}"
16.516,right_hand,og,acc,3074106,"{""seq"":799,""x_mg"":104,""y_mg"":96,""z_mg"":972}"
16.516,right_hand,og,tilt,,"{""roll_deg"":5.3,""pitch_deg"":-5.5,""steady"":true}"
16.516,right_hand,og,acc,3074127,"{""seq"":800,""x_mg"":120,""y_mg"":88,""z_mg"":972}"
16.516,right_hand,og,tilt,,"{""roll_deg"":5.7,""pitch_deg"":-5.3,""steady"":true}"
16.547,right_hand,og,acc,3074147,"{""seq"":801,""x_mg"":112,""y_mg"":88,""z_mg"":984}"
16.547,right_hand,og,tilt,,"{""roll_deg"":5.9,""pitch_deg"":-5.0,""steady"":true}"
16.578,right_hand,og,acc,3074168,"{""seq"":802,""x_mg"":108,""y_mg"":88,""z_mg"":984}"
16.578,right_hand,og,tilt,,"{""roll_deg"":6.0,""pitch_deg"":-4.8,""steady"":true}"
16.578,right_hand,og,acc,3074188,"{""seq"":803,""x_mg"":104,""y_mg"":80,""z_mg"":968}"
16.578,right_hand,og,tilt,,"{""roll_deg"":6.1,""pitch_deg"":-4.7,""steady"":true}"
16.594,right_hand,og,acc,3074209,"{""seq"":804,""x_mg"":104,""y_mg"":60,""z_mg"":980}"
16.594,right_hand,og,tilt,,"{""roll_deg"":6.1,""pitch_deg"":-4.6,""steady"":true}"
16.625,right_hand,og,acc,3074230,"{""seq"":805,""x_mg"":96,""y_mg"":52,""z_mg"":992}"
16.625,right_hand,og,tilt,,"{""roll_deg"":6.1,""pitch_deg"":-4.5,""steady"":true}"
16.656,right_hand,og,acc,3074250,"{""seq"":806,""x_mg"":96,""y_mg"":48,""z_mg"":984}"
16.656,right_hand,og,tilt,,"{""roll_deg"":6.1,""pitch_deg"":-4.5,""steady"":true}"
16.656,right_hand,og,acc,3074271,"{""seq"":807,""x_mg"":92,""y_mg"":36,""z_mg"":988}"
16.656,right_hand,og,tilt,,"{""roll_deg"":6.1,""pitch_deg"":-4.5,""steady"":true}"
16.687,right_hand,og,acc,3074291,"{""seq"":808,""x_mg"":92,""y_mg"":28,""z_mg"":992}"
16.687,right_hand,og,tilt,,"{""roll_deg"":6.1,""pitch_deg"":-4.5,""steady"":true}"
16.719,right_hand,og,acc,3074312,"{""seq"":809,""x_mg"":72,""y_mg"":16,""z_mg"":984}"
16.719,right_hand,og,tilt,,"{""roll_deg"":6.0,""pitch_deg"":-4.5,""steady"":true}"
16.719,right_hand,og,acc,3074332,"{""seq"":810,""x_mg"":64,""y_mg"":16,""z_mg"":1000}"
16.719,right_hand,og,tilt,,"{""roll_deg"":5.7,""pitch_deg"":-4.5,""steady"":true}"
16.750,right_hand,og,acc,3074353,"{""seq"":811,""x_mg"":64,""y_mg"":0,""z_mg"":996}"
16.750,right_hand,og,tilt,,"{""roll_deg"":5.4,""pitch_deg"":-4.5,""steady"":true}"
16.750,right_hand,og,acc,3074374,"{""seq"":812,""x_mg"":68,""y_mg"":12,""z_mg"":992}"
16.750,right_hand,og,tilt,,"{""roll_deg"":5.0,""pitch_deg"":-4.5,""steady"":true}"
16.781,right_hand,og,acc,3074394,"{""seq"":813,""x_mg"":72,""y_mg"":24,""z_mg"":992}"
16.781,right_hand,og,tilt,,"{""roll_deg"":4.7,""pitch_deg"":-4.5,""steady"":true}"
16.812,right_hand,og,acc,3074415,"{""seq"":814,""x_mg"":72,""y_mg"":32,""z_mg"":988}"
16.812,right_hand,og,tilt,,"{""roll_deg"":4.5,""pitch_deg"":-4.5,""steady"":true}"
16.828,right_hand,og,acc,3074435,"{""seq"":815,""x_mg"":76,""y_mg"":32,""z_mg"":1000}"
16.828,right_hand,og,tilt,,"{""roll_deg"":4.5,""pitch_deg"":-4.5,""steady"":true}"
16.859,right_hand,og,acc,3074456,"{""seq"":816,""x_mg"":56,""y_mg"":32,""z_mg"":1000}"
16.859,right_hand,og,tilt,,"{""roll_deg"":4.4,""pitch_deg"":-4.5,""steady"":true}"
16.859,right_hand,og,acc,3074476,"{""seq"":817,""x_mg"":64,""y_mg"":28,""z_mg"":992}"
16.859,right_hand,og,tilt,,"{""roll_deg"":4.4,""pitch_deg"":-4.7,""steady"":true}"
16.891,right_hand,og,acc,3074497,"{""seq"":818,""x_mg"":72,""y_mg"":20,""z_mg"":988}"
16.891,right_hand,og,tilt,,"{""roll_deg"":4.3,""pitch_deg"":-4.8,""steady"":true}"
16.922,right_hand,og,acc,3074517,"{""seq"":819,""x_mg"":72,""y_mg"":36,""z_mg"":984}"
16.922,right_hand,og,tilt,,"{""roll_deg"":4.2,""pitch_deg"":-4.8,""steady"":true}"
16.922,right_hand,og,acc,3074538,"{""seq"":820,""x_mg"":76,""y_mg"":24,""z_mg"":984}"
16.922,right_hand,og,tilt,,"{""roll_deg"":4.1,""pitch_deg"":-4.9,""steady"":true}"
16.953,right_hand,og,acc,3074559,"{""seq"":821,""x_mg"":72,""y_mg"":24,""z_mg"":988}"
16.953,right_hand,og,tilt,,"{""roll_deg"":4.1,""pitch_deg"":-4.9,""steady"":true}"
16.953,right_hand,og,acc,3074579,"{""seq"":822,""x_mg"":96,""y_mg"":28,""z_mg"":980}"
16.953,right_hand,og,tilt,,"{""roll_deg"":4.0,""pitch_deg"":-4.9,""steady"":true}"
16.984,right_hand,og,acc,3074600,"{""seq"":823,""x_mg"":76,""y_mg"":48,""z_mg"":988}"
16.984,right_hand,og,tilt,,"{""roll_deg"":4.0,""pitch_deg"":-4.9,""steady"":true}"
17.000,right_hand,og,acc,3074620,"{""seq"":824,""x_mg"":88,""y_mg"":52,""z_mg"":984}"
17.000,right_hand,og,tilt,,"{""roll_deg"":4.0,""pitch_deg"":-4.9,""steady"":true}"
17.031,right_hand,og,acc,3074641,"{""seq"":825,""x_mg"":80,""y_mg"":52,""z_mg"":976}"
17.031,right_hand,og,tilt,,"{""roll_deg"":4.0,""pitch_deg"":-4.9,""steady"":true}"
17.031,right_hand,og,acc,3074661,"{""seq"":826,""x_mg"":96,""y_mg"":48,""z_mg"":980}"
17.031,right_hand,og,tilt,,"{""roll_deg"":4.0,""pitch_deg"":-4.9,""steady"":true}"
17.062,right_hand,og,acc,3074682,"{""seq"":827,""x_mg"":88,""y_mg"":36,""z_mg"":972}"
17.062,right_hand,og,tilt,,"{""roll_deg"":4.0,""pitch_deg"":-4.9,""steady"":true}"
17.094,right_hand,og,acc,3074703,"{""seq"":828,""x_mg"":100,""y_mg"":40,""z_mg"":984}"
17.094,right_hand,og,tilt,,"{""roll_deg"":4.0,""pitch_deg"":-4.9,""steady"":true}"
17.094,right_hand,og,acc,3074723,"{""seq"":829,""x_mg"":88,""y_mg"":36,""z_mg"":980}"
17.094,right_hand,og,tilt,,"{""roll_deg"":4.0,""pitch_deg"":-4.9,""steady"":true}"
17.125,right_hand,og,acc,3074744,"{""seq"":830,""x_mg"":96,""y_mg"":48,""z_mg"":976}"
17.125,right_hand,og,tilt,,"{""roll_deg"":4.0,""pitch_deg"":-4.9,""steady"":true}"
17.156,right_hand,og,acc,3074764,"{""seq"":831,""x_mg"":92,""y_mg"":76,""z_mg"":984}"
17.156,right_hand,og,tilt,,"{""roll_deg"":4.0,""pitch_deg"":-4.9,""steady"":true}"
17.156,right_hand,og,acc,3074785,"{""seq"":832,""x_mg"":96,""y_mg"":68,""z_mg"":976}"
17.156,right_hand,og,tilt,,"{""roll_deg"":4.0,""pitch_deg"":-4.9,""steady"":true}"
17.203,right_hand,og,acc,3074805,"{""seq"":833,""x_mg"":92,""y_mg"":28,""z_mg"":988}"
17.203,right_hand,og,tilt,,"{""roll_deg"":4.0,""pitch_deg"":-4.9,""steady"":true}"
17.219,right_hand,og,acc,3074826,"{""seq"":834,""x_mg"":92,""y_mg"":-12,""z_mg"":1000}"
17.219,right_hand,og,tilt,,"{""roll_deg"":4.0,""pitch_deg"":-4.9,""steady"":true}"
17.219,right_hand,og,acc,3074847,"{""seq"":835,""x_mg"":96,""y_mg"":-52,""z_mg"":992}"
17.219,right_hand,og,tilt,,"{""roll_deg"":4.0,""pitch_deg"":-4.9,""steady"":true}"
17.250,right_hand,og,acc,3074867,"{""seq"":836,""x_mg"":76,""y_mg"":68,""z_mg"":984}"
17.250,right_hand,og,tilt,,"{""roll_deg"":4.0,""pitch_deg"":-4.9,""steady"":true}"
17.281,right_hand,og,acc,3074888,"{""seq"":837,""x_mg"":68,""y_mg"":196,""z_mg"":992}"
17.281,right_hand,og,tilt,,"{""roll_deg"":4.0,""pitch_deg"":-4.9,""steady"":true}"
17.312,right_hand,og,acc,3074908,"{""seq"":838,""x_mg"":60,""y_mg"":192,""z_mg"":996}"
17.312,right_hand,og,tilt,,"{""roll_deg"":4.8,""pitch_deg"":-4.9,""steady"":true}"
17.312,right_hand,og,acc,3074929,"{""seq"":839,""x_mg"":72,""y_mg"":152,""z_mg"":1008}"
17.312,right_hand,og,tilt,,"{""roll_deg"":6.5,""pitch_deg"":-4.9,""steady"":true}"
17.344,right_hand,og,acc,3074949,"{""seq"":840,""x_mg"":76,""y_mg"":52,""z_mg"":1000}"
17.344,right_hand,og,tilt,,"{""roll_deg"":7.3,""pitch_deg"":-4.9,""steady"":true}"
17.359,,game,brick,,"{""n"":10}"
17.375,right_hand,og,acc,3074970,"{""seq"":841,""x_mg"":76,""y_mg"":32,""z_mg"":984}"
17.375,right_hand,og,tilt,,"{""roll_deg"":7.3,""pitch_deg"":-4.9,""steady"":true}"
17.375,right_hand,og,acc,3074991,"{""seq"":842,""x_mg"":80,""y_mg"":164,""z_mg"":968}"
17.375,right_hand,og,tilt,,"{""roll_deg"":7.2,""pitch_deg"":-4.9,""steady"":true}"
17.406,right_hand,og,acc,3075011,"{""seq"":843,""x_mg"":76,""y_mg"":196,""z_mg"":976}"
17.406,right_hand,og,tilt,,"{""roll_deg"":7.2,""pitch_deg"":-4.9,""steady"":true}"
17.422,right_hand,og,acc,3075032,"{""seq"":844,""x_mg"":76,""y_mg"":184,""z_mg"":964}"
17.422,right_hand,og,tilt,,"{""roll_deg"":8.4,""pitch_deg"":-4.9,""steady"":true}"
17.422,right_hand,og,acc,3075052,"{""seq"":845,""x_mg"":80,""y_mg"":200,""z_mg"":956}"
17.422,right_hand,og,tilt,,"{""roll_deg"":9.4,""pitch_deg"":-4.9,""steady"":true}"
17.453,right_hand,og,acc,3075073,"{""seq"":846,""x_mg"":80,""y_mg"":196,""z_mg"":964}"
17.453,right_hand,og,tilt,,"{""roll_deg"":10.3,""pitch_deg"":-4.9,""steady"":true}"
17.484,right_hand,og,acc,3075093,"{""seq"":847,""x_mg"":84,""y_mg"":172,""z_mg"":968}"
17.484,right_hand,og,tilt,,"{""roll_deg"":11.0,""pitch_deg"":-4.9,""steady"":true}"
17.516,right_hand,og,acc,3075114,"{""seq"":848,""x_mg"":104,""y_mg"":132,""z_mg"":944}"
17.516,right_hand,og,tilt,,"{""roll_deg"":11.1,""pitch_deg"":-4.9,""steady"":true}"
17.516,right_hand,og,acc,3075135,"{""seq"":849,""x_mg"":96,""y_mg"":164,""z_mg"":948}"
17.516,right_hand,og,tilt,,"{""roll_deg"":11.1,""pitch_deg"":-4.9,""steady"":true}"
17.547,right_hand,og,acc,3075155,"{""seq"":850,""x_mg"":80,""y_mg"":292,""z_mg"":932}"
17.547,right_hand,og,tilt,,"{""roll_deg"":11.2,""pitch_deg"":-4.9,""steady"":true}"
17.578,right_hand,og,acc,3075176,"{""seq"":851,""x_mg"":76,""y_mg"":328,""z_mg"":940}"
17.578,right_hand,og,tilt,,"{""roll_deg"":13.2,""pitch_deg"":-4.9,""steady"":true}"
17.578,right_hand,og,acc,3075196,"{""seq"":852,""x_mg"":76,""y_mg"":332,""z_mg"":928}"
17.578,right_hand,og,tilt,,"{""roll_deg"":15.4,""pitch_deg"":-4.9,""steady"":true}"
17.609,right_hand,og,acc,3075217,"{""seq"":853,""x_mg"":84,""y_mg"":236,""z_mg"":924}"
17.609,right_hand,og,tilt,,"{""roll_deg"":17.1,""pitch_deg"":-4.9,""steady"":true}"
17.609,right_hand,og,acc,3075237,"{""seq"":854,""x_mg"":80,""y_mg"":244,""z_mg"":932}"
17.609,right_hand,og,tilt,,"{""roll_deg"":17.1,""pitch_deg"":-4.9,""steady"":true}"
17.641,right_hand,og,acc,3075258,"{""seq"":855,""x_mg"":84,""y_mg"":332,""z_mg"":924}"
17.641,right_hand,og,tilt,,"{""roll_deg"":17.1,""pitch_deg"":-4.9,""steady"":true}"
17.672,right_hand,og,acc,3075278,"{""seq"":856,""x_mg"":72,""y_mg"":408,""z_mg"":904}"
17.672,right_hand,og,tilt,,"{""roll_deg"":17.8,""pitch_deg"":-4.9,""steady"":true}"
17.672,right_hand,og,acc,3075299,"{""seq"":857,""x_mg"":76,""y_mg"":436,""z_mg"":904}"
17.672,right_hand,og,tilt,,"{""roll_deg"":20.4,""pitch_deg"":-4.9,""steady"":true}"
17.703,right_hand,og,acc,3075320,"{""seq"":858,""x_mg"":68,""y_mg"":412,""z_mg"":908}"
17.703,right_hand,og,tilt,,"{""roll_deg"":22.2,""pitch_deg"":-4.9,""steady"":true}"
17.734,right_hand,og,acc,3075340,"{""seq"":859,""x_mg"":76,""y_mg"":404,""z_mg"":904}"
17.734,right_hand,og,tilt,,"{""roll_deg"":23.4,""pitch_deg"":-4.9,""steady"":true}"
17.734,right_hand,og,acc,3075361,"{""seq"":860,""x_mg"":76,""y_mg"":404,""z_mg"":940}"
17.734,right_hand,og,tilt,,"{""roll_deg"":24.0,""pitch_deg"":-4.9,""steady"":true}"
17.766,right_hand,og,acc,3075381,"{""seq"":861,""x_mg"":88,""y_mg"":272,""z_mg"":932}"
17.766,right_hand,og,tilt,,"{""roll_deg"":24.2,""pitch_deg"":-4.9,""steady"":true}"
17.812,right_hand,og,acc,3075402,"{""seq"":862,""x_mg"":104,""y_mg"":216,""z_mg"":960}"
17.812,right_hand,og,tilt,,"{""roll_deg"":23.5,""pitch_deg"":-4.9,""steady"":true}"
17.812,right_hand,og,acc,3075422,"{""seq"":863,""x_mg"":84,""y_mg"":184,""z_mg"":972}"
17.812,right_hand,og,tilt,,"{""roll_deg"":22.4,""pitch_deg"":-4.9,""steady"":true}"
17.844,right_hand,og,acc,3075443,"{""seq"":864,""x_mg"":96,""y_mg"":144,""z_mg"":972}"
17.844,right_hand,og,tilt,,"{""roll_deg"":21.3,""pitch_deg"":-4.9,""steady"":true}"
17.875,right_hand,og,acc,3075464,"{""seq"":865,""x_mg"":104,""y_mg"":192,""z_mg"":976}"
17.875,right_hand,og,tilt,,"{""roll_deg"":19.7,""pitch_deg"":-4.9,""steady"":true}"
17.875,right_hand,og,acc,3075484,"{""seq"":866,""x_mg"":68,""y_mg"":228,""z_mg"":972}"
17.875,right_hand,og,tilt,,"{""roll_deg"":18.2,""pitch_deg"":-4.9,""steady"":true}"
17.906,right_hand,og,acc,3075505,"{""seq"":867,""x_mg"":64,""y_mg"":232,""z_mg"":976}"
17.906,right_hand,og,tilt,,"{""roll_deg"":17.5,""pitch_deg"":-4.9,""steady"":true}"
17.906,right_hand,og,acc,3075525,"{""seq"":868,""x_mg"":72,""y_mg"":220,""z_mg"":972}"
17.906,right_hand,og,tilt,,"{""roll_deg"":17.0,""pitch_deg"":-4.9,""steady"":true}"
17.937,right_hand,og,acc,3075546,"{""seq"":869,""x_mg"":76,""y_mg"":220,""z_mg"":964}"
17.937,right_hand,og,tilt,,"{""roll_deg"":16.5,""pitch_deg"":-4.9,""steady"":true}"
17.969,right_hand,og,acc,3075566,"{""seq"":870,""x_mg"":72,""y_mg"":232,""z_mg"":956}"
17.969,right_hand,og,tilt,,"{""roll_deg"":16.2,""pitch_deg"":-4.9,""steady"":true}"
17.969,right_hand,og,acc,3075587,"{""seq"":871,""x_mg"":76,""y_mg"":208,""z_mg"":956}"
17.969,right_hand,og,tilt,,"{""roll_deg"":15.9,""pitch_deg"":-4.9,""steady"":true}"
18.000,right_hand,og,acc,3075608,"{""seq"":872,""x_mg"":64,""y_mg"":144,""z_mg"":972}"
18.000,right_hand,og,tilt,,"{""roll_deg"":15.6,""pitch_deg"":-4.9,""steady"":true}"
18.031,right_hand,og,acc,3075628,"{""seq"":873,""x_mg"":76,""y_mg"":60,""z_mg"":972}"
18.031,right_hand,og,tilt,,"{""roll_deg"":14.4,""pitch_deg"":-4.9,""steady"":true}"
18.031,right_hand,og,acc,3075649,"{""seq"":874,""x_mg"":92,""y_mg"":-4,""z_mg"":976}"
18.031,right_hand,og,tilt,,"{""roll_deg"":11.7,""pitch_deg"":-4.9,""steady"":true}"
18.047,right_hand,og,acc,3075669,"{""seq"":875,""x_mg"":84,""y_mg"":0,""z_mg"":972}"
18.047,right_hand,og,tilt,,"{""roll_deg"":8.5,""pitch_deg"":-4.9,""steady"":true}"
18.078,right_hand,og,acc,3075690,"{""seq"":876,""x_mg"":72,""y_mg"":20,""z_mg"":964}"
18.078,right_hand,og,tilt,,"{""roll_deg"":6.2,""pitch_deg"":-4.9,""steady"":true}"
18.109,right_hand,og,acc,3075710,"{""seq"":877,""x_mg"":64,""y_mg"":-104,""z_mg"":968}"
18.109,right_hand,og,tilt,,"{""roll_deg"":4.8,""pitch_deg"":-4.9,""steady"":true}"
18.141,right_hand,og,acc,3075731,"{""seq"":878,""x_mg"":92,""y_mg"":-264,""z_mg"":992}"
18.141,right_hand,og,tilt,,"{""roll_deg"":1.4,""pitch_deg"":-4.9,""steady"":true}"
18.141,right_hand,og,acc,3075752,"{""seq"":879,""x_mg"":108,""y_mg"":-292,""z_mg"":988}"
18.141,right_hand,og,tilt,,"{""roll_deg"":-4.7,""pitch_deg"":-4.9,""steady"":true}"
18.172,right_hand,og,acc,3075772,"{""seq"":880,""x_mg"":92,""y_mg"":-308,""z_mg"":988}"
18.172,right_hand,og,tilt,,"{""roll_deg"":-8.9,""pitch_deg"":-4.9,""steady"":true}"
18.172,right_hand,og,acc,3075793,"{""seq"":881,""x_mg"":84,""y_mg"":-304,""z_mg"":968}"
18.172,right_hand,og,tilt,,"{""roll_deg"":-11.7,""pitch_deg"":-4.9,""steady"":true}"
18.203,right_hand,og,acc,3075813,"{""seq"":882,""x_mg"":84,""y_mg"":-256,""z_mg"":984}"
18.203,right_hand,og,tremor,,"{""rms_mg"":12.7,""peak_hz"":4.4}"
18.203,right_hand,og,tilt,,"{""roll_deg"":-13.1,""pitch_deg"":-4.9,""steady"":true}"
18.234,right_hand,og,acc,3075834,"{""seq"":883,""x_mg"":92,""y_mg"":-232,""z_mg"":980}"
18.234,right_hand,og,tilt,,"{""roll_deg"":-13.1,""pitch_deg"":-4.9,""steady"":true}"
18.234,right_hand,og,acc,3075854,"{""seq"":884,""x_mg"":84,""y_mg"":-240,""z_mg"":964}"
18.234,right_hand,og,tilt,,"{""roll_deg"":-13.1,""pitch_deg"":-4.9,""steady"":true}"
18.250,right_hand,og,acc,3075875,"{""seq"":885,""x_mg"":84,""y_mg"":-244,""z_mg"":944}"
18.250,right_hand,og,tilt,,"{""roll_deg"":-12.9,""pitch_deg"":-4.9,""steady"":true}"
18.281,right_hand,og,acc,3075895,"{""seq"":886,""x_mg"":80,""y_mg"":-228,""z_mg"":960}"
18.281,right_hand,og,tilt,,"{""roll_deg"":-12.8,""pitch_deg"":-4.9,""steady"":true}"
18.312,right_hand,og,acc,3075916,"{""seq"":887,""x_mg"":96,""y_mg"":-308,""z_mg"":952}"
18.312,right_hand,og,tilt,,"{""roll_deg"":-12.8,""pitch_deg"":-4.9,""steady"":true}"
18.312,right_hand,og,acc,3075937,"{""seq"":888,""x_mg"":108,""y_mg"":-384,""z_mg"":940}"
18.312,right_hand,og,tilt,,"{""roll_deg"":-13.1,""pitch_deg"":-4.9,""steady"":true}"
18.344,right_hand,og,acc,3075957,"{""seq"":889,""x_mg"":108,""y_mg"":-420,""z_mg"":936}"
18.344,right_hand,og,tilt,,"{""roll_deg"":-15.3,""pitch_deg"":-4.9,""steady"":true}"
18.375,right_hand,og,acc,3075978,"{""seq"":890,""x_mg"":96,""y_mg"":-376,""z_mg"":948}"
18.375,right_hand,og,tilt,,"{""roll_deg"":-16.9,""pitch_deg"":-4.9,""steady"":true}"
18.375,right_hand,og,acc,3075998,"{""seq"":891,""x_mg"":100,""y_mg"":-348,""z_mg"":960}"
18.375,right_hand,og,tilt,,"{""roll_deg"":-17.6,""pitch_deg"":-4.9,""steady"":true}"
18.406,right_hand,og,acc,3076019,"{""seq"":892,""x_mg"":116,""y_mg"":-304,""z_mg"":944}"
18.406,right_hand,og,tilt,,"{""roll_deg"":-17.6,""pitch_deg"":-4.9,""steady"":true}"
18.437,right_hand,og,acc,3076039,"{""seq"":893,""x_mg"":132,""y_mg"":-312,""z_mg"":956}"
18.437,right_hand,og,tilt,,"{""roll_deg"":-17.6,""pitch_deg"":-4.9,""steady"":true}"
18.437,right_hand,og,acc,3076060,"{""seq"":894,""x_mg"":120,""y_mg"":-284,""z_mg"":940}"
18.437,right_hand,og,tilt,,"{""roll_deg"":-17.5,""pitch_deg"":-4.6,""steady"":true}"
18.453,right_hand,og,acc,3076081,"{""seq"":895,""x_mg"":104,""y_mg"":-264,""z_mg"":948}"
18.453,right_hand,og,tilt,,"{""roll_deg"":-17.0,""pitch_deg"":-4.4,""steady"":true}"
18.484,right_hand,og,acc,3076101,"{""seq"":896,""x_mg"":116,""y_mg"":-224,""z_mg"":940}"
18.484,right_hand,og,tilt,,"{""roll_deg"":-16.6,""pitch_deg"":-4.3,""steady"":true}"
18.516,right_hand,og,acc,3076122,"{""seq"":897,""x_mg"":160,""y_mg"":-232,""z_mg"":952}"
18.516,right_hand,og,tilt,,"{""roll_deg"":-16.1,""pitch_deg"":-4.1,""steady"":true}"
18.516,right_hand,og,acc,3076142,"{""seq"":898,""x_mg"":144,""y_mg"":-260,""z_mg"":956}"
18.516,right_hand,og,tilt,,"{""roll_deg"":-15.8,""pitch_deg"":-3.8,""steady"":true}"
18.547,right_hand,og,acc,3076163,"{""seq"":899,""x_mg"":104,""y_mg"":-284,""z_mg"":964}"
18.547,right_hand,og,tilt,,"{""roll_deg"":-15.6,""pitch_deg"":-3.5,""steady"":true}"
18.578,right_hand,og,acc,3076183,"{""seq"":900,""x_mg"":92,""y_mg"":-312,""z_mg"":972}"
18.578,right_hand,og,tilt,,"{""roll_deg"":-15.5,""pitch_deg"":-3.5,""steady"":true}"
18.578,right_hand,og,acc,3076204,"{""seq"":901,""x_mg"":88,""y_mg"":-336,""z_mg"":968}"
18.578,right_hand,og,tilt,,"{""roll_deg"":-15.5,""pitch_deg"":-3.5,""steady"":true}"
18.625,right_hand,og,acc,3076225,"{""seq"":902,""x_mg"":76,""y_mg"":-336,""z_mg"":952}"
18.625,right_hand,og,tilt,,"{""roll_deg"":-15.5,""pitch_deg"":-3.5,""steady"":true}"
18.656,right_hand,og,acc,3076245,"{""seq"":903,""x_mg"":52,""y_mg"":-320,""z_mg"":944}"
18.656,right_hand,og,tilt,,"{""roll_deg"":-15.5,""pitch_deg"":-3.5,""steady"":true}"
18.656,right_hand,og,acc,3076266,"{""seq"":904,""x_mg"":24,""y_mg"":-308,""z_mg"":936}"
18.656,right_hand,og,tilt,,"{""roll_deg"":-15.5,""pitch_deg"":-3.5,""steady"":true}"
18.672,right_hand,og,acc,3076286,"{""seq"":905,""x_mg"":16,""y_mg"":-328,""z_mg"":932}"
18.672,right_hand,og,tilt,,"{""roll_deg"":-15.5,""pitch_deg"":-4.1,""steady"":true}"
18.703,,game,drop,,"{""n"":6}"
18.703,right_hand,og,acc,3076307,"{""seq"":906,""x_mg"":16,""y_mg"":-372,""z_mg"":900}"
18.703,right_hand,og,tilt,,"{""roll_deg"":-15.6,""pitch_deg"":-4.9,""steady"":true}"
18.734,right_hand,og,acc,3076327,"{""seq"":907,""x_mg"":16,""y_mg"":-384,""z_mg"":932}"
18.734,right_hand,og,tilt,,"{""roll_deg"":-16.3,""pitch_deg"":-5.6,""steady"":true}"
18.734,right_hand,og,acc,3076348,"{""seq"":908,""x_mg"":-4,""y_mg"":-384,""z_mg"":932}"
18.734,right_hand,og,tilt,,"{""roll_deg"":-17.0,""pitch_deg"":-6.2,""steady"":true}"
18.766,right_hand,og,acc,3076369,"{""seq"":909,""x_mg"":-16,""y_mg"":-372,""z_mg"":948}"
18.766,right_hand,og,tilt,,"{""roll_deg"":-17.7,""pitch_deg"":-7.0,""steady"":true}"
18.797,right_hand,og,acc,3076389,"{""seq"":910,""x_mg"":0,""y_mg"":-368,""z_mg"":948}"
18.797,right_hand,og,tilt,,"{""roll_deg"":-18.0,""pitch_deg"":-7.6,""steady"":true}"
18.797,right_hand,og,acc,3076410,"{""seq"":911,""x_mg"":0,""y_mg"":-376,""z_mg"":952}"
18.797,right_hand,og,tilt,,"{""roll_deg"":-18.2,""pitch_deg"":-8.0,""steady"":true}"
18.828,right_hand,og,acc,3076430,"{""seq"":912,""x_mg"":-12,""y_mg"":-396,""z_mg"":960}"
18.828,right_hand,og,tilt,,"{""roll_deg"":-18.4,""pitch_deg"":-8.3,""steady"":true}"
18.828,right_hand,og,acc,3076451,"{""seq"":913,""x_mg"":-16,""y_mg"":-404,""z_mg"":956}"
18.828,right_hand,og,tilt,,"{""roll_deg"":-18.8,""pitch_deg"":-8.7,""steady"":true}"
18.859,right_hand,og,acc,3076471,"{""seq"":914,""x_mg"":-20,""y_mg"":-384,""z_mg"":976}"
18.859,right_hand,og,tilt,,"{""roll_deg"":-19.1,""pitch_deg"":-9.0,""steady"":true}"
18.875,right_hand,og,acc,3076492,"{""seq"":915,""x_mg"":-8,""y_mg"":-356,""z_mg"":960}"
18.875,right_hand,og,tilt,,"{""roll_deg"":-19.1,""pitch_deg"":-9.3,""steady"":true}"
18.906,right_hand,og,acc,3076512,"{""seq"":916,""x_mg"":-4,""y_mg"":-340,""z_mg"":964}"
18.906,right_hand,og,tilt,,"{""roll_deg"":-19.1,""pitch_deg"":-9.4,""steady"":true}"
18.906,right_hand,og,acc,3076533,"{""seq"":917,""x_mg"":-4,""y_mg"":-344,""z_mg"":964}"
18.906,right_hand,og,tilt,,"{""roll_deg"":-19.1,""pitch_deg"":-9.4,""steady"":true}"
18.937,right_hand,og,acc,3076554,"{""seq"":918,""x_mg"":4,""y_mg"":-348,""z_mg"":948}"
18.937,right_hand,og,tilt,,"{""roll_deg"":-19.1,""pitch_deg"":-9.5,""steady"":true}"
18.969,right_hand,og,acc,3076574,"{""seq"":919,""x_mg"":20,""y_mg"":-344,""z_mg"":936}"
18.969,right_hand,og,tilt,,"{""roll_deg"":-19.1,""pitch_deg"":-9.5,""steady"":true}"
18.969,right_hand,og,acc,3076595,"{""seq"":920,""x_mg"":28,""y_mg"":-336,""z_mg"":936}"
18.969,right_hand,og,tilt,,"{""roll_deg"":-19.1,""pitch_deg"":-9.5,""steady"":true}"
19.000,right_hand,og,acc,3076615,"{""seq"":921,""x_mg"":36,""y_mg"":-324,""z_mg"":940}"
19.000,right_hand,og,tilt,,"{""roll_deg"":-19.1,""pitch_deg"":-9.5,""steady"":true}"
19.031,right_hand,og,acc,3076636,"{""seq"":922,""x_mg"":40,""y_mg"":-308,""z_mg"":952}"
19.031,right_hand,og,tilt,,"{""roll_deg"":-19.1,""pitch_deg"":-9.5,""steady"":true}"
19.031,right_hand,og,acc,3076656,"{""seq"":923,""x_mg"":56,""y_mg"":-300,""z_mg"":952}"
19.031,right_hand,og,tilt,,"{""roll_deg"":-18.8,""pitch_deg"":-9.5,""steady"":true}"
19.062,right_hand,og,acc,3076677,"{""seq"":924,""x_mg"":60,""y_mg"":-300,""z_mg"":944}"
19.062,right_hand,og,tilt,,"{""roll_deg"":-18.5,""pitch_deg"":-9.3,""steady"":true}"
19.094,right_hand,og,acc,3076698,"{""seq"":925,""x_mg"":64,""y_mg"":-288,""z_mg"":964}"
19.094,right_hand,og,tilt,,"{""roll_deg"":-18.1,""pitch_deg"":-9.0,""steady"":true}"
19.094,right_hand,og,acc,3076718,"{""seq"":926,""x_mg"":72,""y_mg"":-276,""z_mg"":956}"
19.094,right_hand,og,tilt,,"{""roll_deg"":-17.6,""pitch_deg"":-8.7,""steady"":true}"
19.109,right_hand,og,acc,3076739,"{""seq"":927,""x_mg"":64,""y_mg"":-264,""z_mg"":964}"
19.109,right_hand,og,tilt,,"{""roll_deg"":-17.1,""pitch_deg"":-8.4,""steady"":true}"
19.141,right_hand,og,acc,3076759,"{""seq"":928,""x_mg"":68,""y_mg"":-260,""z_mg"":960}"
19.141,right_hand,og,tilt,,"{""roll_deg"":-16.4,""pitch_deg"":-8.0,""steady"":true}"
19.187,right_hand,og,acc,3076780,"{""seq"":929,""x_mg"":80,""y_mg"":-272,""z_mg"":964}"
19.187,right_hand,og,tilt,,"{""roll_deg"":-15.9,""pitch_deg"":-7.7,""steady"":true}"
19.187,right_hand,og,acc,3076800,"{""seq"":930,""x_mg"":76,""y_mg"":-268,""z_mg"":972}"
19.187,right_hand,og,tilt,,"{""roll_deg"":-15.4,""pitch_deg"":-7.4,""steady"":true}"
19.219,right_hand,og,acc,3076821,"{""seq"":931,""x_mg"":68,""y_mg"":-280,""z_mg"":972}"
19.219,right_hand,og,tilt,,"{""roll_deg"":-15.2,""pitch_deg"":-7.1,""steady"":true}"
19.250,right_hand,og,acc,3076842,"{""seq"":932,""x_mg"":64,""y_mg"":-272,""z_mg"":972}"
19.250,right_hand,og,tilt,,"{""roll_deg"":-15.0,""pitch_deg"":-7.0,""steady"":true}"
19.250,right_hand,og,acc,3076862,"{""seq"":933,""x_mg"":68,""y_mg"":-288,""z_mg"":972}"
19.250,right_hand,og,tilt,,"{""roll_deg"":-14.9,""pitch_deg"":-6.9,""steady"":true}"
19.281,right_hand,og,acc,3076883,"{""seq"":934,""x_mg"":68,""y_mg"":-284,""z_mg"":976}"
19.281,right_hand,og,tilt,,"{""roll_deg"":-14.9,""pitch_deg"":-6.8,""steady"":true}"
19.297,right_hand,og,acc,3076903,"{""seq"":935,""x_mg"":60,""y_mg"":-284,""z_mg"":956}"
19.297,right_hand,og,tilt,,"{""roll_deg"":-14.9,""pitch_deg"":-6.7,""steady"":true}"
19.297,right_hand,og,acc,3076924,"{""seq"":936,""x_mg"":48,""y_mg"":-304,""z_mg"":964}"
19.297,right_hand,og,tilt,,"{""roll_deg"":-14.9,""pitch_deg"":-6.7,""steady"":true}"
19.328,right_hand,og,acc,3076944,"{""seq"":937,""x_mg"":44,""y_mg"":-308,""z_mg"":960}"
19.328,right_hand,og,tilt,,"{""roll_deg"":-14.9,""pitch_deg"":-6.7,""steady"":true}"
19.359,right_hand,og,acc,3076965,"{""seq"":938,""x_mg"":40,""y_mg"":-288,""z_mg"":964}"
19.359,right_hand,og,tilt,,"{""roll_deg"":-14.9,""pitch_deg"":-6.7,""steady"":true}"
19.391,right_hand,og,acc,3076986,"{""seq"":939,""x_mg"":36,""y_mg"":-288,""z_mg"":964}"
19.391,right_hand,og,tilt,,"{""roll_deg"":-14.9,""pitch_deg"":-6.7,""steady"":true}"
19.391,right_hand,og,acc,3077006,"{""seq"":940,""x_mg"":48,""y_mg"":-280,""z_mg"":952}"
19.391,right_hand,og,tilt,,"{""roll_deg"":-14.9,""pitch_deg"":-6.7,""steady"":true}"
19.422,right_hand,og,acc,3077027,"{""seq"":941,""x_mg"":48,""y_mg"":-292,""z_mg"":964}"
19.422,right_hand,og,tilt,,"{""roll_deg"":-14.9,""pitch_deg"":-6.7,""steady"":true}"
19.453,right_hand,og,acc,3077047,"{""seq"":942,""x_mg"":36,""y_mg"":-292,""z_mg"":964}"
19.453,right_hand,og,tilt,,"{""roll_deg"":-14.9,""pitch_deg"":-6.7,""steady"":true}"
19.453,right_hand,og,acc,3077068,"{""seq"":943,""x_mg"":44,""y_mg"":-300,""z_mg"":956}"
19.453,right_hand,og,tilt,,"{""roll_deg"":-14.9,""pitch_deg"":-6.7,""steady"":true}"
19.484,right_hand,og,acc,3077088,"{""seq"":944,""x_mg"":60,""y_mg"":-260,""z_mg"":968}"
19.484,right_hand,og,tilt,,"{""roll_deg"":-14.9,""pitch_deg"":-6.7,""steady"":true}"
19.500,right_hand,og,acc,3077109,"{""seq"":945,""x_mg"":72,""y_mg"":-224,""z_mg"":968}"
19.500,right_hand,og,tilt,,"{""roll_deg"":-14.9,""pitch_deg"":-6.7,""steady"":true}"
19.500,right_hand,og,acc,3077129,"{""seq"":946,""x_mg"":68,""y_mg"":-192,""z_mg"":980}"
19.500,right_hand,og,tilt,,"{""roll_deg"":-14.6,""pitch_deg"":-6.7,""steady"":true}"
19.531,right_hand,og,acc,3077150,"{""seq"":947,""x_mg"":60,""y_mg"":-188,""z_mg"":980}"
19.531,right_hand,og,tilt,,"{""roll_deg"":-13.7,""pitch_deg"":-6.7,""steady"":true}"
19.562,right_hand,og,acc,3077171,"{""seq"":948,""x_mg"":68,""y_mg"":-212,""z_mg"":976}"
19.562,right_hand,og,tilt,,"{""roll_deg"":-12.8,""pitch_deg"":-6.7,""steady"":true}"
19.594,right_hand,og,acc,3077191,"{""seq"":949,""x_mg"":84,""y_mg"":-224,""z_mg"":976}"
19.594,right_hand,og,tilt,,"{""roll_deg"":-12.4,""pitch_deg"":-6.7,""steady"":true}"
19.594,right_hand,og,acc,3077212,"{""seq"":950,""x_mg"":80,""y_mg"":-224,""z_mg"":980}"
19.594,right_hand,og,tilt,,"{""roll_deg"":-12.2,""pitch_deg"":-6.7,""steady"":true}"
19.625,right_hand,og,acc,3077232,"{""seq"":951,""x_mg"":72,""y_mg"":-212,""z_mg"":980}"
19.625,right_hand,og,tilt,,"{""roll_deg"":-12.0,""pitch_deg"":-6.6,""steady"":true}"
19.656,right_hand,og,acc,3077253,"{""seq"":952,""x_mg"":60,""y_mg"":-212,""z_mg"":980}"
19.656,right_hand,og,tilt,,"{""roll_deg"":-11.8,""pitch_deg"":-6.6,""steady"":true}"
19.656,right_hand,og,acc,3077273,"{""seq"":953,""x_mg"":60,""y_mg"":-236,""z_mg"":976}"
19.656,right_hand,og,tilt,,"{""roll_deg"":-11.6,""pitch_deg"":-6.6,""steady"":true}"
19.687,right_hand,og,acc,3077294,"{""seq"":954,""x_mg"":80,""y_mg"":-220,""z_mg"":960}"
19.687,right_hand,og,tilt,,"{""roll_deg"":-11.6,""pitch_deg"":-6.6,""steady"":true}"
19.687,right_hand,og,acc,3077315,"{""seq"":955,""x_mg"":76,""y_mg"":-208,""z_mg"":980}"
19.687,right_hand,og,tilt,,"{""roll_deg"":-11.5,""pitch_deg"":-6.5,""steady"":true}"
19.703,right_hand,og,acc,3077335,"{""seq"":956,""x_mg"":68,""y_mg"":-204,""z_mg"":972}"
19.703,right_hand,og,tilt,,"{""roll_deg"":-11.4,""pitch_deg"":-6.4,""steady"":true}"
19.734,right_hand,og,acc,3077356,"{""seq"":957,""x_mg"":72,""y_mg"":-196,""z_mg"":968}"
19.734,right_hand,og,tilt,,"{""roll_deg"":-11.2,""pitch_deg"":-6.4,""steady"":true}"
19.766,right_hand,og,acc,3077376,"{""seq"":958,""x_mg"":80,""y_mg"":-188,""z_mg"":972}"
19.766,right_hand,og,tilt,,"{""roll_deg"":-11.0,""pitch_deg"":-6.4,""steady"":true}"
19.797,right_hand,og,acc,3077397,"{""seq"":959,""x_mg"":84,""y_mg"":-204,""z_mg"":968}"
19.797,right_hand,og,tilt,,"{""roll_deg"":-10.8,""pitch_deg"":-6.3,""steady"":true}"
19.797,right_hand,og,acc,3077417,"{""seq"":960,""x_mg"":80,""y_mg"":-212,""z_mg"":968}"
19.797,right_hand,og,tilt,,"{""roll_deg"":-10.7,""pitch_deg"":-6.2,""steady"":true}"
19.828,right_hand,og,acc,3077438,"{""seq"":961,""x_mg"":68,""y_mg"":-196,""z_mg"":976}"
19.828,right_hand,og,tilt,,"{""roll_deg"":-10.7,""pitch_deg"":-6.1,""steady"":true}"
19.859,right_hand,og,acc,3077458,"{""seq"":962,""x_mg"":64,""y_mg"":-212,""z_mg"":980}"
19.859,right_hand,og,tilt,,"{""roll_deg"":-10.7,""pitch_deg"":-6.1,""steady"":true}"
19.859,right_hand,og,acc,3077479,"{""seq"":963,""x_mg"":76,""y_mg"":-220,""z_mg"":988}"
19.859,right_hand,og,tilt,,"{""roll_deg"":-10.7,""pitch_deg"":-6.1,""steady"":true}"
19.891,right_hand,og,acc,3077500,"{""seq"":964,""x_mg"":92,""y_mg"":-204,""z_mg"":980}"
19.891,right_hand,og,tilt,,"{""roll_deg"":-10.7,""pitch_deg"":-6.1,""steady"":true}"
19.891,right_hand,og,acc,3077520,"{""seq"":965,""x_mg"":96,""y_mg"":-192,""z_mg"":988}"
19.891,right_hand,og,tilt,,"{""roll_deg"":-10.7,""pitch_deg"":-6.0,""steady"":true}"
19.906,right_hand,og,acc,3077541,"{""seq"":966,""x_mg"":96,""y_mg"":-168,""z_mg"":984}"
19.906,right_hand,og,tilt,,"{""roll_deg"":-10.5,""pitch_deg"":-5.8,""steady"":true}"
19.953,right_hand,og,acc,3077561,"{""seq"":967,""x_mg"":88,""y_mg"":-168,""z_mg"":988}"
19.953,right_hand,og,tilt,,"{""roll_deg"":-10.2,""pitch_deg"":-5.7,""steady"":true}"
19.984,right_hand,og,acc,3077582,"{""seq"":968,""x_mg"":100,""y_mg"":-160,""z_mg"":992}"
19.984,right_hand,og,tilt,,"{""roll_deg"":-9.8,""pitch_deg"":-5.6,""steady"":true}"
19.984,right_hand,og,acc,3077602,"{""seq"":969,""x_mg"":104,""y_mg"":-160,""z_mg"":976}"
19.984,right_hand,og,tilt,,"{""roll_deg"":-9.5,""pitch_deg"":-5.4,""steady"":true}"
20.016,right_hand,og,acc,3077623,"{""seq"":970,""x_mg"":112,""y_mg"":-148,""z_mg"":992}"
20.016,right_hand,og,tilt,,"{""roll_deg"":-9.2,""pitch_deg"":-5.2,""steady"":true}"
20.047,right_hand,og,acc,3077644,"{""seq"":971,""x_mg"":104,""y_mg"":-136,""z_mg"":984}"
20.047,right_hand,og,tilt,,"{""roll_deg"":-8.8,""pitch_deg"":-5.1,""steady"":true}"
20.047,right_hand,og,acc,3077664,"{""seq"":972,""x_mg"":116,""y_mg"":-132,""z_mg"":992}"
20.047,right_hand,og,tilt,,"{""roll_deg"":-8.3,""pitch_deg"":-4.9,""steady"":true}"
20.078,right_hand,og,acc,3077685,"{""seq"":973,""x_mg"":120,""y_mg"":-148,""z_mg"":972}"
20.078,right_hand,og,tilt,,"{""roll_deg"":-7.9,""pitch_deg"":-4.7,""steady"":true}"
20.109,right_hand,og,acc,3077705,"{""seq"":974,""x_mg"":116,""y_mg"":-148,""z_mg"":980}"
20.109,right_hand,og,tilt,,"{""roll_deg"":-7.7,""pitch_deg"":-4.5,""steady"":true}"
20.109,right_hand,og,acc,3077726,"{""seq"":975,""x_mg"":104,""y_mg"":-144,""z_mg"":980}"
20.109,right_hand,og,tilt,,"{""roll_deg"":-7.6,""pitch_deg"":-4.3,""steady"":true}"
20.125,right_hand,og,acc,3077746,"{""seq"":976,""x_mg"":108,""y_mg"":-148,""z_mg"":972}"
20.125,right_hand,og,tilt,,"{""roll_deg"":-7.5,""pitch_deg"":-4.3,""steady"":true}"
20.156,right_hand,og,acc,3077767,"{""seq"":977,""x_mg"":104,""y_mg"":-164,""z_mg"":976}"
20.156,right_hand,og,tilt,,"{""roll_deg"":-7.5,""pitch_deg"":-4.3,""steady"":true}"
20.187,right_hand,og,acc,3077788,"{""seq"":978,""x_mg"":104,""y_mg"":-156,""z_mg"":980}"
20.187,right_hand,og,tilt,,"{""roll_deg"":-7.5,""pitch_deg"":-4.2,""steady"":true}"
20.187,right_hand,og,acc,3077808,"{""seq"":979,""x_mg"":96,""y_mg"":-168,""z_mg"":980}"
20.187,right_hand,og,tilt,,"{""roll_deg"":-7.5,""pitch_deg"":-4.2,""steady"":true}"
20.219,right_hand,og,acc,3077829,"{""seq"":980,""x_mg"":100,""y_mg"":-164,""z_mg"":980}"
20.219,right_hand,og,tremor,,"{""rms_mg"":41.4,""peak_hz"":7.4}"
20.219,right_hand,og,tilt,,"{""roll_deg"":-7.5,""pitch_deg"":-4.2,""steady"":true}"
20.250,right_hand,og,acc,3077849,"{""seq"":981,""x_mg"":80,""y_mg"":-168,""z_mg"":976}"
20.250,right_hand,og,tilt,,"{""roll_deg"":-7.5,""pitch_deg"":-4.2,""steady"":true}"
20.250,right_hand,og,acc,3077870,"{""seq"":982,""x_mg"":92,""y_mg"":-152,""z_mg"":980}"
20.250,right_hand,og,tilt,,"{""roll_deg"":-7.5,""pitch_deg"":-4.2,""steady"":true}"
20.281,right_hand,og,acc,3077890,"{""seq"":983,""x_mg"":92,""y_mg"":-152,""z_mg"":992}"
20.281,right_hand,og,tilt,,"{""roll_deg"":-7.5,""pitch_deg"":-4.2,""steady"":true}"
20.312,right_hand,og,acc,3077911,"{""seq"":984,""x_mg"":84,""y_mg"":-156,""z_mg"":988}"
20.312,right_hand,og,tilt,,"{""roll_deg"":-7.5,""pitch_deg"":-4.2,""steady"":true}"
20.312,right_hand,og,acc,3077931,"{""seq"":985,""x_mg"":92,""y_mg"":-164,""z_mg"":984}"
20.312,right_hand,og,tilt,,"{""roll_deg"":-7.5,""pitch_deg"":-4.2,""steady"":true}"
20.344,right_hand,og,acc,3077952,"{""seq"":986,""x_mg"":112,""y_mg"":-160,""z_mg"":980}"
20.344,right_hand,og,tilt,,"{""roll_deg"":-7.5,""pitch_deg"":-4.2,""steady"":true}"
20.359,right_hand,og,acc,3077973,"{""seq"":987,""x_mg"":104,""y_mg"":-172,""z_mg"":972}"
20.359,right_hand,og,tilt,,"{""roll_deg"":-7.5,""pitch_deg"":-4.2,""steady"":true}"
20.391,right_hand,og,acc,3077993,"{""seq"":988,""x_mg"":92,""y_mg"":-164,""z_mg"":980}"
20.391,right_hand,og,tilt,,"{""roll_deg"":-7.5,""pitch_deg"":-4.2,""steady"":true}"
20.391,right_hand,og,acc,3078014,"{""seq"":989,""x_mg"":116,""y_mg"":-160,""z_mg"":976}"
20.391,right_hand,og,tilt,,"{""roll_deg"":-7.5,""pitch_deg"":-4.2,""steady"":true}"
20.422,right_hand,og,acc,3078034,"{""seq"":990,""x_mg"":96,""y_mg"":-152,""z_mg"":984}"
20.422,right_hand,og,tilt,,"{""roll_deg"":-7.5,""pitch_deg"":-4.2,""steady"":true}"
20.453,right_hand,og,acc,3078055,"{""seq"":991,""x_mg"":88,""y_mg"":-168,""z_mg"":992}"
20.453,right_hand,og,tilt,,"{""roll_deg"":-7.5,""pitch_deg"":-4.2,""steady"":true}"
20.453,right_hand,og,acc,3078075,"{""seq"":992,""x_mg"":100,""y_mg"":-164,""z_mg"":976}"
20.453,right_hand,og,tilt,,"{""roll_deg"":-7.5,""pitch_deg"":-4.2,""steady"":true}"
20.484,right_hand,og,acc,3078096,"{""seq"":993,""x_mg"":104,""y_mg"":-172,""z_mg"":980}"
20.484,right_hand,og,tilt,,"{""roll_deg"":-7.5,""pitch_deg"":-4.2,""steady"":true}"
20.484,right_hand,og,acc,3078117,"{""seq"":994,""x_mg"":92,""y_mg"":-180,""z_mg"":984}"
20.484,right_hand,og,tilt,,"{""roll_deg"":-7.5,""pitch_deg"":-4.2,""steady"":true}"
20.531,right_hand,og,acc,3078137,"{""seq"":995,""x_mg"":84,""y_mg"":-164,""z_mg"":980}"
20.531,right_hand,og,tilt,,"{""roll_deg"":-7.5,""pitch_deg"":-4.2,""steady"":true}"
20.547,right_hand,og,acc,3078158,"{""seq"":996,""x_mg"":96,""y_mg"":-144,""z_mg"":980}"
20.547,right_hand,og,tilt,,"{""roll_deg"":-7.5,""pitch_deg"":-4.2,""steady"":true}"
20.578,right_hand,og,acc,3078178,"{""seq"":997,""x_mg"":100,""y_mg"":-148,""z_mg"":976}"
20.578,right_hand,og,tilt,,"{""roll_deg"":-7.5,""pitch_deg"":-4.2,""steady"":true}"
20.609,right_hand,og,acc,3078199,"{""seq"":998,""x_mg"":92,""y_mg"":-172,""z_mg"":976}"
20.609,right_hand,og,tilt,,"{""roll_deg"":-7.5,""pitch_deg"":-4.2,""steady"":true}"
20.609,right_hand,og,acc,3078219,"{""seq"":999,""x_mg"":88,""y_mg"":-168,""z_mg"":976}"
20.609,right_hand,og,tilt,,"{""roll_deg"":-7.5,""pitch_deg"":-4.2,""steady"":true}"
20.641,right_hand,og,acc,3078240,"{""seq"":1000,""x_mg"":88,""y_mg"":-168,""z_mg"":972}"
20.641,right_hand,og,tilt,,"{""roll_deg"":-7.5,""pitch_deg"":-4.2,""steady"":true}"
20.641,right_hand,og,acc,3078261,"{""seq"":1001,""x_mg"":112,""y_mg"":-160,""z_mg"":972}"
20.641,right_hand,og,tilt,,"{""roll_deg"":-7.5,""pitch_deg"":-4.2,""steady"":true}"
20.672,right_hand,og,acc,3078281,"{""seq"":1002,""x_mg"":100,""y_mg"":-144,""z_mg"":972}"
20.672,right_hand,og,tilt,,"{""roll_deg"":-7.5,""pitch_deg"":-4.2,""steady"":true}"
20.703,right_hand,og,acc,3078302,"{""seq"":1003,""x_mg"":96,""y_mg"":-152,""z_mg"":976}"
20.703,right_hand,og,tilt,,"{""roll_deg"":-7.5,""pitch_deg"":-4.2,""steady"":true}"
20.703,right_hand,og,acc,3078322,"{""seq"":1004,""x_mg"":104,""y_mg"":-160,""z_mg"":980}"
20.703,right_hand,og,tilt,,"{""roll_deg"":-7.5,""pitch_deg"":-4.2,""steady"":true}"
20.734,right_hand,og,acc,3078343,"{""seq"":1005,""x_mg"":92,""y_mg"":-152,""z_mg"":992}"
20.734,right_hand,og,tilt,,"{""roll_deg"":-7.5,""pitch_deg"":-4.2,""steady"":true}"
20.766,right_hand,og,acc,3078363,"{""seq"":1006,""x_mg"":88,""y_mg"":-152,""z_mg"":984}"
20.766,right_hand,og,tilt,,"{""roll_deg"":-7.5,""pitch_deg"":-4.2,""steady"":true}"
20.766,right_hand,og,acc,3078384,"{""seq"":1007,""x_mg"":92,""y_mg"":-148,""z_mg"":992}"
20.766,right_hand,og,tilt,,"{""roll_deg"":-7.5,""pitch_deg"":-4.2,""steady"":true}"
20.797,right_hand,og,acc,3078404,"{""seq"":1008,""x_mg"":92,""y_mg"":-136,""z_mg"":996}"
20.797,right_hand,og,tilt,,"{""roll_deg"":-7.5,""pitch_deg"":-4.2,""steady"":true}"
20.828,right_hand,og,acc,3078425,"{""seq"":1009,""x_mg"":104,""y_mg"":-148,""z_mg"":1000}"
20.828,right_hand,og,tilt,,"{""roll_deg"":-7.5,""pitch_deg"":-4.2,""steady"":true}"
20.828,right_hand,og,acc,3078446,"{""seq"":1010,""x_mg"":120,""y_mg"":-140,""z_mg"":1004}"
20.828,right_hand,og,tilt,,"{""roll_deg"":-7.5,""pitch_deg"":-4.2,""steady"":true}"
20.859,right_hand,og,acc,3078466,"{""seq"":1011,""x_mg"":116,""y_mg"":-128,""z_mg"":1000}"
20.859,right_hand,og,tilt,,"{""roll_deg"":-7.4,""pitch_deg"":-4.2,""steady"":true}"
20.891,right_hand,og,acc,3078487,"{""seq"":1012,""x_mg"":132,""y_mg"":-104,""z_mg"":984}"
20.891,right_hand,og,tilt,,"{""roll_deg"":-7.2,""pitch_deg"":-4.2,""steady"":true}"
20.891,right_hand,og,acc,3078507,"{""seq"":1013,""x_mg"":124,""y_mg"":-92,""z_mg"":992}"
20.891,right_hand,og,tilt,,"{""roll_deg"":-6.8,""pitch_deg"":-4.2,""steady"":true}"
20.922,,game,brick,,"{""n"":11}"
20.922,right_hand,og,acc,3078528,"{""seq"":1014,""x_mg"":132,""y_mg"":-80,""z_mg"":1000}"
20.922,right_hand,og,tilt,,"{""roll_deg"":-6.3,""pitch_deg"":-4.2,""steady"":true}"
20.922,right_hand,og,acc,3078548,"{""seq"":1015,""x_mg"":132,""y_mg"":-88,""z_mg"":996}"
20.922,right_hand,og,tilt,,"{""roll_deg"":-5.8,""pitch_deg"":-4.0,""steady"":true}"
20.953,right_hand,og,acc,3078569,"{""seq"":1016,""x_mg"":168,""y_mg"":-88,""z_mg"":980}"
20.953,right_hand,og,tilt,,"{""roll_deg"":-5.4,""pitch_deg"":-3.8,""steady"":true}"
20.984,right_hand,og,acc,3078590,"{""seq"":1017,""x_mg"":164,""y_mg"":-76,""z_mg"":996}"
20.984,right_hand,og,tilt,,"{""roll_deg"":-5.0,""pitch_deg"":-3.3,""steady"":true}"
20.984,right_hand,og,acc,3078610,"{""seq"":1018,""x_mg"":124,""y_mg"":-68,""z_mg"":984}"
20.984,right_hand,og,tilt,,"{""roll_deg"":-4.6,""pitch_deg"":-2.9,""steady"":true}"
21.016,right_hand,og,acc,3078631,"{""seq"":1019,""x_mg"":112,""y_mg"":-76,""z_mg"":976}"
21.016,right_hand,og,tilt,,"{""roll_deg"":-4.2,""pitch_deg"":-2.9,""steady"":true}"
21.047,right_hand,og,acc,3078651,"{""seq"":1020,""x_mg"":120,""y_mg"":-84,""z_mg"":980}"
21.047,right_hand,og,tilt,,"{""roll_deg"":-4.0,""pitch_deg"":-2.9,""steady"":true}"
21.047,right_hand,og,acc,3078672,"{""seq"":1021,""x_mg"":132,""y_mg"":-108,""z_mg"":984}"
21.047,right_hand,og,tilt,,"{""roll_deg"":-3.9,""pitch_deg"":-2.9,""steady"":true}"
21.094,right_hand,og,acc,3078692,"{""seq"":1022,""x_mg"":124,""y_mg"":-116,""z_mg"":980}"
21.094,right_hand,og,tilt,,"{""roll_deg"":-3.9,""pitch_deg"":-2.9,""steady"":true}"
21.125,right_hand,og,acc,3078713,"{""seq"":1023,""x_mg"":108,""y_mg"":-112,""z_mg"":992}"
21.125,right_hand,og,tilt,,"{""roll_deg"":-3.9,""pitch_deg"":-2.9,""steady"":true}"
21.125,right_hand,og,acc,3078734,"{""seq"":1024,""x_mg"":100,""y_mg"":-144,""z_mg"":980}"
21.125,right_hand,og,tilt,,"{""roll_deg"":-3.9,""pitch_deg"":-2.9,""steady"":true}"
21.156,right_hand,og,acc,3078754,"{""seq"":1025,""x_mg"":96,""y_mg"":-136,""z_mg"":988}"
21.156,right_hand,og,tilt,,"{""roll_deg"":-3.9,""pitch_deg"":-2.9,""steady"":true}"
21.156,right_hand,og,acc,3078775,"{""seq"":1026,""x_mg"":124,""y_mg"":-132,""z_mg"":980}"
21.156,right_hand,og,tilt,,"{""roll_deg"":-3.9,""pitch_deg"":-2.9,""steady"":true}"
21.172,right_hand,og,acc,3078795,"{""seq"":1027,""x_mg"":120,""y_mg"":-144,""z_mg"":984}"
21.172,right_hand,og,tilt,,"{""roll_deg"":-4.0,""pitch_deg"":-2.9,""steady"":true}"
21.203,right_hand,og,acc,3078816,"{""seq"":1028,""x_mg"":104,""y_mg"":-148,""z_mg"":984}"
21.203,right_hand,og,tilt,,"{""roll_deg"":-4.2,""pitch_deg"":-2.9,""steady"":true}"
21.234,right_hand,og,acc,3078836,"{""seq"":1029,""x_mg"":108,""y_mg"":-136,""z_mg"":984}"
21.234,right_hand,og,tilt,,"{""roll_deg"":-4.4,""pitch_deg"":-2.9,""steady"":true}"
21.266,right_hand,og,acc,3078857,"{""seq"":1030,""x_mg"":136,""y_mg"":-140,""z_mg"":972}"
21.266,right_hand,og,tilt,,"{""roll_deg"":-4.6,""pitch_deg"":-2.9,""steady"":true}"
21.266,right_hand,og,acc,3078877,"{""seq"":1031,""x_mg"":140,""y_mg"":-152,""z_mg"":976}"
21.266,right_hand,og,tilt,,"{""roll_deg"":-4.7,""pitch_deg"":-2.9,""steady"":true}"
21.297,right_hand,og,acc,3078898,"{""seq"":1032,""x_mg"":120,""y_mg"":-128,""z_mg"":984}"
21.297,right_hand,og,tilt,,"{""roll_deg"":-4.9,""pitch_deg"":-2.9,""steady"":true}"
21.297,right_hand,og,acc,3078919,"{""seq"":1033,""x_mg"":120,""y_mg"":-136,""z_mg"":976}"
21.297,right_hand,og,tilt,,"{""roll_deg"":-5.0,""pitch_deg"":-2.9,""steady"":true}"
21.328,right_hand,og,acc,3078939,"{""seq"":1034,""x_mg"":128,""y_mg"":-132,""z_mg"":968}"
21.328,right_hand,og,tilt,,"{""roll_deg"":-5.0,""pitch_deg"":-2.9,""steady"":true}"
21.359,right_hand,og,acc,3078960,"{""seq"":1035,""x_mg"":140,""y_mg"":-132,""z_mg"":972}"
21.359,right_hand,og,tilt,,"{""roll_deg"":-5.1,""pitch_deg"":-2.9,""steady"":true}"
21.375,right_hand,og,acc,3078980,"{""seq"":1036,""x_mg"":140,""y_mg"":-124,""z_mg"":972}"
21.375,right_hand,og,tilt,,"{""roll_deg"":-5.1,""pitch_deg"":-2.9,""steady"":true}"
21.375,right_hand,og,acc,3079001,"{""seq"":1037,""x_mg"":148,""y_mg"":-120,""z_mg"":964}"
21.375,right_hand,og,tilt,,"{""roll_deg"":-5.1,""pitch_deg"":-2.9,""steady"":true}"
21.406,right_hand,og,acc,3079021,"{""seq"":1038,""x_mg"":144,""y_mg"":-104,""z_mg"":968}"
21.406,right_hand,og,tilt,,"{""roll_deg"":-5.1,""pitch_deg"":-2.8,""steady"":true}"
21.437,right_hand,og,acc,3079042,"{""seq"":1039,""x_mg"":132,""y_mg"":-104,""z_mg"":972}"
21.437,right_hand,og,tilt,,"{""roll_deg"":-5.1,""pitch_deg"":-2.7,""steady"":true}"
21.437,right_hand,og,acc,3079063,"{""seq"":1040,""x_mg"":140,""y_mg"":-104,""z_mg"":972}"
21.437,right_hand,og,tilt,,"{""roll_deg"":-5.1,""pitch_deg"":-2.6,""steady"":true}"
21.469,right_hand,og,acc,3079083,"{""seq"":1041,""x_mg"":152,""y_mg"":-100,""z_mg"":976}"
21.469,right_hand,og,tilt,,"{""roll_deg"":-5.1,""pitch_deg"":-2.6,""steady"":true}"
21.516,right_hand,og,acc,3079104,"{""seq"":1042,""x_mg"":136,""y_mg"":-112,""z_mg"":980}"
21.516,right_hand,og,tilt,,"{""roll_deg"":-5.1,""pitch_deg"":-2.5,""steady"":true}"
21.516,right_hand,og,acc,3079124,"{""seq"":1043,""x_mg"":116,""y_mg"":-100,""z_mg"":980}"
21.516,right_hand,og,tilt,,"{""roll_deg"":-5.1,""pitch_deg"":-2.5,""steady"":true}"
21.547,right_hand,og,acc,3079145,"{""seq"":1044,""x_mg"":140,""y_mg"":-92,""z_mg"":976}"
21.547,right_hand,og,tilt,,"{""roll_deg"":-5.1,""pitch_deg"":-2.5,""steady"":true}"
21.578,right_hand,og,acc,3079165,"{""seq"":1045,""x_mg"":144,""y_mg"":-96,""z_mg"":984}"
21.578,right_hand,og,tilt,,"{""roll_deg"":-5.1,""pitch_deg"":-2.4,""steady"":true}"
21.578,right_hand,og,acc,3079186,"{""seq"":1046,""x_mg"":108,""y_mg"":-100,""z_mg"":988}"
21.578,right_hand,og,tilt,,"{""roll_deg"":-5.0,""pitch_deg"":-2.4,""steady"":true}"
21.609,right_hand,og,acc,3079207,"{""seq"":1047,""x_mg"":88,""y_mg"":-128,""z_mg"":980}"
21.609,right_hand,og,tilt,,"{""roll_deg"":-5.0,""pitch_deg"":-2.4,""steady"":true}"
21.609,right_hand,og,acc,3079227,"{""seq"":1048,""x_mg"":108,""y_mg"":-136,""z_mg"":976}"
21.609,right_hand,og,tilt,,"{""roll_deg"":-5.0,""pitch_deg"":-2.4,""steady"":true}"
21.641,right_hand,og,acc,3079248,"{""seq"":1049,""x_mg"":148,""y_mg"":-148,""z_mg"":992}"
21.641,right_hand,og,tilt,,"{""roll_deg"":-5.0,""pitch_deg"":-2.4,""steady"":true}"
21.672,right_hand,og,acc,3079268,"{""seq"":1050,""x_mg"":136,""y_mg"":-120,""z_mg"":996}"
21.672,right_hand,og,tilt,,"{""roll_deg"":-5.0,""pitch_deg"":-2.4,""steady"":true}"
21.672,right_hand,og,acc,3079289,"{""seq"":1051,""x_mg"":132,""y_mg"":-96,""z_mg"":992}"
21.672,right_hand,og,tilt,,"{""roll_deg"":-5.0,""pitch_deg"":-2.4,""steady"":true}"
21.703,right_hand,og,acc,3079309,"{""seq"":1052,""x_mg"":116,""y_mg"":-92,""z_mg"":992}"
21.703,right_hand,og,tilt,,"{""roll_deg"":-5.0,""pitch_deg"":-2.4,""steady"":true}"
21.734,right_hand,og,acc,3079330,"{""seq"":1053,""x_mg"":132,""y_mg"":-112,""z_mg"":992}"
21.734,right_hand,og,tilt,,"{""roll_deg"":-5.0,""pitch_deg"":-2.4,""steady"":true}"
21.734,right_hand,og,acc,3079351,"{""seq"":1054,""x_mg"":132,""y_mg"":-120,""z_mg"":1008}"
21.734,right_hand,og,tilt,,"{""roll_deg"":-5.0,""pitch_deg"":-2.4,""steady"":true}"
21.766,right_hand,og,acc,3079371,"{""seq"":1055,""x_mg"":120,""y_mg"":-100,""z_mg"":1000}"
21.766,right_hand,og,tilt,,"{""roll_deg"":-5.0,""pitch_deg"":-2.4,""steady"":true}"
21.781,right_hand,og,acc,3079392,"{""seq"":1056,""x_mg"":132,""y_mg"":-84,""z_mg"":976}"
21.781,right_hand,og,tilt,,"{""roll_deg"":-5.0,""pitch_deg"":-2.4,""steady"":true}"
21.781,right_hand,og,acc,3079412,"{""seq"":1057,""x_mg"":176,""y_mg"":-68,""z_mg"":980}"
21.781,right_hand,og,tilt,,"{""roll_deg"":-4.8,""pitch_deg"":-2.4,""steady"":true}"
21.812,right_hand,og,acc,3079433,"{""seq"":1058,""x_mg"":148,""y_mg"":-64,""z_mg"":976}"
21.812,right_hand,og,tilt,,"{""roll_deg"":-4.5,""pitch_deg"":-2.4,""steady"":true}"
21.844,right_hand,og,acc,3079453,"{""seq"":1059,""x_mg"":144,""y_mg"":-64,""z_mg"":972}"
21.844,right_hand,og,tilt,,"{""roll_deg"":-4.2,""pitch_deg"":-2.4,""steady"":true}"
21.875,right_hand,og,acc,3079474,"{""seq"":1060,""x_mg"":164,""y_mg"":-52,""z_mg"":976}"
21.875,right_hand,og,tilt,,"{""roll_deg"":-3.9,""pitch_deg"":-2.4,""steady"":true}"
21.875,right_hand,og,acc,3079494,"{""seq"":1061,""x_mg"":168,""y_mg"":-52,""z_mg"":980}"
21.875,right_hand,og,tilt,,"{""roll_deg"":-3.5,""pitch_deg"":-2.2,""steady"":true}"
21.906,right_hand,og,acc,3079515,"{""seq"":1062,""x_mg"":144,""y_mg"":-40,""z_mg"":968}"
21.906,right_hand,og,tilt,,"{""roll_deg"":-3.1,""pitch_deg"":-2.0,""steady"":true}"
21.937,right_hand,og,acc,3079536,"{""seq"":1063,""x_mg"":144,""y_mg"":-48,""z_mg"":988}"
21.937,right_hand,og,tilt,,"{""roll_deg"":-2.8,""pitch_deg"":-2.0,""steady"":true}"
21.937,right_hand,og,acc,3079556,"{""seq"":1064,""x_mg"":160,""y_mg"":-64,""z_mg"":988}"
21.937,right_hand,og,tilt,,"{""roll_deg"":-2.5,""pitch_deg"":-2.0,""steady"":true}"
21.969,right_hand,og,acc,3079577,"{""seq"":1065,""x_mg"":136,""y_mg"":-80,""z_mg"":980}"
21.969,right_hand,og,tilt,,"{""roll_deg"":-2.5,""pitch_deg"":-1.9,""steady"":true}"
21.984,right_hand,og,acc,3079597,"{""seq"":1066,""x_mg"":136,""y_mg"":-72,""z_mg"":980}"
21.984,right_hand,og,tilt,,"{""roll_deg"":-2.5,""pitch_deg"":-1.9,""steady"":true}"
21.984,right_hand,og,acc,3079618,"{""seq"":1067,""x_mg"":116,""y_mg"":-76,""z_mg"":988}"
21.984,right_hand,og,tilt,,"{""roll_deg"":-2.5,""pitch_deg"":-1.9,""steady"":true}"
22.016,right_hand,og,acc,3079638,"{""seq"":1068,""x_mg"":92,""y_mg"":-80,""z_mg"":984}"
22.016,right_hand,og,tilt,,"{""roll_deg"":-2.5,""pitch_deg"":-1.9,""steady"":true}"
22.047,right_hand,og,acc,3079659,"{""seq"":1069,""x_mg"":72,""y_mg"":-84,""z_mg"":1000}"
22.047,right_hand,og,tilt,,"{""roll_deg"":-2.5,""pitch_deg"":-1.9,""steady"":true}"
22.078,right_hand,og,acc,3079680,"{""seq"":1070,""x_mg"":48,""y_mg"":-108,""z_mg"":1000}"
22.078,right_hand,og,tilt,,"{""roll_deg"":-2.5,""pitch_deg"":-2.0,""steady"":true}"
22.078,right_hand,og,acc,3079700,"{""seq"":1071,""x_mg"":68,""y_mg"":-128,""z_mg"":1020}"
22.078,right_hand,og,tilt,,"{""roll_deg"":-2.5,""pitch_deg"":-2.6,""steady"":true}"
22.109,right_hand,og,acc,3079721,"{""seq"":1072,""x_mg"":72,""y_mg"":-152,""z_mg"":1000}"
22.109,right_hand,og,tilt,,"{""roll_deg"":-2.5,""pitch_deg"":-3.1,""steady"":true}"
22.125,right_hand,og,acc,3079741,"{""seq"":1073,""x_mg"":60,""y_mg"":-152,""z_mg"":1004}"
22.125,right_hand,og,tilt,,"{""roll_deg"":-2.8,""pitch_deg"":-3.6,""steady"":true}"
22.156,right_hand,og,acc,3079762,"{""seq"":1074,""x_mg"":60,""y_mg"":-140,""z_mg"":1000}"
22.156,right_hand,og,tilt,,"{""roll_deg"":-3.4,""pitch_deg"":-4.0,""steady"":true}"
22.156,right_hand,og,acc,3079782,"{""seq"":1075,""x_mg"":88,""y_mg"":-120,""z_mg"":1004}"
22.156,right_hand,og,tilt,,"{""roll_deg"":-3.8,""pitch_deg"":-4.4,""steady"":true}"
22.187,right_hand,og,acc,3079803,"{""seq"":1076,""x_mg"":76,""y_mg"":-128,""z_mg"":1004}"
22.187,right_hand,og,tilt,,"{""roll_deg"":-4.0,""pitch_deg"":-4.6,""steady"":true}"
22.219,right_hand,og,acc,3079824,"{""seq"":1077,""x_mg"":52,""y_mg"":-116,""z_mg"":1016}"
22.219,right_hand,og,tilt,,"{""roll_deg"":-4.1,""pitch_deg"":-4.7,""steady"":true}"
22.219,right_hand,og,acc,3079844,"{""seq"":1078,""x_mg"":52,""y_mg"":-116,""z_mg"":1004}"
22.219,right_hand,og,tremor,,"{""rms_mg"":17.7,""peak_hz"":4.7}"
22.219,right_hand,og,tilt,,"{""roll_deg"":-4.1,""pitch_deg"":-5.0,""steady"":true}"
22.250,right_hand,og,acc,3079865,"{""seq"":1079,""x_mg"":36,""y_mg"":-128,""z_mg"":1008}"
22.250,right_hand,og,tilt,,"{""roll_deg"":-4.1,""pitch_deg"":-5.3,""steady"":true}"
22.281,right_hand,og,acc,3079885,"{""seq"":1080,""x_mg"":32,""y_mg"":-124,""z_mg"":1004}"
22.281,right_hand,og,tilt,,"{""roll_deg"":-4.2,""pitch_deg"":-5.7,""steady"":true}"
22.281,right_hand,og,acc,3079906,"{""seq"":1081,""x_mg"":24,""y_mg"":-124,""z_mg"":996}"
22.281,right_hand,og,tilt,,"{""roll_deg"":-4.3,""pitch_deg"":-6.1,""steady"":true}"
22.312,right_hand,og,acc,3079926,"{""seq"":1082,""x_mg"":12,""y_mg"":-120,""z_mg"":988}"
22.312,right_hand,og,tilt,,"{""roll_deg"":-4.4,""pitch_deg"":-6.4,""steady"":true}"
22.344,right_hand,og,acc,3079947,"{""seq"":1083,""x_mg"":36,""y_mg"":-128,""z_mg"":984}"
22.344,right_hand,og,tilt,,"{""roll_deg"":-4.5,""pitch_deg"":-6.8,""steady"":true}"
22.344,right_hand,og,acc,3079968,"{""seq"":1084,""x_mg"":52,""y_mg"":-116,""z_mg"":988}"
22.344,right_hand,og,tilt,,"{""roll_deg"":-4.5,""pitch_deg"":-6.9,""steady"":true}"
22.375,right_hand,og,acc,3079988,"{""seq"":1085,""x_mg"":60,""y_mg"":-112,""z_mg"":988}"
22.375,right_hand,og,tilt,,"{""roll_deg"":-4.5,""pitch_deg"":-6.9,""steady"":true}"
22.406,right_hand,og,acc,3080009,"{""seq"":1086,""x_mg"":52,""y_mg"":-104,""z_mg"":984}"
22.406,right_hand,og,tilt,,"{""roll_deg"":-4.5,""pitch_deg"":-6.9,""steady"":true}"
22.406,right_hand,og,acc,3080029,"{""seq"":1087,""x_mg"":60,""y_mg"":-88,""z_mg"":1000}"
22.406,right_hand,og,tilt,,"{""roll_deg"":-4.5,""pitch_deg"":-6.9,""steady"":true}"
22.422,right_hand,og,acc,3080050,"{""seq"":1088,""x_mg"":64,""y_mg"":-64,""z_mg"":992}"
22.422,right_hand,og,tilt,,"{""roll_deg"":-4.5,""pitch_deg"":-6.9,""steady"":true}"
22.453,right_hand,og,acc,3080070,"{""seq"":1089,""x_mg"":80,""y_mg"":-56,""z_mg"":1000}"
22.453,right_hand,og,tilt,,"{""roll_deg"":-4.5,""pitch_deg"":-6.9,""steady"":true}"
22.500,right_hand,og,acc,3080091,"{""seq"":1090,""x_mg"":68,""y_mg"":-76,""z_mg"":1008}"
22.500,right_hand,og,tilt,,"{""roll_deg"":-4.5,""pitch_deg"":-6.9,""steady"":true}"
22.500,right_hand,og,acc,3080111,"{""seq"":1091,""x_mg"":88,""y_mg"":-72,""z_mg"":1012}"
22.500,right_hand,og,tilt,,"{""roll_deg"":-4.3,""pitch_deg"":-6.9,""steady"":true}"
22.531,right_hand,og,acc,3080132,"{""seq"":1092,""x_mg"":108,""y_mg"":-56,""z_mg"":1020}"
22.531,right_hand,og,tilt,,"{""roll_deg"":-4.1,""pitch_deg"":-6.9,""steady"":true}"
22.562,right_hand,og,acc,3080153,"{""seq"":1093,""x_mg"":96,""y_mg"":-28,""z_mg"":1024}"
22.562,right_hand,og,tilt,,"{""roll_deg"":-3.7,""pitch_deg"":-6.7,""steady"":true}"
22.562,right_hand,og,acc,3080173,"{""seq"":1094,""x_mg"":96,""y_mg"":0,""z_mg"":1012}"
22.562,right_hand,og,tilt,,"{""roll_deg"":-3.1,""pitch_deg"":-6.5,""steady"":true}"
22.594,right_hand,og,acc,3080194,"{""seq"":1095,""x_mg"":96,""y_mg"":-8,""z_mg"":1004}"
22.594,right_hand,og,tilt,,"{""roll_deg"":-2.2,""pitch_deg"":-6.2,""steady"":true}"
22.609,right_hand,og,acc,3080214,"{""seq"":1096,""x_mg"":120,""y_mg"":-24,""z_mg"":1020}"
22.609,right_hand,og,tilt,,"{""roll_deg"":-1.5,""pitch_deg"":-6.0,""steady"":true}"
22.609,right_hand,og,acc,3080235,"{""seq"":1097,""x_mg"":128,""y_mg"":-52,""z_mg"":1020}"
22.609,right_hand,og,tilt,,"{""roll_deg"":-1.1,""pitch_deg"":-5.6,""steady"":true}"
22.641,right_hand,og,acc,3080255,"{""seq"":1098,""x_mg"":108,""y_mg"":-20,""z_mg"":1012}"
22.641,right_hand,og,tilt,,"{""roll_deg"":-0.9,""pitch_deg"":-5.3,""steady"":true}"
22.672,right_hand,og,acc,3080276,"{""seq"":1099,""x_mg"":100,""y_mg"":20,""z_mg"":988}"
22.672,right_hand,og,tilt,,"{""roll_deg"":-0.6,""pitch_deg"":-5.1,""steady"":true}"
22.687,,game,drop,,"{""n"":7}"
22.703,right_hand,og,acc,3080297,"{""seq"":1100,""x_mg"":132,""y_mg"":8,""z_mg"":992}"
22.703,right_hand,og,tilt,,"{""roll_deg"":-0.1,""pitch_deg"":-4.9,""steady"":true}"
22.703,right_hand,og,acc,3080317,"{""seq"":1101,""x_mg"":140,""y_mg"":4,""z_mg"":992}"
22.703,right_hand,og,tilt,,"{""roll_deg"":0.4,""pitch_deg"":-4.5,""steady"":true}"
22.734,right_hand,og,acc,3080338,"{""seq"":1102,""x_mg"":148,""y_mg"":4,""z_mg"":984}"
22.734,right_hand,og,tilt,,"{""roll_deg"":0.7,""pitch_deg"":-4.0,""steady"":true}"
22.766,right_hand,og,acc,3080358,"{""seq"":1103,""x_mg"":132,""y_mg"":12,""z_mg"":988}"
22.766,right_hand,og,tilt,,"{""roll_deg"":0.9,""pitch_deg"":-3.7,""steady"":true}"
22.766,right_hand,og,acc,3080379,"{""seq"":1104,""x_mg"":136,""y_mg"":24,""z_mg"":984}"
22.766,right_hand,og,tilt,,"{""roll_deg"":1.1,""pitch_deg"":-3.4,""steady"":true}"
22.797,right_hand,og,acc,3080399,"{""seq"":1105,""x_mg"":148,""y_mg"":20,""z_mg"":972}"
22.797,right_hand,og,tilt,,"{""roll_deg"":1.4,""pitch_deg"":-3.2,""steady"":true}"
22.797,right_hand,og,acc,3080420,"{""seq"":1106,""x_mg"":152,""y_mg"":20,""z_mg"":964}"
22.797,right_hand,og,tilt,,"{""roll_deg"":1.7,""pitch_deg"":-2.8,""steady"":true}"
22.812,right_hand,og,acc,3080441,"{""seq"":1107,""x_mg"":164,""y_mg"":24,""z_mg"":964}"
22.812,right_hand,og,tilt,,"{""roll_deg"":1.9,""pitch_deg"":-2.5,""steady"":true}"
22.844,right_hand,og,acc,3080461,"{""seq"":1108,""x_mg"":164,""y_mg"":24,""z_mg"":968}"
22.844,right_hand,og,tilt,,"{""roll_deg"":2.1,""pitch_deg"":-2.1,""steady"":true}"
22.875,right_hand,og,acc,3080482,"{""seq"":1109,""x_mg"":168,""y_mg"":16,""z_mg"":960}"
22.875,right_hand,og,tilt,,"{""roll_deg"":2.2,""pitch_deg"":-1.8,""steady"":true}"
22.906,right_hand,og,acc,3080502,"{""seq"":1110,""x_mg"":196,""y_mg"":16,""z_mg"":952}"
22.906,right_hand,og,tilt,,"{""roll_deg"":2.2,""pitch_deg"":-1.5,""steady"":true}"
22.906,right_hand,og,acc,3080523,"{""seq"":1111,""x_mg"":220,""y_mg"":4,""z_mg"":952}"
22.906,right_hand,og,tilt,,"{""roll_deg"":2.3,""pitch_deg"":-0.8,""steady"":true}"
22.937,right_hand,og,acc,3080543,"{""seq"":1112,""x_mg"":216,""y_mg"":-12,""z_mg"":948}"
22.937,right_hand,og,tilt,,"{""roll_deg"":2.3,""pitch_deg"":-0.0,""steady"":true}"
22.969,right_hand,og,acc,3080564,"{""seq"":1113,""x_mg"":208,""y_mg"":-8,""z_mg"":948}"
22.969,right_hand,og,tilt,,"{""roll_deg"":2.3,""pitch_deg"":0.6,""steady"":true}"
22.969,right_hand,og,acc,3080584,"{""seq"":1114,""x_mg"":212,""y_mg"":-8,""z_mg"":936}"
22.969,right_hand,og,tilt,,"{""roll_deg"":2.3,""pitch_deg"":1.1,""steady"":true}"
23.000,right_hand,og,acc,3080605,"{""seq"":1115,""x_mg"":208,""y_mg"":-16,""z_mg"":944}"
23.000,right_hand,og,tilt,,"{""roll_deg"":2.3,""pitch_deg"":1.4,""steady"":true}"
23.000,right_hand,og,acc,3080626,"{""seq"":1116,""x_mg"":216,""y_mg"":-4,""z_mg"":960}"
23.000,right_hand,og,tilt,,"{""roll_deg"":2.3,""pitch_deg"":1.6,""steady"":true}"
23.016,right_hand,og,acc,3080646,"{""seq"":1117,""x_mg"":200,""y_mg"":4,""z_mg"":964}"
23.016,right_hand,og,tilt,,"{""roll_deg"":2.3,""pitch_deg"":1.8,""steady"":true}"
23.047,right_hand,og,acc,3080667,"{""seq"":1118,""x_mg"":188,""y_mg"":-4,""z_mg"":948}"
23.047,right_hand,og,tilt,,"{""roll_deg"":2.3,""pitch_deg"":1.8,""steady"":true}"
23.078,right_hand,og,acc,3080687,"{""seq"":1119,""x_mg"":196,""y_mg"":4,""z_mg"":956}"
23.078,right_hand,og,tilt,,"{""roll_deg"":2.3,""pitch_deg"":1.8,""steady"":true}"
23.109,right_hand,og,acc,3080708,"{""seq"":1120,""x_mg"":192,""y_mg"":-8,""z_mg"":964}"
23.109,right_hand,og,tilt,,"{""roll_deg"":2.3,""pitch_deg"":1.8,""steady"":true}"
23.109,right_hand,og,acc,3080728,"{""seq"":1121,""x_mg"":208,""y_mg"":-12,""z_mg"":960}"
23.109,right_hand,og,tilt,,"{""roll_deg"":2.3,""pitch_deg"":1.8,""steady"":true}"
23.141,right_hand,og,acc,3080749,"{""seq"":1122,""x_mg"":232,""y_mg"":-4,""z_mg"":964}"
23.141,right_hand,og,tilt,,"{""roll_deg"":2.3,""pitch_deg"":1.8,""steady"":true}"
23.141,right_hand,og,acc,3080770,"{""seq"":1123,""x_mg"":240,""y_mg"":-4,""z_mg"":956}"
23.141,right_hand,og,tilt,,"{""roll_deg"":2.3,""pitch_deg"":1.9,""steady"":true}"
23.172,right_hand,og,acc,3080790,"{""seq"":1124,""x_mg"":232,""y_mg"":12,""z_mg"":972}"
23.172,right_hand,og,tilt,,"{""roll_deg"":2.3,""pitch_deg"":2.1,""steady"":true}"
23.203,right_hand,og,acc,3080811,"{""seq"":1125,""x_mg"":252,""y_mg"":16,""z_mg"":960}"
23.203,right_hand,og,tilt,,"{""roll_deg"":2.3,""pitch_deg"":2.4,""steady"":true}"
23.203,right_hand,og,acc,3080831,"{""seq"":1126,""x_mg"":248,""y_mg"":24,""z_mg"":972}"
23.203,right_hand,og,tilt,,"{""roll_deg"":2.3,""pitch_deg"":2.7,""steady"":true}"
23.250,right_hand,og,acc,3080852,"{""seq"":1127,""x_mg"":244,""y_mg"":32,""z_mg"":964}"
23.250,right_hand,og,tilt,,"{""roll_deg"":2.3,""pitch_deg"":3.0,""steady"":true}"
23.281,right_hand,og,acc,3080872,"{""seq"":1128,""x_mg"":236,""y_mg"":40,""z_mg"":980}"
23.281,right_hand,og,tilt,,"{""roll_deg"":2.3,""pitch_deg"":3.2,""steady"":true}"
23.281,right_hand,og,acc,3080893,"{""seq"":1129,""x_mg"":216,""y_mg"":40,""z_mg"":992}"
23.281,right_hand,og,tilt,,"{""roll_deg"":2.3,""pitch_deg"":3.2,""steady"":true}"
23.312,right_hand,og,acc,3080914,"{""seq"":1130,""x_mg"":208,""y_mg"":32,""z_mg"":988}"
23.312,right_hand,og,tilt,,"{""roll_deg"":2.3,""pitch_deg"":3.2,""steady"":true}"
23.344,right_hand,og,acc,3080934,"{""seq"":1131,""x_mg"":208,""y_mg"":12,""z_mg"":988}"
23.344,right_hand,og,tilt,,"{""roll_deg"":2.4,""pitch_deg"":3.2,""steady"":true}"
23.344,right_hand,og,acc,3080955,"{""seq"":1132,""x_mg"":204,""y_mg"":-24,""z_mg"":980}"
23.344,right_hand,og,tilt,,"{""roll_deg"":2.4,""pitch_deg"":3.2,""steady"":true}"
23.375,right_hand,og,acc,3080975,"{""seq"":1133,""x_mg"":200,""y_mg"":-20,""z_mg"":980}"
23.375,right_hand,og,tilt,,"{""roll_deg"":2.4,""pitch_deg"":3.2,""steady"":true}"
23.406,right_hand,og,acc,3080996,"{""seq"":1134,""x_mg"":188,""y_mg"":-28,""z_mg"":980}"
23.406,right_hand,og,tilt,,"{""roll_deg"":2.4,""pitch_deg"":3.2,""steady"":true}"
23.406,right_hand,og,acc,3081016,"{""seq"":1135,""x_mg"":188,""y_mg"":-24,""z_mg"":980}"
23.406,right_hand,og,tilt,,"{""roll_deg"":2.4,""pitch_deg"":3.2,""steady"":true}"
23.437,right_hand,og,acc,3081037,"{""seq"":1136,""x_mg"":172,""y_mg"":-28,""z_mg"":980}"
23.437,right_hand,og,tilt,,"{""roll_deg"":2.4,""pitch_deg"":3.1,""steady"":true}"
23.437,right_hand,og,acc,3081057,"{""seq"":1137,""x_mg"":168,""y_mg"":-32,""z_mg"":984}"
23.437,right_hand,og,tilt,,"{""roll_deg"":2.2,""pitch_deg"":2.8,""steady"":true}"
23.469,right_hand,og,acc,3081078,"{""seq"":1138,""x_mg"":164,""y_mg"":-24,""z_mg"":976}"
23.469,right_hand,og,tilt,,"{""roll_deg"":2.0,""pitch_deg"":2.4,""steady"":true}"
23.500,right_hand,og,acc,3081099,"{""seq"":1139,""x_mg"":164,""y_mg"":-28,""z_mg"":984}"
23.500,right_hand,og,tilt,,"{""roll_deg"":1.8,""pitch_deg"":2.0,""steady"":true}"
23.500,right_hand,og,acc,3081119,"{""seq"":1140,""x_mg"":132,""y_mg"":-32,""z_mg"":992}"
23.500,right_hand,og,tilt,,"{""roll_deg"":1.7,""pitch_deg"":1.7,""steady"":true}"
23.531,right_hand,og,acc,3081140,"{""seq"":1141,""x_mg"":144,""y_mg"":-20,""z_mg"":984}"
23.531,right_hand,og,tilt,,"{""roll_deg"":1.5,""pitch_deg"":1.2,""steady"":true}"
23.562,right_hand,og,acc,3081160,"{""seq"":1142,""x_mg"":160,""y_mg"":-20,""z_mg"":996}"
23.562,right_hand,og,tilt,,"{""roll_deg"":1.4,""pitch_deg"":0.8,""steady"":true}"
23.562,right_hand,og,acc,3081181,"{""seq"":1143,""x_mg"":152,""y_mg"":-16,""z_mg"":1004}"
23.562,right_hand,og,tilt,,"{""roll_deg"":1.4,""pitch_deg"":0.5,""steady"":true}"
23.594,right_hand,og,acc,3081201,"{""seq"":1144,""x_mg"":144,""y_mg"":-32,""z_mg"":992}"
23.594,right_hand,og,tilt,,"{""roll_deg"":1.4,""pitch_deg"":0.2,""steady"":true}"
23.625,right_hand,og,acc,3081222,"{""seq"":1145,""x_mg"":136,""y_mg"":-20,""z_mg"":1004}"
23.625,right_hand,og,tilt,,"{""roll_deg"":1.3,""pitch_deg"":-0.0,""steady"":true}"
23.625,right_hand,og,acc,3081243,"{""seq"":1146,""x_mg"":144,""y_mg"":-44,""z_mg"":996}"
23.625,right_hand,og,tilt,,"{""roll_deg"":1.2,""pitch_deg"":-0.2,""steady"":true}"
23.641,right_hand,og,acc,3081263,"{""seq"":1147,""x_mg"":160,""y_mg"":-48,""z_mg"":996}"
23.641,right_hand,og,tilt,,"{""roll_deg"":1.0,""pitch_deg"":-0.4,""steady"":true}"
23.672,right_hand,og,acc,3081284,"{""seq"":1148,""x_mg"":168,""y_mg"":-44,""z_mg"":980}"
23.672,right_hand,og,tilt,,"{""roll_deg"":0.8,""pitch_deg"":-0.4,""steady"":true}"
23.703,right_hand,og,acc,3081304,"{""seq"":1149,""x_mg"":172,""y_mg"":-32,""z_mg"":1000}"
23.703,right_hand,og,tilt,,"{""roll_deg"":0.7,""pitch_deg"":-0.4,""steady"":true}"
23.703,right_hand,og,acc,3081325,"{""seq"":1150,""x_mg"":156,""y_mg"":-20,""z_mg"":1008}"
23.703,right_hand,og,tilt,,"{""roll_deg"":0.6,""pitch_deg"":-0.4,""steady"":true}"
23.734,right_hand,og,acc,3081345,"{""seq"":1151,""x_mg"":136,""y_mg"":-40,""z_mg"":988}"
23.734,right_hand,og,tilt,,"{""roll_deg"":0.6,""pitch_deg"":-0.4,""steady"":true}"
23.766,right_hand,og,acc,3081366,"{""seq"":1152,""x_mg"":144,""y_mg"":-48,""z_mg"":980}"
23.766,right_hand,og,tilt,,"{""roll_deg"":0.5,""pitch_deg"":-0.4,""steady"":true}"
23.766,right_hand,og,acc,3081387,"{""seq"":1153,""x_mg"":156,""y_mg"":-64,""z_mg"":988}"
23.766,right_hand,og,tilt,,"{""roll_deg"":0.4,""pitch_deg"":-0.4,""steady"":true}"
23.797,right_hand,og,acc,3081407,"{""seq"":1154,""x_mg"":132,""y_mg"":-72,""z_mg"":980}"
23.797,right_hand,og,tilt,,"{""roll_deg"":0.1,""pitch_deg"":-0.5,""steady"":true}"
23.797,right_hand,og,acc,3081428,"{""seq"":1155,""x_mg"":120,""y_mg"":-72,""z_mg"":976}"
23.797,right_hand,og,tilt,,"{""roll_deg"":-0.2,""pitch_deg"":-0.7,""steady"":true}"
23.828,right_hand,og,acc,3081448,"{""seq"":1156,""x_mg"":120,""y_mg"":-88,""z_mg"":976}"
23.828,right_hand,og,tilt,,"{""roll_deg"":-0.5,""pitch_deg"":-0.9,""steady"":true}"
23.875,right_hand,og,acc,3081469,"{""seq"":1157,""x_mg"":136,""y_mg"":-104,""z_mg"":988}"
23.875,right_hand,og,tilt,,"{""roll_deg"":-0.9,""pitch_deg"":-1.1,""steady"":true}"
23.875,right_hand,og,acc,3081489,"{""seq"":1158,""x_mg"":160,""y_mg"":-100,""z_mg"":976}"
23.875,right_hand,og,tilt,,"{""roll_deg"":-1.4,""pitch_deg"":-1.2,""steady"":true}"
23.906,right_hand,og,acc,3081510,"{""seq"":1159,""x_mg"":132,""y_mg"":-88,""z_mg"":992}"
23.906,right_hand,og,tilt,,"{""roll_deg"":-1.8,""pitch_deg"":-1.3,""steady"":true}"
23.937,right_hand,og,acc,3081531,"{""seq"":1160,""x_mg"":116,""y_mg"":-72,""z_mg"":984}"
23.937,right_hand,og,tilt,,"{""roll_deg"":-2.0,""pitch_deg"":-1.3,""steady"":true}"
23.937,right_hand,og,acc,3081551,"{""seq"":1161,""x_mg"":124,""y_mg"":-76,""z_mg"":972}"
23.937,right_hand,og,tilt,,"{""roll_deg"":-2.1,""pitch_deg"":-1.4,""steady"":true}"
23.969,right_hand,og,acc,3081572,"{""seq"":1162,""x_mg"":116,""y_mg"":-100,""z_mg"":980}"
23.969,right_hand,og,tilt,,"{""roll_deg"":-2.1,""pitch_deg"":-1.6,""steady"":true}"
24.000,right_hand,og,acc,3081592,"{""seq"":1163,""x_mg"":128,""y_mg"":-120,""z_mg"":988}"
24.000,right_hand,og,tilt,,"{""roll_deg"":-2.3,""pitch_deg"":-1.7,""steady"":true}"
24.000,right_hand,og,acc,3081613,"{""seq"":1164,""x_mg"":124,""y_mg"":-100,""z_mg"":988}"
24.000,right_hand,og,tilt,,"{""roll_deg"":-2.5,""pitch_deg"":-1.8,""steady"":true}"
24.031,right_hand,og,acc,3081633,"{""seq"":1165,""x_mg"":124,""y_mg"":-104,""z_mg"":992}"
24.031,right_hand,og,tilt,,"{""roll_deg"":-2.7,""pitch_deg"":-1.8,""steady"":true}"
24.062,right_hand,og,acc,3081654,"{""seq"":1166,""x_mg"":128,""y_mg"":-100,""z_mg"":992}"
24.062,right_hand,og,tilt,,"{""roll_deg"":-2.9,""pitch_deg"":-1.9,""steady"":true}"
24.062,right_hand,og,acc,3081675,"{""seq"":1167,""x_mg"":124,""y_mg"":-100,""z_mg"":988}"
24.062,right_hand,og,tilt,,"{""roll_deg"":-3.0,""pitch_deg"":-1.9,""steady"":true}"
24.094,right_hand,og,acc,3081695,"{""seq"":1168,""x_mg"":124,""y_mg"":-88,""z_mg"":984}"
24.094,right_hand,og,tilt,,"{""roll_deg"":-3.0,""pitch_deg"":-2.0,""steady"":true}"
24.125,right_hand,og,acc,3081716,"{""seq"":1169,""x_mg"":136,""y_mg"":-76,""z_mg"":984}"
24.125,right_hand,og,tilt,,"{""roll_deg"":-3.0,""pitch_deg"":-2.0,""steady"":true}"
24.125,right_hand,og,acc,3081736,"{""seq"":1170,""x_mg"":144,""y_mg"":-84,""z_mg"":984}"
24.125,right_hand,og,tilt,,"{""roll_deg"":-3.0,""pitch_deg"":-2.0,""steady"":true}"
24.156,right_hand,og,acc,3081757,"{""seq"":1171,""x_mg"":152,""y_mg"":-88,""z_mg"":984}"
24.156,right_hand,og,tilt,,"{""roll_deg"":-3.0,""pitch_deg"":-2.0,""steady"":true}"
24.156,right_hand,og,acc,3081777,"{""seq"":1172,""x_mg"":148,""y_mg"":-80,""z_mg"":992}"
24.156,right_hand,og,tilt,,"{""roll_deg"":-3.0,""pitch_deg"":-2.0,""steady"":true}"
24.187,right_hand,og,acc,3081798,"{""seq"":1173,""x_mg"":152,""y_mg"":-60,""z_mg"":988}"
24.187,right_hand,og,tilt,,"{""roll_deg"":-3.0,""pitch_deg"":-2.0,""steady"":true}"
24.219,right_hand,og,acc,3081818,"{""seq"":1174,""x_mg"":144,""y_mg"":-64,""z_mg"":984}"
24.219,right_hand,og,tilt,,"{""roll_deg"":-3.0,""pitch_deg"":-2.0,""steady"":true}"
24.219,right_hand,og,acc,3081839,"{""seq"":1175,""x_mg"":152,""y_mg"":-72,""z_mg"":988}"
24.219,right_hand,og,tilt,,"{""roll_deg"":-3.0,""pitch_deg"":-2.0,""steady"":true}"
24.250,right_hand,og,acc,3081860,"{""seq"":1176,""x_mg"":140,""y_mg"":-56,""z_mg"":988}"
24.250,right_hand,og,tremor,,"{""rms_mg"":13.9,""peak_hz"":8.0}"
24.250,right_hand,og,tilt,,"{""roll_deg"":-3.0,""pitch_deg"":-2.0,""steady"":true}"
24.266,right_hand,og,acc,3081880,"{""seq"":1177,""x_mg"":136,""y_mg"":-64,""z_mg"":988}"
24.266,right_hand,og,tilt,,"{""roll_deg"":-3.0,""pitch_deg"":-2.0,""steady"":true}"
24.266,right_hand,og,acc,3081901,"{""seq"":1178,""x_mg"":132,""y_mg"":-64,""z_mg"":984}"
24.266,right_hand,og,tilt,,"{""roll_deg"":-3.0,""pitch_deg"":-2.0,""steady"":true}"
24.297,right_hand,og,acc,3081921,"{""seq"":1179,""x_mg"":156,""y_mg"":-60,""z_mg"":1000}"
24.297,right_hand,og,tilt,,"{""roll_deg"":-3.0,""pitch_deg"":-2.0,""steady"":true}"
24.328,right_hand,og,acc,3081942,"{""seq"":1180,""x_mg"":148,""y_mg"":-60,""z_mg"":992}"
24.328,right_hand,og,tilt,,"{""roll_deg"":-2.9,""pitch_deg"":-2.0,""steady"":true}"
24.359,right_hand,og,acc,3081962,"{""seq"":1181,""x_mg"":148,""y_mg"":-68,""z_mg"":1000}"
24.359,right_hand,og,tilt,,"{""roll_deg"":-2.8,""pitch_deg"":-2.0,""steady"":true}"
24.359,right_hand,og,acc,3081983,"{""seq"":1182,""x_mg"":148,""y_mg"":-72,""z_mg"":1012}"
24.359,right_hand,og,tilt,,"{""roll_deg"":-2.8,""pitch_deg"":-2.0,""steady"":true}"
24.391,right_hand,og,acc,3082004,"{""seq"":1183,""x_mg"":144,""y_mg"":-64,""z_mg"":1004}"
24.391,right_hand,og,tilt,,"{""roll_deg"":-2.7,""pitch_deg"":-2.0,""steady"":true}"
24.422,right_hand,og,acc,3082024,"{""seq"":1184,""x_mg"":156,""y_mg"":-56,""z_mg"":1004}"
24.422,right_hand,og,tilt,,"{""roll_deg"":-2.7,""pitch_deg"":-2.0,""steady"":true}"
24.422,right_hand,og,acc,3082045,"{""seq"":1185,""x_mg"":152,""y_mg"":-48,""z_mg"":996}"
24.422,right_hand,og,tilt,,"{""roll_deg"":-2.5,""pitch_deg"":-2.0,""steady"":true}"
24.453,right_hand,og,acc,3082065,"{""seq"":1186,""x_mg"":148,""y_mg"":-60,""z_mg"":988}"
24.453,right_hand,og,tilt,,"{""roll_deg"":-2.4,""pitch_deg"":-2.0,""steady"":true}"
24.469,,game,brick,,"{""n"":12}"
24.484,right_hand,og,acc,3082086,"{""seq"":1187,""x_mg"":160,""y_mg"":-48,""z_mg"":992}"
24.484,right_hand,og,tilt,,"{""roll_deg"":-2.3,""pitch_deg"":-2.0,""steady"":true}"
24.484,right_hand,og,acc,3082106,"{""seq"":1188,""x_mg"":168,""y_mg"":-56,""z_mg"":996}"
24.484,right_hand,og,tilt,,"{""roll_deg"":-2.2,""pitch_deg"":-1.9,""steady"":true}"
24.516,right_hand,og,acc,3082127,"{""seq"":1189,""x_mg"":156,""y_mg"":-48,""z_mg"":984}"
24.516,right_hand,og,tilt,,"{""roll_deg"":-2.1,""pitch_deg"":-1.8,""steady"":true}"
24.516,right_hand,og,acc,3082148,"{""seq"":1190,""x_mg"":164,""y_mg"":-60,""z_mg"":976}"
24.516,right_hand,og,tilt,,"{""roll_deg"":-2.1,""pitch_deg"":-1.6,""steady"":true}"
24.547,right_hand,og,acc,3082168,"{""seq"":1191,""x_mg"":176,""y_mg"":-52,""z_mg"":984}"
24.547,right_hand,og,tilt,,"{""roll_deg"":-2.0,""pitch_deg"":-1.5,""steady"":true}"
24.594,right_hand,og,acc,3082189,"{""seq"":1192,""x_mg"":176,""y_mg"":-60,""z_mg"":968}"
24.594,right_hand,og,tilt,,"{""roll_deg"":-2.0,""pitch_deg"":-1.3,""steady"":true}"
24.594,right_hand,og,acc,3082209,"{""seq"":1193,""x_mg"":168,""y_mg"":-64,""z_mg"":980}"
24.594,right_hand,og,tilt,,"{""roll_deg"":-2.0,""pitch_deg"":-1.1,""steady"":true}"
24.625,right_hand,og,acc,3082230,"{""seq"":1194,""x_mg"":168,""y_mg"":-72,""z_mg"":976}"
24.625,right_hand,og,tilt,,"{""roll_deg"":-2.0,""pitch_deg"":-1.0,""steady"":true}"
24.656,right_hand,og,acc,3082250,"{""seq"":1195,""x_mg"":176,""y_mg"":-88,""z_mg"":976}"
24.656,right_hand,og,tilt,,"{""roll_deg"":-2.0,""pitch_deg"":-1.0,""steady"":true}"
24.656,right_hand,og,acc,3082271,"{""seq"":1196,""x_mg"":176,""y_mg"":-52,""z_mg"":972}"
24.656,right_hand,og,tilt,,"{""roll_deg"":-2.0,""pitch_deg"":-0.8,""steady"":true}"
24.687,right_hand,og,acc,3082292,"{""seq"":1197,""x_mg"":188,""y_mg"":-44,""z_mg"":980}"
24.687,right_hand,og,tilt,,"{""roll_deg"":-2.0,""pitch_deg"":-0.7,""steady"":true}"
24.719,right_hand,og,acc,3082312,"{""seq"":1198,""x_mg"":172,""y_mg"":-40,""z_mg"":972}"
24.719,right_hand,og,tilt,,"{""roll_deg"":-2.0,""pitch_deg"":-0.6,""steady"":true}"
24.719,right_hand,og,acc,3082333,"{""seq"":1199,""x_mg"":176,""y_mg"":-64,""z_mg"":964}"
24.719,right_hand,og,tilt,,"{""roll_deg"":-1.9,""pitch_deg"":-0.5,""steady"":true}"
24.750,right_hand,og,acc,3082353,"{""seq"":1200,""x_mg"":180,""y_mg"":-60,""z_mg"":968}"
24.750,right_hand,og,tilt,,"{""roll_deg"":-1.9,""pitch_deg"":-0.4,""steady"":true}"
24.781,right_hand,og,acc,3082374,"{""seq"":1201,""x_mg"":192,""y_mg"":-52,""z_mg"":964}"
24.781,right_hand,og,tilt,,"{""roll_deg"":-1.9,""pitch_deg"":-0.3,""steady"":true}"
24.781,right_hand,og,acc,3082394,"{""seq"":1202,""x_mg"":180,""y_mg"":-52,""z_mg"":976}"
24.781,right_hand,og,tilt,,"{""roll_deg"":-1.9,""pitch_deg"":-0.2,""steady"":true}"
24.812,right_hand,og,acc,3082415,"{""seq"":1203,""x_mg"":180,""y_mg"":-40,""z_mg"":980}"
24.812,right_hand,og,tilt,,"{""roll_deg"":-1.9,""pitch_deg"":-0.1,""steady"":true}"
24.844,right_hand,og,acc,3082435,"{""seq"":1204,""x_mg"":180,""y_mg"":-36,""z_mg"":980}"
24.844,right_hand,og,tilt,,"{""roll_deg"":-1.8,""pitch_deg"":-0.1,""steady"":true}"
24.844,right_hand,og,acc,3082456,"{""seq"":1205,""x_mg"":176,""y_mg"":-36,""z_mg"":980}"
24.844,right_hand,og,tilt,,"{""roll_deg"":-1.6,""pitch_deg"":-0.0,""steady"":true}"
24.875,right_hand,og,acc,3082477,"{""seq"":1206,""x_mg"":168,""y_mg"":-36,""z_mg"":980}"
24.875,right_hand,og,tilt,,"{""roll_deg"":-1.5,""pitch_deg"":-0.0,""steady"":true}"
24.875,right_hand,og,acc,3082497,"{""seq"":1207,""x_mg"":168,""y_mg"":-32,""z_mg"":980}"
24.875,right_hand,og,tilt,,"{""roll_deg"":-1.4,""pitch_deg"":-0.0,""steady"":true}"
24.891,right_hand,og,acc,3082518,"{""seq"":1208,""x_mg"":180,""y_mg"":-36,""z_mg"":980}"
24.891,right_hand,og,tilt,,"{""roll_deg"":-1.3,""pitch_deg"":-0.0,""steady"":true}"
24.922,right_hand,og,acc,3082538,"{""seq"":1209,""x_mg"":188,""y_mg"":-28,""z_mg"":988}"
24.922,right_hand,og,tilt,,"{""roll_deg"":-1.2,""pitch_deg"":-0.0,""steady"":true}"
24.953,right_hand,og,acc,3082559,"{""seq"":1210,""x_mg"":188,""y_mg"":-40,""z_mg"":976}"
24.953,right_hand,og,tilt,,"{""roll_deg"":-1.1,""pitch_deg"":-0.0,""steady"":true}"
24.984,right_hand,og,acc,3082579,"{""seq"":1211,""x_mg"":184,""y_mg"":-40,""z_mg"":976}"
24.984,right_hand,og,tilt,,"{""roll_deg"":-1.1,""pitch_deg"":0.1,""steady"":true}"
24.984,right_hand,og,acc,3082600,"{""seq"":1212,""x_mg"":184,""y_mg"":-32,""z_mg"":984}"
24.984,right_hand,og,tilt,,"{""roll_deg"":-1.1,""pitch_deg"":0.1,""steady"":true}"
25.016,right_hand,og,acc,3082621,"{""seq"":1213,""x_mg"":196,""y_mg"":-20,""z_mg"":988}"
25.016,right_hand,og,tilt,,"{""roll_deg"":-1.0,""pitch_deg"":0.1,""steady"":true}"
25.016,right_hand,og,acc,3082641,"{""seq"":1214,""x_mg"":204,""y_mg"":-36,""z_mg"":976}"
25.016,right_hand,og,tilt,,"{""roll_deg"":-0.9,""pitch_deg"":0.2,""steady"":true}"
25.047,right_hand,og,acc,3082662,"{""seq"":1215,""x_mg"":196,""y_mg"":-28,""z_mg"":980}"
25.047,right_hand,og,tilt,,"{""roll_deg"":-0.8,""pitch_deg"":0.4,""steady"":true}"
25.078,right_hand,og,acc,3082682,"{""seq"":1216,""x_mg"":204,""y_mg"":-20,""z_mg"":976}"
25.078,right_hand,og,tilt,,"{""roll_deg"":-0.7,""pitch_deg"":0.5,""steady"":true}"
25.078,right_hand,og,acc,3082703,"{""seq"":1217,""x_mg"":200,""y_mg"":-20,""z_mg"":976}"
25.078,right_hand,og,tilt,,"{""roll_deg"":-0.6,""pitch_deg"":0.6,""steady"":true}"
25.094,right_hand,og,acc,3082723,"{""seq"":1218,""x_mg"":208,""y_mg"":-28,""z_mg"":972}"
25.094,right_hand,og,tilt,,"{""roll_deg"":-0.5,""pitch_deg"":0.8,""steady"":true}"
25.125,right_hand,og,acc,3082744,"{""seq"":1219,""x_mg"":192,""y_mg"":-16,""z_mg"":984}"
25.125,right_hand,og,tilt,,"{""roll_deg"":-0.4,""pitch_deg"":0.8,""steady"":true}"
25.156,right_hand,og,acc,3082765,"{""seq"":1220,""x_mg"":180,""y_mg"":-32,""z_mg"":968}"
25.156,right_hand,og,tilt,,"{""roll_deg"":-0.4,""pitch_deg"":0.8,""steady"":true}"
25.156,right_hand,og,acc,3082785,"{""seq"":1221,""x_mg"":188,""y_mg"":-48,""z_mg"":980}"
25.156,right_hand,og,tilt,,"{""roll_deg"":-0.4,""pitch_deg"":0.8,""steady"":true}"
25.187,right_hand,og,acc,3082806,"{""seq"":1222,""x_mg"":172,""y_mg"":-60,""z_mg"":968}"
25.187,right_hand,og,tilt,,"{""roll_deg"":-0.4,""pitch_deg"":0.8,""steady"":true}"
25.219,right_hand,og,acc,3082826,"{""seq"":1223,""x_mg"":180,""y_mg"":-64,""z_mg"":972}"
25.219,right_hand,og,tilt,,"{""roll_deg"":-0.4,""pitch_deg"":0.8,""steady"":true}"
25.219,right_hand,og,acc,3082847,"{""seq"":1224,""x_mg"":184,""y_mg"":-84,""z_mg"":976}"
25.219,right_hand,og,tilt,,"{""roll_deg"":-0.4,""pitch_deg"":0.8,""steady"":true}"
25.250,right_hand,og,acc,3082867,"{""seq"":1225,""x_mg"":196,""y_mg"":-68,""z_mg"":980}"
25.250,right_hand,og,tilt,,"{""roll_deg"":-0.4,""pitch_deg"":0.8,""steady"":true}"
25.281,right_hand,og,acc,3082888,"{""seq"":1226,""x_mg"":192,""y_mg"":-56,""z_mg"":984}"
25.281,right_hand,og,tilt,,"{""roll_deg"":-0.4,""pitch_deg"":0.8,""steady"":true}"
25.281,right_hand,og,acc,3082909,"{""seq"":1227,""x_mg"":184,""y_mg"":-24,""z_mg"":996}"
25.281,right_hand,og,tilt,,"{""roll_deg"":-0.4,""pitch_deg"":0.8,""steady"":true}"
25.312,right_hand,og,acc,3082929,"{""seq"":1228,""x_mg"":196,""y_mg"":-36,""z_mg"":988}"
25.312,right_hand,og,tilt,,"{""roll_deg"":-0.4,""pitch_deg"":0.8,""steady"":true}"
25.328,right_hand,og,acc,3082950,"{""seq"":1229,""x_mg"":192,""y_mg"":-28,""z_mg"":992}"
25.328,right_hand,og,tilt,,"{""roll_deg"":-0.4,""pitch_deg"":0.8,""steady"":true}"
25.359,right_hand,og,acc,3082970,"{""seq"":1230,""x_mg"":204,""y_mg"":-12,""z_mg"":980}"
25.359,right_hand,og,tilt,,"{""roll_deg"":-0.4,""pitch_deg"":0.8,""steady"":true}"
25.359,right_hand,og,acc,3082991,"{""seq"":1231,""x_mg"":208,""y_mg"":4,""z_mg"":976}"
25.359,right_hand,og,tilt,,"{""roll_deg"":-0.4,""pitch_deg"":0.8,""steady"":true}"
25.406,right_hand,og,acc,3083011,"{""seq"":1232,""x_mg"":212,""y_mg"":16,""z_mg"":980}"
25.406,right_hand,og,tilt,,"{""roll_deg"":-0.4,""pitch_deg"":0.9,""steady"":true}"
25.437,right_hand,og,acc,3083032,"{""seq"":1233,""x_mg"":196,""y_mg"":4,""z_mg"":980}"
25.437,right_hand,og,tilt,,"{""roll_deg"":-0.3,""pitch_deg"":1.0,""steady"":true}"
25.437,right_hand,og,acc,3083053,"{""seq"":1234,""x_mg"":192,""y_mg"":-8,""z_mg"":984}"
25.437,right_hand,og,tilt,,"{""roll_deg"":0.0,""pitch_deg"":1.0,""steady"":true}"
25.469,right_hand,og,acc,3083073,"{""seq"":1235,""x_mg"":212,""y_mg"":-28,""z_mg"":976}"
25.469,right_hand,og,tilt,,"{""roll_deg"":0.1,""pitch_deg"":1.1,""steady"":true}"
25.500,right_hand,og,acc,3083094,"{""seq"":1236,""x_mg"":204,""y_mg"":-24,""z_mg"":976}"
25.500,right_hand,og,tilt,,"{""roll_deg"":0.1,""pitch_deg"":1.1,""steady"":true}"
25.500,right_hand,og,acc,3083114,"{""seq"":1237,""x_mg"":204,""y_mg"":-12,""z_mg"":976}"
25.500,right_hand,og,tilt,,"{""roll_deg"":0.1,""pitch_deg"":1.2,""steady"":true}"
25.516,right_hand,og,acc,3083135,"{""seq"":1238,""x_mg"":200,""y_mg"":-16,""z_mg"":972}"
25.516,right_hand,og,tilt,,"{""roll_deg"":0.2,""pitch_deg"":1.2,""steady"":true}"
25.547,right_hand,og,acc,3083155,"{""seq"":1239,""x_mg"":192,""y_mg"":-16,""z_mg"":980}"
25.547,right_hand,og,tilt,,"{""roll_deg"":0.2,""pitch_deg"":1.2,""steady"":true}"
25.578,right_hand,og,acc,3083176,"{""seq"":1240,""x_mg"":216,""y_mg"":-28,""z_mg"":976}"
25.578,right_hand,og,tilt,,"{""roll_deg"":0.3,""pitch_deg"":1.3,""steady"":true}"
25.578,right_hand,og,acc,3083197,"{""seq"":1241,""x_mg"":228,""y_mg"":-12,""z_mg"":964}"
25.578,right_hand,og,tilt,,"{""roll_deg"":0.3,""pitch_deg"":1.4,""steady"":true}"
25.609,right_hand,og,acc,3083217,"{""seq"":1242,""x_mg"":236,""y_mg"":-12,""z_mg"":968}"
25.609,right_hand,og,tilt,,"{""roll_deg"":0.3,""pitch_deg"":1.6,""steady"":true}"
25.641,right_hand,og,acc,3083238,"{""seq"":1243,""x_mg"":236,""y_mg"":12,""z_mg"":968}"
25.641,right_hand,og,tilt,,"{""roll_deg"":0.4,""pitch_deg"":1.9,""steady"":true}"
25.641,right_hand,og,acc,3083258,"{""seq"":1244,""x_mg"":224,""y_mg"":16,""z_mg"":964}"
25.641,right_hand,og,tilt,,"{""roll_deg"":0.6,""pitch_deg"":2.1,""steady"":true}"
25.672,right_hand,og,acc,3083279,"{""seq"":1245,""x_mg"":240,""y_mg"":4,""z_mg"":944}"
25.672,right_hand,og,tilt,,"{""roll_deg"":0.8,""pitch_deg"":2.3,""steady"":true}"
25.703,right_hand,og,acc,3083299,"{""seq"":1246,""x_mg"":244,""y_mg"":12,""z_mg"":944}"
25.703,right_hand,og,tilt,,"{""roll_deg"":1.0,""pitch_deg"":2.6,""steady"":true}"
25.703,right_hand,og,acc,3083320,"{""seq"":1247,""x_mg"":264,""y_mg"":24,""z_mg"":944}"
25.703,right_hand,og,tilt,,"{""roll_deg"":1.2,""pitch_deg"":2.9,""steady"":true}"
25.734,right_hand,og,acc,3083340,"{""seq"":1248,""x_mg"":260,""y_mg"":32,""z_mg"":952}"
25.734,right_hand,og,tilt,,"{""roll_deg"":1.4,""pitch_deg"":3.3,""steady"":true}"
25.750,right_hand,og,acc,3083361,"{""seq"":1249,""x_mg"":232,""y_mg"":20,""z_mg"":960}"
25.750,right_hand,og,tilt,,"{""roll_deg"":1.7,""pitch_deg"":3.6,""steady"":true}"
25.781,right_hand,og,acc,3083382,"{""seq"":1250,""x_mg"":236,""y_mg"":16,""z_mg"":960}"
25.781,right_hand,og,tilt,,"{""roll_deg"":1.8,""pitch_deg"":3.6,""steady"":true}"
25.781,right_hand,og,acc,3083402,"{""seq"":1251,""x_mg"":252,""y_mg"":16,""z_mg"":972}"
25.781,right_hand,og,tilt,,"{""roll_deg"":1.9,""pitch_deg"":3.6,""steady"":true}"
25.812,right_hand,og,acc,3083423,"{""seq"":1252,""x_mg"":236,""y_mg"":16,""z_mg"":976}"
25.812,right_hand,og,tilt,,"{""roll_deg"":2.0,""pitch_deg"":3.6,""steady"":true}"
25.812,right_hand,og,acc,3083443,"{""seq"":1253,""x_mg"":236,""y_mg"":20,""z_mg"":976}"
25.812,right_hand,og,tilt,,"{""roll_deg"":2.0,""pitch_deg"":3.6,""steady"":true}"
25.844,right_hand,og,acc,3083464,"{""seq"":1254,""x_mg"":224,""y_mg"":4,""z_mg"":976}"
25.844,right_hand,og,tilt,,"{""roll_deg"":2.1,""pitch_deg"":3.6,""steady"":true}"
25.875,right_hand,og,acc,3083484,"{""seq"":1255,""x_mg"":220,""y_mg"":-8,""z_mg"":968}"
25.875,right_hand,og,tilt,,"{""roll_deg"":2.1,""pitch_deg"":3.6,""steady"":true}"
25.875,right_hand,og,acc,3083505,"{""seq"":1256,""x_mg"":228,""y_mg"":-16,""z_mg"":960}"
25.875,right_hand,og,tilt,,"{""roll_deg"":2.1,""pitch_deg"":3.6,""steady"":true}"
25.906,right_hand,og,acc,3083526,"{""seq"":1257,""x_mg"":224,""y_mg"":0,""z_mg"":968}"
25.906,right_hand,og,tilt,,"{""roll_deg"":2.1,""pitch_deg"":3.6,""steady"":true}"
25.937,right_hand,og,acc,3083546,"{""seq"":1258,""x_mg"":220,""y_mg"":-12,""z_mg"":972}"
25.937,right_hand,og,tilt,,"{""roll_deg"":2.1,""pitch_deg"":3.6,""steady"":true}"
25.969,right_hand,og,acc,3083567,"{""seq"":1259,""x_mg"":212,""y_mg"":-28,""z_mg"":976}"
25.969,right_hand,og,tilt,,"{""roll_deg"":2.1,""pitch_deg"":3.6,""steady"":true}"
26.000,right_hand,og,acc,3083587,"{""seq"":1260,""x_mg"":212,""y_mg"":-24,""z_mg"":976}"
26.000,right_hand,og,tilt,,"{""roll_deg"":2.1,""pitch_deg"":3.6,""steady"":true}"
26.000,right_hand,og,acc,3083608,"{""seq"":1261,""x_mg"":224,""y_mg"":-12,""z_mg"":980}"
26.000,right_hand,og,tilt,,"{""roll_deg"":2.1,""pitch_deg"":3.6,""steady"":true}"
26.031,right_hand,og,acc,3083628,"{""seq"":1262,""x_mg"":208,""y_mg"":-24,""z_mg"":984}"
26.031,right_hand,og,tilt,,"{""roll_deg"":2.1,""pitch_deg"":3.6,""steady"":true}"
26.031,right_hand,og,acc,3083649,"{""seq"":1263,""x_mg"":220,""y_mg"":-4,""z_mg"":988}"
26.031,right_hand,og,tilt,,"{""roll_deg"":2.0,""pitch_deg"":3.6,""steady"":true}"
26.062,right_hand,og,acc,3083670,"{""seq"":1264,""x_mg"":220,""y_mg"":-12,""z_mg"":976}"
26.062,right_hand,og,tilt,,"{""roll_deg"":2.0,""pitch_deg"":3.6,""steady"":true}"
26.094,right_hand,og,acc,3083690,"{""seq"":1265,""x_mg"":220,""y_mg"":-20,""z_mg"":984}"
26.094,right_hand,og,tilt,,"{""roll_deg"":1.9,""pitch_deg"":3.6,""steady"":true}"
26.094,right_hand,og,acc,3083711,"{""seq"":1266,""x_mg"":216,""y_mg"":-8,""z_mg"":972}"
26.094,right_hand,og,tilt,,"{""roll_deg"":1.9,""pitch_deg"":3.6,""steady"":true}"
26.125,right_hand,og,acc,3083731,"{""seq"":1267,""x_mg"":208,""y_mg"":-20,""z_mg"":964}"
26.125,right_hand,og,tilt,,"{""roll_deg"":1.8,""pitch_deg"":3.6,""steady"":true}"
26.141,right_hand,og,acc,3083752,"{""seq"":1268,""x_mg"":208,""y_mg"":-20,""z_mg"":968}"
26.141,right_hand,og,tilt,,"{""roll_deg"":1.7,""pitch_deg"":3.5,""steady"":true}"
26.141,right_hand,og,acc,3083772,"{""seq"":1269,""x_mg"":212,""y_mg"":-32,""z_mg"":964}"
26.141,right_hand,og,tilt,,"{""roll_deg"":1.7,""pitch_deg"":3.4,""steady"":true}"
26.187,right_hand,og,acc,3083793,"{""seq"":1270,""x_mg"":208,""y_mg"":-48,""z_mg"":944}"
26.187,right_hand,og,tilt,,"{""roll_deg"":1.5,""pitch_deg"":3.4,""steady"":true}"
26.219,right_hand,og,acc,3083813,"{""seq"":1271,""x_mg"":216,""y_mg"":-68,""z_mg"":940}"
26.219,right_hand,og,tilt,,"{""roll_deg"":1.2,""pitch_deg"":3.3,""steady"":true}"
26.219,right_hand,og,acc,3083834,"{""seq"":1272,""x_mg"":228,""y_mg"":-40,""z_mg"":936}"
26.219,right_hand,og,tilt,,"{""roll_deg"":0.9,""pitch_deg"":3.3,""steady"":true}"
26.250,right_hand,og,acc,3083855,"{""seq"":1273,""x_mg"":224,""y_mg"":-20,""z_mg"":948}"
26.250,right_hand,og,tilt,,"{""roll_deg"":0.8,""pitch_deg"":3.3,""steady"":true}"
26.250,right_hand,og,acc,3083875,"{""seq"":1274,""x_mg"":232,""y_mg"":-4,""z_mg"":948}"
26.250,right_hand,og,tremor,,"{""rms_mg"":13.2,""peak_hz"":4.2}"
26.250,right_hand,og,tilt,,"{""roll_deg"":0.8,""pitch_deg"":3.3,""steady"":true}"
26.281,right_hand,og,acc,3083896,"{""seq"":1275,""x_mg"":220,""y_mg"":-12,""z_mg"":964}"
26.281,right_hand,og,tilt,,"{""roll_deg"":0.8,""pitch_deg"":3.3,""steady"":true}"
26.312,right_hand,og,acc,3083916,"{""seq"":1276,""x_mg"":228,""y_mg"":-24,""z_mg"":980}"
26.312,right_hand,og,tilt,,"{""roll_deg"":0.8,""pitch_deg"":3.3,""steady"":true}"
26.312,right_hand,og,acc,3083937,"{""seq"":1277,""x_mg"":232,""y_mg"":-32,""z_mg"":992}"
26.312,right_hand,og,tilt,,"{""roll_deg"":0.8,""pitch_deg"":3.3,""steady"":true}"
26.344,right_hand,og,acc,3083957,"{""seq"":1278,""x_mg"":224,""y_mg"":-4,""z_mg"":992}"
26.344,right_hand,og,tilt,,"{""roll_deg"":0.8,""pitch_deg"":3.3,""steady"":true}"
26.375,right_hand,og,acc,3083978,"{""seq"":1279,""x_mg"":220,""y_mg"":4,""z_mg"":996}"
26.375,right_hand,og,tilt,,"{""roll_deg"":0.8,""pitch_deg"":3.3,""steady"":true}"
26.375,right_hand,og,acc,3083999,"{""seq"":1280,""x_mg"":224,""y_mg"":4,""z_mg"":988}"
26.375,right_hand,og,tilt,,"{""roll_deg"":0.8,""pitch_deg"":3.3,""steady"":true}"
26.406,right_hand,og,acc,3084019,"{""seq"":1281,""x_mg"":244,""y_mg"":-24,""z_mg"":1020}"
26.406,right_hand,og,tilt,,"{""roll_deg"":0.8,""pitch_deg"":3.3,""steady"":true}"
26.437,right_hand,og,acc,3084040,"{""seq"":1282,""x_mg"":228,""y_mg"":-24,""z_mg"":988}"
26.437,right_hand,og,tilt,,"{""roll_deg"":0.8,""pitch_deg"":3.3,""steady"":true}"
26.437,right_hand,og,acc,3084060,"{""seq"":1283,""x_mg"":224,""y_mg"":-16,""z_mg"":984}"
26.437,right_hand,og,tilt,,"{""roll_deg"":0.8,""pitch_deg"":3.3,""steady"":true}"
26.469,right_hand,og,acc,3084081,"{""seq"":1284,""x_mg"":220,""y_mg"":-16,""z_mg"":980}"
26.469,right_hand,og,tilt,,"{""roll_deg"":0.8,""pitch_deg"":3.3,""steady"":true}"
26.500,right_hand,og,acc,3084101,"{""seq"":1285,""x_mg"":216,""y_mg"":-20,""z_mg"":976}"
26.500,right_hand,og,tilt,,"{""roll_deg"":0.8,""pitch_deg"":3.3,""steady"":true}"
26.500,right_hand,og,acc,3084122,"{""seq"":1286,""x_mg"":196,""y_mg"":-44,""z_mg"":980}"
26.500,right_hand,og,tilt,,"{""roll_deg"":0.8,""pitch_deg"":3.3,""steady"":true}"
26.531,right_hand,og,acc,3084143,"{""seq"":1287,""x_mg"":200,""y_mg"":-56,""z_mg"":972}"
26.531,right_hand,og,tilt,,"{""roll_deg"":0.8,""pitch_deg"":3.3,""steady"":true}"
26.562,right_hand,og,acc,3084163,"{""seq"":1288,""x_mg"":208,""y_mg"":-56,""z_mg"":976}"
26.562,right_hand,og,tilt,,"{""roll_deg"":0.8,""pitch_deg"":3.3,""steady"":true}"
26.562,right_hand,og,acc,3084184,"{""seq"":1289,""x_mg"":204,""y_mg"":-64,""z_mg"":976}"
26.562,right_hand,og,tilt,,"{""roll_deg"":0.7,""pitch_deg"":3.2,""steady"":true}"
26.578,right_hand,og,acc,3084204,"{""seq"":1290,""x_mg"":200,""y_mg"":-52,""z_mg"":972}"
26.578,right_hand,og,tilt,,"{""roll_deg"":0.5,""pitch_deg"":3.1,""steady"":true}"
26.609,right_hand,og,acc,3084225,"{""seq"":1291,""x_mg"":204,""y_mg"":-60,""z_mg"":968}"
26.609,right_hand,og,tilt,,"{""roll_deg"":0.2,""pitch_deg"":3.0,""steady"":true}"
26.641,right_hand,og,acc,3084245,"{""seq"":1292,""x_mg"":204,""y_mg"":-72,""z_mg"":968}"
26.641,right_hand,og,tilt,,"{""roll_deg"":0.0,""pitch_deg"":3.0,""steady"":true}"
26.641,right_hand,og,acc,3084266,"{""seq"":1293,""x_mg"":204,""y_mg"":-68,""z_mg"":972}"
26.641,right_hand,og,tilt,,"{""roll_deg"":-0.2,""pitch_deg"":2.9,""steady"":true}"
26.672,right_hand,og,acc,3084287,"{""seq"":1294,""x_mg"":212,""y_mg"":-60,""z_mg"":968}"
26.672,right_hand,og,tilt,,"{""roll_deg"":-0.5,""pitch_deg"":2.9,""steady"":true}"
26.719,right_hand,og,acc,3084307,"{""seq"":1295,""x_mg"":208,""y_mg"":-60,""z_mg"":972}"
26.719,right_hand,og,tilt,,"{""roll_deg"":-0.6,""pitch_deg"":2.9,""steady"":true}"
26.719,right_hand,og,acc,3084328,"{""seq"":1296,""x_mg"":196,""y_mg"":-40,""z_mg"":976}"
26.719,right_hand,og,tilt,,"{""roll_deg"":-0.7,""pitch_deg"":2.8,""steady"":true}"
26.750,right_hand,og,acc,3084348,"{""seq"":1297,""x_mg"":208,""y_mg"":-16,""z_mg"":980}"
26.750,right_hand,og,tilt,,"{""roll_deg"":-0.7,""pitch_deg"":2.8,""steady"":true}"
26.750,right_hand,og,acc,3084369,"{""seq"":1298,""x_mg"":196,""y_mg"":-36,""z_mg"":972}"
26.750,right_hand,og,tilt,,"{""roll_deg"":-0.7,""pitch_deg"":2.7,""steady"":true}"
26.766,right_hand,og,acc,3084389,"{""seq"":1299,""x_mg"":212,""y_mg"":-52,""z_mg"":968}"
26.766,right_hand,og,tilt,,"{""roll_deg"":-0.7,""pitch_deg"":2.7,""steady"":true}"
26.812,right_hand,og,acc,3084410,"{""seq"":1300,""x_mg"":216,""y_mg"":-56,""z_mg"":972}"
26.812,right_hand,og,tilt,,"{""roll_deg"":-0.7,""pitch_deg"":2.7,""steady"":true}"
26.812,right_hand,og,acc,3084430,"{""seq"":1301,""x_mg"":204,""y_mg"":-48,""z_mg"":976}"
26.812,right_hand,og,tilt,,"{""roll_deg"":-0.7,""pitch_deg"":2.7,""steady"":true}"
26.844,right_hand,og,acc,3084451,"{""seq"":1302,""x_mg"":192,""y_mg"":-36,""z_mg"":992}"
26.844,right_hand,og,tilt,,"{""roll_deg"":-0.7,""pitch_deg"":2.7,""steady"":true}"
26.859,,game,brick,,"{""n"":13}"
26.875,right_hand,og,acc,3084472,"{""seq"":1303,""x_mg"":204,""y_mg"":-44,""z_mg"":976}"
26.875,right_hand,og,tilt,,"{""roll_deg"":-0.7,""pitch_deg"":2.7,""steady"":true}"
26.875,right_hand,og,acc,3084492,"{""seq"":1304,""x_mg"":208,""y_mg"":-48,""z_mg"":980}"
26.875,right_hand,og,tilt,,"{""roll_deg"":-0.7,""pitch_deg"":2.7,""steady"":true}"
26.906,right_hand,og,acc,3084513,"{""seq"":1305,""x_mg"":200,""y_mg"":-36,""z_mg"":984}"
26.906,right_hand,og,tilt,,"{""roll_deg"":-0.7,""pitch_deg"":2.7,""steady"":true}"
26.937,right_hand,og,acc,3084533,"{""seq"":1306,""x_mg"":196,""y_mg"":-48,""z_mg"":976}"
26.937,right_hand,og,tilt,,"{""roll_deg"":-0.7,""pitch_deg"":2.6,""steady"":true}"
26.937,right_hand,og,acc,3084554,"{""seq"":1307,""x_mg"":200,""y_mg"":-72,""z_mg"":972}"
26.937,right_hand,og,tilt,,"{""roll_deg"":-0.7,""pitch_deg"":2.6,""steady"":true}"
26.969,right_hand,og,acc,3084574,"{""seq"":1308,""x_mg"":216,""y_mg"":-52,""z_mg"":960}"
26.969,right_hand,og,tilt,,"{""roll_deg"":-0.7,""pitch_deg"":2.5,""steady"":true}"
27.000,right_hand,og,acc,3084595,"{""seq"":1309,""x_mg"":220,""y_mg"":-32,""z_mg"":968}"
27.000,right_hand,og,tilt,,"{""roll_deg"":-0.7,""pitch_deg"":2.5,""steady"":true}"
27.000,right_hand,og,acc,3084616,"{""seq"":1310,""x_mg"":220,""y_mg"":0,""z_mg"":956}"
27.000,right_hand,og,tilt,,"{""roll_deg"":-0.7,""pitch_deg"":2.5,""steady"":true}"
27.031,right_hand,og,acc,3084636,"{""seq"":1311,""x_mg"":220,""y_mg"":4,""z_mg"":960}"
27.031,right_hand,og,tilt,,"{""roll_deg"":-0.7,""pitch_deg"":2.5,""steady"":true}"
27.062,right_hand,og,acc,3084657,"{""seq"":1312,""x_mg"":208,""y_mg"":0,""z_mg"":960}"
27.062,right_hand,og,tilt,,"{""roll_deg"":-0.7,""pitch_deg"":2.5,""steady"":true}"
27.062,right_hand,og,acc,3084677,"{""seq"":1313,""x_mg"":224,""y_mg"":-12,""z_mg"":976}"
27.062,right_hand,og,tilt,,"{""roll_deg"":-0.4,""pitch_deg"":2.5,""steady"":true}"
27.094,right_hand,og,acc,3084698,"{""seq"":1314,""x_mg"":228,""y_mg"":-16,""z_mg"":972}"
27.094,right_hand,og,tilt,,"{""roll_deg"":-0.3,""pitch_deg"":2.5,""steady"":true}"
27.094,right_hand,og,acc,3084718,"{""seq"":1315,""x_mg"":220,""y_mg"":-16,""z_mg"":972}"
27.094,right_hand,og,tilt,,"{""roll_deg"":-0.2,""pitch_deg"":2.5,""steady"":true}"
27.125,right_hand,og,acc,3084739,"{""seq"":1316,""x_mg"":204,""y_mg"":8,""z_mg"":972}"
27.125,right_hand,og,tilt,,"{""roll_deg"":-0.1,""pitch_deg"":2.5,""steady"":true}"
27.156,right_hand,og,acc,3084760,"{""seq"":1317,""x_mg"":172,""y_mg"":4,""z_mg"":976}"
27.156,right_hand,og,tilt,,"{""roll_deg"":0.2,""pitch_deg"":2.5,""steady"":true}"
27.156,right_hand,og,acc,3084780,"{""seq"":1318,""x_mg"":184,""y_mg"":-12,""z_mg"":988}"
27.156,right_hand,og,tilt,,"{""roll_deg"":0.4,""pitch_deg"":2.5,""steady"":true}"
27.187,right_hand,og,acc,3084801,"{""seq"":1319,""x_mg"":176,""y_mg"":-32,""z_mg"":1004}"
27.187,right_hand,og,tilt,,"{""roll_deg"":0.5,""pitch_deg"":2.5,""steady"":true}"
27.219,right_hand,og,acc,3084821,"{""seq"":1320,""x_mg"":180,""y_mg"":-48,""z_mg"":1000}"
27.219,right_hand,og,tilt,,"{""roll_deg"":0.5,""pitch_deg"":2.5,""steady"":true}"
27.219,right_hand,og,acc,3084842,"{""seq"":1321,""x_mg"":164,""y_mg"":-44,""z_mg"":1000}"
27.219,right_hand,og,tilt,,"{""roll_deg"":0.5,""pitch_deg"":2.2,""steady"":true}"
27.250,right_hand,og,acc,3084862,"{""seq"":1322,""x_mg"":168,""y_mg"":-52,""z_mg"":1004}"
27.250,right_hand,og,tilt,,"{""roll_deg"":0.5,""pitch_deg"":1.9,""steady"":true}"
27.250,right_hand,og,acc,3084883,"{""seq"":1323,""x_mg"":168,""y_mg"":-44,""z_mg"":992}"
27.250,right_hand,og,tilt,,"{""roll_deg"":0.5,""pitch_deg"":1.7,""steady"":true}"
27.297,right_hand,og,acc,3084904,"{""seq"":1324,""x_mg"":172,""y_mg"":-32,""z_mg"":996}"
27.297,right_hand,og,tilt,,"{""roll_deg"":0.5,""pitch_deg"":1.4,""steady"":true}"
27.328,right_hand,og,acc,3084924,"{""seq"":1325,""x_mg"":168,""y_mg"":-48,""z_mg"":992}"
27.328,right_hand,og,tilt,,"{""roll_deg"":0.5,""pitch_deg"":1.3,""steady"":true}"
27.328,right_hand,og,acc,3084945,"{""seq"":1326,""x_mg"":160,""y_mg"":-44,""z_mg"":992}"
27.328,right_hand,og,tilt,,"{""roll_deg"":0.5,""pitch_deg"":1.1,""steady"":true}"
27.359,right_hand,og,acc,3084965,"{""seq"":1327,""x_mg"":164,""y_mg"":-40,""z_mg"":984}"
27.359,right_hand,og,tilt,,"{""roll_deg"":0.5,""pitch_deg"":0.9,""steady"":true}"
27.391,right_hand,og,acc,3084986,"{""seq"":1328,""x_mg"":160,""y_mg"":-44,""z_mg"":980}"
27.391,right_hand,og,tilt,,"{""roll_deg"":0.4,""pitch_deg"":0.8,""steady"":true}"
27.391,right_hand,og,acc,3085006,"{""seq"":1329,""x_mg"":164,""y_mg"":-32,""z_mg"":996}"
27.391,right_hand,og,tilt,,"{""roll_deg"":0.4,""pitch_deg"":0.6,""steady"":true}"
27.422,right_hand,og,acc,3085027,"{""seq"":1330,""x_mg"":160,""y_mg"":-44,""z_mg"":996}"
27.422,right_hand,og,tilt,,"{""roll_deg"":0.3,""pitch_deg"":0.5,""steady"":true}"
27.453,right_hand,og,acc,3085047,"{""seq"":1331,""x_mg"":156,""y_mg"":-60,""z_mg"":992}"
27.453,right_hand,og,tilt,,"{""roll_deg"":0.3,""pitch_deg"":0.4,""steady"":true}"
27.453,right_hand,og,acc,3085068,"{""seq"":1332,""x_mg"":160,""y_mg"":-68,""z_mg"":1000}"
27.453,right_hand,og,tilt,,"{""roll_deg"":0.1,""pitch_deg"":0.3,""steady"":true}"
27.484,right_hand,og,acc,3085089,"{""seq"":1333,""x_mg"":168,""y_mg"":-68,""z_mg"":996}"
27.484,right_hand,og,tilt,,"{""roll_deg"":-0.1,""pitch_deg"":0.2,""steady"":true}"
27.516,right_hand,og,acc,3085109,"{""seq"":1334,""x_mg"":164,""y_mg"":-60,""z_mg"":1004}"
27.516,right_hand,og,tilt,,"{""roll_deg"":-0.3,""pitch_deg"":0.2,""steady"":true}"
27.516,right_hand,og,acc,3085130,"{""seq"":1335,""x_mg"":144,""y_mg"":-76,""z_mg"":992}"
27.516,right_hand,og,tilt,,"{""roll_deg"":-0.5,""pitch_deg"":0.1,""steady"":true}"
27.547,right_hand,og,acc,3085150,"{""seq"":1336,""x_mg"":152,""y_mg"":-68,""z_mg"":984}"
27.547,right_hand,og,tilt,,"{""roll_deg"":-0.7,""pitch_deg"":0.0,""steady"":true}"
27.578,right_hand,og,acc,3085171,"{""seq"":1337,""x_mg"":172,""y_mg"":-72,""z_mg"":980}"
27.578,right_hand,og,tilt,,"{""roll_deg"":-0.9,""pitch_deg"":-0.1,""steady"":true}"
27.578,right_hand,og,acc,3085191,"{""seq"":1338,""x_mg"":168,""y_mg"":-56,""z_mg"":964}"
27.578,right_hand,og,tilt,,"{""roll_deg"":-1.0,""pitch_deg"":-0.1,""steady"":true}"
27.594,right_hand,og,acc,3085212,"{""seq"":1339,""x_mg"":164,""y_mg"":-48,""z_mg"":960}"
27.594,right_hand,og,tilt,,"{""roll_deg"":-1.0,""pitch_deg"":-0.1,""steady"":true}"
27.625,right_hand,og,acc,3085233,"{""seq"":1340,""x_mg"":176,""y_mg"":-44,""z_mg"":956}"
27.625,right_hand,og,tilt,,"{""roll_deg"":-1.0,""pitch_deg"":-0.1,""steady"":true}"
27.656,right_hand,og,acc,3085253,"{""seq"":1341,""x_mg"":176,""y_mg"":-60,""z_mg"":960}"
27.656,right_hand,og,tilt,,"{""roll_deg"":-1.0,""pitch_deg"":-0.1,""steady"":true}"
27.656,right_hand,og,acc,3085274,"{""seq"":1342,""x_mg"":172,""y_mg"":-56,""z_mg"":976}"
27.656,right_hand,og,tilt,,"{""roll_deg"":-1.0,""pitch_deg"":-0.1,""steady"":true}"
27.687,right_hand,og,acc,3085294,"{""seq"":1343,""x_mg"":172,""y_mg"":-56,""z_mg"":968}"
27.687,right_hand,og,tilt,,"{""roll_deg"":-1.0,""pitch_deg"":-0.1,""steady"":true}"
27.719,right_hand,og,acc,3085315,"{""seq"":1344,""x_mg"":176,""y_mg"":-60,""z_mg"":980}"
27.719,right_hand,og,tilt,,"{""roll_deg"":-1.0,""pitch_deg"":-0.1,""steady"":true}"
27.719,right_hand,og,acc,3085335,"{""seq"":1345,""x_mg"":180,""y_mg"":-56,""z_mg"":984}"
27.719,right_hand,og,tilt,,"{""roll_deg"":-1.0,""pitch_deg"":-0.1,""steady"":true}"
27.750,right_hand,og,acc,3085356,"{""seq"":1346,""x_mg"":180,""y_mg"":-56,""z_mg"":992}"
27.750,right_hand,og,tilt,,"{""roll_deg"":-1.0,""pitch_deg"":-0.1,""steady"":true}"
27.781,right_hand,og,acc,3085377,"{""seq"":1347,""x_mg"":184,""y_mg"":-52,""z_mg"":976}"
27.781,right_hand,og,tilt,,"{""roll_deg"":-1.0,""pitch_deg"":-0.1,""steady"":true}"
27.781,right_hand,og,acc,3085397,"{""seq"":1348,""x_mg"":184,""y_mg"":-44,""z_mg"":992}"
27.781,right_hand,og,tilt,,"{""roll_deg"":-1.0,""pitch_deg"":-0.1,""steady"":true}"
27.812,right_hand,og,acc,3085418,"{""seq"":1349,""x_mg"":180,""y_mg"":-52,""z_mg"":992}"
27.812,right_hand,og,tilt,,"{""roll_deg"":-1.0,""pitch_deg"":-0.1,""steady"":true}"
27.828,right_hand,og,acc,3085438,"{""seq"":1350,""x_mg"":176,""y_mg"":-64,""z_mg"":980}"
27.828,right_hand,og,tilt,,"{""roll_deg"":-1.0,""pitch_deg"":-0.1,""steady"":true}"
27.859,right_hand,og,acc,3085459,"{""seq"":1351,""x_mg"":184,""y_mg"":-60,""z_mg"":988}"
27.859,right_hand,og,tilt,,"{""roll_deg"":-1.0,""pitch_deg"":-0.1,""steady"":true}"
27.859,right_hand,og,acc,3085479,"{""seq"":1352,""x_mg"":164,""y_mg"":-56,""z_mg"":984}"
27.859,right_hand,og,tilt,,"{""roll_deg"":-1.0,""pitch_deg"":-0.1,""steady"":true}"
27.891,right_hand,og,acc,3085500,"{""seq"":1353,""x_mg"":172,""y_mg"":-48,""z_mg"":980}"
27.891,right_hand,og,tilt,,"{""roll_deg"":-1.0,""pitch_deg"":-0.1,""steady"":true}"
27.891,right_hand,og,acc,3085521,"{""seq"":1354,""x_mg"":164,""y_mg"":-56,""z_mg"":984}"
27.891,right_hand,og,tilt,,"{""roll_deg"":-1.0,""pitch_deg"":-0.1,""steady"":true}"
27.922,right_hand,og,acc,3085541,"{""seq"":1355,""x_mg"":168,""y_mg"":-52,""z_mg"":980}"
27.922,right_hand,og,tilt,,"{""roll_deg"":-1.0,""pitch_deg"":-0.1,""steady"":true}"
27.953,right_hand,og,acc,3085562,"{""seq"":1356,""x_mg"":176,""y_mg"":-44,""z_mg"":988}"
27.953,right_hand,og,tilt,,"{""roll_deg"":-1.0,""pitch_deg"":-0.1,""steady"":true}"
27.953,right_hand,og,acc,3085582,"{""seq"":1357,""x_mg"":172,""y_mg"":-32,""z_mg"":984}"
27.953,right_hand,og,tilt,,"{""roll_deg"":-1.0,""pitch_deg"":-0.1,""steady"":true}"
27.984,right_hand,og,acc,3085603,"{""seq"":1358,""x_mg"":184,""y_mg"":-32,""z_mg"":984}"
27.984,right_hand,og,tilt,,"{""roll_deg"":-1.0,""pitch_deg"":-0.1,""steady"":true}"
28.016,right_hand,og,acc,3085623,"{""seq"":1359,""x_mg"":188,""y_mg"":-20,""z_mg"":984}"
28.016,right_hand,og,tilt,,"{""roll_deg"":-1.0,""pitch_deg"":-0.1,""steady"":true}"
28.016,right_hand,og,acc,3085644,"{""seq"":1360,""x_mg"":188,""y_mg"":-32,""z_mg"":980}"
28.016,right_hand,og,tilt,,"{""roll_deg"":-1.0,""pitch_deg"":-0.1,""steady"":true}"
28.047,right_hand,og,acc,3085665,"{""seq"":1361,""x_mg"":192,""y_mg"":-24,""z_mg"":988}"
28.047,right_hand,og,tilt,,"{""roll_deg"":-1.0,""pitch_deg"":-0.0,""steady"":true}"
28.078,right_hand,og,acc,3085685,"{""seq"":1362,""x_mg"":180,""y_mg"":-44,""z_mg"":988}"
28.078,right_hand,og,tilt,,"{""roll_deg"":-1.0,""pitch_deg"":0.0,""steady"":true}"
28.109,right_hand,og,acc,3085706,"{""seq"":1363,""x_mg"":188,""y_mg"":-32,""z_mg"":988}"
28.109,right_hand,og,tilt,,"{""roll_deg"":-1.0,""pitch_deg"":0.1,""steady"":true}"
28.109,right_hand,og,acc,3085726,"{""seq"":1364,""x_mg"":180,""y_mg"":-36,""z_mg"":984}"
28.109,right_hand,og,tilt,,"{""roll_deg"":-1.0,""pitch_deg"":0.1,""steady"":true}"
28.141,right_hand,og,acc,3085747,"{""seq"":1365,""x_mg"":176,""y_mg"":-36,""z_mg"":976}"
28.141,right_hand,og,tilt,,"{""roll_deg"":-0.9,""pitch_deg"":0.1,""steady"":true}"
28.172,right_hand,og,acc,3085767,"{""seq"":1366,""x_mg"":200,""y_mg"":-44,""z_mg"":988}"
28.172,right_hand,og,tilt,,"{""roll_deg"":-0.9,""pitch_deg"":0.1,""steady"":true}"
28.172,right_hand,og,acc,3085788,"{""seq"":1367,""x_mg"":184,""y_mg"":-44,""z_mg"":992}"
28.172,right_hand,og,tilt,,"{""roll_deg"":-0.9,""pitch_deg"":0.1,""steady"":true}"
28.203,right_hand,og,acc,3085809,"{""seq"":1368,""x_mg"":188,""y_mg"":-36,""z_mg"":988}"
28.203,right_hand,og,tilt,,"{""roll_deg"":-0.9,""pitch_deg"":0.2,""steady"":true}"
28.219,right_hand,og,acc,3085829,"{""seq"":1369,""x_mg"":184,""y_mg"":-40,""z_mg"":988}"
28.219,right_hand,og,tilt,,"{""roll_deg"":-0.9,""pitch_deg"":0.2,""steady"":true}"
28.219,right_hand,og,acc,3085850,"{""seq"":1370,""x_mg"":168,""y_mg"":-40,""z_mg"":1000}"
28.219,right_hand,og,tilt,,"{""roll_deg"":-0.9,""pitch_deg"":0.2,""steady"":true}"
28.250,right_hand,og,acc,3085870,"{""seq"":1371,""x_mg"":172,""y_mg"":-40,""z_mg"":992}"
28.250,right_hand,og,tilt,,"{""roll_deg"":-0.9,""pitch_deg"":0.2,""steady"":true}"
28.281,right_hand,og,acc,3085891,"{""seq"":1372,""x_mg"":164,""y_mg"":-44,""z_mg"":988}"
28.281,right_hand,og,tremor,,"{""rms_mg"":11.4,""peak_hz"":4.2}"
28.281,right_hand,og,tilt,,"{""roll_deg"":-0.9,""pitch_deg"":0.2,""steady"":true}"
28.312,right_hand,og,acc,3085911,"{""seq"":1373,""x_mg"":172,""y_mg"":-40,""z_mg"":972}"
28.312,right_hand,og,tilt,,"{""roll_deg"":-0.9,""pitch_deg"":0.2,""steady"":true}"
28.312,right_hand,og,acc,3085932,"{""seq"":1374,""x_mg"":160,""y_mg"":-44,""z_mg"":984}"
28.312,right_hand,og,tilt,,"{""roll_deg"":-0.9,""pitch_deg"":0.2,""steady"":true}"
28.344,right_hand,og,acc,3085952,"{""seq"":1375,""x_mg"":168,""y_mg"":-40,""z_mg"":988}"
28.344,right_hand,og,tilt,,"{""roll_deg"":-0.9,""pitch_deg"":0.2,""steady"":true}"
28.375,right_hand,og,acc,3085973,"{""seq"":1376,""x_mg"":180,""y_mg"":-36,""z_mg"":980}"
28.375,right_hand,og,tilt,,"{""roll_deg"":-0.9,""pitch_deg"":0.2,""steady"":true}"
28.375,right_hand,og,acc,3085994,"{""seq"":1377,""x_mg"":192,""y_mg"":-40,""z_mg"":980}"
28.375,right_hand,og,tilt,,"{""roll_deg"":-0.9,""pitch_deg"":0.2,""steady"":true}"
28.406,right_hand,og,acc,3086014,"{""seq"":1378,""x_mg"":176,""y_mg"":-48,""z_mg"":976}"
28.406,right_hand,og,tilt,,"{""roll_deg"":-0.9,""pitch_deg"":0.2,""steady"":true}"
28.406,right_hand,og,acc,3086035,"{""seq"":1379,""x_mg"":180,""y_mg"":-52,""z_mg"":968}"
28.406,right_hand,og,tilt,,"{""roll_deg"":-0.9,""pitch_deg"":0.2,""steady"":true}"
28.422,right_hand,og,acc,3086055,"{""seq"":1380,""x_mg"":180,""y_mg"":-48,""z_mg"":960}"
28.422,right_hand,og,tilt,,"{""roll_deg"":-0.9,""pitch_deg"":0.2,""steady"":true}"
28.453,right_hand,og,acc,3086076,"{""seq"":1381,""x_mg"":200,""y_mg"":-40,""z_mg"":968}"
28.453,right_hand,og,tilt,,"{""roll_deg"":-0.9,""pitch_deg"":0.2,""steady"":true}"
28.484,right_hand,og,acc,3086096,"{""seq"":1382,""x_mg"":208,""y_mg"":-40,""z_mg"":968}"
28.484,right_hand,og,tilt,,"{""roll_deg"":-0.9,""pitch_deg"":0.2,""steady"":true}"
28.484,right_hand,og,acc,3086117,"{""seq"":1383,""x_mg"":220,""y_mg"":-32,""z_mg"":964}"
28.484,right_hand,og,tilt,,"{""roll_deg"":-0.9,""pitch_deg"":0.4,""steady"":true}"
28.516,right_hand,og,acc,3086138,"{""seq"":1384,""x_mg"":216,""y_mg"":-24,""z_mg"":980}"
28.516,right_hand,og,tilt,,"{""roll_deg"":-0.9,""pitch_deg"":0.6,""steady"":true}"
28.547,right_hand,og,acc,3086158,"{""seq"":1385,""x_mg"":208,""y_mg"":-16,""z_mg"":972}"
28.547,right_hand,og,tilt,,"{""roll_deg"":-0.8,""pitch_deg"":0.8,""steady"":true}"
28.547,right_hand,og,acc,3086179,"{""seq"":1386,""x_mg"":220,""y_mg"":-4,""z_mg"":972}"
28.547,right_hand,og,tilt,,"{""roll_deg"":-0.7,""pitch_deg"":1.0,""steady"":true}"
28.594,right_hand,og,acc,3086199,"{""seq"":1387,""x_mg"":220,""y_mg"":-4,""z_mg"":996}"
28.594,right_hand,og,tilt,,"{""roll_deg"":-0.5,""pitch_deg"":1.2,""steady"":true}"
28.625,right_hand,og,acc,3086220,"{""seq"":1388,""x_mg"":208,""y_mg"":0,""z_mg"":976}"
28.625,right_hand,og,tilt,,"{""roll_deg"":-0.3,""pitch_deg"":1.4,""steady"":true}"
28.625,right_hand,og,acc,3086240,"{""seq"":1389,""x_mg"":208,""y_mg"":-20,""z_mg"":984}"
28.625,right_hand,og,tilt,,"{""roll_deg"":-0.1,""pitch_deg"":1.4,""steady"":true}"
28.641,right_hand,og,acc,3086261,"{""seq"":1390,""x_mg"":196,""y_mg"":-32,""z_mg"":984}"
28.641,right_hand,og,tilt,,"{""roll_deg"":-0.0,""pitch_deg"":1.5,""steady"":true}"
28.672,right_hand,og,acc,3086282,"{""seq"":1391,""x_mg"":204,""y_mg"":-44,""z_mg"":996}"
28.672,right_hand,og,tilt,,"{""roll_deg"":-0.0,""pitch_deg"":1.5,""steady"":true}"
28.703,right_hand,og,acc,3086302,"{""seq"":1392,""x_mg"":188,""y_mg"":-56,""z_mg"":988}"
28.703,right_hand,og,tilt,,"{""roll_deg"":-0.0,""pitch_deg"":1.5,""steady"":true}"
28.703,right_hand,og,acc,3086323,"{""seq"":1393,""x_mg"":180,""y_mg"":-48,""z_mg"":972}"
28.703,right_hand,og,tilt,,"{""roll_deg"":-0.0,""pitch_deg"":1.5,""steady"":true}"
28.734,right_hand,og,acc,3086343,"{""seq"":1394,""x_mg"":188,""y_mg"":-56,""z_mg"":976}"
28.734,right_hand,og,tilt,,"{""roll_deg"":-0.0,""pitch_deg"":1.5,""steady"":true}"
28.766,right_hand,og,acc,3086364,"{""seq"":1395,""x_mg"":172,""y_mg"":-52,""z_mg"":976}"
28.766,right_hand,og,tilt,,"{""roll_deg"":-0.0,""pitch_deg"":1.5,""steady"":true}"
28.766,right_hand,og,acc,3086384,"{""seq"":1396,""x_mg"":180,""y_mg"":-60,""z_mg"":968}"
28.766,right_hand,og,tilt,,"{""roll_deg"":-0.0,""pitch_deg"":1.5,""steady"":true}"
28.797,right_hand,og,acc,3086405,"{""seq"":1397,""x_mg"":184,""y_mg"":-64,""z_mg"":964}"
28.797,right_hand,og,tilt,,"{""roll_deg"":-0.0,""pitch_deg"":1.5,""steady"":true}"
28.828,right_hand,og,acc,3086426,"{""seq"":1398,""x_mg"":184,""y_mg"":-56,""z_mg"":972}"
28.828,right_hand,og,tilt,,"{""roll_deg"":-0.1,""pitch_deg"":1.5,""steady"":true}"
28.828,right_hand,og,acc,3086446,"{""seq"":1399,""x_mg"":188,""y_mg"":-44,""z_mg"":984}"
28.828,right_hand,og,tilt,,"{""roll_deg"":-0.2,""pitch_deg"":1.5,""steady"":true}"
28.859,right_hand,og,acc,3086467,"{""seq"":1400,""x_mg"":188,""y_mg"":-44,""z_mg"":980}"
28.859,right_hand,og,tilt,,"{""roll_deg"":-0.2,""pitch_deg"":1.5,""steady"":true}"
28.875,right_hand,og,acc,3086487,"{""seq"":1401,""x_mg"":184,""y_mg"":-44,""z_mg"":996}"
28.875,right_hand,og,tilt,,"{""roll_deg"":-0.2,""pitch_deg"":1.5,""steady"":true}"
28.906,right_hand,og,acc,3086508,"{""seq"":1402,""x_mg"":180,""y_mg"":-20,""z_mg"":1000}"
28.906,right_hand,og,tilt,,"{""roll_deg"":-0.2,""pitch_deg"":1.5,""steady"":true}"
28.906,right_hand,og,acc,3086528,"{""seq"":1403,""x_mg"":152,""y_mg"":-24,""z_mg"":988}"
28.906,right_hand,og,tilt,,"{""roll_deg"":-0.2,""pitch_deg"":1.5,""steady"":true}"
28.937,right_hand,og,acc,3086549,"{""seq"":1404,""x_mg"":140,""y_mg"":-20,""z_mg"":996}"
28.937,right_hand,og,tilt,,"{""roll_deg"":-0.2,""pitch_deg"":1.4,""steady"":true}"
28.969,right_hand,og,acc,3086570,"{""seq"":1405,""x_mg"":144,""y_mg"":-36,""z_mg"":984}"
28.969,right_hand,og,tilt,,"{""roll_deg"":-0.2,""pitch_deg"":1.0,""steady"":true}"
28.969,right_hand,og,acc,3086590,"{""seq"":1406,""x_mg"":148,""y_mg"":-60,""z_mg"":976}"
28.969,right_hand,og,tilt,,"{""roll_deg"":-0.2,""pitch_deg"":0.7,""steady"":true}"
29.000,right_hand,og,acc,3086611,"{""seq"":1407,""x_mg"":176,""y_mg"":-84,""z_mg"":960}"
29.000,right_hand,og,tilt,,"{""roll_deg"":-0.2,""pitch_deg"":0.5,""steady"":true}"
29.031,right_hand,og,acc,3086631,"{""seq"":1408,""x_mg"":192,""y_mg"":-92,""z_mg"":964}"
29.031,right_hand,og,tilt,,"{""roll_deg"":-0.3,""pitch_deg"":0.5,""steady"":true}"
29.031,right_hand,og,acc,3086652,"{""seq"":1409,""x_mg"":212,""y_mg"":-96,""z_mg"":956}"
29.031,right_hand,og,tilt,,"{""roll_deg"":-0.7,""pitch_deg"":0.5,""steady"":true}"
29.047,right_hand,og,acc,3086672,"{""seq"":1410,""x_mg"":200,""y_mg"":-92,""z_mg"":984}"
29.047,right_hand,og,tilt,,"{""roll_deg"":-1.0,""pitch_deg"":0.5,""steady"":true}"
29.078,right_hand,og,acc,3086693,"{""seq"":1411,""x_mg"":192,""y_mg"":-72,""z_mg"":992}"
29.078,right_hand,og,tilt,,"{""roll_deg"":-1.3,""pitch_deg"":0.5,""steady"":true}"
29.109,right_hand,og,acc,3086714,"{""seq"":1412,""x_mg"":192,""y_mg"":-40,""z_mg"":1000}"
29.109,right_hand,og,tilt,,"{""roll_deg"":-1.4,""pitch_deg"":0.5,""steady"":true}"
29.109,right_hand,og,acc,3086734,"{""seq"":1413,""x_mg"":172,""y_mg"":-32,""z_mg"":992}"
29.109,right_hand,og,tilt,,"{""roll_deg"":-1.4,""pitch_deg"":0.5,""steady"":true}"
29.141,right_hand,og,acc,3086755,"{""seq"":1414,""x_mg"":168,""y_mg"":-16,""z_mg"":1000}"
29.141,right_hand,og,tilt,,"{""roll_deg"":-1.4,""pitch_deg"":0.5,""steady"":true}"
29.172,right_hand,og,acc,3086775,"{""seq"":1415,""x_mg"":156,""y_mg"":-4,""z_mg"":1004}"
29.172,right_hand,og,tilt,,"{""roll_deg"":-1.4,""pitch_deg"":0.5,""steady"":true}"
29.172,right_hand,og,acc,3086796,"{""seq"":1416,""x_mg"":176,""y_mg"":-4,""z_mg"":988}"
29.172,right_hand,og,tilt,,"{""roll_deg"":-1.4,""pitch_deg"":0.5,""steady"":true}"
29.203,right_hand,og,acc,3086816,"{""seq"":1417,""x_mg"":188,""y_mg"":-8,""z_mg"":984}"
29.203,right_hand,og,tilt,,"{""roll_deg"":-1.1,""pitch_deg"":0.5,""steady"":true}"
29.250,right_hand,og,acc,3086837,"{""seq"":1418,""x_mg"":188,""y_mg"":-12,""z_mg"":980}"
29.250,right_hand,og,tilt,,"{""roll_deg"":-0.8,""pitch_deg"":0.5,""steady"":true}"
29.250,right_hand,og,acc,3086857,"{""seq"":1419,""x_mg"":188,""y_mg"":-32,""z_mg"":980}"
29.250,right_hand,og,tilt,,"{""roll_deg"":-0.6,""pitch_deg"":0.5,""steady"":true}"
29.266,right_hand,og,acc,3086878,"{""seq"":1420,""x_mg"":204,""y_mg"":-44,""z_mg"":960}"
29.266,right_hand,og,tilt,,"{""roll_deg"":-0.6,""pitch_deg"":0.5,""steady"":true}"
29.312,right_hand,og,acc,3086899,"{""seq"":1421,""x_mg"":212,""y_mg"":-52,""z_mg"":960}"
29.312,right_hand,og,tilt,,"{""roll_deg"":-0.6,""pitch_deg"":0.5,""steady"":true}"
29.312,right_hand,og,acc,3086919,"{""seq"":1422,""x_mg"":220,""y_mg"":-56,""z_mg"":956}"
29.312,right_hand,og,tilt,,"{""roll_deg"":-0.6,""pitch_deg"":0.5,""steady"":true}"
29.344,right_hand,og,acc,3086940,"{""seq"":1423,""x_mg"":212,""y_mg"":-68,""z_mg"":952}"
29.344,right_hand,og,tilt,,"{""roll_deg"":-0.6,""pitch_deg"":0.7,""steady"":true}"
29.344,right_hand,og,acc,3086960,"{""seq"":1424,""x_mg"":220,""y_mg"":-60,""z_mg"":952}"
29.344,right_hand,og,tilt,,"{""roll_deg"":-0.6,""pitch_deg"":1.0,""steady"":true}"
29.375,right_hand,og,acc,3086981,"{""seq"":1425,""x_mg"":208,""y_mg"":-32,""z_mg"":968}"
29.375,right_hand,og,tilt,,"{""roll_deg"":-0.6,""pitch_deg"":1.2,""steady"":true}"
29.406,right_hand,og,acc,3087001,"{""seq"":1426,""x_mg"":192,""y_mg"":-32,""z_mg"":984}"
29.406,right_hand,og,tilt,,"{""roll_deg"":-0.6,""pitch_deg"":1.3,""steady"":true}"
29.406,right_hand,og,acc,3087022,"{""seq"":1427,""x_mg"":176,""y_mg"":-40,""z_mg"":988}"
29.406,right_hand,og,tilt,,"{""roll_deg"":-0.6,""pitch_deg"":1.3,""steady"":true}"
29.437,right_hand,og,acc,3087043,"{""seq"":1428,""x_mg"":176,""y_mg"":-48,""z_mg"":996}"
29.437,right_hand,og,tilt,,"{""roll_deg"":-0.6,""pitch_deg"":1.3,""steady"":true}"
29.469,right_hand,og,acc,3087063,"{""seq"":1429,""x_mg"":172,""y_mg"":-60,""z_mg"":988}"
29.469,right_hand,og,tilt,,"{""roll_deg"":-0.6,""pitch_deg"":1.3,""steady"":true}"
29.469,right_hand,og,acc,3087084,"{""seq"":1430,""x_mg"":160,""y_mg"":-52,""z_mg"":984}"
29.469,right_hand,og,tilt,,"{""roll_deg"":-0.6,""pitch_deg"":1.3,""steady"":true}"
29.500,right_hand,og,acc,3087104,"{""seq"":1431,""x_mg"":160,""y_mg"":-64,""z_mg"":984}"
29.500,right_hand,og,tilt,,"{""roll_deg"":-0.6,""pitch_deg"":1.3,""steady"":true}"
29.531,right_hand,og,acc,3087125,"{""seq"":1432,""x_mg"":168,""y_mg"":-72,""z_mg"":984}"
29.531,right_hand,og,tilt,,"{""roll_deg"":-0.6,""pitch_deg"":1.3,""steady"":true}"
29.531,right_hand,og,acc,3087145,"{""seq"":1433,""x_mg"":184,""y_mg"":-60,""z_mg"":992}"
29.531,right_hand,og,tilt,,"{""roll_deg"":-0.6,""pitch_deg"":1.3,""steady"":true}"
29.562,right_hand,og,acc,3087166,"{""seq"":1434,""x_mg"":160,""y_mg"":-84,""z_mg"":1000}"
29.562,right_hand,og,tilt,,"{""roll_deg"":-0.6,""pitch_deg"":1.2,""steady"":true}"
29.562,right_hand,og,acc,3087187,"{""seq"":1435,""x_mg"":164,""y_mg"":-68,""z_mg"":1008}"
29.562,right_hand,og,tilt,,"{""roll_deg"":-0.7,""pitch_deg"":1.0,""steady"":true}"
29.594,right_hand,og,acc,3087207,"{""seq"":1436,""x_mg"":168,""y_mg"":-80,""z_mg"":1004}"
29.594,right_hand,og,tilt,,"{""roll_deg"":-0.9,""pitch_deg"":0.9,""steady"":true}"
29.625,right_hand,og,acc,3087228,"{""seq"":1437,""x_mg"":176,""y_mg"":-80,""z_mg"":1012}"
29.625,right_hand,og,tilt,,"{""roll_deg"":-1.1,""pitch_deg"":0.8,""steady"":true}"
29.625,right_hand,og,acc,3087248,"{""seq"":1438,""x_mg"":176,""y_mg"":-96,""z_mg"":1004}"
29.625,right_hand,og,tilt,,"{""roll_deg"":-1.2,""pitch_deg"":0.7,""steady"":true}"
29.656,right_hand,og,acc,3087269,"{""seq"":1439,""x_mg"":196,""y_mg"":-92,""z_mg"":1000}"
29.656,right_hand,og,tilt,,"{""roll_deg"":-1.5,""pitch_deg"":0.7,""steady"":true}"
29.687,right_hand,og,acc,3087289,"{""seq"":1440,""x_mg"":196,""y_mg"":-72,""z_mg"":992}"
29.687,right_hand,og,tilt,,"{""roll_deg"":-1.7,""pitch_deg"":0.7,""steady"":true}"
29.687,right_hand,og,acc,3087310,"{""seq"":1441,""x_mg"":180,""y_mg"":-48,""z_mg"":996}"
29.687,right_hand,og,tilt,,"{""roll_deg"":-1.7,""pitch_deg"":0.7,""steady"":true}"
29.703,right_hand,og,acc,3087331,"{""seq"":1442,""x_mg"":184,""y_mg"":-20,""z_mg"":992}"
29.703,right_hand,og,tilt,,"{""roll_deg"":-1.7,""pitch_deg"":0.7,""steady"":true}"
29.734,right_hand,og,acc,3087351,"{""seq"":1443,""x_mg"":188,""y_mg"":-24,""z_mg"":992}"
29.734,right_hand,og,tilt,,"{""roll_deg"":-1.7,""pitch_deg"":0.7,""steady"":true}"
29.766,right_hand,og,acc,3087372,"{""seq"":1444,""x_mg"":184,""y_mg"":-20,""z_mg"":992}"
29.766,right_hand,og,tilt,,"{""roll_deg"":-1.7,""pitch_deg"":0.7,""steady"":true}"
29.766,right_hand,og,acc,3087392,"{""seq"":1445,""x_mg"":196,""y_mg"":-12,""z_mg"":980}"
29.766,right_hand,og,tilt,,"{""roll_deg"":-1.7,""pitch_deg"":0.7,""steady"":true}"
29.797,right_hand,og,acc,3087413,"{""seq"":1446,""x_mg"":200,""y_mg"":-20,""z_mg"":968}"
29.797,right_hand,og,tilt,,"{""roll_deg"":-1.5,""pitch_deg"":0.7,""steady"":true}"
29.828,right_hand,og,acc,3087433,"{""seq"":1447,""x_mg"":208,""y_mg"":-28,""z_mg"":968}"
29.828,right_hand,og,tilt,,"{""roll_deg"":-1.3,""pitch_deg"":0.7,""steady"":true}"
29.828,right_hand,og,acc,3087454,"{""seq"":1448,""x_mg"":204,""y_mg"":-28,""z_mg"":980}"
29.828,right_hand,og,tilt,,"{""roll_deg"":-1.1,""pitch_deg"":0.7,""steady"":true}"
29.859,right_hand,og,acc,3087474,"{""seq"":1449,""x_mg"":196,""y_mg"":-8,""z_mg"":956}"
29.859,right_hand,og,tilt,,"{""roll_deg"":-1.0,""pitch_deg"":0.7,""steady"":true}"
29.891,right_hand,og,acc,3087495,"{""seq"":1450,""x_mg"":192,""y_mg"":12,""z_mg"":956}"
29.891,right_hand,og,tilt,,"{""roll_deg"":-0.7,""pitch_deg"":0.7,""steady"":true}"
29.891,right_hand,og,acc,3087516,"{""seq"":1451,""x_mg"":188,""y_mg"":16,""z_mg"":948}"
29.891,right_hand,og,tilt,,"{""roll_deg"":-0.2,""pitch_deg"":0.7,""steady"":true}"
29.906,right_hand,og,acc,3087536,"{""seq"":1452,""x_mg"":196,""y_mg"":4,""z_mg"":968}"
29.906,right_hand,og,tilt,,"{""roll_deg"":0.2,""pitch_deg"":0.8,""steady"":true}"
29.937,right_hand,og,acc,3087557,"{""seq"":1453,""x_mg"":204,""y_mg"":0,""z_mg"":960}"
29.937,right_hand,og,tilt,,"{""roll_deg"":0.5,""pitch_deg"":0.8,""steady"":true}"
29.984,right_hand,og,acc,3087577,"{""seq"":1454,""x_mg"":192,""y_mg"":-4,""z_mg"":956}"
29.984,right_hand,og,tilt,,"{""roll_deg"":0.7,""pitch_deg"":0.9,""steady"":true}"
29.984,right_hand,og,acc,3087598,"{""seq"":1455,""x_mg"":212,""y_mg"":12,""z_mg"":956}"
29.984,right_hand,og,tilt,,"{""roll_deg"":0.8,""pitch_deg"":1.0,""steady"":true}"
30.016,right_hand,og,acc,3087618,"{""seq"":1456,""x_mg"":212,""y_mg"":12,""z_mg"":944}"
30.016,right_hand,og,tilt,,"{""roll_deg"":1.0,""pitch_deg"":1.2,""steady"":true}"
30.047,right_hand,og,acc,3087639,"{""seq"":1457,""x_mg"":212,""y_mg"":12,""z_mg"":944}"
30.047,right_hand,og,tilt,,"{""roll_deg"":1.2,""pitch_deg"":1.3,""steady"":true}"
30.047,right_hand,og,acc,3087660,"{""seq"":1458,""x_mg"":228,""y_mg"":8,""z_mg"":940}"
30.047,right_hand,og,tilt,,"{""roll_deg"":1.4,""pitch_deg"":1.5,""steady"":true}"
30.078,right_hand,og,acc,3087680,"{""seq"":1459,""x_mg"":228,""y_mg"":12,""z_mg"":948}"
30.078,right_hand,og,tilt,,"{""roll_deg"":1.5,""pitch_deg"":1.8,""steady"":true}"
30.094,right_hand,og,acc,3087701,"{""seq"":1460,""x_mg"":228,""y_mg"":20,""z_mg"":960}"
30.094,right_hand,og,tilt,,"{""roll_deg"":1.6,""pitch_deg"":2.0,""steady"":true}"
30.094,right_hand,og,acc,3087721,"{""seq"":1461,""x_mg"":208,""y_mg"":20,""z_mg"":968}"
30.094,right_hand,og,tilt,,"{""roll_deg"":1.8,""pitch_deg"":2.2,""steady"":true}"
30.141,right_hand,og,acc,3087742,"{""seq"":1462,""x_mg"":212,""y_mg"":12,""z_mg"":976}"
30.141,right_hand,og,tilt,,"{""roll_deg"":1.9,""pitch_deg"":2.2,""steady"":true}"
30.172,right_hand,og,acc,3087762,"{""seq"":1463,""x_mg"":212,""y_mg"":8,""z_mg"":976}"
30.172,right_hand,og,tilt,,"{""roll_deg"":2.0,""pitch_deg"":2.2,""steady"":true}"
30.172,right_hand,og,acc,3087783,"{""seq"":1464,""x_mg"":200,""y_mg"":20,""z_mg"":964}"
30.172,right_hand,og,tilt,,"{""roll_deg"":2.0,""pitch_deg"":2.2,""steady"":true}"
30.203,right_hand,og,acc,3087804,"{""seq"":1465,""x_mg"":200,""y_mg"":12,""z_mg"":976}"
30.203,right_hand,og,tilt,,"{""roll_deg"":2.0,""pitch_deg"":2.2,""steady"":true}"
30.203,right_hand,og,acc,3087824,"{""seq"":1466,""x_mg"":208,""y_mg"":20,""z_mg"":984}"
30.203,right_hand,og,tilt,,"{""roll_deg"":2.1,""pitch_deg"":2.2,""steady"":true}"
30.234,right_hand,og,acc,3087845,"{""seq"":1467,""x_mg"":204,""y_mg"":8,""z_mg"":988}"
30.234,right_hand,og,tilt,,"{""roll_deg"":2.1,""pitch_deg"":2.2,""steady"":true}"
30.266,right_hand,og,acc,3087865,"{""seq"":1468,""x_mg"":196,""y_mg"":20,""z_mg"":988}"
30.266,right_hand,og,tilt,,"{""roll_deg"":2.2,""pitch_deg"":2.2,""steady"":true}"
30.266,right_hand,og,acc,3087886,"{""seq"":1469,""x_mg"":200,""y_mg"":12,""z_mg"":972}"
30.266,right_hand,og,tilt,,"{""roll_deg"":2.2,""pitch_deg"":2.2,""steady"":true}"
30.297,right_hand,og,acc,3087906,"{""seq"":1470,""x_mg"":216,""y_mg"":12,""z_mg"":968}"
30.297,right_hand,og,tremor,,"{""rms_mg"":10.9,""peak_hz"":4.6}"
30.297,right_hand,og,tilt,,"{""roll_deg"":2.2,""pitch_deg"":2.2,""steady"":true}"
30.312,,game,brick,,"{""n"":14}"
30.328,right_hand,og,acc,3087927,"{""seq"":1471,""x_mg"":212,""y_mg"":16,""z_mg"":960}"
30.328,right_hand,og,tilt,,"{""roll_deg"":2.2,""pitch_deg"":2.2,""steady"":true}"
30.328,right_hand,og,acc,3087948,"{""seq"":1472,""x_mg"":208,""y_mg"":8,""z_mg"":956}"
30.328,right_hand,og,tilt,,"{""roll_deg"":2.2,""pitch_deg"":2.2,""steady"":true}"
30.359,right_hand,og,acc,3087968,"{""seq"":1473,""x_mg"":216,""y_mg"":16,""z_mg"":968}"
30.359,right_hand,og,tilt,,"{""roll_deg"":2.2,""pitch_deg"":2.2,""steady"":true}"
30.391,right_hand,og,acc,3087989,"{""seq"":1474,""x_mg"":220,""y_mg"":8,""z_mg"":988}"
30.391,right_hand,og,tilt,,"{""roll_deg"":2.2,""pitch_deg"":2.2,""steady"":true}"
30.391,right_hand,og,acc,3088009,"{""seq"":1475,""x_mg"":232,""y_mg"":4,""z_mg"":1000}"
30.391,right_hand,og,tilt,,"{""roll_deg"":2.2,""pitch_deg"":2.2,""steady"":true}"
30.422,right_hand,og,acc,3088030,"{""seq"":1476,""x_mg"":236,""y_mg"":8,""z_mg"":1000}"
30.422,right_hand,og,tilt,,"{""roll_deg"":2.2,""pitch_deg"":2.2,""steady"":true}"
30.422,right_hand,og,acc,3088050,"{""seq"":1477,""x_mg"":240,""y_mg"":0,""z_mg"":996}"
30.422,right_hand,og,tilt,,"{""roll_deg"":2.2,""pitch_deg"":2.2,""steady"":true}"
30.453,right_hand,og,acc,3088071,"{""seq"":1478,""x_mg"":228,""y_mg"":4,""z_mg"":972}"
30.453,right_hand,og,tilt,,"{""roll_deg"":2.2,""pitch_deg"":2.3,""steady"":true}"
30.484,right_hand,og,acc,3088091,"{""seq"":1479,""x_mg"":232,""y_mg"":0,""z_mg"":964}"
30.484,right_hand,og,tilt,,"{""roll_deg"":2.2,""pitch_deg"":2.4,""steady"":true}"
30.484,right_hand,og,acc,3088112,"{""seq"":1480,""x_mg"":228,""y_mg"":16,""z_mg"":956}"
30.484,right_hand,og,tilt,,"{""roll_deg"":2.2,""pitch_deg"":2.5,""steady"":true}"
30.500,right_hand,og,acc,3088133,"{""seq"":1481,""x_mg"":220,""y_mg"":36,""z_mg"":956}"
30.500,right_hand,og,tilt,,"{""roll_deg"":2.2,""pitch_deg"":2.6,""steady"":true}"
30.531,right_hand,og,acc,3088153,"{""seq"":1482,""x_mg"":200,""y_mg"":32,""z_mg"":948}"
30.531,right_hand,og,tilt,,"{""roll_deg"":2.2,""pitch_deg"":2.6,""steady"":true}"
30.562,right_hand,og,acc,3088174,"{""seq"":1483,""x_mg"":180,""y_mg"":32,""z_mg"":952}"
30.562,right_hand,og,tilt,,"{""roll_deg"":2.2,""pitch_deg"":2.6,""steady"":true}"
30.562,right_hand,og,acc,3088194,"{""seq"":1484,""x_mg"":168,""y_mg"":32,""z_mg"":948}"
30.562,right_hand,og,tilt,,"{""roll_deg"":2.3,""pitch_deg"":2.6,""steady"":true}"
30.609,right_hand,og,acc,3088215,"{""seq"":1485,""x_mg"":172,""y_mg"":24,""z_mg"":932}"
30.609,right_hand,og,tilt,,"{""roll_deg"":2.4,""pitch_deg"":2.6,""steady"":true}"
30.641,right_hand,og,acc,3088235,"{""seq"":1486,""x_mg"":180,""y_mg"":12,""z_mg"":936}"
30.641,right_hand,og,tilt,,"{""roll_deg"":2.5,""pitch_deg"":2.6,""steady"":true}"
30.641,right_hand,og,acc,3088256,"{""seq"":1487,""x_mg"":184,""y_mg"":4,""z_mg"":948}"
30.641,right_hand,og,tilt,,"{""roll_deg"":2.5,""pitch_deg"":2.6,""steady"":true}"
30.672,right_hand,og,acc,3088277,"{""seq"":1488,""x_mg"":188,""y_mg"":-16,""z_mg"":964}"
30.672,right_hand,og,tilt,,"{""roll_deg"":2.5,""pitch_deg"":2.6,""steady"":true}"
30.703,right_hand,og,acc,3088297,"{""seq"":1489,""x_mg"":200,""y_mg"":-24,""z_mg"":972}"
30.703,right_hand,og,tilt,,"{""roll_deg"":2.5,""pitch_deg"":2.5,""steady"":true}"
30.703,right_hand,og,acc,3088318,"{""seq"":1490,""x_mg"":212,""y_mg"":-32,""z_mg"":980}"
30.703,right_hand,og,tilt,,"{""roll_deg"":2.5,""pitch_deg"":2.4,""steady"":true}"
30.719,right_hand,og,acc,3088338,"{""seq"":1491,""x_mg"":204,""y_mg"":-44,""z_mg"":1000}"
30.719,right_hand,og,tilt,,"{""roll_deg"":2.5,""pitch_deg"":2.4,""steady"":true}"
30.750,right_hand,og,acc,3088359,"{""seq"":1492,""x_mg"":216,""y_mg"":-52,""z_mg"":1016}"
30.750,right_hand,og,tilt,,"{""roll_deg"":2.2,""pitch_deg"":2.4,""steady"":true}"
30.781,right_hand,og,acc,3088379,"{""seq"":1493,""x_mg"":200,""y_mg"":-52,""z_mg"":1008}"
30.781,right_hand,og,tilt,,"{""roll_deg"":1.8,""pitch_deg"":2.4,""steady"":true}"
30.781,right_hand,og,acc,3088400,"{""seq"":1494,""x_mg"":200,""y_mg"":-48,""z_mg"":1008}"
30.781,right_hand,og,tilt,,"{""roll_deg"":1.3,""pitch_deg"":2.4,""steady"":true}"
30.812,right_hand,og,acc,3088421,"{""seq"":1495,""x_mg"":196,""y_mg"":-24,""z_mg"":1012}"
30.812,right_hand,og,tilt,,"{""roll_deg"":1.0,""pitch_deg"":2.3,""steady"":true}"
30.844,right_hand,og,acc,3088441,"{""seq"":1496,""x_mg"":208,""y_mg"":-16,""z_mg"":1000}"
30.844,right_hand,og,tilt,,"{""roll_deg"":1.0,""pitch_deg"":2.3,""steady"":true}"
30.844,right_hand,og,acc,3088462,"{""seq"":1497,""x_mg"":196,""y_mg"":-8,""z_mg"":992}"
30.844,right_hand,og,tilt,,"{""roll_deg"":1.0,""pitch_deg"":2.2,""steady"":true}"
30.875,right_hand,og,acc,3088482,"{""seq"":1498,""x_mg"":192,""y_mg"":4,""z_mg"":992}"
30.875,right_hand,og,tilt,,"{""roll_deg"":1.0,""pitch_deg"":2.2,""steady"":true}"
30.906,right_hand,og,acc,3088503,"{""seq"":1499,""x_mg"":188,""y_mg"":-4,""z_mg"":988}"
30.906,right_hand,og,tilt,,"{""roll_deg"":1.0,""pitch_deg"":2.1,""steady"":true}"
30.906,right_hand,og,acc,3088523,"{""seq"":1500,""x_mg"":196,""y_mg"":0,""z_mg"":980}"
30.906,right_hand,og,tilt,,"{""roll_deg"":1.0,""pitch_deg"":2.0,""steady"":true}"
30.922,right_hand,og,acc,3088544,"{""seq"":1501,""x_mg"":192,""y_mg"":12,""z_mg"":972}"
30.922,right_hand,og,tilt,,"{""roll_deg"":1.0,""pitch_deg"":2.0,""steady"":true}"
30.953,right_hand,og,acc,3088564,"{""seq"":1502,""x_mg"":196,""y_mg"":0,""z_mg"":964}"
30.953,right_hand,og,tilt,,"{""roll_deg"":1.0,""pitch_deg"":2.0,""steady"":true}"
30.984,right_hand,og,acc,3088585,"{""seq"":1503,""x_mg"":200,""y_mg"":4,""z_mg"":968}"
30.984,right_hand,og,tilt,,"{""roll_deg"":1.0,""pitch_deg"":2.0,""steady"":true}"
30.984,right_hand,og,acc,3088606,"{""seq"":1504,""x_mg"":188,""y_mg"":-8,""z_mg"":968}"
30.984,right_hand,og,tilt,,"{""roll_deg"":1.0,""pitch_deg"":2.0,""steady"":true}"
31.016,right_hand,og,acc,3088626,"{""seq"":1505,""x_mg"":192,""y_mg"":-12,""z_mg"":956}"
31.016,right_hand,og,tilt,,"{""roll_deg"":1.0,""pitch_deg"":2.0,""steady"":true}"
31.047,right_hand,og,acc,3088647,"{""seq"":1506,""x_mg"":192,""y_mg"":-24,""z_mg"":980}"
31.047,right_hand,og,tilt,,"{""roll_deg"":1.0,""pitch_deg"":2.0,""steady"":true}"
31.047,right_hand,og,acc,3088667,"{""seq"":1507,""x_mg"":212,""y_mg"":-28,""z_mg"":968}"
31.047,right_hand,og,tilt,,"{""roll_deg"":1.0,""pitch_deg"":2.0,""steady"":true}"
31.078,right_hand,og,acc,3088688,"{""seq"":1508,""x_mg"":204,""y_mg"":-16,""z_mg"":972}"
31.078,right_hand,og,tilt,,"{""roll_deg"":1.0,""pitch_deg"":2.0,""steady"":true}"
31.078,right_hand,og,acc,3088708,"{""seq"":1509,""x_mg"":196,""y_mg"":-28,""z_mg"":972}"
31.078,right_hand,og,tilt,,"{""roll_deg"":1.0,""pitch_deg"":2.0,""steady"":true}"
31.109,right_hand,og,acc,3088729,"{""seq"":1510,""x_mg"":196,""y_mg"":-24,""z_mg"":968}"
31.109,right_hand,og,tilt,,"{""roll_deg"":1.0,""pitch_deg"":2.0,""steady"":true}"
31.125,right_hand,og,acc,3088750,"{""seq"":1511,""x_mg"":212,""y_mg"":-32,""z_mg"":968}"
31.125,right_hand,og,tilt,,"{""roll_deg"":1.0,""pitch_deg"":2.0,""steady"":true}"
31.156,right_hand,og,acc,3088770,"{""seq"":1512,""x_mg"":204,""y_mg"":-40,""z_mg"":960}"
31.156,right_hand,og,tilt,,"{""roll_deg"":1.0,""pitch_deg"":2.0,""steady"":true}"
31.187,right_hand,og,acc,3088791,"{""seq"":1513,""x_mg"":216,""y_mg"":-48,""z_mg"":964}"
31.187,right_hand,og,tilt,,"{""roll_deg"":1.0,""pitch_deg"":2.0,""steady"":true}"
31.187,right_hand,og,acc,3088811,"{""seq"":1514,""x_mg"":200,""y_mg"":-20,""z_mg"":964}"
31.187,right_hand,og,tilt,,"{""roll_deg"":1.0,""pitch_deg"":2.0,""steady"":true}"
31.219,right_hand,og,acc,3088832,"{""seq"":1515,""x_mg"":208,""y_mg"":-12,""z_mg"":972}"
31.219,right_hand,og,tilt,,"{""roll_deg"":1.0,""pitch_deg"":2.0,""steady"":true}"
31.250,right_hand,og,acc,3088852,"{""seq"":1516,""x_mg"":200,""y_mg"":-12,""z_mg"":972}"
31.250,right_hand,og,tilt,,"{""roll_deg"":1.0,""pitch_deg"":2.0,""steady"":true}"
31.250,right_hand,og,acc,3088873,"{""seq"":1517,""x_mg"":204,""y_mg"":-12,""z_mg"":964}"
31.250,right_hand,og,tilt,,"{""roll_deg"":1.0,""pitch_deg"":2.0,""steady"":true}"
31.281,right_hand,og,acc,3088893,"{""seq"":1518,""x_mg"":204,""y_mg"":-20,""z_mg"":984}"
31.281,right_hand,og,tilt,,"{""roll_deg"":1.0,""pitch_deg"":2.0,""steady"":true}"
31.281,right_hand,og,acc,3088914,"{""seq"":1519,""x_mg"":204,""y_mg"":-28,""z_mg"":976}"
31.281,right_hand,og,tilt,,"{""roll_deg"":1.0,""pitch_deg"":2.0,""steady"":true}"
31.312,right_hand,og,acc,3088935,"{""seq"":1520,""x_mg"":200,""y_mg"":-8,""z_mg"":980}"
31.312,right_hand,og,tilt,,"{""roll_deg"":1.0,""pitch_deg"":2.0,""steady"":true}"
31.344,right_hand,og,acc,3088955,"{""seq"":1521,""x_mg"":220,""y_mg"":-16,""z_mg"":976}"
31.344,right_hand,og,tilt,,"{""roll_deg"":1.0,""pitch_deg"":2.0,""steady"":true}"
31.375,right_hand,og,acc,3088976,"{""seq"":1522,""x_mg"":204,""y_mg"":-24,""z_mg"":980}"
31.375,right_hand,og,tilt,,"{""roll_deg"":1.0,""pitch_deg"":2.0,""steady"":true}"
31.406,right_hand,og,acc,3088996,"{""seq"":1523,""x_mg"":212,""y_mg"":-20,""z_mg"":984}"
31.406,right_hand,og,tilt,,"{""roll_deg"":1.0,""pitch_deg"":2.0,""steady"":true}"
31.406,right_hand,og,acc,3089017,"{""seq"":1524,""x_mg"":212,""y_mg"":-16,""z_mg"":988}"
31.406,right_hand,og,tilt,,"{""roll_deg"":1.0,""pitch_deg"":2.0,""steady"":true}"
31.437,right_hand,og,acc,3089037,"{""seq"":1525,""x_mg"":212,""y_mg"":-12,""z_mg"":980}"
31.437,right_hand,og,tilt,,"{""roll_deg"":1.0,""pitch_deg"":2.0,""steady"":true}"
31.437,right_hand,og,acc,3089058,"{""seq"":1526,""x_mg"":196,""y_mg"":-12,""z_mg"":980}"
31.437,right_hand,og,tilt,,"{""roll_deg"":1.0,""pitch_deg"":2.0,""steady"":true}"
31.469,right_hand,og,acc,3089079,"{""seq"":1527,""x_mg"":196,""y_mg"":-8,""z_mg"":984}"
31.469,right_hand,og,tilt,,"{""roll_deg"":1.0,""pitch_deg"":2.0,""steady"":true}"
31.500,right_hand,og,acc,3089099,"{""seq"":1528,""x_mg"":200,""y_mg"":-8,""z_mg"":976}"
31.500,right_hand,og,tilt,,"{""roll_deg"":1.0,""pitch_deg"":2.0,""steady"":true}"
31.500,right_hand,og,acc,3089120,"{""seq"":1529,""x_mg"":200,""y_mg"":-4,""z_mg"":976}"
31.500,right_hand,og,tilt,,"{""roll_deg"":1.0,""pitch_deg"":2.0,""steady"":true}"
31.531,right_hand,og,acc,3089140,"{""seq"":1530,""x_mg"":200,""y_mg"":-12,""z_mg"":980}"
31.531,right_hand,og,tilt,,"{""roll_deg"":1.0,""pitch_deg"":2.0,""steady"":true}"
31.547,right_hand,og,acc,3089161,"{""seq"":1531,""x_mg"":200,""y_mg"":-28,""z_mg"":984}"
31.547,right_hand,og,tilt,,"{""roll_deg"":1.0,""pitch_deg"":2.0,""steady"":true}"
31.578,right_hand,og,acc,3089181,"{""seq"":1532,""x_mg"":200,""y_mg"":-28,""z_mg"":988}"
31.578,right_hand,og,tilt,,"{""roll_deg"":1.0,""pitch_deg"":2.0,""steady"":true}"
31.578,right_hand,og,acc,3089202,"{""seq"":1533,""x_mg"":208,""y_mg"":-44,""z_mg"":984}"
31.578,right_hand,og,tilt,,"{""roll_deg"":1.0,""pitch_deg"":2.0,""steady"":true}"
31.609,right_hand,og,acc,3089222,"{""seq"":1534,""x_mg"":212,""y_mg"":-48,""z_mg"":980}"
31.609,right_hand,og,tilt,,"{""roll_deg"":1.0,""pitch_deg"":2.0,""steady"":true}"
31.641,right_hand,og,acc,3089243,"{""seq"":1535,""x_mg"":212,""y_mg"":-48,""z_mg"":960}"
31.641,right_hand,og,tilt,,"{""roll_deg"":1.0,""pitch_deg"":2.0,""steady"":true}"
31.641,right_hand,og,acc,3089264,"{""seq"":1536,""x_mg"":212,""y_mg"":-52,""z_mg"":976}"
31.641,right_hand,og,tilt,,"{""roll_deg"":0.8,""pitch_deg"":2.0,""steady"":true}"
31.672,right_hand,og,acc,3089284,"{""seq"":1537,""x_mg"":196,""y_mg"":-44,""z_mg"":976}"
31.672,right_hand,og,tilt,,"{""roll_deg"":0.7,""pitch_deg"":2.0,""steady"":true}"
31.703,right_hand,og,acc,3089305,"{""seq"":1538,""x_mg"":200,""y_mg"":-36,""z_mg"":980}"
31.703,right_hand,og,tilt,,"{""roll_deg"":0.5,""pitch_deg"":2.0,""steady"":true}"
31.703,right_hand,og,acc,3089325,"{""seq"":1539,""x_mg"":204,""y_mg"":-28,""z_mg"":980}"
31.703,right_hand,og,tilt,,"{""roll_deg"":0.5,""pitch_deg"":2.0,""steady"":true}"
31.734,right_hand,og,acc,3089346,"{""seq"":1540,""x_mg"":196,""y_mg"":-28,""z_mg"":1004}"
31.734,right_hand,og,tilt,,"{""roll_deg"":0.5,""pitch_deg"":2.0,""steady"":true}"
31.750,right_hand,og,acc,3089366,"{""seq"":1541,""x_mg"":192,""y_mg"":-28,""z_mg"":1012}"
31.750,right_hand,og,tilt,,"{""roll_deg"":0.5,""pitch_deg"":2.0,""steady"":true}"
31.750,right_hand,og,acc,3089387,"{""seq"":1542,""x_mg"":188,""y_mg"":-20,""z_mg"":1016}"
31.750,right_hand,og,tilt,,"{""roll_deg"":0.5,""pitch_deg"":2.0,""steady"":true}"
31.781,right_hand,og,acc,3089408,"{""seq"":1543,""x_mg"":192,""y_mg"":-12,""z_mg"":1012}"
31.781,right_hand,og,tilt,,"{""roll_deg"":0.5,""pitch_deg"":2.0,""steady"":true}"
31.812,right_hand,og,acc,3089428,"{""seq"":1544,""x_mg"":188,""y_mg"":-4,""z_mg"":1012}"
31.812,right_hand,og,tilt,,"{""roll_deg"":0.5,""pitch_deg"":2.0,""steady"":true}"
31.844,right_hand,og,acc,3089449,"{""seq"":1545,""x_mg"":184,""y_mg"":-28,""z_mg"":1004}"
31.844,right_hand,og,tilt,,"{""roll_deg"":0.5,""pitch_deg"":2.0,""steady"":true}"
31.844,right_hand,og,acc,3089469,"{""seq"":1546,""x_mg"":188,""y_mg"":-44,""z_mg"":988}"
31.844,right_hand,og,tilt,,"{""roll_deg"":0.5,""pitch_deg"":1.9,""steady"":true}"
31.875,right_hand,og,acc,3089490,"{""seq"":1547,""x_mg"":196,""y_mg"":-64,""z_mg"":968}"
31.875,right_hand,og,tilt,,"{""roll_deg"":0.5,""pitch_deg"":1.8,""steady"":true}"
31.922,right_hand,og,acc,3089510,"{""seq"":1548,""x_mg"":212,""y_mg"":-68,""z_mg"":944}"
31.922,right_hand,og,tilt,,"{""roll_deg"":0.5,""pitch_deg"":1.8,""steady"":true}"
31.922,right_hand,og,acc,3089531,"{""seq"":1549,""x_mg"":220,""y_mg"":-64,""z_mg"":948}"
31.922,right_hand,og,tilt,,"{""roll_deg"":0.2,""pitch_deg"":1.8,""steady"":true}"
31.953,right_hand,og,acc,3089552,"{""seq"":1550,""x_mg"":224,""y_mg"":-60,""z_mg"":920}"
31.953,right_hand,og,tilt,,"{""roll_deg"":-0.0,""pitch_deg"":1.8,""steady"":true}"
31.953,right_hand,og,acc,3089572,"{""seq"":1551,""x_mg"":228,""y_mg"":-72,""z_mg"":928}"
31.953,right_hand,og,tilt,,"{""roll_deg"":-0.2,""pitch_deg"":1.8,""steady"":true}"
31.969,right_hand,og,acc,3089593,"{""seq"":1552,""x_mg"":240,""y_mg"":-84,""z_mg"":920}"
31.969,right_hand,og,tilt,,"{""roll_deg"":-0.5,""pitch_deg"":1.8,""steady"":true}"
32.000,right_hand,og,acc,3089613,"{""seq"":1553,""x_mg"":240,""y_mg"":-72,""z_mg"":940}"
32.000,right_hand,og,tilt,,"{""roll_deg"":-0.7,""pitch_deg"":2.0,""steady"":true}"
32.031,right_hand,og,acc,3089634,"{""seq"":1554,""x_mg"":224,""y_mg"":-64,""z_mg"":968}"
32.031,right_hand,og,tilt,,"{""roll_deg"":-0.9,""pitch_deg"":2.4,""steady"":true}"
32.062,right_hand,og,acc,3089654,"{""seq"":1555,""x_mg"":216,""y_mg"":-60,""z_mg"":996}"
32.062,right_hand,og,tilt,,"{""roll_deg"":-1.0,""pitch_deg"":2.4,""steady"":true}"
32.062,right_hand,og,acc,3089675,"{""seq"":1556,""x_mg"":192,""y_mg"":-56,""z_mg"":1008}"
32.062,right_hand,og,tilt,,"{""roll_deg"":-1.0,""pitch_deg"":2.4,""steady"":true}"
32.094,right_hand,og,acc,3089696,"{""seq"":1557,""x_mg"":192,""y_mg"":-72,""z_mg"":1008}"
32.094,right_hand,og,tilt,,"{""roll_deg"":-1.0,""pitch_deg"":2.4,""steady"":true}"
32.094,right_hand,og,acc,3089716,"{""seq"":1558,""x_mg"":200,""y_mg"":-56,""z_mg"":1000}"
32.094,right_hand,og,tilt,,"{""roll_deg"":-1.0,""pitch_deg"":2.4,""steady"":true}"
32.125,right_hand,og,acc,3089737,"{""seq"":1559,""x_mg"":208,""y_mg"":-56,""z_mg"":992}"
32.125,right_hand,og,tilt,,"{""roll_deg"":-1.0,""pitch_deg"":2.4,""steady"":true}"
32.156,right_hand,og,acc,3089757,"{""seq"":1560,""x_mg"":216,""y_mg"":-36,""z_mg"":976}"
32.156,right_hand,og,tilt,,"{""roll_deg"":-1.0,""pitch_deg"":2.4,""steady"":true}"
32.156,right_hand,og,acc,3089778,"{""seq"":1561,""x_mg"":212,""y_mg"":-52,""z_mg"":972}"
32.156,right_hand,og,tilt,,"{""roll_deg"":-1.0,""pitch_deg"":2.4,""steady"":true}"
32.172,right_hand,og,acc,3089798,"{""seq"":1562,""x_mg"":220,""y_mg"":-68,""z_mg"":956}"
32.172,right_hand,og,tilt,,"{""roll_deg"":-1.0,""pitch_deg"":2.4,""steady"":true}"
32.203,right_hand,og,acc,3089819,"{""seq"":1563,""x_mg"":232,""y_mg"":-76,""z_mg"":944}"
32.203,right_hand,og,tilt,,"{""roll_deg"":-1.0,""pitch_deg"":2.4,""steady"":true}"
32.234,right_hand,og,acc,3089840,"{""seq"":1564,""x_mg"":232,""y_mg"":-52,""z_mg"":944}"
32.234,right_hand,og,tilt,,"{""roll_deg"":-1.1,""pitch_deg"":2.4,""steady"":true}"
32.234,right_hand,og,acc,3089860,"{""seq"":1565,""x_mg"":224,""y_mg"":-36,""z_mg"":940}"
32.234,right_hand,og,tilt,,"{""roll_deg"":-1.1,""pitch_deg"":2.4,""steady"":true}"
32.266,right_hand,og,acc,3089881,"{""seq"":1566,""x_mg"":240,""y_mg"":-40,""z_mg"":952}"
32.266,right_hand,og,tilt,,"{""roll_deg"":-1.1,""pitch_deg"":2.5,""steady"":true}"
32.297,right_hand,og,acc,3089901,"{""seq"":1567,""x_mg"":244,""y_mg"":-52,""z_mg"":944}"
32.297,right_hand,og,tilt,,"{""roll_deg"":-1.1,""pitch_deg"":2.7,""steady"":true}"
32.297,right_hand,og,acc,3089922,"{""seq"":1568,""x_mg"":252,""y_mg"":-76,""z_mg"":940}"
32.297,right_hand,og,tremor,,"{""rms_mg"":13.3,""peak_hz"":4.2}"
32.297,right_hand,og,tilt,,"{""roll_deg"":-1.1,""pitch_deg"":2.9,""steady"":true}"
32.328,right_hand,og,acc,3089942,"{""seq"":1569,""x_mg"":252,""y_mg"":-64,""z_mg"":936}"
32.328,right_hand,og,tilt,,"{""roll_deg"":-1.1,""pitch_deg"":3.2,""steady"":true}"
32.359,right_hand,og,acc,3089963,"{""seq"":1570,""x_mg"":256,""y_mg"":-56,""z_mg"":944}"
32.359,right_hand,og,tilt,,"{""roll_deg"":-1.1,""pitch_deg"":3.5,""steady"":true}"
32.359,right_hand,og,acc,3089984,"{""seq"":1571,""x_mg"":272,""y_mg"":-64,""z_mg"":932}"
32.359,right_hand,og,tilt,,"{""roll_deg"":-1.1,""pitch_deg"":3.7,""steady"":true}"
32.391,right_hand,og,acc,3090004,"{""seq"":1572,""x_mg"":272,""y_mg"":-56,""z_mg"":956}"
32.391,right_hand,og,tilt,,"{""roll_deg"":-1.1,""pitch_deg"":4.0,""steady"":true}"
32.406,right_hand,og,acc,3090025,"{""seq"":1573,""x_mg"":260,""y_mg"":-40,""z_mg"":964}"
32.406,right_hand,og,tilt,,"{""roll_deg"":-1.1,""pitch_deg"":4.3,""steady"":true}"
32.437,right_hand,og,acc,3090045,"{""seq"":1574,""x_mg"":256,""y_mg"":-32,""z_mg"":972}"
32.437,right_hand,og,tilt,,"{""roll_deg"":-1.1,""pitch_deg"":4.4,""steady"":true}"
32.437,right_hand,og,acc,3090066,"{""seq"":1575,""x_mg"":272,""y_mg"":-8,""z_mg"":984}"
32.437,right_hand,og,tilt,,"{""roll_deg"":-1.1,""pitch_deg"":4.5,""steady"":true}"
32.469,right_hand,og,acc,3090086,"{""seq"":1576,""x_mg"":256,""y_mg"":8,""z_mg"":992}"
32.469,right_hand,og,tilt,,"{""roll_deg"":-1.1,""pitch_deg"":4.5,""steady"":true}"
32.500,right_hand,og,acc,3090107,"{""seq"":1577,""x_mg"":228,""y_mg"":8,""z_mg"":976}"
32.500,right_hand,og,tilt,,"{""roll_deg"":-0.9,""pitch_deg"":4.5,""steady"":true}"
32.500,right_hand,og,acc,3090128,"{""seq"":1578,""x_mg"":236,""y_mg"":24,""z_mg"":980}"
32.500,right_hand,og,tilt,,"{""roll_deg"":-0.5,""pitch_deg"":4.5,""steady"":true}"
32.531,right_hand,og,acc,3090148,"{""seq"":1579,""x_mg"":236,""y_mg"":32,""z_mg"":972}"
32.531,right_hand,og,tilt,,"{""roll_deg"":0.1,""pitch_deg"":4.5,""steady"":true}"
32.562,right_hand,og,acc,3090169,"{""seq"":1580,""x_mg"":224,""y_mg"":44,""z_mg"":980}"
32.562,right_hand,og,tilt,,"{""roll_deg"":0.8,""pitch_deg"":4.5,""steady"":true}"
32.562,right_hand,og,acc,3090189,"{""seq"":1581,""x_mg"":196,""y_mg"":4,""z_mg"":988}"
32.562,right_hand,og,tilt,,"{""roll_deg"":1.3,""pitch_deg"":4.5,""steady"":true}"
32.578,right_hand,og,acc,3090210,"{""seq"":1582,""x_mg"":216,""y_mg"":-40,""z_mg"":976}"
32.578,right_hand,og,tilt,,"{""roll_deg"":1.4,""pitch_deg"":4.5,""steady"":true}"
32.625,right_hand,og,acc,3090230,"{""seq"":1583,""x_mg"":228,""y_mg"":-56,""z_mg"":972}"
32.625,right_hand,og,tilt,,"{""roll_deg"":1.4,""pitch_deg"":4.5,""steady"":true}"
32.656,right_hand,og,acc,3090251,"{""seq"":1584,""x_mg"":216,""y_mg"":-48,""z_mg"":968}"
32.656,right_hand,og,tilt,,"{""roll_deg"":1.4,""pitch_deg"":4.4,""steady"":true}"
32.656,right_hand,og,acc,3090271,"{""seq"":1585,""x_mg"":188,""y_mg"":-48,""z_mg"":968}"
32.656,right_hand,og,tilt,,"{""roll_deg"":1.3,""pitch_deg"":4.3,""steady"":true}"
32.687,right_hand,og,acc,3090292,"{""seq"":1586,""x_mg"":168,""y_mg"":-60,""z_mg"":972}"
32.687,right_hand,og,tilt,,"{""roll_deg"":1.2,""pitch_deg"":3.9,""steady"":true}"
32.719,right_hand,og,acc,3090313,"{""seq"":1587,""x_mg"":180,""y_mg"":-72,""z_mg"":968}"
32.719,right_hand,og,tilt,,"{""roll_deg"":1.0,""pitch_deg"":3.5,""steady"":true}"
32.719,right_hand,og,acc,3090333,"{""seq"":1588,""x_mg"":188,""y_mg"":-76,""z_mg"":960}"
32.719,right_hand,og,tilt,,"{""roll_deg"":0.7,""pitch_deg"":3.1,""steady"":true}"
32.750,right_hand,og,acc,3090354,"{""seq"":1589,""x_mg"":180,""y_mg"":-72,""z_mg"":968}"
32.750,right_hand,og,tilt,,"{""roll_deg"":0.3,""pitch_deg"":2.7,""steady"":true}"
32.781,right_hand,og,acc,3090374,"{""seq"":1590,""x_mg"":192,""y_mg"":-56,""z_mg"":980}"
32.781,right_hand,og,tilt,,"{""roll_deg"":-0.0,""pitch_deg"":2.5,""steady"":true}"
32.781,right_hand,og,acc,3090395,"{""seq"":1591,""x_mg"":200,""y_mg"":-52,""z_mg"":972}"
32.781,right_hand,og,tilt,,"{""roll_deg"":-0.2,""pitch_deg"":2.4,""steady"":true}"
32.812,right_hand,og,acc,3090415,"{""seq"":1592,""x_mg"":176,""y_mg"":-64,""z_mg"":988}"
32.812,right_hand,og,tilt,,"{""roll_deg"":-0.3,""pitch_deg"":2.3,""steady"":true}"
32.828,right_hand,og,acc,3090436,"{""seq"":1593,""x_mg"":184,""y_mg"":-68,""z_mg"":988}"
32.828,right_hand,og,tilt,,"{""roll_deg"":-0.5,""pitch_deg"":2.1,""steady"":true}"
32.859,right_hand,og,acc,3090457,"{""seq"":1594,""x_mg"":196,""y_mg"":-48,""z_mg"":992}"
32.859,right_hand,og,tilt,,"{""roll_deg"":-0.6,""pitch_deg"":1.9,""steady"":true}"
32.859,right_hand,og,acc,3090477,"{""seq"":1595,""x_mg"":168,""y_mg"":-40,""z_mg"":984}"
32.859,right_hand,og,tilt,,"{""roll_deg"":-0.6,""pitch_deg"":1.8,""steady"":true}"
32.891,right_hand,og,acc,3090498,"{""seq"":1596,""x_mg"":156,""y_mg"":-44,""z_mg"":1000}"
32.891,right_hand,og,tilt,,"{""roll_deg"":-0.6,""pitch_deg"":1.5,""steady"":true}"
32.922,right_hand,og,acc,3090518,"{""seq"":1597,""x_mg"":152,""y_mg"":-44,""z_mg"":984}"
32.922,right_hand,og,tilt,,"{""roll_deg"":-0.6,""pitch_deg"":1.2,""steady"":true}"
32.922,right_hand,og,acc,3090539,"{""seq"":1598,""x_mg"":160,""y_mg"":-72,""z_mg"":980}"
32.922,right_hand,og,tilt,,"{""roll_deg"":-0.6,""pitch_deg"":0.9,""steady"":true}"
32.953,,game,drop,,"{""n"":8}"
32.953,right_hand,og,acc,3090559,"{""seq"":1599,""x_mg"":192,""y_mg"":-88,""z_mg"":996}"
32.953,right_hand,og,tilt,,"{""roll_deg"":-0.6,""pitch_deg"":0.7,""steady"":true}"
32.953,right_hand,og,acc,3090580,"{""seq"":1600,""x_mg"":160,""y_mg"":-80,""z_mg"":1008}"
32.953,right_hand,og,tilt,,"{""roll_deg"":-0.9,""pitch_deg"":0.6,""steady"":true}"
32.984,right_hand,og,acc,3090601,"{""seq"":1601,""x_mg"":144,""y_mg"":-72,""z_mg"":1000}"
32.984,right_hand,og,tilt,,"{""roll_deg"":-1.1,""pitch_deg"":0.4,""steady"":true}"
33.000,right_hand,og,acc,3090621,"{""seq"":1602,""x_mg"":184,""y_mg"":-48,""z_mg"":1000}"
33.000,right_hand,og,tilt,,"{""roll_deg"":-1.2,""pitch_deg"":0.3,""steady"":true}"
33.031,right_hand,og,acc,3090642,"{""seq"":1603,""x_mg"":184,""y_mg"":-36,""z_mg"":992}"
33.031,right_hand,og,tilt,,"{""roll_deg"":-1.2,""pitch_deg"":0.3,""steady"":true}"
33.062,right_hand,og,acc,3090662,"{""seq"":1604,""x_mg"":160,""y_mg"":-60,""z_mg"":988}"
33.062,right_hand,og,tilt,,"{""roll_deg"":-1.2,""pitch_deg"":0.3,""steady"":true}"
33.062,right_hand,og,acc,3090683,"{""seq"":1605,""x_mg"":144,""y_mg"":-92,""z_mg"":1004}"
33.062,right_hand,og,tilt,,"{""roll_deg"":-1.2,""pitch_deg"":0.3,""steady"":true}"
33.094,right_hand,og,acc,3090703,"{""seq"":1606,""x_mg"":96,""y_mg"":-108,""z_mg"":1004}"
33.094,right_hand,og,tilt,,"{""roll_deg"":-1.3,""pitch_deg"":0.2,""steady"":true}"
33.094,right_hand,og,acc,3090724,"{""seq"":1607,""x_mg"":76,""y_mg"":-148,""z_mg"":992}"
33.094,right_hand,og,tilt,,"{""roll_deg"":-1.6,""pitch_deg"":-0.6,""steady"":true}"
33.141,right_hand,og,acc,3090745,"{""seq"":1608,""x_mg"":96,""y_mg"":-144,""z_mg"":976}"
33.141,right_hand,og,tilt,,"{""roll_deg"":-2.5,""pitch_deg"":-1.2,""steady"":true}"
33.172,right_hand,og,acc,3090765,"{""seq"":1609,""x_mg"":120,""y_mg"":-160,""z_mg"":980}"
33.172,right_hand,og,tilt,,"{""roll_deg"":-3.2,""pitch_deg"":-1.8,""steady"":true}"
33.172,right_hand,og,acc,3090786,"{""seq"":1610,""x_mg"":100,""y_mg"":-156,""z_mg"":984}"
33.172,right_hand,og,tilt,,"{""roll_deg"":-4.0,""pitch_deg"":-2.2,""steady"":true}"
33.203,right_hand,og,acc,3090806,"{""seq"":1611,""x_mg"":76,""y_mg"":-140,""z_mg"":976}"
33.203,right_hand,og,tilt,,"{""roll_deg"":-4.6,""pitch_deg"":-2.5,""steady"":true}"
33.219,right_hand,og,acc,3090827,"{""seq"":1612,""x_mg"":76,""y_mg"":-128,""z_mg"":976}"
33.219,right_hand,og,tilt,,"{""roll_deg"":-4.9,""pitch_deg"":-3.0,""steady"":true}"
33.219,right_hand,og,acc,3090847,"{""seq"":1613,""x_mg"":72,""y_mg"":-136,""z_mg"":964}"
33.219,right_hand,og,tilt,,"{""roll_deg"":-5.1,""pitch_deg"":-3.4,""steady"":true}"
33.266,right_hand,og,acc,3090868,"{""seq"":1614,""x_mg"":104,""y_mg"":-108,""z_mg"":980}"
33.266,right_hand,og,tilt,,"{""roll_deg"":-5.1,""pitch_deg"":-3.8,""steady"":true}"
33.297,right_hand,og,acc,3090889,"{""seq"":1615,""x_mg"":128,""y_mg"":-84,""z_mg"":980}"
33.297,right_hand,og,tilt,,"{""roll_deg"":-5.1,""pitch_deg"":-3.8,""steady"":true}"
33.297,right_hand,og,acc,3090909,"{""seq"":1616,""x_mg"":132,""y_mg"":-84,""z_mg"":964}"
33.297,right_hand,og,tilt,,"{""roll_deg"":-5.1,""pitch_deg"":-3.8,""steady"":true}"
33.328,right_hand,og,acc,3090930,"{""seq"":1617,""x_mg"":148,""y_mg"":-72,""z_mg"":976}"
33.328,right_hand,og,tilt,,"{""roll_deg"":-5.1,""pitch_deg"":-3.8,""steady"":true}"
33.328,right_hand,og,acc,3090950,"{""seq"":1618,""x_mg"":180,""y_mg"":-60,""z_mg"":992}"
33.328,right_hand,og,tilt,,"{""roll_deg"":-5.0,""pitch_deg"":-3.7,""steady"":true}"
33.359,right_hand,og,acc,3090971,"{""seq"":1619,""x_mg"":180,""y_mg"":-68,""z_mg"":996}"
33.359,right_hand,og,tilt,,"{""roll_deg"":-4.8,""pitch_deg"":-3.4,""steady"":true}"
33.391,right_hand,og,acc,3090991,"{""seq"":1620,""x_mg"":148,""y_mg"":-72,""z_mg"":1000}"
33.391,right_hand,og,tilt,,"{""roll_deg"":-4.5,""pitch_deg"":-3.1,""steady"":true}"
33.391,right_hand,og,acc,3091012,"{""seq"":1621,""x_mg"":144,""y_mg"":-60,""z_mg"":1012}"
33.391,right_hand,og,tilt,,"{""roll_deg"":-4.3,""pitch_deg"":-2.9,""steady"":true}"
33.422,right_hand,og,acc,3091033,"{""seq"":1622,""x_mg"":144,""y_mg"":-56,""z_mg"":1008}"
33.422,right_hand,og,tilt,,"{""roll_deg"":-3.9,""pitch_deg"":-2.8,""steady"":true}"
33.453,right_hand,og,acc,3091053,"{""seq"":1623,""x_mg"":148,""y_mg"":-36,""z_mg"":1000}"
33.453,right_hand,og,tilt,,"{""roll_deg"":-3.6,""pitch_deg"":-2.7,""steady"":true}"
33.453,right_hand,og,acc,3091074,"{""seq"":1624,""x_mg"":140,""y_mg"":-36,""z_mg"":988}"
33.453,right_hand,og,tilt,,"{""roll_deg"":-3.0,""pitch_deg"":-2.6,""steady"":true}"
33.484,right_hand,og,acc,3091094,"{""seq"":1625,""x_mg"":128,""y_mg"":-40,""z_mg"":996}"
33.484,right_hand,og,tilt,,"{""roll_deg"":-2.6,""pitch_deg"":-2.6,""steady"":true}"
33.516,right_hand,og,acc,3091115,"{""seq"":1626,""x_mg"":148,""y_mg"":-36,""z_mg"":1000}"
33.516,right_hand,og,tilt,,"{""roll_deg"":-2.2,""pitch_deg"":-2.5,""steady"":true}"
33.516,right_hand,og,acc,3091135,"{""seq"":1627,""x_mg"":124,""y_mg"":-36,""z_mg"":1004}"
33.516,right_hand,og,tilt,,"{""roll_deg"":-1.9,""pitch_deg"":-2.5,""steady"":true}"
33.547,right_hand,og,acc,3091156,"{""seq"":1628,""x_mg"":100,""y_mg"":-64,""z_mg"":984}"
33.547,right_hand,og,tilt,,"{""roll_deg"":-1.6,""pitch_deg"":-2.5,""steady"":true}"
33.578,right_hand,og,acc,3091176,"{""seq"":1629,""x_mg"":124,""y_mg"":-52,""z_mg"":988}"
33.578,right_hand,og,tilt,,"{""roll_deg"":-1.6,""pitch_deg"":-2.5,""steady"":true}"
33.578,right_hand,og,acc,3091197,"{""seq"":1630,""x_mg"":132,""y_mg"":-48,""z_mg"":980}"
33.578,right_hand,og,tilt,,"{""roll_deg"":-1.6,""pitch_deg"":-2.5,""steady"":true}"
33.609,right_hand,og,acc,3091218,"{""seq"":1631,""x_mg"":148,""y_mg"":-36,""z_mg"":972}"
33.609,right_hand,og,tilt,,"{""roll_deg"":-1.6,""pitch_deg"":-2.5,""steady"":true}"
33.641,right_hand,og,acc,3091238,"{""seq"":1632,""x_mg"":160,""y_mg"":-40,""z_mg"":976}"
33.641,right_hand,og,tilt,,"{""roll_deg"":-1.4,""pitch_deg"":-2.5,""steady"":true}"
33.641,right_hand,og,acc,3091259,"{""seq"":1633,""x_mg"":160,""y_mg"":-32,""z_mg"":976}"
33.641,right_hand,og,tilt,,"{""roll_deg"":-1.3,""pitch_deg"":-2.4,""steady"":true}"
33.672,right_hand,og,acc,3091279,"{""seq"":1634,""x_mg"":156,""y_mg"":-24,""z_mg"":984}"
33.672,right_hand,og,tilt,,"{""roll_deg"":-1.2,""pitch_deg"":-2.2,""steady"":true}"
33.672,right_hand,og,acc,3091300,"{""seq"":1635,""x_mg"":160,""y_mg"":-28,""z_mg"":996}"
33.672,right_hand,og,tilt,,"{""roll_deg"":-1.0,""pitch_deg"":-2.0,""steady"":true}"
33.703,right_hand,og,acc,3091320,"{""seq"":1636,""x_mg"":148,""y_mg"":-32,""z_mg"":984}"
33.703,right_hand,og,tilt,,"{""roll_deg"":-0.9,""pitch_deg"":-1.9,""steady"":true}"
33.734,right_hand,og,acc,3091341,"{""seq"":1637,""x_mg"":148,""y_mg"":-28,""z_mg"":980}"
33.734,right_hand,og,tilt,,"{""roll_deg"":-0.8,""pitch_deg"":-1.9,""steady"":true}"
33.734,right_hand,og,acc,3091362,"{""seq"":1638,""x_mg"":132,""y_mg"":-32,""z_mg"":1012}"
33.734,right_hand,og,tilt,,"{""roll_deg"":-0.7,""pitch_deg"":-1.9,""steady"":true}"
33.766,right_hand,og,acc,3091382,"{""seq"":1639,""x_mg"":156,""y_mg"":-16,""z_mg"":980}"
33.766,right_hand,og,tilt,,"{""roll_deg"":-0.6,""pitch_deg"":-1.8,""steady"":true}"
33.797,right_hand,og,acc,3091403,"{""seq"":1640,""x_mg"":136,""y_mg"":112,""z_mg"":972}"
33.797,right_hand,og,tilt,,"{""roll_deg"":-0.5,""pitch_deg"":-1.8,""steady"":true}"
33.797,right_hand,og,acc,3091423,"{""seq"":1641,""x_mg"":144,""y_mg"":116,""z_mg"":952}"
33.797,right_hand,og,tilt,,"{""roll_deg"":1.4,""pitch_deg"":-1.8,""steady"":true}"
33.828,right_hand,og,acc,3091444,"{""seq"":1642,""x_mg"":180,""y_mg"":-44,""z_mg"":980}"
33.828,right_hand,og,tilt,,"{""roll_deg"":3.1,""pitch_deg"":-1.8,""steady"":true}"
33.875,right_hand,og,acc,3091464,"{""seq"":1643,""x_mg"":224,""y_mg"":-176,""z_mg"":964}"
33.875,right_hand,og,tilt,,"{""roll_deg"":3.1,""pitch_deg"":-1.6,""steady"":true}"
33.875,right_hand,og,acc,3091485,"{""seq"":1644,""x_mg"":220,""y_mg"":-144,""z_mg"":960}"
33.875,right_hand,og,tilt,,"{""roll_deg"":2.2,""pitch_deg"":-0.9,""steady"":true}"
33.906,right_hand,og,acc,3091506,"{""seq"":1645,""x_mg"":208,""y_mg"":-56,""z_mg"":952}"
33.906,right_hand,og,tilt,,"{""roll_deg"":1.1,""pitch_deg"":-0.2,""steady"":true}"
33.906,right_hand,og,acc,3091526,"{""seq"":1646,""x_mg"":256,""y_mg"":44,""z_mg"":948}"
33.906,right_hand,og,tilt,,"{""roll_deg"":0.8,""pitch_deg"":0.3,""steady"":true}"
33.937,right_hand,og,acc,3091547,"{""seq"":1647,""x_mg"":240,""y_mg"":36,""z_mg"":956}"
33.937,right_hand,og,tilt,,"{""roll_deg"":0.8,""pitch_deg"":1.1,""steady"":true}"
33.969,right_hand,og,acc,3091567,"{""seq"":1648,""x_mg"":228,""y_mg"":-8,""z_mg"":964}"
33.969,right_hand,og,tilt,,"{""roll_deg"":0.8,""pitch_deg"":1.7,""steady"":true}"
33.969,right_hand,og,acc,3091588,"{""seq"":1649,""x_mg"":208,""y_mg"":-32,""z_mg"":976}"
33.969,right_hand,og,tilt,,"{""roll_deg"":0.8,""pitch_deg"":2.1,""steady"":true}"
34.000,right_hand,og,acc,3091608,"{""seq"":1650,""x_mg"":204,""y_mg"":-20,""z_mg"":964}"
34.000,right_hand,og,tilt,,"{""roll_deg"":0.8,""pitch_deg"":2.1,""steady"":true}"
34.031,right_hand,og,acc,3091629,"{""seq"":1651,""x_mg"":192,""y_mg"":36,""z_mg"":972}"
34.031,right_hand,og,tilt,,"{""roll_deg"":0.8,""pitch_deg"":2.1,""steady"":true}"
34.031,right_hand,og,acc,3091649,"{""seq"":1652,""x_mg"":168,""y_mg"":44,""z_mg"":988}"
34.031,right_hand,og,tilt,,"{""roll_deg"":0.8,""pitch_deg"":2.1,""steady"":true}"
34.062,right_hand,og,acc,3091670,"{""seq"":1653,""x_mg"":152,""y_mg"":-20,""z_mg"":984}"
34.062,right_hand,og,tilt,,"{""roll_deg"":1.2,""pitch_deg"":2.1,""steady"":true}"
34.094,right_hand,og,acc,3091691,"{""seq"":1654,""x_mg"":140,""y_mg"":-24,""z_mg"":992}"
34.094,right_hand,og,tilt,,"{""roll_deg"":1.2,""pitch_deg"":2.0,""steady"":true}"
34.094,right_hand,og,acc,3091711,"{""seq"":1655,""x_mg"":140,""y_mg"":-12,""z_mg"":988}"
34.094,right_hand,og,tilt,,"{""roll_deg"":1.2,""pitch_deg"":1.8,""steady"":true}"
34.125,right_hand,og,acc,3091732,"{""seq"":1656,""x_mg"":188,""y_mg"":-40,""z_mg"":992}"
34.125,right_hand,og,tilt,,"{""roll_deg"":1.2,""pitch_deg"":1.4,""steady"":true}"
34.156,right_hand,og,acc,3091752,"{""seq"":1657,""x_mg"":192,""y_mg"":-8,""z_mg"":980}"
34.156,right_hand,og,tilt,,"{""roll_deg"":1.2,""pitch_deg"":1.4,""steady"":true}"
34.156,right_hand,og,acc,3091773,"{""seq"":1658,""x_mg"":196,""y_mg"":96,""z_mg"":984}"
34.156,right_hand,og,tilt,,"{""roll_deg"":1.2,""pitch_deg"":1.4,""steady"":true}"
34.187,right_hand,og,acc,3091793,"{""seq"":1659,""x_mg"":164,""y_mg"":188,""z_mg"":1024}"
34.187,right_hand,og,tilt,,"{""roll_deg"":1.8,""pitch_deg"":1.4,""steady"":true}"
34.187,right_hand,og,acc,3091814,"{""seq"":1660,""x_mg"":132,""y_mg"":124,""z_mg"":1044}"
34.187,right_hand,og,tilt,,"{""roll_deg"":3.0,""pitch_deg"":1.3,""steady"":true}"
34.219,right_hand,og,acc,3091835,"{""seq"":1661,""x_mg"":124,""y_mg"":68,""z_mg"":1028}"
34.219,right_hand,og,tilt,,"{""roll_deg"":4.2,""pitch_deg"":0.8,""steady"":true}"
34.250,right_hand,og,acc,3091855,"{""seq"":1662,""x_mg"":164,""y_mg"":60,""z_mg"":1000}"
34.250,right_hand,og,tilt,,"{""roll_deg"":4.4,""pitch_deg"":0.3,""steady"":true}"
34.250,right_hand,og,acc,3091876,"{""seq"":1663,""x_mg"":200,""y_mg"":64,""z_mg"":996}"
34.250,right_hand,og,tilt,,"{""roll_deg"":4.6,""pitch_deg"":0.2,""steady"":true}"
34.281,right_hand,og,acc,3091896,"{""seq"":1664,""x_mg"":224,""y_mg"":84,""z_mg"":988}"
34.281,right_hand,og,tilt,,"{""roll_deg"":4.7,""pitch_deg"":0.2,""steady"":true}"
34.312,right_hand,og,acc,3091917,"{""seq"":1665,""x_mg"":252,""y_mg"":116,""z_mg"":972}"
34.312,right_hand,og,tilt,,"{""roll_deg"":5.0,""pitch_deg"":0.2,""steady"":true}"
34.312,right_hand,og,acc,3091937,"{""seq"":1666,""x_mg"":256,""y_mg"":120,""z_mg"":956}"
34.312,right_hand,og,tremor,,"{""rms_mg"":13.5,""peak_hz"":4.2}"
34.312,right_hand,og,tilt,,"{""roll_deg"":5.6,""pitch_deg"":0.3,""steady"":true}"
34.344,right_hand,og,acc,3091958,"{""seq"":1667,""x_mg"":228,""y_mg"":112,""z_mg"":968}"
34.344,right_hand,og,tilt,,"{""roll_deg"":6.2,""pitch_deg"":0.8,""steady"":true}"
34.375,right_hand,og,acc,3091979,"{""seq"":1668,""x_mg"":224,""y_mg"":108,""z_mg"":956}"
34.375,right_hand,og,tilt,,"{""roll_deg"":6.6,""pitch_deg"":1.2,""steady"":true}"
34.375,right_hand,og,acc,3091999,"{""seq"":1669,""x_mg"":216,""y_mg"":124,""z_mg"":960}"
34.375,right_hand,og,tilt,,"{""roll_deg"":6.8,""pitch_deg"":1.4,""steady"":true}"
34.406,right_hand,og,acc,3092020,"{""seq"":1670,""x_mg"":184,""y_mg"":136,""z_mg"":936}"
34.406,right_hand,og,tilt,,"{""roll_deg"":7.2,""pitch_deg"":1.6,""steady"":true}"
34.453,right_hand,og,acc,3092040,"{""seq"":1671,""x_mg"":156,""y_mg"":112,""z_mg"":920}"
34.453,right_hand,og,tilt,,"{""roll_deg"":7.5,""pitch_deg"":1.6,""steady"":true}"
34.453,right_hand,og,acc,3092061,"{""seq"":1672,""x_mg"":156,""y_mg"":80,""z_mg"":904}"
34.453,right_hand,og,tilt,,"{""roll_deg"":7.7,""pitch_deg"":1.6,""steady"":true}"
34.469,right_hand,og,acc,3092081,"{""seq"":1673,""x_mg"":188,""y_mg"":68,""z_mg"":916}"
34.469,right_hand,og,tilt,,"{""roll_deg"":7.7,""pitch_deg"":1.6,""steady"":true}"
34.516,right_hand,og,acc,3092102,"{""seq"":1674,""x_mg"":196,""y_mg"":88,""z_mg"":948}"
34.516,right_hand,og,tilt,,"{""roll_deg"":7.7,""pitch_deg"":1.6,""steady"":true}"
34.516,right_hand,og,acc,3092123,"{""seq"":1675,""x_mg"":180,""y_mg"":88,""z_mg"":964}"
34.516,right_hand,og,tilt,,"{""roll_deg"":7.7,""pitch_deg"":1.6,""steady"":true}"
34.547,right_hand,og,acc,3092143,"{""seq"":1676,""x_mg"":180,""y_mg"":48,""z_mg"":984}"
34.547,right_hand,og,tilt,,"{""roll_deg"":7.7,""pitch_deg"":1.6,""steady"":true}"
34.547,right_hand,og,acc,3092164,"{""seq"":1677,""x_mg"":192,""y_mg"":36,""z_mg"":992}"
34.547,right_hand,og,tilt,,"{""roll_deg"":7.7,""pitch_deg"":1.6,""steady"":true}"
34.578,right_hand,og,acc,3092184,"{""seq"":1678,""x_mg"":204,""y_mg"":36,""z_mg"":988}"
34.578,right_hand,og,tilt,,"{""roll_deg"":7.4,""pitch_deg"":1.6,""steady"":true}"
34.609,right_hand,og,acc,3092205,"{""seq"":1679,""x_mg"":204,""y_mg"":52,""z_mg"":944}"
34.609,right_hand,og,tilt,,"{""roll_deg"":7.0,""pitch_deg"":1.6,""steady"":true}"
34.609,right_hand,og,acc,3092225,"{""seq"":1680,""x_mg"":208,""y_mg"":56,""z_mg"":924}"
34.609,right_hand,og,tilt,,"{""roll_deg"":6.8,""pitch_deg"":1.6,""steady"":true}"
34.641,right_hand,og,acc,3092246,"{""seq"":1681,""x_mg"":216,""y_mg"":60,""z_mg"":924}"
34.641,right_hand,og,tilt,,"{""roll_deg"":6.7,""pitch_deg"":1.6,""steady"":true}"
34.672,right_hand,og,acc,3092267,"{""seq"":1682,""x_mg"":196,""y_mg"":68,""z_mg"":912}"
34.672,right_hand,og,tilt,,"{""roll_deg"":6.6,""pitch_deg"":1.6,""steady"":true}"
34.672,right_hand,og,acc,3092287,"{""seq"":1683,""x_mg"":220,""y_mg"":88,""z_mg"":940}"
34.672,right_hand,og,tilt,,"{""roll_deg"":6.5,""pitch_deg"":1.6,""steady"":true}"
34.703,right_hand,og,acc,3092308,"{""seq"":1684,""x_mg"":244,""y_mg"":112,""z_mg"":948}"
34.703,right_hand,og,tilt,,"{""roll_deg"":6.5,""pitch_deg"":1.8,""steady"":true}"
34.703,right_hand,og,acc,3092328,"{""seq"":1685,""x_mg"":240,""y_mg"":112,""z_mg"":948}"
34.703,right_hand,og,tilt,,"{""roll_deg"":6.5,""pitch_deg"":2.1,""steady"":true}"
34.734,right_hand,og,acc,3092349,"{""seq"":1686,""x_mg"":276,""y_mg"":92,""z_mg"":952}"
34.734,right_hand,og,tilt,,"{""roll_deg"":6.5,""pitch_deg"":2.4,""steady"":true}"
34.766,right_hand,og,acc,3092369,"{""seq"":1687,""x_mg"":320,""y_mg"":84,""z_mg"":968}"
34.766,right_hand,og,tilt,,"{""roll_deg"":6.5,""pitch_deg"":3.0,""steady"":true}"
34.766,right_hand,og,acc,3092390,"{""seq"":1688,""x_mg"":300,""y_mg"":100,""z_mg"":976}"
34.766,right_hand,og,tilt,,"{""roll_deg"":6.5,""pitch_deg"":3.8,""steady"":true}"
34.797,,game,brick,,"{""n"":15}"
34.797,right_hand,og,acc,3092410,"{""seq"":1689,""x_mg"":280,""y_mg"":128,""z_mg"":960}"
34.797,right_hand,og,tilt,,"{""roll_deg"":6.5,""pitch_deg"":4.5,""steady"":true}"
34.828,right_hand,og,acc,3092431,"{""seq"":1690,""x_mg"":260,""y_mg"":180,""z_mg"":964}"
34.828,right_hand,og,tilt,,"{""roll_deg"":6.6,""pitch_deg"":4.8,""steady"":true}"
34.828,right_hand,og,acc,3092452,"{""seq"":1691,""x_mg"":216,""y_mg"":208,""z_mg"":968}"
34.828,right_hand,og,tilt,,"{""roll_deg"":7.4,""pitch_deg"":4.8,""steady"":true}"
34.859,right_hand,og,acc,3092472,"{""seq"":1692,""x_mg"":212,""y_mg"":208,""z_mg"":956}"
34.859,right_hand,og,tilt,,"{""roll_deg"":8.6,""pitch_deg"":4.8,""steady"":true}"
34.891,right_hand,og,acc,3092493,"{""seq"":1693,""x_mg"":220,""y_mg"":232,""z_mg"":964}"
34.891,right_hand,og,tilt,,"{""roll_deg"":9.8,""pitch_deg"":4.8,""steady"":true}"
34.891,right_hand,og,acc,3092513,"{""seq"":1694,""x_mg"":192,""y_mg"":212,""z_mg"":940}"
34.891,right_hand,og,tilt,,"{""roll_deg"":10.8,""pitch_deg"":4.7,""steady"":true}"
34.906,right_hand,og,acc,3092534,"{""seq"":1695,""x_mg"":164,""y_mg"":188,""z_mg"":920}"
34.906,right_hand,og,tilt,,"{""roll_deg"":11.6,""pitch_deg"":4.5,""steady"":true}"
34.937,right_hand,og,acc,3092554,"{""seq"":1696,""x_mg"":164,""y_mg"":160,""z_mg"":916}"
34.937,right_hand,og,tilt,,"{""roll_deg"":11.9,""pitch_deg"":4.1,""steady"":true}"
34.969,right_hand,og,acc,3092575,"{""seq"":1697,""x_mg"":172,""y_mg"":116,""z_mg"":904}"
34.969,right_hand,og,tilt,,"{""roll_deg"":11.9,""pitch_deg"":3.6,""steady"":true}"
34.969,right_hand,og,acc,3092596,"{""seq"":1698,""x_mg"":168,""y_mg"":104,""z_mg"":904}"
34.969,right_hand,og,tilt,,"{""roll_deg"":11.9,""pitch_deg"":3.2,""steady"":true}"
35.000,right_hand,og,acc,3092616,"{""seq"":1699,""x_mg"":152,""y_mg"":120,""z_mg"":960}"
35.000,right_hand,og,tilt,,"{""roll_deg"":11.6,""pitch_deg"":2.8,""steady"":true}"
35.031,right_hand,og,acc,3092637,"{""seq"":1700,""x_mg"":116,""y_mg"":140,""z_mg"":968}"
35.031,right_hand,og,tilt,,"{""roll_deg"":11.3,""pitch_deg"":2.2,""steady"":true}"
35.031,right_hand,og,acc,3092657,"{""seq"":1701,""x_mg"":92,""y_mg"":120,""z_mg"":972}"
35.031,right_hand,og,tilt,,"{""roll_deg"":11.2,""pitch_deg"":1.2,""steady"":true}"
35.062,right_hand,og,acc,3092678,"{""seq"":1702,""x_mg"":96,""y_mg"":84,""z_mg"":992}"
35.062,right_hand,og,tilt,,"{""roll_deg"":11.0,""pitch_deg"":-0.1,""steady"":true}"
35.094,right_hand,og,acc,3092698,"{""seq"":1703,""x_mg"":108,""y_mg"":92,""z_mg"":1032}"
35.094,right_hand,og,tilt,,"{""roll_deg"":10.6,""pitch_deg"":-1.1,""steady"":true}"
35.094,right_hand,og,acc,3092719,"{""seq"":1704,""x_mg"":96,""y_mg"":108,""z_mg"":1048}"
35.094,right_hand,og,tilt,,"{""roll_deg"":10.2,""pitch_deg"":-1.8,""steady"":true}"
35.109,right_hand,og,acc,3092740,"{""seq"":1705,""x_mg"":100,""y_mg"":112,""z_mg"":1064}"
35.109,right_hand,og,tilt,,"{""roll_deg"":9.8,""pitch_deg"":-2.4,""steady"":true}"
35.141,right_hand,og,acc,3092760,"{""seq"":1706,""x_mg"":140,""y_mg"":124,""z_mg"":1068}"
35.141,right_hand,og,tilt,,"{""roll_deg"":9.6,""pitch_deg"":-2.8,""steady"":true}"
35.187,right_hand,og,acc,3092781,"{""seq"":1707,""x_mg"":160,""y_mg"":120,""z_mg"":1056}"
35.187,right_hand,og,tilt,,"{""roll_deg"":9.4,""pitch_deg"":-2.8,""steady"":true}"
35.187,right_hand,og,acc,3092801,"{""seq"":1708,""x_mg"":152,""y_mg"":88,""z_mg"":1044}"
35.187,right_hand,og,tilt,,"{""roll_deg"":9.3,""pitch_deg"":-2.8,""steady"":true}"
35.219,right_hand,og,acc,3092822,"{""seq"":1709,""x_mg"":180,""y_mg"":68,""z_mg"":1036}"
35.219,right_hand,og,tilt,,"{""roll_deg"":8.9,""pitch_deg"":-2.8,""steady"":true}"
35.250,right_hand,og,acc,3092842,"{""seq"":1710,""x_mg"":176,""y_mg"":56,""z_mg"":1008}"
35.250,right_hand,og,tilt,,"{""roll_deg"":8.4,""pitch_deg"":-2.5,""steady"":true}"
35.250,right_hand,og,acc,3092863,"{""seq"":1711,""x_mg"":180,""y_mg"":80,""z_mg"":996}"
35.250,right_hand,og,tilt,,"{""roll_deg"":7.9,""pitch_deg"":-2.3,""steady"":true}"
35.281,right_hand,og,acc,3092884,"{""seq"":1712,""x_mg"":180,""y_mg"":104,""z_mg"":984}"
35.281,right_hand,og,tilt,,"{""roll_deg"":7.7,""pitch_deg"":-2.1,""steady"":true}"
35.297,right_hand,og,acc,3092904,"{""seq"":1713,""x_mg"":192,""y_mg"":88,""z_mg"":964}"
35.312,right_hand,og,tilt,,"{""roll_deg"":7.6,""pitch_deg"":-1.9,""steady"":true}"
35.312,right_hand,og,acc,3092925,"{""seq"":1714,""x_mg"":176,""y_mg"":72,""z_mg"":980}"
35.312,right_hand,og,tilt,,"{""roll_deg"":7.6,""pitch_deg"":-1.7,""steady"":true}"
35.328,right_hand,og,acc,3092945,"{""seq"":1715,""x_mg"":172,""y_mg"":48,""z_mg"":972}"
35.328,right_hand,og,tilt,,"{""roll_deg"":7.4,""pitch_deg"":-1.5,""steady"":true}"
35.359,right_hand,og,acc,3092966,"{""seq"":1716,""x_mg"":160,""y_mg"":24,""z_mg"":960}"
35.359,right_hand,og,tilt,,"{""roll_deg"":6.9,""pitch_deg"":-1.3,""steady"":true}"
35.391,right_hand,og,acc,3092986,"{""seq"":1717,""x_mg"":164,""y_mg"":8,""z_mg"":964}"
35.391,right_hand,og,tilt,,"{""roll_deg"":6.3,""pitch_deg"":-1.2,""steady"":true}"
35.391,right_hand,og,acc,3093007,"{""seq"":1718,""x_mg"":128,""y_mg"":-8,""z_mg"":956}"
35.391,right_hand,og,tilt,,"{""roll_deg"":5.5,""pitch_deg"":-1.2,""steady"":true}"
35.422,right_hand,og,acc,3093027,"{""seq"":1719,""x_mg"":124,""y_mg"":-24,""z_mg"":968}"
35.422,right_hand,og,tilt,,"{""roll_deg"":4.6,""pitch_deg"":-1.2,""steady"":true}"
35.453,right_hand,og,acc,3093048,"{""seq"":1720,""x_mg"":104,""y_mg"":-60,""z_mg"":976}"
35.453,right_hand,og,tilt,,"{""roll_deg"":3.6,""pitch_deg"":-1.2,""steady"":true}"
35.453,right_hand,og,acc,3093069,"{""seq"":1721,""x_mg"":104,""y_mg"":-56,""z_mg"":964}"
35.453,right_hand,og,tilt,,"{""roll_deg"":2.3,""pitch_deg"":-1.2,""steady"":true}"
35.484,right_hand,og,acc,3093089,"{""seq"":1722,""x_mg"":108,""y_mg"":-60,""z_mg"":976}"
35.484,right_hand,og,tilt,,"{""roll_deg"":1.4,""pitch_deg"":-1.2,""steady"":true}"
35.484,right_hand,og,acc,3093110,"{""seq"":1723,""x_mg"":112,""y_mg"":-76,""z_mg"":964}"
35.484,right_hand,og,tilt,,"{""roll_deg"":0.6,""pitch_deg"":-1.3,""steady"":true}"
35.516,right_hand,og,acc,3093130,"{""seq"":1724,""x_mg"":116,""y_mg"":-60,""z_mg"":956}"
35.516,right_hand,og,tilt,,"{""roll_deg"":0.1,""pitch_deg"":-1.5,""steady"":true}"
35.531,right_hand,og,acc,3093151,"{""seq"":1725,""x_mg"":144,""y_mg"":-48,""z_mg"":960}"
35.531,right_hand,og,tilt,,"{""roll_deg"":-0.3,""pitch_deg"":-1.6,""steady"":true}"
35.562,right_hand,og,acc,3093171,"{""seq"":1726,""x_mg"":144,""y_mg"":-44,""z_mg"":956}"
35.562,right_hand,og,tilt,,"{""roll_deg"":-0.4,""pitch_deg"":-1.6,""steady"":true}"
35.594,right_hand,og,acc,3093192,"{""seq"":1727,""x_mg"":144,""y_mg"":-36,""z_mg"":964}"
35.594,right_hand,og,tilt,,"{""roll_deg"":-0.4,""pitch_deg"":-1.6,""steady"":true}"
35.594,right_hand,og,acc,3093213,"{""seq"":1728,""x_mg"":152,""y_mg"":-16,""z_mg"":960}"
35.594,right_hand,og,tilt,,"{""roll_deg"":-0.4,""pitch_deg"":-1.6,""steady"":true}"
35.625,right_hand,og,acc,3093233,"{""seq"":1729,""x_mg"":160,""y_mg"":4,""z_mg"":960}"
35.625,right_hand,og,tilt,,"{""roll_deg"":-0.4,""pitch_deg"":-1.6,""steady"":true}"
35.625,right_hand,og,acc,3093254,"{""seq"":1730,""x_mg"":164,""y_mg"":8,""z_mg"":964}"
35.625,right_hand,og,tilt,,"{""roll_deg"":-0.4,""pitch_deg"":-1.6,""steady"":true}"
35.656,right_hand,og,acc,3093274,"{""seq"":1731,""x_mg"":168,""y_mg"":-8,""z_mg"":976}"
35.656,right_hand,og,tilt,,"{""roll_deg"":-0.2,""pitch_deg"":-1.6,""steady"":true}"
35.687,right_hand,og,acc,3093295,"{""seq"":1732,""x_mg"":180,""y_mg"":-24,""z_mg"":984}"
35.687,right_hand,og,tilt,,"{""roll_deg"":-0.1,""pitch_deg"":-1.6,""steady"":true}"
35.687,right_hand,og,acc,3093315,"{""seq"":1733,""x_mg"":172,""y_mg"":-24,""z_mg"":988}"
35.687,right_hand,og,tilt,,"{""roll_deg"":-0.1,""pitch_deg"":-1.6,""steady"":true}"
35.719,right_hand,og,acc,3093336,"{""seq"":1734,""x_mg"":164,""y_mg"":-40,""z_mg"":988}"
35.719,right_hand,og,tilt,,"{""roll_deg"":-0.0,""pitch_deg"":-1.4,""steady"":true}"
35.750,right_hand,og,acc,3093357,"{""seq"":1735,""x_mg"":168,""y_mg"":-40,""z_mg"":988}"
35.750,right_hand,og,tilt,,"{""roll_deg"":-0.0,""pitch_deg"":-1.3,""steady"":true}"
35.781,right_hand,og,acc,3093377,"{""seq"":1736,""x_mg"":160,""y_mg"":-48,""z_mg"":1000}"
35.781,right_hand,og,tilt,,"{""roll_deg"":-0.0,""pitch_deg"":-1.2,""steady"":true}"
35.781,right_hand,og,acc,3093398,"{""seq"":1737,""x_mg"":168,""y_mg"":-44,""z_mg"":996}"
35.781,right_hand,og,tilt,,"{""roll_deg"":-0.0,""pitch_deg"":-1.2,""steady"":true}"
35.812,right_hand,og,acc,3093418,"{""seq"":1738,""x_mg"":172,""y_mg"":-40,""z_mg"":992}"
35.812,right_hand,og,tilt,,"{""roll_deg"":-0.0,""pitch_deg"":-1.1,""steady"":true}"
35.844,right_hand,og,acc,3093439,"{""seq"":1739,""x_mg"":168,""y_mg"":-28,""z_mg"":988}"
35.844,right_hand,og,tilt,,"{""roll_deg"":-0.0,""pitch_deg"":-1.0,""steady"":true}"
35.844,right_hand,og,acc,3093459,"{""seq"":1740,""x_mg"":164,""y_mg"":-20,""z_mg"":980}"
35.844,right_hand,og,tilt,,"{""roll_deg"":-0.0,""pitch_deg"":-1.0,""steady"":true}"
35.875,right_hand,og,acc,3093480,"{""seq"":1741,""x_mg"":160,""y_mg"":-12,""z_mg"":984}"
35.875,right_hand,og,tilt,,"{""roll_deg"":-0.0,""pitch_deg"":-0.9,""steady"":true}"
35.906,right_hand,og,acc,3093501,"{""seq"":1742,""x_mg"":168,""y_mg"":8,""z_mg"":976}"
35.906,right_hand,og,tilt,,"{""roll_deg"":-0.0,""pitch_deg"":-0.9,""steady"":true}"
35.906,right_hand,og,acc,3093521,"{""seq"":1743,""x_mg"":164,""y_mg"":4,""z_mg"":964}"
35.906,right_hand,og,tilt,,"{""roll_deg"":-0.0,""pitch_deg"":-0.8,""steady"":true}"
35.922,right_hand,og,acc,3093542,"{""seq"":1744,""x_mg"":168,""y_mg"":0,""z_mg"":976}"
35.922,right_hand,og,tilt,,"{""roll_deg"":0.1,""pitch_deg"":-0.8,""steady"":true}"
35.953,right_hand,og,acc,3093562,"{""seq"":1745,""x_mg"":160,""y_mg"":4,""z_mg"":972}"
35.953,right_hand,og,tilt,,"{""roll_deg"":0.2,""pitch_deg"":-0.8,""steady"":true}"
35.984,right_hand,og,acc,3093583,"{""seq"":1746,""x_mg"":172,""y_mg"":0,""z_mg"":972}"
35.984,right_hand,og,tilt,,"{""roll_deg"":0.4,""pitch_deg"":-0.7,""steady"":true}"
35.984,right_hand,og,acc,3093603,"{""seq"":1747,""x_mg"":172,""y_mg"":4,""z_mg"":972}"
35.984,right_hand,og,tilt,,"{""roll_deg"":0.6,""pitch_deg"":-0.7,""steady"":true}"
36.016,right_hand,og,acc,3093624,"{""seq"":1748,""x_mg"":172,""y_mg"":0,""z_mg"":976}"
36.016,right_hand,og,tilt,,"{""roll_deg"":0.7,""pitch_deg"":-0.6,""steady"":true}"
36.047,right_hand,og,acc,3093645,"{""seq"":1749,""x_mg"":152,""y_mg"":-12,""z_mg"":980}"
36.047,right_hand,og,tilt,,"{""roll_deg"":0.8,""pitch_deg"":-0.5,""steady"":true}"
36.047,right_hand,og,acc,3093665,"{""seq"":1750,""x_mg"":164,""y_mg"":-16,""z_mg"":972}"
36.047,right_hand,og,tilt,,"{""roll_deg"":0.8,""pitch_deg"":-0.5,""steady"":true}"
36.078,right_hand,og,acc,3093686,"{""seq"":1751,""x_mg"":168,""y_mg"":-16,""z_mg"":988}"
36.078,right_hand,og,tilt,,"{""roll_deg"":0.8,""pitch_deg"":-0.5,""steady"":true}"
36.109,right_hand,og,acc,3093706,"{""seq"":1752,""x_mg"":168,""y_mg"":-12,""z_mg"":988}"
36.109,right_hand,og,tilt,,"{""roll_deg"":0.8,""pitch_deg"":-0.5,""steady"":true}"
36.109,right_hand,og,acc,3093727,"{""seq"":1753,""x_mg"":152,""y_mg"":-12,""z_mg"":984}"
36.109,right_hand,og,tilt,,"{""roll_deg"":0.8,""pitch_deg"":-0.5,""steady"":true}"
36.125,right_hand,og,acc,3093747,"{""seq"":1754,""x_mg"":152,""y_mg"":-24,""z_mg"":1000}"
36.125,right_hand,og,tilt,,"{""roll_deg"":0.8,""pitch_deg"":-0.5,""steady"":true}"
36.156,right_hand,og,acc,3093768,"{""seq"":1755,""x_mg"":156,""y_mg"":-24,""z_mg"":996}"
36.156,right_hand,og,tilt,,"{""roll_deg"":0.8,""pitch_deg"":-0.5,""steady"":true}"
36.187,right_hand,og,acc,3093789,"{""seq"":1756,""x_mg"":152,""y_mg"":-12,""z_mg"":996}"
36.187,right_hand,og,tilt,,"{""roll_deg"":0.8,""pitch_deg"":-0.5,""steady"":true}"
36.187,right_hand,og,acc,3093809,"{""seq"":1757,""x_mg"":152,""y_mg"":-12,""z_mg"":1000}"
36.187,right_hand,og,tilt,,"{""roll_deg"":0.8,""pitch_deg"":-0.5,""steady"":true}"
36.219,right_hand,og,acc,3093830,"{""seq"":1758,""x_mg"":152,""y_mg"":-20,""z_mg"":992}"
36.219,right_hand,og,tilt,,"{""roll_deg"":0.8,""pitch_deg"":-0.5,""steady"":true}"
36.250,right_hand,og,acc,3093850,"{""seq"":1759,""x_mg"":148,""y_mg"":-12,""z_mg"":980}"
36.250,right_hand,og,tilt,,"{""roll_deg"":0.8,""pitch_deg"":-0.5,""steady"":true}"
36.250,right_hand,og,acc,3093871,"{""seq"":1760,""x_mg"":148,""y_mg"":-12,""z_mg"":988}"
36.250,right_hand,og,tilt,,"{""roll_deg"":0.8,""pitch_deg"":-0.5,""steady"":true}"
36.281,right_hand,og,acc,3093891,"{""seq"":1761,""x_mg"":152,""y_mg"":-12,""z_mg"":984}"
36.281,right_hand,og,tilt,,"{""roll_deg"":0.8,""pitch_deg"":-0.5,""steady"":true}"
36.312,right_hand,og,acc,3093912,"{""seq"":1762,""x_mg"":152,""y_mg"":-16,""z_mg"":980}"
36.312,right_hand,og,tilt,,"{""roll_deg"":0.8,""pitch_deg"":-0.5,""steady"":true}"
36.312,right_hand,og,acc,3093933,"{""seq"":1763,""x_mg"":148,""y_mg"":-4,""z_mg"":980}"
36.312,right_hand,og,tilt,,"{""roll_deg"":0.8,""pitch_deg"":-0.5,""steady"":true}"
36.328,right_hand,og,acc,3093953,"{""seq"":1764,""x_mg"":152,""y_mg"":-4,""z_mg"":984}"
36.328,right_hand,og,tremor,,"{""rms_mg"":40.9,""peak_hz"":4.4}"
36.328,right_hand,og,tilt,,"{""roll_deg"":0.8,""pitch_deg"":-0.5,""steady"":true}"
36.359,right_hand,og,acc,3093974,"{""seq"":1765,""x_mg"":152,""y_mg"":0,""z_mg"":976}"
36.359,right_hand,og,tilt,,"{""roll_deg"":0.8,""pitch_deg"":-0.5,""steady"":true}"
36.391,right_hand,og,acc,3093994,"{""seq"":1766,""x_mg"":152,""y_mg"":4,""z_mg"":980}"
36.391,right_hand,og,tilt,,"{""roll_deg"":0.8,""pitch_deg"":-0.5,""steady"":true}"
36.391,right_hand,og,acc,3094015,"{""seq"":1767,""x_mg"":152,""y_mg"":8,""z_mg"":988}"
36.391,right_hand,og,tilt,,"{""roll_deg"":0.9,""pitch_deg"":-0.5,""steady"":true}"
36.422,right_hand,og,acc,3094035,"{""seq"":1768,""x_mg"":156,""y_mg"":8,""z_mg"":988}"
36.422,right_hand,og,tilt,,"{""roll_deg"":1.0,""pitch_deg"":-0.5,""steady"":true}"
36.453,right_hand,og,acc,3094056,"{""seq"":1769,""x_mg"":156,""y_mg"":-8,""z_mg"":996}"
36.453,right_hand,og,tilt,,"{""roll_deg"":1.1,""pitch_deg"":-0.5,""steady"":true}"
36.453,right_hand,og,acc,3094076,"{""seq"":1770,""x_mg"":160,""y_mg"":-12,""z_mg"":984}"
36.453,right_hand,og,tilt,,"{""roll_deg"":1.1,""pitch_deg"":-0.5,""steady"":true}"
36.500,right_hand,og,acc,3094097,"{""seq"":1771,""x_mg"":164,""y_mg"":-8,""z_mg"":984}"
36.500,right_hand,og,tilt,,"{""roll_deg"":1.1,""pitch_deg"":-0.5,""steady"":true}"
36.500,right_hand,og,acc,3094118,"{""seq"":1772,""x_mg"":168,""y_mg"":-8,""z_mg"":972}"
36.500,right_hand,og,tilt,,"{""roll_deg"":1.1,""pitch_deg"":-0.5,""steady"":true}"
36.531,right_hand,og,acc,3094138,"{""seq"":1773,""x_mg"":164,""y_mg"":-16,""z_mg"":972}"
36.531,right_hand,og,tilt,,"{""roll_deg"":1.1,""pitch_deg"":-0.5,""steady"":true}"
36.547,right_hand,og,acc,3094159,"{""seq"":1774,""x_mg"":176,""y_mg"":-8,""z_mg"":980}"
36.547,right_hand,og,tilt,,"{""roll_deg"":1.1,""pitch_deg"":-0.5,""steady"":true}"
36.547,right_hand,og,acc,3094179,"{""seq"":1775,""x_mg"":176,""y_mg"":-20,""z_mg"":980}"
36.547,right_hand,og,tilt,,"{""roll_deg"":1.1,""pitch_deg"":-0.5,""steady"":true}"
36.594,right_hand,og,acc,3094200,"{""seq"":1776,""x_mg"":148,""y_mg"":-24,""z_mg"":980}"
36.594,right_hand,og,tilt,,"{""roll_deg"":1.1,""pitch_deg"":-0.5,""steady"":true}"
36.625,right_hand,og,acc,3094220,"{""seq"":1777,""x_mg"":160,""y_mg"":-24,""z_mg"":984}"
36.625,right_hand,og,tilt,,"{""roll_deg"":1.1,""pitch_deg"":-0.5,""steady"":true}"
36.625,right_hand,og,acc,3094241,"{""seq"":1778,""x_mg"":156,""y_mg"":-12,""z_mg"":984}"
36.625,right_hand,og,tilt,,"{""roll_deg"":1.1,""pitch_deg"":-0.5,""steady"":true}"
36.656,right_hand,og,acc,3094262,"{""seq"":1779,""x_mg"":148,""y_mg"":-24,""z_mg"":992}"
36.656,right_hand,og,tilt,,"{""roll_deg"":1.1,""pitch_deg"":-0.5,""steady"":true}"
36.687,right_hand,og,acc,3094282,"{""seq"":1780,""x_mg"":148,""y_mg"":-12,""z_mg"":992}"
36.687,right_hand,og,tilt,,"{""roll_deg"":1.1,""pitch_deg"":-0.5,""steady"":true}"
36.687,right_hand,og,acc,3094303,"{""seq"":1781,""x_mg"":144,""y_mg"":-20,""z_mg"":996}"
36.687,right_hand,og,tilt,,"{""roll_deg"":1.1,""pitch_deg"":-0.5,""steady"":true}"
36.719,right_hand,og,acc,3094323,"{""seq"":1782,""x_mg"":152,""y_mg"":-24,""z_mg"":988}"
36.719,right_hand,og,tilt,,"{""roll_deg"":1.1,""pitch_deg"":-0.5,""steady"":true}"
36.719,right_hand,og,acc,3094344,"{""seq"":1783,""x_mg"":144,""y_mg"":-20,""z_mg"":1000}"
36.719,right_hand,og,tilt,,"{""roll_deg"":1.1,""pitch_deg"":-0.5,""steady"":true}"
36.750,right_hand,og,acc,3094364,"{""seq"":1784,""x_mg"":152,""y_mg"":-16,""z_mg"":976}"
36.750,right_hand,og,tilt,,"{""roll_deg"":1.1,""pitch_deg"":-0.5,""steady"":true}"
36.781,right_hand,og,acc,3094385,"{""seq"":1785,""x_mg"":160,""y_mg"":-8,""z_mg"":976}"
36.781,right_hand,og,tilt,,"{""roll_deg"":1.1,""pitch_deg"":-0.5,""steady"":true}"
36.781,right_hand,og,acc,3094405,"{""seq"":1786,""x_mg"":164,""y_mg"":-4,""z_mg"":964}"
36.781,right_hand,og,tilt,,"{""roll_deg"":1.1,""pitch_deg"":-0.5,""steady"":true}"
36.812,right_hand,og,acc,3094426,"{""seq"":1787,""x_mg"":172,""y_mg"":-8,""z_mg"":964}"
36.812,right_hand,og,tilt,,"{""roll_deg"":1.1,""pitch_deg"":-0.5,""steady"":true}"
36.844,right_hand,og,acc,3094447,"{""seq"":1788,""x_mg"":164,""y_mg"":-12,""z_mg"":968}"
36.844,right_hand,og,tilt,,"{""roll_deg"":1.1,""pitch_deg"":-0.5,""steady"":true}"
36.844,right_hand,og,acc,3094467,"{""seq"":1789,""x_mg"":164,""y_mg"":-16,""z_mg"":984}"
36.844,right_hand,og,tilt,,"{""roll_deg"":1.1,""pitch_deg"":-0.5,""steady"":true}"
36.875,right_hand,og,acc,3094488,"{""seq"":1790,""x_mg"":160,""y_mg"":-16,""z_mg"":976}"
36.875,right_hand,og,tilt,,"{""roll_deg"":1.1,""pitch_deg"":-0.5,""steady"":true}"
36.906,right_hand,og,acc,3094508,"{""seq"":1791,""x_mg"":160,""y_mg"":-8,""z_mg"":980}"
36.906,right_hand,og,tilt,,"{""roll_deg"":1.1,""pitch_deg"":-0.5,""steady"":true}"
36.906,right_hand,og,acc,3094529,"{""seq"":1792,""x_mg"":148,""y_mg"":-4,""z_mg"":984}"
36.906,right_hand,og,tilt,,"{""roll_deg"":1.1,""pitch_deg"":-0.5,""steady"":true}"
36.937,right_hand,og,acc,3094549,"{""seq"":1793,""x_mg"":164,""y_mg"":8,""z_mg"":988}"
36.937,right_hand,og,tilt,,"{""roll_deg"":1.1,""pitch_deg"":-0.5,""steady"":true}"
36.969,right_hand,og,acc,3094570,"{""seq"":1794,""x_mg"":144,""y_mg"":28,""z_mg"":988}"
36.969,right_hand,og,tilt,,"{""roll_deg"":1.1,""pitch_deg"":-0.5,""steady"":true}"
36.969,right_hand,og,acc,3094591,"{""seq"":1795,""x_mg"":128,""y_mg"":36,""z_mg"":984}"
36.969,right_hand,og,tilt,,"{""roll_deg"":1.1,""pitch_deg"":-0.5,""steady"":true}"
36.984,right_hand,og,acc,3094611,"{""seq"":1796,""x_mg"":144,""y_mg"":28,""z_mg"":1000}"
36.984,right_hand,og,tilt,,"{""roll_deg"":1.3,""pitch_deg"":-0.5,""steady"":true}"
37.000,,game,brick,,"{""n"":16}"
37.016,right_hand,og,acc,3094632,"{""seq"":1797,""x_mg"":140,""y_mg"":12,""z_mg"":996}"
37.016,right_hand,og,tilt,,"{""roll_deg"":1.5,""pitch_deg"":-0.5,""steady"":true}"
37.047,right_hand,og,acc,3094652,"{""seq"":1798,""x_mg"":140,""y_mg"":12,""z_mg"":1000}"
37.047,right_hand,og,tilt,,"{""roll_deg"":1.6,""pitch_deg"":-0.5,""steady"":true}"
37.047,right_hand,og,acc,3094673,"{""seq"":1799,""x_mg"":140,""y_mg"":20,""z_mg"":996}"
37.047,right_hand,og,tilt,,"{""roll_deg"":1.7,""pitch_deg"":-0.6,""steady"":true}"
37.094,right_hand,og,acc,3094693,"{""seq"":1800,""x_mg"":148,""y_mg"":20,""z_mg"":988}"
37.094,right_hand,og,tilt,,"{""roll_deg"":1.8,""pitch_deg"":-0.7,""steady"":true}"
37.125,right_hand,og,acc,3094714,"{""seq"":1801,""x_mg"":148,""y_mg"":24,""z_mg"":988}"
37.125,right_hand,og,tilt,,"{""roll_deg"":1.9,""pitch_deg"":-0.7,""steady"":true}"
37.125,right_hand,og,acc,3094735,"{""seq"":1802,""x_mg"":152,""y_mg"":12,""z_mg"":980}"
37.125,right_hand,og,tilt,,"{""roll_deg"":2.0,""pitch_deg"":-0.7,""steady"":true}"
37.156,right_hand,og,acc,3094755,"{""seq"":1803,""x_mg"":148,""y_mg"":20,""z_mg"":984}"
37.156,right_hand,og,tilt,,"{""roll_deg"":2.1,""pitch_deg"":-0.7,""steady"":true}"
37.156,right_hand,og,acc,3094776,"{""seq"":1804,""x_mg"":152,""y_mg"":24,""z_mg"":976}"
37.156,right_hand,og,tilt,,"{""roll_deg"":2.1,""pitch_deg"":-0.7,""steady"":true}"
37.172,right_hand,og,acc,3094796,"{""seq"":1805,""x_mg"":140,""y_mg"":44,""z_mg"":972}"
37.172,right_hand,og,tilt,,"{""roll_deg"":2.2,""pitch_deg"":-0.7,""steady"":true}"
37.203,right_hand,og,acc,3094817,"{""seq"":1806,""x_mg"":144,""y_mg"":52,""z_mg"":972}"
37.203,right_hand,og,tilt,,"{""roll_deg"":2.5,""pitch_deg"":-0.7,""steady"":true}"
37.234,right_hand,og,acc,3094837,"{""seq"":1807,""x_mg"":144,""y_mg"":48,""z_mg"":960}"
37.234,right_hand,og,tilt,,"{""roll_deg"":2.8,""pitch_deg"":-0.8,""steady"":true}"
37.266,right_hand,og,acc,3094858,"{""seq"":1808,""x_mg"":148,""y_mg"":48,""z_mg"":980}"
37.266,right_hand,og,tilt,,"{""roll_deg"":3.0,""pitch_deg"":-0.8,""steady"":true}"
37.266,right_hand,og,acc,3094879,"{""seq"":1809,""x_mg"":140,""y_mg"":36,""z_mg"":972}"
37.266,right_hand,og,tilt,,"{""roll_deg"":3.2,""pitch_deg"":-0.8,""steady"":true}"
37.297,right_hand,og,acc,3094899,"{""seq"":1810,""x_mg"":120,""y_mg"":80,""z_mg"":976}"
37.297,right_hand,og,tilt,,"{""roll_deg"":3.4,""pitch_deg"":-0.8,""steady"":true}"
37.297,right_hand,og,acc,3094920,"{""seq"":1811,""x_mg"":124,""y_mg"":68,""z_mg"":972}"
37.297,right_hand,og,tilt,,"{""roll_deg"":3.7,""pitch_deg"":-0.9,""steady"":true}"
37.328,right_hand,og,acc,3094940,"{""seq"":1812,""x_mg"":128,""y_mg"":76,""z_mg"":980}"
37.328,right_hand,og,tilt,,"{""roll_deg"":4.1,""pitch_deg"":-1.1,""steady"":true}"
37.359,right_hand,og,acc,3094961,"{""seq"":1813,""x_mg"":132,""y_mg"":52,""z_mg"":988}"
37.359,right_hand,og,tilt,,"{""roll_deg"":4.3,""pitch_deg"":-1.2,""steady"":true}"
37.359,right_hand,og,acc,3094981,"{""seq"":1814,""x_mg"":116,""y_mg"":44,""z_mg"":984}"
37.359,right_hand,og,tilt,,"{""roll_deg"":4.4,""pitch_deg"":-1.3,""steady"":true}"
37.375,right_hand,og,acc,3095002,"{""seq"":1815,""x_mg"":116,""y_mg"":52,""z_mg"":988}"
37.375,right_hand,og,tilt,,"{""roll_deg"":4.4,""pitch_deg"":-1.4,""steady"":true}"
37.406,right_hand,og,acc,3095022,"{""seq"":1816,""x_mg"":112,""y_mg"":60,""z_mg"":984}"
37.406,right_hand,og,tilt,,"{""roll_deg"":4.4,""pitch_deg"":-1.6,""steady"":true}"
37.437,right_hand,og,acc,3095043,"{""seq"":1817,""x_mg"":116,""y_mg"":64,""z_mg"":984}"
37.437,right_hand,og,tilt,,"{""roll_deg"":4.5,""pitch_deg"":-1.7,""steady"":true}"
37.437,right_hand,og,acc,3095064,"{""seq"":1818,""x_mg"":120,""y_mg"":52,""z_mg"":988}"
37.437,right_hand,og,tilt,,"{""roll_deg"":4.5,""pitch_deg"":-1.9,""steady"":true}"
37.469,right_hand,og,acc,3095084,"{""seq"":1819,""x_mg"":108,""y_mg"":48,""z_mg"":976}"
37.469,right_hand,og,tilt,,"{""roll_deg"":4.5,""pitch_deg"":-2.0,""steady"":true}"
37.500,right_hand,og,acc,3095105,"{""seq"":1820,""x_mg"":116,""y_mg"":36,""z_mg"":984}"
37.500,right_hand,og,tilt,,"{""roll_deg"":4.5,""pitch_deg"":-2.1,""steady"":true}"
37.500,right_hand,og,acc,3095125,"{""seq"":1821,""x_mg"":108,""y_mg"":44,""z_mg"":980}"
37.500,right_hand,og,tilt,,"{""roll_deg"":4.5,""pitch_deg"":-2.2,""steady"":true}"
37.531,right_hand,og,acc,3095146,"{""seq"":1822,""x_mg"":104,""y_mg"":40,""z_mg"":988}"
37.531,right_hand,og,tilt,,"{""roll_deg"":4.5,""pitch_deg"":-2.3,""steady"":true}"
37.562,right_hand,og,acc,3095166,"{""seq"":1823,""x_mg"":116,""y_mg"":32,""z_mg"":980}"
37.562,right_hand,og,tilt,,"{""roll_deg"":4.5,""pitch_deg"":-2.4,""steady"":true}"
37.562,right_hand,og,acc,3095187,"{""seq"":1824,""x_mg"":112,""y_mg"":36,""z_mg"":992}"
37.562,right_hand,og,tilt,,"{""roll_deg"":4.5,""pitch_deg"":-2.5,""steady"":true}"
37.578,right_hand,og,acc,3095208,"{""seq"":1825,""x_mg"":104,""y_mg"":28,""z_mg"":992}"
37.578,right_hand,og,tilt,,"{""roll_deg"":4.5,""pitch_deg"":-2.6,""steady"":true}"
37.609,right_hand,og,acc,3095228,"{""seq"":1826,""x_mg"":100,""y_mg"":40,""z_mg"":988}"
37.609,right_hand,og,tilt,,"{""roll_deg"":4.5,""pitch_deg"":-2.7,""steady"":true}"
37.641,right_hand,og,acc,3095249,"{""seq"":1827,""x_mg"":96,""y_mg"":36,""z_mg"":984}"
37.641,right_hand,og,tilt,,"{""roll_deg"":4.5,""pitch_deg"":-2.8,""steady"":true}"
37.641,right_hand,og,acc,3095269,"{""seq"":1828,""x_mg"":108,""y_mg"":32,""z_mg"":984}"
37.641,right_hand,og,tilt,,"{""roll_deg"":4.5,""pitch_deg"":-2.9,""steady"":true}"
37.687,right_hand,og,acc,3095290,"{""seq"":1829,""x_mg"":100,""y_mg"":24,""z_mg"":980}"
37.687,right_hand,og,tilt,,"{""roll_deg"":4.5,""pitch_deg"":-3.0,""steady"":true}"
37.719,right_hand,og,acc,3095310,"{""seq"":1830,""x_mg"":112,""y_mg"":16,""z_mg"":976}"
37.719,right_hand,og,tilt,,"{""roll_deg"":4.5,""pitch_deg"":-3.0,""steady"":true}"
37.719,right_hand,og,acc,3095331,"{""seq"":1831,""x_mg"":104,""y_mg"":24,""z_mg"":984}"
37.719,right_hand,og,tilt,,"{""roll_deg"":4.5,""pitch_deg"":-3.0,""steady"":true}"
37.750,right_hand,og,acc,3095352,"{""seq"":1832,""x_mg"":92,""y_mg"":28,""z_mg"":980}"
37.750,right_hand,og,tilt,,"{""roll_deg"":4.5,""pitch_deg"":-3.1,""steady"":true}"
37.781,right_hand,og,acc,3095372,"{""seq"":1833,""x_mg"":100,""y_mg"":16,""z_mg"":976}"
37.781,right_hand,og,tilt,,"{""roll_deg"":4.4,""pitch_deg"":-3.1,""steady"":true}"
37.781,right_hand,og,acc,3095393,"{""seq"":1834,""x_mg"":108,""y_mg"":24,""z_mg"":992}"
37.781,right_hand,og,tilt,,"{""roll_deg"":4.3,""pitch_deg"":-3.2,""steady"":true}"
37.797,right_hand,og,acc,3095413,"{""seq"":1835,""x_mg"":104,""y_mg"":32,""z_mg"":988}"
37.797,right_hand,og,tilt,,"{""roll_deg"":4.2,""pitch_deg"":-3.2,""steady"":true}"
37.844,right_hand,og,acc,3095434,"{""seq"":1836,""x_mg"":88,""y_mg"":32,""z_mg"":996}"
37.844,right_hand,og,tilt,,"{""roll_deg"":4.2,""pitch_deg"":-3.2,""steady"":true}"
37.844,right_hand,og,acc,3095454,"{""seq"":1837,""x_mg"":76,""y_mg"":48,""z_mg"":988}"
37.844,right_hand,og,tilt,,"{""roll_deg"":4.2,""pitch_deg"":-3.3,""steady"":true}"
37.875,right_hand,og,acc,3095475,"{""seq"":1838,""x_mg"":104,""y_mg"":60,""z_mg"":992}"
37.875,right_hand,og,tilt,,"{""roll_deg"":4.2,""pitch_deg"":-3.5,""steady"":true}"
37.875,right_hand,og,acc,3095496,"{""seq"":1839,""x_mg"":100,""y_mg"":64,""z_mg"":984}"
37.875,right_hand,og,tilt,,"{""roll_deg"":4.2,""pitch_deg"":-3.5,""steady"":true}"
37.906,right_hand,og,acc,3095516,"{""seq"":1840,""x_mg"":100,""y_mg"":72,""z_mg"":984}"
37.906,right_hand,og,tilt,,"{""roll_deg"":4.2,""pitch_deg"":-3.5,""steady"":true}"
37.937,right_hand,og,acc,3095537,"{""seq"":1841,""x_mg"":108,""y_mg"":76,""z_mg"":968}"
37.937,right_hand,og,tilt,,"{""roll_deg"":4.2,""pitch_deg"":-3.5,""steady"":true}"
37.937,right_hand,og,acc,3095557,"{""seq"":1842,""x_mg"":104,""y_mg"":84,""z_mg"":972}"
37.937,right_hand,og,tilt,,"{""roll_deg"":4.2,""pitch_deg"":-3.5,""steady"":true}"
37.969,right_hand,og,acc,3095578,"{""seq"":1843,""x_mg"":116,""y_mg"":112,""z_mg"":964}"
37.969,right_hand,og,tilt,,"{""roll_deg"":4.4,""pitch_deg"":-3.5,""steady"":true}"
38.000,right_hand,og,acc,3095598,"{""seq"":1844,""x_mg"":92,""y_mg"":132,""z_mg"":968}"
38.000,right_hand,og,tilt,,"{""roll_deg"":5.0,""pitch_deg"":-3.5,""steady"":true}"
38.000,right_hand,og,acc,3095619,"{""seq"":1845,""x_mg"":100,""y_mg"":148,""z_mg"":964}"
38.000,right_hand,og,tilt,,"{""roll_deg"":5.8,""pitch_deg"":-3.5,""steady"":true}"
38.031,right_hand,og,acc,3095640,"{""seq"":1846,""x_mg"":92,""y_mg"":140,""z_mg"":972}"
38.031,right_hand,og,tilt,,"{""roll_deg"":6.6,""pitch_deg"":-3.5,""steady"":true}"
38.031,right_hand,og,acc,3095660,"{""seq"":1847,""x_mg"":80,""y_mg"":132,""z_mg"":972}"
38.031,right_hand,og,tilt,,"{""roll_deg"":7.3,""pitch_deg"":-3.5,""steady"":true}"
38.062,right_hand,og,acc,3095681,"{""seq"":1848,""x_mg"":80,""y_mg"":116,""z_mg"":964}"
38.062,right_hand,og,tilt,,"{""roll_deg"":7.7,""pitch_deg"":-3.6,""steady"":true}"
38.094,right_hand,og,acc,3095701,"{""seq"":1849,""x_mg"":84,""y_mg"":108,""z_mg"":980}"
38.094,right_hand,og,tilt,,"{""roll_deg"":7.8,""pitch_deg"":-3.7,""steady"":true}"
38.094,right_hand,og,acc,3095722,"{""seq"":1850,""x_mg"":84,""y_mg"":132,""z_mg"":976}"
38.094,right_hand,og,tilt,,"{""roll_deg"":7.9,""pitch_deg"":-3.8,""steady"":true}"
38.125,right_hand,og,acc,3095742,"{""seq"":1851,""x_mg"":100,""y_mg"":140,""z_mg"":984}"
38.125,right_hand,og,tilt,,"{""roll_deg"":8.2,""pitch_deg"":-3.9,""steady"":true}"
38.156,right_hand,og,acc,3095763,"{""seq"":1852,""x_mg"":100,""y_mg"":144,""z_mg"":996}"
38.156,right_hand,og,tilt,,"{""roll_deg"":8.4,""pitch_deg"":-3.9,""steady"":true}"
38.156,right_hand,og,acc,3095783,"{""seq"":1853,""x_mg"":88,""y_mg"":140,""z_mg"":980}"
38.156,right_hand,og,tilt,,"{""roll_deg"":8.7,""pitch_deg"":-3.9,""steady"":true}"
38.187,right_hand,og,acc,3095804,"{""seq"":1854,""x_mg"":88,""y_mg"":148,""z_mg"":980}"
38.187,right_hand,og,tilt,,"{""roll_deg"":8.8,""pitch_deg"":-3.9,""steady"":true}"
38.219,right_hand,og,acc,3095825,"{""seq"":1855,""x_mg"":84,""y_mg"":164,""z_mg"":988}"
38.219,right_hand,og,tilt,,"{""roll_deg"":9.1,""pitch_deg"":-3.9,""steady"":true}"
38.219,right_hand,og,acc,3095845,"{""seq"":1856,""x_mg"":80,""y_mg"":160,""z_mg"":980}"
38.219,right_hand,og,tilt,,"{""roll_deg"":9.4,""pitch_deg"":-4.0,""steady"":true}"
38.234,right_hand,og,acc,3095866,"{""seq"":1857,""x_mg"":72,""y_mg"":152,""z_mg"":980}"
38.234,right_hand,og,tilt,,"{""roll_deg"":9.6,""pitch_deg"":-4.1,""steady"":true}"
38.266,right_hand,og,acc,3095886,"{""seq"":1858,""x_mg"":68,""y_mg"":140,""z_mg"":1000}"
38.266,right_hand,og,tilt,,"{""roll_deg"":9.7,""pitch_deg"":-4.2,""steady"":true}"
38.312,right_hand,og,acc,3095907,"{""seq"":1859,""x_mg"":84,""y_mg"":104,""z_mg"":988}"
38.312,right_hand,og,tilt,,"{""roll_deg"":9.7,""pitch_deg"":-4.3,""steady"":true}"
38.312,right_hand,og,acc,3095927,"{""seq"":1860,""x_mg"":84,""y_mg"":76,""z_mg"":992}"
38.312,right_hand,og,tilt,,"{""roll_deg"":9.7,""pitch_deg"":-4.4,""steady"":true}"
38.344,right_hand,og,acc,3095948,"{""seq"":1861,""x_mg"":96,""y_mg"":80,""z_mg"":1000}"
38.344,right_hand,og,tilt,,"{""roll_deg"":9.7,""pitch_deg"":-4.4,""steady"":true}"
38.375,right_hand,og,acc,3095969,"{""seq"":1862,""x_mg"":92,""y_mg"":76,""z_mg"":996}"
38.375,right_hand,og,tremor,,"{""rms_mg"":18.7,""peak_hz"":4.4}"
38.375,right_hand,og,tilt,,"{""roll_deg"":9.6,""pitch_deg"":-4.4,""steady"":true}"
38.375,right_hand,og,acc,3095989,"{""seq"":1863,""x_mg"":96,""y_mg"":64,""z_mg"":1004}"
38.375,right_hand,og,tilt,,"{""roll_deg"":9.3,""pitch_deg"":-4.4,""steady"":true}"
38.406,right_hand,og,acc,3096010,"{""seq"":1864,""x_mg"":76,""y_mg"":68,""z_mg"":1004}"
38.406,right_hand,og,tilt,,"{""roll_deg"":8.8,""pitch_deg"":-4.4,""steady"":true}"
38.422,right_hand,og,acc,3096030,"{""seq"":1865,""x_mg"":88,""y_mg"":64,""z_mg"":992}"
38.422,right_hand,og,tilt,,"{""roll_deg"":8.4,""pitch_deg"":-4.4,""steady"":true}"
38.422,right_hand,og,acc,3096051,"{""seq"":1866,""x_mg"":112,""y_mg"":48,""z_mg"":988}"
38.422,right_hand,og,tilt,,"{""roll_deg"":7.9,""pitch_deg"":-4.4,""steady"":true}"
38.469,right_hand,og,acc,3096071,"{""seq"":1867,""x_mg"":104,""y_mg"":60,""z_mg"":988}"
38.469,right_hand,og,tilt,,"{""roll_deg"":7.5,""pitch_deg"":-4.4,""steady"":true}"
38.484,,game,drop,,"{""n"":9}"
38.500,right_hand,og,acc,3096092,"{""seq"":1868,""x_mg"":100,""y_mg"":48,""z_mg"":988}"
38.500,right_hand,og,tilt,,"{""roll_deg"":7.0,""pitch_deg"":-4.4,""steady"":true}"
38.500,right_hand,og,acc,3096113,"{""seq"":1869,""x_mg"":116,""y_mg"":48,""z_mg"":984}"
38.500,right_hand,og,tilt,,"{""roll_deg"":6.6,""pitch_deg"":-4.4,""steady"":true}"
38.531,right_hand,og,acc,3096133,"{""seq"":1870,""x_mg"":136,""y_mg"":52,""z_mg"":988}"
38.531,right_hand,og,tilt,,"{""roll_deg"":6.3,""pitch_deg"":-4.4,""steady"":true}"
38.531,right_hand,og,acc,3096154,"{""seq"":1871,""x_mg"":124,""y_mg"":48,""z_mg"":1004}"
38.531,right_hand,og,tilt,,"{""roll_deg"":6.0,""pitch_deg"":-4.4,""steady"":true}"
38.562,right_hand,og,acc,3096174,"{""seq"":1872,""x_mg"":108,""y_mg"":36,""z_mg"":992}"
38.562,right_hand,og,tilt,,"{""roll_deg"":5.8,""pitch_deg"":-4.4,""steady"":true}"
38.594,right_hand,og,acc,3096195,"{""seq"":1873,""x_mg"":112,""y_mg"":40,""z_mg"":980}"
38.594,right_hand,og,tilt,,"{""roll_deg"":5.6,""pitch_deg"":-4.3,""steady"":true}"
38.594,right_hand,og,acc,3096215,"{""seq"":1874,""x_mg"":140,""y_mg"":24,""z_mg"":964}"
38.594,right_hand,og,tilt,,"{""roll_deg"":5.3,""pitch_deg"":-4.3,""steady"":true}"
38.625,right_hand,og,acc,3096236,"{""seq"":1875,""x_mg"":136,""y_mg"":36,""z_mg"":960}"
38.625,right_hand,og,tilt,,"{""roll_deg"":5.2,""pitch_deg"":-3.9,""steady"":true}"
38.656,right_hand,og,acc,3096257,"{""seq"":1876,""x_mg"":116,""y_mg"":44,""z_mg"":960}"
38.656,right_hand,og,tilt,,"{""roll_deg"":5.0,""pitch_deg"":-3.7,""steady"":true}"
38.656,right_hand,og,acc,3096277,"{""seq"":1877,""x_mg"":108,""y_mg"":44,""z_mg"":956}"
38.656,right_hand,og,tilt,,"{""roll_deg"":5.0,""pitch_deg"":-3.6,""steady"":true}"
38.687,right_hand,og,acc,3096298,"{""seq"":1878,""x_mg"":120,""y_mg"":28,""z_mg"":956}"
38.687,right_hand,og,tilt,,"{""roll_deg"":5.0,""pitch_deg"":-3.6,""steady"":true}"
38.719,right_hand,og,acc,3096318,"{""seq"":1879,""x_mg"":112,""y_mg"":8,""z_mg"":968}"
38.719,right_hand,og,tilt,,"{""roll_deg"":4.8,""pitch_deg"":-3.6,""steady"":true}"
38.719,right_hand,og,acc,3096339,"{""seq"":1880,""x_mg"":100,""y_mg"":8,""z_mg"":976}"
38.719,right_hand,og,tilt,,"{""roll_deg"":4.4,""pitch_deg"":-3.6,""steady"":true}"
38.750,right_hand,og,acc,3096359,"{""seq"":1881,""x_mg"":100,""y_mg"":-16,""z_mg"":984}"
38.750,right_hand,og,tilt,,"{""roll_deg"":4.1,""pitch_deg"":-3.6,""steady"":true}"
38.781,right_hand,og,acc,3096380,"{""seq"":1882,""x_mg"":104,""y_mg"":-28,""z_mg"":992}"
38.781,right_hand,og,tilt,,"{""roll_deg"":3.6,""pitch_deg"":-3.6,""steady"":true}"
38.781,right_hand,og,acc,3096401,"{""seq"":1883,""x_mg"":108,""y_mg"":-28,""z_mg"":996}"
38.781,right_hand,og,tilt,,"{""roll_deg"":3.0,""pitch_deg"":-3.6,""steady"":true}"
38.812,right_hand,og,acc,3096421,"{""seq"":1884,""x_mg"":100,""y_mg"":-28,""z_mg"":992}"
38.812,right_hand,og,tilt,,"{""roll_deg"":2.5,""pitch_deg"":-3.6,""steady"":true}"
38.812,right_hand,og,acc,3096442,"{""seq"":1885,""x_mg"":80,""y_mg"":-16,""z_mg"":996}"
38.812,right_hand,og,tilt,,"{""roll_deg"":2.1,""pitch_deg"":-3.6,""steady"":true}"
38.828,right_hand,og,acc,3096462,"{""seq"":1886,""x_mg"":76,""y_mg"":-24,""z_mg"":992}"
38.828,right_hand,og,tilt,,"{""roll_deg"":1.8,""pitch_deg"":-3.6,""steady"":true}"
38.875,right_hand,og,acc,3096483,"{""seq"":1887,""x_mg"":84,""y_mg"":-40,""z_mg"":1000}"
38.875,right_hand,og,tilt,,"{""roll_deg"":1.6,""pitch_deg"":-3.6,""steady"":true}"
38.906,right_hand,og,acc,3096503,"{""seq"":1888,""x_mg"":64,""y_mg"":-44,""z_mg"":1004}"
38.906,right_hand,og,tilt,,"{""roll_deg"":1.3,""pitch_deg"":-3.6,""steady"":true}"
38.906,right_hand,og,acc,3096524,"{""seq"":1889,""x_mg"":60,""y_mg"":-44,""z_mg"":992}"
38.906,right_hand,og,tilt,,"{""roll_deg"":1.0,""pitch_deg"":-3.8,""steady"":true}"
38.937,right_hand,og,acc,3096544,"{""seq"":1890,""x_mg"":64,""y_mg"":-28,""z_mg"":992}"
38.937,right_hand,og,tilt,,"{""roll_deg"":0.7,""pitch_deg"":-4.1,""steady"":true}"
38.969,right_hand,og,acc,3096565,"{""seq"":1891,""x_mg"":56,""y_mg"":-40,""z_mg"":988}"
38.969,right_hand,og,tilt,,"{""roll_deg"":0.6,""pitch_deg"":-4.3,""steady"":true}"
38.969,right_hand,og,acc,3096586,"{""seq"":1892,""x_mg"":72,""y_mg"":-40,""z_mg"":976}"
38.969,right_hand,og,tilt,,"{""roll_deg"":0.4,""pitch_deg"":-4.6,""steady"":true}"
39.000,right_hand,og,acc,3096606,"{""seq"":1893,""x_mg"":68,""y_mg"":-48,""z_mg"":984}"
39.000,right_hand,og,tilt,,"{""roll_deg"":0.3,""pitch_deg"":-4.7,""steady"":true}"
39.031,right_hand,og,acc,3096627,"{""seq"":1894,""x_mg"":64,""y_mg"":-40,""z_mg"":988}"
39.031,right_hand,og,tilt,,"{""roll_deg"":0.3,""pitch_deg"":-4.8,""steady"":true}"
39.031,right_hand,og,acc,3096647,"{""seq"":1895,""x_mg"":48,""y_mg"":-28,""z_mg"":984}"
39.031,right_hand,og,tilt,,"{""roll_deg"":0.2,""pitch_deg"":-4.9,""steady"":true}"
39.047,right_hand,og,acc,3096668,"{""seq"":1896,""x_mg"":40,""y_mg"":-40,""z_mg"":996}"
39.047,right_hand,og,tilt,,"{""roll_deg"":0.2,""pitch_deg"":-5.2,""steady"":true}"
39.078,right_hand,og,acc,3096688,"{""seq"":1897,""x_mg"":40,""y_mg"":-48,""z_mg"":992}"
39.078,right_hand,og,tilt,,"{""roll_deg"":0.1,""pitch_deg"":-5.5,""steady"":true}"
39.109,right_hand,og,acc,3096709,"{""seq"":1898,""x_mg"":48,""y_mg"":-56,""z_mg"":996}"
39.109,right_hand,og,tilt,,"{""roll_deg"":0.0,""pitch_deg"":-5.8,""steady"":true}"
39.109,right_hand,og,acc,3096730,"{""seq"":1899,""x_mg"":56,""y_mg"":-48,""z_mg"":1004}"
39.109,right_hand,og,tilt,,"{""roll_deg"":-0.0,""pitch_deg"":-5.9,""steady"":true}"
39.141,right_hand,og,acc,3096750,"{""seq"":1900,""x_mg"":48,""y_mg"":-36,""z_mg"":996}"
39.141,right_hand,og,tilt,,"{""roll_deg"":-0.1,""pitch_deg"":-6.0,""steady"":true}"
39.172,right_hand,og,acc,3096771,"{""seq"":1901,""x_mg"":52,""y_mg"":-44,""z_mg"":1008}"
39.172,right_hand,og,tilt,,"{""roll_deg"":-0.1,""pitch_deg"":-6.1,""steady"":true}"
39.172,right_hand,og,acc,3096791,"{""seq"":1902,""x_mg"":40,""y_mg"":-68,""z_mg"":1008}"
39.172,right_hand,og,tilt,,"{""roll_deg"":-0.1,""pitch_deg"":-6.2,""steady"":true}"
39.203,right_hand,og,acc,3096812,"{""seq"":1903,""x_mg"":40,""y_mg"":-88,""z_mg"":1004}"
39.203,right_hand,og,tilt,,"{""roll_deg"":-0.3,""pitch_deg"":-6.3,""steady"":true}"
39.234,right_hand,og,acc,3096832,"{""seq"":1904,""x_mg"":60,""y_mg"":-76,""z_mg"":1000}"
39.234,right_hand,og,tilt,,"{""roll_deg"":-0.6,""pitch_deg"":-6.4,""steady"":true}"
39.234,right_hand,og,acc,3096853,"{""seq"":1905,""x_mg"":68,""y_mg"":-60,""z_mg"":1004}"
39.234,right_hand,og,tilt,,"{""roll_deg"":-0.8,""pitch_deg"":-6.4,""steady"":true}"
39.266,right_hand,og,acc,3096874,"{""seq"":1906,""x_mg"":60,""y_mg"":-44,""z_mg"":1008}"
39.266,right_hand,og,tilt,,"{""roll_deg"":-0.9,""pitch_deg"":-6.4,""steady"":true}"
39.297,right_hand,og,acc,3096894,"{""seq"":1907,""x_mg"":48,""y_mg"":-40,""z_mg"":1004}"
39.297,right_hand,og,tilt,,"{""roll_deg"":-0.9,""pitch_deg"":-6.4,""steady"":true}"
39.297,right_hand,og,acc,3096915,"{""seq"":1908,""x_mg"":48,""y_mg"":-44,""z_mg"":1000}"
39.297,right_hand,og,tilt,,"{""roll_deg"":-0.9,""pitch_deg"":-6.4,""steady"":true}"
39.328,right_hand,og,acc,3096935,"{""seq"":1909,""x_mg"":68,""y_mg"":-48,""z_mg"":992}"
39.328,right_hand,og,tilt,,"{""roll_deg"":-0.9,""pitch_deg"":-6.4,""steady"":true}"
39.328,right_hand,og,acc,3096956,"{""seq"":1910,""x_mg"":64,""y_mg"":-32,""z_mg"":996}"
39.328,right_hand,og,tilt,,"{""roll_deg"":-0.9,""pitch_deg"":-6.4,""steady"":true}"
39.359,right_hand,og,acc,3096976,"{""seq"":1911,""x_mg"":56,""y_mg"":-28,""z_mg"":996}"
39.359,right_hand,og,tilt,,"{""roll_deg"":-0.9,""pitch_deg"":-6.4,""steady"":true}"
39.391,right_hand,og,acc,3096997,"{""seq"":1912,""x_mg"":52,""y_mg"":-20,""z_mg"":984}"
39.391,right_hand,og,tilt,,"{""roll_deg"":-0.9,""pitch_deg"":-6.4,""steady"":true}"
39.391,right_hand,og,acc,3097018,"{""seq"":1913,""x_mg"":68,""y_mg"":-28,""z_mg"":980}"
39.391,right_hand,og,tilt,,"{""roll_deg"":-0.9,""pitch_deg"":-6.4,""steady"":true}"
39.422,right_hand,og,acc,3097038,"{""seq"":1914,""x_mg"":60,""y_mg"":-32,""z_mg"":976}"
39.422,right_hand,og,tilt,,"{""roll_deg"":-0.9,""pitch_deg"":-6.4,""steady"":true}"
39.453,right_hand,og,acc,3097059,"{""seq"":1915,""x_mg"":72,""y_mg"":-24,""z_mg"":984}"
39.453,right_hand,og,tilt,,"{""roll_deg"":-0.9,""pitch_deg"":-6.4,""steady"":true}"
39.453,right_hand,og,acc,3097079,"{""seq"":1916,""x_mg"":64,""y_mg"":-12,""z_mg"":976}"
39.453,right_hand,og,tilt,,"{""roll_deg"":-0.9,""pitch_deg"":-6.4,""steady"":true}"
39.484,right_hand,og,acc,3097100,"{""seq"":1917,""x_mg"":68,""y_mg"":-8,""z_mg"":988}"
39.484,right_hand,og,tilt,,"{""roll_deg"":-0.7,""pitch_deg"":-6.4,""steady"":true}"
39.516,right_hand,og,acc,3097120,"{""seq"":1918,""x_mg"":64,""y_mg"":-8,""z_mg"":976}"
39.516,right_hand,og,tilt,,"{""roll_deg"":-0.5,""pitch_deg"":-6.4,""steady"":true}"
39.516,right_hand,og,acc,3097141,"{""seq"":1919,""x_mg"":76,""y_mg"":4,""z_mg"":984}"
39.516,right_hand,og,tilt,,"{""roll_deg"":-0.3,""pitch_deg"":-6.4,""steady"":true}"
39.547,right_hand,og,acc,3097162,"{""seq"":1920,""x_mg"":68,""y_mg"":0,""z_mg"":996}"
39.547,right_hand,og,tilt,,"{""roll_deg"":-0.0,""pitch_deg"":-6.4,""steady"":true}"
39.594,right_hand,og,acc,3097182,"{""seq"":1921,""x_mg"":72,""y_mg"":8,""z_mg"":984}"
39.594,right_hand,og,tilt,,"{""roll_deg"":0.2,""pitch_deg"":-6.4,""steady"":true}"
39.594,right_hand,og,acc,3097203,"{""seq"":1922,""x_mg"":72,""y_mg"":16,""z_mg"":996}"
39.594,right_hand,og,tilt,,"{""roll_deg"":0.5,""pitch_deg"":-6.4,""steady"":true}"
39.625,right_hand,og,acc,3097223,"{""seq"":1923,""x_mg"":60,""y_mg"":12,""z_mg"":1000}"
39.625,right_hand,og,tilt,,"{""roll_deg"":0.8,""pitch_deg"":-6.4,""steady"":true}"
39.625,right_hand,og,acc,3097244,"{""seq"":1924,""x_mg"":56,""y_mg"":8,""z_mg"":996}"
39.625,right_hand,og,tilt,,"{""roll_deg"":1.0,""pitch_deg"":-6.4,""steady"":true}"
39.656,right_hand,og,acc,3097264,"{""seq"":1925,""x_mg"":56,""y_mg"":16,""z_mg"":996}"
39.656,right_hand,og,tilt,,"{""roll_deg"":1.2,""pitch_deg"":-6.4,""steady"":true}"
39.672,right_hand,og,acc,3097285,"{""seq"":1926,""x_mg"":60,""y_mg"":24,""z_mg"":1016}"
39.672,right_hand,og,tilt,,"{""roll_deg"":1.4,""pitch_deg"":-6.4,""steady"":true}"
39.672,right_hand,og,acc,3097305,"{""seq"":1927,""x_mg"":36,""y_mg"":44,""z_mg"":1008}"
39.672,right_hand,og,tilt,,"{""roll_deg"":1.7,""pitch_deg"":-6.4,""steady"":true}"
39.703,right_hand,og,acc,3097326,"{""seq"":1928,""x_mg"":32,""y_mg"":40,""z_mg"":1000}"
39.703,right_hand,og,tilt,,"{""roll_deg"":2.0,""pitch_deg"":-6.4,""steady"":true}"
39.734,right_hand,og,acc,3097347,"{""seq"":1929,""x_mg"":40,""y_mg"":24,""z_mg"":1008}"
39.734,right_hand,og,tilt,,"{""roll_deg"":2.4,""pitch_deg"":-6.4,""steady"":true}"
39.766,right_hand,og,acc,3097367,"{""seq"":1930,""x_mg"":48,""y_mg"":-8,""z_mg"":1008}"
39.766,right_hand,og,tilt,,"{""roll_deg"":2.4,""pitch_deg"":-6.4,""steady"":true}"
39.766,right_hand,og,acc,3097388,"{""seq"":1931,""x_mg"":28,""y_mg"":-4,""z_mg"":1024}"
39.766,right_hand,og,tilt,,"{""roll_deg"":2.4,""pitch_deg"":-6.4,""steady"":true}"
39.797,right_hand,og,acc,3097408,"{""seq"":1932,""x_mg"":40,""y_mg"":16,""z_mg"":1008}"
39.797,right_hand,og,tilt,,"{""roll_deg"":2.4,""pitch_deg"":-6.4,""steady"":true}"
39.828,right_hand,og,acc,3097429,"{""seq"":1933,""x_mg"":36,""y_mg"":20,""z_mg"":1016}"
39.828,right_hand,og,tilt,,"{""roll_deg"":2.4,""pitch_deg"":-6.5,""steady"":true}"
39.828,right_hand,og,acc,3097449,"{""seq"":1934,""x_mg"":32,""y_mg"":28,""z_mg"":992}"
39.828,right_hand,og,tilt,,"{""roll_deg"":2.4,""pitch_deg"":-6.6,""steady"":true}"
39.859,right_hand,og,acc,3097470,"{""seq"":1935,""x_mg"":60,""y_mg"":8,""z_mg"":984}"
39.859,right_hand,og,tilt,,"{""roll_deg"":2.4,""pitch_deg"":-6.7,""steady"":true}"
39.891,right_hand,og,acc,3097491,"{""seq"":1936,""x_mg"":64,""y_mg"":8,""z_mg"":980}"
39.891,right_hand,og,tilt,,"{""roll_deg"":2.4,""pitch_deg"":-6.7,""steady"":true}"
39.891,right_hand,og,acc,3097511,"{""seq"":1937,""x_mg"":64,""y_mg"":-4,""z_mg"":988}"
39.891,right_hand,og,tilt,,"{""roll_deg"":2.4,""pitch_deg"":-6.7,""steady"":true}"
39.906,right_hand,og,acc,3097532,"{""seq"":1938,""x_mg"":56,""y_mg"":0,""z_mg"":984}"
39.906,right_hand,og,tilt,,"{""roll_deg"":2.4,""pitch_deg"":-6.7,""steady"":true}"
39.937,right_hand,og,acc,3097552,"{""seq"":1939,""x_mg"":52,""y_mg"":16,""z_mg"":988}"
39.937,right_hand,og,tilt,,"{""roll_deg"":2.4,""pitch_deg"":-6.7,""steady"":true}"
39.969,right_hand,og,acc,3097573,"{""seq"":1940,""x_mg"":60,""y_mg"":28,""z_mg"":996}"
39.969,right_hand,og,tilt,,"{""roll_deg"":2.4,""pitch_deg"":-6.7,""steady"":true}"
39.969,right_hand,og,acc,3097593,"{""seq"":1941,""x_mg"":56,""y_mg"":40,""z_mg"":992}"
39.969,right_hand,og,tilt,,"{""roll_deg"":2.4,""pitch_deg"":-6.7,""steady"":true}"
40.000,right_hand,og,acc,3097614,"{""seq"":1942,""x_mg"":56,""y_mg"":28,""z_mg"":1000}"
40.000,right_hand,og,tilt,,"{""roll_deg"":2.4,""pitch_deg"":-6.7,""steady"":true}"
40.031,right_hand,og,acc,3097635,"{""seq"":1943,""x_mg"":60,""y_mg"":28,""z_mg"":988}"
40.031,right_hand,og,tilt,,"{""roll_deg"":2.4,""pitch_deg"":-6.7,""steady"":true}"
40.031,right_hand,og,acc,3097655,"{""seq"":1944,""x_mg"":76,""y_mg"":32,""z_mg"":1004}"
40.031,right_hand,og,tilt,,"{""roll_deg"":2.4,""pitch_deg"":-6.7,""steady"":true}"
40.062,right_hand,og,acc,3097676,"{""seq"":1945,""x_mg"":84,""y_mg"":52,""z_mg"":984}"
40.062,right_hand,og,tilt,,"{""roll_deg"":2.5,""pitch_deg"":-6.7,""steady"":true}"
40.094,right_hand,og,acc,3097696,"{""seq"":1946,""x_mg"":92,""y_mg"":76,""z_mg"":984}"
40.094,right_hand,og,tilt,,"{""roll_deg"":2.8,""pitch_deg"":-6.7,""steady"":true}"
40.094,right_hand,og,acc,3097717,"{""seq"":1947,""x_mg"":80,""y_mg"":92,""z_mg"":980}"
40.094,right_hand,og,tilt,,"{""roll_deg"":3.2,""pitch_deg"":-6.6,""steady"":true}"
40.109,right_hand,og,acc,3097737,"{""seq"":1948,""x_mg"":68,""y_mg"":108,""z_mg"":980}"
40.109,right_hand,og,tilt,,"{""roll_deg"":3.9,""pitch_deg"":-6.5,""steady"":true}"
40.156,right_hand,og,acc,3097758,"{""seq"":1949,""x_mg"":80,""y_mg"":96,""z_mg"":972}"
40.156,right_hand,og,tilt,,"{""roll_deg"":4.5,""pitch_deg"":-6.4,""steady"":true}"
40.187,right_hand,og,acc,3097778,"{""seq"":1950,""x_mg"":88,""y_mg"":96,""z_mg"":968}"
40.187,right_hand,og,tilt,,"{""roll_deg"":5.0,""pitch_deg"":-6.3,""steady"":true}"
40.187,right_hand,og,acc,3097799,"{""seq"":1951,""x_mg"":80,""y_mg"":108,""z_mg"":968}"
40.187,right_hand,og,tilt,,"{""roll_deg"":5.5,""pitch_deg"":-6.2,""steady"":true}"
40.219,right_hand,og,acc,3097820,"{""seq"":1952,""x_mg"":72,""y_mg"":124,""z_mg"":972}"
40.219,right_hand,og,tilt,,"{""roll_deg"":6.0,""pitch_deg"":-6.1,""steady"":true}"
40.250,right_hand,og,acc,3097840,"{""seq"":1953,""x_mg"":84,""y_mg"":132,""z_mg"":972}"
40.250,right_hand,og,tilt,,"{""roll_deg"":6.6,""pitch_deg"":-6.0,""steady"":true}"
40.250,right_hand,og,acc,3097861,"{""seq"":1954,""x_mg"":100,""y_mg"":132,""z_mg"":956}"
40.250,right_hand,og,tilt,,"{""roll_deg"":7.2,""pitch_deg"":-5.9,""steady"":true}"
40.281,right_hand,og,acc,3097881,"{""seq"":1955,""x_mg"":80,""y_mg"":124,""z_mg"":960}"
40.281,right_hand,og,tilt,,"{""roll_deg"":7.7,""pitch_deg"":-5.8,""steady"":true}"
40.281,right_hand,og,acc,3097902,"{""seq"":1956,""x_mg"":104,""y_mg"":132,""z_mg"":964}"
40.281,right_hand,og,tilt,,"{""roll_deg"":8.0,""pitch_deg"":-5.6,""steady"":true}"
40.281,,game,brick,,"{""n"":17}"
40.297,right_hand,og,acc,3097922,"{""seq"":1957,""x_mg"":96,""y_mg"":128,""z_mg"":956}"
40.297,right_hand,og,tilt,,"{""roll_deg"":8.2,""pitch_deg"":-5.4,""steady"":true}"
40.328,right_hand,og,acc,3097943,"{""seq"":1958,""x_mg"":96,""y_mg"":132,""z_mg"":944}"
40.328,right_hand,og,tilt,,"{""roll_deg"":8.5,""pitch_deg"":-5.3,""steady"":true}"
40.359,right_hand,og,acc,3097964,"{""seq"":1959,""x_mg"":116,""y_mg"":132,""z_mg"":940}"
40.359,right_hand,og,tilt,,"{""roll_deg"":8.6,""pitch_deg"":-5.2,""steady"":true}"
40.359,right_hand,og,acc,3097984,"{""seq"":1960,""x_mg"":104,""y_mg"":156,""z_mg"":952}"
40.359,right_hand,og,tremor,,"{""rms_mg"":11.5,""peak_hz"":4.7}"
40.359,right_hand,og,tilt,,"{""roll_deg"":8.8,""pitch_deg"":-5.0,""steady"":true}"
40.391,right_hand,og,acc,3098005,"{""seq"":1961,""x_mg"":96,""y_mg"":168,""z_mg"":964}"
40.391,right_hand,og,tilt,,"{""roll_deg"":9.2,""pitch_deg"":-4.8,""steady"":true}"
40.422,right_hand,og,acc,3098025,"{""seq"":1962,""x_mg"":92,""y_mg"":168,""z_mg"":956}"
40.422,right_hand,og,tilt,,"{""roll_deg"":9.6,""pitch_deg"":-4.8,""steady"":true}"
40.422,right_hand,og,acc,3098046,"{""seq"":1963,""x_mg"":96,""y_mg"":164,""z_mg"":964}"
40.422,right_hand,og,tilt,,"{""roll_deg"":10.0,""pitch_deg"":-4.8,""steady"":true}"
40.453,right_hand,og,acc,3098066,"{""seq"":1964,""x_mg"":100,""y_mg"":152,""z_mg"":960}"
40.453,right_hand,og,tilt,,"{""roll_deg"":10.2,""pitch_deg"":-4.7,""steady"":true}"
40.484,right_hand,og,acc,3098087,"{""seq"":1965,""x_mg"":100,""y_mg"":140,""z_mg"":972}"
40.484,right_hand,og,tilt,,"{""roll_deg"":10.2,""pitch_deg"":-4.7,""steady"":true}"
40.484,right_hand,og,acc,3098108,"{""seq"":1966,""x_mg"":112,""y_mg"":132,""z_mg"":980}"
40.484,right_hand,og,tilt,,"{""roll_deg"":10.2,""pitch_deg"":-4.6,""steady"":true}"
40.500,right_hand,og,acc,3098128,"{""seq"":1967,""x_mg"":112,""y_mg"":116,""z_mg"":992}"
40.500,right_hand,og,tilt,,"{""roll_deg"":10.2,""pitch_deg"":-4.5,""steady"":true}"
40.531,right_hand,og,acc,3098149,"{""seq"":1968,""x_mg"":100,""y_mg"":112,""z_mg"":1004}"
40.531,right_hand,og,tilt,,"{""roll_deg"":10.2,""pitch_deg"":-4.4,""steady"":true}"
40.562,right_hand,og,acc,3098169,"{""seq"":1969,""x_mg"":104,""y_mg"":80,""z_mg"":992}"
40.562,right_hand,og,tilt,,"{""roll_deg"":10.2,""pitch_deg"":-4.4,""steady"":true}"
40.562,right_hand,og,acc,3098190,"{""seq"":1970,""x_mg"":104,""y_mg"":80,""z_mg"":1000}"
40.562,right_hand,og,tilt,,"{""roll_deg"":10.1,""pitch_deg"":-4.4,""steady"":true}"
40.594,right_hand,og,acc,3098210,"{""seq"":1971,""x_mg"":104,""y_mg"":84,""z_mg"":988}"
40.594,right_hand,og,tilt,,"{""roll_deg"":9.7,""pitch_deg"":-4.4,""steady"":true}"
40.625,right_hand,og,acc,3098231,"{""seq"":1972,""x_mg"":120,""y_mg"":80,""z_mg"":972}"
40.625,right_hand,og,tilt,,"{""roll_deg"":9.3,""pitch_deg"":-4.3,""steady"":true}"
40.625,right_hand,og,acc,3098251,"{""seq"":1973,""x_mg"":100,""y_mg"":88,""z_mg"":980}"
40.625,right_hand,og,tilt,,"{""roll_deg"":9.0,""pitch_deg"":-4.3,""steady"":true}"
40.656,right_hand,og,acc,3098272,"{""seq"":1974,""x_mg"":88,""y_mg"":88,""z_mg"":972}"
40.656,right_hand,og,tilt,,"{""roll_deg"":8.7,""pitch_deg"":-4.3,""steady"":true}"
40.687,right_hand,og,acc,3098293,"{""seq"":1975,""x_mg"":88,""y_mg"":96,""z_mg"":996}"
40.687,right_hand,og,tilt,,"{""roll_deg"":8.5,""pitch_deg"":-4.3,""steady"":true}"
40.687,right_hand,og,acc,3098313,"{""seq"":1976,""x_mg"":80,""y_mg"":84,""z_mg"":992}"
40.687,right_hand,og,tilt,,"{""roll_deg"":8.3,""pitch_deg"":-4.3,""steady"":true}"
40.719,right_hand,og,acc,3098334,"{""seq"":1977,""x_mg"":88,""y_mg"":60,""z_mg"":984}"
40.719,right_hand,og,tilt,,"{""roll_deg"":8.1,""pitch_deg"":-4.3,""steady"":true}"
40.734,right_hand,og,acc,3098354,"{""seq"":1978,""x_mg"":80,""y_mg"":56,""z_mg"":980}"
40.734,right_hand,og,tilt,,"{""roll_deg"":7.7,""pitch_deg"":-4.3,""steady"":true}"
40.766,right_hand,og,acc,3098375,"{""seq"":1979,""x_mg"":76,""y_mg"":64,""z_mg"":984}"
40.766,right_hand,og,tilt,,"{""roll_deg"":7.3,""pitch_deg"":-4.3,""steady"":true}"
40.766,right_hand,og,acc,3098395,"{""seq"":1980,""x_mg"":92,""y_mg"":72,""z_mg"":996}"
40.766,right_hand,og,tilt,,"{""roll_deg"":7.1,""pitch_deg"":-4.3,""steady"":true}"
40.797,right_hand,og,acc,3098416,"{""seq"":1981,""x_mg"":84,""y_mg"":68,""z_mg"":984}"
40.797,right_hand,og,tilt,,"{""roll_deg"":6.9,""pitch_deg"":-4.3,""steady"":true}"
40.828,right_hand,og,acc,3098437,"{""seq"":1982,""x_mg"":84,""y_mg"":68,""z_mg"":980}"
40.828,right_hand,og,tilt,,"{""roll_deg"":6.8,""pitch_deg"":-4.3,""steady"":true}"
40.828,right_hand,og,acc,3098457,"{""seq"":1983,""x_mg"":88,""y_mg"":88,""z_mg"":984}"
40.828,right_hand,og,tilt,,"{""roll_deg"":6.7,""pitch_deg"":-4.3,""steady"":true}"
40.875,right_hand,og,acc,3098478,"{""seq"":1984,""x_mg"":84,""y_mg"":100,""z_mg"":980}"
40.875,right_hand,og,tilt,,"{""roll_deg"":6.7,""pitch_deg"":-4.3,""steady"":true}"
40.906,right_hand,og,acc,3098498,"{""seq"":1985,""x_mg"":92,""y_mg"":128,""z_mg"":988}"
40.906,right_hand,og,tilt,,"{""roll_deg"":6.7,""pitch_deg"":-4.3,""steady"":true}"
40.906,right_hand,og,acc,3098519,"{""seq"":1986,""x_mg"":104,""y_mg"":136,""z_mg"":980}"
40.906,right_hand,og,tilt,,"{""roll_deg"":6.7,""pitch_deg"":-4.3,""steady"":true}"
40.922,right_hand,og,acc,3098539,"{""seq"":1987,""x_mg"":112,""y_mg"":144,""z_mg"":984}"
40.922,right_hand,og,tilt,,"{""roll_deg"":6.7,""pitch_deg"":-4.3,""steady"":true}"
40.953,right_hand,og,acc,3098560,"{""seq"":1988,""x_mg"":88,""y_mg"":140,""z_mg"":992}"
40.953,right_hand,og,tilt,,"{""roll_deg"":6.9,""pitch_deg"":-4.3,""steady"":true}"
40.984,right_hand,og,acc,3098580,"{""seq"":1989,""x_mg"":80,""y_mg"":128,""z_mg"":984}"
40.984,right_hand,og,tilt,,"{""roll_deg"":7.2,""pitch_deg"":-4.3,""steady"":true}"
40.984,right_hand,og,acc,3098601,"{""seq"":1990,""x_mg"":88,""y_mg"":100,""z_mg"":976}"
40.984,right_hand,og,tilt,,"{""roll_deg"":7.4,""pitch_deg"":-4.3,""steady"":true}"
41.016,right_hand,og,acc,3098622,"{""seq"":1991,""x_mg"":104,""y_mg"":64,""z_mg"":976}"
41.016,right_hand,og,tilt,,"{""roll_deg"":7.4,""pitch_deg"":-4.3,""steady"":true}"
41.047,right_hand,og,acc,3098642,"{""seq"":1992,""x_mg"":104,""y_mg"":84,""z_mg"":980}"
41.047,right_hand,og,tilt,,"{""roll_deg"":7.4,""pitch_deg"":-4.3,""steady"":true}"
41.047,right_hand,og,acc,3098663,"{""seq"":1993,""x_mg"":96,""y_mg"":120,""z_mg"":984}"
41.047,right_hand,og,tilt,,"{""roll_deg"":7.4,""pitch_deg"":-4.3,""steady"":true}"
41.078,right_hand,og,acc,3098683,"{""seq"":1994,""x_mg"":100,""y_mg"":136,""z_mg"":988}"
41.078,right_hand,og,tilt,,"{""roll_deg"":7.4,""pitch_deg"":-4.3,""steady"":true}"
41.078,right_hand,og,acc,3098704,"{""seq"":1995,""x_mg"":120,""y_mg"":100,""z_mg"":972}"
41.078,right_hand,og,tilt,,"{""roll_deg"":7.4,""pitch_deg"":-4.3,""steady"":true}"
41.109,right_hand,og,acc,3098724,"{""seq"":1996,""x_mg"":112,""y_mg"":92,""z_mg"":972}"
41.109,right_hand,og,tilt,,"{""roll_deg"":7.4,""pitch_deg"":-4.3,""steady"":true}"
41.125,right_hand,og,acc,3098745,"{""seq"":1997,""x_mg"":100,""y_mg"":100,""z_mg"":968}"
41.125,right_hand,og,tilt,,"{""roll_deg"":7.4,""pitch_deg"":-4.3,""steady"":true}"
41.156,right_hand,og,acc,3098766,"{""seq"":1998,""x_mg"":92,""y_mg"":120,""z_mg"":988}"
41.156,right_hand,og,tilt,,"{""roll_deg"":7.4,""pitch_deg"":-4.3,""steady"":true}"
41.156,right_hand,og,acc,3098786,"{""seq"":1999,""x_mg"":92,""y_mg"":92,""z_mg"":980}"
41.156,right_hand,og,tilt,,"{""roll_deg"":7.4,""pitch_deg"":-4.3,""steady"":true}"
41.187,right_hand,og,acc,3098807,"{""seq"":2000,""x_mg"":108,""y_mg"":80,""z_mg"":984}"
41.187,right_hand,og,tilt,,"{""roll_deg"":7.4,""pitch_deg"":-4.3,""steady"":true}"
41.219,right_hand,og,acc,3098827,"{""seq"":2001,""x_mg"":100,""y_mg"":76,""z_mg"":996}"
41.219,right_hand,og,tilt,,"{""roll_deg"":7.4,""pitch_deg"":-4.3,""steady"":true}"
41.219,right_hand,og,acc,3098848,"{""seq"":2002,""x_mg"":100,""y_mg"":76,""z_mg"":984}"
41.219,right_hand,og,tilt,,"{""roll_deg"":7.4,""pitch_deg"":-4.3,""steady"":true}"
41.250,right_hand,og,acc,3098868,"{""seq"":2003,""x_mg"":116,""y_mg"":60,""z_mg"":972}"
41.250,right_hand,og,tilt,,"{""roll_deg"":7.4,""pitch_deg"":-4.3,""steady"":true}"
41.281,right_hand,og,acc,3098889,"{""seq"":2004,""x_mg"":120,""y_mg"":76,""z_mg"":972}"
41.281,right_hand,og,tilt,,"{""roll_deg"":7.4,""pitch_deg"":-4.3,""steady"":true}"
41.281,right_hand,og,acc,3098910,"{""seq"":2005,""x_mg"":116,""y_mg"":56,""z_mg"":972}"
41.281,right_hand,og,tilt,,"{""roll_deg"":7.4,""pitch_deg"":-4.3,""steady"":true}"
41.312,right_hand,og,acc,3098930,"{""seq"":2006,""x_mg"":96,""y_mg"":68,""z_mg"":980}"
41.312,right_hand,og,tilt,,"{""roll_deg"":7.3,""pitch_deg"":-4.2,""steady"":true}"
41.328,right_hand,og,acc,3098951,"{""seq"":2007,""x_mg"":104,""y_mg"":64,""z_mg"":968}"
41.328,right_hand,og,tilt,,"{""roll_deg"":7.1,""pitch_deg"":-4.2,""steady"":true}"
41.328,right_hand,og,acc,3098971,"{""seq"":2008,""x_mg"":88,""y_mg"":36,""z_mg"":976}"
41.328,right_hand,og,tilt,,"{""roll_deg"":7.0,""pitch_deg"":-4.2,""steady"":true}"
41.375,right_hand,og,acc,3098992,"{""seq"":2009,""x_mg"":100,""y_mg"":16,""z_mg"":960}"
41.375,right_hand,og,tilt,,"{""roll_deg"":6.5,""pitch_deg"":-4.2,""steady"":true}"
41.406,right_hand,og,acc,3099012,"{""seq"":2010,""x_mg"":92,""y_mg"":20,""z_mg"":980}"
41.406,right_hand,og,tilt,,"{""roll_deg"":6.0,""pitch_deg"":-4.2,""steady"":true}"
41.437,right_hand,og,acc,3099033,"{""seq"":2011,""x_mg"":80,""y_mg"":20,""z_mg"":976}"
41.437,right_hand,og,tilt,,"{""roll_deg"":5.5,""pitch_deg"":-4.2,""steady"":true}"
41.437,right_hand,og,acc,3099053,"{""seq"":2012,""x_mg"":76,""y_mg"":-4,""z_mg"":980}"
41.437,right_hand,og,tilt,,"{""roll_deg"":5.1,""pitch_deg"":-4.2,""steady"":true}"
41.469,right_hand,og,acc,3099074,"{""seq"":2013,""x_mg"":96,""y_mg"":4,""z_mg"":980}"
41.469,right_hand,og,tilt,,"{""roll_deg"":4.5,""pitch_deg"":-4.2,""steady"":true}"
41.500,right_hand,og,acc,3099095,"{""seq"":2014,""x_mg"":84,""y_mg"":4,""z_mg"":984}"
41.500,right_hand,og,tilt,,"{""roll_deg"":4.1,""pitch_deg"":-4.2,""steady"":true}"
41.500,right_hand,og,acc,3099115,"{""seq"":2015,""x_mg"":76,""y_mg"":0,""z_mg"":992}"
41.500,right_hand,og,tilt,,"{""roll_deg"":3.8,""pitch_deg"":-4.2,""steady"":true}"
41.531,right_hand,og,acc,3099136,"{""seq"":2016,""x_mg"":84,""y_mg"":-8,""z_mg"":984}"
41.531,right_hand,og,tilt,,"{""roll_deg"":3.4,""pitch_deg"":-4.2,""steady"":true}"
41.547,right_hand,og,acc,3099156,"{""seq"":2017,""x_mg"":92,""y_mg"":-16,""z_mg"":996}"
41.547,right_hand,og,tilt,,"{""roll_deg"":3.1,""pitch_deg"":-4.2,""steady"":true}"
41.547,right_hand,og,acc,3099177,"{""seq"":2018,""x_mg"":88,""y_mg"":-4,""z_mg"":992}"
41.547,right_hand,og,tilt,,"{""roll_deg"":2.8,""pitch_deg"":-4.2,""steady"":true}"
41.594,right_hand,og,acc,3099197,"{""seq"":2019,""x_mg"":80,""y_mg"":-12,""z_mg"":984}"
41.594,right_hand,og,tilt,,"{""roll_deg"":2.6,""pitch_deg"":-4.2,""steady"":true}"
41.594,right_hand,og,acc,3099218,"{""seq"":2020,""x_mg"":80,""y_mg"":-36,""z_mg"":1000}"
41.594,right_hand,og,tilt,,"{""roll_deg"":2.4,""pitch_deg"":-4.2,""steady"":true}"
41.625,right_hand,og,acc,3099239,"{""seq"":2021,""x_mg"":64,""y_mg"":-48,""z_mg"":1000}"
41.625,right_hand,og,tilt,,"{""roll_deg"":1.9,""pitch_deg"":-4.2,""steady"":true}"
41.625,,game,drop,,"{""n"":10}"
41.656,right_hand,og,acc,3099259,"{""seq"":2022,""x_mg"":76,""y_mg"":-52,""z_mg"":1004}"
41.656,right_hand,og,tilt,,"{""roll_deg"":1.4,""pitch_deg"":-4.3,""steady"":true}"
41.656,right_hand,og,acc,3099280,"{""seq"":2023,""x_mg"":88,""y_mg"":-56,""z_mg"":1004}"
41.656,right_hand,og,tilt,,"{""roll_deg"":0.9,""pitch_deg"":-4.3,""steady"":true}"
41.687,right_hand,og,acc,3099300,"{""seq"":2024,""x_mg"":88,""y_mg"":-32,""z_mg"":992}"
41.687,right_hand,og,tilt,,"{""roll_deg"":0.6,""pitch_deg"":-4.3,""steady"":true}"
41.719,right_hand,og,acc,3099321,"{""seq"":2025,""x_mg"":88,""y_mg"":-24,""z_mg"":992}"
41.719,right_hand,og,tilt,,"{""roll_deg"":0.5,""pitch_deg"":-4.3,""steady"":true}"
41.719,right_hand,og,acc,3099341,"{""seq"":2026,""x_mg"":76,""y_mg"":-36,""z_mg"":984}"
41.719,right_hand,og,tilt,,"{""roll_deg"":0.5,""pitch_deg"":-4.3,""steady"":true}"
41.750,right_hand,og,acc,3099362,"{""seq"":2027,""x_mg"":84,""y_mg"":-24,""z_mg"":980}"
41.750,right_hand,og,tilt,,"{""roll_deg"":0.5,""pitch_deg"":-4.3,""steady"":true}"
41.781,right_hand,og,acc,3099383,"{""seq"":2028,""x_mg"":76,""y_mg"":-16,""z_mg"":984}"
41.781,right_hand,og,tilt,,"{""roll_deg"":0.5,""pitch_deg"":-4.4,""steady"":true}"
41.781,right_hand,og,acc,3099403,"{""seq"":2029,""x_mg"":56,""y_mg"":-4,""z_mg"":976}"
41.781,right_hand,og,tilt,,"{""roll_deg"":0.5,""pitch_deg"":-4.5,""steady"":true}"
41.812,right_hand,og,acc,3099424,"{""seq"":2030,""x_mg"":28,""y_mg"":-8,""z_mg"":952}"
41.812,right_hand,og,tilt,,"{""roll_deg"":0.5,""pitch_deg"":-4.7,""steady"":true}"
41.844,right_hand,og,acc,3099444,"{""seq"":2031,""x_mg"":8,""y_mg"":-20,""z_mg"":964}"
41.844,right_hand,og,tilt,,"{""roll_deg"":0.5,""pitch_deg"":-5.1,""steady"":true}"
41.844,right_hand,og,acc,3099465,"{""seq"":2032,""x_mg"":12,""y_mg"":-72,""z_mg"":1076}"
41.844,right_hand,og,tilt,,"{""roll_deg"":0.5,""pitch_deg"":-5.7,""steady"":true}"
41.875,right_hand,og,acc,3099485,"{""seq"":2033,""x_mg"":36,""y_mg"":-108,""z_mg"":1068}"
41.875,right_hand,og,tilt,,"{""roll_deg"":0.5,""pitch_deg"":-6.3,""steady"":true}"
41.906,right_hand,og,acc,3099506,"{""seq"":2034,""x_mg"":44,""y_mg"":-28,""z_mg"":952}"
41.906,right_hand,og,tilt,,"{""roll_deg"":0.3,""pitch_deg"":-6.5,""steady"":true}"
41.906,right_hand,og,acc,3099527,"{""seq"":2035,""x_mg"":72,""y_mg"":-8,""z_mg"":904}"
41.906,right_hand,og,tilt,,"{""roll_deg"":0.3,""pitch_deg"":-6.5,""steady"":true}"
41.922,right_hand,og,acc,3099547,"{""seq"":2036,""x_mg"":88,""y_mg"":-16,""z_mg"":940}"
41.922,right_hand,og,tilt,,"{""roll_deg"":0.3,""pitch_deg"":-6.5,""steady"":true}"
41.969,right_hand,og,acc,3099568,"{""seq"":2037,""x_mg"":60,""y_mg"":-28,""z_mg"":996}"
41.969,right_hand,og,tilt,,"{""roll_deg"":0.3,""pitch_deg"":-6.5,""steady"":true}"
42.000,right_hand,og,acc,3099588,"{""seq"":2038,""x_mg"":52,""y_mg"":-36,""z_mg"":960}"
42.000,right_hand,og,tilt,,"{""roll_deg"":0.3,""pitch_deg"":-6.5,""steady"":true}"
42.000,right_hand,og,acc,3099609,"{""seq"":2039,""x_mg"":80,""y_mg"":-24,""z_mg"":960}"
42.000,right_hand,og,tilt,,"{""roll_deg"":0.3,""pitch_deg"":-6.5,""steady"":true}"
42.031,right_hand,og,acc,3099629,"{""seq"":2040,""x_mg"":80,""y_mg"":-4,""z_mg"":968}"
42.031,right_hand,og,tilt,,"{""roll_deg"":0.3,""pitch_deg"":-6.5,""steady"":true}"
42.031,right_hand,og,acc,3099650,"{""seq"":2041,""x_mg"":72,""y_mg"":0,""z_mg"":984}"
42.031,right_hand,og,tilt,,"{""roll_deg"":0.3,""pitch_deg"":-6.5,""steady"":true}"
42.062,right_hand,og,acc,3099670,"{""seq"":2042,""x_mg"":88,""y_mg"":0,""z_mg"":968}"
42.062,right_hand,og,tilt,,"{""roll_deg"":0.3,""pitch_deg"":-6.5,""steady"":true}"
42.094,right_hand,og,acc,3099691,"{""seq"":2043,""x_mg"":104,""y_mg"":72,""z_mg"":936}"
42.094,right_hand,og,tilt,,"{""roll_deg"":0.3,""pitch_deg"":-6.4,""steady"":true}"
42.094,right_hand,og,acc,3099712,"{""seq"":2044,""x_mg"":124,""y_mg"":72,""z_mg"":968}"
42.094,right_hand,og,tilt,,"{""roll_deg"":1.0,""pitch_deg"":-6.1,""steady"":true}"
42.125,right_hand,og,acc,3099732,"{""seq"":2045,""x_mg"":144,""y_mg"":16,""z_mg"":964}"
42.125,right_hand,og,tilt,,"{""roll_deg"":1.9,""pitch_deg"":-5.7,""steady"":true}"
42.156,right_hand,og,acc,3099753,"{""seq"":2046,""x_mg"":196,""y_mg"":-40,""z_mg"":924}"
42.156,right_hand,og,tilt,,"{""roll_deg"":2.0,""pitch_deg"":-4.9,""steady"":true}"
42.156,right_hand,og,acc,3099773,"{""seq"":2047,""x_mg"":216,""y_mg"":-12,""z_mg"":932}"
42.156,right_hand,og,tilt,,"{""roll_deg"":2.0,""pitch_deg"":-3.4,""steady"":true}"
42.172,right_hand,og,acc,3099794,"{""seq"":2048,""x_mg"":172,""y_mg"":-92,""z_mg"":1108}"
42.172,right_hand,og,tilt,,"{""roll_deg"":2.0,""pitch_deg"":-2.1,""steady"":true}"
42.219,right_hand,og,acc,3099814,"{""seq"":2049,""x_mg"":136,""y_mg"":-108,""z_mg"":1148}"
42.219,right_hand,og,tilt,,"{""roll_deg"":1.9,""pitch_deg"":-1.9,""steady"":true}"
42.219,right_hand,og,acc,3099835,"{""seq"":2050,""x_mg"":128,""y_mg"":-12,""z_mg"":1100}"
42.219,right_hand,og,tilt,,"{""roll_deg"":1.4,""pitch_deg"":-1.9,""steady"":true}"
42.250,right_hand,og,acc,3099856,"{""seq"":2051,""x_mg"":120,""y_mg"":20,""z_mg"":1080}"
42.250,right_hand,og,tilt,,"{""roll_deg"":1.4,""pitch_deg"":-1.9,""steady"":true}"
42.250,right_hand,og,acc,3099876,"{""seq"":2052,""x_mg"":84,""y_mg"":-8,""z_mg"":1004}"
42.250,right_hand,og,tilt,,"{""roll_deg"":1.4,""pitch_deg"":-1.9,""steady"":true}"
42.281,right_hand,og,acc,3099897,"{""seq"":2053,""x_mg"":108,""y_mg"":-16,""z_mg"":968}"
42.281,right_hand,og,tilt,,"{""roll_deg"":1.4,""pitch_deg"":-2.0,""steady"":true}"
42.312,right_hand,og,acc,3099917,"{""seq"":2054,""x_mg"":120,""y_mg"":-60,""z_mg"":920}"
42.312,right_hand,og,tilt,,"{""roll_deg"":1.4,""pitch_deg"":-2.2,""steady"":true}"
42.312,right_hand,og,acc,3099938,"{""seq"":2055,""x_mg"":72,""y_mg"":-36,""z_mg"":908}"
42.312,right_hand,og,tilt,,"{""roll_deg"":1.3,""pitch_deg"":-2.2,""steady"":true}"
42.344,right_hand,og,acc,3099958,"{""seq"":2056,""x_mg"":44,""y_mg"":4,""z_mg"":956}"
42.344,right_hand,og,tilt,,"{""roll_deg"":1.2,""pitch_deg"":-2.4,""steady"":true}"
42.375,right_hand,og,acc,3099979,"{""seq"":2057,""x_mg"":52,""y_mg"":-68,""z_mg"":1016}"
42.375,right_hand,og,tilt,,"{""roll_deg"":1.0,""pitch_deg"":-2.8,""steady"":true}"
42.391,right_hand,og,acc,3100000,"{""seq"":2058,""x_mg"":48,""y_mg"":-152,""z_mg"":1052}"
42.391,right_hand,og,tremor,,"{""rms_mg"":13.6,""peak_hz"":4.6}"
42.391,right_hand,og,tilt,,"{""roll_deg"":0.6,""pitch_deg"":-3.4,""steady"":true}"
42.391,right_hand,og,acc,3100020,"{""seq"":2059,""x_mg"":52,""y_mg"":-56,""z_mg"":1056}"
42.391,right_hand,og,tilt,,"{""roll_deg"":0.3,""pitch_deg"":-3.9,""steady"":true}"
42.422,right_hand,og,acc,3100041,"{""seq"":2060,""x_mg"":60,""y_mg"":48,""z_mg"":1056}"
42.422,right_hand,og,tilt,,"{""roll_deg"":0.1,""pitch_deg"":-4.4,""steady"":true}"
42.437,right_hand,og,acc,3100061,"{""seq"":2061,""x_mg"":76,""y_mg"":48,""z_mg"":1048}"
42.437,right_hand,og,tilt,,"{""roll_deg"":0.1,""pitch_deg"":-4.7,""steady"":true}"
42.469,right_hand,og,acc,3100082,"{""seq"":2062,""x_mg"":36,""y_mg"":72,""z_mg"":1060}"
42.469,right_hand,og,tilt,,"{""roll_deg"":0.1,""pitch_deg"":-5.0,""steady"":true}"
42.500,right_hand,og,acc,3100102,"{""seq"":2063,""x_mg"":12,""y_mg"":44,""z_mg"":1064}"
42.500,right_hand,og,tilt,,"{""roll_deg"":0.6,""pitch_deg"":-5.4,""steady"":true}"
42.500,right_hand,og,acc,3100123,"{""seq"":2064,""x_mg"":52,""y_mg"":-44,""z_mg"":1044}"
42.500,right_hand,og,tilt,,"{""roll_deg"":1.1,""pitch_deg"":-5.9,""steady"":true}"
42.516,right_hand,og,acc,3100144,"{""seq"":2065,""x_mg"":88,""y_mg"":-24,""z_mg"":988}"
42.516,right_hand,og,tilt,,"{""roll_deg"":1.1,""pitch_deg"":-6.0,""steady"":true}"
42.547,right_hand,og,acc,3100164,"{""seq"":2066,""x_mg"":92,""y_mg"":-16,""z_mg"":960}"
42.547,right_hand,og,tilt,,"{""roll_deg"":1.1,""pitch_deg"":-6.0,""steady"":true}"
42.562,right_hand,og,acc,3100185,"{""seq"":2067,""x_mg"":124,""y_mg"":-108,""z_mg"":940}"
42.562,right_hand,og,tilt,,"{""roll_deg"":1.1,""pitch_deg"":-6.0,""steady"":true}"
42.594,right_hand,og,acc,3100205,"{""seq"":2068,""x_mg"":160,""y_mg"":-108,""z_mg"":948}"
42.594,right_hand,og,tilt,,"{""roll_deg"":1.0,""pitch_deg"":-6.0,""steady"":true}"
42.625,right_hand,og,acc,3100226,"{""seq"":2069,""x_mg"":152,""y_mg"":-124,""z_mg"":948}"
42.625,right_hand,og,tilt,,"{""roll_deg"":0.2,""pitch_deg"":-5.5,""steady"":true}"
42.656,right_hand,og,acc,3100246,"{""seq"":2070,""x_mg"":152,""y_mg"":-120,""z_mg"":932}"
42.656,right_hand,og,tilt,,"{""roll_deg"":-0.8,""pitch_deg"":-4.8,""steady"":true}"
42.656,right_hand,og,acc,3100267,"{""seq"":2071,""x_mg"":124,""y_mg"":-32,""z_mg"":956}"
42.656,right_hand,og,tilt,,"{""roll_deg"":-1.7,""pitch_deg"":-4.2,""steady"":true}"
42.687,right_hand,og,acc,3100288,"{""seq"":2072,""x_mg"":80,""y_mg"":-12,""z_mg"":1000}"
42.687,right_hand,og,tilt,,"{""roll_deg"":-1.7,""pitch_deg"":-3.9,""steady"":true}"
42.687,right_hand,og,acc,3100308,"{""seq"":2073,""x_mg"":88,""y_mg"":-116,""z_mg"":1004}"
42.687,right_hand,og,tilt,,"{""roll_deg"":-1.7,""pitch_deg"":-3.9,""steady"":true}"
42.703,right_hand,og,acc,3100329,"{""seq"":2074,""x_mg"":124,""y_mg"":-104,""z_mg"":964}"
42.703,right_hand,og,tilt,,"{""roll_deg"":-1.7,""pitch_deg"":-3.9,""steady"":true}"
42.734,right_hand,og,acc,3100349,"{""seq"":2075,""x_mg"":92,""y_mg"":-92,""z_mg"":968}"
42.734,right_hand,og,tilt,,"{""roll_deg"":-2.0,""pitch_deg"":-3.9,""steady"":true}"
42.766,right_hand,og,acc,3100370,"{""seq"":2076,""x_mg"":88,""y_mg"":28,""z_mg"":980}"
42.766,right_hand,og,tilt,,"{""roll_deg"":-2.2,""pitch_deg"":-3.9,""steady"":true}"
42.766,right_hand,og,acc,3100390,"{""seq"":2077,""x_mg"":72,""y_mg"":84,""z_mg"":1016}"
42.766,right_hand,og,tilt,,"{""roll_deg"":-2.2,""pitch_deg"":-3.9,""steady"":true}"
42.797,right_hand,og,acc,3100411,"{""seq"":2078,""x_mg"":60,""y_mg"":92,""z_mg"":1044}"
42.797,right_hand,og,tilt,,"{""roll_deg"":-1.3,""pitch_deg"":-3.9,""steady"":true}"
42.828,right_hand,og,acc,3100431,"{""seq"":2079,""x_mg"":64,""y_mg"":84,""z_mg"":1008}"
42.828,right_hand,og,tilt,,"{""roll_deg"":0.1,""pitch_deg"":-3.9,""steady"":true}"
42.828,right_hand,og,acc,3100452,"{""seq"":2080,""x_mg"":92,""y_mg"":24,""z_mg"":992}"
42.828,right_hand,og,tilt,,"{""roll_deg"":1.6,""pitch_deg"":-4.1,""steady"":true}"
42.859,right_hand,og,acc,3100473,"{""seq"":2081,""x_mg"":84,""y_mg"":-4,""z_mg"":1000}"
42.859,right_hand,og,tilt,,"{""roll_deg"":1.9,""pitch_deg"":-4.1,""steady"":true}"
42.875,right_hand,og,acc,3100493,"{""seq"":2082,""x_mg"":80,""y_mg"":-52,""z_mg"":1016}"
42.875,right_hand,og,tilt,,"{""roll_deg"":1.9,""pitch_deg"":-4.2,""steady"":true}"
42.906,right_hand,og,acc,3100514,"{""seq"":2083,""x_mg"":80,""y_mg"":-40,""z_mg"":1016}"
42.906,right_hand,og,tilt,,"{""roll_deg"":1.9,""pitch_deg"":-4.2,""steady"":true}"
42.937,right_hand,og,acc,3100534,"{""seq"":2084,""x_mg"":96,""y_mg"":16,""z_mg"":964}"
42.937,right_hand,og,tilt,,"{""roll_deg"":1.8,""pitch_deg"":-4.3,""steady"":true}"
42.937,right_hand,og,acc,3100555,"{""seq"":2085,""x_mg"":100,""y_mg"":28,""z_mg"":980}"
42.937,right_hand,og,tilt,,"{""roll_deg"":1.8,""pitch_deg"":-4.3,""steady"":true}"
42.969,right_hand,og,acc,3100575,"{""seq"":2086,""x_mg"":88,""y_mg"":-28,""z_mg"":1004}"
42.969,right_hand,og,tilt,,"{""roll_deg"":1.8,""pitch_deg"":-4.3,""steady"":true}"
43.000,right_hand,og,acc,3100596,"{""seq"":2087,""x_mg"":92,""y_mg"":-72,""z_mg"":1000}"
43.000,right_hand,og,tilt,,"{""roll_deg"":1.8,""pitch_deg"":-4.3,""steady"":true}"
43.000,right_hand,og,acc,3100617,"{""seq"":2088,""x_mg"":104,""y_mg"":-40,""z_mg"":1000}"
43.000,right_hand,og,tilt,,"{""roll_deg"":1.8,""pitch_deg"":-4.3,""steady"":true}"
43.031,right_hand,og,acc,3100637,"{""seq"":2089,""x_mg"":104,""y_mg"":4,""z_mg"":984}"
43.031,right_hand,og,tilt,,"{""roll_deg"":1.7,""pitch_deg"":-4.3,""steady"":true}"
43.031,right_hand,og,acc,3100658,"{""seq"":2090,""x_mg"":100,""y_mg"":32,""z_mg"":984}"
43.031,right_hand,og,tilt,,"{""roll_deg"":1.7,""pitch_deg"":-4.3,""steady"":true}"
43.047,right_hand,og,acc,3100678,"{""seq"":2091,""x_mg"":84,""y_mg"":28,""z_mg"":988}"
43.047,right_hand,og,tilt,,"{""roll_deg"":1.7,""pitch_deg"":-4.3,""steady"":true}"
43.078,right_hand,og,acc,3100699,"{""seq"":2092,""x_mg"":80,""y_mg"":-12,""z_mg"":992}"
43.078,right_hand,og,tilt,,"{""roll_deg"":1.7,""pitch_deg"":-4.3,""steady"":true}"
43.109,right_hand,og,acc,3100719,"{""seq"":2093,""x_mg"":96,""y_mg"":-40,""z_mg"":992}"
43.109,right_hand,og,tilt,,"{""roll_deg"":1.7,""pitch_deg"":-4.3,""steady"":true}"
43.125,right_hand,og,acc,3100740,"{""seq"":2094,""x_mg"":112,""y_mg"":-16,""z_mg"":984}"
43.125,right_hand,og,tilt,,"{""roll_deg"":1.7,""pitch_deg"":-4.3,""steady"":true}"
43.156,right_hand,og,acc,3100761,"{""seq"":2095,""x_mg"":116,""y_mg"":0,""z_mg"":968}"
43.156,right_hand,og,tilt,,"{""roll_deg"":1.7,""pitch_deg"":-4.3,""steady"":true}"
43.172,right_hand,og,acc,3100781,"{""seq"":2096,""x_mg"":104,""y_mg"":4,""z_mg"":984}"
43.172,right_hand,og,tilt,,"{""roll_deg"":1.7,""pitch_deg"":-4.3,""steady"":true}"
43.172,right_hand,og,acc,3100802,"{""seq"":2097,""x_mg"":88,""y_mg"":24,""z_mg"":988}"
43.172,right_hand,og,tilt,,"{""roll_deg"":1.7,""pitch_deg"":-4.3,""steady"":true}"
43.203,right_hand,og,acc,3100822,"{""seq"":2098,""x_mg"":92,""y_mg"":28,""z_mg"":996}"
43.203,right_hand,og,tilt,,"{""roll_deg"":1.7,""pitch_deg"":-4.3,""steady"":true}"
43.219,right_hand,og,acc,3100843,"{""seq"":2099,""x_mg"":100,""y_mg"":16,""z_mg"":1000}"
43.219,right_hand,og,tilt,,"{""roll_deg"":1.7,""pitch_deg"":-4.3,""steady"":true}"
43.234,right_hand,og,acc,3100863,"{""seq"":2100,""x_mg"":92,""y_mg"":0,""z_mg"":988}"
43.234,right_hand,og,tilt,,"{""roll_deg"":1.7,""pitch_deg"":-4.3,""steady"":true}"
43.266,right_hand,og,acc,3100884,"{""seq"":2101,""x_mg"":80,""y_mg"":-16,""z_mg"":996}"
43.266,right_hand,og,tilt,,"{""roll_deg"":1.7,""pitch_deg"":-4.3,""steady"":true}"
43.297,right_hand,og,acc,3100905,"{""seq"":2102,""x_mg"":84,""y_mg"":-12,""z_mg"":940}"
43.297,right_hand,og,tilt,,"{""roll_deg"":1.7,""pitch_deg"":-4.3,""steady"":true}"
43.312,right_hand,og,acc,3100925,"{""seq"":2103,""x_mg"":112,""y_mg"":-44,""z_mg"":892}"
43.312,right_hand,og,tilt,,"{""roll_deg"":1.7,""pitch_deg"":-4.3,""steady"":true}"
43.344,right_hand,og,acc,3100946,"{""seq"":2104,""x_mg"":104,""y_mg"":0,""z_mg"":1044}"
43.344,right_hand,og,tilt,,"{""roll_deg"":1.7,""pitch_deg"":-4.3,""steady"":true}"
43.344,right_hand,og,acc,3100966,"{""seq"":2105,""x_mg"":52,""y_mg"":52,""z_mg"":1064}"
43.344,right_hand,og,tilt,,"{""roll_deg"":1.7,""pitch_deg"":-4.3,""steady"":true}"
43.375,right_hand,og,acc,3100987,"{""seq"":2106,""x_mg"":92,""y_mg"":68,""z_mg"":1000}"
43.375,right_hand,og,tilt,,"{""roll_deg"":1.7,""pitch_deg"":-4.3,""steady"":true}"
43.406,right_hand,og,acc,3101007,"{""seq"":2107,""x_mg"":136,""y_mg"":-84,""z_mg"":836}"
43.406,right_hand,og,tilt,,"{""roll_deg"":2.0,""pitch_deg"":-4.3,""steady"":true}"
43.406,right_hand,og,acc,3101028,"{""seq"":2108,""x_mg"":20,""y_mg"":-176,""z_mg"":1168}"
43.406,right_hand,og,tilt,,"{""roll_deg"":2.0,""pitch_deg"":-4.3,""steady"":true}"
43.437,right_hand,og,acc,3101049,"{""seq"":2109,""x_mg"":16,""y_mg"":-8,""z_mg"":1024}"
43.437,right_hand,og,tilt,,"{""roll_deg"":1.5,""pitch_deg"":-4.5,""steady"":true}"
43.469,right_hand,og,acc,3101069,"{""seq"":2110,""x_mg"":116,""y_mg"":68,""z_mg"":936}"
43.469,right_hand,og,tilt,,"{""roll_deg"":1.5,""pitch_deg"":-5.0,""steady"":true}"
43.469,right_hand,og,acc,3101090,"{""seq"":2111,""x_mg"":148,""y_mg"":104,""z_mg"":768}"
43.469,right_hand,og,tilt,,"{""roll_deg"":1.5,""pitch_deg"":-5.0,""steady"":true}"
43.484,right_hand,og,acc,3101110,"{""seq"":2112,""x_mg"":104,""y_mg"":80,""z_mg"":964}"
43.484,right_hand,og,tilt,,"{""roll_deg"":1.6,""pitch_deg"":-5.0,""steady"":true}"
43.516,right_hand,og,acc,3101131,"{""seq"":2113,""x_mg"":52,""y_mg"":132,""z_mg"":1072}"
43.516,right_hand,og,tilt,,"{""roll_deg"":2.9,""pitch_deg"":-5.0,""steady"":true}"
43.531,right_hand,og,acc,3101151,"{""seq"":2114,""x_mg"":80,""y_mg"":36,""z_mg"":1076}"
43.531,right_hand,og,tilt,,"{""roll_deg"":3.5,""pitch_deg"":-5.0,""steady"":true}"
43.562,right_hand,og,acc,3101172,"{""seq"":2115,""x_mg"":108,""y_mg"":-96,""z_mg"":1036}"
43.562,right_hand,og,tilt,,"{""roll_deg"":3.5,""pitch_deg"":-5.0,""steady"":true}"
43.562,right_hand,og,acc,3101192,"{""seq"":2116,""x_mg"":112,""y_mg"":-148,""z_mg"":1012}"
43.562,right_hand,og,tilt,,"{""roll_deg"":3.5,""pitch_deg"":-5.0,""steady"":true}"
43.594,right_hand,og,acc,3101213,"{""seq"":2117,""x_mg"":108,""y_mg"":-92,""z_mg"":984}"
43.594,right_hand,og,tilt,,"{""roll_deg"":2.9,""pitch_deg"":-5.0,""steady"":true}"
43.609,right_hand,og,acc,3101234,"{""seq"":2118,""x_mg"":116,""y_mg"":-84,""z_mg"":904}"
43.609,right_hand,og,tilt,,"{""roll_deg"":1.9,""pitch_deg"":-5.0,""steady"":true}"
43.641,right_hand,og,acc,3101254,"{""seq"":2119,""x_mg"":124,""y_mg"":-80,""z_mg"":916}"
43.641,right_hand,og,tilt,,"{""roll_deg"":0.9,""pitch_deg"":-4.8,""steady"":true}"
43.656,right_hand,og,acc,3101275,"{""seq"":2120,""x_mg"":108,""y_mg"":-40,""z_mg"":996}"
43.656,right_hand,og,tilt,,"{""roll_deg"":0.1,""pitch_deg"":-4.6,""steady"":true}"
43.672,,game,brick,,"{""n"":18}"
43.687,right_hand,og,acc,3101295,"{""seq"":2121,""x_mg"":100,""y_mg"":28,""z_mg"":1020}"
43.687,right_hand,og,tilt,,"{""roll_deg"":0.0,""pitch_deg"":-4.5,""steady"":true}"
43.687,right_hand,og,acc,3101316,"{""seq"":2122,""x_mg"":104,""y_mg"":72,""z_mg"":996}"
43.687,right_hand,og,tilt,,"{""roll_deg"":0.0,""pitch_deg"":-4.5,""steady"":true}"
43.719,,game,brick,,"{""n"":19}"
43.719,right_hand,og,acc,3101336,"{""seq"":2123,""x_mg"":100,""y_mg"":56,""z_mg"":976}"
43.719,right_hand,og,tilt,,"{""roll_deg"":0.3,""pitch_deg"":-4.4,""steady"":true}"
43.750,right_hand,og,acc,3101357,"{""seq"":2124,""x_mg"":100,""y_mg"":0,""z_mg"":984}"
43.750,right_hand,og,tilt,,"{""roll_deg"":0.7,""pitch_deg"":-4.4,""steady"":true}"
43.766,right_hand,og,acc,3101378,"{""seq"":2125,""x_mg"":84,""y_mg"":12,""z_mg"":1004}"
43.766,right_hand,og,tilt,,"{""roll_deg"":0.8,""pitch_deg"":-4.4,""steady"":true}"
43.797,right_hand,og,acc,3101398,"{""seq"":2126,""x_mg"":88,""y_mg"":4,""z_mg"":1024}"
43.797,right_hand,og,tilt,,"{""roll_deg"":0.9,""pitch_deg"":-4.4,""steady"":true}"
43.797,right_hand,og,acc,3101419,"{""seq"":2127,""x_mg"":104,""y_mg"":64,""z_mg"":984}"
43.797,right_hand,og,tilt,,"{""roll_deg"":1.1,""pitch_deg"":-4.4,""steady"":true}"
43.812,right_hand,og,acc,3101439,"{""seq"":2128,""x_mg"":96,""y_mg"":32,""z_mg"":984}"
43.812,right_hand,og,tilt,,"{""roll_deg"":1.4,""pitch_deg"":-4.4,""steady"":true}"
43.844,right_hand,og,acc,3101460,"{""seq"":2129,""x_mg"":80,""y_mg"":-16,""z_mg"":996}"
43.844,right_hand,og,tilt,,"{""roll_deg"":1.6,""pitch_deg"":-4.4,""steady"":true}"
43.859,right_hand,og,acc,3101480,"{""seq"":2130,""x_mg"":92,""y_mg"":-12,""z_mg"":1004}"
43.859,right_hand,og,tilt,,"{""roll_deg"":1.6,""pitch_deg"":-4.4,""steady"":true}"
43.875,right_hand,og,acc,3101501,"{""seq"":2131,""x_mg"":88,""y_mg"":12,""z_mg"":996}"
43.875,right_hand,og,tilt,,"{""roll_deg"":1.6,""pitch_deg"":-4.4,""steady"":true}"
43.906,right_hand,og,acc,3101522,"{""seq"":2132,""x_mg"":72,""y_mg"":16,""z_mg"":1004}"
43.906,right_hand,og,tilt,,"{""roll_deg"":1.6,""pitch_deg"":-4.4,""steady"":true}"
43.922,right_hand,og,acc,3101542,"{""seq"":2133,""x_mg"":76,""y_mg"":-8,""z_mg"":996}"
43.922,right_hand,og,tilt,,"{""roll_deg"":1.6,""pitch_deg"":-4.4,""steady"":true}"
43.953,right_hand,og,acc,3101563,"{""seq"":2134,""x_mg"":80,""y_mg"":-20,""z_mg"":1004}"
43.953,right_hand,og,tilt,,"{""roll_deg"":1.6,""pitch_deg"":-4.4,""steady"":true}"
43.984,right_hand,og,acc,3101583,"{""seq"":2135,""x_mg"":88,""y_mg"":-20,""z_mg"":988}"
43.984,right_hand,og,tilt,,"{""roll_deg"":1.6,""pitch_deg"":-4.4,""steady"":true}"
43.984,right_hand,og,acc,3101604,"{""seq"":2136,""x_mg"":88,""y_mg"":4,""z_mg"":984}"
43.984,right_hand,og,tilt,,"{""roll_deg"":1.6,""pitch_deg"":-4.4,""steady"":true}"
44.000,right_hand,og,acc,3101624,"{""seq"":2137,""x_mg"":84,""y_mg"":12,""z_mg"":980}"
44.000,right_hand,og,tilt,,"{""roll_deg"":1.6,""pitch_deg"":-4.4,""steady"":true}"
44.031,right_hand,og,acc,3101645,"{""seq"":2138,""x_mg"":104,""y_mg"":-24,""z_mg"":992}"
44.031,right_hand,og,tilt,,"{""roll_deg"":1.6,""pitch_deg"":-4.4,""steady"":true}"
44.062,right_hand,og,acc,3101666,"{""seq"":2139,""x_mg"":116,""y_mg"":-36,""z_mg"":980}"
44.062,right_hand,og,tilt,,"{""roll_deg"":1.6,""pitch_deg"":-4.4,""steady"":true}"
44.062,right_hand,og,acc,3101686,"{""seq"":2140,""x_mg"":132,""y_mg"":-104,""z_mg"":1008}"
44.062,right_hand,og,tilt,,"{""roll_deg"":1.6,""pitch_deg"":-4.4,""steady"":true}"
44.094,right_hand,og,acc,3101707,"{""seq"":2141,""x_mg"":124,""y_mg"":-196,""z_mg"":1056}"
44.094,right_hand,og,tilt,,"{""roll_deg"":1.1,""pitch_deg"":-4.4,""steady"":true}"
44.141,right_hand,og,acc,3101727,"{""seq"":2142,""x_mg"":116,""y_mg"":-200,""z_mg"":1116}"
44.141,right_hand,og,tilt,,"{""roll_deg"":-0.9,""pitch_deg"":-4.4,""steady"":true}"
44.141,right_hand,og,acc,3101748,"{""seq"":2143,""x_mg"":124,""y_mg"":-116,""z_mg"":1120}"
44.141,right_hand,og,tilt,,"{""roll_deg"":-2.8,""pitch_deg"":-4.4,""steady"":true}"
44.172,right_hand,og,acc,3101768,"{""seq"":2144,""x_mg"":128,""y_mg"":-36,""z_mg"":1048}"
44.172,right_hand,og,tilt,,"{""roll_deg"":-3.0,""pitch_deg"":-4.4,""steady"":true}"
44.172,right_hand,og,acc,3101789,"{""seq"":2145,""x_mg"":132,""y_mg"":-12,""z_mg"":1048}"
44.172,right_hand,og,tilt,,"{""roll_deg"":-3.0,""pitch_deg"":-4.3,""steady"":true}"
44.187,right_hand,og,acc,3101810,"{""seq"":2146,""x_mg"":120,""y_mg"":-28,""z_mg"":1076}"
44.187,right_hand,og,tilt,,"{""roll_deg"":-2.6,""pitch_deg"":-4.2,""steady"":true}"
44.219,right_hand,og,acc,3101830,"{""seq"":2147,""x_mg"":104,""y_mg"":-12,""z_mg"":1032}"
44.219,right_hand,og,tilt,,"{""roll_deg"":-2.2,""pitch_deg"":-4.1,""steady"":true}"
44.219,right_hand,og,acc,3101851,"{""seq"":2148,""x_mg"":196,""y_mg"":92,""z_mg"":912}"
44.219,right_hand,og,tilt,,"{""roll_deg"":-2.0,""pitch_deg"":-4.1,""steady"":true}"
44.250,right_hand,og,acc,3101871,"{""seq"":2149,""x_mg"":204,""y_mg"":208,""z_mg"":900}"
44.250,right_hand,og,tilt,,"{""roll_deg"":-0.6,""pitch_deg"":-3.1,""steady"":true}"
44.266,right_hand,og,acc,3101892,"{""seq"":2150,""x_mg"":212,""y_mg"":212,""z_mg"":856}"
44.266,right_hand,og,tilt,,"{""roll_deg"":3.5,""pitch_deg"":-1.9,""steady"":true}"
44.297,right_hand,og,acc,3101912,"{""seq"":2151,""x_mg"":196,""y_mg"":252,""z_mg"":920}"
44.297,right_hand,og,tilt,,"{""roll_deg"":7.3,""pitch_deg"":-1.0,""steady"":true}"
44.328,right_hand,og,acc,3101933,"{""seq"":2152,""x_mg"":204,""y_mg"":292,""z_mg"":904}"
44.328,right_hand,og,tilt,,"{""roll_deg"":10.7,""pitch_deg"":-0.2,""steady"":true}"
44.328,right_hand,og,acc,3101954,"{""seq"":2153,""x_mg"":168,""y_mg"":288,""z_mg"":888}"
44.328,right_hand,og,tilt,,"{""roll_deg"":14.0,""pitch_deg"":0.2,""steady"":true}"
44.359,right_hand,og,acc,3101974,"{""seq"":2154,""x_mg"":160,""y_mg"":324,""z_mg"":784}"
44.359,right_hand,og,tilt,,"{""roll_deg"":16.0,""pitch_deg"":0.2,""steady"":true}"
44.391,right_hand,og,acc,3101995,"{""seq"":2155,""x_mg"":92,""y_mg"":372,""z_mg"":804}"
44.391,right_hand,og,tilt,,"{""roll_deg"":19.1,""pitch_deg"":0.2,""steady"":true}"
44.391,right_hand,og,acc,3102015,"{""seq"":2156,""x_mg"":80,""y_mg"":352,""z_mg"":912}"
44.391,right_hand,og,tremor,,"{""rms_mg"":44.7,""peak_hz"":5.9}"
44.391,right_hand,og,tilt,,"{""roll_deg"":20.9,""pitch_deg"":0.2,""steady"":true}"
44.422,right_hand,og,acc,3102036,"{""seq"":2157,""x_mg"":56,""y_mg"":340,""z_mg"":864}"
44.422,right_hand,og,tilt,,"{""roll_deg"":21.7,""pitch_deg"":-0.1,""steady"":true}"
44.453,right_hand,og,acc,3102056,"{""seq"":2158,""x_mg"":40,""y_mg"":412,""z_mg"":900}"
44.453,right_hand,og,tilt,,"{""roll_deg"":22.1,""pitch_deg"":-0.7,""steady"":true}"
44.453,right_hand,og,acc,3102077,"{""seq"":2159,""x_mg"":0,""y_mg"":340,""z_mg"":908}"
44.453,right_hand,og,tilt,,"{""roll_deg"":22.4,""pitch_deg"":-1.8,""steady"":true}"
44.484,right_hand,og,acc,3102098,"{""seq"":2160,""x_mg"":16,""y_mg"":276,""z_mg"":940}"
44.484,right_hand,og,tilt,,"{""roll_deg"":22.4,""pitch_deg"":-3.3,""steady"":true}"
44.516,right_hand,og,acc,3102118,"{""seq"":2161,""x_mg"":12,""y_mg"":248,""z_mg"":952}"
44.516,right_hand,og,tilt,,"{""roll_deg"":21.9,""pitch_deg"":-4.6,""steady"":true}"
44.547,right_hand,og,acc,3102139,"{""seq"":2162,""x_mg"":-16,""y_mg"":248,""z_mg"":920}"
44.547,right_hand,og,tilt,,"{""roll_deg"":20.9,""pitch_deg"":-5.7,""steady"":true}"
44.547,right_hand,og,acc,3102159,"{""seq"":2163,""x_mg"":8,""y_mg"":196,""z_mg"":932}"
44.547,right_hand,og,tilt,,"{""roll_deg"":20.3,""pitch_deg"":-6.6,""steady"":true}"
44.578,right_hand,og,acc,3102180,"{""seq"":2164,""x_mg"":-12,""y_mg"":168,""z_mg"":988}"
44.578,right_hand,og,tilt,,"{""roll_deg"":19.8,""pitch_deg"":-7.6,""steady"":true}"
44.594,right_hand,og,acc,3102200,"{""seq"":2165,""x_mg"":-72,""y_mg"":248,""z_mg"":944}"
44.594,right_hand,og,tilt,,"{""roll_deg"":19.1,""pitch_deg"":-8.2,""steady"":true}"
44.625,right_hand,og,acc,3102221,"{""seq"":2166,""x_mg"":-20,""y_mg"":96,""z_mg"":988}"
44.625,right_hand,og,tilt,,"{""roll_deg"":17.8,""pitch_deg"":-8.9,""steady"":true}"
44.625,right_hand,og,acc,3102241,"{""seq"":2167,""x_mg"":12,""y_mg"":-48,""z_mg"":1036}"
44.625,right_hand,og,tilt,,"{""roll_deg"":15.3,""pitch_deg"":-9.3,""steady"":true}"
44.656,right_hand,og,acc,3102262,"{""seq"":2168,""x_mg"":16,""y_mg"":-152,""z_mg"":1008}"
44.656,right_hand,og,tilt,,"{""roll_deg"":9.7,""pitch_deg"":-9.3,""steady"":true}"
44.672,right_hand,og,acc,3102283,"{""seq"":2169,""x_mg"":32,""y_mg"":-8,""z_mg"":944}"
44.672,right_hand,og,tilt,,"{""roll_deg"":5.7,""pitch_deg"":-9.3,""steady"":true}"
44.672,right_hand,og,acc,3102303,"{""seq"":2170,""x_mg"":8,""y_mg"":132,""z_mg"":988}"
44.672,right_hand,og,tilt,,"{""roll_deg"":4.2,""pitch_deg"":-9.3,""steady"":true}"
44.703,right_hand,og,acc,3102324,"{""seq"":2171,""x_mg"":-56,""y_mg"":216,""z_mg"":1084}"
44.703,right_hand,og,tilt,,"{""roll_deg"":5.3,""pitch_deg"":-9.3,""steady"":true}"
44.734,right_hand,og,acc,3102344,"{""seq"":2172,""x_mg"":-12,""y_mg"":200,""z_mg"":1040}"
44.734,right_hand,og,tilt,,"{""roll_deg"":7.0,""pitch_deg"":-9.3,""steady"":true}"
44.766,right_hand,og,acc,3102365,"{""seq"":2173,""x_mg"":84,""y_mg"":172,""z_mg"":1100}"
44.766,right_hand,og,tilt,,"{""roll_deg"":8.0,""pitch_deg"":-9.3,""steady"":true}"
44.766,right_hand,og,acc,3102385,"{""seq"":2174,""x_mg"":128,""y_mg"":80,""z_mg"":1056}"
44.766,right_hand,og,tilt,,"{""roll_deg"":8.3,""pitch_deg"":-9.3,""steady"":true}"
44.781,right_hand,og,acc,3102406,"{""seq"":2175,""x_mg"":132,""y_mg"":100,""z_mg"":1008}"
44.781,right_hand,og,tilt,,"{""roll_deg"":8.3,""pitch_deg"":-9.1,""steady"":true}"
44.812,right_hand,og,acc,3102427,"{""seq"":2176,""x_mg"":160,""y_mg"":92,""z_mg"":968}"
44.812,right_hand,og,tilt,,"{""roll_deg"":8.3,""pitch_deg"":-8.1,""steady"":true}"
44.828,right_hand,og,acc,3102447,"{""seq"":2177,""x_mg"":196,""y_mg"":-20,""z_mg"":908}"
44.828,right_hand,og,tilt,,"{""roll_deg"":8.3,""pitch_deg"":-6.6,""steady"":true}"
44.859,right_hand,og,acc,3102468,"{""seq"":2178,""x_mg"":216,""y_mg"":-72,""z_mg"":908}"
44.859,right_hand,og,tilt,,"{""roll_deg"":6.9,""pitch_deg"":-4.3,""steady"":true}"
44.891,right_hand,og,acc,3102488,"{""seq"":2179,""x_mg"":188,""y_mg"":-80,""z_mg"":920}"
44.891,right_hand,og,tilt,,"{""roll_deg"":4.4,""pitch_deg"":-2.4,""steady"":true}"
44.891,right_hand,og,acc,3102509,"{""seq"":2180,""x_mg"":128,""y_mg"":84,""z_mg"":1012}"
44.891,right_hand,og,tilt,,"{""roll_deg"":2.4,""pitch_deg"":-1.3,""steady"":true}"
44.922,right_hand,og,acc,3102529,"{""seq"":2181,""x_mg"":104,""y_mg"":88,""z_mg"":980}"
44.922,right_hand,og,tilt,,"{""roll_deg"":2.7,""pitch_deg"":-1.3,""steady"":true}"
44.953,right_hand,og,acc,3102550,"{""seq"":2182,""x_mg"":88,""y_mg"":68,""z_mg"":928}"
44.953,right_hand,og,tilt,,"{""roll_deg"":3.4,""pitch_deg"":-1.5,""steady"":true}"
44.953,right_hand,og,acc,3102571,"{""seq"":2183,""x_mg"":20,""y_mg"":152,""z_mg"":952}"
44.953,right_hand,og,tilt,,"{""roll_deg"":3.9,""pitch_deg"":-2.0,""steady"":true}"
44.984,right_hand,og,acc,3102591,"{""seq"":2184,""x_mg"":-44,""y_mg"":124,""z_mg"":1004}"
44.984,right_hand,og,tilt,,"{""roll_deg"":4.3,""pitch_deg"":-2.7,""steady"":true}"
45.016,right_hand,og,acc,3102612,"{""seq"":2185,""x_mg"":-32,""y_mg"":-16,""z_mg"":1000}"
45.016,right_hand,og,tilt,,"{""roll_deg"":4.7,""pitch_deg"":-3.7,""steady"":true}"
45.016,right_hand,og,acc,3102632,"{""seq"":2186,""x_mg"":4,""y_mg"":-80,""z_mg"":1040}"
45.016,right_hand,og,tilt,,"{""roll_deg"":4.7,""pitch_deg"":-5.1,""steady"":true}"
45.047,right_hand,og,acc,3102653,"{""seq"":2187,""x_mg"":-32,""y_mg"":-124,""z_mg"":1024}"
45.047,right_hand,og,tilt,,"{""roll_deg"":3.8,""pitch_deg"":-6.5,""steady"":true}"
45.047,right_hand,og,acc,3102673,"{""seq"":2188,""x_mg"":-48,""y_mg"":-48,""z_mg"":960}"
45.047,right_hand,og,tilt,,"{""roll_deg"":2.6,""pitch_deg"":-7.6,""steady"":true}"
45.078,right_hand,og,acc,3102694,"{""seq"":2189,""x_mg"":-80,""y_mg"":-8,""z_mg"":972}"
45.078,right_hand,og,tilt,,"{""roll_deg"":1.8,""pitch_deg"":-8.9,""steady"":true}"
45.109,right_hand,og,acc,3102715,"{""seq"":2190,""x_mg"":-100,""y_mg"":-12,""z_mg"":1044}"
45.109,right_hand,og,tilt,,"{""roll_deg"":1.8,""pitch_deg"":-10.4,""steady"":true}"
45.109,right_hand,og,acc,3102735,"{""seq"":2191,""x_mg"":-148,""y_mg"":-44,""z_mg"":1136}"
45.109,right_hand,og,tilt,,"{""roll_deg"":1.8,""pitch_deg"":-11.7,""steady"":true}"
45.141,right_hand,og,acc,3102756,"{""seq"":2192,""x_mg"":-108,""y_mg"":-44,""z_mg"":1136}"
45.141,right_hand,og,tilt,,"{""roll_deg"":1.4,""pitch_deg"":-12.7,""steady"":true}"
45.172,right_hand,og,acc,3102776,"{""seq"":2193,""x_mg"":-88,""y_mg"":-128,""z_mg"":1100}"
45.172,right_hand,og,tilt,,"{""roll_deg"":1.1,""pitch_deg"":-13.3,""steady"":true}"
45.172,right_hand,og,acc,3102797,"{""seq"":2194,""x_mg"":-24,""y_mg"":-196,""z_mg"":1084}"
45.172,right_hand,og,tilt,,"{""roll_deg"":-0.2,""pitch_deg"":-13.5,""steady"":true}"
45.203,right_hand,og,acc,3102817,"{""seq"":2195,""x_mg"":56,""y_mg"":-268,""z_mg"":1084}"
45.203,right_hand,og,tilt,,"{""roll_deg"":-2.4,""pitch_deg"":-13.5,""steady"":true}"
45.234,right_hand,og,acc,3102838,"{""seq"":2196,""x_mg"":100,""y_mg"":-156,""z_mg"":980}"
45.234,right_hand,og,tilt,,"{""roll_deg"":-4.1,""pitch_deg"":-12.6,""steady"":true}"
45.234,right_hand,og,acc,3102859,"{""seq"":2197,""x_mg"":108,""y_mg"":8,""z_mg"":884}"
45.234,right_hand,og,tilt,,"{""roll_deg"":-4.9,""pitch_deg"":-12.0,""steady"":true}"
45.266,right_hand,og,acc,3102879,"{""seq"":2198,""x_mg"":72,""y_mg"":108,""z_mg"":800}"
45.266,right_hand,og,tilt,,"{""roll_deg"":-4.1,""pitch_deg"":-10.9,""steady"":true}"
45.297,right_hand,og,acc,3102900,"{""seq"":2199,""x_mg"":112,""y_mg"":160,""z_mg"":816}"
45.297,right_hand,og,tilt,,"{""roll_deg"":-3.2,""pitch_deg"":-9.2,""steady"":true}"
45.297,right_hand,og,acc,3102920,"{""seq"":2200,""x_mg"":164,""y_mg"":244,""z_mg"":804}"
45.297,right_hand,og,tilt,,"{""roll_deg"":0.2,""pitch_deg"":-7.5,""steady"":true}"
45.328,right_hand,og,acc,3102941,"{""seq"":2201,""x_mg"":140,""y_mg"":400,""z_mg"":832}"
45.328,right_hand,og,tilt,,"{""roll_deg"":6.4,""pitch_deg"":-5.8,""steady"":true}"
45.359,right_hand,og,acc,3102961,"{""seq"":2202,""x_mg"":120,""y_mg"":400,""z_mg"":856}"
45.359,right_hand,og,tilt,,"{""roll_deg"":14.8,""pitch_deg"":-4.5,""steady"":true}"
45.359,right_hand,og,acc,3102982,"{""seq"":2203,""x_mg"":108,""y_mg"":436,""z_mg"":928}"
45.359,right_hand,og,tilt,,"{""roll_deg"":20.2,""pitch_deg"":-4.1,""steady"":true}"
45.391,right_hand,og,acc,3103003,"{""seq"":2204,""x_mg"":132,""y_mg"":396,""z_mg"":1024}"
45.391,right_hand,og,tilt,,"{""roll_deg"":23.0,""pitch_deg"":-3.9,""steady"":true}"
45.406,right_hand,og,acc,3103023,"{""seq"":2205,""x_mg"":128,""y_mg"":316,""z_mg"":1024}"
45.406,right_hand,og,tilt,,"{""roll_deg"":23.0,""pitch_deg"":-3.7,""steady"":true}"
45.437,right_hand,og,acc,3103044,"{""seq"":2206,""x_mg"":92,""y_mg"":284,""z_mg"":984}"
45.437,right_hand,og,tilt,,"{""roll_deg"":21.9,""pitch_deg"":-3.6,""steady"":true}"
45.437,right_hand,og,acc,3103064,"{""seq"":2207,""x_mg"":68,""y_mg"":232,""z_mg"":1004}"
45.437,right_hand,og,tilt,,"{""roll_deg"":20.8,""pitch_deg"":-3.6,""steady"":true}"
45.469,right_hand,og,acc,3103085,"{""seq"":2208,""x_mg"":24,""y_mg"":136,""z_mg"":1056}"
45.469,right_hand,og,tilt,,"{""roll_deg"":19.3,""pitch_deg"":-3.6,""steady"":true}"
45.500,right_hand,og,acc,3103105,"{""seq"":2209,""x_mg"":-32,""y_mg"":80,""z_mg"":1076}"
45.500,right_hand,og,tilt,,"{""roll_deg"":17.8,""pitch_deg"":-4.1,""steady"":true}"
45.500,right_hand,og,acc,3103126,"{""seq"":2210,""x_mg"":-108,""y_mg"":8,""z_mg"":1124}"
45.500,right_hand,og,tilt,,"{""roll_deg"":16.6,""pitch_deg"":-4.8,""steady"":true}"
45.531,right_hand,og,acc,3103147,"{""seq"":2211,""x_mg"":-180,""y_mg"":-48,""z_mg"":1128}"
45.531,right_hand,og,tilt,,"{""roll_deg"":13.2,""pitch_deg"":-6.8,""steady"":true}"
45.578,right_hand,og,acc,3103167,"{""seq"":2212,""x_mg"":-108,""y_mg"":-212,""z_mg"":1048}"
45.578,right_hand,og,tilt,,"{""roll_deg"":9.0,""pitch_deg"":-8.9,""steady"":true}"
45.578,right_hand,og,acc,3103188,"{""seq"":2213,""x_mg"":-52,""y_mg"":-144,""z_mg"":996}"
45.578,right_hand,og,tilt,,"{""roll_deg"":3.1,""pitch_deg"":-10.7,""steady"":true}"
45.609,right_hand,og,acc,3103208,"{""seq"":2214,""x_mg"":-64,""y_mg"":-88,""z_mg"":944}"
45.609,right_hand,og,tilt,,"{""roll_deg"":-0.6,""pitch_deg"":-11.4,""steady"":true}"
45.609,right_hand,og,acc,3103229,"{""seq"":2215,""x_mg"":-64,""y_mg"":-76,""z_mg"":932}"
45.609,right_hand,og,tilt,,"{""roll_deg"":-1.6,""pitch_deg"":-11.9,""steady"":true}"
45.641,right_hand,og,acc,3103249,"{""seq"":2216,""x_mg"":-8,""y_mg"":-136,""z_mg"":1000}"
45.641,right_hand,og,tilt,,"{""roll_deg"":-2.2,""pitch_deg"":-12.3,""steady"":true}"
45.672,right_hand,og,acc,3103270,"{""seq"":2217,""x_mg"":28,""y_mg"":-72,""z_mg"":992}"
45.672,right_hand,og,tilt,,"{""roll_deg"":-2.2,""pitch_deg"":-12.3,""steady"":true}"
45.672,right_hand,og,acc,3103290,"{""seq"":2218,""x_mg"":64,""y_mg"":76,""z_mg"":936}"
45.672,right_hand,og,tilt,,"{""roll_deg"":-2.2,""pitch_deg"":-11.8,""steady"":true}"
45.703,right_hand,og,acc,3103311,"{""seq"":2219,""x_mg"":76,""y_mg"":200,""z_mg"":880}"
45.703,right_hand,og,tilt,,"{""roll_deg"":-0.7,""pitch_deg"":-11.2,""steady"":true}"
45.734,right_hand,og,acc,3103332,"{""seq"":2220,""x_mg"":108,""y_mg"":244,""z_mg"":872}"
45.734,right_hand,og,tilt,,"{""roll_deg"":0.4,""pitch_deg"":-10.7,""steady"":true}"
45.734,right_hand,og,acc,3103352,"{""seq"":2221,""x_mg"":156,""y_mg"":200,""z_mg"":900}"
45.734,right_hand,og,tilt,,"{""roll_deg"":3.1,""pitch_deg"":-9.5,""steady"":true}"
45.750,right_hand,og,acc,3103373,"{""seq"":2222,""x_mg"":156,""y_mg"":252,""z_mg"":820}"
45.750,right_hand,og,tilt,,"{""roll_deg"":7.3,""pitch_deg"":-7.3,""steady"":true}"
45.781,right_hand,og,acc,3103393,"{""seq"":2223,""x_mg"":120,""y_mg"":128,""z_mg"":924}"
45.781,right_hand,og,tilt,,"{""roll_deg"":9.4,""pitch_deg"":-5.5,""steady"":true}"
45.812,right_hand,og,acc,3103414,"{""seq"":2224,""x_mg"":88,""y_mg"":268,""z_mg"":1044}"
45.812,right_hand,og,tilt,,"{""roll_deg"":11.6,""pitch_deg"":-4.7,""steady"":true}"
45.812,right_hand,og,acc,3103434,"{""seq"":2225,""x_mg"":56,""y_mg"":368,""z_mg"":1080}"
45.812,right_hand,og,tilt,,"{""roll_deg"":13.1,""pitch_deg"":-4.7,""steady"":true}"
45.828,right_hand,og,acc,3103455,"{""seq"":2226,""x_mg"":36,""y_mg"":264,""z_mg"":1012}"
45.828,right_hand,og,tilt,,"{""roll_deg"":14.1,""pitch_deg"":-4.7,""steady"":true}"
45.859,right_hand,og,acc,3103476,"{""seq"":2227,""x_mg"":52,""y_mg"":224,""z_mg"":948}"
45.859,right_hand,og,tilt,,"{""roll_deg"":14.8,""pitch_deg"":-5.0,""steady"":true}"
45.906,right_hand,og,acc,3103496,"{""seq"":2228,""x_mg"":68,""y_mg"":172,""z_mg"":964}"
45.906,right_hand,og,tilt,,"{""roll_deg"":14.8,""pitch_deg"":-5.2,""steady"":true}"
45.906,right_hand,og,acc,3103517,"{""seq"":2229,""x_mg"":64,""y_mg"":148,""z_mg"":1040}"
45.906,right_hand,og,tilt,,"{""roll_deg"":14.7,""pitch_deg"":-5.3,""steady"":true}"
45.922,right_hand,og,acc,3103537,"{""seq"":2230,""x_mg"":76,""y_mg"":152,""z_mg"":1064}"
45.922,right_hand,og,tilt,,"{""roll_deg"":13.8,""pitch_deg"":-5.3,""steady"":true}"
45.937,right_hand,og,acc,3103558,"{""seq"":2231,""x_mg"":68,""y_mg"":196,""z_mg"":1012}"
45.937,right_hand,og,tilt,,"{""roll_deg"":13.3,""pitch_deg"":-5.3,""steady"":true}"
45.969,right_hand,og,acc,3103578,"{""seq"":2232,""x_mg"":64,""y_mg"":32,""z_mg"":1000}"
45.969,right_hand,og,tilt,,"{""roll_deg"":12.9,""pitch_deg"":-5.4,""steady"":true}"
46.000,right_hand,og,acc,3103599,"{""seq"":2233,""x_mg"":68,""y_mg"":36,""z_mg"":896}"
46.000,right_hand,og,tilt,,"{""roll_deg"":12.0,""pitch_deg"":-5.4,""steady"":true}"
46.000,right_hand,og,acc,3103619,"{""seq"":2234,""x_mg"":76,""y_mg"":56,""z_mg"":892}"
46.000,right_hand,og,tilt,,"{""roll_deg"":10.7,""pitch_deg"":-5.4,""steady"":true}"
46.031,right_hand,og,acc,3103640,"{""seq"":2235,""x_mg"":76,""y_mg"":-16,""z_mg"":984}"
46.031,right_hand,og,tilt,,"{""roll_deg"":9.2,""pitch_deg"":-5.4,""steady"":true}"
46.062,right_hand,og,acc,3103661,"{""seq"":2236,""x_mg"":88,""y_mg"":-4,""z_mg"":968}"
46.062,right_hand,og,tilt,,"{""roll_deg"":7.3,""pitch_deg"":-5.4,""steady"":true}"
46.062,right_hand,og,acc,3103681,"{""seq"":2237,""x_mg"":92,""y_mg"":32,""z_mg"":940}"
46.062,right_hand,og,tilt,,"{""roll_deg"":5.8,""pitch_deg"":-5.4,""steady"":true}"
46.094,right_hand,og,acc,3103702,"{""seq"":2238,""x_mg"":104,""y_mg"":68,""z_mg"":960}"
46.094,right_hand,og,tilt,,"{""roll_deg"":5.3,""pitch_deg"":-5.4,""steady"":true}"
46.125,right_hand,og,acc,3103722,"{""seq"":2239,""x_mg"":96,""y_mg"":96,""z_mg"":996}"
46.125,right_hand,og,tilt,,"{""roll_deg"":5.3,""pitch_deg"":-5.4,""steady"":true}"
46.125,right_hand,og,acc,3103743,"{""seq"":2240,""x_mg"":96,""y_mg"":128,""z_mg"":1016}"
46.125,right_hand,og,tilt,,"{""roll_deg"":5.3,""pitch_deg"":-5.4,""steady"":true}"
46.141,right_hand,og,acc,3103763,"{""seq"":2241,""x_mg"":92,""y_mg"":120,""z_mg"":992}"
46.141,right_hand,og,tilt,,"{""roll_deg"":5.8,""pitch_deg"":-5.4,""steady"":true}"
46.172,right_hand,og,acc,3103784,"{""seq"":2242,""x_mg"":96,""y_mg"":64,""z_mg"":940}"
46.172,right_hand,og,tilt,,"{""roll_deg"":6.1,""pitch_deg"":-5.3,""steady"":true}"
46.187,right_hand,og,acc,3103805,"{""seq"":2243,""x_mg"":104,""y_mg"":40,""z_mg"":912}"
46.187,right_hand,og,tilt,,"{""roll_deg"":6.1,""pitch_deg"":-5.2,""steady"":true}"
46.219,right_hand,og,acc,3103825,"{""seq"":2244,""x_mg"":124,""y_mg"":88,""z_mg"":976}"
46.219,right_hand,og,tilt,,"{""roll_deg"":6.1,""pitch_deg"":-5.0,""steady"":true}"
46.219,right_hand,og,acc,3103846,"{""seq"":2245,""x_mg"":104,""y_mg"":152,""z_mg"":1020}"
46.219,right_hand,og,tilt,,"{""roll_deg"":6.1,""pitch_deg"":-4.8,""steady"":true}"
46.250,right_hand,og,acc,3103866,"{""seq"":2246,""x_mg"":76,""y_mg"":124,""z_mg"":1020}"
46.250,right_hand,og,tilt,,"{""roll_deg"":6.2,""pitch_deg"":-4.7,""steady"":true}"
46.281,right_hand,og,acc,3103887,"{""seq"":2247,""x_mg"":64,""y_mg"":-136,""z_mg"":1124}"
46.281,right_hand,og,tilt,,"{""roll_deg"":6.3,""pitch_deg"":-4.7,""steady"":true}"
46.312,right_hand,og,acc,3103907,"{""seq"":2248,""x_mg"":44,""y_mg"":-44,""z_mg"":1152}"
46.312,right_hand,og,tilt,,"{""roll_deg"":6.2,""pitch_deg"":-4.7,""steady"":true}"
46.312,right_hand,og,acc,3103928,"{""seq"":2249,""x_mg"":92,""y_mg"":16,""z_mg"":1024}"
46.312,right_hand,og,tilt,,"{""roll_deg"":5.0,""pitch_deg"":-4.7,""steady"":true}"
46.328,right_hand,og,acc,3103949,"{""seq"":2250,""x_mg"":84,""y_mg"":-68,""z_mg"":924}"
46.328,right_hand,og,tilt,,"{""roll_deg"":3.9,""pitch_deg"":-4.7,""steady"":true}"
46.359,right_hand,og,acc,3103969,"{""seq"":2251,""x_mg"":60,""y_mg"":-12,""z_mg"":928}"
46.359,right_hand,og,tilt,,"{""roll_deg"":3.3,""pitch_deg"":-4.7,""steady"":true}"
46.391,right_hand,og,acc,3103990,"{""seq"":2252,""x_mg"":92,""y_mg"":24,""z_mg"":904}"
46.391,right_hand,og,tilt,,"{""roll_deg"":2.9,""pitch_deg"":-4.7,""steady"":true}"
46.391,right_hand,og,acc,3104010,"{""seq"":2253,""x_mg"":124,""y_mg"":68,""z_mg"":944}"
46.391,right_hand,og,tilt,,"{""roll_deg"":2.9,""pitch_deg"":-4.7,""steady"":true}"
46.422,right_hand,og,acc,3104031,"{""seq"":2254,""x_mg"":112,""y_mg"":80,""z_mg"":968}"
46.422,right_hand,og,tremor,,"{""rms_mg"":68.8,""peak_hz"":5.7}"
46.422,right_hand,og,tilt,,"{""roll_deg"":2.9,""pitch_deg"":-4.7,""steady"":true}"
46.453,right_hand,og,acc,3104051,"{""seq"":2255,""x_mg"":88,""y_mg"":116,""z_mg"":960}"
46.453,right_hand,og,tilt,,"{""roll_deg"":3.2,""pitch_deg"":-4.7,""steady"":true}"
46.453,right_hand,og,acc,3104072,"{""seq"":2256,""x_mg"":76,""y_mg"":124,""z_mg"":952}"
46.453,right_hand,og,tilt,,"{""roll_deg"":3.6,""pitch_deg"":-4.7,""steady"":true}"
46.484,right_hand,og,acc,3104092,"{""seq"":2257,""x_mg"":92,""y_mg"":92,""z_mg"":980}"
46.484,right_hand,og,tilt,,"{""roll_deg"":4.2,""pitch_deg"":-4.7,""steady"":true}"
46.516,right_hand,og,acc,3104113,"{""seq"":2258,""x_mg"":100,""y_mg"":108,""z_mg"":1008}"
46.516,right_hand,og,tilt,,"{""roll_deg"":4.7,""pitch_deg"":-4.7,""steady"":true}"
46.516,right_hand,og,acc,3104134,"{""seq"":2259,""x_mg"":96,""y_mg"":112,""z_mg"":1024}"
46.516,right_hand,og,tilt,,"{""roll_deg"":5.2,""pitch_deg"":-4.7,""steady"":true}"
46.547,right_hand,og,acc,3104154,"{""seq"":2260,""x_mg"":64,""y_mg"":100,""z_mg"":1008}"
46.547,right_hand,og,tilt,,"{""roll_deg"":5.6,""pitch_deg"":-4.7,""steady"":true}"
46.562,right_hand,og,acc,3104175,"{""seq"":2261,""x_mg"":52,""y_mg"":92,""z_mg"":992}"
46.562,right_hand,og,tilt,,"{""roll_deg"":5.9,""pitch_deg"":-4.7,""steady"":true}"
46.594,right_hand,og,acc,3104195,"{""seq"":2262,""x_mg"":48,""y_mg"":84,""z_mg"":992}"
46.594,right_hand,og,tilt,,"{""roll_deg"":6.1,""pitch_deg"":-4.7,""steady"":true}"
46.594,right_hand,og,acc,3104216,"{""seq"":2263,""x_mg"":40,""y_mg"":68,""z_mg"":980}"
46.594,right_hand,og,tilt,,"{""roll_deg"":6.1,""pitch_deg"":-4.7,""steady"":true}"
46.625,right_hand,og,acc,3104236,"{""seq"":2264,""x_mg"":20,""y_mg"":52,""z_mg"":980}"
46.625,right_hand,og,tilt,,"{""roll_deg"":6.1,""pitch_deg"":-4.9,""steady"":true}"
46.656,right_hand,og,acc,3104257,"{""seq"":2265,""x_mg"":20,""y_mg"":48,""z_mg"":980}"
46.656,right_hand,og,tilt,,"{""roll_deg"":6.1,""pitch_deg"":-5.4,""steady"":true}"
46.656,right_hand,og,acc,3104278,"{""seq"":2266,""x_mg"":32,""y_mg"":28,""z_mg"":988}"
46.656,right_hand,og,tilt,,"{""roll_deg"":6.1,""pitch_deg"":-5.9,""steady"":true}"
46.687,right_hand,og,acc,3104298,"{""seq"":2267,""x_mg"":20,""y_mg"":44,""z_mg"":1036}"
46.687,right_hand,og,tilt,,"{""roll_deg"":6.1,""pitch_deg"":-6.4,""steady"":true}"
46.719,right_hand,og,acc,3104319,"{""seq"":2268,""x_mg"":48,""y_mg"":12,""z_mg"":1024}"
46.719,right_hand,og,tilt,,"{""roll_deg"":6.1,""pitch_deg"":-6.6,""steady"":true}"
46.719,right_hand,og,acc,3104339,"{""seq"":2269,""x_mg"":56,""y_mg"":8,""z_mg"":988}"
46.719,right_hand,og,tilt,,"{""roll_deg"":5.8,""pitch_deg"":-6.6,""steady"":true}"
46.750,right_hand,og,acc,3104360,"{""seq"":2270,""x_mg"":52,""y_mg"":36,""z_mg"":980}"
46.750,right_hand,og,tilt,,"{""roll_deg"":5.4,""pitch_deg"":-6.6,""steady"":true}"
46.750,right_hand,og,acc,3104380,"{""seq"":2271,""x_mg"":44,""y_mg"":80,""z_mg"":984}"
46.750,right_hand,og,tilt,,"{""roll_deg"":5.2,""pitch_deg"":-6.6,""steady"":true}"
46.781,right_hand,og,acc,3104401,"{""seq"":2272,""x_mg"":36,""y_mg"":96,""z_mg"":1000}"
46.781,right_hand,og,tilt,,"{""roll_deg"":5.2,""pitch_deg"":-6.6,""steady"":true}"
46.812,right_hand,og,acc,3104422,"{""seq"":2273,""x_mg"":48,""y_mg"":92,""z_mg"":1008}"
46.812,right_hand,og,tilt,,"{""roll_deg"":5.2,""pitch_deg"":-6.6,""steady"":true}"
46.828,right_hand,og,acc,3104442,"{""seq"":2274,""x_mg"":60,""y_mg"":84,""z_mg"":1004}"
46.828,right_hand,og,tilt,,"{""roll_deg"":5.2,""pitch_deg"":-6.6,""steady"":true}"
46.859,right_hand,og,acc,3104463,"{""seq"":2275,""x_mg"":52,""y_mg"":84,""z_mg"":976}"
46.859,right_hand,og,tilt,,"{""roll_deg"":5.2,""pitch_deg"":-6.6,""steady"":true}"
46.891,right_hand,og,acc,3104483,"{""seq"":2276,""x_mg"":56,""y_mg"":72,""z_mg"":952}"
46.891,right_hand,og,tilt,,"{""roll_deg"":5.2,""pitch_deg"":-6.6,""steady"":true}"
46.891,right_hand,og,acc,3104504,"{""seq"":2277,""x_mg"":56,""y_mg"":68,""z_mg"":944}"
46.891,right_hand,og,tilt,,"{""roll_deg"":5.2,""pitch_deg"":-6.6,""steady"":true}"
46.922,right_hand,og,acc,3104524,"{""seq"":2278,""x_mg"":48,""y_mg"":48,""z_mg"":976}"
46.922,right_hand,og,tilt,,"{""roll_deg"":5.2,""pitch_deg"":-6.6,""steady"":true}"
46.922,right_hand,og,acc,3104545,"{""seq"":2279,""x_mg"":48,""y_mg"":48,""z_mg"":1008}"
46.922,right_hand,og,tilt,,"{""roll_deg"":5.2,""pitch_deg"":-6.6,""steady"":true}"
46.953,right_hand,og,acc,3104566,"{""seq"":2280,""x_mg"":44,""y_mg"":60,""z_mg"":996}"
46.953,right_hand,og,tilt,,"{""roll_deg"":5.2,""pitch_deg"":-6.6,""steady"":true}"
46.984,right_hand,og,acc,3104586,"{""seq"":2281,""x_mg"":36,""y_mg"":64,""z_mg"":992}"
46.984,right_hand,og,tilt,,"{""roll_deg"":5.2,""pitch_deg"":-6.6,""steady"":true}"
46.984,right_hand,og,acc,3104607,"{""seq"":2282,""x_mg"":36,""y_mg"":56,""z_mg"":996}"
46.984,right_hand,og,tilt,,"{""roll_deg"":5.2,""pitch_deg"":-6.6,""steady"":true}"
47.016,right_hand,og,acc,3104627,"{""seq"":2283,""x_mg"":52,""y_mg"":56,""z_mg"":1020}"
47.016,right_hand,og,tilt,,"{""roll_deg"":5.2,""pitch_deg"":-6.6,""steady"":true}"
47.047,right_hand,og,acc,3104648,"{""seq"":2284,""x_mg"":36,""y_mg"":36,""z_mg"":1004}"
47.047,right_hand,og,tilt,,"{""roll_deg"":5.2,""pitch_deg"":-6.7,""steady"":true}"
47.047,right_hand,og,acc,3104668,"{""seq"":2285,""x_mg"":48,""y_mg"":52,""z_mg"":1000}"
47.047,right_hand,og,tilt,,"{""roll_deg"":5.2,""pitch_deg"":-6.7,""steady"":true}"
47.078,right_hand,og,acc,3104689,"{""seq"":2286,""x_mg"":64,""y_mg"":72,""z_mg"":976}"
47.078,right_hand,og,tilt,,"{""roll_deg"":5.2,""pitch_deg"":-6.7,""steady"":true}"
47.109,right_hand,og,acc,3104710,"{""seq"":2287,""x_mg"":56,""y_mg"":76,""z_mg"":1008}"
47.109,right_hand,og,tilt,,"{""roll_deg"":5.2,""pitch_deg"":-6.7,""steady"":true}"
47.109,right_hand,og,acc,3104730,"{""seq"":2288,""x_mg"":64,""y_mg"":80,""z_mg"":1000}"
47.109,right_hand,og,tilt,,"{""roll_deg"":5.2,""pitch_deg"":-6.7,""steady"":true}"
47.156,right_hand,og,acc,3104751,"{""seq"":2289,""x_mg"":64,""y_mg"":96,""z_mg"":988}"
47.156,right_hand,og,tilt,,"{""roll_deg"":5.2,""pitch_deg"":-6.7,""steady"":true}"
47.156,right_hand,og,acc,3104771,"{""seq"":2290,""x_mg"":100,""y_mg"":128,""z_mg"":960}"
47.156,right_hand,og,tilt,,"{""roll_deg"":5.3,""pitch_deg"":-6.7,""steady"":true}"
47.187,right_hand,og,acc,3104792,"{""seq"":2291,""x_mg"":96,""y_mg"":116,""z_mg"":1064}"
47.187,right_hand,og,tilt,,"{""roll_deg"":5.6,""pitch_deg"":-6.7,""steady"":true}"
47.203,right_hand,og,acc,3104812,"{""seq"":2292,""x_mg"":96,""y_mg"":120,""z_mg"":1016}"
47.203,right_hand,og,tilt,,"{""roll_deg"":5.9,""pitch_deg"":-6.7,""steady"":true}"
47.234,right_hand,og,acc,3104833,"{""seq"":2293,""x_mg"":136,""y_mg"":140,""z_mg"":896}"
47.234,right_hand,og,tilt,,"{""roll_deg"":6.3,""pitch_deg"":-6.5,""steady"":true}"
47.234,right_hand,og,acc,3104854,"{""seq"":2294,""x_mg"":148,""y_mg"":108,""z_mg"":868}"
47.234,right_hand,og,tilt,,"{""roll_deg"":6.6,""pitch_deg"":-5.6,""steady"":true}"
47.266,,game,brick,,"{""n"":20}"
47.266,right_hand,og,acc,3104874,"{""seq"":2295,""x_mg"":156,""y_mg"":72,""z_mg"":952}"
47.266,right_hand,og,tilt,,"{""roll_deg"":7.0,""pitch_deg"":-4.6,""steady"":true}"
47.266,right_hand,og,acc,3104895,"{""seq"":2296,""x_mg"":120,""y_mg"":80,""z_mg"":980}"
47.266,right_hand,og,tilt,,"{""roll_deg"":7.0,""pitch_deg"":-3.8,""steady"":true}"
47.297,right_hand,og,acc,3104915,"{""seq"":2297,""x_mg"":72,""y_mg"":152,""z_mg"":928}"
47.297,right_hand,og,tilt,,"{""roll_deg"":7.0,""pitch_deg"":-3.6,""steady"":true}"
47.328,right_hand,og,acc,3104936,"{""seq"":2298,""x_mg"":40,""y_mg"":192,""z_mg"":932}"
47.328,right_hand,og,tilt,,"{""roll_deg"":7.4,""pitch_deg"":-3.6,""steady"":true}"
47.328,right_hand,og,acc,3104956,"{""seq"":2299,""x_mg"":24,""y_mg"":100,""z_mg"":988}"
47.328,right_hand,og,tilt,,"{""roll_deg"":8.0,""pitch_deg"":-3.7,""steady"":true}"
47.359,right_hand,og,acc,3104977,"{""seq"":2300,""x_mg"":-8,""y_mg"":-4,""z_mg"":1004}"
47.359,right_hand,og,tilt,,"{""roll_deg"":8.0,""pitch_deg"":-4.0,""steady"":true}"
47.406,right_hand,og,acc,3104997,"{""seq"":2301,""x_mg"":-40,""y_mg"":-32,""z_mg"":972}"
47.406,right_hand,og,tilt,,"{""roll_deg"":8.0,""pitch_deg"":-4.7,""steady"":true}"
47.406,right_hand,og,acc,3105018,"{""seq"":2302,""x_mg"":-60,""y_mg"":-56,""z_mg"":956}"
47.406,right_hand,og,tilt,,"{""roll_deg"":7.1,""pitch_deg"":-6.0,""steady"":true}"
47.422,right_hand,og,acc,3105039,"{""seq"":2303,""x_mg"":-132,""y_mg"":-104,""z_mg"":1000}"
47.422,right_hand,og,tilt,,"{""roll_deg"":5.4,""pitch_deg"":-7.7,""steady"":true}"
47.437,right_hand,og,acc,3105059,"{""seq"":2304,""x_mg"":-144,""y_mg"":-244,""z_mg"":1112}"
47.437,right_hand,og,tilt,,"{""roll_deg"":3.0,""pitch_deg"":-10.2,""steady"":true}"
47.469,right_hand,og,acc,3105080,"{""seq"":2305,""x_mg"":-124,""y_mg"":-240,""z_mg"":1148}"
47.469,right_hand,og,tilt,,"{""roll_deg"":-1.3,""pitch_deg"":-12.2,""steady"":true}"
47.469,right_hand,og,acc,3105100,"{""seq"":2306,""x_mg"":-56,""y_mg"":-176,""z_mg"":1020}"
47.469,right_hand,og,tilt,,"{""roll_deg"":-4.2,""pitch_deg"":-13.2,""steady"":true}"
47.516,right_hand,og,acc,3105121,"{""seq"":2307,""x_mg"":-52,""y_mg"":-96,""z_mg"":928}"
47.516,right_hand,og,tilt,,"{""roll_deg"":-5.4,""pitch_deg"":-13.2,""steady"":true}"
47.547,right_hand,og,acc,3105141,"{""seq"":2308,""x_mg"":-48,""y_mg"":-24,""z_mg"":960}"
47.547,right_hand,og,tilt,,"{""roll_deg"":-5.4,""pitch_deg"":-13.2,""steady"":true}"
47.547,right_hand,og,acc,3105162,"{""seq"":2309,""x_mg"":-20,""y_mg"":-24,""z_mg"":1064}"
47.547,right_hand,og,tilt,,"{""roll_deg"":-4.2,""pitch_deg"":-13.2,""steady"":true}"
47.578,right_hand,og,acc,3105183,"{""seq"":2310,""x_mg"":16,""y_mg"":68,""z_mg"":1072}"
47.578,right_hand,og,tilt,,"{""roll_deg"":-3.3,""pitch_deg"":-13.0,""steady"":true}"
47.594,right_hand,og,acc,3105203,"{""seq"":2311,""x_mg"":60,""y_mg"":144,""z_mg"":1008}"
47.594,right_hand,og,tilt,,"{""roll_deg"":-2.4,""pitch_deg"":-12.5,""steady"":true}"
47.594,right_hand,og,acc,3105224,"{""seq"":2312,""x_mg"":100,""y_mg"":100,""z_mg"":912}"
47.594,right_hand,og,tilt,,"{""roll_deg"":-1.0,""pitch_deg"":-12.0,""steady"":true}"
47.625,right_hand,og,acc,3105244,"{""seq"":2313,""x_mg"":156,""y_mg"":-32,""z_mg"":924}"
47.625,right_hand,og,tilt,,"{""roll_deg"":0.9,""pitch_deg"":-10.9,""steady"":true}"
47.641,right_hand,og,acc,3105265,"{""seq"":2314,""x_mg"":112,""y_mg"":32,""z_mg"":1008}"
47.641,right_hand,og,tilt,,"{""roll_deg"":1.4,""pitch_deg"":-9.5,""steady"":true}"
47.672,right_hand,og,acc,3105285,"{""seq"":2315,""x_mg"":80,""y_mg"":120,""z_mg"":1060}"
47.672,right_hand,og,tilt,,"{""roll_deg"":1.8,""pitch_deg"":-8.1,""steady"":true}"
47.703,right_hand,og,acc,3105306,"{""seq"":2316,""x_mg"":92,""y_mg"":76,""z_mg"":1032}"
47.703,right_hand,og,tilt,,"{""roll_deg"":2.7,""pitch_deg"":-7.4,""steady"":true}"
47.703,right_hand,og,acc,3105327,"{""seq"":2317,""x_mg"":104,""y_mg"":16,""z_mg"":932}"
47.703,right_hand,og,tilt,,"{""roll_deg"":3.5,""pitch_deg"":-6.8,""steady"":true}"
47.734,right_hand,og,acc,3105347,"{""seq"":2318,""x_mg"":84,""y_mg"":44,""z_mg"":944}"
47.734,right_hand,og,tilt,,"{""roll_deg"":3.6,""pitch_deg"":-6.4,""steady"":true}"
47.750,right_hand,og,acc,3105368,"{""seq"":2319,""x_mg"":84,""y_mg"":-16,""z_mg"":984}"
47.750,right_hand,og,tilt,,"{""roll_deg"":3.6,""pitch_deg"":-6.1,""steady"":true}"
47.781,right_hand,og,acc,3105388,"{""seq"":2320,""x_mg"":96,""y_mg"":28,""z_mg"":1000}"
47.781,right_hand,og,tilt,,"{""roll_deg"":3.6,""pitch_deg"":-5.8,""steady"":true}"
47.812,right_hand,og,acc,3105409,"{""seq"":2321,""x_mg"":92,""y_mg"":60,""z_mg"":988}"
47.812,right_hand,og,tilt,,"{""roll_deg"":3.6,""pitch_deg"":-5.6,""steady"":true}"
47.812,right_hand,og,acc,3105429,"{""seq"":2322,""x_mg"":76,""y_mg"":56,""z_mg"":952}"
47.812,right_hand,og,tilt,,"{""roll_deg"":3.6,""pitch_deg"":-5.5,""steady"":true}"
47.844,right_hand,og,acc,3105450,"{""seq"":2323,""x_mg"":84,""y_mg"":56,""z_mg"":948}"
47.844,right_hand,og,tilt,,"{""roll_deg"":3.8,""pitch_deg"":-5.4,""steady"":true}"
47.844,right_hand,og,acc,3105471,"{""seq"":2324,""x_mg"":92,""y_mg"":120,""z_mg"":976}"
47.844,right_hand,og,tilt,,"{""roll_deg"":4.0,""pitch_deg"":-5.3,""steady"":true}"
47.875,right_hand,og,acc,3105491,"{""seq"":2325,""x_mg"":96,""y_mg"":156,""z_mg"":984}"
47.875,right_hand,og,tilt,,"{""roll_deg"":4.9,""pitch_deg"":-5.2,""steady"":true}"
47.906,right_hand,og,acc,3105512,"{""seq"":2326,""x_mg"":68,""y_mg"":220,""z_mg"":992}"
47.906,right_hand,og,tilt,,"{""roll_deg"":6.2,""pitch_deg"":-5.2,""steady"":true}"
47.906,right_hand,og,acc,3105532,"{""seq"":2327,""x_mg"":72,""y_mg"":224,""z_mg"":968}"
47.906,right_hand,og,tilt,,"{""roll_deg"":8.4,""pitch_deg"":-5.2,""steady"":true}"
47.937,right_hand,og,acc,3105553,"{""seq"":2328,""x_mg"":60,""y_mg"":128,""z_mg"":900}"
47.937,right_hand,og,tilt,,"{""roll_deg"":10.1,""pitch_deg"":-5.2,""steady"":true}"
47.953,right_hand,og,acc,3105573,"{""seq"":2329,""x_mg"":4,""y_mg"":88,""z_mg"":1024}"
47.953,right_hand,og,tilt,,"{""roll_deg"":10.1,""pitch_deg"":-5.2,""steady"":true}"
47.984,right_hand,og,acc,3105594,"{""seq"":2330,""x_mg"":16,""y_mg"":24,""z_mg"":1076}"
47.984,right_hand,og,tilt,,"{""roll_deg"":9.9,""pitch_deg"":-5.2,""steady"":true}"
48.016,right_hand,og,acc,3105614,"{""seq"":2331,""x_mg"":56,""y_mg"":80,""z_mg"":960}"
48.016,right_hand,og,tilt,,"{""roll_deg"":9.4,""pitch_deg"":-5.3,""steady"":true}"
48.016,right_hand,og,acc,3105635,"{""seq"":2332,""x_mg"":56,""y_mg"":68,""z_mg"":892}"
48.016,right_hand,og,tilt,,"{""roll_deg"":9.0,""pitch_deg"":-5.4,""steady"":true}"
48.047,right_hand,og,acc,3105656,"{""seq"":2333,""x_mg"":64,""y_mg"":4,""z_mg"":924}"
48.047,right_hand,og,tilt,,"{""roll_deg"":8.7,""pitch_deg"":-5.4,""steady"":true}"
48.078,right_hand,og,acc,3105676,"{""seq"":2334,""x_mg"":72,""y_mg"":56,""z_mg"":1004}"
48.078,right_hand,og,tilt,,"{""roll_deg"":8.5,""pitch_deg"":-5.4,""steady"":true}"
48.078,right_hand,og,acc,3105697,"{""seq"":2335,""x_mg"":68,""y_mg"":160,""z_mg"":1028}"
48.078,right_hand,og,tilt,,"{""roll_deg"":8.2,""pitch_deg"":-5.4,""steady"":true}"
48.109,right_hand,og,acc,3105717,"{""seq"":2336,""x_mg"":64,""y_mg"":204,""z_mg"":1004}"
48.109,right_hand,og,tilt,,"{""roll_deg"":8.2,""pitch_deg"":-5.5,""steady"":true}"
48.125,right_hand,og,acc,3105738,"{""seq"":2337,""x_mg"":64,""y_mg"":152,""z_mg"":992}"
48.125,right_hand,og,tilt,,"{""roll_deg"":8.2,""pitch_deg"":-5.5,""steady"":true}"
48.141,right_hand,og,acc,3105758,"{""seq"":2338,""x_mg"":92,""y_mg"":-48,""z_mg"":1016}"
48.141,right_hand,og,tilt,,"{""roll_deg"":8.2,""pitch_deg"":-5.5,""steady"":true}"
48.172,right_hand,og,acc,3105779,"{""seq"":2339,""x_mg"":52,""y_mg"":-100,""z_mg"":1036}"
48.172,right_hand,og,tilt,,"{""roll_deg"":7.8,""pitch_deg"":-5.5,""steady"":true}"
48.203,right_hand,og,acc,3105800,"{""seq"":2340,""x_mg"":68,""y_mg"":28,""z_mg"":976}"
48.203,right_hand,og,tilt,,"{""roll_deg"":6.2,""pitch_deg"":-5.5,""steady"":true}"
48.203,right_hand,og,acc,3105820,"{""seq"":2341,""x_mg"":44,""y_mg"":56,""z_mg"":924}"
48.203,right_hand,og,tilt,,"{""roll_deg"":5.7,""pitch_deg"":-5.6,""steady"":true}"
48.234,right_hand,og,acc,3105841,"{""seq"":2342,""x_mg"":60,""y_mg"":80,""z_mg"":952}"
48.234,right_hand,og,tilt,,"{""roll_deg"":5.7,""pitch_deg"":-5.6,""steady"":true}"
48.234,right_hand,og,acc,3105861,"{""seq"":2343,""x_mg"":64,""y_mg"":64,""z_mg"":980}"
48.234,right_hand,og,tilt,,"{""roll_deg"":5.7,""pitch_deg"":-5.6,""steady"":true}"
48.266,right_hand,og,acc,3105882,"{""seq"":2344,""x_mg"":96,""y_mg"":84,""z_mg"":1020}"
48.266,right_hand,og,tilt,,"{""roll_deg"":5.7,""pitch_deg"":-5.6,""steady"":true}"
48.297,right_hand,og,acc,3105902,"{""seq"":2345,""x_mg"":76,""y_mg"":112,""z_mg"":972}"
48.297,right_hand,og,tilt,,"{""roll_deg"":5.7,""pitch_deg"":-5.6,""steady"":true}"
48.297,right_hand,og,acc,3105923,"{""seq"":2346,""x_mg"":60,""y_mg"":76,""z_mg"":972}"
48.297,right_hand,og,tilt,,"{""roll_deg"":5.7,""pitch_deg"":-5.6,""steady"":true}"
48.328,right_hand,og,acc,3105944,"{""seq"":2347,""x_mg"":48,""y_mg"":68,""z_mg"":988}"
48.328,right_hand,og,tilt,,"{""roll_deg"":5.7,""pitch_deg"":-5.6,""steady"":true}"
48.359,right_hand,og,acc,3105964,"{""seq"":2348,""x_mg"":72,""y_mg"":72,""z_mg"":992}"
48.359,right_hand,og,tilt,,"{""roll_deg"":5.7,""pitch_deg"":-5.6,""steady"":true}"
48.359,right_hand,og,acc,3105985,"{""seq"":2349,""x_mg"":80,""y_mg"":92,""z_mg"":988}"
48.359,right_hand,og,tilt,,"{""roll_deg"":5.7,""pitch_deg"":-5.6,""steady"":true}"
48.406,right_hand,og,acc,3106005,"{""seq"":2350,""x_mg"":72,""y_mg"":116,""z_mg"":968}"
48.406,right_hand,og,tilt,,"{""roll_deg"":5.7,""pitch_deg"":-5.6,""steady"":true}"
48.406,right_hand,og,acc,3106026,"{""seq"":2351,""x_mg"":100,""y_mg"":160,""z_mg"":960}"
48.406,right_hand,og,tilt,,"{""roll_deg"":5.8,""pitch_deg"":-5.6,""steady"":true}"
48.422,right_hand,og,acc,3106046,"{""seq"":2352,""x_mg"":116,""y_mg"":152,""z_mg"":1012}"
48.422,right_hand,og,tremor,,"{""rms_mg"":69.2,""peak_hz"":5.3}"
48.422,right_hand,og,tilt,,"{""roll_deg"":6.3,""pitch_deg"":-5.6,""steady"":true}"
48.453,right_hand,og,acc,3106067,"{""seq"":2353,""x_mg"":120,""y_mg"":156,""z_mg"":1032}"
48.453,right_hand,og,tilt,,"{""roll_deg"":6.9,""pitch_deg"":-5.6,""steady"":true}"
48.500,right_hand,og,acc,3106088,"{""seq"":2354,""x_mg"":128,""y_mg"":152,""z_mg"":980}"
48.500,right_hand,og,tilt,,"{""roll_deg"":7.5,""pitch_deg"":-5.5,""steady"":true}"
48.500,right_hand,og,acc,3106108,"{""seq"":2355,""x_mg"":108,""y_mg"":168,""z_mg"":944}"
48.500,right_hand,og,tilt,,"{""roll_deg"":8.0,""pitch_deg"":-5.2,""steady"":true}"
48.531,right_hand,og,acc,3106129,"{""seq"":2356,""x_mg"":72,""y_mg"":156,""z_mg"":964}"
48.531,right_hand,og,tilt,,"{""roll_deg"":8.6,""pitch_deg"":-5.0,""steady"":true}"
48.531,right_hand,og,acc,3106149,"{""seq"":2357,""x_mg"":20,""y_mg"":112,""z_mg"":1000}"
48.531,right_hand,og,tilt,,"{""roll_deg"":9.0,""pitch_deg"":-5.0,""steady"":true}"
48.562,right_hand,og,acc,3106170,"{""seq"":2358,""x_mg"":0,""y_mg"":64,""z_mg"":988}"
48.562,right_hand,og,tilt,,"{""roll_deg"":9.0,""pitch_deg"":-5.0,""steady"":true}"
48.578,right_hand,og,acc,3106190,"{""seq"":2359,""x_mg"":-44,""y_mg"":-4,""z_mg"":1000}"
48.578,right_hand,og,tilt,,"{""roll_deg"":9.0,""pitch_deg"":-5.1,""steady"":true}"
48.578,right_hand,og,acc,3106211,"{""seq"":2360,""x_mg"":-84,""y_mg"":-220,""z_mg"":876}"
48.578,right_hand,og,tilt,,"{""roll_deg"":8.5,""pitch_deg"":-6.3,""steady"":true}"
48.609,right_hand,og,acc,3106232,"{""seq"":2361,""x_mg"":-144,""y_mg"":-408,""z_mg"":1096}"
48.609,right_hand,og,tilt,,"{""roll_deg"":2.9,""pitch_deg"":-8.3,""steady"":true}"
48.641,right_hand,og,acc,3106252,"{""seq"":2362,""x_mg"":-92,""y_mg"":-128,""z_mg"":1056}"
48.641,right_hand,og,tilt,,"{""roll_deg"":-2.2,""pitch_deg"":-10.0,""steady"":true}"
48.672,right_hand,og,acc,3106273,"{""seq"":2363,""x_mg"":-68,""y_mg"":-72,""z_mg"":968}"
48.672,right_hand,og,tilt,,"{""roll_deg"":-3.1,""pitch_deg"":-11.2,""steady"":true}"
48.672,right_hand,og,acc,3106293,"{""seq"":2364,""x_mg"":-44,""y_mg"":-16,""z_mg"":892}"
48.672,right_hand,og,tilt,,"{""roll_deg"":-3.1,""pitch_deg"":-11.8,""steady"":true}"
48.703,right_hand,og,acc,3106314,"{""seq"":2365,""x_mg"":8,""y_mg"":-132,""z_mg"":976}"
48.703,right_hand,og,tilt,,"{""roll_deg"":-3.1,""pitch_deg"":-11.9,""steady"":true}"
48.734,right_hand,og,acc,3106334,"{""seq"":2366,""x_mg"":40,""y_mg"":-152,""z_mg"":1112}"
48.734,right_hand,og,tilt,,"{""roll_deg"":-3.3,""pitch_deg"":-11.9,""steady"":true}"
48.734,right_hand,og,acc,3106355,"{""seq"":2367,""x_mg"":52,""y_mg"":-116,""z_mg"":1092}"
48.734,right_hand,og,tilt,,"{""roll_deg"":-4.0,""pitch_deg"":-11.4,""steady"":true}"
48.766,right_hand,og,acc,3106376,"{""seq"":2368,""x_mg"":92,""y_mg"":-52,""z_mg"":996}"
48.766,right_hand,og,tilt,,"{""roll_deg"":-4.0,""pitch_deg"":-10.9,""steady"":true}"
48.797,right_hand,og,acc,3106396,"{""seq"":2369,""x_mg"":140,""y_mg"":44,""z_mg"":928}"
48.797,right_hand,og,tilt,,"{""roll_deg"":-4.0,""pitch_deg"":-10.4,""steady"":true}"
48.797,right_hand,og,acc,3106417,"{""seq"":2370,""x_mg"":132,""y_mg"":200,""z_mg"":880}"
48.797,right_hand,og,tilt,,"{""roll_deg"":-3.0,""pitch_deg"":-8.9,""steady"":true}"
48.812,right_hand,og,acc,3106437,"{""seq"":2371,""x_mg"":124,""y_mg"":324,""z_mg"":996}"
48.812,right_hand,og,tilt,,"{""roll_deg"":0.3,""pitch_deg"":-7.3,""steady"":true}"
48.844,right_hand,og,acc,3106458,"{""seq"":2372,""x_mg"":124,""y_mg"":352,""z_mg"":924}"
48.844,right_hand,og,tilt,,"{""roll_deg"":6.7,""pitch_deg"":-6.2,""steady"":true}"
48.875,right_hand,og,acc,3106478,"{""seq"":2373,""x_mg"":100,""y_mg"":288,""z_mg"":892}"
48.875,right_hand,og,tilt,,"{""roll_deg"":11.5,""pitch_deg"":-5.5,""steady"":true}"
48.875,right_hand,og,acc,3106499,"{""seq"":2374,""x_mg"":120,""y_mg"":152,""z_mg"":912}"
48.875,right_hand,og,tilt,,"{""roll_deg"":14.7,""pitch_deg"":-4.9,""steady"":true}"
48.906,right_hand,og,acc,3106519,"{""seq"":2375,""x_mg"":68,""y_mg"":84,""z_mg"":976}"
48.906,right_hand,og,tilt,,"{""roll_deg"":14.1,""pitch_deg"":-4.7,""steady"":true}"
48.937,right_hand,og,acc,3106540,"{""seq"":2376,""x_mg"":44,""y_mg"":56,""z_mg"":972}"
48.937,right_hand,og,tilt,,"{""roll_deg"":12.1,""pitch_deg"":-4.7,""steady"":true}"
48.937,right_hand,og,acc,3106561,"{""seq"":2377,""x_mg"":68,""y_mg"":20,""z_mg"":936}"
48.937,right_hand,og,tilt,,"{""roll_deg"":10.7,""pitch_deg"":-4.7,""steady"":true}"
48.969,right_hand,og,acc,3106581,"{""seq"":2378,""x_mg"":80,""y_mg"":20,""z_mg"":952}"
48.969,right_hand,og,tilt,,"{""roll_deg"":9.9,""pitch_deg"":-4.7,""steady"":true}"
48.969,right_hand,og,acc,3106602,"{""seq"":2379,""x_mg"":60,""y_mg"":48,""z_mg"":1056}"
48.969,right_hand,og,tilt,,"{""roll_deg"":9.3,""pitch_deg"":-4.7,""steady"":true}"
49.000,right_hand,og,acc,3106622,"{""seq"":2380,""x_mg"":40,""y_mg"":128,""z_mg"":1000}"
49.000,right_hand,og,tilt,,"{""roll_deg"":8.7,""pitch_deg"":-4.8,""steady"":true}"
49.031,right_hand,og,acc,3106643,"{""seq"":2381,""x_mg"":52,""y_mg"":168,""z_mg"":1032}"
49.031,right_hand,og,tilt,,"{""roll_deg"":8.7,""pitch_deg"":-5.0,""steady"":true}"
49.031,right_hand,og,acc,3106664,"{""seq"":2382,""x_mg"":28,""y_mg"":64,""z_mg"":1028}"
49.031,right_hand,og,tilt,,"{""roll_deg"":8.7,""pitch_deg"":-5.2,""steady"":true}"
49.062,right_hand,og,acc,3106684,"{""seq"":2383,""x_mg"":-16,""y_mg"":-44,""z_mg"":1124}"
49.062,right_hand,og,tilt,,"{""roll_deg"":8.5,""pitch_deg"":-5.4,""steady"":true}"
49.078,right_hand,og,acc,3106705,"{""seq"":2384,""x_mg"":-12,""y_mg"":-92,""z_mg"":1104}"
49.078,right_hand,og,tilt,,"{""roll_deg"":6.7,""pitch_deg"":-6.0,""steady"":true}"
49.109,right_hand,og,acc,3106725,"{""seq"":2385,""x_mg"":56,""y_mg"":0,""z_mg"":944}"
49.109,right_hand,og,tilt,,"{""roll_deg"":5.0,""pitch_deg"":-6.7,""steady"":true}"
49.141,right_hand,og,acc,3106746,"{""seq"":2386,""x_mg"":84,""y_mg"":140,""z_mg"":820}"
49.141,right_hand,og,tilt,,"{""roll_deg"":4.3,""pitch_deg"":-6.7,""steady"":true}"
49.141,right_hand,og,acc,3106766,"{""seq"":2387,""x_mg"":68,""y_mg"":276,""z_mg"":820}"
49.141,right_hand,og,tilt,,"{""roll_deg"":4.8,""pitch_deg"":-6.7,""steady"":true}"
49.172,right_hand,og,acc,3106787,"{""seq"":2388,""x_mg"":76,""y_mg"":172,""z_mg"":980}"
49.172,right_hand,og,tilt,,"{""roll_deg"":5.4,""pitch_deg"":-6.7,""steady"":true}"
49.187,right_hand,og,acc,3106807,"{""seq"":2389,""x_mg"":72,""y_mg"":20,""z_mg"":1072}"
49.187,right_hand,og,tilt,,"{""roll_deg"":6.0,""pitch_deg"":-6.7,""steady"":true}"
49.219,right_hand,og,acc,3106828,"{""seq"":2390,""x_mg"":48,""y_mg"":16,""z_mg"":1060}"
49.219,right_hand,og,tilt,,"{""roll_deg"":6.0,""pitch_deg"":-6.7,""steady"":true}"
49.219,right_hand,og,acc,3106849,"{""seq"":2391,""x_mg"":128,""y_mg"":20,""z_mg"":936}"
49.219,right_hand,og,tilt,,"{""roll_deg"":6.0,""pitch_deg"":-6.7,""steady"":true}"
49.250,right_hand,og,acc,3106869,"{""seq"":2392,""x_mg"":148,""y_mg"":96,""z_mg"":912}"
49.250,right_hand,og,tilt,,"{""roll_deg"":5.9,""pitch_deg"":-6.3,""steady"":true}"
49.281,right_hand,og,acc,3106890,"{""seq"":2393,""x_mg"":156,""y_mg"":44,""z_mg"":976}"
49.281,right_hand,og,tilt,,"{""roll_deg"":5.8,""pitch_deg"":-5.5,""steady"":true}"
49.312,right_hand,og,acc,3106910,"{""seq"":2394,""x_mg"":128,""y_mg"":-140,""z_mg"":1004}"
49.312,right_hand,og,tilt,,"{""roll_deg"":5.6,""pitch_deg"":-4.6,""steady"":true}"
49.312,right_hand,og,acc,3106931,"{""seq"":2395,""x_mg"":116,""y_mg"":16,""z_mg"":952}"
49.312,right_hand,og,tilt,,"{""roll_deg"":5.3,""pitch_deg"":-4.3,""steady"":true}"
49.344,right_hand,og,acc,3106951,"{""seq"":2396,""x_mg"":52,""y_mg"":120,""z_mg"":940}"
49.344,right_hand,og,tilt,,"{""roll_deg"":4.9,""pitch_deg"":-4.1,""steady"":true}"
49.344,right_hand,og,acc,3106972,"{""seq"":2397,""x_mg"":-12,""y_mg"":176,""z_mg"":984}"
49.344,right_hand,og,tilt,,"{""roll_deg"":4.9,""pitch_deg"":-4.1,""steady"":true}"
49.375,right_hand,og,acc,3106993,"{""seq"":2398,""x_mg"":-64,""y_mg"":136,""z_mg"":996}"
49.375,right_hand,og,tilt,,"{""roll_deg"":5.0,""pitch_deg"":-4.2,""steady"":true}"
49.406,right_hand,og,acc,3107013,"{""seq"":2399,""x_mg"":-92,""y_mg"":-176,""z_mg"":1084}"
49.406,right_hand,og,tilt,,"{""roll_deg"":5.5,""pitch_deg"":-5.5,""steady"":true}"
49.422,right_hand,og,acc,3107034,"{""seq"":2400,""x_mg"":-124,""y_mg"":-304,""z_mg"":1088}"
49.422,right_hand,og,tilt,,"{""roll_deg"":4.2,""pitch_deg"":-7.5,""steady"":true}"
49.437,right_hand,og,acc,3107054,"{""seq"":2401,""x_mg"":-52,""y_mg"":-192,""z_mg"":976}"
49.437,right_hand,og,tilt,,"{""roll_deg"":0.8,""pitch_deg"":-9.2,""steady"":true}"
49.469,right_hand,og,acc,3107075,"{""seq"":2402,""x_mg"":32,""y_mg"":-76,""z_mg"":864}"
49.469,right_hand,og,tilt,,"{""roll_deg"":-2.3,""pitch_deg"":-10.1,""steady"":true}"
49.469,right_hand,og,acc,3107095,"{""seq"":2403,""x_mg"":32,""y_mg"":0,""z_mg"":996}"
49.469,right_hand,og,tilt,,"{""roll_deg"":-2.4,""pitch_deg"":-10.1,""steady"":true}"
49.500,right_hand,og,acc,3107116,"{""seq"":2404,""x_mg"":80,""y_mg"":136,""z_mg"":1116}"
49.500,right_hand,og,tilt,,"{""roll_deg"":-2.1,""pitch_deg"":-9.9,""steady"":true}"
49.531,right_hand,og,acc,3107137,"{""seq"":2405,""x_mg"":192,""y_mg"":-4,""z_mg"":1088}"
49.531,right_hand,og,tilt,,"{""roll_deg"":-1.4,""pitch_deg"":-9.3,""steady"":true}"
49.547,right_hand,og,acc,3107157,"{""seq"":2406,""x_mg"":184,""y_mg"":-12,""z_mg"":992}"
49.547,right_hand,og,tilt,,"{""roll_deg"":-1.0,""pitch_deg"":-8.5,""steady"":true}"
49.578,right_hand,og,acc,3107178,"{""seq"":2407,""x_mg"":164,""y_mg"":16,""z_mg"":912}"
49.578,right_hand,og,tilt,,"{""roll_deg"":-0.7,""pitch_deg"":-6.9,""steady"":true}"
49.578,right_hand,og,acc,3107198,"{""seq"":2408,""x_mg"":120,""y_mg"":4,""z_mg"":892}"
49.578,right_hand,og,tilt,,"{""roll_deg"":-0.5,""pitch_deg"":-5.3,""steady"":true}"
49.609,right_hand,og,acc,3107219,"{""seq"":2409,""x_mg"":104,""y_mg"":8,""z_mg"":964}"
49.609,right_hand,og,tilt,,"{""roll_deg"":-0.4,""pitch_deg"":-4.6,""steady"":true}"
49.641,right_hand,og,acc,3107239,"{""seq"":2410,""x_mg"":116,""y_mg"":40,""z_mg"":964}"
49.641,right_hand,og,tilt,,"{""roll_deg"":-0.1,""pitch_deg"":-4.3,""steady"":true}"
49.641,right_hand,og,acc,3107260,"{""seq"":2411,""x_mg"":80,""y_mg"":68,""z_mg"":960}"
49.641,right_hand,og,tilt,,"{""roll_deg"":0.4,""pitch_deg"":-4.2,""steady"":true}"
49.656,right_hand,og,acc,3107281,"{""seq"":2412,""x_mg"":28,""y_mg"":116,""z_mg"":996}"
49.656,right_hand,og,tilt,,"{""roll_deg"":1.3,""pitch_deg"":-4.2,""steady"":true}"
49.687,right_hand,og,acc,3107301,"{""seq"":2413,""x_mg"":0,""y_mg"":92,""z_mg"":976}"
49.687,right_hand,og,tilt,,"{""roll_deg"":2.5,""pitch_deg"":-4.2,""steady"":true}"
49.703,right_hand,og,acc,3107322,"{""seq"":2414,""x_mg"":-16,""y_mg"":32,""z_mg"":904}"
49.703,right_hand,og,tilt,,"{""roll_deg"":3.6,""pitch_deg"":-4.6,""steady"":true}"
49.734,right_hand,og,acc,3107342,"{""seq"":2415,""x_mg"":-44,""y_mg"":-80,""z_mg"":1008}"
49.734,right_hand,og,tilt,,"{""roll_deg"":3.6,""pitch_deg"":-5.3,""steady"":true}"
49.766,right_hand,og,acc,3107363,"{""seq"":2416,""x_mg"":-108,""y_mg"":-188,""z_mg"":1140}"
49.766,right_hand,og,tilt,,"{""roll_deg"":3.4,""pitch_deg"":-6.5,""steady"":true}"
49.766,right_hand,og,acc,3107383,"{""seq"":2417,""x_mg"":-144,""y_mg"":-172,""z_mg"":1176}"
49.766,right_hand,og,tilt,,"{""roll_deg"":2.5,""pitch_deg"":-8.5,""steady"":true}"
49.797,right_hand,og,acc,3107404,"{""seq"":2418,""x_mg"":-28,""y_mg"":-240,""z_mg"":1052}"
49.797,right_hand,og,tilt,,"{""roll_deg"":0.6,""pitch_deg"":-10.2,""steady"":true}"
49.812,right_hand,og,acc,3107424,"{""seq"":2419,""x_mg"":4,""y_mg"":-100,""z_mg"":984}"
49.812,right_hand,og,tilt,,"{""roll_deg"":-1.0,""pitch_deg"":-10.4,""steady"":true}"
49.844,right_hand,og,acc,3107445,"{""seq"":2420,""x_mg"":-8,""y_mg"":-60,""z_mg"":876}"
49.844,right_hand,og,tilt,,"{""roll_deg"":-1.6,""pitch_deg"":-10.4,""steady"":true}"
49.844,right_hand,og,acc,3107466,"{""seq"":2421,""x_mg"":-20,""y_mg"":-64,""z_mg"":860}"
49.844,right_hand,og,tilt,,"{""roll_deg"":-1.7,""pitch_deg"":-10.4,""steady"":true}"
49.875,right_hand,og,acc,3107486,"{""seq"":2422,""x_mg"":-12,""y_mg"":-44,""z_mg"":964}"
49.875,right_hand,og,tilt,,"{""roll_deg"":-1.7,""pitch_deg"":-10.4,""steady"":true}"
49.906,right_hand,og,acc,3107507,"{""seq"":2423,""x_mg"":-12,""y_mg"":100,""z_mg"":1132}"
49.906,right_hand,og,tilt,,"{""roll_deg"":-1.7,""pitch_deg"":-10.4,""steady"":true}"
49.906,right_hand,og,acc,3107527,"{""seq"":2424,""x_mg"":84,""y_mg"":84,""z_mg"":1100}"
49.906,right_hand,og,tilt,,"{""roll_deg"":-1.6,""pitch_deg"":-10.4,""steady"":true}"
49.937,right_hand,og,acc,3107548,"{""seq"":2425,""x_mg"":84,""y_mg"":48,""z_mg"":1016}"
49.937,right_hand,og,tilt,,"{""roll_deg"":-0.6,""pitch_deg"":-10.4,""steady"":true}"
49.969,right_hand,og,acc,3107568,"{""seq"":2426,""x_mg"":132,""y_mg"":60,""z_mg"":964}"
49.969,right_hand,og,tilt,,"{""roll_deg"":0.4,""pitch_deg"":-10.0,""steady"":true}"
49.969,right_hand,og,acc,3107589,"{""seq"":2427,""x_mg"":120,""y_mg"":32,""z_mg"":1028}"
49.969,right_hand,og,tilt,,"{""roll_deg"":1.1,""pitch_deg"":-9.0,""steady"":true}"
50.000,right_hand,og,acc,3107610,"{""seq"":2428,""x_mg"":76,""y_mg"":28,""z_mg"":992}"
50.000,right_hand,og,tilt,,"{""roll_deg"":1.6,""pitch_deg"":-7.9,""steady"":true}"
50.031,right_hand,og,acc,3107630,"{""seq"":2429,""x_mg"":116,""y_mg"":-100,""z_mg"":996}"
50.031,right_hand,og,tilt,,"{""roll_deg"":1.9,""pitch_deg"":-7.0,""steady"":true}"
50.031,right_hand,og,acc,3107651,"{""seq"":2430,""x_mg"":76,""y_mg"":-24,""z_mg"":1048}"
50.031,right_hand,og,tilt,,"{""roll_deg"":1.9,""pitch_deg"":-6.7,""steady"":true}"
50.062,right_hand,og,acc,3107671,"{""seq"":2431,""x_mg"":40,""y_mg"":56,""z_mg"":1060}"
50.062,right_hand,og,tilt,,"{""roll_deg"":1.9,""pitch_deg"":-6.6,""steady"":true}"
50.062,right_hand,og,acc,3107692,"{""seq"":2432,""x_mg"":32,""y_mg"":64,""z_mg"":1012}"
50.062,right_hand,og,tilt,,"{""roll_deg"":1.9,""pitch_deg"":-6.6,""steady"":true}"
50.109,right_hand,og,acc,3107712,"{""seq"":2433,""x_mg"":8,""y_mg"":4,""z_mg"":928}"
50.109,right_hand,og,tilt,,"{""roll_deg"":2.4,""pitch_deg"":-6.6,""steady"":true}"
50.141,right_hand,og,acc,3107733,"{""seq"":2434,""x_mg"":12,""y_mg"":-52,""z_mg"":924}"
50.141,right_hand,og,tilt,,"{""roll_deg"":2.4,""pitch_deg"":-6.6,""steady"":true}"
50.141,right_hand,og,acc,3107754,"{""seq"":2435,""x_mg"":48,""y_mg"":-124,""z_mg"":936}"
50.141,right_hand,og,tilt,,"{""roll_deg"":2.4,""pitch_deg"":-6.7,""steady"":true}"
50.172,right_hand,og,acc,3107774,"{""seq"":2436,""x_mg"":72,""y_mg"":-140,""z_mg"":972}"
50.172,right_hand,og,tilt,,"{""roll_deg"":1.7,""pitch_deg"":-6.7,""steady"":true}"
50.172,right_hand,og,acc,3107795,"{""seq"":2437,""x_mg"":96,""y_mg"":-88,""z_mg"":980}"
50.172,right_hand,og,tilt,,"{""roll_deg"":0.5,""pitch_deg"":-6.7,""steady"":true}"
50.203,right_hand,og,acc,3107815,"{""seq"":2438,""x_mg"":144,""y_mg"":-52,""z_mg"":964}"
50.203,right_hand,og,tilt,,"{""roll_deg"":-0.2,""pitch_deg"":-6.7,""steady"":true}"
50.234,right_hand,og,acc,3107836,"{""seq"":2439,""x_mg"":164,""y_mg"":-56,""z_mg"":916}"
50.234,right_hand,og,tilt,,"{""roll_deg"":-0.4,""pitch_deg"":-6.0,""steady"":true}"
50.234,right_hand,og,acc,3107856,"{""seq"":2440,""x_mg"":160,""y_mg"":-48,""z_mg"":932}"
50.234,right_hand,og,tilt,,"{""roll_deg"":-0.5,""pitch_deg"":-4.8,""steady"":true}"
50.266,right_hand,og,acc,3107877,"{""seq"":2441,""x_mg"":156,""y_mg"":-40,""z_mg"":980}"
50.266,right_hand,og,tilt,,"{""roll_deg"":-0.5,""pitch_deg"":-3.8,""steady"":true}"
50.281,right_hand,og,acc,3107897,"{""seq"":2442,""x_mg"":116,""y_mg"":4,""z_mg"":1028}"
50.281,right_hand,og,tilt,,"{""roll_deg"":-0.5,""pitch_deg"":-3.1,""steady"":true}"
50.312,right_hand,og,acc,3107918,"{""seq"":2443,""x_mg"":104,""y_mg"":40,""z_mg"":1016}"
50.312,right_hand,og,tilt,,"{""roll_deg"":-0.5,""pitch_deg"":-3.1,""steady"":true}"
50.344,right_hand,og,acc,3107939,"{""seq"":2444,""x_mg"":80,""y_mg"":44,""z_mg"":984}"
50.344,right_hand,og,tilt,,"{""roll_deg"":-0.5,""pitch_deg"":-3.1,""steady"":true}"
50.344,right_hand,og,acc,3107959,"{""seq"":2445,""x_mg"":84,""y_mg"":16,""z_mg"":980}"
50.344,right_hand,og,tilt,,"{""roll_deg"":-0.1,""pitch_deg"":-3.1,""steady"":true}"
50.375,right_hand,og,acc,3107980,"{""seq"":2446,""x_mg"":80,""y_mg"":-4,""z_mg"":992}"
50.375,right_hand,og,tilt,,"{""roll_deg"":0.3,""pitch_deg"":-3.2,""steady"":true}"
50.375,right_hand,og,acc,3108000,"{""seq"":2447,""x_mg"":68,""y_mg"":-12,""z_mg"":988}"
50.375,right_hand,og,tilt,,"{""roll_deg"":0.4,""pitch_deg"":-3.4,""steady"":true}"
50.406,right_hand,og,acc,3108021,"{""seq"":2448,""x_mg"":76,""y_mg"":-20,""z_mg"":988}"
50.406,right_hand,og,tilt,,"{""roll_deg"":0.4,""pitch_deg"":-3.5,""steady"":true}"
50.437,right_hand,og,acc,3108041,"{""seq"":2449,""x_mg"":48,""y_mg"":-36,""z_mg"":1000}"
50.437,right_hand,og,tilt,,"{""roll_deg"":0.4,""pitch_deg"":-3.6,""steady"":true}"
50.437,right_hand,og,acc,3108062,"{""seq"":2450,""x_mg"":52,""y_mg"":-20,""z_mg"":1000}"
50.437,right_hand,og,tremor,,"{""rms_mg"":76.0,""peak_hz"":5.5}"
50.437,right_hand,og,tilt,,"{""roll_deg"":0.4,""pitch_deg"":-3.9,""steady"":true}"
50.469,right_hand,og,acc,3108083,"{""seq"":2451,""x_mg"":44,""y_mg"":8,""z_mg"":1004}"
50.469,right_hand,og,tilt,,"{""roll_deg"":0.4,""pitch_deg"":-4.2,""steady"":true}"
50.484,right_hand,og,acc,3108103,"{""seq"":2452,""x_mg"":60,""y_mg"":-12,""z_mg"":1016}"
50.484,right_hand,og,tilt,,"{""roll_deg"":0.4,""pitch_deg"":-4.5,""steady"":true}"
50.516,right_hand,og,acc,3108124,"{""seq"":2453,""x_mg"":80,""y_mg"":-24,""z_mg"":996}"
50.516,right_hand,og,tilt,,"{""roll_deg"":0.5,""pitch_deg"":-4.7,""steady"":true}"
50.516,right_hand,og,acc,3108144,"{""seq"":2454,""x_mg"":56,""y_mg"":-44,""z_mg"":984}"
50.516,right_hand,og,tilt,,"{""roll_deg"":0.5,""pitch_deg"":-4.9,""steady"":true}"
50.547,right_hand,og,acc,3108165,"{""seq"":2455,""x_mg"":56,""y_mg"":-40,""z_mg"":980}"
50.547,right_hand,og,tilt,,"{""roll_deg"":0.5,""pitch_deg"":-5.1,""steady"":true}"
50.562,right_hand,og,acc,3108185,"{""seq"":2456,""x_mg"":52,""y_mg"":-16,""z_mg"":1024}"
50.562,right_hand,og,tilt,,"{""roll_deg"":0.5,""pitch_deg"":-5.3,""steady"":true}"
50.594,right_hand,og,acc,3108206,"{""seq"":2457,""x_mg"":40,""y_mg"":-12,""z_mg"":1048}"
50.594,right_hand,og,tilt,,"{""roll_deg"":0.5,""pitch_deg"":-5.4,""steady"":true}"
50.625,right_hand,og,acc,3108227,"{""seq"":2458,""x_mg"":52,""y_mg"":-8,""z_mg"":984}"
50.625,right_hand,og,tilt,,"{""roll_deg"":0.5,""pitch_deg"":-5.6,""steady"":true}"
50.625,right_hand,og,acc,3108247,"{""seq"":2459,""x_mg"":64,""y_mg"":-24,""z_mg"":952}"
50.625,right_hand,og,tilt,,"{""roll_deg"":0.5,""pitch_deg"":-5.7,""steady"":true}"
50.656,right_hand,og,acc,3108268,"{""seq"":2460,""x_mg"":60,""y_mg"":-16,""z_mg"":988}"
50.656,right_hand,og,tilt,,"{""roll_deg"":0.5,""pitch_deg"":-5.7,""steady"":true}"
50.687,right_hand,og,acc,3108288,"{""seq"":2461,""x_mg"":56,""y_mg"":8,""z_mg"":1000}"
50.687,right_hand,og,tilt,,"{""roll_deg"":0.5,""pitch_deg"":-5.8,""steady"":true}"
50.687,right_hand,og,acc,3108309,"{""seq"":2462,""x_mg"":72,""y_mg"":12,""z_mg"":996}"
50.687,right_hand,og,tilt,,"{""roll_deg"":0.5,""pitch_deg"":-5.8,""steady"":true}"
50.719,right_hand,og,acc,3108329,"{""seq"":2463,""x_mg"":80,""y_mg"":24,""z_mg"":964}"
50.719,right_hand,og,tilt,,"{""roll_deg"":0.7,""pitch_deg"":-5.8,""steady"":true}"
50.750,right_hand,og,acc,3108350,"{""seq"":2464,""x_mg"":96,""y_mg"":8,""z_mg"":924}"
50.750,right_hand,og,tilt,,"{""roll_deg"":0.9,""pitch_deg"":-5.8,""steady"":true}"
50.750,right_hand,og,acc,3108371,"{""seq"":2465,""x_mg"":88,""y_mg"":20,""z_mg"":956}"
50.750,right_hand,og,tilt,,"{""roll_deg"":1.1,""pitch_deg"":-5.8,""steady"":true}"
50.781,right_hand,og,acc,3108391,"{""seq"":2466,""x_mg"":64,""y_mg"":12,""z_mg"":1012}"
50.781,right_hand,og,tilt,,"{""roll_deg"":1.2,""pitch_deg"":-5.8,""steady"":true}"
50.812,right_hand,og,acc,3108412,"{""seq"":2467,""x_mg"":44,""y_mg"":16,""z_mg"":1040}"
50.812,right_hand,og,tilt,,"{""roll_deg"":1.4,""pitch_deg"":-5.8,""steady"":true}"
50.812,right_hand,og,acc,3108432,"{""seq"":2468,""x_mg"":48,""y_mg"":4,""z_mg"":1020}"
50.812,right_hand,og,tilt,,"{""roll_deg"":1.5,""pitch_deg"":-5.8,""steady"":true}"
50.844,right_hand,og,acc,3108453,"{""seq"":2469,""x_mg"":40,""y_mg"":8,""z_mg"":992}"
50.844,right_hand,og,tilt,,"{""roll_deg"":1.6,""pitch_deg"":-5.8,""steady"":true}"
50.844,right_hand,og,acc,3108473,"{""seq"":2470,""x_mg"":52,""y_mg"":-16,""z_mg"":1004}"
50.844,right_hand,og,tilt,,"{""roll_deg"":1.6,""pitch_deg"":-5.8,""steady"":true}"
50.875,right_hand,og,acc,3108494,"{""seq"":2471,""x_mg"":52,""y_mg"":-24,""z_mg"":1012}"
50.875,right_hand,og,tilt,,"{""roll_deg"":1.6,""pitch_deg"":-5.8,""steady"":true}"
50.891,right_hand,og,acc,3108515,"{""seq"":2472,""x_mg"":32,""y_mg"":12,""z_mg"":1016}"
50.891,right_hand,og,tilt,,"{""roll_deg"":1.6,""pitch_deg"":-5.9,""steady"":true}"
50.922,right_hand,og,acc,3108535,"{""seq"":2473,""x_mg"":28,""y_mg"":-16,""z_mg"":1020}"
50.922,right_hand,og,tilt,,"{""roll_deg"":1.6,""pitch_deg"":-6.1,""steady"":true}"
50.953,right_hand,og,acc,3108556,"{""seq"":2474,""x_mg"":48,""y_mg"":-8,""z_mg"":1028}"
50.953,right_hand,og,tilt,,"{""roll_deg"":1.6,""pitch_deg"":-6.3,""steady"":true}"
50.953,right_hand,og,acc,3108576,"{""seq"":2475,""x_mg"":60,""y_mg"":4,""z_mg"":984}"
50.953,right_hand,og,tilt,,"{""roll_deg"":1.6,""pitch_deg"":-6.3,""steady"":true}"
50.984,right_hand,og,acc,3108597,"{""seq"":2476,""x_mg"":68,""y_mg"":8,""z_mg"":980}"
50.984,right_hand,og,tilt,,"{""roll_deg"":1.6,""pitch_deg"":-6.3,""steady"":true}"
50.984,right_hand,og,acc,3108617,"{""seq"":2477,""x_mg"":68,""y_mg"":8,""z_mg"":964}"
50.984,right_hand,og,tilt,,"{""roll_deg"":1.6,""pitch_deg"":-6.3,""steady"":true}"
51.031,right_hand,og,acc,3108638,"{""seq"":2478,""x_mg"":68,""y_mg"":-12,""z_mg"":948}"
51.031,right_hand,og,tilt,,"{""roll_deg"":1.6,""pitch_deg"":-6.3,""steady"":true}"
51.062,right_hand,og,acc,3108658,"{""seq"":2479,""x_mg"":68,""y_mg"":4,""z_mg"":968}"
51.062,right_hand,og,tilt,,"{""roll_deg"":1.6,""pitch_deg"":-6.3,""steady"":true}"
51.062,right_hand,og,acc,3108679,"{""seq"":2480,""x_mg"":68,""y_mg"":-4,""z_mg"":988}"
51.062,right_hand,og,tilt,,"{""roll_deg"":1.6,""pitch_deg"":-6.3,""steady"":true}"
51.078,right_hand,og,acc,3108700,"{""seq"":2481,""x_mg"":52,""y_mg"":16,""z_mg"":1012}"
51.078,right_hand,og,tilt,,"{""roll_deg"":1.6,""pitch_deg"":-6.3,""steady"":true}"
51.094,right_hand,og,acc,3108720,"{""seq"":2482,""x_mg"":56,""y_mg"":8,""z_mg"":1004}"
51.094,right_hand,og,tilt,,"{""roll_deg"":1.6,""pitch_deg"":-6.3,""steady"":true}"
51.125,right_hand,og,acc,3108741,"{""seq"":2483,""x_mg"":52,""y_mg"":-12,""z_mg"":988}"
51.125,right_hand,og,tilt,,"{""roll_deg"":1.6,""pitch_deg"":-6.3,""steady"":true}"
51.172,right_hand,og,acc,3108761,"{""seq"":2484,""x_mg"":36,""y_mg"":-8,""z_mg"":1004}"
51.172,right_hand,og,tilt,,"{""roll_deg"":1.6,""pitch_deg"":-6.3,""steady"":true}"
51.172,right_hand,og,acc,3108782,"{""seq"":2485,""x_mg"":32,""y_mg"":8,""z_mg"":1004}"
51.172,right_hand,og,tilt,,"{""roll_deg"":1.6,""pitch_deg"":-6.3,""steady"":true}"
51.203,right_hand,og,acc,3108802,"{""seq"":2486,""x_mg"":64,""y_mg"":8,""z_mg"":1024}"
51.203,right_hand,og,tilt,,"{""roll_deg"":1.6,""pitch_deg"":-6.3,""steady"":true}"
51.203,right_hand,og,acc,3108823,"{""seq"":2487,""x_mg"":72,""y_mg"":12,""z_mg"":992}"
51.203,right_hand,og,tilt,,"{""roll_deg"":1.6,""pitch_deg"":-6.3,""steady"":true}"
51.234,right_hand,og,acc,3108844,"{""seq"":2488,""x_mg"":64,""y_mg"":12,""z_mg"":976}"
51.234,right_hand,og,tilt,,"{""roll_deg"":1.6,""pitch_deg"":-6.3,""steady"":true}"
51.266,right_hand,og,acc,3108864,"{""seq"":2489,""x_mg"":76,""y_mg"":16,""z_mg"":976}"
51.266,right_hand,og,tilt,,"{""roll_deg"":1.6,""pitch_deg"":-6.3,""steady"":true}"
51.266,right_hand,og,acc,3108885,"{""seq"":2490,""x_mg"":52,""y_mg"":32,""z_mg"":984}"
51.266,right_hand,og,tilt,,"{""roll_deg"":1.7,""pitch_deg"":-6.3,""steady"":true}"
51.297,right_hand,og,acc,3108905,"{""seq"":2491,""x_mg"":36,""y_mg"":24,""z_mg"":964}"
51.297,right_hand,og,tilt,,"{""roll_deg"":1.8,""pitch_deg"":-6.3,""steady"":true}"
51.328,right_hand,og,acc,3108926,"{""seq"":2492,""x_mg"":36,""y_mg"":12,""z_mg"":1008}"
51.328,right_hand,og,tilt,,"{""roll_deg"":1.9,""pitch_deg"":-6.3,""steady"":true}"
51.328,right_hand,og,acc,3108946,"{""seq"":2493,""x_mg"":36,""y_mg"":8,""z_mg"":1032}"
51.328,right_hand,og,tilt,,"{""roll_deg"":2.0,""pitch_deg"":-6.3,""steady"":true}"
51.359,right_hand,og,acc,3108967,"{""seq"":2494,""x_mg"":36,""y_mg"":12,""z_mg"":1008}"
51.359,right_hand,og,tilt,,"{""roll_deg"":2.0,""pitch_deg"":-6.4,""steady"":true}"
51.391,right_hand,og,acc,3108988,"{""seq"":2495,""x_mg"":52,""y_mg"":12,""z_mg"":1008}"
51.391,right_hand,og,tilt,,"{""roll_deg"":2.0,""pitch_deg"":-6.5,""steady"":true}"
51.391,right_hand,og,acc,3109008,"{""seq"":2496,""x_mg"":56,""y_mg"":-4,""z_mg"":996}"
51.391,right_hand,og,tilt,,"{""roll_deg"":2.0,""pitch_deg"":-6.5,""steady"":true}"
51.422,right_hand,og,acc,3109029,"{""seq"":2497,""x_mg"":48,""y_mg"":4,""z_mg"":972}"
51.422,right_hand,og,tilt,,"{""roll_deg"":2.0,""pitch_deg"":-6.5,""steady"":true}"
51.453,right_hand,og,acc,3109049,"{""seq"":2498,""x_mg"":56,""y_mg"":-8,""z_mg"":988}"
51.453,right_hand,og,tilt,,"{""roll_deg"":2.0,""pitch_deg"":-6.5,""steady"":true}"
51.453,right_hand,og,acc,3109070,"{""seq"":2499,""x_mg"":60,""y_mg"":0,""z_mg"":1000}"
51.453,right_hand,og,tilt,,"{""roll_deg"":2.0,""pitch_deg"":-6.5,""steady"":true}"
51.484,right_hand,og,acc,3109090,"{""seq"":2500,""x_mg"":56,""y_mg"":12,""z_mg"":968}"
51.484,right_hand,og,tilt,,"{""roll_deg"":2.0,""pitch_deg"":-6.5,""steady"":true}"
51.516,right_hand,og,acc,3109111,"{""seq"":2501,""x_mg"":60,""y_mg"":16,""z_mg"":976}"
51.516,right_hand,og,tilt,,"{""roll_deg"":2.0,""pitch_deg"":-6.5,""steady"":true}"
51.516,right_hand,og,acc,3109132,"{""seq"":2502,""x_mg"":64,""y_mg"":16,""z_mg"":972}"
51.516,right_hand,og,tilt,,"{""roll_deg"":2.0,""pitch_deg"":-6.5,""steady"":true}"
51.531,right_hand,og,acc,3109152,"{""seq"":2503,""x_mg"":56,""y_mg"":36,""z_mg"":972}"
51.531,right_hand,og,tilt,,"{""roll_deg"":2.0,""pitch_deg"":-6.5,""steady"":true}"
51.562,right_hand,og,acc,3109173,"{""seq"":2504,""x_mg"":52,""y_mg"":20,""z_mg"":996}"
51.562,right_hand,og,tilt,,"{""roll_deg"":2.0,""pitch_deg"":-6.5,""steady"":true}"
51.594,right_hand,og,acc,3109193,"{""seq"":2505,""x_mg"":36,""y_mg"":20,""z_mg"":992}"
51.594,right_hand,og,tilt,,"{""roll_deg"":2.1,""pitch_deg"":-6.5,""steady"":true}"
51.594,right_hand,og,acc,3109214,"{""seq"":2506,""x_mg"":40,""y_mg"":20,""z_mg"":1000}"
51.594,right_hand,og,tilt,,"{""roll_deg"":2.1,""pitch_deg"":-6.5,""steady"":true}"
51.609,right_hand,og,acc,3109234,"{""seq"":2507,""x_mg"":44,""y_mg"":20,""z_mg"":1012}"
51.609,right_hand,og,tilt,,"{""roll_deg"":2.2,""pitch_deg"":-6.5,""steady"":true}"
51.641,right_hand,og,acc,3109255,"{""seq"":2508,""x_mg"":44,""y_mg"":8,""z_mg"":988}"
51.641,right_hand,og,tilt,,"{""roll_deg"":2.2,""pitch_deg"":-6.5,""steady"":true}"
51.672,right_hand,og,acc,3109276,"{""seq"":2509,""x_mg"":48,""y_mg"":12,""z_mg"":988}"
51.672,right_hand,og,tilt,,"{""roll_deg"":2.2,""pitch_deg"":-6.5,""steady"":true}"
51.672,right_hand,og,acc,3109296,"{""seq"":2510,""x_mg"":52,""y_mg"":4,""z_mg"":1004}"
51.672,right_hand,og,tilt,,"{""roll_deg"":2.2,""pitch_deg"":-6.5,""steady"":true}"
51.703,right_hand,og,acc,3109317,"{""seq"":2511,""x_mg"":48,""y_mg"":8,""z_mg"":980}"
51.703,right_hand,og,tilt,,"{""roll_deg"":2.2,""pitch_deg"":-6.5,""steady"":true}"
51.734,right_hand,og,acc,3109337,"{""seq"":2512,""x_mg"":60,""y_mg"":12,""z_mg"":984}"
51.734,right_hand,og,tilt,,"{""roll_deg"":2.2,""pitch_deg"":-6.5,""steady"":true}"
51.734,right_hand,og,acc,3109358,"{""seq"":2513,""x_mg"":60,""y_mg"":24,""z_mg"":988}"
51.734,right_hand,og,tilt,,"{""roll_deg"":2.2,""pitch_deg"":-6.5,""steady"":true}"
51.766,right_hand,og,acc,3109378,"{""seq"":2514,""x_mg"":56,""y_mg"":24,""z_mg"":988}"
51.766,right_hand,og,tilt,,"{""roll_deg"":2.2,""pitch_deg"":-6.5,""steady"":true}"
51.797,right_hand,og,acc,3109399,"{""seq"":2515,""x_mg"":60,""y_mg"":24,""z_mg"":972}"
51.797,right_hand,og,tilt,,"{""roll_deg"":2.2,""pitch_deg"":-6.5,""steady"":true}"
51.797,right_hand,og,acc,3109420,"{""seq"":2516,""x_mg"":60,""y_mg"":4,""z_mg"":988}"
51.797,right_hand,og,tilt,,"{""roll_deg"":2.3,""pitch_deg"":-6.5,""steady"":true}"
51.828,right_hand,og,acc,3109440,"{""seq"":2517,""x_mg"":72,""y_mg"":16,""z_mg"":980}"
51.828,right_hand,og,tilt,,"{""roll_deg"":2.3,""pitch_deg"":-6.5,""steady"":true}"
51.859,right_hand,og,acc,3109461,"{""seq"":2518,""x_mg"":60,""y_mg"":20,""z_mg"":960}"
51.859,right_hand,og,tilt,,"{""roll_deg"":2.3,""pitch_deg"":-6.5,""steady"":true}"
51.859,right_hand,og,acc,3109481,"{""seq"":2519,""x_mg"":60,""y_mg"":28,""z_mg"":988}"
51.859,right_hand,og,tilt,,"{""roll_deg"":2.3,""pitch_deg"":-6.5,""steady"":true}"
51.891,right_hand,og,acc,3109502,"{""seq"":2520,""x_mg"":56,""y_mg"":16,""z_mg"":992}"
51.891,right_hand,og,tilt,,"{""roll_deg"":2.4,""pitch_deg"":-6.5,""steady"":true}"
51.891,right_hand,og,acc,3109522,"{""seq"":2521,""x_mg"":56,""y_mg"":16,""z_mg"":996}"
51.891,right_hand,og,tilt,,"{""roll_deg"":2.4,""pitch_deg"":-6.5,""steady"":true}"
51.937,right_hand,og,acc,3109543,"{""seq"":2522,""x_mg"":60,""y_mg"":24,""z_mg"":992}"
51.937,right_hand,og,tilt,,"{""roll_deg"":2.4,""pitch_deg"":-6.5,""steady"":true}"
51.953,right_hand,og,acc,3109563,"{""seq"":2523,""x_mg"":44,""y_mg"":16,""z_mg"":992}"
51.953,right_hand,og,tilt,,"{""roll_deg"":2.4,""pitch_deg"":-6.5,""steady"":true}"
51.984,right_hand,og,acc,3109584,"{""seq"":2524,""x_mg"":48,""y_mg"":8,""z_mg"":988}"
51.984,right_hand,og,tilt,,"{""roll_deg"":2.4,""pitch_deg"":-6.5,""steady"":true}"
51.984,right_hand,og,acc,3109605,"{""seq"":2525,""x_mg"":48,""y_mg"":8,""z_mg"":1000}"
51.984,right_hand,og,tilt,,"{""roll_deg"":2.4,""pitch_deg"":-6.5,""steady"":true}"
52.016,right_hand,og,acc,3109625,"{""seq"":2526,""x_mg"":44,""y_mg"":8,""z_mg"":1016}"
52.016,right_hand,og,tilt,,"{""roll_deg"":2.4,""pitch_deg"":-6.5,""steady"":true}"
52.047,right_hand,og,acc,3109646,"{""seq"":2527,""x_mg"":40,""y_mg"":16,""z_mg"":1008}"
52.047,right_hand,og,tilt,,"{""roll_deg"":2.4,""pitch_deg"":-6.5,""steady"":true}"
52.047,right_hand,og,acc,3109666,"{""seq"":2528,""x_mg"":44,""y_mg"":8,""z_mg"":1000}"
52.047,right_hand,og,tilt,,"{""roll_deg"":2.4,""pitch_deg"":-6.5,""steady"":true}"
52.078,right_hand,og,acc,3109687,"{""seq"":2529,""x_mg"":60,""y_mg"":12,""z_mg"":980}"
52.078,right_hand,og,tilt,,"{""roll_deg"":2.4,""pitch_deg"":-6.5,""steady"":true}"
52.094,,game,brick,,"{""n"":21}"
52.109,right_hand,og,acc,3109707,"{""seq"":2530,""x_mg"":48,""y_mg"":8,""z_mg"":996}"
52.109,right_hand,og,tilt,,"{""roll_deg"":2.4,""pitch_deg"":-6.5,""steady"":true}"
52.109,right_hand,og,acc,3109728,"{""seq"":2531,""x_mg"":60,""y_mg"":16,""z_mg"":992}"
52.109,right_hand,og,tilt,,"{""roll_deg"":2.4,""pitch_deg"":-6.5,""steady"":true}"
52.125,right_hand,og,acc,3109749,"{""seq"":2532,""x_mg"":60,""y_mg"":16,""z_mg"":980}"
52.125,right_hand,og,tilt,,"{""roll_deg"":2.4,""pitch_deg"":-6.5,""steady"":true}"
52.156,right_hand,og,acc,3109769,"{""seq"":2533,""x_mg"":60,""y_mg"":-4,""z_mg"":984}"
52.156,right_hand,og,tilt,,"{""roll_deg"":2.4,""pitch_deg"":-6.5,""steady"":true}"
52.187,right_hand,og,acc,3109790,"{""seq"":2534,""x_mg"":64,""y_mg"":-20,""z_mg"":980}"
52.187,right_hand,og,tilt,,"{""roll_deg"":2.4,""pitch_deg"":-6.5,""steady"":true}"
52.187,right_hand,og,acc,3109810,"{""seq"":2535,""x_mg"":68,""y_mg"":4,""z_mg"":1000}"
52.187,right_hand,og,tilt,,"{""roll_deg"":2.4,""pitch_deg"":-6.5,""steady"":true}"
52.219,right_hand,og,acc,3109831,"{""seq"":2536,""x_mg"":72,""y_mg"":24,""z_mg"":984}"
52.219,right_hand,og,tilt,,"{""roll_deg"":2.4,""pitch_deg"":-6.5,""steady"":true}"
52.250,right_hand,og,acc,3109851,"{""seq"":2537,""x_mg"":68,""y_mg"":16,""z_mg"":976}"
52.250,right_hand,og,tilt,,"{""roll_deg"":2.4,""pitch_deg"":-6.5,""steady"":true}"
52.250,right_hand,og,acc,3109872,"{""seq"":2538,""x_mg"":60,""y_mg"":48,""z_mg"":992}"
52.250,right_hand,og,tilt,,"{""roll_deg"":2.4,""pitch_deg"":-6.5,""steady"":true}"
52.281,right_hand,og,acc,3109893,"{""seq"":2539,""x_mg"":52,""y_mg"":36,""z_mg"":992}"
52.281,right_hand,og,tilt,,"{""roll_deg"":2.4,""pitch_deg"":-6.5,""steady"":true}"
52.312,right_hand,og,acc,3109913,"{""seq"":2540,""x_mg"":64,""y_mg"":56,""z_mg"":980}"
52.312,right_hand,og,tilt,,"{""roll_deg"":2.4,""pitch_deg"":-6.5,""steady"":true}"
52.312,right_hand,og,acc,3109934,"{""seq"":2541,""x_mg"":60,""y_mg"":32,""z_mg"":988}"
52.312,right_hand,og,tilt,,"{""roll_deg"":2.5,""pitch_deg"":-6.5,""steady"":true}"
52.344,right_hand,og,acc,3109954,"{""seq"":2542,""x_mg"":52,""y_mg"":20,""z_mg"":992}"
52.344,right_hand,og,tilt,,"{""roll_deg"":2.6,""pitch_deg"":-6.5,""steady"":true}"
52.375,right_hand,og,acc,3109975,"{""seq"":2543,""x_mg"":48,""y_mg"":28,""z_mg"":988}"
52.375,right_hand,og,tilt,,"{""roll_deg"":2.7,""pitch_deg"":-6.5,""steady"":true}"
52.375,right_hand,og,acc,3109995,"{""seq"":2544,""x_mg"":48,""y_mg"":24,""z_mg"":1000}"
52.375,right_hand,og,tilt,,"{""roll_deg"":2.7,""pitch_deg"":-6.5,""steady"":true}"
52.406,right_hand,og,acc,3110016,"{""seq"":2545,""x_mg"":40,""y_mg"":28,""z_mg"":1000}"
52.406,right_hand,og,tilt,,"{""roll_deg"":2.7,""pitch_deg"":-6.5,""steady"":true}"
52.437,right_hand,og,acc,3110037,"{""seq"":2546,""x_mg"":60,""y_mg"":16,""z_mg"":984}"
52.437,right_hand,og,tilt,,"{""roll_deg"":2.7,""pitch_deg"":-6.5,""steady"":true}"
52.437,right_hand,og,acc,3110057,"{""seq"":2547,""x_mg"":64,""y_mg"":12,""z_mg"":984}"
52.437,right_hand,og,tilt,,"{""roll_deg"":2.7,""pitch_deg"":-6.5,""steady"":true}"
52.469,right_hand,og,acc,3110078,"{""seq"":2548,""x_mg"":64,""y_mg"":-4,""z_mg"":1000}"
52.469,right_hand,og,tremor,,"{""rms_mg"":89.9,""peak_hz"":5.7}"
52.469,right_hand,og,tilt,,"{""roll_deg"":2.7,""pitch_deg"":-6.5,""steady"":true}"
52.469,right_hand,og,acc,3110098,"{""seq"":2549,""x_mg"":56,""y_mg"":-8,""z_mg"":988}"
52.469,right_hand,og,tilt,,"{""roll_deg"":2.7,""pitch_deg"":-6.5,""steady"":true}"
52.500,right_hand,og,acc,3110119,"{""seq"":2550,""x_mg"":52,""y_mg"":-4,""z_mg"":984}"
52.500,right_hand,og,tilt,,"{""roll_deg"":2.7,""pitch_deg"":-6.5,""steady"":true}"
52.531,right_hand,og,acc,3110139,"{""seq"":2551,""x_mg"":64,""y_mg"":0,""z_mg"":984}"
52.531,right_hand,og,tilt,,"{""roll_deg"":2.7,""pitch_deg"":-6.5,""steady"":true}"
52.531,right_hand,og,acc,3110160,"{""seq"":2552,""x_mg"":72,""y_mg"":0,""z_mg"":980}"
52.531,right_hand,og,tilt,,"{""roll_deg"":2.7,""pitch_deg"":-6.5,""steady"":true}"
52.562,right_hand,og,acc,3110181,"{""seq"":2553,""x_mg"":64,""y_mg"":-4,""z_mg"":988}"
52.562,right_hand,og,tilt,,"{""roll_deg"":2.7,""pitch_deg"":-6.5,""steady"":true}"
52.562,right_hand,og,acc,3110201,"{""seq"":2554,""x_mg"":64,""y_mg"":8,""z_mg"":984}"
52.562,right_hand,og,tilt,,"{""roll_deg"":2.7,""pitch_deg"":-6.5,""steady"":true}"
52.594,right_hand,og,acc,3110222,"{""seq"":2555,""x_mg"":56,""y_mg"":24,""z_mg"":996}"
52.594,right_hand,og,tilt,,"{""roll_deg"":2.7,""pitch_deg"":-6.5,""steady"":true}"
52.625,right_hand,og,acc,3110242,"{""seq"":2556,""x_mg"":52,""y_mg"":32,""z_mg"":992}"
52.625,right_hand,og,tilt,,"{""roll_deg"":2.7,""pitch_deg"":-6.5,""steady"":true}"
52.656,right_hand,og,acc,3110263,"{""seq"":2557,""x_mg"":60,""y_mg"":20,""z_mg"":984}"
52.656,right_hand,og,tilt,,"{""roll_deg"":2.7,""pitch_deg"":-6.5,""steady"":true}"
52.656,right_hand,og,acc,3110283,"{""seq"":2558,""x_mg"":68,""y_mg"":12,""z_mg"":988}"
52.656,right_hand,og,tilt,,"{""roll_deg"":2.7,""pitch_deg"":-6.5,""steady"":true}"
52.687,right_hand,og,acc,3110304,"{""seq"":2559,""x_mg"":68,""y_mg"":16,""z_mg"":976}"
52.687,right_hand,og,tilt,,"{""roll_deg"":2.7,""pitch_deg"":-6.5,""steady"":true}"
52.719,right_hand,og,acc,3110325,"{""seq"":2560,""x_mg"":60,""y_mg"":24,""z_mg"":988}"
52.719,right_hand,og,tilt,,"{""roll_deg"":2.7,""pitch_deg"":-6.5,""steady"":true}"
52.719,right_hand,og,acc,3110345,"{""seq"":2561,""x_mg"":48,""y_mg"":56,""z_mg"":976}"
52.719,right_hand,og,tilt,,"{""roll_deg"":2.7,""pitch_deg"":-6.5,""steady"":true}"
52.750,right_hand,og,acc,3110366,"{""seq"":2562,""x_mg"":56,""y_mg"":56,""z_mg"":984}"
52.750,right_hand,og,tilt,,"{""roll_deg"":2.7,""pitch_deg"":-6.5,""steady"":true}"
52.766,right_hand,og,acc,3110386,"{""seq"":2563,""x_mg"":48,""y_mg"":52,""z_mg"":996}"
52.766,right_hand,og,tilt,,"{""roll_deg"":2.8,""pitch_deg"":-6.5,""steady"":true}"
52.812,right_hand,og,acc,3110407,"{""seq"":2564,""x_mg"":48,""y_mg"":28,""z_mg"":1008}"
52.812,right_hand,og,tilt,,"{""roll_deg"":3.0,""pitch_deg"":-6.5,""steady"":true}"
52.812,right_hand,og,acc,3110427,"{""seq"":2565,""x_mg"":56,""y_mg"":28,""z_mg"":1008}"
52.812,right_hand,og,tilt,,"{""roll_deg"":3.0,""pitch_deg"":-6.5,""steady"":true}"
52.844,right_hand,og,acc,3110448,"{""seq"":2566,""x_mg"":44,""y_mg"":28,""z_mg"":1004}"
52.844,right_hand,og,tilt,,"{""roll_deg"":3.0,""pitch_deg"":-6.5,""steady"":true}"
52.875,right_hand,og,acc,3110469,"{""seq"":2567,""x_mg"":56,""y_mg"":20,""z_mg"":996}"
52.875,right_hand,og,tilt,,"{""roll_deg"":3.0,""pitch_deg"":-6.5,""steady"":true}"
52.875,right_hand,og,acc,3110489,"{""seq"":2568,""x_mg"":56,""y_mg"":12,""z_mg"":996}"
52.875,right_hand,og,tilt,,"{""roll_deg"":3.0,""pitch_deg"":-6.5,""steady"":true}"
52.906,right_hand,og,acc,3110510,"{""seq"":2569,""x_mg"":64,""y_mg"":12,""z_mg"":984}"
52.906,right_hand,og,tilt,,"{""roll_deg"":3.0,""pitch_deg"":-6.5,""steady"":true}"
52.937,right_hand,og,acc,3110530,"{""seq"":2570,""x_mg"":64,""y_mg"":24,""z_mg"":976}"
52.937,right_hand,og,tilt,,"{""roll_deg"":3.0,""pitch_deg"":-6.5,""steady"":true}"
52.937,right_hand,og,acc,3110551,"{""seq"":2571,""x_mg"":64,""y_mg"":40,""z_mg"":972}"
52.937,right_hand,og,tilt,,"{""roll_deg"":3.0,""pitch_deg"":-6.5,""steady"":true}"
52.969,right_hand,og,acc,3110571,"{""seq"":2572,""x_mg"":52,""y_mg"":40,""z_mg"":980}"
52.969,right_hand,og,tilt,,"{""roll_deg"":3.0,""pitch_deg"":-6.5,""steady"":true}"
52.969,right_hand,og,acc,3110592,"{""seq"":2573,""x_mg"":64,""y_mg"":48,""z_mg"":976}"
52.969,right_hand,og,tilt,,"{""roll_deg"":3.0,""pitch_deg"":-6.5,""steady"":true}"
53.000,right_hand,og,acc,3110613,"{""seq"":2574,""x_mg"":48,""y_mg"":56,""z_mg"":1000}"
53.000,right_hand,og,tilt,,"{""roll_deg"":3.1,""pitch_deg"":-6.5,""steady"":true}"
53.031,right_hand,og,acc,3110633,"{""seq"":2575,""x_mg"":36,""y_mg"":32,""z_mg"":996}"
53.031,right_hand,og,tilt,,"{""roll_deg"":3.3,""pitch_deg"":-6.5,""steady"":true}"
53.031,right_hand,og,acc,3110654,"{""seq"":2576,""x_mg"":48,""y_mg"":28,""z_mg"":992}"
53.031,right_hand,og,tilt,,"{""roll_deg"":3.3,""pitch_deg"":-6.5,""steady"":true}"
53.062,right_hand,og,acc,3110674,"{""seq"":2577,""x_mg"":48,""y_mg"":12,""z_mg"":1004}"
53.062,right_hand,og,tilt,,"{""roll_deg"":3.3,""pitch_deg"":-6.5,""steady"":true}"
53.094,right_hand,og,acc,3110695,"{""seq"":2578,""x_mg"":56,""y_mg"":12,""z_mg"":996}"
53.094,right_hand,og,tilt,,"{""roll_deg"":3.3,""pitch_deg"":-6.5,""steady"":true}"
53.094,right_hand,og,acc,3110715,"{""seq"":2579,""x_mg"":64,""y_mg"":12,""z_mg"":980}"
53.094,right_hand,og,tilt,,"{""roll_deg"":3.3,""pitch_deg"":-6.5,""steady"":true}"
53.125,right_hand,og,acc,3110736,"{""seq"":2580,""x_mg"":60,""y_mg"":12,""z_mg"":992}"
53.125,right_hand,og,tilt,,"{""roll_deg"":3.3,""pitch_deg"":-6.5,""steady"":true}"
53.156,right_hand,og,acc,3110757,"{""seq"":2581,""x_mg"":60,""y_mg"":4,""z_mg"":996}"
53.156,right_hand,og,tilt,,"{""roll_deg"":3.3,""pitch_deg"":-6.5,""steady"":true}"
53.156,right_hand,og,acc,3110777,"{""seq"":2582,""x_mg"":52,""y_mg"":20,""z_mg"":980}"
53.156,right_hand,og,tilt,,"{""roll_deg"":3.3,""pitch_deg"":-6.5,""steady"":true}"
53.187,right_hand,og,acc,3110798,"{""seq"":2583,""x_mg"":48,""y_mg"":12,""z_mg"":984}"
53.187,right_hand,og,tilt,,"{""roll_deg"":3.3,""pitch_deg"":-6.5,""steady"":true}"
53.187,right_hand,og,acc,3110818,"{""seq"":2584,""x_mg"":48,""y_mg"":28,""z_mg"":992}"
53.187,right_hand,og,tilt,,"{""roll_deg"":3.3,""pitch_deg"":-6.5,""steady"":true}"
53.219,right_hand,og,acc,3110839,"{""seq"":2585,""x_mg"":52,""y_mg"":40,""z_mg"":992}"
53.219,right_hand,og,tilt,,"{""roll_deg"":3.3,""pitch_deg"":-6.5,""steady"":true}"
53.234,right_hand,og,acc,3110859,"{""seq"":2586,""x_mg"":48,""y_mg"":24,""z_mg"":976}"
53.234,right_hand,og,tilt,,"{""roll_deg"":3.3,""pitch_deg"":-6.5,""steady"":true}"
53.266,right_hand,og,acc,3110880,"{""seq"":2587,""x_mg"":52,""y_mg"":24,""z_mg"":980}"
53.266,right_hand,og,tilt,,"{""roll_deg"":3.3,""pitch_deg"":-6.5,""steady"":true}"
53.266,right_hand,og,acc,3110901,"{""seq"":2588,""x_mg"":60,""y_mg"":8,""z_mg"":992}"
53.266,right_hand,og,tilt,,"{""roll_deg"":3.3,""pitch_deg"":-6.5,""steady"":true}"
53.312,right_hand,og,acc,3110921,"{""seq"":2589,""x_mg"":56,""y_mg"":16,""z_mg"":980}"
53.312,right_hand,og,tilt,,"{""roll_deg"":3.3,""pitch_deg"":-6.5,""steady"":true}"
53.344,right_hand,og,acc,3110942,"{""seq"":2590,""x_mg"":56,""y_mg"":8,""z_mg"":992}"
53.344,right_hand,og,tilt,,"{""roll_deg"":3.3,""pitch_deg"":-6.5,""steady"":true}"
53.344,right_hand,og,acc,3110962,"{""seq"":2591,""x_mg"":52,""y_mg"":12,""z_mg"":988}"
53.344,right_hand,og,tilt,,"{""roll_deg"":3.3,""pitch_deg"":-6.5,""steady"":true}"
53.375,right_hand,og,acc,3110983,"{""seq"":2592,""x_mg"":48,""y_mg"":16,""z_mg"":992}"
53.375,right_hand,og,tilt,,"{""roll_deg"":3.3,""pitch_deg"":-6.5,""steady"":true}"
53.391,right_hand,og,acc,3111003,"{""seq"":2593,""x_mg"":44,""y_mg"":16,""z_mg"":996}"
53.391,right_hand,og,tilt,,"{""roll_deg"":3.3,""pitch_deg"":-6.5,""steady"":true}"
53.422,right_hand,og,acc,3111024,"{""seq"":2594,""x_mg"":48,""y_mg"":20,""z_mg"":992}"
53.422,right_hand,og,tilt,,"{""roll_deg"":3.3,""pitch_deg"":-6.5,""steady"":true}"
53.422,right_hand,og,acc,3111044,"{""seq"":2595,""x_mg"":60,""y_mg"":20,""z_mg"":992}"
53.422,right_hand,og,tilt,,"{""roll_deg"":3.3,""pitch_deg"":-6.5,""steady"":true}"
53.453,right_hand,og,acc,3111065,"{""seq"":2596,""x_mg"":32,""y_mg"":20,""z_mg"":996}"
53.453,right_hand,og,tilt,,"{""roll_deg"":3.3,""pitch_deg"":-6.5,""steady"":true}"
53.484,right_hand,og,acc,3111086,"{""seq"":2597,""x_mg"":52,""y_mg"":32,""z_mg"":996}"
53.484,right_hand,og,tilt,,"{""roll_deg"":3.3,""pitch_deg"":-6.5,""steady"":true}"
53.484,right_hand,og,acc,3111106,"{""seq"":2598,""x_mg"":48,""y_mg"":16,""z_mg"":996}"
53.484,right_hand,og,tilt,,"{""roll_deg"":3.3,""pitch_deg"":-6.5,""steady"":true}"
53.516,right_hand,og,acc,3111127,"{""seq"":2599,""x_mg"":44,""y_mg"":20,""z_mg"":992}"
53.516,right_hand,og,tilt,,"{""roll_deg"":3.3,""pitch_deg"":-6.5,""steady"":true}"
53.547,right_hand,og,acc,3111147,"{""seq"":2600,""x_mg"":48,""y_mg"":32,""z_mg"":996}"
53.547,right_hand,og,tilt,,"{""roll_deg"":3.3,""pitch_deg"":-6.5,""steady"":true}"
53.547,right_hand,og,acc,3111168,"{""seq"":2601,""x_mg"":52,""y_mg"":20,""z_mg"":1000}"
53.547,right_hand,og,tilt,,"{""roll_deg"":3.3,""pitch_deg"":-6.5,""steady"":true}"
53.578,right_hand,og,acc,3111188,"{""seq"":2602,""x_mg"":52,""y_mg"":24,""z_mg"":996}"
53.578,right_hand,og,tilt,,"{""roll_deg"":3.3,""pitch_deg"":-6.5,""steady"":true}"
53.609,right_hand,og,acc,3111209,"{""seq"":2603,""x_mg"":60,""y_mg"":28,""z_mg"":980}"
53.609,right_hand,og,tilt,,"{""roll_deg"":3.3,""pitch_deg"":-6.5,""steady"":true}"
53.609,right_hand,og,acc,3111230,"{""seq"":2604,""x_mg"":52,""y_mg"":32,""z_mg"":1000}"
53.609,right_hand,og,tilt,,"{""roll_deg"":3.3,""pitch_deg"":-6.5,""steady"":true}"
53.641,right_hand,og,acc,3111250,"{""seq"":2605,""x_mg"":48,""y_mg"":-4,""z_mg"":1000}"
53.641,right_hand,og,tilt,,"{""roll_deg"":3.3,""pitch_deg"":-6.5,""steady"":true}"
53.672,right_hand,og,acc,3111271,"{""seq"":2606,""x_mg"":64,""y_mg"":-8,""z_mg"":992}"
53.672,right_hand,og,tilt,,"{""roll_deg"":3.3,""pitch_deg"":-6.5,""steady"":true}"
53.672,right_hand,og,acc,3111291,"{""seq"":2607,""x_mg"":64,""y_mg"":28,""z_mg"":984}"
53.672,right_hand,og,tilt,,"{""roll_deg"":3.3,""pitch_deg"":-6.5,""steady"":true}"
53.703,right_hand,og,acc,3111312,"{""seq"":2608,""x_mg"":64,""y_mg"":36,""z_mg"":988}"
53.703,right_hand,og,tilt,,"{""roll_deg"":3.3,""pitch_deg"":-6.5,""steady"":true}"
53.703,right_hand,og,acc,3111332,"{""seq"":2609,""x_mg"":52,""y_mg"":40,""z_mg"":988}"
53.703,right_hand,og,tilt,,"{""roll_deg"":3.3,""pitch_deg"":-6.5,""steady"":true}"
53.734,right_hand,og,acc,3111353,"{""seq"":2610,""x_mg"":56,""y_mg"":80,""z_mg"":980}"
53.734,right_hand,og,tilt,,"{""roll_deg"":3.3,""pitch_deg"":-6.5,""steady"":true}"
53.781,right_hand,og,acc,3111374,"{""seq"":2611,""x_mg"":80,""y_mg"":48,""z_mg"":984}"
53.781,right_hand,og,tilt,,"{""roll_deg"":3.3,""pitch_deg"":-6.5,""steady"":true}"
53.781,right_hand,og,acc,3111394,"{""seq"":2612,""x_mg"":68,""y_mg"":64,""z_mg"":996}"
53.781,right_hand,og,tilt,,"{""roll_deg"":3.3,""pitch_deg"":-6.5,""steady"":true}"
53.812,right_hand,og,acc,3111415,"{""seq"":2613,""x_mg"":68,""y_mg"":68,""z_mg"":1000}"
53.812,right_hand,og,tilt,,"{""roll_deg"":3.3,""pitch_deg"":-6.5,""steady"":true}"
53.844,right_hand,og,acc,3111435,"{""seq"":2614,""x_mg"":64,""y_mg"":48,""z_mg"":984}"
53.844,right_hand,og,tilt,,"{""roll_deg"":3.6,""pitch_deg"":-6.5,""steady"":true}"
53.844,right_hand,og,acc,3111456,"{""seq"":2615,""x_mg"":68,""y_mg"":48,""z_mg"":992}"
53.844,right_hand,og,tilt,,"{""roll_deg"":3.7,""pitch_deg"":-6.5,""steady"":true}"
53.875,right_hand,og,acc,3111476,"{""seq"":2616,""x_mg"":64,""y_mg"":72,""z_mg"":972}"
53.875,right_hand,og,tilt,,"{""roll_deg"":3.8,""pitch_deg"":-6.5,""steady"":true}"
53.875,right_hand,og,acc,3111497,"{""seq"":2617,""x_mg"":64,""y_mg"":36,""z_mg"":968}"
53.875,right_hand,og,tilt,,"{""roll_deg"":3.8,""pitch_deg"":-6.5,""steady"":true}"
53.906,right_hand,og,acc,3111518,"{""seq"":2618,""x_mg"":80,""y_mg"":80,""z_mg"":992}"
53.906,right_hand,og,tilt,,"{""roll_deg"":4.1,""pitch_deg"":-6.5,""steady"":true}"
53.937,right_hand,og,acc,3111538,"{""seq"":2619,""x_mg"":84,""y_mg"":60,""z_mg"":984}"
53.937,right_hand,og,tilt,,"{""roll_deg"":4.2,""pitch_deg"":-6.5,""steady"":true}"
53.937,right_hand,og,acc,3111559,"{""seq"":2620,""x_mg"":84,""y_mg"":52,""z_mg"":968}"
53.937,right_hand,og,tilt,,"{""roll_deg"":4.3,""pitch_deg"":-6.4,""steady"":true}"
53.969,right_hand,og,acc,3111579,"{""seq"":2621,""x_mg"":84,""y_mg"":88,""z_mg"":1020}"
53.969,right_hand,og,tilt,,"{""roll_deg"":4.4,""pitch_deg"":-6.3,""steady"":true}"
54.000,right_hand,og,acc,3111600,"{""seq"":2622,""x_mg"":80,""y_mg"":88,""z_mg"":996}"
54.000,right_hand,og,tilt,,"{""roll_deg"":4.7,""pitch_deg"":-6.2,""steady"":true}"
54.000,right_hand,og,acc,3111620,"{""seq"":2623,""x_mg"":76,""y_mg"":40,""z_mg"":976}"
54.000,right_hand,og,tilt,,"{""roll_deg"":5.0,""pitch_deg"":-6.1,""steady"":true}"
54.031,right_hand,og,acc,3111641,"{""seq"":2624,""x_mg"":84,""y_mg"":-4,""z_mg"":928}"
54.031,right_hand,og,tilt,,"{""roll_deg"":5.0,""pitch_deg"":-6.0,""steady"":true}"
54.062,right_hand,og,acc,3111661,"{""seq"":2625,""x_mg"":92,""y_mg"":16,""z_mg"":884}"
54.062,right_hand,og,tilt,,"{""roll_deg"":5.0,""pitch_deg"":-5.9,""steady"":true}"
54.062,right_hand,og,acc,3111682,"{""seq"":2626,""x_mg"":108,""y_mg"":36,""z_mg"":940}"
54.062,right_hand,og,tilt,,"{""roll_deg"":5.0,""pitch_deg"":-5.7,""steady"":true}"
54.094,right_hand,og,acc,3111703,"{""seq"":2627,""x_mg"":84,""y_mg"":52,""z_mg"":1000}"
54.094,right_hand,og,tilt,,"{""roll_deg"":5.0,""pitch_deg"":-5.5,""steady"":true}"
54.125,right_hand,og,acc,3111723,"{""seq"":2628,""x_mg"":44,""y_mg"":96,""z_mg"":1020}"
54.125,right_hand,og,tilt,,"{""roll_deg"":5.0,""pitch_deg"":-5.4,""steady"":true}"
54.125,right_hand,og,acc,3111744,"{""seq"":2629,""x_mg"":16,""y_mg"":88,""z_mg"":1028}"
54.125,right_hand,og,tilt,,"{""roll_deg"":5.0,""pitch_deg"":-5.4,""steady"":true}"
54.156,right_hand,og,acc,3111764,"{""seq"":2630,""x_mg"":12,""y_mg"":80,""z_mg"":1000}"
54.156,right_hand,og,tilt,,"{""roll_deg"":5.0,""pitch_deg"":-5.4,""steady"":true}"
54.156,right_hand,og,acc,3111785,"{""seq"":2631,""x_mg"":24,""y_mg"":76,""z_mg"":1004}"
54.156,right_hand,og,tilt,,"{""roll_deg"":5.0,""pitch_deg"":-5.5,""steady"":true}"
54.187,right_hand,og,acc,3111805,"{""seq"":2632,""x_mg"":36,""y_mg"":84,""z_mg"":1020}"
54.187,right_hand,og,tilt,,"{""roll_deg"":5.0,""pitch_deg"":-5.8,""steady"":true}"
54.219,right_hand,og,acc,3111826,"{""seq"":2633,""x_mg"":36,""y_mg"":92,""z_mg"":1008}"
54.219,right_hand,og,tilt,,"{""roll_deg"":5.2,""pitch_deg"":-6.0,""steady"":true}"
54.219,right_hand,og,acc,3111847,"{""seq"":2634,""x_mg"":28,""y_mg"":92,""z_mg"":1012}"
54.219,right_hand,og,tilt,,"{""roll_deg"":5.4,""pitch_deg"":-6.2,""steady"":true}"
54.250,right_hand,og,acc,3111867,"{""seq"":2635,""x_mg"":44,""y_mg"":92,""z_mg"":996}"
54.250,right_hand,og,tilt,,"{""roll_deg"":5.6,""pitch_deg"":-6.4,""steady"":true}"
54.281,right_hand,og,acc,3111888,"{""seq"":2636,""x_mg"":56,""y_mg"":92,""z_mg"":972}"
54.281,right_hand,og,tilt,,"{""roll_deg"":5.7,""pitch_deg"":-6.4,""steady"":true}"
54.297,right_hand,og,acc,3111908,"{""seq"":2637,""x_mg"":68,""y_mg"":68,""z_mg"":980}"
54.297,right_hand,og,tilt,,"{""roll_deg"":5.9,""pitch_deg"":-6.4,""steady"":true}"
54.297,right_hand,og,acc,3111929,"{""seq"":2638,""x_mg"":68,""y_mg"":36,""z_mg"":964}"
54.297,right_hand,og,tilt,,"{""roll_deg"":5.9,""pitch_deg"":-6.4,""steady"":true}"
54.328,right_hand,og,acc,3111949,"{""seq"":2639,""x_mg"":72,""y_mg"":36,""z_mg"":972}"
54.328,right_hand,og,tilt,,"{""roll_deg"":5.9,""pitch_deg"":-6.4,""steady"":true}"
54.359,right_hand,og,acc,3111970,"{""seq"":2640,""x_mg"":64,""y_mg"":32,""z_mg"":988}"
54.359,right_hand,og,tilt,,"{""roll_deg"":5.9,""pitch_deg"":-6.4,""steady"":true}"
54.359,right_hand,og,acc,3111991,"{""seq"":2641,""x_mg"":48,""y_mg"":80,""z_mg"":984}"
54.359,right_hand,og,tilt,,"{""roll_deg"":5.9,""pitch_deg"":-6.4,""steady"":true}"
54.391,right_hand,og,acc,3112011,"{""seq"":2642,""x_mg"":48,""y_mg"":96,""z_mg"":1004}"
54.391,right_hand,og,tilt,,"{""roll_deg"":5.9,""pitch_deg"":-6.4,""steady"":true}"
54.422,right_hand,og,acc,3112032,"{""seq"":2643,""x_mg"":64,""y_mg"":68,""z_mg"":996}"
54.422,right_hand,og,tilt,,"{""roll_deg"":5.9,""pitch_deg"":-6.4,""steady"":true}"
54.422,right_hand,og,acc,3112052,"{""seq"":2644,""x_mg"":64,""y_mg"":20,""z_mg"":988}"
54.422,right_hand,og,tilt,,"{""roll_deg"":5.9,""pitch_deg"":-6.4,""steady"":true}"
54.453,right_hand,og,acc,3112073,"{""seq"":2645,""x_mg"":76,""y_mg"":40,""z_mg"":956}"
54.453,right_hand,og,tilt,,"{""roll_deg"":5.9,""pitch_deg"":-6.4,""steady"":true}"
54.500,right_hand,og,acc,3112093,"{""seq"":2646,""x_mg"":84,""y_mg"":60,""z_mg"":952}"
54.500,right_hand,og,tremor,,"{""rms_mg"":16.9,""peak_hz"":4.2}"
54.500,right_hand,og,tilt,,"{""roll_deg"":5.9,""pitch_deg"":-6.4,""steady"":true}"
54.500,right_hand,og,acc,3112114,"{""seq"":2647,""x_mg"":84,""y_mg"":52,""z_mg"":964}"
54.500,right_hand,og,tilt,,"{""roll_deg"":5.9,""pitch_deg"":-6.4,""steady"":true}"
54.531,right_hand,og,acc,3112135,"{""seq"":2648,""x_mg"":60,""y_mg"":28,""z_mg"":976}"
54.531,right_hand,og,tilt,,"{""roll_deg"":5.8,""pitch_deg"":-6.4,""steady"":true}"
54.562,right_hand,og,acc,3112155,"{""seq"":2649,""x_mg"":68,""y_mg"":44,""z_mg"":984}"
54.562,right_hand,og,tilt,,"{""roll_deg"":5.7,""pitch_deg"":-6.4,""steady"":true}"
54.562,right_hand,og,acc,3112176,"{""seq"":2650,""x_mg"":68,""y_mg"":64,""z_mg"":980}"
54.562,right_hand,og,tilt,,"{""roll_deg"":5.6,""pitch_deg"":-6.4,""steady"":true}"
54.594,right_hand,og,acc,3112196,"{""seq"":2651,""x_mg"":68,""y_mg"":76,""z_mg"":988}"
54.594,right_hand,og,tilt,,"{""roll_deg"":5.6,""pitch_deg"":-6.4,""steady"":true}"
54.625,right_hand,og,acc,3112217,"{""seq"":2652,""x_mg"":60,""y_mg"":72,""z_mg"":984}"
54.625,right_hand,og,tilt,,"{""roll_deg"":5.6,""pitch_deg"":-6.4,""steady"":true}"
54.625,right_hand,og,acc,3112237,"{""seq"":2653,""x_mg"":64,""y_mg"":64,""z_mg"":988}"
54.625,right_hand,og,tilt,,"{""roll_deg"":5.6,""pitch_deg"":-6.4,""steady"":true}"
54.656,right_hand,og,acc,3112258,"{""seq"":2654,""x_mg"":72,""y_mg"":96,""z_mg"":980}"
54.656,right_hand,og,tilt,,"{""roll_deg"":5.6,""pitch_deg"":-6.4,""steady"":true}"
54.656,right_hand,og,acc,3112279,"{""seq"":2655,""x_mg"":60,""y_mg"":124,""z_mg"":976}"
54.656,right_hand,og,tilt,,"{""roll_deg"":5.6,""pitch_deg"":-6.4,""steady"":true}"
54.687,right_hand,og,acc,3112299,"{""seq"":2656,""x_mg"":60,""y_mg"":148,""z_mg"":1000}"
54.687,right_hand,og,tilt,,"{""roll_deg"":5.6,""pitch_deg"":-6.4,""steady"":true}"
54.719,right_hand,og,acc,3112320,"{""seq"":2657,""x_mg"":56,""y_mg"":136,""z_mg"":1000}"
54.719,right_hand,og,tilt,,"{""roll_deg"":6.1,""pitch_deg"":-6.4,""steady"":true}"
54.719,right_hand,og,acc,3112340,"{""seq"":2658,""x_mg"":56,""y_mg"":124,""z_mg"":980}"
54.719,right_hand,og,tilt,,"{""roll_deg"":6.7,""pitch_deg"":-6.4,""steady"":true}"
54.750,right_hand,og,acc,3112361,"{""seq"":2659,""x_mg"":68,""y_mg"":116,""z_mg"":960}"
54.750,right_hand,og,tilt,,"{""roll_deg"":7.0,""pitch_deg"":-6.4,""steady"":true}"
54.781,right_hand,og,acc,3112381,"{""seq"":2660,""x_mg"":68,""y_mg"":132,""z_mg"":964}"
54.781,right_hand,og,tilt,,"{""roll_deg"":7.3,""pitch_deg"":-6.4,""steady"":true}"
54.781,right_hand,og,acc,3112402,"{""seq"":2661,""x_mg"":68,""y_mg"":124,""z_mg"":972}"
54.781,right_hand,og,tilt,,"{""roll_deg"":7.6,""pitch_deg"":-6.4,""steady"":true}"
54.797,right_hand,og,acc,3112422,"{""seq"":2662,""x_mg"":76,""y_mg"":124,""z_mg"":984}"
54.797,right_hand,og,tilt,,"{""roll_deg"":7.8,""pitch_deg"":-6.4,""steady"":true}"
54.828,right_hand,og,acc,3112443,"{""seq"":2663,""x_mg"":72,""y_mg"":120,""z_mg"":980}"
54.828,right_hand,og,tilt,,"{""roll_deg"":7.9,""pitch_deg"":-6.4,""steady"":true}"
54.875,right_hand,og,acc,3112464,"{""seq"":2664,""x_mg"":64,""y_mg"":124,""z_mg"":972}"
54.875,right_hand,og,tilt,,"{""roll_deg"":8.1,""pitch_deg"":-6.4,""steady"":true}"
54.875,right_hand,og,acc,3112484,"{""seq"":2665,""x_mg"":68,""y_mg"":124,""z_mg"":968}"
54.875,right_hand,og,tilt,,"{""roll_deg"":8.2,""pitch_deg"":-6.4,""steady"":true}"
54.891,right_hand,og,acc,3112505,"{""seq"":2666,""x_mg"":68,""y_mg"":112,""z_mg"":976}"
54.891,right_hand,og,tilt,,"{""roll_deg"":8.3,""pitch_deg"":-6.4,""steady"":true}"
54.922,right_hand,og,acc,3112525,"{""seq"":2667,""x_mg"":64,""y_mg"":124,""z_mg"":972}"
54.922,right_hand,og,tilt,,"{""roll_deg"":8.3,""pitch_deg"":-6.3,""steady"":true}"
54.922,right_hand,og,acc,3112546,"{""seq"":2668,""x_mg"":64,""y_mg"":124,""z_mg"":976}"
54.922,right_hand,og,tilt,,"{""roll_deg"":8.4,""pitch_deg"":-6.3,""steady"":true}"
54.969,right_hand,og,acc,3112566,"{""seq"":2669,""x_mg"":72,""y_mg"":108,""z_mg"":980}"
54.969,right_hand,og,tilt,,"{""roll_deg"":8.4,""pitch_deg"":-6.3,""steady"":true}"
54.969,right_hand,og,acc,3112587,"{""seq"":2670,""x_mg"":64,""y_mg"":124,""z_mg"":980}"
54.969,right_hand,og,tilt,,"{""roll_deg"":8.5,""pitch_deg"":-6.3,""steady"":true}"
55.000,right_hand,og,acc,3112608,"{""seq"":2671,""x_mg"":76,""y_mg"":112,""z_mg"":968}"
55.000,right_hand,og,tilt,,"{""roll_deg"":8.5,""pitch_deg"":-6.3,""steady"":true}"
55.031,right_hand,og,acc,3112628,"{""seq"":2672,""x_mg"":60,""y_mg"":120,""z_mg"":976}"
55.031,right_hand,og,tilt,,"{""roll_deg"":8.5,""pitch_deg"":-6.3,""steady"":true}"
55.031,right_hand,og,acc,3112649,"{""seq"":2673,""x_mg"":56,""y_mg"":100,""z_mg"":988}"
55.031,right_hand,og,tilt,,"{""roll_deg"":8.5,""pitch_deg"":-6.3,""steady"":true}"
55.047,right_hand,og,acc,3112669,"{""seq"":2674,""x_mg"":72,""y_mg"":84,""z_mg"":980}"
55.047,right_hand,og,tilt,,"{""roll_deg"":8.5,""pitch_deg"":-6.3,""steady"":true}"
55.078,right_hand,og,acc,3112690,"{""seq"":2675,""x_mg"":64,""y_mg"":80,""z_mg"":976}"
55.078,right_hand,og,tilt,,"{""roll_deg"":8.5,""pitch_deg"":-6.3,""steady"":true}"
55.094,right_hand,og,acc,3112710,"{""seq"":2676,""x_mg"":72,""y_mg"":68,""z_mg"":988}"
55.094,right_hand,og,tilt,,"{""roll_deg"":8.5,""pitch_deg"":-6.3,""steady"":true}"
55.125,right_hand,og,acc,3112731,"{""seq"":2677,""x_mg"":64,""y_mg"":72,""z_mg"":976}"
55.125,right_hand,og,tilt,,"{""roll_deg"":8.5,""pitch_deg"":-6.3,""steady"":true}"
55.125,right_hand,og,acc,3112752,"{""seq"":2678,""x_mg"":72,""y_mg"":64,""z_mg"":976}"
55.125,right_hand,og,tilt,,"{""roll_deg"":8.2,""pitch_deg"":-6.3,""steady"":true}"
55.172,right_hand,og,acc,3112772,"{""seq"":2679,""x_mg"":80,""y_mg"":32,""z_mg"":984}"
55.172,right_hand,og,tilt,,"{""roll_deg"":7.9,""pitch_deg"":-6.3,""steady"":true}"
55.203,right_hand,og,acc,3112793,"{""seq"":2680,""x_mg"":72,""y_mg"":72,""z_mg"":972}"
55.203,right_hand,og,tilt,,"{""roll_deg"":7.6,""pitch_deg"":-6.3,""steady"":true}"
55.203,right_hand,og,acc,3112813,"{""seq"":2681,""x_mg"":80,""y_mg"":92,""z_mg"":972}"
55.203,right_hand,og,tilt,,"{""roll_deg"":7.4,""pitch_deg"":-6.2,""steady"":true}"
55.234,right_hand,og,acc,3112834,"{""seq"":2682,""x_mg"":40,""y_mg"":192,""z_mg"":988}"
55.234,right_hand,og,tilt,,"{""roll_deg"":7.4,""pitch_deg"":-6.2,""steady"":true}"
55.234,right_hand,og,acc,3112854,"{""seq"":2683,""x_mg"":12,""y_mg"":352,""z_mg"":1004}"
55.234,right_hand,og,tilt,,"{""roll_deg"":7.4,""pitch_deg"":-6.2,""steady"":true}"
55.266,right_hand,og,acc,3112875,"{""seq"":2684,""x_mg"":56,""y_mg"":276,""z_mg"":920}"
55.266,right_hand,og,tilt,,"{""roll_deg"":9.0,""pitch_deg"":-6.2,""steady"":true}"
55.281,right_hand,og,acc,3112895,"{""seq"":2685,""x_mg"":96,""y_mg"":-24,""z_mg"":1120}"
55.281,right_hand,og,tilt,,"{""roll_deg"":11.2,""pitch_deg"":-6.2,""steady"":true}"
55.297,,game,drop,,"{""n"":11}"
55.312,right_hand,og,acc,3112916,"{""seq"":2686,""x_mg"":80,""y_mg"":-52,""z_mg"":1076}"
55.312,right_hand,og,tilt,,"{""roll_deg"":10.7,""pitch_deg"":-6.2,""steady"":true}"
55.312,right_hand,og,acc,3112937,"{""seq"":2687,""x_mg"":76,""y_mg"":-32,""z_mg"":1028}"
55.312,right_hand,og,tilt,,"{""roll_deg"":9.3,""pitch_deg"":-6.2,""steady"":true}"
55.344,right_hand,og,acc,3112957,"{""seq"":2688,""x_mg"":148,""y_mg"":-20,""z_mg"":944}"
55.344,right_hand,og,tilt,,"{""roll_deg"":7.5,""pitch_deg"":-6.2,""steady"":true}"
55.375,right_hand,og,acc,3112978,"{""seq"":2689,""x_mg"":164,""y_mg"":-8,""z_mg"":888}"
55.375,right_hand,og,tilt,,"{""roll_deg"":5.9,""pitch_deg"":-5.7,""steady"":true}"
55.375,right_hand,og,acc,3112998,"{""seq"":2690,""x_mg"":136,""y_mg"":-48,""z_mg"":856}"
55.375,right_hand,og,tilt,,"{""roll_deg"":4.6,""pitch_deg"":-5.0,""steady"":true}"
55.422,right_hand,og,acc,3113019,"{""seq"":2691,""x_mg"":92,""y_mg"":-56,""z_mg"":916}"
55.422,right_hand,og,tilt,,"{""roll_deg"":3.0,""pitch_deg"":-4.2,""steady"":true}"
55.422,right_hand,og,acc,3113039,"{""seq"":2692,""x_mg"":20,""y_mg"":20,""z_mg"":1048}"
55.422,right_hand,og,tilt,,"{""roll_deg"":1.8,""pitch_deg"":-4.2,""steady"":true}"
55.453,right_hand,og,acc,3113060,"{""seq"":2693,""x_mg"":-80,""y_mg"":68,""z_mg"":1112}"
55.453,right_hand,og,tilt,,"{""roll_deg"":1.8,""pitch_deg"":-4.2,""steady"":true}"
55.484,right_hand,og,acc,3113081,"{""seq"":2694,""x_mg"":-72,""y_mg"":-92,""z_mg"":1076}"
55.484,right_hand,og,tilt,,"{""roll_deg"":1.8,""pitch_deg"":-5.2,""steady"":true}"
55.484,right_hand,og,acc,3113101,"{""seq"":2695,""x_mg"":-36,""y_mg"":-296,""z_mg"":1028}"
55.484,right_hand,og,tilt,,"{""roll_deg"":1.2,""pitch_deg"":-6.7,""steady"":true}"
55.516,right_hand,og,acc,3113122,"{""seq"":2696,""x_mg"":-20,""y_mg"":-320,""z_mg"":996}"
55.516,right_hand,og,tilt,,"{""roll_deg"":-4.2,""pitch_deg"":-7.8,""steady"":true}"
55.547,right_hand,og,acc,3113142,"{""seq"":2697,""x_mg"":-4,""y_mg"":-268,""z_mg"":988}"
55.547,right_hand,og,tilt,,"{""roll_deg"":-7.8,""pitch_deg"":-8.4,""steady"":true}"
55.547,right_hand,og,acc,3113163,"{""seq"":2698,""x_mg"":-20,""y_mg"":-176,""z_mg"":1016}"
55.547,right_hand,og,tilt,,"{""roll_deg"":-9.8,""pitch_deg"":-8.9,""steady"":true}"
55.578,right_hand,og,acc,3113183,"{""seq"":2699,""x_mg"":-32,""y_mg"":-80,""z_mg"":1020}"
55.578,right_hand,og,tilt,,"{""roll_deg"":-9.8,""pitch_deg"":-9.2,""steady"":true}"
55.578,right_hand,og,acc,3113204,"{""seq"":2700,""x_mg"":32,""y_mg"":-92,""z_mg"":984}"
55.578,right_hand,og,tilt,,"{""roll_deg"":-8.1,""pitch_deg"":-9.5,""steady"":true}"
55.609,right_hand,og,acc,3113225,"{""seq"":2701,""x_mg"":92,""y_mg"":-120,""z_mg"":984}"
55.609,right_hand,og,tilt,,"{""roll_deg"":-7.1,""pitch_deg"":-9.5,""steady"":true}"
55.641,right_hand,og,acc,3113245,"{""seq"":2702,""x_mg"":160,""y_mg"":-268,""z_mg"":952}"
55.641,right_hand,og,tilt,,"{""roll_deg"":-6.8,""pitch_deg"":-9.3,""steady"":true}"
55.641,right_hand,og,acc,3113266,"{""seq"":2703,""x_mg"":192,""y_mg"":-48,""z_mg"":908}"
55.641,right_hand,og,tilt,,"{""roll_deg"":-6.6,""pitch_deg"":-8.4,""steady"":true}"
55.672,right_hand,og,acc,3113286,"{""seq"":2704,""x_mg"":144,""y_mg"":120,""z_mg"":928}"
55.672,right_hand,og,tilt,,"{""roll_deg"":-6.1,""pitch_deg"":-7.1,""steady"":true}"
55.703,right_hand,og,acc,3113307,"{""seq"":2705,""x_mg"":128,""y_mg"":104,""z_mg"":916}"
55.703,right_hand,og,tilt,,"{""roll_deg"":-3.5,""pitch_deg"":-5.9,""steady"":true}"
55.703,right_hand,og,acc,3113327,"{""seq"":2706,""x_mg"":100,""y_mg"":80,""z_mg"":892}"
55.703,right_hand,og,tilt,,"{""roll_deg"":-0.6,""pitch_deg"":-5.0,""steady"":true}"
55.734,right_hand,og,acc,3113348,"{""seq"":2707,""x_mg"":84,""y_mg"":108,""z_mg"":924}"
55.734,right_hand,og,tilt,,"{""roll_deg"":2.1,""pitch_deg"":-4.7,""steady"":true}"
55.766,right_hand,og,acc,3113369,"{""seq"":2708,""x_mg"":44,""y_mg"":272,""z_mg"":832}"
55.766,right_hand,og,tilt,,"{""roll_deg"":4.1,""pitch_deg"":-4.7,""steady"":true}"
55.766,right_hand,og,acc,3113389,"{""seq"":2709,""x_mg"":-56,""y_mg"":600,""z_mg"":980}"
55.766,right_hand,og,tilt,,"{""roll_deg"":10.2,""pitch_deg"":-4.7,""steady"":true}"
55.797,right_hand,og,acc,3113410,"{""seq"":2710,""x_mg"":-52,""y_mg"":464,""z_mg"":1060}"
55.797,right_hand,og,tilt,,"{""roll_deg"":16.9,""pitch_deg"":-5.0,""steady"":true}"
55.812,right_hand,og,acc,3113430,"{""seq"":2711,""x_mg"":44,""y_mg"":256,""z_mg"":1080}"
55.812,right_hand,og,tilt,,"{""roll_deg"":20.6,""pitch_deg"":-5.9,""steady"":true}"
55.844,right_hand,og,acc,3113451,"{""seq"":2712,""x_mg"":96,""y_mg"":160,""z_mg"":1052}"
55.844,right_hand,og,tilt,,"{""roll_deg"":19.0,""pitch_deg"":-6.0,""steady"":true}"
55.859,right_hand,og,acc,3113471,"{""seq"":2713,""x_mg"":92,""y_mg"":216,""z_mg"":1008}"
55.859,right_hand,og,tilt,,"{""roll_deg"":17.4,""pitch_deg"":-6.0,""steady"":true}"
55.859,right_hand,og,acc,3113492,"{""seq"":2714,""x_mg"":152,""y_mg"":100,""z_mg"":996}"
55.859,right_hand,og,tilt,,"{""roll_deg"":15.6,""pitch_deg"":-6.0,""steady"":true}"
55.906,right_hand,og,acc,3113512,"{""seq"":2715,""x_mg"":140,""y_mg"":40,""z_mg"":968}"
55.906,right_hand,og,tilt,,"{""roll_deg"":14.1,""pitch_deg"":-6.0,""steady"":true}"
55.922,right_hand,og,acc,3113533,"{""seq"":2716,""x_mg"":120,""y_mg"":12,""z_mg"":924}"
55.922,right_hand,og,tilt,,"{""roll_deg"":13.4,""pitch_deg"":-5.5,""steady"":true}"
55.922,right_hand,og,acc,3113554,"{""seq"":2717,""x_mg"":116,""y_mg"":-76,""z_mg"":888}"
55.922,right_hand,og,tilt,,"{""roll_deg"":11.6,""pitch_deg"":-5.0,""steady"":true}"
55.953,right_hand,og,acc,3113574,"{""seq"":2718,""x_mg"":108,""y_mg"":-272,""z_mg"":1008}"
55.953,right_hand,og,tilt,,"{""roll_deg"":7.7,""pitch_deg"":-4.7,""steady"":true}"
55.984,right_hand,og,acc,3113595,"{""seq"":2719,""x_mg"":76,""y_mg"":-240,""z_mg"":1004}"
55.984,right_hand,og,tilt,,"{""roll_deg"":0.4,""pitch_deg"":-4.6,""steady"":true}"
55.984,right_hand,og,acc,3113615,"{""seq"":2720,""x_mg"":104,""y_mg"":-112,""z_mg"":952}"
55.984,right_hand,og,tilt,,"{""roll_deg"":-4.4,""pitch_deg"":-4.5,""steady"":true}"
56.016,right_hand,og,acc,3113636,"{""seq"":2721,""x_mg"":120,""y_mg"":-36,""z_mg"":952}"
56.016,right_hand,og,tilt,,"{""roll_deg"":-4.4,""pitch_deg"":-4.4,""steady"":true}"
56.047,right_hand,og,acc,3113656,"{""seq"":2722,""x_mg"":76,""y_mg"":100,""z_mg"":1000}"
56.047,right_hand,og,tilt,,"{""roll_deg"":-3.7,""pitch_deg"":-4.4,""steady"":true}"
56.047,right_hand,og,acc,3113677,"{""seq"":2723,""x_mg"":40,""y_mg"":192,""z_mg"":1032}"
56.047,right_hand,og,tilt,,"{""roll_deg"":-1.1,""pitch_deg"":-4.4,""steady"":true}"
56.094,right_hand,og,acc,3113698,"{""seq"":2724,""x_mg"":20,""y_mg"":176,""z_mg"":1012}"
56.094,right_hand,og,tilt,,"{""roll_deg"":0.1,""pitch_deg"":-4.4,""steady"":true}"
56.109,right_hand,og,acc,3113718,"{""seq"":2725,""x_mg"":0,""y_mg"":24,""z_mg"":1012}"
56.109,right_hand,og,tilt,,"{""roll_deg"":1.9,""pitch_deg"":-4.4,""steady"":true}"
56.141,right_hand,og,acc,3113739,"{""seq"":2726,""x_mg"":-36,""y_mg"":-88,""z_mg"":1056}"
56.141,right_hand,og,tilt,,"{""roll_deg"":2.0,""pitch_deg"":-5.2,""steady"":true}"
56.141,right_hand,og,acc,3113759,"{""seq"":2727,""x_mg"":-112,""y_mg"":-292,""z_mg"":1004}"
56.141,right_hand,og,tilt,,"{""roll_deg"":2.0,""pitch_deg"":-6.4,""steady"":true}"
56.172,right_hand,og,acc,3113780,"{""seq"":2728,""x_mg"":-128,""y_mg"":-452,""z_mg"":1044}"
56.172,right_hand,og,tilt,,"{""roll_deg"":-1.1,""pitch_deg"":-8.8,""steady"":true}"
56.187,right_hand,og,acc,3113800,"{""seq"":2729,""x_mg"":-64,""y_mg"":-212,""z_mg"":968}"
56.187,right_hand,og,tilt,,"{""roll_deg"":-4.9,""pitch_deg"":-10.8,""steady"":true}"
56.219,right_hand,og,acc,3113821,"{""seq"":2730,""x_mg"":-12,""y_mg"":-92,""z_mg"":908}"
56.219,right_hand,og,tilt,,"{""roll_deg"":-6.5,""pitch_deg"":-11.4,""steady"":true}"
56.219,right_hand,og,acc,3113842,"{""seq"":2731,""x_mg"":-24,""y_mg"":-8,""z_mg"":1012}"
56.219,right_hand,og,tilt,,"{""roll_deg"":-6.5,""pitch_deg"":-11.4,""steady"":true}"
56.250,right_hand,og,acc,3113862,"{""seq"":2732,""x_mg"":-12,""y_mg"":124,""z_mg"":1044}"
56.250,right_hand,og,tilt,,"{""roll_deg"":-5.1,""pitch_deg"":-11.4,""steady"":true}"
56.266,right_hand,og,acc,3113883,"{""seq"":2733,""x_mg"":24,""y_mg"":56,""z_mg"":1044}"
56.266,right_hand,og,tilt,,"{""roll_deg"":-4.5,""pitch_deg"":-11.4,""steady"":true}"
56.297,right_hand,og,acc,3113903,"{""seq"":2734,""x_mg"":68,""y_mg"":-72,""z_mg"":1048}"
56.297,right_hand,og,tilt,,"{""roll_deg"":-3.1,""pitch_deg"":-11.1,""steady"":true}"
56.297,right_hand,og,acc,3113924,"{""seq"":2735,""x_mg"":56,""y_mg"":-28,""z_mg"":1028}"
56.297,right_hand,og,tilt,,"{""roll_deg"":-2.6,""pitch_deg"":-10.6,""steady"":true}"
56.312,right_hand,og,acc,3113944,"{""seq"":2736,""x_mg"":96,""y_mg"":20,""z_mg"":988}"
56.312,right_hand,og,tilt,,"{""roll_deg"":-2.1,""pitch_deg"":-10.4,""steady"":true}"
56.344,right_hand,og,acc,3113965,"{""seq"":2737,""x_mg"":128,""y_mg"":-48,""z_mg"":944}"
56.344,right_hand,og,tilt,,"{""roll_deg"":-1.7,""pitch_deg"":-9.6,""steady"":true}"
56.375,right_hand,og,acc,3113986,"{""seq"":2738,""x_mg"":112,""y_mg"":-28,""z_mg"":940}"
56.375,right_hand,og,tilt,,"{""roll_deg"":-1.4,""pitch_deg"":-8.4,""steady"":true}"
56.406,right_hand,og,acc,3114006,"{""seq"":2739,""x_mg"":84,""y_mg"":-60,""z_mg"":960}"
56.406,right_hand,og,tilt,,"{""roll_deg"":-1.4,""pitch_deg"":-7.4,""steady"":true}"
56.406,right_hand,og,acc,3114027,"{""seq"":2740,""x_mg"":124,""y_mg"":48,""z_mg"":1092}"
56.406,right_hand,og,tilt,,"{""roll_deg"":-1.2,""pitch_deg"":-6.5,""steady"":true}"
56.437,right_hand,og,acc,3114047,"{""seq"":2741,""x_mg"":108,""y_mg"":44,""z_mg"":1012}"
56.437,right_hand,og,tilt,,"{""roll_deg"":-0.1,""pitch_deg"":-5.9,""steady"":true}"
56.469,right_hand,og,acc,3114068,"{""seq"":2742,""x_mg"":104,""y_mg"":44,""z_mg"":880}"
56.469,right_hand,og,tilt,,"{""roll_deg"":0.9,""pitch_deg"":-5.4,""steady"":true}"
56.469,right_hand,og,acc,3114088,"{""seq"":2743,""x_mg"":112,""y_mg"":120,""z_mg"":908}"
56.469,right_hand,og,tilt,,"{""roll_deg"":1.7,""pitch_deg"":-4.9,""steady"":true}"
56.516,right_hand,og,acc,3114109,"{""seq"":2744,""x_mg"":96,""y_mg"":160,""z_mg"":888}"
56.516,right_hand,og,tremor,,"{""rms_mg"":32.1,""peak_hz"":5.3}"
56.516,right_hand,og,tilt,,"{""roll_deg"":3.8,""pitch_deg"":-4.6,""steady"":true}"
56.516,right_hand,og,acc,3114129,"{""seq"":2745,""x_mg"":32,""y_mg"":176,""z_mg"":960}"
56.516,right_hand,og,tilt,,"{""roll_deg"":6.3,""pitch_deg"":-4.4,""steady"":true}"
56.531,right_hand,og,acc,3114150,"{""seq"":2746,""x_mg"":52,""y_mg"":264,""z_mg"":1120}"
56.531,right_hand,og,tilt,,"{""roll_deg"":8.2,""pitch_deg"":-4.4,""steady"":true}"
56.562,right_hand,og,acc,3114171,"{""seq"":2747,""x_mg"":72,""y_mg"":192,""z_mg"":984}"
56.562,right_hand,og,tilt,,"{""roll_deg"":9.7,""pitch_deg"":-4.6,""steady"":true}"
56.578,right_hand,og,acc,3114191,"{""seq"":2748,""x_mg"":108,""y_mg"":68,""z_mg"":924}"
56.578,right_hand,og,tilt,,"{""roll_deg"":10.6,""pitch_deg"":-4.7,""steady"":true}"
56.578,right_hand,og,acc,3114212,"{""seq"":2749,""x_mg"":112,""y_mg"":44,""z_mg"":964}"
56.578,right_hand,og,tilt,,"{""roll_deg"":10.0,""pitch_deg"":-4.7,""steady"":true}"
56.609,right_hand,og,acc,3114232,"{""seq"":2750,""x_mg"":92,""y_mg"":92,""z_mg"":1024}"
56.609,right_hand,og,tilt,,"{""roll_deg"":9.2,""pitch_deg"":-4.7,""steady"":true}"
56.641,right_hand,og,acc,3114253,"{""seq"":2751,""x_mg"":104,""y_mg"":76,""z_mg"":1000}"
56.641,right_hand,og,tilt,,"{""roll_deg"":8.7,""pitch_deg"":-4.7,""steady"":true}"
56.672,right_hand,og,acc,3114273,"{""seq"":2752,""x_mg"":80,""y_mg"":84,""z_mg"":988}"
56.672,right_hand,og,tilt,,"{""roll_deg"":8.4,""pitch_deg"":-4.7,""steady"":true}"
56.672,right_hand,og,acc,3114294,"{""seq"":2753,""x_mg"":52,""y_mg"":32,""z_mg"":960}"
56.672,right_hand,og,tilt,,"{""roll_deg"":8.2,""pitch_deg"":-4.7,""steady"":true}"
56.703,right_hand,og,acc,3114315,"{""seq"":2754,""x_mg"":72,""y_mg"":-48,""z_mg"":988}"
56.703,right_hand,og,tilt,,"{""roll_deg"":7.9,""pitch_deg"":-4.7,""steady"":true}"
56.719,right_hand,og,acc,3114335,"{""seq"":2755,""x_mg"":56,""y_mg"":-120,""z_mg"":1032}"
56.719,right_hand,og,tilt,,"{""roll_deg"":6.7,""pitch_deg"":-4.7,""steady"":true}"
56.750,right_hand,og,acc,3114356,"{""seq"":2756,""x_mg"":24,""y_mg"":-84,""z_mg"":1020}"
56.750,right_hand,og,tilt,,"{""roll_deg"":4.6,""pitch_deg"":-4.7,""steady"":true}"
56.750,right_hand,og,acc,3114376,"{""seq"":2757,""x_mg"":16,""y_mg"":-16,""z_mg"":952}"
56.750,right_hand,og,tilt,,"{""roll_deg"":2.8,""pitch_deg"":-4.9,""steady"":true}"
56.781,right_hand,og,acc,3114397,"{""seq"":2758,""x_mg"":8,""y_mg"":-24,""z_mg"":976}"
56.781,right_hand,og,tilt,,"{""roll_deg"":2.2,""pitch_deg"":-5.4,""steady"":true}"
56.797,right_hand,og,acc,3114417,"{""seq"":2759,""x_mg"":-24,""y_mg"":-32,""z_mg"":924}"
56.797,right_hand,og,tilt,,"{""roll_deg"":1.9,""pitch_deg"":-6.0,""steady"":true}"
56.828,right_hand,og,acc,3114438,"{""seq"":2760,""x_mg"":-16,""y_mg"":-248,""z_mg"":972}"
56.828,right_hand,og,tilt,,"{""roll_deg"":1.5,""pitch_deg"":-6.9,""steady"":true}"
56.859,right_hand,og,acc,3114459,"{""seq"":2761,""x_mg"":-40,""y_mg"":-288,""z_mg"":1044}"
56.859,right_hand,og,tilt,,"{""roll_deg"":-3.1,""pitch_deg"":-7.8,""steady"":true}"
56.859,right_hand,og,acc,3114479,"{""seq"":2762,""x_mg"":-84,""y_mg"":-36,""z_mg"":1048}"
56.859,right_hand,og,tilt,,"{""roll_deg"":-6.3,""pitch_deg"":-8.7,""steady"":true}"
56.891,right_hand,og,acc,3114500,"{""seq"":2763,""x_mg"":-84,""y_mg"":-20,""z_mg"":1108}"
56.891,right_hand,og,tilt,,"{""roll_deg"":-5.1,""pitch_deg"":-10.0,""steady"":true}"
56.922,right_hand,og,acc,3114520,"{""seq"":2764,""x_mg"":-112,""y_mg"":-92,""z_mg"":1172}"
56.922,right_hand,og,tilt,,"{""roll_deg"":-4.0,""pitch_deg"":-11.1,""steady"":true}"
56.922,right_hand,og,acc,3114541,"{""seq"":2765,""x_mg"":-72,""y_mg"":-100,""z_mg"":1068}"
56.922,right_hand,og,tilt,,"{""roll_deg"":-3.8,""pitch_deg"":-11.8,""steady"":true}"
56.937,right_hand,og,acc,3114561,"{""seq"":2766,""x_mg"":16,""y_mg"":-128,""z_mg"":916}"
56.937,right_hand,og,tilt,,"{""roll_deg"":-3.8,""pitch_deg"":-12.2,""steady"":true}"
56.969,right_hand,og,acc,3114582,"{""seq"":2767,""x_mg"":0,""y_mg"":-76,""z_mg"":852}"
56.969,right_hand,og,tilt,,"{""roll_deg"":-3.8,""pitch_deg"":-12.2,""steady"":true}"
57.000,right_hand,og,acc,3114603,"{""seq"":2768,""x_mg"":-24,""y_mg"":64,""z_mg"":960}"
57.000,right_hand,og,tilt,,"{""roll_deg"":-3.8,""pitch_deg"":-11.9,""steady"":true}"
57.000,right_hand,og,acc,3114623,"{""seq"":2769,""x_mg"":24,""y_mg"":-92,""z_mg"":1048}"
57.000,right_hand,og,tilt,,"{""roll_deg"":-3.8,""pitch_deg"":-11.6,""steady"":true}"
57.031,right_hand,og,acc,3114644,"{""seq"":2770,""x_mg"":48,""y_mg"":-160,""z_mg"":1080}"
57.031,right_hand,og,tilt,,"{""roll_deg"":-3.7,""pitch_deg"":-11.3,""steady"":true}"
57.062,right_hand,og,acc,3114664,"{""seq"":2771,""x_mg"":84,""y_mg"":-128,""z_mg"":1100}"
57.062,right_hand,og,tilt,,"{""roll_deg"":-3.7,""pitch_deg"":-11.1,""steady"":true}"
57.062,right_hand,og,acc,3114685,"{""seq"":2772,""x_mg"":104,""y_mg"":-64,""z_mg"":1020}"
57.062,right_hand,og,tilt,,"{""roll_deg"":-3.7,""pitch_deg"":-10.4,""steady"":true}"
57.094,right_hand,og,acc,3114705,"{""seq"":2773,""x_mg"":88,""y_mg"":28,""z_mg"":904}"
57.094,right_hand,og,tilt,,"{""roll_deg"":-3.7,""pitch_deg"":-9.5,""steady"":true}"
57.109,,game,brick,,"{""n"":22}"
57.125,right_hand,og,acc,3114726,"{""seq"":2774,""x_mg"":92,""y_mg"":64,""z_mg"":900}"
57.125,right_hand,og,tilt,,"{""roll_deg"":-3.2,""pitch_deg"":-8.4,""steady"":true}"
57.125,right_hand,og,acc,3114746,"{""seq"":2775,""x_mg"":88,""y_mg"":160,""z_mg"":988}"
57.125,right_hand,og,tilt,,"{""roll_deg"":-1.7,""pitch_deg"":-7.5,""steady"":true}"
57.141,right_hand,og,acc,3114767,"{""seq"":2776,""x_mg"":88,""y_mg"":160,""z_mg"":988}"
57.141,right_hand,og,tilt,,"{""roll_deg"":1.7,""pitch_deg"":-7.0,""steady"":true}"
57.172,right_hand,og,acc,3114788,"{""seq"":2777,""x_mg"":104,""y_mg"":180,""z_mg"":940}"
57.172,right_hand,og,tilt,,"{""roll_deg"":4.6,""pitch_deg"":-6.5,""steady"":true}"
57.203,right_hand,og,acc,3114808,"{""seq"":2778,""x_mg"":104,""y_mg"":156,""z_mg"":1000}"
57.203,right_hand,og,tilt,,"{""roll_deg"":6.6,""pitch_deg"":-6.0,""steady"":true}"
57.234,right_hand,og,acc,3114829,"{""seq"":2779,""x_mg"":56,""y_mg"":128,""z_mg"":964}"
57.234,right_hand,og,tilt,,"{""roll_deg"":7.9,""pitch_deg"":-5.6,""steady"":true}"
57.234,right_hand,og,acc,3114849,"{""seq"":2780,""x_mg"":56,""y_mg"":80,""z_mg"":948}"
57.234,right_hand,og,tilt,,"{""roll_deg"":8.2,""pitch_deg"":-5.6,""steady"":true}"
57.266,right_hand,og,acc,3114870,"{""seq"":2781,""x_mg"":36,""y_mg"":52,""z_mg"":936}"
57.266,right_hand,og,tilt,,"{""roll_deg"":8.2,""pitch_deg"":-5.6,""steady"":true}"
57.297,right_hand,og,acc,3114890,"{""seq"":2782,""x_mg"":16,""y_mg"":56,""z_mg"":928}"
57.297,right_hand,og,tilt,,"{""roll_deg"":7.8,""pitch_deg"":-5.6,""steady"":true}"
57.297,right_hand,og,acc,3114911,"{""seq"":2783,""x_mg"":16,""y_mg"":28,""z_mg"":924}"
57.297,right_hand,og,tilt,,"{""roll_deg"":7.3,""pitch_deg"":-5.8,""steady"":true}"
57.328,right_hand,og,acc,3114932,"{""seq"":2784,""x_mg"":20,""y_mg"":20,""z_mg"":1060}"
57.328,right_hand,og,tilt,,"{""roll_deg"":6.8,""pitch_deg"":-6.0,""steady"":true}"
57.328,right_hand,og,acc,3114952,"{""seq"":2785,""x_mg"":20,""y_mg"":-20,""z_mg"":1148}"
57.328,right_hand,og,tilt,,"{""roll_deg"":6.4,""pitch_deg"":-6.2,""steady"":true}"
57.344,right_hand,og,acc,3114973,"{""seq"":2786,""x_mg"":0,""y_mg"":-92,""z_mg"":1124}"
57.344,right_hand,og,tilt,,"{""roll_deg"":6.0,""pitch_deg"":-6.4,""steady"":true}"
57.375,right_hand,og,acc,3114993,"{""seq"":2787,""x_mg"":56,""y_mg"":-92,""z_mg"":964}"
57.375,right_hand,og,tilt,,"{""roll_deg"":4.6,""pitch_deg"":-6.7,""steady"":true}"
57.406,right_hand,og,acc,3115014,"{""seq"":2788,""x_mg"":80,""y_mg"":-100,""z_mg"":820}"
57.406,right_hand,og,tilt,,"{""roll_deg"":2.8,""pitch_deg"":-6.7,""steady"":true}"
57.437,right_hand,og,acc,3115034,"{""seq"":2789,""x_mg"":36,""y_mg"":-120,""z_mg"":976}"
57.437,right_hand,og,tilt,,"{""roll_deg"":0.8,""pitch_deg"":-6.7,""steady"":true}"
57.437,right_hand,og,acc,3115055,"{""seq"":2790,""x_mg"":-16,""y_mg"":-72,""z_mg"":1072}"
57.437,right_hand,og,tilt,,"{""roll_deg"":-0.9,""pitch_deg"":-6.7,""steady"":true}"
57.469,right_hand,og,acc,3115075,"{""seq"":2791,""x_mg"":56,""y_mg"":76,""z_mg"":1128}"
57.469,right_hand,og,tilt,,"{""roll_deg"":-1.1,""pitch_deg"":-6.7,""steady"":true}"
57.500,right_hand,og,acc,3115096,"{""seq"":2792,""x_mg"":64,""y_mg"":88,""z_mg"":1008}"
57.500,right_hand,og,tilt,,"{""roll_deg"":-0.4,""pitch_deg"":-6.7,""steady"":true}"
57.500,right_hand,og,acc,3115117,"{""seq"":2793,""x_mg"":68,""y_mg"":4,""z_mg"":976}"
57.500,right_hand,og,tilt,,"{""roll_deg"":0.3,""pitch_deg"":-6.7,""steady"":true}"
57.531,right_hand,og,acc,3115137,"{""seq"":2794,""x_mg"":84,""y_mg"":44,""z_mg"":992}"
57.531,right_hand,og,tilt,,"{""roll_deg"":0.6,""pitch_deg"":-6.7,""steady"":true}"
57.531,right_hand,og,acc,3115158,"{""seq"":2795,""x_mg"":100,""y_mg"":24,""z_mg"":996}"
57.531,right_hand,og,tilt,,"{""roll_deg"":0.8,""pitch_deg"":-6.7,""steady"":true}"
57.562,right_hand,og,acc,3115178,"{""seq"":2796,""x_mg"":60,""y_mg"":92,""z_mg"":980}"
57.562,right_hand,og,tilt,,"{""roll_deg"":1.1,""pitch_deg"":-6.7,""steady"":true}"
57.594,right_hand,og,acc,3115199,"{""seq"":2797,""x_mg"":24,""y_mg"":144,""z_mg"":956}"
57.594,right_hand,og,tilt,,"{""roll_deg"":2.1,""pitch_deg"":-6.7,""steady"":true}"
57.594,right_hand,og,acc,3115219,"{""seq"":2798,""x_mg"":24,""y_mg"":208,""z_mg"":932}"
57.594,right_hand,og,tilt,,"{""roll_deg"":3.9,""pitch_deg"":-6.7,""steady"":true}"
57.625,right_hand,og,acc,3115240,"{""seq"":2799,""x_mg"":52,""y_mg"":84,""z_mg"":900}"
57.625,right_hand,og,tilt,,"{""roll_deg"":5.5,""pitch_deg"":-6.7,""steady"":true}"
57.656,right_hand,og,acc,3115261,"{""seq"":2800,""x_mg"":28,""y_mg"":164,""z_mg"":992}"
57.656,right_hand,og,tilt,,"{""roll_deg"":7.1,""pitch_deg"":-6.7,""steady"":true}"
57.672,right_hand,og,acc,3115281,"{""seq"":2801,""x_mg"":36,""y_mg"":168,""z_mg"":1132}"
57.672,right_hand,og,tilt,,"{""roll_deg"":7.9,""pitch_deg"":-6.7,""steady"":true}"
57.703,right_hand,og,acc,3115302,"{""seq"":2802,""x_mg"":52,""y_mg"":208,""z_mg"":1136}"
57.703,right_hand,og,tilt,,"{""roll_deg"":8.7,""pitch_deg"":-6.7,""steady"":true}"
57.703,right_hand,og,acc,3115322,"{""seq"":2803,""x_mg"":36,""y_mg"":76,""z_mg"":1144}"
57.703,right_hand,og,tilt,,"{""roll_deg"":9.0,""pitch_deg"":-6.8,""steady"":true}"
57.734,right_hand,og,acc,3115343,"{""seq"":2804,""x_mg"":52,""y_mg"":-56,""z_mg"":1092}"
57.734,right_hand,og,tilt,,"{""roll_deg"":9.0,""pitch_deg"":-6.8,""steady"":true}"
57.734,right_hand,og,acc,3115363,"{""seq"":2805,""x_mg"":56,""y_mg"":-36,""z_mg"":960}"
57.734,right_hand,og,tilt,,"{""roll_deg"":7.9,""pitch_deg"":-6.8,""steady"":true}"
57.750,right_hand,og,acc,3115384,"{""seq"":2806,""x_mg"":76,""y_mg"":-76,""z_mg"":900}"
57.750,right_hand,og,tilt,,"{""roll_deg"":7.0,""pitch_deg"":-6.8,""steady"":true}"
57.781,right_hand,og,acc,3115405,"{""seq"":2807,""x_mg"":72,""y_mg"":0,""z_mg"":876}"
57.781,right_hand,og,tilt,,"{""roll_deg"":5.7,""pitch_deg"":-6.8,""steady"":true}"
57.812,right_hand,og,acc,3115425,"{""seq"":2808,""x_mg"":68,""y_mg"":128,""z_mg"":924}"
57.812,right_hand,og,tilt,,"{""roll_deg"":5.1,""pitch_deg"":-6.8,""steady"":true}"
57.844,right_hand,og,acc,3115446,"{""seq"":2809,""x_mg"":84,""y_mg"":100,""z_mg"":964}"
57.844,right_hand,og,tilt,,"{""roll_deg"":5.1,""pitch_deg"":-6.8,""steady"":true}"
57.844,right_hand,og,acc,3115466,"{""seq"":2810,""x_mg"":108,""y_mg"":-60,""z_mg"":964}"
57.844,right_hand,og,tilt,,"{""roll_deg"":5.1,""pitch_deg"":-6.8,""steady"":true}"
57.875,right_hand,og,acc,3115487,"{""seq"":2811,""x_mg"":112,""y_mg"":-96,""z_mg"":920}"
57.875,right_hand,og,tilt,,"{""roll_deg"":4.5,""pitch_deg"":-6.3,""steady"":true}"
57.875,right_hand,og,acc,3115507,"{""seq"":2812,""x_mg"":120,""y_mg"":-60,""z_mg"":964}"
57.875,right_hand,og,tilt,,"{""roll_deg"":3.2,""pitch_deg"":-5.8,""steady"":true}"
57.922,right_hand,og,acc,3115528,"{""seq"":2813,""x_mg"":128,""y_mg"":64,""z_mg"":996}"
57.922,right_hand,og,tilt,,"{""roll_deg"":2.1,""pitch_deg"":-5.3,""steady"":true}"
57.953,right_hand,og,acc,3115548,"{""seq"":2814,""x_mg"":112,""y_mg"":72,""z_mg"":1020}"
57.953,right_hand,og,tilt,,"{""roll_deg"":2.1,""pitch_deg"":-4.9,""steady"":true}"
57.953,right_hand,og,acc,3115569,"{""seq"":2815,""x_mg"":92,""y_mg"":40,""z_mg"":984}"
57.953,right_hand,og,tilt,,"{""roll_deg"":2.5,""pitch_deg"":-4.7,""steady"":true}"
57.984,right_hand,og,acc,3115590,"{""seq"":2816,""x_mg"":84,""y_mg"":12,""z_mg"":940}"
57.984,right_hand,og,tilt,,"{""roll_deg"":2.7,""pitch_deg"":-4.7,""steady"":true}"
58.016,right_hand,og,acc,3115610,"{""seq"":2817,""x_mg"":44,""y_mg"":16,""z_mg"":892}"
58.016,right_hand,og,tilt,,"{""roll_deg"":2.7,""pitch_deg"":-4.7,""steady"":true}"
58.016,right_hand,og,acc,3115631,"{""seq"":2818,""x_mg"":-24,""y_mg"":140,""z_mg"":1032}"
58.016,right_hand,og,tilt,,"{""roll_deg"":2.7,""pitch_deg"":-4.7,""steady"":true}"
58.047,right_hand,og,acc,3115651,"{""seq"":2819,""x_mg"":-44,""y_mg"":224,""z_mg"":1036}"
58.047,right_hand,og,tilt,,"{""roll_deg"":3.2,""pitch_deg"":-4.8,""steady"":true}"
58.047,right_hand,og,acc,3115672,"{""seq"":2820,""x_mg"":56,""y_mg"":164,""z_mg"":1040}"
58.047,right_hand,og,tilt,,"{""roll_deg"":4.4,""pitch_deg"":-5.7,""steady"":true}"
58.078,right_hand,og,acc,3115692,"{""seq"":2821,""x_mg"":76,""y_mg"":92,""z_mg"":1124}"
58.078,right_hand,og,tilt,,"{""roll_deg"":5.6,""pitch_deg"":-5.8,""steady"":true}"
58.109,right_hand,og,acc,3115713,"{""seq"":2822,""x_mg"":56,""y_mg"":-20,""z_mg"":1012}"
58.109,right_hand,og,tilt,,"{""roll_deg"":5.7,""pitch_deg"":-5.8,""steady"":true}"
58.109,right_hand,og,acc,3115734,"{""seq"":2823,""x_mg"":112,""y_mg"":16,""z_mg"":916}"
58.109,right_hand,og,tilt,,"{""roll_deg"":5.7,""pitch_deg"":-5.8,""steady"":true}"
58.141,right_hand,og,acc,3115754,"{""seq"":2824,""x_mg"":72,""y_mg"":84,""z_mg"":912}"
58.141,right_hand,og,tilt,,"{""roll_deg"":5.7,""pitch_deg"":-5.8,""steady"":true}"
58.172,right_hand,og,acc,3115775,"{""seq"":2825,""x_mg"":0,""y_mg"":228,""z_mg"":936}"
58.172,right_hand,og,tilt,,"{""roll_deg"":5.7,""pitch_deg"":-5.8,""steady"":true}"
58.172,right_hand,og,acc,3115795,"{""seq"":2826,""x_mg"":20,""y_mg"":224,""z_mg"":900}"
58.172,right_hand,og,tilt,,"{""roll_deg"":7.3,""pitch_deg"":-5.9,""steady"":true}"
58.203,right_hand,og,acc,3115816,"{""seq"":2827,""x_mg"":56,""y_mg"":44,""z_mg"":916}"
58.203,right_hand,og,tilt,,"{""roll_deg"":9.4,""pitch_deg"":-6.2,""steady"":true}"
58.234,right_hand,og,acc,3115836,"{""seq"":2828,""x_mg"":60,""y_mg"":44,""z_mg"":1000}"
58.234,right_hand,og,tilt,,"{""roll_deg"":9.2,""pitch_deg"":-6.2,""steady"":true}"
58.234,right_hand,og,acc,3115857,"{""seq"":2829,""x_mg"":48,""y_mg"":204,""z_mg"":1024}"
58.234,right_hand,og,tilt,,"{""roll_deg"":8.5,""pitch_deg"":-6.2,""steady"":true}"
58.266,right_hand,og,acc,3115878,"{""seq"":2830,""x_mg"":48,""y_mg"":236,""z_mg"":1052}"
58.266,right_hand,og,tilt,,"{""roll_deg"":8.7,""pitch_deg"":-6.2,""steady"":true}"
58.297,right_hand,og,acc,3115898,"{""seq"":2831,""x_mg"":76,""y_mg"":180,""z_mg"":1032}"
58.297,right_hand,og,tilt,,"{""roll_deg"":9.5,""pitch_deg"":-6.3,""steady"":true}"
58.297,right_hand,og,acc,3115919,"{""seq"":2832,""x_mg"":132,""y_mg"":-24,""z_mg"":948}"
58.297,right_hand,og,tilt,,"{""roll_deg"":9.9,""pitch_deg"":-6.3,""steady"":true}"
58.328,right_hand,og,acc,3115939,"{""seq"":2833,""x_mg"":96,""y_mg"":4,""z_mg"":924}"
58.328,right_hand,og,tilt,,"{""roll_deg"":9.8,""pitch_deg"":-6.3,""steady"":true}"
58.359,right_hand,og,acc,3115960,"{""seq"":2834,""x_mg"":64,""y_mg"":-116,""z_mg"":968}"
58.359,right_hand,og,tilt,,"{""roll_deg"":8.7,""pitch_deg"":-6.3,""steady"":true}"
58.359,right_hand,og,acc,3115980,"{""seq"":2835,""x_mg"":56,""y_mg"":-228,""z_mg"":988}"
58.359,right_hand,og,tilt,,"{""roll_deg"":5.6,""pitch_deg"":-6.3,""steady"":true}"
58.375,right_hand,og,acc,3116001,"{""seq"":2836,""x_mg"":12,""y_mg"":-256,""z_mg"":1068}"
58.375,right_hand,og,tilt,,"{""roll_deg"":-0.1,""pitch_deg"":-6.3,""steady"":true}"
58.406,right_hand,og,acc,3116022,"{""seq"":2837,""x_mg"":-4,""y_mg"":-196,""z_mg"":1008}"
58.406,right_hand,og,tilt,,"{""roll_deg"":-4.2,""pitch_deg"":-6.3,""steady"":true}"
58.422,,game,drop,,"{""n"":12}"
58.437,right_hand,og,acc,3116042,"{""seq"":2838,""x_mg"":8,""y_mg"":-44,""z_mg"":972}"
58.437,right_hand,og,tilt,,"{""roll_deg"":-5.9,""pitch_deg"":-6.3,""steady"":true}"
58.469,right_hand,og,acc,3116063,"{""seq"":2839,""x_mg"":20,""y_mg"":144,""z_mg"":992}"
58.469,right_hand,og,tilt,,"{""roll_deg"":-4.9,""pitch_deg"":-6.7,""steady"":true}"
58.469,right_hand,og,acc,3116083,"{""seq"":2840,""x_mg"":0,""y_mg"":152,""z_mg"":1024}"
58.469,right_hand,og,tilt,,"{""roll_deg"":-2.3,""pitch_deg"":-7.0,""steady"":true}"
58.500,right_hand,og,acc,3116104,"{""seq"":2841,""x_mg"":32,""y_mg"":104,""z_mg"":1008}"
58.500,right_hand,og,tilt,,"{""roll_deg"":-1.2,""pitch_deg"":-7.2,""steady"":true}"
58.516,right_hand,og,acc,3116124,"{""seq"":2842,""x_mg"":12,""y_mg"":0,""z_mg"":1064}"
58.516,right_hand,og,tremor,,"{""rms_mg"":105.3,""peak_hz"":4.6}"
58.516,right_hand,og,tilt,,"{""roll_deg"":0.3,""pitch_deg"":-7.4,""steady"":true}"
58.531,right_hand,og,acc,3116145,"{""seq"":2843,""x_mg"":24,""y_mg"":-188,""z_mg"":944}"
58.531,right_hand,og,tilt,,"{""roll_deg"":0.5,""pitch_deg"":-7.5,""steady"":true}"
58.531,right_hand,og,acc,3116166,"{""seq"":2844,""x_mg"":20,""y_mg"":-260,""z_mg"":860}"
58.531,right_hand,og,tilt,,"{""roll_deg"":0.5,""pitch_deg"":-7.6,""steady"":true}"
58.562,right_hand,og,acc,3116186,"{""seq"":2845,""x_mg"":36,""y_mg"":-244,""z_mg"":860}"
58.562,right_hand,og,tilt,,"{""roll_deg"":-2.5,""pitch_deg"":-7.6,""steady"":true}"
58.578,right_hand,og,acc,3116207,"{""seq"":2846,""x_mg"":44,""y_mg"":-176,""z_mg"":1016}"
58.578,right_hand,og,tilt,,"{""roll_deg"":-5.8,""pitch_deg"":-7.6,""steady"":true}"
58.609,right_hand,og,acc,3116227,"{""seq"":2847,""x_mg"":36,""y_mg"":-156,""z_mg"":1156}"
58.609,right_hand,og,tilt,,"{""roll_deg"":-6.3,""pitch_deg"":-7.6,""steady"":true}"
58.656,right_hand,og,acc,3116248,"{""seq"":2848,""x_mg"":56,""y_mg"":-140,""z_mg"":1100}"
58.656,right_hand,og,tilt,,"{""roll_deg"":-6.3,""pitch_deg"":-7.6,""steady"":true}"
58.656,right_hand,og,acc,3116268,"{""seq"":2849,""x_mg"":100,""y_mg"":-176,""z_mg"":980}"
58.656,right_hand,og,tilt,,"{""roll_deg"":-6.3,""pitch_deg"":-7.6,""steady"":true}"
58.687,right_hand,og,acc,3116289,"{""seq"":2850,""x_mg"":116,""y_mg"":-152,""z_mg"":960}"
58.687,right_hand,og,tilt,,"{""roll_deg"":-6.3,""pitch_deg"":-7.6,""steady"":true}"
58.719,right_hand,og,acc,3116310,"{""seq"":2851,""x_mg"":104,""y_mg"":-172,""z_mg"":916}"
58.719,right_hand,og,tilt,,"{""roll_deg"":-6.5,""pitch_deg"":-7.3,""steady"":true}"
58.719,right_hand,og,acc,3116330,"{""seq"":2852,""x_mg"":80,""y_mg"":-88,""z_mg"":952}"
58.719,right_hand,og,tilt,,"{""roll_deg"":-6.5,""pitch_deg"":-6.8,""steady"":true}"
58.750,right_hand,og,acc,3116351,"{""seq"":2853,""x_mg"":84,""y_mg"":-12,""z_mg"":960}"
58.750,right_hand,og,tilt,,"{""roll_deg"":-6.5,""pitch_deg"":-6.5,""steady"":true}"
58.750,right_hand,og,acc,3116371,"{""seq"":2854,""x_mg"":116,""y_mg"":4,""z_mg"":976}"
58.750,right_hand,og,tilt,,"{""roll_deg"":-6.3,""pitch_deg"":-6.3,""steady"":true}"
58.781,right_hand,og,acc,3116392,"{""seq"":2855,""x_mg"":120,""y_mg"":-8,""z_mg"":988}"
58.781,right_hand,og,tilt,,"{""roll_deg"":-5.2,""pitch_deg"":-5.7,""steady"":true}"
58.812,right_hand,og,acc,3116412,"{""seq"":2856,""x_mg"":108,""y_mg"":-76,""z_mg"":996}"
58.812,right_hand,og,tilt,,"{""roll_deg"":-4.0,""pitch_deg"":-5.3,""steady"":true}"
58.812,right_hand,og,acc,3116433,"{""seq"":2857,""x_mg"":72,""y_mg"":16,""z_mg"":1008}"
58.812,right_hand,og,tilt,,"{""roll_deg"":-2.9,""pitch_deg"":-5.0,""steady"":true}"
58.844,right_hand,og,acc,3116453,"{""seq"":2858,""x_mg"":68,""y_mg"":32,""z_mg"":916}"
58.844,right_hand,og,tilt,,"{""roll_deg"":-1.6,""pitch_deg"":-5.0,""steady"":true}"
58.875,right_hand,og,acc,3116474,"{""seq"":2859,""x_mg"":52,""y_mg"":60,""z_mg"":944}"
58.875,right_hand,og,tilt,,"{""roll_deg"":-0.2,""pitch_deg"":-5.0,""steady"":true}"
58.875,right_hand,og,acc,3116495,"{""seq"":2860,""x_mg"":44,""y_mg"":48,""z_mg"":1076}"
58.875,right_hand,og,tilt,,"{""roll_deg"":1.1,""pitch_deg"":-5.0,""steady"":true}"
58.891,right_hand,og,acc,3116515,"{""seq"":2861,""x_mg"":12,""y_mg"":84,""z_mg"":1024}"
58.891,right_hand,og,tilt,,"{""roll_deg"":2.2,""pitch_deg"":-5.0,""steady"":true}"
58.922,right_hand,og,acc,3116536,"{""seq"":2862,""x_mg"":-24,""y_mg"":144,""z_mg"":1056}"
58.922,right_hand,og,tilt,,"{""roll_deg"":3.4,""pitch_deg"":-5.2,""steady"":true}"
58.953,right_hand,og,acc,3116556,"{""seq"":2863,""x_mg"":-28,""y_mg"":168,""z_mg"":1044}"
58.953,right_hand,og,tilt,,"{""roll_deg"":5.3,""pitch_deg"":-6.0,""steady"":true}"
58.969,right_hand,og,acc,3116577,"{""seq"":2864,""x_mg"":-32,""y_mg"":220,""z_mg"":1000}"
58.969,right_hand,og,tilt,,"{""roll_deg"":7.1,""pitch_deg"":-6.9,""steady"":true}"
58.969,right_hand,og,acc,3116597,"{""seq"":2865,""x_mg"":-4,""y_mg"":172,""z_mg"":960}"
58.969,right_hand,og,tilt,,"{""roll_deg"":8.6,""pitch_deg"":-7.7,""steady"":true}"
59.016,right_hand,og,acc,3116618,"{""seq"":2866,""x_mg"":20,""y_mg"":104,""z_mg"":916}"
59.016,right_hand,og,tilt,,"{""roll_deg"":9.6,""pitch_deg"":-8.1,""steady"":true}"
59.016,right_hand,og,acc,3116639,"{""seq"":2867,""x_mg"":52,""y_mg"":116,""z_mg"":904}"
59.016,right_hand,og,tilt,,"{""roll_deg"":9.6,""pitch_deg"":-8.1,""steady"":true}"
59.047,right_hand,og,acc,3116659,"{""seq"":2868,""x_mg"":76,""y_mg"":44,""z_mg"":892}"
59.047,right_hand,og,tilt,,"{""roll_deg"":9.6,""pitch_deg"":-8.1,""steady"":true}"
59.062,right_hand,og,acc,3116680,"{""seq"":2869,""x_mg"":76,""y_mg"":72,""z_mg"":952}"
59.062,right_hand,og,tilt,,"{""roll_deg"":9.0,""pitch_deg"":-8.1,""steady"":true}"
59.094,right_hand,og,acc,3116700,"{""seq"":2870,""x_mg"":124,""y_mg"":4,""z_mg"":980}"
59.094,right_hand,og,tilt,,"{""roll_deg"":8.3,""pitch_deg"":-8.0,""steady"":true}"
59.109,right_hand,og,acc,3116721,"{""seq"":2871,""x_mg"":152,""y_mg"":-76,""z_mg"":972}"
59.109,right_hand,og,tilt,,"{""roll_deg"":7.7,""pitch_deg"":-7.5,""steady"":true}"
59.109,right_hand,og,acc,3116741,"{""seq"":2872,""x_mg"":160,""y_mg"":-164,""z_mg"":940}"
59.109,right_hand,og,tilt,,"{""roll_deg"":6.4,""pitch_deg"":-6.4,""steady"":true}"
59.141,right_hand,og,acc,3116762,"{""seq"":2873,""x_mg"":172,""y_mg"":-172,""z_mg"":952}"
59.141,right_hand,og,tilt,,"{""roll_deg"":2.7,""pitch_deg"":-5.2,""steady"":true}"
59.156,right_hand,og,acc,3116783,"{""seq"":2874,""x_mg"":196,""y_mg"":-108,""z_mg"":1012}"
59.156,right_hand,og,tilt,,"{""roll_deg"":-0.6,""pitch_deg"":-3.9,""steady"":true}"
59.187,right_hand,og,acc,3116803,"{""seq"":2875,""x_mg"":144,""y_mg"":-168,""z_mg"":1028}"
59.187,right_hand,og,tilt,,"{""roll_deg"":-2.7,""pitch_deg"":-3.0,""steady"":true}"
59.219,right_hand,og,acc,3116824,"{""seq"":2876,""x_mg"":196,""y_mg"":-348,""z_mg"":1048}"
59.219,right_hand,og,tilt,,"{""roll_deg"":-4.2,""pitch_deg"":-2.2,""steady"":true}"
59.219,right_hand,og,acc,3116844,"{""seq"":2877,""x_mg"":184,""y_mg"":-284,""z_mg"":980}"
59.219,right_hand,og,tilt,,"{""roll_deg"":-7.7,""pitch_deg"":-1.7,""steady"":true}"
59.250,right_hand,og,acc,3116865,"{""seq"":2878,""x_mg"":104,""y_mg"":-216,""z_mg"":908}"
59.250,right_hand,og,tilt,,"{""roll_deg"":-10.0,""pitch_deg"":-1.3,""steady"":true}"
59.281,right_hand,og,acc,3116885,"{""seq"":2879,""x_mg"":96,""y_mg"":-240,""z_mg"":1068}"
59.281,right_hand,og,tilt,,"{""roll_deg"":-10.4,""pitch_deg"":-1.3,""steady"":true}"
59.281,right_hand,og,acc,3116906,"{""seq"":2880,""x_mg"":68,""y_mg"":-52,""z_mg"":1028}"
59.281,right_hand,og,tilt,,"{""roll_deg"":-10.4,""pitch_deg"":-1.6,""steady"":true}"
59.312,right_hand,og,acc,3116927,"{""seq"":2881,""x_mg"":88,""y_mg"":-104,""z_mg"":976}"
59.312,right_hand,og,tilt,,"{""roll_deg"":-9.4,""pitch_deg"":-1.9,""steady"":true}"
59.344,right_hand,og,acc,3116947,"{""seq"":2882,""x_mg"":92,""y_mg"":-88,""z_mg"":972}"
59.344,right_hand,og,tilt,,"{""roll_deg"":-8.2,""pitch_deg"":-2.1,""steady"":true}"
59.359,right_hand,og,acc,3116968,"{""seq"":2883,""x_mg"":92,""y_mg"":-64,""z_mg"":968}"
59.359,right_hand,og,tilt,,"{""roll_deg"":-7.6,""pitch_deg"":-2.3,""steady"":true}"
59.359,right_hand,og,acc,3116988,"{""seq"":2884,""x_mg"":92,""y_mg"":-36,""z_mg"":960}"
59.359,right_hand,og,tilt,,"{""roll_deg"":-7.2,""pitch_deg"":-2.4,""steady"":true}"
59.391,right_hand,og,acc,3117009,"{""seq"":2885,""x_mg"":80,""y_mg"":-16,""z_mg"":1016}"
59.391,right_hand,og,tilt,,"{""roll_deg"":-6.4,""pitch_deg"":-2.5,""steady"":true}"
59.453,right_hand,og,acc,3117029,"{""seq"":2886,""x_mg"":48,""y_mg"":-88,""z_mg"":1032}"
59.453,right_hand,og,tilt,,"{""roll_deg"":-5.4,""pitch_deg"":-2.8,""steady"":true}"
59.453,right_hand,og,acc,3117050,"{""seq"":2887,""x_mg"":72,""y_mg"":-100,""z_mg"":1000}"
59.453,right_hand,og,tilt,,"{""roll_deg"":-5.0,""pitch_deg"":-3.1,""steady"":true}"
59.453,right_hand,og,acc,3117071,"{""seq"":2888,""x_mg"":80,""y_mg"":-84,""z_mg"":968}"
59.453,right_hand,og,tilt,,"{""roll_deg"":-4.7,""pitch_deg"":-3.5,""steady"":true}"
59.469,right_hand,og,acc,3117091,"{""seq"":2889,""x_mg"":84,""y_mg"":-84,""z_mg"":972}"
59.469,right_hand,og,tilt,,"{""roll_deg"":-4.5,""pitch_deg"":-3.6,""steady"":true}"
59.500,right_hand,og,acc,3117112,"{""seq"":2890,""x_mg"":76,""y_mg"":-88,""z_mg"":984}"
59.500,right_hand,og,tilt,,"{""roll_deg"":-4.3,""pitch_deg"":-3.8,""steady"":true}"
59.531,right_hand,og,acc,3117132,"{""seq"":2891,""x_mg"":84,""y_mg"":-80,""z_mg"":1012}"
59.531,right_hand,og,tilt,,"{""roll_deg"":-4.2,""pitch_deg"":-3.9,""steady"":true}"
59.547,right_hand,og,acc,3117153,"{""seq"":2892,""x_mg"":80,""y_mg"":-72,""z_mg"":992}"
59.547,right_hand,og,tilt,,"{""roll_deg"":-4.0,""pitch_deg"":-4.1,""steady"":true}"
59.547,right_hand,og,acc,3117173,"{""seq"":2893,""x_mg"":80,""y_mg"":-80,""z_mg"":992}"
59.547,right_hand,og,tilt,,"{""roll_deg"":-3.8,""pitch_deg"":-4.2,""steady"":true}"
59.578,right_hand,og,acc,3117194,"{""seq"":2894,""x_mg"":76,""y_mg"":-64,""z_mg"":988}"
59.578,right_hand,og,tilt,,"{""roll_deg"":-3.6,""pitch_deg"":-4.3,""steady"":true}"
59.594,right_hand,og,acc,3117214,"{""seq"":2895,""x_mg"":88,""y_mg"":-80,""z_mg"":992}"
59.594,right_hand,og,tilt,,"{""roll_deg"":-3.5,""pitch_deg"":-4.3,""steady"":true}"
59.625,right_hand,og,acc,3117235,"{""seq"":2896,""x_mg"":76,""y_mg"":-76,""z_mg"":1004}"
59.625,right_hand,og,tilt,,"{""roll_deg"":-3.4,""pitch_deg"":-4.4,""steady"":true}"
59.656,right_hand,og,acc,3117256,"{""seq"":2897,""x_mg"":84,""y_mg"":-88,""z_mg"":996}"
59.656,right_hand,og,tilt,,"{""roll_deg"":-3.4,""pitch_deg"":-4.4,""steady"":true}"
59.656,right_hand,og,acc,3117276,"{""seq"":2898,""x_mg"":88,""y_mg"":-76,""z_mg"":988}"
59.656,right_hand,og,tilt,,"{""roll_deg"":-3.3,""pitch_deg"":-4.5,""steady"":true}"
59.672,right_hand,og,acc,3117297,"{""seq"":2899,""x_mg"":68,""y_mg"":-56,""z_mg"":1008}"
59.672,right_hand,og,tilt,,"{""roll_deg"":-3.3,""pitch_deg"":-4.5,""steady"":true}"
59.687,right_hand,og,acc,3117317,"{""seq"":2900,""x_mg"":84,""y_mg"":-52,""z_mg"":996}"
59.687,right_hand,og,tilt,,"{""roll_deg"":-3.0,""pitch_deg"":-4.5,""steady"":true}"
59.719,right_hand,og,acc,3117338,"{""seq"":2901,""x_mg"":76,""y_mg"":-52,""z_mg"":980}"
59.719,right_hand,og,tilt,,"{""roll_deg"":-2.8,""pitch_deg"":-4.5,""steady"":true}"
59.734,right_hand,og,acc,3117358,"{""seq"":2902,""x_mg"":84,""y_mg"":-60,""z_mg"":984}"
59.734,right_hand,og,tilt,,"{""roll_deg"":-2.6,""pitch_deg"":-4.5,""steady"":true}"
59.766,right_hand,og,acc,3117379,"{""seq"":2903,""x_mg"":88,""y_mg"":-80,""z_mg"":984}"
59.766,right_hand,og,tilt,,"{""roll_deg"":-2.5,""pitch_deg"":-4.5,""steady"":true}"
59.797,right_hand,og,acc,3117400,"{""seq"":2904,""x_mg"":88,""y_mg"":-80,""z_mg"":996}"
59.797,right_hand,og,tilt,,"{""roll_deg"":-2.5,""pitch_deg"":-4.5,""steady"":true}"
59.797,right_hand,og,acc,3117420,"{""seq"":2905,""x_mg"":80,""y_mg"":-88,""z_mg"":988}"
59.797,right_hand,og,tilt,,"{""roll_deg"":-2.5,""pitch_deg"":-4.5,""steady"":true}"
59.812,right_hand,og,acc,3117441,"{""seq"":2906,""x_mg"":76,""y_mg"":-68,""z_mg"":1000}"
59.812,right_hand,og,tilt,,"{""roll_deg"":-2.5,""pitch_deg"":-4.5,""steady"":true}"
59.844,right_hand,og,acc,3117461,"{""seq"":2907,""x_mg"":84,""y_mg"":-64,""z_mg"":960}"
59.844,right_hand,og,tilt,,"{""roll_deg"":-2.5,""pitch_deg"":-4.5,""steady"":true}"
59.859,right_hand,og,acc,3117482,"{""seq"":2908,""x_mg"":72,""y_mg"":-68,""z_mg"":900}"
59.859,right_hand,og,tilt,,"{""roll_deg"":-2.5,""pitch_deg"":-4.6,""steady"":true}"
59.875,right_hand,og,acc,3117502,"{""seq"":2909,""x_mg"":112,""y_mg"":-92,""z_mg"":1008}"
59.875,right_hand,og,tilt,,"{""roll_deg"":-2.5,""pitch_deg"":-4.6,""steady"":true}"
59.891,right_hand,og,acc,3117523,"{""seq"":2910,""x_mg"":60,""y_mg"":-128,""z_mg"":1152}"
59.906,right_hand,og,tilt,,"{""roll_deg"":-2.5,""pitch_deg"":-4.6,""steady"":true}"
59.922,right_hand,og,acc,3117543,"{""seq"":2911,""x_mg"":72,""y_mg"":80,""z_mg"":1112}"
59.922,right_hand,og,tilt,,"{""roll_deg"":-2.5,""pitch_deg"":-4.7,""steady"":true}"
59.937,right_hand,og,acc,3117564,"{""seq"":2912,""x_mg"":64,""y_mg"":-12,""z_mg"":956}"
59.937,right_hand,og,tilt,,"{""roll_deg"":-2.4,""pitch_deg"":-4.8,""steady"":true}"
59.969,right_hand,og,acc,3117585,"{""seq"":2913,""x_mg"":88,""y_mg"":-88,""z_mg"":944}"
59.969,right_hand,og,tilt,,"{""roll_deg"":-2.0,""pitch_deg"":-4.9,""steady"":true}"
60.000,right_hand,og,acc,3117605,"{""seq"":2914,""x_mg"":88,""y_mg"":-48,""z_mg"":1004}"
60.000,right_hand,og,tilt,,"{""roll_deg"":-1.9,""pitch_deg"":-4.9,""steady"":true}"
60.016,right_hand,og,acc,3117626,"{""seq"":2915,""x_mg"":112,""y_mg"":-40,""z_mg"":1008}"
60.016,right_hand,og,tilt,,"{""roll_deg"":-1.8,""pitch_deg"":-4.9,""steady"":true}"
60.047,right_hand,og,acc,3117646,"{""seq"":2916,""x_mg"":124,""y_mg"":-44,""z_mg"":964}"
60.047,right_hand,og,tilt,,"{""roll_deg"":-1.7,""pitch_deg"":-4.9,""steady"":true}"
60.047,right_hand,og,acc,3117667,"{""seq"":2917,""x_mg"":120,""y_mg"":-68,""z_mg"":944}"
60.047,right_hand,og,tilt,,"{""roll_deg"":-1.6,""pitch_deg"":-4.9,""steady"":true}"
60.062,right_hand,og,acc,3117687,"{""seq"":2918,""x_mg"":112,""y_mg"":-108,""z_mg"":1008}"
60.062,right_hand,og,tilt,,"{""roll_deg"":-1.6,""pitch_deg"":-4.9,""steady"":true}"
60.094,right_hand,og,acc,3117708,"{""seq"":2919,""x_mg"":116,""y_mg"":-64,""z_mg"":1004}"
60.094,right_hand,og,tilt,,"{""roll_deg"":-1.6,""pitch_deg"":-4.8,""steady"":true}"
60.109,right_hand,og,acc,3117729,"{""seq"":2920,""x_mg"":100,""y_mg"":-84,""z_mg"":988}"
60.109,right_hand,og,tilt,,"{""roll_deg"":-1.6,""pitch_deg"":-4.7,""steady"":true}"
60.141,right_hand,og,acc,3117749,"{""seq"":2921,""x_mg"":104,""y_mg"":-56,""z_mg"":968}"
60.141,right_hand,og,tilt,,"{""roll_deg"":-1.6,""pitch_deg"":-4.6,""steady"":true}"
60.156,right_hand,og,acc,3117770,"{""seq"":2922,""x_mg"":108,""y_mg"":-64,""z_mg"":980}"
60.156,right_hand,og,tilt,,"{""roll_deg"":-1.6,""pitch_deg"":-4.5,""steady"":true}"
60.156,right_hand,og,acc,3117790,"{""seq"":2923,""x_mg"":96,""y_mg"":-100,""z_mg"":988}"
60.156,right_hand,og,tilt,,"{""roll_deg"":-1.6,""pitch_deg"":-4.5,""steady"":true}"
60.187,right_hand,og,acc,3117811,"{""seq"":2924,""x_mg"":88,""y_mg"":-108,""z_mg"":992}"
60.187,right_hand,og,tilt,,"{""roll_deg"":-1.6,""pitch_deg"":-4.5,""steady"":true}"
60.203,right_hand,og,acc,3117831,"{""seq"":2925,""x_mg"":76,""y_mg"":-48,""z_mg"":1012}"
60.203,right_hand,og,tilt,,"{""roll_deg"":-1.6,""pitch_deg"":-4.5,""steady"":true}"
60.234,right_hand,og,acc,3117852,"{""seq"":2926,""x_mg"":52,""y_mg"":8,""z_mg"":1024}"
60.234,right_hand,og,tilt,,"{""roll_deg"":-1.6,""pitch_deg"":-4.5,""steady"":true}"
60.250,right_hand,og,acc,3117873,"{""seq"":2927,""x_mg"":72,""y_mg"":-32,""z_mg"":1016}"
60.250,right_hand,og,tilt,,"{""roll_deg"":-1.6,""pitch_deg"":-4.5,""steady"":true}"
60.266,right_hand,og,acc,3117893,"{""seq"":2928,""x_mg"":96,""y_mg"":-92,""z_mg"":976}"
60.266,right_hand,og,tilt,,"{""roll_deg"":-1.6,""pitch_deg"":-4.5,""steady"":true}"
60.297,right_hand,og,acc,3117914,"{""seq"":2929,""x_mg"":104,""y_mg"":-128,""z_mg"":956}"
60.297,right_hand,og,tilt,,"{""roll_deg"":-1.6,""pitch_deg"":-4.5,""steady"":true}"
60.328,right_hand,og,acc,3117934,"{""seq"":2930,""x_mg"":80,""y_mg"":-96,""z_mg"":1000}"
60.328,right_hand,og,tilt,,"{""roll_deg"":-1.6,""pitch_deg"":-4.5,""steady"":true}"
60.344,right_hand,og,acc,3117955,"{""seq"":2931,""x_mg"":84,""y_mg"":-44,""z_mg"":1000}"
60.344,right_hand,og,tilt,,"{""roll_deg"":-1.7,""pitch_deg"":-4.5,""steady"":true}"
60.344,right_hand,og,acc,3117975,"{""seq"":2932,""x_mg"":88,""y_mg"":-84,""z_mg"":1024}"
60.344,right_hand,og,tilt,,"{""roll_deg"":-1.8,""pitch_deg"":-4.5,""steady"":true}"
60.375,right_hand,og,acc,3117996,"{""seq"":2933,""x_mg"":80,""y_mg"":-76,""z_mg"":1004}"
60.375,right_hand,og,tilt,,"{""roll_deg"":-1.8,""pitch_deg"":-4.5,""steady"":true}"
60.406,right_hand,og,acc,3118017,"{""seq"":2934,""x_mg"":100,""y_mg"":-80,""z_mg"":988}"
60.406,right_hand,og,tilt,,"{""roll_deg"":-1.9,""pitch_deg"":-4.5,""steady"":true}"
60.406,right_hand,og,acc,3118037,"{""seq"":2935,""x_mg"":96,""y_mg"":-80,""z_mg"":956}"
60.406,right_hand,og,tilt,,"{""roll_deg"":-1.9,""pitch_deg"":-4.5,""steady"":true}"
60.437,right_hand,og,acc,3118058,"{""seq"":2936,""x_mg"":92,""y_mg"":-116,""z_mg"":960}"
60.437,right_hand,og,tilt,,"{""roll_deg"":-2.0,""pitch_deg"":-4.5,""steady"":true}"
60.469,right_hand,og,acc,3118078,"{""seq"":2937,""x_mg"":92,""y_mg"":-112,""z_mg"":984}"
60.469,right_hand,og,tilt,,"{""roll_deg"":-2.3,""pitch_deg"":-4.5,""steady"":true}"
60.484,,game,brick,,"{""n"":23}"
60.500,right_hand,og,acc,3118099,"{""seq"":2938,""x_mg"":76,""y_mg"":-64,""z_mg"":1000}"
60.500,right_hand,og,tilt,,"{""roll_deg"":-2.5,""pitch_deg"":-4.5,""steady"":true}"
60.500,right_hand,og,acc,3118119,"{""seq"":2939,""x_mg"":68,""y_mg"":-32,""z_mg"":1028}"
60.500,right_hand,og,tilt,,"{""roll_deg"":-2.5,""pitch_deg"":-4.5,""steady"":true}"
60.531,right_hand,og,acc,3118140,"{""seq"":2940,""x_mg"":60,""y_mg"":-60,""z_mg"":1004}"
60.531,right_hand,og,tremor,,"{""rms_mg"":96.9,""peak_hz"":8.7}"
60.531,right_hand,og,tilt,,"{""roll_deg"":-2.5,""pitch_deg"":-4.5,""steady"":true}"
60.547,right_hand,og,acc,3118160,"{""seq"":2941,""x_mg"":88,""y_mg"":-76,""z_mg"":980}"
60.547,right_hand,og,tilt,,"{""roll_deg"":-2.5,""pitch_deg"":-4.5,""steady"":true}"
60.578,right_hand,og,acc,3118181,"{""seq"":2942,""x_mg"":88,""y_mg"":-16,""z_mg"":972}"
60.578,right_hand,og,tilt,,"{""roll_deg"":-2.5,""pitch_deg"":-4.5,""steady"":true}"
60.578,right_hand,og,acc,3118202,"{""seq"":2943,""x_mg"":84,""y_mg"":-36,""z_mg"":1008}"
60.578,right_hand,og,tilt,,"{""roll_deg"":-2.5,""pitch_deg"":-4.5,""steady"":true}"
60.609,right_hand,og,acc,3118222,"{""seq"":2944,""x_mg"":92,""y_mg"":-12,""z_mg"":1000}"
60.609,right_hand,og,tilt,,"{""roll_deg"":-2.3,""pitch_deg"":-4.5,""steady"":true}"
60.641,right_hand,og,acc,3118243,"{""seq"":2945,""x_mg"":116,""y_mg"":-8,""z_mg"":980}"
60.641,right_hand,og,tilt,,"{""roll_deg"":-1.9,""pitch_deg"":-4.5,""steady"":true}"
60.641,right_hand,og,acc,3118263,"{""seq"":2946,""x_mg"":116,""y_mg"":-48,""z_mg"":976}"
60.641,right_hand,og,tilt,,"{""roll_deg"":-1.5,""pitch_deg"":-4.5,""steady"":true}"
60.672,right_hand,og,acc,3118284,"{""seq"":2947,""x_mg"":108,""y_mg"":-80,""z_mg"":964}"
60.672,right_hand,og,tilt,,"{""roll_deg"":-1.4,""pitch_deg"":-4.5,""steady"":true}"
60.703,right_hand,og,acc,3118304,"{""seq"":2948,""x_mg"":88,""y_mg"":-120,""z_mg"":992}"
60.703,right_hand,og,tilt,,"{""roll_deg"":-1.4,""pitch_deg"":-4.5,""steady"":true}"
60.703,right_hand,og,acc,3118325,"{""seq"":2949,""x_mg"":72,""y_mg"":-48,""z_mg"":1024}"
60.703,right_hand,og,tilt,,"{""roll_deg"":-1.4,""pitch_deg"":-4.5,""steady"":true}"
60.719,right_hand,og,acc,3118346,"{""seq"":2950,""x_mg"":84,""y_mg"":-8,""z_mg"":1004}"
60.719,right_hand,og,tilt,,"{""roll_deg"":-1.4,""pitch_deg"":-4.5,""steady"":true}"
60.750,right_hand,og,acc,3118366,"{""seq"":2951,""x_mg"":76,""y_mg"":-20,""z_mg"":1000}"
60.750,right_hand,og,tilt,,"{""roll_deg"":-1.4,""pitch_deg"":-4.5,""steady"":true}"
60.781,right_hand,og,acc,3118387,"{""seq"":2952,""x_mg"":84,""y_mg"":-64,""z_mg"":968}"
60.781,right_hand,og,tilt,,"{""roll_deg"":-1.3,""pitch_deg"":-4.5,""steady"":true}"
60.797,right_hand,og,acc,3118407,"{""seq"":2953,""x_mg"":108,""y_mg"":-84,""z_mg"":936}"
60.797,right_hand,og,tilt,,"{""roll_deg"":-1.3,""pitch_deg"":-4.5,""steady"":true}"
60.812,right_hand,og,acc,3118428,"{""seq"":2954,""x_mg"":112,""y_mg"":-108,""z_mg"":968}"
60.812,right_hand,og,tilt,,"{""roll_deg"":-1.3,""pitch_deg"":-4.5,""steady"":true}"
60.828,right_hand,og,acc,3118448,"{""seq"":2955,""x_mg"":92,""y_mg"":-92,""z_mg"":1000}"
60.828,right_hand,og,tilt,,"{""roll_deg"":-1.3,""pitch_deg"":-4.5,""steady"":true}"
60.859,right_hand,og,acc,3118469,"{""seq"":2956,""x_mg"":80,""y_mg"":-76,""z_mg"":1008}"
60.859,right_hand,og,tilt,,"{""roll_deg"":-1.3,""pitch_deg"":-4.5,""steady"":true}"
60.875,right_hand,og,acc,3118490,"{""seq"":2957,""x_mg"":84,""y_mg"":-44,""z_mg"":1012}"
60.875,right_hand,og,tilt,,"{""roll_deg"":-1.3,""pitch_deg"":-4.5,""steady"":true}"
60.906,right_hand,og,acc,3118510,"{""seq"":2958,""x_mg"":68,""y_mg"":-32,""z_mg"":1016}"
60.906,right_hand,og,tilt,,"{""roll_deg"":-1.3,""pitch_deg"":-4.5,""steady"":true}"
60.922,right_hand,og,acc,3118531,"{""seq"":2959,""x_mg"":76,""y_mg"":-92,""z_mg"":980}"
60.922,right_hand,og,tilt,,"{""roll_deg"":-1.3,""pitch_deg"":-4.5,""steady"":true}"
60.937,right_hand,og,acc,3118551,"{""seq"":2960,""x_mg"":88,""y_mg"":-76,""z_mg"":972}"
60.937,right_hand,og,tilt,,"{""roll_deg"":-1.3,""pitch_deg"":-4.5,""steady"":true}"
60.953,right_hand,og,acc,3118572,"{""seq"":2961,""x_mg"":96,""y_mg"":-20,""z_mg"":1012}"
60.953,right_hand,og,tilt,,"{""roll_deg"":-1.3,""pitch_deg"":-4.5,""steady"":true}"
60.984,right_hand,og,acc,3118592,"{""seq"":2962,""x_mg"":80,""y_mg"":-32,""z_mg"":1012}"
60.984,right_hand,og,tilt,,"{""roll_deg"":-1.3,""pitch_deg"":-4.5,""steady"":true}"
61.000,right_hand,og,acc,3118613,"{""seq"":2963,""x_mg"":72,""y_mg"":-64,""z_mg"":1004}"
61.000,right_hand,og,tilt,,"{""roll_deg"":-1.3,""pitch_deg"":-4.5,""steady"":true}"
61.016,right_hand,og,acc,3118634,"{""seq"":2964,""x_mg"":80,""y_mg"":-100,""z_mg"":988}"
61.016,right_hand,og,tilt,,"{""roll_deg"":-1.3,""pitch_deg"":-4.5,""steady"":true}"
61.047,right_hand,og,acc,3118654,"{""seq"":2965,""x_mg"":80,""y_mg"":-100,""z_mg"":972}"
61.047,right_hand,og,tilt,,"{""roll_deg"":-1.3,""pitch_deg"":-4.5,""steady"":true}"
61.062,right_hand,og,acc,3118675,"{""seq"":2966,""x_mg"":84,""y_mg"":-92,""z_mg"":984}"
61.062,right_hand,og,tilt,,"{""roll_deg"":-1.5,""pitch_deg"":-4.5,""steady"":true}"
61.078,right_hand,og,acc,3118695,"{""seq"":2967,""x_mg"":88,""y_mg"":-112,""z_mg"":972}"
61.078,right_hand,og,tilt,,"{""roll_deg"":-1.8,""pitch_deg"":-4.5,""steady"":true}"
61.109,right_hand,og,acc,3118716,"{""seq"":2968,""x_mg"":84,""y_mg"":-108,""z_mg"":996}"
61.109,right_hand,og,tilt,,"{""roll_deg"":-2.1,""pitch_deg"":-4.5,""steady"":true}"
61.125,right_hand,og,acc,3118736,"{""seq"":2969,""x_mg"":84,""y_mg"":-92,""z_mg"":992}"
61.125,right_hand,og,tilt,,"{""roll_deg"":-2.4,""pitch_deg"":-4.5,""steady"":true}"
61.156,right_hand,og,acc,3118757,"{""seq"":2970,""x_mg"":100,""y_mg"":-64,""z_mg"":980}"
61.156,right_hand,og,tilt,,"{""roll_deg"":-2.5,""pitch_deg"":-4.5,""steady"":true}"
61.172,right_hand,og,acc,3118777,"{""seq"":2971,""x_mg"":68,""y_mg"":-44,""z_mg"":1016}"
61.172,right_hand,og,tilt,,"{""roll_deg"":-2.5,""pitch_deg"":-4.5,""steady"":true}"
61.172,right_hand,og,acc,3118798,"{""seq"":2972,""x_mg"":72,""y_mg"":-64,""z_mg"":1004}"
61.172,right_hand,og,tilt,,"{""roll_deg"":-2.5,""pitch_deg"":-4.5,""steady"":true}"
61.203,right_hand,og,acc,3118819,"{""seq"":2973,""x_mg"":84,""y_mg"":-72,""z_mg"":996}"
61.203,right_hand,og,tilt,,"{""roll_deg"":-2.5,""pitch_deg"":-4.6,""steady"":true}"
61.219,right_hand,og,acc,3118839,"{""seq"":2974,""x_mg"":76,""y_mg"":-80,""z_mg"":996}"
61.219,right_hand,og,tilt,,"{""roll_deg"":-2.5,""pitch_deg"":-4.6,""steady"":true}"
61.250,right_hand,og,acc,3118860,"{""seq"":2975,""x_mg"":84,""y_mg"":-72,""z_mg"":988}"
61.250,right_hand,og,tilt,,"{""roll_deg"":-2.5,""pitch_deg"":-4.6,""steady"":true}"
61.250,right_hand,og,acc,3118880,"{""seq"":2976,""x_mg"":80,""y_mg"":-104,""z_mg"":988}"
61.250,right_hand,og,tilt,,"{""roll_deg"":-2.5,""pitch_deg"":-4.6,""steady"":true}"
61.281,right_hand,og,acc,3118901,"{""seq"":2977,""x_mg"":92,""y_mg"":-108,""z_mg"":964}"
61.281,right_hand,og,tilt,,"{""roll_deg"":-2.5,""pitch_deg"":-4.6,""steady"":true}"
61.297,right_hand,og,acc,3118921,"{""seq"":2978,""x_mg"":100,""y_mg"":-144,""z_mg"":964}"
61.297,right_hand,og,tilt,,"{""roll_deg"":-2.5,""pitch_deg"":-4.6,""steady"":true}"
61.328,right_hand,og,acc,3118942,"{""seq"":2979,""x_mg"":88,""y_mg"":-56,""z_mg"":984}"
61.328,right_hand,og,tilt,,"{""roll_deg"":-2.7,""pitch_deg"":-4.6,""steady"":true}"
61.344,right_hand,og,acc,3118963,"{""seq"":2980,""x_mg"":88,""y_mg"":-64,""z_mg"":1000}"
61.344,right_hand,og,tilt,,"{""roll_deg"":-2.7,""pitch_deg"":-4.6,""steady"":true}"
61.375,right_hand,og,acc,3118983,"{""seq"":2981,""x_mg"":76,""y_mg"":-72,""z_mg"":984}"
61.375,right_hand,og,tilt,,"{""roll_deg"":-2.7,""pitch_deg"":-4.6,""steady"":true}"
61.406,right_hand,og,acc,3119004,"{""seq"":2982,""x_mg"":84,""y_mg"":-88,""z_mg"":1008}"
61.406,right_hand,og,tilt,,"{""roll_deg"":-2.7,""pitch_deg"":-4.6,""steady"":true}"
61.406,right_hand,og,acc,3119024,"{""seq"":2983,""x_mg"":76,""y_mg"":-64,""z_mg"":1016}"
61.406,right_hand,og,tilt,,"{""roll_deg"":-2.7,""pitch_deg"":-4.6,""steady"":true}"
61.422,right_hand,og,acc,3119045,"{""seq"":2984,""x_mg"":88,""y_mg"":-76,""z_mg"":1012}"
61.422,right_hand,og,tilt,,"{""roll_deg"":-2.7,""pitch_deg"":-4.6,""steady"":true}"
61.453,right_hand,og,acc,3119065,"{""seq"":2985,""x_mg"":92,""y_mg"":-92,""z_mg"":984}"
61.453,right_hand,og,tilt,,"{""roll_deg"":-2.7,""pitch_deg"":-4.6,""steady"":true}"
61.469,right_hand,og,acc,3119086,"{""seq"":2986,""x_mg"":88,""y_mg"":-108,""z_mg"":972}"
61.469,right_hand,og,tilt,,"{""roll_deg"":-2.7,""pitch_deg"":-4.6,""steady"":true}"
61.500,right_hand,og,acc,3119107,"{""seq"":2987,""x_mg"":92,""y_mg"":-72,""z_mg"":1000}"
61.500,right_hand,og,tilt,,"{""roll_deg"":-2.7,""pitch_deg"":-4.6,""steady"":true}"
61.531,right_hand,og,acc,3119127,"{""seq"":2988,""x_mg"":72,""y_mg"":-64,""z_mg"":1008}"
61.531,right_hand,og,tilt,,"{""roll_deg"":-2.7,""pitch_deg"":-4.6,""steady"":true}"
61.531,right_hand,og,acc,3119148,"{""seq"":2989,""x_mg"":72,""y_mg"":-80,""z_mg"":1008}"
61.531,right_hand,og,tilt,,"{""roll_deg"":-2.7,""pitch_deg"":-4.6,""steady"":true}"
61.562,right_hand,og,acc,3119168,"{""seq"":2990,""x_mg"":76,""y_mg"":-80,""z_mg"":992}"
61.562,right_hand,og,tilt,,"{""roll_deg"":-2.7,""pitch_deg"":-4.6,""steady"":true}"
61.578,right_hand,og,acc,3119189,"{""seq"":2991,""x_mg"":76,""y_mg"":-96,""z_mg"":1008}"
61.578,right_hand,og,tilt,,"{""roll_deg"":-2.7,""pitch_deg"":-4.6,""steady"":true}"
61.609,right_hand,og,acc,3119209,"{""seq"":2992,""x_mg"":72,""y_mg"":-88,""z_mg"":1004}"
61.609,right_hand,og,tilt,,"{""roll_deg"":-2.7,""pitch_deg"":-4.7,""steady"":true}"
61.609,right_hand,og,acc,3119230,"{""seq"":2993,""x_mg"":96,""y_mg"":-104,""z_mg"":948}"
61.609,right_hand,og,tilt,,"{""roll_deg"":-2.7,""pitch_deg"":-4.7,""steady"":true}"
61.625,right_hand,og,acc,3119251,"{""seq"":2994,""x_mg"":100,""y_mg"":-84,""z_mg"":1004}"
61.625,right_hand,og,tilt,,"{""roll_deg"":-2.7,""pitch_deg"":-4.7,""steady"":true}"
61.656,right_hand,og,acc,3119271,"{""seq"":2995,""x_mg"":88,""y_mg"":-72,""z_mg"":980}"
61.656,right_hand,og,tilt,,"{""roll_deg"":-2.7,""pitch_deg"":-4.7,""steady"":true}"
