t_s,role,source,channel,dev_ms,fields
0.062,right_hand,og,acc,2351526,"{""seq"":0,""x_mg"":-188,""y_mg"":-36,""z_mg"":968}"
0.062,right_hand,og,tilt,,"{""roll_deg"":0.0,""pitch_deg"":0.0,""steady"":true}"
0.093,right_hand,og,acc,2351547,"{""seq"":1,""x_mg"":-180,""y_mg"":56,""z_mg"":992}"
0.093,right_hand,og,tilt,,"{""roll_deg"":0.0,""pitch_deg"":0.0,""steady"":true}"
0.109,right_hand,og,acc,2351567,"{""seq"":2,""x_mg"":-200,""y_mg"":124,""z_mg"":908}"
0.109,right_hand,og,tilt,,"{""roll_deg"":0.6,""pitch_deg"":0.0,""steady"":true}"
0.140,right_hand,og,acc,2351588,"{""seq"":3,""x_mg"":-220,""y_mg"":124,""z_mg"":908}"
0.140,right_hand,og,tilt,,"{""roll_deg"":2.5,""pitch_deg"":0.0,""steady"":true}"
0.171,right_hand,og,acc,2351609,"{""seq"":4,""x_mg"":-200,""y_mg"":156,""z_mg"":1004}"
0.171,right_hand,og,tilt,,"{""roll_deg"":4.3,""pitch_deg"":0.0,""steady"":true}"
0.171,right_hand,og,acc,2351629,"{""seq"":5,""x_mg"":-204,""y_mg"":-60,""z_mg"":1044}"
0.171,right_hand,og,tilt,,"{""roll_deg"":5.7,""pitch_deg"":0.0,""steady"":true}"
0.203,right_hand,og,acc,2351650,"{""seq"":6,""x_mg"":-188,""y_mg"":100,""z_mg"":964}"
0.203,right_hand,og,tilt,,"{""roll_deg"":6.2,""pitch_deg"":0.0,""steady"":true}"
0.234,right_hand,og,acc,2351670,"{""seq"":7,""x_mg"":-212,""y_mg"":140,""z_mg"":944}"
0.234,right_hand,og,tilt,,"{""roll_deg"":6.5,""pitch_deg"":0.0,""steady"":true}"
0.234,right_hand,og,acc,2351691,"{""seq"":8,""x_mg"":-228,""y_mg"":76,""z_mg"":976}"
0.234,right_hand,og,tilt,,"{""roll_deg"":6.8,""pitch_deg"":0.0,""steady"":true}"
0.265,right_hand,og,acc,2351711,"{""seq"":9,""x_mg"":-224,""y_mg"":72,""z_mg"":968}"
0.265,right_hand,og,tilt,,"{""roll_deg"":6.8,""pitch_deg"":-0.1,""steady"":true}"
0.265,right_hand,og,acc,2351732,"{""seq"":10,""x_mg"":-208,""y_mg"":64,""z_mg"":960}"
0.265,right_hand,og,tilt,,"{""roll_deg"":6.8,""pitch_deg"":-0.3,""steady"":true}"
0.296,right_hand,og,acc,2351752,"{""seq"":11,""x_mg"":-212,""y_mg"":52,""z_mg"":884}"
0.296,right_hand,og,tilt,,"{""roll_deg"":6.8,""pitch_deg"":-0.4,""steady"":true}"
0.328,right_hand,og,acc,2351773,"{""seq"":12,""x_mg"":-228,""y_mg"":4,""z_mg"":896}"
0.328,right_hand,og,tilt,,"{""roll_deg"":6.8,""pitch_deg"":-0.7,""steady"":true}"
0.328,right_hand,og,acc,2351794,"{""seq"":13,""x_mg"":-236,""y_mg"":-12,""z_mg"":996}"
0.328,right_hand,og,tilt,,"{""roll_deg"":6.4,""pitch_deg"":-0.9,""steady"":true}"
0.359,right_hand,og,acc,2351814,"{""seq"":14,""x_mg"":-236,""y_mg"":16,""z_mg"":988}"
0.359,right_hand,og,tilt,,"{""roll_deg"":6.2,""pitch_deg"":-1.0,""steady"":true}"
0.390,right_hand,og,acc,2351835,"{""seq"":15,""x_mg"":-240,""y_mg"":16,""z_mg"":972}"
0.390,right_hand,og,tilt,,"{""roll_deg"":5.9,""pitch_deg"":-1.2,""steady"":true}"
0.390,right_hand,og,acc,2351855,"{""seq"":16,""x_mg"":-236,""y_mg"":-48,""z_mg"":928}"
0.390,right_hand,og,tilt,,"{""roll_deg"":5.6,""pitch_deg"":-1.4,""steady"":true}"
0.421,right_hand,og,acc,2351876,"{""seq"":17,""x_mg"":-240,""y_mg"":-80,""z_mg"":960}"
0.421,right_hand,og,tilt,,"{""roll_deg"":4.5,""pitch_deg"":-1.6,""steady"":true}"
0.437,right_hand,og,acc,2351896,"{""seq"":18,""x_mg"":-236,""y_mg"":-84,""z_mg"":980}"
0.437,right_hand,og,tilt,,"{""roll_deg"":3.0,""pitch_deg"":-1.7,""steady"":true}"
0.468,right_hand,og,acc,2351917,"{""seq"":19,""x_mg"":-224,""y_mg"":-64,""z_mg"":984}"
0.468,right_hand,og,tilt,,"{""roll_deg"":1.7,""pitch_deg"":-1.8,""steady"":true}"
0.468,right_hand,og,acc,2351938,"{""seq"":20,""x_mg"":-216,""y_mg"":-36,""z_mg"":976}"
0.468,right_hand,og,tilt,,"{""roll_deg"":0.9,""pitch_deg"":-1.8,""steady"":true}"
0.500,right_hand,og,acc,2351958,"{""seq"":21,""x_mg"":-220,""y_mg"":-40,""z_mg"":960}"
0.500,right_hand,og,tilt,,"{""roll_deg"":0.7,""pitch_deg"":-1.8,""steady"":true}"
0.531,right_hand,og,acc,2351979,"{""seq"":22,""x_mg"":-220,""y_mg"":-60,""z_mg"":956}"
0.531,right_hand,og,tilt,,"{""roll_deg"":0.6,""pitch_deg"":-1.8,""steady"":true}"
0.531,right_hand,og,acc,2351999,"{""seq"":23,""x_mg"":-224,""y_mg"":-72,""z_mg"":980}"
0.531,right_hand,og,tilt,,"{""roll_deg"":0.2,""pitch_deg"":-1.8,""steady"":true}"
0.562,right_hand,og,acc,2352020,"{""seq"":24,""x_mg"":-224,""y_mg"":-48,""z_mg"":996}"
0.562,right_hand,og,tilt,,"{""roll_deg"":-0.1,""pitch_deg"":-1.8,""steady"":true}"
0.593,right_hand,og,acc,2352040,"{""seq"":25,""x_mg"":-224,""y_mg"":-28,""z_mg"":972}"
0.593,right_hand,og,tilt,,"{""roll_deg"":-0.1,""pitch_deg"":-1.8,""steady"":true}"
0.593,right_hand,og,acc,2352061,"{""seq"":26,""x_mg"":-224,""y_mg"":-12,""z_mg"":972}"
0.593,right_hand,og,tilt,,"{""roll_deg"":-0.1,""pitch_deg"":-1.8,""steady"":true}"
0.625,right_hand,og,acc,2352081,"{""seq"":27,""x_mg"":-236,""y_mg"":4,""z_mg"":952}"
0.625,right_hand,og,tilt,,"{""roll_deg"":-0.1,""pitch_deg"":-1.8,""steady"":true}"
0.656,right_hand,og,acc,2352102,"{""seq"":28,""x_mg"":-224,""y_mg"":-16,""z_mg"":976}"
0.656,right_hand,og,tilt,,"{""roll_deg"":-0.1,""pitch_deg"":-1.8,""steady"":true}"
0.671,right_hand,og,acc,2352123,"{""seq"":29,""x_mg"":-228,""y_mg"":-32,""z_mg"":968}"
0.671,right_hand,og,tilt,,"{""roll_deg"":-0.1,""pitch_deg"":-1.8,""steady"":true}"
0.671,right_hand,og,acc,2352143,"{""seq"":30,""x_mg"":-216,""y_mg"":-24,""z_mg"":964}"
0.671,right_hand,og,tilt,,"{""roll_deg"":-0.1,""pitch_deg"":-1.8,""steady"":true}"
0.703,right_hand,og,acc,2352164,"{""seq"":31,""x_mg"":-224,""y_mg"":-8,""z_mg"":980}"
0.703,right_hand,og,tilt,,"{""roll_deg"":-0.0,""pitch_deg"":-1.8,""steady"":true}"
0.734,right_hand,og,acc,2352184,"{""seq"":32,""x_mg"":-224,""y_mg"":-16,""z_mg"":992}"
0.734,right_hand,og,tilt,,"{""roll_deg"":0.0,""pitch_deg"":-1.8,""steady"":true}"
0.734,right_hand,og,acc,2352205,"{""seq"":33,""x_mg"":-220,""y_mg"":-12,""z_mg"":984}"
0.734,right_hand,og,tilt,,"{""roll_deg"":0.1,""pitch_deg"":-1.8,""steady"":true}"
0.765,right_hand,og,acc,2352225,"{""seq"":34,""x_mg"":-212,""y_mg"":-28,""z_mg"":980}"
0.765,right_hand,og,tilt,,"{""roll_deg"":0.1,""pitch_deg"":-1.8,""steady"":true}"
0.796,right_hand,og,acc,2352246,"{""seq"":35,""x_mg"":-212,""y_mg"":-28,""z_mg"":980}"
0.796,right_hand,og,tilt,,"{""roll_deg"":0.1,""pitch_deg"":-1.8,""steady"":true}"
0.828,right_hand,og,acc,2352267,"{""seq"":36,""x_mg"":-208,""y_mg"":-76,""z_mg"":984}"
0.828,right_hand,og,tilt,,"{""roll_deg"":0.1,""pitch_deg"":-1.8,""steady"":true}"
0.828,right_hand,og,acc,2352287,"{""seq"":37,""x_mg"":-220,""y_mg"":-20,""z_mg"":960}"
0.828,right_hand,og,tilt,,"{""roll_deg"":0.1,""pitch_deg"":-1.8,""steady"":true}"
0.859,right_hand,og,acc,2352308,"{""seq"":38,""x_mg"":-232,""y_mg"":28,""z_mg"":952}"
0.859,right_hand,og,tilt,,"{""roll_deg"":0.2,""pitch_deg"":-1.8,""steady"":true}"
0.859,right_hand,og,acc,2352328,"{""seq"":39,""x_mg"":-228,""y_mg"":-4,""z_mg"":948}"
0.859,right_hand,og,tilt,,"{""roll_deg"":0.3,""pitch_deg"":-1.8,""steady"":true}"
0.890,right_hand,og,acc,2352349,"{""seq"":40,""x_mg"":-224,""y_mg"":-60,""z_mg"":948}"
0.890,right_hand,og,tilt,,"{""roll_deg"":0.4,""pitch_deg"":-1.8,""steady"":true}"
0.906,right_hand,og,acc,2352369,"{""seq"":41,""x_mg"":-212,""y_mg"":-64,""z_mg"":952}"
0.906,right_hand,og,tilt,,"{""roll_deg"":0.4,""pitch_deg"":-1.8,""steady"":true}"
0.937,right_hand,og,acc,2352390,"{""seq"":42,""x_mg"":-232,""y_mg"":-60,""z_mg"":948}"
0.937,right_hand,og,tilt,,"{""roll_deg"":0.4,""pitch_deg"":-1.8,""steady"":true}"
0.953,right_hand,og,acc,2352411,"{""seq"":43,""x_mg"":-232,""y_mg"":-60,""z_mg"":960}"
0.953,right_hand,og,tilt,,"{""roll_deg"":0.4,""pitch_deg"":-1.8,""steady"":true}"
0.984,right_hand,og,acc,2352431,"{""seq"":44,""x_mg"":-216,""y_mg"":-88,""z_mg"":988}"
0.984,right_hand,og,tilt,,"{""roll_deg"":0.4,""pitch_deg"":-1.8,""steady"":true}"
0.984,right_hand,og,acc,2352452,"{""seq"":45,""x_mg"":-196,""y_mg"":-88,""z_mg"":984}"
0.984,right_hand,og,tilt,,"{""roll_deg"":0.0,""pitch_deg"":-1.8,""steady"":true}"
1.015,right_hand,og,acc,2352472,"{""seq"":46,""x_mg"":-188,""y_mg"":-40,""z_mg"":988}"
1.015,right_hand,og,tilt,,"{""roll_deg"":-0.4,""pitch_deg"":-1.8,""steady"":true}"
1.062,right_hand,og,acc,2352493,"{""seq"":47,""x_mg"":-192,""y_mg"":-8,""z_mg"":988}"
1.062,right_hand,og,tilt,,"{""roll_deg"":-0.4,""pitch_deg"":-1.8,""steady"":true}"
1.062,right_hand,og,acc,2352513,"{""seq"":48,""x_mg"":-172,""y_mg"":-16,""z_mg"":988}"
1.062,right_hand,og,tilt,,"{""roll_deg"":-0.4,""pitch_deg"":-1.8,""steady"":true}"
1.078,right_hand,og,acc,2352534,"{""seq"":49,""x_mg"":-164,""y_mg"":-52,""z_mg"":992}"
1.078,right_hand,og,tilt,,"{""roll_deg"":-0.4,""pitch_deg"":-1.5,""steady"":true}"
1.109,right_hand,og,acc,2352555,"{""seq"":50,""x_mg"":-172,""y_mg"":32,""z_mg"":988}"
1.109,right_hand,og,tilt,,"{""roll_deg"":-0.4,""pitch_deg"":-1.2,""steady"":true}"
1.140,right_hand,og,acc,2352575,"{""seq"":51,""x_mg"":-172,""y_mg"":132,""z_mg"":988}"
1.140,right_hand,og,tilt,,"{""roll_deg"":-0.2,""pitch_deg"":-0.9,""steady"":true}"
1.140,right_hand,og,acc,2352596,"{""seq"":52,""x_mg"":-176,""y_mg"":152,""z_mg"":988}"
1.140,right_hand,og,tilt,,"{""roll_deg"":1.7,""pitch_deg"":-0.6,""steady"":true}"
1.171,right_hand,og,acc,2352616,"{""seq"":53,""x_mg"":-184,""y_mg"":112,""z_mg"":972}"
1.171,right_hand,og,tilt,,"{""roll_deg"":3.5,""pitch_deg"":-0.4,""steady"":true}"
1.203,right_hand,og,acc,2352637,"{""seq"":54,""x_mg"":-192,""y_mg"":164,""z_mg"":952}"
1.203,right_hand,og,tilt,,"{""roll_deg"":5.5,""pitch_deg"":-0.3,""steady"":true}"
1.203,right_hand,og,acc,2352657,"{""seq"":55,""x_mg"":-188,""y_mg"":212,""z_mg"":944}"
1.203,right_hand,og,tilt,,"{""roll_deg"":7.2,""pitch_deg"":-0.3,""steady"":true}"
1.234,right_hand,og,acc,2352678,"{""seq"":56,""x_mg"":-180,""y_mg"":148,""z_mg"":980}"
1.234,right_hand,og,tilt,,"{""roll_deg"":8.5,""pitch_deg"":-0.3,""steady"":true}"
1.234,right_hand,og,acc,2352698,"{""seq"":57,""x_mg"":-168,""y_mg"":100,""z_mg"":944}"
1.234,right_hand,og,tilt,,"{""roll_deg"":9.0,""pitch_deg"":-0.3,""steady"":true}"
1.265,right_hand,og,acc,2352719,"{""seq"":58,""x_mg"":-176,""y_mg"":216,""z_mg"":940}"
1.265,right_hand,og,tilt,,"{""roll_deg"":9.3,""pitch_deg"":-0.2,""steady"":true}"
1.281,right_hand,og,acc,2352740,"{""seq"":59,""x_mg"":-184,""y_mg"":388,""z_mg"":916}"
1.281,right_hand,og,tilt,,"{""roll_deg"":10.9,""pitch_deg"":-0.1,""steady"":true}"
1.312,right_hand,og,acc,2352760,"{""seq"":60,""x_mg"":-192,""y_mg"":340,""z_mg"":968}"
1.312,right_hand,og,tilt,,"{""roll_deg"":14.3,""pitch_deg"":-0.1,""steady"":true}"
1.343,right_hand,og,acc,2352781,"{""seq"":61,""x_mg"":-180,""y_mg"":176,""z_mg"":980}"
1.343,right_hand,og,tilt,,"{""roll_deg"":16.7,""pitch_deg"":-0.1,""steady"":true}"
1.343,right_hand,og,acc,2352801,"{""seq"":62,""x_mg"":-176,""y_mg"":276,""z_mg"":852}"
1.343,right_hand,og,tilt,,"{""roll_deg"":17.6,""pitch_deg"":-0.1,""steady"":true}"
1.375,right_hand,og,acc,2352822,"{""seq"":63,""x_mg"":-192,""y_mg"":608,""z_mg"":748}"
1.375,right_hand,og,tilt,,"{""roll_deg"":18.2,""pitch_deg"":-0.1,""steady"":true}"
1.375,right_hand,og,acc,2352842,"{""seq"":64,""x_mg"":-212,""y_mg"":720,""z_mg"":804}"
1.375,right_hand,og,tilt,,"{""roll_deg"":27.6,""pitch_deg"":-0.1,""steady"":true}"
1.406,right_hand,og,acc,2352863,"{""seq"":65,""x_mg"":-200,""y_mg"":464,""z_mg"":872}"
1.406,right_hand,og,tilt,,"{""roll_deg"":33.4,""pitch_deg"":-0.1,""steady"":true}"
1.437,right_hand,og,acc,2352884,"{""seq"":66,""x_mg"":-184,""y_mg"":220,""z_mg"":888}"
1.437,right_hand,og,tilt,,"{""roll_deg"":32.4,""pitch_deg"":-0.1,""steady"":true}"
1.437,right_hand,og,acc,2352904,"{""seq"":67,""x_mg"":-196,""y_mg"":308,""z_mg"":840}"
1.437,right_hand,og,tilt,,"{""roll_deg"":29.0,""pitch_deg"":-0.1,""steady"":true}"
1.468,right_hand,og,acc,2352925,"{""seq"":68,""x_mg"":-212,""y_mg"":520,""z_mg"":820}"
1.468,right_hand,og,tilt,,"{""roll_deg"":27.2,""pitch_deg"":-0.1,""steady"":true}"
1.500,right_hand,og,acc,2352945,"{""seq"":69,""x_mg"":-204,""y_mg"":504,""z_mg"":852}"
1.500,right_hand,og,tilt,,"{""roll_deg"":27.9,""pitch_deg"":-0.1,""steady"":true}"
1.500,right_hand,og,acc,2352966,"{""seq"":70,""x_mg"":-196,""y_mg"":404,""z_mg"":836}"
1.500,right_hand,og,tilt,,"{""roll_deg"":29.0,""pitch_deg"":-0.1,""steady"":true}"
1.515,right_hand,og,acc,2352986,"{""seq"":71,""x_mg"":-200,""y_mg"":404,""z_mg"":904}"
1.515,right_hand,og,tilt,,"{""roll_deg"":29.0,""pitch_deg"":-0.1,""steady"":true}"
1.546,right_hand,og,acc,2353007,"{""seq"":72,""x_mg"":-196,""y_mg"":320,""z_mg"":916}"
1.546,right_hand,og,tilt,,"{""roll_deg"":28.6,""pitch_deg"":-0.1,""steady"":true}"
1.578,right_hand,og,acc,2353028,"{""seq"":73,""x_mg"":-184,""y_mg"":320,""z_mg"":884}"
1.578,right_hand,og,tilt,,"{""roll_deg"":27.7,""pitch_deg"":-0.1,""steady"":true}"
1.578,right_hand,og,acc,2353048,"{""seq"":74,""x_mg"":-184,""y_mg"":428,""z_mg"":864}"
1.578,right_hand,og,tilt,,"{""roll_deg"":27.3,""pitch_deg"":-0.1,""steady"":true}"
1.609,right_hand,og,acc,2353069,"{""seq"":75,""x_mg"":-204,""y_mg"":472,""z_mg"":812}"
1.609,right_hand,og,tilt,,"{""roll_deg"":27.3,""pitch_deg"":-0.1,""steady"":true}"
1.640,right_hand,og,acc,2353089,"{""seq"":76,""x_mg"":-232,""y_mg"":504,""z_mg"":800}"
1.640,right_hand,og,tilt,,"{""roll_deg"":27.3,""pitch_deg"":-0.1,""steady"":true}"
1.640,right_hand,og,acc,2353110,"{""seq"":77,""x_mg"":-220,""y_mg"":404,""z_mg"":932}"
1.640,right_hand,og,tilt,,"{""roll_deg"":27.7,""pitch_deg"":-0.1,""steady"":true}"
1.687,right_hand,og,acc,2353130,"{""seq"":78,""x_mg"":-188,""y_mg"":116,""z_mg"":972}"
1.687,right_hand,og,tilt,,"{""roll_deg"":27.7,""pitch_deg"":-0.1,""steady"":true}"
1.703,right_hand,og,acc,2353151,"{""seq"":79,""x_mg"":-180,""y_mg"":92,""z_mg"":944}"
1.703,right_hand,og,tilt,,"{""roll_deg"":23.9,""pitch_deg"":-0.1,""steady"":true}"
1.703,right_hand,og,acc,2353171,"{""seq"":80,""x_mg"":-200,""y_mg"":404,""z_mg"":884}"
1.703,right_hand,og,tilt,,"{""roll_deg"":19.3,""pitch_deg"":-0.1,""steady"":true}"
1.734,right_hand,og,acc,2353192,"{""seq"":81,""x_mg"":-216,""y_mg"":528,""z_mg"":896}"
1.734,right_hand,og,tilt,,"{""roll_deg"":20.3,""pitch_deg"":-0.1,""steady"":true}"
1.765,right_hand,og,acc,2353213,"{""seq"":82,""x_mg"":-180,""y_mg"":264,""z_mg"":936}"
1.765,right_hand,og,tilt,,"{""roll_deg"":21.2,""pitch_deg"":-0.1,""steady"":true}"
1.796,right_hand,og,acc,2353233,"{""seq"":83,""x_mg"":-140,""y_mg"":-76,""z_mg"":1004}"
1.796,right_hand,og,tilt,,"{""roll_deg"":21.2,""pitch_deg"":-0.1,""steady"":true}"
1.796,right_hand,og,acc,2353254,"{""seq"":84,""x_mg"":-116,""y_mg"":-280,""z_mg"":1020}"
1.796,right_hand,og,tilt,,"{""roll_deg"":12.8,""pitch_deg"":-0.1,""steady"":true}"
1.828,right_hand,og,acc,2353274,"{""seq"":85,""x_mg"":-128,""y_mg"":-312,""z_mg"":1024}"
1.828,right_hand,og,tilt,,"{""roll_deg"":1.0,""pitch_deg"":0.1,""steady"":true}"
1.859,right_hand,og,acc,2353295,"{""seq"":86,""x_mg"":-172,""y_mg"":-136,""z_mg"":988}"
1.859,right_hand,og,tilt,,"{""roll_deg"":-5.9,""pitch_deg"":0.8,""steady"":true}"
1.859,right_hand,og,acc,2353315,"{""seq"":87,""x_mg"":-188,""y_mg"":72,""z_mg"":952}"
1.859,right_hand,og,tilt,,"{""roll_deg"":-5.9,""pitch_deg"":0.8,""steady"":true}"
1.890,right_hand,og,acc,2353336,"{""seq"":88,""x_mg"":-196,""y_mg"":-12,""z_mg"":960}"
1.890,right_hand,og,tilt,,"{""roll_deg"":-3.4,""pitch_deg"":0.8,""steady"":true}"
1.921,right_hand,og,acc,2353357,"{""seq"":89,""x_mg"":-176,""y_mg"":-260,""z_mg"":992}"
1.921,right_hand,og,tilt,,"{""roll_deg"":-1.8,""pitch_deg"":0.8,""steady"":true}"
1.921,right_hand,og,acc,2353377,"{""seq"":90,""x_mg"":-168,""y_mg"":-408,""z_mg"":972}"
1.921,right_hand,og,tilt,,"{""roll_deg"":-5.2,""pitch_deg"":0.8,""steady"":true}"
1.953,right_hand,og,acc,2353398,"{""seq"":91,""x_mg"":-164,""y_mg"":-460,""z_mg"":940}"
1.953,right_hand,og,tilt,,"{""roll_deg"":-11.8,""pitch_deg"":0.8,""steady"":true}"
1.953,right_hand,og,acc,2353418,"{""seq"":92,""x_mg"":-204,""y_mg"":-376,""z_mg"":936}"
1.953,right_hand,og,tilt,,"{""roll_deg"":-15.4,""pitch_deg"":0.8,""steady"":true}"
1.984,right_hand,og,acc,2353439,"{""seq"":93,""x_mg"":-224,""y_mg"":-300,""z_mg"":928}"
1.984,right_hand,og,tilt,,"{""roll_deg"":-17.0,""pitch_deg"":0.8,""steady"":true}"
2.015,right_hand,og,acc,2353459,"{""seq"":94,""x_mg"":-232,""y_mg"":-328,""z_mg"":956}"
2.015,right_hand,og,tilt,,"{""roll_deg"":-17.0,""pitch_deg"":0.8,""steady"":true}"
2.015,right_hand,og,acc,2353480,"{""seq"":95,""x_mg"":-216,""y_mg"":-376,""z_mg"":984}"
2.015,right_hand,og,tilt,,"{""roll_deg"":-17.0,""pitch_deg"":0.8,""steady"":true}"
2.046,right_hand,og,acc,2353501,"{""seq"":96,""x_mg"":-232,""y_mg"":-324,""z_mg"":932}"
2.046,right_hand,og,tilt,,"{""roll_deg"":-17.0,""pitch_deg"":0.6,""steady"":true}"
2.078,right_hand,og,acc,2353521,"{""seq"":97,""x_mg"":-256,""y_mg"":-224,""z_mg"":936}"
2.078,right_hand,og,tilt,,"{""roll_deg"":-17.0,""pitch_deg"":0.3,""steady"":true}"
2.078,right_hand,og,acc,2353542,"{""seq"":98,""x_mg"":-260,""y_mg"":-212,""z_mg"":940}"
2.078,right_hand,og,tremor,,"{""rms_mg"":81.3,""peak_hz"":11.3}"
2.078,right_hand,og,tilt,,"{""roll_deg"":-15.5,""pitch_deg"":-0.4,""steady"":true}"
2.109,right_hand,og,acc,2353562,"{""seq"":99,""x_mg"":-244,""y_mg"":-292,""z_mg"":956}"
2.109,right_hand,og,tilt,,"{""roll_deg"":-14.7,""pitch_deg"":-1.0,""steady"":true}"
2.140,right_hand,og,acc,2353583,"{""seq"":100,""x_mg"":-228,""y_mg"":-312,""z_mg"":972}"
2.140,right_hand,og,tilt,,"{""roll_deg"":-14.7,""pitch_deg"":-1.2,""steady"":true}"
2.140,right_hand,og,acc,2353603,"{""seq"":101,""x_mg"":-204,""y_mg"":-224,""z_mg"":960}"
2.140,right_hand,og,tilt,,"{""roll_deg"":-14.7,""pitch_deg"":-1.2,""steady"":true}"
2.171,right_hand,og,acc,2353624,"{""seq"":102,""x_mg"":-176,""y_mg"":-140,""z_mg"":956}"
2.171,right_hand,og,tilt,,"{""roll_deg"":-14.2,""pitch_deg"":-1.2,""steady"":true}"
2.203,right_hand,og,acc,2353645,"{""seq"":103,""x_mg"":-156,""y_mg"":-192,""z_mg"":968}"
2.203,right_hand,og,tilt,,"{""roll_deg"":-13.9,""pitch_deg"":-1.2,""steady"":true}"
2.203,right_hand,og,acc,2353665,"{""seq"":104,""x_mg"":-116,""y_mg"":-188,""z_mg"":972}"
2.203,right_hand,og,tilt,,"{""roll_deg"":-13.4,""pitch_deg"":-1.2,""steady"":true}"
2.234,right_hand,og,acc,2353686,"{""seq"":105,""x_mg"":-128,""y_mg"":-92,""z_mg"":976}"
2.234,right_hand,og,tilt,,"{""roll_deg"":-12.7,""pitch_deg"":-0.9,""steady"":true}"
2.265,right_hand,og,acc,2353706,"{""seq"":106,""x_mg"":-124,""y_mg"":-16,""z_mg"":984}"
2.265,right_hand,og,tilt,,"{""roll_deg"":-10.7,""pitch_deg"":-0.3,""steady"":true}"
2.265,right_hand,og,acc,2353727,"{""seq"":107,""x_mg"":-112,""y_mg"":0,""z_mg"":976}"
2.265,right_hand,og,tilt,,"{""roll_deg"":-7.2,""pitch_deg"":0.3,""steady"":true}"
2.296,right_hand,og,acc,2353747,"{""seq"":108,""x_mg"":-136,""y_mg"":28,""z_mg"":972}"
2.296,right_hand,og,tilt,,"{""roll_deg"":-4.2,""pitch_deg"":0.9,""steady"":true}"
2.296,right_hand,og,acc,2353768,"{""seq"":109,""x_mg"":-160,""y_mg"":84,""z_mg"":948}"
2.296,right_hand,og,tilt,,"{""roll_deg"":-1.4,""pitch_deg"":1.3,""steady"":true}"
2.312,right_hand,og,acc,2353788,"{""seq"":110,""x_mg"":-184,""y_mg"":152,""z_mg"":972}"
2.312,right_hand,og,tilt,,"{""roll_deg"":1.7,""pitch_deg"":1.3,""steady"":true}"
2.343,right_hand,og,acc,2353809,"{""seq"":111,""x_mg"":-188,""y_mg"":196,""z_mg"":992}"
2.343,right_hand,og,tilt,,"{""roll_deg"":5.3,""pitch_deg"":1.3,""steady"":true}"
2.375,right_hand,og,acc,2353830,"{""seq"":112,""x_mg"":-188,""y_mg"":216,""z_mg"":992}"
2.375,right_hand,og,tilt,,"{""roll_deg"":8.4,""pitch_deg"":1.3,""steady"":true}"
2.406,right_hand,og,acc,2353850,"{""seq"":113,""x_mg"":-176,""y_mg"":180,""z_mg"":996}"
2.406,right_hand,og,tilt,,"{""roll_deg"":10.2,""pitch_deg"":1.3,""steady"":true}"
2.406,right_hand,og,acc,2353871,"{""seq"":114,""x_mg"":-188,""y_mg"":260,""z_mg"":960}"
2.406,right_hand,og,tilt,,"{""roll_deg"":11.7,""pitch_deg"":1.3,""steady"":true}"
2.437,right_hand,og,acc,2353891,"{""seq"":115,""x_mg"":-156,""y_mg"":248,""z_mg"":992}"
2.437,right_hand,og,tilt,,"{""roll_deg"":13.2,""pitch_deg"":1.3,""steady"":true}"
2.468,right_hand,og,acc,2353912,"{""seq"":116,""x_mg"":-148,""y_mg"":252,""z_mg"":1016}"
2.468,right_hand,og,tilt,,"{""roll_deg"":14.1,""pitch_deg"":1.3,""steady"":true}"
2.468,right_hand,og,acc,2353932,"{""seq"":117,""x_mg"":-176,""y_mg"":344,""z_mg"":956}"
2.468,right_hand,og,tilt,,"{""roll_deg"":14.7,""pitch_deg"":1.3,""steady"":true}"
2.500,right_hand,og,acc,2353953,"{""seq"":118,""x_mg"":-200,""y_mg"":416,""z_mg"":908}"
2.500,right_hand,og,tilt,,"{""roll_deg"":17.2,""pitch_deg"":1.3,""steady"":true}"
2.500,right_hand,og,acc,2353974,"{""seq"":119,""x_mg"":-208,""y_mg"":416,""z_mg"":940}"
2.500,right_hand,og,tilt,,"{""roll_deg"":20.4,""pitch_deg"":1.3,""steady"":true}"
2.515,right_hand,og,acc,2353994,"{""seq"":120,""x_mg"":-200,""y_mg"":276,""z_mg"":948}"
2.515,right_hand,og,tilt,,"{""roll_deg"":22.2,""pitch_deg"":1.3,""steady"":true}"
2.546,right_hand,og,acc,2354015,"{""seq"":121,""x_mg"":-188,""y_mg"":188,""z_mg"":944}"
2.546,right_hand,og,tilt,,"{""roll_deg"":21.4,""pitch_deg"":1.3,""steady"":true}"
2.593,right_hand,og,acc,2354035,"{""seq"":122,""x_mg"":-196,""y_mg"":184,""z_mg"":940}"
2.593,right_hand,og,tilt,,"{""roll_deg"":19.3,""pitch_deg"":1.2,""steady"":true}"
2.625,right_hand,og,acc,2354056,"{""seq"":123,""x_mg"":-196,""y_mg"":188,""z_mg"":948}"
2.625,right_hand,og,tilt,,"{""roll_deg"":18.1,""pitch_deg"":1.1,""steady"":true}"
2.625,right_hand,og,acc,2354076,"{""seq"":124,""x_mg"":-156,""y_mg"":80,""z_mg"":944}"
2.625,right_hand,og,tilt,,"{""roll_deg"":17.5,""pitch_deg"":1.0,""steady"":true}"
2.656,right_hand,og,acc,2354097,"{""seq"":125,""x_mg"":-152,""y_mg"":-12,""z_mg"":952}"
2.656,right_hand,og,tilt,,"{""roll_deg"":16.3,""pitch_deg"":1.0,""steady"":true}"
2.656,right_hand,og,acc,2354118,"{""seq"":126,""x_mg"":-152,""y_mg"":-84,""z_mg"":968}"
2.656,right_hand,og,tilt,,"{""roll_deg"":12.7,""pitch_deg"":1.0,""steady"":true}"
2.687,right_hand,og,acc,2354138,"{""seq"":127,""x_mg"":-168,""y_mg"":-152,""z_mg"":948}"
2.687,right_hand,og,tilt,,"{""roll_deg"":7.6,""pitch_deg"":1.0,""steady"":true}"
2.718,right_hand,og,acc,2354159,"{""seq"":128,""x_mg"":-160,""y_mg"":-224,""z_mg"":944}"
2.718,right_hand,og,tilt,,"{""roll_deg"":1.9,""pitch_deg"":1.0,""steady"":true}"
2.718,right_hand,og,acc,2354179,"{""seq"":129,""x_mg"":-160,""y_mg"":-244,""z_mg"":996}"
2.718,right_hand,og,tilt,,"{""roll_deg"":-3.5,""pitch_deg"":1.0,""steady"":true}"
2.734,right_hand,og,acc,2354200,"{""seq"":130,""x_mg"":-196,""y_mg"":-144,""z_mg"":1048}"
2.734,right_hand,og,tilt,,"{""roll_deg"":-6.7,""pitch_deg"":1.0,""steady"":true}"
2.765,right_hand,og,acc,2354220,"{""seq"":131,""x_mg"":-208,""y_mg"":-20,""z_mg"":1008}"
2.765,right_hand,og,tilt,,"{""roll_deg"":-6.7,""pitch_deg"":1.0,""steady"":true}"
2.796,right_hand,og,acc,2354241,"{""seq"":132,""x_mg"":-180,""y_mg"":-8,""z_mg"":916}"
2.796,right_hand,og,tilt,,"{""roll_deg"":-4.3,""pitch_deg"":1.0,""steady"":true}"
2.796,right_hand,og,acc,2354261,"{""seq"":133,""x_mg"":-208,""y_mg"":-88,""z_mg"":1012}"
2.796,right_hand,og,tilt,,"{""roll_deg"":-3.0,""pitch_deg"":1.0,""steady"":true}"
2.828,right_hand,og,acc,2354282,"{""seq"":134,""x_mg"":-240,""y_mg"":-88,""z_mg"":984}"
2.828,right_hand,og,tilt,,"{""roll_deg"":-3.0,""pitch_deg"":1.0,""steady"":true}"
2.859,right_hand,og,acc,2354303,"{""seq"":135,""x_mg"":-224,""y_mg"":-76,""z_mg"":844}"
2.859,right_hand,og,tilt,,"{""roll_deg"":-3.0,""pitch_deg"":0.6,""steady"":true}"
2.859,right_hand,og,acc,2354323,"{""seq"":136,""x_mg"":-228,""y_mg"":-164,""z_mg"":892}"
2.859,right_hand,og,tilt,,"{""roll_deg"":-3.0,""pitch_deg"":0.1,""steady"":true}"
2.890,right_hand,og,acc,2354344,"{""seq"":137,""x_mg"":-252,""y_mg"":-232,""z_mg"":952}"
2.890,right_hand,og,tilt,,"{""roll_deg"":-3.7,""pitch_deg"":-0.5,""steady"":true}"
2.921,right_hand,og,acc,2354364,"{""seq"":138,""x_mg"":-256,""y_mg"":-180,""z_mg"":1012}"
2.921,right_hand,og,tilt,,"{""roll_deg"":-4.8,""pitch_deg"":-0.9,""steady"":true}"
2.921,right_hand,og,acc,2354385,"{""seq"":139,""x_mg"":-224,""y_mg"":-124,""z_mg"":996}"
2.921,right_hand,og,tilt,,"{""roll_deg"":-5.5,""pitch_deg"":-1.2,""steady"":true}"
2.953,right_hand,og,acc,2354405,"{""seq"":140,""x_mg"":-204,""y_mg"":-168,""z_mg"":960}"
2.953,right_hand,og,tilt,,"{""roll_deg"":-5.9,""pitch_deg"":-1.2,""steady"":true}"
2.968,right_hand,og,acc,2354426,"{""seq"":141,""x_mg"":-192,""y_mg"":-76,""z_mg"":1064}"
2.968,right_hand,og,tilt,,"{""roll_deg"":-5.9,""pitch_deg"":-1.2,""steady"":true}"
3.000,right_hand,og,acc,2354447,"{""seq"":142,""x_mg"":-156,""y_mg"":-76,""z_mg"":1116}"
3.000,right_hand,og,tilt,,"{""roll_deg"":-5.6,""pitch_deg"":-1.2,""steady"":true}"
3.000,right_hand,og,acc,2354467,"{""seq"":143,""x_mg"":-156,""y_mg"":-32,""z_mg"":1016}"
3.000,right_hand,og,tilt,,"{""roll_deg"":-5.2,""pitch_deg"":-1.2,""steady"":true}"
3.031,right_hand,og,acc,2354488,"{""seq"":144,""x_mg"":-172,""y_mg"":-8,""z_mg"":948}"
3.031,right_hand,og,tilt,,"{""roll_deg"":-4.8,""pitch_deg"":-1.1,""steady"":true}"
3.062,right_hand,og,acc,2354508,"{""seq"":145,""x_mg"":-200,""y_mg"":60,""z_mg"":952}"
3.062,right_hand,og,tilt,,"{""roll_deg"":-4.1,""pitch_deg"":-0.9,""steady"":true}"
3.062,right_hand,og,acc,2354529,"{""seq"":146,""x_mg"":-208,""y_mg"":104,""z_mg"":984}"
3.062,right_hand,og,tilt,,"{""roll_deg"":-2.1,""pitch_deg"":-0.9,""steady"":true}"
3.093,right_hand,og,acc,2354549,"{""seq"":147,""x_mg"":-208,""y_mg"":80,""z_mg"":976}"
3.093,right_hand,og,tilt,,"{""roll_deg"":0.1,""pitch_deg"":-0.9,""steady"":true}"
3.125,right_hand,og,acc,2354570,"{""seq"":148,""x_mg"":-200,""y_mg"":-4,""z_mg"":988}"
3.125,right_hand,og,tilt,,"{""roll_deg"":2.0,""pitch_deg"":-0.9,""steady"":true}"
3.125,right_hand,og,acc,2354591,"{""seq"":149,""x_mg"":-200,""y_mg"":44,""z_mg"":972}"
3.125,right_hand,og,tilt,,"{""roll_deg"":2.6,""pitch_deg"":-0.9,""steady"":true}"
3.140,right_hand,og,acc,2354611,"{""seq"":150,""x_mg"":-188,""y_mg"":128,""z_mg"":936}"
3.140,right_hand,og,tilt,,"{""roll_deg"":3.1,""pitch_deg"":-0.9,""steady"":true}"
3.171,right_hand,og,acc,2354632,"{""seq"":151,""x_mg"":-180,""y_mg"":84,""z_mg"":960}"
3.171,right_hand,og,tilt,,"{""roll_deg"":4.1,""pitch_deg"":-0.9,""steady"":true}"
3.187,right_hand,og,acc,2354652,"{""seq"":152,""x_mg"":-192,""y_mg"":-16,""z_mg"":992}"
3.187,right_hand,og,tilt,,"{""roll_deg"":4.8,""pitch_deg"":-0.9,""steady"":true}"
3.218,right_hand,og,acc,2354673,"{""seq"":153,""x_mg"":-188,""y_mg"":-12,""z_mg"":1004}"
3.218,right_hand,og,tilt,,"{""roll_deg"":4.7,""pitch_deg"":-0.8,""steady"":true}"
3.234,right_hand,og,acc,2354693,"{""seq"":154,""x_mg"":-192,""y_mg"":48,""z_mg"":976}"
3.234,right_hand,og,tilt,,"{""roll_deg"":4.2,""pitch_deg"":-0.8,""steady"":true}"
3.265,right_hand,og,acc,2354714,"{""seq"":155,""x_mg"":-212,""y_mg"":80,""z_mg"":948}"
3.265,right_hand,og,tilt,,"{""roll_deg"":4.2,""pitch_deg"":-0.8,""steady"":true}"
3.281,right_hand,og,acc,2354735,"{""seq"":156,""x_mg"":-224,""y_mg"":52,""z_mg"":952}"
3.281,right_hand,og,tilt,,"{""roll_deg"":4.2,""pitch_deg"":-0.8,""steady"":true}"
3.296,right_hand,og,acc,2354755,"{""seq"":157,""x_mg"":-212,""y_mg"":4,""z_mg"":964}"
3.296,right_hand,og,tilt,,"{""roll_deg"":4.2,""pitch_deg"":-0.8,""steady"":true}"
3.328,right_hand,og,acc,2354776,"{""seq"":158,""x_mg"":-208,""y_mg"":-8,""z_mg"":952}"
3.328,right_hand,og,tilt,,"{""roll_deg"":4.2,""pitch_deg"":-0.8,""steady"":true}"
3.343,right_hand,og,acc,2354796,"{""seq"":159,""x_mg"":-204,""y_mg"":28,""z_mg"":948}"
3.343,right_hand,og,tilt,,"{""roll_deg"":4.2,""pitch_deg"":-0.8,""steady"":true}"
3.343,right_hand,og,acc,2354817,"{""seq"":160,""x_mg"":-180,""y_mg"":68,""z_mg"":948}"
3.343,right_hand,og,tilt,,"{""roll_deg"":4.2,""pitch_deg"":-0.8,""steady"":true}"
3.375,right_hand,og,acc,2354837,"{""seq"":161,""x_mg"":-180,""y_mg"":96,""z_mg"":980}"
3.375,right_hand,og,tilt,,"{""roll_deg"":4.2,""pitch_deg"":-0.8,""steady"":true}"
3.406,right_hand,og,acc,2354858,"{""seq"":162,""x_mg"":-184,""y_mg"":80,""z_mg"":1032}"
3.406,right_hand,og,tilt,,"{""roll_deg"":4.2,""pitch_deg"":-0.8,""steady"":true}"
3.437,right_hand,og,acc,2354879,"{""seq"":163,""x_mg"":-184,""y_mg"":-24,""z_mg"":1028}"
3.437,right_hand,og,tilt,,"{""roll_deg"":4.4,""pitch_deg"":-0.8,""steady"":true}"
3.437,right_hand,og,acc,2354899,"{""seq"":164,""x_mg"":-184,""y_mg"":-104,""z_mg"":1020}"
3.437,right_hand,og,tilt,,"{""roll_deg"":4.4,""pitch_deg"":-0.7,""steady"":true}"
3.468,right_hand,og,acc,2354920,"{""seq"":165,""x_mg"":-188,""y_mg"":-100,""z_mg"":952}"
3.468,right_hand,og,tilt,,"{""roll_deg"":3.9,""pitch_deg"":-0.6,""steady"":true}"
3.500,right_hand,og,acc,2354940,"{""seq"":166,""x_mg"":-192,""y_mg"":-28,""z_mg"":924}"
3.500,right_hand,og,tilt,,"{""roll_deg"":2.6,""pitch_deg"":-0.6,""steady"":true}"
3.500,right_hand,og,acc,2354961,"{""seq"":167,""x_mg"":-232,""y_mg"":100,""z_mg"":912}"
3.500,right_hand,og,tilt,,"{""roll_deg"":2.2,""pitch_deg"":-0.6,""steady"":true}"
3.531,right_hand,og,acc,2354981,"{""seq"":168,""x_mg"":-240,""y_mg"":104,""z_mg"":896}"
3.531,right_hand,og,tilt,,"{""roll_deg"":2.2,""pitch_deg"":-0.6,""steady"":true}"
3.562,right_hand,og,acc,2355002,"{""seq"":169,""x_mg"":-220,""y_mg"":96,""z_mg"":932}"
3.562,right_hand,og,tilt,,"{""roll_deg"":2.6,""pitch_deg"":-0.6,""steady"":true}"
3.562,right_hand,og,acc,2355023,"{""seq"":170,""x_mg"":-216,""y_mg"":140,""z_mg"":948}"
3.562,right_hand,og,tilt,,"{""roll_deg"":3.4,""pitch_deg"":-0.6,""steady"":true}"
3.593,right_hand,og,acc,2355043,"{""seq"":171,""x_mg"":-160,""y_mg"":228,""z_mg"":1092}"
3.593,right_hand,og,tilt,,"{""roll_deg"":4.7,""pitch_deg"":-0.6,""steady"":true}"
3.625,right_hand,og,acc,2355064,"{""seq"":172,""x_mg"":-136,""y_mg"":112,""z_mg"":1032}"
3.625,right_hand,og,tilt,,"{""roll_deg"":5.9,""pitch_deg"":-0.6,""steady"":true}"
3.625,right_hand,og,acc,2355084,"{""seq"":173,""x_mg"":-164,""y_mg"":12,""z_mg"":960}"
3.625,right_hand,og,tilt,,"{""roll_deg"":6.4,""pitch_deg"":-0.6,""steady"":true}"
3.640,right_hand,og,acc,2355105,"{""seq"":174,""x_mg"":-172,""y_mg"":4,""z_mg"":976}"
3.640,right_hand,og,tilt,,"{""roll_deg"":6.4,""pitch_deg"":-0.6,""steady"":true}"
3.656,,game,miss,,"{""n"":1,""speed"":0.41}"
3.656,right_hand,og,acc,2355125,"{""seq"":175,""x_mg"":-176,""y_mg"":24,""z_mg"":1004}"
3.656,right_hand,og,tilt,,"{""roll_deg"":6.0,""pitch_deg"":-0.5,""steady"":true}"
3.671,right_hand,og,acc,2355146,"{""seq"":176,""x_mg"":-172,""y_mg"":40,""z_mg"":992}"
3.671,right_hand,og,tilt,,"{""roll_deg"":5.8,""pitch_deg"":-0.3,""steady"":true}"
3.687,right_hand,og,acc,2355166,"{""seq"":177,""x_mg"":-192,""y_mg"":32,""z_mg"":960}"
3.687,right_hand,og,tilt,,"{""roll_deg"":5.7,""pitch_deg"":-0.2,""steady"":true}"
3.734,right_hand,og,acc,2355187,"{""seq"":178,""x_mg"":-200,""y_mg"":32,""z_mg"":944}"
3.734,right_hand,og,tilt,,"{""roll_deg"":5.6,""pitch_deg"":-0.2,""steady"":true}"
3.750,right_hand,og,acc,2355208,"{""seq"":179,""x_mg"":-212,""y_mg"":36,""z_mg"":952}"
3.750,right_hand,og,tilt,,"{""roll_deg"":5.5,""pitch_deg"":-0.2,""steady"":true}"
3.765,right_hand,og,acc,2355228,"{""seq"":180,""x_mg"":-200,""y_mg"":40,""z_mg"":964}"
3.781,right_hand,og,tilt,,"{""roll_deg"":5.4,""pitch_deg"":-0.2,""steady"":true}"
3.796,right_hand,og,acc,2355249,"{""seq"":181,""x_mg"":-212,""y_mg"":60,""z_mg"":964}"
3.796,right_hand,og,tilt,,"{""roll_deg"":5.4,""pitch_deg"":-0.2,""steady"":true}"
3.812,right_hand,og,acc,2355269,"{""seq"":182,""x_mg"":-216,""y_mg"":72,""z_mg"":948}"
3.812,right_hand,og,tilt,,"{""roll_deg"":5.4,""pitch_deg"":-0.2,""steady"":true}"
3.843,right_hand,og,acc,2355290,"{""seq"":183,""x_mg"":-200,""y_mg"":52,""z_mg"":968}"
3.843,right_hand,og,tilt,,"{""roll_deg"":5.4,""pitch_deg"":-0.2,""steady"":true}"
3.875,right_hand,og,acc,2355310,"{""seq"":184,""x_mg"":-176,""y_mg"":44,""z_mg"":996}"
3.875,right_hand,og,tilt,,"{""roll_deg"":5.4,""pitch_deg"":-0.2,""steady"":true}"
3.875,right_hand,og,acc,2355331,"{""seq"":185,""x_mg"":-184,""y_mg"":44,""z_mg"":992}"
3.875,right_hand,og,tilt,,"{""roll_deg"":5.4,""pitch_deg"":-0.2,""steady"":true}"
3.890,right_hand,og,acc,2355352,"{""seq"":186,""x_mg"":-184,""y_mg"":20,""z_mg"":984}"
3.890,right_hand,og,tilt,,"{""roll_deg"":5.4,""pitch_deg"":-0.2,""steady"":true}"
3.921,right_hand,og,acc,2355372,"{""seq"":187,""x_mg"":-184,""y_mg"":40,""z_mg"":980}"
3.921,right_hand,og,tilt,,"{""roll_deg"":5.3,""pitch_deg"":-0.2,""steady"":true}"
3.921,right_hand,og,acc,2355393,"{""seq"":188,""x_mg"":-196,""y_mg"":44,""z_mg"":964}"
3.921,right_hand,og,tilt,,"{""roll_deg"":5.3,""pitch_deg"":-0.2,""steady"":true}"
3.953,right_hand,og,acc,2355413,"{""seq"":189,""x_mg"":-196,""y_mg"":68,""z_mg"":960}"
3.953,right_hand,og,tilt,,"{""roll_deg"":5.3,""pitch_deg"":-0.2,""steady"":true}"
3.984,right_hand,og,acc,2355434,"{""seq"":190,""x_mg"":-208,""y_mg"":68,""z_mg"":956}"
3.984,right_hand,og,tilt,,"{""roll_deg"":5.3,""pitch_deg"":-0.2,""steady"":true}"
4.000,right_hand,og,acc,2355454,"{""seq"":191,""x_mg"":-192,""y_mg"":48,""z_mg"":964}"
4.000,right_hand,og,tilt,,"{""roll_deg"":5.3,""pitch_deg"":-0.2,""steady"":true}"
4.031,right_hand,og,acc,2355475,"{""seq"":192,""x_mg"":-200,""y_mg"":48,""z_mg"":956}"
4.031,right_hand,og,tilt,,"{""roll_deg"":5.3,""pitch_deg"":-0.2,""steady"":true}"
4.031,right_hand,og,acc,2355496,"{""seq"":193,""x_mg"":-204,""y_mg"":72,""z_mg"":952}"
4.031,right_hand,og,tilt,,"{""roll_deg"":5.3,""pitch_deg"":-0.2,""steady"":true}"
4.046,right_hand,og,acc,2355516,"{""seq"":194,""x_mg"":-200,""y_mg"":28,""z_mg"":988}"
4.046,right_hand,og,tilt,,"{""roll_deg"":5.3,""pitch_deg"":-0.2,""steady"":true}"
4.078,right_hand,og,acc,2355537,"{""seq"":195,""x_mg"":-188,""y_mg"":-16,""z_mg"":992}"
4.078,right_hand,og,tilt,,"{""roll_deg"":5.3,""pitch_deg"":-0.2,""steady"":true}"
4.093,right_hand,og,acc,2355557,"{""seq"":196,""x_mg"":-184,""y_mg"":4,""z_mg"":992}"
4.093,right_hand,og,tremor,,"{""rms_mg"":106.2,""peak_hz"":7.9}"
4.093,right_hand,og,tilt,,"{""roll_deg"":5.0,""pitch_deg"":-0.2,""steady"":true}"
4.125,right_hand,og,acc,2355578,"{""seq"":197,""x_mg"":-172,""y_mg"":40,""z_mg"":992}"
4.125,right_hand,og,tilt,,"{""roll_deg"":4.7,""pitch_deg"":-0.2,""steady"":true}"
4.140,right_hand,og,acc,2355598,"{""seq"":198,""x_mg"":-184,""y_mg"":44,""z_mg"":984}"
4.140,right_hand,og,tilt,,"{""roll_deg"":4.7,""pitch_deg"":-0.2,""steady"":true}"
4.171,right_hand,og,acc,2355619,"{""seq"":199,""x_mg"":-204,""y_mg"":56,""z_mg"":968}"
4.171,right_hand,og,tilt,,"{""roll_deg"":4.7,""pitch_deg"":-0.2,""steady"":true}"
4.171,right_hand,og,acc,2355639,"{""seq"":200,""x_mg"":-204,""y_mg"":64,""z_mg"":948}"
4.171,right_hand,og,tilt,,"{""roll_deg"":4.7,""pitch_deg"":-0.2,""steady"":true}"
4.203,right_hand,og,acc,2355660,"{""seq"":201,""x_mg"":-212,""y_mg"":72,""z_mg"":944}"
4.203,right_hand,og,tilt,,"{""roll_deg"":4.7,""pitch_deg"":-0.2,""steady"":true}"
4.218,right_hand,og,acc,2355681,"{""seq"":202,""x_mg"":-208,""y_mg"":56,""z_mg"":956}"
4.218,right_hand,og,tilt,,"{""roll_deg"":4.7,""pitch_deg"":-0.2,""steady"":true}"
4.234,right_hand,og,acc,2355701,"{""seq"":203,""x_mg"":-200,""y_mg"":36,""z_mg"":968}"
4.234,right_hand,og,tilt,,"{""roll_deg"":4.7,""pitch_deg"":-0.2,""steady"":true}"
4.265,right_hand,og,acc,2355722,"{""seq"":204,""x_mg"":-204,""y_mg"":32,""z_mg"":964}"
4.265,right_hand,og,tilt,,"{""roll_deg"":4.7,""pitch_deg"":-0.2,""steady"":true}"
4.281,right_hand,og,acc,2355742,"{""seq"":205,""x_mg"":-180,""y_mg"":32,""z_mg"":988}"
4.281,right_hand,og,tilt,,"{""roll_deg"":4.7,""pitch_deg"":-0.2,""steady"":true}"
4.312,right_hand,og,acc,2355763,"{""seq"":206,""x_mg"":-176,""y_mg"":36,""z_mg"":976}"
4.312,right_hand,og,tilt,,"{""roll_deg"":4.7,""pitch_deg"":-0.2,""steady"":true}"
4.343,right_hand,og,acc,2355783,"{""seq"":207,""x_mg"":-196,""y_mg"":40,""z_mg"":952}"
4.343,right_hand,og,tilt,,"{""roll_deg"":4.7,""pitch_deg"":-0.2,""steady"":true}"
4.343,right_hand,og,acc,2355804,"{""seq"":208,""x_mg"":-200,""y_mg"":36,""z_mg"":944}"
4.343,right_hand,og,tilt,,"{""roll_deg"":4.7,""pitch_deg"":-0.2,""steady"":true}"
4.375,right_hand,og,acc,2355825,"{""seq"":209,""x_mg"":-188,""y_mg"":8,""z_mg"":1040}"
4.375,right_hand,og,tilt,,"{""roll_deg"":4.7,""pitch_deg"":-0.2,""steady"":true}"
4.406,right_hand,og,acc,2355845,"{""seq"":210,""x_mg"":-184,""y_mg"":0,""z_mg"":992}"
4.406,right_hand,og,tilt,,"{""roll_deg"":4.7,""pitch_deg"":-0.2,""steady"":true}"
4.406,right_hand,og,acc,2355866,"{""seq"":211,""x_mg"":-200,""y_mg"":80,""z_mg"":972}"
4.406,right_hand,og,tilt,,"{""roll_deg"":4.5,""pitch_deg"":-0.2,""steady"":true}"
4.437,right_hand,og,acc,2355886,"{""seq"":212,""x_mg"":-216,""y_mg"":92,""z_mg"":944}"
4.437,right_hand,og,tilt,,"{""roll_deg"":4.5,""pitch_deg"":-0.2,""steady"":true}"
4.468,right_hand,og,acc,2355907,"{""seq"":213,""x_mg"":-220,""y_mg"":92,""z_mg"":948}"
4.468,right_hand,og,tilt,,"{""roll_deg"":4.5,""pitch_deg"":-0.2,""steady"":true}"
4.468,right_hand,og,acc,2355927,"{""seq"":214,""x_mg"":-196,""y_mg"":92,""z_mg"":964}"
4.468,right_hand,og,tilt,,"{""roll_deg"":4.5,""pitch_deg"":-0.2,""steady"":true}"
4.500,right_hand,og,acc,2355948,"{""seq"":215,""x_mg"":-204,""y_mg"":72,""z_mg"":964}"
4.500,right_hand,og,tilt,,"{""roll_deg"":4.8,""pitch_deg"":-0.2,""steady"":true}"
4.500,right_hand,og,acc,2355969,"{""seq"":216,""x_mg"":-196,""y_mg"":36,""z_mg"":952}"
4.500,right_hand,og,tilt,,"{""roll_deg"":5.0,""pitch_deg"":-0.2,""steady"":true}"
4.531,right_hand,og,acc,2355989,"{""seq"":217,""x_mg"":-176,""y_mg"":16,""z_mg"":996}"
4.531,right_hand,og,tilt,,"{""roll_deg"":5.0,""pitch_deg"":-0.2,""steady"":true}"
4.562,right_hand,og,acc,2356010,"{""seq"":218,""x_mg"":-184,""y_mg"":-4,""z_mg"":1000}"
4.562,right_hand,og,tilt,,"{""roll_deg"":5.0,""pitch_deg"":-0.2,""steady"":true}"
4.562,right_hand,og,acc,2356030,"{""seq"":219,""x_mg"":-188,""y_mg"":-16,""z_mg"":988}"
4.562,right_hand,og,tilt,,"{""roll_deg"":5.0,""pitch_deg"":-0.2,""steady"":true}"
4.593,right_hand,og,acc,2356051,"{""seq"":220,""x_mg"":-184,""y_mg"":16,""z_mg"":988}"
4.593,right_hand,og,tilt,,"{""roll_deg"":4.9,""pitch_deg"":-0.2,""steady"":true}"
4.609,right_hand,og,acc,2356071,"{""seq"":221,""x_mg"":-196,""y_mg"":52,""z_mg"":964}"
4.609,right_hand,og,tilt,,"{""roll_deg"":4.7,""pitch_deg"":-0.2,""steady"":true}"
4.640,right_hand,og,acc,2356092,"{""seq"":222,""x_mg"":-196,""y_mg"":44,""z_mg"":948}"
4.640,right_hand,og,tilt,,"{""roll_deg"":4.7,""pitch_deg"":-0.2,""steady"":true}"
4.640,right_hand,og,acc,2356113,"{""seq"":223,""x_mg"":-208,""y_mg"":68,""z_mg"":952}"
4.640,right_hand,og,tilt,,"{""roll_deg"":4.7,""pitch_deg"":-0.2,""steady"":true}"
4.671,right_hand,og,acc,2356133,"{""seq"":224,""x_mg"":-208,""y_mg"":68,""z_mg"":960}"
4.671,right_hand,og,tilt,,"{""roll_deg"":4.7,""pitch_deg"":-0.2,""steady"":true}"
4.703,right_hand,og,acc,2356154,"{""seq"":225,""x_mg"":-216,""y_mg"":52,""z_mg"":944}"
4.703,right_hand,og,tilt,,"{""roll_deg"":4.7,""pitch_deg"":-0.2,""steady"":true}"
4.703,right_hand,og,acc,2356174,"{""seq"":226,""x_mg"":-212,""y_mg"":48,""z_mg"":964}"
4.703,right_hand,og,tilt,,"{""roll_deg"":4.7,""pitch_deg"":-0.2,""steady"":true}"
4.734,right_hand,og,acc,2356195,"{""seq"":227,""x_mg"":-196,""y_mg"":48,""z_mg"":976}"
4.734,right_hand,og,tilt,,"{""roll_deg"":4.7,""pitch_deg"":-0.2,""steady"":true}"
4.765,right_hand,og,acc,2356215,"{""seq"":228,""x_mg"":-188,""y_mg"":48,""z_mg"":976}"
4.765,right_hand,og,tilt,,"{""roll_deg"":4.7,""pitch_deg"":-0.2,""steady"":true}"
4.765,right_hand,og,acc,2356236,"{""seq"":229,""x_mg"":-176,""y_mg"":24,""z_mg"":976}"
4.765,right_hand,og,tilt,,"{""roll_deg"":4.7,""pitch_deg"":-0.2,""steady"":true}"
4.796,right_hand,og,acc,2356257,"{""seq"":230,""x_mg"":-176,""y_mg"":12,""z_mg"":988}"
4.796,right_hand,og,tilt,,"{""roll_deg"":4.7,""pitch_deg"":-0.2,""steady"":true}"
4.812,right_hand,og,acc,2356277,"{""seq"":231,""x_mg"":-176,""y_mg"":4,""z_mg"":1012}"
4.812,right_hand,og,tilt,,"{""roll_deg"":4.7,""pitch_deg"":-0.2,""steady"":true}"
4.859,right_hand,og,acc,2356298,"{""seq"":232,""x_mg"":-196,""y_mg"":12,""z_mg"":984}"
4.859,right_hand,og,tilt,,"{""roll_deg"":4.7,""pitch_deg"":-0.2,""steady"":true}"
4.859,right_hand,og,acc,2356318,"{""seq"":233,""x_mg"":-188,""y_mg"":12,""z_mg"":984}"
4.859,right_hand,og,tilt,,"{""roll_deg"":4.5,""pitch_deg"":-0.2,""steady"":true}"
4.890,right_hand,og,acc,2356339,"{""seq"":234,""x_mg"":-204,""y_mg"":32,""z_mg"":960}"
4.890,right_hand,og,tilt,,"{""roll_deg"":4.4,""pitch_deg"":-0.2,""steady"":true}"
4.921,right_hand,og,acc,2356359,"{""seq"":235,""x_mg"":-212,""y_mg"":52,""z_mg"":948}"
4.921,right_hand,og,tilt,,"{""roll_deg"":4.4,""pitch_deg"":-0.2,""steady"":true}"
4.921,right_hand,og,acc,2356380,"{""seq"":236,""x_mg"":-224,""y_mg"":56,""z_mg"":952}"
4.921,right_hand,og,tilt,,"{""roll_deg"":4.4,""pitch_deg"":-0.2,""steady"":true}"
4.953,right_hand,og,acc,2356400,"{""seq"":237,""x_mg"":-220,""y_mg"":64,""z_mg"":948}"
4.953,right_hand,og,tilt,,"{""roll_deg"":4.4,""pitch_deg"":-0.2,""steady"":true}"
4.984,right_hand,og,acc,2356421,"{""seq"":238,""x_mg"":-196,""y_mg"":68,""z_mg"":960}"
4.984,right_hand,og,tilt,,"{""roll_deg"":4.4,""pitch_deg"":-0.2,""steady"":true}"
4.984,right_hand,og,acc,2356442,"{""seq"":239,""x_mg"":-200,""y_mg"":56,""z_mg"":980}"
4.984,right_hand,og,tilt,,"{""roll_deg"":4.4,""pitch_deg"":-0.2,""steady"":true}"
5.000,right_hand,og,acc,2356462,"{""seq"":240,""x_mg"":-188,""y_mg"":40,""z_mg"":984}"
5.000,right_hand,og,tilt,,"{""roll_deg"":4.4,""pitch_deg"":-0.2,""steady"":true}"
5.031,right_hand,og,acc,2356483,"{""seq"":241,""x_mg"":-180,""y_mg"":8,""z_mg"":992}"
5.031,right_hand,og,tilt,,"{""roll_deg"":4.4,""pitch_deg"":-0.2,""steady"":true}"
5.062,right_hand,og,acc,2356503,"{""seq"":242,""x_mg"":-176,""y_mg"":-8,""z_mg"":992}"
5.062,right_hand,og,tilt,,"{""roll_deg"":4.4,""pitch_deg"":-0.2,""steady"":true}"
5.062,right_hand,og,acc,2356524,"{""seq"":243,""x_mg"":-184,""y_mg"":4,""z_mg"":1000}"
5.062,right_hand,og,tilt,,"{""roll_deg"":4.4,""pitch_deg"":-0.2,""steady"":true}"
5.093,right_hand,og,acc,2356544,"{""seq"":244,""x_mg"":-184,""y_mg"":0,""z_mg"":984}"
5.093,right_hand,og,tilt,,"{""roll_deg"":4.4,""pitch_deg"":-0.2,""steady"":true}"
5.125,right_hand,og,acc,2356565,"{""seq"":245,""x_mg"":-196,""y_mg"":20,""z_mg"":976}"
5.125,right_hand,og,tilt,,"{""roll_deg"":4.2,""pitch_deg"":-0.2,""steady"":true}"
5.125,right_hand,og,acc,2356586,"{""seq"":246,""x_mg"":-208,""y_mg"":44,""z_mg"":956}"
5.125,right_hand,og,tilt,,"{""roll_deg"":4.1,""pitch_deg"":-0.2,""steady"":true}"
5.156,right_hand,og,acc,2356606,"{""seq"":247,""x_mg"":-204,""y_mg"":56,""z_mg"":948}"
5.156,right_hand,og,tilt,,"{""roll_deg"":4.1,""pitch_deg"":-0.2,""steady"":true}"
5.156,right_hand,og,acc,2356627,"{""seq"":248,""x_mg"":-220,""y_mg"":60,""z_mg"":936}"
5.156,right_hand,og,tilt,,"{""roll_deg"":4.1,""pitch_deg"":-0.2,""steady"":true}"
5.187,right_hand,og,acc,2356647,"{""seq"":249,""x_mg"":-216,""y_mg"":60,""z_mg"":944}"
5.187,right_hand,og,tilt,,"{""roll_deg"":4.1,""pitch_deg"":-0.2,""steady"":true}"
5.203,right_hand,og,acc,2356668,"{""seq"":250,""x_mg"":-204,""y_mg"":64,""z_mg"":956}"
5.203,right_hand,og,tilt,,"{""roll_deg"":4.1,""pitch_deg"":-0.2,""steady"":true}"
5.234,right_hand,og,acc,2356688,"{""seq"":251,""x_mg"":-192,""y_mg"":60,""z_mg"":976}"
5.234,right_hand,og,tilt,,"{""roll_deg"":4.1,""pitch_deg"":-0.3,""steady"":true}"
5.250,,game,miss,,"{""n"":2,""speed"":0.36}"
5.265,right_hand,og,acc,2356709,"{""seq"":252,""x_mg"":-176,""y_mg"":24,""z_mg"":984}"
5.265,right_hand,og,tilt,,"{""roll_deg"":4.1,""pitch_deg"":-0.3,""steady"":true}"
5.265,right_hand,og,acc,2356730,"{""seq"":253,""x_mg"":-172,""y_mg"":-8,""z_mg"":1000}"
5.265,right_hand,og,tilt,,"{""roll_deg"":4.1,""pitch_deg"":-0.3,""steady"":true}"
5.296,right_hand,og,acc,2356750,"{""seq"":254,""x_mg"":-172,""y_mg"":-16,""z_mg"":1004}"
5.296,right_hand,og,tilt,,"{""roll_deg"":4.1,""pitch_deg"":-0.3,""steady"":true}"
5.296,right_hand,og,acc,2356771,"{""seq"":255,""x_mg"":-196,""y_mg"":-8,""z_mg"":984}"
5.296,right_hand,og,tilt,,"{""roll_deg"":4.1,""pitch_deg"":-0.3,""steady"":true}"
5.328,right_hand,og,acc,2356791,"{""seq"":256,""x_mg"":-188,""y_mg"":12,""z_mg"":988}"
5.328,right_hand,og,tilt,,"{""roll_deg"":4.1,""pitch_deg"":-0.3,""steady"":true}"
5.359,right_hand,og,acc,2356812,"{""seq"":257,""x_mg"":-196,""y_mg"":24,""z_mg"":968}"
5.359,right_hand,og,tilt,,"{""roll_deg"":4.0,""pitch_deg"":-0.3,""steady"":true}"
5.359,right_hand,og,acc,2356832,"{""seq"":258,""x_mg"":-208,""y_mg"":52,""z_mg"":952}"
5.359,right_hand,og,tilt,,"{""roll_deg"":3.9,""pitch_deg"":-0.3,""steady"":true}"
5.390,right_hand,og,acc,2356853,"{""seq"":259,""x_mg"":-216,""y_mg"":76,""z_mg"":952}"
5.390,right_hand,og,tilt,,"{""roll_deg"":3.9,""pitch_deg"":-0.3,""steady"":true}"
5.421,right_hand,og,acc,2356874,"{""seq"":260,""x_mg"":-216,""y_mg"":88,""z_mg"":960}"
5.421,right_hand,og,tilt,,"{""roll_deg"":3.9,""pitch_deg"":-0.3,""steady"":true}"
5.453,right_hand,og,acc,2356894,"{""seq"":261,""x_mg"":-216,""y_mg"":76,""z_mg"":948}"
5.453,right_hand,og,tilt,,"{""roll_deg"":3.9,""pitch_deg"":-0.3,""steady"":true}"
5.453,right_hand,og,acc,2356915,"{""seq"":262,""x_mg"":-212,""y_mg"":68,""z_mg"":968}"
5.453,right_hand,og,tilt,,"{""roll_deg"":4.1,""pitch_deg"":-0.3,""steady"":true}"
5.484,right_hand,og,acc,2356935,"{""seq"":263,""x_mg"":-200,""y_mg"":124,""z_mg"":988}"
5.484,right_hand,og,tilt,,"{""roll_deg"":4.3,""pitch_deg"":-0.3,""steady"":true}"
5.515,right_hand,og,acc,2356956,"{""seq"":264,""x_mg"":-184,""y_mg"":36,""z_mg"":964}"
5.515,right_hand,og,tilt,,"{""roll_deg"":4.5,""pitch_deg"":-0.3,""steady"":true}"
5.515,right_hand,og,acc,2356976,"{""seq"":265,""x_mg"":-160,""y_mg"":-96,""z_mg"":1100}"
5.515,right_hand,og,tilt,,"{""roll_deg"":4.5,""pitch_deg"":-0.3,""steady"":true}"
5.546,right_hand,og,acc,2356997,"{""seq"":266,""x_mg"":-156,""y_mg"":-160,""z_mg"":1084}"
5.546,right_hand,og,tilt,,"{""roll_deg"":4.5,""pitch_deg"":-0.3,""steady"":true}"
5.578,right_hand,og,acc,2357018,"{""seq"":267,""x_mg"":-192,""y_mg"":-52,""z_mg"":1036}"
5.578,right_hand,og,tilt,,"{""roll_deg"":3.3,""pitch_deg"":-0.3,""steady"":true}"
5.578,right_hand,og,acc,2357038,"{""seq"":268,""x_mg"":-204,""y_mg"":72,""z_mg"":984}"
5.578,right_hand,og,tilt,,"{""roll_deg"":2.7,""pitch_deg"":-0.3,""steady"":true}"
5.609,right_hand,og,acc,2357059,"{""seq"":269,""x_mg"":-220,""y_mg"":116,""z_mg"":948}"
5.609,right_hand,og,tilt,,"{""roll_deg"":2.7,""pitch_deg"":-0.3,""steady"":true}"
5.640,right_hand,og,acc,2357079,"{""seq"":270,""x_mg"":-232,""y_mg"":116,""z_mg"":952}"
5.640,right_hand,og,tilt,,"{""roll_deg"":2.8,""pitch_deg"":-0.3,""steady"":true}"
5.640,right_hand,og,acc,2357100,"{""seq"":271,""x_mg"":-232,""y_mg"":104,""z_mg"":1004}"
5.640,right_hand,og,tilt,,"{""roll_deg"":3.5,""pitch_deg"":-0.3,""steady"":true}"
5.671,right_hand,og,acc,2357120,"{""seq"":272,""x_mg"":-252,""y_mg"":112,""z_mg"":1036}"
5.671,right_hand,og,tilt,,"{""roll_deg"":4.2,""pitch_deg"":-0.3,""steady"":true}"
5.812,right_hand,og,acc,2357141,"{""seq"":273,""x_mg"":-256,""y_mg"":120,""z_mg"":1000}"
5.812,right_hand,og,tilt,,"{""roll_deg"":4.9,""pitch_deg"":-0.3,""steady"":true}"
5.812,right_hand,og,acc,2357161,"{""seq"":274,""x_mg"":-236,""y_mg"":112,""z_mg"":952}"
5.812,right_hand,og,tilt,,"{""roll_deg"":5.5,""pitch_deg"":-0.6,""steady"":true}"
5.812,right_hand,og,acc,2357182,"{""seq"":275,""x_mg"":-232,""y_mg"":140,""z_mg"":920}"
5.812,right_hand,og,tilt,,"{""roll_deg"":6.2,""pitch_deg"":-0.9,""steady"":true}"
5.812,right_hand,og,acc,2357203,"{""seq"":276,""x_mg"":-236,""y_mg"":88,""z_mg"":944}"
5.812,right_hand,og,tilt,,"{""roll_deg"":6.6,""pitch_deg"":-1.2,""steady"":true}"
5.812,right_hand,og,acc,2357223,"{""seq"":277,""x_mg"":-232,""y_mg"":16,""z_mg"":988}"
5.812,right_hand,og,tilt,,"{""roll_deg"":6.7,""pitch_deg"":-1.4,""steady"":true}"
5.812,right_hand,og,acc,2357244,"{""seq"":278,""x_mg"":-228,""y_mg"":-12,""z_mg"":1028}"
5.812,right_hand,og,tilt,,"{""roll_deg"":6.7,""pitch_deg"":-1.5,""steady"":true}"
5.812,right_hand,og,acc,2357264,"{""seq"":279,""x_mg"":-252,""y_mg"":8,""z_mg"":884}"
5.812,right_hand,og,tilt,,"{""roll_deg"":6.5,""pitch_deg"":-1.5,""steady"":true}"
5.828,right_hand,og,acc,2357285,"{""seq"":280,""x_mg"":-260,""y_mg"":-64,""z_mg"":832}"
5.828,right_hand,og,tilt,,"{""roll_deg"":6.1,""pitch_deg"":-2.1,""steady"":true}"
5.828,right_hand,og,acc,2357305,"{""seq"":281,""x_mg"":-232,""y_mg"":-296,""z_mg"":808}"
5.828,right_hand,og,tilt,,"{""roll_deg"":4.8,""pitch_deg"":-2.5,""steady"":true}"
5.859,right_hand,og,acc,2357326,"{""seq"":282,""x_mg"":-232,""y_mg"":-464,""z_mg"":744}"
5.859,right_hand,og,tilt,,"{""roll_deg"":-2.5,""pitch_deg"":-2.7,""steady"":true}"
5.890,right_hand,og,acc,2357347,"{""seq"":283,""x_mg"":-252,""y_mg"":-516,""z_mg"":664}"
5.890,right_hand,og,tilt,,"{""roll_deg"":-14.2,""pitch_deg"":-2.9,""steady"":true}"
5.921,right_hand,og,acc,2357367,"{""seq"":284,""x_mg"":-272,""y_mg"":-596,""z_mg"":656}"
5.921,right_hand,og,tilt,,"{""roll_deg"":-23.8,""pitch_deg"":-3.4,""steady"":true}"
5.921,right_hand,og,acc,2357388,"{""seq"":285,""x_mg"":-244,""y_mg"":-736,""z_mg"":600}"
5.921,right_hand,og,tilt,,"{""roll_deg"":-31.0,""pitch_deg"":-3.7,""steady"":true}"
5.953,right_hand,og,acc,2357408,"{""seq"":286,""x_mg"":-196,""y_mg"":-896,""z_mg"":636}"
5.953,right_hand,og,tilt,,"{""roll_deg"":-39.2,""pitch_deg"":-3.7,""steady"":true}"
5.984,right_hand,og,acc,2357429,"{""seq"":287,""x_mg"":-152,""y_mg"":-996,""z_mg"":696}"
5.984,right_hand,og,tilt,,"{""roll_deg"":-45.7,""pitch_deg"":-3.7,""steady"":true}"
5.984,right_hand,og,acc,2357449,"{""seq"":288,""x_mg"":-144,""y_mg"":-996,""z_mg"":704}"
5.984,right_hand,og,tilt,,"{""roll_deg"":-48.9,""pitch_deg"":-3.1,""steady"":true}"
6.015,right_hand,og,acc,2357470,"{""seq"":289,""x_mg"":-148,""y_mg"":-888,""z_mg"":732}"
6.015,right_hand,og,tilt,,"{""roll_deg"":-50.4,""pitch_deg"":-2.0,""steady"":true}"
6.031,right_hand,og,acc,2357491,"{""seq"":290,""x_mg"":-144,""y_mg"":-788,""z_mg"":744}"
6.031,right_hand,og,tilt,,"{""roll_deg"":-49.8,""pitch_deg"":-0.9,""steady"":true}"
6.062,right_hand,og,acc,2357511,"{""seq"":291,""x_mg"":-148,""y_mg"":-700,""z_mg"":820}"
6.062,right_hand,og,tilt,,"{""roll_deg"":-47.5,""pitch_deg"":-0.0,""steady"":true}"
6.062,right_hand,og,acc,2357532,"{""seq"":292,""x_mg"":-176,""y_mg"":-604,""z_mg"":860}"
6.062,right_hand,og,tilt,,"{""roll_deg"":-44.2,""pitch_deg"":0.7,""steady"":true}"
6.093,right_hand,og,acc,2357552,"{""seq"":293,""x_mg"":-188,""y_mg"":-468,""z_mg"":912}"
6.093,right_hand,og,tilt,,"{""roll_deg"":-41.4,""pitch_deg"":0.7,""steady"":true}"
6.125,right_hand,og,acc,2357573,"{""seq"":294,""x_mg"":-220,""y_mg"":-348,""z_mg"":892}"
6.140,right_hand,og,tremor,,"{""rms_mg"":58.2,""peak_hz"":4.2}"
6.140,right_hand,og,tilt,,"{""roll_deg"":-40.4,""pitch_deg"":0.7,""steady"":true}"
6.140,right_hand,og,acc,2357593,"{""seq"":295,""x_mg"":-224,""y_mg"":-244,""z_mg"":932}"
6.140,right_hand,og,tilt,,"{""roll_deg"":-34.7,""pitch_deg"":0.7,""steady"":true}"
6.156,right_hand,og,acc,2357614,"{""seq"":296,""x_mg"":-236,""y_mg"":-164,""z_mg"":948}"
6.156,right_hand,og,tilt,,"{""roll_deg"":-25.9,""pitch_deg"":0.6,""steady"":true}"
6.203,right_hand,og,acc,2357635,"{""seq"":297,""x_mg"":-240,""y_mg"":-136,""z_mg"":976}"
6.203,right_hand,og,tilt,,"{""roll_deg"":-17.5,""pitch_deg"":0.4,""steady"":true}"
6.203,right_hand,og,acc,2357655,"{""seq"":298,""x_mg"":-256,""y_mg"":-112,""z_mg"":948}"
6.203,right_hand,og,tilt,,"{""roll_deg"":-12.1,""pitch_deg"":0.2,""steady"":true}"
6.234,right_hand,og,acc,2357676,"{""seq"":299,""x_mg"":-268,""y_mg"":-76,""z_mg"":932}"
6.234,right_hand,og,tilt,,"{""roll_deg"":-8.5,""pitch_deg"":-0.3,""steady"":true}"
6.234,right_hand,og,acc,2357696,"{""seq"":300,""x_mg"":-256,""y_mg"":-40,""z_mg"":936}"
6.234,right_hand,og,tilt,,"{""roll_deg"":-5.8,""pitch_deg"":-0.8,""steady"":true}"
6.250,right_hand,og,acc,2357717,"{""seq"":301,""x_mg"":-248,""y_mg"":8,""z_mg"":940}"
6.250,right_hand,og,tilt,,"{""roll_deg"":-3.4,""pitch_deg"":-1.4,""steady"":true}"
6.281,right_hand,og,acc,2357737,"{""seq"":302,""x_mg"":-248,""y_mg"":0,""z_mg"":952}"
6.281,right_hand,og,tilt,,"{""roll_deg"":-1.1,""pitch_deg"":-1.7,""steady"":true}"
6.312,right_hand,og,acc,2357758,"{""seq"":303,""x_mg"":-236,""y_mg"":-56,""z_mg"":964}"
6.312,right_hand,og,tilt,,"{""roll_deg"":0.2,""pitch_deg"":-2.0,""steady"":true}"
6.343,right_hand,og,acc,2357779,"{""seq"":304,""x_mg"":-236,""y_mg"":-56,""z_mg"":944}"
6.343,right_hand,og,tilt,,"{""roll_deg"":0.2,""pitch_deg"":-2.1,""steady"":true}"
6.343,right_hand,og,acc,2357799,"{""seq"":305,""x_mg"":-264,""y_mg"":8,""z_mg"":912}"
6.343,right_hand,og,tilt,,"{""roll_deg"":-0.1,""pitch_deg"":-2.2,""steady"":true}"
6.375,right_hand,og,acc,2357820,"{""seq"":306,""x_mg"":-276,""y_mg"":60,""z_mg"":928}"
6.375,right_hand,og,tilt,,"{""roll_deg"":0.3,""pitch_deg"":-2.7,""steady"":true}"
6.375,right_hand,og,acc,2357840,"{""seq"":307,""x_mg"":-268,""y_mg"":-8,""z_mg"":988}"
6.375,right_hand,og,tilt,,"{""roll_deg"":0.9,""pitch_deg"":-3.1,""steady"":true}"
6.406,right_hand,og,acc,2357861,"{""seq"":308,""x_mg"":-264,""y_mg"":-76,""z_mg"":976}"
6.406,right_hand,og,tilt,,"{""roll_deg"":1.0,""pitch_deg"":-3.2,""steady"":true}"
6.437,right_hand,og,acc,2357881,"{""seq"":309,""x_mg"":-244,""y_mg"":-40,""z_mg"":956}"
6.437,right_hand,og,tilt,,"{""roll_deg"":1.0,""pitch_deg"":-3.3,""steady"":true}"
6.437,right_hand,og,acc,2357902,"{""seq"":310,""x_mg"":-244,""y_mg"":-28,""z_mg"":976}"
6.437,right_hand,og,tilt,,"{""roll_deg"":1.0,""pitch_deg"":-3.3,""steady"":true}"
6.468,right_hand,og,acc,2357923,"{""seq"":311,""x_mg"":-232,""y_mg"":-48,""z_mg"":984}"
6.468,right_hand,og,tilt,,"{""roll_deg"":0.8,""pitch_deg"":-3.3,""steady"":true}"
6.500,right_hand,og,acc,2357943,"{""seq"":312,""x_mg"":-232,""y_mg"":-84,""z_mg"":1000}"
6.500,right_hand,og,tilt,,"{""roll_deg"":0.6,""pitch_deg"":-3.3,""steady"":true}"
6.500,right_hand,og,acc,2357964,"{""seq"":313,""x_mg"":-216,""y_mg"":-124,""z_mg"":976}"
6.500,right_hand,og,tilt,,"{""roll_deg"":0.1,""pitch_deg"":-3.3,""steady"":true}"
6.531,right_hand,og,acc,2357984,"{""seq"":314,""x_mg"":-236,""y_mg"":-152,""z_mg"":976}"
6.531,right_hand,og,tilt,,"{""roll_deg"":-0.5,""pitch_deg"":-3.3,""steady"":true}"
6.562,right_hand,og,acc,2358005,"{""seq"":315,""x_mg"":-256,""y_mg"":-120,""z_mg"":968}"
6.562,right_hand,og,tilt,,"{""roll_deg"":-0.7,""pitch_deg"":-3.3,""steady"":true}"
6.562,right_hand,og,acc,2358025,"{""seq"":316,""x_mg"":-260,""y_mg"":-56,""z_mg"":948}"
6.562,right_hand,og,tilt,,"{""roll_deg"":-1.1,""pitch_deg"":-3.3,""steady"":true}"
6.593,right_hand,og,acc,2358046,"{""seq"":317,""x_mg"":-260,""y_mg"":-20,""z_mg"":948}"
6.593,right_hand,og,tilt,,"{""roll_deg"":-1.1,""pitch_deg"":-3.3,""steady"":true}"
6.593,right_hand,og,acc,2358067,"{""seq"":318,""x_mg"":-264,""y_mg"":-88,""z_mg"":924}"
6.593,right_hand,og,tilt,,"{""roll_deg"":-1.1,""pitch_deg"":-3.3,""steady"":true}"
6.625,right_hand,og,acc,2358087,"{""seq"":319,""x_mg"":-268,""y_mg"":-120,""z_mg"":928}"
6.625,right_hand,og,tilt,,"{""roll_deg"":-1.2,""pitch_deg"":-3.3,""steady"":true}"
6.656,right_hand,og,acc,2358108,"{""seq"":320,""x_mg"":-252,""y_mg"":-84,""z_mg"":908}"
6.656,right_hand,og,tilt,,"{""roll_deg"":-1.4,""pitch_deg"":-3.3,""steady"":true}"
6.656,right_hand,og,acc,2358128,"{""seq"":321,""x_mg"":-252,""y_mg"":-56,""z_mg"":940}"
6.656,right_hand,og,tilt,,"{""roll_deg"":-1.5,""pitch_deg"":-3.4,""steady"":true}"
6.687,right_hand,og,acc,2358149,"{""seq"":322,""x_mg"":-240,""y_mg"":-72,""z_mg"":948}"
6.687,right_hand,og,tilt,,"{""roll_deg"":-1.6,""pitch_deg"":-3.4,""steady"":true}"
6.718,right_hand,og,acc,2358169,"{""seq"":323,""x_mg"":-220,""y_mg"":-104,""z_mg"":980}"
6.718,right_hand,og,tilt,,"{""roll_deg"":-1.6,""pitch_deg"":-3.4,""steady"":true}"
6.718,right_hand,og,acc,2358190,"{""seq"":324,""x_mg"":-208,""y_mg"":-120,""z_mg"":992}"
6.718,right_hand,og,tilt,,"{""roll_deg"":-1.8,""pitch_deg"":-3.4,""steady"":true}"
6.750,right_hand,og,acc,2358210,"{""seq"":325,""x_mg"":-216,""y_mg"":-92,""z_mg"":1004}"
6.750,right_hand,og,tilt,,"{""roll_deg"":-2.0,""pitch_deg"":-3.4,""steady"":true}"
6.781,right_hand,og,acc,2358231,"{""seq"":326,""x_mg"":-216,""y_mg"":-28,""z_mg"":984}"
6.781,right_hand,og,tilt,,"{""roll_deg"":-2.1,""pitch_deg"":-3.4,""steady"":true}"
6.781,right_hand,og,acc,2358252,"{""seq"":327,""x_mg"":-212,""y_mg"":8,""z_mg"":988}"
6.781,right_hand,og,tilt,,"{""roll_deg"":-2.1,""pitch_deg"":-3.3,""steady"":true}"
6.812,right_hand,og,acc,2358272,"{""seq"":328,""x_mg"":-212,""y_mg"":8,""z_mg"":1004}"
6.812,right_hand,og,tilt,,"{""roll_deg"":-2.1,""pitch_deg"":-3.1,""steady"":true}"
6.859,right_hand,og,acc,2358293,"{""seq"":329,""x_mg"":-212,""y_mg"":32,""z_mg"":984}"
6.859,right_hand,og,tilt,,"{""roll_deg"":-1.6,""pitch_deg"":-2.8,""steady"":true}"
6.859,right_hand,og,acc,2358313,"{""seq"":330,""x_mg"":-208,""y_mg"":72,""z_mg"":972}"
6.859,right_hand,og,tilt,,"{""roll_deg"":-0.7,""pitch_deg"":-2.6,""steady"":true}"
6.875,right_hand,og,acc,2358334,"{""seq"":331,""x_mg"":-212,""y_mg"":116,""z_mg"":964}"
6.875,right_hand,og,tilt,,"{""roll_deg"":0.8,""pitch_deg"":-2.5,""steady"":true}"
6.906,right_hand,og,acc,2358354,"{""seq"":332,""x_mg"":-220,""y_mg"":164,""z_mg"":972}"
6.906,right_hand,og,tilt,,"{""roll_deg"":2.8,""pitch_deg"":-2.4,""steady"":true}"
6.937,right_hand,og,acc,2358375,"{""seq"":333,""x_mg"":-212,""y_mg"":152,""z_mg"":980}"
6.937,right_hand,og,tilt,,"{""roll_deg"":5.2,""pitch_deg"":-2.3,""steady"":true}"
6.937,right_hand,og,acc,2358396,"{""seq"":334,""x_mg"":-180,""y_mg"":96,""z_mg"":964}"
6.937,right_hand,og,tilt,,"{""roll_deg"":6.9,""pitch_deg"":-2.2,""steady"":true}"
6.968,right_hand,og,acc,2358416,"{""seq"":335,""x_mg"":-184,""y_mg"":72,""z_mg"":972}"
6.968,right_hand,og,tilt,,"{""roll_deg"":7.0,""pitch_deg"":-1.8,""steady"":true}"
7.000,right_hand,og,acc,2358437,"{""seq"":336,""x_mg"":-176,""y_mg"":96,""z_mg"":992}"
7.000,right_hand,og,tilt,,"{""roll_deg"":7.0,""pitch_deg"":-1.5,""steady"":true}"
7.000,right_hand,og,acc,2358457,"{""seq"":337,""x_mg"":-188,""y_mg"":84,""z_mg"":976}"
7.000,right_hand,og,tilt,,"{""roll_deg"":7.0,""pitch_deg"":-1.3,""steady"":true}"
7.031,right_hand,og,acc,2358478,"{""seq"":338,""x_mg"":-188,""y_mg"":56,""z_mg"":984}"
7.031,right_hand,og,tilt,,"{""roll_deg"":7.0,""pitch_deg"":-1.1,""steady"":true}"
7.062,,game,miss,,"{""n"":3,""speed"":0.33}"
7.062,right_hand,og,acc,2358498,"{""seq"":339,""x_mg"":-192,""y_mg"":12,""z_mg"":1012}"
7.062,right_hand,og,tilt,,"{""roll_deg"":7.0,""pitch_deg"":-0.9,""steady"":true}"
7.062,right_hand,og,acc,2358519,"{""seq"":340,""x_mg"":-188,""y_mg"":12,""z_mg"":988}"
7.062,right_hand,og,tilt,,"{""roll_deg"":6.6,""pitch_deg"":-0.8,""steady"":true}"
7.093,right_hand,og,acc,2358540,"{""seq"":341,""x_mg"":-220,""y_mg"":28,""z_mg"":968}"
7.093,right_hand,og,tilt,,"{""roll_deg"":6.2,""pitch_deg"":-0.7,""steady"":true}"
7.109,right_hand,og,acc,2358560,"{""seq"":342,""x_mg"":-216,""y_mg"":28,""z_mg"":972}"
7.109,right_hand,og,tilt,,"{""roll_deg"":6.1,""pitch_deg"":-0.7,""steady"":true}"
7.140,right_hand,og,acc,2358581,"{""seq"":343,""x_mg"":-216,""y_mg"":20,""z_mg"":956}"
7.140,right_hand,og,tilt,,"{""roll_deg"":5.9,""pitch_deg"":-0.7,""steady"":true}"
7.140,right_hand,og,acc,2358601,"{""seq"":344,""x_mg"":-224,""y_mg"":24,""z_mg"":936}"
7.140,right_hand,og,tilt,,"{""roll_deg"":5.7,""pitch_deg"":-0.7,""steady"":true}"
7.171,right_hand,og,acc,2358622,"{""seq"":345,""x_mg"":-200,""y_mg"":20,""z_mg"":956}"
7.171,right_hand,og,tilt,,"{""roll_deg"":5.5,""pitch_deg"":-0.7,""steady"":true}"
7.203,right_hand,og,acc,2358642,"{""seq"":346,""x_mg"":-196,""y_mg"":28,""z_mg"":964}"
7.203,right_hand,og,tilt,,"{""roll_deg"":5.3,""pitch_deg"":-0.7,""steady"":true}"
7.203,right_hand,og,acc,2358663,"{""seq"":347,""x_mg"":-196,""y_mg"":20,""z_mg"":968}"
7.203,right_hand,og,tilt,,"{""roll_deg"":5.1,""pitch_deg"":-0.7,""steady"":true}"
7.234,right_hand,og,acc,2358684,"{""seq"":348,""x_mg"":-192,""y_mg"":24,""z_mg"":980}"
7.234,right_hand,og,tilt,,"{""roll_deg"":4.9,""pitch_deg"":-0.7,""steady"":true}"
7.265,right_hand,og,acc,2358704,"{""seq"":349,""x_mg"":-192,""y_mg"":48,""z_mg"":984}"
7.265,right_hand,og,tilt,,"{""roll_deg"":4.7,""pitch_deg"":-0.7,""steady"":true}"
7.265,right_hand,og,acc,2358725,"{""seq"":350,""x_mg"":-188,""y_mg"":32,""z_mg"":996}"
7.265,right_hand,og,tilt,,"{""roll_deg"":4.7,""pitch_deg"":-0.7,""steady"":true}"
7.281,right_hand,og,acc,2358745,"{""seq"":351,""x_mg"":-192,""y_mg"":52,""z_mg"":988}"
7.281,right_hand,og,tilt,,"{""roll_deg"":4.7,""pitch_deg"":-0.7,""steady"":true}"
7.312,right_hand,og,acc,2358766,"{""seq"":352,""x_mg"":-208,""y_mg"":56,""z_mg"":976}"
7.312,right_hand,og,tilt,,"{""roll_deg"":4.7,""pitch_deg"":-0.7,""steady"":true}"
7.343,right_hand,og,acc,2358786,"{""seq"":353,""x_mg"":-228,""y_mg"":68,""z_mg"":956}"
7.343,right_hand,og,tilt,,"{""roll_deg"":4.7,""pitch_deg"":-0.7,""steady"":true}"
7.343,right_hand,og,acc,2358807,"{""seq"":354,""x_mg"":-228,""y_mg"":72,""z_mg"":944}"
7.343,right_hand,og,tilt,,"{""roll_deg"":4.7,""pitch_deg"":-0.7,""steady"":true}"
7.375,right_hand,og,acc,2358828,"{""seq"":355,""x_mg"":-224,""y_mg"":44,""z_mg"":936}"
7.375,right_hand,og,tilt,,"{""roll_deg"":4.7,""pitch_deg"":-0.7,""steady"":true}"
7.375,right_hand,og,acc,2358848,"{""seq"":356,""x_mg"":-216,""y_mg"":20,""z_mg"":944}"
7.375,right_hand,og,tilt,,"{""roll_deg"":4.7,""pitch_deg"":-0.7,""steady"":true}"
7.406,right_hand,og,acc,2358869,"{""seq"":357,""x_mg"":-208,""y_mg"":24,""z_mg"":952}"
7.406,right_hand,og,tilt,,"{""roll_deg"":4.7,""pitch_deg"":-0.7,""steady"":true}"
7.437,right_hand,og,acc,2358889,"{""seq"":358,""x_mg"":-204,""y_mg"":20,""z_mg"":956}"
7.437,right_hand,og,tilt,,"{""roll_deg"":4.7,""pitch_deg"":-0.7,""steady"":true}"
7.437,right_hand,og,acc,2358910,"{""seq"":359,""x_mg"":-192,""y_mg"":0,""z_mg"":968}"
7.437,right_hand,og,tilt,,"{""roll_deg"":4.7,""pitch_deg"":-0.7,""steady"":true}"
7.468,right_hand,og,acc,2358930,"{""seq"":360,""x_mg"":-196,""y_mg"":0,""z_mg"":988}"
7.468,right_hand,og,tilt,,"{""roll_deg"":4.5,""pitch_deg"":-0.7,""steady"":true}"
7.484,right_hand,og,acc,2358951,"{""seq"":361,""x_mg"":-188,""y_mg"":4,""z_mg"":1004}"
7.484,right_hand,og,tilt,,"{""roll_deg"":4.2,""pitch_deg"":-0.7,""steady"":true}"
7.515,right_hand,og,acc,2358971,"{""seq"":362,""x_mg"":-196,""y_mg"":32,""z_mg"":996}"
7.515,right_hand,og,tilt,,"{""roll_deg"":4.0,""pitch_deg"":-0.7,""steady"":true}"
7.546,right_hand,og,acc,2358992,"{""seq"":363,""x_mg"":-196,""y_mg"":56,""z_mg"":976}"
7.546,right_hand,og,tilt,,"{""roll_deg"":4.0,""pitch_deg"":-0.7,""steady"":true}"
7.546,right_hand,og,acc,2359013,"{""seq"":364,""x_mg"":-212,""y_mg"":64,""z_mg"":972}"
7.546,right_hand,og,tilt,,"{""roll_deg"":4.0,""pitch_deg"":-0.7,""steady"":true}"
7.578,right_hand,og,acc,2359033,"{""seq"":365,""x_mg"":-216,""y_mg"":56,""z_mg"":968}"
7.578,right_hand,og,tilt,,"{""roll_deg"":4.0,""pitch_deg"":-0.7,""steady"":true}"
7.578,right_hand,og,acc,2359054,"{""seq"":366,""x_mg"":-204,""y_mg"":44,""z_mg"":948}"
7.578,right_hand,og,tilt,,"{""roll_deg"":4.0,""pitch_deg"":-0.7,""steady"":true}"
7.625,right_hand,og,acc,2359074,"{""seq"":367,""x_mg"":-220,""y_mg"":68,""z_mg"":948}"
7.625,right_hand,og,tilt,,"{""roll_deg"":4.0,""pitch_deg"":-0.7,""steady"":true}"
7.656,right_hand,og,acc,2359095,"{""seq"":368,""x_mg"":-216,""y_mg"":60,""z_mg"":940}"
7.656,right_hand,og,tilt,,"{""roll_deg"":4.0,""pitch_deg"":-0.7,""steady"":true}"
7.656,right_hand,og,acc,2359115,"{""seq"":369,""x_mg"":-196,""y_mg"":24,""z_mg"":952}"
7.656,right_hand,og,tilt,,"{""roll_deg"":4.0,""pitch_deg"":-0.7,""steady"":true}"
7.687,right_hand,og,acc,2359136,"{""seq"":370,""x_mg"":-204,""y_mg"":12,""z_mg"":952}"
7.687,right_hand,og,tilt,,"{""roll_deg"":4.0,""pitch_deg"":-0.7,""steady"":true}"
7.703,right_hand,og,acc,2359157,"{""seq"":371,""x_mg"":-204,""y_mg"":-8,""z_mg"":1008}"
7.703,right_hand,og,tilt,,"{""roll_deg"":4.0,""pitch_deg"":-0.7,""steady"":true}"
7.734,right_hand,og,acc,2359177,"{""seq"":372,""x_mg"":-208,""y_mg"":-12,""z_mg"":996}"
7.734,right_hand,og,tilt,,"{""roll_deg"":4.0,""pitch_deg"":-0.7,""steady"":true}"
7.734,right_hand,og,acc,2359198,"{""seq"":373,""x_mg"":-196,""y_mg"":0,""z_mg"":988}"
7.734,right_hand,og,tilt,,"{""roll_deg"":4.0,""pitch_deg"":-0.7,""steady"":true}"
7.765,right_hand,og,acc,2359218,"{""seq"":374,""x_mg"":-188,""y_mg"":20,""z_mg"":984}"
7.765,right_hand,og,tilt,,"{""roll_deg"":3.9,""pitch_deg"":-0.7,""steady"":true}"
7.796,right_hand,og,acc,2359239,"{""seq"":375,""x_mg"":-188,""y_mg"":60,""z_mg"":972}"
7.796,right_hand,og,tilt,,"{""roll_deg"":3.9,""pitch_deg"":-0.7,""steady"":true}"
7.796,right_hand,og,acc,2359259,"{""seq"":376,""x_mg"":-204,""y_mg"":100,""z_mg"":968}"
7.796,right_hand,og,tilt,,"{""roll_deg"":3.9,""pitch_deg"":-0.7,""steady"":true}"
7.828,right_hand,og,acc,2359280,"{""seq"":377,""x_mg"":-212,""y_mg"":92,""z_mg"":952}"
7.828,right_hand,og,tilt,,"{""roll_deg"":3.9,""pitch_deg"":-0.7,""steady"":true}"
7.859,right_hand,og,acc,2359301,"{""seq"":378,""x_mg"":-200,""y_mg"":80,""z_mg"":964}"
7.859,right_hand,og,tilt,,"{""roll_deg"":4.0,""pitch_deg"":-0.7,""steady"":true}"
7.859,right_hand,og,acc,2359321,"{""seq"":379,""x_mg"":-196,""y_mg"":112,""z_mg"":944}"
7.859,right_hand,og,tilt,,"{""roll_deg"":4.4,""pitch_deg"":-0.7,""steady"":true}"
7.890,right_hand,og,acc,2359342,"{""seq"":380,""x_mg"":-208,""y_mg"":160,""z_mg"":940}"
7.890,right_hand,og,tilt,,"{""roll_deg"":5.1,""pitch_deg"":-0.7,""steady"":true}"
7.906,right_hand,og,acc,2359362,"{""seq"":381,""x_mg"":-192,""y_mg"":168,""z_mg"":948}"
7.906,right_hand,og,tilt,,"{""roll_deg"":6.4,""pitch_deg"":-0.7,""steady"":true}"
7.906,right_hand,og,acc,2359383,"{""seq"":382,""x_mg"":-180,""y_mg"":152,""z_mg"":968}"
7.906,right_hand,og,tilt,,"{""roll_deg"":7.6,""pitch_deg"":-0.7,""steady"":true}"
7.937,right_hand,og,acc,2359403,"{""seq"":383,""x_mg"":-180,""y_mg"":120,""z_mg"":984}"
7.937,right_hand,og,tilt,,"{""roll_deg"":8.3,""pitch_deg"":-0.7,""steady"":true}"
7.968,right_hand,og,acc,2359424,"{""seq"":384,""x_mg"":-176,""y_mg"":124,""z_mg"":968}"
7.968,right_hand,og,tilt,,"{""roll_deg"":8.4,""pitch_deg"":-0.7,""steady"":true}"
8.000,right_hand,og,acc,2359445,"{""seq"":385,""x_mg"":-192,""y_mg"":160,""z_mg"":960}"
8.000,right_hand,og,tilt,,"{""roll_deg"":8.5,""pitch_deg"":-0.7,""steady"":true}"
8.000,right_hand,og,acc,2359465,"{""seq"":386,""x_mg"":-200,""y_mg"":180,""z_mg"":968}"
8.000,right_hand,og,tilt,,"{""roll_deg"":9.1,""pitch_deg"":-0.7,""steady"":true}"
8.031,right_hand,og,acc,2359486,"{""seq"":387,""x_mg"":-208,""y_mg"":152,""z_mg"":960}"
8.031,right_hand,og,tilt,,"{""roll_deg"":9.5,""pitch_deg"":-0.7,""steady"":true}"
8.062,right_hand,og,acc,2359506,"{""seq"":388,""x_mg"":-212,""y_mg"":144,""z_mg"":964}"
8.062,right_hand,og,tilt,,"{""roll_deg"":9.7,""pitch_deg"":-0.7,""steady"":true}"
8.062,right_hand,og,acc,2359527,"{""seq"":389,""x_mg"":-208,""y_mg"":152,""z_mg"":956}"
8.062,right_hand,og,tilt,,"{""roll_deg"":9.9,""pitch_deg"":-0.7,""steady"":true}"
8.093,right_hand,og,acc,2359547,"{""seq"":390,""x_mg"":-216,""y_mg"":172,""z_mg"":952}"
8.093,right_hand,og,tilt,,"{""roll_deg"":10.0,""pitch_deg"":-0.7,""steady"":true}"
8.125,right_hand,og,acc,2359568,"{""seq"":391,""x_mg"":-200,""y_mg"":152,""z_mg"":956}"
8.125,right_hand,og,tilt,,"{""roll_deg"":10.1,""pitch_deg"":-0.7,""steady"":true}"
8.125,right_hand,og,acc,2359588,"{""seq"":392,""x_mg"":-200,""y_mg"":140,""z_mg"":952}"
8.125,right_hand,og,tremor,,"{""rms_mg"":49.4,""peak_hz"":4.2}"
8.125,right_hand,og,tilt,,"{""roll_deg"":10.2,""pitch_deg"":-0.7,""steady"":true}"
8.140,right_hand,og,acc,2359609,"{""seq"":393,""x_mg"":-216,""y_mg"":168,""z_mg"":952}"
8.140,right_hand,og,tilt,,"{""roll_deg"":10.3,""pitch_deg"":-0.7,""steady"":true}"
8.171,right_hand,og,acc,2359630,"{""seq"":394,""x_mg"":-196,""y_mg"":152,""z_mg"":940}"
8.171,right_hand,og,tilt,,"{""roll_deg"":10.3,""pitch_deg"":-0.7,""steady"":true}"
8.203,right_hand,og,acc,2359650,"{""seq"":395,""x_mg"":-208,""y_mg"":136,""z_mg"":956}"
8.203,right_hand,og,tilt,,"{""roll_deg"":10.4,""pitch_deg"":-0.7,""steady"":true}"
8.203,right_hand,og,acc,2359671,"{""seq"":396,""x_mg"":-208,""y_mg"":128,""z_mg"":956}"
8.203,right_hand,og,tilt,,"{""roll_deg"":10.4,""pitch_deg"":-0.7,""steady"":true}"
8.234,right_hand,og,acc,2359691,"{""seq"":397,""x_mg"":-208,""y_mg"":136,""z_mg"":964}"
8.234,right_hand,og,tilt,,"{""roll_deg"":10.4,""pitch_deg"":-0.7,""steady"":true}"
8.265,right_hand,og,acc,2359712,"{""seq"":398,""x_mg"":-200,""y_mg"":144,""z_mg"":960}"
8.265,right_hand,og,tilt,,"{""roll_deg"":10.4,""pitch_deg"":-0.7,""steady"":true}"
8.265,right_hand,og,acc,2359732,"{""seq"":399,""x_mg"":-168,""y_mg"":360,""z_mg"":988}"
8.265,right_hand,og,tilt,,"{""roll_deg"":10.4,""pitch_deg"":-0.7,""steady"":true}"
8.312,right_hand,og,acc,2359753,"{""seq"":400,""x_mg"":-220,""y_mg"":56,""z_mg"":948}"
8.312,right_hand,og,tilt,,"{""roll_deg"":10.4,""pitch_deg"":-0.7,""steady"":true}"
8.312,right_hand,og,acc,2359774,"{""seq"":401,""x_mg"":-212,""y_mg"":36,""z_mg"":968}"
8.312,right_hand,og,tilt,,"{""roll_deg"":10.4,""pitch_deg"":-0.7,""steady"":true}"
8.328,right_hand,og,acc,2359794,"{""seq"":402,""x_mg"":-204,""y_mg"":148,""z_mg"":980}"
8.328,right_hand,og,tilt,,"{""roll_deg"":9.8,""pitch_deg"":-0.7,""steady"":true}"
8.359,right_hand,og,acc,2359815,"{""seq"":403,""x_mg"":-208,""y_mg"":180,""z_mg"":960}"
8.359,right_hand,og,tilt,,"{""roll_deg"":9.8,""pitch_deg"":-0.7,""steady"":true}"
8.390,right_hand,og,acc,2359835,"{""seq"":404,""x_mg"":-200,""y_mg"":124,""z_mg"":960}"
8.390,right_hand,og,tilt,,"{""roll_deg"":9.8,""pitch_deg"":-0.7,""steady"":true}"
8.421,right_hand,og,acc,2359856,"{""seq"":405,""x_mg"":-196,""y_mg"":120,""z_mg"":960}"
8.421,right_hand,og,tilt,,"{""roll_deg"":9.8,""pitch_deg"":-0.7,""steady"":true}"
8.421,right_hand,og,acc,2359876,"{""seq"":406,""x_mg"":-204,""y_mg"":112,""z_mg"":948}"
8.421,right_hand,og,tilt,,"{""roll_deg"":9.8,""pitch_deg"":-0.7,""steady"":true}"
8.453,right_hand,og,acc,2359897,"{""seq"":407,""x_mg"":-212,""y_mg"":144,""z_mg"":956}"
8.453,right_hand,og,tilt,,"{""roll_deg"":9.8,""pitch_deg"":-0.7,""steady"":true}"
8.453,right_hand,og,acc,2359918,"{""seq"":408,""x_mg"":-216,""y_mg"":148,""z_mg"":956}"
8.453,right_hand,og,tilt,,"{""roll_deg"":9.8,""pitch_deg"":-0.7,""steady"":true}"
8.484,right_hand,og,acc,2359938,"{""seq"":409,""x_mg"":-200,""y_mg"":112,""z_mg"":976}"
8.484,right_hand,og,tilt,,"{""roll_deg"":9.8,""pitch_deg"":-0.7,""steady"":true}"
8.515,right_hand,og,acc,2359959,"{""seq"":410,""x_mg"":-196,""y_mg"":96,""z_mg"":980}"
8.515,right_hand,og,tilt,,"{""roll_deg"":9.8,""pitch_deg"":-0.7,""steady"":true}"
8.515,right_hand,og,acc,2359979,"{""seq"":411,""x_mg"":-192,""y_mg"":104,""z_mg"":968}"
8.515,right_hand,og,tilt,,"{""roll_deg"":9.8,""pitch_deg"":-0.7,""steady"":true}"
8.546,right_hand,og,acc,2360000,"{""seq"":412,""x_mg"":-200,""y_mg"":132,""z_mg"":968}"
8.546,right_hand,og,tilt,,"{""roll_deg"":9.7,""pitch_deg"":-0.7,""steady"":true}"
8.562,right_hand,og,acc,2360020,"{""seq"":413,""x_mg"":-204,""y_mg"":116,""z_mg"":948}"
8.562,right_hand,og,tilt,,"{""roll_deg"":9.6,""pitch_deg"":-0.7,""steady"":true}"
8.593,right_hand,og,acc,2360041,"{""seq"":414,""x_mg"":-208,""y_mg"":104,""z_mg"":940}"
8.593,right_hand,og,tilt,,"{""roll_deg"":9.6,""pitch_deg"":-0.7,""steady"":true}"
8.593,right_hand,og,acc,2360062,"{""seq"":415,""x_mg"":-216,""y_mg"":136,""z_mg"":940}"
8.593,right_hand,og,tilt,,"{""roll_deg"":9.6,""pitch_deg"":-0.7,""steady"":true}"
8.625,right_hand,og,acc,2360082,"{""seq"":416,""x_mg"":-232,""y_mg"":116,""z_mg"":940}"
8.625,right_hand,og,tilt,,"{""roll_deg"":9.5,""pitch_deg"":-0.7,""steady"":true}"
8.656,right_hand,og,acc,2360103,"{""seq"":417,""x_mg"":-216,""y_mg"":76,""z_mg"":968}"
8.656,right_hand,og,tilt,,"{""roll_deg"":9.5,""pitch_deg"":-0.7,""steady"":true}"
8.656,right_hand,og,acc,2360123,"{""seq"":418,""x_mg"":-188,""y_mg"":88,""z_mg"":952}"
8.656,right_hand,og,tilt,,"{""roll_deg"":9.3,""pitch_deg"":-0.7,""steady"":true}"
8.687,right_hand,og,acc,2360144,"{""seq"":419,""x_mg"":-196,""y_mg"":140,""z_mg"":968}"
8.687,right_hand,og,tilt,,"{""roll_deg"":9.1,""pitch_deg"":-0.7,""steady"":true}"
8.718,right_hand,og,acc,2360164,"{""seq"":420,""x_mg"":-192,""y_mg"":104,""z_mg"":984}"
8.718,right_hand,og,tilt,,"{""roll_deg"":9.0,""pitch_deg"":-0.7,""steady"":true}"
8.718,right_hand,og,acc,2360185,"{""seq"":421,""x_mg"":-176,""y_mg"":84,""z_mg"":980}"
8.718,right_hand,og,tilt,,"{""roll_deg"":8.9,""pitch_deg"":-0.7,""steady"":true}"
8.750,right_hand,og,acc,2360205,"{""seq"":422,""x_mg"":-184,""y_mg"":100,""z_mg"":992}"
8.750,right_hand,og,tilt,,"{""roll_deg"":8.8,""pitch_deg"":-0.7,""steady"":true}"
8.765,right_hand,og,acc,2360226,"{""seq"":423,""x_mg"":-184,""y_mg"":136,""z_mg"":984}"
8.765,right_hand,og,tilt,,"{""roll_deg"":8.7,""pitch_deg"":-0.7,""steady"":true}"
8.796,right_hand,og,acc,2360247,"{""seq"":424,""x_mg"":-196,""y_mg"":88,""z_mg"":964}"
8.796,right_hand,og,tilt,,"{""roll_deg"":8.7,""pitch_deg"":-0.7,""steady"":true}"
8.796,right_hand,og,acc,2360267,"{""seq"":425,""x_mg"":-224,""y_mg"":136,""z_mg"":948}"
8.796,right_hand,og,tilt,,"{""roll_deg"":8.7,""pitch_deg"":-0.7,""steady"":true}"
8.828,right_hand,og,acc,2360288,"{""seq"":426,""x_mg"":-200,""y_mg"":120,""z_mg"":964}"
8.828,right_hand,og,tilt,,"{""roll_deg"":8.7,""pitch_deg"":-0.7,""steady"":true}"
8.859,right_hand,og,acc,2360308,"{""seq"":427,""x_mg"":-200,""y_mg"":104,""z_mg"":960}"
8.859,right_hand,og,tilt,,"{""roll_deg"":8.7,""pitch_deg"":-0.7,""steady"":true}"
8.859,right_hand,og,acc,2360329,"{""seq"":428,""x_mg"":-180,""y_mg"":112,""z_mg"":960}"
8.859,right_hand,og,tilt,,"{""roll_deg"":8.7,""pitch_deg"":-0.7,""steady"":true}"
8.890,,game,catch,,"{""n"":1,""speed"":0.33}"
8.890,right_hand,og,acc,2360349,"{""seq"":429,""x_mg"":-200,""y_mg"":120,""z_mg"":960}"
8.890,right_hand,og,tilt,,"{""roll_deg"":8.7,""pitch_deg"":-0.7,""steady"":true}"
8.937,right_hand,og,acc,2360370,"{""seq"":430,""x_mg"":-188,""y_mg"":104,""z_mg"":968}"
8.937,right_hand,og,tilt,,"{""roll_deg"":8.7,""pitch_deg"":-0.7,""steady"":true}"
8.937,right_hand,og,acc,2360391,"{""seq"":431,""x_mg"":-176,""y_mg"":112,""z_mg"":972}"
8.937,right_hand,og,tilt,,"{""roll_deg"":8.7,""pitch_deg"":-0.7,""steady"":true}"
8.953,right_hand,og,acc,2360411,"{""seq"":432,""x_mg"":-188,""y_mg"":116,""z_mg"":980}"
8.953,right_hand,og,tilt,,"{""roll_deg"":8.7,""pitch_deg"":-0.7,""steady"":true}"
8.984,right_hand,og,acc,2360432,"{""seq"":433,""x_mg"":-188,""y_mg"":92,""z_mg"":980}"
8.984,right_hand,og,tilt,,"{""roll_deg"":8.7,""pitch_deg"":-0.7,""steady"":true}"
9.015,right_hand,og,acc,2360452,"{""seq"":434,""x_mg"":-184,""y_mg"":96,""z_mg"":988}"
9.015,right_hand,og,tilt,,"{""roll_deg"":8.7,""pitch_deg"":-0.7,""steady"":true}"
9.015,right_hand,og,acc,2360473,"{""seq"":435,""x_mg"":-196,""y_mg"":92,""z_mg"":988}"
9.015,right_hand,og,tilt,,"{""roll_deg"":8.7,""pitch_deg"":-0.6,""steady"":true}"
9.046,right_hand,og,acc,2360493,"{""seq"":436,""x_mg"":-216,""y_mg"":120,""z_mg"":964}"
9.046,right_hand,og,tilt,,"{""roll_deg"":8.7,""pitch_deg"":-0.6,""steady"":true}"
9.078,right_hand,og,acc,2360514,"{""seq"":437,""x_mg"":-224,""y_mg"":104,""z_mg"":952}"
9.078,right_hand,og,tilt,,"{""roll_deg"":8.7,""pitch_deg"":-0.6,""steady"":true}"
9.078,right_hand,og,acc,2360535,"{""seq"":438,""x_mg"":-216,""y_mg"":100,""z_mg"":952}"
9.078,right_hand,og,tilt,,"{""roll_deg"":8.7,""pitch_deg"":-0.6,""steady"":true}"
9.109,right_hand,og,acc,2360555,"{""seq"":439,""x_mg"":-216,""y_mg"":96,""z_mg"":928}"
9.109,right_hand,og,tilt,,"{""roll_deg"":8.6,""pitch_deg"":-0.6,""steady"":true}"
9.140,right_hand,og,acc,2360576,"{""seq"":440,""x_mg"":-208,""y_mg"":108,""z_mg"":948}"
9.140,right_hand,og,tilt,,"{""roll_deg"":8.6,""pitch_deg"":-0.6,""steady"":true}"
9.140,right_hand,og,acc,2360596,"{""seq"":441,""x_mg"":-188,""y_mg"":104,""z_mg"":948}"
9.140,right_hand,og,tilt,,"{""roll_deg"":8.6,""pitch_deg"":-0.6,""steady"":true}"
9.156,right_hand,og,acc,2360617,"{""seq"":442,""x_mg"":-192,""y_mg"":112,""z_mg"":964}"
9.156,right_hand,og,tilt,,"{""roll_deg"":8.6,""pitch_deg"":-0.6,""steady"":true}"
9.187,right_hand,og,acc,2360637,"{""seq"":443,""x_mg"":-184,""y_mg"":100,""z_mg"":972}"
9.187,right_hand,og,tilt,,"{""roll_deg"":8.6,""pitch_deg"":-0.6,""steady"":true}"
9.218,right_hand,og,acc,2360658,"{""seq"":444,""x_mg"":-192,""y_mg"":100,""z_mg"":980}"
9.218,right_hand,og,tilt,,"{""roll_deg"":8.6,""pitch_deg"":-0.6,""steady"":true}"
9.218,right_hand,og,acc,2360678,"{""seq"":445,""x_mg"":-192,""y_mg"":96,""z_mg"":976}"
9.218,right_hand,og,tilt,,"{""roll_deg"":8.6,""pitch_deg"":-0.6,""steady"":true}"
9.250,right_hand,og,acc,2360699,"{""seq"":446,""x_mg"":-200,""y_mg"":112,""z_mg"":988}"
9.250,right_hand,og,tilt,,"{""roll_deg"":8.5,""pitch_deg"":-0.6,""steady"":true}"
9.281,right_hand,og,acc,2360720,"{""seq"":447,""x_mg"":-204,""y_mg"":116,""z_mg"":984}"
9.281,right_hand,og,tilt,,"{""roll_deg"":8.5,""pitch_deg"":-0.6,""steady"":true}"
9.281,right_hand,og,acc,2360740,"{""seq"":448,""x_mg"":-208,""y_mg"":120,""z_mg"":964}"
9.281,right_hand,og,tilt,,"{""roll_deg"":8.5,""pitch_deg"":-0.6,""steady"":true}"
9.312,right_hand,og,acc,2360761,"{""seq"":449,""x_mg"":-216,""y_mg"":124,""z_mg"":960}"
9.312,right_hand,og,tilt,,"{""roll_deg"":8.5,""pitch_deg"":-0.6,""steady"":true}"
9.312,right_hand,og,acc,2360781,"{""seq"":450,""x_mg"":-212,""y_mg"":48,""z_mg"":944}"
9.312,right_hand,og,tilt,,"{""roll_deg"":8.5,""pitch_deg"":-0.6,""steady"":true}"
9.343,right_hand,og,acc,2360802,"{""seq"":451,""x_mg"":-216,""y_mg"":180,""z_mg"":948}"
9.343,right_hand,og,tilt,,"{""roll_deg"":8.5,""pitch_deg"":-0.6,""steady"":true}"
9.359,right_hand,og,acc,2360822,"{""seq"":452,""x_mg"":-232,""y_mg"":196,""z_mg"":920}"
9.359,right_hand,og,tilt,,"{""roll_deg"":8.5,""pitch_deg"":-0.6,""steady"":true}"
9.390,right_hand,og,acc,2360843,"{""seq"":453,""x_mg"":-212,""y_mg"":156,""z_mg"":932}"
9.390,right_hand,og,tilt,,"{""roll_deg"":9.1,""pitch_deg"":-0.6,""steady"":true}"
9.421,right_hand,og,acc,2360864,"{""seq"":454,""x_mg"":-204,""y_mg"":88,""z_mg"":944}"
9.421,right_hand,og,tilt,,"{""roll_deg"":9.4,""pitch_deg"":-0.6,""steady"":true}"
9.421,right_hand,og,acc,2360884,"{""seq"":455,""x_mg"":-200,""y_mg"":100,""z_mg"":968}"
9.421,right_hand,og,tilt,,"{""roll_deg"":9.4,""pitch_deg"":-0.6,""steady"":true}"
9.453,right_hand,og,acc,2360905,"{""seq"":456,""x_mg"":-212,""y_mg"":164,""z_mg"":960}"
9.453,right_hand,og,tilt,,"{""roll_deg"":9.4,""pitch_deg"":-0.6,""steady"":true}"
9.453,right_hand,og,acc,2360925,"{""seq"":457,""x_mg"":-204,""y_mg"":168,""z_mg"":984}"
9.453,right_hand,og,tilt,,"{""roll_deg"":9.4,""pitch_deg"":-0.6,""steady"":true}"
9.484,right_hand,og,acc,2360946,"{""seq"":458,""x_mg"":-200,""y_mg"":112,""z_mg"":964}"
9.484,right_hand,og,tilt,,"{""roll_deg"":9.5,""pitch_deg"":-0.6,""steady"":true}"
9.515,right_hand,og,acc,2360966,"{""seq"":459,""x_mg"":-212,""y_mg"":216,""z_mg"":944}"
9.515,right_hand,og,tilt,,"{""roll_deg"":9.8,""pitch_deg"":-0.6,""steady"":true}"
9.515,right_hand,og,acc,2360987,"{""seq"":460,""x_mg"":-212,""y_mg"":248,""z_mg"":956}"
9.515,right_hand,og,tilt,,"{""roll_deg"":10.6,""pitch_deg"":-0.6,""steady"":true}"
9.546,right_hand,og,acc,2361008,"{""seq"":461,""x_mg"":-228,""y_mg"":156,""z_mg"":964}"
9.546,right_hand,og,tilt,,"{""roll_deg"":11.4,""pitch_deg"":-0.6,""steady"":true}"
9.578,right_hand,og,acc,2361028,"{""seq"":462,""x_mg"":-228,""y_mg"":204,""z_mg"":888}"
9.578,right_hand,og,tilt,,"{""roll_deg"":12.0,""pitch_deg"":-0.7,""steady"":true}"
9.578,right_hand,og,acc,2361049,"{""seq"":463,""x_mg"":-240,""y_mg"":352,""z_mg"":872}"
9.578,right_hand,og,tilt,,"{""roll_deg"":12.5,""pitch_deg"":-0.9,""steady"":true}"
9.593,right_hand,og,acc,2361069,"{""seq"":464,""x_mg"":-228,""y_mg"":352,""z_mg"":880}"
9.593,right_hand,og,tilt,,"{""roll_deg"":15.5,""pitch_deg"":-1.1,""steady"":true}"
9.625,right_hand,og,acc,2361090,"{""seq"":465,""x_mg"":-228,""y_mg"":240,""z_mg"":908}"
9.625,right_hand,og,tilt,,"{""roll_deg"":17.9,""pitch_deg"":-1.3,""steady"":true}"
9.656,right_hand,og,acc,2361110,"{""seq"":466,""x_mg"":-224,""y_mg"":224,""z_mg"":904}"
9.656,right_hand,og,tilt,,"{""roll_deg"":17.9,""pitch_deg"":-1.4,""steady"":true}"
9.656,right_hand,og,acc,2361131,"{""seq"":467,""x_mg"":-200,""y_mg"":276,""z_mg"":932}"
9.656,right_hand,og,tilt,,"{""roll_deg"":17.8,""pitch_deg"":-1.5,""steady"":true}"
9.703,right_hand,og,acc,2361152,"{""seq"":468,""x_mg"":-208,""y_mg"":292,""z_mg"":912}"
9.703,right_hand,og,tilt,,"{""roll_deg"":17.8,""pitch_deg"":-1.5,""steady"":true}"
9.734,right_hand,og,acc,2361172,"{""seq"":469,""x_mg"":-212,""y_mg"":264,""z_mg"":924}"
9.734,right_hand,og,tilt,,"{""roll_deg"":17.8,""pitch_deg"":-1.5,""steady"":true}"
9.734,right_hand,og,acc,2361193,"{""seq"":470,""x_mg"":-224,""y_mg"":292,""z_mg"":908}"
9.734,right_hand,og,tilt,,"{""roll_deg"":17.8,""pitch_deg"":-1.5,""steady"":true}"
9.765,right_hand,og,acc,2361213,"{""seq"":471,""x_mg"":-216,""y_mg"":240,""z_mg"":944}"
9.765,right_hand,og,tilt,,"{""roll_deg"":17.8,""pitch_deg"":-1.5,""steady"":true}"
9.781,right_hand,og,acc,2361234,"{""seq"":472,""x_mg"":-208,""y_mg"":8,""z_mg"":1008}"
9.781,right_hand,og,tilt,,"{""roll_deg"":17.8,""pitch_deg"":-1.5,""steady"":true}"
9.781,right_hand,og,acc,2361254,"{""seq"":473,""x_mg"":-208,""y_mg"":-136,""z_mg"":996}"
9.781,right_hand,og,tilt,,"{""roll_deg"":16.2,""pitch_deg"":-1.5,""steady"":true}"
9.812,right_hand,og,acc,2361275,"{""seq"":474,""x_mg"":-236,""y_mg"":24,""z_mg"":940}"
9.812,right_hand,og,tilt,,"{""roll_deg"":12.8,""pitch_deg"":-1.5,""steady"":true}"
9.843,right_hand,og,acc,2361296,"{""seq"":475,""x_mg"":-252,""y_mg"":204,""z_mg"":932}"
9.843,right_hand,og,tilt,,"{""roll_deg"":10.1,""pitch_deg"":-1.5,""steady"":true}"
9.875,right_hand,og,acc,2361316,"{""seq"":476,""x_mg"":-232,""y_mg"":184,""z_mg"":952}"
9.875,right_hand,og,tilt,,"{""roll_deg"":10.1,""pitch_deg"":-1.5,""steady"":true}"
9.875,right_hand,og,acc,2361337,"{""seq"":477,""x_mg"":-196,""y_mg"":-28,""z_mg"":1016}"
9.875,right_hand,og,tilt,,"{""roll_deg"":10.6,""pitch_deg"":-1.5,""steady"":true}"
9.906,right_hand,og,acc,2361357,"{""seq"":478,""x_mg"":-164,""y_mg"":-140,""z_mg"":992}"
9.906,right_hand,og,tilt,,"{""roll_deg"":8.4,""pitch_deg"":-1.5,""steady"":true}"
9.937,right_hand,og,acc,2361378,"{""seq"":479,""x_mg"":-216,""y_mg"":152,""z_mg"":944}"
9.937,right_hand,og,tilt,,"{""roll_deg"":6.0,""pitch_deg"":-1.5,""steady"":true}"
9.937,right_hand,og,acc,2361398,"{""seq"":480,""x_mg"":-192,""y_mg"":260,""z_mg"":988}"
9.937,right_hand,og,tilt,,"{""roll_deg"":6.6,""pitch_deg"":-1.5,""steady"":true}"
9.968,right_hand,og,acc,2361419,"{""seq"":481,""x_mg"":-196,""y_mg"":152,""z_mg"":1000}"
9.968,right_hand,og,tilt,,"{""roll_deg"":7.4,""pitch_deg"":-1.5,""steady"":true}"
10.000,right_hand,og,acc,2361440,"{""seq"":482,""x_mg"":-196,""y_mg"":4,""z_mg"":1016}"
10.000,right_hand,og,tilt,,"{""roll_deg"":7.9,""pitch_deg"":-1.5,""steady"":true}"
10.000,right_hand,og,acc,2361460,"{""seq"":483,""x_mg"":-200,""y_mg"":76,""z_mg"":980}"
10.000,right_hand,og,tilt,,"{""roll_deg"":7.9,""pitch_deg"":-1.4,""steady"":true}"
10.015,right_hand,og,acc,2361481,"{""seq"":484,""x_mg"":-216,""y_mg"":192,""z_mg"":960}"
10.015,right_hand,og,tilt,,"{""roll_deg"":7.9,""pitch_deg"":-1.3,""steady"":true}"
10.046,right_hand,og,acc,2361501,"{""seq"":485,""x_mg"":-224,""y_mg"":224,""z_mg"":920}"
10.046,right_hand,og,tilt,,"{""roll_deg"":7.9,""pitch_deg"":-1.3,""steady"":true}"
10.078,right_hand,og,acc,2361522,"{""seq"":486,""x_mg"":-232,""y_mg"":204,""z_mg"":912}"
10.078,right_hand,og,tilt,,"{""roll_deg"":8.4,""pitch_deg"":-1.3,""steady"":true}"
10.078,right_hand,og,acc,2361542,"{""seq"":487,""x_mg"":-232,""y_mg"":144,""z_mg"":912}"
10.078,right_hand,og,tilt,,"{""roll_deg"":9.3,""pitch_deg"":-1.3,""steady"":true}"
10.109,right_hand,og,acc,2361563,"{""seq"":488,""x_mg"":-232,""y_mg"":88,""z_mg"":928}"
10.109,right_hand,og,tilt,,"{""roll_deg"":9.4,""pitch_deg"":-1.3,""steady"":true}"
10.140,right_hand,og,acc,2361583,"{""seq"":489,""x_mg"":-216,""y_mg"":36,""z_mg"":960}"
10.140,right_hand,og,tilt,,"{""roll_deg"":9.4,""pitch_deg"":-1.3,""steady"":true}"
10.140,right_hand,og,acc,2361604,"{""seq"":490,""x_mg"":-220,""y_mg"":148,""z_mg"":944}"
10.140,right_hand,og,tremor,,"{""rms_mg"":29.6,""peak_hz"":4.2}"
10.140,right_hand,og,tilt,,"{""roll_deg"":9.4,""pitch_deg"":-1.3,""steady"":true}"
10.171,right_hand,og,acc,2361625,"{""seq"":491,""x_mg"":-196,""y_mg"":164,""z_mg"":964}"
10.171,right_hand,og,tilt,,"{""roll_deg"":9.4,""pitch_deg"":-1.3,""steady"":true}"
10.203,right_hand,og,acc,2361645,"{""seq"":492,""x_mg"":-200,""y_mg"":100,""z_mg"":996}"
10.203,right_hand,og,tilt,,"{""roll_deg"":9.4,""pitch_deg"":-1.3,""steady"":true}"
10.203,right_hand,og,acc,2361666,"{""seq"":493,""x_mg"":-196,""y_mg"":56,""z_mg"":1000}"
10.203,right_hand,og,tilt,,"{""roll_deg"":9.4,""pitch_deg"":-1.3,""steady"":true}"
10.234,right_hand,og,acc,2361686,"{""seq"":494,""x_mg"":-196,""y_mg"":100,""z_mg"":1000}"
10.234,right_hand,og,tilt,,"{""roll_deg"":9.4,""pitch_deg"":-1.3,""steady"":true}"
10.234,right_hand,og,acc,2361707,"{""seq"":495,""x_mg"":-204,""y_mg"":124,""z_mg"":980}"
10.234,right_hand,og,tilt,,"{""roll_deg"":9.4,""pitch_deg"":-1.3,""steady"":true}"
10.265,right_hand,og,acc,2361727,"{""seq"":496,""x_mg"":-216,""y_mg"":136,""z_mg"":952}"
10.265,right_hand,og,tilt,,"{""roll_deg"":9.4,""pitch_deg"":-1.3,""steady"":true}"
10.296,right_hand,og,acc,2361748,"{""seq"":497,""x_mg"":-220,""y_mg"":176,""z_mg"":936}"
10.296,right_hand,og,tilt,,"{""roll_deg"":9.4,""pitch_deg"":-1.3,""steady"":true}"
10.296,right_hand,og,acc,2361769,"{""seq"":498,""x_mg"":-240,""y_mg"":168,""z_mg"":912}"
10.296,right_hand,og,tilt,,"{""roll_deg"":9.4,""pitch_deg"":-1.3,""steady"":true}"
10.343,right_hand,og,acc,2361789,"{""seq"":499,""x_mg"":-232,""y_mg"":144,""z_mg"":916}"
10.343,right_hand,og,tilt,,"{""roll_deg"":9.4,""pitch_deg"":-1.3,""steady"":true}"
10.375,right_hand,og,acc,2361810,"{""seq"":500,""x_mg"":-208,""y_mg"":136,""z_mg"":920}"
10.375,right_hand,og,tilt,,"{""roll_deg"":9.6,""pitch_deg"":-1.3,""steady"":true}"
10.375,right_hand,og,acc,2361830,"{""seq"":501,""x_mg"":-208,""y_mg"":116,""z_mg"":940}"
10.375,right_hand,og,tilt,,"{""roll_deg"":9.6,""pitch_deg"":-1.3,""steady"":true}"
10.406,right_hand,og,acc,2361851,"{""seq"":502,""x_mg"":-204,""y_mg"":116,""z_mg"":960}"
10.406,right_hand,og,tilt,,"{""roll_deg"":9.6,""pitch_deg"":-1.3,""steady"":true}"
10.437,right_hand,og,acc,2361871,"{""seq"":503,""x_mg"":-200,""y_mg"":104,""z_mg"":988}"
10.437,right_hand,og,tilt,,"{""roll_deg"":9.6,""pitch_deg"":-1.3,""steady"":true}"
10.437,right_hand,og,acc,2361892,"{""seq"":504,""x_mg"":-200,""y_mg"":88,""z_mg"":1012}"
10.437,right_hand,og,tilt,,"{""roll_deg"":9.6,""pitch_deg"":-1.3,""steady"":true}"
10.468,right_hand,og,acc,2361912,"{""seq"":505,""x_mg"":-192,""y_mg"":92,""z_mg"":1008}"
10.468,right_hand,og,tilt,,"{""roll_deg"":9.6,""pitch_deg"":-1.3,""steady"":true}"
10.468,right_hand,og,acc,2361933,"{""seq"":506,""x_mg"":-196,""y_mg"":100,""z_mg"":1004}"
10.468,right_hand,og,tilt,,"{""roll_deg"":9.6,""pitch_deg"":-1.3,""steady"":true}"
10.500,right_hand,og,acc,2361954,"{""seq"":507,""x_mg"":-204,""y_mg"":124,""z_mg"":980}"
10.500,right_hand,og,tilt,,"{""roll_deg"":9.4,""pitch_deg"":-1.3,""steady"":true}"
10.531,right_hand,og,acc,2361974,"{""seq"":508,""x_mg"":-216,""y_mg"":128,""z_mg"":956}"
10.531,right_hand,og,tilt,,"{""roll_deg"":9.4,""pitch_deg"":-1.3,""steady"":true}"
10.531,right_hand,og,acc,2361995,"{""seq"":509,""x_mg"":-224,""y_mg"":148,""z_mg"":936}"
10.531,right_hand,og,tilt,,"{""roll_deg"":9.4,""pitch_deg"":-1.3,""steady"":true}"
10.562,right_hand,og,acc,2362015,"{""seq"":510,""x_mg"":-232,""y_mg"":152,""z_mg"":908}"
10.562,right_hand,og,tilt,,"{""roll_deg"":9.4,""pitch_deg"":-1.3,""steady"":true}"
10.593,right_hand,og,acc,2362036,"{""seq"":511,""x_mg"":-220,""y_mg"":152,""z_mg"":916}"
10.593,right_hand,og,tilt,,"{""roll_deg"":9.4,""pitch_deg"":-1.3,""steady"":true}"
10.593,right_hand,og,acc,2362056,"{""seq"":512,""x_mg"":-216,""y_mg"":152,""z_mg"":924}"
10.593,right_hand,og,tilt,,"{""roll_deg"":9.4,""pitch_deg"":-1.3,""steady"":true}"
10.609,right_hand,og,acc,2362077,"{""seq"":513,""x_mg"":-212,""y_mg"":144,""z_mg"":940}"
10.609,right_hand,og,tilt,,"{""roll_deg"":9.4,""pitch_deg"":-1.3,""steady"":true}"
10.640,right_hand,og,acc,2362098,"{""seq"":514,""x_mg"":-200,""y_mg"":132,""z_mg"":964}"
10.640,right_hand,og,tilt,,"{""roll_deg"":9.4,""pitch_deg"":-1.3,""steady"":true}"
10.656,,game,miss,,"{""n"":4,""speed"":0.3}"
10.671,right_hand,og,acc,2362118,"{""seq"":515,""x_mg"":-188,""y_mg"":120,""z_mg"":992}"
10.671,right_hand,og,tilt,,"{""roll_deg"":9.4,""pitch_deg"":-1.3,""steady"":true}"
10.671,right_hand,og,acc,2362139,"{""seq"":516,""x_mg"":-200,""y_mg"":116,""z_mg"":1004}"
10.671,right_hand,og,tilt,,"{""roll_deg"":9.4,""pitch_deg"":-1.3,""steady"":true}"
10.703,right_hand,og,acc,2362159,"{""seq"":517,""x_mg"":-200,""y_mg"":124,""z_mg"":1000}"
10.703,right_hand,og,tilt,,"{""roll_deg"":9.4,""pitch_deg"":-1.3,""steady"":true}"
10.734,right_hand,og,acc,2362180,"{""seq"":518,""x_mg"":-200,""y_mg"":144,""z_mg"":1000}"
10.734,right_hand,og,tilt,,"{""roll_deg"":9.4,""pitch_deg"":-1.3,""steady"":true}"
10.734,right_hand,og,acc,2362200,"{""seq"":519,""x_mg"":-204,""y_mg"":124,""z_mg"":988}"
10.734,right_hand,og,tilt,,"{""roll_deg"":9.4,""pitch_deg"":-1.3,""steady"":true}"
10.765,right_hand,og,acc,2362221,"{""seq"":520,""x_mg"":-216,""y_mg"":136,""z_mg"":952}"
10.765,right_hand,og,tilt,,"{""roll_deg"":9.4,""pitch_deg"":-1.3,""steady"":true}"
10.796,right_hand,og,acc,2362242,"{""seq"":521,""x_mg"":-216,""y_mg"":152,""z_mg"":936}"
10.796,right_hand,og,tilt,,"{""roll_deg"":9.4,""pitch_deg"":-1.3,""steady"":true}"
10.796,right_hand,og,acc,2362262,"{""seq"":522,""x_mg"":-232,""y_mg"":144,""z_mg"":928}"
10.796,right_hand,og,tilt,,"{""roll_deg"":9.4,""pitch_deg"":-1.3,""steady"":true}"
10.812,right_hand,og,acc,2362283,"{""seq"":523,""x_mg"":-228,""y_mg"":128,""z_mg"":916}"
10.812,right_hand,og,tilt,,"{""roll_deg"":9.4,""pitch_deg"":-1.3,""steady"":true}"
10.843,right_hand,og,acc,2362303,"{""seq"":524,""x_mg"":-216,""y_mg"":136,""z_mg"":920}"
10.843,right_hand,og,tilt,,"{""roll_deg"":9.4,""pitch_deg"":-1.3,""steady"":true}"
10.875,right_hand,og,acc,2362324,"{""seq"":525,""x_mg"":-208,""y_mg"":108,""z_mg"":948}"
10.875,right_hand,og,tilt,,"{""roll_deg"":9.4,""pitch_deg"":-1.3,""steady"":true}"
10.875,right_hand,og,acc,2362344,"{""seq"":526,""x_mg"":-192,""y_mg"":104,""z_mg"":972}"
10.875,right_hand,og,tilt,,"{""roll_deg"":9.4,""pitch_deg"":-1.3,""steady"":true}"
10.906,right_hand,og,acc,2362365,"{""seq"":527,""x_mg"":-196,""y_mg"":112,""z_mg"":992}"
10.906,right_hand,og,tilt,,"{""roll_deg"":9.4,""pitch_deg"":-1.3,""steady"":true}"
10.937,right_hand,og,acc,2362385,"{""seq"":528,""x_mg"":-200,""y_mg"":104,""z_mg"":984}"
10.937,right_hand,og,tilt,,"{""roll_deg"":9.4,""pitch_deg"":-1.3,""steady"":true}"
10.937,right_hand,og,acc,2362406,"{""seq"":529,""x_mg"":-204,""y_mg"":132,""z_mg"":988}"
10.937,right_hand,og,tilt,,"{""roll_deg"":9.4,""pitch_deg"":-1.3,""steady"":true}"
10.968,right_hand,og,acc,2362427,"{""seq"":530,""x_mg"":-204,""y_mg"":136,""z_mg"":984}"
10.968,right_hand,og,tilt,,"{""roll_deg"":9.4,""pitch_deg"":-1.3,""steady"":true}"
11.000,right_hand,og,acc,2362447,"{""seq"":531,""x_mg"":-208,""y_mg"":144,""z_mg"":968}"
11.000,right_hand,og,tilt,,"{""roll_deg"":9.4,""pitch_deg"":-1.3,""steady"":true}"
11.000,right_hand,og,acc,2362468,"{""seq"":532,""x_mg"":-212,""y_mg"":160,""z_mg"":948}"
11.000,right_hand,og,tilt,,"{""roll_deg"":9.4,""pitch_deg"":-1.3,""steady"":true}"
11.031,right_hand,og,acc,2362488,"{""seq"":533,""x_mg"":-240,""y_mg"":140,""z_mg"":936}"
11.031,right_hand,og,tilt,,"{""roll_deg"":9.4,""pitch_deg"":-1.3,""steady"":true}"
11.062,right_hand,og,acc,2362509,"{""seq"":534,""x_mg"":-232,""y_mg"":148,""z_mg"":920}"
11.062,right_hand,og,tilt,,"{""roll_deg"":9.4,""pitch_deg"":-1.3,""steady"":true}"
11.093,right_hand,og,acc,2362529,"{""seq"":535,""x_mg"":-224,""y_mg"":140,""z_mg"":924}"
11.093,right_hand,og,tilt,,"{""roll_deg"":9.4,""pitch_deg"":-1.3,""steady"":true}"
11.093,right_hand,og,acc,2362550,"{""seq"":536,""x_mg"":-216,""y_mg"":132,""z_mg"":924}"
11.093,right_hand,og,tilt,,"{""roll_deg"":9.4,""pitch_deg"":-1.3,""steady"":true}"
11.125,right_hand,og,acc,2362571,"{""seq"":537,""x_mg"":-208,""y_mg"":116,""z_mg"":948}"
11.125,right_hand,og,tilt,,"{""roll_deg"":9.4,""pitch_deg"":-1.3,""steady"":true}"
11.156,right_hand,og,acc,2362591,"{""seq"":538,""x_mg"":-204,""y_mg"":116,""z_mg"":968}"
11.156,right_hand,og,tilt,,"{""roll_deg"":9.4,""pitch_deg"":-1.3,""steady"":true}"
11.156,right_hand,og,acc,2362612,"{""seq"":539,""x_mg"":-192,""y_mg"":120,""z_mg"":988}"
11.156,right_hand,og,tilt,,"{""roll_deg"":9.4,""pitch_deg"":-1.3,""steady"":true}"
11.187,right_hand,og,acc,2362632,"{""seq"":540,""x_mg"":-196,""y_mg"":124,""z_mg"":984}"
11.187,right_hand,og,tilt,,"{""roll_deg"":9.4,""pitch_deg"":-1.3,""steady"":true}"
11.187,right_hand,og,acc,2362653,"{""seq"":541,""x_mg"":-196,""y_mg"":128,""z_mg"":992}"
11.187,right_hand,og,tilt,,"{""roll_deg"":9.4,""pitch_deg"":-1.3,""steady"":true}"
11.218,right_hand,og,acc,2362673,"{""seq"":542,""x_mg"":-200,""y_mg"":128,""z_mg"":984}"
11.218,right_hand,og,tilt,,"{""roll_deg"":9.4,""pitch_deg"":-1.3,""steady"":true}"
11.234,right_hand,og,acc,2362694,"{""seq"":543,""x_mg"":-204,""y_mg"":144,""z_mg"":980}"
11.234,right_hand,og,tilt,,"{""roll_deg"":9.4,""pitch_deg"":-1.3,""steady"":true}"
11.265,right_hand,og,acc,2362714,"{""seq"":544,""x_mg"":-212,""y_mg"":144,""z_mg"":944}"
11.265,right_hand,og,tilt,,"{""roll_deg"":9.4,""pitch_deg"":-1.3,""steady"":true}"
11.296,right_hand,og,acc,2362735,"{""seq"":545,""x_mg"":-224,""y_mg"":152,""z_mg"":924}"
11.296,right_hand,og,tilt,,"{""roll_deg"":9.4,""pitch_deg"":-1.3,""steady"":true}"
11.296,right_hand,og,acc,2362756,"{""seq"":546,""x_mg"":-224,""y_mg"":156,""z_mg"":920}"
11.296,right_hand,og,tilt,,"{""roll_deg"":9.4,""pitch_deg"":-1.3,""steady"":true}"
11.328,right_hand,og,acc,2362776,"{""seq"":547,""x_mg"":-220,""y_mg"":128,""z_mg"":936}"
11.328,right_hand,og,tilt,,"{""roll_deg"":9.5,""pitch_deg"":-1.3,""steady"":true}"
11.328,right_hand,og,acc,2362797,"{""seq"":548,""x_mg"":-216,""y_mg"":132,""z_mg"":936}"
11.328,right_hand,og,tilt,,"{""roll_deg"":9.5,""pitch_deg"":-1.3,""steady"":true}"
11.359,right_hand,og,acc,2362817,"{""seq"":549,""x_mg"":-212,""y_mg"":108,""z_mg"":952}"
11.359,right_hand,og,tilt,,"{""roll_deg"":9.5,""pitch_deg"":-1.3,""steady"":true}"
11.390,right_hand,og,acc,2362838,"{""seq"":550,""x_mg"":-204,""y_mg"":120,""z_mg"":964}"
11.390,right_hand,og,tilt,,"{""roll_deg"":9.5,""pitch_deg"":-1.3,""steady"":true}"
11.390,right_hand,og,acc,2362858,"{""seq"":551,""x_mg"":-216,""y_mg"":124,""z_mg"":972}"
11.390,right_hand,og,tilt,,"{""roll_deg"":9.5,""pitch_deg"":-1.3,""steady"":true}"
11.421,right_hand,og,acc,2362879,"{""seq"":552,""x_mg"":-196,""y_mg"":116,""z_mg"":988}"
11.421,right_hand,og,tilt,,"{""roll_deg"":9.5,""pitch_deg"":-1.3,""steady"":true}"
11.437,right_hand,og,acc,2362900,"{""seq"":553,""x_mg"":-196,""y_mg"":108,""z_mg"":980}"
11.437,right_hand,og,tilt,,"{""roll_deg"":9.5,""pitch_deg"":-1.3,""steady"":true}"
11.468,right_hand,og,acc,2362920,"{""seq"":554,""x_mg"":-204,""y_mg"":124,""z_mg"":984}"
11.468,right_hand,og,tilt,,"{""roll_deg"":9.5,""pitch_deg"":-1.3,""steady"":true}"
11.468,right_hand,og,acc,2362941,"{""seq"":555,""x_mg"":-216,""y_mg"":156,""z_mg"":944}"
11.468,right_hand,og,tilt,,"{""roll_deg"":9.5,""pitch_deg"":-1.3,""steady"":true}"
11.500,right_hand,og,acc,2362961,"{""seq"":556,""x_mg"":-208,""y_mg"":172,""z_mg"":948}"
11.500,right_hand,og,tilt,,"{""roll_deg"":9.5,""pitch_deg"":-1.3,""steady"":true}"
11.531,right_hand,og,acc,2362982,"{""seq"":557,""x_mg"":-216,""y_mg"":136,""z_mg"":936}"
11.531,right_hand,og,tilt,,"{""roll_deg"":9.5,""pitch_deg"":-1.3,""steady"":true}"
11.531,right_hand,og,acc,2363002,"{""seq"":558,""x_mg"":-204,""y_mg"":120,""z_mg"":936}"
11.531,right_hand,og,tilt,,"{""roll_deg"":9.5,""pitch_deg"":-1.3,""steady"":true}"
11.562,right_hand,og,acc,2363023,"{""seq"":559,""x_mg"":-208,""y_mg"":128,""z_mg"":948}"
11.562,right_hand,og,tilt,,"{""roll_deg"":9.5,""pitch_deg"":-1.3,""steady"":true}"
11.593,right_hand,og,acc,2363044,"{""seq"":560,""x_mg"":-208,""y_mg"":120,""z_mg"":960}"
11.593,right_hand,og,tilt,,"{""roll_deg"":9.5,""pitch_deg"":-1.3,""steady"":true}"
11.593,right_hand,og,acc,2363064,"{""seq"":561,""x_mg"":-200,""y_mg"":124,""z_mg"":984}"
11.593,right_hand,og,tilt,,"{""roll_deg"":9.5,""pitch_deg"":-1.3,""steady"":true}"
11.625,right_hand,og,acc,2363085,"{""seq"":562,""x_mg"":-208,""y_mg"":112,""z_mg"":980}"
11.625,right_hand,og,tilt,,"{""roll_deg"":9.5,""pitch_deg"":-1.3,""steady"":true}"
11.656,right_hand,og,acc,2363105,"{""seq"":563,""x_mg"":-204,""y_mg"":116,""z_mg"":980}"
11.656,right_hand,og,tilt,,"{""roll_deg"":9.5,""pitch_deg"":-1.3,""steady"":true}"
11.656,right_hand,og,acc,2363126,"{""seq"":564,""x_mg"":-204,""y_mg"":124,""z_mg"":980}"
11.656,right_hand,og,tilt,,"{""roll_deg"":9.5,""pitch_deg"":-1.3,""steady"":true}"
11.703,right_hand,og,acc,2363146,"{""seq"":565,""x_mg"":-200,""y_mg"":144,""z_mg"":972}"
11.703,right_hand,og,tilt,,"{""roll_deg"":9.5,""pitch_deg"":-1.3,""steady"":true}"
11.734,right_hand,og,acc,2363167,"{""seq"":566,""x_mg"":-216,""y_mg"":128,""z_mg"":956}"
11.734,right_hand,og,tilt,,"{""roll_deg"":9.5,""pitch_deg"":-1.3,""steady"":true}"
11.734,right_hand,og,acc,2363187,"{""seq"":567,""x_mg"":-208,""y_mg"":132,""z_mg"":952}"
11.734,right_hand,og,tilt,,"{""roll_deg"":9.5,""pitch_deg"":-1.3,""steady"":true}"
11.765,right_hand,og,acc,2363208,"{""seq"":568,""x_mg"":-224,""y_mg"":156,""z_mg"":940}"
11.765,right_hand,og,tilt,,"{""roll_deg"":9.5,""pitch_deg"":-1.3,""steady"":true}"
11.796,right_hand,og,acc,2363229,"{""seq"":569,""x_mg"":-212,""y_mg"":132,""z_mg"":956}"
11.796,right_hand,og,tilt,,"{""roll_deg"":9.5,""pitch_deg"":-1.3,""steady"":true}"
11.796,right_hand,og,acc,2363249,"{""seq"":570,""x_mg"":-208,""y_mg"":112,""z_mg"":960}"
11.796,right_hand,og,tilt,,"{""roll_deg"":9.5,""pitch_deg"":-1.3,""steady"":true}"
11.828,right_hand,og,acc,2363270,"{""seq"":571,""x_mg"":-216,""y_mg"":112,""z_mg"":956}"
11.828,right_hand,og,tilt,,"{""roll_deg"":9.5,""pitch_deg"":-1.3,""steady"":true}"
11.828,right_hand,og,acc,2363290,"{""seq"":572,""x_mg"":-208,""y_mg"":124,""z_mg"":968}"
11.828,right_hand,og,tilt,,"{""roll_deg"":9.5,""pitch_deg"":-1.3,""steady"":true}"
11.859,right_hand,og,acc,2363311,"{""seq"":573,""x_mg"":-204,""y_mg"":124,""z_mg"":964}"
11.859,right_hand,og,tilt,,"{""roll_deg"":9.5,""pitch_deg"":-1.3,""steady"":true}"
11.890,right_hand,og,acc,2363331,"{""seq"":574,""x_mg"":-204,""y_mg"":128,""z_mg"":968}"
11.890,right_hand,og,tilt,,"{""roll_deg"":9.5,""pitch_deg"":-1.3,""steady"":true}"
11.890,right_hand,og,acc,2363352,"{""seq"":575,""x_mg"":-196,""y_mg"":144,""z_mg"":960}"
11.890,right_hand,og,tilt,,"{""roll_deg"":9.5,""pitch_deg"":-1.3,""steady"":true}"
11.921,right_hand,og,acc,2363373,"{""seq"":576,""x_mg"":-204,""y_mg"":144,""z_mg"":964}"
11.921,right_hand,og,tilt,,"{""roll_deg"":9.5,""pitch_deg"":-1.3,""steady"":true}"
11.953,right_hand,og,acc,2363393,"{""seq"":577,""x_mg"":-216,""y_mg"":152,""z_mg"":944}"
11.953,right_hand,og,tilt,,"{""roll_deg"":9.5,""pitch_deg"":-1.3,""steady"":true}"
11.953,right_hand,og,acc,2363414,"{""seq"":578,""x_mg"":-212,""y_mg"":148,""z_mg"":956}"
11.953,right_hand,og,tilt,,"{""roll_deg"":9.5,""pitch_deg"":-1.3,""steady"":true}"
11.984,right_hand,og,acc,2363434,"{""seq"":579,""x_mg"":-212,""y_mg"":128,""z_mg"":936}"
11.984,right_hand,og,tilt,,"{""roll_deg"":9.5,""pitch_deg"":-1.3,""steady"":true}"
12.015,right_hand,og,acc,2363455,"{""seq"":580,""x_mg"":-216,""y_mg"":132,""z_mg"":956}"
12.015,right_hand,og,tilt,,"{""roll_deg"":9.5,""pitch_deg"":-1.3,""steady"":true}"
12.015,right_hand,og,acc,2363475,"{""seq"":581,""x_mg"":-208,""y_mg"":104,""z_mg"":968}"
12.015,right_hand,og,tilt,,"{""roll_deg"":9.5,""pitch_deg"":-1.3,""steady"":true}"
12.046,right_hand,og,acc,2363496,"{""seq"":582,""x_mg"":-212,""y_mg"":116,""z_mg"":956}"
12.046,right_hand,og,tilt,,"{""roll_deg"":9.5,""pitch_deg"":-1.3,""steady"":true}"
12.046,right_hand,og,acc,2363517,"{""seq"":583,""x_mg"":-204,""y_mg"":140,""z_mg"":968}"
12.046,right_hand,og,tilt,,"{""roll_deg"":9.5,""pitch_deg"":-1.3,""steady"":true}"
12.078,right_hand,og,acc,2363537,"{""seq"":584,""x_mg"":-208,""y_mg"":100,""z_mg"":960}"
12.078,right_hand,og,tilt,,"{""roll_deg"":9.5,""pitch_deg"":-1.3,""steady"":true}"
12.109,right_hand,og,acc,2363558,"{""seq"":585,""x_mg"":-204,""y_mg"":124,""z_mg"":944}"
12.109,right_hand,og,tilt,,"{""roll_deg"":9.5,""pitch_deg"":-1.3,""steady"":true}"
12.109,right_hand,og,acc,2363578,"{""seq"":586,""x_mg"":-208,""y_mg"":172,""z_mg"":940}"
12.109,right_hand,og,tilt,,"{""roll_deg"":9.5,""pitch_deg"":-1.3,""steady"":true}"
12.140,right_hand,og,acc,2363599,"{""seq"":587,""x_mg"":-200,""y_mg"":144,""z_mg"":968}"
12.140,right_hand,og,tilt,,"{""roll_deg"":9.5,""pitch_deg"":-1.3,""steady"":true}"
12.171,right_hand,og,acc,2363619,"{""seq"":588,""x_mg"":-208,""y_mg"":160,""z_mg"":952}"
12.171,right_hand,og,tremor,,"{""rms_mg"":53.7,""peak_hz"":8.9}"
12.171,right_hand,og,tilt,,"{""roll_deg"":9.5,""pitch_deg"":-1.3,""steady"":true}"
12.171,right_hand,og,acc,2363640,"{""seq"":589,""x_mg"":-204,""y_mg"":144,""z_mg"":980}"
12.171,right_hand,og,tilt,,"{""roll_deg"":9.5,""pitch_deg"":-1.3,""steady"":true}"
12.203,right_hand,og,acc,2363661,"{""seq"":590,""x_mg"":-212,""y_mg"":124,""z_mg"":968}"
12.203,right_hand,og,tilt,,"{""roll_deg"":9.5,""pitch_deg"":-1.3,""steady"":true}"
12.234,right_hand,og,acc,2363681,"{""seq"":591,""x_mg"":-212,""y_mg"":140,""z_mg"":968}"
12.234,right_hand,og,tilt,,"{""roll_deg"":9.5,""pitch_deg"":-1.3,""steady"":true}"
12.234,right_hand,og,acc,2363702,"{""seq"":592,""x_mg"":-216,""y_mg"":112,""z_mg"":976}"
12.234,right_hand,og,tilt,,"{""roll_deg"":9.5,""pitch_deg"":-1.3,""steady"":true}"
12.281,right_hand,og,acc,2363722,"{""seq"":593,""x_mg"":-208,""y_mg"":80,""z_mg"":968}"
12.281,right_hand,og,tilt,,"{""roll_deg"":9.5,""pitch_deg"":-1.3,""steady"":true}"
12.312,right_hand,og,acc,2363743,"{""seq"":594,""x_mg"":-204,""y_mg"":84,""z_mg"":952}"
12.312,right_hand,og,tilt,,"{""roll_deg"":9.5,""pitch_deg"":-1.3,""steady"":true}"
12.312,right_hand,og,acc,2363763,"{""seq"":595,""x_mg"":-208,""y_mg"":116,""z_mg"":928}"
12.312,right_hand,og,tilt,,"{""roll_deg"":9.5,""pitch_deg"":-1.3,""steady"":true}"
12.343,right_hand,og,acc,2363784,"{""seq"":596,""x_mg"":-216,""y_mg"":136,""z_mg"":940}"
12.343,right_hand,og,tilt,,"{""roll_deg"":9.5,""pitch_deg"":-1.3,""steady"":true}"
12.343,right_hand,og,acc,2363805,"{""seq"":597,""x_mg"":-212,""y_mg"":140,""z_mg"":948}"
12.343,right_hand,og,tilt,,"{""roll_deg"":9.5,""pitch_deg"":-1.3,""steady"":true}"
12.375,right_hand,og,acc,2363825,"{""seq"":598,""x_mg"":-200,""y_mg"":136,""z_mg"":956}"
12.375,right_hand,og,tilt,,"{""roll_deg"":9.5,""pitch_deg"":-1.3,""steady"":true}"
12.406,right_hand,og,acc,2363846,"{""seq"":599,""x_mg"":-212,""y_mg"":180,""z_mg"":956}"
12.406,right_hand,og,tilt,,"{""roll_deg"":9.5,""pitch_deg"":-1.3,""steady"":true}"
12.406,right_hand,og,acc,2363866,"{""seq"":600,""x_mg"":-208,""y_mg"":164,""z_mg"":972}"
12.406,right_hand,og,tilt,,"{""roll_deg"":9.5,""pitch_deg"":-1.3,""steady"":true}"
12.437,right_hand,og,acc,2363887,"{""seq"":601,""x_mg"":-196,""y_mg"":132,""z_mg"":972}"
12.437,right_hand,og,tilt,,"{""roll_deg"":9.5,""pitch_deg"":-1.3,""steady"":true}"
12.468,right_hand,og,acc,2363907,"{""seq"":602,""x_mg"":-208,""y_mg"":136,""z_mg"":980}"
12.468,right_hand,og,tilt,,"{""roll_deg"":9.5,""pitch_deg"":-1.3,""steady"":true}"
12.468,right_hand,og,acc,2363928,"{""seq"":603,""x_mg"":-204,""y_mg"":116,""z_mg"":968}"
12.468,right_hand,og,tilt,,"{""roll_deg"":9.5,""pitch_deg"":-1.3,""steady"":true}"
12.484,right_hand,og,acc,2363948,"{""seq"":604,""x_mg"":-208,""y_mg"":96,""z_mg"":952}"
12.484,right_hand,og,tilt,,"{""roll_deg"":9.5,""pitch_deg"":-1.3,""steady"":true}"
12.515,,game,miss,,"{""n"":5,""speed"":0.27}"
12.515,right_hand,og,acc,2363969,"{""seq"":605,""x_mg"":-220,""y_mg"":120,""z_mg"":960}"
12.515,right_hand,og,tilt,,"{""roll_deg"":9.5,""pitch_deg"":-1.3,""steady"":true}"
12.546,right_hand,og,acc,2363990,"{""seq"":606,""x_mg"":-216,""y_mg"":128,""z_mg"":972}"
12.546,right_hand,og,tilt,,"{""roll_deg"":9.5,""pitch_deg"":-1.3,""steady"":true}"
12.546,right_hand,og,acc,2364010,"{""seq"":607,""x_mg"":-192,""y_mg"":120,""z_mg"":928}"
12.546,right_hand,og,tilt,,"{""roll_deg"":9.5,""pitch_deg"":-1.3,""steady"":true}"
12.578,right_hand,og,acc,2364031,"{""seq"":608,""x_mg"":-196,""y_mg"":160,""z_mg"":940}"
12.578,right_hand,og,tilt,,"{""roll_deg"":9.5,""pitch_deg"":-1.3,""steady"":true}"
12.609,right_hand,og,acc,2364051,"{""seq"":609,""x_mg"":-208,""y_mg"":124,""z_mg"":940}"
12.609,right_hand,og,tilt,,"{""roll_deg"":9.5,""pitch_deg"":-1.3,""steady"":true}"
12.609,right_hand,og,acc,2364072,"{""seq"":610,""x_mg"":-208,""y_mg"":160,""z_mg"":948}"
12.609,right_hand,og,tilt,,"{""roll_deg"":9.5,""pitch_deg"":-1.3,""steady"":true}"
12.640,right_hand,og,acc,2364092,"{""seq"":611,""x_mg"":-200,""y_mg"":176,""z_mg"":984}"
12.640,right_hand,og,tilt,,"{""roll_deg"":9.5,""pitch_deg"":-1.3,""steady"":true}"
12.671,right_hand,og,acc,2364113,"{""seq"":612,""x_mg"":-212,""y_mg"":124,""z_mg"":944}"
12.671,right_hand,og,tilt,,"{""roll_deg"":9.6,""pitch_deg"":-1.3,""steady"":true}"
12.671,right_hand,og,acc,2364134,"{""seq"":613,""x_mg"":-224,""y_mg"":156,""z_mg"":968}"
12.671,right_hand,og,tilt,,"{""roll_deg"":9.8,""pitch_deg"":-1.3,""steady"":true}"
12.687,right_hand,og,acc,2364154,"{""seq"":614,""x_mg"":-196,""y_mg"":144,""z_mg"":976}"
12.687,right_hand,og,tilt,,"{""roll_deg"":9.8,""pitch_deg"":-1.3,""steady"":true}"
12.718,right_hand,og,acc,2364175,"{""seq"":615,""x_mg"":-204,""y_mg"":128,""z_mg"":944}"
12.718,right_hand,og,tilt,,"{""roll_deg"":9.8,""pitch_deg"":-1.3,""steady"":true}"
12.750,right_hand,og,acc,2364195,"{""seq"":616,""x_mg"":-220,""y_mg"":148,""z_mg"":952}"
12.750,right_hand,og,tilt,,"{""roll_deg"":9.8,""pitch_deg"":-1.3,""steady"":true}"
12.750,right_hand,og,acc,2364216,"{""seq"":617,""x_mg"":-216,""y_mg"":136,""z_mg"":968}"
12.750,right_hand,og,tilt,,"{""roll_deg"":9.8,""pitch_deg"":-1.3,""steady"":true}"
12.781,right_hand,og,acc,2364236,"{""seq"":618,""x_mg"":-204,""y_mg"":140,""z_mg"":944}"
12.781,right_hand,og,tilt,,"{""roll_deg"":9.8,""pitch_deg"":-1.3,""steady"":true}"
12.812,right_hand,og,acc,2364257,"{""seq"":619,""x_mg"":-220,""y_mg"":160,""z_mg"":952}"
12.812,right_hand,og,tilt,,"{""roll_deg"":9.8,""pitch_deg"":-1.3,""steady"":true}"
12.812,right_hand,og,acc,2364278,"{""seq"":620,""x_mg"":-220,""y_mg"":132,""z_mg"":956}"
12.812,right_hand,og,tilt,,"{""roll_deg"":9.8,""pitch_deg"":-1.3,""steady"":true}"
12.843,right_hand,og,acc,2364298,"{""seq"":621,""x_mg"":-208,""y_mg"":108,""z_mg"":964}"
12.843,right_hand,og,tilt,,"{""roll_deg"":9.8,""pitch_deg"":-1.3,""steady"":true}"
12.843,right_hand,og,acc,2364319,"{""seq"":622,""x_mg"":-200,""y_mg"":104,""z_mg"":976}"
12.843,right_hand,og,tilt,,"{""roll_deg"":9.8,""pitch_deg"":-1.3,""steady"":true}"
12.875,right_hand,og,acc,2364339,"{""seq"":623,""x_mg"":-216,""y_mg"":128,""z_mg"":948}"
12.875,right_hand,og,tilt,,"{""roll_deg"":9.8,""pitch_deg"":-1.3,""steady"":true}"
12.890,right_hand,og,acc,2364360,"{""seq"":624,""x_mg"":-220,""y_mg"":124,""z_mg"":948}"
12.890,right_hand,og,tilt,,"{""roll_deg"":9.8,""pitch_deg"":-1.3,""steady"":true}"
12.921,right_hand,og,acc,2364380,"{""seq"":625,""x_mg"":-220,""y_mg"":112,""z_mg"":964}"
12.921,right_hand,og,tilt,,"{""roll_deg"":9.8,""pitch_deg"":-1.3,""steady"":true}"
12.953,right_hand,og,acc,2364401,"{""seq"":626,""x_mg"":-204,""y_mg"":116,""z_mg"":960}"
12.953,right_hand,og,tilt,,"{""roll_deg"":9.8,""pitch_deg"":-1.3,""steady"":true}"
12.953,right_hand,og,acc,2364422,"{""seq"":627,""x_mg"":-200,""y_mg"":120,""z_mg"":956}"
12.953,right_hand,og,tilt,,"{""roll_deg"":9.8,""pitch_deg"":-1.3,""steady"":true}"
12.984,right_hand,og,acc,2364442,"{""seq"":628,""x_mg"":-216,""y_mg"":136,""z_mg"":952}"
12.984,right_hand,og,tilt,,"{""roll_deg"":9.8,""pitch_deg"":-1.3,""steady"":true}"
13.031,right_hand,og,acc,2364463,"{""seq"":629,""x_mg"":-212,""y_mg"":172,""z_mg"":952}"
13.031,right_hand,og,tilt,,"{""roll_deg"":9.8,""pitch_deg"":-1.3,""steady"":true}"
13.031,right_hand,og,acc,2364483,"{""seq"":630,""x_mg"":-216,""y_mg"":120,""z_mg"":968}"
13.031,right_hand,og,tilt,,"{""roll_deg"":9.8,""pitch_deg"":-1.3,""steady"":true}"
13.062,right_hand,og,acc,2364504,"{""seq"":631,""x_mg"":-208,""y_mg"":128,""z_mg"":964}"
13.062,right_hand,og,tilt,,"{""roll_deg"":9.8,""pitch_deg"":-1.3,""steady"":true}"
13.093,right_hand,og,acc,2364524,"{""seq"":632,""x_mg"":-216,""y_mg"":148,""z_mg"":960}"
13.093,right_hand,og,tilt,,"{""roll_deg"":9.8,""pitch_deg"":-1.3,""steady"":true}"
13.093,right_hand,og,acc,2364545,"{""seq"":633,""x_mg"":-208,""y_mg"":140,""z_mg"":972}"
13.093,right_hand,og,tilt,,"{""roll_deg"":9.8,""pitch_deg"":-1.3,""steady"":true}"
13.109,right_hand,og,acc,2364565,"{""seq"":634,""x_mg"":-212,""y_mg"":136,""z_mg"":956}"
13.109,right_hand,og,tilt,,"{""roll_deg"":9.8,""pitch_deg"":-1.3,""steady"":true}"
13.140,right_hand,og,acc,2364586,"{""seq"":635,""x_mg"":-212,""y_mg"":120,""z_mg"":956}"
13.140,right_hand,og,tilt,,"{""roll_deg"":9.8,""pitch_deg"":-1.3,""steady"":true}"
13.171,right_hand,og,acc,2364607,"{""seq"":636,""x_mg"":-212,""y_mg"":116,""z_mg"":956}"
13.171,right_hand,og,tilt,,"{""roll_deg"":9.8,""pitch_deg"":-1.3,""steady"":true}"
13.171,right_hand,og,acc,2364627,"{""seq"":637,""x_mg"":-216,""y_mg"":140,""z_mg"":940}"
13.171,right_hand,og,tilt,,"{""roll_deg"":9.8,""pitch_deg"":-1.3,""steady"":true}"
13.203,right_hand,og,acc,2364648,"{""seq"":638,""x_mg"":-208,""y_mg"":144,""z_mg"":956}"
13.203,right_hand,og,tilt,,"{""roll_deg"":9.8,""pitch_deg"":-1.3,""steady"":true}"
13.203,right_hand,og,acc,2364668,"{""seq"":639,""x_mg"":-212,""y_mg"":132,""z_mg"":952}"
13.203,right_hand,og,tilt,,"{""roll_deg"":9.8,""pitch_deg"":-1.3,""steady"":true}"
13.234,right_hand,og,acc,2364689,"{""seq"":640,""x_mg"":-200,""y_mg"":120,""z_mg"":972}"
13.234,right_hand,og,tilt,,"{""roll_deg"":9.8,""pitch_deg"":-1.3,""steady"":true}"
13.265,right_hand,og,acc,2364709,"{""seq"":641,""x_mg"":-204,""y_mg"":144,""z_mg"":952}"
13.265,right_hand,og,tilt,,"{""roll_deg"":9.8,""pitch_deg"":-1.3,""steady"":true}"
13.265,right_hand,og,acc,2364730,"{""seq"":642,""x_mg"":-208,""y_mg"":148,""z_mg"":952}"
13.265,right_hand,og,tilt,,"{""roll_deg"":9.8,""pitch_deg"":-1.3,""steady"":true}"
13.296,right_hand,og,acc,2364751,"{""seq"":643,""x_mg"":-204,""y_mg"":148,""z_mg"":948}"
13.296,right_hand,og,tilt,,"{""roll_deg"":9.8,""pitch_deg"":-1.3,""steady"":true}"
13.328,right_hand,og,acc,2364771,"{""seq"":644,""x_mg"":-204,""y_mg"":136,""z_mg"":972}"
13.328,right_hand,og,tilt,,"{""roll_deg"":9.8,""pitch_deg"":-1.3,""steady"":true}"
13.328,right_hand,og,acc,2364792,"{""seq"":645,""x_mg"":-204,""y_mg"":136,""z_mg"":980}"
13.328,right_hand,og,tilt,,"{""roll_deg"":9.8,""pitch_deg"":-1.3,""steady"":true}"
13.343,right_hand,og,acc,2364812,"{""seq"":646,""x_mg"":-204,""y_mg"":112,""z_mg"":960}"
13.343,right_hand,og,tilt,,"{""roll_deg"":9.8,""pitch_deg"":-1.3,""steady"":true}"
13.375,right_hand,og,acc,2364833,"{""seq"":647,""x_mg"":-220,""y_mg"":108,""z_mg"":944}"
13.375,right_hand,og,tilt,,"{""roll_deg"":9.8,""pitch_deg"":-1.3,""steady"":true}"
13.406,right_hand,og,acc,2364853,"{""seq"":648,""x_mg"":-204,""y_mg"":132,""z_mg"":952}"
13.406,right_hand,og,tilt,,"{""roll_deg"":9.8,""pitch_deg"":-1.3,""steady"":true}"
13.406,right_hand,og,acc,2364874,"{""seq"":649,""x_mg"":-204,""y_mg"":132,""z_mg"":952}"
13.406,right_hand,og,tilt,,"{""roll_deg"":9.8,""pitch_deg"":-1.3,""steady"":true}"
13.437,right_hand,og,acc,2364895,"{""seq"":650,""x_mg"":-208,""y_mg"":140,""z_mg"":960}"
13.437,right_hand,og,tilt,,"{""roll_deg"":9.8,""pitch_deg"":-1.3,""steady"":true}"
13.468,right_hand,og,acc,2364915,"{""seq"":651,""x_mg"":-208,""y_mg"":136,""z_mg"":956}"
13.468,right_hand,og,tilt,,"{""roll_deg"":9.8,""pitch_deg"":-1.3,""steady"":true}"
13.468,right_hand,og,acc,2364936,"{""seq"":652,""x_mg"":-200,""y_mg"":136,""z_mg"":948}"
13.468,right_hand,og,tilt,,"{""roll_deg"":9.8,""pitch_deg"":-1.3,""steady"":true}"
13.500,right_hand,og,acc,2364956,"{""seq"":653,""x_mg"":-204,""y_mg"":144,""z_mg"":948}"
13.500,right_hand,og,tilt,,"{""roll_deg"":9.8,""pitch_deg"":-1.3,""steady"":true}"
13.531,right_hand,og,acc,2364977,"{""seq"":654,""x_mg"":-196,""y_mg"":132,""z_mg"":968}"
13.531,right_hand,og,tilt,,"{""roll_deg"":9.8,""pitch_deg"":-1.3,""steady"":true}"
13.546,right_hand,og,acc,2364997,"{""seq"":655,""x_mg"":-208,""y_mg"":132,""z_mg"":976}"
13.546,right_hand,og,tilt,,"{""roll_deg"":9.8,""pitch_deg"":-1.3,""steady"":true}"
13.546,right_hand,og,acc,2365018,"{""seq"":656,""x_mg"":-196,""y_mg"":136,""z_mg"":964}"
13.546,right_hand,og,tilt,,"{""roll_deg"":9.8,""pitch_deg"":-1.3,""steady"":true}"
13.578,right_hand,og,acc,2365038,"{""seq"":657,""x_mg"":-192,""y_mg"":156,""z_mg"":948}"
13.578,right_hand,og,tilt,,"{""roll_deg"":9.8,""pitch_deg"":-1.3,""steady"":true}"
13.625,right_hand,og,acc,2365059,"{""seq"":658,""x_mg"":-196,""y_mg"":156,""z_mg"":956}"
13.625,right_hand,og,tilt,,"{""roll_deg"":9.8,""pitch_deg"":-1.3,""steady"":true}"
13.625,right_hand,og,acc,2365080,"{""seq"":659,""x_mg"":-200,""y_mg"":148,""z_mg"":984}"
13.625,right_hand,og,tilt,,"{""roll_deg"":9.8,""pitch_deg"":-1.3,""steady"":true}"
13.656,right_hand,og,acc,2365100,"{""seq"":660,""x_mg"":-224,""y_mg"":124,""z_mg"":976}"
13.656,right_hand,og,tilt,,"{""roll_deg"":9.8,""pitch_deg"":-1.2,""steady"":true}"
13.687,right_hand,og,acc,2365121,"{""seq"":661,""x_mg"":-216,""y_mg"":124,""z_mg"":952}"
13.687,right_hand,og,tilt,,"{""roll_deg"":9.8,""pitch_deg"":-1.2,""steady"":true}"
13.687,right_hand,og,acc,2365141,"{""seq"":662,""x_mg"":-212,""y_mg"":172,""z_mg"":924}"
13.687,right_hand,og,tilt,,"{""roll_deg"":9.8,""pitch_deg"":-1.2,""steady"":true}"
13.718,right_hand,og,acc,2365162,"{""seq"":663,""x_mg"":-224,""y_mg"":200,""z_mg"":960}"
13.718,right_hand,og,tilt,,"{""roll_deg"":9.8,""pitch_deg"":-1.2,""steady"":true}"
13.718,right_hand,og,acc,2365182,"{""seq"":664,""x_mg"":-224,""y_mg"":180,""z_mg"":964}"
13.718,right_hand,og,tilt,,"{""roll_deg"":10.1,""pitch_deg"":-1.2,""steady"":true}"
13.734,right_hand,og,acc,2365203,"{""seq"":665,""x_mg"":-212,""y_mg"":188,""z_mg"":952}"
13.734,right_hand,og,tilt,,"{""roll_deg"":10.4,""pitch_deg"":-1.2,""steady"":true}"
13.765,right_hand,og,acc,2365224,"{""seq"":666,""x_mg"":-220,""y_mg"":156,""z_mg"":912}"
13.765,right_hand,og,tilt,,"{""roll_deg"":10.7,""pitch_deg"":-1.2,""steady"":true}"
13.796,right_hand,og,acc,2365244,"{""seq"":667,""x_mg"":-212,""y_mg"":128,""z_mg"":952}"
13.796,right_hand,og,tilt,,"{""roll_deg"":10.7,""pitch_deg"":-1.2,""steady"":true}"
13.828,right_hand,og,acc,2365265,"{""seq"":668,""x_mg"":-212,""y_mg"":164,""z_mg"":956}"
13.828,right_hand,og,tilt,,"{""roll_deg"":10.8,""pitch_deg"":-1.2,""steady"":true}"
13.828,right_hand,og,acc,2365285,"{""seq"":669,""x_mg"":-216,""y_mg"":200,""z_mg"":948}"
13.828,right_hand,og,tilt,,"{""roll_deg"":10.8,""pitch_deg"":-1.2,""steady"":true}"
13.859,right_hand,og,acc,2365306,"{""seq"":670,""x_mg"":-204,""y_mg"":168,""z_mg"":976}"
13.859,right_hand,og,tilt,,"{""roll_deg"":10.9,""pitch_deg"":-1.2,""steady"":true}"
13.859,right_hand,og,acc,2365326,"{""seq"":671,""x_mg"":-204,""y_mg"":168,""z_mg"":956}"
13.859,right_hand,og,tilt,,"{""roll_deg"":11.0,""pitch_deg"":-1.2,""steady"":true}"
13.890,right_hand,og,acc,2365347,"{""seq"":672,""x_mg"":-208,""y_mg"":172,""z_mg"":936}"
13.890,right_hand,og,tilt,,"{""roll_deg"":11.0,""pitch_deg"":-1.2,""steady"":true}"
13.921,right_hand,og,acc,2365367,"{""seq"":673,""x_mg"":-204,""y_mg"":164,""z_mg"":964}"
13.921,right_hand,og,tilt,,"{""roll_deg"":11.1,""pitch_deg"":-1.2,""steady"":true}"
13.921,right_hand,og,acc,2365388,"{""seq"":674,""x_mg"":-208,""y_mg"":164,""z_mg"":980}"
13.921,right_hand,og,tilt,,"{""roll_deg"":11.1,""pitch_deg"":-1.2,""steady"":true}"
13.953,right_hand,og,acc,2365409,"{""seq"":675,""x_mg"":-196,""y_mg"":184,""z_mg"":940}"
13.953,right_hand,og,tilt,,"{""roll_deg"":11.1,""pitch_deg"":-1.2,""steady"":true}"
13.984,right_hand,og,acc,2365429,"{""seq"":676,""x_mg"":-208,""y_mg"":148,""z_mg"":944}"
13.984,right_hand,og,tilt,,"{""roll_deg"":11.1,""pitch_deg"":-1.2,""steady"":true}"
13.984,right_hand,og,acc,2365450,"{""seq"":677,""x_mg"":-196,""y_mg"":84,""z_mg"":956}"
13.984,right_hand,og,tilt,,"{""roll_deg"":11.1,""pitch_deg"":-1.2,""steady"":true}"
14.015,right_hand,og,acc,2365470,"{""seq"":678,""x_mg"":-192,""y_mg"":84,""z_mg"":984}"
14.015,right_hand,og,tilt,,"{""roll_deg"":11.1,""pitch_deg"":-1.2,""steady"":true}"
14.046,right_hand,og,acc,2365491,"{""seq"":679,""x_mg"":-212,""y_mg"":140,""z_mg"":960}"
14.046,right_hand,og,tilt,,"{""roll_deg"":10.9,""pitch_deg"":-1.2,""steady"":true}"
14.046,right_hand,og,acc,2365512,"{""seq"":680,""x_mg"":-208,""y_mg"":164,""z_mg"":956}"
14.046,right_hand,og,tilt,,"{""roll_deg"":10.9,""pitch_deg"":-1.2,""steady"":true}"
14.078,right_hand,og,acc,2365532,"{""seq"":681,""x_mg"":-200,""y_mg"":164,""z_mg"":956}"
14.078,right_hand,og,tilt,,"{""roll_deg"":10.9,""pitch_deg"":-1.2,""steady"":true}"
14.109,right_hand,og,acc,2365553,"{""seq"":682,""x_mg"":-196,""y_mg"":172,""z_mg"":956}"
14.109,right_hand,og,tilt,,"{""roll_deg"":10.9,""pitch_deg"":-1.2,""steady"":true}"
14.109,right_hand,og,acc,2365573,"{""seq"":683,""x_mg"":-212,""y_mg"":172,""z_mg"":956}"
14.109,right_hand,og,tilt,,"{""roll_deg"":10.9,""pitch_deg"":-1.2,""steady"":true}"
14.140,right_hand,og,acc,2365594,"{""seq"":684,""x_mg"":-200,""y_mg"":164,""z_mg"":956}"
14.140,right_hand,og,tilt,,"{""roll_deg"":10.9,""pitch_deg"":-1.2,""steady"":true}"
14.171,right_hand,og,acc,2365614,"{""seq"":685,""x_mg"":-212,""y_mg"":164,""z_mg"":952}"
14.171,right_hand,og,tilt,,"{""roll_deg"":10.9,""pitch_deg"":-1.2,""steady"":true}"
14.171,right_hand,og,acc,2365635,"{""seq"":686,""x_mg"":-208,""y_mg"":140,""z_mg"":948}"
14.171,right_hand,og,tremor,,"{""rms_mg"":26.8,""peak_hz"":4.2}"
14.171,right_hand,og,tilt,,"{""roll_deg"":10.9,""pitch_deg"":-1.2,""steady"":true}"
14.203,right_hand,og,acc,2365655,"{""seq"":687,""x_mg"":-204,""y_mg"":144,""z_mg"":948}"
14.203,right_hand,og,tilt,,"{""roll_deg"":10.9,""pitch_deg"":-1.2,""steady"":true}"
14.203,right_hand,og,acc,2365676,"{""seq"":688,""x_mg"":-204,""y_mg"":156,""z_mg"":948}"
14.203,right_hand,og,tilt,,"{""roll_deg"":10.9,""pitch_deg"":-1.2,""steady"":true}"
14.234,right_hand,og,acc,2365697,"{""seq"":689,""x_mg"":-212,""y_mg"":156,""z_mg"":960}"
14.234,right_hand,og,tilt,,"{""roll_deg"":10.9,""pitch_deg"":-1.2,""steady"":true}"
14.265,right_hand,og,acc,2365717,"{""seq"":690,""x_mg"":-208,""y_mg"":152,""z_mg"":960}"
14.265,right_hand,og,tilt,,"{""roll_deg"":10.9,""pitch_deg"":-1.2,""steady"":true}"
14.265,right_hand,og,acc,2365738,"{""seq"":691,""x_mg"":-200,""y_mg"":156,""z_mg"":956}"
14.265,right_hand,og,tilt,,"{""roll_deg"":10.9,""pitch_deg"":-1.2,""steady"":true}"
14.296,right_hand,og,acc,2365758,"{""seq"":692,""x_mg"":-204,""y_mg"":148,""z_mg"":960}"
14.296,right_hand,og,tilt,,"{""roll_deg"":10.9,""pitch_deg"":-1.2,""steady"":true}"
14.328,right_hand,og,acc,2365779,"{""seq"":693,""x_mg"":-208,""y_mg"":144,""z_mg"":956}"
14.328,right_hand,og,tilt,,"{""roll_deg"":10.9,""pitch_deg"":-1.2,""steady"":true}"
14.328,right_hand,og,acc,2365799,"{""seq"":694,""x_mg"":-208,""y_mg"":156,""z_mg"":948}"
14.328,right_hand,og,tilt,,"{""roll_deg"":10.9,""pitch_deg"":-1.2,""steady"":true}"
14.359,right_hand,og,acc,2365820,"{""seq"":695,""x_mg"":-196,""y_mg"":156,""z_mg"":944}"
14.359,right_hand,og,tilt,,"{""roll_deg"":10.9,""pitch_deg"":-1.2,""steady"":true}"
14.375,right_hand,og,acc,2365841,"{""seq"":696,""x_mg"":-208,""y_mg"":152,""z_mg"":964}"
14.375,right_hand,og,tilt,,"{""roll_deg"":10.9,""pitch_deg"":-1.2,""steady"":true}"
14.421,right_hand,og,acc,2365861,"{""seq"":697,""x_mg"":-208,""y_mg"":148,""z_mg"":964}"
14.421,right_hand,og,tilt,,"{""roll_deg"":10.9,""pitch_deg"":-1.2,""steady"":true}"
14.421,right_hand,og,acc,2365882,"{""seq"":698,""x_mg"":-204,""y_mg"":152,""z_mg"":960}"
14.421,right_hand,og,tilt,,"{""roll_deg"":10.9,""pitch_deg"":-1.2,""steady"":true}"
14.453,right_hand,og,acc,2365902,"{""seq"":699,""x_mg"":-204,""y_mg"":148,""z_mg"":952}"
14.453,right_hand,og,tilt,,"{""roll_deg"":10.9,""pitch_deg"":-1.2,""steady"":true}"
14.484,right_hand,og,acc,2365923,"{""seq"":700,""x_mg"":-212,""y_mg"":160,""z_mg"":960}"
14.484,right_hand,og,tilt,,"{""roll_deg"":10.9,""pitch_deg"":-1.2,""steady"":true}"
14.484,right_hand,og,acc,2365943,"{""seq"":701,""x_mg"":-212,""y_mg"":136,""z_mg"":968}"
14.484,right_hand,og,tilt,,"{""roll_deg"":10.9,""pitch_deg"":-1.2,""steady"":true}"
14.515,right_hand,og,acc,2365964,"{""seq"":702,""x_mg"":-204,""y_mg"":152,""z_mg"":960}"
14.515,right_hand,og,tilt,,"{""roll_deg"":10.9,""pitch_deg"":-1.2,""steady"":true}"
14.546,,game,miss,,"{""n"":6,""speed"":0.24}"
14.546,right_hand,og,acc,2365985,"{""seq"":703,""x_mg"":-196,""y_mg"":144,""z_mg"":964}"
14.546,right_hand,og,tilt,,"{""roll_deg"":10.9,""pitch_deg"":-1.2,""steady"":true}"
14.546,right_hand,og,acc,2366005,"{""seq"":704,""x_mg"":-204,""y_mg"":152,""z_mg"":952}"
14.546,right_hand,og,tilt,,"{""roll_deg"":10.9,""pitch_deg"":-1.2,""steady"":true}"
14.562,right_hand,og,acc,2366026,"{""seq"":705,""x_mg"":-196,""y_mg"":148,""z_mg"":960}"
14.562,right_hand,og,tilt,,"{""roll_deg"":10.9,""pitch_deg"":-1.2,""steady"":true}"
14.593,right_hand,og,acc,2366046,"{""seq"":706,""x_mg"":-204,""y_mg"":152,""z_mg"":956}"
14.593,right_hand,og,tilt,,"{""roll_deg"":10.9,""pitch_deg"":-1.2,""steady"":true}"
14.625,right_hand,og,acc,2366067,"{""seq"":707,""x_mg"":-196,""y_mg"":144,""z_mg"":964}"
14.625,right_hand,og,tilt,,"{""roll_deg"":10.9,""pitch_deg"":-1.2,""steady"":true}"
14.625,right_hand,og,acc,2366087,"{""seq"":708,""x_mg"":-204,""y_mg"":148,""z_mg"":960}"
14.625,right_hand,og,tilt,,"{""roll_deg"":10.9,""pitch_deg"":-1.2,""steady"":true}"
14.656,right_hand,og,acc,2366108,"{""seq"":709,""x_mg"":-200,""y_mg"":148,""z_mg"":972}"
14.656,right_hand,og,tilt,,"{""roll_deg"":10.9,""pitch_deg"":-1.2,""steady"":true}"
14.687,right_hand,og,acc,2366128,"{""seq"":710,""x_mg"":-208,""y_mg"":148,""z_mg"":952}"
14.687,right_hand,og,tilt,,"{""roll_deg"":10.9,""pitch_deg"":-1.2,""steady"":true}"
14.687,right_hand,og,acc,2366149,"{""seq"":711,""x_mg"":-212,""y_mg"":148,""z_mg"":960}"
14.687,right_hand,og,tilt,,"{""roll_deg"":10.9,""pitch_deg"":-1.2,""steady"":true}"
14.718,right_hand,og,acc,2366170,"{""seq"":712,""x_mg"":-196,""y_mg"":152,""z_mg"":956}"
14.718,right_hand,og,tilt,,"{""roll_deg"":10.9,""pitch_deg"":-1.2,""steady"":true}"
14.750,right_hand,og,acc,2366190,"{""seq"":713,""x_mg"":-192,""y_mg"":156,""z_mg"":960}"
14.750,right_hand,og,tilt,,"{""roll_deg"":10.9,""pitch_deg"":-1.2,""steady"":true}"
14.750,right_hand,og,acc,2366211,"{""seq"":714,""x_mg"":-204,""y_mg"":148,""z_mg"":960}"
14.750,right_hand,og,tilt,,"{""roll_deg"":10.9,""pitch_deg"":-1.2,""steady"":true}"
14.765,right_hand,og,acc,2366231,"{""seq"":715,""x_mg"":-204,""y_mg"":136,""z_mg"":952}"
14.765,right_hand,og,tilt,,"{""roll_deg"":10.9,""pitch_deg"":-1.2,""steady"":true}"
14.796,right_hand,og,acc,2366252,"{""seq"":716,""x_mg"":-204,""y_mg"":140,""z_mg"":976}"
14.796,right_hand,og,tilt,,"{""roll_deg"":10.9,""pitch_deg"":-1.2,""steady"":true}"
14.828,right_hand,og,acc,2366272,"{""seq"":717,""x_mg"":-208,""y_mg"":140,""z_mg"":960}"
14.828,right_hand,og,tilt,,"{""roll_deg"":10.9,""pitch_deg"":-1.2,""steady"":true}"
14.828,right_hand,og,acc,2366293,"{""seq"":718,""x_mg"":-204,""y_mg"":144,""z_mg"":956}"
14.828,right_hand,og,tilt,,"{""roll_deg"":10.9,""pitch_deg"":-1.2,""steady"":true}"
14.859,right_hand,og,acc,2366314,"{""seq"":719,""x_mg"":-200,""y_mg"":148,""z_mg"":960}"
14.859,right_hand,og,tilt,,"{""roll_deg"":10.9,""pitch_deg"":-1.2,""steady"":true}"
14.890,right_hand,og,acc,2366334,"{""seq"":720,""x_mg"":-204,""y_mg"":144,""z_mg"":960}"
14.890,right_hand,og,tilt,,"{""roll_deg"":10.9,""pitch_deg"":-1.2,""steady"":true}"
14.890,right_hand,og,acc,2366355,"{""seq"":721,""x_mg"":-204,""y_mg"":148,""z_mg"":968}"
14.890,right_hand,og,tilt,,"{""roll_deg"":10.9,""pitch_deg"":-1.2,""steady"":true}"
14.921,right_hand,og,acc,2366375,"{""seq"":722,""x_mg"":-196,""y_mg"":144,""z_mg"":960}"
14.921,right_hand,og,tilt,,"{""roll_deg"":10.9,""pitch_deg"":-1.2,""steady"":true}"
14.921,right_hand,og,acc,2366396,"{""seq"":723,""x_mg"":-196,""y_mg"":140,""z_mg"":952}"
14.921,right_hand,og,tilt,,"{""roll_deg"":10.9,""pitch_deg"":-1.2,""steady"":true}"
14.953,right_hand,og,acc,2366416,"{""seq"":724,""x_mg"":-200,""y_mg"":144,""z_mg"":964}"
14.953,right_hand,og,tilt,,"{""roll_deg"":10.9,""pitch_deg"":-1.2,""steady"":true}"
14.984,right_hand,og,acc,2366437,"{""seq"":725,""x_mg"":-200,""y_mg"":148,""z_mg"":968}"
14.984,right_hand,og,tilt,,"{""roll_deg"":10.9,""pitch_deg"":-1.2,""steady"":true}"
14.984,right_hand,og,acc,2366458,"{""seq"":726,""x_mg"":-208,""y_mg"":144,""z_mg"":956}"
14.984,right_hand,og,tilt,,"{""roll_deg"":10.9,""pitch_deg"":-1.2,""steady"":true}"
15.015,right_hand,og,acc,2366478,"{""seq"":727,""x_mg"":-200,""y_mg"":148,""z_mg"":968}"
15.015,right_hand,og,tilt,,"{""roll_deg"":10.9,""pitch_deg"":-1.2,""steady"":true}"
15.046,right_hand,og,acc,2366499,"{""seq"":728,""x_mg"":-188,""y_mg"":168,""z_mg"":984}"
15.046,right_hand,og,tilt,,"{""roll_deg"":10.9,""pitch_deg"":-1.2,""steady"":true}"
15.078,right_hand,og,acc,2366519,"{""seq"":729,""x_mg"":-196,""y_mg"":212,""z_mg"":972}"
15.078,right_hand,og,tilt,,"{""roll_deg"":10.9,""pitch_deg"":-1.1,""steady"":true}"
15.078,right_hand,og,acc,2366540,"{""seq"":730,""x_mg"":-180,""y_mg"":328,""z_mg"":976}"
15.078,right_hand,og,tilt,,"{""roll_deg"":10.9,""pitch_deg"":-1.0,""steady"":true}"
15.109,right_hand,og,acc,2366560,"{""seq"":731,""x_mg"":-216,""y_mg"":400,""z_mg"":1040}"
15.109,right_hand,og,tilt,,"{""roll_deg"":12.4,""pitch_deg"":-1.0,""steady"":true}"
15.140,right_hand,og,acc,2366581,"{""seq"":732,""x_mg"":-184,""y_mg"":248,""z_mg"":1104}"
15.140,right_hand,og,tilt,,"{""roll_deg"":14.3,""pitch_deg"":-0.8,""steady"":true}"
15.140,right_hand,og,acc,2366601,"{""seq"":733,""x_mg"":-132,""y_mg"":44,""z_mg"":1136}"
15.140,right_hand,og,tilt,,"{""roll_deg"":14.3,""pitch_deg"":-0.5,""steady"":true}"
15.171,right_hand,og,acc,2366622,"{""seq"":734,""x_mg"":-144,""y_mg"":28,""z_mg"":1080}"
15.171,right_hand,og,tilt,,"{""roll_deg"":13.9,""pitch_deg"":0.1,""steady"":true}"
15.187,right_hand,og,acc,2366643,"{""seq"":735,""x_mg"":-200,""y_mg"":-24,""z_mg"":1080}"
15.187,right_hand,og,tilt,,"{""roll_deg"":12.6,""pitch_deg"":0.6,""steady"":true}"
15.187,right_hand,og,acc,2366663,"{""seq"":736,""x_mg"":-224,""y_mg"":-104,""z_mg"":1048}"
15.187,right_hand,og,tilt,,"{""roll_deg"":10.0,""pitch_deg"":0.6,""steady"":true}"
15.234,right_hand,og,acc,2366684,"{""seq"":737,""x_mg"":-232,""y_mg"":-160,""z_mg"":992}"
15.234,right_hand,og,tilt,,"{""roll_deg"":5.8,""pitch_deg"":0.6,""steady"":true}"
15.265,right_hand,og,acc,2366704,"{""seq"":738,""x_mg"":-252,""y_mg"":-200,""z_mg"":888}"
15.265,right_hand,og,tilt,,"{""roll_deg"":1.3,""pitch_deg"":0.6,""steady"":true}"
15.265,right_hand,og,acc,2366725,"{""seq"":739,""x_mg"":-260,""y_mg"":-300,""z_mg"":800}"
15.265,right_hand,og,tilt,,"{""roll_deg"":-3.3,""pitch_deg"":0.4,""steady"":true}"
15.296,right_hand,og,acc,2366745,"{""seq"":740,""x_mg"":-292,""y_mg"":-348,""z_mg"":768}"
15.296,right_hand,og,tilt,,"{""roll_deg"":-9.4,""pitch_deg"":-0.5,""steady"":true}"
15.328,right_hand,og,acc,2366766,"{""seq"":741,""x_mg"":-328,""y_mg"":-460,""z_mg"":776}"
15.328,right_hand,og,tilt,,"{""roll_deg"":-14.7,""pitch_deg"":-2.1,""steady"":true}"
15.328,right_hand,og,acc,2366787,"{""seq"":742,""x_mg"":-352,""y_mg"":-584,""z_mg"":776}"
15.328,right_hand,og,tilt,,"{""roll_deg"":-20.4,""pitch_deg"":-3.8,""steady"":true}"
15.359,right_hand,og,acc,2366807,"{""seq"":743,""x_mg"":-344,""y_mg"":-644,""z_mg"":756}"
15.359,right_hand,og,tilt,,"{""roll_deg"":-26.1,""pitch_deg"":-5.0,""steady"":true}"
15.390,right_hand,og,acc,2366828,"{""seq"":744,""x_mg"":-328,""y_mg"":-660,""z_mg"":736}"
15.390,right_hand,og,tilt,,"{""roll_deg"":-30.9,""pitch_deg"":-5.8,""steady"":true}"
15.390,right_hand,og,acc,2366848,"{""seq"":745,""x_mg"":-348,""y_mg"":-636,""z_mg"":692}"
15.390,right_hand,og,tilt,,"{""roll_deg"":-33.8,""pitch_deg"":-6.3,""steady"":true}"
15.421,right_hand,og,acc,2366869,"{""seq"":746,""x_mg"":-356,""y_mg"":-612,""z_mg"":676}"
15.421,right_hand,og,tilt,,"{""roll_deg"":-35.3,""pitch_deg"":-7.0,""steady"":true}"
15.421,right_hand,og,acc,2366889,"{""seq"":747,""x_mg"":-356,""y_mg"":-628,""z_mg"":676}"
15.421,right_hand,og,tilt,,"{""roll_deg"":-36.0,""pitch_deg"":-7.8,""steady"":true}"
15.453,right_hand,og,acc,2366910,"{""seq"":748,""x_mg"":-344,""y_mg"":-648,""z_mg"":672}"
15.453,right_hand,og,tilt,,"{""roll_deg"":-36.4,""pitch_deg"":-8.3,""steady"":true}"
15.484,right_hand,og,acc,2366931,"{""seq"":749,""x_mg"":-388,""y_mg"":-592,""z_mg"":660}"
15.484,right_hand,og,tilt,,"{""roll_deg"":-36.6,""pitch_deg"":-8.7,""steady"":true}"
15.484,right_hand,og,acc,2366951,"{""seq"":750,""x_mg"":-392,""y_mg"":-556,""z_mg"":692}"
15.484,right_hand,og,tilt,,"{""roll_deg"":-36.6,""pitch_deg"":-9.6,""steady"":true}"
15.515,right_hand,og,acc,2366972,"{""seq"":751,""x_mg"":-372,""y_mg"":-576,""z_mg"":728}"
15.515,right_hand,og,tilt,,"{""roll_deg"":-35.7,""pitch_deg"":-10.4,""steady"":true}"
15.546,right_hand,og,acc,2366992,"{""seq"":752,""x_mg"":-360,""y_mg"":-624,""z_mg"":716}"
15.546,right_hand,og,tilt,,"{""roll_deg"":-35.1,""pitch_deg"":-10.4,""steady"":true}"
15.546,right_hand,og,acc,2367013,"{""seq"":753,""x_mg"":-336,""y_mg"":-640,""z_mg"":720}"
15.546,right_hand,og,tilt,,"{""roll_deg"":-35.1,""pitch_deg"":-10.4,""steady"":true}"
15.578,right_hand,og,acc,2367033,"{""seq"":754,""x_mg"":-324,""y_mg"":-568,""z_mg"":720}"
15.578,right_hand,og,tilt,,"{""roll_deg"":-35.1,""pitch_deg"":-10.4,""steady"":true}"
15.609,right_hand,og,acc,2367054,"{""seq"":755,""x_mg"":-332,""y_mg"":-508,""z_mg"":708}"
15.609,right_hand,og,tilt,,"{""roll_deg"":-35.1,""pitch_deg"":-10.3,""steady"":true}"
15.609,right_hand,og,acc,2367075,"{""seq"":756,""x_mg"":-328,""y_mg"":-576,""z_mg"":712}"
15.609,right_hand,og,tilt,,"{""roll_deg"":-35.0,""pitch_deg"":-10.1,""steady"":true}"
15.625,right_hand,og,acc,2367095,"{""seq"":757,""x_mg"":-304,""y_mg"":-736,""z_mg"":716}"
15.625,right_hand,og,tilt,,"{""roll_deg"":-34.9,""pitch_deg"":-10.0,""steady"":true}"
15.656,right_hand,og,acc,2367116,"{""seq"":758,""x_mg"":-284,""y_mg"":-796,""z_mg"":720}"
15.656,right_hand,og,tilt,,"{""roll_deg"":-35.8,""pitch_deg"":-9.7,""steady"":true}"
15.687,right_hand,og,acc,2367136,"{""seq"":759,""x_mg"":-284,""y_mg"":-656,""z_mg"":724}"
15.687,right_hand,og,tilt,,"{""roll_deg"":-37.1,""pitch_deg"":-9.3,""steady"":true}"
15.687,right_hand,og,acc,2367157,"{""seq"":760,""x_mg"":-300,""y_mg"":-600,""z_mg"":660}"
15.687,right_hand,og,tilt,,"{""roll_deg"":-37.3,""pitch_deg"":-8.8,""steady"":true}"
15.718,right_hand,og,acc,2367177,"{""seq"":761,""x_mg"":-292,""y_mg"":-660,""z_mg"":632}"
15.718,right_hand,og,tilt,,"{""roll_deg"":-37.4,""pitch_deg"":-8.5,""steady"":true}"
15.765,right_hand,og,acc,2367198,"{""seq"":762,""x_mg"":-288,""y_mg"":-720,""z_mg"":696}"
15.765,right_hand,og,tilt,,"{""roll_deg"":-38.3,""pitch_deg"":-8.3,""steady"":true}"
15.765,right_hand,og,acc,2367218,"{""seq"":763,""x_mg"":-200,""y_mg"":-696,""z_mg"":788}"
15.765,right_hand,og,tilt,,"{""roll_deg"":-39.0,""pitch_deg"":-7.8,""steady"":true}"
15.796,right_hand,og,acc,2367239,"{""seq"":764,""x_mg"":-288,""y_mg"":-612,""z_mg"":724}"
15.796,right_hand,og,tilt,,"{""roll_deg"":-39.0,""pitch_deg"":-7.4,""steady"":true}"
15.796,right_hand,og,acc,2367260,"{""seq"":765,""x_mg"":-328,""y_mg"":-540,""z_mg"":664}"
15.796,right_hand,og,tilt,,"{""roll_deg"":-39.0,""pitch_deg"":-7.2,""steady"":true}"
15.812,right_hand,og,acc,2367280,"{""seq"":766,""x_mg"":-320,""y_mg"":-600,""z_mg"":652}"
15.812,right_hand,og,tilt,,"{""roll_deg"":-38.6,""pitch_deg"":-7.2,""steady"":true}"
15.843,right_hand,og,acc,2367301,"{""seq"":767,""x_mg"":-336,""y_mg"":-656,""z_mg"":604}"
15.843,right_hand,og,tilt,,"{""roll_deg"":-38.5,""pitch_deg"":-7.2,""steady"":true}"
15.875,right_hand,og,acc,2367321,"{""seq"":768,""x_mg"":-368,""y_mg"":-724,""z_mg"":560}"
15.875,right_hand,og,tilt,,"{""roll_deg"":-38.5,""pitch_deg"":-7.2,""steady"":true}"
15.906,right_hand,og,acc,2367342,"{""seq"":769,""x_mg"":-356,""y_mg"":-784,""z_mg"":548}"
15.906,right_hand,og,tilt,,"{""roll_deg"":-39.6,""pitch_deg"":-7.3,""steady"":true}"
15.906,right_hand,og,acc,2367362,"{""seq"":770,""x_mg"":-352,""y_mg"":-800,""z_mg"":556}"
15.906,right_hand,og,tilt,,"{""roll_deg"":-41.7,""pitch_deg"":-7.5,""steady"":true}"
15.937,right_hand,og,acc,2367383,"{""seq"":771,""x_mg"":-348,""y_mg"":-792,""z_mg"":544}"
15.937,right_hand,og,tilt,,"{""roll_deg"":-43.6,""pitch_deg"":-7.6,""steady"":true}"
15.937,right_hand,og,acc,2367404,"{""seq"":772,""x_mg"":-340,""y_mg"":-836,""z_mg"":560}"
15.937,right_hand,og,tilt,,"{""roll_deg"":-45.1,""pitch_deg"":-7.7,""steady"":true}"
15.968,right_hand,og,acc,2367424,"{""seq"":773,""x_mg"":-336,""y_mg"":-864,""z_mg"":552}"
15.968,right_hand,og,tilt,,"{""roll_deg"":-46.4,""pitch_deg"":-7.7,""steady"":true}"
16.000,right_hand,og,acc,2367445,"{""seq"":774,""x_mg"":-340,""y_mg"":-868,""z_mg"":584}"
16.000,right_hand,og,tilt,,"{""roll_deg"":-47.5,""pitch_deg"":-7.7,""steady"":true}"
16.000,right_hand,og,acc,2367465,"{""seq"":775,""x_mg"":-348,""y_mg"":-816,""z_mg"":564}"
16.000,right_hand,og,tilt,,"{""roll_deg"":-48.1,""pitch_deg"":-7.7,""steady"":true}"
16.031,right_hand,og,acc,2367486,"{""seq"":776,""x_mg"":-344,""y_mg"":-780,""z_mg"":552}"
16.031,right_hand,og,tilt,,"{""roll_deg"":-48.2,""pitch_deg"":-7.7,""steady"":true}"
16.062,right_hand,og,acc,2367506,"{""seq"":777,""x_mg"":-336,""y_mg"":-732,""z_mg"":552}"
16.062,right_hand,og,tilt,,"{""roll_deg"":-48.2,""pitch_deg"":-7.7,""steady"":true}"
16.062,right_hand,og,acc,2367527,"{""seq"":778,""x_mg"":-364,""y_mg"":-728,""z_mg"":540}"
16.062,right_hand,og,tilt,,"{""roll_deg"":-48.2,""pitch_deg"":-7.7,""steady"":true}"
16.093,right_hand,og,acc,2367547,"{""seq"":779,""x_mg"":-356,""y_mg"":-744,""z_mg"":540}"
16.093,right_hand,og,tilt,,"{""roll_deg"":-48.1,""pitch_deg"":-7.9,""steady"":true}"
16.125,right_hand,og,acc,2367568,"{""seq"":780,""x_mg"":-356,""y_mg"":-756,""z_mg"":576}"
16.125,right_hand,og,tilt,,"{""roll_deg"":-47.8,""pitch_deg"":-8.2,""steady"":true}"
16.125,right_hand,og,acc,2367589,"{""seq"":781,""x_mg"":-352,""y_mg"":-728,""z_mg"":616}"
16.125,right_hand,og,tilt,,"{""roll_deg"":-47.6,""pitch_deg"":-8.3,""steady"":true}"
16.156,right_hand,og,acc,2367609,"{""seq"":782,""x_mg"":-328,""y_mg"":-752,""z_mg"":576}"
16.156,right_hand,og,tilt,,"{""roll_deg"":-47.5,""pitch_deg"":-8.4,""steady"":true}"
16.156,right_hand,og,acc,2367630,"{""seq"":783,""x_mg"":-328,""y_mg"":-728,""z_mg"":552}"
16.156,right_hand,og,tilt,,"{""roll_deg"":-47.4,""pitch_deg"":-8.4,""steady"":true}"
16.187,right_hand,og,acc,2367650,"{""seq"":784,""x_mg"":-352,""y_mg"":-760,""z_mg"":504}"
16.187,right_hand,og,tremor,,"{""rms_mg"":20.9,""peak_hz"":5.1}"
16.187,right_hand,og,tilt,,"{""roll_deg"":-47.4,""pitch_deg"":-8.4,""steady"":true}"
16.218,right_hand,og,acc,2367671,"{""seq"":785,""x_mg"":-364,""y_mg"":-784,""z_mg"":500}"
16.218,right_hand,og,tilt,,"{""roll_deg"":-47.4,""pitch_deg"":-8.6,""steady"":true}"
16.218,right_hand,og,acc,2367691,"{""seq"":786,""x_mg"":-348,""y_mg"":-784,""z_mg"":516}"
16.218,right_hand,og,tilt,,"{""roll_deg"":-47.4,""pitch_deg"":-8.7,""steady"":true}"
16.250,right_hand,og,acc,2367712,"{""seq"":787,""x_mg"":-368,""y_mg"":-784,""z_mg"":516}"
16.250,right_hand,og,tilt,,"{""roll_deg"":-47.4,""pitch_deg"":-8.9,""steady"":true}"
16.281,right_hand,og,acc,2367733,"{""seq"":788,""x_mg"":-368,""y_mg"":-776,""z_mg"":512}"
16.281,right_hand,og,tilt,,"{""roll_deg"":-47.6,""pitch_deg"":-9.0,""steady"":true}"
16.281,right_hand,og,acc,2367753,"{""seq"":789,""x_mg"":-360,""y_mg"":-764,""z_mg"":528}"
16.281,right_hand,og,tilt,,"{""roll_deg"":-47.7,""pitch_deg"":-9.2,""steady"":true}"
16.312,right_hand,og,acc,2367774,"{""seq"":790,""x_mg"":-348,""y_mg"":-732,""z_mg"":520}"
16.312,right_hand,og,tilt,,"{""roll_deg"":-47.7,""pitch_deg"":-9.3,""steady"":true}"
16.359,right_hand,og,acc,2367794,"{""seq"":791,""x_mg"":-396,""y_mg"":-844,""z_mg"":540}"
16.359,right_hand,og,tilt,,"{""roll_deg"":-47.7,""pitch_deg"":-9.3,""steady"":true}"
16.359,right_hand,og,acc,2367815,"{""seq"":792,""x_mg"":-384,""y_mg"":-904,""z_mg"":528}"
16.359,right_hand,og,tilt,,"{""roll_deg"":-47.9,""pitch_deg"":-9.4,""steady"":true}"
16.390,right_hand,og,acc,2367835,"{""seq"":793,""x_mg"":-348,""y_mg"":-852,""z_mg"":532}"
16.390,right_hand,og,tilt,,"{""roll_deg"":-48.3,""pitch_deg"":-9.4,""steady"":true}"
16.421,right_hand,og,acc,2367856,"{""seq"":794,""x_mg"":-352,""y_mg"":-784,""z_mg"":528}"
16.421,right_hand,og,tilt,,"{""roll_deg"":-48.8,""pitch_deg"":-9.4,""steady"":true}"
16.421,right_hand,og,acc,2367877,"{""seq"":795,""x_mg"":-336,""y_mg"":-780,""z_mg"":528}"
16.421,right_hand,og,tilt,,"{""roll_deg"":-48.8,""pitch_deg"":-9.4,""steady"":true}"
16.437,right_hand,og,acc,2367897,"{""seq"":796,""x_mg"":-332,""y_mg"":-800,""z_mg"":524}"
16.437,right_hand,og,tilt,,"{""roll_deg"":-48.8,""pitch_deg"":-9.4,""steady"":true}"
16.468,right_hand,og,acc,2367918,"{""seq"":797,""x_mg"":-336,""y_mg"":-816,""z_mg"":520}"
16.468,right_hand,og,tilt,,"{""roll_deg"":-48.9,""pitch_deg"":-9.4,""steady"":true}"
16.500,right_hand,og,acc,2367938,"{""seq"":798,""x_mg"":-332,""y_mg"":-828,""z_mg"":528}"
16.500,right_hand,og,tilt,,"{""roll_deg"":-49.1,""pitch_deg"":-9.4,""steady"":true}"
16.500,right_hand,og,acc,2367959,"{""seq"":799,""x_mg"":-320,""y_mg"":-828,""z_mg"":544}"
16.500,right_hand,og,tilt,,"{""roll_deg"":-49.3,""pitch_deg"":-9.4,""steady"":true}"
16.531,right_hand,og,acc,2367979,"{""seq"":800,""x_mg"":-332,""y_mg"":-820,""z_mg"":536}"
16.531,right_hand,og,tilt,,"{""roll_deg"":-49.5,""pitch_deg"":-9.4,""steady"":true}"
16.562,right_hand,og,acc,2368000,"{""seq"":801,""x_mg"":-344,""y_mg"":-800,""z_mg"":528}"
16.562,right_hand,og,tilt,,"{""roll_deg"":-49.5,""pitch_deg"":-9.3,""steady"":true}"
16.562,right_hand,og,acc,2368021,"{""seq"":802,""x_mg"":-344,""y_mg"":-800,""z_mg"":520}"
16.562,right_hand,og,tilt,,"{""roll_deg"":-49.5,""pitch_deg"":-9.2,""steady"":true}"
16.593,right_hand,og,acc,2368041,"{""seq"":803,""x_mg"":-328,""y_mg"":-796,""z_mg"":532}"
16.593,right_hand,og,tilt,,"{""roll_deg"":-49.5,""pitch_deg"":-9.2,""steady"":true}"
16.625,right_hand,og,acc,2368062,"{""seq"":804,""x_mg"":-320,""y_mg"":-836,""z_mg"":544}"
16.625,right_hand,og,tilt,,"{""roll_deg"":-49.5,""pitch_deg"":-9.1,""steady"":true}"
16.625,right_hand,og,acc,2368082,"{""seq"":805,""x_mg"":-320,""y_mg"":-820,""z_mg"":528}"
16.625,right_hand,og,tilt,,"{""roll_deg"":-49.6,""pitch_deg"":-8.9,""steady"":true}"
16.656,right_hand,og,acc,2368103,"{""seq"":806,""x_mg"":-356,""y_mg"":-808,""z_mg"":500}"
16.656,right_hand,og,tilt,,"{""roll_deg"":-49.8,""pitch_deg"":-8.8,""steady"":true}"
16.671,right_hand,og,acc,2368123,"{""seq"":807,""x_mg"":-328,""y_mg"":-796,""z_mg"":536}"
16.671,right_hand,og,tilt,,"{""roll_deg"":-49.8,""pitch_deg"":-8.7,""steady"":true}"
16.703,right_hand,og,acc,2368144,"{""seq"":808,""x_mg"":-348,""y_mg"":-796,""z_mg"":504}"
16.703,right_hand,og,tilt,,"{""roll_deg"":-49.8,""pitch_deg"":-8.7,""steady"":true}"
16.703,right_hand,og,acc,2368165,"{""seq"":809,""x_mg"":-336,""y_mg"":-800,""z_mg"":540}"
16.703,right_hand,og,tilt,,"{""roll_deg"":-49.8,""pitch_deg"":-8.7,""steady"":true}"
16.734,,game,miss,,"{""n"":7,""speed"":0.22}"
16.734,right_hand,og,acc,2368185,"{""seq"":810,""x_mg"":-336,""y_mg"":-780,""z_mg"":512}"
16.734,right_hand,og,tilt,,"{""roll_deg"":-49.8,""pitch_deg"":-8.7,""steady"":true}"
16.765,right_hand,og,acc,2368206,"{""seq"":811,""x_mg"":-328,""y_mg"":-764,""z_mg"":516}"
16.765,right_hand,og,tilt,,"{""roll_deg"":-49.8,""pitch_deg"":-8.7,""steady"":true}"
16.765,right_hand,og,acc,2368226,"{""seq"":812,""x_mg"":-332,""y_mg"":-816,""z_mg"":512}"
16.765,right_hand,og,tilt,,"{""roll_deg"":-49.8,""pitch_deg"":-8.7,""steady"":true}"
16.796,right_hand,og,acc,2368247,"{""seq"":813,""x_mg"":-332,""y_mg"":-868,""z_mg"":492}"
16.796,right_hand,og,tilt,,"{""roll_deg"":-49.8,""pitch_deg"":-8.7,""steady"":true}"
16.796,right_hand,og,acc,2368267,"{""seq"":814,""x_mg"":-356,""y_mg"":-844,""z_mg"":488}"
16.796,right_hand,og,tilt,,"{""roll_deg"":-50.0,""pitch_deg"":-8.7,""steady"":true}"
16.828,right_hand,og,acc,2368288,"{""seq"":815,""x_mg"":-308,""y_mg"":-892,""z_mg"":604}"
16.828,right_hand,og,tilt,,"{""roll_deg"":-50.2,""pitch_deg"":-8.7,""steady"":true}"
16.843,right_hand,og,acc,2368308,"{""seq"":816,""x_mg"":-284,""y_mg"":-860,""z_mg"":544}"
16.843,right_hand,og,tilt,,"{""roll_deg"":-50.5,""pitch_deg"":-8.3,""steady"":true}"
16.843,right_hand,og,acc,2368329,"{""seq"":817,""x_mg"":-304,""y_mg"":-784,""z_mg"":500}"
16.843,right_hand,og,tilt,,"{""roll_deg"":-50.5,""pitch_deg"":-7.8,""steady"":true}"
16.875,right_hand,og,acc,2368350,"{""seq"":818,""x_mg"":-348,""y_mg"":-736,""z_mg"":492}"
16.875,right_hand,og,tilt,,"{""roll_deg"":-50.5,""pitch_deg"":-7.8,""steady"":true}"
16.906,right_hand,og,acc,2368370,"{""seq"":819,""x_mg"":-348,""y_mg"":-760,""z_mg"":496}"
16.906,right_hand,og,tilt,,"{""roll_deg"":-50.5,""pitch_deg"":-7.8,""steady"":true}"
16.937,right_hand,og,acc,2368391,"{""seq"":820,""x_mg"":-344,""y_mg"":-772,""z_mg"":516}"
16.937,right_hand,og,tilt,,"{""roll_deg"":-50.5,""pitch_deg"":-7.8,""steady"":true}"
16.937,right_hand,og,acc,2368411,"{""seq"":821,""x_mg"":-344,""y_mg"":-800,""z_mg"":528}"
16.937,right_hand,og,tilt,,"{""roll_deg"":-50.5,""pitch_deg"":-7.8,""steady"":true}"
16.968,right_hand,og,acc,2368432,"{""seq"":822,""x_mg"":-352,""y_mg"":-784,""z_mg"":532}"
16.968,right_hand,og,tilt,,"{""roll_deg"":-50.5,""pitch_deg"":-7.8,""steady"":true}"
17.015,right_hand,og,acc,2368452,"{""seq"":823,""x_mg"":-352,""y_mg"":-760,""z_mg"":552}"
17.015,right_hand,og,tilt,,"{""roll_deg"":-50.5,""pitch_deg"":-7.8,""steady"":true}"
17.015,right_hand,og,acc,2368473,"{""seq"":824,""x_mg"":-352,""y_mg"":-748,""z_mg"":556}"
17.015,right_hand,og,tilt,,"{""roll_deg"":-50.3,""pitch_deg"":-7.9,""steady"":true}"
17.046,right_hand,og,acc,2368494,"{""seq"":825,""x_mg"":-340,""y_mg"":-784,""z_mg"":540}"
17.046,right_hand,og,tilt,,"{""roll_deg"":-49.9,""pitch_deg"":-8.1,""steady"":true}"
17.062,right_hand,og,acc,2368514,"{""seq"":826,""x_mg"":-324,""y_mg"":-832,""z_mg"":540}"
17.062,right_hand,og,tilt,,"{""roll_deg"":-49.8,""pitch_deg"":-8.1,""steady"":true}"
17.093,right_hand,og,acc,2368535,"{""seq"":827,""x_mg"":-328,""y_mg"":-844,""z_mg"":520}"
17.093,right_hand,og,tilt,,"{""roll_deg"":-49.8,""pitch_deg"":-8.1,""steady"":true}"
17.093,right_hand,og,acc,2368555,"{""seq"":828,""x_mg"":-368,""y_mg"":-788,""z_mg"":528}"
17.093,right_hand,og,tilt,,"{""roll_deg"":-49.8,""pitch_deg"":-8.1,""steady"":true}"
17.125,right_hand,og,acc,2368576,"{""seq"":829,""x_mg"":-364,""y_mg"":-804,""z_mg"":496}"
17.125,right_hand,og,tilt,,"{""roll_deg"":-49.8,""pitch_deg"":-8.1,""steady"":true}"
17.156,right_hand,og,acc,2368596,"{""seq"":830,""x_mg"":-332,""y_mg"":-868,""z_mg"":488}"
17.156,right_hand,og,tilt,,"{""roll_deg"":-49.8,""pitch_deg"":-8.3,""steady"":true}"
17.156,right_hand,og,acc,2368617,"{""seq"":831,""x_mg"":-304,""y_mg"":-880,""z_mg"":484}"
17.156,right_hand,og,tilt,,"{""roll_deg"":-49.8,""pitch_deg"":-8.3,""steady"":true}"
17.187,right_hand,og,acc,2368638,"{""seq"":832,""x_mg"":-376,""y_mg"":-788,""z_mg"":496}"
17.187,right_hand,og,tilt,,"{""roll_deg"":-50.2,""pitch_deg"":-8.3,""steady"":true}"
17.218,right_hand,og,acc,2368658,"{""seq"":833,""x_mg"":-296,""y_mg"":-972,""z_mg"":524}"
17.218,right_hand,og,tilt,,"{""roll_deg"":-50.9,""pitch_deg"":-8.3,""steady"":true}"
17.218,right_hand,og,acc,2368679,"{""seq"":834,""x_mg"":-280,""y_mg"":-936,""z_mg"":508}"
17.218,right_hand,og,tilt,,"{""roll_deg"":-51.9,""pitch_deg"":-8.1,""steady"":true}"
17.250,right_hand,og,acc,2368699,"{""seq"":835,""x_mg"":-312,""y_mg"":-816,""z_mg"":520}"
17.250,right_hand,og,tilt,,"{""roll_deg"":-52.8,""pitch_deg"":-7.5,""steady"":true}"
17.265,right_hand,og,acc,2368720,"{""seq"":836,""x_mg"":-332,""y_mg"":-748,""z_mg"":524}"
17.265,right_hand,og,tilt,,"{""roll_deg"":-52.8,""pitch_deg"":-7.5,""steady"":true}"
17.265,right_hand,og,acc,2368740,"{""seq"":837,""x_mg"":-352,""y_mg"":-696,""z_mg"":556}"
17.265,right_hand,og,tilt,,"{""roll_deg"":-52.6,""pitch_deg"":-7.5,""steady"":true}"
17.296,right_hand,og,acc,2368761,"{""seq"":838,""x_mg"":-384,""y_mg"":-660,""z_mg"":568}"
17.296,right_hand,og,tilt,,"{""roll_deg"":-51.9,""pitch_deg"":-7.5,""steady"":true}"
17.328,right_hand,og,acc,2368782,"{""seq"":839,""x_mg"":-384,""y_mg"":-720,""z_mg"":568}"
17.328,right_hand,og,tilt,,"{""roll_deg"":-50.7,""pitch_deg"":-7.6,""steady"":true}"
17.359,right_hand,og,acc,2368802,"{""seq"":840,""x_mg"":-372,""y_mg"":-760,""z_mg"":552}"
17.359,right_hand,og,tilt,,"{""roll_deg"":-49.5,""pitch_deg"":-8.1,""steady"":true}"
17.359,right_hand,og,acc,2368823,"{""seq"":841,""x_mg"":-376,""y_mg"":-752,""z_mg"":552}"
17.359,right_hand,og,tilt,,"{""roll_deg"":-48.8,""pitch_deg"":-8.5,""steady"":true}"
17.390,right_hand,og,acc,2368843,"{""seq"":842,""x_mg"":-360,""y_mg"":-748,""z_mg"":556}"
17.390,right_hand,og,tilt,,"{""roll_deg"":-48.4,""pitch_deg"":-8.8,""steady"":true}"
17.390,right_hand,og,acc,2368864,"{""seq"":843,""x_mg"":-360,""y_mg"":-748,""z_mg"":576}"
17.390,right_hand,og,tilt,,"{""roll_deg"":-48.0,""pitch_deg"":-8.9,""steady"":true}"
17.421,right_hand,og,acc,2368884,"{""seq"":844,""x_mg"":-348,""y_mg"":-728,""z_mg"":588}"
17.421,right_hand,og,tilt,,"{""roll_deg"":-47.6,""pitch_deg"":-9.0,""steady"":true}"
17.453,right_hand,og,acc,2368905,"{""seq"":845,""x_mg"":-360,""y_mg"":-720,""z_mg"":620}"
17.453,right_hand,og,tilt,,"{""roll_deg"":-47.0,""pitch_deg"":-9.1,""steady"":true}"
17.453,right_hand,og,acc,2368926,"{""seq"":846,""x_mg"":-352,""y_mg"":-680,""z_mg"":620}"
17.453,right_hand,og,tilt,,"{""roll_deg"":-46.1,""pitch_deg"":-9.1,""steady"":true}"
17.484,right_hand,og,acc,2368946,"{""seq"":847,""x_mg"":-352,""y_mg"":-676,""z_mg"":644}"
17.484,right_hand,og,tilt,,"{""roll_deg"":-45.0,""pitch_deg"":-9.1,""steady"":true}"
17.515,right_hand,og,acc,2368967,"{""seq"":848,""x_mg"":-360,""y_mg"":-684,""z_mg"":664}"
17.515,right_hand,og,tilt,,"{""roll_deg"":-43.9,""pitch_deg"":-9.2,""steady"":true}"
17.515,right_hand,og,acc,2368987,"{""seq"":849,""x_mg"":-332,""y_mg"":-688,""z_mg"":704}"
17.515,right_hand,og,tilt,,"{""roll_deg"":-43.0,""pitch_deg"":-9.2,""steady"":true}"
17.546,right_hand,og,acc,2369008,"{""seq"":850,""x_mg"":-332,""y_mg"":-664,""z_mg"":720}"
17.546,right_hand,og,tilt,,"{""roll_deg"":-42.0,""pitch_deg"":-9.2,""steady"":true}"
17.578,right_hand,og,acc,2369028,"{""seq"":851,""x_mg"":-324,""y_mg"":-748,""z_mg"":708}"
17.578,right_hand,og,tilt,,"{""roll_deg"":-41.4,""pitch_deg"":-9.2,""steady"":true}"
17.578,right_hand,og,acc,2369049,"{""seq"":852,""x_mg"":-308,""y_mg"":-800,""z_mg"":692}"
17.578,right_hand,og,tilt,,"{""roll_deg"":-41.4,""pitch_deg"":-9.2,""steady"":true}"
17.609,right_hand,og,acc,2369069,"{""seq"":853,""x_mg"":-352,""y_mg"":-720,""z_mg"":604}"
17.609,right_hand,og,tilt,,"{""roll_deg"":-41.4,""pitch_deg"":-9.2,""steady"":true}"
17.640,right_hand,og,acc,2369090,"{""seq"":854,""x_mg"":-352,""y_mg"":-648,""z_mg"":636}"
17.640,right_hand,og,tilt,,"{""roll_deg"":-41.7,""pitch_deg"":-9.2,""steady"":true}"
17.640,right_hand,og,acc,2369111,"{""seq"":855,""x_mg"":-336,""y_mg"":-608,""z_mg"":660}"
17.640,right_hand,og,tilt,,"{""roll_deg"":-41.7,""pitch_deg"":-9.2,""steady"":true}"
17.671,right_hand,og,acc,2369131,"{""seq"":856,""x_mg"":-324,""y_mg"":-652,""z_mg"":656}"
17.671,right_hand,og,tilt,,"{""roll_deg"":-41.6,""pitch_deg"":-9.2,""steady"":true}"
17.703,right_hand,og,acc,2369152,"{""seq"":857,""x_mg"":-312,""y_mg"":-688,""z_mg"":708}"
17.703,right_hand,og,tilt,,"{""roll_deg"":-41.3,""pitch_deg"":-9.2,""steady"":true}"
17.703,right_hand,og,acc,2369172,"{""seq"":858,""x_mg"":-308,""y_mg"":-680,""z_mg"":716}"
17.703,right_hand,og,tilt,,"{""roll_deg"":-41.0,""pitch_deg"":-9.0,""steady"":true}"
17.734,right_hand,og,acc,2369193,"{""seq"":859,""x_mg"":-328,""y_mg"":-680,""z_mg"":704}"
17.734,right_hand,og,tilt,,"{""roll_deg"":-40.7,""pitch_deg"":-8.8,""steady"":true}"
17.765,right_hand,og,acc,2369213,"{""seq"":860,""x_mg"":-360,""y_mg"":-672,""z_mg"":672}"
17.765,right_hand,og,tilt,,"{""roll_deg"":-40.5,""pitch_deg"":-8.7,""steady"":true}"
17.765,right_hand,og,acc,2369234,"{""seq"":861,""x_mg"":-376,""y_mg"":-668,""z_mg"":672}"
17.765,right_hand,og,tilt,,"{""roll_deg"":-40.3,""pitch_deg"":-8.7,""steady"":true}"
17.812,right_hand,og,acc,2369255,"{""seq"":862,""x_mg"":-360,""y_mg"":-648,""z_mg"":656}"
17.812,right_hand,og,tilt,,"{""roll_deg"":-40.1,""pitch_deg"":-8.7,""steady"":true}"
17.843,right_hand,og,acc,2369275,"{""seq"":863,""x_mg"":-340,""y_mg"":-664,""z_mg"":688}"
17.843,right_hand,og,tilt,,"{""roll_deg"":-39.9,""pitch_deg"":-8.7,""steady"":true}"
17.843,right_hand,og,acc,2369296,"{""seq"":864,""x_mg"":-324,""y_mg"":-692,""z_mg"":668}"
17.843,right_hand,og,tilt,,"{""roll_deg"":-39.8,""pitch_deg"":-8.7,""steady"":true}"
17.875,right_hand,og,acc,2369316,"{""seq"":865,""x_mg"":-308,""y_mg"":-716,""z_mg"":688}"
17.875,right_hand,og,tilt,,"{""roll_deg"":-39.8,""pitch_deg"":-8.7,""steady"":true}"
17.875,right_hand,og,acc,2369337,"{""seq"":866,""x_mg"":-300,""y_mg"":-692,""z_mg"":712}"
17.875,right_hand,og,tilt,,"{""roll_deg"":-39.8,""pitch_deg"":-8.7,""steady"":true}"
17.890,right_hand,og,acc,2369357,"{""seq"":867,""x_mg"":-304,""y_mg"":-672,""z_mg"":708}"
17.890,right_hand,og,tilt,,"{""roll_deg"":-39.8,""pitch_deg"":-8.5,""steady"":true}"
17.937,right_hand,og,acc,2369378,"{""seq"":868,""x_mg"":-308,""y_mg"":-668,""z_mg"":720}"
17.937,right_hand,og,tilt,,"{""roll_deg"":-39.8,""pitch_deg"":-8.3,""steady"":true}"
17.937,right_hand,og,acc,2369399,"{""seq"":869,""x_mg"":-336,""y_mg"":-688,""z_mg"":724}"
17.937,right_hand,og,tilt,,"{""roll_deg"":-39.8,""pitch_deg"":-8.1,""steady"":true}"
17.968,right_hand,og,acc,2369419,"{""seq"":870,""x_mg"":-320,""y_mg"":-708,""z_mg"":720}"
17.968,right_hand,og,tilt,,"{""roll_deg"":-39.8,""pitch_deg"":-7.9,""steady"":true}"
18.000,right_hand,og,acc,2369440,"{""seq"":871,""x_mg"":-312,""y_mg"":-680,""z_mg"":732}"
18.000,right_hand,og,tilt,,"{""roll_deg"":-39.7,""pitch_deg"":-7.8,""steady"":true}"
18.000,right_hand,og,acc,2369460,"{""seq"":872,""x_mg"":-320,""y_mg"":-652,""z_mg"":716}"
18.000,right_hand,og,tilt,,"{""roll_deg"":-39.6,""pitch_deg"":-7.7,""steady"":true}"
18.031,right_hand,og,acc,2369481,"{""seq"":873,""x_mg"":-324,""y_mg"":-760,""z_mg"":652}"
18.031,right_hand,og,tilt,,"{""roll_deg"":-39.5,""pitch_deg"":-7.6,""steady"":true}"
18.062,right_hand,og,acc,2369501,"{""seq"":874,""x_mg"":-320,""y_mg"":-540,""z_mg"":724}"
18.062,right_hand,og,tilt,,"{""roll_deg"":-39.3,""pitch_deg"":-7.6,""steady"":true}"
18.062,right_hand,og,acc,2369522,"{""seq"":875,""x_mg"":-332,""y_mg"":-704,""z_mg"":808}"
18.062,right_hand,og,tilt,,"{""roll_deg"":-39.0,""pitch_deg"":-7.6,""steady"":true}"
18.093,right_hand,og,acc,2369543,"{""seq"":876,""x_mg"":-312,""y_mg"":-680,""z_mg"":716}"
18.093,right_hand,og,tilt,,"{""roll_deg"":-38.7,""pitch_deg"":-7.5,""steady"":true}"
18.125,right_hand,og,acc,2369563,"{""seq"":877,""x_mg"":-260,""y_mg"":-756,""z_mg"":724}"
18.125,right_hand,og,tilt,,"{""roll_deg"":-38.7,""pitch_deg"":-7.4,""steady"":true}"
18.125,right_hand,og,acc,2369584,"{""seq"":878,""x_mg"":-304,""y_mg"":-596,""z_mg"":676}"
18.125,right_hand,og,tilt,,"{""roll_deg"":-38.7,""pitch_deg"":-7.4,""steady"":true}"
18.156,right_hand,og,acc,2369604,"{""seq"":879,""x_mg"":-324,""y_mg"":-556,""z_mg"":660}"
18.156,right_hand,og,tilt,,"{""roll_deg"":-38.6,""pitch_deg"":-7.4,""steady"":true}"
18.156,right_hand,og,acc,2369625,"{""seq"":880,""x_mg"":-328,""y_mg"":-580,""z_mg"":648}"
18.156,right_hand,og,tilt,,"{""roll_deg"":-38.3,""pitch_deg"":-7.4,""steady"":true}"
18.187,right_hand,og,acc,2369645,"{""seq"":881,""x_mg"":-328,""y_mg"":-660,""z_mg"":756}"
18.187,right_hand,og,tilt,,"{""roll_deg"":-38.1,""pitch_deg"":-7.4,""steady"":true}"
18.218,right_hand,og,acc,2369666,"{""seq"":882,""x_mg"":-336,""y_mg"":-652,""z_mg"":704}"
18.218,right_hand,og,tremor,,"{""rms_mg"":50.2,""peak_hz"":4.2}"
18.218,right_hand,og,tilt,,"{""roll_deg"":-37.9,""pitch_deg"":-7.4,""steady"":true}"
18.218,right_hand,og,acc,2369687,"{""seq"":883,""x_mg"":-332,""y_mg"":-620,""z_mg"":676}"
18.218,right_hand,og,tilt,,"{""roll_deg"":-37.9,""pitch_deg"":-7.4,""steady"":true}"
18.250,right_hand,og,acc,2369707,"{""seq"":884,""x_mg"":-340,""y_mg"":-628,""z_mg"":684}"
18.250,right_hand,og,tilt,,"{""roll_deg"":-37.9,""pitch_deg"":-7.4,""steady"":true}"
18.281,right_hand,og,acc,2369728,"{""seq"":885,""x_mg"":-340,""y_mg"":-604,""z_mg"":680}"
18.281,right_hand,og,tilt,,"{""roll_deg"":-37.9,""pitch_deg"":-7.5,""steady"":true}"
18.281,right_hand,og,acc,2369748,"{""seq"":886,""x_mg"":-368,""y_mg"":-648,""z_mg"":652}"
18.281,right_hand,og,tilt,,"{""roll_deg"":-37.9,""pitch_deg"":-7.7,""steady"":true}"
18.296,right_hand,og,acc,2369769,"{""seq"":887,""x_mg"":-372,""y_mg"":-704,""z_mg"":656}"
18.296,right_hand,og,tilt,,"{""roll_deg"":-37.9,""pitch_deg"":-8.0,""steady"":true}"
18.328,right_hand,og,acc,2369789,"{""seq"":888,""x_mg"":-356,""y_mg"":-724,""z_mg"":676}"
18.328,right_hand,og,tilt,,"{""roll_deg"":-37.9,""pitch_deg"":-8.2,""steady"":true}"
18.359,right_hand,og,acc,2369810,"{""seq"":889,""x_mg"":-352,""y_mg"":-664,""z_mg"":672}"
18.359,right_hand,og,tilt,,"{""roll_deg"":-37.9,""pitch_deg"":-8.4,""steady"":true}"
18.359,right_hand,og,acc,2369831,"{""seq"":890,""x_mg"":-332,""y_mg"":-640,""z_mg"":660}"
18.359,right_hand,og,tilt,,"{""roll_deg"":-37.9,""pitch_deg"":-8.4,""steady"":true}"
18.390,right_hand,og,acc,2369851,"{""seq"":891,""x_mg"":-340,""y_mg"":-696,""z_mg"":648}"
18.390,right_hand,og,tilt,,"{""roll_deg"":-37.9,""pitch_deg"":-8.4,""steady"":true}"
18.421,right_hand,og,acc,2369872,"{""seq"":892,""x_mg"":-332,""y_mg"":-680,""z_mg"":628}"
18.421,right_hand,og,tilt,,"{""roll_deg"":-38.4,""pitch_deg"":-8.4,""steady"":true}"
18.421,right_hand,og,acc,2369892,"{""seq"":893,""x_mg"":-356,""y_mg"":-696,""z_mg"":636}"
18.421,right_hand,og,tilt,,"{""roll_deg"":-38.8,""pitch_deg"":-8.4,""steady"":true}"
18.453,right_hand,og,acc,2369913,"{""seq"":894,""x_mg"":-368,""y_mg"":-652,""z_mg"":628}"
18.453,right_hand,og,tilt,,"{""roll_deg"":-39.2,""pitch_deg"":-8.5,""steady"":true}"
18.484,right_hand,og,acc,2369933,"{""seq"":895,""x_mg"":-384,""y_mg"":-636,""z_mg"":648}"
18.484,right_hand,og,tilt,,"{""roll_deg"":-39.3,""pitch_deg"":-8.8,""steady"":true}"
18.484,right_hand,og,acc,2369954,"{""seq"":896,""x_mg"":-372,""y_mg"":-632,""z_mg"":780}"
18.484,right_hand,og,tilt,,"{""roll_deg"":-39.3,""pitch_deg"":-9.1,""steady"":true}"
18.515,right_hand,og,acc,2369975,"{""seq"":897,""x_mg"":-340,""y_mg"":-592,""z_mg"":768}"
18.515,right_hand,og,tilt,,"{""roll_deg"":-39.3,""pitch_deg"":-9.1,""steady"":true}"
18.546,right_hand,og,acc,2369995,"{""seq"":898,""x_mg"":-308,""y_mg"":-640,""z_mg"":732}"
18.546,right_hand,og,tilt,,"{""roll_deg"":-38.9,""pitch_deg"":-9.1,""steady"":true}"
18.578,right_hand,og,acc,2370016,"{""seq"":899,""x_mg"":-352,""y_mg"":-656,""z_mg"":744}"
18.578,right_hand,og,tilt,,"{""roll_deg"":-38.6,""pitch_deg"":-9.1,""steady"":true}"
18.578,right_hand,og,acc,2370036,"{""seq"":900,""x_mg"":-344,""y_mg"":-700,""z_mg"":692}"
18.578,right_hand,og,tilt,,"{""roll_deg"":-38.4,""pitch_deg"":-9.1,""steady"":true}"
18.609,right_hand,og,acc,2370057,"{""seq"":901,""x_mg"":-344,""y_mg"":-740,""z_mg"":656}"
18.609,right_hand,og,tilt,,"{""roll_deg"":-38.4,""pitch_deg"":-9.1,""steady"":true}"
18.640,right_hand,og,acc,2370077,"{""seq"":902,""x_mg"":-340,""y_mg"":-728,""z_mg"":664}"
18.640,right_hand,og,tilt,,"{""roll_deg"":-38.4,""pitch_deg"":-9.1,""steady"":true}"
18.640,right_hand,og,acc,2370098,"{""seq"":903,""x_mg"":-300,""y_mg"":-680,""z_mg"":672}"
18.640,right_hand,og,tilt,,"{""roll_deg"":-38.5,""pitch_deg"":-9.1,""steady"":true}"
18.671,right_hand,og,acc,2370118,"{""seq"":904,""x_mg"":-344,""y_mg"":-664,""z_mg"":636}"
18.671,right_hand,og,tilt,,"{""roll_deg"":-38.7,""pitch_deg"":-9.1,""steady"":true}"
18.703,right_hand,og,acc,2370139,"{""seq"":905,""x_mg"":-348,""y_mg"":-656,""z_mg"":624}"
18.703,right_hand,og,tilt,,"{""roll_deg"":-38.9,""pitch_deg"":-9.1,""steady"":true}"
18.703,right_hand,og,acc,2370160,"{""seq"":906,""x_mg"":-340,""y_mg"":-688,""z_mg"":652}"
18.703,right_hand,og,tilt,,"{""roll_deg"":-39.1,""pitch_deg"":-9.1,""steady"":true}"
18.718,right_hand,og,acc,2370180,"{""seq"":907,""x_mg"":-324,""y_mg"":-708,""z_mg"":672}"
18.718,right_hand,og,tilt,,"{""roll_deg"":-39.3,""pitch_deg"":-9.1,""steady"":true}"
18.750,right_hand,og,acc,2370201,"{""seq"":908,""x_mg"":-356,""y_mg"":-676,""z_mg"":668}"
18.750,right_hand,og,tilt,,"{""roll_deg"":-39.5,""pitch_deg"":-9.1,""steady"":true}"
18.781,right_hand,og,acc,2370221,"{""seq"":909,""x_mg"":-352,""y_mg"":-656,""z_mg"":660}"
18.781,right_hand,og,tilt,,"{""roll_deg"":-39.5,""pitch_deg"":-9.1,""steady"":true}"
18.781,right_hand,og,acc,2370242,"{""seq"":910,""x_mg"":-336,""y_mg"":-652,""z_mg"":656}"
18.781,right_hand,og,tilt,,"{""roll_deg"":-39.5,""pitch_deg"":-9.1,""steady"":true}"
18.812,right_hand,og,acc,2370262,"{""seq"":911,""x_mg"":-344,""y_mg"":-700,""z_mg"":684}"
18.812,right_hand,og,tilt,,"{""roll_deg"":-39.5,""pitch_deg"":-9.1,""steady"":true}"
18.843,right_hand,og,acc,2370283,"{""seq"":912,""x_mg"":-336,""y_mg"":-704,""z_mg"":688}"
18.843,right_hand,og,tilt,,"{""roll_deg"":-39.5,""pitch_deg"":-9.1,""steady"":true}"
18.843,right_hand,og,acc,2370304,"{""seq"":913,""x_mg"":-316,""y_mg"":-696,""z_mg"":672}"
18.843,right_hand,og,tilt,,"{""roll_deg"":-39.5,""pitch_deg"":-9.1,""steady"":true}"
18.875,right_hand,og,acc,2370324,"{""seq"":914,""x_mg"":-308,""y_mg"":-712,""z_mg"":668}"
18.875,right_hand,og,tilt,,"{""roll_deg"":-39.6,""pitch_deg"":-9.1,""steady"":true}"
18.906,right_hand,og,acc,2370345,"{""seq"":915,""x_mg"":-336,""y_mg"":-716,""z_mg"":660}"
18.906,right_hand,og,tilt,,"{""roll_deg"":-39.9,""pitch_deg"":-8.9,""steady"":true}"
18.906,right_hand,og,acc,2370365,"{""seq"":916,""x_mg"":-332,""y_mg"":-724,""z_mg"":644}"
18.906,right_hand,og,tilt,,"{""roll_deg"":-40.1,""pitch_deg"":-8.9,""steady"":true}"
18.937,right_hand,og,acc,2370386,"{""seq"":917,""x_mg"":-340,""y_mg"":-616,""z_mg"":652}"
18.937,right_hand,og,tilt,,"{""roll_deg"":-40.4,""pitch_deg"":-8.8,""steady"":true}"
18.953,right_hand,og,acc,2370406,"{""seq"":918,""x_mg"":-336,""y_mg"":-676,""z_mg"":624}"
18.953,right_hand,og,tilt,,"{""roll_deg"":-40.5,""pitch_deg"":-8.8,""steady"":true}"
18.984,right_hand,og,acc,2370427,"{""seq"":919,""x_mg"":-300,""y_mg"":-768,""z_mg"":612}"
18.984,right_hand,og,tilt,,"{""roll_deg"":-40.6,""pitch_deg"":-8.8,""steady"":true}"
18.984,right_hand,og,acc,2370448,"{""seq"":920,""x_mg"":-296,""y_mg"":-872,""z_mg"":628}"
18.984,right_hand,og,tilt,,"{""roll_deg"":-41.6,""pitch_deg"":-8.6,""steady"":true}"
19.015,right_hand,og,acc,2370468,"{""seq"":921,""x_mg"":-300,""y_mg"":-780,""z_mg"":600}"
19.015,right_hand,og,tilt,,"{""roll_deg"":-42.8,""pitch_deg"":-8.3,""steady"":true}"
19.046,right_hand,og,acc,2370489,"{""seq"":922,""x_mg"":-300,""y_mg"":-720,""z_mg"":616}"
19.046,right_hand,og,tilt,,"{""roll_deg"":-43.8,""pitch_deg"":-8.1,""steady"":true}"
19.046,right_hand,og,acc,2370509,"{""seq"":923,""x_mg"":-316,""y_mg"":-592,""z_mg"":660}"
19.046,right_hand,og,tilt,,"{""roll_deg"":-43.8,""pitch_deg"":-7.9,""steady"":true}"
19.062,,game,miss,,"{""n"":8,""speed"":0.2}"
19.078,right_hand,og,acc,2370530,"{""seq"":924,""x_mg"":-368,""y_mg"":-548,""z_mg"":680}"
19.078,right_hand,og,tilt,,"{""roll_deg"":-43.6,""pitch_deg"":-7.9,""steady"":true}"
19.078,right_hand,og,acc,2370550,"{""seq"":925,""x_mg"":-352,""y_mg"":-732,""z_mg"":668}"
19.078,right_hand,og,tilt,,"{""roll_deg"":-43.2,""pitch_deg"":-7.9,""steady"":true}"
19.109,right_hand,og,acc,2370571,"{""seq"":926,""x_mg"":-264,""y_mg"":-816,""z_mg"":652}"
19.109,right_hand,og,tilt,,"{""roll_deg"":-43.1,""pitch_deg"":-7.9,""steady"":true}"
19.125,right_hand,og,acc,2370591,"{""seq"":927,""x_mg"":-212,""y_mg"":-708,""z_mg"":616}"
19.125,right_hand,og,tilt,,"{""roll_deg"":-43.1,""pitch_deg"":-7.6,""steady"":true}"
19.156,right_hand,og,acc,2370612,"{""seq"":928,""x_mg"":-400,""y_mg"":-772,""z_mg"":524}"
19.156,right_hand,og,tilt,,"{""roll_deg"":-43.1,""pitch_deg"":-6.9,""steady"":true}"
19.156,right_hand,og,acc,2370633,"{""seq"":929,""x_mg"":-328,""y_mg"":-904,""z_mg"":476}"
19.156,right_hand,og,tilt,,"{""roll_deg"":-43.7,""pitch_deg"":-6.9,""steady"":true}"
19.187,right_hand,og,acc,2370653,"{""seq"":930,""x_mg"":-296,""y_mg"":-968,""z_mg"":456}"
19.187,right_hand,og,tilt,,"{""roll_deg"":-46.5,""pitch_deg"":-6.9,""steady"":true}"
19.234,right_hand,og,acc,2370674,"{""seq"":931,""x_mg"":-296,""y_mg"":-980,""z_mg"":420}"
19.234,right_hand,og,tilt,,"{""roll_deg"":-50.3,""pitch_deg"":-6.6,""steady"":true}"
19.234,right_hand,og,acc,2370694,"{""seq"":932,""x_mg"":-300,""y_mg"":-884,""z_mg"":400}"
19.234,right_hand,og,tilt,,"{""roll_deg"":-53.1,""pitch_deg"":-6.4,""steady"":true}"
19.265,right_hand,og,acc,2370715,"{""seq"":933,""x_mg"":-336,""y_mg"":-796,""z_mg"":408}"
19.265,right_hand,og,tilt,,"{""roll_deg"":-54.9,""pitch_deg"":-6.4,""steady"":true}"
19.296,right_hand,og,acc,2370735,"{""seq"":934,""x_mg"":-336,""y_mg"":-744,""z_mg"":440}"
19.296,right_hand,og,tilt,,"{""roll_deg"":-54.9,""pitch_deg"":-6.4,""steady"":true}"
19.296,right_hand,og,acc,2370756,"{""seq"":935,""x_mg"":-320,""y_mg"":-780,""z_mg"":492}"
19.296,right_hand,og,tilt,,"{""roll_deg"":-54.3,""pitch_deg"":-6.4,""steady"":true}"
19.328,right_hand,og,acc,2370777,"{""seq"":936,""x_mg"":-308,""y_mg"":-844,""z_mg"":504}"
19.328,right_hand,og,tilt,,"{""roll_deg"":-53.7,""pitch_deg"":-6.4,""steady"":true}"
19.343,right_hand,og,acc,2370797,"{""seq"":937,""x_mg"":-260,""y_mg"":-880,""z_mg"":512}"
19.359,right_hand,og,tilt,,"{""roll_deg"":-53.6,""pitch_deg"":-6.4,""steady"":true}"
19.359,right_hand,og,acc,2370818,"{""seq"":938,""x_mg"":-296,""y_mg"":-928,""z_mg"":592}"
19.359,right_hand,og,tilt,,"{""roll_deg"":-53.5,""pitch_deg"":-6.4,""steady"":true}"
19.390,right_hand,og,acc,2370838,"{""seq"":939,""x_mg"":-312,""y_mg"":-812,""z_mg"":576}"
19.390,right_hand,og,tilt,,"{""roll_deg"":-53.4,""pitch_deg"":-6.4,""steady"":true}"
19.421,right_hand,og,acc,2370859,"{""seq"":940,""x_mg"":-284,""y_mg"":-760,""z_mg"":568}"
19.421,right_hand,og,tilt,,"{""roll_deg"":-52.9,""pitch_deg"":-6.4,""steady"":true}"
19.421,right_hand,og,acc,2370879,"{""seq"":941,""x_mg"":-280,""y_mg"":-772,""z_mg"":560}"
19.421,right_hand,og,tilt,,"{""roll_deg"":-52.6,""pitch_deg"":-6.4,""steady"":true}"
19.453,right_hand,og,acc,2370900,"{""seq"":942,""x_mg"":-292,""y_mg"":-828,""z_mg"":536}"
19.453,right_hand,og,tilt,,"{""roll_deg"":-52.3,""pitch_deg"":-6.4,""steady"":true}"
19.484,right_hand,og,acc,2370921,"{""seq"":943,""x_mg"":-308,""y_mg"":-876,""z_mg"":524}"
19.484,right_hand,og,tilt,,"{""roll_deg"":-52.3,""pitch_deg"":-6.4,""steady"":true}"
19.484,right_hand,og,acc,2370941,"{""seq"":944,""x_mg"":-292,""y_mg"":-864,""z_mg"":476}"
19.484,right_hand,og,tilt,,"{""roll_deg"":-52.3,""pitch_deg"":-6.3,""steady"":true}"
19.515,right_hand,og,acc,2370962,"{""seq"":945,""x_mg"":-304,""y_mg"":-836,""z_mg"":476}"
19.515,right_hand,og,tilt,,"{""roll_deg"":-52.3,""pitch_deg"":-6.3,""steady"":true}"
19.515,right_hand,og,acc,2370982,"{""seq"":946,""x_mg"":-300,""y_mg"":-804,""z_mg"":468}"
19.515,right_hand,og,tilt,,"{""roll_deg"":-52.3,""pitch_deg"":-6.3,""steady"":true}"
19.546,right_hand,og,acc,2371003,"{""seq"":947,""x_mg"":-316,""y_mg"":-828,""z_mg"":488}"
19.546,right_hand,og,tilt,,"{""roll_deg"":-52.3,""pitch_deg"":-6.3,""steady"":true}"
19.578,right_hand,og,acc,2371023,"{""seq"":948,""x_mg"":-312,""y_mg"":-836,""z_mg"":496}"
19.578,right_hand,og,tilt,,"{""roll_deg"":-52.3,""pitch_deg"":-6.3,""steady"":true}"
19.578,right_hand,og,acc,2371044,"{""seq"":949,""x_mg"":-300,""y_mg"":-804,""z_mg"":500}"
19.578,right_hand,og,tilt,,"{""roll_deg"":-52.3,""pitch_deg"":-6.3,""steady"":true}"
19.609,right_hand,og,acc,2371064,"{""seq"":950,""x_mg"":-304,""y_mg"":-784,""z_mg"":508}"
19.609,right_hand,og,tilt,,"{""roll_deg"":-52.3,""pitch_deg"":-6.3,""steady"":true}"
19.640,right_hand,og,acc,2371085,"{""seq"":951,""x_mg"":-304,""y_mg"":-812,""z_mg"":500}"
19.640,right_hand,og,tilt,,"{""roll_deg"":-52.3,""pitch_deg"":-6.3,""steady"":true}"
19.640,right_hand,og,acc,2371106,"{""seq"":952,""x_mg"":-292,""y_mg"":-864,""z_mg"":492}"
19.640,right_hand,og,tilt,,"{""roll_deg"":-52.3,""pitch_deg"":-6.3,""steady"":true}"
19.671,right_hand,og,acc,2371126,"{""seq"":953,""x_mg"":-284,""y_mg"":-888,""z_mg"":476}"
19.671,right_hand,og,tilt,,"{""roll_deg"":-52.3,""pitch_deg"":-6.3,""steady"":true}"
19.703,right_hand,og,acc,2371147,"{""seq"":954,""x_mg"":-280,""y_mg"":-904,""z_mg"":484}"
19.703,right_hand,og,tilt,,"{""roll_deg"":-52.6,""pitch_deg"":-6.3,""steady"":true}"
19.703,right_hand,og,acc,2371167,"{""seq"":955,""x_mg"":-284,""y_mg"":-868,""z_mg"":520}"
19.703,right_hand,og,tilt,,"{""roll_deg"":-53.1,""pitch_deg"":-6.3,""steady"":true}"
19.734,right_hand,og,acc,2371188,"{""seq"":956,""x_mg"":-308,""y_mg"":-828,""z_mg"":496}"
19.734,right_hand,og,tilt,,"{""roll_deg"":-53.1,""pitch_deg"":-6.3,""steady"":true}"
19.765,right_hand,og,acc,2371209,"{""seq"":957,""x_mg"":-304,""y_mg"":-832,""z_mg"":476}"
19.765,right_hand,og,tilt,,"{""roll_deg"":-53.1,""pitch_deg"":-6.3,""steady"":true}"
19.765,right_hand,og,acc,2371229,"{""seq"":958,""x_mg"":-276,""y_mg"":-880,""z_mg"":460}"
19.765,right_hand,og,tilt,,"{""roll_deg"":-53.1,""pitch_deg"":-6.3,""steady"":true}"
19.781,right_hand,og,acc,2371250,"{""seq"":959,""x_mg"":-288,""y_mg"":-908,""z_mg"":432}"
19.781,right_hand,og,tilt,,"{""roll_deg"":-53.6,""pitch_deg"":-6.3,""steady"":true}"
19.812,right_hand,og,acc,2371270,"{""seq"":960,""x_mg"":-284,""y_mg"":-832,""z_mg"":400}"
19.812,right_hand,og,tilt,,"{""roll_deg"":-54.2,""pitch_deg"":-6.2,""steady"":true}"
19.843,right_hand,og,acc,2371291,"{""seq"":961,""x_mg"":-300,""y_mg"":-780,""z_mg"":384}"
19.843,right_hand,og,tilt,,"{""roll_deg"":-54.8,""pitch_deg"":-6.2,""steady"":true}"
19.843,right_hand,og,acc,2371311,"{""seq"":962,""x_mg"":-320,""y_mg"":-896,""z_mg"":336}"
19.843,right_hand,og,tilt,,"{""roll_deg"":-55.2,""pitch_deg"":-6.2,""steady"":true}"
19.875,right_hand,og,acc,2371332,"{""seq"":963,""x_mg"":-288,""y_mg"":-992,""z_mg"":348}"
19.875,right_hand,og,tilt,,"{""roll_deg"":-56.4,""pitch_deg"":-6.2,""steady"":true}"
19.906,right_hand,og,acc,2371352,"{""seq"":964,""x_mg"":-276,""y_mg"":-1012,""z_mg"":332}"
19.906,right_hand,og,tilt,,"{""roll_deg"":-58.1,""pitch_deg"":-6.2,""steady"":true}"
19.906,right_hand,og,acc,2371373,"{""seq"":965,""x_mg"":-288,""y_mg"":-936,""z_mg"":312}"
19.906,right_hand,og,tilt,,"{""roll_deg"":-59.6,""pitch_deg"":-6.2,""steady"":true}"
19.937,right_hand,og,acc,2371394,"{""seq"":966,""x_mg"":-320,""y_mg"":-840,""z_mg"":316}"
19.937,right_hand,og,tilt,,"{""roll_deg"":-60.7,""pitch_deg"":-6.2,""steady"":true}"
19.937,right_hand,og,acc,2371414,"{""seq"":967,""x_mg"":-312,""y_mg"":-880,""z_mg"":320}"
19.937,right_hand,og,tilt,,"{""roll_deg"":-60.7,""pitch_deg"":-6.2,""steady"":true}"
19.968,right_hand,og,acc,2371435,"{""seq"":968,""x_mg"":-296,""y_mg"":-904,""z_mg"":352}"
19.968,right_hand,og,tilt,,"{""roll_deg"":-60.7,""pitch_deg"":-6.2,""steady"":true}"
20.000,right_hand,og,acc,2371455,"{""seq"":969,""x_mg"":-288,""y_mg"":-892,""z_mg"":372}"
20.000,right_hand,og,tilt,,"{""roll_deg"":-60.7,""pitch_deg"":-6.2,""steady"":true}"
20.031,right_hand,og,acc,2371476,"{""seq"":970,""x_mg"":-276,""y_mg"":-904,""z_mg"":368}"
20.031,right_hand,og,tilt,,"{""roll_deg"":-60.7,""pitch_deg"":-6.2,""steady"":true}"
20.062,right_hand,og,acc,2371496,"{""seq"":971,""x_mg"":-280,""y_mg"":-920,""z_mg"":360}"
20.062,right_hand,og,tilt,,"{""roll_deg"":-60.7,""pitch_deg"":-6.2,""steady"":true}"
20.062,right_hand,og,acc,2371517,"{""seq"":972,""x_mg"":-292,""y_mg"":-908,""z_mg"":360}"
20.062,right_hand,og,tilt,,"{""roll_deg"":-60.7,""pitch_deg"":-6.2,""steady"":true}"
20.093,right_hand,og,acc,2371538,"{""seq"":973,""x_mg"":-296,""y_mg"":-904,""z_mg"":352}"
20.093,right_hand,og,tilt,,"{""roll_deg"":-60.7,""pitch_deg"":-6.2,""steady"":true}"
20.125,right_hand,og,acc,2371558,"{""seq"":974,""x_mg"":-272,""y_mg"":-956,""z_mg"":304}"
20.125,right_hand,og,tilt,,"{""roll_deg"":-60.7,""pitch_deg"":-6.2,""steady"":true}"
20.125,right_hand,og,acc,2371579,"{""seq"":975,""x_mg"":-276,""y_mg"":-904,""z_mg"":300}"
20.125,right_hand,og,tilt,,"{""roll_deg"":-61.0,""pitch_deg"":-6.1,""steady"":true}"
20.156,right_hand,og,acc,2371599,"{""seq"":976,""x_mg"":-280,""y_mg"":-904,""z_mg"":324}"
20.156,right_hand,og,tilt,,"{""roll_deg"":-61.5,""pitch_deg"":-6.1,""steady"":true}"
20.156,right_hand,og,acc,2371620,"{""seq"":977,""x_mg"":-264,""y_mg"":-996,""z_mg"":312}"
20.156,right_hand,og,tilt,,"{""roll_deg"":-61.8,""pitch_deg"":-6.0,""steady"":true}"
20.171,right_hand,og,acc,2371640,"{""seq"":978,""x_mg"":-264,""y_mg"":-1020,""z_mg"":300}"
20.171,right_hand,og,tilt,,"{""roll_deg"":-62.5,""pitch_deg"":-5.8,""steady"":true}"
20.203,right_hand,og,acc,2371661,"{""seq"":979,""x_mg"":-288,""y_mg"":-904,""z_mg"":312}"
20.203,right_hand,og,tilt,,"{""roll_deg"":-63.1,""pitch_deg"":-5.5,""steady"":true}"
20.234,right_hand,og,acc,2371682,"{""seq"":980,""x_mg"":-308,""y_mg"":-844,""z_mg"":316}"
20.234,right_hand,og,tremor,,"{""rms_mg"":45.8,""peak_hz"":8.0}"
20.234,right_hand,og,tilt,,"{""roll_deg"":-63.1,""pitch_deg"":-5.5,""steady"":true}"
20.265,right_hand,og,acc,2371702,"{""seq"":981,""x_mg"":-300,""y_mg"":-876,""z_mg"":312}"
20.265,right_hand,og,tilt,,"{""roll_deg"":-63.1,""pitch_deg"":-5.5,""steady"":true}"
20.265,right_hand,og,acc,2371723,"{""seq"":982,""x_mg"":-296,""y_mg"":-884,""z_mg"":312}"
20.265,right_hand,og,tilt,,"{""roll_deg"":-63.1,""pitch_deg"":-5.5,""steady"":true}"
20.296,right_hand,og,acc,2371743,"{""seq"":983,""x_mg"":-292,""y_mg"":-856,""z_mg"":312}"
20.296,right_hand,og,tilt,,"{""roll_deg"":-63.1,""pitch_deg"":-5.5,""steady"":true}"
20.296,right_hand,og,acc,2371764,"{""seq"":984,""x_mg"":-284,""y_mg"":-908,""z_mg"":288}"
20.296,right_hand,og,tilt,,"{""roll_deg"":-63.0,""pitch_deg"":-5.5,""steady"":true}"
20.328,right_hand,og,acc,2371784,"{""seq"":985,""x_mg"":-268,""y_mg"":-1028,""z_mg"":308}"
20.328,right_hand,og,tilt,,"{""roll_deg"":-63.0,""pitch_deg"":-5.5,""steady"":true}"
20.359,right_hand,og,acc,2371805,"{""seq"":986,""x_mg"":-264,""y_mg"":-1028,""z_mg"":296}"
20.359,right_hand,og,tilt,,"{""roll_deg"":-63.0,""pitch_deg"":-5.5,""steady"":true}"
20.359,right_hand,og,acc,2371826,"{""seq"":987,""x_mg"":-264,""y_mg"":-964,""z_mg"":268}"
20.359,right_hand,og,tilt,,"{""roll_deg"":-63.5,""pitch_deg"":-5.5,""steady"":true}"
20.375,right_hand,og,acc,2371846,"{""seq"":988,""x_mg"":-256,""y_mg"":-940,""z_mg"":312}"
20.375,right_hand,og,tilt,,"{""roll_deg"":-64.0,""pitch_deg"":-5.4,""steady"":true}"
20.406,right_hand,og,acc,2371867,"{""seq"":989,""x_mg"":-284,""y_mg"":-884,""z_mg"":280}"
20.406,right_hand,og,tilt,,"{""roll_deg"":-64.0,""pitch_deg"":-5.2,""steady"":true}"
20.437,right_hand,og,acc,2371887,"{""seq"":990,""x_mg"":-248,""y_mg"":-924,""z_mg"":232}"
20.437,right_hand,og,tilt,,"{""roll_deg"":-64.1,""pitch_deg"":-5.1,""steady"":true}"
20.437,right_hand,og,acc,2371908,"{""seq"":991,""x_mg"":-192,""y_mg"":-1048,""z_mg"":300}"
20.437,right_hand,og,tilt,,"{""roll_deg"":-64.7,""pitch_deg"":-4.9,""steady"":true}"
20.468,right_hand,og,acc,2371928,"{""seq"":992,""x_mg"":-248,""y_mg"":-988,""z_mg"":264}"
20.468,right_hand,og,tilt,,"{""roll_deg"":-65.2,""pitch_deg"":-4.7,""steady"":true}"
20.500,right_hand,og,acc,2371949,"{""seq"":993,""x_mg"":-224,""y_mg"":-912,""z_mg"":196}"
20.500,right_hand,og,tilt,,"{""roll_deg"":-66.0,""pitch_deg"":-4.4,""steady"":true}"
20.500,right_hand,og,acc,2371970,"{""seq"":994,""x_mg"":-240,""y_mg"":-924,""z_mg"":204}"
20.500,right_hand,og,tilt,,"{""roll_deg"":-66.6,""pitch_deg"":-4.2,""steady"":true}"
20.531,right_hand,og,acc,2371990,"{""seq"":995,""x_mg"":-308,""y_mg"":-932,""z_mg"":120}"
20.531,right_hand,og,tilt,,"{""roll_deg"":-67.1,""pitch_deg"":-4.1,""steady"":true}"
20.562,right_hand,og,acc,2372011,"{""seq"":996,""x_mg"":-252,""y_mg"":-1024,""z_mg"":132}"
20.562,right_hand,og,tilt,,"{""roll_deg"":-67.5,""pitch_deg"":-4.0,""steady"":true}"
20.562,right_hand,og,acc,2372031,"{""seq"":997,""x_mg"":-272,""y_mg"":-1060,""z_mg"":96}"
20.562,right_hand,og,tilt,,"{""roll_deg"":-68.6,""pitch_deg"":-4.0,""steady"":true}"
20.593,right_hand,og,acc,2372052,"{""seq"":998,""x_mg"":-248,""y_mg"":-1004,""z_mg"":136}"
20.593,right_hand,og,tilt,,"{""roll_deg"":-69.5,""pitch_deg"":-3.9,""steady"":true}"
20.609,right_hand,og,acc,2372072,"{""seq"":999,""x_mg"":-256,""y_mg"":-924,""z_mg"":144}"
20.609,right_hand,og,tilt,,"{""roll_deg"":-70.1,""pitch_deg"":-3.8,""steady"":true}"
20.640,right_hand,og,acc,2372093,"{""seq"":1000,""x_mg"":-236,""y_mg"":-924,""z_mg"":116}"
20.640,right_hand,og,tilt,,"{""roll_deg"":-70.5,""pitch_deg"":-3.8,""steady"":true}"
20.640,right_hand,og,acc,2372114,"{""seq"":1001,""x_mg"":-240,""y_mg"":-984,""z_mg"":0}"
20.640,right_hand,og,tilt,,"{""roll_deg"":-70.8,""pitch_deg"":-3.8,""steady"":true}"
20.687,right_hand,og,acc,2372134,"{""seq"":1002,""x_mg"":-200,""y_mg"":-1068,""z_mg"":8}"
20.687,right_hand,og,tilt,,"{""roll_deg"":-71.5,""pitch_deg"":-3.7,""steady"":true}"
20.718,right_hand,og,acc,2372155,"{""seq"":1003,""x_mg"":-212,""y_mg"":-1076,""z_mg"":56}"
20.718,right_hand,og,tilt,,"{""roll_deg"":-72.7,""pitch_deg"":-3.2,""steady"":true}"
20.718,right_hand,og,acc,2372175,"{""seq"":1004,""x_mg"":-244,""y_mg"":-1044,""z_mg"":48}"
20.718,right_hand,og,tilt,,"{""roll_deg"":-73.6,""pitch_deg"":-2.8,""steady"":true}"
20.750,right_hand,og,acc,2372196,"{""seq"":1005,""x_mg"":-244,""y_mg"":-992,""z_mg"":-4}"
20.750,right_hand,og,tilt,,"{""roll_deg"":-73.8,""pitch_deg"":-2.7,""steady"":true}"
20.781,right_hand,og,acc,2372216,"{""seq"":1006,""x_mg"":-228,""y_mg"":-980,""z_mg"":-40}"
20.781,right_hand,og,tilt,,"{""roll_deg"":-73.8,""pitch_deg"":-2.7,""steady"":true}"
20.781,right_hand,og,acc,2372237,"{""seq"":1007,""x_mg"":-212,""y_mg"":-1076,""z_mg"":-20}"
20.781,right_hand,og,tilt,,"{""roll_deg"":-73.9,""pitch_deg"":-2.7,""steady"":true}"
20.812,right_hand,og,acc,2372257,"{""seq"":1008,""x_mg"":-228,""y_mg"":-1060,""z_mg"":-8}"
20.812,right_hand,og,tilt,,"{""roll_deg"":-74.3,""pitch_deg"":-2.5,""steady"":true}"
20.828,right_hand,og,acc,2372278,"{""seq"":1009,""x_mg"":-256,""y_mg"":-1016,""z_mg"":-48}"
20.828,right_hand,og,tilt,,"{""roll_deg"":-74.5,""pitch_deg"":-2.4,""steady"":true}"
20.859,right_hand,og,acc,2372299,"{""seq"":1010,""x_mg"":-236,""y_mg"":-944,""z_mg"":-12}"
20.859,right_hand,og,tilt,,"{""roll_deg"":-74.5,""pitch_deg"":-2.4,""steady"":true}"
20.859,right_hand,og,acc,2372319,"{""seq"":1011,""x_mg"":-256,""y_mg"":-980,""z_mg"":-80}"
20.859,right_hand,og,tilt,,"{""roll_deg"":-74.5,""pitch_deg"":-2.4,""steady"":true}"
20.890,right_hand,og,acc,2372340,"{""seq"":1012,""x_mg"":-252,""y_mg"":-1008,""z_mg"":-60}"
20.890,right_hand,og,tilt,,"{""roll_deg"":-74.5,""pitch_deg"":-2.4,""steady"":true}"
20.921,right_hand,og,acc,2372360,"{""seq"":1013,""x_mg"":-248,""y_mg"":-1000,""z_mg"":-64}"
20.921,right_hand,og,tilt,,"{""roll_deg"":-74.5,""pitch_deg"":-2.4,""steady"":true}"
20.921,right_hand,og,acc,2372381,"{""seq"":1014,""x_mg"":-276,""y_mg"":-960,""z_mg"":-64}"
20.921,right_hand,og,tilt,,"{""roll_deg"":-74.5,""pitch_deg"":-2.4,""steady"":true}"
20.953,right_hand,og,acc,2372401,"{""seq"":1015,""x_mg"":-272,""y_mg"":-900,""z_mg"":-80}"
20.953,right_hand,og,tilt,,"{""roll_deg"":-74.3,""pitch_deg"":-2.4,""steady"":true}"
20.953,right_hand,og,acc,2372422,"{""seq"":1016,""x_mg"":-264,""y_mg"":-932,""z_mg"":-56}"
20.953,right_hand,og,tilt,,"{""roll_deg"":-74.2,""pitch_deg"":-2.5,""steady"":true}"
20.984,right_hand,og,acc,2372443,"{""seq"":1017,""x_mg"":-228,""y_mg"":-1032,""z_mg"":-48}"
20.984,right_hand,og,tilt,,"{""roll_deg"":-74.0,""pitch_deg"":-2.7,""steady"":true}"
21.015,right_hand,og,acc,2372463,"{""seq"":1018,""x_mg"":-272,""y_mg"":-1016,""z_mg"":-52}"
21.015,right_hand,og,tilt,,"{""roll_deg"":-73.9,""pitch_deg"":-2.8,""steady"":true}"
21.015,right_hand,og,acc,2372484,"{""seq"":1019,""x_mg"":-268,""y_mg"":-952,""z_mg"":-84}"
21.015,right_hand,og,tilt,,"{""roll_deg"":-73.8,""pitch_deg"":-2.9,""steady"":true}"
21.046,right_hand,og,acc,2372504,"{""seq"":1020,""x_mg"":-252,""y_mg"":-1056,""z_mg"":-40}"
21.046,right_hand,og,tilt,,"{""roll_deg"":-73.7,""pitch_deg"":-3.0,""steady"":true}"
21.078,right_hand,og,acc,2372525,"{""seq"":1021,""x_mg"":-268,""y_mg"":-904,""z_mg"":-80}"
21.078,right_hand,og,tilt,,"{""roll_deg"":-73.5,""pitch_deg"":-3.2,""steady"":true}"
21.078,right_hand,og,acc,2372545,"{""seq"":1022,""x_mg"":-232,""y_mg"":-948,""z_mg"":-48}"
21.078,right_hand,og,tilt,,"{""roll_deg"":-73.5,""pitch_deg"":-3.2,""steady"":true}"
21.109,right_hand,og,acc,2372566,"{""seq"":1023,""x_mg"":-272,""y_mg"":-1056,""z_mg"":-24}"
21.109,right_hand,og,tilt,,"{""roll_deg"":-73.5,""pitch_deg"":-3.2,""steady"":true}"
21.140,right_hand,og,acc,2372587,"{""seq"":1024,""x_mg"":-300,""y_mg"":-1028,""z_mg"":-28}"
21.140,right_hand,og,tilt,,"{""roll_deg"":-73.5,""pitch_deg"":-3.2,""steady"":true}"
21.140,right_hand,og,acc,2372607,"{""seq"":1025,""x_mg"":-256,""y_mg"":-920,""z_mg"":-8}"
21.140,right_hand,og,tilt,,"{""roll_deg"":-73.5,""pitch_deg"":-3.2,""steady"":true}"
21.171,right_hand,og,acc,2372628,"{""seq"":1026,""x_mg"":-228,""y_mg"":-996,""z_mg"":20}"
21.171,right_hand,og,tilt,,"{""roll_deg"":-73.4,""pitch_deg"":-3.3,""steady"":true}"
21.203,right_hand,og,acc,2372648,"{""seq"":1027,""x_mg"":-240,""y_mg"":-1016,""z_mg"":48}"
21.203,right_hand,og,tilt,,"{""roll_deg"":-73.4,""pitch_deg"":-3.3,""steady"":true}"
21.203,right_hand,og,acc,2372669,"{""seq"":1028,""x_mg"":-260,""y_mg"":-996,""z_mg"":-8}"
21.203,right_hand,og,tilt,,"{""roll_deg"":-73.4,""pitch_deg"":-3.3,""steady"":true}"
21.234,right_hand,og,acc,2372689,"{""seq"":1029,""x_mg"":-268,""y_mg"":-1016,""z_mg"":-20}"
21.234,right_hand,og,tilt,,"{""roll_deg"":-73.4,""pitch_deg"":-3.3,""steady"":true}"
21.234,right_hand,og,acc,2372710,"{""seq"":1030,""x_mg"":-264,""y_mg"":-972,""z_mg"":20}"
21.234,right_hand,og,tilt,,"{""roll_deg"":-73.4,""pitch_deg"":-3.3,""steady"":true}"
21.265,right_hand,og,acc,2372730,"{""seq"":1031,""x_mg"":-268,""y_mg"":-1020,""z_mg"":8}"
21.265,right_hand,og,tilt,,"{""roll_deg"":-73.4,""pitch_deg"":-3.3,""steady"":true}"
21.296,right_hand,og,acc,2372751,"{""seq"":1032,""x_mg"":-268,""y_mg"":-992,""z_mg"":-20}"
21.296,right_hand,og,tilt,,"{""roll_deg"":-73.4,""pitch_deg"":-3.3,""steady"":true}"
21.296,right_hand,og,acc,2372772,"{""seq"":1033,""x_mg"":-304,""y_mg"":-980,""z_mg"":20}"
21.296,right_hand,og,tilt,,"{""roll_deg"":-73.4,""pitch_deg"":-3.3,""steady"":true}"
21.343,right_hand,og,acc,2372792,"{""seq"":1034,""x_mg"":-272,""y_mg"":-984,""z_mg"":40}"
21.343,right_hand,og,tilt,,"{""roll_deg"":-73.4,""pitch_deg"":-3.3,""steady"":true}"
21.375,right_hand,og,acc,2372813,"{""seq"":1035,""x_mg"":-272,""y_mg"":-960,""z_mg"":72}"
21.375,right_hand,og,tilt,,"{""roll_deg"":-73.3,""pitch_deg"":-3.4,""steady"":true}"
21.375,right_hand,og,acc,2372833,"{""seq"":1036,""x_mg"":-268,""y_mg"":-976,""z_mg"":68}"
21.375,right_hand,og,tilt,,"{""roll_deg"":-73.2,""pitch_deg"":-3.5,""steady"":true}"
21.390,,game,miss,,"{""n"":9,""speed"":0.2}"
21.390,right_hand,og,acc,2372854,"{""seq"":1037,""x_mg"":-272,""y_mg"":-960,""z_mg"":48}"
21.390,right_hand,og,tilt,,"{""roll_deg"":-73.1,""pitch_deg"":-3.6,""steady"":true}"
21.421,right_hand,og,acc,2372874,"{""seq"":1038,""x_mg"":-300,""y_mg"":-932,""z_mg"":32}"
21.421,right_hand,og,tilt,,"{""roll_deg"":-73.0,""pitch_deg"":-3.7,""steady"":true}"
21.453,right_hand,og,acc,2372895,"{""seq"":1039,""x_mg"":-272,""y_mg"":-1112,""z_mg"":88}"
21.453,right_hand,og,tilt,,"{""roll_deg"":-72.9,""pitch_deg"":-3.8,""steady"":true}"
21.453,right_hand,og,acc,2372916,"{""seq"":1040,""x_mg"":-244,""y_mg"":-1008,""z_mg"":68}"
21.453,right_hand,og,tilt,,"{""roll_deg"":-72.9,""pitch_deg"":-3.8,""steady"":true}"
21.484,right_hand,og,acc,2372936,"{""seq"":1041,""x_mg"":-284,""y_mg"":-1008,""z_mg"":60}"
21.484,right_hand,og,tilt,,"{""roll_deg"":-72.9,""pitch_deg"":-3.8,""steady"":true}"
21.515,right_hand,og,acc,2372957,"{""seq"":1042,""x_mg"":-284,""y_mg"":-924,""z_mg"":164}"
21.515,right_hand,og,tilt,,"{""roll_deg"":-72.9,""pitch_deg"":-3.8,""steady"":true}"
21.515,right_hand,og,acc,2372977,"{""seq"":1043,""x_mg"":-292,""y_mg"":-956,""z_mg"":120}"
21.515,right_hand,og,tilt,,"{""roll_deg"":-72.7,""pitch_deg"":-3.8,""steady"":true}"
21.546,right_hand,og,acc,2372998,"{""seq"":1044,""x_mg"":-320,""y_mg"":-916,""z_mg"":100}"
21.546,right_hand,og,tilt,,"{""roll_deg"":-72.0,""pitch_deg"":-4.0,""steady"":true}"
21.578,right_hand,og,acc,2373018,"{""seq"":1045,""x_mg"":-264,""y_mg"":-944,""z_mg"":120}"
21.578,right_hand,og,tilt,,"{""roll_deg"":-71.7,""pitch_deg"":-4.2,""steady"":true}"
21.578,right_hand,og,acc,2373039,"{""seq"":1046,""x_mg"":-296,""y_mg"":-988,""z_mg"":92}"
21.578,right_hand,og,tilt,,"{""roll_deg"":-71.6,""pitch_deg"":-4.3,""steady"":true}"
21.609,right_hand,og,acc,2373060,"{""seq"":1047,""x_mg"":-324,""y_mg"":-960,""z_mg"":68}"
21.609,right_hand,og,tilt,,"{""roll_deg"":-71.5,""pitch_deg"":-4.4,""steady"":true}"
21.640,right_hand,og,acc,2373080,"{""seq"":1048,""x_mg"":-296,""y_mg"":-956,""z_mg"":60}"
21.640,right_hand,og,tilt,,"{""roll_deg"":-71.3,""pitch_deg"":-4.6,""steady"":true}"
21.640,right_hand,og,acc,2373101,"{""seq"":1049,""x_mg"":-316,""y_mg"":-972,""z_mg"":80}"
21.640,right_hand,og,tilt,,"{""roll_deg"":-71.1,""pitch_deg"":-4.9,""steady"":true}"
21.671,right_hand,og,acc,2373121,"{""seq"":1050,""x_mg"":-288,""y_mg"":-948,""z_mg"":48}"
21.671,right_hand,og,tilt,,"{""roll_deg"":-71.0,""pitch_deg"":-5.1,""steady"":true}"
21.671,right_hand,og,acc,2373142,"{""seq"":1051,""x_mg"":-308,""y_mg"":-1000,""z_mg"":100}"
21.671,right_hand,og,tilt,,"{""roll_deg"":-70.9,""pitch_deg"":-5.1,""steady"":true}"
21.703,right_hand,og,acc,2373162,"{""seq"":1052,""x_mg"":-372,""y_mg"":-1024,""z_mg"":112}"
21.703,right_hand,og,tilt,,"{""roll_deg"":-70.8,""pitch_deg"":-5.2,""steady"":true}"
21.734,right_hand,og,acc,2373183,"{""seq"":1053,""x_mg"":-204,""y_mg"":-968,""z_mg"":116}"
21.734,right_hand,og,tilt,,"{""roll_deg"":-70.8,""pitch_deg"":-5.3,""steady"":true}"
21.734,right_hand,og,acc,2373203,"{""seq"":1054,""x_mg"":-364,""y_mg"":-980,""z_mg"":128}"
21.734,right_hand,og,tilt,,"{""roll_deg"":-70.2,""pitch_deg"":-5.8,""steady"":true}"
21.765,right_hand,og,acc,2373224,"{""seq"":1055,""x_mg"":-276,""y_mg"":-904,""z_mg"":124}"
21.765,right_hand,og,tilt,,"{""roll_deg"":-70.2,""pitch_deg"":-5.8,""steady"":true}"
21.796,right_hand,og,acc,2373245,"{""seq"":1056,""x_mg"":-292,""y_mg"":-952,""z_mg"":116}"
21.796,right_hand,og,tilt,,"{""roll_deg"":-70.1,""pitch_deg"":-5.8,""steady"":true}"
21.796,right_hand,og,acc,2373265,"{""seq"":1057,""x_mg"":-328,""y_mg"":-1000,""z_mg"":88}"
21.796,right_hand,og,tilt,,"{""roll_deg"":-70.1,""pitch_deg"":-5.8,""steady"":true}"
21.828,right_hand,og,acc,2373286,"{""seq"":1058,""x_mg"":-288,""y_mg"":-1000,""z_mg"":64}"
21.828,right_hand,og,tilt,,"{""roll_deg"":-70.1,""pitch_deg"":-5.8,""steady"":true}"
21.859,right_hand,og,acc,2373306,"{""seq"":1059,""x_mg"":-292,""y_mg"":-1020,""z_mg"":60}"
21.859,right_hand,og,tilt,,"{""roll_deg"":-70.1,""pitch_deg"":-5.8,""steady"":true}"
21.859,right_hand,og,acc,2373327,"{""seq"":1060,""x_mg"":-328,""y_mg"":-960,""z_mg"":64}"
21.859,right_hand,og,tilt,,"{""roll_deg"":-70.1,""pitch_deg"":-5.8,""steady"":true}"
21.890,right_hand,og,acc,2373348,"{""seq"":1061,""x_mg"":-268,""y_mg"":-976,""z_mg"":68}"
21.890,right_hand,og,tilt,,"{""roll_deg"":-70.1,""pitch_deg"":-5.8,""steady"":true}"
21.921,right_hand,og,acc,2373368,"{""seq"":1062,""x_mg"":-308,""y_mg"":-1008,""z_mg"":92}"
21.921,right_hand,og,tilt,,"{""roll_deg"":-70.1,""pitch_deg"":-5.8,""steady"":true}"
21.921,right_hand,og,acc,2373389,"{""seq"":1063,""x_mg"":-276,""y_mg"":-988,""z_mg"":120}"
21.921,right_hand,og,tilt,,"{""roll_deg"":-70.1,""pitch_deg"":-5.8,""steady"":true}"
21.953,right_hand,og,acc,2373409,"{""seq"":1064,""x_mg"":-308,""y_mg"":-932,""z_mg"":144}"
21.953,right_hand,og,tilt,,"{""roll_deg"":-70.1,""pitch_deg"":-5.8,""steady"":true}"
21.953,right_hand,og,acc,2373430,"{""seq"":1065,""x_mg"":-272,""y_mg"":-940,""z_mg"":112}"
21.953,right_hand,og,tilt,,"{""roll_deg"":-70.1,""pitch_deg"":-5.8,""steady"":true}"
22.000,right_hand,og,acc,2373450,"{""seq"":1066,""x_mg"":-292,""y_mg"":-924,""z_mg"":112}"
22.000,right_hand,og,tilt,,"{""roll_deg"":-70.1,""pitch_deg"":-5.8,""steady"":true}"
22.031,right_hand,og,acc,2373471,"{""seq"":1067,""x_mg"":-284,""y_mg"":-908,""z_mg"":104}"
22.031,right_hand,og,tilt,,"{""roll_deg"":-70.1,""pitch_deg"":-5.8,""steady"":true}"
22.031,right_hand,og,acc,2373491,"{""seq"":1068,""x_mg"":-312,""y_mg"":-952,""z_mg"":64}"
22.031,right_hand,og,tilt,,"{""roll_deg"":-70.1,""pitch_deg"":-5.8,""steady"":true}"
22.046,right_hand,og,acc,2373512,"{""seq"":1069,""x_mg"":-368,""y_mg"":-972,""z_mg"":32}"
22.046,right_hand,og,tilt,,"{""roll_deg"":-70.1,""pitch_deg"":-5.8,""steady"":true}"
22.078,right_hand,og,acc,2373533,"{""seq"":1070,""x_mg"":-312,""y_mg"":-1000,""z_mg"":-4}"
22.078,right_hand,og,tilt,,"{""roll_deg"":-70.1,""pitch_deg"":-5.8,""steady"":true}"
22.109,right_hand,og,acc,2373553,"{""seq"":1071,""x_mg"":-300,""y_mg"":-1000,""z_mg"":20}"
22.109,right_hand,og,tilt,,"{""roll_deg"":-70.1,""pitch_deg"":-5.8,""steady"":true}"
22.109,right_hand,og,acc,2373574,"{""seq"":1072,""x_mg"":-324,""y_mg"":-1016,""z_mg"":12}"
22.109,right_hand,og,tilt,,"{""roll_deg"":-70.1,""pitch_deg"":-5.8,""steady"":true}"
22.140,right_hand,og,acc,2373594,"{""seq"":1073,""x_mg"":-360,""y_mg"":-1028,""z_mg"":16}"
22.140,right_hand,og,tilt,,"{""roll_deg"":-70.1,""pitch_deg"":-5.8,""steady"":true}"
22.171,right_hand,og,acc,2373615,"{""seq"":1074,""x_mg"":-308,""y_mg"":-1036,""z_mg"":32}"
22.171,right_hand,og,tilt,,"{""roll_deg"":-70.1,""pitch_deg"":-5.8,""steady"":true}"
22.171,right_hand,og,acc,2373635,"{""seq"":1075,""x_mg"":-264,""y_mg"":-984,""z_mg"":48}"
22.171,right_hand,og,tilt,,"{""roll_deg"":-70.1,""pitch_deg"":-5.8,""steady"":true}"
22.203,right_hand,og,acc,2373656,"{""seq"":1076,""x_mg"":-224,""y_mg"":-916,""z_mg"":36}"
22.203,right_hand,og,tilt,,"{""roll_deg"":-70.1,""pitch_deg"":-5.8,""steady"":true}"
22.234,right_hand,og,acc,2373677,"{""seq"":1077,""x_mg"":-300,""y_mg"":-944,""z_mg"":48}"
22.234,right_hand,og,tilt,,"{""roll_deg"":-70.3,""pitch_deg"":-5.8,""steady"":true}"
22.234,right_hand,og,acc,2373697,"{""seq"":1078,""x_mg"":-308,""y_mg"":-964,""z_mg"":80}"
22.234,right_hand,og,tremor,,"{""rms_mg"":56.8,""peak_hz"":8.9}"
22.234,right_hand,og,tilt,,"{""roll_deg"":-70.3,""pitch_deg"":-5.8,""steady"":true}"
22.265,right_hand,og,acc,2373718,"{""seq"":1079,""x_mg"":-304,""y_mg"":-968,""z_mg"":88}"
22.265,right_hand,og,tilt,,"{""roll_deg"":-70.3,""pitch_deg"":-5.8,""steady"":true}"
22.281,right_hand,og,acc,2373738,"{""seq"":1080,""x_mg"":-320,""y_mg"":-1000,""z_mg"":96}"
22.281,right_hand,og,tilt,,"{""roll_deg"":-70.3,""pitch_deg"":-5.8,""steady"":true}"
22.312,right_hand,og,acc,2373759,"{""seq"":1081,""x_mg"":-300,""y_mg"":-1028,""z_mg"":120}"
22.312,right_hand,og,tilt,,"{""roll_deg"":-70.3,""pitch_deg"":-5.8,""steady"":true}"
22.312,right_hand,og,acc,2373779,"{""seq"":1082,""x_mg"":-304,""y_mg"":-960,""z_mg"":116}"
22.312,right_hand,og,tilt,,"{""roll_deg"":-70.3,""pitch_deg"":-5.8,""steady"":true}"
22.343,right_hand,og,acc,2373800,"{""seq"":1083,""x_mg"":-276,""y_mg"":-864,""z_mg"":120}"
22.343,right_hand,og,tilt,,"{""roll_deg"":-70.3,""pitch_deg"":-5.8,""steady"":true}"
22.375,right_hand,og,acc,2373821,"{""seq"":1084,""x_mg"":-304,""y_mg"":-900,""z_mg"":132}"
22.375,right_hand,og,tilt,,"{""roll_deg"":-70.3,""pitch_deg"":-5.8,""steady"":true}"
22.375,right_hand,og,acc,2373841,"{""seq"":1085,""x_mg"":-288,""y_mg"":-1016,""z_mg"":148}"
22.375,right_hand,og,tilt,,"{""roll_deg"":-70.3,""pitch_deg"":-5.8,""steady"":true}"
22.406,right_hand,og,acc,2373862,"{""seq"":1086,""x_mg"":-288,""y_mg"":-1020,""z_mg"":136}"
22.406,right_hand,og,tilt,,"{""roll_deg"":-70.3,""pitch_deg"":-5.8,""steady"":true}"
22.437,right_hand,og,acc,2373882,"{""seq"":1087,""x_mg"":-300,""y_mg"":-964,""z_mg"":140}"
22.437,right_hand,og,tilt,,"{""roll_deg"":-70.3,""pitch_deg"":-5.8,""steady"":true}"
22.437,right_hand,og,acc,2373903,"{""seq"":1088,""x_mg"":-288,""y_mg"":-952,""z_mg"":140}"
22.437,right_hand,og,tilt,,"{""roll_deg"":-70.3,""pitch_deg"":-5.8,""steady"":true}"
22.453,right_hand,og,acc,2373923,"{""seq"":1089,""x_mg"":-284,""y_mg"":-1044,""z_mg"":196}"
22.453,right_hand,og,tilt,,"{""roll_deg"":-70.3,""pitch_deg"":-5.8,""steady"":true}"
22.484,right_hand,og,acc,2373944,"{""seq"":1090,""x_mg"":-332,""y_mg"":-888,""z_mg"":148}"
22.484,right_hand,og,tilt,,"{""roll_deg"":-70.2,""pitch_deg"":-5.8,""steady"":true}"
22.515,right_hand,og,acc,2373965,"{""seq"":1091,""x_mg"":-280,""y_mg"":-988,""z_mg"":200}"
22.515,right_hand,og,tilt,,"{""roll_deg"":-70.1,""pitch_deg"":-5.8,""steady"":true}"
22.515,right_hand,og,acc,2373985,"{""seq"":1092,""x_mg"":-288,""y_mg"":-1016,""z_mg"":140}"
22.515,right_hand,og,tilt,,"{""roll_deg"":-70.0,""pitch_deg"":-5.8,""steady"":true}"
22.546,right_hand,og,acc,2374006,"{""seq"":1093,""x_mg"":-336,""y_mg"":-868,""z_mg"":204}"
22.546,right_hand,og,tilt,,"{""roll_deg"":-69.9,""pitch_deg"":-5.8,""steady"":true}"
22.593,right_hand,og,acc,2374026,"{""seq"":1094,""x_mg"":-316,""y_mg"":-840,""z_mg"":200}"
22.593,right_hand,og,tilt,,"{""roll_deg"":-68.9,""pitch_deg"":-5.8,""steady"":true}"
22.593,right_hand,og,acc,2374047,"{""seq"":1095,""x_mg"":-324,""y_mg"":-940,""z_mg"":212}"
22.593,right_hand,og,tilt,,"{""roll_deg"":-68.0,""pitch_deg"":-5.8,""steady"":true}"
22.625,right_hand,og,acc,2374067,"{""seq"":1096,""x_mg"":-308,""y_mg"":-968,""z_mg"":216}"
22.625,right_hand,og,tilt,,"{""roll_deg"":-67.5,""pitch_deg"":-5.9,""steady"":true}"
22.656,right_hand,og,acc,2374088,"{""seq"":1097,""x_mg"":-300,""y_mg"":-924,""z_mg"":200}"
22.656,right_hand,og,tilt,,"{""roll_deg"":-67.4,""pitch_deg"":-5.9,""steady"":true}"
22.656,right_hand,og,acc,2374109,"{""seq"":1098,""x_mg"":-320,""y_mg"":-956,""z_mg"":184}"
22.656,right_hand,og,tilt,,"{""roll_deg"":-67.4,""pitch_deg"":-6.0,""steady"":true}"
22.671,right_hand,og,acc,2374129,"{""seq"":1099,""x_mg"":-312,""y_mg"":-996,""z_mg"":216}"
22.671,right_hand,og,tilt,,"{""roll_deg"":-67.3,""pitch_deg"":-6.0,""steady"":true}"
22.703,right_hand,og,acc,2374150,"{""seq"":1100,""x_mg"":-292,""y_mg"":-1016,""z_mg"":220}"
22.703,right_hand,og,tilt,,"{""roll_deg"":-67.3,""pitch_deg"":-6.0,""steady"":true}"
22.734,right_hand,og,acc,2374170,"{""seq"":1101,""x_mg"":-292,""y_mg"":-996,""z_mg"":228}"
22.734,right_hand,og,tilt,,"{""roll_deg"":-67.3,""pitch_deg"":-6.0,""steady"":true}"
22.734,right_hand,og,acc,2374191,"{""seq"":1102,""x_mg"":-280,""y_mg"":-976,""z_mg"":232}"
22.734,right_hand,og,tilt,,"{""roll_deg"":-67.3,""pitch_deg"":-6.0,""steady"":true}"
22.765,right_hand,og,acc,2374211,"{""seq"":1103,""x_mg"":-292,""y_mg"":-956,""z_mg"":232}"
22.765,right_hand,og,tilt,,"{""roll_deg"":-67.3,""pitch_deg"":-6.0,""steady"":true}"
22.765,right_hand,og,acc,2374232,"{""seq"":1104,""x_mg"":-300,""y_mg"":-928,""z_mg"":224}"
22.765,right_hand,og,tilt,,"{""roll_deg"":-67.3,""pitch_deg"":-6.0,""steady"":true}"
22.796,right_hand,og,acc,2374252,"{""seq"":1105,""x_mg"":-296,""y_mg"":-964,""z_mg"":232}"
22.796,right_hand,og,tilt,,"{""roll_deg"":-67.3,""pitch_deg"":-6.0,""steady"":true}"
22.828,right_hand,og,acc,2374273,"{""seq"":1106,""x_mg"":-300,""y_mg"":-972,""z_mg"":224}"
22.828,right_hand,og,tilt,,"{""roll_deg"":-67.3,""pitch_deg"":-6.0,""steady"":true}"
22.828,right_hand,og,acc,2374294,"{""seq"":1107,""x_mg"":-296,""y_mg"":-948,""z_mg"":232}"
22.828,right_hand,og,tilt,,"{""roll_deg"":-67.3,""pitch_deg"":-6.0,""steady"":true}"
22.859,right_hand,og,acc,2374314,"{""seq"":1108,""x_mg"":-308,""y_mg"":-932,""z_mg"":220}"
22.859,right_hand,og,tilt,,"{""roll_deg"":-67.2,""pitch_deg"":-6.0,""steady"":true}"
22.890,right_hand,og,acc,2374335,"{""seq"":1109,""x_mg"":-328,""y_mg"":-920,""z_mg"":212}"
22.890,right_hand,og,tilt,,"{""roll_deg"":-67.1,""pitch_deg"":-6.0,""steady"":true}"
22.890,right_hand,og,acc,2374355,"{""seq"":1110,""x_mg"":-324,""y_mg"":-952,""z_mg"":204}"
22.890,right_hand,og,tilt,,"{""roll_deg"":-67.0,""pitch_deg"":-6.0,""steady"":true}"
22.937,right_hand,og,acc,2374376,"{""seq"":1111,""x_mg"":-308,""y_mg"":-964,""z_mg"":204}"
22.937,right_hand,og,tilt,,"{""roll_deg"":-66.9,""pitch_deg"":-6.0,""steady"":true}"
22.937,right_hand,og,acc,2374396,"{""seq"":1112,""x_mg"":-280,""y_mg"":-976,""z_mg"":200}"
22.937,right_hand,og,tilt,,"{""roll_deg"":-66.9,""pitch_deg"":-6.0,""steady"":true}"
22.968,right_hand,og,acc,2374417,"{""seq"":1113,""x_mg"":-308,""y_mg"":-928,""z_mg"":204}"
22.968,right_hand,og,tilt,,"{""roll_deg"":-66.9,""pitch_deg"":-6.0,""steady"":true}"
22.968,right_hand,og,acc,2374438,"{""seq"":1114,""x_mg"":-284,""y_mg"":-920,""z_mg"":216}"
22.968,right_hand,og,tilt,,"{""roll_deg"":-66.9,""pitch_deg"":-6.0,""steady"":true}"
23.000,right_hand,og,acc,2374458,"{""seq"":1115,""x_mg"":-292,""y_mg"":-976,""z_mg"":204}"
23.000,right_hand,og,tilt,,"{""roll_deg"":-66.9,""pitch_deg"":-6.0,""steady"":true}"
23.031,right_hand,og,acc,2374479,"{""seq"":1116,""x_mg"":-300,""y_mg"":-996,""z_mg"":196}"
23.031,right_hand,og,tilt,,"{""roll_deg"":-66.9,""pitch_deg"":-6.0,""steady"":true}"
23.031,right_hand,og,acc,2374499,"{""seq"":1117,""x_mg"":-312,""y_mg"":-1000,""z_mg"":212}"
23.031,right_hand,og,tilt,,"{""roll_deg"":-66.9,""pitch_deg"":-6.0,""steady"":true}"
23.062,right_hand,og,acc,2374520,"{""seq"":1118,""x_mg"":-324,""y_mg"":-1000,""z_mg"":196}"
23.062,right_hand,og,tilt,,"{""roll_deg"":-66.9,""pitch_deg"":-6.0,""steady"":true}"
23.078,right_hand,og,acc,2374540,"{""seq"":1119,""x_mg"":-304,""y_mg"":-964,""z_mg"":212}"
23.078,right_hand,og,tilt,,"{""roll_deg"":-66.9,""pitch_deg"":-6.0,""steady"":true}"
23.078,right_hand,og,acc,2374561,"{""seq"":1120,""x_mg"":-284,""y_mg"":-932,""z_mg"":236}"
23.078,right_hand,og,tilt,,"{""roll_deg"":-66.9,""pitch_deg"":-6.0,""steady"":true}"
23.109,right_hand,og,acc,2374582,"{""seq"":1121,""x_mg"":-272,""y_mg"":-940,""z_mg"":260}"
23.109,right_hand,og,tilt,,"{""roll_deg"":-66.9,""pitch_deg"":-6.0,""steady"":true}"
23.140,right_hand,og,acc,2374602,"{""seq"":1122,""x_mg"":-284,""y_mg"":-932,""z_mg"":268}"
23.140,right_hand,og,tilt,,"{""roll_deg"":-66.9,""pitch_deg"":-6.0,""steady"":true}"
23.171,right_hand,og,acc,2374623,"{""seq"":1123,""x_mg"":-324,""y_mg"":-932,""z_mg"":264}"
23.171,right_hand,og,tilt,,"{""roll_deg"":-66.9,""pitch_deg"":-6.0,""steady"":true}"
23.171,right_hand,og,acc,2374643,"{""seq"":1124,""x_mg"":-344,""y_mg"":-896,""z_mg"":272}"
23.171,right_hand,og,tilt,,"{""roll_deg"":-66.7,""pitch_deg"":-6.0,""steady"":true}"
23.203,right_hand,og,acc,2374664,"{""seq"":1125,""x_mg"":-288,""y_mg"":-952,""z_mg"":308}"
23.203,right_hand,og,tilt,,"{""roll_deg"":-66.3,""pitch_deg"":-6.0,""steady"":true}"
23.234,right_hand,og,acc,2374684,"{""seq"":1126,""x_mg"":-288,""y_mg"":-948,""z_mg"":268}"
23.234,right_hand,og,tilt,,"{""roll_deg"":-66.1,""pitch_deg"":-6.0,""steady"":true}"
23.234,right_hand,og,acc,2374705,"{""seq"":1127,""x_mg"":-304,""y_mg"":-908,""z_mg"":280}"
23.234,right_hand,og,tilt,,"{""roll_deg"":-65.8,""pitch_deg"":-6.0,""steady"":true}"
23.281,right_hand,og,acc,2374725,"{""seq"":1128,""x_mg"":-292,""y_mg"":-960,""z_mg"":292}"
23.281,right_hand,og,tilt,,"{""roll_deg"":-65.7,""pitch_deg"":-6.0,""steady"":true}"
23.296,right_hand,og,acc,2374746,"{""seq"":1129,""x_mg"":-312,""y_mg"":-944,""z_mg"":272}"
23.296,right_hand,og,tilt,,"{""roll_deg"":-65.5,""pitch_deg"":-6.0,""steady"":true}"
23.296,right_hand,og,acc,2374767,"{""seq"":1130,""x_mg"":-308,""y_mg"":-916,""z_mg"":280}"
23.296,right_hand,og,tilt,,"{""roll_deg"":-65.4,""pitch_deg"":-6.0,""steady"":true}"
23.328,right_hand,og,acc,2374787,"{""seq"":1131,""x_mg"":-300,""y_mg"":-952,""z_mg"":284}"
23.328,right_hand,og,tilt,,"{""roll_deg"":-65.3,""pitch_deg"":-6.0,""steady"":true}"
23.359,right_hand,og,acc,2374808,"{""seq"":1132,""x_mg"":-316,""y_mg"":-940,""z_mg"":256}"
23.359,right_hand,og,tilt,,"{""roll_deg"":-65.2,""pitch_deg"":-6.0,""steady"":true}"
23.390,right_hand,og,acc,2374828,"{""seq"":1133,""x_mg"":-328,""y_mg"":-928,""z_mg"":264}"
23.390,right_hand,og,tilt,,"{""roll_deg"":-65.1,""pitch_deg"":-6.0,""steady"":true}"
23.390,right_hand,og,acc,2374849,"{""seq"":1134,""x_mg"":-300,""y_mg"":-948,""z_mg"":260}"
23.390,right_hand,og,tilt,,"{""roll_deg"":-65.1,""pitch_deg"":-6.0,""steady"":true}"
23.421,right_hand,og,acc,2374869,"{""seq"":1135,""x_mg"":-300,""y_mg"":-912,""z_mg"":276}"
23.421,right_hand,og,tilt,,"{""roll_deg"":-65.0,""pitch_deg"":-6.0,""steady"":true}"
23.453,right_hand,og,acc,2374890,"{""seq"":1136,""x_mg"":-276,""y_mg"":-952,""z_mg"":284}"
23.453,right_hand,og,tilt,,"{""roll_deg"":-65.0,""pitch_deg"":-6.0,""steady"":true}"
23.453,right_hand,og,acc,2374911,"{""seq"":1137,""x_mg"":-304,""y_mg"":-940,""z_mg"":288}"
23.453,right_hand,og,tilt,,"{""roll_deg"":-65.0,""pitch_deg"":-6.0,""steady"":true}"
23.484,right_hand,og,acc,2374931,"{""seq"":1138,""x_mg"":-288,""y_mg"":-968,""z_mg"":348}"
23.484,right_hand,og,tilt,,"{""roll_deg"":-64.9,""pitch_deg"":-6.0,""steady"":true}"
23.484,right_hand,og,acc,2374952,"{""seq"":1139,""x_mg"":-296,""y_mg"":-964,""z_mg"":340}"
23.484,right_hand,og,tilt,,"{""roll_deg"":-64.7,""pitch_deg"":-6.0,""steady"":true}"
23.500,right_hand,og,acc,2374972,"{""seq"":1140,""x_mg"":-272,""y_mg"":-920,""z_mg"":288}"
23.500,right_hand,og,tilt,,"{""roll_deg"":-64.5,""pitch_deg"":-6.0,""steady"":true}"
23.531,,game,miss,,"{""n"":10,""speed"":0.2}"
23.531,right_hand,og,acc,2374993,"{""seq"":1141,""x_mg"":-352,""y_mg"":-896,""z_mg"":304}"
23.531,right_hand,og,tilt,,"{""roll_deg"":-64.3,""pitch_deg"":-6.0,""steady"":true}"
23.562,right_hand,og,acc,2375013,"{""seq"":1142,""x_mg"":-312,""y_mg"":-876,""z_mg"":292}"
23.562,right_hand,og,tilt,,"{""roll_deg"":-64.0,""pitch_deg"":-6.0,""steady"":true}"
23.593,right_hand,og,acc,2375034,"{""seq"":1143,""x_mg"":-328,""y_mg"":-916,""z_mg"":308}"
23.593,right_hand,og,tilt,,"{""roll_deg"":-63.7,""pitch_deg"":-6.0,""steady"":true}"
23.593,right_hand,og,acc,2375055,"{""seq"":1144,""x_mg"":-316,""y_mg"":-936,""z_mg"":312}"
23.593,right_hand,og,tilt,,"{""roll_deg"":-63.4,""pitch_deg"":-6.0,""steady"":true}"
23.625,right_hand,og,acc,2375075,"{""seq"":1145,""x_mg"":-316,""y_mg"":-912,""z_mg"":296}"
23.625,right_hand,og,tilt,,"{""roll_deg"":-63.3,""pitch_deg"":-6.0,""steady"":true}"
23.656,right_hand,og,acc,2375096,"{""seq"":1146,""x_mg"":-312,""y_mg"":-908,""z_mg"":316}"
23.656,right_hand,og,tilt,,"{""roll_deg"":-63.3,""pitch_deg"":-6.1,""steady"":true}"
23.656,right_hand,og,acc,2375116,"{""seq"":1147,""x_mg"":-304,""y_mg"":-876,""z_mg"":312}"
23.656,right_hand,og,tilt,,"{""roll_deg"":-63.1,""pitch_deg"":-6.1,""steady"":true}"
23.687,right_hand,og,acc,2375137,"{""seq"":1148,""x_mg"":-300,""y_mg"":-892,""z_mg"":328}"
23.687,right_hand,og,tilt,,"{""roll_deg"":-62.9,""pitch_deg"":-6.2,""steady"":true}"
23.687,right_hand,og,acc,2375157,"{""seq"":1149,""x_mg"":-304,""y_mg"":-964,""z_mg"":328}"
23.687,right_hand,og,tilt,,"{""roll_deg"":-62.7,""pitch_deg"":-6.2,""steady"":true}"
23.703,right_hand,og,acc,2375178,"{""seq"":1150,""x_mg"":-308,""y_mg"":-968,""z_mg"":336}"
23.703,right_hand,og,tilt,,"{""roll_deg"":-62.7,""pitch_deg"":-6.2,""steady"":true}"
23.734,right_hand,og,acc,2375199,"{""seq"":1151,""x_mg"":-304,""y_mg"":-936,""z_mg"":332}"
23.734,right_hand,og,tilt,,"{""roll_deg"":-62.7,""pitch_deg"":-6.2,""steady"":true}"
23.765,right_hand,og,acc,2375219,"{""seq"":1152,""x_mg"":-308,""y_mg"":-928,""z_mg"":328}"
23.765,right_hand,og,tilt,,"{""roll_deg"":-62.7,""pitch_deg"":-6.2,""steady"":true}"
23.796,right_hand,og,acc,2375240,"{""seq"":1153,""x_mg"":-308,""y_mg"":-928,""z_mg"":308}"
23.796,right_hand,og,tilt,,"{""roll_deg"":-62.7,""pitch_deg"":-6.2,""steady"":true}"
23.796,right_hand,og,acc,2375260,"{""seq"":1154,""x_mg"":-304,""y_mg"":-920,""z_mg"":308}"
23.796,right_hand,og,tilt,,"{""roll_deg"":-62.7,""pitch_deg"":-6.2,""steady"":true}"
23.828,right_hand,og,acc,2375281,"{""seq"":1155,""x_mg"":-308,""y_mg"":-928,""z_mg"":320}"
23.828,right_hand,og,tilt,,"{""roll_deg"":-62.7,""pitch_deg"":-6.2,""steady"":true}"
23.828,right_hand,og,acc,2375301,"{""seq"":1156,""x_mg"":-304,""y_mg"":-920,""z_mg"":316}"
23.828,right_hand,og,tilt,,"{""roll_deg"":-62.7,""pitch_deg"":-6.2,""steady"":true}"
23.859,right_hand,og,acc,2375322,"{""seq"":1157,""x_mg"":-300,""y_mg"":-904,""z_mg"":328}"
23.859,right_hand,og,tilt,,"{""roll_deg"":-62.7,""pitch_deg"":-6.2,""steady"":true}"
23.890,right_hand,og,acc,2375343,"{""seq"":1158,""x_mg"":-324,""y_mg"":-920,""z_mg"":340}"
23.890,right_hand,og,tilt,,"{""roll_deg"":-62.7,""pitch_deg"":-6.2,""steady"":true}"
23.890,right_hand,og,acc,2375363,"{""seq"":1159,""x_mg"":-308,""y_mg"":-924,""z_mg"":352}"
23.890,right_hand,og,tilt,,"{""roll_deg"":-62.6,""pitch_deg"":-6.2,""steady"":true}"
23.921,right_hand,og,acc,2375384,"{""seq"":1160,""x_mg"":-304,""y_mg"":-900,""z_mg"":348}"
23.921,right_hand,og,tilt,,"{""roll_deg"":-62.5,""pitch_deg"":-6.2,""steady"":true}"
23.953,right_hand,og,acc,2375404,"{""seq"":1161,""x_mg"":-304,""y_mg"":-896,""z_mg"":376}"
23.953,right_hand,og,tilt,,"{""roll_deg"":-62.3,""pitch_deg"":-6.2,""steady"":true}"
23.984,right_hand,og,acc,2375425,"{""seq"":1162,""x_mg"":-312,""y_mg"":-900,""z_mg"":372}"
23.984,right_hand,og,tilt,,"{""roll_deg"":-61.9,""pitch_deg"":-6.2,""steady"":true}"
23.984,right_hand,og,acc,2375445,"{""seq"":1163,""x_mg"":-316,""y_mg"":-876,""z_mg"":392}"
23.984,right_hand,og,tilt,,"{""roll_deg"":-61.6,""pitch_deg"":-6.2,""steady"":true}"
24.015,right_hand,og,acc,2375466,"{""seq"":1164,""x_mg"":-320,""y_mg"":-900,""z_mg"":400}"
24.015,right_hand,og,tilt,,"{""roll_deg"":-61.1,""pitch_deg"":-6.2,""steady"":true}"
24.046,right_hand,og,acc,2375486,"{""seq"":1165,""x_mg"":-328,""y_mg"":-888,""z_mg"":400}"
24.046,right_hand,og,tilt,,"{""roll_deg"":-60.6,""pitch_deg"":-6.2,""steady"":true}"
24.046,right_hand,og,acc,2375507,"{""seq"":1166,""x_mg"":-332,""y_mg"":-896,""z_mg"":404}"
24.046,right_hand,og,tilt,,"{""roll_deg"":-60.1,""pitch_deg"":-6.2,""steady"":true}"
24.078,right_hand,og,acc,2375528,"{""seq"":1167,""x_mg"":-320,""y_mg"":-888,""z_mg"":416}"
24.078,right_hand,og,tilt,,"{""roll_deg"":-59.6,""pitch_deg"":-6.3,""steady"":true}"
24.109,right_hand,og,acc,2375548,"{""seq"":1168,""x_mg"":-316,""y_mg"":-868,""z_mg"":404}"
24.109,right_hand,og,tilt,,"{""roll_deg"":-59.2,""pitch_deg"":-6.4,""steady"":true}"
24.109,right_hand,og,acc,2375569,"{""seq"":1169,""x_mg"":-332,""y_mg"":-816,""z_mg"":388}"
24.109,right_hand,og,tilt,,"{""roll_deg"":-58.9,""pitch_deg"":-6.5,""steady"":true}"
24.140,right_hand,og,acc,2375589,"{""seq"":1170,""x_mg"":-288,""y_mg"":-916,""z_mg"":424}"
24.140,right_hand,og,tilt,,"{""roll_deg"":-58.7,""pitch_deg"":-6.5,""steady"":true}"
24.156,right_hand,og,acc,2375610,"{""seq"":1171,""x_mg"":-320,""y_mg"":-912,""z_mg"":404}"
24.156,right_hand,og,tilt,,"{""roll_deg"":-58.7,""pitch_deg"":-6.5,""steady"":true}"
24.187,right_hand,og,acc,2375630,"{""seq"":1172,""x_mg"":-332,""y_mg"":-868,""z_mg"":416}"
24.187,right_hand,og,tilt,,"{""roll_deg"":-58.7,""pitch_deg"":-6.5,""steady"":true}"
24.187,right_hand,og,acc,2375651,"{""seq"":1173,""x_mg"":-308,""y_mg"":-876,""z_mg"":432}"
24.187,right_hand,og,tilt,,"{""roll_deg"":-58.4,""pitch_deg"":-6.5,""steady"":true}"
24.218,right_hand,og,acc,2375672,"{""seq"":1174,""x_mg"":-336,""y_mg"":-832,""z_mg"":380}"
24.218,right_hand,og,tilt,,"{""roll_deg"":-58.2,""pitch_deg"":-6.6,""steady"":true}"
24.250,right_hand,og,acc,2375692,"{""seq"":1175,""x_mg"":-316,""y_mg"":-852,""z_mg"":396}"
24.250,right_hand,og,tilt,,"{""roll_deg"":-58.0,""pitch_deg"":-6.7,""steady"":true}"
24.250,right_hand,og,acc,2375713,"{""seq"":1176,""x_mg"":-308,""y_mg"":-872,""z_mg"":428}"
24.250,right_hand,og,tremor,,"{""rms_mg"":39.1,""peak_hz"":8.7}"
24.250,right_hand,og,tilt,,"{""roll_deg"":-57.8,""pitch_deg"":-6.7,""steady"":true}"
24.281,right_hand,og,acc,2375733,"{""seq"":1177,""x_mg"":-316,""y_mg"":-872,""z_mg"":424}"
24.281,right_hand,og,tilt,,"{""roll_deg"":-57.7,""pitch_deg"":-6.7,""steady"":true}"
24.312,right_hand,og,acc,2375754,"{""seq"":1178,""x_mg"":-348,""y_mg"":-840,""z_mg"":448}"
24.312,right_hand,og,tilt,,"{""roll_deg"":-57.6,""pitch_deg"":-6.7,""steady"":true}"
24.312,right_hand,og,acc,2375774,"{""seq"":1179,""x_mg"":-320,""y_mg"":-888,""z_mg"":428}"
24.312,right_hand,og,tilt,,"{""roll_deg"":-57.5,""pitch_deg"":-6.7,""steady"":true}"
24.328,right_hand,og,acc,2375795,"{""seq"":1180,""x_mg"":-336,""y_mg"":-876,""z_mg"":444}"
24.328,right_hand,og,tilt,,"{""roll_deg"":-57.2,""pitch_deg"":-6.8,""steady"":true}"
24.359,right_hand,og,acc,2375816,"{""seq"":1181,""x_mg"":-316,""y_mg"":-868,""z_mg"":456}"
24.359,right_hand,og,tilt,,"{""roll_deg"":-57.0,""pitch_deg"":-6.8,""steady"":true}"
24.390,right_hand,og,acc,2375836,"{""seq"":1182,""x_mg"":-304,""y_mg"":-864,""z_mg"":472}"
24.390,right_hand,og,tilt,,"{""roll_deg"":-56.8,""pitch_deg"":-6.8,""steady"":true}"
24.390,right_hand,og,acc,2375857,"{""seq"":1183,""x_mg"":-312,""y_mg"":-852,""z_mg"":428}"
24.390,right_hand,og,tilt,,"{""roll_deg"":-56.6,""pitch_deg"":-6.8,""steady"":true}"
24.421,right_hand,og,acc,2375877,"{""seq"":1184,""x_mg"":-316,""y_mg"":-852,""z_mg"":468}"
24.421,right_hand,og,tilt,,"{""roll_deg"":-56.4,""pitch_deg"":-6.8,""steady"":true}"
24.421,right_hand,og,acc,2375898,"{""seq"":1185,""x_mg"":-272,""y_mg"":-840,""z_mg"":460}"
24.421,right_hand,og,tilt,,"{""roll_deg"":-56.3,""pitch_deg"":-6.8,""steady"":true}"
24.453,right_hand,og,acc,2375918,"{""seq"":1186,""x_mg"":-272,""y_mg"":-840,""z_mg"":468}"
24.453,right_hand,og,tilt,,"{""roll_deg"":-56.2,""pitch_deg"":-6.8,""steady"":true}"
24.484,right_hand,og,acc,2375939,"{""seq"":1187,""x_mg"":-352,""y_mg"":-820,""z_mg"":492}"
24.484,right_hand,og,tilt,,"{""roll_deg"":-56.1,""pitch_deg"":-6.8,""steady"":true}"
24.484,right_hand,og,acc,2375960,"{""seq"":1188,""x_mg"":-392,""y_mg"":-820,""z_mg"":444}"
24.484,right_hand,og,tilt,,"{""roll_deg"":-55.4,""pitch_deg"":-6.8,""steady"":true}"
24.531,right_hand,og,acc,2375980,"{""seq"":1189,""x_mg"":-324,""y_mg"":-840,""z_mg"":444}"
24.531,right_hand,og,tilt,,"{""roll_deg"":-54.8,""pitch_deg"":-6.8,""steady"":true}"
24.546,right_hand,og,acc,2376001,"{""seq"":1190,""x_mg"":-312,""y_mg"":-908,""z_mg"":424}"
24.546,right_hand,og,tilt,,"{""roll_deg"":-54.8,""pitch_deg"":-6.8,""steady"":true}"
24.578,right_hand,og,acc,2376021,"{""seq"":1191,""x_mg"":-296,""y_mg"":-928,""z_mg"":408}"
24.578,right_hand,og,tilt,,"{""roll_deg"":-54.8,""pitch_deg"":-6.8,""steady"":true}"
24.578,right_hand,og,acc,2376042,"{""seq"":1192,""x_mg"":-308,""y_mg"":-904,""z_mg"":420}"
24.578,right_hand,og,tilt,,"{""roll_deg"":-54.8,""pitch_deg"":-6.8,""steady"":true}"
24.609,right_hand,og,acc,2376062,"{""seq"":1193,""x_mg"":-296,""y_mg"":-872,""z_mg"":400}"
24.609,right_hand,og,tilt,,"{""roll_deg"":-55.0,""pitch_deg"":-6.8,""steady"":true}"
24.640,right_hand,og,acc,2376083,"{""seq"":1194,""x_mg"":-300,""y_mg"":-860,""z_mg"":404}"
24.640,right_hand,og,tilt,,"{""roll_deg"":-55.3,""pitch_deg"":-6.8,""steady"":true}"
24.640,right_hand,og,acc,2376104,"{""seq"":1195,""x_mg"":-296,""y_mg"":-908,""z_mg"":404}"
24.640,right_hand,og,tilt,,"{""roll_deg"":-55.6,""pitch_deg"":-6.8,""steady"":true}"
24.671,right_hand,og,acc,2376124,"{""seq"":1196,""x_mg"":-316,""y_mg"":-860,""z_mg"":372}"
24.671,right_hand,og,tilt,,"{""roll_deg"":-55.9,""pitch_deg"":-6.8,""steady"":true}"
24.703,right_hand,og,acc,2376145,"{""seq"":1197,""x_mg"":-320,""y_mg"":-864,""z_mg"":392}"
24.703,right_hand,og,tilt,,"{""roll_deg"":-56.2,""pitch_deg"":-6.8,""steady"":true}"
24.703,right_hand,og,acc,2376165,"{""seq"":1198,""x_mg"":-312,""y_mg"":-880,""z_mg"":364}"
24.703,right_hand,og,tilt,,"{""roll_deg"":-56.5,""pitch_deg"":-6.8,""steady"":true}"
24.734,right_hand,og,acc,2376186,"{""seq"":1199,""x_mg"":-308,""y_mg"":-864,""z_mg"":372}"
24.734,right_hand,og,tilt,,"{""roll_deg"":-56.8,""pitch_deg"":-6.8,""steady"":true}"
24.765,right_hand,og,acc,2376206,"{""seq"":1200,""x_mg"":-316,""y_mg"":-936,""z_mg"":340}"
24.765,right_hand,og,tilt,,"{""roll_deg"":-57.2,""pitch_deg"":-6.8,""steady"":true}"
24.765,right_hand,og,acc,2376227,"{""seq"":1201,""x_mg"":-312,""y_mg"":-944,""z_mg"":356}"
24.765,right_hand,og,tilt,,"{""roll_deg"":-57.9,""pitch_deg"":-6.8,""steady"":true}"
24.781,right_hand,og,acc,2376248,"{""seq"":1202,""x_mg"":-312,""y_mg"":-908,""z_mg"":368}"
24.781,right_hand,og,tilt,,"{""roll_deg"":-58.6,""pitch_deg"":-6.8,""steady"":true}"
24.812,right_hand,og,acc,2376268,"{""seq"":1203,""x_mg"":-328,""y_mg"":-872,""z_mg"":364}"
24.812,right_hand,og,tilt,,"{""roll_deg"":-58.8,""pitch_deg"":-6.8,""steady"":true}"
24.843,right_hand,og,acc,2376289,"{""seq"":1204,""x_mg"":-304,""y_mg"":-880,""z_mg"":372}"
24.843,right_hand,og,tilt,,"{""roll_deg"":-58.8,""pitch_deg"":-6.8,""steady"":true}"
24.843,right_hand,og,acc,2376309,"{""seq"":1205,""x_mg"":-280,""y_mg"":-916,""z_mg"":348}"
24.843,right_hand,og,tilt,,"{""roll_deg"":-58.8,""pitch_deg"":-6.8,""steady"":true}"
24.875,right_hand,og,acc,2376330,"{""seq"":1206,""x_mg"":-288,""y_mg"":-868,""z_mg"":344}"
24.875,right_hand,og,tilt,,"{""roll_deg"":-59.1,""pitch_deg"":-6.8,""steady"":true}"
24.906,right_hand,og,acc,2376350,"{""seq"":1207,""x_mg"":-316,""y_mg"":-880,""z_mg"":380}"
24.906,right_hand,og,tilt,,"{""roll_deg"":-59.3,""pitch_deg"":-6.8,""steady"":true}"
24.906,right_hand,og,acc,2376371,"{""seq"":1208,""x_mg"":-308,""y_mg"":-896,""z_mg"":368}"
24.906,right_hand,og,tilt,,"{""roll_deg"":-59.3,""pitch_deg"":-6.8,""steady"":true}"
24.937,right_hand,og,acc,2376392,"{""seq"":1209,""x_mg"":-312,""y_mg"":-884,""z_mg"":360}"
24.937,right_hand,og,tilt,,"{""roll_deg"":-59.3,""pitch_deg"":-6.8,""steady"":true}"
24.968,right_hand,og,acc,2376412,"{""seq"":1210,""x_mg"":-304,""y_mg"":-884,""z_mg"":352}"
24.968,right_hand,og,tilt,,"{""roll_deg"":-59.3,""pitch_deg"":-6.8,""steady"":true}"
24.968,right_hand,og,acc,2376433,"{""seq"":1211,""x_mg"":-316,""y_mg"":-908,""z_mg"":320}"
24.968,right_hand,og,tilt,,"{""roll_deg"":-59.3,""pitch_deg"":-6.8,""steady"":true}"
24.984,right_hand,og,acc,2376453,"{""seq"":1212,""x_mg"":-308,""y_mg"":-920,""z_mg"":304}"
24.984,right_hand,og,tilt,,"{""roll_deg"":-59.6,""pitch_deg"":-6.8,""steady"":true}"
25.015,right_hand,og,acc,2376474,"{""seq"":1213,""x_mg"":-308,""y_mg"":-936,""z_mg"":308}"
25.015,right_hand,og,tilt,,"{""roll_deg"":-60.1,""pitch_deg"":-6.8,""steady"":true}"
25.046,right_hand,og,acc,2376494,"{""seq"":1214,""x_mg"":-304,""y_mg"":-924,""z_mg"":312}"
25.046,right_hand,og,tilt,,"{""roll_deg"":-60.5,""pitch_deg"":-6.8,""steady"":true}"
25.046,right_hand,og,acc,2376515,"{""seq"":1215,""x_mg"":-292,""y_mg"":-936,""z_mg"":320}"
25.046,right_hand,og,tilt,,"{""roll_deg"":-60.9,""pitch_deg"":-6.8,""steady"":true}"
25.078,right_hand,og,acc,2376535,"{""seq"":1216,""x_mg"":-312,""y_mg"":-888,""z_mg"":320}"
25.078,right_hand,og,tilt,,"{""roll_deg"":-61.1,""pitch_deg"":-6.8,""steady"":true}"
25.109,right_hand,og,acc,2376556,"{""seq"":1217,""x_mg"":-340,""y_mg"":-892,""z_mg"":320}"
25.109,right_hand,og,tilt,,"{""roll_deg"":-61.1,""pitch_deg"":-6.8,""steady"":true}"
25.109,right_hand,og,acc,2376577,"{""seq"":1218,""x_mg"":-328,""y_mg"":-888,""z_mg"":308}"
25.109,right_hand,og,tilt,,"{""roll_deg"":-61.1,""pitch_deg"":-6.8,""steady"":true}"
25.140,right_hand,og,acc,2376597,"{""seq"":1219,""x_mg"":-328,""y_mg"":-872,""z_mg"":316}"
25.140,right_hand,og,tilt,,"{""roll_deg"":-61.1,""pitch_deg"":-6.8,""steady"":true}"
25.171,right_hand,og,acc,2376618,"{""seq"":1220,""x_mg"":-340,""y_mg"":-844,""z_mg"":300}"
25.171,right_hand,og,tilt,,"{""roll_deg"":-61.1,""pitch_deg"":-6.8,""steady"":true}"
25.171,right_hand,og,acc,2376638,"{""seq"":1221,""x_mg"":-332,""y_mg"":-848,""z_mg"":316}"
25.171,right_hand,og,tilt,,"{""roll_deg"":-61.1,""pitch_deg"":-7.0,""steady"":true}"
25.187,right_hand,og,acc,2376659,"{""seq"":1222,""x_mg"":-368,""y_mg"":-868,""z_mg"":276}"
25.187,right_hand,og,tilt,,"{""roll_deg"":-61.1,""pitch_deg"":-7.3,""steady"":true}"
25.218,right_hand,og,acc,2376679,"{""seq"":1223,""x_mg"":-384,""y_mg"":-888,""z_mg"":332}"
25.218,right_hand,og,tilt,,"{""roll_deg"":-61.1,""pitch_deg"":-7.9,""steady"":true}"
25.250,right_hand,og,acc,2376700,"{""seq"":1224,""x_mg"":-384,""y_mg"":-924,""z_mg"":328}"
25.250,right_hand,og,tilt,,"{""roll_deg"":-61.1,""pitch_deg"":-8.4,""steady"":true}"
25.250,right_hand,og,acc,2376721,"{""seq"":1225,""x_mg"":-400,""y_mg"":-892,""z_mg"":328}"
25.250,right_hand,og,tilt,,"{""roll_deg"":-60.8,""pitch_deg"":-8.8,""steady"":true}"
25.281,right_hand,og,acc,2376741,"{""seq"":1226,""x_mg"":-396,""y_mg"":-884,""z_mg"":348}"
25.281,right_hand,og,tilt,,"{""roll_deg"":-60.5,""pitch_deg"":-9.3,""steady"":true}"
25.328,right_hand,og,acc,2376762,"{""seq"":1227,""x_mg"":-284,""y_mg"":-864,""z_mg"":384}"
25.328,right_hand,og,tilt,,"{""roll_deg"":-60.1,""pitch_deg"":-9.7,""steady"":true}"
25.328,right_hand,og,acc,2376782,"{""seq"":1228,""x_mg"":-392,""y_mg"":-816,""z_mg"":388}"
25.328,right_hand,og,tilt,,"{""roll_deg"":-59.7,""pitch_deg"":-10.0,""steady"":true}"
25.359,right_hand,og,acc,2376803,"{""seq"":1229,""x_mg"":-408,""y_mg"":-776,""z_mg"":348}"
25.359,right_hand,og,tilt,,"{""roll_deg"":-58.5,""pitch_deg"":-10.5,""steady"":true}"
25.359,right_hand,og,acc,2376823,"{""seq"":1230,""x_mg"":-356,""y_mg"":-840,""z_mg"":404}"
25.359,right_hand,og,tilt,,"{""roll_deg"":-57.6,""pitch_deg"":-10.8,""steady"":true}"
25.375,right_hand,og,acc,2376844,"{""seq"":1231,""x_mg"":-340,""y_mg"":-768,""z_mg"":368}"
25.375,right_hand,og,tilt,,"{""roll_deg"":-57.0,""pitch_deg"":-10.8,""steady"":true}"
25.406,right_hand,og,acc,2376865,"{""seq"":1232,""x_mg"":-356,""y_mg"":-812,""z_mg"":452}"
25.406,right_hand,og,tilt,,"{""roll_deg"":-56.6,""pitch_deg"":-10.8,""steady"":true}"
25.437,right_hand,og,acc,2376885,"{""seq"":1233,""x_mg"":-332,""y_mg"":-900,""z_mg"":332}"
25.437,right_hand,og,tilt,,"{""roll_deg"":-56.2,""pitch_deg"":-10.8,""steady"":true}"
25.468,right_hand,og,acc,2376906,"{""seq"":1234,""x_mg"":-284,""y_mg"":-912,""z_mg"":392}"
25.468,right_hand,og,tilt,,"{""roll_deg"":-56.2,""pitch_deg"":-10.8,""steady"":true}"
25.468,right_hand,og,acc,2376926,"{""seq"":1235,""x_mg"":-312,""y_mg"":-920,""z_mg"":348}"
25.468,right_hand,og,tilt,,"{""roll_deg"":-56.6,""pitch_deg"":-10.6,""steady"":true}"
25.500,right_hand,og,acc,2376947,"{""seq"":1236,""x_mg"":-316,""y_mg"":-928,""z_mg"":328}"
25.500,right_hand,og,tilt,,"{""roll_deg"":-56.9,""pitch_deg"":-10.2,""steady"":true}"
25.500,right_hand,og,acc,2376967,"{""seq"":1237,""x_mg"":-284,""y_mg"":-912,""z_mg"":340}"
25.500,right_hand,og,tilt,,"{""roll_deg"":-57.4,""pitch_deg"":-9.8,""steady"":true}"
25.531,right_hand,og,acc,2376988,"{""seq"":1238,""x_mg"":-272,""y_mg"":-908,""z_mg"":396}"
25.531,right_hand,og,tilt,,"{""roll_deg"":-58.0,""pitch_deg"":-9.1,""steady"":true}"
25.562,right_hand,og,acc,2377009,"{""seq"":1239,""x_mg"":-276,""y_mg"":-984,""z_mg"":436}"
25.562,right_hand,og,tilt,,"{""roll_deg"":-58.3,""pitch_deg"":-8.2,""steady"":true}"
25.562,right_hand,og,acc,2377029,"{""seq"":1240,""x_mg"":-264,""y_mg"":-1012,""z_mg"":372}"
25.562,right_hand,og,tilt,,"{""roll_deg"":-58.5,""pitch_deg"":-7.2,""steady"":true}"
25.578,right_hand,og,acc,2377050,"{""seq"":1241,""x_mg"":-264,""y_mg"":-1024,""z_mg"":416}"
25.578,right_hand,og,tilt,,"{""roll_deg"":-59.1,""pitch_deg"":-6.2,""steady"":true}"
25.609,right_hand,og,acc,2377070,"{""seq"":1242,""x_mg"":-264,""y_mg"":-976,""z_mg"":380}"
25.609,right_hand,og,tilt,,"{""roll_deg"":-59.7,""pitch_deg"":-5.4,""steady"":true}"
25.640,right_hand,og,acc,2377091,"{""seq"":1243,""x_mg"":-236,""y_mg"":-960,""z_mg"":428}"
25.640,right_hand,og,tilt,,"{""roll_deg"":-60.2,""pitch_deg"":-4.8,""steady"":true}"
25.640,right_hand,og,acc,2377111,"{""seq"":1244,""x_mg"":-220,""y_mg"":-956,""z_mg"":500}"
25.640,right_hand,og,tilt,,"{""roll_deg"":-60.2,""pitch_deg"":-4.1,""steady"":true}"
25.671,,game,miss,,"{""n"":11,""speed"":0.2}"
25.671,right_hand,og,acc,2377132,"{""seq"":1245,""x_mg"":-240,""y_mg"":-896,""z_mg"":472}"
25.671,right_hand,og,tilt,,"{""roll_deg"":-60.2,""pitch_deg"":-3.5,""steady"":true}"
25.703,right_hand,og,acc,2377153,"{""seq"":1246,""x_mg"":-220,""y_mg"":-812,""z_mg"":444}"
25.703,right_hand,og,tilt,,"{""roll_deg"":-60.2,""pitch_deg"":-3.3,""steady"":true}"
25.703,right_hand,og,acc,2377173,"{""seq"":1247,""x_mg"":-228,""y_mg"":-940,""z_mg"":524}"
25.703,right_hand,og,tilt,,"{""roll_deg"":-60.1,""pitch_deg"":-3.2,""steady"":true}"
25.734,right_hand,og,acc,2377194,"{""seq"":1248,""x_mg"":-260,""y_mg"":-892,""z_mg"":512}"
25.734,right_hand,og,tilt,,"{""roll_deg"":-59.8,""pitch_deg"":-3.1,""steady"":true}"
25.765,right_hand,og,acc,2377214,"{""seq"":1249,""x_mg"":-200,""y_mg"":-852,""z_mg"":536}"
25.765,right_hand,og,tilt,,"{""roll_deg"":-59.2,""pitch_deg"":-2.7,""steady"":true}"
25.765,right_hand,og,acc,2377235,"{""seq"":1250,""x_mg"":-212,""y_mg"":-884,""z_mg"":532}"
25.765,right_hand,og,tilt,,"{""roll_deg"":-58.6,""pitch_deg"":-2.4,""steady"":true}"
25.796,right_hand,og,acc,2377255,"{""seq"":1251,""x_mg"":-256,""y_mg"":-872,""z_mg"":536}"
25.796,right_hand,og,tilt,,"{""roll_deg"":-57.8,""pitch_deg"":-2.1,""steady"":true}"
25.812,right_hand,og,acc,2377276,"{""seq"":1252,""x_mg"":-224,""y_mg"":-812,""z_mg"":548}"
25.812,right_hand,og,tilt,,"{""roll_deg"":-56.9,""pitch_deg"":-2.1,""steady"":true}"
25.843,right_hand,og,acc,2377297,"{""seq"":1253,""x_mg"":-200,""y_mg"":-748,""z_mg"":564}"
25.843,right_hand,og,tilt,,"{""roll_deg"":-55.8,""pitch_deg"":-2.1,""steady"":true}"
25.843,right_hand,og,acc,2377317,"{""seq"":1254,""x_mg"":-204,""y_mg"":-804,""z_mg"":624}"
25.843,right_hand,og,tilt,,"{""roll_deg"":-54.1,""pitch_deg"":-2.0,""steady"":true}"
25.875,right_hand,og,acc,2377338,"{""seq"":1255,""x_mg"":-216,""y_mg"":-828,""z_mg"":620}"
25.875,right_hand,og,tilt,,"{""roll_deg"":-52.8,""pitch_deg"":-1.9,""steady"":true}"
25.906,right_hand,og,acc,2377358,"{""seq"":1256,""x_mg"":-204,""y_mg"":-800,""z_mg"":584}"
25.906,right_hand,og,tilt,,"{""roll_deg"":-52.0,""pitch_deg"":-1.7,""steady"":true}"
25.906,right_hand,og,acc,2377379,"{""seq"":1257,""x_mg"":-208,""y_mg"":-796,""z_mg"":596}"
25.906,right_hand,og,tilt,,"{""roll_deg"":-51.4,""pitch_deg"":-1.7,""steady"":true}"
25.953,right_hand,og,acc,2377399,"{""seq"":1258,""x_mg"":-216,""y_mg"":-776,""z_mg"":616}"
25.953,right_hand,og,tilt,,"{""roll_deg"":-51.0,""pitch_deg"":-1.6,""steady"":true}"
25.984,right_hand,og,acc,2377420,"{""seq"":1259,""x_mg"":-224,""y_mg"":-700,""z_mg"":616}"
25.984,right_hand,og,tilt,,"{""roll_deg"":-50.2,""pitch_deg"":-1.6,""steady"":true}"
25.984,right_hand,og,acc,2377440,"{""seq"":1260,""x_mg"":-212,""y_mg"":-704,""z_mg"":600}"
25.984,right_hand,og,tilt,,"{""roll_deg"":-49.1,""pitch_deg"":-1.6,""steady"":true}"
26.000,right_hand,og,acc,2377461,"{""seq"":1261,""x_mg"":-216,""y_mg"":-796,""z_mg"":580}"
26.000,right_hand,og,tilt,,"{""roll_deg"":-48.2,""pitch_deg"":-1.6,""steady"":true}"
26.031,right_hand,og,acc,2377482,"{""seq"":1262,""x_mg"":-216,""y_mg"":-880,""z_mg"":572}"
26.031,right_hand,og,tilt,,"{""roll_deg"":-48.2,""pitch_deg"":-1.6,""steady"":true}"
26.062,right_hand,og,acc,2377502,"{""seq"":1263,""x_mg"":-200,""y_mg"":-856,""z_mg"":596}"
26.062,right_hand,og,tilt,,"{""roll_deg"":-48.6,""pitch_deg"":-1.6,""steady"":true}"
26.062,right_hand,og,acc,2377523,"{""seq"":1264,""x_mg"":-200,""y_mg"":-764,""z_mg"":568}"
26.062,right_hand,og,tilt,,"{""roll_deg"":-49.1,""pitch_deg"":-1.6,""steady"":true}"
26.093,right_hand,og,acc,2377543,"{""seq"":1265,""x_mg"":-192,""y_mg"":-700,""z_mg"":540}"
26.093,right_hand,og,tilt,,"{""roll_deg"":-49.1,""pitch_deg"":-1.6,""steady"":true}"
26.125,right_hand,og,acc,2377564,"{""seq"":1266,""x_mg"":-200,""y_mg"":-756,""z_mg"":572}"
26.125,right_hand,og,tilt,,"{""roll_deg"":-49.1,""pitch_deg"":-1.6,""steady"":true}"
26.125,right_hand,og,acc,2377584,"{""seq"":1267,""x_mg"":-184,""y_mg"":-812,""z_mg"":568}"
26.125,right_hand,og,tilt,,"{""roll_deg"":-49.1,""pitch_deg"":-1.5,""steady"":true}"
26.156,right_hand,og,acc,2377605,"{""seq"":1268,""x_mg"":-136,""y_mg"":-824,""z_mg"":592}"
26.156,right_hand,og,tilt,,"{""roll_deg"":-49.3,""pitch_deg"":-1.3,""steady"":true}"
26.187,right_hand,og,acc,2377626,"{""seq"":1269,""x_mg"":-128,""y_mg"":-768,""z_mg"":572}"
26.187,right_hand,og,tilt,,"{""roll_deg"":-49.4,""pitch_deg"":-0.6,""steady"":true}"
26.187,right_hand,og,acc,2377646,"{""seq"":1270,""x_mg"":-124,""y_mg"":-708,""z_mg"":564}"
26.187,right_hand,og,tilt,,"{""roll_deg"":-49.5,""pitch_deg"":0.0,""steady"":true}"
26.203,right_hand,og,acc,2377667,"{""seq"":1271,""x_mg"":-116,""y_mg"":-704,""z_mg"":556}"
26.203,right_hand,og,tilt,,"{""roll_deg"":-49.5,""pitch_deg"":0.6,""steady"":true}"
26.234,right_hand,og,acc,2377687,"{""seq"":1272,""x_mg"":-112,""y_mg"":-756,""z_mg"":552}"
26.234,right_hand,og,tilt,,"{""roll_deg"":-49.5,""pitch_deg"":1.2,""steady"":true}"
26.265,right_hand,og,acc,2377708,"{""seq"":1273,""x_mg"":-104,""y_mg"":-744,""z_mg"":544}"
26.265,right_hand,og,tilt,,"{""roll_deg"":-49.5,""pitch_deg"":1.7,""steady"":true}"
26.265,right_hand,og,acc,2377728,"{""seq"":1274,""x_mg"":-88,""y_mg"":-832,""z_mg"":524}"
26.265,right_hand,og,tremor,,"{""rms_mg"":26.5,""peak_hz"":9.1}"
26.265,right_hand,og,tilt,,"{""roll_deg"":-49.5,""pitch_deg"":2.3,""steady"":true}"
26.296,right_hand,og,acc,2377749,"{""seq"":1275,""x_mg"":-4,""y_mg"":-408,""z_mg"":464}"
26.296,right_hand,og,tilt,,"{""roll_deg"":-49.5,""pitch_deg"":2.3,""steady"":false}"
26.296,right_hand,og,acc,2377770,"{""seq"":1276,""x_mg"":-104,""y_mg"":-324,""z_mg"":160}"
26.296,right_hand,og,tilt,,"{""roll_deg"":-49.5,""pitch_deg"":2.3,""steady"":false}"
26.328,right_hand,og,acc,2377790,"{""seq"":1277,""x_mg"":-52,""y_mg"":-1324,""z_mg"":680}"
26.328,right_hand,og,tilt,,"{""roll_deg"":-49.5,""pitch_deg"":2.3,""steady"":false}"
26.359,right_hand,og,acc,2377811,"{""seq"":1278,""x_mg"":-88,""y_mg"":-696,""z_mg"":368}"
26.359,right_hand,og,tilt,,"{""roll_deg"":-51.4,""pitch_deg"":3.2,""steady"":true}"
26.359,right_hand,og,acc,2377831,"{""seq"":1279,""x_mg"":-168,""y_mg"":-1128,""z_mg"":140}"
26.359,right_hand,og,tilt,,"{""roll_deg"":-52.8,""pitch_deg"":3.4,""steady"":true}"
26.390,right_hand,og,acc,2377852,"{""seq"":1280,""x_mg"":-452,""y_mg"":-956,""z_mg"":592}"
26.390,right_hand,og,tilt,,"{""roll_deg"":-54.3,""pitch_deg"":3.4,""steady"":true}"
26.406,right_hand,og,acc,2377872,"{""seq"":1281,""x_mg"":-284,""y_mg"":-748,""z_mg"":596}"
26.406,right_hand,og,tilt,,"{""roll_deg"":-54.3,""pitch_deg"":3.3,""steady"":true}"
26.406,right_hand,og,acc,2377893,"{""seq"":1282,""x_mg"":-212,""y_mg"":-796,""z_mg"":544}"
26.406,right_hand,og,tilt,,"{""roll_deg"":-53.8,""pitch_deg"":1.9,""steady"":true}"
26.453,right_hand,og,acc,2377914,"{""seq"":1283,""x_mg"":-240,""y_mg"":-772,""z_mg"":648}"
26.453,right_hand,og,tilt,,"{""roll_deg"":-53.2,""pitch_deg"":1.1,""steady"":true}"
26.484,right_hand,og,acc,2377934,"{""seq"":1284,""x_mg"":-240,""y_mg"":-792,""z_mg"":536}"
26.484,right_hand,og,tilt,,"{""roll_deg"":-53.0,""pitch_deg"":0.5,""steady"":true}"
26.515,right_hand,og,acc,2377955,"{""seq"":1285,""x_mg"":-228,""y_mg"":-792,""z_mg"":588}"
26.515,right_hand,og,tilt,,"{""roll_deg"":-52.6,""pitch_deg"":-0.1,""steady"":true}"
26.515,right_hand,og,acc,2377975,"{""seq"":1286,""x_mg"":-228,""y_mg"":-772,""z_mg"":612}"
26.515,right_hand,og,tilt,,"{""roll_deg"":-52.1,""pitch_deg"":-0.4,""steady"":true}"
26.546,right_hand,og,acc,2377996,"{""seq"":1287,""x_mg"":-240,""y_mg"":-764,""z_mg"":644}"
26.546,right_hand,og,tilt,,"{""roll_deg"":-51.4,""pitch_deg"":-0.7,""steady"":true}"
26.578,right_hand,og,acc,2378016,"{""seq"":1288,""x_mg"":-232,""y_mg"":-772,""z_mg"":620}"
26.578,right_hand,og,tilt,,"{""roll_deg"":-50.6,""pitch_deg"":-0.9,""steady"":true}"
26.578,right_hand,og,acc,2378037,"{""seq"":1289,""x_mg"":-244,""y_mg"":-788,""z_mg"":600}"
26.578,right_hand,og,tilt,,"{""roll_deg"":-50.0,""pitch_deg"":-1.2,""steady"":true}"
26.609,right_hand,og,acc,2378058,"{""seq"":1290,""x_mg"":-152,""y_mg"":-776,""z_mg"":596}"
26.609,right_hand,og,tilt,,"{""roll_deg"":-49.7,""pitch_deg"":-1.3,""steady"":true}"
26.625,right_hand,og,acc,2378078,"{""seq"":1291,""x_mg"":-240,""y_mg"":-788,""z_mg"":612}"
26.625,right_hand,og,tilt,,"{""roll_deg"":-49.6,""pitch_deg"":-1.5,""steady"":true}"
26.656,right_hand,og,acc,2378099,"{""seq"":1292,""x_mg"":-236,""y_mg"":-760,""z_mg"":604}"
26.656,right_hand,og,tilt,,"{""roll_deg"":-49.3,""pitch_deg"":-1.6,""steady"":true}"
26.656,right_hand,og,acc,2378119,"{""seq"":1293,""x_mg"":-208,""y_mg"":-764,""z_mg"":596}"
26.656,right_hand,og,tilt,,"{""roll_deg"":-49.2,""pitch_deg"":-1.7,""steady"":true}"
26.687,right_hand,og,acc,2378140,"{""seq"":1294,""x_mg"":-220,""y_mg"":-796,""z_mg"":644}"
26.687,right_hand,og,tilt,,"{""roll_deg"":-48.9,""pitch_deg"":-1.7,""steady"":true}"
26.718,right_hand,og,acc,2378160,"{""seq"":1295,""x_mg"":-240,""y_mg"":-784,""z_mg"":632}"
26.718,right_hand,og,tilt,,"{""roll_deg"":-48.7,""pitch_deg"":-1.7,""steady"":true}"
26.718,right_hand,og,acc,2378181,"{""seq"":1296,""x_mg"":-256,""y_mg"":-756,""z_mg"":608}"
26.718,right_hand,og,tilt,,"{""roll_deg"":-48.5,""pitch_deg"":-1.7,""steady"":true}"
26.750,right_hand,og,acc,2378202,"{""seq"":1297,""x_mg"":-184,""y_mg"":-724,""z_mg"":620}"
26.750,right_hand,og,tilt,,"{""roll_deg"":-48.2,""pitch_deg"":-1.7,""steady"":true}"
26.781,right_hand,og,acc,2378222,"{""seq"":1298,""x_mg"":-228,""y_mg"":-736,""z_mg"":624}"
26.781,right_hand,og,tilt,,"{""roll_deg"":-47.9,""pitch_deg"":-1.7,""steady"":true}"
26.781,right_hand,og,acc,2378243,"{""seq"":1299,""x_mg"":-276,""y_mg"":-520,""z_mg"":472}"
26.781,right_hand,og,tilt,,"{""roll_deg"":-47.6,""pitch_deg"":-1.7,""steady"":true}"
26.812,right_hand,og,acc,2378263,"{""seq"":1300,""x_mg"":-320,""y_mg"":-760,""z_mg"":620}"
26.812,right_hand,og,tilt,,"{""roll_deg"":-47.2,""pitch_deg"":-2.5,""steady"":true}"
26.812,right_hand,og,acc,2378284,"{""seq"":1301,""x_mg"":-224,""y_mg"":-840,""z_mg"":536}"
26.812,right_hand,og,tilt,,"{""roll_deg"":-46.9,""pitch_deg"":-3.4,""steady"":true}"
26.843,right_hand,og,acc,2378304,"{""seq"":1302,""x_mg"":-264,""y_mg"":-868,""z_mg"":448}"
26.843,right_hand,og,tilt,,"{""roll_deg"":-46.9,""pitch_deg"":-3.4,""steady"":true}"
26.859,right_hand,og,acc,2378325,"{""seq"":1303,""x_mg"":-280,""y_mg"":-736,""z_mg"":552}"
26.859,right_hand,og,tilt,,"{""roll_deg"":-47.4,""pitch_deg"":-3.5,""steady"":true}"
26.890,right_hand,og,acc,2378345,"{""seq"":1304,""x_mg"":-128,""y_mg"":-816,""z_mg"":580}"
26.890,right_hand,og,tilt,,"{""roll_deg"":-47.9,""pitch_deg"":-3.5,""steady"":true}"
26.921,right_hand,og,acc,2378366,"{""seq"":1305,""x_mg"":-36,""y_mg"":-772,""z_mg"":644}"
26.921,right_hand,og,tilt,,"{""roll_deg"":-47.9,""pitch_deg"":-3.5,""steady"":true}"
26.921,right_hand,og,acc,2378387,"{""seq"":1306,""x_mg"":-296,""y_mg"":-696,""z_mg"":548}"
26.921,right_hand,og,tilt,,"{""roll_deg"":-47.9,""pitch_deg"":-2.8,""steady"":true}"
26.953,right_hand,og,acc,2378407,"{""seq"":1307,""x_mg"":-252,""y_mg"":-844,""z_mg"":388}"
26.953,right_hand,og,tilt,,"{""roll_deg"":-47.9,""pitch_deg"":-2.8,""steady"":true}"
26.953,right_hand,og,acc,2378428,"{""seq"":1308,""x_mg"":-228,""y_mg"":-868,""z_mg"":456}"
26.953,right_hand,og,tilt,,"{""roll_deg"":-49.6,""pitch_deg"":-2.8,""steady"":true}"
26.984,right_hand,og,acc,2378448,"{""seq"":1309,""x_mg"":-352,""y_mg"":-1128,""z_mg"":616}"
26.984,right_hand,og,tilt,,"{""roll_deg"":-49.6,""pitch_deg"":-2.8,""steady"":false}"
27.015,right_hand,og,acc,2378469,"{""seq"":1310,""x_mg"":-328,""y_mg"":-1108,""z_mg"":660}"
27.015,right_hand,og,tilt,,"{""roll_deg"":-49.6,""pitch_deg"":-2.8,""steady"":false}"
27.015,right_hand,og,acc,2378489,"{""seq"":1311,""x_mg"":-236,""y_mg"":-820,""z_mg"":704}"
27.015,right_hand,og,tilt,,"{""roll_deg"":-53.0,""pitch_deg"":-2.8,""steady"":true}"
27.031,right_hand,og,acc,2378510,"{""seq"":1312,""x_mg"":-280,""y_mg"":-748,""z_mg"":696}"
27.031,right_hand,og,tilt,,"{""roll_deg"":-52.8,""pitch_deg"":-2.8,""steady"":true}"
27.062,right_hand,og,acc,2378531,"{""seq"":1313,""x_mg"":-288,""y_mg"":-792,""z_mg"":656}"
27.062,right_hand,og,tilt,,"{""roll_deg"":-52.3,""pitch_deg"":-2.8,""steady"":true}"
27.093,right_hand,og,acc,2378551,"{""seq"":1314,""x_mg"":-264,""y_mg"":-652,""z_mg"":560}"
27.093,right_hand,og,tilt,,"{""roll_deg"":-51.1,""pitch_deg"":-2.8,""steady"":true}"
27.125,right_hand,og,acc,2378572,"{""seq"":1315,""x_mg"":-316,""y_mg"":-612,""z_mg"":624}"
27.125,right_hand,og,tilt,,"{""roll_deg"":-49.7,""pitch_deg"":-2.8,""steady"":true}"
27.125,right_hand,og,acc,2378592,"{""seq"":1316,""x_mg"":-400,""y_mg"":-836,""z_mg"":732}"
27.125,right_hand,og,tilt,,"{""roll_deg"":-48.1,""pitch_deg"":-3.8,""steady"":true}"
27.171,right_hand,og,acc,2378613,"{""seq"":1317,""x_mg"":-380,""y_mg"":-776,""z_mg"":820}"
27.171,right_hand,og,tilt,,"{""roll_deg"":-45.5,""pitch_deg"":-4.8,""steady"":true}"
27.171,right_hand,og,acc,2378633,"{""seq"":1318,""x_mg"":-396,""y_mg"":-756,""z_mg"":604}"
27.171,right_hand,og,tilt,,"{""roll_deg"":-44.9,""pitch_deg"":-5.6,""steady"":true}"
27.203,right_hand,og,acc,2378654,"{""seq"":1319,""x_mg"":-356,""y_mg"":-848,""z_mg"":492}"
27.203,right_hand,og,tilt,,"{""roll_deg"":-44.8,""pitch_deg"":-6.3,""steady"":true}"
27.234,right_hand,og,acc,2378675,"{""seq"":1320,""x_mg"":-288,""y_mg"":-932,""z_mg"":564}"
27.234,right_hand,og,tilt,,"{""roll_deg"":-45.5,""pitch_deg"":-6.8,""steady"":true}"
27.234,right_hand,og,acc,2378695,"{""seq"":1321,""x_mg"":-244,""y_mg"":-736,""z_mg"":584}"
27.234,right_hand,og,tilt,,"{""roll_deg"":-46.2,""pitch_deg"":-6.8,""steady"":true}"
27.250,right_hand,og,acc,2378716,"{""seq"":1322,""x_mg"":-328,""y_mg"":-696,""z_mg"":616}"
27.250,right_hand,og,tilt,,"{""roll_deg"":-46.3,""pitch_deg"":-6.6,""steady"":true}"
27.281,right_hand,og,acc,2378736,"{""seq"":1323,""x_mg"":-244,""y_mg"":-776,""z_mg"":1036}"
27.281,right_hand,og,tilt,,"{""roll_deg"":-46.3,""pitch_deg"":-6.6,""steady"":false}"
27.312,right_hand,og,acc,2378757,"{""seq"":1324,""x_mg"":-404,""y_mg"":-860,""z_mg"":592}"
27.312,right_hand,og,tilt,,"{""roll_deg"":-46.3,""pitch_deg"":-6.6,""steady"":true}"
27.312,right_hand,og,acc,2378777,"{""seq"":1325,""x_mg"":-332,""y_mg"":-804,""z_mg"":620}"
27.312,right_hand,og,tilt,,"{""roll_deg"":-46.3,""pitch_deg"":-6.6,""steady"":true}"
27.343,right_hand,og,acc,2378798,"{""seq"":1326,""x_mg"":-268,""y_mg"":-664,""z_mg"":648}"
27.343,right_hand,og,tilt,,"{""roll_deg"":-46.3,""pitch_deg"":-6.7,""steady"":true}"
27.375,right_hand,og,acc,2378818,"{""seq"":1327,""x_mg"":-328,""y_mg"":-520,""z_mg"":656}"
27.375,right_hand,og,tilt,,"{""roll_deg"":-46.3,""pitch_deg"":-6.7,""steady"":true}"
27.375,right_hand,og,acc,2378839,"{""seq"":1328,""x_mg"":-272,""y_mg"":-588,""z_mg"":652}"
27.375,right_hand,og,tilt,,"{""roll_deg"":-44.6,""pitch_deg"":-6.7,""steady"":true}"
27.406,right_hand,og,acc,2378860,"{""seq"":1329,""x_mg"":-260,""y_mg"":-668,""z_mg"":668}"
27.406,right_hand,og,tilt,,"{""roll_deg"":-42.9,""pitch_deg"":-6.7,""steady"":true}"
27.437,right_hand,og,acc,2378880,"{""seq"":1330,""x_mg"":-248,""y_mg"":-728,""z_mg"":748}"
27.437,right_hand,og,tilt,,"{""roll_deg"":-42.5,""pitch_deg"":-6.7,""steady"":true}"
27.437,right_hand,og,acc,2378901,"{""seq"":1331,""x_mg"":-224,""y_mg"":-648,""z_mg"":824}"
27.437,right_hand,og,tilt,,"{""roll_deg"":-42.1,""pitch_deg"":-6.7,""steady"":true}"
27.453,right_hand,og,acc,2378921,"{""seq"":1332,""x_mg"":-256,""y_mg"":-712,""z_mg"":768}"
27.453,right_hand,og,tilt,,"{""roll_deg"":-41.5,""pitch_deg"":-6.1,""steady"":true}"
27.484,right_hand,og,acc,2378942,"{""seq"":1333,""x_mg"":-340,""y_mg"":-720,""z_mg"":544}"
27.484,right_hand,og,tilt,,"{""roll_deg"":-41.0,""pitch_deg"":-5.6,""steady"":true}"
27.515,right_hand,og,acc,2378962,"{""seq"":1334,""x_mg"":-248,""y_mg"":-656,""z_mg"":684}"
27.515,right_hand,og,tilt,,"{""roll_deg"":-40.9,""pitch_deg"":-5.4,""steady"":true}"
27.515,right_hand,og,acc,2378983,"{""seq"":1335,""x_mg"":-160,""y_mg"":-604,""z_mg"":720}"
27.515,right_hand,og,tilt,,"{""roll_deg"":-40.8,""pitch_deg"":-5.2,""steady"":true}"
27.546,right_hand,og,acc,2379004,"{""seq"":1336,""x_mg"":-180,""y_mg"":-552,""z_mg"":704}"
27.546,right_hand,og,tilt,,"{""roll_deg"":-40.0,""pitch_deg"":-4.3,""steady"":true}"
27.578,right_hand,og,acc,2379024,"{""seq"":1337,""x_mg"":-280,""y_mg"":-612,""z_mg"":664}"
27.578,right_hand,og,tilt,,"{""roll_deg"":-39.5,""pitch_deg"":-3.5,""steady"":true}"
27.578,right_hand,og,acc,2379045,"{""seq"":1338,""x_mg"":-260,""y_mg"":-684,""z_mg"":632}"
27.578,right_hand,og,tilt,,"{""roll_deg"":-39.3,""pitch_deg"":-3.5,""steady"":true}"
27.609,right_hand,og,acc,2379065,"{""seq"":1339,""x_mg"":-148,""y_mg"":-688,""z_mg"":820}"
27.609,right_hand,og,tilt,,"{""roll_deg"":-39.1,""pitch_deg"":-3.5,""steady"":true}"
27.640,right_hand,og,acc,2379086,"{""seq"":1340,""x_mg"":-312,""y_mg"":-748,""z_mg"":736}"
27.640,right_hand,og,tilt,,"{""roll_deg"":-39.1,""pitch_deg"":-3.5,""steady"":true}"
27.640,right_hand,og,acc,2379106,"{""seq"":1341,""x_mg"":-324,""y_mg"":-664,""z_mg"":580}"
27.640,right_hand,og,tilt,,"{""roll_deg"":-39.1,""pitch_deg"":-3.6,""steady"":true}"
27.671,right_hand,og,acc,2379127,"{""seq"":1342,""x_mg"":-320,""y_mg"":-612,""z_mg"":624}"
27.671,right_hand,og,tilt,,"{""roll_deg"":-39.2,""pitch_deg"":-4.0,""steady"":true}"
27.687,right_hand,og,acc,2379148,"{""seq"":1343,""x_mg"":-404,""y_mg"":-648,""z_mg"":632}"
27.687,right_hand,og,tilt,,"{""roll_deg"":-39.2,""pitch_deg"":-4.6,""steady"":true}"
27.718,right_hand,og,acc,2379168,"{""seq"":1344,""x_mg"":-376,""y_mg"":-684,""z_mg"":688}"
27.718,right_hand,og,tilt,,"{""roll_deg"":-39.2,""pitch_deg"":-5.5,""steady"":true}"
27.718,right_hand,og,acc,2379189,"{""seq"":1345,""x_mg"":-336,""y_mg"":-644,""z_mg"":712}"
27.718,right_hand,og,tilt,,"{""roll_deg"":-39.2,""pitch_deg"":-6.4,""steady"":true}"
27.750,right_hand,og,acc,2379209,"{""seq"":1346,""x_mg"":-352,""y_mg"":-580,""z_mg"":684}"
27.750,right_hand,og,tilt,,"{""roll_deg"":-39.2,""pitch_deg"":-7.1,""steady"":true}"
27.781,right_hand,og,acc,2379230,"{""seq"":1347,""x_mg"":-384,""y_mg"":-696,""z_mg"":592}"
27.781,right_hand,og,tilt,,"{""roll_deg"":-39.2,""pitch_deg"":-7.8,""steady"":true}"
27.781,right_hand,og,acc,2379250,"{""seq"":1348,""x_mg"":-376,""y_mg"":-684,""z_mg"":596}"
27.781,right_hand,og,tilt,,"{""roll_deg"":-39.2,""pitch_deg"":-8.6,""steady"":true}"
27.812,right_hand,og,acc,2379271,"{""seq"":1349,""x_mg"":-384,""y_mg"":-572,""z_mg"":664}"
27.812,right_hand,og,tilt,,"{""roll_deg"":-39.2,""pitch_deg"":-9.3,""steady"":true}"
27.828,,game,miss,,"{""n"":12,""speed"":0.2}"
27.843,right_hand,og,acc,2379292,"{""seq"":1350,""x_mg"":-376,""y_mg"":-616,""z_mg"":620}"
27.843,right_hand,og,tilt,,"{""roll_deg"":-39.2,""pitch_deg"":-10.0,""steady"":true}"
27.843,right_hand,og,acc,2379312,"{""seq"":1351,""x_mg"":-320,""y_mg"":-692,""z_mg"":692}"
27.843,right_hand,og,tilt,,"{""roll_deg"":-39.2,""pitch_deg"":-10.5,""steady"":true}"
27.875,right_hand,og,acc,2379333,"{""seq"":1352,""x_mg"":-396,""y_mg"":-644,""z_mg"":700}"
27.875,right_hand,og,tilt,,"{""roll_deg"":-39.2,""pitch_deg"":-10.6,""steady"":true}"
27.890,right_hand,og,acc,2379353,"{""seq"":1353,""x_mg"":-520,""y_mg"":-536,""z_mg"":612}"
27.890,right_hand,og,tilt,,"{""roll_deg"":-39.2,""pitch_deg"":-10.8,""steady"":true}"
27.921,right_hand,og,acc,2379374,"{""seq"":1354,""x_mg"":-476,""y_mg"":-504,""z_mg"":536}"
27.921,right_hand,og,tilt,,"{""roll_deg"":-38.2,""pitch_deg"":-13.9,""steady"":true}"
27.921,right_hand,og,acc,2379394,"{""seq"":1355,""x_mg"":-348,""y_mg"":-504,""z_mg"":656}"
27.921,right_hand,og,tilt,,"{""roll_deg"":-36.9,""pitch_deg"":-16.2,""steady"":true}"
27.953,right_hand,og,acc,2379415,"{""seq"":1356,""x_mg"":-260,""y_mg"":-592,""z_mg"":860}"
27.953,right_hand,og,tilt,,"{""roll_deg"":-35.8,""pitch_deg"":-15.7,""steady"":true}"
27.984,right_hand,og,acc,2379435,"{""seq"":1357,""x_mg"":-288,""y_mg"":-560,""z_mg"":696}"
27.984,right_hand,og,tilt,,"{""roll_deg"":-35.0,""pitch_deg"":-14.3,""steady"":true}"
27.984,right_hand,og,acc,2379456,"{""seq"":1358,""x_mg"":-404,""y_mg"":-500,""z_mg"":612}"
27.984,right_hand,og,tilt,,"{""roll_deg"":-34.4,""pitch_deg"":-13.7,""steady"":true}"
28.031,right_hand,og,acc,2379477,"{""seq"":1359,""x_mg"":-464,""y_mg"":-468,""z_mg"":728}"
28.031,right_hand,og,tilt,,"{""roll_deg"":-33.9,""pitch_deg"":-13.7,""steady"":true}"
28.062,right_hand,og,acc,2379497,"{""seq"":1360,""x_mg"":-468,""y_mg"":-340,""z_mg"":752}"
28.062,right_hand,og,tilt,,"{""roll_deg"":-31.9,""pitch_deg"":-13.7,""steady"":true}"
28.062,right_hand,og,acc,2379518,"{""seq"":1361,""x_mg"":-416,""y_mg"":-408,""z_mg"":956}"
28.062,right_hand,og,tilt,,"{""roll_deg"":-27.5,""pitch_deg"":-14.3,""steady"":true}"
28.078,right_hand,og,acc,2379538,"{""seq"":1362,""x_mg"":-456,""y_mg"":-364,""z_mg"":828}"
28.078,right_hand,og,tilt,,"{""roll_deg"":-24.5,""pitch_deg"":-14.5,""steady"":true}"
28.125,right_hand,og,acc,2379559,"{""seq"":1363,""x_mg"":-484,""y_mg"":-316,""z_mg"":888}"
28.125,right_hand,og,tilt,,"{""roll_deg"":-22.5,""pitch_deg"":-14.6,""steady"":true}"
28.125,right_hand,og,acc,2379579,"{""seq"":1364,""x_mg"":-460,""y_mg"":-340,""z_mg"":868}"
28.125,right_hand,og,tilt,,"{""roll_deg"":-20.6,""pitch_deg"":-14.7,""steady"":true}"
28.156,right_hand,og,acc,2379600,"{""seq"":1365,""x_mg"":-376,""y_mg"":-308,""z_mg"":892}"
28.156,right_hand,og,tilt,,"{""roll_deg"":-18.8,""pitch_deg"":-14.8,""steady"":true}"
28.156,right_hand,og,acc,2379621,"{""seq"":1366,""x_mg"":-332,""y_mg"":-280,""z_mg"":828}"
28.156,right_hand,og,tilt,,"{""roll_deg"":-17.7,""pitch_deg"":-14.8,""steady"":true}"
28.187,right_hand,og,acc,2379641,"{""seq"":1367,""x_mg"":-296,""y_mg"":-336,""z_mg"":836}"
28.187,right_hand,og,tilt,,"{""roll_deg"":-17.1,""pitch_deg"":-14.7,""steady"":true}"
28.218,right_hand,og,acc,2379662,"{""seq"":1368,""x_mg"":-240,""y_mg"":-400,""z_mg"":940}"
28.218,right_hand,og,tilt,,"{""roll_deg"":-17.1,""pitch_deg"":-13.5,""steady"":true}"
28.218,right_hand,og,acc,2379682,"{""seq"":1369,""x_mg"":-272,""y_mg"":-484,""z_mg"":832}"
28.218,right_hand,og,tilt,,"{""roll_deg"":-17.8,""pitch_deg"":-11.6,""steady"":true}"
28.250,right_hand,og,acc,2379703,"{""seq"":1370,""x_mg"":-296,""y_mg"":-480,""z_mg"":780}"
28.250,right_hand,og,tilt,,"{""roll_deg"":-19.4,""pitch_deg"":-9.9,""steady"":true}"
28.281,right_hand,og,acc,2379723,"{""seq"":1371,""x_mg"":-240,""y_mg"":-488,""z_mg"":784}"
28.281,right_hand,og,tilt,,"{""roll_deg"":-20.1,""pitch_deg"":-8.6,""steady"":true}"
28.281,right_hand,og,acc,2379744,"{""seq"":1372,""x_mg"":-272,""y_mg"":-580,""z_mg"":784}"
28.281,right_hand,og,tremor,,"{""rms_mg"":67.7,""peak_hz"":6.3}"
28.281,right_hand,og,tilt,,"{""roll_deg"":-21.2,""pitch_deg"":-7.5,""steady"":true}"
28.312,right_hand,og,acc,2379765,"{""seq"":1373,""x_mg"":-264,""y_mg"":-576,""z_mg"":832}"
28.312,right_hand,og,tilt,,"{""roll_deg"":-23.4,""pitch_deg"":-6.5,""steady"":true}"
28.343,right_hand,og,acc,2379785,"{""seq"":1374,""x_mg"":-220,""y_mg"":-592,""z_mg"":868}"
28.343,right_hand,og,tilt,,"{""roll_deg"":-25.4,""pitch_deg"":-5.8,""steady"":true}"
28.343,right_hand,og,acc,2379806,"{""seq"":1375,""x_mg"":-240,""y_mg"":-596,""z_mg"":916}"
28.343,right_hand,og,tilt,,"{""roll_deg"":-27.0,""pitch_deg"":-4.6,""steady"":true}"
28.375,right_hand,og,acc,2379826,"{""seq"":1376,""x_mg"":-208,""y_mg"":-668,""z_mg"":840}"
28.375,right_hand,og,tilt,,"{""roll_deg"":-28.2,""pitch_deg"":-3.6,""steady"":true}"
28.406,right_hand,og,acc,2379847,"{""seq"":1377,""x_mg"":-232,""y_mg"":-700,""z_mg"":736}"
28.406,right_hand,og,tilt,,"{""roll_deg"":-30.5,""pitch_deg"":-3.0,""steady"":true}"
28.406,right_hand,og,acc,2379867,"{""seq"":1378,""x_mg"":-204,""y_mg"":-720,""z_mg"":712}"
28.406,right_hand,og,tilt,,"{""roll_deg"":-33.8,""pitch_deg"":-2.4,""steady"":true}"
28.437,right_hand,og,acc,2379888,"{""seq"":1379,""x_mg"":-204,""y_mg"":-724,""z_mg"":748}"
28.437,right_hand,og,tilt,,"{""roll_deg"":-36.4,""pitch_deg"":-1.9,""steady"":true}"
28.468,right_hand,og,acc,2379909,"{""seq"":1380,""x_mg"":-216,""y_mg"":-728,""z_mg"":648}"
28.468,right_hand,og,tilt,,"{""roll_deg"":-38.5,""pitch_deg"":-1.6,""steady"":true}"
28.468,right_hand,og,acc,2379929,"{""seq"":1381,""x_mg"":-240,""y_mg"":-792,""z_mg"":568}"
28.468,right_hand,og,tilt,,"{""roll_deg"":-40.7,""pitch_deg"":-1.6,""steady"":true}"
28.500,right_hand,og,acc,2379950,"{""seq"":1382,""x_mg"":-272,""y_mg"":-804,""z_mg"":592}"
28.500,right_hand,og,tilt,,"{""roll_deg"":-43.9,""pitch_deg"":-1.6,""steady"":true}"
28.515,right_hand,og,acc,2379970,"{""seq"":1383,""x_mg"":-232,""y_mg"":-852,""z_mg"":564}"
28.515,right_hand,og,tilt,,"{""roll_deg"":-46.2,""pitch_deg"":-1.6,""steady"":true}"
28.546,right_hand,og,acc,2379991,"{""seq"":1384,""x_mg"":-236,""y_mg"":-908,""z_mg"":500}"
28.546,right_hand,og,tilt,,"{""roll_deg"":-48.6,""pitch_deg"":-1.6,""steady"":true}"
28.546,right_hand,og,acc,2380011,"{""seq"":1385,""x_mg"":-276,""y_mg"":-976,""z_mg"":400}"
28.546,right_hand,og,tilt,,"{""roll_deg"":-51.8,""pitch_deg"":-1.6,""steady"":true}"
28.578,right_hand,og,acc,2380032,"{""seq"":1386,""x_mg"":-256,""y_mg"":-1024,""z_mg"":396}"
28.578,right_hand,og,tilt,,"{""roll_deg"":-55.9,""pitch_deg"":-1.6,""steady"":true}"
28.609,right_hand,og,acc,2380053,"{""seq"":1387,""x_mg"":-112,""y_mg"":-1008,""z_mg"":508}"
28.609,right_hand,og,tilt,,"{""roll_deg"":-58.2,""pitch_deg"":-1.6,""steady"":true}"
28.609,right_hand,og,acc,2380073,"{""seq"":1388,""x_mg"":-80,""y_mg"":-872,""z_mg"":616}"
28.609,right_hand,og,tilt,,"{""roll_deg"":-59.0,""pitch_deg"":-0.9,""steady"":true}"
28.640,right_hand,og,acc,2380094,"{""seq"":1389,""x_mg"":-228,""y_mg"":-832,""z_mg"":560}"
28.640,right_hand,og,tilt,,"{""roll_deg"":-57.3,""pitch_deg"":0.5,""steady"":true}"
28.640,right_hand,og,acc,2380114,"{""seq"":1390,""x_mg"":-160,""y_mg"":-900,""z_mg"":428}"
28.640,right_hand,og,tilt,,"{""roll_deg"":-56.0,""pitch_deg"":0.8,""steady"":true}"
28.671,right_hand,og,acc,2380135,"{""seq"":1391,""x_mg"":-216,""y_mg"":-612,""z_mg"":476}"
28.671,right_hand,og,tilt,,"{""roll_deg"":-55.0,""pitch_deg"":0.8,""steady"":true}"
28.703,right_hand,og,acc,2380155,"{""seq"":1392,""x_mg"":-228,""y_mg"":-908,""z_mg"":308}"
28.703,right_hand,og,tilt,,"{""roll_deg"":-56.0,""pitch_deg"":0.6,""steady"":true}"
28.718,right_hand,og,acc,2380176,"{""seq"":1393,""x_mg"":-220,""y_mg"":-900,""z_mg"":476}"
28.718,right_hand,og,tilt,,"{""roll_deg"":-56.4,""pitch_deg"":0.3,""steady"":true}"
28.750,right_hand,og,acc,2380196,"{""seq"":1394,""x_mg"":-168,""y_mg"":-976,""z_mg"":356}"
28.750,right_hand,og,tilt,,"{""roll_deg"":-58.9,""pitch_deg"":0.2,""steady"":true}"
28.750,right_hand,og,acc,2380217,"{""seq"":1395,""x_mg"":-212,""y_mg"":-1136,""z_mg"":328}"
28.750,right_hand,og,tilt,,"{""roll_deg"":-61.2,""pitch_deg"":0.2,""steady"":true}"
28.796,right_hand,og,acc,2380238,"{""seq"":1396,""x_mg"":-312,""y_mg"":-896,""z_mg"":568}"
28.796,right_hand,og,tilt,,"{""roll_deg"":-62.7,""pitch_deg"":0.2,""steady"":true}"
28.796,right_hand,og,acc,2380258,"{""seq"":1397,""x_mg"":-232,""y_mg"":-712,""z_mg"":424}"
28.796,right_hand,og,tilt,,"{""roll_deg"":-61.2,""pitch_deg"":0.0,""steady"":true}"
28.828,right_hand,og,acc,2380279,"{""seq"":1398,""x_mg"":-280,""y_mg"":-876,""z_mg"":460}"
28.828,right_hand,og,tilt,,"{""roll_deg"":-60.0,""pitch_deg"":-0.5,""steady"":true}"
28.859,right_hand,og,acc,2380299,"{""seq"":1399,""x_mg"":-280,""y_mg"":-920,""z_mg"":436}"
28.859,right_hand,og,tilt,,"{""roll_deg"":-59.6,""pitch_deg"":-1.1,""steady"":true}"
28.859,right_hand,og,acc,2380320,"{""seq"":1400,""x_mg"":-316,""y_mg"":-1012,""z_mg"":280}"
28.859,right_hand,og,tilt,,"{""roll_deg"":-59.5,""pitch_deg"":-1.7,""steady"":true}"
28.890,right_hand,og,acc,2380340,"{""seq"":1401,""x_mg"":-408,""y_mg"":-972,""z_mg"":476}"
28.890,right_hand,og,tilt,,"{""roll_deg"":-59.5,""pitch_deg"":-2.5,""steady"":true}"
28.906,right_hand,og,acc,2380361,"{""seq"":1402,""x_mg"":-316,""y_mg"":-864,""z_mg"":440}"
28.906,right_hand,og,tilt,,"{""roll_deg"":-59.2,""pitch_deg"":-3.4,""steady"":true}"
28.906,right_hand,og,acc,2380382,"{""seq"":1403,""x_mg"":-280,""y_mg"":-804,""z_mg"":508}"
28.906,right_hand,og,tilt,,"{""roll_deg"":-58.8,""pitch_deg"":-4.2,""steady"":true}"
28.937,right_hand,og,acc,2380402,"{""seq"":1404,""x_mg"":-256,""y_mg"":-748,""z_mg"":632}"
28.937,right_hand,og,tilt,,"{""roll_deg"":-57.7,""pitch_deg"":-4.4,""steady"":true}"
28.968,right_hand,og,acc,2380423,"{""seq"":1405,""x_mg"":-8,""y_mg"":-684,""z_mg"":592}"
28.968,right_hand,og,tilt,,"{""roll_deg"":-55.1,""pitch_deg"":-4.4,""steady"":true}"
29.000,right_hand,og,acc,2380443,"{""seq"":1406,""x_mg"":-48,""y_mg"":-560,""z_mg"":680}"
29.000,right_hand,og,tilt,,"{""roll_deg"":-52.3,""pitch_deg"":-4.1,""steady"":true}"
29.000,right_hand,og,acc,2380464,"{""seq"":1407,""x_mg"":-152,""y_mg"":-576,""z_mg"":680}"
29.000,right_hand,og,tilt,,"{""roll_deg"":-46.8,""pitch_deg"":-1.8,""steady"":true}"
29.031,right_hand,og,acc,2380484,"{""seq"":1408,""x_mg"":204,""y_mg"":-596,""z_mg"":896}"
29.031,right_hand,og,tilt,,"{""roll_deg"":-43.2,""pitch_deg"":0.5,""steady"":true}"
29.062,right_hand,og,acc,2380505,"{""seq"":1409,""x_mg"":188,""y_mg"":-516,""z_mg"":664}"
29.062,right_hand,og,tilt,,"{""roll_deg"":-39.8,""pitch_deg"":8.6,""steady"":true}"
29.062,right_hand,og,acc,2380526,"{""seq"":1410,""x_mg"":-200,""y_mg"":-560,""z_mg"":708}"
29.062,right_hand,og,tilt,,"{""roll_deg"":-37.8,""pitch_deg"":14.1,""steady"":true}"
29.093,right_hand,og,acc,2380546,"{""seq"":1411,""x_mg"":-152,""y_mg"":-460,""z_mg"":816}"
29.093,right_hand,og,tilt,,"{""roll_deg"":-36.7,""pitch_deg"":10.8,""steady"":true}"
29.109,right_hand,og,acc,2380567,"{""seq"":1412,""x_mg"":-152,""y_mg"":-508,""z_mg"":884}"
29.109,right_hand,og,tilt,,"{""roll_deg"":-32.9,""pitch_deg"":8.8,""steady"":true}"
29.109,right_hand,og,acc,2380587,"{""seq"":1413,""x_mg"":-16,""y_mg"":-520,""z_mg"":772}"
29.109,right_hand,og,tilt,,"{""roll_deg"":-30.8,""pitch_deg"":7.8,""steady"":true}"
29.140,right_hand,og,acc,2380608,"{""seq"":1414,""x_mg"":-24,""y_mg"":-372,""z_mg"":864}"
29.140,right_hand,og,tilt,,"{""roll_deg"":-29.6,""pitch_deg"":7.8,""steady"":true}"
29.171,right_hand,og,acc,2380628,"{""seq"":1415,""x_mg"":28,""y_mg"":-572,""z_mg"":856}"
29.171,right_hand,og,tilt,,"{""roll_deg"":-29.7,""pitch_deg"":7.8,""steady"":true}"
29.203,right_hand,og,acc,2380649,"{""seq"":1416,""x_mg"":60,""y_mg"":-512,""z_mg"":852}"
29.203,right_hand,og,tilt,,"{""roll_deg"":-29.7,""pitch_deg"":8.7,""steady"":true}"
29.203,right_hand,og,acc,2380670,"{""seq"":1417,""x_mg"":4,""y_mg"":-516,""z_mg"":868}"
29.203,right_hand,og,tilt,,"{""roll_deg"":-29.7,""pitch_deg"":9.5,""steady"":true}"
29.234,right_hand,og,acc,2380690,"{""seq"":1418,""x_mg"":-88,""y_mg"":-436,""z_mg"":840}"
29.234,right_hand,og,tilt,,"{""roll_deg"":-29.5,""pitch_deg"":9.8,""steady"":true}"
29.265,right_hand,og,acc,2380711,"{""seq"":1419,""x_mg"":-60,""y_mg"":-444,""z_mg"":832}"
29.265,right_hand,og,tilt,,"{""roll_deg"":-28.5,""pitch_deg"":9.8,""steady"":true}"
29.265,right_hand,og,acc,2380731,"{""seq"":1420,""x_mg"":20,""y_mg"":-460,""z_mg"":920}"
29.265,right_hand,og,tilt,,"{""roll_deg"":-27.6,""pitch_deg"":9.7,""steady"":true}"
29.296,right_hand,og,acc,2380752,"{""seq"":1421,""x_mg"":328,""y_mg"":-492,""z_mg"":948}"
29.296,right_hand,og,tilt,,"{""roll_deg"":-26.7,""pitch_deg"":9.7,""steady"":true}"
29.328,right_hand,og,acc,2380772,"{""seq"":1422,""x_mg"":332,""y_mg"":-396,""z_mg"":996}"
29.328,right_hand,og,tilt,,"{""roll_deg"":-26.0,""pitch_deg"":14.9,""steady"":true}"
29.328,right_hand,og,acc,2380793,"{""seq"":1423,""x_mg"":224,""y_mg"":-416,""z_mg"":944}"
29.328,right_hand,og,tilt,,"{""roll_deg"":-24.6,""pitch_deg"":19.7,""steady"":true}"
29.343,right_hand,og,acc,2380813,"{""seq"":1424,""x_mg"":148,""y_mg"":-396,""z_mg"":1236}"
29.343,right_hand,og,tilt,,"{""roll_deg"":-24.6,""pitch_deg"":19.7,""steady"":false}"
29.375,right_hand,og,acc,2380834,"{""seq"":1425,""x_mg"":156,""y_mg"":-356,""z_mg"":1036}"
29.375,right_hand,og,tilt,,"{""roll_deg"":-21.9,""pitch_deg"":21.3,""steady"":true}"
29.406,right_hand,og,acc,2380855,"{""seq"":1426,""x_mg"":152,""y_mg"":-528,""z_mg"":848}"
29.406,right_hand,og,tilt,,"{""roll_deg"":-21.8,""pitch_deg"":21.3,""steady"":true}"
29.406,right_hand,og,acc,2380875,"{""seq"":1427,""x_mg"":224,""y_mg"":-592,""z_mg"":912}"
29.406,right_hand,og,tilt,,"{""roll_deg"":-22.6,""pitch_deg"":21.1,""steady"":true}"
29.437,right_hand,og,acc,2380896,"{""seq"":1428,""x_mg"":140,""y_mg"":-584,""z_mg"":880}"
29.437,right_hand,og,tilt,,"{""roll_deg"":-23.5,""pitch_deg"":20.8,""steady"":true}"
29.468,right_hand,og,acc,2380916,"{""seq"":1429,""x_mg"":0,""y_mg"":-488,""z_mg"":800}"
29.468,right_hand,og,tilt,,"{""roll_deg"":-24.0,""pitch_deg"":20.4,""steady"":true}"
29.468,right_hand,og,acc,2380937,"{""seq"":1430,""x_mg"":32,""y_mg"":-512,""z_mg"":852}"
29.468,right_hand,og,tilt,,"{""roll_deg"":-24.7,""pitch_deg"":19.5,""steady"":true}"
29.500,right_hand,og,acc,2380957,"{""seq"":1431,""x_mg"":60,""y_mg"":-500,""z_mg"":868}"
29.500,right_hand,og,tilt,,"{""roll_deg"":-25.3,""pitch_deg"":19.0,""steady"":true}"
29.515,right_hand,og,acc,2380978,"{""seq"":1432,""x_mg"":100,""y_mg"":-488,""z_mg"":856}"
29.515,right_hand,og,tilt,,"{""roll_deg"":-25.7,""pitch_deg"":18.5,""steady"":true}"
29.515,right_hand,og,acc,2380999,"{""seq"":1433,""x_mg"":4,""y_mg"":-528,""z_mg"":856}"
29.515,right_hand,og,tilt,,"{""roll_deg"":-26.0,""pitch_deg"":17.9,""steady"":true}"
29.546,right_hand,og,acc,2381019,"{""seq"":1434,""x_mg"":-52,""y_mg"":-508,""z_mg"":872}"
29.546,right_hand,og,tilt,,"{""roll_deg"":-26.3,""pitch_deg"":16.6,""steady"":true}"
29.593,right_hand,og,acc,2381040,"{""seq"":1435,""x_mg"":0,""y_mg"":-444,""z_mg"":924}"
29.593,right_hand,og,tilt,,"{""roll_deg"":-26.6,""pitch_deg"":15.3,""steady"":true}"
29.625,right_hand,og,acc,2381060,"{""seq"":1436,""x_mg"":116,""y_mg"":-460,""z_mg"":948}"
29.625,right_hand,og,tilt,,"{""roll_deg"":-26.6,""pitch_deg"":14.3,""steady"":true}"
29.625,right_hand,og,acc,2381081,"{""seq"":1437,""x_mg"":156,""y_mg"":-400,""z_mg"":912}"
29.625,right_hand,og,tilt,,"{""roll_deg"":-26.6,""pitch_deg"":14.3,""steady"":true}"
29.656,right_hand,og,acc,2381101,"{""seq"":1438,""x_mg"":224,""y_mg"":-528,""z_mg"":916}"
29.656,right_hand,og,tilt,,"{""roll_deg"":-26.5,""pitch_deg"":15.0,""steady"":true}"
29.687,right_hand,og,acc,2381122,"{""seq"":1439,""x_mg"":132,""y_mg"":-540,""z_mg"":868}"
29.687,right_hand,og,tilt,,"{""roll_deg"":-26.5,""pitch_deg"":15.4,""steady"":true}"
29.687,right_hand,og,acc,2381143,"{""seq"":1440,""x_mg"":180,""y_mg"":-452,""z_mg"":856}"
29.687,right_hand,og,tilt,,"{""roll_deg"":-26.5,""pitch_deg"":16.0,""steady"":true}"
29.718,right_hand,og,acc,2381163,"{""seq"":1441,""x_mg"":252,""y_mg"":-456,""z_mg"":908}"
29.718,right_hand,og,tilt,,"{""roll_deg"":-26.5,""pitch_deg"":16.8,""steady"":true}"
29.718,right_hand,og,acc,2381184,"{""seq"":1442,""x_mg"":244,""y_mg"":-428,""z_mg"":916}"
29.718,right_hand,og,tilt,,"{""roll_deg"":-26.4,""pitch_deg"":18.4,""steady"":true}"
29.750,right_hand,og,acc,2381204,"{""seq"":1443,""x_mg"":64,""y_mg"":-496,""z_mg"":908}"
29.750,right_hand,og,tilt,,"{""roll_deg"":-26.1,""pitch_deg"":19.9,""steady"":true}"
29.781,right_hand,og,acc,2381225,"{""seq"":1444,""x_mg"":196,""y_mg"":-448,""z_mg"":900}"
29.781,right_hand,og,tilt,,"{""roll_deg"":-25.9,""pitch_deg"":20.3,""steady"":true}"
29.781,right_hand,og,acc,2381245,"{""seq"":1445,""x_mg"":288,""y_mg"":-372,""z_mg"":964}"
29.781,right_hand,og,tilt,,"{""roll_deg"":-25.7,""pitch_deg"":20.6,""steady"":true}"
29.812,right_hand,og,acc,2381266,"{""seq"":1446,""x_mg"":40,""y_mg"":-332,""z_mg"":960}"
29.812,right_hand,og,tilt,,"{""roll_deg"":-24.3,""pitch_deg"":20.9,""steady"":true}"
29.843,right_hand,og,acc,2381286,"{""seq"":1447,""x_mg"":8,""y_mg"":-392,""z_mg"":848}"
29.843,right_hand,og,tilt,,"{""roll_deg"":-23.0,""pitch_deg"":20.6,""steady"":true}"
29.843,right_hand,og,acc,2381307,"{""seq"":1448,""x_mg"":56,""y_mg"":-164,""z_mg"":1072}"
29.843,right_hand,og,tilt,,"{""roll_deg"":-21.5,""pitch_deg"":20.1,""steady"":true}"
29.875,right_hand,og,acc,2381328,"{""seq"":1449,""x_mg"":4,""y_mg"":-48,""z_mg"":992}"
29.875,right_hand,og,tilt,,"{""roll_deg"":-16.4,""pitch_deg"":18.7,""steady"":true}"
29.906,right_hand,og,acc,2381348,"{""seq"":1450,""x_mg"":36,""y_mg"":-196,""z_mg"":996}"
29.906,right_hand,og,tilt,,"{""roll_deg"":-12.9,""pitch_deg"":17.7,""steady"":true}"
29.906,right_hand,og,acc,2381369,"{""seq"":1451,""x_mg"":180,""y_mg"":-216,""z_mg"":924}"
29.906,right_hand,og,tilt,,"{""roll_deg"":-11.6,""pitch_deg"":16.7,""steady"":true}"
29.937,right_hand,og,acc,2381389,"{""seq"":1452,""x_mg"":112,""y_mg"":-356,""z_mg"":848}"
29.937,right_hand,og,tilt,,"{""roll_deg"":-11.4,""pitch_deg"":16.7,""steady"":true}"
29.937,right_hand,og,acc,2381410,"{""seq"":1453,""x_mg"":104,""y_mg"":-460,""z_mg"":864}"
29.937,right_hand,og,tilt,,"{""roll_deg"":-13.2,""pitch_deg"":16.7,""steady"":true}"
29.968,right_hand,og,acc,2381430,"{""seq"":1454,""x_mg"":56,""y_mg"":-480,""z_mg"":876}"
29.968,right_hand,og,tilt,,"{""roll_deg"":-14.7,""pitch_deg"":16.7,""steady"":true}"
30.000,right_hand,og,acc,2381451,"{""seq"":1455,""x_mg"":68,""y_mg"":-492,""z_mg"":884}"
30.000,right_hand,og,tilt,,"{""roll_deg"":-16.3,""pitch_deg"":16.7,""steady"":true}"
30.000,right_hand,og,acc,2381472,"{""seq"":1456,""x_mg"":88,""y_mg"":-708,""z_mg"":880}"
30.000,right_hand,og,tilt,,"{""roll_deg"":-18.6,""pitch_deg"":16.6,""steady"":true}"
30.031,,game,miss,,"{""n"":13,""speed"":0.2}"
30.031,right_hand,og,acc,2381492,"{""seq"":1457,""x_mg"":232,""y_mg"":-644,""z_mg"":860}"
30.031,right_hand,og,tilt,,"{""roll_deg"":-23.3,""pitch_deg"":16.5,""steady"":true}"
30.062,right_hand,og,acc,2381513,"{""seq"":1458,""x_mg"":152,""y_mg"":-736,""z_mg"":848}"
30.062,right_hand,og,tilt,,"{""roll_deg"":-28.3,""pitch_deg"":16.5,""steady"":true}"
30.062,right_hand,og,acc,2381533,"{""seq"":1459,""x_mg"":84,""y_mg"":-584,""z_mg"":836}"
30.062,right_hand,og,tilt,,"{""roll_deg"":-30.2,""pitch_deg"":16.5,""steady"":true}"
30.093,right_hand,og,acc,2381554,"{""seq"":1460,""x_mg"":-44,""y_mg"":-200,""z_mg"":800}"
30.093,right_hand,og,tilt,,"{""roll_deg"":-31.0,""pitch_deg"":16.5,""steady"":true}"
30.140,right_hand,og,acc,2381574,"{""seq"":1461,""x_mg"":28,""y_mg"":-484,""z_mg"":800}"
30.140,right_hand,og,tilt,,"{""roll_deg"":-31.0,""pitch_deg"":16.4,""steady"":true}"
30.140,right_hand,og,acc,2381595,"{""seq"":1462,""x_mg"":88,""y_mg"":-560,""z_mg"":864}"
30.140,right_hand,og,tilt,,"{""roll_deg"":-30.6,""pitch_deg"":15.8,""steady"":true}"
30.156,right_hand,og,acc,2381616,"{""seq"":1463,""x_mg"":152,""y_mg"":-540,""z_mg"":860}"
30.156,right_hand,og,tilt,,"{""roll_deg"":-30.4,""pitch_deg"":15.8,""steady"":true}"
30.187,right_hand,og,acc,2381636,"{""seq"":1464,""x_mg"":104,""y_mg"":-356,""z_mg"":804}"
30.187,right_hand,og,tilt,,"{""roll_deg"":-30.3,""pitch_deg"":15.8,""steady"":true}"
30.218,right_hand,og,acc,2381657,"{""seq"":1465,""x_mg"":68,""y_mg"":-324,""z_mg"":844}"
30.218,right_hand,og,tilt,,"{""roll_deg"":-29.0,""pitch_deg"":15.8,""steady"":true}"
30.218,right_hand,og,acc,2381677,"{""seq"":1466,""x_mg"":168,""y_mg"":-380,""z_mg"":872}"
30.218,right_hand,og,tilt,,"{""roll_deg"":-28.6,""pitch_deg"":15.8,""steady"":true}"
30.250,right_hand,og,acc,2381698,"{""seq"":1467,""x_mg"":304,""y_mg"":-536,""z_mg"":920}"
30.250,right_hand,og,tilt,,"{""roll_deg"":-27.5,""pitch_deg"":16.2,""steady"":true}"
30.281,right_hand,og,acc,2381718,"{""seq"":1468,""x_mg"":248,""y_mg"":-488,""z_mg"":868}"
30.281,right_hand,og,tilt,,"{""roll_deg"":-27.4,""pitch_deg"":17.8,""steady"":true}"
30.281,right_hand,og,acc,2381739,"{""seq"":1469,""x_mg"":108,""y_mg"":-312,""z_mg"":860}"
30.281,right_hand,og,tilt,,"{""roll_deg"":-27.3,""pitch_deg"":19.5,""steady"":true}"
30.312,right_hand,og,acc,2381760,"{""seq"":1470,""x_mg"":104,""y_mg"":-256,""z_mg"":896}"
30.312,right_hand,og,tremor,,"{""rms_mg"":98.0,""peak_hz"":6.3}"
30.312,right_hand,og,tilt,,"{""roll_deg"":-25.2,""pitch_deg"":19.5,""steady"":true}"
30.312,right_hand,og,acc,2381780,"{""seq"":1471,""x_mg"":96,""y_mg"":-224,""z_mg"":952}"
30.312,right_hand,og,tilt,,"{""roll_deg"":-22.0,""pitch_deg"":19.5,""steady"":true}"
30.343,right_hand,og,acc,2381801,"{""seq"":1472,""x_mg"":204,""y_mg"":-240,""z_mg"":984}"
30.343,right_hand,og,tilt,,"{""roll_deg"":-18.4,""pitch_deg"":19.2,""steady"":true}"
30.375,right_hand,og,acc,2381821,"{""seq"":1473,""x_mg"":244,""y_mg"":-124,""z_mg"":992}"
30.375,right_hand,og,tilt,,"{""roll_deg"":-15.9,""pitch_deg"":19.2,""steady"":true}"
30.390,right_hand,og,acc,2381842,"{""seq"":1474,""x_mg"":288,""y_mg"":-116,""z_mg"":884}"
30.390,right_hand,og,tilt,,"{""roll_deg"":-11.7,""pitch_deg"":20.1,""steady"":true}"
30.421,right_hand,og,acc,2381862,"{""seq"":1475,""x_mg"":352,""y_mg"":-72,""z_mg"":916}"
30.421,right_hand,og,tilt,,"{""roll_deg"":-9.1,""pitch_deg"":22.3,""steady"":true}"
30.421,right_hand,og,acc,2381883,"{""seq"":1476,""x_mg"":364,""y_mg"":60,""z_mg"":984}"
30.421,right_hand,og,tilt,,"{""roll_deg"":-6.3,""pitch_deg"":25.0,""steady"":true}"
30.453,right_hand,og,acc,2381904,"{""seq"":1477,""x_mg"":412,""y_mg"":-64,""z_mg"":952}"
30.453,right_hand,og,tilt,,"{""roll_deg"":-4.4,""pitch_deg"":27.2,""steady"":true}"
30.453,right_hand,og,acc,2381924,"{""seq"":1478,""x_mg"":424,""y_mg"":-128,""z_mg"":1188}"
30.453,right_hand,og,tilt,,"{""roll_deg"":-3.4,""pitch_deg"":28.4,""steady"":true}"
30.484,right_hand,og,acc,2381945,"{""seq"":1479,""x_mg"":340,""y_mg"":-176,""z_mg"":1164}"
30.484,right_hand,og,tilt,,"{""roll_deg"":-3.4,""pitch_deg"":29.0,""steady"":true}"
30.515,right_hand,og,acc,2381965,"{""seq"":1480,""x_mg"":240,""y_mg"":-104,""z_mg"":904}"
30.515,right_hand,og,tilt,,"{""roll_deg"":-3.4,""pitch_deg"":29.0,""steady"":true}"
30.515,right_hand,og,acc,2381986,"{""seq"":1481,""x_mg"":248,""y_mg"":-40,""z_mg"":916}"
30.515,right_hand,og,tilt,,"{""roll_deg"":-3.4,""pitch_deg"":28.5,""steady"":true}"
30.546,right_hand,og,acc,2382006,"{""seq"":1482,""x_mg"":276,""y_mg"":-108,""z_mg"":920}"
30.546,right_hand,og,tilt,,"{""roll_deg"":-3.5,""pitch_deg"":28.1,""steady"":true}"
30.578,right_hand,og,acc,2382027,"{""seq"":1483,""x_mg"":320,""y_mg"":-88,""z_mg"":948}"
30.578,right_hand,og,tilt,,"{""roll_deg"":-3.5,""pitch_deg"":28.1,""steady"":true}"
30.578,right_hand,og,acc,2382047,"{""seq"":1484,""x_mg"":232,""y_mg"":-108,""z_mg"":924}"
30.578,right_hand,og,tilt,,"{""roll_deg"":-3.5,""pitch_deg"":28.0,""steady"":true}"
30.593,right_hand,og,acc,2382068,"{""seq"":1485,""x_mg"":316,""y_mg"":-152,""z_mg"":868}"
30.593,right_hand,og,tilt,,"{""roll_deg"":-3.5,""pitch_deg"":28.0,""steady"":true}"
30.625,right_hand,og,acc,2382089,"{""seq"":1486,""x_mg"":340,""y_mg"":-228,""z_mg"":900}"
30.625,right_hand,og,tilt,,"{""roll_deg"":-4.2,""pitch_deg"":28.2,""steady"":true}"
30.656,right_hand,og,acc,2382109,"{""seq"":1487,""x_mg"":344,""y_mg"":-172,""z_mg"":948}"
30.656,right_hand,og,tilt,,"{""roll_deg"":-4.6,""pitch_deg"":28.6,""steady"":true}"
30.656,right_hand,og,acc,2382130,"{""seq"":1488,""x_mg"":316,""y_mg"":-8,""z_mg"":916}"
30.656,right_hand,og,tilt,,"{""roll_deg"":-4.8,""pitch_deg"":28.9,""steady"":true}"
30.687,right_hand,og,acc,2382150,"{""seq"":1489,""x_mg"":292,""y_mg"":32,""z_mg"":880}"
30.687,right_hand,og,tilt,,"{""roll_deg"":-4.5,""pitch_deg"":29.1,""steady"":true}"
30.718,right_hand,og,acc,2382171,"{""seq"":1490,""x_mg"":296,""y_mg"":-96,""z_mg"":920}"
30.718,right_hand,og,tilt,,"{""roll_deg"":-3.3,""pitch_deg"":29.1,""steady"":true}"
30.718,right_hand,og,acc,2382191,"{""seq"":1491,""x_mg"":280,""y_mg"":-156,""z_mg"":944}"
30.718,right_hand,og,tilt,,"{""roll_deg"":-3.3,""pitch_deg"":29.1,""steady"":true}"
30.750,right_hand,og,acc,2382212,"{""seq"":1492,""x_mg"":252,""y_mg"":-304,""z_mg"":1000}"
30.750,right_hand,og,tilt,,"{""roll_deg"":-3.3,""pitch_deg"":29.1,""steady"":true}"
30.781,right_hand,og,acc,2382233,"{""seq"":1493,""x_mg"":236,""y_mg"":-176,""z_mg"":952}"
30.781,right_hand,og,tilt,,"{""roll_deg"":-3.5,""pitch_deg"":29.1,""steady"":true}"
30.812,right_hand,og,acc,2382253,"{""seq"":1494,""x_mg"":212,""y_mg"":-76,""z_mg"":988}"
30.812,right_hand,og,tilt,,"{""roll_deg"":-3.9,""pitch_deg"":28.7,""steady"":true}"
30.812,right_hand,og,acc,2382274,"{""seq"":1495,""x_mg"":220,""y_mg"":-136,""z_mg"":1012}"
30.812,right_hand,og,tilt,,"{""roll_deg"":-4.0,""pitch_deg"":27.9,""steady"":true}"
30.843,right_hand,og,acc,2382294,"{""seq"":1496,""x_mg"":256,""y_mg"":-176,""z_mg"":1036}"
30.843,right_hand,og,tilt,,"{""roll_deg"":-4.1,""pitch_deg"":27.1,""steady"":true}"
30.875,right_hand,og,acc,2382315,"{""seq"":1497,""x_mg"":248,""y_mg"":-188,""z_mg"":1004}"
30.875,right_hand,og,tilt,,"{""roll_deg"":-4.5,""pitch_deg"":26.7,""steady"":true}"
30.875,right_hand,og,acc,2382336,"{""seq"":1498,""x_mg"":232,""y_mg"":-168,""z_mg"":996}"
30.875,right_hand,og,tilt,,"{""roll_deg"":-4.9,""pitch_deg"":26.4,""steady"":true}"
30.906,right_hand,og,acc,2382356,"{""seq"":1499,""x_mg"":244,""y_mg"":-200,""z_mg"":940}"
30.906,right_hand,og,tilt,,"{""roll_deg"":-5.4,""pitch_deg"":26.1,""steady"":true}"
30.937,right_hand,og,acc,2382377,"{""seq"":1500,""x_mg"":244,""y_mg"":-212,""z_mg"":964}"
30.937,right_hand,og,tilt,,"{""roll_deg"":-6.1,""pitch_deg"":25.9,""steady"":true}"
30.937,right_hand,og,acc,2382397,"{""seq"":1501,""x_mg"":256,""y_mg"":-188,""z_mg"":964}"
30.937,right_hand,og,tilt,,"{""roll_deg"":-6.8,""pitch_deg"":25.9,""steady"":true}"
30.968,right_hand,og,acc,2382418,"{""seq"":1502,""x_mg"":276,""y_mg"":-152,""z_mg"":956}"
30.968,right_hand,og,tilt,,"{""roll_deg"":-7.1,""pitch_deg"":25.9,""steady"":true}"
31.000,right_hand,og,acc,2382438,"{""seq"":1503,""x_mg"":272,""y_mg"":-96,""z_mg"":976}"
31.000,right_hand,og,tilt,,"{""roll_deg"":-7.1,""pitch_deg"":25.9,""steady"":true}"
31.000,right_hand,og,acc,2382459,"{""seq"":1504,""x_mg"":256,""y_mg"":-60,""z_mg"":964}"
31.000,right_hand,og,tilt,,"{""roll_deg"":-7.1,""pitch_deg"":25.9,""steady"":true}"
31.015,right_hand,og,acc,2382479,"{""seq"":1505,""x_mg"":256,""y_mg"":-56,""z_mg"":968}"
31.015,right_hand,og,tilt,,"{""roll_deg"":-6.8,""pitch_deg"":25.9,""steady"":true}"
31.046,right_hand,og,acc,2382500,"{""seq"":1506,""x_mg"":252,""y_mg"":-64,""z_mg"":964}"
31.046,right_hand,og,tilt,,"{""roll_deg"":-6.2,""pitch_deg"":25.9,""steady"":true}"
31.078,right_hand,og,acc,2382521,"{""seq"":1507,""x_mg"":240,""y_mg"":-100,""z_mg"":956}"
31.078,right_hand,og,tilt,,"{""roll_deg"":-5.5,""pitch_deg"":25.9,""steady"":true}"
31.078,right_hand,og,acc,2382541,"{""seq"":1508,""x_mg"":244,""y_mg"":-116,""z_mg"":980}"
31.078,right_hand,og,tilt,,"{""roll_deg"":-5.3,""pitch_deg"":25.9,""steady"":true}"
31.109,right_hand,og,acc,2382562,"{""seq"":1509,""x_mg"":256,""y_mg"":-124,""z_mg"":980}"
31.109,right_hand,og,tilt,,"{""roll_deg"":-5.2,""pitch_deg"":25.9,""steady"":true}"
31.109,right_hand,og,acc,2382582,"{""seq"":1510,""x_mg"":272,""y_mg"":-128,""z_mg"":996}"
31.109,right_hand,og,tilt,,"{""roll_deg"":-5.2,""pitch_deg"":25.9,""steady"":true}"
31.140,right_hand,og,acc,2382603,"{""seq"":1511,""x_mg"":244,""y_mg"":-156,""z_mg"":984}"
31.140,right_hand,og,tilt,,"{""roll_deg"":-5.2,""pitch_deg"":25.9,""steady"":true}"
31.171,right_hand,og,acc,2382623,"{""seq"":1512,""x_mg"":236,""y_mg"":-160,""z_mg"":960}"
31.171,right_hand,og,tilt,,"{""roll_deg"":-5.2,""pitch_deg"":25.9,""steady"":true}"
31.171,right_hand,og,acc,2382644,"{""seq"":1513,""x_mg"":236,""y_mg"":-132,""z_mg"":972}"
31.171,right_hand,og,tilt,,"{""roll_deg"":-5.2,""pitch_deg"":25.8,""steady"":true}"
31.187,right_hand,og,acc,2382665,"{""seq"":1514,""x_mg"":240,""y_mg"":-112,""z_mg"":968}"
31.187,right_hand,og,tilt,,"{""roll_deg"":-5.2,""pitch_deg"":25.7,""steady"":true}"
31.218,right_hand,og,acc,2382685,"{""seq"":1515,""x_mg"":224,""y_mg"":-108,""z_mg"":960}"
31.218,right_hand,og,tilt,,"{""roll_deg"":-5.2,""pitch_deg"":25.6,""steady"":true}"
31.250,right_hand,og,acc,2382706,"{""seq"":1516,""x_mg"":216,""y_mg"":-136,""z_mg"":980}"
31.250,right_hand,og,tilt,,"{""roll_deg"":-5.2,""pitch_deg"":25.5,""steady"":true}"
31.250,right_hand,og,acc,2382726,"{""seq"":1517,""x_mg"":224,""y_mg"":-160,""z_mg"":948}"
31.250,right_hand,og,tilt,,"{""roll_deg"":-5.2,""pitch_deg"":25.3,""steady"":true}"
31.281,right_hand,og,acc,2382747,"{""seq"":1518,""x_mg"":208,""y_mg"":-160,""z_mg"":956}"
31.281,right_hand,og,tilt,,"{""roll_deg"":-5.2,""pitch_deg"":25.1,""steady"":true}"
31.328,right_hand,og,acc,2382767,"{""seq"":1519,""x_mg"":188,""y_mg"":-128,""z_mg"":964}"
31.328,right_hand,og,tilt,,"{""roll_deg"":-5.2,""pitch_deg"":24.9,""steady"":true}"
31.328,right_hand,og,acc,2382788,"{""seq"":1520,""x_mg"":188,""y_mg"":-100,""z_mg"":956}"
31.328,right_hand,og,tilt,,"{""roll_deg"":-5.2,""pitch_deg"":24.5,""steady"":true}"
31.359,right_hand,og,acc,2382808,"{""seq"":1521,""x_mg"":188,""y_mg"":-100,""z_mg"":936}"
31.359,right_hand,og,tilt,,"{""roll_deg"":-5.2,""pitch_deg"":24.1,""steady"":true}"
31.390,right_hand,og,acc,2382829,"{""seq"":1522,""x_mg"":204,""y_mg"":-144,""z_mg"":940}"
31.390,right_hand,og,tilt,,"{""roll_deg"":-5.2,""pitch_deg"":23.9,""steady"":true}"
31.390,right_hand,og,acc,2382850,"{""seq"":1523,""x_mg"":224,""y_mg"":-180,""z_mg"":944}"
31.390,right_hand,og,tilt,,"{""roll_deg"":-5.2,""pitch_deg"":23.8,""steady"":true}"
31.406,right_hand,og,acc,2382870,"{""seq"":1524,""x_mg"":236,""y_mg"":-184,""z_mg"":972}"
31.406,right_hand,og,tilt,,"{""roll_deg"":-5.2,""pitch_deg"":23.8,""steady"":true}"
31.437,right_hand,og,acc,2382891,"{""seq"":1525,""x_mg"":244,""y_mg"":-220,""z_mg"":968}"
31.437,right_hand,og,tilt,,"{""roll_deg"":-5.5,""pitch_deg"":23.8,""steady"":true}"
31.468,right_hand,og,acc,2382911,"{""seq"":1526,""x_mg"":232,""y_mg"":-236,""z_mg"":940}"
31.468,right_hand,og,tilt,,"{""roll_deg"":-6.3,""pitch_deg"":23.8,""steady"":true}"
31.468,right_hand,og,acc,2382932,"{""seq"":1527,""x_mg"":240,""y_mg"":-244,""z_mg"":940}"
31.468,right_hand,og,tilt,,"{""roll_deg"":-7.3,""pitch_deg"":23.8,""steady"":true}"
31.500,right_hand,og,acc,2382952,"{""seq"":1528,""x_mg"":228,""y_mg"":-192,""z_mg"":960}"
31.500,right_hand,og,tilt,,"{""roll_deg"":-8.2,""pitch_deg"":23.8,""steady"":true}"
31.531,right_hand,og,acc,2382973,"{""seq"":1529,""x_mg"":232,""y_mg"":-128,""z_mg"":972}"
31.531,right_hand,og,tilt,,"{""roll_deg"":-8.2,""pitch_deg"":23.8,""steady"":true}"
31.531,right_hand,og,acc,2382994,"{""seq"":1530,""x_mg"":212,""y_mg"":-132,""z_mg"":972}"
31.531,right_hand,og,tilt,,"{""roll_deg"":-8.2,""pitch_deg"":23.8,""steady"":true}"
31.562,right_hand,og,acc,2383014,"{""seq"":1531,""x_mg"":216,""y_mg"":-176,""z_mg"":940}"
31.562,right_hand,og,tilt,,"{""roll_deg"":-8.2,""pitch_deg"":23.8,""steady"":true}"
31.593,right_hand,og,acc,2383035,"{""seq"":1532,""x_mg"":228,""y_mg"":-216,""z_mg"":920}"
31.593,right_hand,og,tilt,,"{""roll_deg"":-8.2,""pitch_deg"":23.8,""steady"":true}"
31.593,right_hand,og,acc,2383055,"{""seq"":1533,""x_mg"":240,""y_mg"":-212,""z_mg"":928}"
31.593,right_hand,og,tilt,,"{""roll_deg"":-8.2,""pitch_deg"":23.8,""steady"":true}"
31.609,right_hand,og,acc,2383076,"{""seq"":1534,""x_mg"":256,""y_mg"":-192,""z_mg"":952}"
31.609,right_hand,og,tilt,,"{""roll_deg"":-8.2,""pitch_deg"":23.8,""steady"":true}"
31.640,right_hand,og,acc,2383096,"{""seq"":1535,""x_mg"":264,""y_mg"":-200,""z_mg"":952}"
31.640,right_hand,og,tilt,,"{""roll_deg"":-8.3,""pitch_deg"":23.8,""steady"":true}"
31.671,right_hand,og,acc,2383117,"{""seq"":1536,""x_mg"":260,""y_mg"":-228,""z_mg"":932}"
31.671,right_hand,og,tilt,,"{""roll_deg"":-8.4,""pitch_deg"":24.0,""steady"":true}"
31.671,right_hand,og,acc,2383138,"{""seq"":1537,""x_mg"":252,""y_mg"":-216,""z_mg"":936}"
31.671,right_hand,og,tilt,,"{""roll_deg"":-8.7,""pitch_deg"":24.2,""steady"":true}"
31.703,right_hand,og,acc,2383158,"{""seq"":1538,""x_mg"":220,""y_mg"":-212,""z_mg"":944}"
31.703,right_hand,og,tilt,,"{""roll_deg"":-8.9,""pitch_deg"":24.4,""steady"":true}"
31.734,right_hand,og,acc,2383179,"{""seq"":1539,""x_mg"":232,""y_mg"":-196,""z_mg"":916}"
31.734,right_hand,og,tilt,,"{""roll_deg"":-9.1,""pitch_deg"":24.4,""steady"":true}"
31.734,right_hand,og,acc,2383199,"{""seq"":1540,""x_mg"":240,""y_mg"":-196,""z_mg"":948}"
31.734,right_hand,og,tilt,,"{""roll_deg"":-9.1,""pitch_deg"":24.4,""steady"":true}"
31.765,right_hand,og,acc,2383220,"{""seq"":1541,""x_mg"":244,""y_mg"":-208,""z_mg"":964}"
31.765,right_hand,og,tilt,,"{""roll_deg"":-9.1,""pitch_deg"":24.4,""steady"":true}"
31.796,right_hand,og,acc,2383240,"{""seq"":1542,""x_mg"":236,""y_mg"":-228,""z_mg"":948}"
31.796,right_hand,og,tilt,,"{""roll_deg"":-9.1,""pitch_deg"":24.4,""steady"":true}"
31.796,right_hand,og,acc,2383261,"{""seq"":1543,""x_mg"":228,""y_mg"":-244,""z_mg"":940}"
31.796,right_hand,og,tilt,,"{""roll_deg"":-9.4,""pitch_deg"":24.4,""steady"":true}"
31.812,right_hand,og,acc,2383282,"{""seq"":1544,""x_mg"":240,""y_mg"":-256,""z_mg"":972}"
31.812,right_hand,og,tilt,,"{""roll_deg"":-9.7,""pitch_deg"":24.4,""steady"":true}"
31.843,right_hand,og,acc,2383302,"{""seq"":1545,""x_mg"":236,""y_mg"":-252,""z_mg"":920}"
31.843,right_hand,og,tilt,,"{""roll_deg"":-10.1,""pitch_deg"":24.4,""steady"":true}"
31.875,right_hand,og,acc,2383323,"{""seq"":1546,""x_mg"":224,""y_mg"":-224,""z_mg"":912}"
31.875,right_hand,og,tilt,,"{""roll_deg"":-10.4,""pitch_deg"":24.4,""steady"":true}"
31.875,right_hand,og,acc,2383343,"{""seq"":1547,""x_mg"":224,""y_mg"":-176,""z_mg"":928}"
31.875,right_hand,og,tilt,,"{""roll_deg"":-10.5,""pitch_deg"":24.4,""steady"":true}"
31.906,right_hand,og,acc,2383364,"{""seq"":1548,""x_mg"":252,""y_mg"":-152,""z_mg"":940}"
31.906,right_hand,og,tilt,,"{""roll_deg"":-10.5,""pitch_deg"":24.4,""steady"":true}"
31.937,right_hand,og,acc,2383384,"{""seq"":1549,""x_mg"":252,""y_mg"":-132,""z_mg"":976}"
31.937,right_hand,og,tilt,,"{""roll_deg"":-10.5,""pitch_deg"":24.4,""steady"":true}"
31.937,right_hand,og,acc,2383405,"{""seq"":1550,""x_mg"":232,""y_mg"":-108,""z_mg"":968}"
31.937,right_hand,og,tilt,,"{""roll_deg"":-10.2,""pitch_deg"":24.4,""steady"":true}"
31.968,right_hand,og,acc,2383426,"{""seq"":1551,""x_mg"":232,""y_mg"":-96,""z_mg"":956}"
31.968,right_hand,og,tilt,,"{""roll_deg"":-9.2,""pitch_deg"":24.4,""steady"":true}"
32.000,right_hand,og,acc,2383446,"{""seq"":1552,""x_mg"":244,""y_mg"":-104,""z_mg"":964}"
32.000,right_hand,og,tilt,,"{""roll_deg"":-8.3,""pitch_deg"":24.4,""steady"":true}"
32.000,right_hand,og,acc,2383467,"{""seq"":1553,""x_mg"":256,""y_mg"":-108,""z_mg"":984}"
32.000,right_hand,og,tilt,,"{""roll_deg"":-7.4,""pitch_deg"":24.4,""steady"":true}"
32.031,right_hand,og,acc,2383487,"{""seq"":1554,""x_mg"":260,""y_mg"":-144,""z_mg"":984}"
32.031,right_hand,og,tilt,,"{""roll_deg"":-6.7,""pitch_deg"":24.4,""steady"":true}"
32.046,right_hand,og,acc,2383508,"{""seq"":1555,""x_mg"":204,""y_mg"":-100,""z_mg"":984}"
32.046,right_hand,og,tilt,,"{""roll_deg"":-6.2,""pitch_deg"":24.5,""steady"":true}"
32.078,right_hand,og,acc,2383528,"{""seq"":1556,""x_mg"":228,""y_mg"":-104,""z_mg"":964}"
32.078,right_hand,og,tilt,,"{""roll_deg"":-5.7,""pitch_deg"":24.5,""steady"":true}"
32.078,right_hand,og,acc,2383549,"{""seq"":1557,""x_mg"":232,""y_mg"":-128,""z_mg"":960}"
32.078,right_hand,og,tilt,,"{""roll_deg"":-5.4,""pitch_deg"":24.5,""steady"":true}"
32.109,right_hand,og,acc,2383570,"{""seq"":1558,""x_mg"":232,""y_mg"":-84,""z_mg"":980}"
32.109,right_hand,og,tilt,,"{""roll_deg"":-5.1,""pitch_deg"":24.5,""steady"":true}"
32.156,right_hand,og,acc,2383590,"{""seq"":1559,""x_mg"":236,""y_mg"":-168,""z_mg"":924}"
32.156,right_hand,og,tilt,,"{""roll_deg"":-5.1,""pitch_deg"":24.5,""steady"":true}"
32.156,right_hand,og,acc,2383611,"{""seq"":1560,""x_mg"":220,""y_mg"":-212,""z_mg"":952}"
32.156,right_hand,og,tilt,,"{""roll_deg"":-5.1,""pitch_deg"":24.5,""steady"":true}"
32.187,right_hand,og,acc,2383631,"{""seq"":1561,""x_mg"":248,""y_mg"":-184,""z_mg"":960}"
32.187,right_hand,og,tilt,,"{""roll_deg"":-5.3,""pitch_deg"":24.5,""steady"":true}"
32.218,right_hand,og,acc,2383652,"{""seq"":1562,""x_mg"":240,""y_mg"":-152,""z_mg"":964}"
32.218,right_hand,og,tilt,,"{""roll_deg"":-5.5,""pitch_deg"":24.5,""steady"":true}"
32.218,right_hand,og,acc,2383672,"{""seq"":1563,""x_mg"":232,""y_mg"":-124,""z_mg"":960}"
32.218,right_hand,og,tilt,,"{""roll_deg"":-5.6,""pitch_deg"":24.5,""steady"":true}"
32.234,right_hand,og,acc,2383693,"{""seq"":1564,""x_mg"":236,""y_mg"":-148,""z_mg"":956}"
32.234,right_hand,og,tilt,,"{""roll_deg"":-5.6,""pitch_deg"":24.5,""steady"":true}"
32.265,right_hand,og,acc,2383713,"{""seq"":1565,""x_mg"":236,""y_mg"":-128,""z_mg"":992}"
32.265,right_hand,og,tilt,,"{""roll_deg"":-5.6,""pitch_deg"":24.5,""steady"":true}"
32.281,,game,miss,,"{""n"":14,""speed"":0.2}"
32.296,right_hand,og,acc,2383734,"{""seq"":1566,""x_mg"":204,""y_mg"":-136,""z_mg"":992}"
32.296,right_hand,og,tilt,,"{""roll_deg"":-5.6,""pitch_deg"":24.5,""steady"":true}"
32.296,right_hand,og,acc,2383755,"{""seq"":1567,""x_mg"":188,""y_mg"":-172,""z_mg"":992}"
32.296,right_hand,og,tilt,,"{""roll_deg"":-5.6,""pitch_deg"":24.5,""steady"":true}"
32.328,right_hand,og,acc,2383775,"{""seq"":1568,""x_mg"":212,""y_mg"":-148,""z_mg"":1016}"
32.328,right_hand,og,tremor,,"{""rms_mg"":97.4,""peak_hz"":8.4}"
32.328,right_hand,og,tilt,,"{""roll_deg"":-5.6,""pitch_deg"":24.5,""steady"":true}"
32.328,right_hand,og,acc,2383796,"{""seq"":1569,""x_mg"":216,""y_mg"":-116,""z_mg"":1008}"
32.328,right_hand,og,tilt,,"{""roll_deg"":-5.6,""pitch_deg"":24.4,""steady"":true}"
32.359,right_hand,og,acc,2383816,"{""seq"":1570,""x_mg"":220,""y_mg"":-136,""z_mg"":972}"
32.359,right_hand,og,tilt,,"{""roll_deg"":-5.6,""pitch_deg"":24.3,""steady"":true}"
32.390,right_hand,og,acc,2383837,"{""seq"":1571,""x_mg"":220,""y_mg"":-160,""z_mg"":968}"
32.390,right_hand,og,tilt,,"{""roll_deg"":-5.6,""pitch_deg"":24.3,""steady"":true}"
32.390,right_hand,og,acc,2383857,"{""seq"":1572,""x_mg"":224,""y_mg"":-152,""z_mg"":956}"
32.390,right_hand,og,tilt,,"{""roll_deg"":-5.6,""pitch_deg"":24.2,""steady"":true}"
32.421,right_hand,og,acc,2383878,"{""seq"":1573,""x_mg"":240,""y_mg"":-140,""z_mg"":944}"
32.421,right_hand,og,tilt,,"{""roll_deg"":-5.6,""pitch_deg"":24.2,""steady"":true}"
32.453,right_hand,og,acc,2383899,"{""seq"":1574,""x_mg"":240,""y_mg"":-136,""z_mg"":940}"
32.453,right_hand,og,tilt,,"{""roll_deg"":-5.6,""pitch_deg"":24.2,""steady"":true}"
32.453,right_hand,og,acc,2383919,"{""seq"":1575,""x_mg"":216,""y_mg"":-136,""z_mg"":944}"
32.453,right_hand,og,tilt,,"{""roll_deg"":-5.6,""pitch_deg"":24.2,""steady"":true}"
32.468,right_hand,og,acc,2383940,"{""seq"":1576,""x_mg"":228,""y_mg"":-176,""z_mg"":956}"
32.468,right_hand,og,tilt,,"{""roll_deg"":-5.6,""pitch_deg"":24.2,""steady"":true}"
32.500,right_hand,og,acc,2383960,"{""seq"":1577,""x_mg"":240,""y_mg"":-176,""z_mg"":952}"
32.500,right_hand,og,tilt,,"{""roll_deg"":-5.8,""pitch_deg"":24.2,""steady"":true}"
32.531,right_hand,og,acc,2383981,"{""seq"":1578,""x_mg"":228,""y_mg"":-188,""z_mg"":952}"
32.531,right_hand,og,tilt,,"{""roll_deg"":-6.0,""pitch_deg"":24.2,""steady"":true}"
32.531,right_hand,og,acc,2384001,"{""seq"":1579,""x_mg"":208,""y_mg"":-172,""z_mg"":972}"
32.531,right_hand,og,tilt,,"{""roll_deg"":-6.2,""pitch_deg"":24.2,""steady"":true}"
32.562,right_hand,og,acc,2384022,"{""seq"":1580,""x_mg"":192,""y_mg"":-168,""z_mg"":960}"
32.562,right_hand,og,tilt,,"{""roll_deg"":-6.3,""pitch_deg"":24.2,""steady"":true}"
32.593,right_hand,og,acc,2384043,"{""seq"":1581,""x_mg"":216,""y_mg"":-160,""z_mg"":948}"
32.593,right_hand,og,tilt,,"{""roll_deg"":-6.5,""pitch_deg"":24.2,""steady"":true}"
32.593,right_hand,og,acc,2384063,"{""seq"":1582,""x_mg"":224,""y_mg"":-160,""z_mg"":976}"
32.593,right_hand,og,tilt,,"{""roll_deg"":-6.5,""pitch_deg"":24.2,""steady"":true}"
32.625,right_hand,og,acc,2384084,"{""seq"":1583,""x_mg"":228,""y_mg"":-152,""z_mg"":984}"
32.625,right_hand,og,tilt,,"{""roll_deg"":-6.5,""pitch_deg"":24.2,""steady"":true}"
32.656,right_hand,og,acc,2384104,"{""seq"":1584,""x_mg"":240,""y_mg"":-140,""z_mg"":964}"
32.656,right_hand,og,tilt,,"{""roll_deg"":-6.5,""pitch_deg"":24.2,""steady"":true}"
32.656,right_hand,og,acc,2384125,"{""seq"":1585,""x_mg"":244,""y_mg"":-140,""z_mg"":956}"
32.656,right_hand,og,tilt,,"{""roll_deg"":-6.5,""pitch_deg"":24.2,""steady"":true}"
32.687,right_hand,og,acc,2384145,"{""seq"":1586,""x_mg"":236,""y_mg"":-136,""z_mg"":964}"
32.687,right_hand,og,tilt,,"{""roll_deg"":-6.5,""pitch_deg"":24.2,""steady"":true}"
32.687,right_hand,og,acc,2384166,"{""seq"":1587,""x_mg"":236,""y_mg"":-120,""z_mg"":952}"
32.687,right_hand,og,tilt,,"{""roll_deg"":-6.5,""pitch_deg"":24.2,""steady"":true}"
32.734,right_hand,og,acc,2384186,"{""seq"":1588,""x_mg"":244,""y_mg"":-120,""z_mg"":940}"
32.734,right_hand,og,tilt,,"{""roll_deg"":-6.5,""pitch_deg"":24.2,""steady"":true}"
32.765,right_hand,og,acc,2384207,"{""seq"":1589,""x_mg"":244,""y_mg"":-120,""z_mg"":944}"
32.765,right_hand,og,tilt,,"{""roll_deg"":-6.5,""pitch_deg"":24.2,""steady"":true}"
32.765,right_hand,og,acc,2384228,"{""seq"":1590,""x_mg"":264,""y_mg"":-112,""z_mg"":964}"
32.765,right_hand,og,tilt,,"{""roll_deg"":-6.5,""pitch_deg"":24.2,""steady"":true}"
32.796,right_hand,og,acc,2384248,"{""seq"":1591,""x_mg"":252,""y_mg"":-104,""z_mg"":988}"
32.796,right_hand,og,tilt,,"{""roll_deg"":-6.4,""pitch_deg"":24.2,""steady"":true}"
32.828,right_hand,og,acc,2384269,"{""seq"":1592,""x_mg"":240,""y_mg"":-116,""z_mg"":972}"
32.828,right_hand,og,tilt,,"{""roll_deg"":-6.1,""pitch_deg"":24.2,""steady"":true}"
32.828,right_hand,og,acc,2384289,"{""seq"":1593,""x_mg"":224,""y_mg"":-116,""z_mg"":944}"
32.828,right_hand,og,tilt,,"{""roll_deg"":-6.0,""pitch_deg"":24.2,""steady"":true}"
32.859,right_hand,og,acc,2384310,"{""seq"":1594,""x_mg"":224,""y_mg"":-116,""z_mg"":940}"
32.859,right_hand,og,tilt,,"{""roll_deg"":-5.9,""pitch_deg"":24.2,""steady"":true}"
32.890,right_hand,og,acc,2384330,"{""seq"":1595,""x_mg"":256,""y_mg"":-116,""z_mg"":940}"
32.890,right_hand,og,tilt,,"{""roll_deg"":-5.8,""pitch_deg"":24.2,""steady"":true}"
32.890,right_hand,og,acc,2384351,"{""seq"":1596,""x_mg"":236,""y_mg"":-128,""z_mg"":940}"
32.890,right_hand,og,tilt,,"{""roll_deg"":-5.7,""pitch_deg"":24.2,""steady"":true}"
32.921,right_hand,og,acc,2384372,"{""seq"":1597,""x_mg"":228,""y_mg"":-140,""z_mg"":948}"
32.921,right_hand,og,tilt,,"{""roll_deg"":-5.7,""pitch_deg"":24.2,""steady"":true}"
32.953,right_hand,og,acc,2384392,"{""seq"":1598,""x_mg"":236,""y_mg"":-152,""z_mg"":948}"
32.953,right_hand,og,tilt,,"{""roll_deg"":-5.7,""pitch_deg"":24.2,""steady"":true}"
32.953,right_hand,og,acc,2384413,"{""seq"":1599,""x_mg"":228,""y_mg"":-124,""z_mg"":964}"
32.953,right_hand,og,tilt,,"{""roll_deg"":-5.7,""pitch_deg"":24.2,""steady"":true}"
32.984,right_hand,og,acc,2384433,"{""seq"":1600,""x_mg"":220,""y_mg"":-140,""z_mg"":956}"
32.984,right_hand,og,tilt,,"{""roll_deg"":-5.7,""pitch_deg"":24.2,""steady"":true}"
33.015,right_hand,og,acc,2384454,"{""seq"":1601,""x_mg"":204,""y_mg"":-124,""z_mg"":968}"
33.015,right_hand,og,tilt,,"{""roll_deg"":-5.7,""pitch_deg"":24.2,""steady"":true}"
33.015,right_hand,og,acc,2384474,"{""seq"":1602,""x_mg"":200,""y_mg"":-124,""z_mg"":972}"
33.015,right_hand,og,tilt,,"{""roll_deg"":-5.7,""pitch_deg"":24.2,""steady"":true}"
33.046,right_hand,og,acc,2384495,"{""seq"":1603,""x_mg"":180,""y_mg"":-96,""z_mg"":972}"
33.046,right_hand,og,tilt,,"{""roll_deg"":-5.7,""pitch_deg"":24.2,""steady"":true}"
33.062,right_hand,og,acc,2384516,"{""seq"":1604,""x_mg"":188,""y_mg"":-120,""z_mg"":976}"
33.062,right_hand,og,tilt,,"{""roll_deg"":-5.7,""pitch_deg"":24.2,""steady"":true}"
33.062,right_hand,og,acc,2384536,"{""seq"":1605,""x_mg"":220,""y_mg"":-160,""z_mg"":964}"
33.062,right_hand,og,tilt,,"{""roll_deg"":-5.7,""pitch_deg"":24.0,""steady"":true}"
33.093,right_hand,og,acc,2384557,"{""seq"":1606,""x_mg"":224,""y_mg"":-184,""z_mg"":960}"
33.093,right_hand,og,tilt,,"{""roll_deg"":-5.7,""pitch_deg"":24.0,""steady"":true}"
33.125,right_hand,og,acc,2384577,"{""seq"":1607,""x_mg"":204,""y_mg"":-192,""z_mg"":980}"
33.125,right_hand,og,tilt,,"{""roll_deg"":-5.7,""pitch_deg"":24.0,""steady"":true}"
33.156,right_hand,og,acc,2384598,"{""seq"":1608,""x_mg"":212,""y_mg"":-148,""z_mg"":980}"
33.156,right_hand,og,tilt,,"{""roll_deg"":-5.7,""pitch_deg"":24.0,""steady"":true}"
33.156,right_hand,og,acc,2384618,"{""seq"":1609,""x_mg"":208,""y_mg"":-108,""z_mg"":976}"
33.156,right_hand,og,tilt,,"{""roll_deg"":-5.7,""pitch_deg"":23.9,""steady"":true}"
33.187,right_hand,og,acc,2384639,"{""seq"":1610,""x_mg"":200,""y_mg"":-140,""z_mg"":956}"
33.187,right_hand,og,tilt,,"{""roll_deg"":-5.7,""pitch_deg"":23.8,""steady"":true}"
33.218,right_hand,og,acc,2384660,"{""seq"":1611,""x_mg"":204,""y_mg"":-128,""z_mg"":968}"
33.218,right_hand,og,tilt,,"{""roll_deg"":-5.7,""pitch_deg"":23.7,""steady"":true}"
33.218,right_hand,og,acc,2384680,"{""seq"":1612,""x_mg"":220,""y_mg"":-128,""z_mg"":980}"
33.218,right_hand,og,tilt,,"{""roll_deg"":-5.7,""pitch_deg"":23.7,""steady"":true}"
33.250,right_hand,og,acc,2384701,"{""seq"":1613,""x_mg"":204,""y_mg"":-120,""z_mg"":980}"
33.250,right_hand,og,tilt,,"{""roll_deg"":-5.7,""pitch_deg"":23.6,""steady"":true}"
33.250,right_hand,og,acc,2384721,"{""seq"":1614,""x_mg"":200,""y_mg"":-116,""z_mg"":972}"
33.250,right_hand,og,tilt,,"{""roll_deg"":-5.7,""pitch_deg"":23.6,""steady"":true}"
33.281,right_hand,og,acc,2384742,"{""seq"":1615,""x_mg"":204,""y_mg"":-136,""z_mg"":968}"
33.281,right_hand,og,tilt,,"{""roll_deg"":-5.7,""pitch_deg"":23.5,""steady"":true}"
33.296,right_hand,og,acc,2384762,"{""seq"":1616,""x_mg"":196,""y_mg"":-164,""z_mg"":984}"
33.296,right_hand,og,tilt,,"{""roll_deg"":-5.7,""pitch_deg"":23.4,""steady"":true}"
33.328,right_hand,og,acc,2384783,"{""seq"":1617,""x_mg"":196,""y_mg"":-176,""z_mg"":984}"
33.328,right_hand,og,tilt,,"{""roll_deg"":-5.7,""pitch_deg"":23.3,""steady"":true}"
33.359,right_hand,og,acc,2384803,"{""seq"":1618,""x_mg"":204,""y_mg"":-176,""z_mg"":952}"
33.359,right_hand,og,tilt,,"{""roll_deg"":-5.7,""pitch_deg"":23.2,""steady"":true}"
33.359,right_hand,og,acc,2384824,"{""seq"":1619,""x_mg"":208,""y_mg"":-196,""z_mg"":972}"
33.359,right_hand,og,tilt,,"{""roll_deg"":-5.8,""pitch_deg"":23.2,""steady"":true}"
33.390,right_hand,og,acc,2384845,"{""seq"":1620,""x_mg"":224,""y_mg"":-196,""z_mg"":964}"
33.390,right_hand,og,tilt,,"{""roll_deg"":-6.2,""pitch_deg"":23.2,""steady"":true}"
33.390,right_hand,og,acc,2384865,"{""seq"":1621,""x_mg"":208,""y_mg"":-224,""z_mg"":936}"
33.390,right_hand,og,tilt,,"{""roll_deg"":-6.6,""pitch_deg"":23.2,""steady"":true}"
33.421,right_hand,og,acc,2384886,"{""seq"":1622,""x_mg"":200,""y_mg"":-204,""z_mg"":956}"
33.421,right_hand,og,tilt,,"{""roll_deg"":-7.1,""pitch_deg"":23.2,""steady"":true}"
33.468,right_hand,og,acc,2384906,"{""seq"":1623,""x_mg"":196,""y_mg"":-176,""z_mg"":964}"
33.468,right_hand,og,tilt,,"{""roll_deg"":-7.5,""pitch_deg"":23.2,""steady"":true}"
33.468,right_hand,og,acc,2384927,"{""seq"":1624,""x_mg"":188,""y_mg"":-164,""z_mg"":956}"
33.468,right_hand,og,tilt,,"{""roll_deg"":-7.5,""pitch_deg"":23.2,""steady"":true}"
33.484,right_hand,og,acc,2384947,"{""seq"":1625,""x_mg"":176,""y_mg"":-176,""z_mg"":936}"
33.484,right_hand,og,tilt,,"{""roll_deg"":-7.5,""pitch_deg"":23.1,""steady"":true}"
33.515,right_hand,og,acc,2384968,"{""seq"":1626,""x_mg"":168,""y_mg"":-152,""z_mg"":944}"
33.515,right_hand,og,tilt,,"{""roll_deg"":-7.5,""pitch_deg"":23.0,""steady"":true}"
33.546,right_hand,og,acc,2384989,"{""seq"":1627,""x_mg"":188,""y_mg"":-144,""z_mg"":964}"
33.546,right_hand,og,tilt,,"{""roll_deg"":-7.5,""pitch_deg"":22.8,""steady"":true}"
33.546,right_hand,og,acc,2385009,"{""seq"":1628,""x_mg"":176,""y_mg"":-164,""z_mg"":964}"
33.546,right_hand,og,tilt,,"{""roll_deg"":-7.5,""pitch_deg"":22.7,""steady"":true}"
33.578,right_hand,og,acc,2385030,"{""seq"":1629,""x_mg"":152,""y_mg"":-172,""z_mg"":972}"
33.578,right_hand,og,tilt,,"{""roll_deg"":-7.5,""pitch_deg"":22.5,""steady"":true}"
33.609,right_hand,og,acc,2385050,"{""seq"":1630,""x_mg"":168,""y_mg"":-188,""z_mg"":976}"
33.609,right_hand,og,tilt,,"{""roll_deg"":-7.5,""pitch_deg"":22.3,""steady"":true}"
33.609,right_hand,og,acc,2385071,"{""seq"":1631,""x_mg"":192,""y_mg"":-204,""z_mg"":960}"
33.609,right_hand,og,tilt,,"{""roll_deg"":-7.5,""pitch_deg"":22.1,""steady"":true}"
33.640,right_hand,og,acc,2385091,"{""seq"":1632,""x_mg"":204,""y_mg"":-224,""z_mg"":960}"
33.640,right_hand,og,tilt,,"{""roll_deg"":-7.6,""pitch_deg"":22.1,""steady"":true}"
33.671,right_hand,og,acc,2385112,"{""seq"":1633,""x_mg"":212,""y_mg"":-236,""z_mg"":972}"
33.671,right_hand,og,tilt,,"{""roll_deg"":-8.0,""pitch_deg"":22.1,""steady"":true}"
33.671,right_hand,og,acc,2385133,"{""seq"":1634,""x_mg"":208,""y_mg"":-248,""z_mg"":980}"
33.671,right_hand,og,tilt,,"{""roll_deg"":-8.5,""pitch_deg"":22.1,""steady"":true}"
33.703,right_hand,og,acc,2385153,"{""seq"":1635,""x_mg"":200,""y_mg"":-216,""z_mg"":980}"
33.703,right_hand,og,tilt,,"{""roll_deg"":-8.9,""pitch_deg"":22.1,""steady"":true}"
33.718,right_hand,og,acc,2385174,"{""seq"":1636,""x_mg"":204,""y_mg"":-196,""z_mg"":964}"
33.718,right_hand,og,tilt,,"{""roll_deg"":-9.1,""pitch_deg"":22.1,""steady"":true}"
33.750,right_hand,og,acc,2385194,"{""seq"":1637,""x_mg"":192,""y_mg"":-196,""z_mg"":972}"
33.750,right_hand,og,tilt,,"{""roll_deg"":-9.1,""pitch_deg"":22.1,""steady"":true}"
33.750,right_hand,og,acc,2385215,"{""seq"":1638,""x_mg"":204,""y_mg"":-188,""z_mg"":988}"
33.750,right_hand,og,tilt,,"{""roll_deg"":-9.1,""pitch_deg"":22.1,""steady"":true}"
33.781,right_hand,og,acc,2385235,"{""seq"":1639,""x_mg"":212,""y_mg"":-148,""z_mg"":976}"
33.781,right_hand,og,tilt,,"{""roll_deg"":-9.1,""pitch_deg"":22.1,""steady"":true}"
33.812,right_hand,og,acc,2385256,"{""seq"":1640,""x_mg"":212,""y_mg"":-116,""z_mg"":960}"
33.812,right_hand,og,tilt,,"{""roll_deg"":-9.1,""pitch_deg"":22.1,""steady"":true}"
33.812,right_hand,og,acc,2385277,"{""seq"":1641,""x_mg"":204,""y_mg"":-132,""z_mg"":944}"
33.812,right_hand,og,tilt,,"{""roll_deg"":-9.1,""pitch_deg"":22.1,""steady"":true}"
33.843,right_hand,og,acc,2385297,"{""seq"":1642,""x_mg"":212,""y_mg"":-160,""z_mg"":952}"
33.843,right_hand,og,tilt,,"{""roll_deg"":-8.8,""pitch_deg"":22.1,""steady"":true}"
33.875,right_hand,og,acc,2385318,"{""seq"":1643,""x_mg"":204,""y_mg"":-192,""z_mg"":944}"
33.875,right_hand,og,tilt,,"{""roll_deg"":-8.7,""pitch_deg"":22.1,""steady"":true}"
33.875,right_hand,og,acc,2385338,"{""seq"":1644,""x_mg"":192,""y_mg"":-188,""z_mg"":964}"
33.875,right_hand,og,tilt,,"{""roll_deg"":-8.7,""pitch_deg"":22.1,""steady"":true}"
33.890,right_hand,og,acc,2385359,"{""seq"":1645,""x_mg"":196,""y_mg"":-156,""z_mg"":976}"
33.890,right_hand,og,tilt,,"{""roll_deg"":-8.7,""pitch_deg"":22.1,""steady"":true}"
33.921,right_hand,og,acc,2385379,"{""seq"":1646,""x_mg"":180,""y_mg"":-144,""z_mg"":968}"
33.921,right_hand,og,tilt,,"{""roll_deg"":-8.6,""pitch_deg"":22.1,""steady"":true}"
33.953,right_hand,og,acc,2385400,"{""seq"":1647,""x_mg"":188,""y_mg"":-112,""z_mg"":992}"
33.953,right_hand,og,tilt,,"{""roll_deg"":-8.3,""pitch_deg"":22.1,""steady"":true}"
33.953,right_hand,og,acc,2385421,"{""seq"":1648,""x_mg"":172,""y_mg"":-108,""z_mg"":1024}"
33.953,right_hand,og,tilt,,"{""roll_deg"":-7.7,""pitch_deg"":22.1,""steady"":true}"
33.984,right_hand,og,acc,2385441,"{""seq"":1649,""x_mg"":172,""y_mg"":-124,""z_mg"":996}"
33.984,right_hand,og,tilt,,"{""roll_deg"":-7.2,""pitch_deg"":22.1,""steady"":true}"
34.015,right_hand,og,acc,2385462,"{""seq"":1650,""x_mg"":176,""y_mg"":-104,""z_mg"":980}"
34.015,right_hand,og,tilt,,"{""roll_deg"":-6.6,""pitch_deg"":22.1,""steady"":true}"
34.015,right_hand,og,acc,2385482,"{""seq"":1651,""x_mg"":160,""y_mg"":-104,""z_mg"":976}"
34.015,right_hand,og,tilt,,"{""roll_deg"":-6.1,""pitch_deg"":22.1,""steady"":true}"
34.046,right_hand,og,acc,2385503,"{""seq"":1652,""x_mg"":168,""y_mg"":-124,""z_mg"":996}"
34.046,right_hand,og,tilt,,"{""roll_deg"":-5.8,""pitch_deg"":22.1,""steady"":true}"
34.046,right_hand,og,acc,2385523,"{""seq"":1653,""x_mg"":172,""y_mg"":-152,""z_mg"":984}"
34.046,right_hand,og,tilt,,"{""roll_deg"":-5.7,""pitch_deg"":22.0,""steady"":true}"
34.078,right_hand,og,acc,2385544,"{""seq"":1654,""x_mg"":168,""y_mg"":-172,""z_mg"":984}"
34.078,right_hand,og,tilt,,"{""roll_deg"":-5.7,""pitch_deg"":21.8,""steady"":true}"
34.109,right_hand,og,acc,2385564,"{""seq"":1655,""x_mg"":152,""y_mg"":-196,""z_mg"":992}"
34.109,right_hand,og,tilt,,"{""roll_deg"":-5.7,""pitch_deg"":21.7,""steady"":true}"
34.125,right_hand,og,acc,2385585,"{""seq"":1656,""x_mg"":148,""y_mg"":-188,""z_mg"":1000}"
34.125,right_hand,og,tilt,,"{""roll_deg"":-5.7,""pitch_deg"":21.4,""steady"":true}"
34.171,right_hand,og,acc,2385606,"{""seq"":1657,""x_mg"":124,""y_mg"":-176,""z_mg"":984}"
34.171,right_hand,og,tilt,,"{""roll_deg"":-5.8,""pitch_deg"":21.2,""steady"":true}"
34.171,right_hand,og,acc,2385626,"{""seq"":1658,""x_mg"":124,""y_mg"":-176,""z_mg"":984}"
34.171,right_hand,og,tilt,,"{""roll_deg"":-6.0,""pitch_deg"":20.7,""steady"":true}"
34.203,right_hand,og,acc,2385647,"{""seq"":1659,""x_mg"":132,""y_mg"":-140,""z_mg"":1000}"
34.203,right_hand,og,tilt,,"{""roll_deg"":-6.1,""pitch_deg"":20.3,""steady"":true}"
34.203,right_hand,og,acc,2385667,"{""seq"":1660,""x_mg"":136,""y_mg"":-108,""z_mg"":984}"
34.203,right_hand,og,tilt,,"{""roll_deg"":-6.1,""pitch_deg"":20.0,""steady"":true}"
34.234,right_hand,og,acc,2385688,"{""seq"":1661,""x_mg"":132,""y_mg"":-88,""z_mg"":944}"
34.234,right_hand,og,tilt,,"{""roll_deg"":-6.1,""pitch_deg"":19.9,""steady"":true}"
34.265,right_hand,og,acc,2385708,"{""seq"":1662,""x_mg"":132,""y_mg"":-128,""z_mg"":916}"
34.265,right_hand,og,tilt,,"{""roll_deg"":-6.1,""pitch_deg"":19.8,""steady"":true}"
34.265,right_hand,og,acc,2385729,"{""seq"":1663,""x_mg"":140,""y_mg"":-200,""z_mg"":964}"
34.265,right_hand,og,tilt,,"{""roll_deg"":-6.1,""pitch_deg"":19.7,""steady"":true}"
34.296,right_hand,og,acc,2385750,"{""seq"":1664,""x_mg"":128,""y_mg"":-152,""z_mg"":992}"
34.296,right_hand,og,tilt,,"{""roll_deg"":-6.1,""pitch_deg"":19.7,""steady"":true}"
34.312,right_hand,og,acc,2385770,"{""seq"":1665,""x_mg"":144,""y_mg"":-156,""z_mg"":964}"
34.312,right_hand,og,tilt,,"{""roll_deg"":-6.1,""pitch_deg"":19.7,""steady"":true}"
34.312,right_hand,og,acc,2385791,"{""seq"":1666,""x_mg"":148,""y_mg"":-140,""z_mg"":960}"
34.312,right_hand,og,tremor,,"{""rms_mg"":43.5,""peak_hz"":4.2}"
34.312,right_hand,og,tilt,,"{""roll_deg"":-6.1,""pitch_deg"":19.7,""steady"":true}"
34.343,right_hand,og,acc,2385811,"{""seq"":1667,""x_mg"":112,""y_mg"":-120,""z_mg"":976}"
34.343,right_hand,og,tilt,,"{""roll_deg"":-6.1,""pitch_deg"":19.7,""steady"":true}"
34.375,right_hand,og,acc,2385832,"{""seq"":1668,""x_mg"":100,""y_mg"":-48,""z_mg"":992}"
34.375,right_hand,og,tilt,,"{""roll_deg"":-6.1,""pitch_deg"":19.4,""steady"":true}"
34.406,right_hand,og,acc,2385852,"{""seq"":1669,""x_mg"":104,""y_mg"":-36,""z_mg"":988}"
34.406,right_hand,og,tilt,,"{""roll_deg"":-5.7,""pitch_deg"":19.1,""steady"":true}"
34.406,right_hand,og,acc,2385873,"{""seq"":1670,""x_mg"":88,""y_mg"":-64,""z_mg"":972}"
34.406,right_hand,og,tilt,,"{""roll_deg"":-4.9,""pitch_deg"":18.8,""steady"":true}"
34.437,right_hand,og,acc,2385894,"{""seq"":1671,""x_mg"":84,""y_mg"":-76,""z_mg"":980}"
34.437,right_hand,og,tilt,,"{""roll_deg"":-4.3,""pitch_deg"":18.4,""steady"":true}"
34.468,right_hand,og,acc,2385914,"{""seq"":1672,""x_mg"":100,""y_mg"":-100,""z_mg"":992}"
34.468,right_hand,og,tilt,,"{""roll_deg"":-4.0,""pitch_deg"":18.1,""steady"":true}"
34.468,right_hand,og,acc,2385935,"{""seq"":1673,""x_mg"":116,""y_mg"":-44,""z_mg"":968}"
34.468,right_hand,og,tilt,,"{""roll_deg"":-3.8,""pitch_deg"":17.9,""steady"":true}"
34.484,,game,miss,,"{""n"":15,""speed"":0.2}"
34.500,right_hand,og,acc,2385955,"{""seq"":1674,""x_mg"":108,""y_mg"":-56,""z_mg"":968}"
34.500,right_hand,og,tilt,,"{""roll_deg"":-3.3,""pitch_deg"":17.9,""steady"":true}"
34.515,right_hand,og,acc,2385976,"{""seq"":1675,""x_mg"":104,""y_mg"":-80,""z_mg"":976}"
34.515,right_hand,og,tilt,,"{""roll_deg"":-3.0,""pitch_deg"":17.8,""steady"":true}"
34.515,right_hand,og,acc,2385996,"{""seq"":1676,""x_mg"":116,""y_mg"":-96,""z_mg"":972}"
34.515,right_hand,og,tilt,,"{""roll_deg"":-3.0,""pitch_deg"":17.8,""steady"":true}"
34.562,right_hand,og,acc,2386017,"{""seq"":1677,""x_mg"":124,""y_mg"":-148,""z_mg"":956}"
34.562,right_hand,og,tilt,,"{""roll_deg"":-3.0,""pitch_deg"":17.8,""steady"":true}"
34.593,right_hand,og,acc,2386037,"{""seq"":1678,""x_mg"":124,""y_mg"":-172,""z_mg"":968}"
34.593,right_hand,og,tilt,,"{""roll_deg"":-3.0,""pitch_deg"":17.8,""steady"":true}"
34.593,right_hand,og,acc,2386058,"{""seq"":1679,""x_mg"":136,""y_mg"":-176,""z_mg"":972}"
34.593,right_hand,og,tilt,,"{""roll_deg"":-3.1,""pitch_deg"":17.8,""steady"":true}"
34.625,right_hand,og,acc,2386079,"{""seq"":1680,""x_mg"":140,""y_mg"":-188,""z_mg"":968}"
34.625,right_hand,og,tilt,,"{""roll_deg"":-3.7,""pitch_deg"":17.8,""steady"":true}"
34.625,right_hand,og,acc,2386099,"{""seq"":1681,""x_mg"":128,""y_mg"":-200,""z_mg"":964}"
34.625,right_hand,og,tilt,,"{""roll_deg"":-4.4,""pitch_deg"":17.8,""steady"":true}"
34.656,right_hand,og,acc,2386120,"{""seq"":1682,""x_mg"":140,""y_mg"":-208,""z_mg"":968}"
34.656,right_hand,og,tilt,,"{""roll_deg"":-5.4,""pitch_deg"":17.8,""steady"":true}"
34.687,right_hand,og,acc,2386140,"{""seq"":1683,""x_mg"":136,""y_mg"":-220,""z_mg"":964}"
34.687,right_hand,og,tilt,,"{""roll_deg"":-6.3,""pitch_deg"":17.8,""steady"":true}"
34.687,right_hand,og,acc,2386161,"{""seq"":1684,""x_mg"":140,""y_mg"":-232,""z_mg"":980}"
34.687,right_hand,og,tilt,,"{""roll_deg"":-7.3,""pitch_deg"":17.8,""steady"":true}"
34.718,right_hand,og,acc,2386181,"{""seq"":1685,""x_mg"":136,""y_mg"":-260,""z_mg"":960}"
34.718,right_hand,og,tilt,,"{""roll_deg"":-8.1,""pitch_deg"":17.8,""steady"":true}"
34.750,right_hand,og,acc,2386202,"{""seq"":1686,""x_mg"":128,""y_mg"":-284,""z_mg"":968}"
34.750,right_hand,og,tilt,,"{""roll_deg"":-9.3,""pitch_deg"":17.8,""steady"":true}"
34.750,right_hand,og,acc,2386223,"{""seq"":1687,""x_mg"":128,""y_mg"":-300,""z_mg"":952}"
34.750,right_hand,og,tilt,,"{""roll_deg"":-10.6,""pitch_deg"":17.8,""steady"":true}"
34.796,right_hand,og,acc,2386243,"{""seq"":1688,""x_mg"":140,""y_mg"":-312,""z_mg"":960}"
34.796,right_hand,og,tilt,,"{""roll_deg"":-11.8,""pitch_deg"":17.8,""steady"":true}"
34.828,right_hand,og,acc,2386264,"{""seq"":1689,""x_mg"":148,""y_mg"":-300,""z_mg"":960}"
34.828,right_hand,og,tilt,,"{""roll_deg"":-12.8,""pitch_deg"":17.9,""steady"":true}"
34.828,right_hand,og,acc,2386284,"{""seq"":1690,""x_mg"":156,""y_mg"":-288,""z_mg"":964}"
34.828,right_hand,og,tilt,,"{""roll_deg"":-13.3,""pitch_deg"":18.0,""steady"":true}"
34.859,right_hand,og,acc,2386305,"{""seq"":1691,""x_mg"":160,""y_mg"":-276,""z_mg"":976}"
34.859,right_hand,og,tilt,,"{""roll_deg"":-13.5,""pitch_deg"":18.1,""steady"":true}"
34.859,right_hand,og,acc,2386325,"{""seq"":1692,""x_mg"":152,""y_mg"":-280,""z_mg"":972}"
34.859,right_hand,og,tilt,,"{""roll_deg"":-13.5,""pitch_deg"":18.3,""steady"":true}"
34.890,right_hand,og,acc,2386346,"{""seq"":1693,""x_mg"":152,""y_mg"":-284,""z_mg"":956}"
34.890,right_hand,og,tilt,,"{""roll_deg"":-13.5,""pitch_deg"":18.4,""steady"":true}"
34.921,right_hand,og,acc,2386367,"{""seq"":1694,""x_mg"":144,""y_mg"":-300,""z_mg"":952}"
34.921,right_hand,og,tilt,,"{""roll_deg"":-13.5,""pitch_deg"":18.5,""steady"":true}"
34.921,right_hand,og,acc,2386387,"{""seq"":1695,""x_mg"":152,""y_mg"":-308,""z_mg"":948}"
34.921,right_hand,og,tilt,,"{""roll_deg"":-13.8,""pitch_deg"":18.6,""steady"":true}"
34.937,right_hand,og,acc,2386408,"{""seq"":1696,""x_mg"":148,""y_mg"":-308,""z_mg"":960}"
34.937,right_hand,og,tilt,,"{""roll_deg"":-14.1,""pitch_deg"":18.7,""steady"":true}"
34.968,right_hand,og,acc,2386428,"{""seq"":1697,""x_mg"":144,""y_mg"":-312,""z_mg"":952}"
34.968,right_hand,og,tilt,,"{""roll_deg"":-14.3,""pitch_deg"":18.7,""steady"":true}"
35.000,right_hand,og,acc,2386449,"{""seq"":1698,""x_mg"":144,""y_mg"":-292,""z_mg"":948}"
35.000,right_hand,og,tilt,,"{""roll_deg"":-14.5,""pitch_deg"":18.7,""steady"":true}"
35.000,right_hand,og,acc,2386469,"{""seq"":1699,""x_mg"":144,""y_mg"":-280,""z_mg"":948}"
35.000,right_hand,og,tilt,,"{""roll_deg"":-14.5,""pitch_deg"":18.7,""steady"":true}"
35.031,right_hand,og,acc,2386490,"{""seq"":1700,""x_mg"":152,""y_mg"":-272,""z_mg"":932}"
35.031,right_hand,og,tilt,,"{""roll_deg"":-14.5,""pitch_deg"":18.7,""steady"":true}"
35.062,right_hand,og,acc,2386511,"{""seq"":1701,""x_mg"":152,""y_mg"":-280,""z_mg"":936}"
35.062,right_hand,og,tilt,,"{""roll_deg"":-14.5,""pitch_deg"":18.8,""steady"":true}"
35.062,right_hand,og,acc,2386531,"{""seq"":1702,""x_mg"":148,""y_mg"":-268,""z_mg"":932}"
35.062,right_hand,og,tilt,,"{""roll_deg"":-14.5,""pitch_deg"":18.9,""steady"":true}"
35.093,right_hand,og,acc,2386552,"{""seq"":1703,""x_mg"":152,""y_mg"":-272,""z_mg"":932}"
35.093,right_hand,og,tilt,,"{""roll_deg"":-14.5,""pitch_deg"":18.9,""steady"":true}"
35.125,right_hand,og,acc,2386572,"{""seq"":1704,""x_mg"":140,""y_mg"":-272,""z_mg"":932}"
35.125,right_hand,og,tilt,,"{""roll_deg"":-14.5,""pitch_deg"":19.0,""steady"":true}"
35.125,right_hand,og,acc,2386593,"{""seq"":1705,""x_mg"":132,""y_mg"":-296,""z_mg"":960}"
35.125,right_hand,og,tilt,,"{""roll_deg"":-14.5,""pitch_deg"":19.0,""steady"":true}"
35.156,right_hand,og,acc,2386613,"{""seq"":1706,""x_mg"":148,""y_mg"":-300,""z_mg"":948}"
35.156,right_hand,og,tilt,,"{""roll_deg"":-14.5,""pitch_deg"":19.0,""steady"":true}"
35.187,right_hand,og,acc,2386634,"{""seq"":1707,""x_mg"":148,""y_mg"":-308,""z_mg"":924}"
35.187,right_hand,og,tilt,,"{""roll_deg"":-14.5,""pitch_deg"":19.0,""steady"":true}"
35.187,right_hand,og,acc,2386655,"{""seq"":1708,""x_mg"":152,""y_mg"":-316,""z_mg"":948}"
35.187,right_hand,og,tilt,,"{""roll_deg"":-14.5,""pitch_deg"":19.0,""steady"":true}"
35.218,right_hand,og,acc,2386675,"{""seq"":1709,""x_mg"":160,""y_mg"":-328,""z_mg"":956}"
35.218,right_hand,og,tilt,,"{""roll_deg"":-14.5,""pitch_deg"":19.0,""steady"":true}"
35.250,right_hand,og,acc,2386696,"{""seq"":1710,""x_mg"":164,""y_mg"":-332,""z_mg"":960}"
35.250,right_hand,og,tilt,,"{""roll_deg"":-14.7,""pitch_deg"":19.1,""steady"":true}"
35.250,right_hand,og,acc,2386716,"{""seq"":1711,""x_mg"":156,""y_mg"":-340,""z_mg"":936}"
35.250,right_hand,og,tilt,,"{""roll_deg"":-15.0,""pitch_deg"":19.1,""steady"":true}"
35.281,right_hand,og,acc,2386737,"{""seq"":1712,""x_mg"":156,""y_mg"":-348,""z_mg"":936}"
35.281,right_hand,og,tilt,,"{""roll_deg"":-15.3,""pitch_deg"":19.1,""steady"":true}"
35.312,right_hand,og,acc,2386757,"{""seq"":1713,""x_mg"":164,""y_mg"":-348,""z_mg"":944}"
35.312,right_hand,og,tilt,,"{""roll_deg"":-15.7,""pitch_deg"":19.2,""steady"":true}"
35.312,right_hand,og,acc,2386778,"{""seq"":1714,""x_mg"":160,""y_mg"":-340,""z_mg"":952}"
35.312,right_hand,og,tilt,,"{""roll_deg"":-16.0,""pitch_deg"":19.2,""steady"":true}"
35.343,right_hand,og,acc,2386799,"{""seq"":1715,""x_mg"":168,""y_mg"":-340,""z_mg"":948}"
35.343,right_hand,og,tilt,,"{""roll_deg"":-16.2,""pitch_deg"":19.3,""steady"":true}"
35.375,right_hand,og,acc,2386819,"{""seq"":1716,""x_mg"":168,""y_mg"":-344,""z_mg"":928}"
35.375,right_hand,og,tilt,,"{""roll_deg"":-16.3,""pitch_deg"":19.4,""steady"":true}"
35.375,right_hand,og,acc,2386840,"{""seq"":1717,""x_mg"":148,""y_mg"":-360,""z_mg"":924}"
35.375,right_hand,og,tilt,,"{""roll_deg"":-16.5,""pitch_deg"":19.4,""steady"":true}"
35.406,right_hand,og,acc,2386860,"{""seq"":1718,""x_mg"":152,""y_mg"":-340,""z_mg"":936}"
35.406,right_hand,og,tilt,,"{""roll_deg"":-16.7,""pitch_deg"":19.4,""steady"":true}"
35.406,right_hand,og,acc,2386881,"{""seq"":1719,""x_mg"":160,""y_mg"":-316,""z_mg"":932}"
35.406,right_hand,og,tilt,,"{""roll_deg"":-16.8,""pitch_deg"":19.4,""steady"":true}"
35.437,right_hand,og,acc,2386901,"{""seq"":1720,""x_mg"":164,""y_mg"":-336,""z_mg"":936}"
35.437,right_hand,og,tilt,,"{""roll_deg"":-16.8,""pitch_deg"":19.4,""steady"":true}"
35.468,right_hand,og,acc,2386922,"{""seq"":1721,""x_mg"":164,""y_mg"":-340,""z_mg"":928}"
35.468,right_hand,og,tilt,,"{""roll_deg"":-16.8,""pitch_deg"":19.5,""steady"":true}"
35.468,right_hand,og,acc,2386942,"{""seq"":1722,""x_mg"":168,""y_mg"":-340,""z_mg"":936}"
35.468,right_hand,og,tilt,,"{""roll_deg"":-16.9,""pitch_deg"":19.5,""steady"":true}"
35.500,right_hand,og,acc,2386963,"{""seq"":1723,""x_mg"":172,""y_mg"":-332,""z_mg"":932}"
35.500,right_hand,og,tilt,,"{""roll_deg"":-16.9,""pitch_deg"":19.6,""steady"":true}"
35.546,right_hand,og,acc,2386984,"{""seq"":1724,""x_mg"":164,""y_mg"":-336,""z_mg"":936}"
35.546,right_hand,og,tilt,,"{""roll_deg"":-16.9,""pitch_deg"":19.7,""steady"":true}"
35.546,right_hand,og,acc,2387004,"{""seq"":1725,""x_mg"":160,""y_mg"":-332,""z_mg"":940}"
35.546,right_hand,og,tilt,,"{""roll_deg"":-16.9,""pitch_deg"":19.7,""steady"":true}"
35.562,right_hand,og,acc,2387025,"{""seq"":1726,""x_mg"":168,""y_mg"":-340,""z_mg"":932}"
35.562,right_hand,og,tilt,,"{""roll_deg"":-16.9,""pitch_deg"":19.7,""steady"":true}"
35.593,right_hand,og,acc,2387045,"{""seq"":1727,""x_mg"":168,""y_mg"":-344,""z_mg"":940}"
35.593,right_hand,og,tilt,,"{""roll_deg"":-17.0,""pitch_deg"":19.8,""steady"":true}"
35.625,right_hand,og,acc,2387066,"{""seq"":1728,""x_mg"":168,""y_mg"":-348,""z_mg"":928}"
35.625,right_hand,og,tilt,,"{""roll_deg"":-17.0,""pitch_deg"":19.8,""steady"":true}"
35.625,right_hand,og,acc,2387086,"{""seq"":1729,""x_mg"":184,""y_mg"":-372,""z_mg"":936}"
35.625,right_hand,og,tilt,,"{""roll_deg"":-17.1,""pitch_deg"":19.8,""steady"":true}"
35.656,right_hand,og,acc,2387107,"{""seq"":1730,""x_mg"":180,""y_mg"":-376,""z_mg"":932}"
35.656,right_hand,og,tilt,,"{""roll_deg"":-17.3,""pitch_deg"":19.9,""steady"":true}"
35.687,right_hand,og,acc,2387128,"{""seq"":1731,""x_mg"":176,""y_mg"":-392,""z_mg"":936}"
35.687,right_hand,og,tilt,,"{""roll_deg"":-17.6,""pitch_deg"":20.0,""steady"":true}"
35.687,right_hand,og,acc,2387148,"{""seq"":1732,""x_mg"":172,""y_mg"":-376,""z_mg"":928}"
35.687,right_hand,og,tilt,,"{""roll_deg"":-17.8,""pitch_deg"":20.1,""steady"":true}"
35.718,right_hand,og,acc,2387169,"{""seq"":1733,""x_mg"":172,""y_mg"":-356,""z_mg"":928}"
35.718,right_hand,og,tilt,,"{""roll_deg"":-18.0,""pitch_deg"":20.1,""steady"":true}"
35.750,right_hand,og,acc,2387189,"{""seq"":1734,""x_mg"":172,""y_mg"":-348,""z_mg"":924}"
35.750,right_hand,og,tilt,,"{""roll_deg"":-18.1,""pitch_deg"":20.1,""steady"":true}"
35.750,right_hand,og,acc,2387210,"{""seq"":1735,""x_mg"":176,""y_mg"":-348,""z_mg"":932}"
35.750,right_hand,og,tilt,,"{""roll_deg"":-18.1,""pitch_deg"":20.2,""steady"":true}"
35.765,right_hand,og,acc,2387230,"{""seq"":1736,""x_mg"":192,""y_mg"":-360,""z_mg"":928}"
35.765,right_hand,og,tilt,,"{""roll_deg"":-18.1,""pitch_deg"":20.2,""steady"":true}"
35.796,right_hand,og,acc,2387251,"{""seq"":1737,""x_mg"":188,""y_mg"":-368,""z_mg"":936}"
35.796,right_hand,og,tilt,,"{""roll_deg"":-18.1,""pitch_deg"":20.3,""steady"":true}"
35.828,right_hand,og,acc,2387272,"{""seq"":1738,""x_mg"":184,""y_mg"":-340,""z_mg"":940}"
35.828,right_hand,og,tilt,,"{""roll_deg"":-18.1,""pitch_deg"":20.4,""steady"":true}"
35.828,right_hand,og,acc,2387292,"{""seq"":1739,""x_mg"":176,""y_mg"":-340,""z_mg"":944}"
35.828,right_hand,og,tilt,,"{""roll_deg"":-18.1,""pitch_deg"":20.5,""steady"":true}"
35.859,right_hand,og,acc,2387313,"{""seq"":1740,""x_mg"":240,""y_mg"":-184,""z_mg"":932}"
35.859,right_hand,og,tilt,,"{""roll_deg"":-18.1,""pitch_deg"":20.6,""steady"":true}"
35.890,right_hand,og,acc,2387333,"{""seq"":1741,""x_mg"":156,""y_mg"":-380,""z_mg"":932}"
35.890,right_hand,og,tilt,,"{""roll_deg"":-18.1,""pitch_deg"":20.6,""steady"":true}"
35.890,right_hand,og,acc,2387354,"{""seq"":1742,""x_mg"":140,""y_mg"":-336,""z_mg"":928}"
35.890,right_hand,og,tilt,,"{""roll_deg"":-18.1,""pitch_deg"":20.6,""steady"":true}"
35.921,right_hand,og,acc,2387374,"{""seq"":1743,""x_mg"":176,""y_mg"":-332,""z_mg"":904}"
35.921,right_hand,og,tilt,,"{""roll_deg"":-18.1,""pitch_deg"":20.6,""steady"":true}"
35.953,right_hand,og,acc,2387395,"{""seq"":1744,""x_mg"":172,""y_mg"":-372,""z_mg"":936}"
35.953,right_hand,og,tilt,,"{""roll_deg"":-18.1,""pitch_deg"":20.6,""steady"":true}"
35.953,right_hand,og,acc,2387416,"{""seq"":1745,""x_mg"":172,""y_mg"":-368,""z_mg"":932}"
35.953,right_hand,og,tilt,,"{""roll_deg"":-18.1,""pitch_deg"":20.6,""steady"":true}"
35.984,right_hand,og,acc,2387436,"{""seq"":1746,""x_mg"":168,""y_mg"":-396,""z_mg"":908}"
35.984,right_hand,og,tilt,,"{""roll_deg"":-18.1,""pitch_deg"":20.6,""steady"":true}"
36.000,right_hand,og,acc,2387457,"{""seq"":1747,""x_mg"":176,""y_mg"":-384,""z_mg"":924}"
36.000,right_hand,og,tilt,,"{""roll_deg"":-18.1,""pitch_deg"":20.6,""steady"":true}"
36.031,right_hand,og,acc,2387477,"{""seq"":1748,""x_mg"":172,""y_mg"":-400,""z_mg"":920}"
36.031,right_hand,og,tilt,,"{""roll_deg"":-18.4,""pitch_deg"":20.6,""steady"":true}"
36.031,right_hand,og,acc,2387498,"{""seq"":1749,""x_mg"":168,""y_mg"":-404,""z_mg"":904}"
36.031,right_hand,og,tilt,,"{""roll_deg"":-18.7,""pitch_deg"":20.6,""steady"":true}"
36.062,right_hand,og,acc,2387518,"{""seq"":1750,""x_mg"":172,""y_mg"":-412,""z_mg"":900}"
36.062,right_hand,og,tilt,,"{""roll_deg"":-19.1,""pitch_deg"":20.6,""steady"":true}"
36.093,right_hand,og,acc,2387539,"{""seq"":1751,""x_mg"":172,""y_mg"":-412,""z_mg"":912}"
36.093,right_hand,og,tilt,,"{""roll_deg"":-19.5,""pitch_deg"":20.6,""steady"":true}"
36.093,right_hand,og,acc,2387560,"{""seq"":1752,""x_mg"":164,""y_mg"":-408,""z_mg"":892}"
36.093,right_hand,og,tilt,,"{""roll_deg"":-19.9,""pitch_deg"":20.6,""steady"":true}"
36.125,right_hand,og,acc,2387580,"{""seq"":1753,""x_mg"":156,""y_mg"":-416,""z_mg"":888}"
36.125,right_hand,og,tilt,,"{""roll_deg"":-20.3,""pitch_deg"":20.6,""steady"":true}"
36.156,right_hand,og,acc,2387601,"{""seq"":1754,""x_mg"":152,""y_mg"":-432,""z_mg"":888}"
36.156,right_hand,og,tilt,,"{""roll_deg"":-20.7,""pitch_deg"":20.6,""steady"":true}"
36.156,right_hand,og,acc,2387621,"{""seq"":1755,""x_mg"":148,""y_mg"":-436,""z_mg"":868}"
36.156,right_hand,og,tilt,,"{""roll_deg"":-21.1,""pitch_deg"":20.6,""steady"":true}"
36.171,right_hand,og,acc,2387642,"{""seq"":1756,""x_mg"":176,""y_mg"":-468,""z_mg"":860}"
36.171,right_hand,og,tilt,,"{""roll_deg"":-21.7,""pitch_deg"":20.6,""steady"":true}"
36.203,right_hand,og,acc,2387662,"{""seq"":1757,""x_mg"":176,""y_mg"":-476,""z_mg"":880}"
36.203,right_hand,og,tilt,,"{""roll_deg"":-22.6,""pitch_deg"":20.6,""steady"":true}"
36.250,right_hand,og,acc,2387683,"{""seq"":1758,""x_mg"":188,""y_mg"":-440,""z_mg"":892}"
36.250,right_hand,og,tilt,,"{""roll_deg"":-23.3,""pitch_deg"":20.6,""steady"":true}"
36.250,right_hand,og,acc,2387704,"{""seq"":1759,""x_mg"":192,""y_mg"":-408,""z_mg"":900}"
36.250,right_hand,og,tilt,,"{""roll_deg"":-23.3,""pitch_deg"":20.6,""steady"":true}"
36.281,right_hand,og,acc,2387724,"{""seq"":1760,""x_mg"":184,""y_mg"":-420,""z_mg"":884}"
36.281,right_hand,og,tilt,,"{""roll_deg"":-23.3,""pitch_deg"":20.6,""steady"":true}"
36.281,right_hand,og,acc,2387745,"{""seq"":1761,""x_mg"":180,""y_mg"":-440,""z_mg"":888}"
36.281,right_hand,og,tilt,,"{""roll_deg"":-23.3,""pitch_deg"":20.6,""steady"":true}"
36.312,right_hand,og,acc,2387765,"{""seq"":1762,""x_mg"":172,""y_mg"":-448,""z_mg"":904}"
36.312,right_hand,og,tilt,,"{""roll_deg"":-23.3,""pitch_deg"":20.6,""steady"":true}"
36.343,right_hand,og,acc,2387786,"{""seq"":1763,""x_mg"":184,""y_mg"":-444,""z_mg"":912}"
36.343,right_hand,og,tilt,,"{""roll_deg"":-23.3,""pitch_deg"":20.6,""steady"":true}"
36.343,right_hand,og,acc,2387806,"{""seq"":1764,""x_mg"":180,""y_mg"":-452,""z_mg"":904}"
36.343,right_hand,og,tremor,,"{""rms_mg"":24.6,""peak_hz"":4.4}"
36.343,right_hand,og,tilt,,"{""roll_deg"":-23.3,""pitch_deg"":20.6,""steady"":true}"
36.375,right_hand,og,acc,2387827,"{""seq"":1765,""x_mg"":180,""y_mg"":-456,""z_mg"":908}"
36.375,right_hand,og,tilt,,"{""roll_deg"":-23.3,""pitch_deg"":20.6,""steady"":true}"
36.390,right_hand,og,acc,2387847,"{""seq"":1766,""x_mg"":176,""y_mg"":-432,""z_mg"":904}"
36.390,right_hand,og,tilt,,"{""roll_deg"":-23.3,""pitch_deg"":20.6,""steady"":true}"
36.390,right_hand,og,acc,2387868,"{""seq"":1767,""x_mg"":176,""y_mg"":-416,""z_mg"":896}"
36.390,right_hand,og,tilt,,"{""roll_deg"":-23.3,""pitch_deg"":20.6,""steady"":true}"
36.421,right_hand,og,acc,2387889,"{""seq"":1768,""x_mg"":176,""y_mg"":-412,""z_mg"":892}"
36.421,right_hand,og,tilt,,"{""roll_deg"":-23.3,""pitch_deg"":20.6,""steady"":true}"
36.453,right_hand,og,acc,2387909,"{""seq"":1769,""x_mg"":196,""y_mg"":-412,""z_mg"":896}"
36.453,right_hand,og,tilt,,"{""roll_deg"":-23.3,""pitch_deg"":20.6,""steady"":true}"
36.484,right_hand,og,acc,2387930,"{""seq"":1770,""x_mg"":204,""y_mg"":-400,""z_mg"":904}"
36.484,right_hand,og,tilt,,"{""roll_deg"":-23.3,""pitch_deg"":20.7,""steady"":true}"
36.484,right_hand,og,acc,2387950,"{""seq"":1771,""x_mg"":192,""y_mg"":-404,""z_mg"":916}"
36.484,right_hand,og,tilt,,"{""roll_deg"":-23.3,""pitch_deg"":20.8,""steady"":true}"
36.515,right_hand,og,acc,2387971,"{""seq"":1772,""x_mg"":180,""y_mg"":-404,""z_mg"":904}"
36.515,right_hand,og,tilt,,"{""roll_deg"":-23.3,""pitch_deg"":20.9,""steady"":true}"
36.546,right_hand,og,acc,2387991,"{""seq"":1773,""x_mg"":176,""y_mg"":-392,""z_mg"":896}"
36.546,right_hand,og,tilt,,"{""roll_deg"":-23.2,""pitch_deg"":20.9,""steady"":true}"
36.546,right_hand,og,acc,2388012,"{""seq"":1774,""x_mg"":168,""y_mg"":-388,""z_mg"":896}"
36.546,right_hand,og,tilt,,"{""roll_deg"":-23.0,""pitch_deg"":20.9,""steady"":true}"
36.578,right_hand,og,acc,2388033,"{""seq"":1775,""x_mg"":184,""y_mg"":-392,""z_mg"":888}"
36.578,right_hand,og,tilt,,"{""roll_deg"":-22.8,""pitch_deg"":20.9,""steady"":true}"
36.609,right_hand,og,acc,2388053,"{""seq"":1776,""x_mg"":188,""y_mg"":-408,""z_mg"":880}"
36.609,right_hand,og,tilt,,"{""roll_deg"":-22.6,""pitch_deg"":20.9,""steady"":true}"
36.609,right_hand,og,acc,2388074,"{""seq"":1777,""x_mg"":200,""y_mg"":-400,""z_mg"":884}"
36.609,right_hand,og,tilt,,"{""roll_deg"":-22.5,""pitch_deg"":21.0,""steady"":true}"
36.625,right_hand,og,acc,2388094,"{""seq"":1778,""x_mg"":200,""y_mg"":-404,""z_mg"":880}"
36.625,right_hand,og,tilt,,"{""roll_deg"":-22.5,""pitch_deg"":21.1,""steady"":true}"
36.656,right_hand,og,acc,2388115,"{""seq"":1779,""x_mg"":204,""y_mg"":-412,""z_mg"":880}"
36.656,right_hand,og,tilt,,"{""roll_deg"":-22.5,""pitch_deg"":21.2,""steady"":true}"
36.687,,game,miss,,"{""n"":16,""speed"":0.2}"
36.687,right_hand,og,acc,2388135,"{""seq"":1780,""x_mg"":208,""y_mg"":-416,""z_mg"":872}"
36.687,right_hand,og,tilt,,"{""roll_deg"":-22.5,""pitch_deg"":21.4,""steady"":true}"
36.687,right_hand,og,acc,2388156,"{""seq"":1781,""x_mg"":212,""y_mg"":-420,""z_mg"":876}"
36.687,right_hand,og,tilt,,"{""roll_deg"":-22.5,""pitch_deg"":21.6,""steady"":true}"
36.718,right_hand,og,acc,2388177,"{""seq"":1782,""x_mg"":216,""y_mg"":-424,""z_mg"":888}"
36.718,right_hand,og,tilt,,"{""roll_deg"":-22.5,""pitch_deg"":21.8,""steady"":true}"
36.750,right_hand,og,acc,2388197,"{""seq"":1783,""x_mg"":224,""y_mg"":-416,""z_mg"":908}"
36.750,right_hand,og,tilt,,"{""roll_deg"":-22.5,""pitch_deg"":21.9,""steady"":true}"
36.750,right_hand,og,acc,2388218,"{""seq"":1784,""x_mg"":244,""y_mg"":-428,""z_mg"":904}"
36.750,right_hand,og,tilt,,"{""roll_deg"":-22.5,""pitch_deg"":22.1,""steady"":true}"
36.781,right_hand,og,acc,2388238,"{""seq"":1785,""x_mg"":236,""y_mg"":-412,""z_mg"":936}"
36.781,right_hand,og,tilt,,"{""roll_deg"":-22.5,""pitch_deg"":22.3,""steady"":true}"
36.796,right_hand,og,acc,2388259,"{""seq"":1786,""x_mg"":220,""y_mg"":-396,""z_mg"":940}"
36.796,right_hand,og,tilt,,"{""roll_deg"":-22.5,""pitch_deg"":22.5,""steady"":true}"
36.796,right_hand,og,acc,2388279,"{""seq"":1787,""x_mg"":204,""y_mg"":-396,""z_mg"":944}"
36.796,right_hand,og,tilt,,"{""roll_deg"":-22.4,""pitch_deg"":22.6,""steady"":true}"
36.828,right_hand,og,acc,2388300,"{""seq"":1788,""x_mg"":184,""y_mg"":-388,""z_mg"":944}"
36.828,right_hand,og,tilt,,"{""roll_deg"":-22.1,""pitch_deg"":22.6,""steady"":true}"
36.859,right_hand,og,acc,2388320,"{""seq"":1789,""x_mg"":172,""y_mg"":-376,""z_mg"":936}"
36.859,right_hand,og,tilt,,"{""roll_deg"":-21.9,""pitch_deg"":22.6,""steady"":true}"
36.890,right_hand,og,acc,2388341,"{""seq"":1790,""x_mg"":176,""y_mg"":-384,""z_mg"":940}"
36.890,right_hand,og,tilt,,"{""roll_deg"":-21.6,""pitch_deg"":22.6,""steady"":true}"
36.890,right_hand,og,acc,2388362,"{""seq"":1791,""x_mg"":188,""y_mg"":-392,""z_mg"":916}"
36.890,right_hand,og,tilt,,"{""roll_deg"":-21.4,""pitch_deg"":22.6,""steady"":true}"
36.937,right_hand,og,acc,2388382,"{""seq"":1792,""x_mg"":196,""y_mg"":-400,""z_mg"":904}"
36.937,right_hand,og,tilt,,"{""roll_deg"":-21.4,""pitch_deg"":22.6,""steady"":true}"
36.968,right_hand,og,acc,2388403,"{""seq"":1793,""x_mg"":200,""y_mg"":-392,""z_mg"":904}"
36.968,right_hand,og,tilt,,"{""roll_deg"":-21.3,""pitch_deg"":22.6,""steady"":true}"
36.968,right_hand,og,acc,2388423,"{""seq"":1794,""x_mg"":192,""y_mg"":-412,""z_mg"":900}"
36.968,right_hand,og,tilt,,"{""roll_deg"":-21.3,""pitch_deg"":22.6,""steady"":true}"
37.000,right_hand,og,acc,2388444,"{""seq"":1795,""x_mg"":188,""y_mg"":-432,""z_mg"":900}"
37.000,right_hand,og,tilt,,"{""roll_deg"":-21.3,""pitch_deg"":22.6,""steady"":true}"
37.000,right_hand,og,acc,2388464,"{""seq"":1796,""x_mg"":184,""y_mg"":-404,""z_mg"":860}"
37.000,right_hand,og,tilt,,"{""roll_deg"":-21.3,""pitch_deg"":22.6,""steady"":true}"
37.031,right_hand,og,acc,2388485,"{""seq"":1797,""x_mg"":200,""y_mg"":-424,""z_mg"":872}"
37.031,right_hand,og,tilt,,"{""roll_deg"":-21.3,""pitch_deg"":22.6,""steady"":true}"
37.062,right_hand,og,acc,2388506,"{""seq"":1798,""x_mg"":208,""y_mg"":-424,""z_mg"":884}"
37.062,right_hand,og,tilt,,"{""roll_deg"":-21.3,""pitch_deg"":22.6,""steady"":true}"
37.062,right_hand,og,acc,2388526,"{""seq"":1799,""x_mg"":204,""y_mg"":-428,""z_mg"":860}"
37.062,right_hand,og,tilt,,"{""roll_deg"":-21.3,""pitch_deg"":22.6,""steady"":true}"
37.093,right_hand,og,acc,2388547,"{""seq"":1800,""x_mg"":192,""y_mg"":-432,""z_mg"":860}"
37.093,right_hand,og,tilt,,"{""roll_deg"":-21.5,""pitch_deg"":22.6,""steady"":true}"
37.125,right_hand,og,acc,2388567,"{""seq"":1801,""x_mg"":184,""y_mg"":-436,""z_mg"":836}"
37.125,right_hand,og,tilt,,"{""roll_deg"":-21.8,""pitch_deg"":22.6,""steady"":true}"
37.125,right_hand,og,acc,2388588,"{""seq"":1802,""x_mg"":184,""y_mg"":-424,""z_mg"":812}"
37.125,right_hand,og,tilt,,"{""roll_deg"":-22.2,""pitch_deg"":22.6,""steady"":true}"
37.156,right_hand,og,acc,2388608,"{""seq"":1803,""x_mg"":184,""y_mg"":-436,""z_mg"":776}"
37.156,right_hand,og,tilt,,"{""roll_deg"":-22.6,""pitch_deg"":22.6,""steady"":true}"
37.187,right_hand,og,acc,2388629,"{""seq"":1804,""x_mg"":188,""y_mg"":-480,""z_mg"":744}"
37.187,right_hand,og,tilt,,"{""roll_deg"":-23.3,""pitch_deg"":22.6,""steady"":true}"
37.187,right_hand,og,acc,2388650,"{""seq"":1805,""x_mg"":200,""y_mg"":-604,""z_mg"":736}"
37.187,right_hand,og,tilt,,"{""roll_deg"":-24.8,""pitch_deg"":22.6,""steady"":true}"
37.218,right_hand,og,acc,2388670,"{""seq"":1806,""x_mg"":228,""y_mg"":-760,""z_mg"":724}"
37.218,right_hand,og,tilt,,"{""roll_deg"":-28.1,""pitch_deg"":22.6,""steady"":true}"
37.250,right_hand,og,acc,2388691,"{""seq"":1807,""x_mg"":244,""y_mg"":-872,""z_mg"":780}"
37.250,right_hand,og,tilt,,"{""roll_deg"":-33.6,""pitch_deg"":22.6,""steady"":true}"
37.250,right_hand,og,acc,2388711,"{""seq"":1808,""x_mg"":184,""y_mg"":-776,""z_mg"":840}"
37.250,right_hand,og,tilt,,"{""roll_deg"":-37.2,""pitch_deg"":22.6,""steady"":true}"
37.281,right_hand,og,acc,2388732,"{""seq"":1809,""x_mg"":156,""y_mg"":-632,""z_mg"":812}"
37.281,right_hand,og,tilt,,"{""roll_deg"":-38.1,""pitch_deg"":22.6,""steady"":true}"
37.281,right_hand,og,acc,2388752,"{""seq"":1810,""x_mg"":200,""y_mg"":-636,""z_mg"":816}"
37.281,right_hand,og,tilt,,"{""roll_deg"":-37.8,""pitch_deg"":22.5,""steady"":true}"
37.312,right_hand,og,acc,2388773,"{""seq"":1811,""x_mg"":192,""y_mg"":-672,""z_mg"":812}"
37.312,right_hand,og,tilt,,"{""roll_deg"":-37.2,""pitch_deg"":22.4,""steady"":true}"
37.343,right_hand,og,acc,2388793,"{""seq"":1812,""x_mg"":156,""y_mg"":-544,""z_mg"":800}"
37.343,right_hand,og,tilt,,"{""roll_deg"":-36.7,""pitch_deg"":22.4,""steady"":true}"
37.343,right_hand,og,acc,2388814,"{""seq"":1813,""x_mg"":264,""y_mg"":-372,""z_mg"":828}"
37.343,right_hand,og,tilt,,"{""roll_deg"":-35.7,""pitch_deg"":22.3,""steady"":true}"
37.375,right_hand,og,acc,2388835,"{""seq"":1814,""x_mg"":336,""y_mg"":-292,""z_mg"":900}"
37.375,right_hand,og,tilt,,"{""roll_deg"":-34.5,""pitch_deg"":22.3,""steady"":true}"
37.406,right_hand,og,acc,2388855,"{""seq"":1815,""x_mg"":340,""y_mg"":-304,""z_mg"":924}"
37.406,right_hand,og,tilt,,"{""roll_deg"":-29.6,""pitch_deg"":23.2,""steady"":true}"
37.406,right_hand,og,acc,2388876,"{""seq"":1816,""x_mg"":276,""y_mg"":-256,""z_mg"":864}"
37.406,right_hand,og,tilt,,"{""roll_deg"":-24.6,""pitch_deg"":24.7,""steady"":true}"
37.421,right_hand,og,acc,2388896,"{""seq"":1817,""x_mg"":264,""y_mg"":-160,""z_mg"":864}"
37.437,right_hand,og,tilt,,"{""roll_deg"":-20.6,""pitch_deg"":25.4,""steady"":true}"
37.453,right_hand,og,acc,2388917,"{""seq"":1818,""x_mg"":280,""y_mg"":-52,""z_mg"":928}"
37.453,right_hand,og,tilt,,"{""roll_deg"":-15.3,""pitch_deg"":25.8,""steady"":true}"
37.484,right_hand,og,acc,2388937,"{""seq"":1819,""x_mg"":248,""y_mg"":20,""z_mg"":940}"
37.484,right_hand,og,tilt,,"{""roll_deg"":-8.9,""pitch_deg"":26.1,""steady"":true}"
37.484,right_hand,og,acc,2388958,"{""seq"":1820,""x_mg"":204,""y_mg"":40,""z_mg"":988}"
37.484,right_hand,og,tilt,,"{""roll_deg"":-3.2,""pitch_deg"":26.1,""steady"":true}"
37.515,right_hand,og,acc,2388979,"{""seq"":1821,""x_mg"":160,""y_mg"":8,""z_mg"":1008}"
37.515,right_hand,og,tilt,,"{""roll_deg"":-0.2,""pitch_deg"":26.1,""steady"":true}"
37.546,right_hand,og,acc,2388999,"{""seq"":1822,""x_mg"":144,""y_mg"":-56,""z_mg"":1016}"
37.546,right_hand,og,tilt,,"{""roll_deg"":0.9,""pitch_deg"":25.8,""steady"":true}"
37.546,right_hand,og,acc,2389020,"{""seq"":1823,""x_mg"":112,""y_mg"":-148,""z_mg"":1020}"
37.546,right_hand,og,tilt,,"{""roll_deg"":0.7,""pitch_deg"":25.0,""steady"":true}"
37.578,right_hand,og,acc,2389040,"{""seq"":1824,""x_mg"":84,""y_mg"":-376,""z_mg"":984}"
37.578,right_hand,og,tilt,,"{""roll_deg"":-1.6,""pitch_deg"":23.6,""steady"":true}"
37.609,right_hand,og,acc,2389061,"{""seq"":1825,""x_mg"":72,""y_mg"":-520,""z_mg"":948}"
37.609,right_hand,og,tilt,,"{""roll_deg"":-5.2,""pitch_deg"":21.7,""steady"":true}"
37.609,right_hand,og,acc,2389081,"{""seq"":1826,""x_mg"":104,""y_mg"":-480,""z_mg"":952}"
37.609,right_hand,og,tilt,,"{""roll_deg"":-7.7,""pitch_deg"":20.1,""steady"":true}"
37.640,right_hand,og,acc,2389102,"{""seq"":1827,""x_mg"":168,""y_mg"":-320,""z_mg"":944}"
37.640,right_hand,og,tilt,,"{""roll_deg"":-12.3,""pitch_deg"":19.2,""steady"":true}"
37.656,right_hand,og,acc,2389123,"{""seq"":1828,""x_mg"":236,""y_mg"":-212,""z_mg"":868}"
37.656,right_hand,og,tilt,,"{""roll_deg"":-13.3,""pitch_deg"":19.2,""steady"":true}"
37.703,right_hand,og,acc,2389143,"{""seq"":1829,""x_mg"":224,""y_mg"":-188,""z_mg"":828}"
37.703,right_hand,og,tilt,,"{""roll_deg"":-13.3,""pitch_deg"":19.9,""steady"":true}"
37.703,right_hand,og,acc,2389164,"{""seq"":1830,""x_mg"":156,""y_mg"":-216,""z_mg"":904}"
37.703,right_hand,og,tilt,,"{""roll_deg"":-13.1,""pitch_deg"":20.5,""steady"":true}"
37.734,right_hand,og,acc,2389184,"{""seq"":1831,""x_mg"":120,""y_mg"":-180,""z_mg"":960}"
37.734,right_hand,og,tilt,,"{""roll_deg"":-12.7,""pitch_deg"":20.5,""steady"":true}"
37.765,right_hand,og,acc,2389205,"{""seq"":1832,""x_mg"":136,""y_mg"":-144,""z_mg"":924}"
37.765,right_hand,og,tilt,,"{""roll_deg"":-12.2,""pitch_deg"":20.5,""steady"":true}"
37.765,right_hand,og,acc,2389225,"{""seq"":1833,""x_mg"":172,""y_mg"":-148,""z_mg"":928}"
37.765,right_hand,og,tilt,,"{""roll_deg"":-11.9,""pitch_deg"":20.5,""steady"":true}"
37.796,right_hand,og,acc,2389246,"{""seq"":1834,""x_mg"":212,""y_mg"":-192,""z_mg"":972}"
37.796,right_hand,og,tilt,,"{""roll_deg"":-11.3,""pitch_deg"":20.5,""steady"":true}"
37.828,right_hand,og,acc,2389266,"{""seq"":1835,""x_mg"":196,""y_mg"":-296,""z_mg"":932}"
37.828,right_hand,og,tilt,,"{""roll_deg"":-11.0,""pitch_deg"":20.5,""steady"":true}"
37.828,right_hand,og,acc,2389287,"{""seq"":1836,""x_mg"":164,""y_mg"":-396,""z_mg"":996}"
37.828,right_hand,og,tilt,,"{""roll_deg"":-11.0,""pitch_deg"":20.5,""steady"":true}"
37.843,right_hand,og,acc,2389308,"{""seq"":1837,""x_mg"":184,""y_mg"":-400,""z_mg"":968}"
37.843,right_hand,og,tilt,,"{""roll_deg"":-11.8,""pitch_deg"":20.5,""steady"":true}"
37.875,right_hand,og,acc,2389328,"{""seq"":1838,""x_mg"":180,""y_mg"":-340,""z_mg"":1012}"
37.875,right_hand,og,tilt,,"{""roll_deg"":-13.2,""pitch_deg"":20.5,""steady"":true}"
37.906,right_hand,og,acc,2389349,"{""seq"":1839,""x_mg"":172,""y_mg"":-304,""z_mg"":1004}"
37.906,right_hand,og,tilt,,"{""roll_deg"":-13.8,""pitch_deg"":20.5,""steady"":true}"
37.906,right_hand,og,acc,2389369,"{""seq"":1840,""x_mg"":140,""y_mg"":-244,""z_mg"":988}"
37.906,right_hand,og,tilt,,"{""roll_deg"":-13.9,""pitch_deg"":20.5,""steady"":true}"
37.937,right_hand,og,acc,2389390,"{""seq"":1841,""x_mg"":144,""y_mg"":-104,""z_mg"":940}"
37.937,right_hand,og,tilt,,"{""roll_deg"":-13.9,""pitch_deg"":20.5,""steady"":true}"
37.968,right_hand,og,acc,2389410,"{""seq"":1842,""x_mg"":128,""y_mg"":8,""z_mg"":972}"
37.968,right_hand,og,tilt,,"{""roll_deg"":-13.5,""pitch_deg"":20.5,""steady"":true}"
37.968,right_hand,og,acc,2389431,"{""seq"":1843,""x_mg"":88,""y_mg"":92,""z_mg"":884}"
37.968,right_hand,og,tilt,,"{""roll_deg"":-9.7,""pitch_deg"":20.5,""steady"":true}"
38.000,right_hand,og,acc,2389452,"{""seq"":1844,""x_mg"":68,""y_mg"":228,""z_mg"":1080}"
38.000,right_hand,og,tilt,,"{""roll_deg"":-3.6,""pitch_deg"":20.1,""steady"":true}"
38.031,right_hand,og,acc,2389472,"{""seq"":1845,""x_mg"":96,""y_mg"":312,""z_mg"":1000}"
38.031,right_hand,og,tilt,,"{""roll_deg"":3.5,""pitch_deg"":19.5,""steady"":true}"
38.031,right_hand,og,acc,2389493,"{""seq"":1846,""x_mg"":132,""y_mg"":332,""z_mg"":936}"
38.031,right_hand,og,tilt,,"{""roll_deg"":10.8,""pitch_deg"":18.9,""steady"":true}"
38.062,right_hand,og,acc,2389513,"{""seq"":1847,""x_mg"":140,""y_mg"":280,""z_mg"":960}"
38.062,right_hand,og,tilt,,"{""roll_deg"":14.6,""pitch_deg"":18.9,""steady"":true}"
38.078,right_hand,og,acc,2389534,"{""seq"":1848,""x_mg"":120,""y_mg"":200,""z_mg"":996}"
38.078,right_hand,og,tilt,,"{""roll_deg"":16.1,""pitch_deg"":18.9,""steady"":true}"
38.109,right_hand,og,acc,2389554,"{""seq"":1849,""x_mg"":64,""y_mg"":180,""z_mg"":948}"
38.109,right_hand,og,tilt,,"{""roll_deg"":15.6,""pitch_deg"":18.8,""steady"":true}"
38.109,right_hand,og,acc,2389575,"{""seq"":1850,""x_mg"":76,""y_mg"":224,""z_mg"":900}"
38.109,right_hand,og,tilt,,"{""roll_deg"":14.9,""pitch_deg"":18.3,""steady"":true}"
38.140,right_hand,og,acc,2389596,"{""seq"":1851,""x_mg"":80,""y_mg"":284,""z_mg"":900}"
38.140,right_hand,og,tilt,,"{""roll_deg"":14.9,""pitch_deg"":17.9,""steady"":true}"
38.171,right_hand,og,acc,2389616,"{""seq"":1852,""x_mg"":124,""y_mg"":352,""z_mg"":884}"
38.171,right_hand,og,tilt,,"{""roll_deg"":16.3,""pitch_deg"":17.6,""steady"":true}"
38.171,right_hand,og,acc,2389637,"{""seq"":1853,""x_mg"":156,""y_mg"":400,""z_mg"":772}"
38.171,right_hand,og,tilt,,"{""roll_deg"":19.0,""pitch_deg"":17.6,""steady"":true}"
38.203,right_hand,og,acc,2389657,"{""seq"":1854,""x_mg"":144,""y_mg"":440,""z_mg"":740}"
38.203,right_hand,og,tilt,,"{""roll_deg"":22.9,""pitch_deg"":17.6,""steady"":true}"
38.234,right_hand,og,acc,2389678,"{""seq"":1855,""x_mg"":88,""y_mg"":536,""z_mg"":832}"
38.234,right_hand,og,tilt,,"{""roll_deg"":26.8,""pitch_deg"":17.6,""steady"":true}"
38.234,right_hand,og,acc,2389698,"{""seq"":1856,""x_mg"":-4,""y_mg"":576,""z_mg"":768}"
38.234,right_hand,og,tilt,,"{""roll_deg"":30.1,""pitch_deg"":17.6,""steady"":true}"
38.265,right_hand,og,acc,2389719,"{""seq"":1857,""x_mg"":96,""y_mg"":676,""z_mg"":484}"
38.265,right_hand,og,tilt,,"{""roll_deg"":33.9,""pitch_deg"":17.6,""steady"":true}"
38.281,right_hand,og,acc,2389740,"{""seq"":1858,""x_mg"":72,""y_mg"":860,""z_mg"":536}"
38.281,right_hand,og,tilt,,"{""roll_deg"":45.1,""pitch_deg"":17.6,""steady"":true}"
38.312,right_hand,og,acc,2389760,"{""seq"":1859,""x_mg"":-28,""y_mg"":932,""z_mg"":736}"
38.312,right_hand,og,tilt,,"{""roll_deg"":50.5,""pitch_deg"":17.3,""steady"":true}"
38.312,right_hand,og,acc,2389781,"{""seq"":1860,""x_mg"":28,""y_mg"":820,""z_mg"":484}"
38.312,right_hand,og,tilt,,"{""roll_deg"":55.3,""pitch_deg"":16.5,""steady"":true}"
38.343,right_hand,og,acc,2389801,"{""seq"":1861,""x_mg"":104,""y_mg"":852,""z_mg"":620}"
38.343,right_hand,og,tilt,,"{""roll_deg"":55.3,""pitch_deg"":15.8,""steady"":true}"
38.375,right_hand,og,acc,2389822,"{""seq"":1862,""x_mg"":12,""y_mg"":800,""z_mg"":764}"
38.375,right_hand,og,tremor,,"{""rms_mg"":23.8,""peak_hz"":4.2}"
38.375,right_hand,og,tilt,,"{""roll_deg"":55.3,""pitch_deg"":15.2,""steady"":true}"
38.375,right_hand,og,acc,2389842,"{""seq"":1863,""x_mg"":-28,""y_mg"":756,""z_mg"":468}"
38.375,right_hand,og,tilt,,"{""roll_deg"":55.3,""pitch_deg"":14.5,""steady"":true}"
38.421,right_hand,og,acc,2389863,"{""seq"":1864,""x_mg"":-112,""y_mg"":732,""z_mg"":544}"
38.421,right_hand,og,tilt,,"{""roll_deg"":55.3,""pitch_deg"":13.2,""steady"":true}"
38.421,right_hand,og,acc,2389883,"{""seq"":1865,""x_mg"":-132,""y_mg"":760,""z_mg"":584}"
38.421,right_hand,og,tilt,,"{""roll_deg"":55.3,""pitch_deg"":10.6,""steady"":true}"
38.453,right_hand,og,acc,2389904,"{""seq"":1866,""x_mg"":-100,""y_mg"":832,""z_mg"":568}"
38.453,right_hand,og,tilt,,"{""roll_deg"":55.3,""pitch_deg"":8.5,""steady"":true}"
38.468,right_hand,og,acc,2389925,"{""seq"":1867,""x_mg"":-296,""y_mg"":784,""z_mg"":736}"
38.468,right_hand,og,tilt,,"{""roll_deg"":55.1,""pitch_deg"":6.8,""steady"":true}"
38.468,right_hand,og,acc,2389945,"{""seq"":1868,""x_mg"":-332,""y_mg"":796,""z_mg"":344}"
38.468,right_hand,og,tilt,,"{""roll_deg"":55.1,""pitch_deg"":2.8,""steady"":true}"
38.515,right_hand,og,acc,2389966,"{""seq"":1869,""x_mg"":-304,""y_mg"":1004,""z_mg"":376}"
38.515,right_hand,og,tilt,,"{""roll_deg"":57.0,""pitch_deg"":-0.1,""steady"":true}"
38.546,right_hand,og,acc,2389986,"{""seq"":1870,""x_mg"":-208,""y_mg"":836,""z_mg"":600}"
38.546,right_hand,og,tilt,,"{""roll_deg"":58.2,""pitch_deg"":-1.8,""steady"":true}"
38.546,right_hand,og,acc,2390007,"{""seq"":1871,""x_mg"":-148,""y_mg"":668,""z_mg"":548}"
38.546,right_hand,og,tilt,,"{""roll_deg"":57.9,""pitch_deg"":-1.8,""steady"":true}"
38.578,right_hand,og,acc,2390027,"{""seq"":1872,""x_mg"":-148,""y_mg"":668,""z_mg"":508}"
38.578,right_hand,og,tilt,,"{""roll_deg"":57.1,""pitch_deg"":-1.2,""steady"":true}"
38.609,right_hand,og,acc,2390048,"{""seq"":1873,""x_mg"":-148,""y_mg"":708,""z_mg"":516}"
38.609,right_hand,og,tilt,,"{""roll_deg"":56.5,""pitch_deg"":-0.6,""steady"":true}"
38.609,right_hand,og,acc,2390069,"{""seq"":1874,""x_mg"":-188,""y_mg"":720,""z_mg"":580}"
38.609,right_hand,og,tilt,,"{""roll_deg"":56.1,""pitch_deg"":-0.3,""steady"":true}"
38.640,right_hand,og,acc,2390089,"{""seq"":1875,""x_mg"":-196,""y_mg"":756,""z_mg"":500}"
38.640,right_hand,og,tilt,,"{""roll_deg"":56.0,""pitch_deg"":-0.3,""steady"":true}"
38.640,right_hand,og,acc,2390110,"{""seq"":1876,""x_mg"":-220,""y_mg"":728,""z_mg"":416}"
38.640,right_hand,og,tilt,,"{""roll_deg"":56.0,""pitch_deg"":-0.3,""steady"":true}"
38.671,right_hand,og,acc,2390130,"{""seq"":1877,""x_mg"":-276,""y_mg"":720,""z_mg"":488}"
38.671,right_hand,og,tilt,,"{""roll_deg"":56.0,""pitch_deg"":-0.7,""steady"":true}"
38.703,right_hand,og,acc,2390151,"{""seq"":1878,""x_mg"":-112,""y_mg"":1060,""z_mg"":580}"
38.703,right_hand,og,tilt,,"{""roll_deg"":56.1,""pitch_deg"":-1.4,""steady"":true}"
38.703,right_hand,og,acc,2390171,"{""seq"":1879,""x_mg"":-348,""y_mg"":764,""z_mg"":288}"
38.703,right_hand,og,tilt,,"{""roll_deg"":57.1,""pitch_deg"":-2.7,""steady"":true}"
38.734,right_hand,og,acc,2390192,"{""seq"":1880,""x_mg"":-336,""y_mg"":792,""z_mg"":424}"
38.734,right_hand,og,tilt,,"{""roll_deg"":58.0,""pitch_deg"":-4.6,""steady"":true}"
38.765,right_hand,og,acc,2390213,"{""seq"":1881,""x_mg"":-232,""y_mg"":780,""z_mg"":408}"
38.765,right_hand,og,tilt,,"{""roll_deg"":58.6,""pitch_deg"":-6.0,""steady"":true}"
38.765,right_hand,og,acc,2390233,"{""seq"":1882,""x_mg"":-160,""y_mg"":708,""z_mg"":476}"
38.765,right_hand,og,tilt,,"{""roll_deg"":58.6,""pitch_deg"":-6.0,""steady"":true}"
38.796,right_hand,og,acc,2390254,"{""seq"":1883,""x_mg"":-148,""y_mg"":756,""z_mg"":428}"
38.796,right_hand,og,tilt,,"{""roll_deg"":58.9,""pitch_deg"":-4.9,""steady"":true}"
38.828,right_hand,og,acc,2390274,"{""seq"":1884,""x_mg"":-224,""y_mg"":876,""z_mg"":424}"
38.828,right_hand,og,tilt,,"{""roll_deg"":59.3,""pitch_deg"":-4.3,""steady"":true}"
38.828,right_hand,og,acc,2390295,"{""seq"":1885,""x_mg"":-208,""y_mg"":948,""z_mg"":428}"
38.828,right_hand,og,tilt,,"{""roll_deg"":60.1,""pitch_deg"":-4.0,""steady"":true}"
38.859,right_hand,og,acc,2390315,"{""seq"":1886,""x_mg"":-164,""y_mg"":928,""z_mg"":368}"
38.859,right_hand,og,tilt,,"{""roll_deg"":61.4,""pitch_deg"":-3.7,""steady"":true}"
38.890,right_hand,og,acc,2390336,"{""seq"":1887,""x_mg"":-136,""y_mg"":900,""z_mg"":372}"
38.890,right_hand,og,tilt,,"{""roll_deg"":63.3,""pitch_deg"":-3.0,""steady"":true}"
38.890,right_hand,og,acc,2390357,"{""seq"":1888,""x_mg"":-148,""y_mg"":864,""z_mg"":364}"
38.890,right_hand,og,tilt,,"{""roll_deg"":64.7,""pitch_deg"":-2.2,""steady"":true}"
38.906,right_hand,og,acc,2390377,"{""seq"":1889,""x_mg"":-128,""y_mg"":852,""z_mg"":336}"
38.906,right_hand,og,tilt,,"{""roll_deg"":65.7,""pitch_deg"":-1.2,""steady"":true}"
38.921,,game,miss,,"{""n"":17,""speed"":0.2}"
38.937,right_hand,og,acc,2390398,"{""seq"":1890,""x_mg"":-116,""y_mg"":856,""z_mg"":316}"
38.937,right_hand,og,tilt,,"{""roll_deg"":66.7,""pitch_deg"":-0.3,""steady"":true}"
38.968,right_hand,og,acc,2390418,"{""seq"":1891,""x_mg"":-124,""y_mg"":848,""z_mg"":304}"
38.968,right_hand,og,tilt,,"{""roll_deg"":67.7,""pitch_deg"":0.4,""steady"":true}"
38.968,right_hand,og,acc,2390439,"{""seq"":1892,""x_mg"":-116,""y_mg"":880,""z_mg"":312}"
38.968,right_hand,og,tilt,,"{""roll_deg"":68.6,""pitch_deg"":1.1,""steady"":true}"
39.000,right_hand,og,acc,2390459,"{""seq"":1893,""x_mg"":-128,""y_mg"":880,""z_mg"":324}"
39.000,right_hand,og,tilt,,"{""roll_deg"":69.2,""pitch_deg"":1.5,""steady"":true}"
39.031,right_hand,og,acc,2390480,"{""seq"":1894,""x_mg"":-104,""y_mg"":900,""z_mg"":340}"
39.031,right_hand,og,tilt,,"{""roll_deg"":69.5,""pitch_deg"":2.0,""steady"":true}"
39.031,right_hand,og,acc,2390501,"{""seq"":1895,""x_mg"":-108,""y_mg"":848,""z_mg"":312}"
39.031,right_hand,og,tilt,,"{""roll_deg"":69.6,""pitch_deg"":2.4,""steady"":true}"
39.062,right_hand,og,acc,2390521,"{""seq"":1896,""x_mg"":-96,""y_mg"":848,""z_mg"":284}"
39.062,right_hand,og,tilt,,"{""roll_deg"":69.8,""pitch_deg"":2.9,""steady"":true}"
39.078,right_hand,og,acc,2390542,"{""seq"":1897,""x_mg"":-92,""y_mg"":844,""z_mg"":232}"
39.078,right_hand,og,tilt,,"{""roll_deg"":70.5,""pitch_deg"":3.3,""steady"":true}"
39.078,right_hand,og,acc,2390562,"{""seq"":1898,""x_mg"":-72,""y_mg"":864,""z_mg"":256}"
39.078,right_hand,og,tilt,,"{""roll_deg"":71.6,""pitch_deg"":3.6,""steady"":true}"
39.125,right_hand,og,acc,2390583,"{""seq"":1899,""x_mg"":-60,""y_mg"":928,""z_mg"":260}"
39.125,right_hand,og,tilt,,"{""roll_deg"":72.6,""pitch_deg"":4.2,""steady"":true}"
39.156,right_hand,og,acc,2390603,"{""seq"":1900,""x_mg"":96,""y_mg"":840,""z_mg"":216}"
39.156,right_hand,og,tilt,,"{""roll_deg"":73.5,""pitch_deg"":4.8,""steady"":true}"
39.187,right_hand,og,acc,2390624,"{""seq"":1901,""x_mg"":-52,""y_mg"":1136,""z_mg"":160}"
39.187,right_hand,og,tilt,,"{""roll_deg"":74.2,""pitch_deg"":5.6,""steady"":true}"
39.187,right_hand,og,acc,2390644,"{""seq"":1902,""x_mg"":-60,""y_mg"":992,""z_mg"":112}"
39.187,right_hand,og,tilt,,"{""roll_deg"":77.1,""pitch_deg"":6.2,""steady"":true}"
39.218,right_hand,og,acc,2390665,"{""seq"":1903,""x_mg"":-40,""y_mg"":900,""z_mg"":224}"
39.218,right_hand,og,tilt,,"{""roll_deg"":79.3,""pitch_deg"":6.7,""steady"":true}"
39.250,right_hand,og,acc,2390686,"{""seq"":1904,""x_mg"":-60,""y_mg"":872,""z_mg"":240}"
39.250,right_hand,og,tilt,,"{""roll_deg"":79.3,""pitch_deg"":6.8,""steady"":true}"
39.250,right_hand,og,acc,2390706,"{""seq"":1905,""x_mg"":-24,""y_mg"":900,""z_mg"":236}"
39.250,right_hand,og,tilt,,"{""roll_deg"":79.0,""pitch_deg"":7.1,""steady"":true}"
39.281,right_hand,og,acc,2390727,"{""seq"":1906,""x_mg"":-20,""y_mg"":940,""z_mg"":188}"
39.281,right_hand,og,tilt,,"{""roll_deg"":78.7,""pitch_deg"":7.6,""steady"":true}"
39.281,right_hand,og,acc,2390747,"{""seq"":1907,""x_mg"":-40,""y_mg"":956,""z_mg"":188}"
39.281,right_hand,og,tilt,,"{""roll_deg"":78.7,""pitch_deg"":7.9,""steady"":true}"
39.296,right_hand,og,acc,2390768,"{""seq"":1908,""x_mg"":-40,""y_mg"":936,""z_mg"":160}"
39.296,right_hand,og,tilt,,"{""roll_deg"":79.0,""pitch_deg"":8.0,""steady"":true}"
39.328,right_hand,og,acc,2390788,"{""seq"":1909,""x_mg"":-36,""y_mg"":952,""z_mg"":152}"
39.328,right_hand,og,tilt,,"{""roll_deg"":79.6,""pitch_deg"":8.0,""steady"":true}"
39.359,right_hand,og,acc,2390809,"{""seq"":1910,""x_mg"":-32,""y_mg"":936,""z_mg"":196}"
39.359,right_hand,og,tilt,,"{""roll_deg"":80.2,""pitch_deg"":8.1,""steady"":true}"
39.390,right_hand,og,acc,2390830,"{""seq"":1911,""x_mg"":-32,""y_mg"":920,""z_mg"":196}"
39.390,right_hand,og,tilt,,"{""roll_deg"":80.2,""pitch_deg"":8.2,""steady"":true}"
39.390,right_hand,og,acc,2390850,"{""seq"":1912,""x_mg"":-32,""y_mg"":928,""z_mg"":176}"
39.390,right_hand,og,tilt,,"{""roll_deg"":80.2,""pitch_deg"":8.3,""steady"":true}"
39.421,right_hand,og,acc,2390871,"{""seq"":1913,""x_mg"":-32,""y_mg"":944,""z_mg"":176}"
39.421,right_hand,og,tilt,,"{""roll_deg"":80.2,""pitch_deg"":8.3,""steady"":true}"
39.421,right_hand,og,acc,2390891,"{""seq"":1914,""x_mg"":-32,""y_mg"":928,""z_mg"":192}"
39.421,right_hand,og,tilt,,"{""roll_deg"":80.3,""pitch_deg"":8.4,""steady"":true}"
39.453,right_hand,og,acc,2390912,"{""seq"":1915,""x_mg"":-32,""y_mg"":932,""z_mg"":188}"
39.453,right_hand,og,tilt,,"{""roll_deg"":80.3,""pitch_deg"":8.4,""steady"":true}"
39.468,right_hand,og,acc,2390932,"{""seq"":1916,""x_mg"":-28,""y_mg"":940,""z_mg"":176}"
39.468,right_hand,og,tilt,,"{""roll_deg"":80.3,""pitch_deg"":8.5,""steady"":true}"
39.500,right_hand,og,acc,2390953,"{""seq"":1917,""x_mg"":-32,""y_mg"":940,""z_mg"":180}"
39.500,right_hand,og,tilt,,"{""roll_deg"":80.3,""pitch_deg"":8.5,""steady"":true}"
39.500,right_hand,og,acc,2390974,"{""seq"":1918,""x_mg"":-36,""y_mg"":936,""z_mg"":180}"
39.500,right_hand,og,tilt,,"{""roll_deg"":80.4,""pitch_deg"":8.5,""steady"":true}"
39.531,right_hand,og,acc,2390994,"{""seq"":1919,""x_mg"":-40,""y_mg"":928,""z_mg"":184}"
39.531,right_hand,og,tilt,,"{""roll_deg"":80.4,""pitch_deg"":8.5,""steady"":true}"
39.578,right_hand,og,acc,2391015,"{""seq"":1920,""x_mg"":-40,""y_mg"":928,""z_mg"":196}"
39.578,right_hand,og,tilt,,"{""roll_deg"":80.4,""pitch_deg"":8.5,""steady"":true}"
39.578,right_hand,og,acc,2391035,"{""seq"":1921,""x_mg"":-28,""y_mg"":948,""z_mg"":180}"
39.578,right_hand,og,tilt,,"{""roll_deg"":80.4,""pitch_deg"":8.5,""steady"":true}"
39.609,right_hand,og,acc,2391056,"{""seq"":1922,""x_mg"":-36,""y_mg"":936,""z_mg"":200}"
39.609,right_hand,og,tilt,,"{""roll_deg"":80.4,""pitch_deg"":8.5,""steady"":true}"
39.640,right_hand,og,acc,2391076,"{""seq"":1923,""x_mg"":-40,""y_mg"":916,""z_mg"":212}"
39.640,right_hand,og,tilt,,"{""roll_deg"":80.4,""pitch_deg"":8.5,""steady"":true}"
39.640,right_hand,og,acc,2391097,"{""seq"":1924,""x_mg"":-40,""y_mg"":920,""z_mg"":196}"
39.640,right_hand,og,tilt,,"{""roll_deg"":80.4,""pitch_deg"":8.5,""steady"":true}"
39.671,right_hand,og,acc,2391118,"{""seq"":1925,""x_mg"":-40,""y_mg"":936,""z_mg"":180}"
39.671,right_hand,og,tilt,,"{""roll_deg"":80.4,""pitch_deg"":8.5,""steady"":true}"
39.703,right_hand,og,acc,2391138,"{""seq"":1926,""x_mg"":-24,""y_mg"":968,""z_mg"":148}"
39.703,right_hand,og,tilt,,"{""roll_deg"":80.4,""pitch_deg"":8.5,""steady"":true}"
39.703,right_hand,og,acc,2391159,"{""seq"":1927,""x_mg"":-24,""y_mg"":944,""z_mg"":188}"
39.703,right_hand,og,tilt,,"{""roll_deg"":80.4,""pitch_deg"":8.5,""steady"":true}"
39.718,right_hand,og,acc,2391179,"{""seq"":1928,""x_mg"":-44,""y_mg"":900,""z_mg"":224}"
39.718,right_hand,og,tilt,,"{""roll_deg"":80.4,""pitch_deg"":8.5,""steady"":true}"
39.750,right_hand,og,acc,2391200,"{""seq"":1929,""x_mg"":-52,""y_mg"":916,""z_mg"":204}"
39.750,right_hand,og,tilt,,"{""roll_deg"":80.4,""pitch_deg"":8.5,""steady"":true}"
39.781,right_hand,og,acc,2391220,"{""seq"":1930,""x_mg"":-32,""y_mg"":952,""z_mg"":200}"
39.781,right_hand,og,tilt,,"{""roll_deg"":80.4,""pitch_deg"":8.5,""steady"":true}"
39.781,right_hand,og,acc,2391241,"{""seq"":1931,""x_mg"":-28,""y_mg"":904,""z_mg"":232}"
39.781,right_hand,og,tilt,,"{""roll_deg"":80.4,""pitch_deg"":8.5,""steady"":true}"
39.812,right_hand,og,acc,2391262,"{""seq"":1932,""x_mg"":-16,""y_mg"":932,""z_mg"":180}"
39.812,right_hand,og,tilt,,"{""roll_deg"":80.4,""pitch_deg"":8.5,""steady"":true}"
39.843,right_hand,og,acc,2391282,"{""seq"":1933,""x_mg"":-52,""y_mg"":912,""z_mg"":204}"
39.843,right_hand,og,tilt,,"{""roll_deg"":80.4,""pitch_deg"":8.5,""steady"":true}"
39.843,right_hand,og,acc,2391303,"{""seq"":1934,""x_mg"":-20,""y_mg"":952,""z_mg"":196}"
39.843,right_hand,og,tilt,,"{""roll_deg"":80.4,""pitch_deg"":8.6,""steady"":true}"
39.875,right_hand,og,acc,2391323,"{""seq"":1935,""x_mg"":-44,""y_mg"":928,""z_mg"":204}"
39.875,right_hand,og,tilt,,"{""roll_deg"":80.4,""pitch_deg"":8.6,""steady"":true}"
39.875,right_hand,og,acc,2391344,"{""seq"":1936,""x_mg"":-36,""y_mg"":920,""z_mg"":236}"
39.875,right_hand,og,tilt,,"{""roll_deg"":80.4,""pitch_deg"":8.6,""steady"":true}"
39.906,right_hand,og,acc,2391364,"{""seq"":1937,""x_mg"":-52,""y_mg"":920,""z_mg"":256}"
39.906,right_hand,og,tilt,,"{""roll_deg"":80.1,""pitch_deg"":8.6,""steady"":true}"
39.921,right_hand,og,acc,2391385,"{""seq"":1938,""x_mg"":-52,""y_mg"":884,""z_mg"":272}"
39.921,right_hand,og,tilt,,"{""roll_deg"":79.6,""pitch_deg"":8.6,""steady"":true}"
39.953,right_hand,og,acc,2391405,"{""seq"":1939,""x_mg"":-40,""y_mg"":900,""z_mg"":260}"
39.953,right_hand,og,tilt,,"{""roll_deg"":79.0,""pitch_deg"":8.6,""steady"":true}"
39.984,right_hand,og,acc,2391426,"{""seq"":1940,""x_mg"":-48,""y_mg"":916,""z_mg"":244}"
39.984,right_hand,og,tilt,,"{""roll_deg"":78.4,""pitch_deg"":8.6,""steady"":true}"
39.984,right_hand,og,acc,2391447,"{""seq"":1941,""x_mg"":-40,""y_mg"":912,""z_mg"":252}"
39.984,right_hand,og,tilt,,"{""roll_deg"":78.1,""pitch_deg"":8.6,""steady"":true}"
40.015,right_hand,og,acc,2391467,"{""seq"":1942,""x_mg"":-56,""y_mg"":912,""z_mg"":248}"
40.015,right_hand,og,tilt,,"{""roll_deg"":77.9,""pitch_deg"":8.6,""steady"":true}"
40.015,right_hand,og,acc,2391488,"{""seq"":1943,""x_mg"":-32,""y_mg"":936,""z_mg"":208}"
40.015,right_hand,og,tilt,,"{""roll_deg"":77.7,""pitch_deg"":8.6,""steady"":true}"
40.046,right_hand,og,acc,2391508,"{""seq"":1944,""x_mg"":-44,""y_mg"":948,""z_mg"":188}"
40.046,right_hand,og,tilt,,"{""roll_deg"":77.7,""pitch_deg"":8.6,""steady"":true}"
40.078,right_hand,og,acc,2391529,"{""seq"":1945,""x_mg"":-48,""y_mg"":932,""z_mg"":208}"
40.078,right_hand,og,tilt,,"{""roll_deg"":77.7,""pitch_deg"":8.6,""steady"":true}"
40.078,right_hand,og,acc,2391549,"{""seq"":1946,""x_mg"":-64,""y_mg"":928,""z_mg"":196}"
40.078,right_hand,og,tilt,,"{""roll_deg"":77.7,""pitch_deg"":8.6,""steady"":true}"
40.109,right_hand,og,acc,2391570,"{""seq"":1947,""x_mg"":-16,""y_mg"":928,""z_mg"":200}"
40.109,right_hand,og,tilt,,"{""roll_deg"":77.7,""pitch_deg"":8.6,""steady"":true}"
40.125,right_hand,og,acc,2391591,"{""seq"":1948,""x_mg"":-44,""y_mg"":920,""z_mg"":228}"
40.125,right_hand,og,tilt,,"{""roll_deg"":77.8,""pitch_deg"":8.6,""steady"":true}"
40.156,right_hand,og,acc,2391611,"{""seq"":1949,""x_mg"":-40,""y_mg"":920,""z_mg"":236}"
40.156,right_hand,og,tilt,,"{""roll_deg"":77.8,""pitch_deg"":8.6,""steady"":true}"
40.156,right_hand,og,acc,2391632,"{""seq"":1950,""x_mg"":-44,""y_mg"":916,""z_mg"":240}"
40.156,right_hand,og,tilt,,"{""roll_deg"":77.8,""pitch_deg"":8.6,""steady"":true}"
40.187,right_hand,og,acc,2391652,"{""seq"":1951,""x_mg"":-56,""y_mg"":904,""z_mg"":232}"
40.187,right_hand,og,tilt,,"{""roll_deg"":77.8,""pitch_deg"":8.6,""steady"":true}"
40.218,right_hand,og,acc,2391673,"{""seq"":1952,""x_mg"":-44,""y_mg"":912,""z_mg"":236}"
40.218,right_hand,og,tilt,,"{""roll_deg"":77.8,""pitch_deg"":8.6,""steady"":true}"
40.218,right_hand,og,acc,2391693,"{""seq"":1953,""x_mg"":-64,""y_mg"":904,""z_mg"":248}"
40.218,right_hand,og,tilt,,"{""roll_deg"":77.8,""pitch_deg"":8.6,""steady"":true}"
40.250,right_hand,og,acc,2391714,"{""seq"":1954,""x_mg"":-16,""y_mg"":912,""z_mg"":228}"
40.250,right_hand,og,tilt,,"{""roll_deg"":77.8,""pitch_deg"":8.6,""steady"":true}"
40.281,right_hand,og,acc,2391735,"{""seq"":1955,""x_mg"":-48,""y_mg"":912,""z_mg"":208}"
40.281,right_hand,og,tilt,,"{""roll_deg"":77.8,""pitch_deg"":8.6,""steady"":true}"
40.281,right_hand,og,acc,2391755,"{""seq"":1956,""x_mg"":-44,""y_mg"":952,""z_mg"":184}"
40.281,right_hand,og,tilt,,"{""roll_deg"":77.8,""pitch_deg"":8.6,""steady"":true}"
40.328,right_hand,og,acc,2391776,"{""seq"":1957,""x_mg"":-36,""y_mg"":936,""z_mg"":164}"
40.328,right_hand,og,tilt,,"{""roll_deg"":77.8,""pitch_deg"":8.6,""steady"":true}"
40.343,right_hand,og,acc,2391796,"{""seq"":1958,""x_mg"":-4,""y_mg"":944,""z_mg"":152}"
40.343,right_hand,og,tilt,,"{""roll_deg"":78.3,""pitch_deg"":8.6,""steady"":true}"
40.343,right_hand,og,acc,2391817,"{""seq"":1959,""x_mg"":-36,""y_mg"":980,""z_mg"":132}"
40.343,right_hand,og,tilt,,"{""roll_deg"":79.0,""pitch_deg"":8.6,""steady"":true}"
40.375,right_hand,og,acc,2391837,"{""seq"":1960,""x_mg"":-24,""y_mg"":964,""z_mg"":140}"
40.375,right_hand,og,tremor,,"{""rms_mg"":76.9,""peak_hz"":4.2}"
40.375,right_hand,og,tilt,,"{""roll_deg"":79.8,""pitch_deg"":8.6,""steady"":true}"
40.406,right_hand,og,acc,2391858,"{""seq"":1961,""x_mg"":-16,""y_mg"":944,""z_mg"":136}"
40.406,right_hand,og,tilt,,"{""roll_deg"":80.6,""pitch_deg"":8.6,""steady"":true}"
40.437,right_hand,og,acc,2391879,"{""seq"":1962,""x_mg"":16,""y_mg"":940,""z_mg"":156}"
40.437,right_hand,og,tilt,,"{""roll_deg"":81.2,""pitch_deg"":8.6,""steady"":true}"
40.437,right_hand,og,acc,2391899,"{""seq"":1963,""x_mg"":-84,""y_mg"":916,""z_mg"":188}"
40.437,right_hand,og,tilt,,"{""roll_deg"":81.4,""pitch_deg"":8.6,""steady"":true}"
40.468,right_hand,og,acc,2391920,"{""seq"":1964,""x_mg"":-52,""y_mg"":920,""z_mg"":204}"
40.468,right_hand,og,tilt,,"{""roll_deg"":81.4,""pitch_deg"":8.6,""steady"":true}"
40.500,right_hand,og,acc,2391940,"{""seq"":1965,""x_mg"":-56,""y_mg"":896,""z_mg"":220}"
40.500,right_hand,og,tilt,,"{""roll_deg"":81.4,""pitch_deg"":8.6,""steady"":true}"
40.500,right_hand,og,acc,2391961,"{""seq"":1966,""x_mg"":-40,""y_mg"":908,""z_mg"":232}"
40.500,right_hand,og,tilt,,"{""roll_deg"":81.2,""pitch_deg"":8.6,""steady"":true}"
40.531,right_hand,og,acc,2391981,"{""seq"":1967,""x_mg"":-56,""y_mg"":996,""z_mg"":196}"
40.531,right_hand,og,tilt,,"{""roll_deg"":81.0,""pitch_deg"":8.6,""steady"":true}"
40.546,right_hand,og,acc,2392002,"{""seq"":1968,""x_mg"":-48,""y_mg"":960,""z_mg"":96}"
40.546,right_hand,og,tilt,,"{""roll_deg"":81.0,""pitch_deg"":8.6,""steady"":true}"
40.546,right_hand,og,acc,2392022,"{""seq"":1969,""x_mg"":-32,""y_mg"":944,""z_mg"":192}"
40.546,right_hand,og,tilt,,"{""roll_deg"":81.0,""pitch_deg"":8.6,""steady"":true}"
40.578,right_hand,og,acc,2392043,"{""seq"":1970,""x_mg"":-28,""y_mg"":916,""z_mg"":156}"
40.578,right_hand,og,tilt,,"{""roll_deg"":81.0,""pitch_deg"":8.6,""steady"":true}"
40.609,right_hand,og,acc,2392064,"{""seq"":1971,""x_mg"":-28,""y_mg"":928,""z_mg"":164}"
40.609,right_hand,og,tilt,,"{""roll_deg"":81.0,""pitch_deg"":8.6,""steady"":true}"
40.640,right_hand,og,acc,2392084,"{""seq"":1972,""x_mg"":-28,""y_mg"":956,""z_mg"":200}"
40.640,right_hand,og,tilt,,"{""roll_deg"":81.0,""pitch_deg"":8.6,""steady"":true}"
40.640,right_hand,og,acc,2392105,"{""seq"":1973,""x_mg"":-24,""y_mg"":932,""z_mg"":172}"
40.640,right_hand,og,tilt,,"{""roll_deg"":81.0,""pitch_deg"":8.6,""steady"":true}"
40.671,right_hand,og,acc,2392125,"{""seq"":1974,""x_mg"":-24,""y_mg"":904,""z_mg"":152}"
40.671,right_hand,og,tilt,,"{""roll_deg"":81.0,""pitch_deg"":8.6,""steady"":true}"
40.703,right_hand,og,acc,2392146,"{""seq"":1975,""x_mg"":-40,""y_mg"":968,""z_mg"":152}"
40.703,right_hand,og,tilt,,"{""roll_deg"":81.0,""pitch_deg"":8.6,""steady"":true}"
40.703,right_hand,og,acc,2392166,"{""seq"":1976,""x_mg"":-12,""y_mg"":948,""z_mg"":116}"
40.703,right_hand,og,tilt,,"{""roll_deg"":81.0,""pitch_deg"":8.6,""steady"":true}"
40.734,right_hand,og,acc,2392187,"{""seq"":1977,""x_mg"":-60,""y_mg"":924,""z_mg"":112}"
40.734,right_hand,og,tilt,,"{""roll_deg"":81.5,""pitch_deg"":8.6,""steady"":true}"
40.734,right_hand,og,acc,2392208,"{""seq"":1978,""x_mg"":-16,""y_mg"":932,""z_mg"":136}"
40.734,right_hand,og,tilt,,"{""roll_deg"":81.9,""pitch_deg"":8.6,""steady"":true}"
40.765,right_hand,og,acc,2392228,"{""seq"":1979,""x_mg"":-16,""y_mg"":976,""z_mg"":132}"
40.765,right_hand,og,tilt,,"{""roll_deg"":82.2,""pitch_deg"":8.7,""steady"":true}"
40.781,right_hand,og,acc,2392249,"{""seq"":1980,""x_mg"":-44,""y_mg"":928,""z_mg"":132}"
40.781,right_hand,og,tilt,,"{""roll_deg"":82.4,""pitch_deg"":8.8,""steady"":true}"
40.812,right_hand,og,acc,2392269,"{""seq"":1981,""x_mg"":-20,""y_mg"":948,""z_mg"":136}"
40.812,right_hand,og,tilt,,"{""roll_deg"":82.6,""pitch_deg"":8.9,""steady"":true}"
40.843,right_hand,og,acc,2392290,"{""seq"":1982,""x_mg"":-24,""y_mg"":948,""z_mg"":128}"
40.843,right_hand,og,tilt,,"{""roll_deg"":82.7,""pitch_deg"":8.9,""steady"":true}"
40.843,right_hand,og,acc,2392310,"{""seq"":1983,""x_mg"":-32,""y_mg"":936,""z_mg"":132}"
40.843,right_hand,og,tilt,,"{""roll_deg"":82.9,""pitch_deg"":8.9,""steady"":true}"
40.875,right_hand,og,acc,2392331,"{""seq"":1984,""x_mg"":-28,""y_mg"":948,""z_mg"":120}"
40.875,right_hand,og,tilt,,"{""roll_deg"":83.0,""pitch_deg"":8.9,""steady"":true}"
40.875,right_hand,og,acc,2392351,"{""seq"":1985,""x_mg"":-24,""y_mg"":928,""z_mg"":120}"
40.875,right_hand,og,tilt,,"{""roll_deg"":83.2,""pitch_deg"":8.9,""steady"":true}"
40.921,right_hand,og,acc,2392372,"{""seq"":1986,""x_mg"":-20,""y_mg"":924,""z_mg"":108}"
40.921,right_hand,og,tilt,,"{""roll_deg"":83.4,""pitch_deg"":8.9,""steady"":true}"
40.953,right_hand,og,acc,2392393,"{""seq"":1987,""x_mg"":-20,""y_mg"":928,""z_mg"":76}"
40.953,right_hand,og,tilt,,"{""roll_deg"":83.7,""pitch_deg"":9.0,""steady"":true}"
40.953,right_hand,og,acc,2392413,"{""seq"":1988,""x_mg"":-12,""y_mg"":936,""z_mg"":104}"
40.953,right_hand,og,tilt,,"{""roll_deg"":83.9,""pitch_deg"":9.0,""steady"":true}"
40.968,right_hand,og,acc,2392434,"{""seq"":1989,""x_mg"":-12,""y_mg"":928,""z_mg"":80}"
40.968,right_hand,og,tilt,,"{""roll_deg"":84.5,""pitch_deg"":9.1,""steady"":true}"
41.000,right_hand,og,acc,2392454,"{""seq"":1990,""x_mg"":-8,""y_mg"":956,""z_mg"":84}"
41.000,right_hand,og,tilt,,"{""roll_deg"":84.9,""pitch_deg"":9.2,""steady"":true}"
41.031,right_hand,og,acc,2392475,"{""seq"":1991,""x_mg"":-28,""y_mg"":940,""z_mg"":68}"
41.031,right_hand,og,tilt,,"{""roll_deg"":85.3,""pitch_deg"":9.3,""steady"":true}"
41.031,right_hand,og,acc,2392495,"{""seq"":1992,""x_mg"":-16,""y_mg"":948,""z_mg"":64}"
41.031,right_hand,og,tilt,,"{""roll_deg"":85.7,""pitch_deg"":9.3,""steady"":true}"
41.062,right_hand,og,acc,2392516,"{""seq"":1993,""x_mg"":-16,""y_mg"":956,""z_mg"":72}"
41.062,right_hand,og,tilt,,"{""roll_deg"":86.0,""pitch_deg"":9.3,""steady"":true}"
41.093,right_hand,og,acc,2392537,"{""seq"":1994,""x_mg"":16,""y_mg"":932,""z_mg"":24}"
41.093,right_hand,og,tilt,,"{""roll_deg"":86.4,""pitch_deg"":9.4,""steady"":true}"
41.093,right_hand,og,acc,2392557,"{""seq"":1995,""x_mg"":-16,""y_mg"":952,""z_mg"":112}"
41.093,right_hand,og,tilt,,"{""roll_deg"":86.5,""pitch_deg"":9.4,""steady"":true}"
41.109,,game,miss,,"{""n"":18,""speed"":0.2}"
41.125,right_hand,og,acc,2392578,"{""seq"":1996,""x_mg"":-20,""y_mg"":944,""z_mg"":92}"
41.125,right_hand,og,tilt,,"{""roll_deg"":86.5,""pitch_deg"":9.4,""steady"":true}"
41.156,right_hand,og,acc,2392598,"{""seq"":1997,""x_mg"":-36,""y_mg"":916,""z_mg"":104}"
41.156,right_hand,og,tilt,,"{""roll_deg"":86.5,""pitch_deg"":9.4,""steady"":true}"
41.156,right_hand,og,acc,2392619,"{""seq"":1998,""x_mg"":-28,""y_mg"":944,""z_mg"":116}"
41.156,right_hand,og,tilt,,"{""roll_deg"":86.5,""pitch_deg"":9.4,""steady"":true}"
41.187,right_hand,og,acc,2392639,"{""seq"":1999,""x_mg"":-28,""y_mg"":952,""z_mg"":92}"
41.187,right_hand,og,tilt,,"{""roll_deg"":86.5,""pitch_deg"":9.4,""steady"":true}"
41.218,right_hand,og,acc,2392660,"{""seq"":2000,""x_mg"":-20,""y_mg"":948,""z_mg"":84}"
41.218,right_hand,og,tilt,,"{""roll_deg"":86.5,""pitch_deg"":9.4,""steady"":true}"
41.218,right_hand,og,acc,2392681,"{""seq"":2001,""x_mg"":-16,""y_mg"":952,""z_mg"":100}"
41.218,right_hand,og,tilt,,"{""roll_deg"":86.5,""pitch_deg"":9.4,""steady"":true}"
41.250,right_hand,og,acc,2392701,"{""seq"":2002,""x_mg"":-24,""y_mg"":932,""z_mg"":140}"
41.250,right_hand,og,tilt,,"{""roll_deg"":86.5,""pitch_deg"":9.4,""steady"":true}"
41.281,right_hand,og,acc,2392722,"{""seq"":2003,""x_mg"":-32,""y_mg"":920,""z_mg"":128}"
41.281,right_hand,og,tilt,,"{""roll_deg"":86.5,""pitch_deg"":9.4,""steady"":true}"
41.281,right_hand,og,acc,2392742,"{""seq"":2004,""x_mg"":-36,""y_mg"":932,""z_mg"":136}"
41.281,right_hand,og,tilt,,"{""roll_deg"":86.3,""pitch_deg"":9.4,""steady"":true}"
41.312,right_hand,og,acc,2392763,"{""seq"":2005,""x_mg"":-28,""y_mg"":952,""z_mg"":116}"
41.312,right_hand,og,tilt,,"{""roll_deg"":86.1,""pitch_deg"":9.4,""steady"":true}"
41.312,right_hand,og,acc,2392783,"{""seq"":2006,""x_mg"":-24,""y_mg"":944,""z_mg"":108}"
41.312,right_hand,og,tilt,,"{""roll_deg"":86.0,""pitch_deg"":9.4,""steady"":true}"
41.343,right_hand,og,acc,2392804,"{""seq"":2007,""x_mg"":-28,""y_mg"":932,""z_mg"":104}"
41.343,right_hand,og,tilt,,"{""roll_deg"":86.0,""pitch_deg"":9.4,""steady"":true}"
41.375,right_hand,og,acc,2392824,"{""seq"":2008,""x_mg"":-24,""y_mg"":944,""z_mg"":120}"
41.375,right_hand,og,tilt,,"{""roll_deg"":85.9,""pitch_deg"":9.4,""steady"":true}"
41.375,right_hand,og,acc,2392845,"{""seq"":2009,""x_mg"":-24,""y_mg"":948,""z_mg"":100}"
41.375,right_hand,og,tilt,,"{""roll_deg"":85.9,""pitch_deg"":9.4,""steady"":true}"
41.406,right_hand,og,acc,2392866,"{""seq"":2010,""x_mg"":-32,""y_mg"":956,""z_mg"":80}"
41.406,right_hand,og,tilt,,"{""roll_deg"":85.9,""pitch_deg"":9.4,""steady"":true}"
41.437,right_hand,og,acc,2392886,"{""seq"":2011,""x_mg"":-24,""y_mg"":944,""z_mg"":84}"
41.437,right_hand,og,tilt,,"{""roll_deg"":85.9,""pitch_deg"":9.4,""steady"":true}"
41.437,right_hand,og,acc,2392907,"{""seq"":2012,""x_mg"":-24,""y_mg"":944,""z_mg"":96}"
41.437,right_hand,og,tilt,,"{""roll_deg"":85.9,""pitch_deg"":9.4,""steady"":true}"
41.468,right_hand,og,acc,2392927,"{""seq"":2013,""x_mg"":-16,""y_mg"":960,""z_mg"":76}"
41.468,right_hand,og,tilt,,"{""roll_deg"":85.9,""pitch_deg"":9.4,""steady"":true}"
41.500,right_hand,og,acc,2392948,"{""seq"":2014,""x_mg"":-12,""y_mg"":960,""z_mg"":96}"
41.500,right_hand,og,tilt,,"{""roll_deg"":85.9,""pitch_deg"":9.4,""steady"":true}"
41.500,right_hand,og,acc,2392968,"{""seq"":2015,""x_mg"":-12,""y_mg"":940,""z_mg"":116}"
41.500,right_hand,og,tilt,,"{""roll_deg"":85.9,""pitch_deg"":9.4,""steady"":true}"
41.531,right_hand,og,acc,2392989,"{""seq"":2016,""x_mg"":-24,""y_mg"":928,""z_mg"":128}"
41.531,right_hand,og,tilt,,"{""roll_deg"":85.9,""pitch_deg"":9.4,""steady"":true}"
41.562,right_hand,og,acc,2393010,"{""seq"":2017,""x_mg"":-20,""y_mg"":944,""z_mg"":112}"
41.562,right_hand,og,tilt,,"{""roll_deg"":85.9,""pitch_deg"":9.4,""steady"":true}"
41.562,right_hand,og,acc,2393030,"{""seq"":2018,""x_mg"":-16,""y_mg"":964,""z_mg"":96}"
41.562,right_hand,og,tilt,,"{""roll_deg"":85.9,""pitch_deg"":9.4,""steady"":true}"
41.578,right_hand,og,acc,2393051,"{""seq"":2019,""x_mg"":-12,""y_mg"":968,""z_mg"":100}"
41.578,right_hand,og,tilt,,"{""roll_deg"":85.9,""pitch_deg"":9.4,""steady"":true}"
41.625,right_hand,og,acc,2393071,"{""seq"":2020,""x_mg"":-28,""y_mg"":952,""z_mg"":100}"
41.625,right_hand,og,tilt,,"{""roll_deg"":85.9,""pitch_deg"":9.4,""steady"":true}"
41.656,right_hand,og,acc,2393092,"{""seq"":2021,""x_mg"":-24,""y_mg"":944,""z_mg"":124}"
41.656,right_hand,og,tilt,,"{""roll_deg"":85.9,""pitch_deg"":9.4,""steady"":true}"
41.656,right_hand,og,acc,2393112,"{""seq"":2022,""x_mg"":-24,""y_mg"":928,""z_mg"":140}"
41.656,right_hand,og,tilt,,"{""roll_deg"":85.9,""pitch_deg"":9.4,""steady"":true}"
41.687,right_hand,og,acc,2393133,"{""seq"":2023,""x_mg"":-20,""y_mg"":940,""z_mg"":144}"
41.687,right_hand,og,tilt,,"{""roll_deg"":85.9,""pitch_deg"":9.4,""steady"":true}"
41.718,right_hand,og,acc,2393154,"{""seq"":2024,""x_mg"":-20,""y_mg"":952,""z_mg"":120}"
41.718,right_hand,og,tilt,,"{""roll_deg"":85.6,""pitch_deg"":9.4,""steady"":true}"
41.718,right_hand,og,acc,2393174,"{""seq"":2025,""x_mg"":-24,""y_mg"":968,""z_mg"":120}"
41.718,right_hand,og,tilt,,"{""roll_deg"":85.6,""pitch_deg"":9.4,""steady"":true}"
41.750,right_hand,og,acc,2393195,"{""seq"":2026,""x_mg"":-20,""y_mg"":948,""z_mg"":136}"
41.750,right_hand,og,tilt,,"{""roll_deg"":85.5,""pitch_deg"":9.4,""steady"":true}"
41.750,right_hand,og,acc,2393215,"{""seq"":2027,""x_mg"":-28,""y_mg"":944,""z_mg"":156}"
41.750,right_hand,og,tilt,,"{""roll_deg"":85.4,""pitch_deg"":9.4,""steady"":true}"
41.781,right_hand,og,acc,2393236,"{""seq"":2028,""x_mg"":-20,""y_mg"":936,""z_mg"":176}"
41.781,right_hand,og,tilt,,"{""roll_deg"":85.0,""pitch_deg"":9.4,""steady"":true}"
41.796,right_hand,og,acc,2393256,"{""seq"":2029,""x_mg"":-56,""y_mg"":904,""z_mg"":180}"
41.796,right_hand,og,tilt,,"{""roll_deg"":84.5,""pitch_deg"":9.4,""steady"":true}"
41.828,right_hand,og,acc,2393277,"{""seq"":2030,""x_mg"":-36,""y_mg"":904,""z_mg"":200}"
41.828,right_hand,og,tilt,,"{""roll_deg"":83.7,""pitch_deg"":9.4,""steady"":true}"
41.859,right_hand,og,acc,2393298,"{""seq"":2031,""x_mg"":-40,""y_mg"":904,""z_mg"":204}"
41.859,right_hand,og,tilt,,"{""roll_deg"":82.9,""pitch_deg"":9.4,""steady"":true}"
41.859,right_hand,og,acc,2393318,"{""seq"":2032,""x_mg"":-20,""y_mg"":960,""z_mg"":168}"
41.859,right_hand,og,tilt,,"{""roll_deg"":82.2,""pitch_deg"":9.4,""steady"":true}"
41.890,right_hand,og,acc,2393339,"{""seq"":2033,""x_mg"":-40,""y_mg"":928,""z_mg"":172}"
41.890,right_hand,og,tilt,,"{""roll_deg"":82.1,""pitch_deg"":9.4,""steady"":true}"
41.890,right_hand,og,acc,2393359,"{""seq"":2034,""x_mg"":-28,""y_mg"":912,""z_mg"":200}"
41.890,right_hand,og,tilt,,"{""roll_deg"":82.0,""pitch_deg"":9.4,""steady"":true}"
41.921,right_hand,og,acc,2393380,"{""seq"":2035,""x_mg"":-36,""y_mg"":960,""z_mg"":220}"
41.921,right_hand,og,tilt,,"{""roll_deg"":81.6,""pitch_deg"":9.4,""steady"":true}"
41.953,right_hand,og,acc,2393400,"{""seq"":2036,""x_mg"":-24,""y_mg"":968,""z_mg"":176}"
41.953,right_hand,og,tilt,,"{""roll_deg"":81.3,""pitch_deg"":9.4,""steady"":true}"
41.953,right_hand,og,acc,2393421,"{""seq"":2037,""x_mg"":-16,""y_mg"":952,""z_mg"":84}"
41.953,right_hand,og,tilt,,"{""roll_deg"":81.3,""pitch_deg"":9.4,""steady"":true}"
41.984,right_hand,og,acc,2393442,"{""seq"":2038,""x_mg"":-28,""y_mg"":932,""z_mg"":152}"
41.984,right_hand,og,tilt,,"{""roll_deg"":81.3,""pitch_deg"":9.4,""steady"":true}"
42.000,right_hand,og,acc,2393462,"{""seq"":2039,""x_mg"":-36,""y_mg"":944,""z_mg"":112}"
42.000,right_hand,og,tilt,,"{""roll_deg"":81.3,""pitch_deg"":9.4,""steady"":true}"
42.000,right_hand,og,acc,2393483,"{""seq"":2040,""x_mg"":-8,""y_mg"":988,""z_mg"":108}"
42.000,right_hand,og,tilt,,"{""roll_deg"":81.5,""pitch_deg"":9.4,""steady"":true}"
42.031,right_hand,og,acc,2393503,"{""seq"":2041,""x_mg"":-16,""y_mg"":988,""z_mg"":112}"
42.031,right_hand,og,tilt,,"{""roll_deg"":81.9,""pitch_deg"":9.4,""steady"":true}"
42.062,right_hand,og,acc,2393524,"{""seq"":2042,""x_mg"":-24,""y_mg"":956,""z_mg"":136}"
42.062,right_hand,og,tilt,,"{""roll_deg"":82.3,""pitch_deg"":9.4,""steady"":true}"
42.093,right_hand,og,acc,2393544,"{""seq"":2043,""x_mg"":-28,""y_mg"":928,""z_mg"":196}"
42.093,right_hand,og,tilt,,"{""roll_deg"":82.5,""pitch_deg"":9.4,""steady"":true}"
42.093,right_hand,og,acc,2393565,"{""seq"":2044,""x_mg"":-32,""y_mg"":912,""z_mg"":204}"
42.093,right_hand,og,tilt,,"{""roll_deg"":82.5,""pitch_deg"":9.4,""steady"":true}"
42.125,right_hand,og,acc,2393585,"{""seq"":2045,""x_mg"":-36,""y_mg"":916,""z_mg"":192}"
42.125,right_hand,og,tilt,,"{""roll_deg"":82.5,""pitch_deg"":9.4,""steady"":true}"
42.156,right_hand,og,acc,2393606,"{""seq"":2046,""x_mg"":-32,""y_mg"":928,""z_mg"":204}"
42.156,right_hand,og,tilt,,"{""roll_deg"":82.5,""pitch_deg"":9.4,""steady"":true}"
42.156,right_hand,og,acc,2393627,"{""seq"":2047,""x_mg"":-28,""y_mg"":936,""z_mg"":204}"
42.156,right_hand,og,tilt,,"{""roll_deg"":82.3,""pitch_deg"":9.4,""steady"":true}"
42.187,right_hand,og,acc,2393647,"{""seq"":2048,""x_mg"":-32,""y_mg"":940,""z_mg"":200}"
42.187,right_hand,og,tilt,,"{""roll_deg"":82.0,""pitch_deg"":9.4,""steady"":true}"
42.203,right_hand,og,acc,2393668,"{""seq"":2049,""x_mg"":-32,""y_mg"":928,""z_mg"":212}"
42.203,right_hand,og,tilt,,"{""roll_deg"":81.7,""pitch_deg"":9.4,""steady"":true}"
42.203,right_hand,og,acc,2393688,"{""seq"":2050,""x_mg"":-36,""y_mg"":924,""z_mg"":216}"
42.203,right_hand,og,tilt,,"{""roll_deg"":81.3,""pitch_deg"":9.4,""steady"":true}"
42.234,right_hand,og,acc,2393709,"{""seq"":2051,""x_mg"":-40,""y_mg"":916,""z_mg"":220}"
42.234,right_hand,og,tilt,,"{""roll_deg"":81.0,""pitch_deg"":9.4,""steady"":true}"
42.281,right_hand,og,acc,2393729,"{""seq"":2052,""x_mg"":-44,""y_mg"":920,""z_mg"":232}"
42.281,right_hand,og,tilt,,"{""roll_deg"":80.6,""pitch_deg"":9.4,""steady"":true}"
42.312,right_hand,og,acc,2393750,"{""seq"":2053,""x_mg"":-44,""y_mg"":904,""z_mg"":236}"
42.312,right_hand,og,tilt,,"{""roll_deg"":80.1,""pitch_deg"":9.4,""steady"":true}"
42.312,right_hand,og,acc,2393771,"{""seq"":2054,""x_mg"":-16,""y_mg"":896,""z_mg"":200}"
42.312,right_hand,og,tilt,,"{""roll_deg"":79.7,""pitch_deg"":9.4,""steady"":true}"
42.343,right_hand,og,acc,2393791,"{""seq"":2055,""x_mg"":-32,""y_mg"":936,""z_mg"":184}"
42.343,right_hand,og,tilt,,"{""roll_deg"":79.7,""pitch_deg"":9.4,""steady"":true}"
42.375,right_hand,og,acc,2393812,"{""seq"":2056,""x_mg"":-64,""y_mg"":976,""z_mg"":192}"
42.375,right_hand,og,tilt,,"{""roll_deg"":79.7,""pitch_deg"":9.4,""steady"":true}"
42.375,right_hand,og,acc,2393832,"{""seq"":2057,""x_mg"":0,""y_mg"":932,""z_mg"":136}"
42.375,right_hand,og,tilt,,"{""roll_deg"":79.7,""pitch_deg"":9.4,""steady"":true}"
42.406,right_hand,og,acc,2393853,"{""seq"":2058,""x_mg"":-4,""y_mg"":936,""z_mg"":176}"
42.406,right_hand,og,tremor,,"{""rms_mg"":44.0,""peak_hz"":5.9}"
42.406,right_hand,og,tilt,,"{""roll_deg"":79.7,""pitch_deg"":9.4,""steady"":true}"
42.421,right_hand,og,acc,2393873,"{""seq"":2059,""x_mg"":-24,""y_mg"":952,""z_mg"":160}"
42.421,right_hand,og,tilt,,"{""roll_deg"":79.7,""pitch_deg"":9.4,""steady"":true}"
42.421,right_hand,og,acc,2393894,"{""seq"":2060,""x_mg"":-32,""y_mg"":932,""z_mg"":176}"
42.421,right_hand,og,tilt,,"{""roll_deg"":79.7,""pitch_deg"":9.4,""steady"":true}"
42.453,right_hand,og,acc,2393914,"{""seq"":2061,""x_mg"":-28,""y_mg"":936,""z_mg"":164}"
42.453,right_hand,og,tilt,,"{""roll_deg"":79.9,""pitch_deg"":9.4,""steady"":true}"
42.484,right_hand,og,acc,2393935,"{""seq"":2062,""x_mg"":-24,""y_mg"":952,""z_mg"":164}"
42.484,right_hand,og,tilt,,"{""roll_deg"":80.1,""pitch_deg"":9.4,""steady"":true}"
42.515,right_hand,og,acc,2393956,"{""seq"":2063,""x_mg"":-32,""y_mg"":944,""z_mg"":164}"
42.515,right_hand,og,tilt,,"{""roll_deg"":80.3,""pitch_deg"":9.4,""steady"":true}"
42.515,right_hand,og,acc,2393976,"{""seq"":2064,""x_mg"":-28,""y_mg"":948,""z_mg"":176}"
42.515,right_hand,og,tilt,,"{""roll_deg"":80.5,""pitch_deg"":9.4,""steady"":true}"
42.546,right_hand,og,acc,2393997,"{""seq"":2065,""x_mg"":-12,""y_mg"":940,""z_mg"":184}"
42.546,right_hand,og,tilt,,"{""roll_deg"":80.5,""pitch_deg"":9.4,""steady"":true}"
42.578,right_hand,og,acc,2394017,"{""seq"":2066,""x_mg"":-24,""y_mg"":932,""z_mg"":204}"
42.578,right_hand,og,tilt,,"{""roll_deg"":80.5,""pitch_deg"":9.4,""steady"":true}"
42.578,right_hand,og,acc,2394038,"{""seq"":2067,""x_mg"":-36,""y_mg"":912,""z_mg"":228}"
42.578,right_hand,og,tilt,,"{""roll_deg"":80.5,""pitch_deg"":9.4,""steady"":true}"
42.609,right_hand,og,acc,2394058,"{""seq"":2068,""x_mg"":-64,""y_mg"":896,""z_mg"":224}"
42.609,right_hand,og,tilt,,"{""roll_deg"":80.5,""pitch_deg"":9.4,""steady"":true}"
42.609,right_hand,og,acc,2394079,"{""seq"":2069,""x_mg"":-48,""y_mg"":880,""z_mg"":244}"
42.609,right_hand,og,tilt,,"{""roll_deg"":80.5,""pitch_deg"":9.4,""steady"":true}"
42.640,right_hand,og,acc,2394100,"{""seq"":2070,""x_mg"":-36,""y_mg"":908,""z_mg"":216}"
42.640,right_hand,og,tilt,,"{""roll_deg"":80.4,""pitch_deg"":9.4,""steady"":true}"
42.671,right_hand,og,acc,2394120,"{""seq"":2071,""x_mg"":-68,""y_mg"":936,""z_mg"":224}"
42.671,right_hand,og,tilt,,"{""roll_deg"":80.1,""pitch_deg"":9.4,""steady"":true}"
42.671,right_hand,og,acc,2394141,"{""seq"":2072,""x_mg"":-20,""y_mg"":940,""z_mg"":192}"
42.671,right_hand,og,tilt,,"{""roll_deg"":79.9,""pitch_deg"":9.4,""steady"":true}"
42.703,right_hand,og,acc,2394161,"{""seq"":2073,""x_mg"":-28,""y_mg"":952,""z_mg"":180}"
42.703,right_hand,og,tilt,,"{""roll_deg"":79.9,""pitch_deg"":9.4,""steady"":true}"
42.734,right_hand,og,acc,2394182,"{""seq"":2074,""x_mg"":-32,""y_mg"":924,""z_mg"":192}"
42.734,right_hand,og,tilt,,"{""roll_deg"":79.9,""pitch_deg"":9.4,""steady"":true}"
42.734,right_hand,og,acc,2394202,"{""seq"":2075,""x_mg"":-36,""y_mg"":928,""z_mg"":188}"
42.734,right_hand,og,tilt,,"{""roll_deg"":79.9,""pitch_deg"":9.4,""steady"":true}"
42.765,right_hand,og,acc,2394223,"{""seq"":2076,""x_mg"":-24,""y_mg"":936,""z_mg"":164}"
42.765,right_hand,og,tilt,,"{""roll_deg"":79.9,""pitch_deg"":9.4,""steady"":true}"
42.796,right_hand,og,acc,2394244,"{""seq"":2077,""x_mg"":-24,""y_mg"":936,""z_mg"":188}"
42.796,right_hand,og,tilt,,"{""roll_deg"":79.9,""pitch_deg"":9.4,""steady"":true}"
42.796,right_hand,og,acc,2394264,"{""seq"":2078,""x_mg"":-24,""y_mg"":936,""z_mg"":172}"
42.796,right_hand,og,tilt,,"{""roll_deg"":79.9,""pitch_deg"":9.4,""steady"":true}"
42.828,right_hand,og,acc,2394285,"{""seq"":2079,""x_mg"":-32,""y_mg"":936,""z_mg"":172}"
42.828,right_hand,og,tilt,,"{""roll_deg"":79.9,""pitch_deg"":9.4,""steady"":true}"
42.859,right_hand,og,acc,2394305,"{""seq"":2080,""x_mg"":-28,""y_mg"":940,""z_mg"":196}"
42.859,right_hand,og,tilt,,"{""roll_deg"":79.9,""pitch_deg"":9.4,""steady"":true}"
42.859,right_hand,og,acc,2394326,"{""seq"":2081,""x_mg"":-40,""y_mg"":924,""z_mg"":204}"
42.859,right_hand,og,tilt,,"{""roll_deg"":79.9,""pitch_deg"":9.4,""steady"":true}"
42.890,right_hand,og,acc,2394346,"{""seq"":2082,""x_mg"":-28,""y_mg"":932,""z_mg"":184}"
42.890,right_hand,og,tilt,,"{""roll_deg"":79.9,""pitch_deg"":9.4,""steady"":true}"
42.890,right_hand,og,acc,2394367,"{""seq"":2083,""x_mg"":-28,""y_mg"":940,""z_mg"":200}"
42.890,right_hand,og,tilt,,"{""roll_deg"":79.9,""pitch_deg"":9.4,""steady"":true}"
42.937,right_hand,og,acc,2394388,"{""seq"":2084,""x_mg"":-24,""y_mg"":952,""z_mg"":180}"
42.937,right_hand,og,tilt,,"{""roll_deg"":79.9,""pitch_deg"":9.4,""steady"":true}"
42.968,right_hand,og,acc,2394408,"{""seq"":2085,""x_mg"":-36,""y_mg"":928,""z_mg"":204}"
42.968,right_hand,og,tilt,,"{""roll_deg"":79.9,""pitch_deg"":9.4,""steady"":true}"
42.968,right_hand,og,acc,2394429,"{""seq"":2086,""x_mg"":-48,""y_mg"":896,""z_mg"":212}"
42.968,right_hand,og,tilt,,"{""roll_deg"":79.9,""pitch_deg"":9.4,""steady"":true}"
43.000,right_hand,og,acc,2394449,"{""seq"":2087,""x_mg"":-40,""y_mg"":916,""z_mg"":244}"
43.000,right_hand,og,tilt,,"{""roll_deg"":79.9,""pitch_deg"":9.4,""steady"":true}"
43.031,right_hand,og,acc,2394470,"{""seq"":2088,""x_mg"":-32,""y_mg"":916,""z_mg"":232}"
43.031,right_hand,og,tilt,,"{""roll_deg"":79.9,""pitch_deg"":9.4,""steady"":true}"
43.031,right_hand,og,acc,2394490,"{""seq"":2089,""x_mg"":-36,""y_mg"":924,""z_mg"":220}"
43.031,right_hand,og,tilt,,"{""roll_deg"":79.9,""pitch_deg"":9.4,""steady"":true}"
43.046,right_hand,og,acc,2394511,"{""seq"":2090,""x_mg"":-28,""y_mg"":924,""z_mg"":200}"
43.046,right_hand,og,tilt,,"{""roll_deg"":79.9,""pitch_deg"":9.4,""steady"":true}"
43.078,right_hand,og,acc,2394531,"{""seq"":2091,""x_mg"":-12,""y_mg"":936,""z_mg"":232}"
43.078,right_hand,og,tilt,,"{""roll_deg"":79.7,""pitch_deg"":9.4,""steady"":true}"
43.109,right_hand,og,acc,2394552,"{""seq"":2092,""x_mg"":-20,""y_mg"":948,""z_mg"":196}"
43.109,right_hand,og,tilt,,"{""roll_deg"":79.7,""pitch_deg"":9.4,""steady"":true}"
43.109,right_hand,og,acc,2394573,"{""seq"":2093,""x_mg"":-32,""y_mg"":904,""z_mg"":232}"
43.109,right_hand,og,tilt,,"{""roll_deg"":79.6,""pitch_deg"":9.4,""steady"":true}"
43.140,right_hand,og,acc,2394593,"{""seq"":2094,""x_mg"":-40,""y_mg"":916,""z_mg"":220}"
43.140,right_hand,og,tilt,,"{""roll_deg"":79.5,""pitch_deg"":9.4,""steady"":true}"
43.171,right_hand,og,acc,2394614,"{""seq"":2095,""x_mg"":-28,""y_mg"":928,""z_mg"":232}"
43.171,right_hand,og,tilt,,"{""roll_deg"":79.4,""pitch_deg"":9.4,""steady"":true}"
43.171,right_hand,og,acc,2394634,"{""seq"":2096,""x_mg"":-28,""y_mg"":920,""z_mg"":236}"
43.171,right_hand,og,tilt,,"{""roll_deg"":79.2,""pitch_deg"":9.4,""steady"":true}"
43.203,right_hand,og,acc,2394655,"{""seq"":2097,""x_mg"":-28,""y_mg"":924,""z_mg"":240}"
43.203,right_hand,og,tilt,,"{""roll_deg"":79.1,""pitch_deg"":9.4,""steady"":true}"
43.234,right_hand,og,acc,2394675,"{""seq"":2098,""x_mg"":-52,""y_mg"":892,""z_mg"":252}"
43.234,right_hand,og,tilt,,"{""roll_deg"":78.9,""pitch_deg"":9.4,""steady"":true}"
43.234,right_hand,og,acc,2394696,"{""seq"":2099,""x_mg"":-48,""y_mg"":908,""z_mg"":244}"
43.234,right_hand,og,tilt,,"{""roll_deg"":78.6,""pitch_deg"":9.4,""steady"":true}"
43.265,right_hand,og,acc,2394717,"{""seq"":2100,""x_mg"":-28,""y_mg"":920,""z_mg"":248}"
43.265,right_hand,og,tilt,,"{""roll_deg"":78.4,""pitch_deg"":9.4,""steady"":true}"
43.281,right_hand,og,acc,2394737,"{""seq"":2101,""x_mg"":-32,""y_mg"":916,""z_mg"":244}"
43.281,right_hand,og,tilt,,"{""roll_deg"":78.2,""pitch_deg"":9.4,""steady"":true}"
43.312,right_hand,og,acc,2394758,"{""seq"":2102,""x_mg"":-32,""y_mg"":920,""z_mg"":232}"
43.312,right_hand,og,tilt,,"{""roll_deg"":78.1,""pitch_deg"":9.4,""steady"":true}"
43.312,right_hand,og,acc,2394778,"{""seq"":2103,""x_mg"":-36,""y_mg"":920,""z_mg"":236}"
43.312,right_hand,og,tilt,,"{""roll_deg"":78.1,""pitch_deg"":9.4,""steady"":true}"
43.343,right_hand,og,acc,2394799,"{""seq"":2104,""x_mg"":-32,""y_mg"":928,""z_mg"":232}"
43.343,right_hand,og,tilt,,"{""roll_deg"":78.1,""pitch_deg"":9.4,""steady"":true}"
43.375,,game,miss,,"{""n"":19,""speed"":0.2}"
43.375,right_hand,og,acc,2394819,"{""seq"":2105,""x_mg"":-32,""y_mg"":924,""z_mg"":248}"
43.375,right_hand,og,tilt,,"{""roll_deg"":78.1,""pitch_deg"":9.4,""steady"":true}"
43.375,right_hand,og,acc,2394840,"{""seq"":2106,""x_mg"":-20,""y_mg"":968,""z_mg"":272}"
43.375,right_hand,og,tilt,,"{""roll_deg"":78.0,""pitch_deg"":9.4,""steady"":true}"
43.406,right_hand,og,acc,2394861,"{""seq"":2107,""x_mg"":-48,""y_mg"":928,""z_mg"":220}"
43.406,right_hand,og,tilt,,"{""roll_deg"":77.9,""pitch_deg"":9.4,""steady"":true}"
43.406,right_hand,og,acc,2394881,"{""seq"":2108,""x_mg"":-48,""y_mg"":908,""z_mg"":240}"
43.406,right_hand,og,tilt,,"{""roll_deg"":77.8,""pitch_deg"":9.4,""steady"":true}"
43.437,right_hand,og,acc,2394902,"{""seq"":2109,""x_mg"":-40,""y_mg"":920,""z_mg"":220}"
43.437,right_hand,og,tilt,,"{""roll_deg"":77.8,""pitch_deg"":9.3,""steady"":true}"
43.453,right_hand,og,acc,2394922,"{""seq"":2110,""x_mg"":-56,""y_mg"":948,""z_mg"":252}"
43.453,right_hand,og,tilt,,"{""roll_deg"":77.8,""pitch_deg"":9.2,""steady"":true}"
43.484,right_hand,og,acc,2394943,"{""seq"":2111,""x_mg"":-16,""y_mg"":916,""z_mg"":220}"
43.484,right_hand,og,tilt,,"{""roll_deg"":77.8,""pitch_deg"":9.2,""steady"":true}"
43.515,right_hand,og,acc,2394963,"{""seq"":2112,""x_mg"":-16,""y_mg"":920,""z_mg"":240}"
43.515,right_hand,og,tilt,,"{""roll_deg"":77.8,""pitch_deg"":9.2,""steady"":true}"
43.515,right_hand,og,acc,2394984,"{""seq"":2113,""x_mg"":-36,""y_mg"":932,""z_mg"":252}"
43.515,right_hand,og,tilt,,"{""roll_deg"":77.8,""pitch_deg"":9.2,""steady"":true}"
43.562,right_hand,og,acc,2395005,"{""seq"":2114,""x_mg"":-40,""y_mg"":924,""z_mg"":252}"
43.562,right_hand,og,tilt,,"{""roll_deg"":77.8,""pitch_deg"":9.2,""steady"":true}"
43.562,right_hand,og,acc,2395025,"{""seq"":2115,""x_mg"":-16,""y_mg"":928,""z_mg"":224}"
43.562,right_hand,og,tilt,,"{""roll_deg"":77.8,""pitch_deg"":9.2,""steady"":true}"
43.593,right_hand,og,acc,2395046,"{""seq"":2116,""x_mg"":-24,""y_mg"":940,""z_mg"":216}"
43.593,right_hand,og,tilt,,"{""roll_deg"":77.8,""pitch_deg"":9.2,""steady"":true}"
43.625,right_hand,og,acc,2395066,"{""seq"":2117,""x_mg"":-28,""y_mg"":948,""z_mg"":196}"
43.625,right_hand,og,tilt,,"{""roll_deg"":77.8,""pitch_deg"":9.2,""steady"":true}"
43.625,right_hand,og,acc,2395087,"{""seq"":2118,""x_mg"":-28,""y_mg"":936,""z_mg"":236}"
43.625,right_hand,og,tilt,,"{""roll_deg"":77.8,""pitch_deg"":9.2,""steady"":true}"
43.656,right_hand,og,acc,2395107,"{""seq"":2119,""x_mg"":-40,""y_mg"":908,""z_mg"":240}"
43.656,right_hand,og,tilt,,"{""roll_deg"":77.8,""pitch_deg"":9.2,""steady"":true}"
43.671,right_hand,og,acc,2395128,"{""seq"":2120,""x_mg"":-56,""y_mg"":912,""z_mg"":268}"
43.671,right_hand,og,tilt,,"{""roll_deg"":77.8,""pitch_deg"":9.2,""steady"":true}"
43.671,right_hand,og,acc,2395149,"{""seq"":2121,""x_mg"":-40,""y_mg"":896,""z_mg"":276}"
43.671,right_hand,og,tilt,,"{""roll_deg"":77.8,""pitch_deg"":9.2,""steady"":true}"
43.703,right_hand,og,acc,2395169,"{""seq"":2122,""x_mg"":-36,""y_mg"":904,""z_mg"":248}"
43.703,right_hand,og,tilt,,"{""roll_deg"":77.7,""pitch_deg"":9.2,""steady"":true}"
43.734,right_hand,og,acc,2395190,"{""seq"":2123,""x_mg"":-40,""y_mg"":920,""z_mg"":260}"
43.734,right_hand,og,tilt,,"{""roll_deg"":77.5,""pitch_deg"":9.2,""steady"":true}"
43.765,right_hand,og,acc,2395210,"{""seq"":2124,""x_mg"":-52,""y_mg"":932,""z_mg"":252}"
43.765,right_hand,og,tilt,,"{""roll_deg"":77.5,""pitch_deg"":9.2,""steady"":true}"
43.765,right_hand,og,acc,2395231,"{""seq"":2125,""x_mg"":-20,""y_mg"":912,""z_mg"":232}"
43.765,right_hand,og,tilt,,"{""roll_deg"":77.4,""pitch_deg"":9.2,""steady"":true}"
43.796,right_hand,og,acc,2395251,"{""seq"":2126,""x_mg"":-16,""y_mg"":916,""z_mg"":220}"
43.796,right_hand,og,tilt,,"{""roll_deg"":77.4,""pitch_deg"":9.2,""steady"":true}"
43.828,right_hand,og,acc,2395272,"{""seq"":2127,""x_mg"":-24,""y_mg"":932,""z_mg"":208}"
43.828,right_hand,og,tilt,,"{""roll_deg"":77.4,""pitch_deg"":9.2,""steady"":true}"
43.828,right_hand,og,acc,2395293,"{""seq"":2128,""x_mg"":-16,""y_mg"":936,""z_mg"":212}"
43.828,right_hand,og,tilt,,"{""roll_deg"":77.4,""pitch_deg"":9.2,""steady"":true}"
43.859,right_hand,og,acc,2395313,"{""seq"":2129,""x_mg"":-24,""y_mg"":932,""z_mg"":228}"
43.859,right_hand,og,tilt,,"{""roll_deg"":77.4,""pitch_deg"":9.2,""steady"":true}"
43.875,right_hand,og,acc,2395334,"{""seq"":2130,""x_mg"":-36,""y_mg"":916,""z_mg"":248}"
43.875,right_hand,og,tilt,,"{""roll_deg"":77.4,""pitch_deg"":9.2,""steady"":true}"
43.875,right_hand,og,acc,2395354,"{""seq"":2131,""x_mg"":-36,""y_mg"":912,""z_mg"":236}"
43.875,right_hand,og,tilt,,"{""roll_deg"":77.4,""pitch_deg"":9.2,""steady"":true}"
43.906,right_hand,og,acc,2395375,"{""seq"":2132,""x_mg"":-24,""y_mg"":924,""z_mg"":232}"
43.906,right_hand,og,tilt,,"{""roll_deg"":77.4,""pitch_deg"":9.2,""steady"":true}"
43.937,right_hand,og,acc,2395395,"{""seq"":2133,""x_mg"":-12,""y_mg"":932,""z_mg"":240}"
43.937,right_hand,og,tilt,,"{""roll_deg"":77.4,""pitch_deg"":9.2,""steady"":true}"
43.968,right_hand,og,acc,2395416,"{""seq"":2134,""x_mg"":-24,""y_mg"":920,""z_mg"":248}"
43.968,right_hand,og,tilt,,"{""roll_deg"":77.4,""pitch_deg"":9.2,""steady"":true}"
43.968,right_hand,og,acc,2395437,"{""seq"":2135,""x_mg"":-28,""y_mg"":912,""z_mg"":260}"
43.968,right_hand,og,tilt,,"{""roll_deg"":77.4,""pitch_deg"":9.2,""steady"":true}"
44.000,right_hand,og,acc,2395457,"{""seq"":2136,""x_mg"":-32,""y_mg"":920,""z_mg"":256}"
44.000,right_hand,og,tilt,,"{""roll_deg"":77.4,""pitch_deg"":9.2,""steady"":true}"
44.031,right_hand,og,acc,2395478,"{""seq"":2137,""x_mg"":-28,""y_mg"":920,""z_mg"":264}"
44.031,right_hand,og,tilt,,"{""roll_deg"":77.4,""pitch_deg"":9.2,""steady"":true}"
44.031,right_hand,og,acc,2395498,"{""seq"":2138,""x_mg"":-32,""y_mg"":904,""z_mg"":268}"
44.031,right_hand,og,tilt,,"{""roll_deg"":77.4,""pitch_deg"":9.2,""steady"":true}"
44.062,right_hand,og,acc,2395519,"{""seq"":2139,""x_mg"":-40,""y_mg"":888,""z_mg"":268}"
44.062,right_hand,og,tilt,,"{""roll_deg"":77.4,""pitch_deg"":9.2,""steady"":true}"
44.093,right_hand,og,acc,2395539,"{""seq"":2140,""x_mg"":-28,""y_mg"":928,""z_mg"":264}"
44.093,right_hand,og,tilt,,"{""roll_deg"":77.2,""pitch_deg"":9.2,""steady"":true}"
44.093,right_hand,og,acc,2395560,"{""seq"":2141,""x_mg"":-20,""y_mg"":912,""z_mg"":276}"
44.093,right_hand,og,tilt,,"{""roll_deg"":77.0,""pitch_deg"":9.2,""steady"":true}"
44.109,right_hand,og,acc,2395581,"{""seq"":2142,""x_mg"":-20,""y_mg"":892,""z_mg"":268}"
44.109,right_hand,og,tilt,,"{""roll_deg"":76.8,""pitch_deg"":9.2,""steady"":true}"
44.140,right_hand,og,acc,2395601,"{""seq"":2143,""x_mg"":-16,""y_mg"":912,""z_mg"":288}"
44.140,right_hand,og,tilt,,"{""roll_deg"":76.7,""pitch_deg"":9.2,""steady"":true}"
44.171,right_hand,og,acc,2395622,"{""seq"":2144,""x_mg"":-16,""y_mg"":924,""z_mg"":300}"
44.171,right_hand,og,tilt,,"{""roll_deg"":76.4,""pitch_deg"":9.2,""steady"":true}"
44.171,right_hand,og,acc,2395642,"{""seq"":2145,""x_mg"":-20,""y_mg"":920,""z_mg"":280}"
44.171,right_hand,og,tilt,,"{""roll_deg"":76.2,""pitch_deg"":9.2,""steady"":true}"
44.218,right_hand,og,acc,2395663,"{""seq"":2146,""x_mg"":-12,""y_mg"":888,""z_mg"":292}"
44.218,right_hand,og,tilt,,"{""roll_deg"":75.9,""pitch_deg"":9.2,""steady"":true}"
44.218,right_hand,og,acc,2395683,"{""seq"":2147,""x_mg"":-32,""y_mg"":900,""z_mg"":292}"
44.218,right_hand,og,tilt,,"{""roll_deg"":75.6,""pitch_deg"":9.2,""steady"":true}"
44.250,right_hand,og,acc,2395704,"{""seq"":2148,""x_mg"":-16,""y_mg"":900,""z_mg"":296}"
44.250,right_hand,og,tilt,,"{""roll_deg"":75.4,""pitch_deg"":9.2,""steady"":true}"
44.281,right_hand,og,acc,2395725,"{""seq"":2149,""x_mg"":-12,""y_mg"":924,""z_mg"":276}"
44.281,right_hand,og,tilt,,"{""roll_deg"":75.2,""pitch_deg"":9.2,""steady"":true}"
44.281,right_hand,og,acc,2395745,"{""seq"":2150,""x_mg"":-4,""y_mg"":928,""z_mg"":268}"
44.281,right_hand,og,tilt,,"{""roll_deg"":75.2,""pitch_deg"":9.3,""steady"":true}"
44.296,right_hand,og,acc,2395766,"{""seq"":2151,""x_mg"":-12,""y_mg"":892,""z_mg"":352}"
44.296,right_hand,og,tilt,,"{""roll_deg"":75.2,""pitch_deg"":9.3,""steady"":true}"
44.328,right_hand,og,acc,2395786,"{""seq"":2152,""x_mg"":-48,""y_mg"":884,""z_mg"":300}"
44.328,right_hand,og,tilt,,"{""roll_deg"":75.1,""pitch_deg"":9.4,""steady"":true}"
44.359,right_hand,og,acc,2395807,"{""seq"":2153,""x_mg"":-36,""y_mg"":880,""z_mg"":296}"
44.359,right_hand,og,tilt,,"{""roll_deg"":74.9,""pitch_deg"":9.4,""steady"":true}"
44.390,right_hand,og,acc,2395827,"{""seq"":2154,""x_mg"":-28,""y_mg"":916,""z_mg"":276}"
44.390,right_hand,og,tilt,,"{""roll_deg"":74.7,""pitch_deg"":9.4,""steady"":true}"
44.390,right_hand,og,acc,2395848,"{""seq"":2155,""x_mg"":-12,""y_mg"":928,""z_mg"":276}"
44.390,right_hand,og,tilt,,"{""roll_deg"":74.7,""pitch_deg"":9.4,""steady"":true}"
44.421,right_hand,og,acc,2395868,"{""seq"":2156,""x_mg"":-8,""y_mg"":908,""z_mg"":280}"
44.421,right_hand,og,tremor,,"{""rms_mg"":20.4,""peak_hz"":6.1}"
44.421,right_hand,og,tilt,,"{""roll_deg"":74.7,""pitch_deg"":9.4,""steady"":true}"
44.421,right_hand,og,acc,2395889,"{""seq"":2157,""x_mg"":-40,""y_mg"":916,""z_mg"":248}"
44.421,right_hand,og,tilt,,"{""roll_deg"":74.7,""pitch_deg"":9.4,""steady"":true}"
44.453,right_hand,og,acc,2395910,"{""seq"":2158,""x_mg"":-40,""y_mg"":900,""z_mg"":228}"
44.453,right_hand,og,tilt,,"{""roll_deg"":74.7,""pitch_deg"":9.4,""steady"":true}"
44.484,right_hand,og,acc,2395930,"{""seq"":2159,""x_mg"":-28,""y_mg"":924,""z_mg"":196}"
44.484,right_hand,og,tilt,,"{""roll_deg"":74.7,""pitch_deg"":9.4,""steady"":true}"
44.484,right_hand,og,acc,2395951,"{""seq"":2160,""x_mg"":-52,""y_mg"":944,""z_mg"":164}"
44.484,right_hand,og,tilt,,"{""roll_deg"":75.3,""pitch_deg"":9.4,""steady"":true}"
44.515,right_hand,og,acc,2395971,"{""seq"":2161,""x_mg"":-12,""y_mg"":948,""z_mg"":140}"
44.515,right_hand,og,tilt,,"{""roll_deg"":76.5,""pitch_deg"":9.4,""steady"":true}"
44.546,right_hand,og,acc,2395992,"{""seq"":2162,""x_mg"":0,""y_mg"":948,""z_mg"":144}"
44.546,right_hand,og,tilt,,"{""roll_deg"":78.1,""pitch_deg"":9.4,""steady"":true}"
44.546,right_hand,og,acc,2396012,"{""seq"":2163,""x_mg"":-8,""y_mg"":952,""z_mg"":140}"
44.546,right_hand,og,tilt,,"{""roll_deg"":79.4,""pitch_deg"":9.4,""steady"":true}"
44.578,right_hand,og,acc,2396033,"{""seq"":2164,""x_mg"":-8,""y_mg"":952,""z_mg"":128}"
44.578,right_hand,og,tilt,,"{""roll_deg"":80.5,""pitch_deg"":9.4,""steady"":true}"
44.609,right_hand,og,acc,2396054,"{""seq"":2165,""x_mg"":-12,""y_mg"":952,""z_mg"":120}"
44.609,right_hand,og,tilt,,"{""roll_deg"":81.5,""pitch_deg"":9.4,""steady"":true}"
44.609,right_hand,og,acc,2396074,"{""seq"":2166,""x_mg"":-8,""y_mg"":940,""z_mg"":128}"
44.609,right_hand,og,tilt,,"{""roll_deg"":82.2,""pitch_deg"":9.4,""steady"":true}"
44.640,right_hand,og,acc,2396095,"{""seq"":2167,""x_mg"":-32,""y_mg"":932,""z_mg"":108}"
44.640,right_hand,og,tilt,,"{""roll_deg"":82.8,""pitch_deg"":9.4,""steady"":true}"
44.671,right_hand,og,acc,2396115,"{""seq"":2168,""x_mg"":-20,""y_mg"":936,""z_mg"":80}"
44.671,right_hand,og,tilt,,"{""roll_deg"":83.4,""pitch_deg"":9.4,""steady"":true}"
44.671,right_hand,og,acc,2396136,"{""seq"":2169,""x_mg"":-36,""y_mg"":940,""z_mg"":76}"
44.671,right_hand,og,tilt,,"{""roll_deg"":84.3,""pitch_deg"":9.4,""steady"":true}"
44.703,right_hand,og,acc,2396156,"{""seq"":2170,""x_mg"":-20,""y_mg"":952,""z_mg"":60}"
44.703,right_hand,og,tilt,,"{""roll_deg"":84.9,""pitch_deg"":9.4,""steady"":true}"
44.734,right_hand,og,acc,2396177,"{""seq"":2171,""x_mg"":-12,""y_mg"":960,""z_mg"":36}"
44.734,right_hand,og,tilt,,"{""roll_deg"":85.8,""pitch_deg"":9.4,""steady"":true}"
44.734,right_hand,og,acc,2396198,"{""seq"":2172,""x_mg"":8,""y_mg"":972,""z_mg"":4}"
44.734,right_hand,og,tilt,,"{""roll_deg"":86.8,""pitch_deg"":9.4,""steady"":true}"
44.765,right_hand,og,acc,2396218,"{""seq"":2173,""x_mg"":4,""y_mg"":984,""z_mg"":4}"
44.765,right_hand,og,tilt,,"{""roll_deg"":88.1,""pitch_deg"":9.5,""steady"":true}"
44.765,right_hand,og,acc,2396239,"{""seq"":2174,""x_mg"":-12,""y_mg"":948,""z_mg"":40}"
44.765,right_hand,og,tilt,,"{""roll_deg"":89.1,""pitch_deg"":9.7,""steady"":true}"
44.796,right_hand,og,acc,2396259,"{""seq"":2175,""x_mg"":-16,""y_mg"":936,""z_mg"":52}"
44.796,right_hand,og,tilt,,"{""roll_deg"":89.1,""pitch_deg"":9.7,""steady"":true}"
44.828,right_hand,og,acc,2396280,"{""seq"":2176,""x_mg"":-8,""y_mg"":948,""z_mg"":60}"
44.828,right_hand,og,tilt,,"{""roll_deg"":89.1,""pitch_deg"":9.7,""steady"":true}"
44.828,right_hand,og,acc,2396300,"{""seq"":2177,""x_mg"":-16,""y_mg"":940,""z_mg"":76}"
44.828,right_hand,og,tilt,,"{""roll_deg"":89.1,""pitch_deg"":9.7,""steady"":true}"
44.859,right_hand,og,acc,2396321,"{""seq"":2178,""x_mg"":-12,""y_mg"":936,""z_mg"":76}"
44.859,right_hand,og,tilt,,"{""roll_deg"":89.1,""pitch_deg"":9.7,""steady"":true}"
44.890,right_hand,og,acc,2396342,"{""seq"":2179,""x_mg"":-24,""y_mg"":940,""z_mg"":44}"
44.890,right_hand,og,tilt,,"{""roll_deg"":88.9,""pitch_deg"":9.7,""steady"":true}"
44.890,right_hand,og,acc,2396362,"{""seq"":2180,""x_mg"":-8,""y_mg"":968,""z_mg"":20}"
44.890,right_hand,og,tilt,,"{""roll_deg"":88.9,""pitch_deg"":9.7,""steady"":true}"
44.921,right_hand,og,acc,2396383,"{""seq"":2181,""x_mg"":4,""y_mg"":976,""z_mg"":24}"
44.921,right_hand,og,tilt,,"{""roll_deg"":88.9,""pitch_deg"":9.8,""steady"":true}"
44.953,right_hand,og,acc,2396403,"{""seq"":2182,""x_mg"":-4,""y_mg"":964,""z_mg"":24}"
44.953,right_hand,og,tilt,,"{""roll_deg"":88.9,""pitch_deg"":9.8,""steady"":true}"
44.953,right_hand,og,acc,2396424,"{""seq"":2183,""x_mg"":-12,""y_mg"":948,""z_mg"":40}"
44.953,right_hand,og,tilt,,"{""roll_deg"":89.1,""pitch_deg"":9.9,""steady"":true}"
45.000,right_hand,og,acc,2396444,"{""seq"":2184,""x_mg"":4,""y_mg"":892,""z_mg"":8}"
45.000,right_hand,og,tilt,,"{""roll_deg"":89.3,""pitch_deg"":9.9,""steady"":true}"
45.031,right_hand,og,acc,2396465,"{""seq"":2185,""x_mg"":-8,""y_mg"":948,""z_mg"":60}"
45.031,right_hand,og,tilt,,"{""roll_deg"":89.3,""pitch_deg"":9.9,""steady"":true}"
45.031,right_hand,og,acc,2396486,"{""seq"":2186,""x_mg"":0,""y_mg"":976,""z_mg"":40}"
45.031,right_hand,og,tilt,,"{""roll_deg"":89.3,""pitch_deg"":10.0,""steady"":true}"
45.062,right_hand,og,acc,2396506,"{""seq"":2187,""x_mg"":-8,""y_mg"":952,""z_mg"":96}"
45.062,right_hand,og,tilt,,"{""roll_deg"":89.3,""pitch_deg"":10.0,""steady"":true}"
45.062,right_hand,og,acc,2396527,"{""seq"":2188,""x_mg"":-16,""y_mg"":916,""z_mg"":140}"
45.062,right_hand,og,tilt,,"{""roll_deg"":89.3,""pitch_deg"":10.0,""steady"":true}"
45.093,right_hand,og,acc,2396547,"{""seq"":2189,""x_mg"":-36,""y_mg"":924,""z_mg"":152}"
45.093,right_hand,og,tilt,,"{""roll_deg"":89.0,""pitch_deg"":10.0,""steady"":true}"
45.125,right_hand,og,acc,2396568,"{""seq"":2190,""x_mg"":-44,""y_mg"":912,""z_mg"":112}"
45.125,right_hand,og,tilt,,"{""roll_deg"":88.2,""pitch_deg"":10.0,""steady"":true}"
45.125,right_hand,og,acc,2396588,"{""seq"":2191,""x_mg"":-20,""y_mg"":920,""z_mg"":48}"
45.125,right_hand,og,tilt,,"{""roll_deg"":87.6,""pitch_deg"":10.0,""steady"":true}"
45.156,right_hand,og,acc,2396609,"{""seq"":2192,""x_mg"":-36,""y_mg"":1356,""z_mg"":4}"
45.156,right_hand,og,tilt,,"{""roll_deg"":87.6,""pitch_deg"":10.0,""steady"":false}"
45.187,right_hand,og,acc,2396629,"{""seq"":2193,""x_mg"":56,""y_mg"":916,""z_mg"":44}"
45.187,right_hand,og,tilt,,"{""roll_deg"":87.6,""pitch_deg"":10.0,""steady"":true}"
45.187,right_hand,og,acc,2396650,"{""seq"":2194,""x_mg"":-20,""y_mg"":972,""z_mg"":44}"
45.187,right_hand,og,tilt,,"{""roll_deg"":87.6,""pitch_deg"":10.0,""steady"":true}"
45.218,right_hand,og,acc,2396671,"{""seq"":2195,""x_mg"":-16,""y_mg"":952,""z_mg"":52}"
45.218,right_hand,og,tilt,,"{""roll_deg"":87.6,""pitch_deg"":10.0,""steady"":true}"
45.250,right_hand,og,acc,2396691,"{""seq"":2196,""x_mg"":-8,""y_mg"":952,""z_mg"":52}"
45.250,right_hand,og,tilt,,"{""roll_deg"":87.6,""pitch_deg"":10.0,""steady"":true}"
45.250,right_hand,og,acc,2396712,"{""seq"":2197,""x_mg"":-4,""y_mg"":944,""z_mg"":76}"
45.250,right_hand,og,tilt,,"{""roll_deg"":87.6,""pitch_deg"":10.0,""steady"":true}"
45.281,right_hand,og,acc,2396732,"{""seq"":2198,""x_mg"":-20,""y_mg"":928,""z_mg"":64}"
45.281,right_hand,og,tilt,,"{""roll_deg"":87.6,""pitch_deg"":10.0,""steady"":true}"
45.312,right_hand,og,acc,2396753,"{""seq"":2199,""x_mg"":-28,""y_mg"":936,""z_mg"":56}"
45.312,right_hand,og,tilt,,"{""roll_deg"":87.6,""pitch_deg"":10.0,""steady"":true}"
45.312,right_hand,og,acc,2396773,"{""seq"":2200,""x_mg"":-12,""y_mg"":956,""z_mg"":60}"
45.312,right_hand,og,tilt,,"{""roll_deg"":87.6,""pitch_deg"":10.0,""steady"":true}"
45.343,right_hand,og,acc,2396794,"{""seq"":2201,""x_mg"":-8,""y_mg"":956,""z_mg"":32}"
45.343,right_hand,og,tilt,,"{""roll_deg"":87.6,""pitch_deg"":10.0,""steady"":true}"
45.359,right_hand,og,acc,2396815,"{""seq"":2202,""x_mg"":-32,""y_mg"":952,""z_mg"":36}"
45.359,right_hand,og,tilt,,"{""roll_deg"":87.6,""pitch_deg"":10.0,""steady"":true}"
45.390,right_hand,og,acc,2396835,"{""seq"":2203,""x_mg"":-16,""y_mg"":932,""z_mg"":72}"
45.390,right_hand,og,tilt,,"{""roll_deg"":87.7,""pitch_deg"":10.0,""steady"":true}"
45.390,right_hand,og,acc,2396856,"{""seq"":2204,""x_mg"":-20,""y_mg"":940,""z_mg"":32}"
45.390,right_hand,og,tilt,,"{""roll_deg"":87.8,""pitch_deg"":10.0,""steady"":true}"
45.421,right_hand,og,acc,2396876,"{""seq"":2205,""x_mg"":-12,""y_mg"":936,""z_mg"":64}"
45.421,right_hand,og,tilt,,"{""roll_deg"":87.8,""pitch_deg"":10.0,""steady"":true}"
45.421,right_hand,og,acc,2396897,"{""seq"":2206,""x_mg"":-4,""y_mg"":952,""z_mg"":40}"
45.421,right_hand,og,tilt,,"{""roll_deg"":88.0,""pitch_deg"":10.0,""steady"":true}"
45.453,right_hand,og,acc,2396917,"{""seq"":2207,""x_mg"":-12,""y_mg"":980,""z_mg"":-28}"
45.453,right_hand,og,tilt,,"{""roll_deg"":88.1,""pitch_deg"":10.0,""steady"":true}"
45.484,right_hand,og,acc,2396938,"{""seq"":2208,""x_mg"":-20,""y_mg"":952,""z_mg"":48}"
45.484,right_hand,og,tilt,,"{""roll_deg"":88.3,""pitch_deg"":10.0,""steady"":true}"
45.484,right_hand,og,acc,2396959,"{""seq"":2209,""x_mg"":-24,""y_mg"":948,""z_mg"":28}"
45.484,right_hand,og,tilt,,"{""roll_deg"":88.4,""pitch_deg"":10.0,""steady"":true}"
45.515,right_hand,og,acc,2396979,"{""seq"":2210,""x_mg"":-4,""y_mg"":972,""z_mg"":40}"
45.515,right_hand,og,tilt,,"{""roll_deg"":88.6,""pitch_deg"":10.0,""steady"":true}"
45.546,right_hand,og,acc,2397000,"{""seq"":2211,""x_mg"":-8,""y_mg"":976,""z_mg"":40}"
45.546,right_hand,og,tilt,,"{""roll_deg"":88.7,""pitch_deg"":10.0,""steady"":true}"
45.546,right_hand,og,acc,2397020,"{""seq"":2212,""x_mg"":-12,""y_mg"":952,""z_mg"":48}"
45.546,right_hand,og,tilt,,"{""roll_deg"":88.7,""pitch_deg"":10.0,""steady"":true}"
45.578,right_hand,og,acc,2397041,"{""seq"":2213,""x_mg"":-40,""y_mg"":884,""z_mg"":-4}"
45.578,right_hand,og,tilt,,"{""roll_deg"":88.8,""pitch_deg"":10.0,""steady"":true}"
45.593,,game,miss,,"{""n"":20,""speed"":0.2}"
45.609,right_hand,og,acc,2397061,"{""seq"":2214,""x_mg"":-44,""y_mg"":944,""z_mg"":72}"
45.609,right_hand,og,tilt,,"{""roll_deg"":88.8,""pitch_deg"":10.0,""steady"":true}"
45.640,right_hand,og,acc,2397082,"{""seq"":2215,""x_mg"":-8,""y_mg"":976,""z_mg"":36}"
45.640,right_hand,og,tilt,,"{""roll_deg"":88.8,""pitch_deg"":10.0,""steady"":true}"
45.640,right_hand,og,acc,2397102,"{""seq"":2216,""x_mg"":20,""y_mg"":948,""z_mg"":32}"
45.640,right_hand,og,tilt,,"{""roll_deg"":88.9,""pitch_deg"":10.0,""steady"":true}"
45.671,right_hand,og,acc,2397123,"{""seq"":2217,""x_mg"":4,""y_mg"":936,""z_mg"":56}"
45.671,right_hand,og,tilt,,"{""roll_deg"":88.9,""pitch_deg"":10.0,""steady"":true}"
45.703,right_hand,og,acc,2397144,"{""seq"":2218,""x_mg"":-8,""y_mg"":904,""z_mg"":88}"
45.703,right_hand,og,tilt,,"{""roll_deg"":88.9,""pitch_deg"":10.0,""steady"":true}"
45.703,right_hand,og,acc,2397164,"{""seq"":2219,""x_mg"":-32,""y_mg"":896,""z_mg"":88}"
45.703,right_hand,og,tilt,,"{""roll_deg"":88.9,""pitch_deg"":10.0,""steady"":true}"
45.734,right_hand,og,acc,2397185,"{""seq"":2220,""x_mg"":-36,""y_mg"":940,""z_mg"":80}"
45.734,right_hand,og,tilt,,"{""roll_deg"":88.9,""pitch_deg"":10.0,""steady"":true}"
45.750,right_hand,og,acc,2397205,"{""seq"":2221,""x_mg"":-20,""y_mg"":928,""z_mg"":56}"
45.750,right_hand,og,tilt,,"{""roll_deg"":88.9,""pitch_deg"":10.0,""steady"":true}"
45.750,right_hand,og,acc,2397226,"{""seq"":2222,""x_mg"":20,""y_mg"":948,""z_mg"":128}"
45.750,right_hand,og,tilt,,"{""roll_deg"":88.8,""pitch_deg"":10.0,""steady"":true}"
45.781,right_hand,og,acc,2397246,"{""seq"":2223,""x_mg"":-12,""y_mg"":964,""z_mg"":36}"
45.781,right_hand,og,tilt,,"{""roll_deg"":88.8,""pitch_deg"":10.0,""steady"":true}"
45.812,right_hand,og,acc,2397267,"{""seq"":2224,""x_mg"":-28,""y_mg"":932,""z_mg"":28}"
45.812,right_hand,og,tilt,,"{""roll_deg"":88.8,""pitch_deg"":10.0,""steady"":true}"
45.843,right_hand,og,acc,2397288,"{""seq"":2225,""x_mg"":-28,""y_mg"":932,""z_mg"":48}"
45.843,right_hand,og,tilt,,"{""roll_deg"":88.8,""pitch_deg"":10.0,""steady"":true}"
45.843,right_hand,og,acc,2397308,"{""seq"":2226,""x_mg"":0,""y_mg"":944,""z_mg"":52}"
45.843,right_hand,og,tilt,,"{""roll_deg"":88.8,""pitch_deg"":10.0,""steady"":true}"
45.875,right_hand,og,acc,2397329,"{""seq"":2227,""x_mg"":8,""y_mg"":948,""z_mg"":40}"
45.875,right_hand,og,tilt,,"{""roll_deg"":88.8,""pitch_deg"":10.0,""steady"":true}"
45.906,right_hand,og,acc,2397349,"{""seq"":2228,""x_mg"":-12,""y_mg"":952,""z_mg"":52}"
45.906,right_hand,og,tilt,,"{""roll_deg"":88.8,""pitch_deg"":10.0,""steady"":true}"
45.906,right_hand,og,acc,2397370,"{""seq"":2229,""x_mg"":-4,""y_mg"":944,""z_mg"":20}"
45.906,right_hand,og,tilt,,"{""roll_deg"":88.8,""pitch_deg"":10.0,""steady"":true}"
45.937,right_hand,og,acc,2397390,"{""seq"":2230,""x_mg"":-28,""y_mg"":948,""z_mg"":28}"
45.937,right_hand,og,tilt,,"{""roll_deg"":88.8,""pitch_deg"":10.0,""steady"":true}"
45.968,right_hand,og,acc,2397411,"{""seq"":2231,""x_mg"":8,""y_mg"":956,""z_mg"":12}"
45.968,right_hand,og,tilt,,"{""roll_deg"":88.8,""pitch_deg"":10.0,""steady"":true}"
45.968,right_hand,og,acc,2397431,"{""seq"":2232,""x_mg"":0,""y_mg"":948,""z_mg"":16}"
45.968,right_hand,og,tilt,,"{""roll_deg"":88.9,""pitch_deg"":10.0,""steady"":true}"
45.984,right_hand,og,acc,2397452,"{""seq"":2233,""x_mg"":-4,""y_mg"":896,""z_mg"":84}"
45.984,right_hand,og,tilt,,"{""roll_deg"":89.1,""pitch_deg"":10.0,""steady"":true}"
46.015,right_hand,og,acc,2397473,"{""seq"":2234,""x_mg"":-28,""y_mg"":944,""z_mg"":36}"
46.015,right_hand,og,tilt,,"{""roll_deg"":89.1,""pitch_deg"":10.0,""steady"":true}"
46.046,right_hand,og,acc,2397493,"{""seq"":2235,""x_mg"":-20,""y_mg"":948,""z_mg"":16}"
46.046,right_hand,og,tilt,,"{""roll_deg"":89.1,""pitch_deg"":10.0,""steady"":true}"
46.046,right_hand,og,acc,2397514,"{""seq"":2236,""x_mg"":-12,""y_mg"":960,""z_mg"":28}"
46.046,right_hand,og,tilt,,"{""roll_deg"":89.2,""pitch_deg"":10.0,""steady"":true}"
46.078,right_hand,og,acc,2397534,"{""seq"":2237,""x_mg"":-8,""y_mg"":952,""z_mg"":36}"
46.078,right_hand,og,tilt,,"{""roll_deg"":89.3,""pitch_deg"":10.0,""steady"":true}"
46.109,right_hand,og,acc,2397555,"{""seq"":2238,""x_mg"":-16,""y_mg"":944,""z_mg"":24}"
46.109,right_hand,og,tilt,,"{""roll_deg"":89.3,""pitch_deg"":10.0,""steady"":true}"
46.109,right_hand,og,acc,2397575,"{""seq"":2239,""x_mg"":-12,""y_mg"":944,""z_mg"":48}"
46.109,right_hand,og,tilt,,"{""roll_deg"":89.4,""pitch_deg"":10.0,""steady"":true}"
46.140,right_hand,og,acc,2397596,"{""seq"":2240,""x_mg"":-8,""y_mg"":952,""z_mg"":44}"
46.140,right_hand,og,tilt,,"{""roll_deg"":89.4,""pitch_deg"":10.0,""steady"":true}"
46.140,right_hand,og,acc,2397617,"{""seq"":2241,""x_mg"":-32,""y_mg"":952,""z_mg"":48}"
46.140,right_hand,og,tilt,,"{""roll_deg"":89.4,""pitch_deg"":10.0,""steady"":true}"
46.171,right_hand,og,acc,2397637,"{""seq"":2242,""x_mg"":-20,""y_mg"":932,""z_mg"":56}"
46.171,right_hand,og,tilt,,"{""roll_deg"":89.4,""pitch_deg"":10.0,""steady"":true}"
46.203,right_hand,og,acc,2397658,"{""seq"":2243,""x_mg"":-24,""y_mg"":948,""z_mg"":60}"
46.203,right_hand,og,tilt,,"{""roll_deg"":89.4,""pitch_deg"":10.0,""steady"":true}"
46.234,right_hand,og,acc,2397678,"{""seq"":2244,""x_mg"":-32,""y_mg"":952,""z_mg"":56}"
46.234,right_hand,og,tilt,,"{""roll_deg"":89.4,""pitch_deg"":10.0,""steady"":true}"
46.234,right_hand,og,acc,2397699,"{""seq"":2245,""x_mg"":-52,""y_mg"":932,""z_mg"":112}"
46.234,right_hand,og,tilt,,"{""roll_deg"":89.4,""pitch_deg"":10.0,""steady"":true}"
46.265,right_hand,og,acc,2397719,"{""seq"":2246,""x_mg"":-24,""y_mg"":932,""z_mg"":112}"
46.265,right_hand,og,tilt,,"{""roll_deg"":89.1,""pitch_deg"":10.0,""steady"":true}"
46.296,right_hand,og,acc,2397740,"{""seq"":2247,""x_mg"":-24,""y_mg"":1000,""z_mg"":0}"
46.296,right_hand,og,tilt,,"{""roll_deg"":88.5,""pitch_deg"":10.0,""steady"":true}"
46.296,right_hand,og,acc,2397761,"{""seq"":2248,""x_mg"":28,""y_mg"":1276,""z_mg"":-192}"
46.296,right_hand,og,tilt,,"{""roll_deg"":88.0,""pitch_deg"":10.0,""steady"":true}"
46.328,right_hand,og,acc,2397781,"{""seq"":2249,""x_mg"":-120,""y_mg"":936,""z_mg"":-44}"
46.328,right_hand,og,tilt,,"{""roll_deg"":87.3,""pitch_deg"":10.0,""steady"":true}"
46.359,right_hand,og,acc,2397802,"{""seq"":2250,""x_mg"":-68,""y_mg"":900,""z_mg"":-220}"
46.359,right_hand,og,tilt,,"{""roll_deg"":86.5,""pitch_deg"":9.9,""steady"":true}"
46.359,right_hand,og,acc,2397822,"{""seq"":2251,""x_mg"":220,""y_mg"":876,""z_mg"":308}"
46.359,right_hand,og,tilt,,"{""roll_deg"":84.3,""pitch_deg"":9.5,""steady"":true}"
46.375,right_hand,og,acc,2397843,"{""seq"":2252,""x_mg"":176,""y_mg"":488,""z_mg"":256}"
46.375,right_hand,og,tilt,,"{""roll_deg"":84.3,""pitch_deg"":9.5,""steady"":false}"
46.406,right_hand,og,acc,2397863,"{""seq"":2253,""x_mg"":-12,""y_mg"":820,""z_mg"":104}"
46.406,right_hand,og,tilt,,"{""roll_deg"":81.6,""pitch_deg"":9.5,""steady"":true}"
46.437,right_hand,og,acc,2397884,"{""seq"":2254,""x_mg"":-156,""y_mg"":1052,""z_mg"":500}"
46.437,right_hand,og,tremor,,"{""rms_mg"":23.4,""peak_hz"":4.4}"
46.437,right_hand,og,tilt,,"{""roll_deg"":77.2,""pitch_deg"":9.5,""steady"":true}"
46.437,right_hand,og,acc,2397905,"{""seq"":2255,""x_mg"":-180,""y_mg"":1008,""z_mg"":392}"
46.437,right_hand,og,tilt,,"{""roll_deg"":74.2,""pitch_deg"":8.8,""steady"":true}"
46.468,right_hand,og,acc,2397925,"{""seq"":2256,""x_mg"":-176,""y_mg"":1024,""z_mg"":452}"
46.468,right_hand,og,tilt,,"{""roll_deg"":71.5,""pitch_deg"":7.4,""steady"":true}"
46.500,right_hand,og,acc,2397946,"{""seq"":2257,""x_mg"":-136,""y_mg"":968,""z_mg"":488}"
46.500,right_hand,og,tilt,,"{""roll_deg"":69.8,""pitch_deg"":6.2,""steady"":true}"
46.500,right_hand,og,acc,2397966,"{""seq"":2258,""x_mg"":-128,""y_mg"":888,""z_mg"":356}"
46.500,right_hand,og,tilt,,"{""roll_deg"":68.8,""pitch_deg"":5.6,""steady"":true}"
46.531,right_hand,og,acc,2397987,"{""seq"":2259,""x_mg"":-120,""y_mg"":852,""z_mg"":364}"
46.531,right_hand,og,tilt,,"{""roll_deg"":68.6,""pitch_deg"":5.2,""steady"":true}"
46.562,right_hand,og,acc,2398007,"{""seq"":2260,""x_mg"":-100,""y_mg"":832,""z_mg"":396}"
46.562,right_hand,og,tilt,,"{""roll_deg"":68.5,""pitch_deg"":4.9,""steady"":true}"
46.562,right_hand,og,acc,2398028,"{""seq"":2261,""x_mg"":-56,""y_mg"":788,""z_mg"":428}"
46.562,right_hand,og,tilt,,"{""roll_deg"":67.8,""pitch_deg"":4.9,""steady"":true}"
46.593,right_hand,og,acc,2398049,"{""seq"":2262,""x_mg"":-60,""y_mg"":824,""z_mg"":432}"
46.593,right_hand,og,tilt,,"{""roll_deg"":66.7,""pitch_deg"":4.9,""steady"":true}"
46.609,right_hand,og,acc,2398069,"{""seq"":2263,""x_mg"":-100,""y_mg"":900,""z_mg"":452}"
46.609,right_hand,og,tilt,,"{""roll_deg"":66.1,""pitch_deg"":5.0,""steady"":true}"
46.640,right_hand,og,acc,2398090,"{""seq"":2264,""x_mg"":-124,""y_mg"":1072,""z_mg"":500}"
46.640,right_hand,og,tilt,,"{""roll_deg"":65.8,""pitch_deg"":5.0,""steady"":true}"
46.640,right_hand,og,acc,2398110,"{""seq"":2265,""x_mg"":-168,""y_mg"":1272,""z_mg"":444}"
46.640,right_hand,og,tilt,,"{""roll_deg"":65.8,""pitch_deg"":5.0,""steady"":false}"
46.671,right_hand,og,acc,2398131,"{""seq"":2266,""x_mg"":-140,""y_mg"":1024,""z_mg"":256}"
46.671,right_hand,og,tilt,,"{""roll_deg"":65.8,""pitch_deg"":5.0,""steady"":true}"
46.718,right_hand,og,acc,2398151,"{""seq"":2267,""x_mg"":-44,""y_mg"":724,""z_mg"":396}"
46.718,right_hand,og,tilt,,"{""roll_deg"":65.8,""pitch_deg"":5.0,""steady"":true}"
46.718,right_hand,og,acc,2398172,"{""seq"":2268,""x_mg"":-24,""y_mg"":888,""z_mg"":476}"
46.718,right_hand,og,tilt,,"{""roll_deg"":65.8,""pitch_deg"":5.1,""steady"":true}"
46.750,right_hand,og,acc,2398192,"{""seq"":2269,""x_mg"":-64,""y_mg"":1044,""z_mg"":476}"
46.750,right_hand,og,tilt,,"{""roll_deg"":65.5,""pitch_deg"":5.3,""steady"":true}"
46.750,right_hand,og,acc,2398213,"{""seq"":2270,""x_mg"":-148,""y_mg"":1136,""z_mg"":328}"
46.750,right_hand,og,tilt,,"{""roll_deg"":65.5,""pitch_deg"":5.5,""steady"":true}"
46.781,right_hand,og,acc,2398234,"{""seq"":2271,""x_mg"":-132,""y_mg"":800,""z_mg"":424}"
46.781,right_hand,og,tilt,,"{""roll_deg"":65.5,""pitch_deg"":5.5,""steady"":true}"
46.796,right_hand,og,acc,2398254,"{""seq"":2272,""x_mg"":88,""y_mg"":544,""z_mg"":480}"
46.796,right_hand,og,tilt,,"{""roll_deg"":65.5,""pitch_deg"":5.5,""steady"":true}"
46.828,right_hand,og,acc,2398275,"{""seq"":2273,""x_mg"":216,""y_mg"":520,""z_mg"":576}"
46.828,right_hand,og,tilt,,"{""roll_deg"":61.2,""pitch_deg"":7.5,""steady"":true}"
46.828,right_hand,og,acc,2398295,"{""seq"":2274,""x_mg"":156,""y_mg"":760,""z_mg"":596}"
46.828,right_hand,og,tilt,,"{""roll_deg"":57.6,""pitch_deg"":10.8,""steady"":true}"
46.859,right_hand,og,acc,2398316,"{""seq"":2275,""x_mg"":8,""y_mg"":880,""z_mg"":664}"
46.859,right_hand,og,tilt,,"{""roll_deg"":56.1,""pitch_deg"":13.7,""steady"":true}"
46.890,right_hand,og,acc,2398336,"{""seq"":2276,""x_mg"":100,""y_mg"":628,""z_mg"":688}"
46.890,right_hand,og,tilt,,"{""roll_deg"":55.2,""pitch_deg"":14.7,""steady"":true}"
46.890,right_hand,og,acc,2398357,"{""seq"":2277,""x_mg"":312,""y_mg"":392,""z_mg"":648}"
46.890,right_hand,og,tilt,,"{""roll_deg"":51.1,""pitch_deg"":15.3,""steady"":true}"
46.921,right_hand,og,acc,2398378,"{""seq"":2278,""x_mg"":392,""y_mg"":304,""z_mg"":672}"
46.921,right_hand,og,tilt,,"{""roll_deg"":41.8,""pitch_deg"":22.4,""steady"":true}"
46.953,right_hand,og,acc,2398398,"{""seq"":2279,""x_mg"":312,""y_mg"":412,""z_mg"":736}"
46.953,right_hand,og,tilt,,"{""roll_deg"":36.1,""pitch_deg"":26.9,""steady"":true}"
46.953,right_hand,og,acc,2398419,"{""seq"":2280,""x_mg"":236,""y_mg"":492,""z_mg"":808}"
46.953,right_hand,og,tilt,,"{""roll_deg"":33.0,""pitch_deg"":28.6,""steady"":true}"
46.984,right_hand,og,acc,2398439,"{""seq"":2281,""x_mg"":312,""y_mg"":384,""z_mg"":788}"
46.984,right_hand,og,tilt,,"{""roll_deg"":31.5,""pitch_deg"":29.2,""steady"":true}"
47.015,right_hand,og,acc,2398460,"{""seq"":2282,""x_mg"":336,""y_mg"":200,""z_mg"":788}"
47.015,right_hand,og,tilt,,"{""roll_deg"":29.4,""pitch_deg"":29.6,""steady"":true}"
47.015,right_hand,og,acc,2398480,"{""seq"":2283,""x_mg"":432,""y_mg"":192,""z_mg"":760}"
47.015,right_hand,og,tilt,,"{""roll_deg"":22.7,""pitch_deg"":30.9,""steady"":true}"
47.031,right_hand,og,acc,2398501,"{""seq"":2284,""x_mg"":404,""y_mg"":280,""z_mg"":764}"
47.031,right_hand,og,tilt,,"{""roll_deg"":19.2,""pitch_deg"":33.3,""steady"":true}"
47.062,right_hand,og,acc,2398522,"{""seq"":2285,""x_mg"":332,""y_mg"":308,""z_mg"":800}"
47.062,right_hand,og,tilt,,"{""roll_deg"":19.2,""pitch_deg"":34.7,""steady"":true}"
47.093,right_hand,og,acc,2398542,"{""seq"":2286,""x_mg"":328,""y_mg"":284,""z_mg"":816}"
47.093,right_hand,og,tilt,,"{""roll_deg"":19.3,""pitch_deg"":34.5,""steady"":true}"
47.093,right_hand,og,acc,2398563,"{""seq"":2287,""x_mg"":300,""y_mg"":276,""z_mg"":856}"
47.093,right_hand,og,tilt,,"{""roll_deg"":19.4,""pitch_deg"":33.8,""steady"":true}"
47.125,right_hand,og,acc,2398583,"{""seq"":2288,""x_mg"":260,""y_mg"":308,""z_mg"":820}"
47.125,right_hand,og,tilt,,"{""roll_deg"":19.5,""pitch_deg"":32.8,""steady"":true}"
47.156,right_hand,og,acc,2398604,"{""seq"":2289,""x_mg"":252,""y_mg"":312,""z_mg"":820}"
47.156,right_hand,og,tilt,,"{""roll_deg"":20.1,""pitch_deg"":31.9,""steady"":true}"
47.156,right_hand,og,acc,2398624,"{""seq"":2290,""x_mg"":280,""y_mg"":324,""z_mg"":884}"
47.156,right_hand,og,tilt,,"{""roll_deg"":20.5,""pitch_deg"":31.4,""steady"":true}"
47.187,right_hand,og,acc,2398645,"{""seq"":2291,""x_mg"":240,""y_mg"":340,""z_mg"":908}"
47.187,right_hand,og,tilt,,"{""roll_deg"":20.8,""pitch_deg"":31.1,""steady"":true}"
47.203,right_hand,og,acc,2398666,"{""seq"":2292,""x_mg"":220,""y_mg"":316,""z_mg"":908}"
47.203,right_hand,og,tilt,,"{""roll_deg"":20.8,""pitch_deg"":30.4,""steady"":true}"
47.203,right_hand,og,acc,2398686,"{""seq"":2293,""x_mg"":256,""y_mg"":312,""z_mg"":880}"
47.203,right_hand,og,tilt,,"{""roll_deg"":20.8,""pitch_deg"":29.6,""steady"":true}"
47.234,right_hand,og,acc,2398707,"{""seq"":2294,""x_mg"":224,""y_mg"":296,""z_mg"":920}"
47.234,right_hand,og,tilt,,"{""roll_deg"":20.8,""pitch_deg"":28.5,""steady"":true}"
47.265,right_hand,og,acc,2398727,"{""seq"":2295,""x_mg"":296,""y_mg"":236,""z_mg"":912}"
47.265,right_hand,og,tilt,,"{""roll_deg"":20.8,""pitch_deg"":28.2,""steady"":true}"
47.296,right_hand,og,acc,2398748,"{""seq"":2296,""x_mg"":276,""y_mg"":332,""z_mg"":908}"
47.296,right_hand,og,tilt,,"{""roll_deg"":20.8,""pitch_deg"":28.0,""steady"":true}"
47.296,right_hand,og,acc,2398768,"{""seq"":2297,""x_mg"":228,""y_mg"":284,""z_mg"":904}"
47.296,right_hand,og,tilt,,"{""roll_deg"":20.5,""pitch_deg"":27.9,""steady"":true}"
47.343,right_hand,og,acc,2398789,"{""seq"":2298,""x_mg"":292,""y_mg"":360,""z_mg"":908}"
47.343,right_hand,og,tilt,,"{""roll_deg"":20.5,""pitch_deg"":27.8,""steady"":true}"
47.375,right_hand,og,acc,2398809,"{""seq"":2299,""x_mg"":308,""y_mg"":448,""z_mg"":864}"
47.375,right_hand,og,tilt,,"{""roll_deg"":20.5,""pitch_deg"":27.8,""steady"":true}"
47.375,right_hand,og,acc,2398830,"{""seq"":2300,""x_mg"":292,""y_mg"":476,""z_mg"":836}"
47.375,right_hand,og,tilt,,"{""roll_deg"":20.8,""pitch_deg"":27.8,""steady"":true}"
47.406,right_hand,og,acc,2398851,"{""seq"":2301,""x_mg"":280,""y_mg"":328,""z_mg"":808}"
47.406,right_hand,og,tilt,,"{""roll_deg"":21.8,""pitch_deg"":27.8,""steady"":true}"
47.406,right_hand,og,acc,2398871,"{""seq"":2302,""x_mg"":328,""y_mg"":244,""z_mg"":844}"
47.406,right_hand,og,tilt,,"{""roll_deg"":22.0,""pitch_deg"":27.8,""steady"":true}"
47.421,right_hand,og,acc,2398892,"{""seq"":2303,""x_mg"":372,""y_mg"":196,""z_mg"":908}"
47.421,right_hand,og,tilt,,"{""roll_deg"":22.0,""pitch_deg"":27.8,""steady"":true}"
47.453,right_hand,og,acc,2398912,"{""seq"":2304,""x_mg"":384,""y_mg"":200,""z_mg"":896}"
47.453,right_hand,og,tilt,,"{""roll_deg"":21.2,""pitch_deg"":28.1,""steady"":true}"
47.484,right_hand,og,acc,2398933,"{""seq"":2305,""x_mg"":348,""y_mg"":116,""z_mg"":920}"
47.484,right_hand,og,tilt,,"{""roll_deg"":19.6,""pitch_deg"":28.8,""steady"":true}"
47.515,right_hand,og,acc,2398953,"{""seq"":2306,""x_mg"":328,""y_mg"":48,""z_mg"":916}"
47.515,right_hand,og,tilt,,"{""roll_deg"":16.8,""pitch_deg"":29.2,""steady"":true}"
47.515,right_hand,og,acc,2398974,"{""seq"":2307,""x_mg"":380,""y_mg"":28,""z_mg"":908}"
47.515,right_hand,og,tilt,,"{""roll_deg"":12.8,""pitch_deg"":29.6,""steady"":true}"
47.546,right_hand,og,acc,2398995,"{""seq"":2308,""x_mg"":388,""y_mg"":-20,""z_mg"":880}"
47.546,right_hand,og,tilt,,"{""roll_deg"":9.5,""pitch_deg"":30.3,""steady"":true}"
47.546,right_hand,og,acc,2399015,"{""seq"":2309,""x_mg"":340,""y_mg"":116,""z_mg"":860}"
47.546,right_hand,og,tilt,,"{""roll_deg"":7.5,""pitch_deg"":31.0,""steady"":true}"
47.578,right_hand,og,acc,2399036,"{""seq"":2310,""x_mg"":384,""y_mg"":-68,""z_mg"":868}"
47.578,right_hand,og,tilt,,"{""roll_deg"":5.1,""pitch_deg"":31.8,""steady"":true}"
47.609,right_hand,og,acc,2399056,"{""seq"":2311,""x_mg"":412,""y_mg"":-136,""z_mg"":908}"
47.609,right_hand,og,tilt,,"{""roll_deg"":2.4,""pitch_deg"":32.4,""steady"":true}"
47.609,right_hand,og,acc,2399077,"{""seq"":2312,""x_mg"":316,""y_mg"":-40,""z_mg"":928}"
47.609,right_hand,og,tilt,,"{""roll_deg"":0.8,""pitch_deg"":32.9,""steady"":true}"
47.625,right_hand,og,acc,2399097,"{""seq"":2313,""x_mg"":324,""y_mg"":12,""z_mg"":844}"
47.625,right_hand,og,tilt,,"{""roll_deg"":0.6,""pitch_deg"":32.9,""steady"":true}"
47.656,right_hand,og,acc,2399118,"{""seq"":2314,""x_mg"":336,""y_mg"":-116,""z_mg"":860}"
47.656,right_hand,og,tilt,,"{""roll_deg"":0.4,""pitch_deg"":32.9,""steady"":true}"
47.687,right_hand,og,acc,2399139,"{""seq"":2315,""x_mg"":360,""y_mg"":-176,""z_mg"":888}"
47.687,right_hand,og,tilt,,"{""roll_deg"":-1.4,""pitch_deg"":32.9,""steady"":true}"
47.687,right_hand,og,acc,2399159,"{""seq"":2316,""x_mg"":332,""y_mg"":-188,""z_mg"":888}"
47.687,right_hand,og,tilt,,"{""roll_deg"":-3.8,""pitch_deg"":32.9,""steady"":true}"
47.718,right_hand,og,acc,2399180,"{""seq"":2317,""x_mg"":328,""y_mg"":-144,""z_mg"":872}"
47.718,right_hand,og,tilt,,"{""roll_deg"":-5.4,""pitch_deg"":32.8,""steady"":true}"
47.750,right_hand,og,acc,2399200,"{""seq"":2318,""x_mg"":384,""y_mg"":-204,""z_mg"":912}"
47.750,right_hand,og,tilt,,"{""roll_deg"":-6.6,""pitch_deg"":32.7,""steady"":true}"
47.750,right_hand,og,acc,2399221,"{""seq"":2319,""x_mg"":352,""y_mg"":-200,""z_mg"":924}"
47.750,right_hand,og,tilt,,"{""roll_deg"":-7.4,""pitch_deg"":32.6,""steady"":true}"
47.781,right_hand,og,acc,2399241,"{""seq"":2320,""x_mg"":396,""y_mg"":-228,""z_mg"":912}"
47.781,right_hand,og,tilt,,"{""roll_deg"":-8.0,""pitch_deg"":32.6,""steady"":true}"
47.796,,game,miss,,"{""n"":21,""speed"":0.2}"
47.812,right_hand,og,acc,2399262,"{""seq"":2321,""x_mg"":360,""y_mg"":-108,""z_mg"":864}"
47.812,right_hand,og,tilt,,"{""roll_deg"":-8.3,""pitch_deg"":32.6,""steady"":true}"
47.812,right_hand,og,acc,2399283,"{""seq"":2322,""x_mg"":364,""y_mg"":-132,""z_mg"":900}"
47.812,right_hand,og,tilt,,"{""roll_deg"":-8.2,""pitch_deg"":32.6,""steady"":true}"
47.828,right_hand,og,acc,2399303,"{""seq"":2323,""x_mg"":416,""y_mg"":-272,""z_mg"":976}"
47.828,right_hand,og,tilt,,"{""roll_deg"":-7.7,""pitch_deg"":32.6,""steady"":true}"
47.859,right_hand,og,acc,2399324,"{""seq"":2324,""x_mg"":436,""y_mg"":-196,""z_mg"":920}"
47.859,right_hand,og,tilt,,"{""roll_deg"":-7.7,""pitch_deg"":32.6,""steady"":true}"
47.890,right_hand,og,acc,2399344,"{""seq"":2325,""x_mg"":356,""y_mg"":-144,""z_mg"":932}"
47.890,right_hand,og,tilt,,"{""roll_deg"":-7.7,""pitch_deg"":32.6,""steady"":true}"
47.890,right_hand,og,acc,2399365,"{""seq"":2326,""x_mg"":348,""y_mg"":-136,""z_mg"":900}"
47.890,right_hand,og,tilt,,"{""roll_deg"":-7.7,""pitch_deg"":32.6,""steady"":true}"
47.921,right_hand,og,acc,2399385,"{""seq"":2327,""x_mg"":404,""y_mg"":-260,""z_mg"":864}"
47.921,right_hand,og,tilt,,"{""roll_deg"":-7.7,""pitch_deg"":32.6,""steady"":true}"
47.953,right_hand,og,acc,2399406,"{""seq"":2328,""x_mg"":416,""y_mg"":-152,""z_mg"":872}"
47.953,right_hand,og,tilt,,"{""roll_deg"":-7.6,""pitch_deg"":32.6,""steady"":true}"
47.953,right_hand,og,acc,2399426,"{""seq"":2329,""x_mg"":356,""y_mg"":-272,""z_mg"":996}"
47.953,right_hand,og,tilt,,"{""roll_deg"":-7.8,""pitch_deg"":32.8,""steady"":true}"
48.000,right_hand,og,acc,2399447,"{""seq"":2330,""x_mg"":388,""y_mg"":-244,""z_mg"":924}"
48.000,right_hand,og,tilt,,"{""roll_deg"":-8.6,""pitch_deg"":32.8,""steady"":true}"
48.031,right_hand,og,acc,2399468,"{""seq"":2331,""x_mg"":412,""y_mg"":-240,""z_mg"":908}"
48.031,right_hand,og,tilt,,"{""roll_deg"":-9.2,""pitch_deg"":32.8,""steady"":true}"
48.031,right_hand,og,acc,2399488,"{""seq"":2332,""x_mg"":356,""y_mg"":-264,""z_mg"":884}"
48.031,right_hand,og,tilt,,"{""roll_deg"":-9.6,""pitch_deg"":32.8,""steady"":true}"
48.046,right_hand,og,acc,2399509,"{""seq"":2333,""x_mg"":392,""y_mg"":-272,""z_mg"":920}"
48.046,right_hand,og,tilt,,"{""roll_deg"":-10.4,""pitch_deg"":32.8,""steady"":true}"
48.078,right_hand,og,acc,2399529,"{""seq"":2334,""x_mg"":364,""y_mg"":-280,""z_mg"":956}"
48.078,right_hand,og,tilt,,"{""roll_deg"":-10.9,""pitch_deg"":32.8,""steady"":true}"
48.109,right_hand,og,acc,2399550,"{""seq"":2335,""x_mg"":380,""y_mg"":-268,""z_mg"":936}"
48.109,right_hand,og,tilt,,"{""roll_deg"":-11.4,""pitch_deg"":32.8,""steady"":true}"
48.109,right_hand,og,acc,2399571,"{""seq"":2336,""x_mg"":320,""y_mg"":-140,""z_mg"":888}"
48.109,right_hand,og,tilt,,"{""roll_deg"":-11.6,""pitch_deg"":32.8,""steady"":true}"
48.140,right_hand,og,acc,2399591,"{""seq"":2337,""x_mg"":372,""y_mg"":-204,""z_mg"":908}"
48.140,right_hand,og,tilt,,"{""roll_deg"":-11.6,""pitch_deg"":32.8,""steady"":true}"
48.171,right_hand,og,acc,2399612,"{""seq"":2338,""x_mg"":356,""y_mg"":-276,""z_mg"":872}"
48.171,right_hand,og,tilt,,"{""roll_deg"":-11.6,""pitch_deg"":32.8,""steady"":true}"
48.171,right_hand,og,acc,2399632,"{""seq"":2339,""x_mg"":352,""y_mg"":-312,""z_mg"":888}"
48.171,right_hand,og,tilt,,"{""roll_deg"":-11.6,""pitch_deg"":32.8,""steady"":true}"
48.203,right_hand,og,acc,2399653,"{""seq"":2340,""x_mg"":296,""y_mg"":-60,""z_mg"":896}"
48.203,right_hand,og,tilt,,"{""roll_deg"":-11.9,""pitch_deg"":32.8,""steady"":true}"
48.234,right_hand,og,acc,2399673,"{""seq"":2341,""x_mg"":340,""y_mg"":-116,""z_mg"":988}"
48.234,right_hand,og,tilt,,"{""roll_deg"":-11.9,""pitch_deg"":32.7,""steady"":true}"
48.234,right_hand,og,acc,2399694,"{""seq"":2342,""x_mg"":364,""y_mg"":-184,""z_mg"":980}"
48.234,right_hand,og,tilt,,"{""roll_deg"":-11.0,""pitch_deg"":32.3,""steady"":true}"
48.250,right_hand,og,acc,2399714,"{""seq"":2343,""x_mg"":336,""y_mg"":-168,""z_mg"":936}"
48.250,right_hand,og,tilt,,"{""roll_deg"":-10.6,""pitch_deg"":32.1,""steady"":true}"
48.281,right_hand,og,acc,2399735,"{""seq"":2344,""x_mg"":352,""y_mg"":-176,""z_mg"":884}"
48.281,right_hand,og,tilt,,"{""roll_deg"":-10.2,""pitch_deg"":32.0,""steady"":true}"
48.312,right_hand,og,acc,2399756,"{""seq"":2345,""x_mg"":360,""y_mg"":-244,""z_mg"":896}"
48.312,right_hand,og,tilt,,"{""roll_deg"":-10.0,""pitch_deg"":32.0,""steady"":true}"
48.312,right_hand,og,acc,2399776,"{""seq"":2346,""x_mg"":360,""y_mg"":-148,""z_mg"":832}"
48.312,right_hand,og,tilt,,"{""roll_deg"":-9.8,""pitch_deg"":32.0,""steady"":true}"
48.343,right_hand,og,acc,2399797,"{""seq"":2347,""x_mg"":348,""y_mg"":-92,""z_mg"":828}"
48.343,right_hand,og,tilt,,"{""roll_deg"":-9.4,""pitch_deg"":32.0,""steady"":true}"
48.375,right_hand,og,acc,2399817,"{""seq"":2348,""x_mg"":368,""y_mg"":-412,""z_mg"":836}"
48.375,right_hand,og,tilt,,"{""roll_deg"":-9.1,""pitch_deg"":32.0,""steady"":true}"
48.375,right_hand,og,acc,2399838,"{""seq"":2349,""x_mg"":424,""y_mg"":-504,""z_mg"":788}"
48.375,right_hand,og,tilt,,"{""roll_deg"":-9.7,""pitch_deg"":32.0,""steady"":true}"
48.406,right_hand,og,acc,2399858,"{""seq"":2350,""x_mg"":416,""y_mg"":-572,""z_mg"":756}"
48.406,right_hand,og,tilt,,"{""roll_deg"":-14.1,""pitch_deg"":32.0,""steady"":true}"
48.437,right_hand,og,acc,2399879,"{""seq"":2351,""x_mg"":404,""y_mg"":-600,""z_mg"":724}"
48.437,right_hand,og,tilt,,"{""roll_deg"":-20.3,""pitch_deg"":32.3,""steady"":true}"
48.437,right_hand,og,acc,2399900,"{""seq"":2352,""x_mg"":400,""y_mg"":-636,""z_mg"":732}"
48.437,right_hand,og,tremor,,"{""rms_mg"":94.5,""peak_hz"":9.3}"
48.437,right_hand,og,tilt,,"{""roll_deg"":-25.8,""pitch_deg"":32.5,""steady"":true}"
48.453,right_hand,og,acc,2399920,"{""seq"":2353,""x_mg"":412,""y_mg"":-516,""z_mg"":764}"
48.453,right_hand,og,tilt,,"{""roll_deg"":-29.0,""pitch_deg"":32.7,""steady"":true}"
48.484,right_hand,og,acc,2399941,"{""seq"":2354,""x_mg"":432,""y_mg"":-584,""z_mg"":796}"
48.484,right_hand,og,tilt,,"{""roll_deg"":-29.5,""pitch_deg"":32.9,""steady"":true}"
48.515,right_hand,og,acc,2399961,"{""seq"":2355,""x_mg"":408,""y_mg"":-508,""z_mg"":768}"
48.515,right_hand,og,tilt,,"{""roll_deg"":-29.5,""pitch_deg"":33.2,""steady"":true}"
48.515,right_hand,og,acc,2399982,"{""seq"":2356,""x_mg"":364,""y_mg"":-492,""z_mg"":824}"
48.515,right_hand,og,tilt,,"{""roll_deg"":-29.4,""pitch_deg"":33.3,""steady"":true}"
48.546,right_hand,og,acc,2400002,"{""seq"":2357,""x_mg"":300,""y_mg"":-536,""z_mg"":820}"
48.546,right_hand,og,tilt,,"{""roll_deg"":-29.2,""pitch_deg"":33.3,""steady"":true}"
48.578,right_hand,og,acc,2400023,"{""seq"":2358,""x_mg"":268,""y_mg"":-496,""z_mg"":880}"
48.578,right_hand,og,tilt,,"{""roll_deg"":-28.6,""pitch_deg"":33.3,""steady"":true}"
48.578,right_hand,og,acc,2400044,"{""seq"":2359,""x_mg"":300,""y_mg"":-492,""z_mg"":848}"
48.578,right_hand,og,tilt,,"{""roll_deg"":-28.2,""pitch_deg"":32.8,""steady"":true}"
48.609,right_hand,og,acc,2400064,"{""seq"":2360,""x_mg"":308,""y_mg"":-472,""z_mg"":864}"
48.609,right_hand,og,tilt,,"{""roll_deg"":-27.9,""pitch_deg"":32.1,""steady"":true}"
48.609,right_hand,og,acc,2400085,"{""seq"":2361,""x_mg"":248,""y_mg"":-364,""z_mg"":848}"
48.609,right_hand,og,tilt,,"{""roll_deg"":-27.5,""pitch_deg"":31.4,""steady"":true}"
48.640,right_hand,og,acc,2400105,"{""seq"":2362,""x_mg"":260,""y_mg"":-176,""z_mg"":864}"
48.640,right_hand,og,tilt,,"{""roll_deg"":-26.9,""pitch_deg"":30.6,""steady"":true}"
48.671,right_hand,og,acc,2400126,"{""seq"":2363,""x_mg"":316,""y_mg"":-176,""z_mg"":956}"
48.671,right_hand,og,tilt,,"{""roll_deg"":-22.9,""pitch_deg"":30.0,""steady"":true}"
48.671,right_hand,og,acc,2400146,"{""seq"":2364,""x_mg"":348,""y_mg"":-368,""z_mg"":988}"
48.671,right_hand,og,tilt,,"{""roll_deg"":-18.7,""pitch_deg"":29.9,""steady"":true}"
48.703,right_hand,og,acc,2400167,"{""seq"":2365,""x_mg"":312,""y_mg"":-512,""z_mg"":948}"
48.703,right_hand,og,tilt,,"{""roll_deg"":-18.4,""pitch_deg"":29.8,""steady"":true}"
48.734,right_hand,og,acc,2400187,"{""seq"":2366,""x_mg"":276,""y_mg"":-504,""z_mg"":952}"
48.734,right_hand,og,tilt,,"{""roll_deg"":-19.1,""pitch_deg"":29.3,""steady"":true}"
48.765,right_hand,og,acc,2400208,"{""seq"":2367,""x_mg"":256,""y_mg"":-364,""z_mg"":900}"
48.765,right_hand,og,tilt,,"{""roll_deg"":-19.9,""pitch_deg"":28.6,""steady"":true}"
48.765,right_hand,og,acc,2400229,"{""seq"":2368,""x_mg"":324,""y_mg"":-504,""z_mg"":864}"
48.765,right_hand,og,tilt,,"{""roll_deg"":-20.4,""pitch_deg"":28.0,""steady"":true}"
48.796,right_hand,og,acc,2400249,"{""seq"":2369,""x_mg"":344,""y_mg"":-740,""z_mg"":868}"
48.796,right_hand,og,tilt,,"{""roll_deg"":-20.9,""pitch_deg"":28.0,""steady"":true}"
48.828,right_hand,og,acc,2400270,"{""seq"":2370,""x_mg"":380,""y_mg"":-708,""z_mg"":800}"
48.828,right_hand,og,tilt,,"{""roll_deg"":-24.6,""pitch_deg"":28.0,""steady"":true}"
48.828,right_hand,og,acc,2400290,"{""seq"":2371,""x_mg"":380,""y_mg"":-636,""z_mg"":732}"
48.828,right_hand,og,tilt,,"{""roll_deg"":-28.1,""pitch_deg"":28.0,""steady"":true}"
48.859,right_hand,og,acc,2400311,"{""seq"":2372,""x_mg"":352,""y_mg"":-480,""z_mg"":728}"
48.859,right_hand,og,tilt,,"{""roll_deg"":-30.5,""pitch_deg"":28.3,""steady"":true}"
48.875,right_hand,og,acc,2400331,"{""seq"":2373,""x_mg"":392,""y_mg"":-592,""z_mg"":756}"
48.875,right_hand,og,tilt,,"{""roll_deg"":-31.1,""pitch_deg"":28.6,""steady"":true}"
48.906,right_hand,og,acc,2400352,"{""seq"":2374,""x_mg"":372,""y_mg"":-472,""z_mg"":708}"
48.906,right_hand,og,tilt,,"{""roll_deg"":-31.1,""pitch_deg"":29.2,""steady"":true}"
48.906,right_hand,og,acc,2400373,"{""seq"":2375,""x_mg"":376,""y_mg"":-452,""z_mg"":736}"
48.906,right_hand,og,tilt,,"{""roll_deg"":-30.5,""pitch_deg"":30.1,""steady"":true}"
48.937,right_hand,og,acc,2400393,"{""seq"":2376,""x_mg"":424,""y_mg"":-532,""z_mg"":728}"
48.937,right_hand,og,tilt,,"{""roll_deg"":-30.2,""pitch_deg"":30.9,""steady"":true}"
48.968,right_hand,og,acc,2400414,"{""seq"":2377,""x_mg"":328,""y_mg"":-532,""z_mg"":704}"
48.968,right_hand,og,tilt,,"{""roll_deg"":-30.2,""pitch_deg"":31.6,""steady"":true}"
48.968,right_hand,og,acc,2400434,"{""seq"":2378,""x_mg"":308,""y_mg"":-348,""z_mg"":780}"
48.968,right_hand,og,tilt,,"{""roll_deg"":-30.2,""pitch_deg"":31.6,""steady"":true}"
49.000,right_hand,og,acc,2400455,"{""seq"":2379,""x_mg"":344,""y_mg"":-404,""z_mg"":880}"
49.000,right_hand,og,tilt,,"{""roll_deg"":-29.6,""pitch_deg"":31.6,""steady"":true}"
49.031,right_hand,og,acc,2400475,"{""seq"":2380,""x_mg"":364,""y_mg"":-528,""z_mg"":940}"
49.031,right_hand,og,tilt,,"{""roll_deg"":-28.5,""pitch_deg"":31.6,""steady"":true}"
49.031,right_hand,og,acc,2400496,"{""seq"":2381,""x_mg"":376,""y_mg"":-508,""z_mg"":848}"
49.031,right_hand,og,tilt,,"{""roll_deg"":-28.1,""pitch_deg"":31.6,""steady"":true}"
49.062,right_hand,og,acc,2400517,"{""seq"":2382,""x_mg"":312,""y_mg"":-496,""z_mg"":820}"
49.062,right_hand,og,tilt,,"{""roll_deg"":-27.9,""pitch_deg"":31.6,""steady"":true}"
49.093,right_hand,og,acc,2400537,"{""seq"":2383,""x_mg"":276,""y_mg"":-128,""z_mg"":896}"
49.093,right_hand,og,tilt,,"{""roll_deg"":-27.8,""pitch_deg"":31.5,""steady"":true}"
49.093,right_hand,og,acc,2400558,"{""seq"":2384,""x_mg"":332,""y_mg"":-372,""z_mg"":848}"
49.093,right_hand,og,tilt,,"{""roll_deg"":-26.2,""pitch_deg"":31.3,""steady"":true}"
49.109,right_hand,og,acc,2400578,"{""seq"":2385,""x_mg"":324,""y_mg"":-436,""z_mg"":860}"
49.109,right_hand,og,tilt,,"{""roll_deg"":-24.8,""pitch_deg"":31.2,""steady"":true}"
49.140,right_hand,og,acc,2400599,"{""seq"":2386,""x_mg"":324,""y_mg"":-456,""z_mg"":800}"
49.140,right_hand,og,tilt,,"{""roll_deg"":-24.5,""pitch_deg"":31.1,""steady"":true}"
49.171,right_hand,og,acc,2400619,"{""seq"":2387,""x_mg"":360,""y_mg"":-504,""z_mg"":828}"
49.171,right_hand,og,tilt,,"{""roll_deg"":-24.5,""pitch_deg"":31.1,""steady"":true}"
49.171,right_hand,og,acc,2400640,"{""seq"":2388,""x_mg"":332,""y_mg"":-420,""z_mg"":844}"
49.171,right_hand,og,tilt,,"{""roll_deg"":-24.5,""pitch_deg"":31.1,""steady"":true}"
49.203,right_hand,og,acc,2400660,"{""seq"":2389,""x_mg"":308,""y_mg"":-476,""z_mg"":856}"
49.203,right_hand,og,tilt,,"{""roll_deg"":-24.5,""pitch_deg"":31.0,""steady"":true}"
49.234,right_hand,og,acc,2400681,"{""seq"":2390,""x_mg"":336,""y_mg"":-416,""z_mg"":856}"
49.234,right_hand,og,tilt,,"{""roll_deg"":-24.5,""pitch_deg"":31.0,""steady"":true}"
49.234,right_hand,og,acc,2400702,"{""seq"":2391,""x_mg"":344,""y_mg"":-408,""z_mg"":816}"
49.234,right_hand,og,tilt,,"{""roll_deg"":-24.5,""pitch_deg"":31.0,""steady"":true}"
49.265,right_hand,og,acc,2400722,"{""seq"":2392,""x_mg"":348,""y_mg"":-408,""z_mg"":860}"
49.265,right_hand,og,tilt,,"{""roll_deg"":-24.2,""pitch_deg"":31.0,""steady"":true}"
49.265,right_hand,og,acc,2400743,"{""seq"":2393,""x_mg"":340,""y_mg"":-412,""z_mg"":908}"
49.265,right_hand,og,tilt,,"{""roll_deg"":-23.8,""pitch_deg"":31.0,""steady"":true}"
49.296,right_hand,og,acc,2400763,"{""seq"":2394,""x_mg"":300,""y_mg"":-356,""z_mg"":896}"
49.296,right_hand,og,tilt,,"{""roll_deg"":-23.3,""pitch_deg"":31.0,""steady"":true}"
49.312,right_hand,og,acc,2400784,"{""seq"":2395,""x_mg"":300,""y_mg"":-372,""z_mg"":896}"
49.312,right_hand,og,tilt,,"{""roll_deg"":-22.5,""pitch_deg"":30.7,""steady"":true}"
49.343,right_hand,og,acc,2400804,"{""seq"":2396,""x_mg"":316,""y_mg"":-384,""z_mg"":900}"
49.343,right_hand,og,tilt,,"{""roll_deg"":-21.9,""pitch_deg"":30.5,""steady"":true}"
49.390,right_hand,og,acc,2400825,"{""seq"":2397,""x_mg"":328,""y_mg"":-384,""z_mg"":884}"
49.390,right_hand,og,tilt,,"{""roll_deg"":-21.5,""pitch_deg"":30.3,""steady"":true}"
49.390,right_hand,og,acc,2400846,"{""seq"":2398,""x_mg"":336,""y_mg"":-408,""z_mg"":868}"
49.390,right_hand,og,tilt,,"{""roll_deg"":-21.3,""pitch_deg"":30.3,""steady"":true}"
49.421,right_hand,og,acc,2400866,"{""seq"":2399,""x_mg"":328,""y_mg"":-396,""z_mg"":872}"
49.421,right_hand,og,tilt,,"{""roll_deg"":-21.3,""pitch_deg"":30.3,""steady"":true}"
49.421,right_hand,og,acc,2400887,"{""seq"":2400,""x_mg"":336,""y_mg"":-388,""z_mg"":840}"
49.421,right_hand,og,tilt,,"{""roll_deg"":-21.3,""pitch_deg"":30.3,""steady"":true}"
49.453,right_hand,og,acc,2400907,"{""seq"":2401,""x_mg"":340,""y_mg"":-400,""z_mg"":816}"
49.453,right_hand,og,tilt,,"{""roll_deg"":-21.3,""pitch_deg"":30.3,""steady"":true}"
49.484,right_hand,og,acc,2400928,"{""seq"":2402,""x_mg"":364,""y_mg"":-452,""z_mg"":804}"
49.484,right_hand,og,tilt,,"{""roll_deg"":-21.3,""pitch_deg"":30.3,""steady"":true}"
49.484,right_hand,og,acc,2400948,"{""seq"":2403,""x_mg"":348,""y_mg"":-392,""z_mg"":784}"
49.484,right_hand,og,tilt,,"{""roll_deg"":-21.3,""pitch_deg"":30.3,""steady"":true}"
49.500,right_hand,og,acc,2400969,"{""seq"":2404,""x_mg"":324,""y_mg"":-464,""z_mg"":840}"
49.500,right_hand,og,tilt,,"{""roll_deg"":-21.3,""pitch_deg"":30.3,""steady"":true}"
49.546,right_hand,og,acc,2400990,"{""seq"":2405,""x_mg"":372,""y_mg"":-400,""z_mg"":840}"
49.546,right_hand,og,tilt,,"{""roll_deg"":-21.3,""pitch_deg"":30.4,""steady"":true}"
49.546,right_hand,og,acc,2401010,"{""seq"":2406,""x_mg"":348,""y_mg"":-352,""z_mg"":860}"
49.546,right_hand,og,tilt,,"{""roll_deg"":-21.3,""pitch_deg"":30.5,""steady"":true}"
49.578,right_hand,og,acc,2401031,"{""seq"":2407,""x_mg"":344,""y_mg"":-372,""z_mg"":912}"
49.578,right_hand,og,tilt,,"{""roll_deg"":-21.3,""pitch_deg"":30.6,""steady"":true}"
49.609,right_hand,og,acc,2401051,"{""seq"":2408,""x_mg"":316,""y_mg"":-352,""z_mg"":940}"
49.609,right_hand,og,tilt,,"{""roll_deg"":-21.3,""pitch_deg"":30.6,""steady"":true}"
49.609,right_hand,og,acc,2401072,"{""seq"":2409,""x_mg"":332,""y_mg"":-372,""z_mg"":944}"
49.609,right_hand,og,tilt,,"{""roll_deg"":-21.0,""pitch_deg"":30.6,""steady"":true}"
49.640,right_hand,og,acc,2401092,"{""seq"":2410,""x_mg"":312,""y_mg"":-356,""z_mg"":920}"
49.640,right_hand,og,tilt,,"{""roll_deg"":-20.6,""pitch_deg"":30.6,""steady"":true}"
49.671,right_hand,og,acc,2401113,"{""seq"":2411,""x_mg"":316,""y_mg"":-344,""z_mg"":912}"
49.671,right_hand,og,tilt,,"{""roll_deg"":-20.2,""pitch_deg"":30.6,""steady"":true}"
49.671,right_hand,og,acc,2401133,"{""seq"":2412,""x_mg"":324,""y_mg"":-368,""z_mg"":908}"
49.671,right_hand,og,tilt,,"{""roll_deg"":-19.9,""pitch_deg"":30.6,""steady"":true}"
49.703,right_hand,og,acc,2401154,"{""seq"":2413,""x_mg"":316,""y_mg"":-392,""z_mg"":868}"
49.703,right_hand,og,tilt,,"{""roll_deg"":-19.8,""pitch_deg"":30.6,""steady"":true}"
49.734,right_hand,og,acc,2401175,"{""seq"":2414,""x_mg"":344,""y_mg"":-380,""z_mg"":856}"
49.734,right_hand,og,tilt,,"{""roll_deg"":-19.8,""pitch_deg"":30.5,""steady"":true}"
49.734,right_hand,og,acc,2401195,"{""seq"":2415,""x_mg"":332,""y_mg"":-388,""z_mg"":844}"
49.734,right_hand,og,tilt,,"{""roll_deg"":-19.8,""pitch_deg"":30.5,""steady"":true}"
49.765,right_hand,og,acc,2401216,"{""seq"":2416,""x_mg"":336,""y_mg"":-360,""z_mg"":824}"
49.765,right_hand,og,tilt,,"{""roll_deg"":-19.8,""pitch_deg"":30.5,""steady"":true}"
49.765,right_hand,og,acc,2401236,"{""seq"":2417,""x_mg"":336,""y_mg"":-368,""z_mg"":824}"
49.765,right_hand,og,tilt,,"{""roll_deg"":-19.8,""pitch_deg"":30.5,""steady"":true}"
49.796,right_hand,og,acc,2401257,"{""seq"":2418,""x_mg"":332,""y_mg"":-420,""z_mg"":820}"
49.796,right_hand,og,tilt,,"{""roll_deg"":-19.8,""pitch_deg"":30.5,""steady"":true}"
49.828,right_hand,og,acc,2401277,"{""seq"":2419,""x_mg"":372,""y_mg"":-428,""z_mg"":816}"
49.828,right_hand,og,tilt,,"{""roll_deg"":-19.8,""pitch_deg"":30.5,""steady"":true}"
49.828,right_hand,og,acc,2401298,"{""seq"":2420,""x_mg"":380,""y_mg"":-444,""z_mg"":832}"
49.828,right_hand,og,tilt,,"{""roll_deg"":-20.1,""pitch_deg"":30.5,""steady"":true}"
49.859,right_hand,og,acc,2401319,"{""seq"":2421,""x_mg"":352,""y_mg"":-416,""z_mg"":848}"
49.859,right_hand,og,tilt,,"{""roll_deg"":-20.5,""pitch_deg"":30.6,""steady"":true}"
49.890,right_hand,og,acc,2401339,"{""seq"":2422,""x_mg"":340,""y_mg"":-416,""z_mg"":868}"
49.890,right_hand,og,tilt,,"{""roll_deg"":-20.7,""pitch_deg"":30.7,""steady"":true}"
49.890,right_hand,og,acc,2401360,"{""seq"":2423,""x_mg"":360,""y_mg"":-392,""z_mg"":848}"
49.890,right_hand,og,tilt,,"{""roll_deg"":-20.8,""pitch_deg"":30.7,""steady"":true}"
49.921,right_hand,og,acc,2401380,"{""seq"":2424,""x_mg"":336,""y_mg"":-476,""z_mg"":864}"
49.921,right_hand,og,tilt,,"{""roll_deg"":-20.9,""pitch_deg"":30.7,""steady"":true}"
49.953,right_hand,og,acc,2401401,"{""seq"":2425,""x_mg"":308,""y_mg"":-468,""z_mg"":896}"
49.953,right_hand,og,tilt,,"{""roll_deg"":-21.4,""pitch_deg"":30.7,""steady"":true}"
49.953,right_hand,og,acc,2401421,"{""seq"":2426,""x_mg"":292,""y_mg"":-400,""z_mg"":924}"
49.953,right_hand,og,tilt,,"{""roll_deg"":-21.8,""pitch_deg"":30.7,""steady"":true}"
49.984,,game,miss,,"{""n"":22,""speed"":0.2}"
49.984,right_hand,og,acc,2401442,"{""seq"":2427,""x_mg"":320,""y_mg"":-276,""z_mg"":848}"
49.984,right_hand,og,tilt,,"{""roll_deg"":-21.8,""pitch_deg"":30.7,""steady"":true}"
49.984,right_hand,og,acc,2401463,"{""seq"":2428,""x_mg"":356,""y_mg"":-396,""z_mg"":860}"
49.984,right_hand,og,tilt,,"{""roll_deg"":-21.8,""pitch_deg"":30.7,""steady"":true}"
50.015,right_hand,og,acc,2401483,"{""seq"":2429,""x_mg"":324,""y_mg"":-436,""z_mg"":892}"
50.015,right_hand,og,tilt,,"{""roll_deg"":-21.8,""pitch_deg"":30.7,""steady"":true}"
50.062,right_hand,og,acc,2401504,"{""seq"":2430,""x_mg"":340,""y_mg"":-412,""z_mg"":860}"
50.062,right_hand,og,tilt,,"{""roll_deg"":-21.8,""pitch_deg"":30.7,""steady"":true}"
50.062,right_hand,og,acc,2401524,"{""seq"":2431,""x_mg"":352,""y_mg"":-412,""z_mg"":840}"
50.062,right_hand,og,tilt,,"{""roll_deg"":-21.8,""pitch_deg"":30.7,""steady"":true}"
50.093,right_hand,og,acc,2401545,"{""seq"":2432,""x_mg"":336,""y_mg"":-360,""z_mg"":808}"
50.093,right_hand,og,tilt,,"{""roll_deg"":-21.8,""pitch_deg"":30.7,""steady"":true}"
50.125,right_hand,og,acc,2401565,"{""seq"":2433,""x_mg"":384,""y_mg"":-364,""z_mg"":816}"
50.125,right_hand,og,tilt,,"{""roll_deg"":-21.8,""pitch_deg"":30.7,""steady"":true}"
50.125,right_hand,og,acc,2401586,"{""seq"":2434,""x_mg"":376,""y_mg"":-436,""z_mg"":856}"
50.125,right_hand,og,tilt,,"{""roll_deg"":-21.8,""pitch_deg"":30.7,""steady"":true}"
50.156,right_hand,og,acc,2401607,"{""seq"":2435,""x_mg"":364,""y_mg"":-448,""z_mg"":868}"
50.156,right_hand,og,tilt,,"{""roll_deg"":-21.8,""pitch_deg"":30.7,""steady"":true}"
50.187,right_hand,og,acc,2401627,"{""seq"":2436,""x_mg"":348,""y_mg"":-368,""z_mg"":836}"
50.187,right_hand,og,tilt,,"{""roll_deg"":-21.8,""pitch_deg"":30.7,""steady"":true}"
50.187,right_hand,og,acc,2401648,"{""seq"":2437,""x_mg"":356,""y_mg"":-404,""z_mg"":820}"
50.187,right_hand,og,tilt,,"{""roll_deg"":-21.8,""pitch_deg"":30.8,""steady"":true}"
50.218,right_hand,og,acc,2401668,"{""seq"":2438,""x_mg"":340,""y_mg"":-452,""z_mg"":852}"
50.218,right_hand,og,tilt,,"{""roll_deg"":-21.8,""pitch_deg"":30.8,""steady"":true}"
50.250,right_hand,og,acc,2401689,"{""seq"":2439,""x_mg"":360,""y_mg"":-428,""z_mg"":856}"
50.250,right_hand,og,tilt,,"{""roll_deg"":-21.8,""pitch_deg"":30.9,""steady"":true}"
50.250,right_hand,og,acc,2401709,"{""seq"":2440,""x_mg"":332,""y_mg"":-428,""z_mg"":856}"
50.250,right_hand,og,tilt,,"{""roll_deg"":-21.8,""pitch_deg"":30.9,""steady"":true}"
50.281,right_hand,og,acc,2401730,"{""seq"":2441,""x_mg"":328,""y_mg"":-412,""z_mg"":860}"
50.281,right_hand,og,tilt,,"{""roll_deg"":-21.8,""pitch_deg"":30.9,""steady"":true}"
50.281,right_hand,og,acc,2401751,"{""seq"":2442,""x_mg"":320,""y_mg"":-364,""z_mg"":872}"
50.281,right_hand,og,tilt,,"{""roll_deg"":-21.8,""pitch_deg"":30.9,""steady"":true}"
50.312,right_hand,og,acc,2401771,"{""seq"":2443,""x_mg"":328,""y_mg"":-276,""z_mg"":872}"
50.312,right_hand,og,tilt,,"{""roll_deg"":-21.8,""pitch_deg"":30.9,""steady"":true}"
50.343,right_hand,og,acc,2401792,"{""seq"":2444,""x_mg"":324,""y_mg"":-248,""z_mg"":892}"
50.343,right_hand,og,tilt,,"{""roll_deg"":-21.2,""pitch_deg"":30.9,""steady"":true}"
50.359,right_hand,og,acc,2401812,"{""seq"":2445,""x_mg"":344,""y_mg"":-296,""z_mg"":904}"
50.359,right_hand,og,tilt,,"{""roll_deg"":-20.0,""pitch_deg"":30.9,""steady"":true}"
50.390,right_hand,og,acc,2401833,"{""seq"":2446,""x_mg"":324,""y_mg"":-256,""z_mg"":872}"
50.390,right_hand,og,tilt,,"{""roll_deg"":-18.4,""pitch_deg"":30.9,""steady"":true}"
50.390,right_hand,og,acc,2401853,"{""seq"":2447,""x_mg"":340,""y_mg"":-336,""z_mg"":908}"
50.390,right_hand,og,tilt,,"{""roll_deg"":-17.7,""pitch_deg"":30.9,""steady"":true}"
50.421,right_hand,og,acc,2401874,"{""seq"":2448,""x_mg"":324,""y_mg"":-348,""z_mg"":916}"
50.421,right_hand,og,tilt,,"{""roll_deg"":-17.6,""pitch_deg"":30.9,""steady"":true}"
50.421,right_hand,og,acc,2401895,"{""seq"":2449,""x_mg"":288,""y_mg"":-308,""z_mg"":932}"
50.421,right_hand,og,tilt,,"{""roll_deg"":-17.6,""pitch_deg"":30.9,""steady"":true}"
50.453,right_hand,og,acc,2401915,"{""seq"":2450,""x_mg"":292,""y_mg"":-312,""z_mg"":936}"
50.453,right_hand,og,tremor,,"{""rms_mg"":86.2,""peak_hz"":9.5}"
50.453,right_hand,og,tilt,,"{""roll_deg"":-17.2,""pitch_deg"":30.6,""steady"":true}"
50.484,right_hand,og,acc,2401936,"{""seq"":2451,""x_mg"":296,""y_mg"":-324,""z_mg"":924}"
50.484,right_hand,og,tilt,,"{""roll_deg"":-16.9,""pitch_deg"":30.2,""steady"":true}"
50.484,right_hand,og,acc,2401956,"{""seq"":2452,""x_mg"":292,""y_mg"":-152,""z_mg"":924}"
50.484,right_hand,og,tilt,,"{""roll_deg"":-16.7,""pitch_deg"":29.9,""steady"":true}"
50.515,right_hand,og,acc,2401977,"{""seq"":2453,""x_mg"":308,""y_mg"":-24,""z_mg"":940}"
50.515,right_hand,og,tilt,,"{""roll_deg"":-14.1,""pitch_deg"":29.7,""steady"":true}"
50.531,right_hand,og,acc,2401997,"{""seq"":2454,""x_mg"":304,""y_mg"":-60,""z_mg"":976}"
50.531,right_hand,og,tilt,,"{""roll_deg"":-9.9,""pitch_deg"":29.5,""steady"":true}"
50.562,right_hand,og,acc,2402018,"{""seq"":2455,""x_mg"":316,""y_mg"":-112,""z_mg"":920}"
50.562,right_hand,og,tilt,,"{""roll_deg"":-6.8,""pitch_deg"":29.5,""steady"":true}"
50.593,right_hand,og,acc,2402038,"{""seq"":2456,""x_mg"":280,""y_mg"":-24,""z_mg"":840}"
50.593,right_hand,og,tilt,,"{""roll_deg"":-4.9,""pitch_deg"":29.5,""steady"":true}"
50.593,right_hand,og,acc,2402059,"{""seq"":2457,""x_mg"":236,""y_mg"":160,""z_mg"":800}"
50.593,right_hand,og,tilt,,"{""roll_deg"":-3.0,""pitch_deg"":29.5,""steady"":true}"
50.625,right_hand,og,acc,2402080,"{""seq"":2458,""x_mg"":240,""y_mg"":184,""z_mg"":876}"
50.625,right_hand,og,tilt,,"{""roll_deg"":3.9,""pitch_deg"":29.3,""steady"":true}"
50.625,right_hand,og,acc,2402100,"{""seq"":2459,""x_mg"":244,""y_mg"":220,""z_mg"":804}"
50.625,right_hand,og,tilt,,"{""roll_deg"":8.0,""pitch_deg"":29.0,""steady"":true}"
50.656,right_hand,og,acc,2402121,"{""seq"":2460,""x_mg"":176,""y_mg"":468,""z_mg"":728}"
50.656,right_hand,og,tilt,,"{""roll_deg"":11.9,""pitch_deg"":28.6,""steady"":true}"
50.687,right_hand,og,acc,2402141,"{""seq"":2461,""x_mg"":136,""y_mg"":680,""z_mg"":740}"
50.687,right_hand,og,tilt,,"{""roll_deg"":23.1,""pitch_deg"":27.4,""steady"":true}"
50.687,right_hand,og,acc,2402162,"{""seq"":2462,""x_mg"":116,""y_mg"":760,""z_mg"":768}"
50.687,right_hand,og,tilt,,"{""roll_deg"":34.7,""pitch_deg"":25.1,""steady"":true}"
50.718,right_hand,og,acc,2402182,"{""seq"":2463,""x_mg"":136,""y_mg"":748,""z_mg"":776}"
50.718,right_hand,og,tilt,,"{""roll_deg"":40.5,""pitch_deg"":23.2,""steady"":true}"
50.750,right_hand,og,acc,2402203,"{""seq"":2464,""x_mg"":172,""y_mg"":612,""z_mg"":756}"
50.750,right_hand,og,tilt,,"{""roll_deg"":43.1,""pitch_deg"":21.7,""steady"":true}"
50.750,right_hand,og,acc,2402224,"{""seq"":2465,""x_mg"":156,""y_mg"":536,""z_mg"":752}"
50.750,right_hand,og,tilt,,"{""roll_deg"":42.3,""pitch_deg"":21.5,""steady"":true}"
50.765,right_hand,og,acc,2402244,"{""seq"":2466,""x_mg"":152,""y_mg"":628,""z_mg"":732}"
50.765,right_hand,og,tilt,,"{""roll_deg"":41.6,""pitch_deg"":21.4,""steady"":true}"
50.812,right_hand,og,acc,2402265,"{""seq"":2467,""x_mg"":88,""y_mg"":776,""z_mg"":712}"
50.812,right_hand,og,tilt,,"{""roll_deg"":41.6,""pitch_deg"":21.1,""steady"":true}"
50.843,right_hand,og,acc,2402285,"{""seq"":2468,""x_mg"":52,""y_mg"":760,""z_mg"":712}"
50.843,right_hand,og,tilt,,"{""roll_deg"":44.5,""pitch_deg"":19.7,""steady"":true}"
50.843,right_hand,og,acc,2402306,"{""seq"":2469,""x_mg"":108,""y_mg"":740,""z_mg"":676}"
50.843,right_hand,og,tilt,,"{""roll_deg"":46.5,""pitch_deg"":18.7,""steady"":true}"
50.875,right_hand,og,acc,2402326,"{""seq"":2470,""x_mg"":68,""y_mg"":752,""z_mg"":640}"
50.875,right_hand,og,tilt,,"{""roll_deg"":47.5,""pitch_deg"":17.7,""steady"":true}"
50.906,right_hand,og,acc,2402347,"{""seq"":2471,""x_mg"":80,""y_mg"":728,""z_mg"":616}"
50.906,right_hand,og,tilt,,"{""roll_deg"":49.1,""pitch_deg"":17.2,""steady"":true}"
50.906,right_hand,og,acc,2402368,"{""seq"":2472,""x_mg"":116,""y_mg"":648,""z_mg"":632}"
50.906,right_hand,og,tilt,,"{""roll_deg"":49.9,""pitch_deg"":16.9,""steady"":true}"
50.937,right_hand,og,acc,2402388,"{""seq"":2473,""x_mg"":148,""y_mg"":596,""z_mg"":636}"
50.937,right_hand,og,tilt,,"{""roll_deg"":49.6,""pitch_deg"":16.9,""steady"":true}"
50.968,right_hand,og,acc,2402409,"{""seq"":2474,""x_mg"":136,""y_mg"":628,""z_mg"":644}"
50.968,right_hand,og,tilt,,"{""roll_deg"":48.5,""pitch_deg"":17.1,""steady"":true}"
50.968,right_hand,og,acc,2402429,"{""seq"":2475,""x_mg"":108,""y_mg"":736,""z_mg"":676}"
50.968,right_hand,og,tilt,,"{""roll_deg"":47.9,""pitch_deg"":17.4,""steady"":true}"
51.000,right_hand,og,acc,2402450,"{""seq"":2476,""x_mg"":96,""y_mg"":788,""z_mg"":696}"
51.000,right_hand,og,tilt,,"{""roll_deg"":47.9,""pitch_deg"":17.4,""steady"":true}"
51.031,right_hand,og,acc,2402470,"{""seq"":2477,""x_mg"":80,""y_mg"":748,""z_mg"":704}"
51.031,right_hand,og,tilt,,"{""roll_deg"":47.9,""pitch_deg"":17.4,""steady"":true}"
51.031,right_hand,og,acc,2402491,"{""seq"":2478,""x_mg"":92,""y_mg"":724,""z_mg"":692}"
51.031,right_hand,og,tilt,,"{""roll_deg"":48.0,""pitch_deg"":17.4,""steady"":true}"
51.062,right_hand,og,acc,2402511,"{""seq"":2479,""x_mg"":88,""y_mg"":704,""z_mg"":680}"
51.062,right_hand,og,tilt,,"{""roll_deg"":48.0,""pitch_deg"":17.4,""steady"":true}"
51.062,right_hand,og,acc,2402532,"{""seq"":2480,""x_mg"":52,""y_mg"":784,""z_mg"":632}"
51.062,right_hand,og,tilt,,"{""roll_deg"":48.0,""pitch_deg"":17.3,""steady"":true}"
51.093,right_hand,og,acc,2402553,"{""seq"":2481,""x_mg"":60,""y_mg"":792,""z_mg"":636}"
51.093,right_hand,og,tilt,,"{""roll_deg"":49.0,""pitch_deg"":16.8,""steady"":true}"
51.125,right_hand,og,acc,2402573,"{""seq"":2482,""x_mg"":80,""y_mg"":696,""z_mg"":624}"
51.125,right_hand,og,tilt,,"{""roll_deg"":49.9,""pitch_deg"":16.5,""steady"":true}"
51.125,right_hand,og,acc,2402594,"{""seq"":2483,""x_mg"":96,""y_mg"":700,""z_mg"":620}"
51.125,right_hand,og,tilt,,"{""roll_deg"":49.9,""pitch_deg"":16.4,""steady"":true}"
51.156,right_hand,og,acc,2402614,"{""seq"":2484,""x_mg"":92,""y_mg"":688,""z_mg"":624}"
51.156,right_hand,og,tilt,,"{""roll_deg"":49.9,""pitch_deg"":16.4,""steady"":true}"
51.187,right_hand,og,acc,2402635,"{""seq"":2485,""x_mg"":96,""y_mg"":708,""z_mg"":608}"
51.187,right_hand,og,tilt,,"{""roll_deg"":49.9,""pitch_deg"":16.4,""steady"":true}"
51.187,right_hand,og,acc,2402655,"{""seq"":2486,""x_mg"":88,""y_mg"":716,""z_mg"":624}"
51.187,right_hand,og,tilt,,"{""roll_deg"":49.9,""pitch_deg"":16.4,""steady"":true}"
51.218,right_hand,og,acc,2402676,"{""seq"":2487,""x_mg"":96,""y_mg"":708,""z_mg"":648}"
51.218,right_hand,og,tilt,,"{""roll_deg"":50.0,""pitch_deg"":16.4,""steady"":true}"
51.250,right_hand,og,acc,2402697,"{""seq"":2488,""x_mg"":84,""y_mg"":696,""z_mg"":648}"
51.250,right_hand,og,tilt,,"{""roll_deg"":50.0,""pitch_deg"":16.4,""steady"":true}"
51.250,right_hand,og,acc,2402717,"{""seq"":2489,""x_mg"":84,""y_mg"":688,""z_mg"":652}"
51.250,right_hand,og,tilt,,"{""roll_deg"":50.0,""pitch_deg"":16.4,""steady"":true}"
51.281,right_hand,og,acc,2402738,"{""seq"":2490,""x_mg"":68,""y_mg"":704,""z_mg"":676}"
51.281,right_hand,og,tilt,,"{""roll_deg"":50.0,""pitch_deg"":16.4,""steady"":true}"
51.281,right_hand,og,acc,2402758,"{""seq"":2491,""x_mg"":76,""y_mg"":692,""z_mg"":688}"
51.281,right_hand,og,tilt,,"{""roll_deg"":50.0,""pitch_deg"":16.4,""steady"":true}"
51.312,right_hand,og,acc,2402779,"{""seq"":2492,""x_mg"":80,""y_mg"":680,""z_mg"":684}"
51.312,right_hand,og,tilt,,"{""roll_deg"":49.9,""pitch_deg"":16.4,""steady"":true}"
51.359,right_hand,og,acc,2402799,"{""seq"":2493,""x_mg"":68,""y_mg"":684,""z_mg"":668}"
51.359,right_hand,og,tilt,,"{""roll_deg"":49.7,""pitch_deg"":16.4,""steady"":true}"
51.359,right_hand,og,acc,2402820,"{""seq"":2494,""x_mg"":88,""y_mg"":720,""z_mg"":660}"
51.359,right_hand,og,tilt,,"{""roll_deg"":49.5,""pitch_deg"":16.4,""steady"":true}"
51.375,right_hand,og,acc,2402841,"{""seq"":2495,""x_mg"":96,""y_mg"":736,""z_mg"":640}"
51.375,right_hand,og,tilt,,"{""roll_deg"":49.5,""pitch_deg"":16.4,""steady"":true}"
51.406,right_hand,og,acc,2402861,"{""seq"":2496,""x_mg"":80,""y_mg"":756,""z_mg"":632}"
51.406,right_hand,og,tilt,,"{""roll_deg"":49.5,""pitch_deg"":16.4,""steady"":true}"
51.437,right_hand,og,acc,2402882,"{""seq"":2497,""x_mg"":88,""y_mg"":744,""z_mg"":632}"
51.437,right_hand,og,tilt,,"{""roll_deg"":49.5,""pitch_deg"":16.4,""steady"":true}"
51.437,right_hand,og,acc,2402902,"{""seq"":2498,""x_mg"":96,""y_mg"":724,""z_mg"":628}"
51.437,right_hand,og,tilt,,"{""roll_deg"":49.5,""pitch_deg"":16.4,""steady"":true}"
51.468,right_hand,og,acc,2402923,"{""seq"":2499,""x_mg"":100,""y_mg"":724,""z_mg"":604}"
51.468,right_hand,og,tilt,,"{""roll_deg"":49.5,""pitch_deg"":16.4,""steady"":true}"
51.500,right_hand,og,acc,2402943,"{""seq"":2500,""x_mg"":96,""y_mg"":724,""z_mg"":616}"
51.500,right_hand,og,tilt,,"{""roll_deg"":49.6,""pitch_deg"":16.4,""steady"":true}"
51.500,right_hand,og,acc,2402964,"{""seq"":2501,""x_mg"":100,""y_mg"":732,""z_mg"":616}"
51.500,right_hand,og,tilt,,"{""roll_deg"":49.8,""pitch_deg"":16.4,""steady"":true}"
51.531,right_hand,og,acc,2402985,"{""seq"":2502,""x_mg"":88,""y_mg"":732,""z_mg"":628}"
51.531,right_hand,og,tilt,,"{""roll_deg"":50.0,""pitch_deg"":16.4,""steady"":true}"
51.562,right_hand,og,acc,2403005,"{""seq"":2503,""x_mg"":84,""y_mg"":720,""z_mg"":632}"
51.562,right_hand,og,tilt,,"{""roll_deg"":50.1,""pitch_deg"":16.4,""steady"":true}"
51.562,right_hand,og,acc,2403026,"{""seq"":2504,""x_mg"":84,""y_mg"":716,""z_mg"":632}"
51.562,right_hand,og,tilt,,"{""roll_deg"":50.1,""pitch_deg"":16.4,""steady"":true}"
51.593,right_hand,og,acc,2403046,"{""seq"":2505,""x_mg"":72,""y_mg"":680,""z_mg"":652}"
51.593,right_hand,og,tilt,,"{""roll_deg"":50.1,""pitch_deg"":16.4,""steady"":true}"
51.625,right_hand,og,acc,2403067,"{""seq"":2506,""x_mg"":136,""y_mg"":740,""z_mg"":656}"
51.625,right_hand,og,tilt,,"{""roll_deg"":50.1,""pitch_deg"":16.4,""steady"":true}"
51.625,right_hand,og,acc,2403087,"{""seq"":2507,""x_mg"":80,""y_mg"":664,""z_mg"":652}"
51.625,right_hand,og,tilt,,"{""roll_deg"":50.1,""pitch_deg"":16.4,""steady"":true}"
51.656,right_hand,og,acc,2403108,"{""seq"":2508,""x_mg"":112,""y_mg"":684,""z_mg"":652}"
51.656,right_hand,og,tilt,,"{""roll_deg"":50.1,""pitch_deg"":16.4,""steady"":true}"
51.656,right_hand,og,acc,2403129,"{""seq"":2509,""x_mg"":88,""y_mg"":700,""z_mg"":632}"
51.656,right_hand,og,tilt,,"{""roll_deg"":50.1,""pitch_deg"":16.4,""steady"":true}"
51.687,right_hand,og,acc,2403149,"{""seq"":2510,""x_mg"":100,""y_mg"":728,""z_mg"":616}"
51.687,right_hand,og,tilt,,"{""roll_deg"":50.1,""pitch_deg"":16.4,""steady"":true}"
51.718,right_hand,og,acc,2403170,"{""seq"":2511,""x_mg"":92,""y_mg"":740,""z_mg"":612}"
51.718,right_hand,og,tilt,,"{""roll_deg"":50.1,""pitch_deg"":16.4,""steady"":true}"
51.718,right_hand,og,acc,2403190,"{""seq"":2512,""x_mg"":84,""y_mg"":780,""z_mg"":600}"
51.718,right_hand,og,tilt,,"{""roll_deg"":50.1,""pitch_deg"":16.4,""steady"":true}"
51.750,right_hand,og,acc,2403211,"{""seq"":2513,""x_mg"":76,""y_mg"":780,""z_mg"":600}"
51.750,right_hand,og,tilt,,"{""roll_deg"":50.3,""pitch_deg"":16.4,""steady"":true}"
51.781,right_hand,og,acc,2403231,"{""seq"":2514,""x_mg"":96,""y_mg"":756,""z_mg"":600}"
51.781,right_hand,og,tilt,,"{""roll_deg"":50.8,""pitch_deg"":16.4,""steady"":true}"
51.781,right_hand,og,acc,2403252,"{""seq"":2515,""x_mg"":96,""y_mg"":740,""z_mg"":604}"
51.781,right_hand,og,tilt,,"{""roll_deg"":51.2,""pitch_deg"":16.4,""steady"":true}"
51.812,right_hand,og,acc,2403273,"{""seq"":2516,""x_mg"":80,""y_mg"":748,""z_mg"":604}"
51.812,right_hand,og,tilt,,"{""roll_deg"":51.4,""pitch_deg"":16.4,""steady"":true}"
51.843,right_hand,og,acc,2403293,"{""seq"":2517,""x_mg"":104,""y_mg"":744,""z_mg"":608}"
51.843,right_hand,og,tilt,,"{""roll_deg"":51.5,""pitch_deg"":16.4,""steady"":true}"
51.843,right_hand,og,acc,2403314,"{""seq"":2518,""x_mg"":80,""y_mg"":752,""z_mg"":600}"
51.843,right_hand,og,tilt,,"{""roll_deg"":51.7,""pitch_deg"":16.4,""steady"":true}"
51.875,right_hand,og,acc,2403334,"{""seq"":2519,""x_mg"":88,""y_mg"":744,""z_mg"":608}"
51.875,right_hand,og,tilt,,"{""roll_deg"":51.8,""pitch_deg"":16.4,""steady"":true}"
51.906,right_hand,og,acc,2403355,"{""seq"":2520,""x_mg"":92,""y_mg"":724,""z_mg"":624}"
51.906,right_hand,og,tilt,,"{""roll_deg"":51.8,""pitch_deg"":16.4,""steady"":true}"
51.906,right_hand,og,acc,2403375,"{""seq"":2521,""x_mg"":100,""y_mg"":704,""z_mg"":624}"
51.906,right_hand,og,tilt,,"{""roll_deg"":51.8,""pitch_deg"":16.4,""steady"":true}"
51.937,right_hand,og,acc,2403396,"{""seq"":2522,""x_mg"":104,""y_mg"":692,""z_mg"":644}"
51.937,right_hand,og,tilt,,"{""roll_deg"":51.8,""pitch_deg"":16.4,""steady"":true}"
51.968,right_hand,og,acc,2403416,"{""seq"":2523,""x_mg"":96,""y_mg"":716,""z_mg"":628}"
51.968,right_hand,og,tilt,,"{""roll_deg"":51.8,""pitch_deg"":16.4,""steady"":true}"
51.968,right_hand,og,acc,2403437,"{""seq"":2524,""x_mg"":88,""y_mg"":716,""z_mg"":632}"
51.968,right_hand,og,tilt,,"{""roll_deg"":51.8,""pitch_deg"":16.4,""steady"":true}"
51.984,right_hand,og,acc,2403458,"{""seq"":2525,""x_mg"":104,""y_mg"":720,""z_mg"":628}"
51.984,right_hand,og,tilt,,"{""roll_deg"":51.8,""pitch_deg"":16.4,""steady"":true}"
52.046,right_hand,og,acc,2403478,"{""seq"":2526,""x_mg"":84,""y_mg"":724,""z_mg"":636}"
52.046,right_hand,og,tilt,,"{""roll_deg"":51.8,""pitch_deg"":16.4,""steady"":true}"
52.046,right_hand,og,acc,2403499,"{""seq"":2527,""x_mg"":88,""y_mg"":728,""z_mg"":644}"
52.046,right_hand,og,tilt,,"{""roll_deg"":51.8,""pitch_deg"":16.4,""steady"":true}"
52.078,right_hand,og,acc,2403519,"{""seq"":2528,""x_mg"":72,""y_mg"":736,""z_mg"":620}"
52.078,right_hand,og,tilt,,"{""roll_deg"":51.7,""pitch_deg"":16.4,""steady"":true}"
52.078,right_hand,og,acc,2403540,"{""seq"":2529,""x_mg"":84,""y_mg"":756,""z_mg"":616}"
52.078,right_hand,og,tilt,,"{""roll_deg"":51.7,""pitch_deg"":16.4,""steady"":true}"
52.109,right_hand,og,acc,2403560,"{""seq"":2530,""x_mg"":96,""y_mg"":740,""z_mg"":612}"
52.109,right_hand,og,tilt,,"{""roll_deg"":51.7,""pitch_deg"":16.4,""steady"":true}"
52.140,right_hand,og,acc,2403581,"{""seq"":2531,""x_mg"":96,""y_mg"":736,""z_mg"":616}"
52.140,right_hand,og,tilt,,"{""roll_deg"":51.7,""pitch_deg"":16.4,""steady"":true}"
52.140,right_hand,og,acc,2403602,"{""seq"":2532,""x_mg"":96,""y_mg"":704,""z_mg"":608}"
52.140,right_hand,og,tilt,,"{""roll_deg"":51.7,""pitch_deg"":16.4,""steady"":true}"
52.171,right_hand,og,acc,2403622,"{""seq"":2533,""x_mg"":104,""y_mg"":732,""z_mg"":604}"
52.171,right_hand,og,tilt,,"{""roll_deg"":51.7,""pitch_deg"":16.4,""steady"":true}"
52.203,right_hand,og,acc,2403643,"{""seq"":2534,""x_mg"":92,""y_mg"":780,""z_mg"":588}"
52.203,right_hand,og,tilt,,"{""roll_deg"":51.7,""pitch_deg"":16.4,""steady"":true}"
52.203,right_hand,og,acc,2403663,"{""seq"":2535,""x_mg"":88,""y_mg"":780,""z_mg"":596}"
52.203,right_hand,og,tilt,,"{""roll_deg"":51.7,""pitch_deg"":16.4,""steady"":true}"
52.203,,game,miss,,"{""n"":23,""speed"":0.2}"
52.234,right_hand,og,acc,2403684,"{""seq"":2536,""x_mg"":88,""y_mg"":768,""z_mg"":616}"
52.234,right_hand,og,tilt,,"{""roll_deg"":51.8,""pitch_deg"":16.4,""steady"":true}"
52.265,right_hand,og,acc,2403704,"{""seq"":2537,""x_mg"":92,""y_mg"":720,""z_mg"":636}"
52.265,right_hand,og,tilt,,"{""roll_deg"":51.9,""pitch_deg"":16.4,""steady"":true}"
52.265,right_hand,og,acc,2403725,"{""seq"":2538,""x_mg"":84,""y_mg"":684,""z_mg"":648}"
52.265,right_hand,og,tilt,,"{""roll_deg"":51.9,""pitch_deg"":16.4,""steady"":true}"
52.296,right_hand,og,acc,2403746,"{""seq"":2539,""x_mg"":108,""y_mg"":680,""z_mg"":648}"
52.296,right_hand,og,tilt,,"{""roll_deg"":51.9,""pitch_deg"":16.4,""steady"":true}"
52.296,right_hand,og,acc,2403766,"{""seq"":2540,""x_mg"":92,""y_mg"":680,""z_mg"":656}"
52.296,right_hand,og,tilt,,"{""roll_deg"":51.8,""pitch_deg"":16.4,""steady"":true}"
52.328,right_hand,og,acc,2403787,"{""seq"":2541,""x_mg"":96,""y_mg"":708,""z_mg"":644}"
52.328,right_hand,og,tilt,,"{""roll_deg"":51.3,""pitch_deg"":16.4,""steady"":true}"
52.359,right_hand,og,acc,2403807,"{""seq"":2542,""x_mg"":80,""y_mg"":732,""z_mg"":644}"
52.359,right_hand,og,tilt,,"{""roll_deg"":51.1,""pitch_deg"":16.4,""steady"":true}"
52.359,right_hand,og,acc,2403828,"{""seq"":2543,""x_mg"":96,""y_mg"":768,""z_mg"":632}"
52.359,right_hand,og,tilt,,"{""roll_deg"":51.1,""pitch_deg"":16.4,""steady"":true}"
52.390,right_hand,og,acc,2403848,"{""seq"":2544,""x_mg"":52,""y_mg"":752,""z_mg"":624}"
52.390,right_hand,og,tilt,,"{""roll_deg"":51.1,""pitch_deg"":16.4,""steady"":true}"
52.406,right_hand,og,acc,2403869,"{""seq"":2545,""x_mg"":112,""y_mg"":744,""z_mg"":620}"
52.406,right_hand,og,tilt,,"{""roll_deg"":51.1,""pitch_deg"":16.4,""steady"":true}"
52.406,right_hand,og,acc,2403889,"{""seq"":2546,""x_mg"":108,""y_mg"":716,""z_mg"":632}"
52.406,right_hand,og,tilt,,"{""roll_deg"":51.1,""pitch_deg"":16.4,""steady"":true}"
52.437,right_hand,og,acc,2403910,"{""seq"":2547,""x_mg"":116,""y_mg"":704,""z_mg"":620}"
52.437,right_hand,og,tilt,,"{""roll_deg"":51.1,""pitch_deg"":16.4,""steady"":true}"
52.468,right_hand,og,acc,2403931,"{""seq"":2548,""x_mg"":132,""y_mg"":716,""z_mg"":604}"
52.468,right_hand,og,tremor,,"{""rms_mg"":58.9,""peak_hz"":5.5}"
52.468,right_hand,og,tilt,,"{""roll_deg"":51.1,""pitch_deg"":16.4,""steady"":true}"
52.500,right_hand,og,acc,2403951,"{""seq"":2549,""x_mg"":128,""y_mg"":736,""z_mg"":612}"
52.500,right_hand,og,tilt,,"{""roll_deg"":51.1,""pitch_deg"":16.5,""steady"":true}"
52.500,right_hand,og,acc,2403972,"{""seq"":2550,""x_mg"":104,""y_mg"":720,""z_mg"":608}"
52.500,right_hand,og,tilt,,"{""roll_deg"":51.1,""pitch_deg"":16.7,""steady"":true}"
52.531,right_hand,og,acc,2403992,"{""seq"":2551,""x_mg"":112,""y_mg"":728,""z_mg"":604}"
52.531,right_hand,og,tilt,,"{""roll_deg"":51.1,""pitch_deg"":16.8,""steady"":true}"
52.562,right_hand,og,acc,2404013,"{""seq"":2552,""x_mg"":100,""y_mg"":728,""z_mg"":612}"
52.562,right_hand,og,tilt,,"{""roll_deg"":51.1,""pitch_deg"":16.8,""steady"":true}"
52.562,right_hand,og,acc,2404033,"{""seq"":2553,""x_mg"":92,""y_mg"":700,""z_mg"":628}"
52.562,right_hand,og,tilt,,"{""roll_deg"":51.1,""pitch_deg"":16.8,""steady"":true}"
52.593,right_hand,og,acc,2404054,"{""seq"":2554,""x_mg"":72,""y_mg"":756,""z_mg"":628}"
52.593,right_hand,og,tilt,,"{""roll_deg"":51.1,""pitch_deg"":16.8,""steady"":true}"
52.625,right_hand,og,acc,2404075,"{""seq"":2555,""x_mg"":84,""y_mg"":764,""z_mg"":624}"
52.625,right_hand,og,tilt,,"{""roll_deg"":51.1,""pitch_deg"":16.8,""steady"":true}"
52.625,right_hand,og,acc,2404095,"{""seq"":2556,""x_mg"":84,""y_mg"":768,""z_mg"":628}"
52.625,right_hand,og,tilt,,"{""roll_deg"":51.1,""pitch_deg"":16.8,""steady"":true}"
52.656,right_hand,og,acc,2404116,"{""seq"":2557,""x_mg"":116,""y_mg"":664,""z_mg"":692}"
52.656,right_hand,og,tilt,,"{""roll_deg"":51.1,""pitch_deg"":16.8,""steady"":true}"
52.687,right_hand,og,acc,2404136,"{""seq"":2558,""x_mg"":156,""y_mg"":544,""z_mg"":696}"
52.687,right_hand,og,tilt,,"{""roll_deg"":51.1,""pitch_deg"":16.8,""steady"":true}"
52.718,right_hand,og,acc,2404157,"{""seq"":2559,""x_mg"":84,""y_mg"":624,""z_mg"":644}"
52.718,right_hand,og,tilt,,"{""roll_deg"":50.6,""pitch_deg"":16.8,""steady"":true}"
52.718,right_hand,og,acc,2404177,"{""seq"":2560,""x_mg"":84,""y_mg"":616,""z_mg"":640}"
52.718,right_hand,og,tilt,,"{""roll_deg"":49.8,""pitch_deg"":16.8,""steady"":true}"
52.750,right_hand,og,acc,2404198,"{""seq"":2561,""x_mg"":108,""y_mg"":708,""z_mg"":652}"
52.750,right_hand,og,tilt,,"{""roll_deg"":49.1,""pitch_deg"":16.8,""steady"":true}"
52.750,right_hand,og,acc,2404219,"{""seq"":2562,""x_mg"":92,""y_mg"":788,""z_mg"":604}"
52.750,right_hand,og,tilt,,"{""roll_deg"":49.1,""pitch_deg"":16.8,""steady"":true}"
52.781,right_hand,og,acc,2404239,"{""seq"":2563,""x_mg"":88,""y_mg"":796,""z_mg"":596}"
52.781,right_hand,og,tilt,,"{""roll_deg"":49.1,""pitch_deg"":16.8,""steady"":true}"
52.812,right_hand,og,acc,2404260,"{""seq"":2564,""x_mg"":76,""y_mg"":776,""z_mg"":612}"
52.812,right_hand,og,tilt,,"{""roll_deg"":49.3,""pitch_deg"":16.8,""steady"":true}"
52.812,right_hand,og,acc,2404280,"{""seq"":2565,""x_mg"":80,""y_mg"":708,""z_mg"":628}"
52.812,right_hand,og,tilt,,"{""roll_deg"":49.8,""pitch_deg"":16.8,""steady"":true}"
52.828,right_hand,og,acc,2404301,"{""seq"":2566,""x_mg"":88,""y_mg"":716,""z_mg"":664}"
52.828,right_hand,og,tilt,,"{""roll_deg"":49.8,""pitch_deg"":16.8,""steady"":true}"
52.859,right_hand,og,acc,2404321,"{""seq"":2567,""x_mg"":72,""y_mg"":760,""z_mg"":620}"
52.859,right_hand,og,tilt,,"{""roll_deg"":49.8,""pitch_deg"":16.8,""steady"":true}"
52.890,right_hand,og,acc,2404342,"{""seq"":2568,""x_mg"":60,""y_mg"":876,""z_mg"":600}"
52.890,right_hand,og,tilt,,"{""roll_deg"":50.1,""pitch_deg"":16.8,""steady"":true}"
52.921,right_hand,og,acc,2404363,"{""seq"":2569,""x_mg"":56,""y_mg"":852,""z_mg"":604}"
52.921,right_hand,og,tilt,,"{""roll_deg"":51.3,""pitch_deg"":16.5,""steady"":true}"
52.921,right_hand,og,acc,2404383,"{""seq"":2570,""x_mg"":76,""y_mg"":800,""z_mg"":628}"
52.921,right_hand,og,tilt,,"{""roll_deg"":52.3,""pitch_deg"":16.2,""steady"":true}"
52.953,right_hand,og,acc,2404404,"{""seq"":2571,""x_mg"":72,""y_mg"":776,""z_mg"":608}"
52.953,right_hand,og,tilt,,"{""roll_deg"":52.6,""pitch_deg"":16.1,""steady"":true}"
52.984,right_hand,og,acc,2404424,"{""seq"":2572,""x_mg"":76,""y_mg"":740,""z_mg"":588}"
52.984,right_hand,og,tilt,,"{""roll_deg"":52.7,""pitch_deg"":16.1,""steady"":true}"
52.984,right_hand,og,acc,2404445,"{""seq"":2573,""x_mg"":100,""y_mg"":744,""z_mg"":600}"
52.984,right_hand,og,tilt,,"{""roll_deg"":52.8,""pitch_deg"":16.0,""steady"":true}"
53.015,right_hand,og,acc,2404465,"{""seq"":2574,""x_mg"":100,""y_mg"":756,""z_mg"":608}"
53.015,right_hand,og,tilt,,"{""roll_deg"":52.8,""pitch_deg"":16.0,""steady"":true}"
53.015,right_hand,og,acc,2404486,"{""seq"":2575,""x_mg"":108,""y_mg"":748,""z_mg"":604}"
53.015,right_hand,og,tilt,,"{""roll_deg"":52.8,""pitch_deg"":16.0,""steady"":true}"
53.046,right_hand,og,acc,2404506,"{""seq"":2576,""x_mg"":116,""y_mg"":744,""z_mg"":596}"
53.046,right_hand,og,tilt,,"{""roll_deg"":52.8,""pitch_deg"":16.0,""steady"":true}"
53.062,right_hand,og,acc,2404527,"{""seq"":2577,""x_mg"":156,""y_mg"":660,""z_mg"":632}"
53.062,right_hand,og,tilt,,"{""roll_deg"":52.8,""pitch_deg"":16.0,""steady"":true}"
53.093,right_hand,og,acc,2404548,"{""seq"":2578,""x_mg"":144,""y_mg"":632,""z_mg"":624}"
53.093,right_hand,og,tilt,,"{""roll_deg"":52.8,""pitch_deg"":16.2,""steady"":true}"
53.125,right_hand,og,acc,2404568,"{""seq"":2579,""x_mg"":140,""y_mg"":680,""z_mg"":640}"
53.125,right_hand,og,tilt,,"{""roll_deg"":52.4,""pitch_deg"":16.8,""steady"":true}"
53.125,right_hand,og,acc,2404589,"{""seq"":2580,""x_mg"":104,""y_mg"":684,""z_mg"":652}"
53.125,right_hand,og,tilt,,"{""roll_deg"":51.8,""pitch_deg"":17.2,""steady"":true}"
53.156,right_hand,og,acc,2404609,"{""seq"":2581,""x_mg"":152,""y_mg"":652,""z_mg"":672}"
53.156,right_hand,og,tilt,,"{""roll_deg"":51.2,""pitch_deg"":17.5,""steady"":true}"
53.156,right_hand,og,acc,2404630,"{""seq"":2582,""x_mg"":168,""y_mg"":636,""z_mg"":664}"
53.156,right_hand,og,tilt,,"{""roll_deg"":50.1,""pitch_deg"":17.9,""steady"":true}"
53.187,right_hand,og,acc,2404650,"{""seq"":2583,""x_mg"":124,""y_mg"":636,""z_mg"":672}"
53.187,right_hand,og,tilt,,"{""roll_deg"":49.0,""pitch_deg"":18.3,""steady"":true}"
53.218,right_hand,og,acc,2404671,"{""seq"":2584,""x_mg"":124,""y_mg"":656,""z_mg"":696}"
53.218,right_hand,og,tilt,,"{""roll_deg"":48.0,""pitch_deg"":18.3,""steady"":true}"
53.218,right_hand,og,acc,2404692,"{""seq"":2585,""x_mg"":132,""y_mg"":684,""z_mg"":692}"
53.218,right_hand,og,tilt,,"{""roll_deg"":47.4,""pitch_deg"":18.3,""steady"":true}"
53.250,right_hand,og,acc,2404712,"{""seq"":2586,""x_mg"":124,""y_mg"":704,""z_mg"":720}"
53.250,right_hand,og,tilt,,"{""roll_deg"":47.1,""pitch_deg"":18.3,""steady"":true}"
53.265,right_hand,og,acc,2404733,"{""seq"":2587,""x_mg"":128,""y_mg"":684,""z_mg"":748}"
53.265,right_hand,og,tilt,,"{""roll_deg"":47.0,""pitch_deg"":18.3,""steady"":true}"
53.296,right_hand,og,acc,2404753,"{""seq"":2588,""x_mg"":120,""y_mg"":672,""z_mg"":708}"
53.296,right_hand,og,tilt,,"{""roll_deg"":46.7,""pitch_deg"":18.3,""steady"":true}"
53.296,right_hand,og,acc,2404774,"{""seq"":2589,""x_mg"":124,""y_mg"":668,""z_mg"":688}"
53.296,right_hand,og,tilt,,"{""roll_deg"":46.4,""pitch_deg"":18.3,""steady"":true}"
53.328,right_hand,og,acc,2404794,"{""seq"":2590,""x_mg"":140,""y_mg"":660,""z_mg"":680}"
53.328,right_hand,og,tilt,,"{""roll_deg"":46.3,""pitch_deg"":18.3,""steady"":true}"
53.375,right_hand,og,acc,2404815,"{""seq"":2591,""x_mg"":168,""y_mg"":660,""z_mg"":648}"
53.375,right_hand,og,tilt,,"{""roll_deg"":46.3,""pitch_deg"":18.3,""steady"":true}"
53.375,right_hand,og,acc,2404836,"{""seq"":2592,""x_mg"":172,""y_mg"":664,""z_mg"":620}"
53.375,right_hand,og,tilt,,"{""roll_deg"":46.3,""pitch_deg"":18.5,""steady"":true}"
53.406,right_hand,og,acc,2404856,"{""seq"":2593,""x_mg"":156,""y_mg"":680,""z_mg"":628}"
53.406,right_hand,og,tilt,,"{""roll_deg"":46.3,""pitch_deg"":18.9,""steady"":true}"
53.421,right_hand,og,acc,2404877,"{""seq"":2594,""x_mg"":160,""y_mg"":664,""z_mg"":640}"
53.421,right_hand,og,tilt,,"{""roll_deg"":46.3,""pitch_deg"":19.1,""steady"":true}"
53.453,right_hand,og,acc,2404897,"{""seq"":2595,""x_mg"":168,""y_mg"":684,""z_mg"":648}"
53.453,right_hand,og,tilt,,"{""roll_deg"":46.3,""pitch_deg"":19.3,""steady"":true}"
53.453,right_hand,og,acc,2404918,"{""seq"":2596,""x_mg"":160,""y_mg"":668,""z_mg"":672}"
53.453,right_hand,og,tilt,,"{""roll_deg"":46.3,""pitch_deg"":19.5,""steady"":true}"
53.484,right_hand,og,acc,2404938,"{""seq"":2597,""x_mg"":136,""y_mg"":708,""z_mg"":680}"
53.484,right_hand,og,tilt,,"{""roll_deg"":46.4,""pitch_deg"":19.6,""steady"":true}"
53.515,right_hand,og,acc,2404959,"{""seq"":2598,""x_mg"":108,""y_mg"":696,""z_mg"":676}"
53.515,right_hand,og,tilt,,"{""roll_deg"":46.4,""pitch_deg"":19.6,""steady"":true}"
53.515,right_hand,og,acc,2404980,"{""seq"":2599,""x_mg"":156,""y_mg"":668,""z_mg"":696}"
53.515,right_hand,og,tilt,,"{""roll_deg"":46.5,""pitch_deg"":19.6,""steady"":true}"
53.546,right_hand,og,acc,2405000,"{""seq"":2600,""x_mg"":160,""y_mg"":660,""z_mg"":712}"
53.546,right_hand,og,tilt,,"{""roll_deg"":46.5,""pitch_deg"":19.6,""steady"":true}"
53.578,right_hand,og,acc,2405021,"{""seq"":2601,""x_mg"":144,""y_mg"":664,""z_mg"":700}"
53.578,right_hand,og,tilt,,"{""roll_deg"":46.5,""pitch_deg"":19.6,""steady"":true}"
53.578,right_hand,og,acc,2405041,"{""seq"":2602,""x_mg"":124,""y_mg"":684,""z_mg"":680}"
53.578,right_hand,og,tilt,,"{""roll_deg"":46.5,""pitch_deg"":19.6,""steady"":true}"
53.609,right_hand,og,acc,2405062,"{""seq"":2603,""x_mg"":120,""y_mg"":720,""z_mg"":660}"
53.609,right_hand,og,tilt,,"{""roll_deg"":46.5,""pitch_deg"":19.6,""steady"":true}"
53.640,right_hand,og,acc,2405082,"{""seq"":2604,""x_mg"":132,""y_mg"":720,""z_mg"":660}"
53.640,right_hand,og,tilt,,"{""roll_deg"":46.5,""pitch_deg"":19.6,""steady"":true}"
53.640,right_hand,og,acc,2405103,"{""seq"":2605,""x_mg"":164,""y_mg"":692,""z_mg"":652}"
53.640,right_hand,og,tilt,,"{""roll_deg"":46.5,""pitch_deg"":19.6,""steady"":true}"
53.656,right_hand,og,acc,2405123,"{""seq"":2606,""x_mg"":188,""y_mg"":632,""z_mg"":632}"
53.656,right_hand,og,tilt,,"{""roll_deg"":46.5,""pitch_deg"":19.6,""steady"":true}"
53.687,right_hand,og,acc,2405144,"{""seq"":2607,""x_mg"":160,""y_mg"":608,""z_mg"":656}"
53.687,right_hand,og,tilt,,"{""roll_deg"":46.5,""pitch_deg"":19.6,""steady"":true}"
53.718,right_hand,og,acc,2405165,"{""seq"":2608,""x_mg"":168,""y_mg"":632,""z_mg"":672}"
53.718,right_hand,og,tilt,,"{""roll_deg"":46.5,""pitch_deg"":19.6,""steady"":true}"
53.718,right_hand,og,acc,2405185,"{""seq"":2609,""x_mg"":168,""y_mg"":696,""z_mg"":624}"
53.718,right_hand,og,tilt,,"{""roll_deg"":46.5,""pitch_deg"":19.6,""steady"":true}"
53.750,right_hand,og,acc,2405206,"{""seq"":2610,""x_mg"":144,""y_mg"":680,""z_mg"":660}"
53.750,right_hand,og,tilt,,"{""roll_deg"":46.5,""pitch_deg"":19.8,""steady"":true}"
53.781,right_hand,og,acc,2405226,"{""seq"":2611,""x_mg"":140,""y_mg"":732,""z_mg"":676}"
53.781,right_hand,og,tilt,,"{""roll_deg"":46.5,""pitch_deg"":19.8,""steady"":true}"
53.781,right_hand,og,acc,2405247,"{""seq"":2612,""x_mg"":104,""y_mg"":748,""z_mg"":672}"
53.781,right_hand,og,tilt,,"{""roll_deg"":46.5,""pitch_deg"":19.8,""steady"":true}"
53.812,right_hand,og,acc,2405267,"{""seq"":2613,""x_mg"":120,""y_mg"":748,""z_mg"":644}"
53.812,right_hand,og,tilt,,"{""roll_deg"":46.8,""pitch_deg"":19.8,""steady"":true}"
53.812,right_hand,og,acc,2405288,"{""seq"":2614,""x_mg"":136,""y_mg"":744,""z_mg"":656}"
53.812,right_hand,og,tilt,,"{""roll_deg"":47.3,""pitch_deg"":19.8,""steady"":true}"
53.843,right_hand,og,acc,2405309,"{""seq"":2615,""x_mg"":132,""y_mg"":744,""z_mg"":640}"
53.843,right_hand,og,tilt,,"{""roll_deg"":47.8,""pitch_deg"":19.8,""steady"":true}"
53.859,right_hand,og,acc,2405329,"{""seq"":2616,""x_mg"":152,""y_mg"":684,""z_mg"":684}"
53.859,right_hand,og,tilt,,"{""roll_deg"":48.1,""pitch_deg"":19.8,""steady"":true}"
53.859,right_hand,og,acc,2405350,"{""seq"":2617,""x_mg"":160,""y_mg"":680,""z_mg"":676}"
53.859,right_hand,og,tilt,,"{""roll_deg"":48.1,""pitch_deg"":19.8,""steady"":true}"
53.906,right_hand,og,acc,2405370,"{""seq"":2618,""x_mg"":140,""y_mg"":692,""z_mg"":688}"
53.906,right_hand,og,tilt,,"{""roll_deg"":48.1,""pitch_deg"":19.8,""steady"":true}"
53.953,right_hand,og,acc,2405391,"{""seq"":2619,""x_mg"":120,""y_mg"":684,""z_mg"":692}"
53.953,right_hand,og,tilt,,"{""roll_deg"":48.1,""pitch_deg"":19.8,""steady"":true}"
53.953,right_hand,og,acc,2405411,"{""seq"":2620,""x_mg"":148,""y_mg"":716,""z_mg"":652}"
53.953,right_hand,og,tilt,,"{""roll_deg"":48.1,""pitch_deg"":19.8,""steady"":true}"
53.984,right_hand,og,acc,2405432,"{""seq"":2621,""x_mg"":148,""y_mg"":668,""z_mg"":672}"
53.984,right_hand,og,tilt,,"{""roll_deg"":48.1,""pitch_deg"":19.8,""steady"":true}"
54.015,right_hand,og,acc,2405453,"{""seq"":2622,""x_mg"":184,""y_mg"":692,""z_mg"":684}"
54.015,right_hand,og,tilt,,"{""roll_deg"":48.0,""pitch_deg"":19.8,""steady"":true}"
54.015,right_hand,og,acc,2405473,"{""seq"":2623,""x_mg"":148,""y_mg"":680,""z_mg"":712}"
54.015,right_hand,og,tilt,,"{""roll_deg"":47.9,""pitch_deg"":19.8,""steady"":true}"
54.046,right_hand,og,acc,2405494,"{""seq"":2624,""x_mg"":152,""y_mg"":656,""z_mg"":684}"
54.046,right_hand,og,tilt,,"{""roll_deg"":47.6,""pitch_deg"":19.8,""steady"":true}"
54.078,right_hand,og,acc,2405514,"{""seq"":2625,""x_mg"":164,""y_mg"":644,""z_mg"":692}"
54.078,right_hand,og,tilt,,"{""roll_deg"":47.3,""pitch_deg"":19.8,""steady"":true}"
54.078,right_hand,og,acc,2405535,"{""seq"":2626,""x_mg"":160,""y_mg"":616,""z_mg"":708}"
54.078,right_hand,og,tilt,,"{""roll_deg"":46.9,""pitch_deg"":19.8,""steady"":true}"
54.109,right_hand,og,acc,2405555,"{""seq"":2627,""x_mg"":148,""y_mg"":656,""z_mg"":672}"
54.109,right_hand,og,tilt,,"{""roll_deg"":46.5,""pitch_deg"":19.8,""steady"":true}"
54.109,right_hand,og,acc,2405576,"{""seq"":2628,""x_mg"":184,""y_mg"":676,""z_mg"":636}"
54.109,right_hand,og,tilt,,"{""roll_deg"":46.5,""pitch_deg"":19.8,""steady"":true}"
54.140,right_hand,og,acc,2405596,"{""seq"":2629,""x_mg"":196,""y_mg"":600,""z_mg"":704}"
54.140,right_hand,og,tilt,,"{""roll_deg"":46.4,""pitch_deg"":19.8,""steady"":true}"
54.171,right_hand,og,acc,2405617,"{""seq"":2630,""x_mg"":208,""y_mg"":588,""z_mg"":764}"
54.171,right_hand,og,tilt,,"{""roll_deg"":45.5,""pitch_deg"":20.1,""steady"":true}"
54.171,right_hand,og,acc,2405638,"{""seq"":2631,""x_mg"":164,""y_mg"":548,""z_mg"":724}"
54.171,right_hand,og,tilt,,"{""roll_deg"":44.0,""pitch_deg"":20.5,""steady"":true}"
54.203,right_hand,og,acc,2405658,"{""seq"":2632,""x_mg"":188,""y_mg"":580,""z_mg"":704}"
54.203,right_hand,og,tilt,,"{""roll_deg"":42.8,""pitch_deg"":20.8,""steady"":true}"
54.234,right_hand,og,acc,2405679,"{""seq"":2633,""x_mg"":176,""y_mg"":572,""z_mg"":768}"
54.234,right_hand,og,tilt,,"{""roll_deg"":41.7,""pitch_deg"":20.8,""steady"":true}"
54.234,right_hand,og,acc,2405699,"{""seq"":2634,""x_mg"":164,""y_mg"":592,""z_mg"":748}"
54.234,right_hand,og,tilt,,"{""roll_deg"":41.3,""pitch_deg"":20.9,""steady"":true}"
54.265,right_hand,og,acc,2405720,"{""seq"":2635,""x_mg"":184,""y_mg"":576,""z_mg"":712}"
54.265,right_hand,og,tilt,,"{""roll_deg"":41.0,""pitch_deg"":20.9,""steady"":true}"
54.281,right_hand,og,acc,2405740,"{""seq"":2636,""x_mg"":200,""y_mg"":588,""z_mg"":728}"
54.281,right_hand,og,tilt,,"{""roll_deg"":40.9,""pitch_deg"":21.0,""steady"":true}"
54.312,right_hand,og,acc,2405761,"{""seq"":2637,""x_mg"":188,""y_mg"":616,""z_mg"":716}"
54.312,right_hand,og,tilt,,"{""roll_deg"":40.8,""pitch_deg"":21.2,""steady"":true}"
54.312,right_hand,og,acc,2405782,"{""seq"":2638,""x_mg"":180,""y_mg"":612,""z_mg"":700}"
54.312,right_hand,og,tilt,,"{""roll_deg"":40.8,""pitch_deg"":21.3,""steady"":true}"
54.343,right_hand,og,acc,2405802,"{""seq"":2639,""x_mg"":180,""y_mg"":624,""z_mg"":688}"
54.343,right_hand,og,tilt,,"{""roll_deg"":40.8,""pitch_deg"":21.3,""steady"":true}"
54.375,right_hand,og,acc,2405823,"{""seq"":2640,""x_mg"":204,""y_mg"":636,""z_mg"":708}"
54.375,right_hand,og,tilt,,"{""roll_deg"":40.8,""pitch_deg"":21.3,""steady"":true}"
54.375,right_hand,og,acc,2405843,"{""seq"":2641,""x_mg"":176,""y_mg"":660,""z_mg"":732}"
54.375,right_hand,og,tilt,,"{""roll_deg"":41.1,""pitch_deg"":21.4,""steady"":true}"
54.406,right_hand,og,acc,2405864,"{""seq"":2642,""x_mg"":172,""y_mg"":668,""z_mg"":728}"
54.406,right_hand,og,tilt,,"{""roll_deg"":41.2,""pitch_deg"":21.4,""steady"":true}"
54.437,right_hand,og,acc,2405884,"{""seq"":2643,""x_mg"":192,""y_mg"":664,""z_mg"":728}"
54.437,right_hand,og,tilt,,"{""roll_deg"":41.3,""pitch_deg"":21.4,""steady"":true}"
54.437,right_hand,og,acc,2405905,"{""seq"":2644,""x_mg"":188,""y_mg"":620,""z_mg"":744}"
54.437,right_hand,og,tilt,,"{""roll_deg"":41.5,""pitch_deg"":21.4,""steady"":true}"
54.468,,game,miss,,"{""n"":24,""speed"":0.2}"
54.468,right_hand,og,acc,2405926,"{""seq"":2645,""x_mg"":180,""y_mg"":588,""z_mg"":732}"
54.468,right_hand,og,tilt,,"{""roll_deg"":41.5,""pitch_deg"":21.4,""steady"":true}"
54.468,right_hand,og,acc,2405946,"{""seq"":2646,""x_mg"":176,""y_mg"":600,""z_mg"":696}"
54.468,right_hand,og,tremor,,"{""rms_mg"":40.8,""peak_hz"":5.9}"
54.468,right_hand,og,tilt,,"{""roll_deg"":41.5,""pitch_deg"":21.4,""steady"":true}"
54.500,right_hand,og,acc,2405967,"{""seq"":2647,""x_mg"":188,""y_mg"":616,""z_mg"":672}"
54.500,right_hand,og,tilt,,"{""roll_deg"":41.5,""pitch_deg"":21.4,""steady"":true}"
54.515,right_hand,og,acc,2405987,"{""seq"":2648,""x_mg"":204,""y_mg"":656,""z_mg"":696}"
54.515,right_hand,og,tilt,,"{""roll_deg"":41.5,""pitch_deg"":21.4,""steady"":true}"
54.546,right_hand,og,acc,2406008,"{""seq"":2649,""x_mg"":168,""y_mg"":624,""z_mg"":692}"
54.546,right_hand,og,tilt,,"{""roll_deg"":41.7,""pitch_deg"":21.5,""steady"":true}"
54.578,right_hand,og,acc,2406028,"{""seq"":2650,""x_mg"":180,""y_mg"":660,""z_mg"":676}"
54.578,right_hand,og,tilt,,"{""roll_deg"":42.0,""pitch_deg"":21.5,""steady"":true}"
54.578,right_hand,og,acc,2406049,"{""seq"":2651,""x_mg"":200,""y_mg"":640,""z_mg"":688}"
54.578,right_hand,og,tilt,,"{""roll_deg"":42.2,""pitch_deg"":21.5,""steady"":true}"
54.625,right_hand,og,acc,2406069,"{""seq"":2652,""x_mg"":196,""y_mg"":608,""z_mg"":700}"
54.625,right_hand,og,tilt,,"{""roll_deg"":42.3,""pitch_deg"":21.6,""steady"":true}"
54.656,right_hand,og,acc,2406090,"{""seq"":2653,""x_mg"":188,""y_mg"":628,""z_mg"":704}"
54.656,right_hand,og,tilt,,"{""roll_deg"":42.4,""pitch_deg"":21.7,""steady"":true}"
54.656,right_hand,og,acc,2406111,"{""seq"":2654,""x_mg"":160,""y_mg"":644,""z_mg"":692}"
54.656,right_hand,og,tilt,,"{""roll_deg"":42.4,""pitch_deg"":21.7,""steady"":true}"
54.687,right_hand,og,acc,2406131,"{""seq"":2655,""x_mg"":176,""y_mg"":656,""z_mg"":720}"
54.687,right_hand,og,tilt,,"{""roll_deg"":42.5,""pitch_deg"":21.7,""steady"":true}"
54.687,right_hand,og,acc,2406152,"{""seq"":2656,""x_mg"":176,""y_mg"":660,""z_mg"":716}"
54.687,right_hand,og,tilt,,"{""roll_deg"":42.6,""pitch_deg"":21.7,""steady"":true}"
54.703,right_hand,og,acc,2406172,"{""seq"":2657,""x_mg"":176,""y_mg"":664,""z_mg"":712}"
54.703,right_hand,og,tilt,,"{""roll_deg"":42.7,""pitch_deg"":21.7,""steady"":true}"
54.734,right_hand,og,acc,2406193,"{""seq"":2658,""x_mg"":148,""y_mg"":696,""z_mg"":700}"
54.734,right_hand,og,tilt,,"{""roll_deg"":42.9,""pitch_deg"":21.7,""steady"":true}"
54.765,right_hand,og,acc,2406213,"{""seq"":2659,""x_mg"":156,""y_mg"":724,""z_mg"":700}"
54.765,right_hand,og,tilt,,"{""roll_deg"":43.4,""pitch_deg"":21.7,""steady"":true}"
54.765,right_hand,og,acc,2406234,"{""seq"":2660,""x_mg"":180,""y_mg"":648,""z_mg"":740}"
54.765,right_hand,og,tilt,,"{""roll_deg"":43.8,""pitch_deg"":21.7,""steady"":true}"
54.796,right_hand,og,acc,2406255,"{""seq"":2661,""x_mg"":184,""y_mg"":560,""z_mg"":740}"
54.796,right_hand,og,tilt,,"{""roll_deg"":43.8,""pitch_deg"":21.7,""steady"":true}"
54.828,right_hand,og,acc,2406275,"{""seq"":2662,""x_mg"":196,""y_mg"":552,""z_mg"":708}"
54.828,right_hand,og,tilt,,"{""roll_deg"":43.8,""pitch_deg"":21.7,""steady"":true}"
54.828,right_hand,og,acc,2406296,"{""seq"":2663,""x_mg"":204,""y_mg"":576,""z_mg"":688}"
54.828,right_hand,og,tilt,,"{""roll_deg"":43.5,""pitch_deg"":21.7,""steady"":true}"
54.859,right_hand,og,acc,2406316,"{""seq"":2664,""x_mg"":220,""y_mg"":604,""z_mg"":712}"
54.859,right_hand,og,tilt,,"{""roll_deg"":43.2,""pitch_deg"":21.7,""steady"":true}"
54.890,right_hand,og,acc,2406337,"{""seq"":2665,""x_mg"":216,""y_mg"":548,""z_mg"":736}"
54.890,right_hand,og,tilt,,"{""roll_deg"":43.0,""pitch_deg"":21.7,""steady"":true}"
54.890,right_hand,og,acc,2406357,"{""seq"":2666,""x_mg"":196,""y_mg"":504,""z_mg"":772}"
54.890,right_hand,og,tilt,,"{""roll_deg"":42.1,""pitch_deg"":22.0,""steady"":true}"
54.906,right_hand,og,acc,2406378,"{""seq"":2667,""x_mg"":236,""y_mg"":496,""z_mg"":744}"
54.906,right_hand,og,tilt,,"{""roll_deg"":40.4,""pitch_deg"":22.2,""steady"":true}"
54.937,right_hand,og,acc,2406399,"{""seq"":2668,""x_mg"":216,""y_mg"":512,""z_mg"":772}"
54.937,right_hand,og,tilt,,"{""roll_deg"":39.0,""pitch_deg"":22.4,""steady"":true}"
54.968,right_hand,og,acc,2406419,"{""seq"":2669,""x_mg"":168,""y_mg"":524,""z_mg"":804}"
54.968,right_hand,og,tilt,,"{""roll_deg"":37.9,""pitch_deg"":22.6,""steady"":true}"
54.968,right_hand,og,acc,2406440,"{""seq"":2670,""x_mg"":172,""y_mg"":624,""z_mg"":812}"
54.968,right_hand,og,tilt,,"{""roll_deg"":37.1,""pitch_deg"":22.6,""steady"":true}"
55.000,right_hand,og,acc,2406460,"{""seq"":2671,""x_mg"":180,""y_mg"":592,""z_mg"":800}"
55.000,right_hand,og,tilt,,"{""roll_deg"":37.1,""pitch_deg"":22.6,""steady"":true}"
55.031,right_hand,og,acc,2406481,"{""seq"":2672,""x_mg"":180,""y_mg"":576,""z_mg"":820}"
55.031,right_hand,og,tilt,,"{""roll_deg"":37.1,""pitch_deg"":22.6,""steady"":true}"
55.031,right_hand,og,acc,2406501,"{""seq"":2673,""x_mg"":152,""y_mg"":552,""z_mg"":812}"
55.031,right_hand,og,tilt,,"{""roll_deg"":37.1,""pitch_deg"":22.6,""steady"":true}"
55.062,right_hand,og,acc,2406522,"{""seq"":2674,""x_mg"":200,""y_mg"":504,""z_mg"":840}"
55.062,right_hand,og,tilt,,"{""roll_deg"":37.1,""pitch_deg"":22.6,""steady"":true}"
55.093,right_hand,og,acc,2406543,"{""seq"":2675,""x_mg"":200,""y_mg"":484,""z_mg"":824}"
55.093,right_hand,og,tilt,,"{""roll_deg"":36.2,""pitch_deg"":22.6,""steady"":true}"
55.093,right_hand,og,acc,2406563,"{""seq"":2676,""x_mg"":176,""y_mg"":508,""z_mg"":804}"
55.093,right_hand,og,tilt,,"{""roll_deg"":35.3,""pitch_deg"":22.6,""steady"":true}"
55.109,right_hand,og,acc,2406584,"{""seq"":2677,""x_mg"":144,""y_mg"":588,""z_mg"":740}"
55.109,right_hand,og,tilt,,"{""roll_deg"":35.1,""pitch_deg"":22.6,""steady"":true}"
55.140,right_hand,og,acc,2406604,"{""seq"":2678,""x_mg"":164,""y_mg"":664,""z_mg"":720}"
55.140,right_hand,og,tilt,,"{""roll_deg"":35.2,""pitch_deg"":22.5,""steady"":true}"
55.171,right_hand,og,acc,2406625,"{""seq"":2679,""x_mg"":184,""y_mg"":688,""z_mg"":688}"
55.171,right_hand,og,tilt,,"{""roll_deg"":35.7,""pitch_deg"":22.3,""steady"":true}"
55.171,right_hand,og,acc,2406645,"{""seq"":2680,""x_mg"":208,""y_mg"":652,""z_mg"":680}"
55.171,right_hand,og,tilt,,"{""roll_deg"":37.0,""pitch_deg"":22.3,""steady"":true}"
55.203,right_hand,og,acc,2406666,"{""seq"":2681,""x_mg"":216,""y_mg"":612,""z_mg"":640}"
55.203,right_hand,og,tilt,,"{""roll_deg"":38.6,""pitch_deg"":22.3,""steady"":true}"
55.234,right_hand,og,acc,2406687,"{""seq"":2682,""x_mg"":220,""y_mg"":548,""z_mg"":652}"
55.234,right_hand,og,tilt,,"{""roll_deg"":39.9,""pitch_deg"":22.3,""steady"":true}"
55.234,right_hand,og,acc,2406707,"{""seq"":2683,""x_mg"":224,""y_mg"":528,""z_mg"":696}"
55.234,right_hand,og,tilt,,"{""roll_deg"":40.0,""pitch_deg"":22.3,""steady"":true}"
55.265,right_hand,og,acc,2406728,"{""seq"":2684,""x_mg"":200,""y_mg"":564,""z_mg"":700}"
55.265,right_hand,og,tilt,,"{""roll_deg"":40.0,""pitch_deg"":22.5,""steady"":true}"
55.296,right_hand,og,acc,2406748,"{""seq"":2685,""x_mg"":180,""y_mg"":676,""z_mg"":692}"
55.296,right_hand,og,tilt,,"{""roll_deg"":40.0,""pitch_deg"":22.6,""steady"":true}"
55.296,right_hand,og,acc,2406769,"{""seq"":2686,""x_mg"":168,""y_mg"":712,""z_mg"":716}"
55.296,right_hand,og,tilt,,"{""roll_deg"":41.0,""pitch_deg"":22.6,""steady"":true}"
55.328,right_hand,og,acc,2406789,"{""seq"":2687,""x_mg"":172,""y_mg"":732,""z_mg"":760}"
55.328,right_hand,og,tilt,,"{""roll_deg"":42.0,""pitch_deg"":22.6,""steady"":true}"
55.359,right_hand,og,acc,2406810,"{""seq"":2688,""x_mg"":164,""y_mg"":604,""z_mg"":760}"
55.359,right_hand,og,tilt,,"{""roll_deg"":42.7,""pitch_deg"":22.6,""steady"":true}"
55.390,right_hand,og,acc,2406830,"{""seq"":2689,""x_mg"":164,""y_mg"":556,""z_mg"":752}"
55.390,right_hand,og,tilt,,"{""roll_deg"":42.7,""pitch_deg"":22.6,""steady"":true}"
55.390,right_hand,og,acc,2406851,"{""seq"":2690,""x_mg"":156,""y_mg"":540,""z_mg"":748}"
55.390,right_hand,og,tilt,,"{""roll_deg"":42.2,""pitch_deg"":22.5,""steady"":true}"
55.421,right_hand,og,acc,2406872,"{""seq"":2691,""x_mg"":156,""y_mg"":596,""z_mg"":748}"
55.421,right_hand,og,tilt,,"{""roll_deg"":41.8,""pitch_deg"":22.3,""steady"":true}"
55.453,right_hand,og,acc,2406892,"{""seq"":2692,""x_mg"":184,""y_mg"":684,""z_mg"":736}"
55.453,right_hand,og,tilt,,"{""roll_deg"":41.7,""pitch_deg"":22.1,""steady"":true}"
55.453,right_hand,og,acc,2406913,"{""seq"":2693,""x_mg"":188,""y_mg"":708,""z_mg"":688}"
55.453,right_hand,og,tilt,,"{""roll_deg"":41.7,""pitch_deg"":22.1,""steady"":true}"
55.484,right_hand,og,acc,2406933,"{""seq"":2694,""x_mg"":192,""y_mg"":660,""z_mg"":676}"
55.484,right_hand,og,tilt,,"{""roll_deg"":41.7,""pitch_deg"":22.1,""steady"":true}"
55.515,right_hand,og,acc,2406954,"{""seq"":2695,""x_mg"":192,""y_mg"":628,""z_mg"":672}"
55.515,right_hand,og,tilt,,"{""roll_deg"":42.3,""pitch_deg"":22.1,""steady"":true}"
55.515,right_hand,og,acc,2406974,"{""seq"":2696,""x_mg"":192,""y_mg"":616,""z_mg"":684}"
55.515,right_hand,og,tilt,,"{""roll_deg"":42.5,""pitch_deg"":22.1,""steady"":true}"
55.546,right_hand,og,acc,2406995,"{""seq"":2697,""x_mg"":192,""y_mg"":628,""z_mg"":688}"
55.546,right_hand,og,tilt,,"{""roll_deg"":42.6,""pitch_deg"":22.1,""steady"":true}"
55.578,right_hand,og,acc,2407016,"{""seq"":2698,""x_mg"":192,""y_mg"":660,""z_mg"":696}"
55.578,right_hand,og,tilt,,"{""roll_deg"":42.7,""pitch_deg"":22.1,""steady"":true}"
55.578,right_hand,og,acc,2407036,"{""seq"":2699,""x_mg"":204,""y_mg"":632,""z_mg"":716}"
55.578,right_hand,og,tilt,,"{""roll_deg"":42.7,""pitch_deg"":22.1,""steady"":true}"
55.609,right_hand,og,acc,2407057,"{""seq"":2700,""x_mg"":172,""y_mg"":596,""z_mg"":740}"
55.609,right_hand,og,tilt,,"{""roll_deg"":42.7,""pitch_deg"":22.1,""steady"":true}"
55.609,right_hand,og,acc,2407077,"{""seq"":2701,""x_mg"":156,""y_mg"":604,""z_mg"":732}"
55.609,right_hand,og,tilt,,"{""roll_deg"":42.7,""pitch_deg"":22.1,""steady"":true}"
55.640,right_hand,og,acc,2407098,"{""seq"":2702,""x_mg"":160,""y_mg"":612,""z_mg"":752}"
55.640,right_hand,og,tilt,,"{""roll_deg"":42.7,""pitch_deg"":22.1,""steady"":true}"
55.671,right_hand,og,acc,2407118,"{""seq"":2703,""x_mg"":176,""y_mg"":624,""z_mg"":780}"
55.671,right_hand,og,tilt,,"{""roll_deg"":42.7,""pitch_deg"":22.1,""steady"":true}"
55.671,right_hand,og,acc,2407139,"{""seq"":2704,""x_mg"":180,""y_mg"":604,""z_mg"":740}"
55.671,right_hand,og,tilt,,"{""roll_deg"":42.7,""pitch_deg"":22.0,""steady"":true}"
55.703,right_hand,og,acc,2407160,"{""seq"":2705,""x_mg"":188,""y_mg"":584,""z_mg"":716}"
55.703,right_hand,og,tilt,,"{""roll_deg"":42.5,""pitch_deg"":22.0,""steady"":true}"
55.734,right_hand,og,acc,2407180,"{""seq"":2706,""x_mg"":188,""y_mg"":592,""z_mg"":732}"
55.734,right_hand,og,tilt,,"{""roll_deg"":42.3,""pitch_deg"":22.0,""steady"":true}"
55.734,right_hand,og,acc,2407201,"{""seq"":2707,""x_mg"":172,""y_mg"":612,""z_mg"":740}"
55.734,right_hand,og,tilt,,"{""roll_deg"":42.0,""pitch_deg"":22.0,""steady"":true}"
55.765,right_hand,og,acc,2407221,"{""seq"":2708,""x_mg"":192,""y_mg"":604,""z_mg"":752}"
55.765,right_hand,og,tilt,,"{""roll_deg"":41.8,""pitch_deg"":22.0,""steady"":true}"
55.765,right_hand,og,acc,2407242,"{""seq"":2709,""x_mg"":156,""y_mg"":600,""z_mg"":764}"
55.765,right_hand,og,tilt,,"{""roll_deg"":41.6,""pitch_deg"":22.0,""steady"":true}"
55.796,right_hand,og,acc,2407262,"{""seq"":2710,""x_mg"":192,""y_mg"":552,""z_mg"":776}"
55.796,right_hand,og,tilt,,"{""roll_deg"":41.4,""pitch_deg"":22.0,""steady"":true}"
55.828,right_hand,og,acc,2407283,"{""seq"":2711,""x_mg"":168,""y_mg"":636,""z_mg"":728}"
55.828,right_hand,og,tilt,,"{""roll_deg"":41.2,""pitch_deg"":22.0,""steady"":true}"
55.828,right_hand,og,acc,2407304,"{""seq"":2712,""x_mg"":156,""y_mg"":644,""z_mg"":696}"
55.828,right_hand,og,tilt,,"{""roll_deg"":41.2,""pitch_deg"":22.0,""steady"":true}"
55.859,right_hand,og,acc,2407324,"{""seq"":2713,""x_mg"":180,""y_mg"":724,""z_mg"":712}"
55.859,right_hand,og,tilt,,"{""roll_deg"":41.2,""pitch_deg"":21.9,""steady"":true}"
55.890,right_hand,og,acc,2407345,"{""seq"":2714,""x_mg"":164,""y_mg"":668,""z_mg"":696}"
55.890,right_hand,og,tilt,,"{""roll_deg"":41.2,""pitch_deg"":21.8,""steady"":true}"
55.890,right_hand,og,acc,2407365,"{""seq"":2715,""x_mg"":192,""y_mg"":628,""z_mg"":680}"
55.890,right_hand,og,tilt,,"{""roll_deg"":41.6,""pitch_deg"":21.8,""steady"":true}"
55.937,right_hand,og,acc,2407386,"{""seq"":2716,""x_mg"":224,""y_mg"":576,""z_mg"":668}"
55.937,right_hand,og,tilt,,"{""roll_deg"":41.9,""pitch_deg"":21.8,""steady"":true}"
55.953,right_hand,og,acc,2407406,"{""seq"":2717,""x_mg"":204,""y_mg"":512,""z_mg"":728}"
55.953,right_hand,og,tilt,,"{""roll_deg"":41.9,""pitch_deg"":21.8,""steady"":true}"
55.953,right_hand,og,acc,2407427,"{""seq"":2718,""x_mg"":192,""y_mg"":560,""z_mg"":716}"
55.953,right_hand,og,tilt,,"{""roll_deg"":41.9,""pitch_deg"":21.8,""steady"":true}"
55.984,right_hand,og,acc,2407447,"{""seq"":2719,""x_mg"":200,""y_mg"":604,""z_mg"":712}"
55.984,right_hand,og,tilt,,"{""roll_deg"":41.9,""pitch_deg"":21.8,""steady"":true}"
56.015,right_hand,og,acc,2407468,"{""seq"":2720,""x_mg"":188,""y_mg"":632,""z_mg"":720}"
56.015,right_hand,og,tilt,,"{""roll_deg"":41.9,""pitch_deg"":21.8,""steady"":true}"
56.046,right_hand,og,acc,2407489,"{""seq"":2721,""x_mg"":184,""y_mg"":608,""z_mg"":752}"
56.046,right_hand,og,tilt,,"{""roll_deg"":41.9,""pitch_deg"":21.8,""steady"":true}"
56.046,right_hand,og,acc,2407509,"{""seq"":2722,""x_mg"":160,""y_mg"":612,""z_mg"":748}"
56.046,right_hand,og,tilt,,"{""roll_deg"":41.9,""pitch_deg"":21.8,""steady"":true}"
56.078,right_hand,og,acc,2407530,"{""seq"":2723,""x_mg"":136,""y_mg"":640,""z_mg"":728}"
56.078,right_hand,og,tilt,,"{""roll_deg"":41.9,""pitch_deg"":21.8,""steady"":true}"
56.109,right_hand,og,acc,2407550,"{""seq"":2724,""x_mg"":164,""y_mg"":652,""z_mg"":736}"
56.109,right_hand,og,tilt,,"{""roll_deg"":41.9,""pitch_deg"":21.8,""steady"":true}"
56.109,right_hand,og,acc,2407571,"{""seq"":2725,""x_mg"":180,""y_mg"":652,""z_mg"":760}"
56.109,right_hand,og,tilt,,"{""roll_deg"":41.9,""pitch_deg"":21.8,""steady"":true}"
56.140,right_hand,og,acc,2407591,"{""seq"":2726,""x_mg"":172,""y_mg"":608,""z_mg"":736}"
56.140,right_hand,og,tilt,,"{""roll_deg"":41.9,""pitch_deg"":21.8,""steady"":true}"
56.156,right_hand,og,acc,2407612,"{""seq"":2727,""x_mg"":164,""y_mg"":592,""z_mg"":728}"
56.156,right_hand,og,tilt,,"{""roll_deg"":41.9,""pitch_deg"":21.8,""steady"":true}"
56.156,right_hand,og,acc,2407633,"{""seq"":2728,""x_mg"":160,""y_mg"":620,""z_mg"":748}"
56.156,right_hand,og,tilt,,"{""roll_deg"":41.9,""pitch_deg"":21.8,""steady"":true}"
56.187,right_hand,og,acc,2407653,"{""seq"":2729,""x_mg"":172,""y_mg"":616,""z_mg"":740}"
56.187,right_hand,og,tilt,,"{""roll_deg"":41.9,""pitch_deg"":21.8,""steady"":true}"
56.218,right_hand,og,acc,2407674,"{""seq"":2730,""x_mg"":184,""y_mg"":608,""z_mg"":720}"
56.218,right_hand,og,tilt,,"{""roll_deg"":41.9,""pitch_deg"":21.8,""steady"":true}"
56.250,right_hand,og,acc,2407694,"{""seq"":2731,""x_mg"":176,""y_mg"":604,""z_mg"":692}"
56.250,right_hand,og,tilt,,"{""roll_deg"":41.9,""pitch_deg"":21.8,""steady"":true}"
56.250,right_hand,og,acc,2407715,"{""seq"":2732,""x_mg"":180,""y_mg"":616,""z_mg"":696}"
56.250,right_hand,og,tilt,,"{""roll_deg"":41.9,""pitch_deg"":21.8,""steady"":true}"
56.281,right_hand,og,acc,2407735,"{""seq"":2733,""x_mg"":192,""y_mg"":672,""z_mg"":700}"
56.281,right_hand,og,tilt,,"{""roll_deg"":41.9,""pitch_deg"":21.8,""steady"":true}"
56.312,right_hand,og,acc,2407756,"{""seq"":2734,""x_mg"":176,""y_mg"":644,""z_mg"":692}"
56.312,right_hand,og,tilt,,"{""roll_deg"":41.9,""pitch_deg"":21.8,""steady"":true}"
56.312,right_hand,og,acc,2407777,"{""seq"":2735,""x_mg"":188,""y_mg"":616,""z_mg"":696}"
56.312,right_hand,og,tilt,,"{""roll_deg"":41.9,""pitch_deg"":21.8,""steady"":true}"
56.343,right_hand,og,acc,2407797,"{""seq"":2736,""x_mg"":156,""y_mg"":628,""z_mg"":708}"
56.343,right_hand,og,tilt,,"{""roll_deg"":41.9,""pitch_deg"":21.8,""steady"":true}"
56.343,right_hand,og,acc,2407818,"{""seq"":2737,""x_mg"":180,""y_mg"":624,""z_mg"":696}"
56.343,right_hand,og,tilt,,"{""roll_deg"":41.9,""pitch_deg"":21.8,""steady"":true}"
56.359,right_hand,og,acc,2407838,"{""seq"":2738,""x_mg"":188,""y_mg"":652,""z_mg"":744}"
56.359,right_hand,og,tilt,,"{""roll_deg"":42.0,""pitch_deg"":21.8,""steady"":true}"
56.390,right_hand,og,acc,2407859,"{""seq"":2739,""x_mg"":160,""y_mg"":640,""z_mg"":724}"
56.390,right_hand,og,tilt,,"{""roll_deg"":42.1,""pitch_deg"":21.8,""steady"":true}"
56.421,right_hand,og,acc,2407879,"{""seq"":2740,""x_mg"":164,""y_mg"":644,""z_mg"":704}"
56.421,right_hand,og,tilt,,"{""roll_deg"":42.1,""pitch_deg"":21.8,""steady"":true}"
56.453,right_hand,og,acc,2407900,"{""seq"":2741,""x_mg"":172,""y_mg"":616,""z_mg"":720}"
56.453,right_hand,og,tilt,,"{""roll_deg"":42.2,""pitch_deg"":21.8,""steady"":true}"
56.453,right_hand,og,acc,2407920,"{""seq"":2742,""x_mg"":204,""y_mg"":592,""z_mg"":712}"
56.453,right_hand,og,tilt,,"{""roll_deg"":42.2,""pitch_deg"":21.8,""steady"":true}"
56.484,right_hand,og,acc,2407941,"{""seq"":2743,""x_mg"":188,""y_mg"":604,""z_mg"":708}"
56.484,right_hand,og,tilt,,"{""roll_deg"":42.2,""pitch_deg"":21.8,""steady"":true}"
56.515,right_hand,og,acc,2407962,"{""seq"":2744,""x_mg"":164,""y_mg"":648,""z_mg"":696}"
56.515,right_hand,og,tremor,,"{""rms_mg"":35.6,""peak_hz"":6.6}"
56.515,right_hand,og,tilt,,"{""roll_deg"":42.2,""pitch_deg"":21.8,""steady"":true}"
56.515,right_hand,og,acc,2407982,"{""seq"":2745,""x_mg"":152,""y_mg"":656,""z_mg"":712}"
56.515,right_hand,og,tilt,,"{""roll_deg"":42.2,""pitch_deg"":21.8,""steady"":true}"
56.546,right_hand,og,acc,2408003,"{""seq"":2746,""x_mg"":168,""y_mg"":644,""z_mg"":716}"
56.546,right_hand,og,tilt,,"{""roll_deg"":42.3,""pitch_deg"":21.8,""steady"":true}"
56.546,right_hand,og,acc,2408023,"{""seq"":2747,""x_mg"":212,""y_mg"":616,""z_mg"":716}"
56.546,right_hand,og,tilt,,"{""roll_deg"":42.4,""pitch_deg"":21.8,""steady"":true}"
56.578,right_hand,og,acc,2408044,"{""seq"":2748,""x_mg"":176,""y_mg"":576,""z_mg"":736}"
56.578,right_hand,og,tilt,,"{""roll_deg"":42.4,""pitch_deg"":21.8,""steady"":true}"
56.593,right_hand,og,acc,2408064,"{""seq"":2749,""x_mg"":204,""y_mg"":548,""z_mg"":744}"
56.593,right_hand,og,tilt,,"{""roll_deg"":42.4,""pitch_deg"":21.8,""steady"":true}"
56.640,right_hand,og,acc,2408085,"{""seq"":2750,""x_mg"":188,""y_mg"":572,""z_mg"":764}"
56.640,right_hand,og,tilt,,"{""roll_deg"":42.3,""pitch_deg"":21.8,""steady"":true}"
56.640,right_hand,og,acc,2408106,"{""seq"":2751,""x_mg"":188,""y_mg"":592,""z_mg"":780}"
56.640,right_hand,og,tilt,,"{""roll_deg"":41.7,""pitch_deg"":21.8,""steady"":true}"
56.656,,game,miss,,"{""n"":25,""speed"":0.2}"
56.671,right_hand,og,acc,2408126,"{""seq"":2752,""x_mg"":168,""y_mg"":616,""z_mg"":760}"
56.671,right_hand,og,tilt,,"{""roll_deg"":41.2,""pitch_deg"":21.8,""steady"":true}"
56.703,right_hand,og,acc,2408147,"{""seq"":2753,""x_mg"":184,""y_mg"":568,""z_mg"":736}"
56.703,right_hand,og,tilt,,"{""roll_deg"":40.9,""pitch_deg"":21.8,""steady"":true}"
56.703,right_hand,og,acc,2408167,"{""seq"":2754,""x_mg"":164,""y_mg"":568,""z_mg"":736}"
56.703,right_hand,og,tilt,,"{""roll_deg"":40.6,""pitch_deg"":21.8,""steady"":true}"
56.734,right_hand,og,acc,2408188,"{""seq"":2755,""x_mg"":184,""y_mg"":564,""z_mg"":760}"
56.734,right_hand,og,tilt,,"{""roll_deg"":40.4,""pitch_deg"":21.8,""steady"":true}"
56.765,right_hand,og,acc,2408208,"{""seq"":2756,""x_mg"":180,""y_mg"":572,""z_mg"":736}"
56.765,right_hand,og,tilt,,"{""roll_deg"":40.2,""pitch_deg"":21.8,""steady"":true}"
56.765,right_hand,og,acc,2408229,"{""seq"":2757,""x_mg"":180,""y_mg"":604,""z_mg"":764}"
56.765,right_hand,og,tilt,,"{""roll_deg"":40.1,""pitch_deg"":21.8,""steady"":true}"
56.781,right_hand,og,acc,2408250,"{""seq"":2758,""x_mg"":176,""y_mg"":604,""z_mg"":744}"
56.781,right_hand,og,tilt,,"{""roll_deg"":40.1,""pitch_deg"":21.8,""steady"":true}"
56.812,right_hand,og,acc,2408270,"{""seq"":2759,""x_mg"":184,""y_mg"":580,""z_mg"":744}"
56.812,right_hand,og,tilt,,"{""roll_deg"":40.1,""pitch_deg"":21.8,""steady"":true}"
56.843,right_hand,og,acc,2408291,"{""seq"":2760,""x_mg"":196,""y_mg"":572,""z_mg"":748}"
56.843,right_hand,og,tilt,,"{""roll_deg"":40.0,""pitch_deg"":21.8,""steady"":true}"
56.843,right_hand,og,acc,2408311,"{""seq"":2761,""x_mg"":164,""y_mg"":592,""z_mg"":740}"
56.843,right_hand,og,tilt,,"{""roll_deg"":40.0,""pitch_deg"":21.8,""steady"":true}"
56.875,right_hand,og,acc,2408332,"{""seq"":2762,""x_mg"":180,""y_mg"":584,""z_mg"":720}"
56.875,right_hand,og,tilt,,"{""roll_deg"":40.0,""pitch_deg"":21.8,""steady"":true}"
56.906,right_hand,og,acc,2408352,"{""seq"":2763,""x_mg"":176,""y_mg"":620,""z_mg"":724}"
56.906,right_hand,og,tilt,,"{""roll_deg"":40.0,""pitch_deg"":21.8,""steady"":true}"
56.906,right_hand,og,acc,2408373,"{""seq"":2764,""x_mg"":184,""y_mg"":616,""z_mg"":740}"
56.906,right_hand,og,tilt,,"{""roll_deg"":40.0,""pitch_deg"":21.8,""steady"":true}"
56.937,right_hand,og,acc,2408394,"{""seq"":2765,""x_mg"":172,""y_mg"":616,""z_mg"":752}"
56.937,right_hand,og,tilt,,"{""roll_deg"":40.0,""pitch_deg"":21.8,""steady"":true}"
56.968,right_hand,og,acc,2408414,"{""seq"":2766,""x_mg"":168,""y_mg"":580,""z_mg"":732}"
56.968,right_hand,og,tilt,,"{""roll_deg"":40.0,""pitch_deg"":21.8,""steady"":true}"
56.968,right_hand,og,acc,2408435,"{""seq"":2767,""x_mg"":196,""y_mg"":544,""z_mg"":760}"
56.968,right_hand,og,tilt,,"{""roll_deg"":40.0,""pitch_deg"":21.8,""steady"":true}"
56.984,right_hand,og,acc,2408455,"{""seq"":2768,""x_mg"":208,""y_mg"":544,""z_mg"":780}"
56.984,right_hand,og,tilt,,"{""roll_deg"":40.0,""pitch_deg"":21.8,""steady"":true}"
57.015,right_hand,og,acc,2408476,"{""seq"":2769,""x_mg"":172,""y_mg"":564,""z_mg"":764}"
57.015,right_hand,og,tilt,,"{""roll_deg"":39.7,""pitch_deg"":21.8,""steady"":true}"
57.046,right_hand,og,acc,2408496,"{""seq"":2770,""x_mg"":176,""y_mg"":584,""z_mg"":744}"
57.046,right_hand,og,tilt,,"{""roll_deg"":39.5,""pitch_deg"":21.8,""steady"":true}"
57.046,right_hand,og,acc,2408517,"{""seq"":2771,""x_mg"":180,""y_mg"":596,""z_mg"":728}"
57.046,right_hand,og,tilt,,"{""roll_deg"":39.5,""pitch_deg"":21.8,""steady"":true}"
57.078,right_hand,og,acc,2408538,"{""seq"":2772,""x_mg"":176,""y_mg"":596,""z_mg"":744}"
57.078,right_hand,og,tilt,,"{""roll_deg"":39.5,""pitch_deg"":21.8,""steady"":true}"
57.109,right_hand,og,acc,2408558,"{""seq"":2773,""x_mg"":184,""y_mg"":572,""z_mg"":752}"
57.109,right_hand,og,tilt,,"{""roll_deg"":39.5,""pitch_deg"":21.8,""steady"":true}"
57.109,right_hand,og,acc,2408579,"{""seq"":2774,""x_mg"":164,""y_mg"":552,""z_mg"":752}"
57.109,right_hand,og,tilt,,"{""roll_deg"":39.5,""pitch_deg"":21.8,""steady"":true}"
57.140,right_hand,og,acc,2408599,"{""seq"":2775,""x_mg"":180,""y_mg"":588,""z_mg"":776}"
57.140,right_hand,og,tilt,,"{""roll_deg"":39.5,""pitch_deg"":21.8,""steady"":true}"
57.171,right_hand,og,acc,2408620,"{""seq"":2776,""x_mg"":192,""y_mg"":556,""z_mg"":784}"
57.171,right_hand,og,tilt,,"{""roll_deg"":39.4,""pitch_deg"":21.8,""steady"":true}"
57.171,right_hand,og,acc,2408640,"{""seq"":2777,""x_mg"":176,""y_mg"":572,""z_mg"":784}"
57.171,right_hand,og,tilt,,"{""roll_deg"":39.2,""pitch_deg"":21.8,""steady"":true}"
57.203,right_hand,og,acc,2408661,"{""seq"":2778,""x_mg"":176,""y_mg"":524,""z_mg"":796}"
57.203,right_hand,og,tilt,,"{""roll_deg"":38.9,""pitch_deg"":21.8,""steady"":true}"
57.234,right_hand,og,acc,2408682,"{""seq"":2779,""x_mg"":176,""y_mg"":560,""z_mg"":784}"
57.234,right_hand,og,tilt,,"{""roll_deg"":38.7,""pitch_deg"":21.8,""steady"":true}"
57.265,right_hand,og,acc,2408702,"{""seq"":2780,""x_mg"":188,""y_mg"":532,""z_mg"":784}"
57.265,right_hand,og,tilt,,"{""roll_deg"":38.2,""pitch_deg"":21.8,""steady"":true}"
57.265,right_hand,og,acc,2408723,"{""seq"":2781,""x_mg"":180,""y_mg"":520,""z_mg"":792}"
57.265,right_hand,og,tilt,,"{""roll_deg"":37.8,""pitch_deg"":21.8,""steady"":true}"
57.296,right_hand,og,acc,2408743,"{""seq"":2782,""x_mg"":192,""y_mg"":548,""z_mg"":760}"
57.296,right_hand,og,tilt,,"{""roll_deg"":37.4,""pitch_deg"":21.8,""steady"":true}"
57.296,right_hand,og,acc,2408764,"{""seq"":2783,""x_mg"":208,""y_mg"":548,""z_mg"":772}"
57.296,right_hand,og,tilt,,"{""roll_deg"":37.4,""pitch_deg"":21.8,""steady"":true}"
57.328,right_hand,og,acc,2408784,"{""seq"":2784,""x_mg"":228,""y_mg"":456,""z_mg"":824}"
57.328,right_hand,og,tilt,,"{""roll_deg"":37.3,""pitch_deg"":21.8,""steady"":true}"
57.359,right_hand,og,acc,2408805,"{""seq"":2785,""x_mg"":204,""y_mg"":540,""z_mg"":828}"
57.359,right_hand,og,tilt,,"{""roll_deg"":36.8,""pitch_deg"":21.8,""steady"":true}"
57.359,right_hand,og,acc,2408826,"{""seq"":2786,""x_mg"":184,""y_mg"":612,""z_mg"":756}"
57.359,right_hand,og,tilt,,"{""roll_deg"":36.4,""pitch_deg"":21.8,""steady"":true}"
57.390,right_hand,og,acc,2408846,"{""seq"":2787,""x_mg"":192,""y_mg"":552,""z_mg"":788}"
57.390,right_hand,og,tilt,,"{""roll_deg"":36.4,""pitch_deg"":21.8,""steady"":true}"
57.406,right_hand,og,acc,2408867,"{""seq"":2788,""x_mg"":192,""y_mg"":600,""z_mg"":760}"
57.406,right_hand,og,tilt,,"{""roll_deg"":36.4,""pitch_deg"":21.8,""steady"":true}"
57.437,right_hand,og,acc,2408887,"{""seq"":2789,""x_mg"":168,""y_mg"":528,""z_mg"":760}"
57.437,right_hand,og,tilt,,"{""roll_deg"":36.4,""pitch_deg"":21.8,""steady"":true}"
57.437,right_hand,og,acc,2408908,"{""seq"":2790,""x_mg"":188,""y_mg"":540,""z_mg"":764}"
57.437,right_hand,og,tilt,,"{""roll_deg"":36.4,""pitch_deg"":21.8,""steady"":true}"
57.468,right_hand,og,acc,2408928,"{""seq"":2791,""x_mg"":168,""y_mg"":552,""z_mg"":768}"
57.468,right_hand,og,tilt,,"{""roll_deg"":36.4,""pitch_deg"":21.8,""steady"":true}"
57.500,right_hand,og,acc,2408949,"{""seq"":2792,""x_mg"":176,""y_mg"":540,""z_mg"":804}"
57.500,right_hand,og,tilt,,"{""roll_deg"":36.4,""pitch_deg"":21.8,""steady"":true}"
57.500,right_hand,og,acc,2408970,"{""seq"":2793,""x_mg"":184,""y_mg"":528,""z_mg"":808}"
57.500,right_hand,og,tilt,,"{""roll_deg"":36.4,""pitch_deg"":21.8,""steady"":true}"
57.531,right_hand,og,acc,2408990,"{""seq"":2794,""x_mg"":176,""y_mg"":520,""z_mg"":788}"
57.531,right_hand,og,tilt,,"{""roll_deg"":36.4,""pitch_deg"":21.8,""steady"":true}"
57.562,right_hand,og,acc,2409011,"{""seq"":2795,""x_mg"":180,""y_mg"":520,""z_mg"":780}"
57.562,right_hand,og,tilt,,"{""roll_deg"":36.4,""pitch_deg"":21.8,""steady"":true}"
57.562,right_hand,og,acc,2409031,"{""seq"":2796,""x_mg"":180,""y_mg"":524,""z_mg"":764}"
57.562,right_hand,og,tilt,,"{""roll_deg"":36.3,""pitch_deg"":21.8,""steady"":true}"
57.593,right_hand,og,acc,2409052,"{""seq"":2797,""x_mg"":184,""y_mg"":560,""z_mg"":764}"
57.593,right_hand,og,tilt,,"{""roll_deg"":36.3,""pitch_deg"":21.8,""steady"":true}"
57.609,right_hand,og,acc,2409072,"{""seq"":2798,""x_mg"":192,""y_mg"":560,""z_mg"":756}"
57.625,right_hand,og,tilt,,"{""roll_deg"":36.3,""pitch_deg"":21.8,""steady"":true}"
57.625,right_hand,og,acc,2409093,"{""seq"":2799,""x_mg"":168,""y_mg"":588,""z_mg"":732}"
57.625,right_hand,og,tilt,,"{""roll_deg"":36.3,""pitch_deg"":21.8,""steady"":true}"
57.656,right_hand,og,acc,2409114,"{""seq"":2800,""x_mg"":168,""y_mg"":608,""z_mg"":764}"
57.656,right_hand,og,tilt,,"{""roll_deg"":36.3,""pitch_deg"":21.8,""steady"":true}"
57.687,right_hand,og,acc,2409134,"{""seq"":2801,""x_mg"":176,""y_mg"":596,""z_mg"":784}"
57.687,right_hand,og,tilt,,"{""roll_deg"":36.6,""pitch_deg"":21.8,""steady"":true}"
57.687,right_hand,og,acc,2409155,"{""seq"":2802,""x_mg"":160,""y_mg"":568,""z_mg"":760}"
57.687,right_hand,og,tilt,,"{""roll_deg"":36.8,""pitch_deg"":21.8,""steady"":true}"
57.718,right_hand,og,acc,2409175,"{""seq"":2803,""x_mg"":160,""y_mg"":548,""z_mg"":764}"
57.718,right_hand,og,tilt,,"{""roll_deg"":37.0,""pitch_deg"":21.8,""steady"":true}"
57.750,right_hand,og,acc,2409196,"{""seq"":2804,""x_mg"":172,""y_mg"":584,""z_mg"":756}"
57.750,right_hand,og,tilt,,"{""roll_deg"":37.1,""pitch_deg"":21.8,""steady"":true}"
57.750,right_hand,og,acc,2409216,"{""seq"":2805,""x_mg"":180,""y_mg"":572,""z_mg"":764}"
57.750,right_hand,og,tilt,,"{""roll_deg"":37.2,""pitch_deg"":21.8,""steady"":true}"
57.781,right_hand,og,acc,2409237,"{""seq"":2806,""x_mg"":168,""y_mg"":580,""z_mg"":732}"
57.781,right_hand,og,tilt,,"{""roll_deg"":37.4,""pitch_deg"":21.8,""steady"":true}"
57.812,right_hand,og,acc,2409258,"{""seq"":2807,""x_mg"":152,""y_mg"":600,""z_mg"":728}"
57.812,right_hand,og,tilt,,"{""roll_deg"":37.7,""pitch_deg"":21.8,""steady"":true}"
57.812,right_hand,og,acc,2409278,"{""seq"":2808,""x_mg"":176,""y_mg"":608,""z_mg"":720}"
57.812,right_hand,og,tilt,,"{""roll_deg"":38.2,""pitch_deg"":21.8,""steady"":true}"
57.843,right_hand,og,acc,2409299,"{""seq"":2809,""x_mg"":196,""y_mg"":612,""z_mg"":708}"
57.843,right_hand,og,tilt,,"{""roll_deg"":38.8,""pitch_deg"":21.8,""steady"":true}"
57.843,right_hand,og,acc,2409319,"{""seq"":2810,""x_mg"":184,""y_mg"":640,""z_mg"":696}"
57.843,right_hand,og,tilt,,"{""roll_deg"":39.3,""pitch_deg"":21.8,""steady"":true}"
57.875,right_hand,og,acc,2409340,"{""seq"":2811,""x_mg"":188,""y_mg"":676,""z_mg"":692}"
57.875,right_hand,og,tilt,,"{""roll_deg"":40.3,""pitch_deg"":21.8,""steady"":true}"
57.906,right_hand,og,acc,2409360,"{""seq"":2812,""x_mg"":172,""y_mg"":684,""z_mg"":720}"
57.906,right_hand,og,tilt,,"{""roll_deg"":41.3,""pitch_deg"":21.8,""steady"":true}"
57.906,right_hand,og,acc,2409381,"{""seq"":2813,""x_mg"":184,""y_mg"":612,""z_mg"":768}"
57.906,right_hand,og,tilt,,"{""roll_deg"":42.1,""pitch_deg"":21.8,""steady"":true}"
57.953,right_hand,og,acc,2409402,"{""seq"":2814,""x_mg"":172,""y_mg"":552,""z_mg"":784}"
57.953,right_hand,og,tilt,,"{""roll_deg"":42.1,""pitch_deg"":21.8,""steady"":true}"
57.984,right_hand,og,acc,2409422,"{""seq"":2815,""x_mg"":152,""y_mg"":576,""z_mg"":732}"
57.984,right_hand,og,tilt,,"{""roll_deg"":41.9,""pitch_deg"":21.8,""steady"":true}"
57.984,right_hand,og,acc,2409443,"{""seq"":2816,""x_mg"":184,""y_mg"":588,""z_mg"":724}"
57.984,right_hand,og,tilt,,"{""roll_deg"":41.7,""pitch_deg"":21.8,""steady"":true}"
58.015,right_hand,og,acc,2409463,"{""seq"":2817,""x_mg"":204,""y_mg"":592,""z_mg"":772}"
58.015,right_hand,og,tilt,,"{""roll_deg"":41.5,""pitch_deg"":21.8,""steady"":true}"
58.046,right_hand,og,acc,2409484,"{""seq"":2818,""x_mg"":172,""y_mg"":576,""z_mg"":760}"
58.046,right_hand,og,tilt,,"{""roll_deg"":41.3,""pitch_deg"":21.8,""steady"":true}"
58.046,right_hand,og,acc,2409504,"{""seq"":2819,""x_mg"":168,""y_mg"":580,""z_mg"":736}"
58.046,right_hand,og,tilt,,"{""roll_deg"":41.1,""pitch_deg"":21.8,""steady"":true}"
58.078,right_hand,og,acc,2409525,"{""seq"":2820,""x_mg"":164,""y_mg"":604,""z_mg"":728}"
58.078,right_hand,og,tilt,,"{""roll_deg"":41.0,""pitch_deg"":21.8,""steady"":true}"
58.078,right_hand,og,acc,2409545,"{""seq"":2821,""x_mg"":180,""y_mg"":620,""z_mg"":736}"
58.078,right_hand,og,tilt,,"{""roll_deg"":41.0,""pitch_deg"":21.8,""steady"":true}"
58.109,right_hand,og,acc,2409566,"{""seq"":2822,""x_mg"":184,""y_mg"":592,""z_mg"":744}"
58.109,right_hand,og,tilt,,"{""roll_deg"":41.0,""pitch_deg"":21.8,""steady"":true}"
58.140,right_hand,og,acc,2409587,"{""seq"":2823,""x_mg"":188,""y_mg"":564,""z_mg"":736}"
58.140,right_hand,og,tilt,,"{""roll_deg"":41.0,""pitch_deg"":21.8,""steady"":true}"
58.140,right_hand,og,acc,2409607,"{""seq"":2824,""x_mg"":208,""y_mg"":532,""z_mg"":752}"
58.140,right_hand,og,tilt,,"{""roll_deg"":40.8,""pitch_deg"":21.8,""steady"":true}"
58.171,right_hand,og,acc,2409628,"{""seq"":2825,""x_mg"":208,""y_mg"":568,""z_mg"":732}"
58.171,right_hand,og,tilt,,"{""roll_deg"":40.6,""pitch_deg"":21.8,""steady"":true}"
58.203,right_hand,og,acc,2409648,"{""seq"":2826,""x_mg"":204,""y_mg"":592,""z_mg"":720}"
58.203,right_hand,og,tilt,,"{""roll_deg"":40.5,""pitch_deg"":21.8,""steady"":true}"
58.203,right_hand,og,acc,2409669,"{""seq"":2827,""x_mg"":176,""y_mg"":596,""z_mg"":724}"
58.203,right_hand,og,tilt,,"{""roll_deg"":40.5,""pitch_deg"":21.8,""steady"":true}"
58.234,right_hand,og,acc,2409689,"{""seq"":2828,""x_mg"":192,""y_mg"":620,""z_mg"":716}"
58.234,right_hand,og,tilt,,"{""roll_deg"":40.5,""pitch_deg"":21.8,""steady"":true}"
58.265,right_hand,og,acc,2409710,"{""seq"":2829,""x_mg"":200,""y_mg"":588,""z_mg"":680}"
58.265,right_hand,og,tilt,,"{""roll_deg"":40.5,""pitch_deg"":21.8,""steady"":true}"
58.265,right_hand,og,acc,2409731,"{""seq"":2830,""x_mg"":228,""y_mg"":560,""z_mg"":724}"
58.265,right_hand,og,tilt,,"{""roll_deg"":40.5,""pitch_deg"":22.0,""steady"":true}"
58.296,right_hand,og,acc,2409751,"{""seq"":2831,""x_mg"":168,""y_mg"":596,""z_mg"":752}"
58.296,right_hand,og,tilt,,"{""roll_deg"":40.5,""pitch_deg"":22.1,""steady"":true}"
58.328,right_hand,og,acc,2409772,"{""seq"":2832,""x_mg"":164,""y_mg"":592,""z_mg"":760}"
58.328,right_hand,og,tilt,,"{""roll_deg"":40.5,""pitch_deg"":22.1,""steady"":true}"
58.328,right_hand,og,acc,2409792,"{""seq"":2833,""x_mg"":212,""y_mg"":572,""z_mg"":776}"
58.328,right_hand,og,tilt,,"{""roll_deg"":40.5,""pitch_deg"":22.1,""steady"":true}"
58.359,right_hand,og,acc,2409813,"{""seq"":2834,""x_mg"":184,""y_mg"":536,""z_mg"":792}"
58.359,right_hand,og,tilt,,"{""roll_deg"":40.3,""pitch_deg"":22.1,""steady"":true}"
58.359,right_hand,og,acc,2409833,"{""seq"":2835,""x_mg"":176,""y_mg"":560,""z_mg"":740}"
58.359,right_hand,og,tilt,,"{""roll_deg"":40.0,""pitch_deg"":22.1,""steady"":true}"
58.390,right_hand,og,acc,2409854,"{""seq"":2836,""x_mg"":192,""y_mg"":592,""z_mg"":724}"
58.390,right_hand,og,tilt,,"{""roll_deg"":39.8,""pitch_deg"":22.1,""steady"":true}"
58.421,right_hand,og,acc,2409875,"{""seq"":2837,""x_mg"":172,""y_mg"":616,""z_mg"":716}"
58.421,right_hand,og,tilt,,"{""roll_deg"":39.8,""pitch_deg"":22.1,""steady"":true}"
58.421,right_hand,og,acc,2409895,"{""seq"":2838,""x_mg"":188,""y_mg"":632,""z_mg"":720}"
58.421,right_hand,og,tilt,,"{""roll_deg"":39.8,""pitch_deg"":22.1,""steady"":true}"
58.453,right_hand,og,acc,2409916,"{""seq"":2839,""x_mg"":180,""y_mg"":644,""z_mg"":732}"
58.453,right_hand,og,tilt,,"{""roll_deg"":39.8,""pitch_deg"":22.1,""steady"":true}"
58.484,right_hand,og,acc,2409936,"{""seq"":2840,""x_mg"":172,""y_mg"":576,""z_mg"":788}"
58.484,right_hand,og,tilt,,"{""roll_deg"":39.8,""pitch_deg"":22.1,""steady"":true}"
58.484,right_hand,og,acc,2409957,"{""seq"":2841,""x_mg"":136,""y_mg"":524,""z_mg"":764}"
58.484,right_hand,og,tilt,,"{""roll_deg"":39.8,""pitch_deg"":22.1,""steady"":true}"
58.515,right_hand,og,acc,2409977,"{""seq"":2842,""x_mg"":168,""y_mg"":592,""z_mg"":780}"
58.515,right_hand,og,tremor,,"{""rms_mg"":40.0,""peak_hz"":6.8}"
58.515,right_hand,og,tilt,,"{""roll_deg"":39.8,""pitch_deg"":22.1,""steady"":true}"
58.546,right_hand,og,acc,2409998,"{""seq"":2843,""x_mg"":164,""y_mg"":576,""z_mg"":776}"
58.546,right_hand,og,tilt,,"{""roll_deg"":39.8,""pitch_deg"":22.1,""steady"":true}"
58.546,right_hand,og,acc,2410018,"{""seq"":2844,""x_mg"":164,""y_mg"":616,""z_mg"":752}"
58.546,right_hand,og,tilt,,"{""roll_deg"":39.8,""pitch_deg"":22.0,""steady"":true}"
58.578,right_hand,og,acc,2410039,"{""seq"":2845,""x_mg"":132,""y_mg"":592,""z_mg"":752}"
58.578,right_hand,og,tilt,,"{""roll_deg"":39.8,""pitch_deg"":21.8,""steady"":true}"
58.609,right_hand,og,acc,2410060,"{""seq"":2846,""x_mg"":136,""y_mg"":620,""z_mg"":768}"
58.609,right_hand,og,tilt,,"{""roll_deg"":39.8,""pitch_deg"":21.5,""steady"":true}"
58.609,right_hand,og,acc,2410080,"{""seq"":2847,""x_mg"":204,""y_mg"":632,""z_mg"":732}"
58.609,right_hand,og,tilt,,"{""roll_deg"":39.8,""pitch_deg"":21.1,""steady"":true}"
58.640,right_hand,og,acc,2410101,"{""seq"":2848,""x_mg"":184,""y_mg"":612,""z_mg"":728}"
58.640,right_hand,og,tilt,,"{""roll_deg"":39.8,""pitch_deg"":21.1,""steady"":true}"
58.687,right_hand,og,acc,2410121,"{""seq"":2849,""x_mg"":156,""y_mg"":584,""z_mg"":740}"
58.687,right_hand,og,tilt,,"{""roll_deg"":39.8,""pitch_deg"":21.1,""steady"":true}"
58.687,right_hand,og,acc,2410142,"{""seq"":2850,""x_mg"":160,""y_mg"":592,""z_mg"":708}"
58.687,right_hand,og,tilt,,"{""roll_deg"":39.8,""pitch_deg"":21.1,""steady"":true}"
58.718,right_hand,og,acc,2410162,"{""seq"":2851,""x_mg"":180,""y_mg"":604,""z_mg"":708}"
58.718,right_hand,og,tilt,,"{""roll_deg"":39.8,""pitch_deg"":21.1,""steady"":true}"
58.718,right_hand,og,acc,2410183,"{""seq"":2852,""x_mg"":176,""y_mg"":604,""z_mg"":720}"
58.718,right_hand,og,tilt,,"{""roll_deg"":39.9,""pitch_deg"":21.1,""steady"":true}"
58.750,right_hand,og,acc,2410204,"{""seq"":2853,""x_mg"":176,""y_mg"":628,""z_mg"":732}"
58.750,right_hand,og,tilt,,"{""roll_deg"":40.1,""pitch_deg"":21.1,""steady"":true}"
58.781,right_hand,og,acc,2410224,"{""seq"":2854,""x_mg"":184,""y_mg"":616,""z_mg"":728}"
58.781,right_hand,og,tilt,,"{""roll_deg"":40.2,""pitch_deg"":21.1,""steady"":true}"
58.781,right_hand,og,acc,2410245,"{""seq"":2855,""x_mg"":168,""y_mg"":620,""z_mg"":716}"
58.781,right_hand,og,tilt,,"{""roll_deg"":40.4,""pitch_deg"":21.1,""steady"":true}"
58.812,right_hand,og,acc,2410265,"{""seq"":2856,""x_mg"":184,""y_mg"":640,""z_mg"":704}"
58.812,right_hand,og,tilt,,"{""roll_deg"":40.6,""pitch_deg"":21.1,""steady"":true}"
58.843,right_hand,og,acc,2410286,"{""seq"":2857,""x_mg"":156,""y_mg"":624,""z_mg"":736}"
58.843,right_hand,og,tilt,,"{""roll_deg"":40.8,""pitch_deg"":21.1,""steady"":true}"
58.843,right_hand,og,acc,2410306,"{""seq"":2858,""x_mg"":164,""y_mg"":616,""z_mg"":772}"
58.843,right_hand,og,tilt,,"{""roll_deg"":40.9,""pitch_deg"":21.1,""steady"":true}"
58.859,right_hand,og,acc,2410327,"{""seq"":2859,""x_mg"":140,""y_mg"":640,""z_mg"":732}"
58.859,right_hand,og,tilt,,"{""roll_deg"":40.9,""pitch_deg"":21.1,""steady"":true}"
58.890,,game,miss,,"{""n"":26,""speed"":0.2}"
58.906,right_hand,og,acc,2410347,"{""seq"":2860,""x_mg"":156,""y_mg"":612,""z_mg"":720}"
58.906,right_hand,og,tilt,,"{""roll_deg"":41.0,""pitch_deg"":21.1,""steady"":true}"
58.906,right_hand,og,acc,2410368,"{""seq"":2861,""x_mg"":196,""y_mg"":588,""z_mg"":708}"
58.906,right_hand,og,tilt,,"{""roll_deg"":41.1,""pitch_deg"":21.1,""steady"":true}"
58.937,right_hand,og,acc,2410389,"{""seq"":2862,""x_mg"":192,""y_mg"":580,""z_mg"":724}"
58.937,right_hand,og,tilt,,"{""roll_deg"":41.1,""pitch_deg"":21.1,""steady"":true}"
58.968,right_hand,og,acc,2410409,"{""seq"":2863,""x_mg"":196,""y_mg"":568,""z_mg"":716}"
58.968,right_hand,og,tilt,,"{""roll_deg"":41.1,""pitch_deg"":21.1,""steady"":true}"
58.968,right_hand,og,acc,2410430,"{""seq"":2864,""x_mg"":200,""y_mg"":616,""z_mg"":692}"
58.968,right_hand,og,tilt,,"{""roll_deg"":41.1,""pitch_deg"":21.1,""steady"":true}"
59.000,right_hand,og,acc,2410450,"{""seq"":2865,""x_mg"":216,""y_mg"":668,""z_mg"":684}"
59.000,right_hand,og,tilt,,"{""roll_deg"":41.1,""pitch_deg"":21.2,""steady"":true}"
59.000,right_hand,og,acc,2410471,"{""seq"":2866,""x_mg"":160,""y_mg"":628,""z_mg"":700}"
59.000,right_hand,og,tilt,,"{""roll_deg"":41.1,""pitch_deg"":21.4,""steady"":true}"
59.031,right_hand,og,acc,2410491,"{""seq"":2867,""x_mg"":132,""y_mg"":580,""z_mg"":696}"
59.031,right_hand,og,tilt,,"{""roll_deg"":41.3,""pitch_deg"":21.4,""steady"":true}"
59.062,right_hand,og,acc,2410512,"{""seq"":2868,""x_mg"":172,""y_mg"":552,""z_mg"":708}"
59.062,right_hand,og,tilt,,"{""roll_deg"":41.3,""pitch_deg"":21.4,""steady"":true}"
59.062,right_hand,og,acc,2410533,"{""seq"":2869,""x_mg"":188,""y_mg"":672,""z_mg"":712}"
59.062,right_hand,og,tilt,,"{""roll_deg"":41.3,""pitch_deg"":21.4,""steady"":true}"
59.093,right_hand,og,acc,2410553,"{""seq"":2870,""x_mg"":148,""y_mg"":632,""z_mg"":724}"
59.093,right_hand,og,tilt,,"{""roll_deg"":41.3,""pitch_deg"":21.4,""steady"":true}"
59.125,right_hand,og,acc,2410574,"{""seq"":2871,""x_mg"":144,""y_mg"":700,""z_mg"":728}"
59.125,right_hand,og,tilt,,"{""roll_deg"":41.7,""pitch_deg"":21.4,""steady"":true}"
59.125,right_hand,og,acc,2410594,"{""seq"":2872,""x_mg"":176,""y_mg"":716,""z_mg"":740}"
59.125,right_hand,og,tilt,,"{""roll_deg"":42.2,""pitch_deg"":21.4,""steady"":true}"
59.156,right_hand,og,acc,2410615,"{""seq"":2873,""x_mg"":128,""y_mg"":668,""z_mg"":728}"
59.156,right_hand,og,tilt,,"{""roll_deg"":42.7,""pitch_deg"":21.4,""steady"":true}"
59.187,right_hand,og,acc,2410635,"{""seq"":2874,""x_mg"":124,""y_mg"":668,""z_mg"":760}"
59.187,right_hand,og,tilt,,"{""roll_deg"":42.9,""pitch_deg"":21.2,""steady"":true}"
59.187,right_hand,og,acc,2410656,"{""seq"":2875,""x_mg"":116,""y_mg"":588,""z_mg"":768}"
59.187,right_hand,og,tilt,,"{""roll_deg"":42.9,""pitch_deg"":20.7,""steady"":true}"
59.218,right_hand,og,acc,2410677,"{""seq"":2876,""x_mg"":156,""y_mg"":604,""z_mg"":756}"
59.218,right_hand,og,tilt,,"{""roll_deg"":42.9,""pitch_deg"":20.3,""steady"":true}"
59.250,right_hand,og,acc,2410697,"{""seq"":2877,""x_mg"":216,""y_mg"":544,""z_mg"":684}"
59.250,right_hand,og,tilt,,"{""roll_deg"":42.9,""pitch_deg"":20.3,""steady"":true}"
59.250,right_hand,og,acc,2410718,"{""seq"":2878,""x_mg"":112,""y_mg"":700,""z_mg"":700}"
59.250,right_hand,og,tilt,,"{""roll_deg"":42.8,""pitch_deg"":20.3,""steady"":true}"
59.281,right_hand,og,acc,2410738,"{""seq"":2879,""x_mg"":176,""y_mg"":648,""z_mg"":680}"
59.281,right_hand,og,tilt,,"{""roll_deg"":42.8,""pitch_deg"":20.3,""steady"":true}"
59.296,right_hand,og,acc,2410759,"{""seq"":2880,""x_mg"":156,""y_mg"":660,""z_mg"":712}"
59.296,right_hand,og,tilt,,"{""roll_deg"":42.8,""pitch_deg"":20.3,""steady"":true}"
59.328,right_hand,og,acc,2410779,"{""seq"":2881,""x_mg"":88,""y_mg"":480,""z_mg"":680}"
59.328,right_hand,og,tilt,,"{""roll_deg"":42.8,""pitch_deg"":20.3,""steady"":true}"
59.328,right_hand,og,acc,2410800,"{""seq"":2882,""x_mg"":160,""y_mg"":532,""z_mg"":748}"
59.328,right_hand,og,tilt,,"{""roll_deg"":42.8,""pitch_deg"":20.3,""steady"":true}"
59.375,right_hand,og,acc,2410821,"{""seq"":2883,""x_mg"":184,""y_mg"":596,""z_mg"":688}"
59.375,right_hand,og,tilt,,"{""roll_deg"":42.0,""pitch_deg"":20.3,""steady"":true}"
59.406,right_hand,og,acc,2410841,"{""seq"":2884,""x_mg"":168,""y_mg"":596,""z_mg"":688}"
59.406,right_hand,og,tilt,,"{""roll_deg"":42.0,""pitch_deg"":20.3,""steady"":true}"
59.406,right_hand,og,acc,2410862,"{""seq"":2885,""x_mg"":200,""y_mg"":628,""z_mg"":684}"
59.406,right_hand,og,tilt,,"{""roll_deg"":42.0,""pitch_deg"":20.3,""steady"":true}"
59.437,right_hand,og,acc,2410882,"{""seq"":2886,""x_mg"":200,""y_mg"":632,""z_mg"":740}"
59.437,right_hand,og,tilt,,"{""roll_deg"":42.0,""pitch_deg"":20.3,""steady"":true}"
59.437,right_hand,og,acc,2410903,"{""seq"":2887,""x_mg"":188,""y_mg"":632,""z_mg"":736}"
59.437,right_hand,og,tilt,,"{""roll_deg"":42.0,""pitch_deg"":20.5,""steady"":true}"
59.468,right_hand,og,acc,2410923,"{""seq"":2888,""x_mg"":156,""y_mg"":544,""z_mg"":760}"
59.468,right_hand,og,tilt,,"{""roll_deg"":42.0,""pitch_deg"":20.6,""steady"":true}"
59.500,right_hand,og,acc,2410944,"{""seq"":2889,""x_mg"":124,""y_mg"":488,""z_mg"":788}"
59.500,right_hand,og,tilt,,"{""roll_deg"":41.5,""pitch_deg"":20.6,""steady"":true}"
59.500,right_hand,og,acc,2410965,"{""seq"":2890,""x_mg"":176,""y_mg"":592,""z_mg"":844}"
59.500,right_hand,og,tilt,,"{""roll_deg"":40.6,""pitch_deg"":20.6,""steady"":true}"
59.515,right_hand,og,acc,2410985,"{""seq"":2891,""x_mg"":148,""y_mg"":476,""z_mg"":892}"
59.515,right_hand,og,tilt,,"{""roll_deg"":39.1,""pitch_deg"":20.6,""steady"":true}"
59.546,right_hand,og,acc,2411006,"{""seq"":2892,""x_mg"":148,""y_mg"":524,""z_mg"":872}"
59.546,right_hand,og,tilt,,"{""roll_deg"":37.5,""pitch_deg"":20.6,""steady"":true}"
59.578,right_hand,og,acc,2411026,"{""seq"":2893,""x_mg"":160,""y_mg"":580,""z_mg"":860}"
59.578,right_hand,og,tilt,,"{""roll_deg"":36.3,""pitch_deg"":20.6,""steady"":true}"
59.578,right_hand,og,acc,2411047,"{""seq"":2894,""x_mg"":136,""y_mg"":592,""z_mg"":840}"
59.578,right_hand,og,tilt,,"{""roll_deg"":36.2,""pitch_deg"":20.6,""steady"":true}"
59.609,right_hand,og,acc,2411067,"{""seq"":2895,""x_mg"":116,""y_mg"":580,""z_mg"":792}"
59.609,right_hand,og,tilt,,"{""roll_deg"":36.2,""pitch_deg"":20.6,""steady"":true}"
59.640,right_hand,og,acc,2411088,"{""seq"":2896,""x_mg"":140,""y_mg"":564,""z_mg"":760}"
59.640,right_hand,og,tilt,,"{""roll_deg"":36.2,""pitch_deg"":20.4,""steady"":true}"
59.640,right_hand,og,acc,2411108,"{""seq"":2897,""x_mg"":212,""y_mg"":528,""z_mg"":756}"
59.640,right_hand,og,tilt,,"{""roll_deg"":36.3,""pitch_deg"":20.3,""steady"":true}"
59.671,right_hand,og,acc,2411129,"{""seq"":2898,""x_mg"":236,""y_mg"":516,""z_mg"":732}"
59.671,right_hand,og,tilt,,"{""roll_deg"":36.3,""pitch_deg"":20.3,""steady"":true}"
59.687,right_hand,og,acc,2411150,"{""seq"":2899,""x_mg"":224,""y_mg"":524,""z_mg"":712}"
59.703,right_hand,og,tilt,,"{""roll_deg"":36.3,""pitch_deg"":20.4,""steady"":true}"
59.718,right_hand,og,acc,2411170,"{""seq"":2900,""x_mg"":216,""y_mg"":528,""z_mg"":716}"
59.718,right_hand,og,tilt,,"{""roll_deg"":36.3,""pitch_deg"":21.0,""steady"":true}"
59.718,right_hand,og,acc,2411191,"{""seq"":2901,""x_mg"":212,""y_mg"":564,""z_mg"":732}"
59.718,right_hand,og,tilt,,"{""roll_deg"":36.3,""pitch_deg"":21.6,""steady"":true}"
59.750,right_hand,og,acc,2411211,"{""seq"":2902,""x_mg"":212,""y_mg"":564,""z_mg"":724}"
59.750,right_hand,og,tilt,,"{""roll_deg"":36.5,""pitch_deg"":22.0,""steady"":true}"
59.781,right_hand,og,acc,2411232,"{""seq"":2903,""x_mg"":216,""y_mg"":584,""z_mg"":716}"
59.781,right_hand,og,tilt,,"{""roll_deg"":36.6,""pitch_deg"":22.3,""steady"":true}"
59.781,right_hand,og,acc,2411252,"{""seq"":2904,""x_mg"":212,""y_mg"":576,""z_mg"":724}"
59.781,right_hand,og,tilt,,"{""roll_deg"":36.8,""pitch_deg"":22.5,""steady"":true}"
59.812,right_hand,og,acc,2411273,"{""seq"":2905,""x_mg"":192,""y_mg"":588,""z_mg"":716}"
59.812,right_hand,og,tilt,,"{""roll_deg"":37.1,""pitch_deg"":22.7,""steady"":true}"
59.843,right_hand,og,acc,2411294,"{""seq"":2906,""x_mg"":184,""y_mg"":608,""z_mg"":728}"
59.843,right_hand,og,tilt,,"{""roll_deg"":37.6,""pitch_deg"":22.7,""steady"":true}"
59.843,right_hand,og,acc,2411314,"{""seq"":2907,""x_mg"":192,""y_mg"":612,""z_mg"":724}"
59.843,right_hand,og,tilt,,"{""roll_deg"":38.1,""pitch_deg"":22.7,""steady"":true}"
59.875,right_hand,og,acc,2411335,"{""seq"":2908,""x_mg"":176,""y_mg"":628,""z_mg"":720}"
59.875,right_hand,og,tilt,,"{""roll_deg"":38.6,""pitch_deg"":22.7,""steady"":true}"
59.875,right_hand,og,acc,2411355,"{""seq"":2909,""x_mg"":188,""y_mg"":636,""z_mg"":724}"
59.875,right_hand,og,tilt,,"{""roll_deg"":39.3,""pitch_deg"":22.7,""steady"":true}"
59.906,right_hand,og,acc,2411376,"{""seq"":2910,""x_mg"":176,""y_mg"":648,""z_mg"":708}"
59.906,right_hand,og,tilt,,"{""roll_deg"":39.9,""pitch_deg"":22.7,""steady"":true}"
59.937,right_hand,og,acc,2411396,"{""seq"":2911,""x_mg"":192,""y_mg"":636,""z_mg"":700}"
59.937,right_hand,og,tilt,,"{""roll_deg"":40.5,""pitch_deg"":22.7,""steady"":true}"
59.968,right_hand,og,acc,2411417,"{""seq"":2912,""x_mg"":188,""y_mg"":616,""z_mg"":740}"
59.968,right_hand,og,tilt,,"{""roll_deg"":41.1,""pitch_deg"":22.7,""steady"":true}"
60.000,right_hand,og,acc,2411438,"{""seq"":2913,""x_mg"":176,""y_mg"":560,""z_mg"":788}"
60.000,right_hand,og,tilt,,"{""roll_deg"":41.1,""pitch_deg"":22.7,""steady"":true}"
60.000,right_hand,og,acc,2411458,"{""seq"":2914,""x_mg"":168,""y_mg"":556,""z_mg"":780}"
60.000,right_hand,og,tilt,,"{""roll_deg"":41.1,""pitch_deg"":22.7,""steady"":true}"
60.031,right_hand,og,acc,2411479,"{""seq"":2915,""x_mg"":164,""y_mg"":596,""z_mg"":740}"
60.031,right_hand,og,tilt,,"{""roll_deg"":40.7,""pitch_deg"":22.7,""steady"":true}"
60.062,right_hand,og,acc,2411499,"{""seq"":2916,""x_mg"":180,""y_mg"":608,""z_mg"":736}"
60.062,right_hand,og,tilt,,"{""roll_deg"":40.7,""pitch_deg"":22.5,""steady"":true}"
60.062,right_hand,og,acc,2411520,"{""seq"":2917,""x_mg"":164,""y_mg"":656,""z_mg"":760}"
60.062,right_hand,og,tilt,,"{""roll_deg"":40.7,""pitch_deg"":22.4,""steady"":true}"
60.093,right_hand,og,acc,2411540,"{""seq"":2918,""x_mg"":180,""y_mg"":604,""z_mg"":748}"
60.093,right_hand,og,tilt,,"{""roll_deg"":40.7,""pitch_deg"":22.3,""steady"":true}"
60.109,right_hand,og,acc,2411561,"{""seq"":2919,""x_mg"":156,""y_mg"":592,""z_mg"":744}"
60.109,right_hand,og,tilt,,"{""roll_deg"":40.7,""pitch_deg"":22.1,""steady"":true}"
60.109,right_hand,og,acc,2411581,"{""seq"":2920,""x_mg"":172,""y_mg"":628,""z_mg"":732}"
60.109,right_hand,og,tilt,,"{""roll_deg"":40.7,""pitch_deg"":22.1,""steady"":true}"
60.140,right_hand,og,acc,2411602,"{""seq"":2921,""x_mg"":176,""y_mg"":652,""z_mg"":752}"
60.140,right_hand,og,tilt,,"{""roll_deg"":40.7,""pitch_deg"":22.0,""steady"":true}"
60.171,right_hand,og,acc,2411623,"{""seq"":2922,""x_mg"":184,""y_mg"":624,""z_mg"":752}"
60.171,right_hand,og,tilt,,"{""roll_deg"":40.7,""pitch_deg"":21.9,""steady"":true}"
60.203,right_hand,og,acc,2411643,"{""seq"":2923,""x_mg"":192,""y_mg"":548,""z_mg"":744}"
60.203,right_hand,og,tilt,,"{""roll_deg"":40.7,""pitch_deg"":21.9,""steady"":true}"
60.203,right_hand,og,acc,2411664,"{""seq"":2924,""x_mg"":196,""y_mg"":512,""z_mg"":752}"
60.203,right_hand,og,tilt,,"{""roll_deg"":40.7,""pitch_deg"":21.9,""steady"":true}"
60.234,right_hand,og,acc,2411684,"{""seq"":2925,""x_mg"":224,""y_mg"":480,""z_mg"":756}"
60.234,right_hand,og,tilt,,"{""roll_deg"":40.4,""pitch_deg"":21.9,""steady"":true}"
60.234,right_hand,og,acc,2411705,"{""seq"":2926,""x_mg"":200,""y_mg"":504,""z_mg"":752}"
60.234,right_hand,og,tilt,,"{""roll_deg"":39.5,""pitch_deg"":21.9,""steady"":true}"
60.265,right_hand,og,acc,2411725,"{""seq"":2927,""x_mg"":192,""y_mg"":516,""z_mg"":752}"
60.265,right_hand,og,tilt,,"{""roll_deg"":38.8,""pitch_deg"":21.9,""steady"":true}"
60.296,right_hand,og,acc,2411746,"{""seq"":2928,""x_mg"":184,""y_mg"":552,""z_mg"":748}"
60.296,right_hand,og,tilt,,"{""roll_deg"":38.2,""pitch_deg"":21.9,""steady"":true}"
60.296,right_hand,og,acc,2411767,"{""seq"":2929,""x_mg"":184,""y_mg"":588,""z_mg"":740}"
60.296,right_hand,og,tilt,,"{""roll_deg"":38.2,""pitch_deg"":21.9,""steady"":true}"
60.312,right_hand,og,acc,2411787,"{""seq"":2930,""x_mg"":184,""y_mg"":584,""z_mg"":732}"
60.312,right_hand,og,tilt,,"{""roll_deg"":38.2,""pitch_deg"":21.9,""steady"":true}"
60.343,right_hand,og,acc,2411808,"{""seq"":2931,""x_mg"":184,""y_mg"":572,""z_mg"":752}"
60.343,right_hand,og,tilt,,"{""roll_deg"":38.2,""pitch_deg"":21.9,""steady"":true}"
60.375,right_hand,og,acc,2411828,"{""seq"":2932,""x_mg"":172,""y_mg"":632,""z_mg"":720}"
60.375,right_hand,og,tilt,,"{""roll_deg"":38.2,""pitch_deg"":21.9,""steady"":true}"
60.375,right_hand,og,acc,2411849,"{""seq"":2933,""x_mg"":160,""y_mg"":684,""z_mg"":680}"
60.375,right_hand,og,tilt,,"{""roll_deg"":38.4,""pitch_deg"":21.9,""steady"":true}"
60.406,right_hand,og,acc,2411869,"{""seq"":2934,""x_mg"":152,""y_mg"":728,""z_mg"":668}"
60.406,right_hand,og,tilt,,"{""roll_deg"":39.5,""pitch_deg"":21.9,""steady"":true}"
60.437,right_hand,og,acc,2411890,"{""seq"":2935,""x_mg"":156,""y_mg"":768,""z_mg"":644}"
60.437,right_hand,og,tilt,,"{""roll_deg"":41.6,""pitch_deg"":21.9,""steady"":true}"
60.437,right_hand,og,acc,2411911,"{""seq"":2936,""x_mg"":148,""y_mg"":728,""z_mg"":672}"
60.437,right_hand,og,tilt,,"{""roll_deg"":43.5,""pitch_deg"":21.9,""steady"":true}"
60.468,right_hand,og,acc,2411931,"{""seq"":2937,""x_mg"":160,""y_mg"":672,""z_mg"":680}"
60.468,right_hand,og,tilt,,"{""roll_deg"":44.8,""pitch_deg"":21.7,""steady"":true}"
60.500,right_hand,og,acc,2411952,"{""seq"":2938,""x_mg"":168,""y_mg"":656,""z_mg"":680}"
60.500,right_hand,og,tilt,,"{""roll_deg"":45.0,""pitch_deg"":21.6,""steady"":true}"
60.500,right_hand,og,acc,2411972,"{""seq"":2939,""x_mg"":168,""y_mg"":636,""z_mg"":692}"
60.500,right_hand,og,tilt,,"{""roll_deg"":45.0,""pitch_deg"":21.5,""steady"":true}"
60.531,right_hand,og,acc,2411993,"{""seq"":2940,""x_mg"":168,""y_mg"":616,""z_mg"":756}"
60.531,right_hand,og,tremor,,"{""rms_mg"":31.0,""peak_hz"":5.1}"
60.531,right_hand,og,tilt,,"{""roll_deg"":45.0,""pitch_deg"":21.5,""steady"":true}"
60.578,right_hand,og,acc,2412013,"{""seq"":2941,""x_mg"":148,""y_mg"":620,""z_mg"":744}"
60.578,right_hand,og,tilt,,"{""roll_deg"":44.8,""pitch_deg"":21.5,""steady"":true}"
60.578,right_hand,og,acc,2412034,"{""seq"":2942,""x_mg"":172,""y_mg"":572,""z_mg"":732}"
60.578,right_hand,og,tilt,,"{""roll_deg"":44.4,""pitch_deg"":21.5,""steady"":true}"
60.609,right_hand,og,acc,2412055,"{""seq"":2943,""x_mg"":156,""y_mg"":576,""z_mg"":720}"
60.609,right_hand,og,tilt,,"{""roll_deg"":44.1,""pitch_deg"":21.4,""steady"":true}"
60.609,right_hand,og,acc,2412075,"{""seq"":2944,""x_mg"":184,""y_mg"":624,""z_mg"":704}"
60.609,right_hand,og,tilt,,"{""roll_deg"":43.8,""pitch_deg"":21.4,""steady"":true}"
60.640,right_hand,og,acc,2412096,"{""seq"":2945,""x_mg"":188,""y_mg"":656,""z_mg"":708}"
60.640,right_hand,og,tilt,,"{""roll_deg"":43.7,""pitch_deg"":21.4,""steady"":true}"
60.671,right_hand,og,acc,2412116,"{""seq"":2946,""x_mg"":180,""y_mg"":688,""z_mg"":696}"
60.671,right_hand,og,tilt,,"{""roll_deg"":43.7,""pitch_deg"":21.4,""steady"":true}"
60.671,right_hand,og,acc,2412137,"{""seq"":2947,""x_mg"":160,""y_mg"":652,""z_mg"":704}"
60.671,right_hand,og,tilt,,"{""roll_deg"":43.7,""pitch_deg"":21.4,""steady"":true}"
60.703,right_hand,og,acc,2412157,"{""seq"":2948,""x_mg"":152,""y_mg"":640,""z_mg"":724}"
60.703,right_hand,og,tilt,,"{""roll_deg"":43.7,""pitch_deg"":21.4,""steady"":true}"
60.734,right_hand,og,acc,2412178,"{""seq"":2949,""x_mg"":176,""y_mg"":616,""z_mg"":712}"
60.734,right_hand,og,tilt,,"{""roll_deg"":43.7,""pitch_deg"":21.4,""steady"":true}"
60.734,right_hand,og,acc,2412198,"{""seq"":2950,""x_mg"":156,""y_mg"":608,""z_mg"":704}"
60.734,right_hand,og,tilt,,"{""roll_deg"":43.7,""pitch_deg"":21.4,""steady"":true}"
60.765,right_hand,og,acc,2412219,"{""seq"":2951,""x_mg"":176,""y_mg"":596,""z_mg"":736}"
60.765,right_hand,og,tilt,,"{""roll_deg"":43.6,""pitch_deg"":21.4,""steady"":true}"
60.796,right_hand,og,acc,2412240,"{""seq"":2952,""x_mg"":188,""y_mg"":608,""z_mg"":740}"
60.796,right_hand,og,tilt,,"{""roll_deg"":43.3,""pitch_deg"":21.4,""steady"":true}"
60.796,right_hand,og,acc,2412260,"{""seq"":2953,""x_mg"":148,""y_mg"":592,""z_mg"":732}"
60.796,right_hand,og,tilt,,"{""roll_deg"":43.0,""pitch_deg"":21.4,""steady"":true}"
60.828,right_hand,og,acc,2412281,"{""seq"":2954,""x_mg"":160,""y_mg"":608,""z_mg"":732}"
60.828,right_hand,og,tilt,,"{""roll_deg"":42.7,""pitch_deg"":21.4,""steady"":true}"
60.859,right_hand,og,acc,2412301,"{""seq"":2955,""x_mg"":160,""y_mg"":576,""z_mg"":768}"
60.859,right_hand,og,tilt,,"{""roll_deg"":42.4,""pitch_deg"":21.4,""steady"":true}"
60.859,right_hand,og,acc,2412322,"{""seq"":2956,""x_mg"":152,""y_mg"":584,""z_mg"":752}"
60.859,right_hand,og,tilt,,"{""roll_deg"":41.9,""pitch_deg"":21.4,""steady"":true}"
60.890,right_hand,og,acc,2412342,"{""seq"":2957,""x_mg"":176,""y_mg"":588,""z_mg"":776}"
60.890,right_hand,og,tilt,,"{""roll_deg"":41.3,""pitch_deg"":21.3,""steady"":true}"
60.890,right_hand,og,acc,2412363,"{""seq"":2958,""x_mg"":164,""y_mg"":592,""z_mg"":744}"
60.890,right_hand,og,tilt,,"{""roll_deg"":41.0,""pitch_deg"":21.3,""steady"":true}"
60.921,right_hand,og,acc,2412384,"{""seq"":2959,""x_mg"":168,""y_mg"":608,""z_mg"":728}"
60.921,right_hand,og,tilt,,"{""roll_deg"":40.9,""pitch_deg"":21.3,""steady"":true}"
60.953,right_hand,og,acc,2412404,"{""seq"":2960,""x_mg"":168,""y_mg"":632,""z_mg"":736}"
60.953,right_hand,og,tilt,,"{""roll_deg"":40.9,""pitch_deg"":21.3,""steady"":true}"
60.953,right_hand,og,acc,2412425,"{""seq"":2961,""x_mg"":180,""y_mg"":636,""z_mg"":736}"
60.953,right_hand,og,tilt,,"{""roll_deg"":40.9,""pitch_deg"":21.3,""steady"":true}"
60.968,right_hand,og,acc,2412445,"{""seq"":2962,""x_mg"":172,""y_mg"":624,""z_mg"":728}"
60.968,right_hand,og,tilt,,"{""roll_deg"":40.9,""pitch_deg"":21.3,""steady"":true}"
61.000,right_hand,og,acc,2412466,"{""seq"":2963,""x_mg"":164,""y_mg"":596,""z_mg"":732}"
61.000,right_hand,og,tilt,,"{""roll_deg"":40.9,""pitch_deg"":21.3,""steady"":true}"
61.031,right_hand,og,acc,2412486,"{""seq"":2964,""x_mg"":176,""y_mg"":564,""z_mg"":744}"
61.031,right_hand,og,tilt,,"{""roll_deg"":40.9,""pitch_deg"":21.3,""steady"":true}"
61.031,right_hand,og,acc,2412507,"{""seq"":2965,""x_mg"":192,""y_mg"":544,""z_mg"":752}"
61.031,right_hand,og,tilt,,"{""roll_deg"":40.9,""pitch_deg"":21.3,""steady"":true}"
61.062,right_hand,og,acc,2412528,"{""seq"":2966,""x_mg"":184,""y_mg"":528,""z_mg"":768}"
61.062,right_hand,og,tilt,,"{""roll_deg"":40.5,""pitch_deg"":21.3,""steady"":true}"
61.093,right_hand,og,acc,2412548,"{""seq"":2967,""x_mg"":180,""y_mg"":540,""z_mg"":760}"
61.093,right_hand,og,tilt,,"{""roll_deg"":39.9,""pitch_deg"":21.3,""steady"":true}"
61.093,right_hand,og,acc,2412569,"{""seq"":2968,""x_mg"":176,""y_mg"":564,""z_mg"":756}"
61.093,right_hand,og,tilt,,"{""roll_deg"":39.4,""pitch_deg"":21.3,""steady"":true}"
61.125,,game,miss,,"{""n"":27,""speed"":0.2}"
61.125,right_hand,og,acc,2412589,"{""seq"":2969,""x_mg"":184,""y_mg"":568,""z_mg"":792}"
61.125,right_hand,og,tilt,,"{""roll_deg"":39.0,""pitch_deg"":21.3,""steady"":true}"
61.156,right_hand,og,acc,2412610,"{""seq"":2970,""x_mg"":168,""y_mg"":596,""z_mg"":756}"
61.156,right_hand,og,tilt,,"{""roll_deg"":38.9,""pitch_deg"":21.3,""steady"":true}"
61.156,right_hand,og,acc,2412630,"{""seq"":2971,""x_mg"":160,""y_mg"":572,""z_mg"":784}"
61.156,right_hand,og,tilt,,"{""roll_deg"":38.7,""pitch_deg"":21.3,""steady"":true}"
61.171,right_hand,og,acc,2412651,"{""seq"":2972,""x_mg"":164,""y_mg"":588,""z_mg"":772}"
61.171,right_hand,og,tilt,,"{""roll_deg"":38.7,""pitch_deg"":21.3,""steady"":true}"
61.203,right_hand,og,acc,2412671,"{""seq"":2973,""x_mg"":188,""y_mg"":584,""z_mg"":744}"
61.203,right_hand,og,tilt,,"{""roll_deg"":38.7,""pitch_deg"":21.3,""steady"":true}"
61.234,right_hand,og,acc,2412692,"{""seq"":2974,""x_mg"":192,""y_mg"":540,""z_mg"":768}"
61.234,right_hand,og,tilt,,"{""roll_deg"":38.7,""pitch_deg"":21.3,""steady"":true}"
61.234,right_hand,og,acc,2412713,"{""seq"":2975,""x_mg"":184,""y_mg"":552,""z_mg"":756}"
61.234,right_hand,og,tilt,,"{""roll_deg"":38.7,""pitch_deg"":21.3,""steady"":true}"
61.281,right_hand,og,acc,2412733,"{""seq"":2976,""x_mg"":192,""y_mg"":552,""z_mg"":760}"
61.281,right_hand,og,tilt,,"{""roll_deg"":38.6,""pitch_deg"":21.3,""steady"":true}"
61.312,right_hand,og,acc,2412754,"{""seq"":2977,""x_mg"":172,""y_mg"":584,""z_mg"":752}"
61.312,right_hand,og,tilt,,"{""roll_deg"":38.5,""pitch_deg"":21.3,""steady"":true}"
61.312,right_hand,og,acc,2412774,"{""seq"":2978,""x_mg"":148,""y_mg"":604,""z_mg"":752}"
61.312,right_hand,og,tilt,,"{""roll_deg"":38.5,""pitch_deg"":21.3,""steady"":true}"
61.343,right_hand,og,acc,2412795,"{""seq"":2979,""x_mg"":176,""y_mg"":580,""z_mg"":748}"
61.343,right_hand,og,tilt,,"{""roll_deg"":38.5,""pitch_deg"":21.3,""steady"":true}"
61.359,right_hand,og,acc,2412815,"{""seq"":2980,""x_mg"":188,""y_mg"":576,""z_mg"":764}"
61.359,right_hand,og,tilt,,"{""roll_deg"":38.5,""pitch_deg"":21.3,""steady"":true}"
61.359,right_hand,og,acc,2412836,"{""seq"":2981,""x_mg"":188,""y_mg"":588,""z_mg"":732}"
61.359,right_hand,og,tilt,,"{""roll_deg"":38.5,""pitch_deg"":21.3,""steady"":true}"
61.390,right_hand,og,acc,2412857,"{""seq"":2982,""x_mg"":172,""y_mg"":596,""z_mg"":728}"
61.390,right_hand,og,tilt,,"{""roll_deg"":38.5,""pitch_deg"":21.3,""steady"":true}"
61.421,right_hand,og,acc,2412877,"{""seq"":2983,""x_mg"":176,""y_mg"":604,""z_mg"":720}"
61.421,right_hand,og,tilt,,"{""roll_deg"":38.5,""pitch_deg"":21.3,""steady"":true}"
61.453,right_hand,og,acc,2412898,"{""seq"":2984,""x_mg"":180,""y_mg"":624,""z_mg"":732}"
61.453,right_hand,og,tilt,,"{""roll_deg"":38.6,""pitch_deg"":21.3,""steady"":true}"
61.453,right_hand,og,acc,2412918,"{""seq"":2985,""x_mg"":204,""y_mg"":648,""z_mg"":720}"
61.453,right_hand,og,tilt,,"{""roll_deg"":39.0,""pitch_deg"":21.3,""steady"":true}"
61.484,right_hand,og,acc,2412939,"{""seq"":2986,""x_mg"":164,""y_mg"":636,""z_mg"":708}"
61.484,right_hand,og,tilt,,"{""roll_deg"":39.6,""pitch_deg"":21.3,""steady"":true}"
61.515,right_hand,og,acc,2412959,"{""seq"":2987,""x_mg"":180,""y_mg"":616,""z_mg"":720}"
61.515,right_hand,og,tilt,,"{""roll_deg"":40.1,""pitch_deg"":21.3,""steady"":true}"
61.515,right_hand,og,acc,2412980,"{""seq"":2988,""x_mg"":168,""y_mg"":564,""z_mg"":728}"
61.515,right_hand,og,tilt,,"{""roll_deg"":40.4,""pitch_deg"":21.3,""steady"":true}"
61.546,right_hand,og,acc,2413001,"{""seq"":2989,""x_mg"":196,""y_mg"":540,""z_mg"":740}"
61.546,right_hand,og,tilt,,"{""roll_deg"":40.4,""pitch_deg"":21.3,""steady"":true}"
61.578,right_hand,og,acc,2413021,"{""seq"":2990,""x_mg"":196,""y_mg"":544,""z_mg"":748}"
61.578,right_hand,og,tilt,,"{""roll_deg"":40.4,""pitch_deg"":21.3,""steady"":true}"
61.578,right_hand,og,acc,2413042,"{""seq"":2991,""x_mg"":172,""y_mg"":564,""z_mg"":744}"
61.578,right_hand,og,tilt,,"{""roll_deg"":40.4,""pitch_deg"":21.4,""steady"":true}"
61.593,right_hand,og,acc,2413062,"{""seq"":2992,""x_mg"":160,""y_mg"":616,""z_mg"":740}"
61.593,right_hand,og,tilt,,"{""roll_deg"":40.3,""pitch_deg"":21.4,""steady"":true}"
61.625,right_hand,og,acc,2413083,"{""seq"":2993,""x_mg"":176,""y_mg"":612,""z_mg"":732}"
61.625,right_hand,og,tilt,,"{""roll_deg"":40.3,""pitch_deg"":21.4,""steady"":true}"
61.656,right_hand,og,acc,2413103,"{""seq"":2994,""x_mg"":188,""y_mg"":604,""z_mg"":740}"
61.656,right_hand,og,tilt,,"{""roll_deg"":40.3,""pitch_deg"":21.4,""steady"":true}"
61.656,right_hand,og,acc,2413124,"{""seq"":2995,""x_mg"":160,""y_mg"":564,""z_mg"":756}"
61.656,right_hand,og,tilt,,"{""roll_deg"":40.3,""pitch_deg"":21.4,""steady"":true}"
61.687,right_hand,og,acc,2413145,"{""seq"":2996,""x_mg"":164,""y_mg"":612,""z_mg"":740}"
61.687,right_hand,og,tilt,,"{""roll_deg"":40.3,""pitch_deg"":21.4,""steady"":true}"
61.718,right_hand,og,acc,2413165,"{""seq"":2997,""x_mg"":164,""y_mg"":636,""z_mg"":748}"
61.718,right_hand,og,tilt,,"{""roll_deg"":40.3,""pitch_deg"":21.4,""steady"":true}"
61.718,right_hand,og,acc,2413186,"{""seq"":2998,""x_mg"":160,""y_mg"":620,""z_mg"":748}"
61.718,right_hand,og,tilt,,"{""roll_deg"":40.3,""pitch_deg"":21.4,""steady"":true}"
61.750,right_hand,og,acc,2413206,"{""seq"":2999,""x_mg"":160,""y_mg"":600,""z_mg"":744}"
61.750,right_hand,og,tilt,,"{""roll_deg"":40.3,""pitch_deg"":21.4,""steady"":true}"
61.765,right_hand,og,acc,2413227,"{""seq"":3000,""x_mg"":152,""y_mg"":572,""z_mg"":732}"
61.765,right_hand,og,tilt,,"{""roll_deg"":40.3,""pitch_deg"":21.4,""steady"":true}"
61.796,right_hand,og,acc,2413247,"{""seq"":3001,""x_mg"":160,""y_mg"":580,""z_mg"":736}"
61.796,right_hand,og,tilt,,"{""roll_deg"":40.3,""pitch_deg"":21.4,""steady"":true}"
61.796,right_hand,og,acc,2413268,"{""seq"":3002,""x_mg"":184,""y_mg"":612,""z_mg"":712}"
61.796,right_hand,og,tilt,,"{""roll_deg"":40.3,""pitch_deg"":21.4,""steady"":true}"
61.828,right_hand,og,acc,2413289,"{""seq"":3003,""x_mg"":176,""y_mg"":636,""z_mg"":704}"
61.828,right_hand,og,tilt,,"{""roll_deg"":40.3,""pitch_deg"":21.4,""steady"":true}"
61.859,right_hand,og,acc,2413309,"{""seq"":3004,""x_mg"":176,""y_mg"":648,""z_mg"":700}"
61.859,right_hand,og,tilt,,"{""roll_deg"":40.4,""pitch_deg"":21.4,""steady"":true}"
61.859,right_hand,og,acc,2413330,"{""seq"":3005,""x_mg"":132,""y_mg"":652,""z_mg"":708}"
61.859,right_hand,og,tilt,,"{""roll_deg"":40.9,""pitch_deg"":21.4,""steady"":true}"
61.890,right_hand,og,acc,2413350,"{""seq"":3006,""x_mg"":164,""y_mg"":668,""z_mg"":720}"
61.890,right_hand,og,tilt,,"{""roll_deg"":41.4,""pitch_deg"":21.4,""steady"":true}"
61.921,right_hand,og,acc,2413371,"{""seq"":3007,""x_mg"":160,""y_mg"":628,""z_mg"":720}"
61.921,right_hand,og,tilt,,"{""roll_deg"":41.8,""pitch_deg"":21.4,""steady"":true}"
61.921,right_hand,og,acc,2413391,"{""seq"":3008,""x_mg"":144,""y_mg"":644,""z_mg"":724}"
61.921,right_hand,og,tilt,,"{""roll_deg"":42.0,""pitch_deg"":21.4,""steady"":true}"
61.968,right_hand,og,acc,2413412,"{""seq"":3009,""x_mg"":164,""y_mg"":668,""z_mg"":712}"
61.968,right_hand,og,tilt,,"{""roll_deg"":42.1,""pitch_deg"":21.4,""steady"":true}"
61.968,right_hand,og,acc,2413433,"{""seq"":3010,""x_mg"":180,""y_mg"":668,""z_mg"":728}"
61.968,right_hand,og,tilt,,"{""roll_deg"":42.4,""pitch_deg"":21.3,""steady"":true}"
61.984,right_hand,og,acc,2413453,"{""seq"":3011,""x_mg"":148,""y_mg"":620,""z_mg"":720}"
61.984,right_hand,og,tilt,,"{""roll_deg"":42.5,""pitch_deg"":21.3,""steady"":true}"
62.015,right_hand,og,acc,2413474,"{""seq"":3012,""x_mg"":152,""y_mg"":596,""z_mg"":728}"
62.015,right_hand,og,tilt,,"{""roll_deg"":42.5,""pitch_deg"":21.2,""steady"":true}"
62.046,right_hand,og,acc,2413494,"{""seq"":3013,""x_mg"":164,""y_mg"":624,""z_mg"":724}"
62.046,right_hand,og,tilt,,"{""roll_deg"":42.5,""pitch_deg"":21.1,""steady"":true}"
62.078,right_hand,og,acc,2413515,"{""seq"":3014,""x_mg"":196,""y_mg"":632,""z_mg"":708}"
62.078,right_hand,og,tilt,,"{""roll_deg"":42.5,""pitch_deg"":21.1,""steady"":true}"
62.078,right_hand,og,acc,2413535,"{""seq"":3015,""x_mg"":156,""y_mg"":608,""z_mg"":712}"
62.078,right_hand,og,tilt,,"{""roll_deg"":42.5,""pitch_deg"":21.1,""steady"":true}"
62.109,right_hand,og,acc,2413556,"{""seq"":3016,""x_mg"":156,""y_mg"":636,""z_mg"":720}"
62.109,right_hand,og,tilt,,"{""roll_deg"":42.5,""pitch_deg"":21.1,""steady"":true}"
62.109,right_hand,og,acc,2413576,"{""seq"":3017,""x_mg"":180,""y_mg"":652,""z_mg"":688}"
62.109,right_hand,og,tilt,,"{""roll_deg"":42.5,""pitch_deg"":21.1,""steady"":true}"
62.140,right_hand,og,acc,2413597,"{""seq"":3018,""x_mg"":172,""y_mg"":628,""z_mg"":672}"
62.140,right_hand,og,tilt,,"{""roll_deg"":42.5,""pitch_deg"":21.1,""steady"":true}"
62.171,right_hand,og,acc,2413618,"{""seq"":3019,""x_mg"":204,""y_mg"":616,""z_mg"":688}"
62.171,right_hand,og,tilt,,"{""roll_deg"":42.6,""pitch_deg"":21.1,""steady"":true}"
62.171,right_hand,og,acc,2413638,"{""seq"":3020,""x_mg"":172,""y_mg"":636,""z_mg"":688}"
62.171,right_hand,og,tilt,,"{""roll_deg"":42.8,""pitch_deg"":21.1,""steady"":true}"
62.187,right_hand,og,acc,2413659,"{""seq"":3021,""x_mg"":160,""y_mg"":644,""z_mg"":700}"
62.187,right_hand,og,tilt,,"{""roll_deg"":42.9,""pitch_deg"":21.1,""steady"":true}"
62.218,right_hand,og,acc,2413679,"{""seq"":3022,""x_mg"":164,""y_mg"":656,""z_mg"":708}"
62.218,right_hand,og,tilt,,"{""roll_deg"":43.0,""pitch_deg"":21.1,""steady"":true}"
62.250,right_hand,og,acc,2413700,"{""seq"":3023,""x_mg"":180,""y_mg"":656,""z_mg"":716}"
62.250,right_hand,og,tilt,,"{""roll_deg"":43.0,""pitch_deg"":21.1,""steady"":true}"
62.250,right_hand,og,acc,2413720,"{""seq"":3024,""x_mg"":168,""y_mg"":632,""z_mg"":700}"
62.250,right_hand,og,tilt,,"{""roll_deg"":43.1,""pitch_deg"":21.1,""steady"":true}"
62.281,right_hand,og,acc,2413741,"{""seq"":3025,""x_mg"":164,""y_mg"":620,""z_mg"":700}"
62.281,right_hand,og,tilt,,"{""roll_deg"":43.1,""pitch_deg"":21.1,""steady"":true}"
62.312,right_hand,og,acc,2413762,"{""seq"":3026,""x_mg"":176,""y_mg"":636,""z_mg"":700}"
62.312,right_hand,og,tilt,,"{""roll_deg"":43.1,""pitch_deg"":21.1,""steady"":true}"
62.312,right_hand,og,acc,2413782,"{""seq"":3027,""x_mg"":184,""y_mg"":656,""z_mg"":684}"
62.312,right_hand,og,tilt,,"{""roll_deg"":43.1,""pitch_deg"":21.1,""steady"":true}"
62.343,right_hand,og,acc,2413803,"{""seq"":3028,""x_mg"":188,""y_mg"":656,""z_mg"":676}"
62.343,right_hand,og,tilt,,"{""roll_deg"":43.2,""pitch_deg"":21.1,""steady"":true}"
62.375,right_hand,og,acc,2413823,"{""seq"":3029,""x_mg"":192,""y_mg"":656,""z_mg"":680}"
62.375,right_hand,og,tilt,,"{""roll_deg"":43.4,""pitch_deg"":21.1,""steady"":true}"
62.375,right_hand,og,acc,2413844,"{""seq"":3030,""x_mg"":184,""y_mg"":656,""z_mg"":684}"
62.375,right_hand,og,tilt,,"{""roll_deg"":43.6,""pitch_deg"":21.1,""steady"":true}"
62.390,right_hand,og,acc,2413864,"{""seq"":3031,""x_mg"":176,""y_mg"":656,""z_mg"":688}"
62.390,right_hand,og,tilt,,"{""roll_deg"":43.7,""pitch_deg"":21.1,""steady"":true}"
62.421,right_hand,og,acc,2413885,"{""seq"":3032,""x_mg"":152,""y_mg"":652,""z_mg"":704}"
62.421,right_hand,og,tilt,,"{""roll_deg"":43.8,""pitch_deg"":21.1,""steady"":true}"
62.453,right_hand,og,acc,2413906,"{""seq"":3033,""x_mg"":148,""y_mg"":656,""z_mg"":704}"
62.453,right_hand,og,tilt,,"{""roll_deg"":43.8,""pitch_deg"":21.1,""steady"":true}"
62.453,right_hand,og,acc,2413926,"{""seq"":3034,""x_mg"":164,""y_mg"":656,""z_mg"":708}"
62.453,right_hand,og,tilt,,"{""roll_deg"":43.8,""pitch_deg"":21.1,""steady"":true}"
62.484,right_hand,og,acc,2413947,"{""seq"":3035,""x_mg"":176,""y_mg"":652,""z_mg"":680}"
62.484,right_hand,og,tilt,,"{""roll_deg"":43.8,""pitch_deg"":21.1,""steady"":true}"
62.515,right_hand,og,acc,2413967,"{""seq"":3036,""x_mg"":180,""y_mg"":644,""z_mg"":692}"
62.515,right_hand,og,tilt,,"{""roll_deg"":43.8,""pitch_deg"":21.1,""steady"":true}"
62.515,right_hand,og,acc,2413988,"{""seq"":3037,""x_mg"":168,""y_mg"":640,""z_mg"":692}"
62.515,right_hand,og,tilt,,"{""roll_deg"":43.8,""pitch_deg"":21.1,""steady"":true}"
62.546,right_hand,og,acc,2414008,"{""seq"":3038,""x_mg"":164,""y_mg"":672,""z_mg"":680}"
62.546,right_hand,og,tremor,,"{""rms_mg"":33.3,""peak_hz"":5.9}"
62.546,right_hand,og,tilt,,"{""roll_deg"":43.8,""pitch_deg"":21.1,""steady"":true}"
62.578,right_hand,og,acc,2414029,"{""seq"":3039,""x_mg"":164,""y_mg"":664,""z_mg"":680}"
62.578,right_hand,og,tilt,,"{""roll_deg"":44.0,""pitch_deg"":21.1,""steady"":true}"
62.578,right_hand,og,acc,2414049,"{""seq"":3040,""x_mg"":176,""y_mg"":644,""z_mg"":692}"
62.578,right_hand,og,tilt,,"{""roll_deg"":44.1,""pitch_deg"":21.1,""steady"":true}"
62.609,right_hand,og,acc,2414070,"{""seq"":3041,""x_mg"":164,""y_mg"":644,""z_mg"":692}"
62.609,right_hand,og,tilt,,"{""roll_deg"":44.1,""pitch_deg"":21.1,""steady"":true}"
62.625,right_hand,og,acc,2414091,"{""seq"":3042,""x_mg"":168,""y_mg"":668,""z_mg"":684}"
62.625,right_hand,og,tilt,,"{""roll_deg"":44.1,""pitch_deg"":21.1,""steady"":true}"
62.656,right_hand,og,acc,2414111,"{""seq"":3043,""x_mg"":164,""y_mg"":668,""z_mg"":684}"
62.656,right_hand,og,tilt,,"{""roll_deg"":44.2,""pitch_deg"":21.1,""steady"":true}"
62.656,right_hand,og,acc,2414132,"{""seq"":3044,""x_mg"":164,""y_mg"":660,""z_mg"":696}"
62.656,right_hand,og,tilt,,"{""roll_deg"":44.3,""pitch_deg"":21.1,""steady"":true}"
62.703,right_hand,og,acc,2414152,"{""seq"":3045,""x_mg"":168,""y_mg"":652,""z_mg"":692}"
62.703,right_hand,og,tilt,,"{""roll_deg"":44.3,""pitch_deg"":21.1,""steady"":true}"
62.734,right_hand,og,acc,2414173,"{""seq"":3046,""x_mg"":172,""y_mg"":648,""z_mg"":708}"
62.734,right_hand,og,tilt,,"{""roll_deg"":44.3,""pitch_deg"":21.1,""steady"":true}"
62.734,right_hand,og,acc,2414193,"{""seq"":3047,""x_mg"":164,""y_mg"":660,""z_mg"":692}"
62.734,right_hand,og,tilt,,"{""roll_deg"":44.3,""pitch_deg"":21.1,""steady"":true}"
62.765,right_hand,og,acc,2414214,"{""seq"":3048,""x_mg"":164,""y_mg"":648,""z_mg"":696}"
62.765,right_hand,og,tilt,,"{""roll_deg"":44.3,""pitch_deg"":21.1,""steady"":true}"
62.796,right_hand,og,acc,2414235,"{""seq"":3049,""x_mg"":172,""y_mg"":660,""z_mg"":680}"
62.796,right_hand,og,tilt,,"{""roll_deg"":44.3,""pitch_deg"":21.1,""steady"":true}"
62.796,right_hand,og,acc,2414255,"{""seq"":3050,""x_mg"":172,""y_mg"":668,""z_mg"":680}"
62.796,right_hand,og,tilt,,"{""roll_deg"":44.3,""pitch_deg"":21.1,""steady"":true}"
62.812,right_hand,og,acc,2414276,"{""seq"":3051,""x_mg"":180,""y_mg"":644,""z_mg"":688}"
62.812,right_hand,og,tilt,,"{""roll_deg"":44.4,""pitch_deg"":21.1,""steady"":true}"
62.843,right_hand,og,acc,2414296,"{""seq"":3052,""x_mg"":148,""y_mg"":660,""z_mg"":696}"
62.843,right_hand,og,tilt,,"{""roll_deg"":44.4,""pitch_deg"":21.1,""steady"":true}"
62.875,right_hand,og,acc,2414317,"{""seq"":3053,""x_mg"":148,""y_mg"":672,""z_mg"":688}"
62.875,right_hand,og,tilt,,"{""roll_deg"":44.4,""pitch_deg"":21.1,""steady"":true}"
62.875,right_hand,og,acc,2414337,"{""seq"":3054,""x_mg"":132,""y_mg"":664,""z_mg"":700}"
62.875,right_hand,og,tilt,,"{""roll_deg"":44.4,""pitch_deg"":21.1,""steady"":true}"
62.906,right_hand,og,acc,2414358,"{""seq"":3055,""x_mg"":128,""y_mg"":684,""z_mg"":696}"
62.906,right_hand,og,tilt,,"{""roll_deg"":44.5,""pitch_deg"":21.0,""steady"":true}"
62.937,right_hand,og,acc,2414379,"{""seq"":3056,""x_mg"":152,""y_mg"":788,""z_mg"":716}"
62.937,right_hand,og,tilt,,"{""roll_deg"":44.7,""pitch_deg"":20.8,""steady"":true}"
62.937,right_hand,og,acc,2414399,"{""seq"":3057,""x_mg"":176,""y_mg"":568,""z_mg"":768}"
62.937,right_hand,og,tilt,,"{""roll_deg"":44.8,""pitch_deg"":20.6,""steady"":true}"
62.968,right_hand,og,acc,2414420,"{""seq"":3058,""x_mg"":132,""y_mg"":576,""z_mg"":744}"
62.968,right_hand,og,tilt,,"{""roll_deg"":44.8,""pitch_deg"":20.4,""steady"":true}"
63.000,right_hand,og,acc,2414440,"{""seq"":3059,""x_mg"":168,""y_mg"":552,""z_mg"":752}"
63.000,right_hand,og,tilt,,"{""roll_deg"":44.1,""pitch_deg"":20.4,""steady"":true}"
63.000,right_hand,og,acc,2414461,"{""seq"":3060,""x_mg"":168,""y_mg"":536,""z_mg"":788}"
63.000,right_hand,og,tilt,,"{""roll_deg"":42.8,""pitch_deg"":20.4,""steady"":true}"
63.015,right_hand,og,acc,2414481,"{""seq"":3061,""x_mg"":160,""y_mg"":564,""z_mg"":784}"
63.015,right_hand,og,tilt,,"{""roll_deg"":41.6,""pitch_deg"":20.4,""steady"":true}"
63.046,right_hand,og,acc,2414502,"{""seq"":3062,""x_mg"":144,""y_mg"":584,""z_mg"":748}"
63.046,right_hand,og,tilt,,"{""roll_deg"":40.6,""pitch_deg"":20.4,""steady"":true}"
63.078,right_hand,og,acc,2414523,"{""seq"":3063,""x_mg"":164,""y_mg"":608,""z_mg"":740}"
63.078,right_hand,og,tilt,,"{""roll_deg"":40.5,""pitch_deg"":20.4,""steady"":true}"
63.078,right_hand,og,acc,2414543,"{""seq"":3064,""x_mg"":160,""y_mg"":612,""z_mg"":736}"
63.078,right_hand,og,tilt,,"{""roll_deg"":40.5,""pitch_deg"":20.4,""steady"":true}"
63.109,right_hand,og,acc,2414564,"{""seq"":3065,""x_mg"":168,""y_mg"":608,""z_mg"":748}"
63.109,right_hand,og,tilt,,"{""roll_deg"":40.5,""pitch_deg"":20.4,""steady"":true}"
63.109,right_hand,og,acc,2414584,"{""seq"":3066,""x_mg"":160,""y_mg"":592,""z_mg"":748}"
63.109,right_hand,og,tilt,,"{""roll_deg"":40.5,""pitch_deg"":20.4,""steady"":true}"
63.140,right_hand,og,acc,2414605,"{""seq"":3067,""x_mg"":164,""y_mg"":580,""z_mg"":736}"
63.140,right_hand,og,tilt,,"{""roll_deg"":40.5,""pitch_deg"":20.4,""steady"":true}"
63.171,right_hand,og,acc,2414625,"{""seq"":3068,""x_mg"":168,""y_mg"":548,""z_mg"":772}"
63.171,right_hand,og,tilt,,"{""roll_deg"":40.5,""pitch_deg"":20.4,""steady"":true}"
63.171,right_hand,og,acc,2414646,"{""seq"":3069,""x_mg"":172,""y_mg"":564,""z_mg"":740}"
63.171,right_hand,og,tilt,,"{""roll_deg"":40.3,""pitch_deg"":20.4,""steady"":true}"
63.203,right_hand,og,acc,2414666,"{""seq"":3070,""x_mg"":196,""y_mg"":568,""z_mg"":736}"
63.203,right_hand,og,tilt,,"{""roll_deg"":40.1,""pitch_deg"":20.4,""steady"":true}"
63.234,right_hand,og,acc,2414687,"{""seq"":3071,""x_mg"":172,""y_mg"":580,""z_mg"":752}"
63.234,right_hand,og,tilt,,"{""roll_deg"":39.9,""pitch_deg"":20.4,""steady"":true}"
63.234,right_hand,og,acc,2414708,"{""seq"":3072,""x_mg"":160,""y_mg"":592,""z_mg"":736}"
63.234,right_hand,og,tilt,,"{""roll_deg"":39.9,""pitch_deg"":20.4,""steady"":true}"
63.250,right_hand,og,acc,2414728,"{""seq"":3073,""x_mg"":172,""y_mg"":588,""z_mg"":740}"
63.250,right_hand,og,tilt,,"{""roll_deg"":39.9,""pitch_deg"":20.4,""steady"":true}"
63.281,right_hand,og,acc,2414749,"{""seq"":3074,""x_mg"":180,""y_mg"":576,""z_mg"":752}"
63.281,right_hand,og,tilt,,"{""roll_deg"":39.9,""pitch_deg"":20.4,""steady"":true}"
63.312,right_hand,og,acc,2414769,"{""seq"":3075,""x_mg"":192,""y_mg"":496,""z_mg"":772}"
63.312,right_hand,og,tilt,,"{""roll_deg"":39.9,""pitch_deg"":20.5,""steady"":true}"
63.312,right_hand,og,acc,2414790,"{""seq"":3076,""x_mg"":172,""y_mg"":508,""z_mg"":784}"
63.312,right_hand,og,tilt,,"{""roll_deg"":38.9,""pitch_deg"":20.6,""steady"":true}"
63.359,right_hand,og,acc,2414810,"{""seq"":3077,""x_mg"":160,""y_mg"":528,""z_mg"":760}"
63.359,right_hand,og,tilt,,"{""roll_deg"":38.1,""pitch_deg"":20.6,""steady"":true}"
63.375,,game,catch,,"{""n"":2,""speed"":0.2}"
63.390,right_hand,og,acc,2414831,"{""seq"":3078,""x_mg"":164,""y_mg"":576,""z_mg"":764}"
63.390,right_hand,og,tilt,,"{""roll_deg"":37.8,""pitch_deg"":20.6,""steady"":true}"
63.390,right_hand,og,acc,2414852,"{""seq"":3079,""x_mg"":184,""y_mg"":596,""z_mg"":736}"
63.390,right_hand,og,tilt,,"{""roll_deg"":37.8,""pitch_deg"":20.6,""steady"":true}"
63.421,right_hand,og,acc,2414872,"{""seq"":3080,""x_mg"":164,""y_mg"":564,""z_mg"":724}"
63.421,right_hand,og,tilt,,"{""roll_deg"":37.8,""pitch_deg"":20.6,""steady"":true}"
63.437,right_hand,og,acc,2414893,"{""seq"":3081,""x_mg"":148,""y_mg"":668,""z_mg"":756}"
63.437,right_hand,og,tilt,,"{""roll_deg"":37.8,""pitch_deg"":20.6,""steady"":true}"
63.437,right_hand,og,acc,2414913,"{""seq"":3082,""x_mg"":152,""y_mg"":608,""z_mg"":748}"
63.437,right_hand,og,tilt,,"{""roll_deg"":37.9,""pitch_deg"":20.6,""steady"":true}"
63.468,right_hand,og,acc,2414934,"{""seq"":3083,""x_mg"":160,""y_mg"":596,""z_mg"":772}"
63.468,right_hand,og,tilt,,"{""roll_deg"":38.1,""pitch_deg"":20.6,""steady"":true}"
63.500,right_hand,og,acc,2414954,"{""seq"":3084,""x_mg"":160,""y_mg"":584,""z_mg"":748}"
63.500,right_hand,og,tilt,,"{""roll_deg"":38.2,""pitch_deg"":20.6,""steady"":true}"
63.531,right_hand,og,acc,2414975,"{""seq"":3085,""x_mg"":160,""y_mg"":596,""z_mg"":784}"
63.531,right_hand,og,tilt,,"{""roll_deg"":38.2,""pitch_deg"":20.6,""steady"":true}"
63.531,right_hand,og,acc,2414996,"{""seq"":3086,""x_mg"":144,""y_mg"":588,""z_mg"":764}"
63.531,right_hand,og,tilt,,"{""roll_deg"":38.3,""pitch_deg"":20.6,""steady"":true}"
63.562,right_hand,og,acc,2415016,"{""seq"":3087,""x_mg"":152,""y_mg"":564,""z_mg"":752}"
63.562,right_hand,og,tilt,,"{""roll_deg"":38.3,""pitch_deg"":20.6,""steady"":true}"
63.593,right_hand,og,acc,2415037,"{""seq"":3088,""x_mg"":172,""y_mg"":580,""z_mg"":720}"
63.593,right_hand,og,tilt,,"{""roll_deg"":38.3,""pitch_deg"":20.6,""steady"":true}"
63.593,right_hand,og,acc,2415057,"{""seq"":3089,""x_mg"":192,""y_mg"":596,""z_mg"":736}"
63.593,right_hand,og,tilt,,"{""roll_deg"":38.5,""pitch_deg"":20.6,""steady"":true}"
63.625,right_hand,og,acc,2415078,"{""seq"":3090,""x_mg"":172,""y_mg"":608,""z_mg"":732}"
63.625,right_hand,og,tilt,,"{""roll_deg"":38.6,""pitch_deg"":20.6,""steady"":true}"
63.640,right_hand,og,acc,2415098,"{""seq"":3091,""x_mg"":160,""y_mg"":596,""z_mg"":740}"
63.640,right_hand,og,tilt,,"{""roll_deg"":38.8,""pitch_deg"":20.6,""steady"":true}"
63.640,right_hand,og,acc,2415119,"{""seq"":3092,""x_mg"":164,""y_mg"":596,""z_mg"":744}"
63.640,right_hand,og,tilt,,"{""roll_deg"":38.9,""pitch_deg"":20.6,""steady"":true}"
63.671,right_hand,og,acc,2415140,"{""seq"":3093,""x_mg"":168,""y_mg"":580,""z_mg"":740}"
63.671,right_hand,og,tilt,,"{""roll_deg"":39.0,""pitch_deg"":20.6,""steady"":true}"
63.703,right_hand,og,acc,2415160,"{""seq"":3094,""x_mg"":168,""y_mg"":584,""z_mg"":732}"
63.703,right_hand,og,tilt,,"{""roll_deg"":39.1,""pitch_deg"":20.6,""steady"":true}"
63.734,right_hand,og,acc,2415181,"{""seq"":3095,""x_mg"":184,""y_mg"":604,""z_mg"":760}"
63.734,right_hand,og,tilt,,"{""roll_deg"":39.1,""pitch_deg"":20.6,""steady"":true}"
63.734,right_hand,og,acc,2415201,"{""seq"":3096,""x_mg"":156,""y_mg"":588,""z_mg"":768}"
63.734,right_hand,og,tilt,,"{""roll_deg"":39.2,""pitch_deg"":20.6,""steady"":true}"
63.765,right_hand,og,acc,2415222,"{""seq"":3097,""x_mg"":172,""y_mg"":608,""z_mg"":748}"
63.765,right_hand,og,tilt,,"{""roll_deg"":39.2,""pitch_deg"":20.6,""steady"":true}"
63.796,right_hand,og,acc,2415242,"{""seq"":3098,""x_mg"":156,""y_mg"":612,""z_mg"":748}"
63.796,right_hand,og,tilt,,"{""roll_deg"":39.3,""pitch_deg"":20.6,""steady"":true}"
63.796,right_hand,og,acc,2415263,"{""seq"":3099,""x_mg"":164,""y_mg"":584,""z_mg"":748}"
63.796,right_hand,og,tilt,,"{""roll_deg"":39.4,""pitch_deg"":20.6,""steady"":true}"
63.828,right_hand,og,acc,2415283,"{""seq"":3100,""x_mg"":172,""y_mg"":592,""z_mg"":744}"
63.828,right_hand,og,tilt,,"{""roll_deg"":39.4,""pitch_deg"":20.6,""steady"":true}"
63.843,right_hand,og,acc,2415304,"{""seq"":3101,""x_mg"":180,""y_mg"":556,""z_mg"":752}"
63.843,right_hand,og,tilt,,"{""roll_deg"":39.4,""pitch_deg"":20.6,""steady"":true}"
63.875,right_hand,og,acc,2415325,"{""seq"":3102,""x_mg"":184,""y_mg"":556,""z_mg"":752}"
63.875,right_hand,og,tilt,,"{""roll_deg"":39.4,""pitch_deg"":20.6,""steady"":true}"
63.875,right_hand,og,acc,2415345,"{""seq"":3103,""x_mg"":180,""y_mg"":560,""z_mg"":748}"
63.875,right_hand,og,tilt,,"{""roll_deg"":39.4,""pitch_deg"":20.6,""steady"":true}"
63.906,right_hand,og,acc,2415366,"{""seq"":3104,""x_mg"":160,""y_mg"":576,""z_mg"":740}"
63.906,right_hand,og,tilt,,"{""roll_deg"":39.4,""pitch_deg"":20.7,""steady"":true}"
63.937,right_hand,og,acc,2415386,"{""seq"":3105,""x_mg"":172,""y_mg"":608,""z_mg"":736}"
63.937,right_hand,og,tilt,,"{""roll_deg"":39.4,""pitch_deg"":20.7,""steady"":true}"
63.937,right_hand,og,acc,2415407,"{""seq"":3106,""x_mg"":168,""y_mg"":620,""z_mg"":728}"
63.937,right_hand,og,tilt,,"{""roll_deg"":39.4,""pitch_deg"":20.7,""steady"":true}"
63.968,right_hand,og,acc,2415427,"{""seq"":3107,""x_mg"":160,""y_mg"":636,""z_mg"":724}"
63.968,right_hand,og,tilt,,"{""roll_deg"":39.4,""pitch_deg"":20.7,""steady"":true}"
64.000,right_hand,og,acc,2415448,"{""seq"":3108,""x_mg"":196,""y_mg"":620,""z_mg"":712}"
64.000,right_hand,og,tilt,,"{""roll_deg"":39.6,""pitch_deg"":20.7,""steady"":true}"
64.000,right_hand,og,acc,2415469,"{""seq"":3109,""x_mg"":172,""y_mg"":672,""z_mg"":716}"
64.000,right_hand,og,tilt,,"{""roll_deg"":39.9,""pitch_deg"":20.7,""steady"":true}"
64.031,right_hand,og,acc,2415489,"{""seq"":3110,""x_mg"":160,""y_mg"":584,""z_mg"":744}"
64.031,right_hand,og,tilt,,"{""roll_deg"":40.2,""pitch_deg"":20.7,""steady"":true}"
64.031,right_hand,og,acc,2415510,"{""seq"":3111,""x_mg"":160,""y_mg"":612,""z_mg"":732}"
64.031,right_hand,og,tilt,,"{""roll_deg"":40.3,""pitch_deg"":20.7,""steady"":true}"
64.062,right_hand,og,acc,2415530,"{""seq"":3112,""x_mg"":168,""y_mg"":604,""z_mg"":736}"
64.062,right_hand,og,tilt,,"{""roll_deg"":40.3,""pitch_deg"":20.7,""steady"":true}"
64.093,right_hand,og,acc,2415551,"{""seq"":3113,""x_mg"":180,""y_mg"":584,""z_mg"":740}"
64.093,right_hand,og,tilt,,"{""roll_deg"":40.3,""pitch_deg"":20.7,""steady"":true}"
64.125,right_hand,og,acc,2415571,"{""seq"":3114,""x_mg"":164,""y_mg"":604,""z_mg"":760}"
64.125,right_hand,og,tilt,,"{""roll_deg"":40.3,""pitch_deg"":20.7,""steady"":true}"
64.156,right_hand,og,acc,2415592,"{""seq"":3115,""x_mg"":144,""y_mg"":608,""z_mg"":744}"
64.156,right_hand,og,tilt,,"{""roll_deg"":40.3,""pitch_deg"":20.7,""steady"":true}"
64.156,right_hand,og,acc,2415613,"{""seq"":3116,""x_mg"":136,""y_mg"":612,""z_mg"":736}"
64.156,right_hand,og,tilt,,"{""roll_deg"":40.3,""pitch_deg"":20.7,""steady"":true}"
64.187,right_hand,og,acc,2415633,"{""seq"":3117,""x_mg"":180,""y_mg"":612,""z_mg"":752}"
64.187,right_hand,og,tilt,,"{""roll_deg"":40.3,""pitch_deg"":20.7,""steady"":true}"
64.187,right_hand,og,acc,2415654,"{""seq"":3118,""x_mg"":176,""y_mg"":612,""z_mg"":732}"
64.187,right_hand,og,tilt,,"{""roll_deg"":40.3,""pitch_deg"":20.7,""steady"":true}"
64.218,right_hand,og,acc,2415674,"{""seq"":3119,""x_mg"":188,""y_mg"":600,""z_mg"":704}"
64.218,right_hand,og,tilt,,"{""roll_deg"":40.3,""pitch_deg"":20.7,""steady"":true}"
64.250,right_hand,og,acc,2415695,"{""seq"":3120,""x_mg"":172,""y_mg"":608,""z_mg"":704}"
64.250,right_hand,og,tilt,,"{""roll_deg"":40.4,""pitch_deg"":20.7,""steady"":true}"
64.250,right_hand,og,acc,2415715,"{""seq"":3121,""x_mg"":136,""y_mg"":564,""z_mg"":760}"
64.250,right_hand,og,tilt,,"{""roll_deg"":40.5,""pitch_deg"":20.7,""steady"":true}"
64.265,right_hand,og,acc,2415736,"{""seq"":3122,""x_mg"":180,""y_mg"":576,""z_mg"":724}"
64.265,right_hand,og,tilt,,"{""roll_deg"":40.5,""pitch_deg"":20.7,""steady"":true}"
64.296,right_hand,og,acc,2415757,"{""seq"":3123,""x_mg"":188,""y_mg"":568,""z_mg"":740}"
64.296,right_hand,og,tilt,,"{""roll_deg"":40.5,""pitch_deg"":20.7,""steady"":true}"
64.328,right_hand,og,acc,2415777,"{""seq"":3124,""x_mg"":192,""y_mg"":568,""z_mg"":728}"
64.328,right_hand,og,tilt,,"{""roll_deg"":40.5,""pitch_deg"":20.8,""steady"":true}"
64.328,right_hand,og,acc,2415798,"{""seq"":3125,""x_mg"":168,""y_mg"":612,""z_mg"":740}"
64.328,right_hand,og,tilt,,"{""roll_deg"":40.5,""pitch_deg"":20.9,""steady"":true}"
64.359,right_hand,og,acc,2415818,"{""seq"":3126,""x_mg"":172,""y_mg"":616,""z_mg"":728}"
64.359,right_hand,og,tilt,,"{""roll_deg"":40.5,""pitch_deg"":20.9,""steady"":true}"
64.390,right_hand,og,acc,2415839,"{""seq"":3127,""x_mg"":164,""y_mg"":644,""z_mg"":724}"
64.390,right_hand,og,tilt,,"{""roll_deg"":40.5,""pitch_deg"":20.9,""steady"":true}"
64.390,right_hand,og,acc,2415859,"{""seq"":3128,""x_mg"":180,""y_mg"":628,""z_mg"":716}"
64.390,right_hand,og,tilt,,"{""roll_deg"":40.5,""pitch_deg"":20.9,""steady"":true}"
64.421,right_hand,og,acc,2415880,"{""seq"":3129,""x_mg"":160,""y_mg"":628,""z_mg"":728}"
64.421,right_hand,og,tilt,,"{""roll_deg"":40.5,""pitch_deg"":20.9,""steady"":true}"
64.453,right_hand,og,acc,2415901,"{""seq"":3130,""x_mg"":160,""y_mg"":672,""z_mg"":708}"
64.453,right_hand,og,tilt,,"{""roll_deg"":40.6,""pitch_deg"":20.9,""steady"":true}"
64.453,right_hand,og,acc,2415921,"{""seq"":3131,""x_mg"":156,""y_mg"":680,""z_mg"":688}"
64.453,right_hand,og,tilt,,"{""roll_deg"":41.2,""pitch_deg"":20.9,""steady"":true}"
64.468,right_hand,og,acc,2415942,"{""seq"":3132,""x_mg"":176,""y_mg"":676,""z_mg"":708}"
64.468,right_hand,og,tilt,,"{""roll_deg"":41.8,""pitch_deg"":20.9,""steady"":true}"
64.500,right_hand,og,acc,2415962,"{""seq"":3133,""x_mg"":176,""y_mg"":644,""z_mg"":712}"
64.500,right_hand,og,tilt,,"{""roll_deg"":42.3,""pitch_deg"":20.9,""steady"":true}"
64.531,right_hand,og,acc,2415983,"{""seq"":3134,""x_mg"":188,""y_mg"":608,""z_mg"":704}"
64.531,right_hand,og,tilt,,"{""roll_deg"":42.4,""pitch_deg"":20.9,""steady"":true}"
64.531,right_hand,og,acc,2416003,"{""seq"":3135,""x_mg"":184,""y_mg"":596,""z_mg"":696}"
64.531,right_hand,og,tilt,,"{""roll_deg"":42.4,""pitch_deg"":20.9,""steady"":true}"
64.562,right_hand,og,acc,2416024,"{""seq"":3136,""x_mg"":184,""y_mg"":600,""z_mg"":716}"
64.562,right_hand,og,tremor,,"{""rms_mg"":24.0,""peak_hz"":5.7}"
64.562,right_hand,og,tilt,,"{""roll_deg"":42.4,""pitch_deg"":20.9,""steady"":true}"
64.593,right_hand,og,acc,2416044,"{""seq"":3137,""x_mg"":176,""y_mg"":632,""z_mg"":704}"
64.593,right_hand,og,tilt,,"{""roll_deg"":42.4,""pitch_deg"":20.9,""steady"":true}"
64.593,right_hand,og,acc,2416065,"{""seq"":3138,""x_mg"":188,""y_mg"":624,""z_mg"":708}"
64.593,right_hand,og,tilt,,"{""roll_deg"":42.4,""pitch_deg"":21.0,""steady"":true}"
64.625,right_hand,og,acc,2416086,"{""seq"":3139,""x_mg"":168,""y_mg"":648,""z_mg"":680}"
64.625,right_hand,og,tilt,,"{""roll_deg"":42.4,""pitch_deg"":21.0,""steady"":true}"
64.656,right_hand,og,acc,2416106,"{""seq"":3140,""x_mg"":172,""y_mg"":648,""z_mg"":684}"
64.656,right_hand,og,tilt,,"{""roll_deg"":42.4,""pitch_deg"":21.0,""steady"":true}"
64.656,right_hand,og,acc,2416127,"{""seq"":3141,""x_mg"":184,""y_mg"":636,""z_mg"":720}"
64.656,right_hand,og,tilt,,"{""roll_deg"":42.7,""pitch_deg"":21.0,""steady"":true}"
64.687,right_hand,og,acc,2416147,"{""seq"":3142,""x_mg"":176,""y_mg"":628,""z_mg"":712}"
64.687,right_hand,og,tilt,,"{""roll_deg"":42.7,""pitch_deg"":21.0,""steady"":true}"
64.703,right_hand,og,acc,2416168,"{""seq"":3143,""x_mg"":184,""y_mg"":632,""z_mg"":724}"
64.703,right_hand,og,tilt,,"{""roll_deg"":42.7,""pitch_deg"":21.0,""steady"":true}"
64.734,right_hand,og,acc,2416188,"{""seq"":3144,""x_mg"":168,""y_mg"":648,""z_mg"":700}"
64.734,right_hand,og,tilt,,"{""roll_deg"":42.7,""pitch_deg"":21.1,""steady"":true}"
64.734,right_hand,og,acc,2416209,"{""seq"":3145,""x_mg"":176,""y_mg"":680,""z_mg"":664}"
64.734,right_hand,og,tilt,,"{""roll_deg"":42.7,""pitch_deg"":21.1,""steady"":true}"
64.781,right_hand,og,acc,2416230,"{""seq"":3146,""x_mg"":172,""y_mg"":656,""z_mg"":680}"
64.781,right_hand,og,tilt,,"{""roll_deg"":43.0,""pitch_deg"":21.1,""steady"":true}"
64.812,right_hand,og,acc,2416250,"{""seq"":3147,""x_mg"":176,""y_mg"":652,""z_mg"":684}"
64.812,right_hand,og,tilt,,"{""roll_deg"":43.2,""pitch_deg"":21.1,""steady"":true}"
64.812,right_hand,og,acc,2416271,"{""seq"":3148,""x_mg"":188,""y_mg"":596,""z_mg"":704}"
64.812,right_hand,og,tilt,,"{""roll_deg"":43.4,""pitch_deg"":21.1,""steady"":true}"
64.843,right_hand,og,acc,2416291,"{""seq"":3149,""x_mg"":188,""y_mg"":544,""z_mg"":704}"
64.843,right_hand,og,tilt,,"{""roll_deg"":43.4,""pitch_deg"":21.1,""steady"":true}"
64.875,right_hand,og,acc,2416312,"{""seq"":3150,""x_mg"":176,""y_mg"":600,""z_mg"":740}"
64.875,right_hand,og,tilt,,"{""roll_deg"":43.4,""pitch_deg"":21.2,""steady"":true}"
64.875,right_hand,og,acc,2416332,"{""seq"":3151,""x_mg"":144,""y_mg"":628,""z_mg"":748}"
64.875,right_hand,og,tilt,,"{""roll_deg"":43.4,""pitch_deg"":21.2,""steady"":true}"
64.890,right_hand,og,acc,2416353,"{""seq"":3152,""x_mg"":156,""y_mg"":668,""z_mg"":736}"
64.890,right_hand,og,tilt,,"{""roll_deg"":43.3,""pitch_deg"":21.2,""steady"":true}"
64.921,right_hand,og,acc,2416374,"{""seq"":3153,""x_mg"":148,""y_mg"":644,""z_mg"":736}"
64.921,right_hand,og,tilt,,"{""roll_deg"":43.3,""pitch_deg"":21.2,""steady"":true}"
64.953,right_hand,og,acc,2416394,"{""seq"":3154,""x_mg"":144,""y_mg"":624,""z_mg"":720}"
64.953,right_hand,og,tilt,,"{""roll_deg"":43.3,""pitch_deg"":21.2,""steady"":true}"
64.953,right_hand,og,acc,2416415,"{""seq"":3155,""x_mg"":180,""y_mg"":628,""z_mg"":716}"
64.953,right_hand,og,tilt,,"{""roll_deg"":43.2,""pitch_deg"":21.2,""steady"":true}"
64.984,right_hand,og,acc,2416435,"{""seq"":3156,""x_mg"":156,""y_mg"":656,""z_mg"":724}"
64.984,right_hand,og,tilt,,"{""roll_deg"":43.2,""pitch_deg"":21.2,""steady"":true}"
65.015,right_hand,og,acc,2416456,"{""seq"":3157,""x_mg"":140,""y_mg"":648,""z_mg"":736}"
65.015,right_hand,og,tilt,,"{""roll_deg"":43.2,""pitch_deg"":21.2,""steady"":true}"
65.015,right_hand,og,acc,2416476,"{""seq"":3158,""x_mg"":152,""y_mg"":632,""z_mg"":724}"
65.015,right_hand,og,tilt,,"{""roll_deg"":43.2,""pitch_deg"":21.1,""steady"":true}"
65.046,right_hand,og,acc,2416497,"{""seq"":3159,""x_mg"":156,""y_mg"":612,""z_mg"":720}"
65.046,right_hand,og,tilt,,"{""roll_deg"":43.2,""pitch_deg"":21.0,""steady"":true}"
65.046,right_hand,og,acc,2416518,"{""seq"":3160,""x_mg"":164,""y_mg"":596,""z_mg"":712}"
65.046,right_hand,og,tilt,,"{""roll_deg"":43.1,""pitch_deg"":21.0,""steady"":true}"
65.078,right_hand,og,acc,2416538,"{""seq"":3161,""x_mg"":164,""y_mg"":608,""z_mg"":716}"
65.078,right_hand,og,tilt,,"{""roll_deg"":43.0,""pitch_deg"":21.0,""steady"":true}"
65.109,right_hand,og,acc,2416559,"{""seq"":3162,""x_mg"":148,""y_mg"":600,""z_mg"":736}"
65.109,right_hand,og,tilt,,"{""roll_deg"":42.9,""pitch_deg"":21.0,""steady"":true}"
65.109,right_hand,og,acc,2416579,"{""seq"":3163,""x_mg"":176,""y_mg"":600,""z_mg"":736}"
65.109,right_hand,og,tilt,,"{""roll_deg"":42.6,""pitch_deg"":21.0,""steady"":true}"
65.156,right_hand,og,acc,2416600,"{""seq"":3164,""x_mg"":168,""y_mg"":624,""z_mg"":728}"
65.156,right_hand,og,tilt,,"{""roll_deg"":42.4,""pitch_deg"":21.0,""steady"":true}"
65.156,right_hand,og,acc,2416620,"{""seq"":3165,""x_mg"":136,""y_mg"":624,""z_mg"":736}"
65.156,right_hand,og,tilt,,"{""roll_deg"":42.4,""pitch_deg"":21.0,""steady"":true}"
65.187,right_hand,og,acc,2416641,"{""seq"":3166,""x_mg"":148,""y_mg"":616,""z_mg"":732}"
65.187,right_hand,og,tilt,,"{""roll_deg"":42.4,""pitch_deg"":21.0,""steady"":true}"
65.187,right_hand,og,acc,2416662,"{""seq"":3167,""x_mg"":156,""y_mg"":648,""z_mg"":740}"
65.187,right_hand,og,tilt,,"{""roll_deg"":42.4,""pitch_deg"":20.9,""steady"":true}"
65.218,right_hand,og,acc,2416682,"{""seq"":3168,""x_mg"":144,""y_mg"":640,""z_mg"":716}"
65.218,right_hand,og,tilt,,"{""roll_deg"":42.4,""pitch_deg"":20.9,""steady"":true}"
65.250,right_hand,og,acc,2416703,"{""seq"":3169,""x_mg"":132,""y_mg"":644,""z_mg"":724}"
65.250,right_hand,og,tilt,,"{""roll_deg"":42.4,""pitch_deg"":20.8,""steady"":true}"
65.250,right_hand,og,acc,2416723,"{""seq"":3170,""x_mg"":164,""y_mg"":652,""z_mg"":720}"
65.250,right_hand,og,tilt,,"{""roll_deg"":42.4,""pitch_deg"":20.7,""steady"":true}"
65.281,right_hand,og,acc,2416744,"{""seq"":3171,""x_mg"":160,""y_mg"":620,""z_mg"":692}"
65.281,right_hand,og,tilt,,"{""roll_deg"":42.4,""pitch_deg"":20.7,""steady"":true}"
65.312,right_hand,og,acc,2416764,"{""seq"":3172,""x_mg"":156,""y_mg"":612,""z_mg"":704}"
65.312,right_hand,og,tilt,,"{""roll_deg"":42.4,""pitch_deg"":20.7,""steady"":true}"
65.312,right_hand,og,acc,2416785,"{""seq"":3173,""x_mg"":180,""y_mg"":644,""z_mg"":716}"
65.312,right_hand,og,tilt,,"{""roll_deg"":42.4,""pitch_deg"":20.7,""steady"":true}"
65.328,right_hand,og,acc,2416805,"{""seq"":3174,""x_mg"":164,""y_mg"":624,""z_mg"":708}"
65.328,right_hand,og,tilt,,"{""roll_deg"":42.4,""pitch_deg"":20.7,""steady"":true}"
65.359,right_hand,og,acc,2416826,"{""seq"":3175,""x_mg"":148,""y_mg"":616,""z_mg"":712}"
65.359,right_hand,og,tilt,,"{""roll_deg"":42.4,""pitch_deg"":20.7,""steady"":true}"
65.406,right_hand,og,acc,2416847,"{""seq"":3176,""x_mg"":168,""y_mg"":608,""z_mg"":724}"
65.406,right_hand,og,tilt,,"{""roll_deg"":42.4,""pitch_deg"":20.7,""steady"":true}"
65.406,right_hand,og,acc,2416867,"{""seq"":3177,""x_mg"":168,""y_mg"":608,""z_mg"":744}"
65.406,right_hand,og,tilt,,"{""roll_deg"":42.4,""pitch_deg"":20.7,""steady"":true}"
65.437,right_hand,og,acc,2416888,"{""seq"":3178,""x_mg"":176,""y_mg"":620,""z_mg"":736}"
65.437,right_hand,og,tilt,,"{""roll_deg"":42.4,""pitch_deg"":20.7,""steady"":true}"
65.468,right_hand,og,acc,2416908,"{""seq"":3179,""x_mg"":148,""y_mg"":620,""z_mg"":728}"
65.468,right_hand,og,tilt,,"{""roll_deg"":42.4,""pitch_deg"":20.7,""steady"":true}"
65.468,right_hand,og,acc,2416929,"{""seq"":3180,""x_mg"":168,""y_mg"":616,""z_mg"":728}"
65.468,right_hand,og,tilt,,"{""roll_deg"":42.4,""pitch_deg"":20.7,""steady"":true}"
65.500,right_hand,og,acc,2416949,"{""seq"":3181,""x_mg"":152,""y_mg"":632,""z_mg"":708}"
65.500,right_hand,og,tilt,,"{""roll_deg"":42.4,""pitch_deg"":20.7,""steady"":true}"
65.515,right_hand,og,acc,2416970,"{""seq"":3182,""x_mg"":148,""y_mg"":600,""z_mg"":732}"
65.515,right_hand,og,tilt,,"{""roll_deg"":42.4,""pitch_deg"":20.7,""steady"":true}"
65.515,right_hand,og,acc,2416991,"{""seq"":3183,""x_mg"":156,""y_mg"":644,""z_mg"":736}"
65.515,right_hand,og,tilt,,"{""roll_deg"":42.4,""pitch_deg"":20.7,""steady"":true}"
65.546,,game,miss,,"{""n"":28,""speed"":0.2}"
65.546,right_hand,og,acc,2417011,"{""seq"":3184,""x_mg"":148,""y_mg"":644,""z_mg"":732}"
65.546,right_hand,og,tilt,,"{""roll_deg"":42.4,""pitch_deg"":20.7,""steady"":true}"
65.578,right_hand,og,acc,2417032,"{""seq"":3185,""x_mg"":148,""y_mg"":640,""z_mg"":728}"
65.578,right_hand,og,tilt,,"{""roll_deg"":42.4,""pitch_deg"":20.7,""steady"":true}"
65.609,right_hand,og,acc,2417052,"{""seq"":3186,""x_mg"":156,""y_mg"":648,""z_mg"":720}"
65.609,right_hand,og,tilt,,"{""roll_deg"":42.4,""pitch_deg"":20.7,""steady"":true}"
65.609,right_hand,og,acc,2417073,"{""seq"":3187,""x_mg"":152,""y_mg"":620,""z_mg"":720}"
65.609,right_hand,og,tilt,,"{""roll_deg"":42.4,""pitch_deg"":20.7,""steady"":true}"
65.640,right_hand,og,acc,2417093,"{""seq"":3188,""x_mg"":164,""y_mg"":612,""z_mg"":712}"
65.640,right_hand,og,tilt,,"{""roll_deg"":42.4,""pitch_deg"":20.7,""steady"":true}"
65.671,right_hand,og,acc,2417114,"{""seq"":3189,""x_mg"":164,""y_mg"":624,""z_mg"":692}"
65.671,right_hand,og,tilt,,"{""roll_deg"":42.4,""pitch_deg"":20.7,""steady"":true}"
65.671,right_hand,og,acc,2417134,"{""seq"":3190,""x_mg"":176,""y_mg"":652,""z_mg"":696}"
65.671,right_hand,og,tilt,,"{""roll_deg"":42.4,""pitch_deg"":20.7,""steady"":true}"
65.703,right_hand,og,acc,2417155,"{""seq"":3191,""x_mg"":188,""y_mg"":636,""z_mg"":680}"
65.703,right_hand,og,tilt,,"{""roll_deg"":42.4,""pitch_deg"":20.7,""steady"":true}"
65.718,right_hand,og,acc,2417176,"{""seq"":3192,""x_mg"":188,""y_mg"":636,""z_mg"":696}"
65.718,right_hand,og,tilt,,"{""roll_deg"":42.4,""pitch_deg"":20.7,""steady"":true}"
65.718,right_hand,og,acc,2417196,"{""seq"":3193,""x_mg"":176,""y_mg"":688,""z_mg"":660}"
65.718,right_hand,og,tilt,,"{""roll_deg"":42.5,""pitch_deg"":20.7,""steady"":true}"
65.765,right_hand,og,acc,2417217,"{""seq"":3194,""x_mg"":180,""y_mg"":672,""z_mg"":672}"
65.765,right_hand,og,tilt,,"{""roll_deg"":43.0,""pitch_deg"":20.7,""steady"":true}"
65.765,right_hand,og,acc,2417237,"{""seq"":3195,""x_mg"":180,""y_mg"":632,""z_mg"":704}"
65.765,right_hand,og,tilt,,"{""roll_deg"":43.4,""pitch_deg"":20.7,""steady"":true}"
65.796,right_hand,og,acc,2417258,"{""seq"":3196,""x_mg"":152,""y_mg"":636,""z_mg"":680}"
65.796,right_hand,og,tilt,,"{""roll_deg"":43.5,""pitch_deg"":20.7,""steady"":true}"
65.828,right_hand,og,acc,2417278,"{""seq"":3197,""x_mg"":172,""y_mg"":664,""z_mg"":704}"
65.828,right_hand,og,tilt,,"{""roll_deg"":43.6,""pitch_deg"":20.7,""steady"":true}"
65.828,right_hand,og,acc,2417299,"{""seq"":3198,""x_mg"":168,""y_mg"":672,""z_mg"":696}"
65.828,right_hand,og,tilt,,"{""roll_deg"":43.7,""pitch_deg"":20.7,""steady"":true}"
65.859,right_hand,og,acc,2417320,"{""seq"":3199,""x_mg"":172,""y_mg"":664,""z_mg"":708}"
65.859,right_hand,og,tilt,,"{""roll_deg"":43.8,""pitch_deg"":20.7,""steady"":true}"
65.890,right_hand,og,acc,2417340,"{""seq"":3200,""x_mg"":164,""y_mg"":632,""z_mg"":692}"
65.890,right_hand,og,tilt,,"{""roll_deg"":43.8,""pitch_deg"":20.7,""steady"":true}"
65.890,right_hand,og,acc,2417361,"{""seq"":3201,""x_mg"":172,""y_mg"":608,""z_mg"":688}"
65.890,right_hand,og,tilt,,"{""roll_deg"":43.8,""pitch_deg"":20.7,""steady"":true}"
65.921,right_hand,og,acc,2417381,"{""seq"":3202,""x_mg"":192,""y_mg"":596,""z_mg"":708}"
65.921,right_hand,og,tilt,,"{""roll_deg"":43.8,""pitch_deg"":20.7,""steady"":true}"
65.953,right_hand,og,acc,2417402,"{""seq"":3203,""x_mg"":192,""y_mg"":588,""z_mg"":708}"
65.953,right_hand,og,tilt,,"{""roll_deg"":43.8,""pitch_deg"":20.9,""steady"":true}"
65.953,right_hand,og,acc,2417422,"{""seq"":3204,""x_mg"":196,""y_mg"":612,""z_mg"":696}"
65.953,right_hand,og,tilt,,"{""roll_deg"":43.8,""pitch_deg"":21.0,""steady"":true}"
65.984,right_hand,og,acc,2417443,"{""seq"":3205,""x_mg"":164,""y_mg"":628,""z_mg"":696}"
65.984,right_hand,og,tilt,,"{""roll_deg"":43.8,""pitch_deg"":21.2,""steady"":true}"
66.015,right_hand,og,acc,2417464,"{""seq"":3206,""x_mg"":160,""y_mg"":636,""z_mg"":700}"
66.015,right_hand,og,tilt,,"{""roll_deg"":43.8,""pitch_deg"":21.2,""steady"":true}"
66.015,right_hand,og,acc,2417484,"{""seq"":3207,""x_mg"":172,""y_mg"":636,""z_mg"":700}"
66.015,right_hand,og,tilt,,"{""roll_deg"":43.8,""pitch_deg"":21.2,""steady"":true}"
66.046,right_hand,og,acc,2417505,"{""seq"":3208,""x_mg"":176,""y_mg"":616,""z_mg"":708}"
66.046,right_hand,og,tilt,,"{""roll_deg"":43.8,""pitch_deg"":21.2,""steady"":true}"
66.046,right_hand,og,acc,2417525,"{""seq"":3209,""x_mg"":176,""y_mg"":628,""z_mg"":732}"
66.046,right_hand,og,tilt,,"{""roll_deg"":43.7,""pitch_deg"":21.2,""steady"":true}"
66.078,right_hand,og,acc,2417546,"{""seq"":3210,""x_mg"":172,""y_mg"":628,""z_mg"":728}"
66.078,right_hand,og,tilt,,"{""roll_deg"":43.6,""pitch_deg"":21.2,""steady"":true}"
66.125,right_hand,og,acc,2417566,"{""seq"":3211,""x_mg"":160,""y_mg"":644,""z_mg"":716}"
66.125,right_hand,og,tilt,,"{""roll_deg"":43.5,""pitch_deg"":21.2,""steady"":true}"
66.125,right_hand,og,acc,2417587,"{""seq"":3212,""x_mg"":136,""y_mg"":696,""z_mg"":732}"
66.125,right_hand,og,tilt,,"{""roll_deg"":43.5,""pitch_deg"":21.2,""steady"":true}"
66.140,right_hand,og,acc,2417608,"{""seq"":3213,""x_mg"":164,""y_mg"":648,""z_mg"":724}"
66.140,right_hand,og,tilt,,"{""roll_deg"":43.5,""pitch_deg"":21.2,""steady"":true}"
66.171,right_hand,og,acc,2417628,"{""seq"":3214,""x_mg"":160,""y_mg"":592,""z_mg"":724}"
66.171,right_hand,og,tilt,,"{""roll_deg"":43.5,""pitch_deg"":21.2,""steady"":true}"
66.203,right_hand,og,acc,2417649,"{""seq"":3215,""x_mg"":160,""y_mg"":588,""z_mg"":716}"
66.203,right_hand,og,tilt,,"{""roll_deg"":43.3,""pitch_deg"":21.2,""steady"":true}"
66.203,right_hand,og,acc,2417669,"{""seq"":3216,""x_mg"":168,""y_mg"":640,""z_mg"":728}"
66.203,right_hand,og,tilt,,"{""roll_deg"":43.0,""pitch_deg"":21.2,""steady"":true}"
66.234,right_hand,og,acc,2417690,"{""seq"":3217,""x_mg"":164,""y_mg"":656,""z_mg"":732}"
66.234,right_hand,og,tilt,,"{""roll_deg"":43.0,""pitch_deg"":21.2,""steady"":true}"
66.265,right_hand,og,acc,2417710,"{""seq"":3218,""x_mg"":164,""y_mg"":640,""z_mg"":716}"
66.265,right_hand,og,tilt,,"{""roll_deg"":43.0,""pitch_deg"":21.2,""steady"":true}"
66.265,right_hand,og,acc,2417731,"{""seq"":3219,""x_mg"":168,""y_mg"":620,""z_mg"":708}"
66.265,right_hand,og,tilt,,"{""roll_deg"":43.0,""pitch_deg"":21.2,""steady"":true}"
66.296,right_hand,og,acc,2417752,"{""seq"":3220,""x_mg"":168,""y_mg"":624,""z_mg"":692}"
66.296,right_hand,og,tilt,,"{""roll_deg"":43.0,""pitch_deg"":21.2,""steady"":true}"
66.328,right_hand,og,acc,2417772,"{""seq"":3221,""x_mg"":180,""y_mg"":564,""z_mg"":692}"
66.328,right_hand,og,tilt,,"{""roll_deg"":43.0,""pitch_deg"":21.2,""steady"":true}"
66.328,right_hand,og,acc,2417793,"{""seq"":3222,""x_mg"":152,""y_mg"":584,""z_mg"":716}"
66.328,right_hand,og,tilt,,"{""roll_deg"":42.9,""pitch_deg"":21.2,""steady"":true}"
66.359,right_hand,og,acc,2417813,"{""seq"":3223,""x_mg"":168,""y_mg"":604,""z_mg"":732}"
66.359,right_hand,og,tilt,,"{""roll_deg"":42.7,""pitch_deg"":21.2,""steady"":true}"
66.375,right_hand,og,acc,2417834,"{""seq"":3224,""x_mg"":160,""y_mg"":628,""z_mg"":740}"
66.375,right_hand,og,tilt,,"{""roll_deg"":42.5,""pitch_deg"":21.2,""steady"":true}"
66.406,right_hand,og,acc,2417854,"{""seq"":3225,""x_mg"":148,""y_mg"":628,""z_mg"":724}"
66.406,right_hand,og,tilt,,"{""roll_deg"":42.4,""pitch_deg"":21.2,""steady"":true}"
66.406,right_hand,og,acc,2417875,"{""seq"":3226,""x_mg"":156,""y_mg"":632,""z_mg"":724}"
66.406,right_hand,og,tilt,,"{""roll_deg"":42.4,""pitch_deg"":21.2,""steady"":true}"
66.437,right_hand,og,acc,2417895,"{""seq"":3227,""x_mg"":144,""y_mg"":620,""z_mg"":724}"
66.437,right_hand,og,tilt,,"{""roll_deg"":42.4,""pitch_deg"":21.2,""steady"":true}"
66.468,right_hand,og,acc,2417916,"{""seq"":3228,""x_mg"":176,""y_mg"":644,""z_mg"":728}"
66.468,right_hand,og,tilt,,"{""roll_deg"":42.4,""pitch_deg"":21.1,""steady"":true}"
66.468,right_hand,og,acc,2417937,"{""seq"":3229,""x_mg"":172,""y_mg"":608,""z_mg"":704}"
66.468,right_hand,og,tilt,,"{""roll_deg"":42.4,""pitch_deg"":21.1,""steady"":true}"
66.500,right_hand,og,acc,2417957,"{""seq"":3230,""x_mg"":140,""y_mg"":656,""z_mg"":688}"
66.500,right_hand,og,tilt,,"{""roll_deg"":42.4,""pitch_deg"":21.1,""steady"":true}"
66.531,right_hand,og,acc,2417978,"{""seq"":3231,""x_mg"":152,""y_mg"":688,""z_mg"":684}"
66.531,right_hand,og,tilt,,"{""roll_deg"":42.4,""pitch_deg"":21.1,""steady"":true}"
66.531,right_hand,og,acc,2417998,"{""seq"":3232,""x_mg"":172,""y_mg"":700,""z_mg"":664}"
66.531,right_hand,og,tilt,,"{""roll_deg"":42.5,""pitch_deg"":21.0,""steady"":true}"
66.562,right_hand,og,acc,2418019,"{""seq"":3233,""x_mg"":168,""y_mg"":672,""z_mg"":664}"
66.562,right_hand,og,tilt,,"{""roll_deg"":43.1,""pitch_deg"":21.0,""steady"":true}"
66.578,right_hand,og,acc,2418039,"{""seq"":3234,""x_mg"":160,""y_mg"":680,""z_mg"":664}"
66.578,right_hand,og,tremor,,"{""rms_mg"":23.7,""peak_hz"":5.3}"
66.578,right_hand,og,tilt,,"{""roll_deg"":43.7,""pitch_deg"":21.0,""steady"":true}"
66.609,right_hand,og,acc,2418060,"{""seq"":3235,""x_mg"":148,""y_mg"":676,""z_mg"":676}"
66.609,right_hand,og,tilt,,"{""roll_deg"":44.2,""pitch_deg"":21.0,""steady"":true}"
66.609,right_hand,og,acc,2418081,"{""seq"":3236,""x_mg"":124,""y_mg"":732,""z_mg"":684}"
66.609,right_hand,og,tilt,,"{""roll_deg"":44.7,""pitch_deg"":21.0,""steady"":true}"
66.656,right_hand,og,acc,2418101,"{""seq"":3237,""x_mg"":132,""y_mg"":760,""z_mg"":668}"
66.656,right_hand,og,tilt,,"{""roll_deg"":45.4,""pitch_deg"":20.8,""steady"":true}"
66.687,right_hand,og,acc,2418122,"{""seq"":3238,""x_mg"":132,""y_mg"":780,""z_mg"":704}"
66.687,right_hand,og,tilt,,"{""roll_deg"":46.3,""pitch_deg"":20.5,""steady"":true}"
66.687,right_hand,og,acc,2418142,"{""seq"":3239,""x_mg"":112,""y_mg"":780,""z_mg"":652}"
66.687,right_hand,og,tilt,,"{""roll_deg"":47.2,""pitch_deg"":20.2,""steady"":true}"
66.718,right_hand,og,acc,2418163,"{""seq"":3240,""x_mg"":112,""y_mg"":780,""z_mg"":660}"
66.718,right_hand,og,tilt,,"{""roll_deg"":48.2,""pitch_deg"":19.8,""steady"":true}"
66.718,right_hand,og,acc,2418183,"{""seq"":3241,""x_mg"":176,""y_mg"":784,""z_mg"":668}"
66.718,right_hand,og,tilt,,"{""roll_deg"":49.0,""pitch_deg"":19.4,""steady"":true}"
66.750,right_hand,og,acc,2418204,"{""seq"":3242,""x_mg"":124,""y_mg"":784,""z_mg"":688}"
66.750,right_hand,og,tilt,,"{""roll_deg"":49.3,""pitch_deg"":19.2,""steady"":true}"
66.765,right_hand,og,acc,2418225,"{""seq"":3243,""x_mg"":120,""y_mg"":800,""z_mg"":648}"
66.765,right_hand,og,tilt,,"{""roll_deg"":49.6,""pitch_deg"":19.0,""steady"":true}"
66.765,right_hand,og,acc,2418245,"{""seq"":3244,""x_mg"":132,""y_mg"":792,""z_mg"":616}"
66.765,right_hand,og,tilt,,"{""roll_deg"":50.2,""pitch_deg"":18.9,""steady"":true}"
66.796,right_hand,og,acc,2418266,"{""seq"":3245,""x_mg"":184,""y_mg"":780,""z_mg"":584}"
66.796,right_hand,og,tilt,,"{""roll_deg"":51.0,""pitch_deg"":18.9,""steady"":true}"
66.828,right_hand,og,acc,2418286,"{""seq"":3246,""x_mg"":204,""y_mg"":772,""z_mg"":556}"
66.828,right_hand,og,tilt,,"{""roll_deg"":51.7,""pitch_deg"":18.9,""steady"":true}"
66.859,right_hand,og,acc,2418307,"{""seq"":3247,""x_mg"":232,""y_mg"":724,""z_mg"":536}"
66.859,right_hand,og,tilt,,"{""roll_deg"":52.2,""pitch_deg"":18.9,""steady"":true}"
66.859,right_hand,og,acc,2418327,"{""seq"":3248,""x_mg"":240,""y_mg"":712,""z_mg"":512}"
66.859,right_hand,og,tilt,,"{""roll_deg"":52.4,""pitch_deg"":19.6,""steady"":true}"
66.890,right_hand,og,acc,2418348,"{""seq"":3249,""x_mg"":272,""y_mg"":704,""z_mg"":468}"
66.890,right_hand,og,tilt,,"{""roll_deg"":52.6,""pitch_deg"":20.8,""steady"":true}"
66.921,right_hand,og,acc,2418369,"{""seq"":3250,""x_mg"":292,""y_mg"":736,""z_mg"":492}"
66.921,right_hand,og,tilt,,"{""roll_deg"":52.9,""pitch_deg"":22.7,""steady"":true}"
66.921,right_hand,og,acc,2418389,"{""seq"":3251,""x_mg"":308,""y_mg"":680,""z_mg"":520}"
66.921,right_hand,og,tilt,,"{""roll_deg"":53.1,""pitch_deg"":24.4,""steady"":true}"
66.953,right_hand,og,acc,2418410,"{""seq"":3252,""x_mg"":312,""y_mg"":660,""z_mg"":544}"
66.953,right_hand,og,tilt,,"{""roll_deg"":53.1,""pitch_deg"":26.2,""steady"":true}"
66.968,right_hand,og,acc,2418430,"{""seq"":3253,""x_mg"":296,""y_mg"":828,""z_mg"":460}"
66.968,right_hand,og,tilt,,"{""roll_deg"":53.0,""pitch_deg"":27.5,""steady"":true}"
67.000,right_hand,og,acc,2418451,"{""seq"":3254,""x_mg"":332,""y_mg"":724,""z_mg"":484}"
67.000,right_hand,og,tilt,,"{""roll_deg"":53.0,""pitch_deg"":28.5,""steady"":true}"
67.000,right_hand,og,acc,2418471,"{""seq"":3255,""x_mg"":336,""y_mg"":704,""z_mg"":512}"
67.000,right_hand,og,tilt,,"{""roll_deg"":53.0,""pitch_deg"":29.4,""steady"":true}"
67.031,right_hand,og,acc,2418492,"{""seq"":3256,""x_mg"":324,""y_mg"":676,""z_mg"":528}"
67.031,right_hand,og,tilt,,"{""roll_deg"":52.9,""pitch_deg"":30.0,""steady"":true}"
67.062,right_hand,og,acc,2418513,"{""seq"":3257,""x_mg"":288,""y_mg"":708,""z_mg"":524}"
67.062,right_hand,og,tilt,,"{""roll_deg"":52.8,""pitch_deg"":30.4,""steady"":true}"
67.062,right_hand,og,acc,2418533,"{""seq"":3258,""x_mg"":328,""y_mg"":700,""z_mg"":504}"
67.062,right_hand,og,tilt,,"{""roll_deg"":52.7,""pitch_deg"":30.6,""steady"":true}"
67.093,right_hand,og,acc,2418554,"{""seq"":3259,""x_mg"":336,""y_mg"":712,""z_mg"":528}"
67.093,right_hand,og,tilt,,"{""roll_deg"":52.7,""pitch_deg"":30.8,""steady"":true}"
67.125,right_hand,og,acc,2418574,"{""seq"":3260,""x_mg"":320,""y_mg"":704,""z_mg"":528}"
67.125,right_hand,og,tilt,,"{""roll_deg"":52.6,""pitch_deg"":31.0,""steady"":true}"
67.125,right_hand,og,acc,2418595,"{""seq"":3261,""x_mg"":312,""y_mg"":716,""z_mg"":544}"
67.125,right_hand,og,tilt,,"{""roll_deg"":52.4,""pitch_deg"":31.0,""steady"":true}"
67.156,right_hand,og,acc,2418615,"{""seq"":3262,""x_mg"":320,""y_mg"":736,""z_mg"":580}"
67.156,right_hand,og,tilt,,"{""roll_deg"":52.3,""pitch_deg"":31.0,""steady"":true}"
67.187,right_hand,og,acc,2418636,"{""seq"":3263,""x_mg"":320,""y_mg"":768,""z_mg"":568}"
67.187,right_hand,og,tilt,,"{""roll_deg"":52.2,""pitch_deg"":31.0,""steady"":true}"
67.187,right_hand,og,acc,2418657,"{""seq"":3264,""x_mg"":308,""y_mg"":780,""z_mg"":624}"
67.187,right_hand,og,tilt,,"{""roll_deg"":52.0,""pitch_deg"":31.0,""steady"":true}"
67.203,right_hand,og,acc,2418677,"{""seq"":3265,""x_mg"":304,""y_mg"":812,""z_mg"":624}"
67.203,right_hand,og,tilt,,"{""roll_deg"":52.0,""pitch_deg"":30.7,""steady"":true}"
67.234,right_hand,og,acc,2418698,"{""seq"":3266,""x_mg"":308,""y_mg"":744,""z_mg"":620}"
67.234,right_hand,og,tilt,,"{""roll_deg"":51.9,""pitch_deg"":30.6,""steady"":true}"
67.265,right_hand,og,acc,2418718,"{""seq"":3267,""x_mg"":284,""y_mg"":748,""z_mg"":568}"
67.265,right_hand,og,tilt,,"{""roll_deg"":51.9,""pitch_deg"":30.4,""steady"":true}"
67.265,right_hand,og,acc,2418739,"{""seq"":3268,""x_mg"":356,""y_mg"":664,""z_mg"":616}"
67.265,right_hand,og,tilt,,"{""roll_deg"":51.5,""pitch_deg"":30.3,""steady"":true}"
67.296,right_hand,og,acc,2418759,"{""seq"":3269,""x_mg"":276,""y_mg"":980,""z_mg"":468}"
67.296,right_hand,og,tilt,,"{""roll_deg"":51.5,""pitch_deg"":30.1,""steady"":true}"
67.328,right_hand,og,acc,2418780,"{""seq"":3270,""x_mg"":352,""y_mg"":676,""z_mg"":400}"
67.328,right_hand,og,tilt,,"{""roll_deg"":51.5,""pitch_deg"":30.1,""steady"":true}"
67.328,right_hand,og,acc,2418800,"{""seq"":3271,""x_mg"":500,""y_mg"":384,""z_mg"":652}"
67.328,right_hand,og,tilt,,"{""roll_deg"":51.5,""pitch_deg"":30.1,""steady"":true}"
67.359,right_hand,og,acc,2418821,"{""seq"":3272,""x_mg"":464,""y_mg"":536,""z_mg"":604}"
67.359,right_hand,og,tilt,,"{""roll_deg"":49.0,""pitch_deg"":32.3,""steady"":true}"
67.390,right_hand,og,acc,2418842,"{""seq"":3273,""x_mg"":420,""y_mg"":336,""z_mg"":592}"
67.390,right_hand,og,tilt,,"{""roll_deg"":41.3,""pitch_deg"":35.2,""steady"":true}"
67.390,right_hand,og,acc,2418862,"{""seq"":3274,""x_mg"":432,""y_mg"":244,""z_mg"":696}"
67.390,right_hand,og,tilt,,"{""roll_deg"":35.7,""pitch_deg"":36.9,""steady"":true}"
67.421,right_hand,og,acc,2418883,"{""seq"":3275,""x_mg"":456,""y_mg"":272,""z_mg"":708}"
67.421,right_hand,og,tilt,,"{""roll_deg"":28.6,""pitch_deg"":38.4,""steady"":true}"
67.453,right_hand,og,acc,2418903,"{""seq"":3276,""x_mg"":412,""y_mg"":384,""z_mg"":780}"
67.453,right_hand,og,tilt,,"{""roll_deg"":24.8,""pitch_deg"":39.2,""steady"":true}"
67.484,right_hand,og,acc,2418924,"{""seq"":3277,""x_mg"":428,""y_mg"":504,""z_mg"":836}"
67.484,right_hand,og,tilt,,"{""roll_deg"":24.8,""pitch_deg"":39.1,""steady"":true}"
67.484,right_hand,og,acc,2418944,"{""seq"":3278,""x_mg"":408,""y_mg"":564,""z_mg"":824}"
67.484,right_hand,og,tilt,,"{""roll_deg"":26.5,""pitch_deg"":38.3,""steady"":true}"
67.515,right_hand,og,acc,2418965,"{""seq"":3279,""x_mg"":380,""y_mg"":512,""z_mg"":796}"
67.515,right_hand,og,tilt,,"{""roll_deg"":28.2,""pitch_deg"":37.5,""steady"":true}"
67.546,right_hand,og,acc,2418986,"{""seq"":3280,""x_mg"":368,""y_mg"":396,""z_mg"":824}"
67.546,right_hand,og,tilt,,"{""roll_deg"":29.2,""pitch_deg"":37.1,""steady"":true}"
67.546,right_hand,og,acc,2419006,"{""seq"":3281,""x_mg"":376,""y_mg"":424,""z_mg"":856}"
67.546,right_hand,og,tilt,,"{""roll_deg"":29.2,""pitch_deg"":36.8,""steady"":true}"
67.578,right_hand,og,acc,2419027,"{""seq"":3282,""x_mg"":364,""y_mg"":464,""z_mg"":808}"
67.578,right_hand,og,tilt,,"{""roll_deg"":28.5,""pitch_deg"":36.3,""steady"":true}"
67.578,right_hand,og,acc,2419047,"{""seq"":3283,""x_mg"":376,""y_mg"":440,""z_mg"":796}"
67.578,right_hand,og,tilt,,"{""roll_deg"":28.5,""pitch_deg"":35.8,""steady"":true}"
67.593,right_hand,og,acc,2419068,"{""seq"":3284,""x_mg"":400,""y_mg"":388,""z_mg"":792}"
67.593,right_hand,og,tilt,,"{""roll_deg"":28.5,""pitch_deg"":35.5,""steady"":true}"
67.625,right_hand,og,acc,2419088,"{""seq"":3285,""x_mg"":416,""y_mg"":340,""z_mg"":784}"
67.625,right_hand,og,tilt,,"{""roll_deg"":28.1,""pitch_deg"":35.5,""steady"":true}"
67.656,right_hand,og,acc,2419109,"{""seq"":3286,""x_mg"":400,""y_mg"":336,""z_mg"":772}"
67.656,right_hand,og,tilt,,"{""roll_deg"":27.0,""pitch_deg"":35.5,""steady"":true}"
67.687,right_hand,og,acc,2419130,"{""seq"":3287,""x_mg"":396,""y_mg"":340,""z_mg"":780}"
67.687,right_hand,og,tilt,,"{""roll_deg"":26.1,""pitch_deg"":35.5,""steady"":true}"
67.687,right_hand,og,acc,2419150,"{""seq"":3288,""x_mg"":392,""y_mg"":336,""z_mg"":780}"
67.687,right_hand,og,tilt,,"{""roll_deg"":25.4,""pitch_deg"":35.5,""steady"":true}"
67.718,right_hand,og,acc,2419171,"{""seq"":3289,""x_mg"":384,""y_mg"":356,""z_mg"":804}"
67.718,right_hand,og,tilt,,"{""roll_deg"":25.0,""pitch_deg"":35.5,""steady"":true}"
67.750,right_hand,og,acc,2419191,"{""seq"":3290,""x_mg"":372,""y_mg"":336,""z_mg"":812}"
67.750,right_hand,og,tilt,,"{""roll_deg"":24.6,""pitch_deg"":35.5,""steady"":true}"
67.750,right_hand,og,acc,2419212,"{""seq"":3291,""x_mg"":412,""y_mg"":320,""z_mg"":804}"
67.750,right_hand,og,tilt,,"{""roll_deg"":24.2,""pitch_deg"":35.5,""steady"":true}"
67.781,,game,miss,,"{""n"":29,""speed"":0.2}"
67.781,right_hand,og,acc,2419232,"{""seq"":3292,""x_mg"":440,""y_mg"":316,""z_mg"":820}"
67.781,right_hand,og,tilt,,"{""roll_deg"":23.7,""pitch_deg"":35.5,""steady"":true}"
67.781,right_hand,og,acc,2419253,"{""seq"":3293,""x_mg"":452,""y_mg"":296,""z_mg"":848}"
67.781,right_hand,og,tilt,,"{""roll_deg"":23.1,""pitch_deg"":35.5,""steady"":true}"
67.812,right_hand,og,acc,2419274,"{""seq"":3294,""x_mg"":428,""y_mg"":380,""z_mg"":840}"
67.812,right_hand,og,tilt,,"{""roll_deg"":22.6,""pitch_deg"":35.5,""steady"":true}"
67.828,right_hand,og,acc,2419294,"{""seq"":3295,""x_mg"":440,""y_mg"":404,""z_mg"":848}"
67.828,right_hand,og,tilt,,"{""roll_deg"":22.6,""pitch_deg"":35.5,""steady"":true}"
67.859,right_hand,og,acc,2419315,"{""seq"":3296,""x_mg"":464,""y_mg"":332,""z_mg"":856}"
67.859,right_hand,og,tilt,,"{""roll_deg"":22.6,""pitch_deg"":35.5,""steady"":true}"
67.890,right_hand,og,acc,2419335,"{""seq"":3297,""x_mg"":448,""y_mg"":272,""z_mg"":872}"
67.890,right_hand,og,tilt,,"{""roll_deg"":22.6,""pitch_deg"":35.5,""steady"":true}"
67.890,right_hand,og,acc,2419356,"{""seq"":3298,""x_mg"":400,""y_mg"":260,""z_mg"":852}"
67.890,right_hand,og,tilt,,"{""roll_deg"":21.8,""pitch_deg"":35.7,""steady"":true}"
67.921,right_hand,og,acc,2419376,"{""seq"":3299,""x_mg"":380,""y_mg"":268,""z_mg"":864}"
67.921,right_hand,og,tilt,,"{""roll_deg"":20.9,""pitch_deg"":35.7,""steady"":true}"
67.921,right_hand,og,acc,2419397,"{""seq"":3300,""x_mg"":360,""y_mg"":316,""z_mg"":868}"
67.921,right_hand,og,tilt,,"{""roll_deg"":20.3,""pitch_deg"":35.7,""steady"":true}"
67.953,right_hand,og,acc,2419417,"{""seq"":3301,""x_mg"":364,""y_mg"":232,""z_mg"":888}"
67.953,right_hand,og,tilt,,"{""roll_deg"":19.8,""pitch_deg"":35.7,""steady"":true}"
67.984,right_hand,og,acc,2419438,"{""seq"":3302,""x_mg"":384,""y_mg"":128,""z_mg"":896}"
67.984,right_hand,og,tilt,,"{""roll_deg"":18.8,""pitch_deg"":35.6,""steady"":true}"
67.984,right_hand,og,acc,2419459,"{""seq"":3303,""x_mg"":392,""y_mg"":76,""z_mg"":904}"
67.984,right_hand,og,tilt,,"{""roll_deg"":16.1,""pitch_deg"":35.4,""steady"":true}"
68.000,right_hand,og,acc,2419479,"{""seq"":3304,""x_mg"":384,""y_mg"":48,""z_mg"":904}"
68.000,right_hand,og,tilt,,"{""roll_deg"":12.9,""pitch_deg"":35.3,""steady"":true}"
68.031,right_hand,og,acc,2419500,"{""seq"":3305,""x_mg"":392,""y_mg"":44,""z_mg"":916}"
68.031,right_hand,og,tilt,,"{""roll_deg"":10.1,""pitch_deg"":35.2,""steady"":true}"
68.062,right_hand,og,acc,2419520,"{""seq"":3306,""x_mg"":396,""y_mg"":72,""z_mg"":920}"
68.062,right_hand,og,tilt,,"{""roll_deg"":8.3,""pitch_deg"":35.1,""steady"":true}"
68.093,right_hand,og,acc,2419541,"{""seq"":3307,""x_mg"":392,""y_mg"":108,""z_mg"":920}"
68.093,right_hand,og,tilt,,"{""roll_deg"":7.7,""pitch_deg"":35.0,""steady"":true}"
68.093,right_hand,og,acc,2419561,"{""seq"":3308,""x_mg"":376,""y_mg"":120,""z_mg"":900}"
68.093,right_hand,og,tilt,,"{""roll_deg"":7.7,""pitch_deg"":34.9,""steady"":true}"
68.125,right_hand,og,acc,2419582,"{""seq"":3309,""x_mg"":420,""y_mg"":100,""z_mg"":904}"
68.125,right_hand,og,tilt,,"{""roll_deg"":7.7,""pitch_deg"":34.8,""steady"":true}"
68.125,right_hand,og,acc,2419603,"{""seq"":3310,""x_mg"":404,""y_mg"":100,""z_mg"":916}"
68.125,right_hand,og,tilt,,"{""roll_deg"":7.7,""pitch_deg"":34.8,""steady"":true}"
68.156,right_hand,og,acc,2419623,"{""seq"":3311,""x_mg"":412,""y_mg"":100,""z_mg"":924}"
68.156,right_hand,og,tilt,,"{""roll_deg"":7.7,""pitch_deg"":34.8,""steady"":true}"
68.187,right_hand,og,acc,2419644,"{""seq"":3312,""x_mg"":404,""y_mg"":160,""z_mg"":928}"
68.187,right_hand,og,tilt,,"{""roll_deg"":7.7,""pitch_deg"":34.8,""steady"":true}"
68.187,right_hand,og,acc,2419664,"{""seq"":3313,""x_mg"":400,""y_mg"":216,""z_mg"":932}"
68.187,right_hand,og,tilt,,"{""roll_deg"":8.0,""pitch_deg"":34.8,""steady"":true}"
68.218,right_hand,og,acc,2419685,"{""seq"":3314,""x_mg"":404,""y_mg"":196,""z_mg"":924}"
68.218,right_hand,og,tilt,,"{""roll_deg"":8.7,""pitch_deg"":34.8,""steady"":true}"
68.250,right_hand,og,acc,2419705,"{""seq"":3315,""x_mg"":404,""y_mg"":156,""z_mg"":924}"
68.250,right_hand,og,tilt,,"{""roll_deg"":9.0,""pitch_deg"":34.8,""steady"":true}"
68.265,right_hand,og,acc,2419726,"{""seq"":3316,""x_mg"":380,""y_mg"":132,""z_mg"":912}"
68.265,right_hand,og,tilt,,"{""roll_deg"":9.1,""pitch_deg"":34.8,""steady"":true}"
68.312,right_hand,og,acc,2419747,"{""seq"":3317,""x_mg"":368,""y_mg"":160,""z_mg"":900}"
68.312,right_hand,og,tilt,,"{""roll_deg"":9.2,""pitch_deg"":34.7,""steady"":true}"
68.312,right_hand,og,acc,2419767,"{""seq"":3318,""x_mg"":356,""y_mg"":240,""z_mg"":880}"
68.312,right_hand,og,tilt,,"{""roll_deg"":9.4,""pitch_deg"":34.5,""steady"":true}"
68.343,right_hand,og,acc,2419788,"{""seq"":3319,""x_mg"":340,""y_mg"":236,""z_mg"":880}"
68.343,right_hand,og,tilt,,"{""roll_deg"":10.4,""pitch_deg"":34.3,""steady"":true}"
68.343,right_hand,og,acc,2419808,"{""seq"":3320,""x_mg"":336,""y_mg"":132,""z_mg"":880}"
68.343,right_hand,og,tilt,,"{""roll_deg"":11.5,""pitch_deg"":34.0,""steady"":true}"
68.375,right_hand,og,acc,2419829,"{""seq"":3321,""x_mg"":340,""y_mg"":44,""z_mg"":876}"
68.375,right_hand,og,tilt,,"{""roll_deg"":11.5,""pitch_deg"":33.7,""steady"":true}"
68.406,right_hand,og,acc,2419849,"{""seq"":3322,""x_mg"":296,""y_mg"":28,""z_mg"":908}"
68.406,right_hand,og,tilt,,"{""roll_deg"":11.4,""pitch_deg"":33.4,""steady"":true}"
68.406,right_hand,og,acc,2419870,"{""seq"":3323,""x_mg"":328,""y_mg"":116,""z_mg"":940}"
68.406,right_hand,og,tilt,,"{""roll_deg"":10.7,""pitch_deg"":32.9,""steady"":true}"
68.421,right_hand,og,acc,2419891,"{""seq"":3324,""x_mg"":316,""y_mg"":140,""z_mg"":896}"
68.421,right_hand,og,tilt,,"{""roll_deg"":10.5,""pitch_deg"":32.4,""steady"":true}"
68.453,right_hand,og,acc,2419911,"{""seq"":3325,""x_mg"":328,""y_mg"":132,""z_mg"":932}"
68.453,right_hand,og,tilt,,"{""roll_deg"":10.4,""pitch_deg"":32.0,""steady"":true}"
68.484,right_hand,og,acc,2419932,"{""seq"":3326,""x_mg"":380,""y_mg"":64,""z_mg"":928}"
68.484,right_hand,og,tilt,,"{""roll_deg"":10.4,""pitch_deg"":31.8,""steady"":true}"
68.484,right_hand,og,acc,2419952,"{""seq"":3327,""x_mg"":356,""y_mg"":32,""z_mg"":916}"
68.484,right_hand,og,tilt,,"{""roll_deg"":9.7,""pitch_deg"":31.8,""steady"":true}"
68.515,right_hand,og,acc,2419973,"{""seq"":3328,""x_mg"":360,""y_mg"":40,""z_mg"":932}"
68.515,right_hand,og,tilt,,"{""roll_deg"":8.7,""pitch_deg"":31.8,""steady"":true}"
68.546,right_hand,og,acc,2419993,"{""seq"":3329,""x_mg"":368,""y_mg"":92,""z_mg"":948}"
68.546,right_hand,og,tilt,,"{""roll_deg"":7.9,""pitch_deg"":31.8,""steady"":true}"
68.546,right_hand,og,acc,2420014,"{""seq"":3330,""x_mg"":356,""y_mg"":156,""z_mg"":960}"
68.546,right_hand,og,tilt,,"{""roll_deg"":7.8,""pitch_deg"":31.8,""steady"":true}"
68.578,right_hand,og,acc,2420035,"{""seq"":3331,""x_mg"":360,""y_mg"":184,""z_mg"":940}"
68.578,right_hand,og,tilt,,"{""roll_deg"":7.8,""pitch_deg"":31.8,""steady"":true}"
68.609,right_hand,og,acc,2420055,"{""seq"":3332,""x_mg"":368,""y_mg"":116,""z_mg"":932}"
68.609,right_hand,og,tremor,,"{""rms_mg"":28.3,""peak_hz"":7.4}"
68.609,right_hand,og,tilt,,"{""roll_deg"":7.9,""pitch_deg"":31.8,""steady"":true}"
68.609,right_hand,og,acc,2420076,"{""seq"":3333,""x_mg"":376,""y_mg"":32,""z_mg"":908}"
68.609,right_hand,og,tilt,,"{""roll_deg"":7.9,""pitch_deg"":31.8,""steady"":true}"
68.625,right_hand,og,acc,2420096,"{""seq"":3334,""x_mg"":372,""y_mg"":28,""z_mg"":908}"
68.625,right_hand,og,tilt,,"{""roll_deg"":7.9,""pitch_deg"":31.8,""steady"":true}"
68.656,right_hand,og,acc,2420117,"{""seq"":3335,""x_mg"":356,""y_mg"":48,""z_mg"":920}"
68.656,right_hand,og,tilt,,"{""roll_deg"":7.4,""pitch_deg"":31.8,""steady"":true}"
68.687,right_hand,og,acc,2420137,"{""seq"":3336,""x_mg"":356,""y_mg"":80,""z_mg"":920}"
68.687,right_hand,og,tilt,,"{""roll_deg"":7.0,""pitch_deg"":31.8,""steady"":true}"
68.687,right_hand,og,acc,2420158,"{""seq"":3337,""x_mg"":352,""y_mg"":76,""z_mg"":892}"
68.687,right_hand,og,tilt,,"{""roll_deg"":7.0,""pitch_deg"":31.8,""steady"":true}"
68.718,right_hand,og,acc,2420179,"{""seq"":3338,""x_mg"":336,""y_mg"":36,""z_mg"":892}"
68.718,right_hand,og,tilt,,"{""roll_deg"":7.0,""pitch_deg"":31.8,""steady"":true}"
68.750,right_hand,og,acc,2420199,"{""seq"":3339,""x_mg"":364,""y_mg"":-4,""z_mg"":892}"
68.750,right_hand,og,tilt,,"{""roll_deg"":6.6,""pitch_deg"":31.8,""steady"":true}"
68.750,right_hand,og,acc,2420220,"{""seq"":3340,""x_mg"":364,""y_mg"":-32,""z_mg"":900}"
68.750,right_hand,og,tilt,,"{""roll_deg"":5.7,""pitch_deg"":31.8,""steady"":true}"
68.781,right_hand,og,acc,2420240,"{""seq"":3341,""x_mg"":352,""y_mg"":-8,""z_mg"":888}"
68.781,right_hand,og,tilt,,"{""roll_deg"":4.9,""pitch_deg"":31.8,""steady"":true}"
68.812,right_hand,og,acc,2420261,"{""seq"":3342,""x_mg"":340,""y_mg"":4,""z_mg"":908}"
68.812,right_hand,og,tilt,,"{""roll_deg"":4.2,""pitch_deg"":31.8,""steady"":true}"
68.812,right_hand,og,acc,2420281,"{""seq"":3343,""x_mg"":324,""y_mg"":12,""z_mg"":916}"
68.812,right_hand,og,tilt,,"{""roll_deg"":3.9,""pitch_deg"":31.8,""steady"":true}"
68.828,right_hand,og,acc,2420302,"{""seq"":3344,""x_mg"":340,""y_mg"":24,""z_mg"":920}"
68.828,right_hand,og,tilt,,"{""roll_deg"":3.7,""pitch_deg"":31.8,""steady"":true}"
68.875,right_hand,og,acc,2420323,"{""seq"":3345,""x_mg"":296,""y_mg"":-16,""z_mg"":1032}"
68.875,right_hand,og,tilt,,"{""roll_deg"":3.6,""pitch_deg"":31.8,""steady"":true}"
68.875,right_hand,og,acc,2420343,"{""seq"":3346,""x_mg"":292,""y_mg"":-84,""z_mg"":972}"
68.875,right_hand,og,tilt,,"{""roll_deg"":3.2,""pitch_deg"":31.8,""steady"":true}"
68.906,right_hand,og,acc,2420364,"{""seq"":3347,""x_mg"":312,""y_mg"":-84,""z_mg"":944}"
68.906,right_hand,og,tilt,,"{""roll_deg"":1.8,""pitch_deg"":31.2,""steady"":true}"
68.906,right_hand,og,acc,2420384,"{""seq"":3348,""x_mg"":320,""y_mg"":-64,""z_mg"":920}"
68.906,right_hand,og,tilt,,"{""roll_deg"":0.8,""pitch_deg"":31.0,""steady"":true}"
68.937,right_hand,og,acc,2420405,"{""seq"":3349,""x_mg"":336,""y_mg"":-48,""z_mg"":892}"
68.937,right_hand,og,tilt,,"{""roll_deg"":0.3,""pitch_deg"":30.9,""steady"":true}"
68.984,right_hand,og,acc,2420425,"{""seq"":3350,""x_mg"":352,""y_mg"":-32,""z_mg"":916}"
68.984,right_hand,og,tilt,,"{""roll_deg"":0.1,""pitch_deg"":30.9,""steady"":true}"
68.984,right_hand,og,acc,2420446,"{""seq"":3351,""x_mg"":348,""y_mg"":-8,""z_mg"":904}"
68.984,right_hand,og,tilt,,"{""roll_deg"":0.1,""pitch_deg"":30.9,""steady"":true}"
69.015,right_hand,og,acc,2420467,"{""seq"":3352,""x_mg"":376,""y_mg"":-24,""z_mg"":936}"
69.015,right_hand,og,tilt,,"{""roll_deg"":0.1,""pitch_deg"":30.9,""steady"":true}"
69.046,right_hand,og,acc,2420487,"{""seq"":3353,""x_mg"":332,""y_mg"":60,""z_mg"":900}"
69.046,right_hand,og,tilt,,"{""roll_deg"":0.1,""pitch_deg"":30.9,""steady"":true}"
69.046,right_hand,og,acc,2420508,"{""seq"":3354,""x_mg"":352,""y_mg"":32,""z_mg"":944}"
69.046,right_hand,og,tilt,,"{""roll_deg"":0.3,""pitch_deg"":30.9,""steady"":true}"
69.078,right_hand,og,acc,2420528,"{""seq"":3355,""x_mg"":304,""y_mg"":8,""z_mg"":924}"
69.078,right_hand,og,tilt,,"{""roll_deg"":0.6,""pitch_deg"":30.9,""steady"":true}"
69.109,right_hand,og,acc,2420549,"{""seq"":3356,""x_mg"":348,""y_mg"":28,""z_mg"":912}"
69.109,right_hand,og,tilt,,"{""roll_deg"":0.8,""pitch_deg"":30.9,""steady"":true}"
69.109,right_hand,og,acc,2420569,"{""seq"":3357,""x_mg"":356,""y_mg"":64,""z_mg"":904}"
69.109,right_hand,og,tilt,,"{""roll_deg"":1.1,""pitch_deg"":30.9,""steady"":true}"
69.140,right_hand,og,acc,2420590,"{""seq"":3358,""x_mg"":356,""y_mg"":44,""z_mg"":888}"
69.140,right_hand,og,tilt,,"{""roll_deg"":1.5,""pitch_deg"":30.9,""steady"":true}"
69.171,right_hand,og,acc,2420611,"{""seq"":3359,""x_mg"":372,""y_mg"":40,""z_mg"":892}"
69.171,right_hand,og,tilt,,"{""roll_deg"":2.0,""pitch_deg"":31.0,""steady"":true}"
69.171,right_hand,og,acc,2420631,"{""seq"":3360,""x_mg"":360,""y_mg"":-12,""z_mg"":900}"
69.171,right_hand,og,tilt,,"{""roll_deg"":2.3,""pitch_deg"":31.2,""steady"":true}"
69.203,right_hand,og,acc,2420652,"{""seq"":3361,""x_mg"":368,""y_mg"":-40,""z_mg"":912}"
69.203,right_hand,og,tilt,,"{""roll_deg"":2.3,""pitch_deg"":31.3,""steady"":true}"
69.203,right_hand,og,acc,2420672,"{""seq"":3362,""x_mg"":360,""y_mg"":-60,""z_mg"":956}"
69.203,right_hand,og,tilt,,"{""roll_deg"":2.3,""pitch_deg"":31.5,""steady"":true}"
69.234,right_hand,og,acc,2420693,"{""seq"":3363,""x_mg"":340,""y_mg"":-52,""z_mg"":984}"
69.234,right_hand,og,tilt,,"{""roll_deg"":2.3,""pitch_deg"":31.5,""steady"":true}"
69.250,right_hand,og,acc,2420713,"{""seq"":3364,""x_mg"":332,""y_mg"":-4,""z_mg"":976}"
69.250,right_hand,og,tilt,,"{""roll_deg"":2.2,""pitch_deg"":31.5,""steady"":true}"
69.281,right_hand,og,acc,2420734,"{""seq"":3365,""x_mg"":368,""y_mg"":44,""z_mg"":952}"
69.281,right_hand,og,tilt,,"{""roll_deg"":2.2,""pitch_deg"":31.5,""steady"":true}"
69.312,right_hand,og,acc,2420755,"{""seq"":3366,""x_mg"":364,""y_mg"":44,""z_mg"":952}"
69.312,right_hand,og,tilt,,"{""roll_deg"":2.2,""pitch_deg"":31.5,""steady"":true}"
69.312,right_hand,og,acc,2420775,"{""seq"":3367,""x_mg"":352,""y_mg"":20,""z_mg"":944}"
69.312,right_hand,og,tilt,,"{""roll_deg"":2.2,""pitch_deg"":31.5,""steady"":true}"
69.343,right_hand,og,acc,2420796,"{""seq"":3368,""x_mg"":392,""y_mg"":36,""z_mg"":924}"
69.343,right_hand,og,tilt,,"{""roll_deg"":2.2,""pitch_deg"":31.5,""steady"":true}"
69.343,right_hand,og,acc,2420816,"{""seq"":3369,""x_mg"":372,""y_mg"":20,""z_mg"":920}"
69.343,right_hand,og,tilt,,"{""roll_deg"":2.2,""pitch_deg"":31.5,""steady"":true}"
69.375,right_hand,og,acc,2420837,"{""seq"":3370,""x_mg"":360,""y_mg"":-12,""z_mg"":920}"
69.375,right_hand,og,tilt,,"{""roll_deg"":2.3,""pitch_deg"":31.5,""steady"":true}"
69.406,right_hand,og,acc,2420857,"{""seq"":3371,""x_mg"":352,""y_mg"":-28,""z_mg"":940}"
69.406,right_hand,og,tilt,,"{""roll_deg"":2.3,""pitch_deg"":31.5,""steady"":true}"
69.406,right_hand,og,acc,2420878,"{""seq"":3372,""x_mg"":356,""y_mg"":-36,""z_mg"":956}"
69.406,right_hand,og,tilt,,"{""roll_deg"":2.3,""pitch_deg"":31.5,""steady"":true}"
69.437,right_hand,og,acc,2420898,"{""seq"":3373,""x_mg"":336,""y_mg"":-72,""z_mg"":956}"
69.437,right_hand,og,tilt,,"{""roll_deg"":2.3,""pitch_deg"":31.5,""steady"":true}"
69.468,right_hand,og,acc,2420919,"{""seq"":3374,""x_mg"":328,""y_mg"":-96,""z_mg"":948}"
69.468,right_hand,og,tilt,,"{""roll_deg"":2.1,""pitch_deg"":31.5,""steady"":true}"
69.468,right_hand,og,acc,2420940,"{""seq"":3375,""x_mg"":308,""y_mg"":-128,""z_mg"":996}"
69.468,right_hand,og,tilt,,"{""roll_deg"":1.2,""pitch_deg"":31.5,""steady"":true}"
69.484,right_hand,og,acc,2420960,"{""seq"":3376,""x_mg"":280,""y_mg"":-112,""z_mg"":996}"
69.484,right_hand,og,tilt,,"{""roll_deg"":0.2,""pitch_deg"":31.5,""steady"":true}"
69.515,right_hand,og,acc,2420981,"{""seq"":3377,""x_mg"":300,""y_mg"":-92,""z_mg"":980}"
69.515,right_hand,og,tilt,,"{""roll_deg"":-0.7,""pitch_deg"":31.1,""steady"":true}"
69.562,right_hand,og,acc,2421001,"{""seq"":3378,""x_mg"":280,""y_mg"":-60,""z_mg"":972}"
69.562,right_hand,og,tilt,,"{""roll_deg"":-1.1,""pitch_deg"":30.5,""steady"":true}"
69.562,right_hand,og,acc,2421022,"{""seq"":3379,""x_mg"":316,""y_mg"":-64,""z_mg"":976}"
69.562,right_hand,og,tilt,,"{""roll_deg"":-1.1,""pitch_deg"":30.1,""steady"":true}"
69.578,right_hand,og,acc,2421042,"{""seq"":3380,""x_mg"":324,""y_mg"":-36,""z_mg"":960}"
69.578,right_hand,og,tilt,,"{""roll_deg"":-1.1,""pitch_deg"":29.9,""steady"":true}"
69.625,right_hand,og,acc,2421063,"{""seq"":3381,""x_mg"":340,""y_mg"":-8,""z_mg"":952}"
69.625,right_hand,og,tilt,,"{""roll_deg"":-1.1,""pitch_deg"":29.9,""steady"":true}"
69.625,right_hand,og,acc,2421084,"{""seq"":3382,""x_mg"":348,""y_mg"":-12,""z_mg"":936}"
69.625,right_hand,og,tilt,,"{""roll_deg"":-1.1,""pitch_deg"":29.9,""steady"":true}"
69.656,right_hand,og,acc,2421104,"{""seq"":3383,""x_mg"":340,""y_mg"":28,""z_mg"":924}"
69.656,right_hand,og,tilt,,"{""roll_deg"":-1.1,""pitch_deg"":29.9,""steady"":true}"
69.687,right_hand,og,acc,2421125,"{""seq"":3384,""x_mg"":356,""y_mg"":60,""z_mg"":912}"
69.687,right_hand,og,tilt,,"{""roll_deg"":-0.7,""pitch_deg"":29.9,""steady"":true}"
69.687,right_hand,og,acc,2421145,"{""seq"":3385,""x_mg"":356,""y_mg"":24,""z_mg"":932}"
69.687,right_hand,og,tilt,,"{""roll_deg"":-0.2,""pitch_deg"":29.9,""steady"":true}"
69.718,right_hand,og,acc,2421166,"{""seq"":3386,""x_mg"":352,""y_mg"":-4,""z_mg"":948}"
69.718,right_hand,og,tilt,,"{""roll_deg"":0.4,""pitch_deg"":29.9,""steady"":true}"
69.718,right_hand,og,acc,2421186,"{""seq"":3387,""x_mg"":348,""y_mg"":0,""z_mg"":932}"
69.718,right_hand,og,tilt,,"{""roll_deg"":0.6,""pitch_deg"":30.0,""steady"":true}"
69.750,right_hand,og,acc,2421207,"{""seq"":3388,""x_mg"":352,""y_mg"":-24,""z_mg"":896}"
69.750,right_hand,og,tilt,,"{""roll_deg"":0.7,""pitch_deg"":30.1,""steady"":true}"
69.781,right_hand,og,acc,2421228,"{""seq"":3389,""x_mg"":380,""y_mg"":-12,""z_mg"":904}"
69.781,right_hand,og,tilt,,"{""roll_deg"":0.8,""pitch_deg"":30.3,""steady"":true}"
69.781,right_hand,og,acc,2421248,"{""seq"":3390,""x_mg"":388,""y_mg"":-40,""z_mg"":900}"
69.781,right_hand,og,tilt,,"{""roll_deg"":0.8,""pitch_deg"":30.7,""steady"":true}"
69.812,right_hand,og,acc,2421269,"{""seq"":3391,""x_mg"":388,""y_mg"":-20,""z_mg"":900}"
69.812,right_hand,og,tilt,,"{""roll_deg"":0.8,""pitch_deg"":31.3,""steady"":true}"
69.843,right_hand,og,acc,2421289,"{""seq"":3392,""x_mg"":384,""y_mg"":-32,""z_mg"":892}"
69.843,right_hand,og,tilt,,"{""roll_deg"":0.8,""pitch_deg"":31.7,""steady"":true}"
69.843,right_hand,og,acc,2421310,"{""seq"":3393,""x_mg"":412,""y_mg"":-16,""z_mg"":900}"
69.843,right_hand,og,tilt,,"{""roll_deg"":0.8,""pitch_deg"":32.2,""steady"":true}"
69.875,right_hand,og,acc,2421330,"{""seq"":3394,""x_mg"":372,""y_mg"":-4,""z_mg"":900}"
69.875,right_hand,og,tilt,,"{""roll_deg"":0.8,""pitch_deg"":32.5,""steady"":true}"
69.906,right_hand,og,acc,2421351,"{""seq"":3395,""x_mg"":388,""y_mg"":8,""z_mg"":904}"
69.906,right_hand,og,tilt,,"{""roll_deg"":0.8,""pitch_deg"":32.7,""steady"":true}"
69.906,right_hand,og,acc,2421372,"{""seq"":3396,""x_mg"":368,""y_mg"":-20,""z_mg"":920}"
69.906,right_hand,og,tilt,,"{""roll_deg"":0.8,""pitch_deg"":32.8,""steady"":true}"
69.937,right_hand,og,acc,2421392,"{""seq"":3397,""x_mg"":380,""y_mg"":16,""z_mg"":912}"
69.937,right_hand,og,tilt,,"{""roll_deg"":0.9,""pitch_deg"":32.9,""steady"":true}"
69.968,,game,miss,,"{""n"":30,""speed"":0.2}"
69.968,right_hand,og,acc,2421413,"{""seq"":3398,""x_mg"":364,""y_mg"":0,""z_mg"":928}"
69.968,right_hand,og,tilt,,"{""roll_deg"":1.0,""pitch_deg"":32.9,""steady"":true}"
69.968,right_hand,og,acc,2421433,"{""seq"":3399,""x_mg"":368,""y_mg"":-4,""z_mg"":924}"
69.968,right_hand,og,tilt,,"{""roll_deg"":1.1,""pitch_deg"":32.9,""steady"":true}"
70.000,right_hand,og,acc,2421454,"{""seq"":3400,""x_mg"":376,""y_mg"":-4,""z_mg"":920}"
70.000,right_hand,og,tilt,,"{""roll_deg"":1.2,""pitch_deg"":32.9,""steady"":true}"
70.031,right_hand,og,acc,2421474,"{""seq"":3401,""x_mg"":392,""y_mg"":24,""z_mg"":916}"
70.031,right_hand,og,tilt,,"{""roll_deg"":1.2,""pitch_deg"":32.9,""steady"":true}"
70.031,right_hand,og,acc,2421495,"{""seq"":3402,""x_mg"":400,""y_mg"":32,""z_mg"":904}"
70.031,right_hand,og,tilt,,"{""roll_deg"":1.4,""pitch_deg"":32.9,""steady"":true}"
70.062,right_hand,og,acc,2421515,"{""seq"":3403,""x_mg"":396,""y_mg"":32,""z_mg"":896}"
70.062,right_hand,og,tilt,,"{""roll_deg"":1.7,""pitch_deg"":33.0,""steady"":true}"
70.062,right_hand,og,acc,2421536,"{""seq"":3404,""x_mg"":400,""y_mg"":48,""z_mg"":904}"
70.062,right_hand,og,tilt,,"{""roll_deg"":2.0,""pitch_deg"":33.2,""steady"":true}"
70.093,right_hand,og,acc,2421557,"{""seq"":3405,""x_mg"":380,""y_mg"":32,""z_mg"":904}"
70.093,right_hand,og,tilt,,"{""roll_deg"":2.3,""pitch_deg"":33.4,""steady"":true}"
70.109,right_hand,og,acc,2421577,"{""seq"":3406,""x_mg"":388,""y_mg"":28,""z_mg"":900}"
70.109,right_hand,og,tilt,,"{""roll_deg"":2.5,""pitch_deg"":33.5,""steady"":true}"
70.140,right_hand,og,acc,2421598,"{""seq"":3407,""x_mg"":360,""y_mg"":12,""z_mg"":884}"
70.140,right_hand,og,tilt,,"{""roll_deg"":2.6,""pitch_deg"":33.5,""steady"":true}"
70.140,right_hand,og,acc,2421618,"{""seq"":3408,""x_mg"":372,""y_mg"":4,""z_mg"":912}"
70.140,right_hand,og,tilt,,"{""roll_deg"":2.6,""pitch_deg"":33.5,""steady"":true}"
70.171,right_hand,og,acc,2421639,"{""seq"":3409,""x_mg"":360,""y_mg"":12,""z_mg"":872}"
70.171,right_hand,og,tilt,,"{""roll_deg"":2.6,""pitch_deg"":33.5,""steady"":true}"
70.203,right_hand,og,acc,2421660,"{""seq"":3410,""x_mg"":364,""y_mg"":-24,""z_mg"":920}"
70.203,right_hand,og,tilt,,"{""roll_deg"":2.6,""pitch_deg"":33.5,""steady"":true}"
70.203,right_hand,og,acc,2421680,"{""seq"":3411,""x_mg"":368,""y_mg"":-24,""z_mg"":920}"
70.203,right_hand,og,tilt,,"{""roll_deg"":2.6,""pitch_deg"":33.5,""steady"":true}"
70.250,right_hand,og,acc,2421701,"{""seq"":3412,""x_mg"":376,""y_mg"":-12,""z_mg"":920}"
70.250,right_hand,og,tilt,,"{""roll_deg"":2.6,""pitch_deg"":33.5,""steady"":true}"
70.281,right_hand,og,acc,2421721,"{""seq"":3413,""x_mg"":376,""y_mg"":8,""z_mg"":904}"
70.281,right_hand,og,tilt,,"{""roll_deg"":2.6,""pitch_deg"":33.5,""steady"":true}"
70.281,right_hand,og,acc,2421742,"{""seq"":3414,""x_mg"":368,""y_mg"":8,""z_mg"":904}"
70.281,right_hand,og,tilt,,"{""roll_deg"":2.6,""pitch_deg"":33.5,""steady"":true}"
70.296,right_hand,og,acc,2421762,"{""seq"":3415,""x_mg"":368,""y_mg"":16,""z_mg"":900}"
70.296,right_hand,og,tilt,,"{""roll_deg"":2.6,""pitch_deg"":33.5,""steady"":true}"
70.328,right_hand,og,acc,2421783,"{""seq"":3416,""x_mg"":376,""y_mg"":40,""z_mg"":900}"
70.328,right_hand,og,tilt,,"{""roll_deg"":2.6,""pitch_deg"":33.5,""steady"":true}"
70.359,right_hand,og,acc,2421803,"{""seq"":3417,""x_mg"":380,""y_mg"":16,""z_mg"":908}"
70.359,right_hand,og,tilt,,"{""roll_deg"":2.6,""pitch_deg"":33.5,""steady"":true}"
70.359,right_hand,og,acc,2421824,"{""seq"":3418,""x_mg"":344,""y_mg"":28,""z_mg"":884}"
70.359,right_hand,og,tilt,,"{""roll_deg"":2.6,""pitch_deg"":33.5,""steady"":true}"
70.390,right_hand,og,acc,2421845,"{""seq"":3419,""x_mg"":380,""y_mg"":72,""z_mg"":908}"
70.390,right_hand,og,tilt,,"{""roll_deg"":2.6,""pitch_deg"":33.5,""steady"":true}"
70.421,right_hand,og,acc,2421865,"{""seq"":3420,""x_mg"":360,""y_mg"":76,""z_mg"":908}"
70.421,right_hand,og,tilt,,"{""roll_deg"":2.8,""pitch_deg"":33.5,""steady"":true}"
70.421,right_hand,og,acc,2421886,"{""seq"":3421,""x_mg"":340,""y_mg"":68,""z_mg"":888}"
70.421,right_hand,og,tilt,,"{""roll_deg"":3.3,""pitch_deg"":33.5,""steady"":true}"
70.453,right_hand,og,acc,2421906,"{""seq"":3422,""x_mg"":364,""y_mg"":88,""z_mg"":864}"
70.453,right_hand,og,tilt,,"{""roll_deg"":3.8,""pitch_deg"":33.5,""steady"":true}"
70.484,right_hand,og,acc,2421927,"{""seq"":3423,""x_mg"":384,""y_mg"":88,""z_mg"":816}"
70.484,right_hand,og,tilt,,"{""roll_deg"":4.4,""pitch_deg"":33.5,""steady"":true}"
70.484,right_hand,og,acc,2421948,"{""seq"":3424,""x_mg"":424,""y_mg"":108,""z_mg"":836}"
70.484,right_hand,og,tilt,,"{""roll_deg"":5.0,""pitch_deg"":33.5,""steady"":true}"
70.515,right_hand,og,acc,2421968,"{""seq"":3425,""x_mg"":392,""y_mg"":136,""z_mg"":860}"
70.515,right_hand,og,tilt,,"{""roll_deg"":5.7,""pitch_deg"":33.5,""steady"":true}"
70.531,right_hand,og,acc,2421989,"{""seq"":3426,""x_mg"":376,""y_mg"":180,""z_mg"":844}"
70.531,right_hand,og,tilt,,"{""roll_deg"":6.7,""pitch_deg"":33.6,""steady"":true}"
70.562,right_hand,og,acc,2422009,"{""seq"":3427,""x_mg"":392,""y_mg"":184,""z_mg"":848}"
70.562,right_hand,og,tilt,,"{""roll_deg"":8.3,""pitch_deg"":33.7,""steady"":true}"
70.562,right_hand,og,acc,2422030,"{""seq"":3428,""x_mg"":468,""y_mg"":208,""z_mg"":952}"
70.562,right_hand,og,tilt,,"{""roll_deg"":9.6,""pitch_deg"":33.9,""steady"":true}"
70.593,right_hand,og,acc,2422050,"{""seq"":3429,""x_mg"":396,""y_mg"":132,""z_mg"":960}"
70.593,right_hand,og,tilt,,"{""roll_deg"":10.5,""pitch_deg"":34.0,""steady"":true}"
70.625,right_hand,og,acc,2422071,"{""seq"":3430,""x_mg"":348,""y_mg"":200,""z_mg"":928}"
70.625,right_hand,og,tremor,,"{""rms_mg"":51.6,""peak_hz"":8.2}"
70.625,right_hand,og,tilt,,"{""roll_deg"":11.2,""pitch_deg"":34.0,""steady"":true}"
70.625,right_hand,og,acc,2422091,"{""seq"":3431,""x_mg"":384,""y_mg"":168,""z_mg"":896}"
70.625,right_hand,og,tilt,,"{""roll_deg"":11.3,""pitch_deg"":34.0,""steady"":true}"
70.656,right_hand,og,acc,2422112,"{""seq"":3432,""x_mg"":392,""y_mg"":164,""z_mg"":928}"
70.656,right_hand,og,tilt,,"{""roll_deg"":11.3,""pitch_deg"":34.0,""steady"":true}"
70.687,right_hand,og,acc,2422133,"{""seq"":3433,""x_mg"":348,""y_mg"":200,""z_mg"":924}"
70.687,right_hand,og,tilt,,"{""roll_deg"":11.4,""pitch_deg"":34.0,""steady"":true}"
70.687,right_hand,og,acc,2422153,"{""seq"":3434,""x_mg"":340,""y_mg"":176,""z_mg"":924}"
70.687,right_hand,og,tilt,,"{""roll_deg"":11.5,""pitch_deg"":34.0,""steady"":true}"
70.718,right_hand,og,acc,2422174,"{""seq"":3435,""x_mg"":384,""y_mg"":192,""z_mg"":940}"
70.718,right_hand,og,tilt,,"{""roll_deg"":11.7,""pitch_deg"":33.9,""steady"":true}"
70.734,right_hand,og,acc,2422194,"{""seq"":3436,""x_mg"":348,""y_mg"":216,""z_mg"":912}"
70.734,right_hand,og,tilt,,"{""roll_deg"":11.8,""pitch_deg"":33.7,""steady"":true}"
70.765,right_hand,og,acc,2422215,"{""seq"":3437,""x_mg"":356,""y_mg"":212,""z_mg"":916}"
70.765,right_hand,og,tilt,,"{""roll_deg"":12.3,""pitch_deg"":33.4,""steady"":true}"
70.765,right_hand,og,acc,2422235,"{""seq"":3438,""x_mg"":352,""y_mg"":192,""z_mg"":920}"
70.765,right_hand,og,tilt,,"{""roll_deg"":12.6,""pitch_deg"":33.2,""steady"":true}"
70.796,right_hand,og,acc,2422256,"{""seq"":3439,""x_mg"":328,""y_mg"":180,""z_mg"":904}"
70.796,right_hand,og,tilt,,"{""roll_deg"":12.6,""pitch_deg"":33.0,""steady"":true}"
70.828,right_hand,og,acc,2422277,"{""seq"":3440,""x_mg"":344,""y_mg"":176,""z_mg"":888}"
70.828,right_hand,og,tilt,,"{""roll_deg"":12.6,""pitch_deg"":32.8,""steady"":true}"
70.828,right_hand,og,acc,2422297,"{""seq"":3441,""x_mg"":324,""y_mg"":112,""z_mg"":900}"
70.828,right_hand,og,tilt,,"{""roll_deg"":12.6,""pitch_deg"":32.6,""steady"":true}"
70.859,right_hand,og,acc,2422318,"{""seq"":3442,""x_mg"":328,""y_mg"":132,""z_mg"":888}"
70.859,right_hand,og,tilt,,"{""roll_deg"":12.6,""pitch_deg"":32.4,""steady"":true}"
70.890,right_hand,og,acc,2422338,"{""seq"":3443,""x_mg"":324,""y_mg"":168,""z_mg"":860}"
70.890,right_hand,og,tilt,,"{""roll_deg"":12.6,""pitch_deg"":32.2,""steady"":true}"
70.890,right_hand,og,acc,2422359,"{""seq"":3444,""x_mg"":348,""y_mg"":188,""z_mg"":884}"
70.890,right_hand,og,tilt,,"{""roll_deg"":12.6,""pitch_deg"":32.1,""steady"":true}"
70.906,right_hand,og,acc,2422379,"{""seq"":3445,""x_mg"":336,""y_mg"":184,""z_mg"":900}"
70.906,right_hand,og,tilt,,"{""roll_deg"":12.6,""pitch_deg"":32.1,""steady"":true}"
70.953,right_hand,og,acc,2422400,"{""seq"":3446,""x_mg"":332,""y_mg"":160,""z_mg"":892}"
70.953,right_hand,og,tilt,,"{""roll_deg"":12.6,""pitch_deg"":32.0,""steady"":true}"
70.984,right_hand,og,acc,2422421,"{""seq"":3447,""x_mg"":336,""y_mg"":156,""z_mg"":908}"
70.984,right_hand,og,tilt,,"{""roll_deg"":12.6,""pitch_deg"":31.9,""steady"":true}"
70.984,right_hand,og,acc,2422441,"{""seq"":3448,""x_mg"":352,""y_mg"":132,""z_mg"":928}"
70.984,right_hand,og,tilt,,"{""roll_deg"":12.6,""pitch_deg"":31.9,""steady"":true}"
71.015,right_hand,og,acc,2422462,"{""seq"":3449,""x_mg"":356,""y_mg"":148,""z_mg"":924}"
71.015,right_hand,og,tilt,,"{""roll_deg"":12.6,""pitch_deg"":31.9,""steady"":true}"
71.015,right_hand,og,acc,2422482,"{""seq"":3450,""x_mg"":332,""y_mg"":152,""z_mg"":932}"
71.015,right_hand,og,tilt,,"{""roll_deg"":12.4,""pitch_deg"":31.9,""steady"":true}"
71.046,right_hand,og,acc,2422503,"{""seq"":3451,""x_mg"":328,""y_mg"":116,""z_mg"":924}"
71.046,right_hand,og,tilt,,"{""roll_deg"":12.3,""pitch_deg"":31.7,""steady"":true}"
71.078,right_hand,og,acc,2422523,"{""seq"":3452,""x_mg"":304,""y_mg"":124,""z_mg"":928}"
71.078,right_hand,og,tilt,,"{""roll_deg"":11.9,""pitch_deg"":31.6,""steady"":true}"
71.078,right_hand,og,acc,2422544,"{""seq"":3453,""x_mg"":292,""y_mg"":132,""z_mg"":908}"
71.078,right_hand,og,tilt,,"{""roll_deg"":11.6,""pitch_deg"":31.3,""steady"":true}"
71.109,right_hand,og,acc,2422565,"{""seq"":3454,""x_mg"":324,""y_mg"":124,""z_mg"":900}"
71.109,right_hand,og,tilt,,"{""roll_deg"":11.3,""pitch_deg"":31.0,""steady"":true}"
71.125,right_hand,og,acc,2422585,"{""seq"":3455,""x_mg"":328,""y_mg"":140,""z_mg"":928}"
71.125,right_hand,og,tilt,,"{""roll_deg"":11.2,""pitch_deg"":30.9,""steady"":true}"
71.156,right_hand,og,acc,2422606,"{""seq"":3456,""x_mg"":300,""y_mg"":84,""z_mg"":944}"
71.156,right_hand,og,tilt,,"{""roll_deg"":11.0,""pitch_deg"":30.9,""steady"":true}"
71.156,right_hand,og,acc,2422626,"{""seq"":3457,""x_mg"":268,""y_mg"":88,""z_mg"":968}"
71.156,right_hand,og,tilt,,"{""roll_deg"":10.3,""pitch_deg"":30.6,""steady"":true}"
71.187,right_hand,og,acc,2422647,"{""seq"":3458,""x_mg"":292,""y_mg"":36,""z_mg"":988}"
71.187,right_hand,og,tilt,,"{""roll_deg"":9.7,""pitch_deg"":30.1,""steady"":true}"
71.218,right_hand,og,acc,2422667,"{""seq"":3459,""x_mg"":264,""y_mg"":-24,""z_mg"":1016}"
71.218,right_hand,og,tilt,,"{""roll_deg"":8.5,""pitch_deg"":29.5,""steady"":true}"
71.218,right_hand,og,acc,2422688,"{""seq"":3460,""x_mg"":256,""y_mg"":-52,""z_mg"":1024}"
71.218,right_hand,og,tilt,,"{""roll_deg"":6.5,""pitch_deg"":28.7,""steady"":true}"
71.250,right_hand,og,acc,2422708,"{""seq"":3461,""x_mg"":236,""y_mg"":-48,""z_mg"":1004}"
71.250,right_hand,og,tilt,,"{""roll_deg"":4.5,""pitch_deg"":28.0,""steady"":true}"
71.281,right_hand,og,acc,2422729,"{""seq"":3462,""x_mg"":288,""y_mg"":24,""z_mg"":1004}"
71.281,right_hand,og,tilt,,"{""roll_deg"":3.0,""pitch_deg"":27.4,""steady"":true}"
71.281,right_hand,og,acc,2422750,"{""seq"":3463,""x_mg"":276,""y_mg"":52,""z_mg"":992}"
71.281,right_hand,og,tilt,,"{""roll_deg"":3.0,""pitch_deg"":27.3,""steady"":true}"
71.312,right_hand,og,acc,2422770,"{""seq"":3464,""x_mg"":288,""y_mg"":108,""z_mg"":972}"
71.312,right_hand,og,tilt,,"{""roll_deg"":3.0,""pitch_deg"":27.3,""steady"":true}"
71.343,right_hand,og,acc,2422791,"{""seq"":3465,""x_mg"":244,""y_mg"":120,""z_mg"":936}"
71.343,right_hand,og,tilt,,"{""roll_deg"":3.9,""pitch_deg"":27.2,""steady"":true}"
71.359,right_hand,og,acc,2422811,"{""seq"":3466,""x_mg"":224,""y_mg"":60,""z_mg"":956}"
71.359,right_hand,og,tilt,,"{""roll_deg"":4.4,""pitch_deg"":27.0,""steady"":true}"
71.359,right_hand,og,acc,2422832,"{""seq"":3467,""x_mg"":296,""y_mg"":52,""z_mg"":980}"
71.359,right_hand,og,tilt,,"{""roll_deg"":4.5,""pitch_deg"":26.7,""steady"":true}"
71.390,right_hand,og,acc,2422852,"{""seq"":3468,""x_mg"":276,""y_mg"":24,""z_mg"":964}"
71.390,right_hand,og,tilt,,"{""roll_deg"":4.5,""pitch_deg"":26.7,""steady"":true}"
71.421,right_hand,og,acc,2422873,"{""seq"":3469,""x_mg"":300,""y_mg"":-12,""z_mg"":944}"
71.421,right_hand,og,tilt,,"{""roll_deg"":4.5,""pitch_deg"":26.7,""steady"":true}"
71.421,right_hand,og,acc,2422894,"{""seq"":3470,""x_mg"":284,""y_mg"":-32,""z_mg"":948}"
71.421,right_hand,og,tilt,,"{""roll_deg"":4.5,""pitch_deg"":26.7,""steady"":true}"
71.453,right_hand,og,acc,2422914,"{""seq"":3471,""x_mg"":276,""y_mg"":0,""z_mg"":932}"
71.453,right_hand,og,tilt,,"{""roll_deg"":4.1,""pitch_deg"":26.7,""steady"":true}"
71.500,right_hand,og,acc,2422935,"{""seq"":3472,""x_mg"":280,""y_mg"":60,""z_mg"":932}"
71.500,right_hand,og,tilt,,"{""roll_deg"":3.8,""pitch_deg"":26.7,""steady"":true}"
71.500,right_hand,og,acc,2422955,"{""seq"":3473,""x_mg"":264,""y_mg"":68,""z_mg"":928}"
71.500,right_hand,og,tilt,,"{""roll_deg"":3.8,""pitch_deg"":26.7,""steady"":true}"
71.531,right_hand,og,acc,2422976,"{""seq"":3474,""x_mg"":272,""y_mg"":100,""z_mg"":920}"
71.531,right_hand,og,tilt,,"{""roll_deg"":3.8,""pitch_deg"":26.7,""steady"":true}"
71.531,right_hand,og,acc,2422996,"{""seq"":3475,""x_mg"":284,""y_mg"":116,""z_mg"":920}"
71.531,right_hand,og,tilt,,"{""roll_deg"":3.9,""pitch_deg"":26.7,""steady"":true}"
71.546,right_hand,og,acc,2423017,"{""seq"":3476,""x_mg"":284,""y_mg"":156,""z_mg"":920}"
71.546,right_hand,og,tilt,,"{""roll_deg"":4.5,""pitch_deg"":26.7,""steady"":true}"
71.593,right_hand,og,acc,2423038,"{""seq"":3477,""x_mg"":280,""y_mg"":120,""z_mg"":936}"
71.593,right_hand,og,tilt,,"{""roll_deg"":5.1,""pitch_deg"":26.8,""steady"":true}"
71.593,right_hand,og,acc,2423058,"{""seq"":3478,""x_mg"":272,""y_mg"":108,""z_mg"":940}"
71.593,right_hand,og,tilt,,"{""roll_deg"":5.8,""pitch_deg"":26.8,""steady"":true}"
71.625,right_hand,og,acc,2423079,"{""seq"":3479,""x_mg"":284,""y_mg"":88,""z_mg"":956}"
71.625,right_hand,og,tilt,,"{""roll_deg"":6.2,""pitch_deg"":26.8,""steady"":true}"
71.656,right_hand,og,acc,2423099,"{""seq"":3480,""x_mg"":288,""y_mg"":84,""z_mg"":944}"
71.656,right_hand,og,tilt,,"{""roll_deg"":6.3,""pitch_deg"":26.8,""steady"":true}"
71.656,right_hand,og,acc,2423120,"{""seq"":3481,""x_mg"":288,""y_mg"":96,""z_mg"":956}"
71.656,right_hand,og,tilt,,"{""roll_deg"":6.4,""pitch_deg"":26.9,""steady"":true}"
71.687,right_hand,og,acc,2423140,"{""seq"":3482,""x_mg"":308,""y_mg"":84,""z_mg"":952}"
71.687,right_hand,og,tilt,,"{""roll_deg"":6.4,""pitch_deg"":26.9,""steady"":true}"
71.718,right_hand,og,acc,2423161,"{""seq"":3483,""x_mg"":324,""y_mg"":48,""z_mg"":1012}"
71.718,right_hand,og,tilt,,"{""roll_deg"":6.4,""pitch_deg"":27.1,""steady"":true}"
71.718,right_hand,og,acc,2423182,"{""seq"":3484,""x_mg"":276,""y_mg"":132,""z_mg"":936}"
71.718,right_hand,og,tilt,,"{""roll_deg"":6.4,""pitch_deg"":27.2,""steady"":true}"
71.750,right_hand,og,acc,2423202,"{""seq"":3485,""x_mg"":292,""y_mg"":132,""z_mg"":928}"
71.750,right_hand,og,tilt,,"{""roll_deg"":6.9,""pitch_deg"":27.3,""steady"":true}"
71.781,right_hand,og,acc,2423223,"{""seq"":3486,""x_mg"":320,""y_mg"":72,""z_mg"":952}"
71.781,right_hand,og,tilt,,"{""roll_deg"":7.4,""pitch_deg"":27.3,""steady"":true}"
71.781,right_hand,og,acc,2423243,"{""seq"":3487,""x_mg"":340,""y_mg"":68,""z_mg"":940}"
71.781,right_hand,og,tilt,,"{""roll_deg"":7.4,""pitch_deg"":27.6,""steady"":true}"
71.812,right_hand,og,acc,2423264,"{""seq"":3488,""x_mg"":324,""y_mg"":68,""z_mg"":932}"
71.812,right_hand,og,tilt,,"{""roll_deg"":7.4,""pitch_deg"":27.9,""steady"":true}"
71.812,right_hand,og,acc,2423284,"{""seq"":3489,""x_mg"":308,""y_mg"":72,""z_mg"":920}"
71.812,right_hand,og,tilt,,"{""roll_deg"":7.4,""pitch_deg"":28.2,""steady"":true}"
71.843,right_hand,og,acc,2423305,"{""seq"":3490,""x_mg"":316,""y_mg"":100,""z_mg"":928}"
71.843,right_hand,og,tilt,,"{""roll_deg"":7.4,""pitch_deg"":28.3,""steady"":true}"
71.875,right_hand,og,acc,2423326,"{""seq"":3491,""x_mg"":336,""y_mg"":116,""z_mg"":920}"
71.875,right_hand,og,tilt,,"{""roll_deg"":7.4,""pitch_deg"":28.5,""steady"":true}"
71.875,right_hand,og,acc,2423346,"{""seq"":3492,""x_mg"":296,""y_mg"":160,""z_mg"":916}"
71.875,right_hand,og,tilt,,"{""roll_deg"":7.4,""pitch_deg"":28.6,""steady"":true}"
71.906,right_hand,og,acc,2423367,"{""seq"":3493,""x_mg"":288,""y_mg"":200,""z_mg"":904}"
71.906,right_hand,og,tilt,,"{""roll_deg"":7.6,""pitch_deg"":28.6,""steady"":true}"
71.937,right_hand,og,acc,2423387,"{""seq"":3494,""x_mg"":308,""y_mg"":192,""z_mg"":920}"
71.937,right_hand,og,tilt,,"{""roll_deg"":8.6,""pitch_deg"":28.6,""steady"":true}"
71.937,right_hand,og,acc,2423408,"{""seq"":3495,""x_mg"":296,""y_mg"":232,""z_mg"":892}"
71.937,right_hand,og,tilt,,"{""roll_deg"":9.8,""pitch_deg"":28.6,""steady"":true}"
71.953,right_hand,og,acc,2423428,"{""seq"":3496,""x_mg"":312,""y_mg"":244,""z_mg"":900}"
71.953,right_hand,og,tilt,,"{""roll_deg"":11.2,""pitch_deg"":28.6,""steady"":true}"
71.984,right_hand,og,acc,2423449,"{""seq"":3497,""x_mg"":336,""y_mg"":240,""z_mg"":904}"
71.984,right_hand,og,tilt,,"{""roll_deg"":12.5,""pitch_deg"":28.6,""steady"":true}"
72.015,right_hand,og,acc,2423469,"{""seq"":3498,""x_mg"":332,""y_mg"":232,""z_mg"":908}"
72.015,right_hand,og,tilt,,"{""roll_deg"":13.4,""pitch_deg"":28.8,""steady"":true}"
72.015,right_hand,og,acc,2423490,"{""seq"":3499,""x_mg"":320,""y_mg"":256,""z_mg"":912}"
72.015,right_hand,og,tilt,,"{""roll_deg"":14.0,""pitch_deg"":29.0,""steady"":true}"
72.046,right_hand,og,acc,2423511,"{""seq"":3500,""x_mg"":336,""y_mg"":212,""z_mg"":896}"
72.046,right_hand,og,tilt,,"{""roll_deg"":14.3,""pitch_deg"":29.1,""steady"":true}"
72.078,right_hand,og,acc,2423531,"{""seq"":3501,""x_mg"":320,""y_mg"":216,""z_mg"":896}"
72.078,right_hand,og,tilt,,"{""roll_deg"":14.4,""pitch_deg"":29.2,""steady"":true}"
72.078,right_hand,og,acc,2423552,"{""seq"":3502,""x_mg"":320,""y_mg"":248,""z_mg"":876}"
72.078,right_hand,og,tilt,,"{""roll_deg"":14.4,""pitch_deg"":29.3,""steady"":true}"
72.109,right_hand,og,acc,2423572,"{""seq"":3503,""x_mg"":312,""y_mg"":236,""z_mg"":868}"
72.109,right_hand,og,tilt,,"{""roll_deg"":14.8,""pitch_deg"":29.4,""steady"":true}"
72.140,right_hand,og,acc,2423593,"{""seq"":3504,""x_mg"":372,""y_mg"":208,""z_mg"":888}"
72.140,right_hand,og,tilt,,"{""roll_deg"":15.1,""pitch_deg"":29.4,""steady"":true}"
72.140,right_hand,og,acc,2423613,"{""seq"":3505,""x_mg"":328,""y_mg"":180,""z_mg"":888}"
72.140,right_hand,og,tilt,,"{""roll_deg"":15.1,""pitch_deg"":29.6,""steady"":true}"
72.171,,game,catch,,"{""n"":3,""speed"":0.2}"
72.171,right_hand,og,acc,2423634,"{""seq"":3506,""x_mg"":316,""y_mg"":160,""z_mg"":904}"
72.171,right_hand,og,tilt,,"{""roll_deg"":15.1,""pitch_deg"":29.7,""steady"":true}"
72.203,right_hand,og,acc,2423655,"{""seq"":3507,""x_mg"":308,""y_mg"":160,""z_mg"":924}"
72.203,right_hand,og,tilt,,"{""roll_deg"":14.8,""pitch_deg"":29.7,""steady"":true}"
72.234,right_hand,og,acc,2423675,"{""seq"":3508,""x_mg"":308,""y_mg"":156,""z_mg"":928}"
72.234,right_hand,og,tilt,,"{""roll_deg"":14.6,""pitch_deg"":29.7,""steady"":true}"
72.234,right_hand,og,acc,2423696,"{""seq"":3509,""x_mg"":364,""y_mg"":152,""z_mg"":928}"
72.234,right_hand,og,tilt,,"{""roll_deg"":14.4,""pitch_deg"":29.7,""steady"":true}"
72.265,right_hand,og,acc,2423716,"{""seq"":3510,""x_mg"":360,""y_mg"":92,""z_mg"":944}"
72.265,right_hand,og,tilt,,"{""roll_deg"":14.0,""pitch_deg"":29.7,""steady"":true}"
72.296,right_hand,og,acc,2423737,"{""seq"":3511,""x_mg"":352,""y_mg"":100,""z_mg"":924}"
72.296,right_hand,og,tilt,,"{""roll_deg"":13.0,""pitch_deg"":29.9,""steady"":true}"
72.296,right_hand,og,acc,2423757,"{""seq"":3512,""x_mg"":348,""y_mg"":84,""z_mg"":924}"
72.296,right_hand,og,tilt,,"{""roll_deg"":11.9,""pitch_deg"":30.1,""steady"":true}"
72.328,right_hand,og,acc,2423778,"{""seq"":3513,""x_mg"":344,""y_mg"":112,""z_mg"":932}"
72.328,right_hand,og,tilt,,"{""roll_deg"":11.0,""pitch_deg"":30.3,""steady"":true}"
72.359,right_hand,og,acc,2423799,"{""seq"":3514,""x_mg"":292,""y_mg"":136,""z_mg"":908}"
72.359,right_hand,og,tilt,,"{""roll_deg"":10.5,""pitch_deg"":30.3,""steady"":true}"
72.359,right_hand,og,acc,2423819,"{""seq"":3515,""x_mg"":280,""y_mg"":152,""z_mg"":892}"
72.359,right_hand,og,tilt,,"{""roll_deg"":10.5,""pitch_deg"":30.3,""steady"":true}"
72.375,right_hand,og,acc,2423840,"{""seq"":3516,""x_mg"":304,""y_mg"":184,""z_mg"":872}"
72.375,right_hand,og,tilt,,"{""roll_deg"":10.5,""pitch_deg"":30.3,""steady"":true}"
72.406,right_hand,og,acc,2423860,"{""seq"":3517,""x_mg"":308,""y_mg"":152,""z_mg"":836}"
72.406,right_hand,og,tilt,,"{""roll_deg"":10.5,""pitch_deg"":30.3,""steady"":true}"
72.437,right_hand,og,acc,2423881,"{""seq"":3518,""x_mg"":320,""y_mg"":112,""z_mg"":856}"
72.437,right_hand,og,tilt,,"{""roll_deg"":10.5,""pitch_deg"":30.3,""steady"":true}"
72.437,right_hand,og,acc,2423901,"{""seq"":3519,""x_mg"":316,""y_mg"":104,""z_mg"":868}"
72.437,right_hand,og,tilt,,"{""roll_deg"":10.5,""pitch_deg"":30.3,""steady"":true}"
72.468,right_hand,og,acc,2423922,"{""seq"":3520,""x_mg"":328,""y_mg"":156,""z_mg"":836}"
72.468,right_hand,og,tilt,,"{""roll_deg"":10.5,""pitch_deg"":30.3,""steady"":true}"
72.500,right_hand,og,acc,2423942,"{""seq"":3521,""x_mg"":308,""y_mg"":152,""z_mg"":840}"
72.500,right_hand,og,tilt,,"{""roll_deg"":10.5,""pitch_deg"":30.3,""steady"":true}"
72.500,right_hand,og,acc,2423963,"{""seq"":3522,""x_mg"":264,""y_mg"":8,""z_mg"":896}"
72.500,right_hand,og,tilt,,"{""roll_deg"":10.5,""pitch_deg"":30.3,""steady"":true}"
72.531,right_hand,og,acc,2423984,"{""seq"":3523,""x_mg"":252,""y_mg"":-56,""z_mg"":956}"
72.531,right_hand,og,tilt,,"{""roll_deg"":9.5,""pitch_deg"":30.3,""steady"":true}"
72.531,right_hand,og,acc,2424004,"{""seq"":3524,""x_mg"":276,""y_mg"":-76,""z_mg"":984}"
72.531,right_hand,og,tilt,,"{""roll_deg"":6.8,""pitch_deg"":30.3,""steady"":true}"
72.562,right_hand,og,acc,2424025,"{""seq"":3525,""x_mg"":224,""y_mg"":-188,""z_mg"":960}"
72.562,right_hand,og,tilt,,"{""roll_deg"":4.1,""pitch_deg"":29.6,""steady"":true}"
72.593,right_hand,og,acc,2424045,"{""seq"":3526,""x_mg"":208,""y_mg"":-212,""z_mg"":924}"
72.593,right_hand,og,tilt,,"{""roll_deg"":-0.4,""pitch_deg"":28.6,""steady"":true}"
72.593,right_hand,og,acc,2424066,"{""seq"":3527,""x_mg"":172,""y_mg"":-36,""z_mg"":924}"
72.593,right_hand,og,tilt,,"{""roll_deg"":-3.5,""pitch_deg"":27.5,""steady"":true}"
72.609,right_hand,og,acc,2424086,"{""seq"":3528,""x_mg"":208,""y_mg"":104,""z_mg"":972}"
72.609,right_hand,og,tremor,,"{""rms_mg"":28.3,""peak_hz"":4.6}"
72.609,right_hand,og,tilt,,"{""roll_deg"":-3.0,""pitch_deg"":26.5,""steady"":true}"
72.640,right_hand,og,acc,2424107,"{""seq"":3529,""x_mg"":200,""y_mg"":132,""z_mg"":976}"
72.640,right_hand,og,tilt,,"{""roll_deg"":-0.4,""pitch_deg"":25.5,""steady"":true}"
72.671,right_hand,og,acc,2424128,"{""seq"":3530,""x_mg"":204,""y_mg"":224,""z_mg"":896}"
72.671,right_hand,og,tilt,,"{""roll_deg"":0.8,""pitch_deg"":25.0,""steady"":true}"
72.671,right_hand,og,acc,2424148,"{""seq"":3531,""x_mg"":260,""y_mg"":116,""z_mg"":932}"
72.671,right_hand,og,tilt,,"{""roll_deg"":1.7,""pitch_deg"":24.7,""steady"":true}"
72.703,right_hand,og,acc,2424169,"{""seq"":3532,""x_mg"":196,""y_mg"":36,""z_mg"":1004}"
72.703,right_hand,og,tilt,,"{""roll_deg"":2.9,""pitch_deg"":24.5,""steady"":true}"
72.750,right_hand,og,acc,2424189,"{""seq"":3533,""x_mg"":188,""y_mg"":0,""z_mg"":988}"
72.750,right_hand,og,tilt,,"{""roll_deg"":3.0,""pitch_deg"":24.0,""steady"":true}"
72.750,right_hand,og,acc,2424210,"{""seq"":3534,""x_mg"":192,""y_mg"":-56,""z_mg"":972}"
72.750,right_hand,og,tilt,,"{""roll_deg"":3.0,""pitch_deg"":23.6,""steady"":true}"
72.781,right_hand,og,acc,2424230,"{""seq"":3535,""x_mg"":228,""y_mg"":-16,""z_mg"":948}"
72.781,right_hand,og,tilt,,"{""roll_deg"":3.0,""pitch_deg"":23.4,""steady"":true}"
72.796,right_hand,og,acc,2424251,"{""seq"":3536,""x_mg"":196,""y_mg"":4,""z_mg"":896}"
72.796,right_hand,og,tilt,,"{""roll_deg"":3.0,""pitch_deg"":23.4,""steady"":true}"
72.796,right_hand,og,acc,2424272,"{""seq"":3537,""x_mg"":156,""y_mg"":-144,""z_mg"":904}"
72.796,right_hand,og,tilt,,"{""roll_deg"":3.0,""pitch_deg"":23.4,""steady"":true}"
72.828,right_hand,og,acc,2424292,"{""seq"":3538,""x_mg"":176,""y_mg"":-268,""z_mg"":1012}"
72.828,right_hand,og,tilt,,"{""roll_deg"":1.6,""pitch_deg"":23.0,""steady"":true}"
72.859,right_hand,og,acc,2424313,"{""seq"":3539,""x_mg"":296,""y_mg"":-220,""z_mg"":952}"
72.859,right_hand,og,tilt,,"{""roll_deg"":-1.5,""pitch_deg"":22.6,""steady"":true}"
72.890,right_hand,og,acc,2424333,"{""seq"":3540,""x_mg"":328,""y_mg"":-64,""z_mg"":920}"
72.890,right_hand,og,tilt,,"{""roll_deg"":-4.0,""pitch_deg"":22.6,""steady"":true}"
72.890,right_hand,og,acc,2424354,"{""seq"":3541,""x_mg"":276,""y_mg"":-36,""z_mg"":964}"
72.890,right_hand,og,tilt,,"{""roll_deg"":-4.0,""pitch_deg"":22.9,""steady"":true}"
72.921,right_hand,og,acc,2424374,"{""seq"":3542,""x_mg"":276,""y_mg"":-36,""z_mg"":996}"
72.921,right_hand,og,tilt,,"{""roll_deg"":-3.3,""pitch_deg"":23.2,""steady"":true}"
72.953,right_hand,og,acc,2424395,"{""seq"":3543,""x_mg"":304,""y_mg"":-76,""z_mg"":1028}"
72.953,right_hand,og,tilt,,"{""roll_deg"":-2.8,""pitch_deg"":23.7,""steady"":true}"
72.953,right_hand,og,acc,2424416,"{""seq"":3544,""x_mg"":336,""y_mg"":-112,""z_mg"":1048}"
72.953,right_hand,og,tilt,,"{""roll_deg"":-2.7,""pitch_deg"":24.2,""steady"":true}"
72.984,right_hand,og,acc,2424436,"{""seq"":3545,""x_mg"":316,""y_mg"":-140,""z_mg"":1064}"
72.984,right_hand,og,tilt,,"{""roll_deg"":-2.7,""pitch_deg"":24.7,""steady"":true}"
73.000,right_hand,og,acc,2424457,"{""seq"":3546,""x_mg"":272,""y_mg"":-108,""z_mg"":1060}"
73.000,right_hand,og,tilt,,"{""roll_deg"":-2.7,""pitch_deg"":25.1,""steady"":true}"
73.000,right_hand,og,acc,2424477,"{""seq"":3547,""x_mg"":240,""y_mg"":32,""z_mg"":1092}"
73.000,right_hand,og,tilt,,"{""roll_deg"":-2.7,""pitch_deg"":25.1,""steady"":true}"
73.031,right_hand,og,acc,2424498,"{""seq"":3548,""x_mg"":224,""y_mg"":-8,""z_mg"":1136}"
73.031,right_hand,og,tilt,,"{""roll_deg"":-2.7,""pitch_deg"":25.1,""steady"":true}"
73.062,right_hand,og,acc,2424518,"{""seq"":3549,""x_mg"":196,""y_mg"":-92,""z_mg"":1076}"
73.062,right_hand,og,tilt,,"{""roll_deg"":-2.5,""pitch_deg"":25.1,""steady"":true}"
73.093,right_hand,og,acc,2424539,"{""seq"":3550,""x_mg"":188,""y_mg"":-140,""z_mg"":1012}"
73.093,right_hand,og,tilt,,"{""roll_deg"":-2.5,""pitch_deg"":25.1,""steady"":true}"
73.093,right_hand,og,acc,2424560,"{""seq"":3551,""x_mg"":156,""y_mg"":-140,""z_mg"":940}"
73.093,right_hand,og,tilt,,"{""roll_deg"":-2.5,""pitch_deg"":24.7,""steady"":true}"
73.125,right_hand,og,acc,2424580,"{""seq"":3552,""x_mg"":160,""y_mg"":-96,""z_mg"":908}"
73.125,right_hand,og,tilt,,"{""roll_deg"":-2.5,""pitch_deg"":24.2,""steady"":true}"
73.156,right_hand,og,acc,2424601,"{""seq"":3553,""x_mg"":180,""y_mg"":-104,""z_mg"":964}"
73.156,right_hand,og,tilt,,"{""roll_deg"":-2.6,""pitch_deg"":23.7,""steady"":true}"
73.156,right_hand,og,acc,2424621,"{""seq"":3554,""x_mg"":184,""y_mg"":-132,""z_mg"":996}"
73.156,right_hand,og,tilt,,"{""roll_deg"":-2.8,""pitch_deg"":23.4,""steady"":true}"
73.187,right_hand,og,acc,2424642,"{""seq"":3555,""x_mg"":196,""y_mg"":-144,""z_mg"":984}"
73.187,right_hand,og,tilt,,"{""roll_deg"":-3.1,""pitch_deg"":23.1,""steady"":true}"
73.187,right_hand,og,acc,2424662,"{""seq"":3556,""x_mg"":188,""y_mg"":-160,""z_mg"":1012}"
73.187,right_hand,og,tilt,,"{""roll_deg"":-3.5,""pitch_deg"":22.9,""steady"":true}"
73.218,right_hand,og,acc,2424683,"{""seq"":3557,""x_mg"":168,""y_mg"":-124,""z_mg"":1008}"
73.218,right_hand,og,tilt,,"{""roll_deg"":-3.9,""pitch_deg"":22.7,""steady"":true}"
73.218,right_hand,og,acc,2424703,"{""seq"":3558,""x_mg"":152,""y_mg"":-112,""z_mg"":1024}"
73.234,right_hand,og,tilt,,"{""roll_deg"":-4.0,""pitch_deg"":22.3,""steady"":true}"
73.265,right_hand,og,acc,2424724,"{""seq"":3559,""x_mg"":172,""y_mg"":-108,""z_mg"":1016}"
73.265,right_hand,og,tilt,,"{""roll_deg"":-4.0,""pitch_deg"":22.0,""steady"":true}"
73.281,right_hand,og,acc,2424745,"{""seq"":3560,""x_mg"":148,""y_mg"":-128,""z_mg"":960}"
73.281,right_hand,og,tilt,,"{""roll_deg"":-4.0,""pitch_deg"":21.7,""steady"":true}"
73.312,right_hand,og,acc,2424765,"{""seq"":3561,""x_mg"":140,""y_mg"":-84,""z_mg"":936}"
73.312,right_hand,og,tilt,,"{""roll_deg"":-4.0,""pitch_deg"":21.4,""steady"":true}"
73.312,right_hand,og,acc,2424786,"{""seq"":3562,""x_mg"":168,""y_mg"":-120,""z_mg"":968}"
73.312,right_hand,og,tilt,,"{""roll_deg"":-4.0,""pitch_deg"":21.1,""steady"":true}"
73.328,right_hand,og,acc,2424806,"{""seq"":3563,""x_mg"":196,""y_mg"":-176,""z_mg"":1004}"
73.328,right_hand,og,tilt,,"{""roll_deg"":-4.0,""pitch_deg"":21.1,""steady"":true}"
73.359,right_hand,og,acc,2424827,"{""seq"":3564,""x_mg"":136,""y_mg"":-216,""z_mg"":1004}"
73.359,right_hand,og,tilt,,"{""roll_deg"":-4.5,""pitch_deg"":21.1,""steady"":true}"
73.390,right_hand,og,acc,2424847,"{""seq"":3565,""x_mg"":88,""y_mg"":-220,""z_mg"":968}"
73.390,right_hand,og,tilt,,"{""roll_deg"":-5.5,""pitch_deg"":20.7,""steady"":true}"
73.421,right_hand,og,acc,2424868,"{""seq"":3566,""x_mg"":56,""y_mg"":-208,""z_mg"":952}"
73.421,right_hand,og,tilt,,"{""roll_deg"":-6.5,""pitch_deg"":19.8,""steady"":true}"
73.421,right_hand,og,acc,2424889,"{""seq"":3567,""x_mg"":56,""y_mg"":-156,""z_mg"":996}"
73.421,right_hand,og,tilt,,"{""roll_deg"":-7.3,""pitch_deg"":18.6,""steady"":true}"
73.453,right_hand,og,acc,2424909,"{""seq"":3568,""x_mg"":72,""y_mg"":-48,""z_mg"":1032}"
73.453,right_hand,og,tilt,,"{""roll_deg"":-7.3,""pitch_deg"":17.6,""steady"":true}"
73.468,right_hand,og,acc,2424930,"{""seq"":3569,""x_mg"":92,""y_mg"":-48,""z_mg"":1008}"
73.468,right_hand,og,tilt,,"{""roll_deg"":-7.0,""pitch_deg"":17.0,""steady"":true}"
73.500,right_hand,og,acc,2424950,"{""seq"":3570,""x_mg"":92,""y_mg"":-84,""z_mg"":984}"
73.500,right_hand,og,tilt,,"{""roll_deg"":-6.6,""pitch_deg"":16.9,""steady"":true}"
73.515,right_hand,og,acc,2424971,"{""seq"":3571,""x_mg"":96,""y_mg"":-156,""z_mg"":960}"
73.515,right_hand,og,tilt,,"{""roll_deg"":-6.2,""pitch_deg"":16.9,""steady"":true}"
73.531,right_hand,og,acc,2424991,"{""seq"":3572,""x_mg"":112,""y_mg"":-144,""z_mg"":960}"
73.531,right_hand,og,tilt,,"{""roll_deg"":-6.2,""pitch_deg"":16.9,""steady"":true}"
73.562,right_hand,og,acc,2425012,"{""seq"":3573,""x_mg"":124,""y_mg"":-120,""z_mg"":984}"
73.562,right_hand,og,tilt,,"{""roll_deg"":-6.2,""pitch_deg"":16.9,""steady"":true}"
73.562,right_hand,og,acc,2425033,"{""seq"":3574,""x_mg"":136,""y_mg"":-84,""z_mg"":980}"
73.562,right_hand,og,tilt,,"{""roll_deg"":-6.2,""pitch_deg"":16.9,""steady"":true}"
73.593,right_hand,og,acc,2425053,"{""seq"":3575,""x_mg"":120,""y_mg"":-104,""z_mg"":1000}"
73.593,right_hand,og,tilt,,"{""roll_deg"":-6.0,""pitch_deg"":16.9,""steady"":true}"
73.609,right_hand,og,acc,2425074,"{""seq"":3576,""x_mg"":128,""y_mg"":-152,""z_mg"":996}"
73.609,right_hand,og,tilt,,"{""roll_deg"":-5.7,""pitch_deg"":16.9,""steady"":true}"
73.640,right_hand,og,acc,2425094,"{""seq"":3577,""x_mg"":120,""y_mg"":-164,""z_mg"":992}"
73.640,right_hand,og,tilt,,"{""roll_deg"":-5.7,""pitch_deg"":16.9,""steady"":true}"
73.656,right_hand,og,acc,2425115,"{""seq"":3578,""x_mg"":136,""y_mg"":-120,""z_mg"":980}"
73.656,right_hand,og,tilt,,"{""roll_deg"":-5.7,""pitch_deg"":17.0,""steady"":true}"
73.656,right_hand,og,acc,2425135,"{""seq"":3579,""x_mg"":128,""y_mg"":-88,""z_mg"":1008}"
73.656,right_hand,og,tilt,,"{""roll_deg"":-5.7,""pitch_deg"":17.0,""steady"":true}"
73.687,right_hand,og,acc,2425156,"{""seq"":3580,""x_mg"":100,""y_mg"":-84,""z_mg"":1008}"
73.687,right_hand,og,tilt,,"{""roll_deg"":-5.6,""pitch_deg"":17.1,""steady"":true}"
73.718,right_hand,og,acc,2425177,"{""seq"":3581,""x_mg"":104,""y_mg"":-136,""z_mg"":996}"
73.718,right_hand,og,tilt,,"{""roll_deg"":-5.2,""pitch_deg"":17.1,""steady"":true}"
73.750,right_hand,og,acc,2425197,"{""seq"":3582,""x_mg"":112,""y_mg"":-120,""z_mg"":980}"
73.750,right_hand,og,tilt,,"{""roll_deg"":-5.2,""pitch_deg"":17.1,""steady"":true}"
73.750,right_hand,og,acc,2425218,"{""seq"":3583,""x_mg"":144,""y_mg"":-80,""z_mg"":976}"
73.750,right_hand,og,tilt,,"{""roll_deg"":-5.2,""pitch_deg"":17.1,""steady"":true}"
73.781,right_hand,og,acc,2425238,"{""seq"":3584,""x_mg"":132,""y_mg"":-108,""z_mg"":988}"
73.781,right_hand,og,tilt,,"{""roll_deg"":-5.1,""pitch_deg"":17.1,""steady"":true}"
73.812,right_hand,og,acc,2425259,"{""seq"":3585,""x_mg"":112,""y_mg"":-112,""z_mg"":984}"
73.812,right_hand,og,tilt,,"{""roll_deg"":-5.1,""pitch_deg"":17.2,""steady"":true}"
73.812,right_hand,og,acc,2425279,"{""seq"":3586,""x_mg"":112,""y_mg"":-100,""z_mg"":996}"
73.812,right_hand,og,tilt,,"{""roll_deg"":-5.0,""pitch_deg"":17.2,""steady"":true}"
73.843,right_hand,og,acc,2425300,"{""seq"":3587,""x_mg"":116,""y_mg"":-68,""z_mg"":988}"
73.843,right_hand,og,tilt,,"{""roll_deg"":-4.9,""pitch_deg"":17.2,""steady"":true}"
73.859,right_hand,og,acc,2425320,"{""seq"":3588,""x_mg"":108,""y_mg"":-92,""z_mg"":1004}"
73.875,right_hand,og,tilt,,"{""roll_deg"":-4.7,""pitch_deg"":17.2,""steady"":true}"
73.890,right_hand,og,acc,2425341,"{""seq"":3589,""x_mg"":104,""y_mg"":-84,""z_mg"":988}"
73.890,right_hand,og,tilt,,"{""roll_deg"":-4.5,""pitch_deg"":17.2,""steady"":true}"
73.890,right_hand,og,acc,2425362,"{""seq"":3590,""x_mg"":124,""y_mg"":-92,""z_mg"":984}"
73.890,right_hand,og,tilt,,"{""roll_deg"":-4.3,""pitch_deg"":17.2,""steady"":true}"
73.921,right_hand,og,acc,2425382,"{""seq"":3591,""x_mg"":132,""y_mg"":-96,""z_mg"":972}"
73.921,right_hand,og,tilt,,"{""roll_deg"":-4.2,""pitch_deg"":17.2,""steady"":true}"
73.953,right_hand,og,acc,2425403,"{""seq"":3592,""x_mg"":132,""y_mg"":-136,""z_mg"":988}"
73.953,right_hand,og,tilt,,"{""roll_deg"":-4.2,""pitch_deg"":17.2,""steady"":true}"
73.984,right_hand,og,acc,2425423,"{""seq"":3593,""x_mg"":112,""y_mg"":-132,""z_mg"":980}"
73.984,right_hand,og,tilt,,"{""roll_deg"":-4.2,""pitch_deg"":17.3,""steady"":true}"
73.984,right_hand,og,acc,2425444,"{""seq"":3594,""x_mg"":128,""y_mg"":-120,""z_mg"":1000}"
73.984,right_hand,og,tilt,,"{""roll_deg"":-4.2,""pitch_deg"":17.3,""steady"":true}"
74.000,right_hand,og,acc,2425465,"{""seq"":3595,""x_mg"":144,""y_mg"":-112,""z_mg"":972}"
74.000,right_hand,og,tilt,,"{""roll_deg"":-4.2,""pitch_deg"":17.4,""steady"":true}"
