t_s,role,source,channel,dev_ms,fields
0.047,left_hand,og,acc,123860,"{""seq"":0,""x_mg"":328,""y_mg"":-100,""z_mg"":948}"
0.047,left_hand,og,tilt,,"{""roll_deg"":0.0,""pitch_deg"":0.0,""steady"":true}"
0.094,left_hand,og,acc,123880,"{""seq"":1,""x_mg"":324,""y_mg"":-100,""z_mg"":944}"
0.094,left_hand,og,tilt,,"{""roll_deg"":-0.0,""pitch_deg"":-0.0,""steady"":true}"
0.094,left_hand,og,acc,123901,"{""seq"":2,""x_mg"":324,""y_mg"":-84,""z_mg"":972}"
0.094,left_hand,og,tilt,,"{""roll_deg"":-0.0,""pitch_deg"":-0.0,""steady"":true}"
0.141,left_hand,og,acc,123921,"{""seq"":3,""x_mg"":312,""y_mg"":-68,""z_mg"":952}"
0.141,left_hand,og,tilt,,"{""roll_deg"":0.1,""pitch_deg"":-0.1,""steady"":true}"
0.141,left_hand,og,acc,123942,"{""seq"":4,""x_mg"":324,""y_mg"":-48,""z_mg"":952}"
0.141,left_hand,og,tilt,,"{""roll_deg"":0.2,""pitch_deg"":-0.1,""steady"":true}"
0.172,left_hand,og,acc,123963,"{""seq"":5,""x_mg"":348,""y_mg"":-52,""z_mg"":952}"
0.172,left_hand,og,tilt,,"{""roll_deg"":0.4,""pitch_deg"":-0.1,""steady"":true}"
0.203,left_hand,og,acc,123983,"{""seq"":6,""x_mg"":348,""y_mg"":-56,""z_mg"":956}"
0.203,left_hand,og,tilt,,"{""roll_deg"":0.7,""pitch_deg"":-0.1,""steady"":true}"
0.203,left_hand,og,acc,124004,"{""seq"":7,""x_mg"":348,""y_mg"":-56,""z_mg"":964}"
0.203,left_hand,og,tilt,,"{""roll_deg"":0.9,""pitch_deg"":-0.0,""steady"":true}"
0.235,left_hand,og,acc,124024,"{""seq"":8,""x_mg"":328,""y_mg"":-64,""z_mg"":940}"
0.235,left_hand,og,tilt,,"{""roll_deg"":1.1,""pitch_deg"":0.1,""steady"":true}"
0.266,left_hand,og,acc,124045,"{""seq"":9,""x_mg"":328,""y_mg"":-80,""z_mg"":924}"
0.266,left_hand,og,tilt,,"{""roll_deg"":1.3,""pitch_deg"":0.1,""steady"":true}"
0.266,left_hand,og,acc,124065,"{""seq"":10,""x_mg"":340,""y_mg"":-76,""z_mg"":948}"
0.266,left_hand,og,tilt,,"{""roll_deg"":1.4,""pitch_deg"":0.2,""steady"":true}"
0.297,left_hand,og,acc,124086,"{""seq"":11,""x_mg"":332,""y_mg"":-52,""z_mg"":956}"
0.297,left_hand,og,tilt,,"{""roll_deg"":1.5,""pitch_deg"":0.2,""steady"":true}"
0.328,left_hand,og,acc,124107,"{""seq"":12,""x_mg"":304,""y_mg"":-48,""z_mg"":952}"
0.328,left_hand,og,tilt,,"{""roll_deg"":1.6,""pitch_deg"":0.2,""steady"":true}"
0.328,left_hand,og,acc,124127,"{""seq"":13,""x_mg"":312,""y_mg"":-32,""z_mg"":956}"
0.328,left_hand,og,tilt,,"{""roll_deg"":1.7,""pitch_deg"":0.2,""steady"":true}"
0.360,left_hand,og,acc,124148,"{""seq"":14,""x_mg"":308,""y_mg"":-40,""z_mg"":940}"
0.360,left_hand,og,tilt,,"{""roll_deg"":1.9,""pitch_deg"":0.1,""steady"":true}"
0.391,left_hand,og,acc,124168,"{""seq"":15,""x_mg"":312,""y_mg"":-32,""z_mg"":940}"
0.391,left_hand,og,tilt,,"{""roll_deg"":2.1,""pitch_deg"":-0.1,""steady"":true}"
0.391,left_hand,og,acc,124189,"{""seq"":16,""x_mg"":312,""y_mg"":-16,""z_mg"":936}"
0.391,left_hand,og,tilt,,"{""roll_deg"":2.3,""pitch_deg"":-0.2,""steady"":true}"
0.422,left_hand,og,acc,124209,"{""seq"":17,""x_mg"":308,""y_mg"":-24,""z_mg"":940}"
0.422,left_hand,og,tilt,,"{""roll_deg"":2.6,""pitch_deg"":-0.3,""steady"":true}"
0.453,left_hand,og,acc,124230,"{""seq"":18,""x_mg"":324,""y_mg"":-24,""z_mg"":940}"
0.453,left_hand,og,tilt,,"{""roll_deg"":2.8,""pitch_deg"":-0.3,""steady"":true}"
0.453,left_hand,og,acc,124251,"{""seq"":19,""x_mg"":324,""y_mg"":-44,""z_mg"":964}"
0.453,left_hand,og,tilt,,"{""roll_deg"":3.0,""pitch_deg"":-0.4,""steady"":true}"
0.469,left_hand,og,acc,124271,"{""seq"":20,""x_mg"":340,""y_mg"":-48,""z_mg"":940}"
0.469,left_hand,og,tilt,,"{""roll_deg"":3.2,""pitch_deg"":-0.4,""steady"":true}"
0.500,left_hand,og,acc,124292,"{""seq"":21,""x_mg"":336,""y_mg"":-52,""z_mg"":944}"
0.500,left_hand,og,tilt,,"{""roll_deg"":3.2,""pitch_deg"":-0.3,""steady"":true}"
0.532,left_hand,og,acc,124312,"{""seq"":22,""x_mg"":336,""y_mg"":-44,""z_mg"":936}"
0.532,left_hand,og,tilt,,"{""roll_deg"":3.2,""pitch_deg"":-0.2,""steady"":true}"
0.532,left_hand,og,acc,124333,"{""seq"":23,""x_mg"":340,""y_mg"":-12,""z_mg"":944}"
0.532,left_hand,og,tilt,,"{""roll_deg"":3.2,""pitch_deg"":-0.1,""steady"":true}"
0.563,left_hand,og,acc,124353,"{""seq"":24,""x_mg"":328,""y_mg"":0,""z_mg"":936}"
0.563,left_hand,og,tilt,,"{""roll_deg"":3.3,""pitch_deg"":-0.0,""steady"":true}"
0.563,left_hand,og,acc,124374,"{""seq"":25,""x_mg"":324,""y_mg"":-36,""z_mg"":944}"
0.563,left_hand,og,tilt,,"{""roll_deg"":3.3,""pitch_deg"":0.0,""steady"":true}"
0.610,left_hand,og,acc,124395,"{""seq"":26,""x_mg"":320,""y_mg"":-52,""z_mg"":944}"
0.610,left_hand,og,tilt,,"{""roll_deg"":3.4,""pitch_deg"":0.1,""steady"":true}"
0.641,left_hand,og,acc,124415,"{""seq"":27,""x_mg"":324,""y_mg"":-40,""z_mg"":928}"
0.641,left_hand,og,tilt,,"{""roll_deg"":3.4,""pitch_deg"":0.1,""steady"":true}"
0.641,left_hand,og,acc,124436,"{""seq"":28,""x_mg"":328,""y_mg"":-24,""z_mg"":936}"
0.641,left_hand,og,tilt,,"{""roll_deg"":3.5,""pitch_deg"":0.1,""steady"":true}"
0.657,left_hand,og,acc,124456,"{""seq"":29,""x_mg"":320,""y_mg"":-28,""z_mg"":960}"
0.657,left_hand,og,tilt,,"{""roll_deg"":3.5,""pitch_deg"":0.1,""steady"":true}"
0.688,left_hand,og,acc,124477,"{""seq"":30,""x_mg"":320,""y_mg"":-52,""z_mg"":952}"
0.688,left_hand,og,tilt,,"{""roll_deg"":3.5,""pitch_deg"":0.0,""steady"":true}"
0.719,left_hand,og,acc,124497,"{""seq"":31,""x_mg"":332,""y_mg"":-64,""z_mg"":940}"
0.719,left_hand,og,tilt,,"{""roll_deg"":3.5,""pitch_deg"":0.0,""steady"":true}"
0.750,left_hand,og,acc,124518,"{""seq"":32,""x_mg"":336,""y_mg"":-56,""z_mg"":940}"
0.750,left_hand,og,tilt,,"{""roll_deg"":3.5,""pitch_deg"":0.0,""steady"":true}"
0.750,left_hand,og,acc,124538,"{""seq"":33,""x_mg"":336,""y_mg"":-12,""z_mg"":948}"
0.750,left_hand,og,tilt,,"{""roll_deg"":3.4,""pitch_deg"":0.1,""steady"":true}"
0.782,left_hand,og,acc,124559,"{""seq"":34,""x_mg"":344,""y_mg"":-36,""z_mg"":940}"
0.782,left_hand,og,tilt,,"{""roll_deg"":3.3,""pitch_deg"":0.1,""steady"":true}"
0.782,left_hand,og,acc,124580,"{""seq"":35,""x_mg"":344,""y_mg"":-68,""z_mg"":936}"
0.782,left_hand,og,tilt,,"{""roll_deg"":3.2,""pitch_deg"":0.2,""steady"":true}"
0.813,left_hand,og,acc,124600,"{""seq"":36,""x_mg"":348,""y_mg"":-40,""z_mg"":952}"
0.813,left_hand,og,tilt,,"{""roll_deg"":3.3,""pitch_deg"":0.3,""steady"":true}"
0.844,left_hand,og,acc,124621,"{""seq"":37,""x_mg"":348,""y_mg"":-28,""z_mg"":956}"
0.844,left_hand,og,tilt,,"{""roll_deg"":3.4,""pitch_deg"":0.4,""steady"":true}"
0.844,left_hand,og,acc,124641,"{""seq"":38,""x_mg"":344,""y_mg"":-32,""z_mg"":908}"
0.844,left_hand,og,tilt,,"{""roll_deg"":3.4,""pitch_deg"":0.4,""steady"":true}"
0.860,left_hand,og,acc,124662,"{""seq"":39,""x_mg"":344,""y_mg"":40,""z_mg"":928}"
0.860,left_hand,og,tilt,,"{""roll_deg"":3.5,""pitch_deg"":0.5,""steady"":true}"
0.891,left_hand,og,acc,124682,"{""seq"":40,""x_mg"":324,""y_mg"":32,""z_mg"":956}"
0.891,left_hand,og,tilt,,"{""roll_deg"":3.6,""pitch_deg"":0.6,""steady"":true}"
0.922,left_hand,og,acc,124703,"{""seq"":41,""x_mg"":332,""y_mg"":-52,""z_mg"":944}"
0.922,left_hand,og,tilt,,"{""roll_deg"":3.7,""pitch_deg"":0.6,""steady"":true}"
0.922,left_hand,og,acc,124724,"{""seq"":42,""x_mg"":400,""y_mg"":-112,""z_mg"":944}"
0.922,left_hand,og,tilt,,"{""roll_deg"":3.7,""pitch_deg"":0.7,""steady"":true}"
0.953,left_hand,og,acc,124744,"{""seq"":43,""x_mg"":384,""y_mg"":-76,""z_mg"":940}"
0.953,left_hand,og,tilt,,"{""roll_deg"":3.6,""pitch_deg"":0.8,""steady"":true}"
0.985,left_hand,og,acc,124765,"{""seq"":44,""x_mg"":344,""y_mg"":24,""z_mg"":928}"
0.985,left_hand,og,tilt,,"{""roll_deg"":3.5,""pitch_deg"":0.8,""steady"":true}"
0.985,left_hand,og,acc,124785,"{""seq"":45,""x_mg"":376,""y_mg"":-12,""z_mg"":904}"
0.985,left_hand,og,tilt,,"{""roll_deg"":3.4,""pitch_deg"":1.1,""steady"":true}"
1.016,left_hand,og,acc,124806,"{""seq"":46,""x_mg"":416,""y_mg"":-112,""z_mg"":924}"
1.016,left_hand,og,tilt,,"{""roll_deg"":3.2,""pitch_deg"":1.4,""steady"":true}"
1.047,left_hand,og,acc,124826,"{""seq"":47,""x_mg"":384,""y_mg"":-128,""z_mg"":944}"
1.047,left_hand,og,tilt,,"{""roll_deg"":3.0,""pitch_deg"":1.6,""steady"":true}"
1.047,left_hand,og,acc,124847,"{""seq"":48,""x_mg"":368,""y_mg"":-180,""z_mg"":892}"
1.047,left_hand,og,tilt,,"{""roll_deg"":2.5,""pitch_deg"":1.8,""steady"":true}"
1.063,left_hand,og,acc,124867,"{""seq"":49,""x_mg"":380,""y_mg"":-356,""z_mg"":852}"
1.063,left_hand,og,tilt,,"{""roll_deg"":2.0,""pitch_deg"":2.0,""steady"":true}"
1.094,left_hand,og,acc,124888,"{""seq"":50,""x_mg"":404,""y_mg"":-464,""z_mg"":836}"
1.094,left_hand,og,tilt,,"{""roll_deg"":1.1,""pitch_deg"":2.4,""steady"":true}"
1.125,left_hand,og,acc,124909,"{""seq"":51,""x_mg"":408,""y_mg"":-408,""z_mg"":840}"
1.125,left_hand,og,tilt,,"{""roll_deg"":-1.0,""pitch_deg"":2.7,""steady"":true}"
1.125,left_hand,og,acc,124929,"{""seq"":52,""x_mg"":388,""y_mg"":-296,""z_mg"":828}"
1.125,left_hand,og,tilt,,"{""roll_deg"":-2.9,""pitch_deg"":3.1,""steady"":true}"
1.157,left_hand,og,acc,124950,"{""seq"":53,""x_mg"":376,""y_mg"":-252,""z_mg"":840}"
1.157,left_hand,og,tilt,,"{""roll_deg"":-4.5,""pitch_deg"":3.4,""steady"":true}"
1.188,left_hand,og,acc,124970,"{""seq"":54,""x_mg"":360,""y_mg"":-340,""z_mg"":864}"
1.188,left_hand,og,tilt,,"{""roll_deg"":-5.8,""pitch_deg"":3.7,""steady"":true}"
1.188,left_hand,og,acc,124991,"{""seq"":55,""x_mg"":352,""y_mg"":-452,""z_mg"":856}"
1.188,left_hand,og,tilt,,"{""roll_deg"":-7.0,""pitch_deg"":3.9,""steady"":true}"
1.219,left_hand,og,acc,125011,"{""seq"":56,""x_mg"":352,""y_mg"":-484,""z_mg"":828}"
1.219,left_hand,og,tilt,,"{""roll_deg"":-8.0,""pitch_deg"":3.9,""steady"":true}"
1.250,left_hand,og,acc,125032,"{""seq"":57,""x_mg"":352,""y_mg"":-432,""z_mg"":856}"
1.250,left_hand,og,tilt,,"{""roll_deg"":-9.5,""pitch_deg"":3.9,""steady"":true}"
1.250,left_hand,og,acc,125053,"{""seq"":58,""x_mg"":348,""y_mg"":-432,""z_mg"":876}"
1.250,left_hand,og,tilt,,"{""roll_deg"":-10.9,""pitch_deg"":3.8,""steady"":true}"
1.266,left_hand,og,acc,125073,"{""seq"":59,""x_mg"":356,""y_mg"":-508,""z_mg"":840}"
1.266,left_hand,og,tilt,,"{""roll_deg"":-12.2,""pitch_deg"":3.7,""steady"":true}"
1.297,left_hand,og,acc,125094,"{""seq"":60,""x_mg"":368,""y_mg"":-516,""z_mg"":828}"
1.297,left_hand,og,tilt,,"{""roll_deg"":-13.7,""pitch_deg"":3.7,""steady"":true}"
1.328,left_hand,og,acc,125114,"{""seq"":61,""x_mg"":368,""y_mg"":-520,""z_mg"":828}"
1.328,left_hand,og,tilt,,"{""roll_deg"":-15.0,""pitch_deg"":3.8,""steady"":true}"
1.328,left_hand,og,acc,125135,"{""seq"":62,""x_mg"":368,""y_mg"":-540,""z_mg"":832}"
1.328,left_hand,og,tilt,,"{""roll_deg"":-16.3,""pitch_deg"":3.9,""steady"":true}"
1.375,left_hand,og,acc,125155,"{""seq"":63,""x_mg"":372,""y_mg"":-456,""z_mg"":800}"
1.375,left_hand,og,tilt,,"{""roll_deg"":-17.5,""pitch_deg"":4.0,""steady"":true}"
1.407,left_hand,og,acc,125176,"{""seq"":64,""x_mg"":348,""y_mg"":-336,""z_mg"":820}"
1.407,left_hand,og,tilt,,"{""roll_deg"":-18.5,""pitch_deg"":4.1,""steady"":true}"
1.407,left_hand,og,acc,125196,"{""seq"":65,""x_mg"":328,""y_mg"":-328,""z_mg"":860}"
1.407,left_hand,og,tilt,,"{""roll_deg"":-19.1,""pitch_deg"":4.2,""steady"":true}"
1.438,left_hand,og,acc,125217,"{""seq"":66,""x_mg"":356,""y_mg"":-396,""z_mg"":848}"
1.438,left_hand,og,tilt,,"{""roll_deg"":-19.1,""pitch_deg"":4.2,""steady"":true}"
1.469,left_hand,og,acc,125238,"{""seq"":67,""x_mg"":368,""y_mg"":-428,""z_mg"":852}"
1.469,left_hand,og,tilt,,"{""roll_deg"":-19.1,""pitch_deg"":4.1,""steady"":true}"
1.469,left_hand,og,acc,125258,"{""seq"":68,""x_mg"":364,""y_mg"":-388,""z_mg"":852}"
1.469,left_hand,og,tilt,,"{""roll_deg"":-19.0,""pitch_deg"":4.1,""steady"":true}"
1.485,left_hand,og,acc,125279,"{""seq"":69,""x_mg"":364,""y_mg"":-332,""z_mg"":864}"
1.485,left_hand,og,tilt,,"{""roll_deg"":-19.0,""pitch_deg"":4.1,""steady"":true}"
1.516,left_hand,og,acc,125299,"{""seq"":70,""x_mg"":380,""y_mg"":-292,""z_mg"":840}"
1.516,left_hand,og,tilt,,"{""roll_deg"":-18.9,""pitch_deg"":4.1,""steady"":true}"
1.547,left_hand,og,acc,125320,"{""seq"":71,""x_mg"":384,""y_mg"":-276,""z_mg"":836}"
1.547,left_hand,og,tilt,,"{""roll_deg"":-18.4,""pitch_deg"":4.1,""steady"":true}"
1.547,left_hand,og,acc,125340,"{""seq"":72,""x_mg"":416,""y_mg"":-248,""z_mg"":832}"
1.547,left_hand,og,tilt,,"{""roll_deg"":-17.8,""pitch_deg"":4.2,""steady"":true}"
1.578,left_hand,og,acc,125361,"{""seq"":73,""x_mg"":444,""y_mg"":-212,""z_mg"":848}"
1.578,left_hand,og,tilt,,"{""roll_deg"":-17.1,""pitch_deg"":4.4,""steady"":true}"
1.610,left_hand,og,acc,125382,"{""seq"":74,""x_mg"":416,""y_mg"":-240,""z_mg"":892}"
1.610,left_hand,og,tilt,,"{""roll_deg"":-16.3,""pitch_deg"":4.6,""steady"":true}"
1.610,left_hand,og,acc,125402,"{""seq"":75,""x_mg"":424,""y_mg"":-232,""z_mg"":860}"
1.610,left_hand,og,tilt,,"{""roll_deg"":-15.5,""pitch_deg"":4.9,""steady"":true}"
1.641,left_hand,og,acc,125423,"{""seq"":76,""x_mg"":436,""y_mg"":-212,""z_mg"":836}"
1.641,left_hand,og,tilt,,"{""roll_deg"":-14.7,""pitch_deg"":5.2,""steady"":true}"
1.672,left_hand,og,acc,125443,"{""seq"":77,""x_mg"":436,""y_mg"":-168,""z_mg"":848}"
1.672,left_hand,og,tilt,,"{""roll_deg"":-13.9,""pitch_deg"":5.5,""steady"":true}"
1.672,left_hand,og,acc,125464,"{""seq"":78,""x_mg"":416,""y_mg"":-148,""z_mg"":892}"
1.672,left_hand,og,tilt,,"{""roll_deg"":-13.2,""pitch_deg"":5.7,""steady"":true}"
1.688,left_hand,og,acc,125484,"{""seq"":79,""x_mg"":420,""y_mg"":-168,""z_mg"":904}"
1.688,left_hand,og,tilt,,"{""roll_deg"":-12.3,""pitch_deg"":5.9,""steady"":true}"
1.719,left_hand,og,acc,125505,"{""seq"":80,""x_mg"":428,""y_mg"":-172,""z_mg"":920}"
1.719,left_hand,og,tilt,,"{""roll_deg"":-11.3,""pitch_deg"":5.9,""steady"":true}"
1.750,left_hand,og,acc,125526,"{""seq"":81,""x_mg"":428,""y_mg"":-180,""z_mg"":896}"
1.750,left_hand,og,tilt,,"{""roll_deg"":-10.5,""pitch_deg"":5.9,""steady"":true}"
1.750,left_hand,og,acc,125546,"{""seq"":82,""x_mg"":428,""y_mg"":-148,""z_mg"":892}"
1.750,left_hand,og,tilt,,"{""roll_deg"":-9.8,""pitch_deg"":5.9,""steady"":true}"
1.782,left_hand,og,acc,125567,"{""seq"":83,""x_mg"":432,""y_mg"":-112,""z_mg"":924}"
1.782,left_hand,og,tilt,,"{""roll_deg"":-9.2,""pitch_deg"":5.9,""steady"":true}"
1.813,left_hand,og,acc,125587,"{""seq"":84,""x_mg"":436,""y_mg"":-96,""z_mg"":932}"
1.813,left_hand,og,tilt,,"{""roll_deg"":-8.5,""pitch_deg"":5.9,""steady"":true}"
1.813,left_hand,og,acc,125608,"{""seq"":85,""x_mg"":420,""y_mg"":-100,""z_mg"":920}"
1.813,left_hand,og,tilt,,"{""roll_deg"":-7.6,""pitch_deg"":5.9,""steady"":true}"
1.844,left_hand,og,acc,125628,"{""seq"":86,""x_mg"":428,""y_mg"":-96,""z_mg"":892}"
1.844,left_hand,og,tilt,,"{""roll_deg"":-6.7,""pitch_deg"":5.9,""steady"":true}"
1.875,left_hand,og,acc,125649,"{""seq"":87,""x_mg"":428,""y_mg"":-104,""z_mg"":896}"
1.875,left_hand,og,tilt,,"{""roll_deg"":-5.9,""pitch_deg"":5.9,""steady"":true}"
1.875,left_hand,og,acc,125670,"{""seq"":88,""x_mg"":412,""y_mg"":-124,""z_mg"":900}"
1.875,left_hand,og,tilt,,"{""roll_deg"":-5.2,""pitch_deg"":6.0,""steady"":true}"
1.891,left_hand,og,acc,125690,"{""seq"":89,""x_mg"":412,""y_mg"":-96,""z_mg"":904}"
1.891,left_hand,og,tilt,,"{""roll_deg"":-4.6,""pitch_deg"":5.9,""steady"":true}"
1.922,left_hand,og,acc,125711,"{""seq"":90,""x_mg"":412,""y_mg"":-68,""z_mg"":888}"
1.922,left_hand,og,tilt,,"{""roll_deg"":-4.1,""pitch_deg"":5.9,""steady"":true}"
1.953,left_hand,og,acc,125731,"{""seq"":91,""x_mg"":416,""y_mg"":-48,""z_mg"":896}"
1.953,left_hand,og,tilt,,"{""roll_deg"":-3.6,""pitch_deg"":5.9,""steady"":true}"
1.953,left_hand,og,acc,125752,"{""seq"":92,""x_mg"":420,""y_mg"":-52,""z_mg"":892}"
1.953,left_hand,og,tilt,,"{""roll_deg"":-3.0,""pitch_deg"":5.9,""steady"":true}"
1.985,left_hand,og,acc,125772,"{""seq"":93,""x_mg"":408,""y_mg"":-84,""z_mg"":908}"
1.985,left_hand,og,tilt,,"{""roll_deg"":-2.4,""pitch_deg"":5.9,""steady"":true}"
2.016,left_hand,og,acc,125793,"{""seq"":94,""x_mg"":416,""y_mg"":-80,""z_mg"":896}"
2.016,left_hand,og,tilt,,"{""roll_deg"":-1.9,""pitch_deg"":5.9,""steady"":true}"
2.016,left_hand,og,acc,125814,"{""seq"":95,""x_mg"":412,""y_mg"":-68,""z_mg"":900}"
2.016,left_hand,og,tilt,,"{""roll_deg"":-1.5,""pitch_deg"":5.9,""steady"":true}"
2.047,left_hand,og,acc,125834,"{""seq"":96,""x_mg"":412,""y_mg"":-60,""z_mg"":892}"
2.047,left_hand,og,tilt,,"{""roll_deg"":-1.1,""pitch_deg"":5.8,""steady"":true}"
2.047,left_hand,og,acc,125855,"{""seq"":97,""x_mg"":416,""y_mg"":-68,""z_mg"":904}"
2.047,left_hand,og,tilt,,"{""roll_deg"":-0.8,""pitch_deg"":5.8,""steady"":true}"
2.078,left_hand,og,acc,125875,"{""seq"":98,""x_mg"":416,""y_mg"":-64,""z_mg"":920}"
2.078,left_hand,og,tremor,,"{""rms_mg"":59.4,""peak_hz"":7.9}"
2.078,left_hand,og,tilt,,"{""roll_deg"":-0.5,""pitch_deg"":5.8,""steady"":true}"
2.110,left_hand,og,acc,125896,"{""seq"":99,""x_mg"":416,""y_mg"":-68,""z_mg"":912}"
2.110,left_hand,og,tilt,,"{""roll_deg"":-0.2,""pitch_deg"":5.8,""steady"":true}"
2.125,left_hand,og,acc,125916,"{""seq"":100,""x_mg"":416,""y_mg"":-76,""z_mg"":904}"
2.125,left_hand,og,tilt,,"{""roll_deg"":0.0,""pitch_deg"":5.7,""steady"":true}"
2.157,left_hand,og,acc,125937,"{""seq"":101,""x_mg"":424,""y_mg"":-68,""z_mg"":912}"
2.157,left_hand,og,tilt,,"{""roll_deg"":0.2,""pitch_deg"":5.7,""steady"":true}"
2.157,left_hand,og,acc,125957,"{""seq"":102,""x_mg"":424,""y_mg"":-56,""z_mg"":908}"
2.157,left_hand,og,tilt,,"{""roll_deg"":0.4,""pitch_deg"":5.7,""steady"":true}"
2.188,left_hand,og,acc,125978,"{""seq"":103,""x_mg"":412,""y_mg"":-24,""z_mg"":912}"
2.188,left_hand,og,tilt,,"{""roll_deg"":0.6,""pitch_deg"":5.7,""steady"":true}"
2.219,left_hand,og,acc,125999,"{""seq"":104,""x_mg"":408,""y_mg"":-8,""z_mg"":896}"
2.219,left_hand,og,tilt,,"{""roll_deg"":0.8,""pitch_deg"":5.7,""steady"":true}"
2.219,left_hand,og,acc,126019,"{""seq"":105,""x_mg"":404,""y_mg"":-20,""z_mg"":892}"
2.219,left_hand,og,tilt,,"{""roll_deg"":1.3,""pitch_deg"":5.7,""steady"":true}"
2.250,left_hand,og,acc,126040,"{""seq"":106,""x_mg"":412,""y_mg"":-40,""z_mg"":904}"
2.250,left_hand,og,tilt,,"{""roll_deg"":1.6,""pitch_deg"":5.6,""steady"":true}"
2.250,left_hand,og,acc,126060,"{""seq"":107,""x_mg"":420,""y_mg"":-40,""z_mg"":924}"
2.250,left_hand,og,tilt,,"{""roll_deg"":2.0,""pitch_deg"":5.6,""steady"":true}"
2.297,left_hand,og,acc,126081,"{""seq"":108,""x_mg"":408,""y_mg"":-20,""z_mg"":908}"
2.297,left_hand,og,tilt,,"{""roll_deg"":2.3,""pitch_deg"":5.6,""steady"":true}"
2.313,left_hand,og,acc,126101,"{""seq"":109,""x_mg"":404,""y_mg"":-8,""z_mg"":904}"
2.313,left_hand,og,tilt,,"{""roll_deg"":2.6,""pitch_deg"":5.5,""steady"":true}"
2.344,left_hand,og,acc,126122,"{""seq"":110,""x_mg"":412,""y_mg"":8,""z_mg"":912}"
2.344,left_hand,og,tilt,,"{""roll_deg"":2.9,""pitch_deg"":5.5,""steady"":true}"
2.375,left_hand,og,acc,126143,"{""seq"":111,""x_mg"":404,""y_mg"":-16,""z_mg"":904}"
2.375,left_hand,og,tilt,,"{""roll_deg"":3.1,""pitch_deg"":5.4,""steady"":true}"
2.375,left_hand,og,acc,126163,"{""seq"":112,""x_mg"":400,""y_mg"":-40,""z_mg"":908}"
2.375,left_hand,og,tilt,,"{""roll_deg"":3.4,""pitch_deg"":5.4,""steady"":true}"
2.407,left_hand,og,acc,126184,"{""seq"":113,""x_mg"":424,""y_mg"":-16,""z_mg"":928}"
2.407,left_hand,og,tilt,,"{""roll_deg"":3.6,""pitch_deg"":5.3,""steady"":true}"
2.407,left_hand,og,acc,126204,"{""seq"":114,""x_mg"":436,""y_mg"":0,""z_mg"":920}"
2.407,left_hand,og,tilt,,"{""roll_deg"":3.7,""pitch_deg"":5.3,""steady"":true}"
2.438,left_hand,og,acc,126225,"{""seq"":115,""x_mg"":420,""y_mg"":24,""z_mg"":932}"
2.438,left_hand,og,tilt,,"{""roll_deg"":3.9,""pitch_deg"":5.3,""steady"":true}"
2.469,left_hand,og,acc,126245,"{""seq"":116,""x_mg"":416,""y_mg"":12,""z_mg"":908}"
2.469,left_hand,og,tilt,,"{""roll_deg"":4.1,""pitch_deg"":5.3,""steady"":true}"
2.469,left_hand,og,acc,126266,"{""seq"":117,""x_mg"":408,""y_mg"":-16,""z_mg"":908}"
2.469,left_hand,og,tilt,,"{""roll_deg"":4.4,""pitch_deg"":5.3,""steady"":true}"
2.500,left_hand,og,acc,126286,"{""seq"":118,""x_mg"":424,""y_mg"":8,""z_mg"":932}"
2.500,left_hand,og,tilt,,"{""roll_deg"":4.6,""pitch_deg"":5.4,""steady"":true}"
2.516,left_hand,og,acc,126307,"{""seq"":119,""x_mg"":412,""y_mg"":28,""z_mg"":920}"
2.516,left_hand,og,tilt,,"{""roll_deg"":4.9,""pitch_deg"":5.3,""steady"":true}"
2.516,left_hand,og,acc,126328,"{""seq"":120,""x_mg"":408,""y_mg"":32,""z_mg"":908}"
2.516,left_hand,og,tilt,,"{""roll_deg"":5.1,""pitch_deg"":5.3,""steady"":true}"
2.547,left_hand,og,acc,126348,"{""seq"":121,""x_mg"":404,""y_mg"":28,""z_mg"":900}"
2.547,left_hand,og,tilt,,"{""roll_deg"":5.4,""pitch_deg"":5.3,""steady"":true}"
2.578,left_hand,og,acc,126369,"{""seq"":122,""x_mg"":396,""y_mg"":16,""z_mg"":896}"
2.578,left_hand,og,tilt,,"{""roll_deg"":5.7,""pitch_deg"":5.3,""steady"":true}"
2.610,left_hand,og,acc,126389,"{""seq"":123,""x_mg"":404,""y_mg"":8,""z_mg"":892}"
2.610,left_hand,og,tilt,,"{""roll_deg"":6.0,""pitch_deg"":5.2,""steady"":true}"
2.610,left_hand,og,acc,126410,"{""seq"":124,""x_mg"":388,""y_mg"":4,""z_mg"":916}"
2.610,left_hand,og,tilt,,"{""roll_deg"":6.1,""pitch_deg"":5.2,""steady"":true}"
2.641,left_hand,og,acc,126430,"{""seq"":125,""x_mg"":384,""y_mg"":24,""z_mg"":900}"
2.641,left_hand,og,tilt,,"{""roll_deg"":6.2,""pitch_deg"":5.2,""steady"":true}"
2.672,left_hand,og,acc,126451,"{""seq"":126,""x_mg"":396,""y_mg"":24,""z_mg"":904}"
2.672,left_hand,og,tilt,,"{""roll_deg"":6.3,""pitch_deg"":5.1,""steady"":true}"
2.672,left_hand,og,acc,126472,"{""seq"":127,""x_mg"":412,""y_mg"":24,""z_mg"":904}"
2.672,left_hand,og,tilt,,"{""roll_deg"":6.5,""pitch_deg"":5.0,""steady"":true}"
2.703,left_hand,og,acc,126492,"{""seq"":128,""x_mg"":408,""y_mg"":12,""z_mg"":908}"
2.703,left_hand,og,tilt,,"{""roll_deg"":6.6,""pitch_deg"":5.0,""steady"":true}"
2.719,left_hand,og,acc,126513,"{""seq"":129,""x_mg"":396,""y_mg"":4,""z_mg"":916}"
2.719,left_hand,og,tilt,,"{""roll_deg"":6.7,""pitch_deg"":4.9,""steady"":true}"
2.719,left_hand,og,acc,126533,"{""seq"":130,""x_mg"":408,""y_mg"":8,""z_mg"":904}"
2.719,left_hand,og,tilt,,"{""roll_deg"":6.7,""pitch_deg"":4.9,""steady"":true}"
2.750,left_hand,og,acc,126554,"{""seq"":131,""x_mg"":392,""y_mg"":24,""z_mg"":924}"
2.750,left_hand,og,tilt,,"{""roll_deg"":6.7,""pitch_deg"":5.0,""steady"":true}"
2.782,left_hand,og,acc,126574,"{""seq"":132,""x_mg"":392,""y_mg"":32,""z_mg"":924}"
2.782,left_hand,og,tilt,,"{""roll_deg"":6.7,""pitch_deg"":4.9,""steady"":true}"
2.813,left_hand,og,acc,126595,"{""seq"":133,""x_mg"":400,""y_mg"":36,""z_mg"":920}"
2.813,left_hand,og,tilt,,"{""roll_deg"":6.8,""pitch_deg"":4.8,""steady"":true}"
2.813,left_hand,og,acc,126615,"{""seq"":134,""x_mg"":408,""y_mg"":40,""z_mg"":912}"
2.813,left_hand,og,tilt,,"{""roll_deg"":7.0,""pitch_deg"":4.8,""steady"":true}"
2.860,left_hand,og,acc,126636,"{""seq"":135,""x_mg"":416,""y_mg"":36,""z_mg"":912}"
2.860,left_hand,og,tilt,,"{""roll_deg"":7.1,""pitch_deg"":4.7,""steady"":true}"
2.891,left_hand,og,acc,126657,"{""seq"":136,""x_mg"":396,""y_mg"":28,""z_mg"":920}"
2.891,left_hand,og,tilt,,"{""roll_deg"":7.3,""pitch_deg"":4.7,""steady"":true}"
2.891,left_hand,og,acc,126677,"{""seq"":137,""x_mg"":400,""y_mg"":28,""z_mg"":904}"
2.891,left_hand,og,tilt,,"{""roll_deg"":7.4,""pitch_deg"":4.7,""steady"":true}"
2.922,left_hand,og,acc,126698,"{""seq"":138,""x_mg"":408,""y_mg"":36,""z_mg"":912}"
2.922,left_hand,og,tilt,,"{""roll_deg"":7.5,""pitch_deg"":4.7,""steady"":true}"
2.922,left_hand,og,acc,126718,"{""seq"":139,""x_mg"":408,""y_mg"":40,""z_mg"":908}"
2.922,left_hand,og,tilt,,"{""roll_deg"":7.6,""pitch_deg"":4.8,""steady"":true}"
2.938,left_hand,og,acc,126739,"{""seq"":140,""x_mg"":404,""y_mg"":48,""z_mg"":908}"
2.938,left_hand,og,tilt,,"{""roll_deg"":7.7,""pitch_deg"":4.8,""steady"":true}"
2.969,left_hand,og,acc,126759,"{""seq"":141,""x_mg"":388,""y_mg"":32,""z_mg"":908}"
2.969,left_hand,og,tilt,,"{""roll_deg"":7.7,""pitch_deg"":4.8,""steady"":true}"
3.000,left_hand,og,acc,126780,"{""seq"":142,""x_mg"":388,""y_mg"":32,""z_mg"":912}"
3.000,left_hand,og,tilt,,"{""roll_deg"":7.8,""pitch_deg"":4.8,""steady"":true}"
3.000,left_hand,og,acc,126801,"{""seq"":143,""x_mg"":384,""y_mg"":36,""z_mg"":912}"
3.000,left_hand,og,tilt,,"{""roll_deg"":7.9,""pitch_deg"":4.7,""steady"":true}"
3.032,left_hand,og,acc,126821,"{""seq"":144,""x_mg"":388,""y_mg"":44,""z_mg"":916}"
3.032,left_hand,og,tilt,,"{""roll_deg"":7.9,""pitch_deg"":4.6,""steady"":true}"
3.063,left_hand,og,acc,126842,"{""seq"":145,""x_mg"":388,""y_mg"":40,""z_mg"":904}"
3.063,left_hand,og,tilt,,"{""roll_deg"":8.0,""pitch_deg"":4.5,""steady"":true}"
3.063,left_hand,og,acc,126862,"{""seq"":146,""x_mg"":392,""y_mg"":28,""z_mg"":904}"
3.063,left_hand,og,tilt,,"{""roll_deg"":8.0,""pitch_deg"":4.5,""steady"":true}"
3.094,left_hand,og,acc,126883,"{""seq"":147,""x_mg"":392,""y_mg"":20,""z_mg"":904}"
3.094,left_hand,og,tilt,,"{""roll_deg"":8.0,""pitch_deg"":4.4,""steady"":true}"
3.125,left_hand,og,acc,126903,"{""seq"":148,""x_mg"":396,""y_mg"":16,""z_mg"":908}"
3.125,left_hand,og,tilt,,"{""roll_deg"":8.0,""pitch_deg"":4.4,""steady"":true}"
3.125,left_hand,og,acc,126924,"{""seq"":149,""x_mg"":384,""y_mg"":40,""z_mg"":916}"
3.125,left_hand,og,tilt,,"{""roll_deg"":8.0,""pitch_deg"":4.4,""steady"":true}"
3.157,left_hand,og,acc,126945,"{""seq"":150,""x_mg"":388,""y_mg"":64,""z_mg"":916}"
3.157,left_hand,og,tilt,,"{""roll_deg"":8.0,""pitch_deg"":4.4,""steady"":true}"
3.188,left_hand,og,acc,126965,"{""seq"":151,""x_mg"":392,""y_mg"":52,""z_mg"":912}"
3.188,left_hand,og,tilt,,"{""roll_deg"":8.0,""pitch_deg"":4.4,""steady"":true}"
3.188,left_hand,og,acc,126986,"{""seq"":152,""x_mg"":396,""y_mg"":32,""z_mg"":908}"
3.188,left_hand,og,tilt,,"{""roll_deg"":8.1,""pitch_deg"":4.4,""steady"":true}"
3.219,left_hand,og,acc,127006,"{""seq"":153,""x_mg"":400,""y_mg"":16,""z_mg"":904}"
3.219,left_hand,og,tilt,,"{""roll_deg"":8.1,""pitch_deg"":4.3,""steady"":true}"
3.250,left_hand,og,acc,127027,"{""seq"":154,""x_mg"":400,""y_mg"":32,""z_mg"":916}"
3.250,left_hand,og,tilt,,"{""roll_deg"":8.1,""pitch_deg"":4.4,""steady"":true}"
3.250,left_hand,og,acc,127047,"{""seq"":155,""x_mg"":392,""y_mg"":72,""z_mg"":924}"
3.250,left_hand,og,tilt,,"{""roll_deg"":8.1,""pitch_deg"":4.4,""steady"":true}"
3.282,left_hand,og,acc,127068,"{""seq"":156,""x_mg"":384,""y_mg"":60,""z_mg"":912}"
3.282,left_hand,og,tilt,,"{""roll_deg"":8.1,""pitch_deg"":4.4,""steady"":true}"
3.282,left_hand,og,acc,127088,"{""seq"":157,""x_mg"":388,""y_mg"":32,""z_mg"":916}"
3.282,left_hand,og,tilt,,"{""roll_deg"":8.1,""pitch_deg"":4.3,""steady"":true}"
3.313,left_hand,og,acc,127109,"{""seq"":158,""x_mg"":408,""y_mg"":32,""z_mg"":916}"
3.313,left_hand,og,tilt,,"{""roll_deg"":8.1,""pitch_deg"":4.3,""steady"":true}"
3.344,left_hand,og,acc,127130,"{""seq"":159,""x_mg"":396,""y_mg"":28,""z_mg"":900}"
3.344,left_hand,og,tilt,,"{""roll_deg"":8.1,""pitch_deg"":4.2,""steady"":true}"
3.344,left_hand,og,acc,127150,"{""seq"":160,""x_mg"":388,""y_mg"":40,""z_mg"":916}"
3.344,left_hand,og,tilt,,"{""roll_deg"":8.1,""pitch_deg"":4.2,""steady"":true}"
3.375,left_hand,og,acc,127171,"{""seq"":161,""x_mg"":388,""y_mg"":56,""z_mg"":924}"
3.375,left_hand,og,tilt,,"{""roll_deg"":8.1,""pitch_deg"":4.1,""steady"":true}"
3.407,left_hand,og,acc,127191,"{""seq"":162,""x_mg"":384,""y_mg"":36,""z_mg"":920}"
3.407,left_hand,og,tilt,,"{""roll_deg"":8.1,""pitch_deg"":4.1,""steady"":true}"
3.407,left_hand,og,acc,127212,"{""seq"":163,""x_mg"":388,""y_mg"":40,""z_mg"":916}"
3.407,left_hand,og,tilt,,"{""roll_deg"":8.1,""pitch_deg"":4.1,""steady"":true}"
3.438,left_hand,og,acc,127232,"{""seq"":164,""x_mg"":388,""y_mg"":44,""z_mg"":916}"
3.438,left_hand,og,tilt,,"{""roll_deg"":8.2,""pitch_deg"":4.1,""steady"":true}"
3.469,left_hand,og,acc,127253,"{""seq"":165,""x_mg"":384,""y_mg"":64,""z_mg"":916}"
3.469,left_hand,og,tilt,,"{""roll_deg"":8.3,""pitch_deg"":4.0,""steady"":true}"
3.469,left_hand,og,acc,127274,"{""seq"":166,""x_mg"":392,""y_mg"":44,""z_mg"":904}"
3.469,left_hand,og,tilt,,"{""roll_deg"":8.3,""pitch_deg"":4.0,""steady"":true}"
3.516,left_hand,og,acc,127294,"{""seq"":167,""x_mg"":388,""y_mg"":32,""z_mg"":916}"
3.516,left_hand,og,tilt,,"{""roll_deg"":8.4,""pitch_deg"":4.0,""steady"":true}"
3.547,left_hand,og,acc,127315,"{""seq"":168,""x_mg"":380,""y_mg"":48,""z_mg"":916}"
3.547,left_hand,og,tilt,,"{""roll_deg"":8.4,""pitch_deg"":4.0,""steady"":true}"
3.547,left_hand,og,acc,127335,"{""seq"":169,""x_mg"":384,""y_mg"":60,""z_mg"":924}"
3.547,left_hand,og,tilt,,"{""roll_deg"":8.5,""pitch_deg"":3.9,""steady"":true}"
3.563,left_hand,og,acc,127356,"{""seq"":170,""x_mg"":380,""y_mg"":52,""z_mg"":912}"
3.563,left_hand,og,tilt,,"{""roll_deg"":8.6,""pitch_deg"":3.9,""steady"":true}"
3.594,left_hand,og,acc,127376,"{""seq"":171,""x_mg"":384,""y_mg"":44,""z_mg"":916}"
3.594,left_hand,og,tilt,,"{""roll_deg"":8.6,""pitch_deg"":3.8,""steady"":true}"
3.625,left_hand,og,acc,127397,"{""seq"":172,""x_mg"":388,""y_mg"":32,""z_mg"":916}"
3.625,left_hand,og,tilt,,"{""roll_deg"":8.7,""pitch_deg"":3.8,""steady"":true}"
3.625,left_hand,og,acc,127418,"{""seq"":173,""x_mg"":392,""y_mg"":24,""z_mg"":904}"
3.625,left_hand,og,tilt,,"{""roll_deg"":8.7,""pitch_deg"":3.8,""steady"":true}"
3.657,left_hand,og,acc,127438,"{""seq"":174,""x_mg"":380,""y_mg"":60,""z_mg"":908}"
3.657,left_hand,og,tilt,,"{""roll_deg"":8.7,""pitch_deg"":3.8,""steady"":true}"
3.688,left_hand,og,acc,127459,"{""seq"":175,""x_mg"":388,""y_mg"":56,""z_mg"":916}"
3.688,left_hand,og,tilt,,"{""roll_deg"":8.7,""pitch_deg"":3.8,""steady"":true}"
3.688,left_hand,og,acc,127479,"{""seq"":176,""x_mg"":388,""y_mg"":44,""z_mg"":900}"
3.688,left_hand,og,tilt,,"{""roll_deg"":8.7,""pitch_deg"":3.8,""steady"":true}"
3.719,left_hand,og,acc,127500,"{""seq"":177,""x_mg"":368,""y_mg"":40,""z_mg"":928}"
3.719,left_hand,og,tilt,,"{""roll_deg"":8.7,""pitch_deg"":3.8,""steady"":true}"
3.750,left_hand,og,acc,127520,"{""seq"":178,""x_mg"":372,""y_mg"":64,""z_mg"":916}"
3.750,left_hand,og,tilt,,"{""roll_deg"":8.8,""pitch_deg"":3.8,""steady"":true}"
3.750,left_hand,og,acc,127541,"{""seq"":179,""x_mg"":372,""y_mg"":68,""z_mg"":920}"
3.750,left_hand,og,tilt,,"{""roll_deg"":8.9,""pitch_deg"":3.7,""steady"":true}"
3.766,left_hand,og,acc,127562,"{""seq"":180,""x_mg"":376,""y_mg"":60,""z_mg"":916}"
3.766,left_hand,og,tilt,,"{""roll_deg"":9.0,""pitch_deg"":3.6,""steady"":true}"
3.797,left_hand,og,acc,127582,"{""seq"":181,""x_mg"":388,""y_mg"":32,""z_mg"":904}"
3.797,left_hand,og,tilt,,"{""roll_deg"":9.1,""pitch_deg"":3.5,""steady"":true}"
3.828,left_hand,og,acc,127603,"{""seq"":182,""x_mg"":384,""y_mg"":28,""z_mg"":908}"
3.828,left_hand,og,tilt,,"{""roll_deg"":9.2,""pitch_deg"":3.5,""steady"":true}"
3.828,left_hand,og,acc,127623,"{""seq"":183,""x_mg"":372,""y_mg"":60,""z_mg"":908}"
3.828,left_hand,og,tilt,,"{""roll_deg"":9.3,""pitch_deg"":3.5,""steady"":true}"
3.860,left_hand,og,acc,127644,"{""seq"":184,""x_mg"":372,""y_mg"":72,""z_mg"":908}"
3.860,left_hand,og,tilt,,"{""roll_deg"":9.3,""pitch_deg"":3.4,""steady"":true}"
3.860,left_hand,og,acc,127664,"{""seq"":185,""x_mg"":392,""y_mg"":48,""z_mg"":912}"
3.860,left_hand,og,tilt,,"{""roll_deg"":9.3,""pitch_deg"":3.5,""steady"":true}"
3.891,left_hand,og,acc,127685,"{""seq"":186,""x_mg"":384,""y_mg"":40,""z_mg"":912}"
3.891,left_hand,og,tilt,,"{""roll_deg"":9.3,""pitch_deg"":3.5,""steady"":true}"
3.922,left_hand,og,acc,127705,"{""seq"":187,""x_mg"":376,""y_mg"":20,""z_mg"":908}"
3.922,left_hand,og,tilt,,"{""roll_deg"":9.2,""pitch_deg"":3.5,""steady"":true}"
3.922,left_hand,og,acc,127726,"{""seq"":188,""x_mg"":380,""y_mg"":40,""z_mg"":912}"
3.922,left_hand,og,tilt,,"{""roll_deg"":9.1,""pitch_deg"":3.5,""steady"":true}"
3.953,left_hand,og,acc,127747,"{""seq"":189,""x_mg"":396,""y_mg"":60,""z_mg"":912}"
3.953,left_hand,og,tilt,,"{""roll_deg"":9.1,""pitch_deg"":3.5,""steady"":true}"
3.985,left_hand,og,acc,127767,"{""seq"":190,""x_mg"":392,""y_mg"":60,""z_mg"":920}"
3.985,left_hand,og,tilt,,"{""roll_deg"":9.0,""pitch_deg"":3.6,""steady"":true}"
3.985,left_hand,og,acc,127788,"{""seq"":191,""x_mg"":388,""y_mg"":36,""z_mg"":908}"
3.985,left_hand,og,tilt,,"{""roll_deg"":8.9,""pitch_deg"":3.6,""steady"":true}"
4.000,left_hand,og,acc,127808,"{""seq"":192,""x_mg"":392,""y_mg"":40,""z_mg"":920}"
4.000,left_hand,og,tilt,,"{""roll_deg"":8.9,""pitch_deg"":3.7,""steady"":true}"
4.032,left_hand,og,acc,127829,"{""seq"":193,""x_mg"":384,""y_mg"":56,""z_mg"":892}"
4.032,left_hand,og,tilt,,"{""roll_deg"":9.0,""pitch_deg"":3.7,""steady"":true}"
4.078,left_hand,og,acc,127849,"{""seq"":194,""x_mg"":380,""y_mg"":56,""z_mg"":908}"
4.078,left_hand,og,tilt,,"{""roll_deg"":9.1,""pitch_deg"":3.7,""steady"":true}"
4.078,left_hand,og,acc,127870,"{""seq"":195,""x_mg"":384,""y_mg"":64,""z_mg"":908}"
4.078,left_hand,og,tilt,,"{""roll_deg"":9.1,""pitch_deg"":3.8,""steady"":true}"
4.110,left_hand,og,acc,127891,"{""seq"":196,""x_mg"":396,""y_mg"":56,""z_mg"":916}"
4.110,left_hand,og,tremor,,"{""rms_mg"":29.9,""peak_hz"":7.7}"
4.110,left_hand,og,tilt,,"{""roll_deg"":9.2,""pitch_deg"":3.8,""steady"":true}"
4.141,left_hand,og,acc,127911,"{""seq"":197,""x_mg"":384,""y_mg"":44,""z_mg"":928}"
4.141,left_hand,og,tilt,,"{""roll_deg"":9.2,""pitch_deg"":3.8,""steady"":true}"
4.141,left_hand,og,acc,127932,"{""seq"":198,""x_mg"":384,""y_mg"":48,""z_mg"":924}"
4.141,left_hand,og,tilt,,"{""roll_deg"":9.2,""pitch_deg"":3.8,""steady"":true}"
4.172,left_hand,og,acc,127952,"{""seq"":199,""x_mg"":392,""y_mg"":40,""z_mg"":916}"
4.172,left_hand,og,tilt,,"{""roll_deg"":9.2,""pitch_deg"":3.8,""steady"":true}"
4.188,left_hand,og,acc,127973,"{""seq"":200,""x_mg"":384,""y_mg"":64,""z_mg"":912}"
4.188,left_hand,og,tilt,,"{""roll_deg"":9.2,""pitch_deg"":3.8,""steady"":true}"
4.188,left_hand,og,acc,127993,"{""seq"":201,""x_mg"":392,""y_mg"":40,""z_mg"":908}"
4.188,left_hand,og,tilt,,"{""roll_deg"":9.1,""pitch_deg"":3.8,""steady"":true}"
4.219,left_hand,og,acc,128014,"{""seq"":202,""x_mg"":384,""y_mg"":32,""z_mg"":916}"
4.219,left_hand,og,tilt,,"{""roll_deg"":9.1,""pitch_deg"":3.8,""steady"":true}"
4.250,left_hand,og,acc,128035,"{""seq"":203,""x_mg"":376,""y_mg"":40,""z_mg"":916}"
4.250,left_hand,og,tilt,,"{""roll_deg"":9.0,""pitch_deg"":3.8,""steady"":true}"
4.282,left_hand,og,acc,128055,"{""seq"":204,""x_mg"":360,""y_mg"":36,""z_mg"":932}"
4.282,left_hand,og,tilt,,"{""roll_deg"":8.9,""pitch_deg"":3.8,""steady"":true}"
4.282,left_hand,og,acc,128076,"{""seq"":205,""x_mg"":372,""y_mg"":28,""z_mg"":924}"
4.282,left_hand,og,tilt,,"{""roll_deg"":8.9,""pitch_deg"":3.7,""steady"":true}"
4.313,left_hand,og,acc,128096,"{""seq"":206,""x_mg"":368,""y_mg"":36,""z_mg"":924}"
4.313,left_hand,og,tilt,,"{""roll_deg"":8.8,""pitch_deg"":3.6,""steady"":true}"
4.344,left_hand,og,acc,128117,"{""seq"":207,""x_mg"":352,""y_mg"":24,""z_mg"":920}"
4.344,left_hand,og,tilt,,"{""roll_deg"":8.7,""pitch_deg"":3.5,""steady"":true}"
4.344,left_hand,og,acc,128137,"{""seq"":208,""x_mg"":360,""y_mg"":44,""z_mg"":920}"
4.344,left_hand,og,tilt,,"{""roll_deg"":8.7,""pitch_deg"":3.3,""steady"":true}"
4.375,left_hand,og,acc,128158,"{""seq"":209,""x_mg"":368,""y_mg"":32,""z_mg"":912}"
4.375,left_hand,og,tilt,,"{""roll_deg"":8.6,""pitch_deg"":3.3,""steady"":true}"
4.407,left_hand,og,acc,128178,"{""seq"":210,""x_mg"":364,""y_mg"":52,""z_mg"":916}"
4.407,left_hand,og,tilt,,"{""roll_deg"":8.5,""pitch_deg"":3.2,""steady"":true}"
4.407,left_hand,og,acc,128199,"{""seq"":211,""x_mg"":368,""y_mg"":32,""z_mg"":932}"
4.407,left_hand,og,tilt,,"{""roll_deg"":8.5,""pitch_deg"":3.1,""steady"":true}"
4.438,left_hand,og,acc,128220,"{""seq"":212,""x_mg"":380,""y_mg"":20,""z_mg"":924}"
4.438,left_hand,og,tilt,,"{""roll_deg"":8.4,""pitch_deg"":3.0,""steady"":true}"
4.438,left_hand,og,acc,128240,"{""seq"":213,""x_mg"":368,""y_mg"":44,""z_mg"":916}"
4.438,left_hand,og,tilt,,"{""roll_deg"":8.4,""pitch_deg"":3.0,""steady"":true}"
4.469,left_hand,og,acc,128261,"{""seq"":214,""x_mg"":360,""y_mg"":44,""z_mg"":928}"
4.469,left_hand,og,tilt,,"{""roll_deg"":8.4,""pitch_deg"":2.9,""steady"":true}"
4.500,left_hand,og,acc,128281,"{""seq"":215,""x_mg"":352,""y_mg"":60,""z_mg"":928}"
4.500,left_hand,og,tilt,,"{""roll_deg"":8.5,""pitch_deg"":2.9,""steady"":true}"
4.500,left_hand,og,acc,128302,"{""seq"":216,""x_mg"":356,""y_mg"":40,""z_mg"":908}"
4.500,left_hand,og,tilt,,"{""roll_deg"":8.5,""pitch_deg"":2.8,""steady"":true}"
4.532,left_hand,og,acc,128322,"{""seq"":217,""x_mg"":376,""y_mg"":24,""z_mg"":912}"
4.532,left_hand,og,tilt,,"{""roll_deg"":8.5,""pitch_deg"":2.8,""steady"":true}"
4.563,,game,hold_complete,,"{""tx"":8,""ty"":0,""mean_dist_deg"":4.33,""tolerance"":5.0}"
4.563,left_hand,og,acc,128343,"{""seq"":218,""x_mg"":372,""y_mg"":36,""z_mg"":908}"
4.563,left_hand,og,tilt,,"{""roll_deg"":8.5,""pitch_deg"":2.7,""steady"":true}"
4.563,left_hand,og,acc,128364,"{""seq"":219,""x_mg"":376,""y_mg"":48,""z_mg"":920}"
4.563,left_hand,og,tilt,,"{""roll_deg"":8.5,""pitch_deg"":2.8,""steady"":true}"
4.594,left_hand,og,acc,128384,"{""seq"":220,""x_mg"":384,""y_mg"":24,""z_mg"":904}"
4.594,left_hand,og,tilt,,"{""roll_deg"":8.5,""pitch_deg"":2.8,""steady"":true}"
4.625,left_hand,og,acc,128405,"{""seq"":221,""x_mg"":376,""y_mg"":4,""z_mg"":916}"
4.625,left_hand,og,tilt,,"{""roll_deg"":8.4,""pitch_deg"":2.9,""steady"":true}"
4.625,left_hand,og,acc,128425,"{""seq"":222,""x_mg"":372,""y_mg"":16,""z_mg"":928}"
4.625,left_hand,og,tilt,,"{""roll_deg"":8.3,""pitch_deg"":2.9,""steady"":true}"
4.657,left_hand,og,acc,128446,"{""seq"":223,""x_mg"":380,""y_mg"":16,""z_mg"":916}"
4.657,left_hand,og,tilt,,"{""roll_deg"":8.1,""pitch_deg"":2.9,""steady"":true}"
4.688,left_hand,og,acc,128466,"{""seq"":224,""x_mg"":372,""y_mg"":24,""z_mg"":920}"
4.688,left_hand,og,tilt,,"{""roll_deg"":8.0,""pitch_deg"":3.0,""steady"":true}"
4.688,left_hand,og,acc,128487,"{""seq"":225,""x_mg"":380,""y_mg"":28,""z_mg"":916}"
4.688,left_hand,og,tilt,,"{""roll_deg"":7.9,""pitch_deg"":3.0,""steady"":true}"
4.719,left_hand,og,acc,128508,"{""seq"":226,""x_mg"":380,""y_mg"":28,""z_mg"":920}"
4.719,left_hand,og,tilt,,"{""roll_deg"":7.8,""pitch_deg"":3.1,""steady"":true}"
4.750,left_hand,og,acc,128528,"{""seq"":227,""x_mg"":356,""y_mg"":40,""z_mg"":920}"
4.750,left_hand,og,tilt,,"{""roll_deg"":7.8,""pitch_deg"":3.1,""steady"":true}"
4.750,left_hand,og,acc,128549,"{""seq"":228,""x_mg"":356,""y_mg"":52,""z_mg"":928}"
4.750,left_hand,og,tilt,,"{""roll_deg"":7.8,""pitch_deg"":3.1,""steady"":true}"
4.782,left_hand,og,acc,128569,"{""seq"":229,""x_mg"":368,""y_mg"":40,""z_mg"":920}"
4.782,left_hand,og,tilt,,"{""roll_deg"":7.9,""pitch_deg"":3.0,""steady"":true}"
4.782,left_hand,og,acc,128590,"{""seq"":230,""x_mg"":376,""y_mg"":28,""z_mg"":912}"
4.782,left_hand,og,tilt,,"{""roll_deg"":8.0,""pitch_deg"":3.0,""steady"":true}"
4.797,left_hand,og,acc,128610,"{""seq"":231,""x_mg"":364,""y_mg"":44,""z_mg"":924}"
4.797,left_hand,og,tilt,,"{""roll_deg"":8.0,""pitch_deg"":2.9,""steady"":true}"
4.828,left_hand,og,acc,128631,"{""seq"":232,""x_mg"":372,""y_mg"":36,""z_mg"":936}"
4.828,left_hand,og,tilt,,"{""roll_deg"":8.1,""pitch_deg"":2.9,""steady"":true}"
4.860,left_hand,og,acc,128652,"{""seq"":233,""x_mg"":380,""y_mg"":24,""z_mg"":932}"
4.860,left_hand,og,tilt,,"{""roll_deg"":8.1,""pitch_deg"":2.9,""steady"":true}"
4.891,left_hand,og,acc,128672,"{""seq"":234,""x_mg"":364,""y_mg"":32,""z_mg"":912}"
4.891,left_hand,og,tilt,,"{""roll_deg"":8.1,""pitch_deg"":2.8,""steady"":true}"
4.891,left_hand,og,acc,128693,"{""seq"":235,""x_mg"":364,""y_mg"":40,""z_mg"":916}"
4.891,left_hand,og,tilt,,"{""roll_deg"":8.1,""pitch_deg"":2.8,""steady"":true}"
4.938,left_hand,og,acc,128713,"{""seq"":236,""x_mg"":352,""y_mg"":32,""z_mg"":912}"
4.938,left_hand,og,tilt,,"{""roll_deg"":8.1,""pitch_deg"":2.8,""steady"":true}"
4.938,left_hand,og,acc,128734,"{""seq"":237,""x_mg"":364,""y_mg"":44,""z_mg"":928}"
4.938,left_hand,og,tilt,,"{""roll_deg"":8.1,""pitch_deg"":2.8,""steady"":true}"
4.969,left_hand,og,acc,128754,"{""seq"":238,""x_mg"":340,""y_mg"":40,""z_mg"":928}"
4.969,left_hand,og,tilt,,"{""roll_deg"":8.1,""pitch_deg"":2.7,""steady"":true}"
5.000,left_hand,og,acc,128775,"{""seq"":239,""x_mg"":356,""y_mg"":48,""z_mg"":920}"
5.000,left_hand,og,tilt,,"{""roll_deg"":8.2,""pitch_deg"":2.6,""steady"":true}"
5.000,left_hand,og,acc,128795,"{""seq"":240,""x_mg"":356,""y_mg"":32,""z_mg"":916}"
5.000,left_hand,og,tilt,,"{""roll_deg"":8.2,""pitch_deg"":2.6,""steady"":true}"
5.016,left_hand,og,acc,128816,"{""seq"":241,""x_mg"":348,""y_mg"":48,""z_mg"":920}"
5.016,left_hand,og,tilt,,"{""roll_deg"":8.3,""pitch_deg"":2.5,""steady"":true}"
5.047,left_hand,og,acc,128837,"{""seq"":242,""x_mg"":344,""y_mg"":76,""z_mg"":924}"
5.047,left_hand,og,tilt,,"{""roll_deg"":8.4,""pitch_deg"":2.4,""steady"":true}"
5.078,left_hand,og,acc,128857,"{""seq"":243,""x_mg"":332,""y_mg"":52,""z_mg"":928}"
5.078,left_hand,og,tilt,,"{""roll_deg"":8.5,""pitch_deg"":2.3,""steady"":true}"
5.078,left_hand,og,acc,128878,"{""seq"":244,""x_mg"":356,""y_mg"":72,""z_mg"":900}"
5.078,left_hand,og,tilt,,"{""roll_deg"":8.5,""pitch_deg"":2.2,""steady"":true}"
5.110,left_hand,og,acc,128898,"{""seq"":245,""x_mg"":348,""y_mg"":96,""z_mg"":920}"
5.110,left_hand,og,tilt,,"{""roll_deg"":8.8,""pitch_deg"":2.2,""steady"":true}"
5.141,left_hand,og,acc,128919,"{""seq"":246,""x_mg"":344,""y_mg"":92,""z_mg"":932}"
5.141,left_hand,og,tilt,,"{""roll_deg"":9.0,""pitch_deg"":2.1,""steady"":true}"
5.141,left_hand,og,acc,128939,"{""seq"":247,""x_mg"":340,""y_mg"":52,""z_mg"":936}"
5.141,left_hand,og,tilt,,"{""roll_deg"":9.2,""pitch_deg"":2.0,""steady"":true}"
5.172,left_hand,og,acc,128960,"{""seq"":248,""x_mg"":372,""y_mg"":-4,""z_mg"":944}"
5.172,left_hand,og,tilt,,"{""roll_deg"":9.4,""pitch_deg"":1.9,""steady"":true}"
5.203,left_hand,og,acc,128981,"{""seq"":249,""x_mg"":388,""y_mg"":8,""z_mg"":916}"
5.203,left_hand,og,tilt,,"{""roll_deg"":9.4,""pitch_deg"":1.9,""steady"":true}"
5.203,left_hand,og,acc,129001,"{""seq"":250,""x_mg"":368,""y_mg"":76,""z_mg"":908}"
5.203,left_hand,og,tilt,,"{""roll_deg"":9.3,""pitch_deg"":1.9,""steady"":true}"
5.219,left_hand,og,acc,129022,"{""seq"":251,""x_mg"":384,""y_mg"":24,""z_mg"":900}"
5.219,left_hand,og,tilt,,"{""roll_deg"":9.1,""pitch_deg"":2.1,""steady"":true}"
5.250,left_hand,og,acc,129042,"{""seq"":252,""x_mg"":416,""y_mg"":-68,""z_mg"":924}"
5.250,left_hand,og,tilt,,"{""roll_deg"":8.8,""pitch_deg"":2.3,""steady"":true}"
5.282,left_hand,og,acc,129063,"{""seq"":253,""x_mg"":404,""y_mg"":-108,""z_mg"":912}"
5.282,left_hand,og,tilt,,"{""roll_deg"":8.5,""pitch_deg"":2.5,""steady"":true}"
5.282,left_hand,og,acc,129083,"{""seq"":254,""x_mg"":376,""y_mg"":-132,""z_mg"":912}"
5.282,left_hand,og,tilt,,"{""roll_deg"":7.7,""pitch_deg"":2.7,""steady"":true}"
5.313,left_hand,og,acc,129104,"{""seq"":255,""x_mg"":372,""y_mg"":-156,""z_mg"":916}"
5.313,left_hand,og,tilt,,"{""roll_deg"":6.7,""pitch_deg"":2.8,""steady"":true}"
5.344,left_hand,og,acc,129125,"{""seq"":256,""x_mg"":372,""y_mg"":-164,""z_mg"":940}"
5.344,left_hand,og,tilt,,"{""roll_deg"":5.6,""pitch_deg"":2.9,""steady"":true}"
5.344,left_hand,og,acc,129145,"{""seq"":257,""x_mg"":352,""y_mg"":-160,""z_mg"":920}"
5.344,left_hand,og,tilt,,"{""roll_deg"":4.5,""pitch_deg"":2.9,""steady"":true}"
5.375,left_hand,og,acc,129166,"{""seq"":258,""x_mg"":352,""y_mg"":-128,""z_mg"":928}"
5.375,left_hand,og,tilt,,"{""roll_deg"":3.5,""pitch_deg"":2.9,""steady"":true}"
5.407,left_hand,og,acc,129186,"{""seq"":259,""x_mg"":348,""y_mg"":-72,""z_mg"":928}"
5.407,left_hand,og,tilt,,"{""roll_deg"":2.7,""pitch_deg"":2.7,""steady"":true}"
5.407,left_hand,og,acc,129207,"{""seq"":260,""x_mg"":336,""y_mg"":-72,""z_mg"":940}"
5.407,left_hand,og,tilt,,"{""roll_deg"":2.1,""pitch_deg"":2.6,""steady"":true}"
5.422,left_hand,og,acc,129227,"{""seq"":261,""x_mg"":336,""y_mg"":-144,""z_mg"":932}"
5.422,left_hand,og,tilt,,"{""roll_deg"":1.7,""pitch_deg"":2.5,""steady"":true}"
5.453,left_hand,og,acc,129248,"{""seq"":262,""x_mg"":340,""y_mg"":-204,""z_mg"":932}"
5.453,left_hand,og,tilt,,"{""roll_deg"":1.2,""pitch_deg"":2.3,""steady"":true}"
5.485,left_hand,og,acc,129269,"{""seq"":263,""x_mg"":360,""y_mg"":-188,""z_mg"":940}"
5.485,left_hand,og,tilt,,"{""roll_deg"":0.8,""pitch_deg"":2.1,""steady"":true}"
5.485,left_hand,og,acc,129289,"{""seq"":264,""x_mg"":336,""y_mg"":-124,""z_mg"":928}"
5.485,left_hand,og,tilt,,"{""roll_deg"":0.3,""pitch_deg"":2.0,""steady"":true}"
5.516,left_hand,og,acc,129310,"{""seq"":265,""x_mg"":320,""y_mg"":-68,""z_mg"":936}"
5.516,left_hand,og,tilt,,"{""roll_deg"":-0.0,""pitch_deg"":1.8,""steady"":true}"
5.547,left_hand,og,acc,129330,"{""seq"":266,""x_mg"":312,""y_mg"":-84,""z_mg"":932}"
5.547,left_hand,og,tilt,,"{""roll_deg"":-0.2,""pitch_deg"":1.7,""steady"":true}"
5.563,left_hand,og,acc,129351,"{""seq"":267,""x_mg"":328,""y_mg"":-140,""z_mg"":920}"
5.563,left_hand,og,tilt,,"{""roll_deg"":-0.4,""pitch_deg"":1.6,""steady"":true}"
5.594,left_hand,og,acc,129371,"{""seq"":268,""x_mg"":332,""y_mg"":-136,""z_mg"":916}"
5.594,left_hand,og,tilt,,"{""roll_deg"":-0.5,""pitch_deg"":1.4,""steady"":true}"
5.625,left_hand,og,acc,129392,"{""seq"":269,""x_mg"":340,""y_mg"":-100,""z_mg"":924}"
5.625,left_hand,og,tilt,,"{""roll_deg"":-0.5,""pitch_deg"":1.3,""steady"":true}"
5.625,left_hand,og,acc,129413,"{""seq"":270,""x_mg"":324,""y_mg"":-52,""z_mg"":916}"
5.625,left_hand,og,tilt,,"{""roll_deg"":-0.4,""pitch_deg"":1.2,""steady"":true}"
5.641,left_hand,og,acc,129433,"{""seq"":271,""x_mg"":304,""y_mg"":-36,""z_mg"":932}"
5.641,left_hand,og,tilt,,"{""roll_deg"":-0.4,""pitch_deg"":1.2,""steady"":true}"
5.672,left_hand,og,acc,129454,"{""seq"":272,""x_mg"":336,""y_mg"":-180,""z_mg"":904}"
5.672,left_hand,og,tilt,,"{""roll_deg"":-0.4,""pitch_deg"":1.1,""steady"":true}"
5.703,left_hand,og,acc,129474,"{""seq"":273,""x_mg"":368,""y_mg"":-232,""z_mg"":928}"
5.703,left_hand,og,tilt,,"{""roll_deg"":-0.4,""pitch_deg"":1.1,""steady"":true}"
5.703,left_hand,og,acc,129495,"{""seq"":274,""x_mg"":376,""y_mg"":-192,""z_mg"":932}"
5.703,left_hand,og,tilt,,"{""roll_deg"":-0.9,""pitch_deg"":1.1,""steady"":true}"
5.735,left_hand,og,acc,129515,"{""seq"":275,""x_mg"":344,""y_mg"":-100,""z_mg"":936}"
5.735,left_hand,og,tilt,,"{""roll_deg"":-1.5,""pitch_deg"":1.2,""steady"":true}"
5.766,left_hand,og,acc,129536,"{""seq"":276,""x_mg"":344,""y_mg"":-64,""z_mg"":932}"
5.766,left_hand,og,tilt,,"{""roll_deg"":-1.9,""pitch_deg"":1.2,""steady"":true}"
5.766,left_hand,og,acc,129557,"{""seq"":277,""x_mg"":352,""y_mg"":-120,""z_mg"":928}"
5.766,left_hand,og,tilt,,"{""roll_deg"":-1.8,""pitch_deg"":1.2,""steady"":true}"
5.797,left_hand,og,acc,129577,"{""seq"":278,""x_mg"":364,""y_mg"":-160,""z_mg"":932}"
5.797,left_hand,og,tilt,,"{""roll_deg"":-1.8,""pitch_deg"":1.3,""steady"":true}"
5.828,left_hand,og,acc,129598,"{""seq"":279,""x_mg"":384,""y_mg"":-188,""z_mg"":928}"
5.828,left_hand,og,tilt,,"{""roll_deg"":-1.7,""pitch_deg"":1.3,""steady"":true}"
5.828,left_hand,og,acc,129618,"{""seq"":280,""x_mg"":364,""y_mg"":-128,""z_mg"":928}"
5.828,left_hand,og,tilt,,"{""roll_deg"":-1.7,""pitch_deg"":1.4,""steady"":true}"
5.844,left_hand,og,acc,129639,"{""seq"":281,""x_mg"":348,""y_mg"":-100,""z_mg"":948}"
5.844,left_hand,og,tilt,,"{""roll_deg"":-1.8,""pitch_deg"":1.5,""steady"":true}"
5.875,left_hand,og,acc,129659,"{""seq"":282,""x_mg"":352,""y_mg"":-136,""z_mg"":936}"
5.875,left_hand,og,tilt,,"{""roll_deg"":-1.8,""pitch_deg"":1.6,""steady"":true}"
5.907,left_hand,og,acc,129680,"{""seq"":283,""x_mg"":352,""y_mg"":-140,""z_mg"":932}"
5.907,left_hand,og,tilt,,"{""roll_deg"":-1.9,""pitch_deg"":1.6,""steady"":true}"
5.907,left_hand,og,acc,129701,"{""seq"":284,""x_mg"":352,""y_mg"":-76,""z_mg"":928}"
5.907,left_hand,og,tilt,,"{""roll_deg"":-1.9,""pitch_deg"":1.6,""steady"":true}"
5.938,left_hand,og,acc,129721,"{""seq"":285,""x_mg"":336,""y_mg"":-80,""z_mg"":920}"
5.938,left_hand,og,tilt,,"{""roll_deg"":-1.6,""pitch_deg"":1.6,""steady"":true}"
5.938,left_hand,og,acc,129742,"{""seq"":286,""x_mg"":348,""y_mg"":-120,""z_mg"":936}"
5.938,left_hand,og,tilt,,"{""roll_deg"":-1.6,""pitch_deg"":1.6,""steady"":true}"
5.969,left_hand,og,acc,129762,"{""seq"":287,""x_mg"":344,""y_mg"":-176,""z_mg"":932}"
5.969,left_hand,og,tilt,,"{""roll_deg"":-1.6,""pitch_deg"":1.6,""steady"":true}"
6.000,left_hand,og,acc,129783,"{""seq"":288,""x_mg"":344,""y_mg"":-188,""z_mg"":924}"
6.000,left_hand,og,tilt,,"{""roll_deg"":-1.5,""pitch_deg"":1.5,""steady"":true}"
6.000,left_hand,og,acc,129803,"{""seq"":289,""x_mg"":340,""y_mg"":-136,""z_mg"":896}"
6.000,left_hand,og,tilt,,"{""roll_deg"":-1.7,""pitch_deg"":1.5,""steady"":true}"
6.032,left_hand,og,acc,129824,"{""seq"":290,""x_mg"":352,""y_mg"":-96,""z_mg"":912}"
6.032,left_hand,og,tilt,,"{""roll_deg"":-1.8,""pitch_deg"":1.5,""steady"":true}"
6.063,left_hand,og,acc,129844,"{""seq"":291,""x_mg"":332,""y_mg"":-100,""z_mg"":928}"
6.063,left_hand,og,tilt,,"{""roll_deg"":-1.9,""pitch_deg"":1.5,""steady"":true}"
6.063,left_hand,og,acc,129865,"{""seq"":292,""x_mg"":328,""y_mg"":-144,""z_mg"":916}"
6.063,left_hand,og,tilt,,"{""roll_deg"":-2.0,""pitch_deg"":1.5,""steady"":true}"
6.110,left_hand,og,acc,129886,"{""seq"":293,""x_mg"":332,""y_mg"":-140,""z_mg"":924}"
6.110,left_hand,og,tilt,,"{""roll_deg"":-2.0,""pitch_deg"":1.4,""steady"":true}"
6.110,left_hand,og,acc,129906,"{""seq"":294,""x_mg"":344,""y_mg"":-144,""z_mg"":936}"
6.110,left_hand,og,tremor,,"{""rms_mg"":14.1,""peak_hz"":9.7}"
6.110,left_hand,og,tilt,,"{""roll_deg"":-2.1,""pitch_deg"":1.3,""steady"":true}"
6.141,left_hand,og,acc,129927,"{""seq"":295,""x_mg"":340,""y_mg"":-160,""z_mg"":932}"
6.141,left_hand,og,tilt,,"{""roll_deg"":-2.2,""pitch_deg"":1.2,""steady"":true}"
6.141,left_hand,og,acc,129947,"{""seq"":296,""x_mg"":332,""y_mg"":-128,""z_mg"":928}"
6.141,left_hand,og,tilt,,"{""roll_deg"":-2.2,""pitch_deg"":1.1,""steady"":true}"
6.172,left_hand,og,acc,129968,"{""seq"":297,""x_mg"":320,""y_mg"":-100,""z_mg"":992}"
6.172,left_hand,og,tilt,,"{""roll_deg"":-2.3,""pitch_deg"":1.1,""steady"":true}"
6.203,left_hand,og,acc,129988,"{""seq"":298,""x_mg"":328,""y_mg"":-148,""z_mg"":972}"
6.203,left_hand,og,tilt,,"{""roll_deg"":-2.3,""pitch_deg"":1.0,""steady"":true}"
6.203,left_hand,og,acc,130009,"{""seq"":299,""x_mg"":328,""y_mg"":-196,""z_mg"":920}"
6.203,left_hand,og,tilt,,"{""roll_deg"":-2.4,""pitch_deg"":1.0,""steady"":true}"
6.250,left_hand,og,acc,130030,"{""seq"":300,""x_mg"":328,""y_mg"":-164,""z_mg"":912}"
6.250,left_hand,og,tilt,,"{""roll_deg"":-2.4,""pitch_deg"":0.9,""steady"":true}"
6.266,left_hand,og,acc,130050,"{""seq"":301,""x_mg"":344,""y_mg"":-120,""z_mg"":916}"
6.266,left_hand,og,tilt,,"{""roll_deg"":-2.4,""pitch_deg"":0.9,""steady"":true}"
6.266,left_hand,og,acc,130071,"{""seq"":302,""x_mg"":328,""y_mg"":-84,""z_mg"":920}"
6.266,left_hand,og,tilt,,"{""roll_deg"":-2.5,""pitch_deg"":0.8,""steady"":true}"
6.297,left_hand,og,acc,130091,"{""seq"":303,""x_mg"":312,""y_mg"":-76,""z_mg"":936}"
6.297,left_hand,og,tilt,,"{""roll_deg"":-2.3,""pitch_deg"":0.8,""steady"":true}"
6.328,left_hand,og,acc,130112,"{""seq"":304,""x_mg"":320,""y_mg"":-152,""z_mg"":936}"
6.328,left_hand,og,tilt,,"{""roll_deg"":-2.2,""pitch_deg"":0.8,""steady"":true}"
6.360,left_hand,og,acc,130132,"{""seq"":305,""x_mg"":336,""y_mg"":-196,""z_mg"":928}"
6.360,left_hand,og,tilt,,"{""roll_deg"":-2.1,""pitch_deg"":0.7,""steady"":true}"
6.360,left_hand,og,acc,130153,"{""seq"":306,""x_mg"":340,""y_mg"":-204,""z_mg"":932}"
6.360,left_hand,og,tilt,,"{""roll_deg"":-2.3,""pitch_deg"":0.7,""steady"":true}"
6.391,left_hand,og,acc,130173,"{""seq"":307,""x_mg"":336,""y_mg"":-148,""z_mg"":932}"
6.391,left_hand,og,tilt,,"{""roll_deg"":-2.4,""pitch_deg"":0.7,""steady"":true}"
6.422,left_hand,og,acc,130194,"{""seq"":308,""x_mg"":336,""y_mg"":-128,""z_mg"":936}"
6.422,left_hand,og,tilt,,"{""roll_deg"":-2.5,""pitch_deg"":0.7,""steady"":true}"
6.422,left_hand,og,acc,130215,"{""seq"":309,""x_mg"":328,""y_mg"":-128,""z_mg"":944}"
6.422,left_hand,og,tilt,,"{""roll_deg"":-2.5,""pitch_deg"":0.7,""steady"":true}"
6.453,left_hand,og,acc,130235,"{""seq"":310,""x_mg"":340,""y_mg"":-184,""z_mg"":924}"
6.453,left_hand,og,tilt,,"{""roll_deg"":-2.6,""pitch_deg"":0.7,""steady"":true}"
6.453,left_hand,og,acc,130256,"{""seq"":311,""x_mg"":344,""y_mg"":-240,""z_mg"":932}"
6.453,left_hand,og,tilt,,"{""roll_deg"":-2.6,""pitch_deg"":0.7,""steady"":true}"
6.469,left_hand,og,acc,130276,"{""seq"":312,""x_mg"":328,""y_mg"":-224,""z_mg"":928}"
6.469,left_hand,og,tilt,,"{""roll_deg"":-3.0,""pitch_deg"":0.7,""steady"":true}"
6.500,left_hand,og,acc,130297,"{""seq"":313,""x_mg"":332,""y_mg"":-136,""z_mg"":932}"
6.500,left_hand,og,tilt,,"{""roll_deg"":-3.2,""pitch_deg"":0.7,""steady"":true}"
6.532,left_hand,og,acc,130317,"{""seq"":314,""x_mg"":324,""y_mg"":-136,""z_mg"":936}"
6.532,left_hand,og,tilt,,"{""roll_deg"":-3.5,""pitch_deg"":0.7,""steady"":true}"
6.563,left_hand,og,acc,130338,"{""seq"":315,""x_mg"":328,""y_mg"":-224,""z_mg"":924}"
6.563,left_hand,og,tilt,,"{""roll_deg"":-4.0,""pitch_deg"":0.6,""steady"":true}"
6.563,left_hand,og,acc,130359,"{""seq"":316,""x_mg"":340,""y_mg"":-264,""z_mg"":916}"
6.563,left_hand,og,tilt,,"{""roll_deg"":-4.4,""pitch_deg"":0.6,""steady"":true}"
6.594,left_hand,og,acc,130379,"{""seq"":317,""x_mg"":328,""y_mg"":-220,""z_mg"":908}"
6.594,left_hand,og,tilt,,"{""roll_deg"":-4.8,""pitch_deg"":0.6,""steady"":true}"
6.594,left_hand,og,acc,130400,"{""seq"":318,""x_mg"":328,""y_mg"":-160,""z_mg"":932}"
6.594,left_hand,og,tilt,,"{""roll_deg"":-5.1,""pitch_deg"":0.6,""steady"":true}"
6.625,left_hand,og,acc,130420,"{""seq"":319,""x_mg"":320,""y_mg"":-172,""z_mg"":920}"
6.625,left_hand,og,tilt,,"{""roll_deg"":-5.4,""pitch_deg"":0.6,""steady"":true}"
6.657,left_hand,og,acc,130441,"{""seq"":320,""x_mg"":324,""y_mg"":-184,""z_mg"":924}"
6.657,left_hand,og,tilt,,"{""roll_deg"":-5.4,""pitch_deg"":0.5,""steady"":true}"
6.657,left_hand,og,acc,130461,"{""seq"":321,""x_mg"":324,""y_mg"":-192,""z_mg"":916}"
6.657,left_hand,og,tilt,,"{""roll_deg"":-5.4,""pitch_deg"":0.5,""steady"":true}"
6.688,left_hand,og,acc,130482,"{""seq"":322,""x_mg"":324,""y_mg"":-168,""z_mg"":928}"
6.688,left_hand,og,tilt,,"{""roll_deg"":-5.3,""pitch_deg"":0.5,""steady"":true}"
6.703,left_hand,og,acc,130503,"{""seq"":323,""x_mg"":324,""y_mg"":-164,""z_mg"":912}"
6.703,left_hand,og,tilt,,"{""roll_deg"":-5.2,""pitch_deg"":0.5,""steady"":true}"
6.735,left_hand,og,acc,130523,"{""seq"":324,""x_mg"":324,""y_mg"":-180,""z_mg"":924}"
6.735,left_hand,og,tilt,,"{""roll_deg"":-5.2,""pitch_deg"":0.4,""steady"":true}"
6.766,left_hand,og,acc,130544,"{""seq"":325,""x_mg"":344,""y_mg"":-184,""z_mg"":912}"
6.766,left_hand,og,tilt,,"{""roll_deg"":-5.1,""pitch_deg"":0.4,""steady"":true}"
6.766,left_hand,og,acc,130564,"{""seq"":326,""x_mg"":336,""y_mg"":-180,""z_mg"":920}"
6.766,left_hand,og,tilt,,"{""roll_deg"":-5.1,""pitch_deg"":0.4,""steady"":true}"
6.797,left_hand,og,acc,130585,"{""seq"":327,""x_mg"":324,""y_mg"":-204,""z_mg"":916}"
6.797,left_hand,og,tilt,,"{""roll_deg"":-5.1,""pitch_deg"":0.4,""steady"":true}"
6.797,left_hand,og,acc,130605,"{""seq"":328,""x_mg"":340,""y_mg"":-192,""z_mg"":936}"
6.797,left_hand,og,tilt,,"{""roll_deg"":-5.2,""pitch_deg"":0.5,""steady"":true}"
6.828,left_hand,og,acc,130626,"{""seq"":329,""x_mg"":348,""y_mg"":-204,""z_mg"":944}"
6.828,left_hand,og,tilt,,"{""roll_deg"":-5.2,""pitch_deg"":0.5,""steady"":true}"
6.875,left_hand,og,acc,130646,"{""seq"":330,""x_mg"":336,""y_mg"":-216,""z_mg"":928}"
6.875,left_hand,og,tilt,,"{""roll_deg"":-5.3,""pitch_deg"":0.6,""steady"":true}"
6.875,left_hand,og,acc,130667,"{""seq"":331,""x_mg"":336,""y_mg"":-216,""z_mg"":932}"
6.875,left_hand,og,tilt,,"{""roll_deg"":-5.5,""pitch_deg"":0.6,""steady"":true}"
6.891,left_hand,og,acc,130688,"{""seq"":332,""x_mg"":336,""y_mg"":-200,""z_mg"":916}"
6.891,left_hand,og,tilt,,"{""roll_deg"":-5.6,""pitch_deg"":0.6,""steady"":true}"
6.922,left_hand,og,acc,130708,"{""seq"":333,""x_mg"":348,""y_mg"":-196,""z_mg"":916}"
6.922,left_hand,og,tilt,,"{""roll_deg"":-5.7,""pitch_deg"":0.7,""steady"":true}"
6.953,left_hand,og,acc,130729,"{""seq"":334,""x_mg"":328,""y_mg"":-192,""z_mg"":908}"
6.953,left_hand,og,tilt,,"{""roll_deg"":-5.7,""pitch_deg"":0.7,""steady"":true}"
6.953,left_hand,og,acc,130749,"{""seq"":335,""x_mg"":336,""y_mg"":-180,""z_mg"":900}"
6.953,left_hand,og,tilt,,"{""roll_deg"":-5.8,""pitch_deg"":0.8,""steady"":true}"
6.985,left_hand,og,acc,130770,"{""seq"":336,""x_mg"":316,""y_mg"":-176,""z_mg"":908}"
6.985,left_hand,og,tilt,,"{""roll_deg"":-5.8,""pitch_deg"":0.8,""steady"":true}"
7.016,left_hand,og,acc,130790,"{""seq"":337,""x_mg"":332,""y_mg"":-176,""z_mg"":924}"
7.016,left_hand,og,tilt,,"{""roll_deg"":-5.7,""pitch_deg"":0.8,""steady"":true}"
7.016,left_hand,og,acc,130811,"{""seq"":338,""x_mg"":344,""y_mg"":-172,""z_mg"":932}"
7.016,left_hand,og,tilt,,"{""roll_deg"":-5.6,""pitch_deg"":0.8,""steady"":true}"
7.047,left_hand,og,acc,130832,"{""seq"":339,""x_mg"":328,""y_mg"":-180,""z_mg"":932}"
7.047,left_hand,og,tilt,,"{""roll_deg"":-5.5,""pitch_deg"":0.8,""steady"":true}"
7.078,left_hand,og,acc,130852,"{""seq"":340,""x_mg"":324,""y_mg"":-176,""z_mg"":928}"
7.078,left_hand,og,tilt,,"{""roll_deg"":-5.5,""pitch_deg"":0.7,""steady"":true}"
7.078,left_hand,og,acc,130873,"{""seq"":341,""x_mg"":340,""y_mg"":-180,""z_mg"":904}"
7.078,left_hand,og,tilt,,"{""roll_deg"":-5.4,""pitch_deg"":0.7,""steady"":true}"
7.094,left_hand,og,acc,130893,"{""seq"":342,""x_mg"":328,""y_mg"":-156,""z_mg"":928}"
7.094,left_hand,og,tilt,,"{""roll_deg"":-5.3,""pitch_deg"":0.7,""steady"":true}"
7.125,left_hand,og,acc,130914,"{""seq"":343,""x_mg"":328,""y_mg"":-196,""z_mg"":940}"
7.125,left_hand,og,tilt,,"{""roll_deg"":-5.2,""pitch_deg"":0.6,""steady"":true}"
7.157,left_hand,og,acc,130934,"{""seq"":344,""x_mg"":328,""y_mg"":-212,""z_mg"":928}"
7.157,left_hand,og,tilt,,"{""roll_deg"":-5.2,""pitch_deg"":0.6,""steady"":true}"
7.157,left_hand,og,acc,130955,"{""seq"":345,""x_mg"":324,""y_mg"":-184,""z_mg"":916}"
7.157,left_hand,og,tilt,,"{""roll_deg"":-5.3,""pitch_deg"":0.6,""steady"":true}"
7.188,left_hand,og,acc,130976,"{""seq"":346,""x_mg"":324,""y_mg"":-160,""z_mg"":920}"
7.188,left_hand,og,tilt,,"{""roll_deg"":-5.3,""pitch_deg"":0.5,""steady"":true}"
7.219,left_hand,og,acc,130996,"{""seq"":347,""x_mg"":328,""y_mg"":-152,""z_mg"":924}"
7.219,left_hand,og,tilt,,"{""roll_deg"":-5.3,""pitch_deg"":0.5,""steady"":true}"
7.219,left_hand,og,acc,131017,"{""seq"":348,""x_mg"":336,""y_mg"":-164,""z_mg"":924}"
7.219,left_hand,og,tilt,,"{""roll_deg"":-5.1,""pitch_deg"":0.5,""steady"":true}"
7.250,left_hand,og,acc,131037,"{""seq"":349,""x_mg"":336,""y_mg"":-188,""z_mg"":924}"
7.250,left_hand,og,tilt,,"{""roll_deg"":-5.0,""pitch_deg"":0.5,""steady"":true}"
7.282,left_hand,og,acc,131058,"{""seq"":350,""x_mg"":320,""y_mg"":-172,""z_mg"":924}"
7.282,left_hand,og,tilt,,"{""roll_deg"":-4.9,""pitch_deg"":0.5,""steady"":true}"
7.282,left_hand,og,acc,131078,"{""seq"":351,""x_mg"":332,""y_mg"":-152,""z_mg"":920}"
7.282,left_hand,og,tilt,,"{""roll_deg"":-4.8,""pitch_deg"":0.5,""steady"":true}"
7.297,left_hand,og,acc,131099,"{""seq"":352,""x_mg"":344,""y_mg"":-152,""z_mg"":924}"
7.297,left_hand,og,tilt,,"{""roll_deg"":-4.7,""pitch_deg"":0.6,""steady"":true}"
7.328,left_hand,og,acc,131119,"{""seq"":353,""x_mg"":344,""y_mg"":-160,""z_mg"":924}"
7.328,left_hand,og,tilt,,"{""roll_deg"":-4.6,""pitch_deg"":0.6,""steady"":true}"
7.360,left_hand,og,acc,131140,"{""seq"":354,""x_mg"":332,""y_mg"":-168,""z_mg"":908}"
7.360,left_hand,og,tilt,,"{""roll_deg"":-4.5,""pitch_deg"":0.7,""steady"":true}"
7.360,left_hand,og,acc,131161,"{""seq"":355,""x_mg"":340,""y_mg"":-172,""z_mg"":916}"
7.360,left_hand,og,tilt,,"{""roll_deg"":-4.4,""pitch_deg"":0.7,""steady"":true}"
7.391,left_hand,og,acc,131181,"{""seq"":356,""x_mg"":348,""y_mg"":-164,""z_mg"":912}"
7.391,left_hand,og,tilt,,"{""roll_deg"":-4.4,""pitch_deg"":0.8,""steady"":true}"
7.422,left_hand,og,acc,131202,"{""seq"":357,""x_mg"":324,""y_mg"":-148,""z_mg"":912}"
7.422,left_hand,og,tilt,,"{""roll_deg"":-4.4,""pitch_deg"":0.9,""steady"":true}"
7.422,left_hand,og,acc,131222,"{""seq"":358,""x_mg"":332,""y_mg"":-160,""z_mg"":936}"
7.422,left_hand,og,tilt,,"{""roll_deg"":-4.3,""pitch_deg"":0.9,""steady"":true}"
7.469,left_hand,og,acc,131243,"{""seq"":359,""x_mg"":336,""y_mg"":-172,""z_mg"":932}"
7.469,left_hand,og,tilt,,"{""roll_deg"":-4.3,""pitch_deg"":0.9,""steady"":true}"
7.469,left_hand,og,acc,131263,"{""seq"":360,""x_mg"":332,""y_mg"":-160,""z_mg"":932}"
7.469,left_hand,og,tilt,,"{""roll_deg"":-4.2,""pitch_deg"":0.8,""steady"":true}"
7.500,left_hand,og,acc,131284,"{""seq"":361,""x_mg"":332,""y_mg"":-148,""z_mg"":940}"
7.500,left_hand,og,tilt,,"{""roll_deg"":-4.2,""pitch_deg"":0.8,""steady"":true}"
7.516,left_hand,og,acc,131305,"{""seq"":362,""x_mg"":328,""y_mg"":-144,""z_mg"":936}"
7.516,left_hand,og,tilt,,"{""roll_deg"":-4.1,""pitch_deg"":0.7,""steady"":true}"
7.547,left_hand,og,acc,131325,"{""seq"":363,""x_mg"":324,""y_mg"":-140,""z_mg"":940}"
7.547,left_hand,og,tilt,,"{""roll_deg"":-4.0,""pitch_deg"":0.7,""steady"":true}"
7.547,left_hand,og,acc,131346,"{""seq"":364,""x_mg"":328,""y_mg"":-168,""z_mg"":940}"
7.547,left_hand,og,tilt,,"{""roll_deg"":-3.8,""pitch_deg"":0.6,""steady"":true}"
7.578,left_hand,og,acc,131366,"{""seq"":365,""x_mg"":344,""y_mg"":-180,""z_mg"":924}"
7.578,left_hand,og,tilt,,"{""roll_deg"":-3.7,""pitch_deg"":0.6,""steady"":true}"
7.610,left_hand,og,acc,131387,"{""seq"":366,""x_mg"":336,""y_mg"":-136,""z_mg"":932}"
7.610,left_hand,og,tilt,,"{""roll_deg"":-3.6,""pitch_deg"":0.5,""steady"":true}"
7.610,left_hand,og,acc,131407,"{""seq"":367,""x_mg"":332,""y_mg"":-124,""z_mg"":928}"
7.610,left_hand,og,tilt,,"{""roll_deg"":-3.5,""pitch_deg"":0.6,""steady"":true}"
7.641,left_hand,og,acc,131428,"{""seq"":368,""x_mg"":312,""y_mg"":-164,""z_mg"":932}"
7.641,left_hand,og,tilt,,"{""roll_deg"":-3.5,""pitch_deg"":0.6,""steady"":true}"
7.672,left_hand,og,acc,131449,"{""seq"":369,""x_mg"":328,""y_mg"":-176,""z_mg"":916}"
7.672,left_hand,og,tilt,,"{""roll_deg"":-3.6,""pitch_deg"":0.6,""steady"":true}"
7.672,left_hand,og,acc,131469,"{""seq"":370,""x_mg"":336,""y_mg"":-140,""z_mg"":920}"
7.672,left_hand,og,tilt,,"{""roll_deg"":-3.5,""pitch_deg"":0.6,""steady"":true}"
7.672,,game,hold_complete,,"{""tx"":-5,""ty"":-1,""mean_dist_deg"":2.57,""tolerance"":4.0}"
7.703,left_hand,og,acc,131490,"{""seq"":371,""x_mg"":336,""y_mg"":-140,""z_mg"":924}"
7.703,left_hand,og,tilt,,"{""roll_deg"":-3.4,""pitch_deg"":0.6,""steady"":true}"
7.735,left_hand,og,acc,131510,"{""seq"":372,""x_mg"":332,""y_mg"":-144,""z_mg"":924}"
7.735,left_hand,og,tilt,,"{""roll_deg"":-3.3,""pitch_deg"":0.6,""steady"":true}"
7.735,left_hand,og,acc,131531,"{""seq"":373,""x_mg"":328,""y_mg"":-148,""z_mg"":940}"
7.735,left_hand,og,tilt,,"{""roll_deg"":-3.2,""pitch_deg"":0.6,""steady"":true}"
7.750,left_hand,og,acc,131551,"{""seq"":374,""x_mg"":324,""y_mg"":-156,""z_mg"":936}"
7.750,left_hand,og,tilt,,"{""roll_deg"":-3.2,""pitch_deg"":0.6,""steady"":true}"
7.782,left_hand,og,acc,131572,"{""seq"":375,""x_mg"":328,""y_mg"":-128,""z_mg"":956}"
7.782,left_hand,og,tilt,,"{""roll_deg"":-3.2,""pitch_deg"":0.6,""steady"":true}"
7.813,left_hand,og,acc,131592,"{""seq"":376,""x_mg"":312,""y_mg"":-132,""z_mg"":956}"
7.813,left_hand,og,tilt,,"{""roll_deg"":-3.1,""pitch_deg"":0.5,""steady"":true}"
7.813,left_hand,og,acc,131613,"{""seq"":377,""x_mg"":300,""y_mg"":-152,""z_mg"":976}"
7.813,left_hand,og,tilt,,"{""roll_deg"":-3.1,""pitch_deg"":0.4,""steady"":true}"
7.844,left_hand,og,acc,131634,"{""seq"":378,""x_mg"":320,""y_mg"":-172,""z_mg"":936}"
7.844,left_hand,og,tilt,,"{""roll_deg"":-3.1,""pitch_deg"":0.3,""steady"":true}"
7.875,left_hand,og,acc,131654,"{""seq"":379,""x_mg"":308,""y_mg"":-144,""z_mg"":932}"
7.875,left_hand,og,tilt,,"{""roll_deg"":-3.0,""pitch_deg"":0.2,""steady"":true}"
7.875,left_hand,og,acc,131675,"{""seq"":380,""x_mg"":308,""y_mg"":-132,""z_mg"":940}"
7.875,left_hand,og,tilt,,"{""roll_deg"":-3.0,""pitch_deg"":0.1,""steady"":true}"
7.907,left_hand,og,acc,131695,"{""seq"":381,""x_mg"":304,""y_mg"":-148,""z_mg"":932}"
7.907,left_hand,og,tilt,,"{""roll_deg"":-3.0,""pitch_deg"":-0.1,""steady"":true}"
7.922,left_hand,og,acc,131716,"{""seq"":382,""x_mg"":316,""y_mg"":-148,""z_mg"":932}"
7.922,left_hand,og,tilt,,"{""roll_deg"":-3.0,""pitch_deg"":-0.1,""steady"":true}"
7.922,left_hand,og,acc,131736,"{""seq"":383,""x_mg"":292,""y_mg"":-156,""z_mg"":932}"
7.922,left_hand,og,tilt,,"{""roll_deg"":-3.0,""pitch_deg"":-0.2,""steady"":true}"
7.953,left_hand,og,acc,131757,"{""seq"":384,""x_mg"":296,""y_mg"":-160,""z_mg"":928}"
7.953,left_hand,og,tilt,,"{""roll_deg"":-3.0,""pitch_deg"":-0.3,""steady"":true}"
7.985,left_hand,og,acc,131778,"{""seq"":385,""x_mg"":304,""y_mg"":-168,""z_mg"":924}"
7.985,left_hand,og,tilt,,"{""roll_deg"":-3.0,""pitch_deg"":-0.4,""steady"":true}"
8.016,left_hand,og,acc,131798,"{""seq"":386,""x_mg"":292,""y_mg"":-156,""z_mg"":916}"
8.016,left_hand,og,tilt,,"{""roll_deg"":-3.1,""pitch_deg"":-0.5,""steady"":true}"
8.016,left_hand,og,acc,131819,"{""seq"":387,""x_mg"":304,""y_mg"":-168,""z_mg"":916}"
8.016,left_hand,og,tilt,,"{""roll_deg"":-3.2,""pitch_deg"":-0.6,""steady"":true}"
8.063,left_hand,og,acc,131839,"{""seq"":388,""x_mg"":304,""y_mg"":-160,""z_mg"":920}"
8.063,left_hand,og,tilt,,"{""roll_deg"":-3.3,""pitch_deg"":-0.7,""steady"":true}"
8.094,left_hand,og,acc,131860,"{""seq"":389,""x_mg"":312,""y_mg"":-172,""z_mg"":972}"
8.094,left_hand,og,tilt,,"{""roll_deg"":-3.4,""pitch_deg"":-0.7,""steady"":true}"
8.094,left_hand,og,acc,131880,"{""seq"":390,""x_mg"":324,""y_mg"":-176,""z_mg"":956}"
8.094,left_hand,og,tilt,,"{""roll_deg"":-3.4,""pitch_deg"":-0.7,""steady"":true}"
8.125,left_hand,og,acc,131901,"{""seq"":391,""x_mg"":320,""y_mg"":-152,""z_mg"":928}"
8.125,left_hand,og,tilt,,"{""roll_deg"":-3.5,""pitch_deg"":-0.7,""steady"":true}"
8.125,left_hand,og,acc,131922,"{""seq"":392,""x_mg"":312,""y_mg"":-128,""z_mg"":928}"
8.125,left_hand,og,tremor,,"{""rms_mg"":35.5,""peak_hz"":9.1}"
8.125,left_hand,og,tilt,,"{""roll_deg"":-3.5,""pitch_deg"":-0.7,""steady"":true}"
8.141,left_hand,og,acc,131942,"{""seq"":393,""x_mg"":332,""y_mg"":-128,""z_mg"":904}"
8.141,left_hand,og,tilt,,"{""roll_deg"":-3.5,""pitch_deg"":-0.6,""steady"":true}"
8.172,left_hand,og,acc,131963,"{""seq"":394,""x_mg"":348,""y_mg"":-140,""z_mg"":916}"
8.172,left_hand,og,tilt,,"{""roll_deg"":-3.4,""pitch_deg"":-0.6,""steady"":true}"
8.203,left_hand,og,acc,131983,"{""seq"":395,""x_mg"":348,""y_mg"":-148,""z_mg"":924}"
8.203,left_hand,og,tilt,,"{""roll_deg"":-3.3,""pitch_deg"":-0.4,""steady"":true}"
8.235,left_hand,og,acc,132004,"{""seq"":396,""x_mg"":340,""y_mg"":-136,""z_mg"":932}"
8.235,left_hand,og,tilt,,"{""roll_deg"":-3.2,""pitch_deg"":-0.2,""steady"":true}"
8.235,left_hand,og,acc,132024,"{""seq"":397,""x_mg"":336,""y_mg"":-140,""z_mg"":944}"
8.235,left_hand,og,tilt,,"{""roll_deg"":-3.1,""pitch_deg"":-0.0,""steady"":true}"
8.266,left_hand,og,acc,132045,"{""seq"":398,""x_mg"":340,""y_mg"":-136,""z_mg"":944}"
8.266,left_hand,og,tilt,,"{""roll_deg"":-3.0,""pitch_deg"":0.1,""steady"":true}"
8.297,left_hand,og,acc,132066,"{""seq"":399,""x_mg"":324,""y_mg"":-148,""z_mg"":932}"
8.297,left_hand,og,tilt,,"{""roll_deg"":-2.9,""pitch_deg"":0.2,""steady"":true}"
8.297,left_hand,og,acc,132086,"{""seq"":400,""x_mg"":324,""y_mg"":-128,""z_mg"":944}"
8.297,left_hand,og,tilt,,"{""roll_deg"":-2.9,""pitch_deg"":0.2,""steady"":true}"
8.328,left_hand,og,acc,132107,"{""seq"":401,""x_mg"":316,""y_mg"":-120,""z_mg"":936}"
8.328,left_hand,og,tilt,,"{""roll_deg"":-2.8,""pitch_deg"":0.2,""steady"":true}"
8.328,left_hand,og,acc,132127,"{""seq"":402,""x_mg"":312,""y_mg"":-124,""z_mg"":936}"
8.328,left_hand,og,tilt,,"{""roll_deg"":-2.7,""pitch_deg"":0.1,""steady"":true}"
8.344,left_hand,og,acc,132148,"{""seq"":403,""x_mg"":332,""y_mg"":-128,""z_mg"":928}"
8.344,left_hand,og,tilt,,"{""roll_deg"":-2.5,""pitch_deg"":0.1,""steady"":true}"
8.375,left_hand,og,acc,132168,"{""seq"":404,""x_mg"":312,""y_mg"":-112,""z_mg"":952}"
8.375,left_hand,og,tilt,,"{""roll_deg"":-2.4,""pitch_deg"":0.0,""steady"":true}"
8.407,left_hand,og,acc,132189,"{""seq"":405,""x_mg"":312,""y_mg"":-104,""z_mg"":936}"
8.407,left_hand,og,tilt,,"{""roll_deg"":-2.3,""pitch_deg"":-0.0,""steady"":true}"
8.407,left_hand,og,acc,132209,"{""seq"":406,""x_mg"":320,""y_mg"":-108,""z_mg"":940}"
8.407,left_hand,og,tilt,,"{""roll_deg"":-2.1,""pitch_deg"":-0.1,""steady"":true}"
8.438,left_hand,og,acc,132230,"{""seq"":407,""x_mg"":320,""y_mg"":-116,""z_mg"":944}"
8.438,left_hand,og,tilt,,"{""roll_deg"":-1.9,""pitch_deg"":-0.1,""steady"":true}"
8.469,left_hand,og,acc,132251,"{""seq"":408,""x_mg"":328,""y_mg"":-124,""z_mg"":940}"
8.469,left_hand,og,tilt,,"{""roll_deg"":-1.8,""pitch_deg"":-0.2,""steady"":true}"
8.469,left_hand,og,acc,132271,"{""seq"":409,""x_mg"":316,""y_mg"":-112,""z_mg"":948}"
8.469,left_hand,og,tilt,,"{""roll_deg"":-1.6,""pitch_deg"":-0.2,""steady"":true}"
8.500,left_hand,og,acc,132292,"{""seq"":410,""x_mg"":312,""y_mg"":-108,""z_mg"":948}"
8.500,left_hand,og,tilt,,"{""roll_deg"":-1.5,""pitch_deg"":-0.2,""steady"":true}"
8.532,left_hand,og,acc,132312,"{""seq"":411,""x_mg"":324,""y_mg"":-116,""z_mg"":944}"
8.532,left_hand,og,tilt,,"{""roll_deg"":-1.5,""pitch_deg"":-0.2,""steady"":true}"
8.532,left_hand,og,acc,132333,"{""seq"":412,""x_mg"":312,""y_mg"":-96,""z_mg"":936}"
8.532,left_hand,og,tilt,,"{""roll_deg"":-1.4,""pitch_deg"":-0.3,""steady"":true}"
8.547,left_hand,og,acc,132353,"{""seq"":413,""x_mg"":320,""y_mg"":-124,""z_mg"":936}"
8.547,left_hand,og,tilt,,"{""roll_deg"":-1.3,""pitch_deg"":-0.3,""steady"":true}"
8.578,left_hand,og,acc,132374,"{""seq"":414,""x_mg"":324,""y_mg"":-136,""z_mg"":920}"
8.578,left_hand,og,tilt,,"{""roll_deg"":-1.3,""pitch_deg"":-0.3,""steady"":true}"
8.610,left_hand,og,acc,132395,"{""seq"":415,""x_mg"":332,""y_mg"":-132,""z_mg"":932}"
8.610,left_hand,og,tilt,,"{""roll_deg"":-1.3,""pitch_deg"":-0.3,""steady"":true}"
8.610,left_hand,og,acc,132415,"{""seq"":416,""x_mg"":336,""y_mg"":-112,""z_mg"":944}"
8.610,left_hand,og,tilt,,"{""roll_deg"":-1.3,""pitch_deg"":-0.2,""steady"":true}"
8.641,left_hand,og,acc,132436,"{""seq"":417,""x_mg"":324,""y_mg"":-124,""z_mg"":920}"
8.641,left_hand,og,tilt,,"{""roll_deg"":-1.4,""pitch_deg"":-0.2,""steady"":true}"
8.672,left_hand,og,acc,132456,"{""seq"":418,""x_mg"":336,""y_mg"":-116,""z_mg"":920}"
8.672,left_hand,og,tilt,,"{""roll_deg"":-1.4,""pitch_deg"":-0.1,""steady"":true}"
8.672,left_hand,og,acc,132477,"{""seq"":419,""x_mg"":344,""y_mg"":-108,""z_mg"":944}"
8.672,left_hand,og,tilt,,"{""roll_deg"":-1.4,""pitch_deg"":-0.0,""steady"":true}"
8.703,left_hand,og,acc,132497,"{""seq"":420,""x_mg"":332,""y_mg"":-116,""z_mg"":952}"
8.703,left_hand,og,tilt,,"{""roll_deg"":-1.3,""pitch_deg"":0.1,""steady"":true}"
8.750,left_hand,og,acc,132518,"{""seq"":421,""x_mg"":320,""y_mg"":-124,""z_mg"":948}"
8.750,left_hand,og,tilt,,"{""roll_deg"":-1.3,""pitch_deg"":0.1,""steady"":true}"
8.750,left_hand,og,acc,132539,"{""seq"":422,""x_mg"":332,""y_mg"":-104,""z_mg"":940}"
8.750,left_hand,og,tilt,,"{""roll_deg"":-1.3,""pitch_deg"":0.1,""steady"":true}"
8.766,left_hand,og,acc,132559,"{""seq"":423,""x_mg"":332,""y_mg"":-92,""z_mg"":940}"
8.766,left_hand,og,tilt,,"{""roll_deg"":-1.2,""pitch_deg"":0.2,""steady"":true}"
8.797,left_hand,og,acc,132580,"{""seq"":424,""x_mg"":328,""y_mg"":-84,""z_mg"":952}"
8.797,left_hand,og,tilt,,"{""roll_deg"":-1.1,""pitch_deg"":0.2,""steady"":true}"
8.828,left_hand,og,acc,132600,"{""seq"":425,""x_mg"":328,""y_mg"":-100,""z_mg"":932}"
8.828,left_hand,og,tilt,,"{""roll_deg"":-0.9,""pitch_deg"":0.2,""steady"":true}"
8.828,left_hand,og,acc,132621,"{""seq"":426,""x_mg"":332,""y_mg"":-96,""z_mg"":936}"
8.828,left_hand,og,tilt,,"{""roll_deg"":-0.8,""pitch_deg"":0.2,""steady"":true}"
8.860,left_hand,og,acc,132641,"{""seq"":427,""x_mg"":324,""y_mg"":-100,""z_mg"":932}"
8.860,left_hand,og,tilt,,"{""roll_deg"":-0.7,""pitch_deg"":0.2,""steady"":true}"
8.891,left_hand,og,acc,132662,"{""seq"":428,""x_mg"":324,""y_mg"":-100,""z_mg"":936}"
8.891,left_hand,og,tilt,,"{""roll_deg"":-0.6,""pitch_deg"":0.2,""steady"":true}"
8.891,left_hand,og,acc,132682,"{""seq"":429,""x_mg"":324,""y_mg"":-88,""z_mg"":932}"
8.891,left_hand,og,tilt,,"{""roll_deg"":-0.6,""pitch_deg"":0.2,""steady"":true}"
8.922,left_hand,og,acc,132703,"{""seq"":430,""x_mg"":324,""y_mg"":-96,""z_mg"":940}"
8.922,left_hand,og,tilt,,"{""roll_deg"":-0.5,""pitch_deg"":0.2,""steady"":true}"
8.922,left_hand,og,acc,132724,"{""seq"":431,""x_mg"":320,""y_mg"":-96,""z_mg"":936}"
8.922,left_hand,og,tilt,,"{""roll_deg"":-0.4,""pitch_deg"":0.1,""steady"":true}"
8.953,left_hand,og,acc,132744,"{""seq"":432,""x_mg"":320,""y_mg"":-76,""z_mg"":932}"
8.953,left_hand,og,tilt,,"{""roll_deg"":-0.3,""pitch_deg"":0.1,""steady"":true}"
8.969,left_hand,og,acc,132765,"{""seq"":433,""x_mg"":336,""y_mg"":-68,""z_mg"":940}"
8.969,left_hand,og,tilt,,"{""roll_deg"":-0.2,""pitch_deg"":0.1,""steady"":true}"
9.000,left_hand,og,acc,132785,"{""seq"":434,""x_mg"":340,""y_mg"":-88,""z_mg"":944}"
9.000,left_hand,og,tilt,,"{""roll_deg"":-0.1,""pitch_deg"":0.1,""steady"":true}"
9.032,left_hand,og,acc,132806,"{""seq"":435,""x_mg"":336,""y_mg"":-84,""z_mg"":928}"
9.032,left_hand,og,tilt,,"{""roll_deg"":0.0,""pitch_deg"":0.1,""steady"":true}"
9.032,left_hand,og,acc,132826,"{""seq"":436,""x_mg"":332,""y_mg"":-80,""z_mg"":920}"
9.032,left_hand,og,tilt,,"{""roll_deg"":0.1,""pitch_deg"":0.2,""steady"":true}"
9.063,left_hand,og,acc,132847,"{""seq"":437,""x_mg"":332,""y_mg"":-72,""z_mg"":948}"
9.063,left_hand,og,tilt,,"{""roll_deg"":0.2,""pitch_deg"":0.3,""steady"":true}"
9.063,left_hand,og,acc,132868,"{""seq"":438,""x_mg"":348,""y_mg"":-64,""z_mg"":936}"
9.063,left_hand,og,tilt,,"{""roll_deg"":0.3,""pitch_deg"":0.3,""steady"":true}"
9.094,left_hand,og,acc,132888,"{""seq"":439,""x_mg"":356,""y_mg"":-76,""z_mg"":940}"
9.094,left_hand,og,tilt,,"{""roll_deg"":0.5,""pitch_deg"":0.4,""steady"":true}"
9.125,left_hand,og,acc,132909,"{""seq"":440,""x_mg"":344,""y_mg"":-88,""z_mg"":936}"
9.125,left_hand,og,tilt,,"{""roll_deg"":0.6,""pitch_deg"":0.5,""steady"":true}"
9.125,left_hand,og,acc,132929,"{""seq"":441,""x_mg"":348,""y_mg"":-72,""z_mg"":944}"
9.125,left_hand,og,tilt,,"{""roll_deg"":0.7,""pitch_deg"":0.6,""steady"":true}"
9.157,left_hand,og,acc,132950,"{""seq"":442,""x_mg"":332,""y_mg"":-72,""z_mg"":940}"
9.157,left_hand,og,tilt,,"{""roll_deg"":0.8,""pitch_deg"":0.6,""steady"":true}"
9.188,left_hand,og,acc,132970,"{""seq"":443,""x_mg"":344,""y_mg"":-56,""z_mg"":944}"
9.188,left_hand,og,tilt,,"{""roll_deg"":0.9,""pitch_deg"":0.7,""steady"":true}"
9.203,left_hand,og,acc,132991,"{""seq"":444,""x_mg"":332,""y_mg"":-64,""z_mg"":948}"
9.203,left_hand,og,tilt,,"{""roll_deg"":1.0,""pitch_deg"":0.7,""steady"":true}"
9.235,left_hand,og,acc,133012,"{""seq"":445,""x_mg"":340,""y_mg"":-52,""z_mg"":940}"
9.235,left_hand,og,tilt,,"{""roll_deg"":1.1,""pitch_deg"":0.7,""steady"":true}"
9.235,left_hand,og,acc,133032,"{""seq"":446,""x_mg"":340,""y_mg"":-56,""z_mg"":940}"
9.235,left_hand,og,tilt,,"{""roll_deg"":1.3,""pitch_deg"":0.7,""steady"":true}"
9.266,left_hand,og,acc,133053,"{""seq"":447,""x_mg"":320,""y_mg"":-56,""z_mg"":956}"
9.266,left_hand,og,tilt,,"{""roll_deg"":1.5,""pitch_deg"":0.7,""steady"":true}"
9.266,left_hand,og,acc,133073,"{""seq"":448,""x_mg"":316,""y_mg"":-76,""z_mg"":952}"
9.266,left_hand,og,tilt,,"{""roll_deg"":1.6,""pitch_deg"":0.7,""steady"":true}"
9.297,left_hand,og,acc,133094,"{""seq"":449,""x_mg"":324,""y_mg"":-64,""z_mg"":948}"
9.297,left_hand,og,tilt,,"{""roll_deg"":1.7,""pitch_deg"":0.6,""steady"":true}"
9.328,left_hand,og,acc,133114,"{""seq"":450,""x_mg"":336,""y_mg"":-52,""z_mg"":944}"
9.328,left_hand,og,tilt,,"{""roll_deg"":1.8,""pitch_deg"":0.5,""steady"":true}"
9.328,left_hand,og,acc,133135,"{""seq"":451,""x_mg"":332,""y_mg"":-44,""z_mg"":936}"
9.328,left_hand,og,tilt,,"{""roll_deg"":1.9,""pitch_deg"":0.4,""steady"":true}"
9.360,left_hand,og,acc,133155,"{""seq"":452,""x_mg"":328,""y_mg"":-48,""z_mg"":948}"
9.360,left_hand,og,tilt,,"{""roll_deg"":2.1,""pitch_deg"":0.3,""steady"":true}"
9.391,left_hand,og,acc,133176,"{""seq"":453,""x_mg"":328,""y_mg"":-56,""z_mg"":940}"
9.391,left_hand,og,tilt,,"{""roll_deg"":2.1,""pitch_deg"":0.3,""steady"":true}"
9.391,left_hand,og,acc,133197,"{""seq"":454,""x_mg"":336,""y_mg"":-44,""z_mg"":924}"
9.391,left_hand,og,tilt,,"{""roll_deg"":2.3,""pitch_deg"":0.3,""steady"":true}"
9.422,left_hand,og,acc,133217,"{""seq"":455,""x_mg"":344,""y_mg"":-48,""z_mg"":916}"
9.422,left_hand,og,tilt,,"{""roll_deg"":2.4,""pitch_deg"":0.3,""steady"":true}"
9.453,left_hand,og,acc,133238,"{""seq"":456,""x_mg"":348,""y_mg"":-36,""z_mg"":940}"
9.453,left_hand,og,tilt,,"{""roll_deg"":2.5,""pitch_deg"":0.4,""steady"":true}"
9.485,left_hand,og,acc,133258,"{""seq"":457,""x_mg"":344,""y_mg"":-24,""z_mg"":932}"
9.485,left_hand,og,tilt,,"{""roll_deg"":2.6,""pitch_deg"":0.5,""steady"":true}"
9.485,left_hand,og,acc,133279,"{""seq"":458,""x_mg"":336,""y_mg"":-44,""z_mg"":940}"
9.485,left_hand,og,tilt,,"{""roll_deg"":2.7,""pitch_deg"":0.6,""steady"":true}"
9.516,left_hand,og,acc,133299,"{""seq"":459,""x_mg"":336,""y_mg"":-48,""z_mg"":932}"
9.516,left_hand,og,tilt,,"{""roll_deg"":2.7,""pitch_deg"":0.7,""steady"":true}"
9.547,left_hand,og,acc,133320,"{""seq"":460,""x_mg"":340,""y_mg"":-32,""z_mg"":944}"
9.547,left_hand,og,tilt,,"{""roll_deg"":2.9,""pitch_deg"":0.7,""steady"":true}"
9.547,left_hand,og,acc,133341,"{""seq"":461,""x_mg"":348,""y_mg"":-40,""z_mg"":952}"
9.547,left_hand,og,tilt,,"{""roll_deg"":3.0,""pitch_deg"":0.7,""steady"":true}"
9.578,left_hand,og,acc,133361,"{""seq"":462,""x_mg"":336,""y_mg"":-48,""z_mg"":940}"
9.578,left_hand,og,tilt,,"{""roll_deg"":3.0,""pitch_deg"":0.7,""steady"":true}"
9.610,left_hand,og,acc,133382,"{""seq"":463,""x_mg"":332,""y_mg"":-36,""z_mg"":944}"
9.610,left_hand,og,tilt,,"{""roll_deg"":3.1,""pitch_deg"":0.7,""steady"":true}"
9.610,left_hand,og,acc,133402,"{""seq"":464,""x_mg"":336,""y_mg"":-48,""z_mg"":936}"
9.610,left_hand,og,tilt,,"{""roll_deg"":3.1,""pitch_deg"":0.7,""steady"":true}"
9.641,left_hand,og,acc,133423,"{""seq"":465,""x_mg"":340,""y_mg"":-48,""z_mg"":936}"
9.641,left_hand,og,tilt,,"{""roll_deg"":3.1,""pitch_deg"":0.7,""steady"":true}"
9.641,left_hand,og,acc,133443,"{""seq"":466,""x_mg"":316,""y_mg"":-40,""z_mg"":944}"
9.641,left_hand,og,tilt,,"{""roll_deg"":3.1,""pitch_deg"":0.7,""steady"":true}"
9.672,left_hand,og,acc,133464,"{""seq"":467,""x_mg"":312,""y_mg"":-52,""z_mg"":940}"
9.672,left_hand,og,tilt,,"{""roll_deg"":3.1,""pitch_deg"":0.6,""steady"":true}"
9.703,left_hand,og,acc,133485,"{""seq"":468,""x_mg"":320,""y_mg"":-48,""z_mg"":944}"
9.703,left_hand,og,tilt,,"{""roll_deg"":3.1,""pitch_deg"":0.5,""steady"":true}"
9.703,left_hand,og,acc,133505,"{""seq"":469,""x_mg"":316,""y_mg"":-40,""z_mg"":924}"
9.703,left_hand,og,tilt,,"{""roll_deg"":3.1,""pitch_deg"":0.4,""steady"":true}"
9.735,left_hand,og,acc,133526,"{""seq"":470,""x_mg"":316,""y_mg"":-40,""z_mg"":936}"
9.735,left_hand,og,tilt,,"{""roll_deg"":3.2,""pitch_deg"":0.3,""steady"":true}"
9.766,left_hand,og,acc,133546,"{""seq"":471,""x_mg"":316,""y_mg"":-44,""z_mg"":944}"
9.766,left_hand,og,tilt,,"{""roll_deg"":3.2,""pitch_deg"":0.2,""steady"":true}"
9.766,left_hand,og,acc,133567,"{""seq"":472,""x_mg"":328,""y_mg"":-44,""z_mg"":944}"
9.766,left_hand,og,tilt,,"{""roll_deg"":3.2,""pitch_deg"":0.1,""steady"":true}"
9.797,left_hand,og,acc,133587,"{""seq"":473,""x_mg"":316,""y_mg"":-40,""z_mg"":936}"
9.797,left_hand,og,tilt,,"{""roll_deg"":3.3,""pitch_deg"":0.1,""steady"":true}"
9.828,left_hand,og,acc,133608,"{""seq"":474,""x_mg"":324,""y_mg"":-32,""z_mg"":948}"
9.828,left_hand,og,tilt,,"{""roll_deg"":3.3,""pitch_deg"":0.0,""steady"":true}"
9.828,left_hand,og,acc,133628,"{""seq"":475,""x_mg"":316,""y_mg"":-20,""z_mg"":964}"
9.828,left_hand,og,tilt,,"{""roll_deg"":3.3,""pitch_deg"":-0.0,""steady"":true}"
9.860,left_hand,og,acc,133649,"{""seq"":476,""x_mg"":320,""y_mg"":-32,""z_mg"":964}"
9.860,left_hand,og,tilt,,"{""roll_deg"":3.4,""pitch_deg"":-0.1,""steady"":true}"
9.860,left_hand,og,acc,133670,"{""seq"":477,""x_mg"":328,""y_mg"":-36,""z_mg"":984}"
9.860,left_hand,og,tilt,,"{""roll_deg"":3.5,""pitch_deg"":-0.2,""steady"":true}"
9.891,left_hand,og,acc,133690,"{""seq"":478,""x_mg"":332,""y_mg"":-52,""z_mg"":956}"
9.891,left_hand,og,tilt,,"{""roll_deg"":3.6,""pitch_deg"":-0.2,""steady"":true}"
9.922,left_hand,og,acc,133711,"{""seq"":479,""x_mg"":324,""y_mg"":-12,""z_mg"":952}"
9.922,left_hand,og,tilt,,"{""roll_deg"":3.6,""pitch_deg"":-0.3,""steady"":true}"
9.922,left_hand,og,acc,133731,"{""seq"":480,""x_mg"":316,""y_mg"":0,""z_mg"":940}"
9.922,left_hand,og,tilt,,"{""roll_deg"":3.7,""pitch_deg"":-0.3,""steady"":true}"
9.969,left_hand,og,acc,133752,"{""seq"":481,""x_mg"":328,""y_mg"":-36,""z_mg"":948}"
9.969,left_hand,og,tilt,,"{""roll_deg"":3.7,""pitch_deg"":-0.3,""steady"":true}"
10.000,left_hand,og,acc,133772,"{""seq"":482,""x_mg"":328,""y_mg"":-48,""z_mg"":940}"
10.000,left_hand,og,tilt,,"{""roll_deg"":3.7,""pitch_deg"":-0.3,""steady"":true}"
10.000,left_hand,og,acc,133793,"{""seq"":483,""x_mg"":328,""y_mg"":-12,""z_mg"":936}"
10.000,left_hand,og,tilt,,"{""roll_deg"":3.9,""pitch_deg"":-0.2,""steady"":true}"
10.016,left_hand,og,acc,133814,"{""seq"":484,""x_mg"":332,""y_mg"":-12,""z_mg"":944}"
10.016,left_hand,og,tilt,,"{""roll_deg"":4.1,""pitch_deg"":-0.2,""steady"":true}"
10.047,left_hand,og,acc,133834,"{""seq"":485,""x_mg"":332,""y_mg"":-44,""z_mg"":936}"
10.047,left_hand,og,tilt,,"{""roll_deg"":4.1,""pitch_deg"":-0.1,""steady"":true}"
10.078,left_hand,og,acc,133855,"{""seq"":486,""x_mg"":320,""y_mg"":-48,""z_mg"":948}"
10.078,left_hand,og,tilt,,"{""roll_deg"":4.0,""pitch_deg"":-0.1,""steady"":true}"
10.078,left_hand,og,acc,133875,"{""seq"":487,""x_mg"":316,""y_mg"":-24,""z_mg"":952}"
10.078,left_hand,og,tilt,,"{""roll_deg"":4.0,""pitch_deg"":-0.1,""steady"":true}"
10.110,left_hand,og,acc,133896,"{""seq"":488,""x_mg"":312,""y_mg"":-12,""z_mg"":948}"
10.110,left_hand,og,tilt,,"{""roll_deg"":4.1,""pitch_deg"":-0.1,""steady"":true}"
10.141,left_hand,og,acc,133916,"{""seq"":489,""x_mg"":304,""y_mg"":4,""z_mg"":932}"
10.141,left_hand,og,tilt,,"{""roll_deg"":4.2,""pitch_deg"":-0.2,""steady"":true}"
10.141,left_hand,og,acc,133937,"{""seq"":490,""x_mg"":308,""y_mg"":4,""z_mg"":936}"
10.141,left_hand,og,tremor,,"{""rms_mg"":19.5,""peak_hz"":8.9}"
10.141,left_hand,og,tilt,,"{""roll_deg"":4.3,""pitch_deg"":-0.3,""steady"":true}"
10.172,left_hand,og,acc,133958,"{""seq"":491,""x_mg"":316,""y_mg"":-28,""z_mg"":944}"
10.172,left_hand,og,tilt,,"{""roll_deg"":4.4,""pitch_deg"":-0.3,""steady"":true}"
10.203,left_hand,og,acc,133978,"{""seq"":492,""x_mg"":324,""y_mg"":-28,""z_mg"":948}"
10.203,left_hand,og,tilt,,"{""roll_deg"":4.5,""pitch_deg"":-0.4,""steady"":true}"
10.203,left_hand,og,acc,133999,"{""seq"":493,""x_mg"":312,""y_mg"":8,""z_mg"":940}"
10.203,left_hand,og,tilt,,"{""roll_deg"":4.7,""pitch_deg"":-0.4,""steady"":true}"
10.219,left_hand,og,acc,134019,"{""seq"":494,""x_mg"":320,""y_mg"":4,""z_mg"":948}"
10.219,left_hand,og,tilt,,"{""roll_deg"":4.9,""pitch_deg"":-0.5,""steady"":true}"
10.250,left_hand,og,acc,134040,"{""seq"":495,""x_mg"":320,""y_mg"":-20,""z_mg"":944}"
10.250,left_hand,og,tilt,,"{""roll_deg"":4.9,""pitch_deg"":-0.4,""steady"":true}"
10.282,left_hand,og,acc,134060,"{""seq"":496,""x_mg"":320,""y_mg"":-16,""z_mg"":956}"
10.282,left_hand,og,tilt,,"{""roll_deg"":4.9,""pitch_deg"":-0.4,""steady"":true}"
10.282,left_hand,og,acc,134081,"{""seq"":497,""x_mg"":324,""y_mg"":-4,""z_mg"":952}"
10.282,left_hand,og,tilt,,"{""roll_deg"":5.0,""pitch_deg"":-0.4,""steady"":true}"
10.313,left_hand,og,acc,134102,"{""seq"":498,""x_mg"":324,""y_mg"":-12,""z_mg"":944}"
10.313,left_hand,og,tilt,,"{""roll_deg"":5.1,""pitch_deg"":-0.4,""steady"":true}"
10.344,left_hand,og,acc,134122,"{""seq"":499,""x_mg"":324,""y_mg"":4,""z_mg"":940}"
10.344,left_hand,og,tilt,,"{""roll_deg"":5.1,""pitch_deg"":-0.4,""steady"":true}"
10.344,left_hand,og,acc,134143,"{""seq"":500,""x_mg"":328,""y_mg"":-16,""z_mg"":952}"
10.344,left_hand,og,tilt,,"{""roll_deg"":5.1,""pitch_deg"":-0.4,""steady"":true}"
10.375,left_hand,og,acc,134163,"{""seq"":501,""x_mg"":324,""y_mg"":-8,""z_mg"":956}"
10.375,left_hand,og,tilt,,"{""roll_deg"":5.2,""pitch_deg"":-0.4,""steady"":true}"
10.407,left_hand,og,acc,134184,"{""seq"":502,""x_mg"":308,""y_mg"":-8,""z_mg"":948}"
10.407,left_hand,og,tilt,,"{""roll_deg"":5.2,""pitch_deg"":-0.3,""steady"":true}"
10.407,left_hand,og,acc,134204,"{""seq"":503,""x_mg"":316,""y_mg"":-4,""z_mg"":948}"
10.407,left_hand,og,tilt,,"{""roll_deg"":5.2,""pitch_deg"":-0.3,""steady"":true}"
10.422,left_hand,og,acc,134225,"{""seq"":504,""x_mg"":320,""y_mg"":4,""z_mg"":944}"
10.422,left_hand,og,tilt,,"{""roll_deg"":5.3,""pitch_deg"":-0.3,""steady"":true}"
10.453,left_hand,og,acc,134245,"{""seq"":505,""x_mg"":312,""y_mg"":0,""z_mg"":952}"
10.453,left_hand,og,tilt,,"{""roll_deg"":5.3,""pitch_deg"":-0.4,""steady"":true}"
10.485,left_hand,og,acc,134266,"{""seq"":506,""x_mg"":316,""y_mg"":4,""z_mg"":956}"
10.485,left_hand,og,tilt,,"{""roll_deg"":5.4,""pitch_deg"":-0.4,""steady"":true}"
10.485,left_hand,og,acc,134287,"{""seq"":507,""x_mg"":312,""y_mg"":-8,""z_mg"":944}"
10.485,left_hand,og,tilt,,"{""roll_deg"":5.5,""pitch_deg"":-0.5,""steady"":true}"
10.516,left_hand,og,acc,134307,"{""seq"":508,""x_mg"":324,""y_mg"":12,""z_mg"":940}"
10.516,left_hand,og,tilt,,"{""roll_deg"":5.6,""pitch_deg"":-0.5,""steady"":true}"
10.547,left_hand,og,acc,134328,"{""seq"":509,""x_mg"":328,""y_mg"":0,""z_mg"":944}"
10.547,left_hand,og,tilt,,"{""roll_deg"":5.6,""pitch_deg"":-0.5,""steady"":true}"
10.547,left_hand,og,acc,134348,"{""seq"":510,""x_mg"":316,""y_mg"":-12,""z_mg"":940}"
10.547,left_hand,og,tilt,,"{""roll_deg"":5.7,""pitch_deg"":-0.5,""steady"":true}"
10.578,left_hand,og,acc,134369,"{""seq"":511,""x_mg"":324,""y_mg"":-12,""z_mg"":936}"
10.578,left_hand,og,tilt,,"{""roll_deg"":5.7,""pitch_deg"":-0.5,""steady"":true}"
10.610,left_hand,og,acc,134389,"{""seq"":512,""x_mg"":308,""y_mg"":8,""z_mg"":944}"
10.610,left_hand,og,tilt,,"{""roll_deg"":5.7,""pitch_deg"":-0.4,""steady"":true}"
10.610,left_hand,og,acc,134410,"{""seq"":513,""x_mg"":316,""y_mg"":-8,""z_mg"":936}"
10.610,left_hand,og,tilt,,"{""roll_deg"":5.7,""pitch_deg"":-0.4,""steady"":true}"
10.641,left_hand,og,acc,134431,"{""seq"":514,""x_mg"":312,""y_mg"":-28,""z_mg"":948}"
10.641,left_hand,og,tilt,,"{""roll_deg"":5.6,""pitch_deg"":-0.4,""steady"":true}"
10.657,left_hand,og,acc,134451,"{""seq"":515,""x_mg"":300,""y_mg"":-4,""z_mg"":948}"
10.657,left_hand,og,tilt,,"{""roll_deg"":5.6,""pitch_deg"":-0.5,""steady"":true}"
10.703,left_hand,og,acc,134472,"{""seq"":516,""x_mg"":304,""y_mg"":8,""z_mg"":948}"
10.703,left_hand,og,tilt,,"{""roll_deg"":5.6,""pitch_deg"":-0.6,""steady"":true}"
10.703,left_hand,og,acc,134492,"{""seq"":517,""x_mg"":304,""y_mg"":0,""z_mg"":944}"
10.703,left_hand,og,tilt,,"{""roll_deg"":5.7,""pitch_deg"":-0.6,""steady"":true}"
10.735,left_hand,og,acc,134513,"{""seq"":518,""x_mg"":316,""y_mg"":-4,""z_mg"":940}"
10.735,left_hand,og,tilt,,"{""roll_deg"":5.7,""pitch_deg"":-0.7,""steady"":true}"
10.766,left_hand,og,acc,134533,"{""seq"":519,""x_mg"":300,""y_mg"":-4,""z_mg"":940}"
10.766,left_hand,og,tilt,,"{""roll_deg"":5.7,""pitch_deg"":-0.8,""steady"":true}"
10.766,left_hand,og,acc,134554,"{""seq"":520,""x_mg"":308,""y_mg"":-4,""z_mg"":936}"
10.766,left_hand,og,tilt,,"{""roll_deg"":5.7,""pitch_deg"":-0.8,""steady"":true}"
10.797,left_hand,og,acc,134574,"{""seq"":521,""x_mg"":312,""y_mg"":8,""z_mg"":940}"
10.797,left_hand,og,tilt,,"{""roll_deg"":5.7,""pitch_deg"":-0.8,""steady"":true}"
10.797,left_hand,og,acc,134595,"{""seq"":522,""x_mg"":300,""y_mg"":0,""z_mg"":944}"
10.797,left_hand,og,tilt,,"{""roll_deg"":5.7,""pitch_deg"":-0.8,""steady"":true}"
10.828,,game,hold_complete,,"{""tx"":3,""ty"":-1,""mean_dist_deg"":2.16,""tolerance"":3.0}"
10.828,left_hand,og,acc,134616,"{""seq"":523,""x_mg"":308,""y_mg"":-4,""z_mg"":944}"
10.828,left_hand,og,tilt,,"{""roll_deg"":5.7,""pitch_deg"":-0.9,""steady"":true}"
10.844,left_hand,og,acc,134636,"{""seq"":524,""x_mg"":300,""y_mg"":0,""z_mg"":960}"
10.844,left_hand,og,tilt,,"{""roll_deg"":5.8,""pitch_deg"":-0.9,""steady"":true}"
10.875,left_hand,og,acc,134657,"{""seq"":525,""x_mg"":308,""y_mg"":-8,""z_mg"":944}"
10.875,left_hand,og,tilt,,"{""roll_deg"":5.8,""pitch_deg"":-0.9,""steady"":true}"
10.907,left_hand,og,acc,134677,"{""seq"":526,""x_mg"":308,""y_mg"":-8,""z_mg"":948}"
10.907,left_hand,og,tilt,,"{""roll_deg"":5.8,""pitch_deg"":-0.9,""steady"":true}"
10.907,left_hand,og,acc,134698,"{""seq"":527,""x_mg"":304,""y_mg"":4,""z_mg"":944}"
10.907,left_hand,og,tilt,,"{""roll_deg"":5.8,""pitch_deg"":-0.9,""steady"":true}"
10.938,left_hand,og,acc,134718,"{""seq"":528,""x_mg"":300,""y_mg"":24,""z_mg"":932}"
10.938,left_hand,og,tilt,,"{""roll_deg"":5.8,""pitch_deg"":-1.0,""steady"":true}"
10.938,left_hand,og,acc,134739,"{""seq"":529,""x_mg"":308,""y_mg"":12,""z_mg"":940}"
10.938,left_hand,og,tilt,,"{""roll_deg"":5.9,""pitch_deg"":-1.0,""steady"":true}"
10.969,left_hand,og,acc,134760,"{""seq"":530,""x_mg"":304,""y_mg"":-12,""z_mg"":948}"
10.969,left_hand,og,tilt,,"{""roll_deg"":5.9,""pitch_deg"":-1.0,""steady"":true}"
11.000,left_hand,og,acc,134780,"{""seq"":531,""x_mg"":316,""y_mg"":-12,""z_mg"":948}"
11.000,left_hand,og,tilt,,"{""roll_deg"":6.0,""pitch_deg"":-1.0,""steady"":true}"
11.000,left_hand,og,acc,134801,"{""seq"":532,""x_mg"":308,""y_mg"":-16,""z_mg"":948}"
11.000,left_hand,og,tilt,,"{""roll_deg"":5.9,""pitch_deg"":-1.0,""steady"":true}"
11.032,left_hand,og,acc,134821,"{""seq"":533,""x_mg"":304,""y_mg"":4,""z_mg"":948}"
11.032,left_hand,og,tilt,,"{""roll_deg"":5.8,""pitch_deg"":-1.1,""steady"":true}"
11.047,left_hand,og,acc,134842,"{""seq"":534,""x_mg"":296,""y_mg"":8,""z_mg"":948}"
11.047,left_hand,og,tilt,,"{""roll_deg"":5.7,""pitch_deg"":-1.1,""steady"":true}"
11.047,left_hand,og,acc,134862,"{""seq"":535,""x_mg"":292,""y_mg"":-8,""z_mg"":948}"
11.047,left_hand,og,tilt,,"{""roll_deg"":5.7,""pitch_deg"":-1.1,""steady"":true}"
11.094,left_hand,og,acc,134883,"{""seq"":536,""x_mg"":284,""y_mg"":-20,""z_mg"":956}"
11.094,left_hand,og,tilt,,"{""roll_deg"":5.7,""pitch_deg"":-1.2,""steady"":true}"
11.125,left_hand,og,acc,134904,"{""seq"":537,""x_mg"":292,""y_mg"":8,""z_mg"":952}"
11.125,left_hand,og,tilt,,"{""roll_deg"":5.8,""pitch_deg"":-1.3,""steady"":true}"
11.125,left_hand,og,acc,134924,"{""seq"":538,""x_mg"":304,""y_mg"":12,""z_mg"":972}"
11.125,left_hand,og,tilt,,"{""roll_deg"":5.9,""pitch_deg"":-1.4,""steady"":true}"
11.157,left_hand,og,acc,134945,"{""seq"":539,""x_mg"":304,""y_mg"":-4,""z_mg"":940}"
11.157,left_hand,og,tilt,,"{""roll_deg"":5.8,""pitch_deg"":-1.4,""steady"":true}"
11.157,left_hand,og,acc,134965,"{""seq"":540,""x_mg"":312,""y_mg"":4,""z_mg"":944}"
11.157,left_hand,og,tilt,,"{""roll_deg"":5.9,""pitch_deg"":-1.5,""steady"":true}"
11.188,left_hand,og,acc,134986,"{""seq"":541,""x_mg"":308,""y_mg"":4,""z_mg"":964}"
11.188,left_hand,og,tilt,,"{""roll_deg"":5.9,""pitch_deg"":-1.5,""steady"":true}"
11.219,left_hand,og,acc,135006,"{""seq"":542,""x_mg"":312,""y_mg"":4,""z_mg"":964}"
11.219,left_hand,og,tilt,,"{""roll_deg"":6.0,""pitch_deg"":-1.4,""steady"":true}"
11.219,left_hand,og,acc,135027,"{""seq"":543,""x_mg"":316,""y_mg"":8,""z_mg"":936}"
11.219,left_hand,og,tilt,,"{""roll_deg"":6.0,""pitch_deg"":-1.4,""steady"":true}"
11.250,left_hand,og,acc,135048,"{""seq"":544,""x_mg"":312,""y_mg"":16,""z_mg"":940}"
11.250,left_hand,og,tilt,,"{""roll_deg"":6.0,""pitch_deg"":-1.3,""steady"":true}"
11.297,left_hand,og,acc,135068,"{""seq"":545,""x_mg"":308,""y_mg"":12,""z_mg"":936}"
11.297,left_hand,og,tilt,,"{""roll_deg"":6.1,""pitch_deg"":-1.3,""steady"":true}"
11.297,left_hand,og,acc,135089,"{""seq"":546,""x_mg"":316,""y_mg"":-4,""z_mg"":960}"
11.297,left_hand,og,tilt,,"{""roll_deg"":6.1,""pitch_deg"":-1.2,""steady"":true}"
11.313,left_hand,og,acc,135109,"{""seq"":547,""x_mg"":316,""y_mg"":-24,""z_mg"":948}"
11.313,left_hand,og,tilt,,"{""roll_deg"":6.2,""pitch_deg"":-1.2,""steady"":true}"
11.360,left_hand,og,acc,135130,"{""seq"":548,""x_mg"":300,""y_mg"":-12,""z_mg"":936}"
11.360,left_hand,og,tilt,,"{""roll_deg"":6.1,""pitch_deg"":-1.1,""steady"":true}"
11.360,left_hand,og,acc,135150,"{""seq"":549,""x_mg"":312,""y_mg"":8,""z_mg"":932}"
11.360,left_hand,og,tilt,,"{""roll_deg"":6.1,""pitch_deg"":-1.1,""steady"":true}"
11.391,left_hand,og,acc,135171,"{""seq"":550,""x_mg"":300,""y_mg"":0,""z_mg"":960}"
11.391,left_hand,og,tilt,,"{""roll_deg"":6.1,""pitch_deg"":-1.1,""steady"":true}"
11.422,left_hand,og,acc,135191,"{""seq"":551,""x_mg"":308,""y_mg"":-24,""z_mg"":964}"
11.422,left_hand,og,tilt,,"{""roll_deg"":6.0,""pitch_deg"":-1.1,""steady"":true}"
11.422,left_hand,og,acc,135212,"{""seq"":552,""x_mg"":316,""y_mg"":-8,""z_mg"":956}"
11.422,left_hand,og,tilt,,"{""roll_deg"":5.9,""pitch_deg"":-1.1,""steady"":true}"
11.453,left_hand,og,acc,135233,"{""seq"":553,""x_mg"":312,""y_mg"":-8,""z_mg"":944}"
11.453,left_hand,og,tilt,,"{""roll_deg"":5.9,""pitch_deg"":-1.1,""steady"":true}"
11.469,left_hand,og,acc,135253,"{""seq"":554,""x_mg"":308,""y_mg"":-12,""z_mg"":952}"
11.469,left_hand,og,tilt,,"{""roll_deg"":5.8,""pitch_deg"":-1.1,""steady"":true}"
11.469,left_hand,og,acc,135274,"{""seq"":555,""x_mg"":312,""y_mg"":-16,""z_mg"":956}"
11.469,left_hand,og,tilt,,"{""roll_deg"":5.8,""pitch_deg"":-1.1,""steady"":true}"
11.500,left_hand,og,acc,135294,"{""seq"":556,""x_mg"":296,""y_mg"":-20,""z_mg"":968}"
11.500,left_hand,og,tilt,,"{""roll_deg"":5.7,""pitch_deg"":-1.1,""steady"":true}"
11.532,left_hand,og,acc,135315,"{""seq"":557,""x_mg"":300,""y_mg"":-12,""z_mg"":960}"
11.532,left_hand,og,tilt,,"{""roll_deg"":5.7,""pitch_deg"":-1.1,""steady"":true}"
11.563,left_hand,og,acc,135335,"{""seq"":558,""x_mg"":324,""y_mg"":0,""z_mg"":960}"
11.563,left_hand,og,tilt,,"{""roll_deg"":5.6,""pitch_deg"":-1.1,""steady"":true}"
11.563,left_hand,og,acc,135356,"{""seq"":559,""x_mg"":304,""y_mg"":-12,""z_mg"":956}"
11.563,left_hand,og,tilt,,"{""roll_deg"":5.6,""pitch_deg"":-1.1,""steady"":true}"
11.594,left_hand,og,acc,135377,"{""seq"":560,""x_mg"":296,""y_mg"":-28,""z_mg"":956}"
11.594,left_hand,og,tilt,,"{""roll_deg"":5.5,""pitch_deg"":-1.2,""steady"":true}"
11.625,left_hand,og,acc,135397,"{""seq"":561,""x_mg"":308,""y_mg"":-56,""z_mg"":964}"
11.625,left_hand,og,tilt,,"{""roll_deg"":5.5,""pitch_deg"":-1.2,""steady"":true}"
11.625,left_hand,og,acc,135418,"{""seq"":562,""x_mg"":304,""y_mg"":-48,""z_mg"":952}"
11.625,left_hand,og,tilt,,"{""roll_deg"":5.4,""pitch_deg"":-1.3,""steady"":true}"
11.657,left_hand,og,acc,135438,"{""seq"":563,""x_mg"":304,""y_mg"":-24,""z_mg"":936}"
11.657,left_hand,og,tilt,,"{""roll_deg"":5.3,""pitch_deg"":-1.3,""steady"":true}"
11.672,left_hand,og,acc,135459,"{""seq"":564,""x_mg"":292,""y_mg"":-28,""z_mg"":936}"
11.672,left_hand,og,tilt,,"{""roll_deg"":5.1,""pitch_deg"":-1.3,""steady"":true}"
11.672,left_hand,og,acc,135479,"{""seq"":565,""x_mg"":304,""y_mg"":-28,""z_mg"":940}"
11.672,left_hand,og,tilt,,"{""roll_deg"":5.0,""pitch_deg"":-1.3,""steady"":true}"
11.703,left_hand,og,acc,135500,"{""seq"":566,""x_mg"":292,""y_mg"":-44,""z_mg"":944}"
11.703,left_hand,og,tilt,,"{""roll_deg"":5.0,""pitch_deg"":-1.3,""steady"":true}"
11.735,left_hand,og,acc,135521,"{""seq"":567,""x_mg"":300,""y_mg"":-44,""z_mg"":928}"
11.735,left_hand,og,tilt,,"{""roll_deg"":4.9,""pitch_deg"":-1.3,""steady"":true}"
11.766,left_hand,og,acc,135541,"{""seq"":568,""x_mg"":292,""y_mg"":-52,""z_mg"":936}"
11.766,left_hand,og,tilt,,"{""roll_deg"":4.7,""pitch_deg"":-1.3,""steady"":true}"
11.766,left_hand,og,acc,135562,"{""seq"":569,""x_mg"":300,""y_mg"":-52,""z_mg"":952}"
11.766,left_hand,og,tilt,,"{""roll_deg"":4.5,""pitch_deg"":-1.4,""steady"":true}"
11.797,left_hand,og,acc,135582,"{""seq"":570,""x_mg"":312,""y_mg"":-64,""z_mg"":940}"
11.797,left_hand,og,tilt,,"{""roll_deg"":4.3,""pitch_deg"":-1.4,""steady"":true}"
11.828,left_hand,og,acc,135603,"{""seq"":571,""x_mg"":320,""y_mg"":-44,""z_mg"":948}"
11.828,left_hand,og,tilt,,"{""roll_deg"":4.2,""pitch_deg"":-1.4,""steady"":true}"
11.828,left_hand,og,acc,135623,"{""seq"":572,""x_mg"":312,""y_mg"":-36,""z_mg"":956}"
11.828,left_hand,og,tilt,,"{""roll_deg"":4.0,""pitch_deg"":-1.3,""steady"":true}"
11.860,left_hand,og,acc,135644,"{""seq"":573,""x_mg"":316,""y_mg"":-52,""z_mg"":952}"
11.860,left_hand,og,tilt,,"{""roll_deg"":3.9,""pitch_deg"":-1.3,""steady"":true}"
11.860,left_hand,og,acc,135665,"{""seq"":574,""x_mg"":312,""y_mg"":-72,""z_mg"":956}"
11.860,left_hand,og,tilt,,"{""roll_deg"":3.8,""pitch_deg"":-1.2,""steady"":true}"
11.875,left_hand,og,acc,135685,"{""seq"":575,""x_mg"":312,""y_mg"":-64,""z_mg"":968}"
11.875,left_hand,og,tilt,,"{""roll_deg"":3.7,""pitch_deg"":-1.2,""steady"":true}"
11.907,left_hand,og,acc,135706,"{""seq"":576,""x_mg"":320,""y_mg"":-64,""z_mg"":964}"
11.907,left_hand,og,tilt,,"{""roll_deg"":3.5,""pitch_deg"":-1.2,""steady"":true}"
11.938,left_hand,og,acc,135726,"{""seq"":577,""x_mg"":316,""y_mg"":-68,""z_mg"":956}"
11.938,left_hand,og,tilt,,"{""roll_deg"":3.3,""pitch_deg"":-1.1,""steady"":true}"
11.969,left_hand,og,acc,135747,"{""seq"":578,""x_mg"":308,""y_mg"":-64,""z_mg"":960}"
11.969,left_hand,og,tilt,,"{""roll_deg"":3.2,""pitch_deg"":-1.1,""steady"":true}"
11.969,left_hand,og,acc,135767,"{""seq"":579,""x_mg"":316,""y_mg"":-68,""z_mg"":952}"
11.969,left_hand,og,tilt,,"{""roll_deg"":3.1,""pitch_deg"":-1.1,""steady"":true}"
12.000,left_hand,og,acc,135788,"{""seq"":580,""x_mg"":324,""y_mg"":-68,""z_mg"":956}"
12.000,left_hand,og,tilt,,"{""roll_deg"":2.9,""pitch_deg"":-1.0,""steady"":true}"
12.000,left_hand,og,acc,135808,"{""seq"":581,""x_mg"":320,""y_mg"":-64,""z_mg"":956}"
12.000,left_hand,og,tilt,,"{""roll_deg"":2.8,""pitch_deg"":-1.0,""steady"":true}"
12.032,left_hand,og,acc,135829,"{""seq"":582,""x_mg"":308,""y_mg"":-60,""z_mg"":968}"
12.032,left_hand,og,tilt,,"{""roll_deg"":2.7,""pitch_deg"":-1.0,""steady"":true}"
12.063,left_hand,og,acc,135850,"{""seq"":583,""x_mg"":296,""y_mg"":-68,""z_mg"":952}"
12.063,left_hand,og,tilt,,"{""roll_deg"":2.7,""pitch_deg"":-0.9,""steady"":true}"
12.063,left_hand,og,acc,135870,"{""seq"":584,""x_mg"":308,""y_mg"":-80,""z_mg"":952}"
12.063,left_hand,og,tilt,,"{""roll_deg"":2.6,""pitch_deg"":-1.0,""steady"":true}"
12.094,left_hand,og,acc,135891,"{""seq"":585,""x_mg"":304,""y_mg"":-92,""z_mg"":944}"
12.094,left_hand,og,tilt,,"{""roll_deg"":2.5,""pitch_deg"":-1.0,""steady"":true}"
12.125,left_hand,og,acc,135911,"{""seq"":586,""x_mg"":308,""y_mg"":-84,""z_mg"":940}"
12.125,left_hand,og,tilt,,"{""roll_deg"":2.3,""pitch_deg"":-1.0,""steady"":true}"
12.157,left_hand,og,acc,135932,"{""seq"":587,""x_mg"":316,""y_mg"":-88,""z_mg"":940}"
12.157,left_hand,og,tilt,,"{""roll_deg"":2.2,""pitch_deg"":-1.0,""steady"":true}"
12.157,left_hand,og,acc,135952,"{""seq"":588,""x_mg"":300,""y_mg"":-96,""z_mg"":936}"
12.157,left_hand,og,tremor,,"{""rms_mg"":11.0,""peak_hz"":10.4}"
12.157,left_hand,og,tilt,,"{""roll_deg"":2.0,""pitch_deg"":-1.0,""steady"":true}"
12.188,left_hand,og,acc,135973,"{""seq"":589,""x_mg"":304,""y_mg"":-88,""z_mg"":936}"
12.188,left_hand,og,tilt,,"{""roll_deg"":1.8,""pitch_deg"":-1.1,""steady"":true}"
12.219,left_hand,og,acc,135994,"{""seq"":590,""x_mg"":304,""y_mg"":-72,""z_mg"":932}"
12.219,left_hand,og,tilt,,"{""roll_deg"":1.7,""pitch_deg"":-1.0,""steady"":true}"
12.219,left_hand,og,acc,136014,"{""seq"":591,""x_mg"":312,""y_mg"":-92,""z_mg"":936}"
12.219,left_hand,og,tilt,,"{""roll_deg"":1.6,""pitch_deg"":-1.0,""steady"":true}"
12.250,left_hand,og,acc,136035,"{""seq"":592,""x_mg"":316,""y_mg"":-104,""z_mg"":944}"
12.250,left_hand,og,tilt,,"{""roll_deg"":1.4,""pitch_deg"":-1.0,""steady"":true}"
12.282,left_hand,og,acc,136055,"{""seq"":593,""x_mg"":312,""y_mg"":-100,""z_mg"":944}"
12.282,left_hand,og,tilt,,"{""roll_deg"":1.3,""pitch_deg"":-1.0,""steady"":true}"
12.282,left_hand,og,acc,136076,"{""seq"":594,""x_mg"":328,""y_mg"":-96,""z_mg"":952}"
12.282,left_hand,og,tilt,,"{""roll_deg"":1.2,""pitch_deg"":-1.0,""steady"":true}"
12.297,left_hand,og,acc,136096,"{""seq"":595,""x_mg"":328,""y_mg"":-92,""z_mg"":960}"
12.297,left_hand,og,tilt,,"{""roll_deg"":1.1,""pitch_deg"":-0.9,""steady"":true}"
12.328,left_hand,og,acc,136117,"{""seq"":596,""x_mg"":332,""y_mg"":-116,""z_mg"":952}"
12.328,left_hand,og,tilt,,"{""roll_deg"":0.9,""pitch_deg"":-0.8,""steady"":true}"
12.360,left_hand,og,acc,136138,"{""seq"":597,""x_mg"":332,""y_mg"":-124,""z_mg"":952}"
12.360,left_hand,og,tilt,,"{""roll_deg"":0.8,""pitch_deg"":-0.7,""steady"":true}"
12.360,left_hand,og,acc,136158,"{""seq"":598,""x_mg"":332,""y_mg"":-128,""z_mg"":940}"
12.360,left_hand,og,tilt,,"{""roll_deg"":0.6,""pitch_deg"":-0.6,""steady"":true}"
12.391,left_hand,og,acc,136179,"{""seq"":599,""x_mg"":336,""y_mg"":-120,""z_mg"":944}"
12.391,left_hand,og,tilt,,"{""roll_deg"":0.4,""pitch_deg"":-0.5,""steady"":true}"
12.422,left_hand,og,acc,136199,"{""seq"":600,""x_mg"":348,""y_mg"":-156,""z_mg"":932}"
12.422,left_hand,og,tilt,,"{""roll_deg"":0.2,""pitch_deg"":-0.4,""steady"":true}"
12.422,left_hand,og,acc,136220,"{""seq"":601,""x_mg"":352,""y_mg"":-152,""z_mg"":924}"
12.422,left_hand,og,tilt,,"{""roll_deg"":-0.1,""pitch_deg"":-0.3,""steady"":true}"
12.453,left_hand,og,acc,136240,"{""seq"":602,""x_mg"":348,""y_mg"":-148,""z_mg"":932}"
12.453,left_hand,og,tilt,,"{""roll_deg"":-0.4,""pitch_deg"":-0.1,""steady"":true}"
12.453,left_hand,og,acc,136261,"{""seq"":603,""x_mg"":360,""y_mg"":-144,""z_mg"":936}"
12.453,left_hand,og,tilt,,"{""roll_deg"":-0.7,""pitch_deg"":0.1,""steady"":true}"
12.485,left_hand,og,acc,136281,"{""seq"":604,""x_mg"":352,""y_mg"":-132,""z_mg"":924}"
12.485,left_hand,og,tilt,,"{""roll_deg"":-1.0,""pitch_deg"":0.3,""steady"":true}"
12.500,left_hand,og,acc,136302,"{""seq"":605,""x_mg"":348,""y_mg"":-128,""z_mg"":920}"
12.500,left_hand,og,tilt,,"{""roll_deg"":-1.2,""pitch_deg"":0.4,""steady"":true}"
12.532,left_hand,og,acc,136323,"{""seq"":606,""x_mg"":344,""y_mg"":-116,""z_mg"":928}"
12.532,left_hand,og,tilt,,"{""roll_deg"":-1.3,""pitch_deg"":0.6,""steady"":true}"
12.563,left_hand,og,acc,136343,"{""seq"":607,""x_mg"":352,""y_mg"":-132,""z_mg"":920}"
12.563,left_hand,og,tilt,,"{""roll_deg"":-1.4,""pitch_deg"":0.7,""steady"":true}"
12.563,left_hand,og,acc,136364,"{""seq"":608,""x_mg"":352,""y_mg"":-148,""z_mg"":924}"
12.563,left_hand,og,tilt,,"{""roll_deg"":-1.5,""pitch_deg"":0.9,""steady"":true}"
12.594,left_hand,og,acc,136384,"{""seq"":609,""x_mg"":332,""y_mg"":-108,""z_mg"":924}"
12.594,left_hand,og,tilt,,"{""roll_deg"":-1.5,""pitch_deg"":0.9,""steady"":true}"
12.625,left_hand,og,acc,136405,"{""seq"":610,""x_mg"":316,""y_mg"":-64,""z_mg"":916}"
12.625,left_hand,og,tilt,,"{""roll_deg"":-1.5,""pitch_deg"":1.0,""steady"":true}"
12.625,left_hand,og,acc,136425,"{""seq"":611,""x_mg"":332,""y_mg"":-112,""z_mg"":916}"
12.625,left_hand,og,tilt,,"{""roll_deg"":-1.4,""pitch_deg"":1.0,""steady"":true}"
12.657,left_hand,og,acc,136446,"{""seq"":612,""x_mg"":336,""y_mg"":-148,""z_mg"":900}"
12.657,left_hand,og,tilt,,"{""roll_deg"":-1.4,""pitch_deg"":1.0,""steady"":true}"
12.657,left_hand,og,acc,136467,"{""seq"":613,""x_mg"":340,""y_mg"":-136,""z_mg"":892}"
12.657,left_hand,og,tilt,,"{""roll_deg"":-1.3,""pitch_deg"":0.9,""steady"":true}"
12.688,left_hand,og,acc,136487,"{""seq"":614,""x_mg"":320,""y_mg"":-92,""z_mg"":908}"
12.688,left_hand,og,tilt,,"{""roll_deg"":-1.3,""pitch_deg"":0.9,""steady"":true}"
12.703,left_hand,og,acc,136508,"{""seq"":615,""x_mg"":328,""y_mg"":-88,""z_mg"":916}"
12.703,left_hand,og,tilt,,"{""roll_deg"":-1.2,""pitch_deg"":0.9,""steady"":true}"
12.750,left_hand,og,acc,136528,"{""seq"":616,""x_mg"":332,""y_mg"":-120,""z_mg"":912}"
12.750,left_hand,og,tilt,,"{""roll_deg"":-1.3,""pitch_deg"":0.9,""steady"":true}"
12.782,left_hand,og,acc,136549,"{""seq"":617,""x_mg"":328,""y_mg"":-124,""z_mg"":908}"
12.782,left_hand,og,tilt,,"{""roll_deg"":-1.3,""pitch_deg"":0.9,""steady"":true}"
12.782,left_hand,og,acc,136569,"{""seq"":618,""x_mg"":332,""y_mg"":-132,""z_mg"":924}"
12.782,left_hand,og,tilt,,"{""roll_deg"":-1.3,""pitch_deg"":0.9,""steady"":true}"
12.813,left_hand,og,acc,136590,"{""seq"":619,""x_mg"":324,""y_mg"":-112,""z_mg"":928}"
12.813,left_hand,og,tilt,,"{""roll_deg"":-1.3,""pitch_deg"":0.8,""steady"":true}"
12.813,left_hand,og,acc,136610,"{""seq"":620,""x_mg"":328,""y_mg"":-108,""z_mg"":932}"
12.813,left_hand,og,tilt,,"{""roll_deg"":-1.3,""pitch_deg"":0.8,""steady"":true}"
12.844,left_hand,og,acc,136631,"{""seq"":621,""x_mg"":336,""y_mg"":-132,""z_mg"":920}"
12.844,left_hand,og,tilt,,"{""roll_deg"":-1.4,""pitch_deg"":0.8,""steady"":true}"
12.875,left_hand,og,acc,136652,"{""seq"":622,""x_mg"":352,""y_mg"":-120,""z_mg"":936}"
12.875,left_hand,og,tilt,,"{""roll_deg"":-1.4,""pitch_deg"":0.8,""steady"":true}"
12.875,left_hand,og,acc,136672,"{""seq"":623,""x_mg"":352,""y_mg"":-128,""z_mg"":920}"
12.875,left_hand,og,tilt,,"{""roll_deg"":-1.4,""pitch_deg"":0.8,""steady"":true}"
12.907,left_hand,og,acc,136693,"{""seq"":624,""x_mg"":372,""y_mg"":-136,""z_mg"":924}"
12.907,left_hand,og,tilt,,"{""roll_deg"":-1.4,""pitch_deg"":0.9,""steady"":true}"
12.922,left_hand,og,acc,136713,"{""seq"":625,""x_mg"":376,""y_mg"":-132,""z_mg"":936}"
12.922,left_hand,og,tilt,,"{""roll_deg"":-1.5,""pitch_deg"":1.0,""steady"":true}"
12.922,left_hand,og,acc,136734,"{""seq"":626,""x_mg"":364,""y_mg"":-132,""z_mg"":920}"
12.922,left_hand,og,tilt,,"{""roll_deg"":-1.6,""pitch_deg"":1.2,""steady"":true}"
12.953,left_hand,og,acc,136754,"{""seq"":627,""x_mg"":372,""y_mg"":-128,""z_mg"":940}"
12.953,left_hand,og,tilt,,"{""roll_deg"":-1.6,""pitch_deg"":1.4,""steady"":true}"
12.985,left_hand,og,acc,136775,"{""seq"":628,""x_mg"":376,""y_mg"":-144,""z_mg"":932}"
12.985,left_hand,og,tilt,,"{""roll_deg"":-1.7,""pitch_deg"":1.5,""steady"":true}"
13.016,left_hand,og,acc,136796,"{""seq"":629,""x_mg"":376,""y_mg"":-156,""z_mg"":920}"
13.016,left_hand,og,tilt,,"{""roll_deg"":-1.7,""pitch_deg"":1.7,""steady"":true}"
13.016,left_hand,og,acc,136816,"{""seq"":630,""x_mg"":364,""y_mg"":-152,""z_mg"":928}"
13.016,left_hand,og,tilt,,"{""roll_deg"":-1.9,""pitch_deg"":1.8,""steady"":true}"
13.047,left_hand,og,acc,136837,"{""seq"":631,""x_mg"":372,""y_mg"":-140,""z_mg"":928}"
13.047,left_hand,og,tilt,,"{""roll_deg"":-2.0,""pitch_deg"":1.9,""steady"":true}"
13.078,left_hand,og,acc,136857,"{""seq"":632,""x_mg"":368,""y_mg"":-132,""z_mg"":916}"
13.078,left_hand,og,tilt,,"{""roll_deg"":-2.1,""pitch_deg"":2.0,""steady"":true}"
13.078,left_hand,og,acc,136878,"{""seq"":633,""x_mg"":376,""y_mg"":-136,""z_mg"":928}"
13.078,left_hand,og,tilt,,"{""roll_deg"":-2.1,""pitch_deg"":2.1,""steady"":true}"
13.110,left_hand,og,acc,136898,"{""seq"":634,""x_mg"":368,""y_mg"":-148,""z_mg"":928}"
13.110,left_hand,og,tilt,,"{""roll_deg"":-2.2,""pitch_deg"":2.2,""steady"":true}"
13.125,left_hand,og,acc,136919,"{""seq"":635,""x_mg"":356,""y_mg"":-144,""z_mg"":916}"
13.125,left_hand,og,tilt,,"{""roll_deg"":-2.2,""pitch_deg"":2.2,""steady"":true}"
13.125,left_hand,og,acc,136940,"{""seq"":636,""x_mg"":356,""y_mg"":-132,""z_mg"":928}"
13.125,left_hand,og,tilt,,"{""roll_deg"":-2.2,""pitch_deg"":2.3,""steady"":true}"
13.157,left_hand,og,acc,136960,"{""seq"":637,""x_mg"":356,""y_mg"":-112,""z_mg"":920}"
13.157,left_hand,og,tilt,,"{""roll_deg"":-2.2,""pitch_deg"":2.3,""steady"":true}"
13.188,left_hand,og,acc,136981,"{""seq"":638,""x_mg"":356,""y_mg"":-116,""z_mg"":908}"
13.188,left_hand,og,tilt,,"{""roll_deg"":-2.2,""pitch_deg"":2.3,""steady"":true}"
13.219,left_hand,og,acc,137001,"{""seq"":639,""x_mg"":356,""y_mg"":-128,""z_mg"":900}"
13.219,left_hand,og,tilt,,"{""roll_deg"":-2.2,""pitch_deg"":2.2,""steady"":true}"
13.219,left_hand,og,acc,137022,"{""seq"":640,""x_mg"":352,""y_mg"":-152,""z_mg"":908}"
13.219,left_hand,og,tilt,,"{""roll_deg"":-2.2,""pitch_deg"":2.2,""steady"":true}"
13.250,left_hand,og,acc,137042,"{""seq"":641,""x_mg"":348,""y_mg"":-140,""z_mg"":904}"
13.250,left_hand,og,tilt,,"{""roll_deg"":-2.2,""pitch_deg"":2.2,""steady"":true}"
13.282,left_hand,og,acc,137063,"{""seq"":642,""x_mg"":356,""y_mg"":-132,""z_mg"":916}"
13.282,left_hand,og,tilt,,"{""roll_deg"":-2.2,""pitch_deg"":2.2,""steady"":true}"
13.282,left_hand,og,acc,137084,"{""seq"":643,""x_mg"":356,""y_mg"":-148,""z_mg"":916}"
13.282,left_hand,og,tilt,,"{""roll_deg"":-2.2,""pitch_deg"":2.2,""steady"":true}"
13.328,left_hand,og,acc,137104,"{""seq"":644,""x_mg"":360,""y_mg"":-140,""z_mg"":912}"
13.328,left_hand,og,tilt,,"{""roll_deg"":-2.3,""pitch_deg"":2.2,""steady"":true}"
13.328,left_hand,og,acc,137125,"{""seq"":645,""x_mg"":352,""y_mg"":-136,""z_mg"":912}"
13.328,left_hand,og,tilt,,"{""roll_deg"":-2.4,""pitch_deg"":2.2,""steady"":true}"
13.344,left_hand,og,acc,137145,"{""seq"":646,""x_mg"":360,""y_mg"":-148,""z_mg"":916}"
13.344,left_hand,og,tilt,,"{""roll_deg"":-2.4,""pitch_deg"":2.2,""steady"":true}"
13.375,left_hand,og,acc,137166,"{""seq"":647,""x_mg"":368,""y_mg"":-140,""z_mg"":912}"
13.375,left_hand,og,tilt,,"{""roll_deg"":-2.4,""pitch_deg"":2.2,""steady"":true}"
13.407,left_hand,og,acc,137186,"{""seq"":648,""x_mg"":368,""y_mg"":-144,""z_mg"":920}"
13.407,left_hand,og,tilt,,"{""roll_deg"":-2.5,""pitch_deg"":2.2,""steady"":true}"
13.438,left_hand,og,acc,137207,"{""seq"":649,""x_mg"":388,""y_mg"":-152,""z_mg"":928}"
13.438,left_hand,og,tilt,,"{""roll_deg"":-2.5,""pitch_deg"":2.3,""steady"":true}"
13.438,left_hand,og,acc,137227,"{""seq"":650,""x_mg"":372,""y_mg"":-152,""z_mg"":916}"
13.438,left_hand,og,tilt,,"{""roll_deg"":-2.6,""pitch_deg"":2.4,""steady"":true}"
13.469,left_hand,og,acc,137248,"{""seq"":651,""x_mg"":380,""y_mg"":-152,""z_mg"":916}"
13.469,left_hand,og,tilt,,"{""roll_deg"":-2.7,""pitch_deg"":2.4,""steady"":true}"
13.469,left_hand,og,acc,137269,"{""seq"":652,""x_mg"":380,""y_mg"":-156,""z_mg"":908}"
13.469,left_hand,og,tilt,,"{""roll_deg"":-2.8,""pitch_deg"":2.6,""steady"":true}"
13.500,left_hand,og,acc,137289,"{""seq"":653,""x_mg"":376,""y_mg"":-136,""z_mg"":908}"
13.500,left_hand,og,tilt,,"{""roll_deg"":-2.8,""pitch_deg"":2.7,""steady"":true}"
13.532,left_hand,og,acc,137310,"{""seq"":654,""x_mg"":368,""y_mg"":-120,""z_mg"":920}"
13.532,left_hand,og,tilt,,"{""roll_deg"":-2.9,""pitch_deg"":2.8,""steady"":true}"
13.532,left_hand,og,acc,137330,"{""seq"":655,""x_mg"":380,""y_mg"":-152,""z_mg"":912}"
13.532,left_hand,og,tilt,,"{""roll_deg"":-3.0,""pitch_deg"":2.8,""steady"":true}"
13.547,left_hand,og,acc,137351,"{""seq"":656,""x_mg"":372,""y_mg"":-136,""z_mg"":924}"
13.547,left_hand,og,tilt,,"{""roll_deg"":-2.9,""pitch_deg"":2.9,""steady"":true}"
13.578,left_hand,og,acc,137371,"{""seq"":657,""x_mg"":368,""y_mg"":-136,""z_mg"":912}"
13.578,left_hand,og,tilt,,"{""roll_deg"":-2.9,""pitch_deg"":2.9,""steady"":true}"
13.610,left_hand,og,acc,137392,"{""seq"":658,""x_mg"":372,""y_mg"":-144,""z_mg"":896}"
13.610,left_hand,og,tilt,,"{""roll_deg"":-2.8,""pitch_deg"":2.9,""steady"":true}"
13.610,left_hand,og,acc,137413,"{""seq"":659,""x_mg"":372,""y_mg"":-152,""z_mg"":904}"
13.610,left_hand,og,tilt,,"{""roll_deg"":-2.8,""pitch_deg"":2.9,""steady"":true}"
13.641,left_hand,og,acc,137433,"{""seq"":660,""x_mg"":376,""y_mg"":-140,""z_mg"":908}"
13.641,left_hand,og,tilt,,"{""roll_deg"":-2.8,""pitch_deg"":3.0,""steady"":true}"
13.672,left_hand,og,acc,137454,"{""seq"":661,""x_mg"":372,""y_mg"":-152,""z_mg"":904}"
13.672,left_hand,og,tilt,,"{""roll_deg"":-2.9,""pitch_deg"":3.0,""steady"":true}"
13.672,left_hand,og,acc,137474,"{""seq"":662,""x_mg"":372,""y_mg"":-148,""z_mg"":916}"
13.672,left_hand,og,tilt,,"{""roll_deg"":-2.9,""pitch_deg"":3.1,""steady"":true}"
13.703,left_hand,og,acc,137495,"{""seq"":663,""x_mg"":376,""y_mg"":-136,""z_mg"":920}"
13.703,left_hand,og,tilt,,"{""roll_deg"":-2.9,""pitch_deg"":3.1,""steady"":true}"
13.735,left_hand,og,acc,137515,"{""seq"":664,""x_mg"":364,""y_mg"":-128,""z_mg"":920}"
13.735,left_hand,og,tilt,,"{""roll_deg"":-2.9,""pitch_deg"":3.1,""steady"":true}"
13.735,left_hand,og,acc,137536,"{""seq"":665,""x_mg"":368,""y_mg"":-132,""z_mg"":920}"
13.735,left_hand,og,tilt,,"{""roll_deg"":-2.8,""pitch_deg"":3.1,""steady"":true}"
13.750,left_hand,og,acc,137557,"{""seq"":666,""x_mg"":372,""y_mg"":-148,""z_mg"":912}"
13.750,left_hand,og,tilt,,"{""roll_deg"":-2.8,""pitch_deg"":3.1,""steady"":true}"
13.782,left_hand,og,acc,137577,"{""seq"":667,""x_mg"":380,""y_mg"":-144,""z_mg"":912}"
13.782,left_hand,og,tilt,,"{""roll_deg"":-2.7,""pitch_deg"":3.1,""steady"":true}"
13.813,left_hand,og,acc,137598,"{""seq"":668,""x_mg"":368,""y_mg"":-148,""z_mg"":916}"
13.813,left_hand,og,tilt,,"{""roll_deg"":-2.8,""pitch_deg"":3.0,""steady"":true}"
13.813,left_hand,og,acc,137618,"{""seq"":669,""x_mg"":368,""y_mg"":-144,""z_mg"":912}"
13.813,left_hand,og,tilt,,"{""roll_deg"":-2.8,""pitch_deg"":3.0,""steady"":true}"
13.844,left_hand,og,acc,137639,"{""seq"":670,""x_mg"":368,""y_mg"":-148,""z_mg"":912}"
13.844,left_hand,og,tilt,,"{""roll_deg"":-2.8,""pitch_deg"":3.0,""steady"":true}"
13.875,left_hand,og,acc,137659,"{""seq"":671,""x_mg"":372,""y_mg"":-140,""z_mg"":904}"
13.875,left_hand,og,tilt,,"{""roll_deg"":-2.8,""pitch_deg"":3.0,""steady"":true}"
13.875,left_hand,og,acc,137680,"{""seq"":672,""x_mg"":364,""y_mg"":-136,""z_mg"":916}"
13.875,left_hand,og,tilt,,"{""roll_deg"":-2.9,""pitch_deg"":3.0,""steady"":true}"
13.907,left_hand,og,acc,137701,"{""seq"":673,""x_mg"":372,""y_mg"":-136,""z_mg"":920}"
13.907,left_hand,og,tilt,,"{""roll_deg"":-2.9,""pitch_deg"":3.0,""steady"":true}"
13.938,left_hand,og,acc,137721,"{""seq"":674,""x_mg"":380,""y_mg"":-136,""z_mg"":916}"
13.938,left_hand,og,tilt,,"{""roll_deg"":-2.8,""pitch_deg"":3.0,""steady"":true}"
13.938,left_hand,og,acc,137742,"{""seq"":675,""x_mg"":380,""y_mg"":-120,""z_mg"":920}"
13.938,left_hand,og,tilt,,"{""roll_deg"":-2.8,""pitch_deg"":3.0,""steady"":true}"
13.969,left_hand,og,acc,137762,"{""seq"":676,""x_mg"":372,""y_mg"":-128,""z_mg"":916}"
13.969,left_hand,og,tilt,,"{""roll_deg"":-2.7,""pitch_deg"":3.0,""steady"":true}"
13.985,left_hand,og,acc,137783,"{""seq"":677,""x_mg"":368,""y_mg"":-140,""z_mg"":912}"
13.985,left_hand,og,tilt,,"{""roll_deg"":-2.7,""pitch_deg"":3.0,""steady"":true}"
14.016,left_hand,og,acc,137803,"{""seq"":678,""x_mg"":392,""y_mg"":-140,""z_mg"":916}"
14.016,left_hand,og,tilt,,"{""roll_deg"":-2.6,""pitch_deg"":3.0,""steady"":true}"
14.016,left_hand,og,acc,137824,"{""seq"":679,""x_mg"":372,""y_mg"":-144,""z_mg"":908}"
14.016,left_hand,og,tilt,,"{""roll_deg"":-2.6,""pitch_deg"":3.1,""steady"":true}"
14.063,left_hand,og,acc,137844,"{""seq"":680,""x_mg"":368,""y_mg"":-128,""z_mg"":912}"
14.063,left_hand,og,tilt,,"{""roll_deg"":-2.6,""pitch_deg"":3.1,""steady"":true}"
14.094,left_hand,og,acc,137865,"{""seq"":681,""x_mg"":372,""y_mg"":-136,""z_mg"":920}"
14.094,left_hand,og,tilt,,"{""roll_deg"":-2.7,""pitch_deg"":3.0,""steady"":true}"
14.094,left_hand,og,acc,137886,"{""seq"":682,""x_mg"":372,""y_mg"":-140,""z_mg"":924}"
14.094,left_hand,og,tilt,,"{""roll_deg"":-2.6,""pitch_deg"":3.0,""steady"":true}"
14.125,left_hand,og,acc,137906,"{""seq"":683,""x_mg"":364,""y_mg"":-144,""z_mg"":916}"
14.125,left_hand,og,tilt,,"{""roll_deg"":-2.6,""pitch_deg"":3.0,""steady"":true}"
14.157,left_hand,og,acc,137927,"{""seq"":684,""x_mg"":368,""y_mg"":-124,""z_mg"":920}"
14.157,left_hand,og,tilt,,"{""roll_deg"":-2.6,""pitch_deg"":3.0,""steady"":true}"
14.157,left_hand,og,acc,137947,"{""seq"":685,""x_mg"":376,""y_mg"":-140,""z_mg"":924}"
14.157,left_hand,og,tilt,,"{""roll_deg"":-2.6,""pitch_deg"":3.0,""steady"":true}"
14.172,left_hand,og,acc,137968,"{""seq"":686,""x_mg"":372,""y_mg"":-144,""z_mg"":928}"
14.172,left_hand,og,tremor,,"{""rms_mg"":11.8,""peak_hz"":10.4}"
14.172,left_hand,og,tilt,,"{""roll_deg"":-2.6,""pitch_deg"":2.9,""steady"":true}"
14.203,left_hand,og,acc,137988,"{""seq"":687,""x_mg"":380,""y_mg"":-156,""z_mg"":924}"
14.203,left_hand,og,tilt,,"{""roll_deg"":-2.6,""pitch_deg"":2.9,""steady"":true}"
14.235,left_hand,og,acc,138009,"{""seq"":688,""x_mg"":376,""y_mg"":-144,""z_mg"":924}"
14.235,left_hand,og,tilt,,"{""roll_deg"":-2.6,""pitch_deg"":2.9,""steady"":true}"
14.235,left_hand,og,acc,138030,"{""seq"":689,""x_mg"":372,""y_mg"":-132,""z_mg"":916}"
14.235,left_hand,og,tilt,,"{""roll_deg"":-2.7,""pitch_deg"":3.0,""steady"":true}"
14.266,left_hand,og,acc,138050,"{""seq"":690,""x_mg"":364,""y_mg"":-132,""z_mg"":924}"
14.266,left_hand,og,tilt,,"{""roll_deg"":-2.7,""pitch_deg"":3.0,""steady"":true}"
14.297,left_hand,og,acc,138071,"{""seq"":691,""x_mg"":380,""y_mg"":-128,""z_mg"":924}"
14.297,left_hand,og,tilt,,"{""roll_deg"":-2.6,""pitch_deg"":3.0,""steady"":true}"
14.297,left_hand,og,acc,138091,"{""seq"":692,""x_mg"":364,""y_mg"":-136,""z_mg"":916}"
14.297,left_hand,og,tilt,,"{""roll_deg"":-2.6,""pitch_deg"":3.0,""steady"":true}"
14.328,left_hand,og,acc,138112,"{""seq"":693,""x_mg"":372,""y_mg"":-156,""z_mg"":900}"
14.328,left_hand,og,tilt,,"{""roll_deg"":-2.5,""pitch_deg"":3.0,""steady"":true}"
14.360,left_hand,og,acc,138132,"{""seq"":694,""x_mg"":368,""y_mg"":-144,""z_mg"":904}"
14.360,left_hand,og,tilt,,"{""roll_deg"":-2.5,""pitch_deg"":3.0,""steady"":true}"
14.360,left_hand,og,acc,138153,"{""seq"":695,""x_mg"":372,""y_mg"":-128,""z_mg"":912}"
14.360,left_hand,og,tilt,,"{""roll_deg"":-2.5,""pitch_deg"":3.0,""steady"":true}"
14.375,left_hand,og,acc,138174,"{""seq"":696,""x_mg"":368,""y_mg"":-132,""z_mg"":916}"
14.375,left_hand,og,tilt,,"{""roll_deg"":-2.5,""pitch_deg"":3.0,""steady"":true}"
14.407,left_hand,og,acc,138194,"{""seq"":697,""x_mg"":372,""y_mg"":-128,""z_mg"":912}"
14.407,left_hand,og,tilt,,"{""roll_deg"":-2.5,""pitch_deg"":3.0,""steady"":true}"
14.438,left_hand,og,acc,138215,"{""seq"":698,""x_mg"":368,""y_mg"":-128,""z_mg"":916}"
14.438,left_hand,og,tilt,,"{""roll_deg"":-2.4,""pitch_deg"":3.0,""steady"":true}"
14.438,left_hand,og,acc,138235,"{""seq"":699,""x_mg"":380,""y_mg"":-152,""z_mg"":912}"
14.438,left_hand,og,tilt,,"{""roll_deg"":-2.3,""pitch_deg"":3.0,""steady"":true}"
14.469,,game,hold_complete,,"{""tx"":0,""ty"":3,""mean_dist_deg"":2.6,""tolerance"":3.0}"
14.469,left_hand,og,acc,138256,"{""seq"":700,""x_mg"":368,""y_mg"":-136,""z_mg"":912}"
14.469,left_hand,og,tilt,,"{""roll_deg"":-2.3,""pitch_deg"":3.0,""steady"":true}"
14.500,left_hand,og,acc,138276,"{""seq"":701,""x_mg"":372,""y_mg"":-112,""z_mg"":916}"
14.500,left_hand,og,tilt,,"{""roll_deg"":-2.3,""pitch_deg"":3.0,""steady"":true}"
14.500,left_hand,og,acc,138297,"{""seq"":702,""x_mg"":368,""y_mg"":-140,""z_mg"":912}"
14.500,left_hand,og,tilt,,"{""roll_deg"":-2.3,""pitch_deg"":3.0,""steady"":true}"
14.532,left_hand,og,acc,138317,"{""seq"":703,""x_mg"":372,""y_mg"":-136,""z_mg"":904}"
14.532,left_hand,og,tilt,,"{""roll_deg"":-2.3,""pitch_deg"":3.0,""steady"":true}"
14.532,left_hand,og,acc,138338,"{""seq"":704,""x_mg"":364,""y_mg"":-128,""z_mg"":920}"
14.532,left_hand,og,tilt,,"{""roll_deg"":-2.3,""pitch_deg"":3.0,""steady"":true}"
14.563,left_hand,og,acc,138359,"{""seq"":705,""x_mg"":356,""y_mg"":-148,""z_mg"":928}"
14.563,left_hand,og,tilt,,"{""roll_deg"":-2.4,""pitch_deg"":3.0,""steady"":true}"
14.578,left_hand,og,acc,138379,"{""seq"":706,""x_mg"":368,""y_mg"":-152,""z_mg"":924}"
14.578,left_hand,og,tilt,,"{""roll_deg"":-2.4,""pitch_deg"":2.9,""steady"":true}"
14.610,left_hand,og,acc,138400,"{""seq"":707,""x_mg"":352,""y_mg"":-144,""z_mg"":916}"
14.610,left_hand,og,tilt,,"{""roll_deg"":-2.5,""pitch_deg"":2.9,""steady"":true}"
14.610,left_hand,og,acc,138420,"{""seq"":708,""x_mg"":368,""y_mg"":-120,""z_mg"":904}"
14.610,left_hand,og,tilt,,"{""roll_deg"":-2.5,""pitch_deg"":2.8,""steady"":true}"
14.641,left_hand,og,acc,138441,"{""seq"":709,""x_mg"":364,""y_mg"":-124,""z_mg"":924}"
14.641,left_hand,og,tilt,,"{""roll_deg"":-2.6,""pitch_deg"":2.8,""steady"":true}"
14.672,left_hand,og,acc,138461,"{""seq"":710,""x_mg"":372,""y_mg"":-140,""z_mg"":928}"
14.672,left_hand,og,tilt,,"{""roll_deg"":-2.6,""pitch_deg"":2.8,""steady"":true}"
14.672,left_hand,og,acc,138482,"{""seq"":711,""x_mg"":360,""y_mg"":-152,""z_mg"":928}"
14.672,left_hand,og,tilt,,"{""roll_deg"":-2.6,""pitch_deg"":2.7,""steady"":true}"
14.719,left_hand,og,acc,138503,"{""seq"":712,""x_mg"":376,""y_mg"":-116,""z_mg"":924}"
14.719,left_hand,og,tilt,,"{""roll_deg"":-2.5,""pitch_deg"":2.7,""steady"":true}"
14.750,left_hand,og,acc,138523,"{""seq"":713,""x_mg"":380,""y_mg"":-116,""z_mg"":924}"
14.750,left_hand,og,tilt,,"{""roll_deg"":-2.4,""pitch_deg"":2.7,""steady"":true}"
14.750,left_hand,og,acc,138544,"{""seq"":714,""x_mg"":380,""y_mg"":-132,""z_mg"":920}"
14.750,left_hand,og,tilt,,"{""roll_deg"":-2.3,""pitch_deg"":2.8,""steady"":true}"
14.782,left_hand,og,acc,138564,"{""seq"":715,""x_mg"":388,""y_mg"":-136,""z_mg"":932}"
14.782,left_hand,og,tilt,,"{""roll_deg"":-2.3,""pitch_deg"":2.8,""steady"":true}"
14.797,left_hand,og,acc,138585,"{""seq"":716,""x_mg"":372,""y_mg"":-116,""z_mg"":936}"
14.797,left_hand,og,tilt,,"{""roll_deg"":-2.2,""pitch_deg"":2.9,""steady"":true}"
14.797,left_hand,og,acc,138605,"{""seq"":717,""x_mg"":368,""y_mg"":-116,""z_mg"":928}"
14.797,left_hand,og,tilt,,"{""roll_deg"":-2.0,""pitch_deg"":2.9,""steady"":true}"
14.828,left_hand,og,acc,138626,"{""seq"":718,""x_mg"":376,""y_mg"":-132,""z_mg"":916}"
14.828,left_hand,og,tilt,,"{""roll_deg"":-2.1,""pitch_deg"":3.0,""steady"":true}"
14.860,left_hand,og,acc,138647,"{""seq"":719,""x_mg"":368,""y_mg"":-124,""z_mg"":908}"
14.860,left_hand,og,tilt,,"{""roll_deg"":-2.0,""pitch_deg"":3.0,""steady"":true}"
14.891,left_hand,og,acc,138667,"{""seq"":720,""x_mg"":372,""y_mg"":-124,""z_mg"":912}"
14.891,left_hand,og,tilt,,"{""roll_deg"":-2.0,""pitch_deg"":3.0,""steady"":true}"
14.891,left_hand,og,acc,138688,"{""seq"":721,""x_mg"":372,""y_mg"":-128,""z_mg"":924}"
14.891,left_hand,og,tilt,,"{""roll_deg"":-2.0,""pitch_deg"":3.0,""steady"":true}"
14.922,left_hand,og,acc,138708,"{""seq"":722,""x_mg"":368,""y_mg"":-144,""z_mg"":928}"
14.922,left_hand,og,tilt,,"{""roll_deg"":-1.9,""pitch_deg"":3.0,""steady"":true}"
14.953,left_hand,og,acc,138729,"{""seq"":723,""x_mg"":368,""y_mg"":-128,""z_mg"":908}"
14.953,left_hand,og,tilt,,"{""roll_deg"":-1.9,""pitch_deg"":3.0,""steady"":true}"
14.953,left_hand,og,acc,138749,"{""seq"":724,""x_mg"":380,""y_mg"":-128,""z_mg"":908}"
14.953,left_hand,og,tilt,,"{""roll_deg"":-1.9,""pitch_deg"":3.0,""steady"":true}"
14.985,left_hand,og,acc,138770,"{""seq"":725,""x_mg"":372,""y_mg"":-128,""z_mg"":912}"
14.985,left_hand,og,tilt,,"{""roll_deg"":-2.0,""pitch_deg"":3.0,""steady"":true}"
15.016,left_hand,og,acc,138790,"{""seq"":726,""x_mg"":364,""y_mg"":-140,""z_mg"":904}"
15.016,left_hand,og,tilt,,"{""roll_deg"":-2.0,""pitch_deg"":3.0,""steady"":true}"
15.016,left_hand,og,acc,138811,"{""seq"":727,""x_mg"":376,""y_mg"":-164,""z_mg"":916}"
15.016,left_hand,og,tilt,,"{""roll_deg"":-2.0,""pitch_deg"":3.0,""steady"":true}"
15.047,left_hand,og,acc,138832,"{""seq"":728,""x_mg"":372,""y_mg"":-132,""z_mg"":936}"
15.047,left_hand,og,tilt,,"{""roll_deg"":-2.0,""pitch_deg"":3.0,""steady"":true}"
15.078,left_hand,og,acc,138852,"{""seq"":729,""x_mg"":360,""y_mg"":-124,""z_mg"":924}"
15.078,left_hand,og,tilt,,"{""roll_deg"":-2.0,""pitch_deg"":3.0,""steady"":true}"
15.078,left_hand,og,acc,138873,"{""seq"":730,""x_mg"":364,""y_mg"":-132,""z_mg"":920}"
15.078,left_hand,og,tilt,,"{""roll_deg"":-2.0,""pitch_deg"":2.9,""steady"":true}"
15.110,left_hand,og,acc,138893,"{""seq"":731,""x_mg"":372,""y_mg"":-116,""z_mg"":932}"
15.110,left_hand,og,tilt,,"{""roll_deg"":-2.0,""pitch_deg"":2.9,""steady"":true}"
15.110,left_hand,og,acc,138914,"{""seq"":732,""x_mg"":372,""y_mg"":-132,""z_mg"":928}"
15.110,left_hand,og,tilt,,"{""roll_deg"":-2.0,""pitch_deg"":2.9,""steady"":true}"
15.141,left_hand,og,acc,138934,"{""seq"":733,""x_mg"":364,""y_mg"":-132,""z_mg"":928}"
15.141,left_hand,og,tilt,,"{""roll_deg"":-2.0,""pitch_deg"":2.8,""steady"":true}"
15.172,left_hand,og,acc,138955,"{""seq"":734,""x_mg"":368,""y_mg"":-140,""z_mg"":916}"
15.172,left_hand,og,tilt,,"{""roll_deg"":-2.0,""pitch_deg"":2.8,""steady"":true}"
15.172,left_hand,og,acc,138976,"{""seq"":735,""x_mg"":364,""y_mg"":-144,""z_mg"":908}"
15.172,left_hand,og,tilt,,"{""roll_deg"":-2.0,""pitch_deg"":2.8,""steady"":true}"
15.203,left_hand,og,acc,138996,"{""seq"":736,""x_mg"":368,""y_mg"":-140,""z_mg"":916}"
15.203,left_hand,og,tilt,,"{""roll_deg"":-2.1,""pitch_deg"":2.8,""steady"":true}"
15.235,left_hand,og,acc,139017,"{""seq"":737,""x_mg"":368,""y_mg"":-140,""z_mg"":908}"
15.235,left_hand,og,tilt,,"{""roll_deg"":-2.2,""pitch_deg"":2.8,""steady"":true}"
15.235,left_hand,og,acc,139037,"{""seq"":738,""x_mg"":364,""y_mg"":-132,""z_mg"":920}"
15.235,left_hand,og,tilt,,"{""roll_deg"":-2.2,""pitch_deg"":2.8,""steady"":true}"
15.266,left_hand,og,acc,139058,"{""seq"":739,""x_mg"":376,""y_mg"":-156,""z_mg"":912}"
15.266,left_hand,og,tilt,,"{""roll_deg"":-2.3,""pitch_deg"":2.8,""steady"":true}"
15.297,left_hand,og,acc,139078,"{""seq"":740,""x_mg"":360,""y_mg"":-136,""z_mg"":912}"
15.297,left_hand,og,tilt,,"{""roll_deg"":-2.3,""pitch_deg"":2.8,""steady"":true}"
15.297,left_hand,og,acc,139099,"{""seq"":741,""x_mg"":372,""y_mg"":-128,""z_mg"":924}"
15.297,left_hand,og,tilt,,"{""roll_deg"":-2.3,""pitch_deg"":2.8,""steady"":true}"
15.328,left_hand,og,acc,139120,"{""seq"":742,""x_mg"":368,""y_mg"":-144,""z_mg"":912}"
15.328,left_hand,og,tilt,,"{""roll_deg"":-2.4,""pitch_deg"":2.8,""steady"":true}"
15.375,left_hand,og,acc,139140,"{""seq"":743,""x_mg"":360,""y_mg"":-136,""z_mg"":900}"
15.375,left_hand,og,tilt,,"{""roll_deg"":-2.4,""pitch_deg"":2.8,""steady"":true}"
15.375,left_hand,og,acc,139161,"{""seq"":744,""x_mg"":368,""y_mg"":-132,""z_mg"":916}"
15.375,left_hand,og,tilt,,"{""roll_deg"":-2.4,""pitch_deg"":2.8,""steady"":true}"
15.407,left_hand,og,acc,139181,"{""seq"":745,""x_mg"":380,""y_mg"":-140,""z_mg"":916}"
15.407,left_hand,og,tilt,,"{""roll_deg"":-2.4,""pitch_deg"":2.8,""steady"":true}"
15.407,left_hand,og,acc,139202,"{""seq"":746,""x_mg"":372,""y_mg"":-136,""z_mg"":908}"
15.407,left_hand,og,tilt,,"{""roll_deg"":-2.4,""pitch_deg"":2.8,""steady"":true}"
15.422,left_hand,og,acc,139222,"{""seq"":747,""x_mg"":372,""y_mg"":-136,""z_mg"":912}"
15.422,left_hand,og,tilt,,"{""roll_deg"":-2.4,""pitch_deg"":2.9,""steady"":true}"
15.453,left_hand,og,acc,139243,"{""seq"":748,""x_mg"":368,""y_mg"":-124,""z_mg"":920}"
15.453,left_hand,og,tilt,,"{""roll_deg"":-2.4,""pitch_deg"":2.9,""steady"":true}"
15.485,left_hand,og,acc,139264,"{""seq"":749,""x_mg"":372,""y_mg"":-136,""z_mg"":920}"
15.485,left_hand,og,tilt,,"{""roll_deg"":-2.4,""pitch_deg"":2.9,""steady"":true}"
15.485,left_hand,og,acc,139284,"{""seq"":750,""x_mg"":380,""y_mg"":-156,""z_mg"":920}"
15.485,left_hand,og,tilt,,"{""roll_deg"":-2.4,""pitch_deg"":2.9,""steady"":true}"
15.516,left_hand,og,acc,139305,"{""seq"":751,""x_mg"":368,""y_mg"":-160,""z_mg"":924}"
15.516,left_hand,og,tilt,,"{""roll_deg"":-2.4,""pitch_deg"":2.9,""steady"":true}"
15.547,left_hand,og,acc,139325,"{""seq"":752,""x_mg"":364,""y_mg"":-156,""z_mg"":924}"
15.547,left_hand,og,tilt,,"{""roll_deg"":-2.6,""pitch_deg"":2.9,""steady"":true}"
15.547,left_hand,og,acc,139346,"{""seq"":753,""x_mg"":376,""y_mg"":-148,""z_mg"":916}"
15.547,left_hand,og,tilt,,"{""roll_deg"":-2.7,""pitch_deg"":2.9,""steady"":true}"
15.578,left_hand,og,acc,139366,"{""seq"":754,""x_mg"":368,""y_mg"":-140,""z_mg"":924}"
15.578,left_hand,og,tilt,,"{""roll_deg"":-2.8,""pitch_deg"":2.9,""steady"":true}"
15.610,left_hand,og,acc,139387,"{""seq"":755,""x_mg"":360,""y_mg"":-156,""z_mg"":924}"
15.610,left_hand,og,tilt,,"{""roll_deg"":-2.9,""pitch_deg"":2.8,""steady"":true}"
15.610,left_hand,og,acc,139407,"{""seq"":756,""x_mg"":380,""y_mg"":-160,""z_mg"":924}"
15.610,left_hand,og,tilt,,"{""roll_deg"":-3.0,""pitch_deg"":2.8,""steady"":true}"
15.641,left_hand,og,acc,139428,"{""seq"":757,""x_mg"":372,""y_mg"":-160,""z_mg"":916}"
15.641,left_hand,og,tilt,,"{""roll_deg"":-3.0,""pitch_deg"":2.8,""steady"":true}"
15.657,left_hand,og,acc,139449,"{""seq"":758,""x_mg"":364,""y_mg"":-128,""z_mg"":920}"
15.657,left_hand,og,tilt,,"{""roll_deg"":-3.1,""pitch_deg"":2.8,""steady"":true}"
15.688,left_hand,og,acc,139469,"{""seq"":759,""x_mg"":352,""y_mg"":-128,""z_mg"":912}"
15.688,left_hand,og,tilt,,"{""roll_deg"":-3.2,""pitch_deg"":2.8,""steady"":true}"
15.688,left_hand,og,acc,139490,"{""seq"":760,""x_mg"":356,""y_mg"":-156,""z_mg"":924}"
15.688,left_hand,og,tilt,,"{""roll_deg"":-3.2,""pitch_deg"":2.7,""steady"":true}"
15.719,left_hand,og,acc,139510,"{""seq"":761,""x_mg"":364,""y_mg"":-148,""z_mg"":912}"
15.719,left_hand,og,tilt,,"{""roll_deg"":-3.2,""pitch_deg"":2.7,""steady"":true}"
15.750,left_hand,og,acc,139531,"{""seq"":762,""x_mg"":364,""y_mg"":-128,""z_mg"":912}"
15.750,left_hand,og,tilt,,"{""roll_deg"":-3.1,""pitch_deg"":2.7,""steady"":true}"
15.750,left_hand,og,acc,139551,"{""seq"":763,""x_mg"":364,""y_mg"":-140,""z_mg"":916}"
15.750,left_hand,og,tilt,,"{""roll_deg"":-3.0,""pitch_deg"":2.7,""steady"":true}"
15.782,left_hand,og,acc,139572,"{""seq"":764,""x_mg"":364,""y_mg"":-148,""z_mg"":916}"
15.782,left_hand,og,tilt,,"{""roll_deg"":-3.0,""pitch_deg"":2.7,""steady"":true}"
15.813,left_hand,og,acc,139593,"{""seq"":765,""x_mg"":376,""y_mg"":-140,""z_mg"":908}"
15.813,left_hand,og,tilt,,"{""roll_deg"":-3.0,""pitch_deg"":2.7,""steady"":true}"
15.813,left_hand,og,acc,139613,"{""seq"":766,""x_mg"":368,""y_mg"":-132,""z_mg"":876}"
15.813,left_hand,og,tilt,,"{""roll_deg"":-3.0,""pitch_deg"":2.7,""steady"":true}"
15.828,left_hand,og,acc,139634,"{""seq"":767,""x_mg"":368,""y_mg"":-144,""z_mg"":916}"
15.828,left_hand,og,tilt,,"{""roll_deg"":-2.9,""pitch_deg"":2.7,""steady"":true}"
15.860,left_hand,og,acc,139654,"{""seq"":768,""x_mg"":380,""y_mg"":-164,""z_mg"":924}"
15.860,left_hand,og,tilt,,"{""roll_deg"":-2.9,""pitch_deg"":2.8,""steady"":true}"
15.891,left_hand,og,acc,139675,"{""seq"":769,""x_mg"":384,""y_mg"":-144,""z_mg"":904}"
15.891,left_hand,og,tilt,,"{""roll_deg"":-2.9,""pitch_deg"":2.8,""steady"":true}"
15.891,left_hand,og,acc,139695,"{""seq"":770,""x_mg"":372,""y_mg"":-128,""z_mg"":908}"
15.891,left_hand,og,tilt,,"{""roll_deg"":-2.9,""pitch_deg"":2.9,""steady"":true}"
15.922,left_hand,og,acc,139716,"{""seq"":771,""x_mg"":380,""y_mg"":-144,""z_mg"":900}"
15.922,left_hand,og,tilt,,"{""roll_deg"":-2.9,""pitch_deg"":2.9,""steady"":true}"
15.953,left_hand,og,acc,139736,"{""seq"":772,""x_mg"":384,""y_mg"":-152,""z_mg"":912}"
15.953,left_hand,og,tilt,,"{""roll_deg"":-3.0,""pitch_deg"":3.0,""steady"":true}"
15.953,left_hand,og,acc,139757,"{""seq"":773,""x_mg"":396,""y_mg"":-156,""z_mg"":920}"
15.953,left_hand,og,tilt,,"{""roll_deg"":-3.0,""pitch_deg"":3.1,""steady"":true}"
15.985,left_hand,og,acc,139778,"{""seq"":774,""x_mg"":368,""y_mg"":-148,""z_mg"":916}"
15.985,left_hand,og,tilt,,"{""roll_deg"":-3.0,""pitch_deg"":3.2,""steady"":true}"
16.016,left_hand,og,acc,139798,"{""seq"":775,""x_mg"":364,""y_mg"":-144,""z_mg"":916}"
16.016,left_hand,og,tilt,,"{""roll_deg"":-3.0,""pitch_deg"":3.3,""steady"":true}"
16.016,left_hand,og,acc,139819,"{""seq"":776,""x_mg"":364,""y_mg"":-140,""z_mg"":920}"
16.016,left_hand,og,tilt,,"{""roll_deg"":-3.0,""pitch_deg"":3.2,""steady"":true}"
16.047,left_hand,og,acc,139839,"{""seq"":777,""x_mg"":364,""y_mg"":-144,""z_mg"":924}"
16.047,left_hand,og,tilt,,"{""roll_deg"":-3.0,""pitch_deg"":3.1,""steady"":true}"
16.078,left_hand,og,acc,139860,"{""seq"":778,""x_mg"":368,""y_mg"":-156,""z_mg"":912}"
16.078,left_hand,og,tilt,,"{""roll_deg"":-3.0,""pitch_deg"":3.1,""steady"":true}"
16.110,left_hand,og,acc,139880,"{""seq"":779,""x_mg"":368,""y_mg"":-144,""z_mg"":928}"
16.110,left_hand,og,tilt,,"{""roll_deg"":-3.0,""pitch_deg"":3.0,""steady"":true}"
16.110,left_hand,og,acc,139901,"{""seq"":780,""x_mg"":372,""y_mg"":-152,""z_mg"":928}"
16.110,left_hand,og,tilt,,"{""roll_deg"":-3.0,""pitch_deg"":3.0,""steady"":true}"
16.141,left_hand,og,acc,139922,"{""seq"":781,""x_mg"":380,""y_mg"":-152,""z_mg"":916}"
16.141,left_hand,og,tilt,,"{""roll_deg"":-3.0,""pitch_deg"":2.9,""steady"":true}"
16.172,left_hand,og,acc,139942,"{""seq"":782,""x_mg"":368,""y_mg"":-148,""z_mg"":920}"
16.172,left_hand,og,tilt,,"{""roll_deg"":-3.0,""pitch_deg"":2.9,""steady"":true}"
16.172,left_hand,og,acc,139963,"{""seq"":783,""x_mg"":368,""y_mg"":-148,""z_mg"":916}"
16.172,left_hand,og,tilt,,"{""roll_deg"":-3.1,""pitch_deg"":2.9,""steady"":true}"
16.203,left_hand,og,acc,139983,"{""seq"":784,""x_mg"":364,""y_mg"":-160,""z_mg"":912}"
16.203,left_hand,og,tremor,,"{""rms_mg"":10.6,""peak_hz"":8.9}"
16.203,left_hand,og,tilt,,"{""roll_deg"":-3.1,""pitch_deg"":2.9,""steady"":true}"
16.235,left_hand,og,acc,140004,"{""seq"":785,""x_mg"":368,""y_mg"":-140,""z_mg"":896}"
16.235,left_hand,og,tilt,,"{""roll_deg"":-3.1,""pitch_deg"":2.9,""steady"":true}"
16.235,left_hand,og,acc,140024,"{""seq"":786,""x_mg"":364,""y_mg"":-144,""z_mg"":892}"
16.235,left_hand,og,tilt,,"{""roll_deg"":-3.1,""pitch_deg"":2.9,""steady"":true}"
16.250,left_hand,og,acc,140045,"{""seq"":787,""x_mg"":360,""y_mg"":-152,""z_mg"":908}"
16.250,left_hand,og,tilt,,"{""roll_deg"":-3.1,""pitch_deg"":2.9,""steady"":true}"
16.297,left_hand,og,acc,140065,"{""seq"":788,""x_mg"":364,""y_mg"":-168,""z_mg"":904}"
16.297,left_hand,og,tilt,,"{""roll_deg"":-3.1,""pitch_deg"":2.9,""steady"":true}"
16.297,left_hand,og,acc,140086,"{""seq"":789,""x_mg"":368,""y_mg"":-160,""z_mg"":916}"
16.297,left_hand,og,tilt,,"{""roll_deg"":-3.2,""pitch_deg"":2.9,""steady"":true}"
16.328,left_hand,og,acc,140107,"{""seq"":790,""x_mg"":364,""y_mg"":-144,""z_mg"":908}"
16.328,left_hand,og,tilt,,"{""roll_deg"":-3.2,""pitch_deg"":2.8,""steady"":true}"
16.328,left_hand,og,acc,140127,"{""seq"":791,""x_mg"":380,""y_mg"":-160,""z_mg"":912}"
16.328,left_hand,og,tilt,,"{""roll_deg"":-3.3,""pitch_deg"":2.8,""steady"":true}"
16.360,left_hand,og,acc,140148,"{""seq"":792,""x_mg"":380,""y_mg"":-172,""z_mg"":908}"
16.360,left_hand,og,tilt,,"{""roll_deg"":-3.4,""pitch_deg"":2.8,""steady"":true}"
16.391,left_hand,og,acc,140168,"{""seq"":793,""x_mg"":380,""y_mg"":-144,""z_mg"":928}"
16.391,left_hand,og,tilt,,"{""roll_deg"":-3.4,""pitch_deg"":2.9,""steady"":true}"
16.391,left_hand,og,acc,140189,"{""seq"":794,""x_mg"":388,""y_mg"":-148,""z_mg"":916}"
16.391,left_hand,og,tilt,,"{""roll_deg"":-3.4,""pitch_deg"":3.0,""steady"":true}"
16.422,left_hand,og,acc,140209,"{""seq"":795,""x_mg"":396,""y_mg"":-148,""z_mg"":912}"
16.422,left_hand,og,tilt,,"{""roll_deg"":-3.4,""pitch_deg"":3.0,""steady"":true}"
16.453,left_hand,og,acc,140230,"{""seq"":796,""x_mg"":376,""y_mg"":-144,""z_mg"":912}"
16.453,left_hand,og,tilt,,"{""roll_deg"":-3.4,""pitch_deg"":3.1,""steady"":true}"
16.453,left_hand,og,acc,140251,"{""seq"":797,""x_mg"":364,""y_mg"":-148,""z_mg"":912}"
16.453,left_hand,og,tilt,,"{""roll_deg"":-3.3,""pitch_deg"":3.1,""steady"":true}"
16.485,left_hand,og,acc,140271,"{""seq"":798,""x_mg"":372,""y_mg"":-152,""z_mg"":912}"
16.485,left_hand,og,tilt,,"{""roll_deg"":-3.3,""pitch_deg"":3.2,""steady"":true}"
16.516,left_hand,og,acc,140292,"{""seq"":799,""x_mg"":380,""y_mg"":-136,""z_mg"":912}"
16.516,left_hand,og,tilt,,"{""roll_deg"":-3.3,""pitch_deg"":3.2,""steady"":true}"
16.516,left_hand,og,acc,140312,"{""seq"":800,""x_mg"":372,""y_mg"":-148,""z_mg"":920}"
16.516,left_hand,og,tilt,,"{""roll_deg"":-3.3,""pitch_deg"":3.2,""steady"":true}"
16.547,left_hand,og,acc,140333,"{""seq"":801,""x_mg"":376,""y_mg"":-168,""z_mg"":908}"
16.547,left_hand,og,tilt,,"{""roll_deg"":-3.3,""pitch_deg"":3.2,""steady"":true}"
16.578,left_hand,og,acc,140353,"{""seq"":802,""x_mg"":380,""y_mg"":-148,""z_mg"":908}"
16.578,left_hand,og,tilt,,"{""roll_deg"":-3.3,""pitch_deg"":3.2,""steady"":true}"
16.578,left_hand,og,acc,140374,"{""seq"":803,""x_mg"":372,""y_mg"":-156,""z_mg"":904}"
16.578,left_hand,og,tilt,,"{""roll_deg"":-3.3,""pitch_deg"":3.2,""steady"":true}"
16.610,left_hand,og,acc,140395,"{""seq"":804,""x_mg"":368,""y_mg"":-156,""z_mg"":900}"
16.610,left_hand,og,tilt,,"{""roll_deg"":-3.3,""pitch_deg"":3.2,""steady"":true}"
16.610,left_hand,og,acc,140415,"{""seq"":805,""x_mg"":372,""y_mg"":-152,""z_mg"":904}"
16.610,left_hand,og,tilt,,"{""roll_deg"":-3.4,""pitch_deg"":3.2,""steady"":true}"
16.641,left_hand,og,acc,140436,"{""seq"":806,""x_mg"":376,""y_mg"":-152,""z_mg"":908}"
16.641,left_hand,og,tilt,,"{""roll_deg"":-3.4,""pitch_deg"":3.2,""steady"":true}"
16.672,left_hand,og,acc,140456,"{""seq"":807,""x_mg"":372,""y_mg"":-152,""z_mg"":916}"
16.672,left_hand,og,tilt,,"{""roll_deg"":-3.4,""pitch_deg"":3.2,""steady"":true}"
16.688,left_hand,og,acc,140477,"{""seq"":808,""x_mg"":376,""y_mg"":-160,""z_mg"":916}"
16.688,left_hand,og,tilt,,"{""roll_deg"":-3.4,""pitch_deg"":3.2,""steady"":true}"
16.688,left_hand,og,acc,140497,"{""seq"":809,""x_mg"":372,""y_mg"":-148,""z_mg"":920}"
16.688,left_hand,og,tilt,,"{""roll_deg"":-3.4,""pitch_deg"":3.2,""steady"":true}"
16.719,left_hand,og,acc,140518,"{""seq"":810,""x_mg"":384,""y_mg"":-152,""z_mg"":904}"
16.719,left_hand,og,tilt,,"{""roll_deg"":-3.4,""pitch_deg"":3.2,""steady"":true}"
16.750,left_hand,og,acc,140539,"{""seq"":811,""x_mg"":376,""y_mg"":-140,""z_mg"":908}"
16.750,left_hand,og,tilt,,"{""roll_deg"":-3.4,""pitch_deg"":3.2,""steady"":true}"
16.750,left_hand,og,acc,140559,"{""seq"":812,""x_mg"":376,""y_mg"":-144,""z_mg"":924}"
16.750,left_hand,og,tilt,,"{""roll_deg"":-3.4,""pitch_deg"":3.2,""steady"":true}"
16.782,left_hand,og,acc,140580,"{""seq"":813,""x_mg"":372,""y_mg"":-168,""z_mg"":900}"
16.782,left_hand,og,tilt,,"{""roll_deg"":-3.4,""pitch_deg"":3.3,""steady"":true}"
16.813,left_hand,og,acc,140600,"{""seq"":814,""x_mg"":380,""y_mg"":-148,""z_mg"":912}"
16.813,left_hand,og,tilt,,"{""roll_deg"":-3.3,""pitch_deg"":3.3,""steady"":true}"
16.813,left_hand,og,acc,140621,"{""seq"":815,""x_mg"":376,""y_mg"":-148,""z_mg"":912}"
16.813,left_hand,og,tilt,,"{""roll_deg"":-3.3,""pitch_deg"":3.3,""steady"":true}"
16.860,left_hand,og,acc,140641,"{""seq"":816,""x_mg"":376,""y_mg"":-156,""z_mg"":908}"
16.860,left_hand,og,tilt,,"{""roll_deg"":-3.3,""pitch_deg"":3.3,""steady"":true}"
16.875,left_hand,og,acc,140662,"{""seq"":817,""x_mg"":368,""y_mg"":-152,""z_mg"":908}"
16.875,left_hand,og,tilt,,"{""roll_deg"":-3.3,""pitch_deg"":3.3,""steady"":true}"
16.875,left_hand,og,acc,140683,"{""seq"":818,""x_mg"":376,""y_mg"":-144,""z_mg"":912}"
16.875,left_hand,og,tilt,,"{""roll_deg"":-3.3,""pitch_deg"":3.3,""steady"":true}"
16.907,left_hand,og,acc,140703,"{""seq"":819,""x_mg"":376,""y_mg"":-152,""z_mg"":916}"
16.907,left_hand,og,tilt,,"{""roll_deg"":-3.3,""pitch_deg"":3.3,""steady"":true}"
16.938,left_hand,og,acc,140724,"{""seq"":820,""x_mg"":380,""y_mg"":-164,""z_mg"":920}"
16.938,left_hand,og,tilt,,"{""roll_deg"":-3.3,""pitch_deg"":3.3,""steady"":true}"
16.969,left_hand,og,acc,140744,"{""seq"":821,""x_mg"":376,""y_mg"":-156,""z_mg"":916}"
16.969,left_hand,og,tilt,,"{""roll_deg"":-3.4,""pitch_deg"":3.3,""steady"":true}"
16.969,left_hand,og,acc,140765,"{""seq"":822,""x_mg"":380,""y_mg"":-140,""z_mg"":916}"
16.969,left_hand,og,tilt,,"{""roll_deg"":-3.4,""pitch_deg"":3.3,""steady"":true}"
17.000,left_hand,og,acc,140785,"{""seq"":823,""x_mg"":360,""y_mg"":-140,""z_mg"":908}"
17.000,left_hand,og,tilt,,"{""roll_deg"":-3.4,""pitch_deg"":3.3,""steady"":true}"
17.032,left_hand,og,acc,140806,"{""seq"":824,""x_mg"":380,""y_mg"":-160,""z_mg"":920}"
17.032,left_hand,og,tilt,,"{""roll_deg"":-3.4,""pitch_deg"":3.3,""steady"":true}"
17.032,left_hand,og,acc,140826,"{""seq"":825,""x_mg"":388,""y_mg"":-148,""z_mg"":900}"
17.032,left_hand,og,tilt,,"{""roll_deg"":-3.4,""pitch_deg"":3.3,""steady"":true}"
17.063,left_hand,og,acc,140847,"{""seq"":826,""x_mg"":384,""y_mg"":-140,""z_mg"":912}"
17.063,left_hand,og,tilt,,"{""roll_deg"":-3.3,""pitch_deg"":3.3,""steady"":true}"
17.078,left_hand,og,acc,140868,"{""seq"":827,""x_mg"":384,""y_mg"":-148,""z_mg"":896}"
17.078,left_hand,og,tilt,,"{""roll_deg"":-3.3,""pitch_deg"":3.4,""steady"":true}"
17.078,left_hand,og,acc,140888,"{""seq"":828,""x_mg"":376,""y_mg"":-156,""z_mg"":916}"
17.078,left_hand,og,tilt,,"{""roll_deg"":-3.3,""pitch_deg"":3.4,""steady"":true}"
17.110,left_hand,og,acc,140909,"{""seq"":829,""x_mg"":372,""y_mg"":-148,""z_mg"":904}"
17.110,left_hand,og,tilt,,"{""roll_deg"":-3.3,""pitch_deg"":3.5,""steady"":true}"
17.141,left_hand,og,acc,140929,"{""seq"":830,""x_mg"":380,""y_mg"":-148,""z_mg"":904}"
17.141,left_hand,og,tilt,,"{""roll_deg"":-3.3,""pitch_deg"":3.5,""steady"":true}"
17.157,,game,hold_complete,,"{""tx"":-5,""ty"":3,""mean_dist_deg"":2.1,""tolerance"":3.0}"
17.172,left_hand,og,acc,140950,"{""seq"":831,""x_mg"":380,""y_mg"":-140,""z_mg"":900}"
17.172,left_hand,og,tilt,,"{""roll_deg"":-3.3,""pitch_deg"":3.5,""steady"":true}"
17.172,left_hand,og,acc,140970,"{""seq"":832,""x_mg"":376,""y_mg"":-152,""z_mg"":908}"
17.172,left_hand,og,tilt,,"{""roll_deg"":-3.3,""pitch_deg"":3.5,""steady"":true}"
17.203,left_hand,og,acc,140991,"{""seq"":833,""x_mg"":380,""y_mg"":-156,""z_mg"":904}"
17.203,left_hand,og,tilt,,"{""roll_deg"":-3.3,""pitch_deg"":3.5,""steady"":true}"
17.235,left_hand,og,acc,141012,"{""seq"":834,""x_mg"":372,""y_mg"":-148,""z_mg"":920}"
17.235,left_hand,og,tilt,,"{""roll_deg"":-3.3,""pitch_deg"":3.6,""steady"":true}"
17.235,left_hand,og,acc,141032,"{""seq"":835,""x_mg"":388,""y_mg"":-140,""z_mg"":916}"
17.235,left_hand,og,tilt,,"{""roll_deg"":-3.3,""pitch_deg"":3.6,""steady"":true}"
17.266,left_hand,og,acc,141053,"{""seq"":836,""x_mg"":388,""y_mg"":-144,""z_mg"":924}"
17.266,left_hand,og,tilt,,"{""roll_deg"":-3.3,""pitch_deg"":3.6,""steady"":true}"
17.266,left_hand,og,acc,141073,"{""seq"":837,""x_mg"":376,""y_mg"":-128,""z_mg"":912}"
17.266,left_hand,og,tilt,,"{""roll_deg"":-3.2,""pitch_deg"":3.6,""steady"":true}"
17.282,left_hand,og,acc,141094,"{""seq"":838,""x_mg"":372,""y_mg"":-144,""z_mg"":920}"
17.282,left_hand,og,tilt,,"{""roll_deg"":-3.2,""pitch_deg"":3.6,""steady"":true}"
17.328,left_hand,og,acc,141114,"{""seq"":839,""x_mg"":368,""y_mg"":-164,""z_mg"":904}"
17.328,left_hand,og,tilt,,"{""roll_deg"":-3.1,""pitch_deg"":3.5,""steady"":true}"
17.328,left_hand,og,acc,141135,"{""seq"":840,""x_mg"":372,""y_mg"":-140,""z_mg"":908}"
17.328,left_hand,og,tilt,,"{""roll_deg"":-3.1,""pitch_deg"":3.5,""steady"":true}"
17.360,left_hand,og,acc,141155,"{""seq"":841,""x_mg"":368,""y_mg"":-140,""z_mg"":908}"
17.360,left_hand,og,tilt,,"{""roll_deg"":-3.0,""pitch_deg"":3.4,""steady"":true}"
17.391,left_hand,og,acc,141176,"{""seq"":842,""x_mg"":372,""y_mg"":-152,""z_mg"":916}"
17.391,left_hand,og,tilt,,"{""roll_deg"":-3.0,""pitch_deg"":3.4,""steady"":true}"
17.391,left_hand,og,acc,141197,"{""seq"":843,""x_mg"":376,""y_mg"":-176,""z_mg"":904}"
17.391,left_hand,og,tilt,,"{""roll_deg"":-3.1,""pitch_deg"":3.4,""steady"":true}"
17.422,left_hand,og,acc,141217,"{""seq"":844,""x_mg"":368,""y_mg"":-144,""z_mg"":912}"
17.422,left_hand,og,tilt,,"{""roll_deg"":-3.1,""pitch_deg"":3.3,""steady"":true}"
17.469,left_hand,og,acc,141238,"{""seq"":845,""x_mg"":360,""y_mg"":-160,""z_mg"":912}"
17.469,left_hand,og,tilt,,"{""roll_deg"":-3.1,""pitch_deg"":3.3,""steady"":true}"
17.469,left_hand,og,acc,141258,"{""seq"":846,""x_mg"":368,""y_mg"":-160,""z_mg"":920}"
17.469,left_hand,og,tilt,,"{""roll_deg"":-3.2,""pitch_deg"":3.2,""steady"":true}"
17.500,left_hand,og,acc,141279,"{""seq"":847,""x_mg"":372,""y_mg"":-144,""z_mg"":908}"
17.500,left_hand,og,tilt,,"{""roll_deg"":-3.3,""pitch_deg"":3.2,""steady"":true}"
17.532,left_hand,og,acc,141299,"{""seq"":848,""x_mg"":376,""y_mg"":-144,""z_mg"":924}"
17.532,left_hand,og,tilt,,"{""roll_deg"":-3.2,""pitch_deg"":3.2,""steady"":true}"
17.532,left_hand,og,acc,141320,"{""seq"":849,""x_mg"":364,""y_mg"":-168,""z_mg"":924}"
17.532,left_hand,og,tilt,,"{""roll_deg"":-3.3,""pitch_deg"":3.1,""steady"":true}"
17.563,left_hand,og,acc,141341,"{""seq"":850,""x_mg"":376,""y_mg"":-164,""z_mg"":920}"
17.563,left_hand,og,tilt,,"{""roll_deg"":-3.4,""pitch_deg"":3.1,""steady"":true}"
17.563,left_hand,og,acc,141361,"{""seq"":851,""x_mg"":376,""y_mg"":-164,""z_mg"":916}"
17.563,left_hand,og,tilt,,"{""roll_deg"":-3.5,""pitch_deg"":3.1,""steady"":true}"
17.594,left_hand,og,acc,141382,"{""seq"":852,""x_mg"":372,""y_mg"":-164,""z_mg"":908}"
17.594,left_hand,og,tilt,,"{""roll_deg"":-3.5,""pitch_deg"":3.1,""steady"":true}"
17.625,left_hand,og,acc,141402,"{""seq"":853,""x_mg"":388,""y_mg"":-160,""z_mg"":904}"
17.625,left_hand,og,tilt,,"{""roll_deg"":-3.6,""pitch_deg"":3.1,""steady"":true}"
17.625,left_hand,og,acc,141423,"{""seq"":854,""x_mg"":380,""y_mg"":-136,""z_mg"":912}"
17.625,left_hand,og,tilt,,"{""roll_deg"":-3.7,""pitch_deg"":3.1,""steady"":true}"
17.657,left_hand,og,acc,141443,"{""seq"":855,""x_mg"":384,""y_mg"":-152,""z_mg"":924}"
17.657,left_hand,og,tilt,,"{""roll_deg"":-3.7,""pitch_deg"":3.2,""steady"":true}"
17.688,left_hand,og,acc,141464,"{""seq"":856,""x_mg"":372,""y_mg"":-160,""z_mg"":916}"
17.688,left_hand,og,tilt,,"{""roll_deg"":-3.7,""pitch_deg"":3.2,""steady"":true}"
17.688,left_hand,og,acc,141485,"{""seq"":857,""x_mg"":388,""y_mg"":-140,""z_mg"":904}"
17.688,left_hand,og,tilt,,"{""roll_deg"":-3.7,""pitch_deg"":3.2,""steady"":true}"
17.719,left_hand,og,acc,141505,"{""seq"":858,""x_mg"":392,""y_mg"":-128,""z_mg"":916}"
17.719,left_hand,og,tilt,,"{""roll_deg"":-3.6,""pitch_deg"":3.3,""steady"":true}"
17.735,left_hand,og,acc,141526,"{""seq"":859,""x_mg"":388,""y_mg"":-144,""z_mg"":912}"
17.735,left_hand,og,tilt,,"{""roll_deg"":-3.5,""pitch_deg"":3.4,""steady"":true}"
17.766,left_hand,og,acc,141546,"{""seq"":860,""x_mg"":396,""y_mg"":-144,""z_mg"":900}"
17.766,left_hand,og,tilt,,"{""roll_deg"":-3.4,""pitch_deg"":3.5,""steady"":true}"
17.766,left_hand,og,acc,141567,"{""seq"":861,""x_mg"":392,""y_mg"":-144,""z_mg"":924}"
17.766,left_hand,og,tilt,,"{""roll_deg"":-3.4,""pitch_deg"":3.5,""steady"":true}"
17.797,left_hand,og,acc,141587,"{""seq"":862,""x_mg"":400,""y_mg"":-140,""z_mg"":924}"
17.797,left_hand,og,tilt,,"{""roll_deg"":-3.3,""pitch_deg"":3.6,""steady"":true}"
17.828,left_hand,og,acc,141608,"{""seq"":863,""x_mg"":388,""y_mg"":-132,""z_mg"":920}"
17.828,left_hand,og,tilt,,"{""roll_deg"":-3.2,""pitch_deg"":3.6,""steady"":true}"
17.828,left_hand,og,acc,141629,"{""seq"":864,""x_mg"":396,""y_mg"":-148,""z_mg"":916}"
17.828,left_hand,og,tilt,,"{""roll_deg"":-3.2,""pitch_deg"":3.7,""steady"":true}"
17.860,left_hand,og,acc,141649,"{""seq"":865,""x_mg"":404,""y_mg"":-164,""z_mg"":924}"
17.860,left_hand,og,tilt,,"{""roll_deg"":-3.2,""pitch_deg"":3.8,""steady"":true}"
17.891,left_hand,og,acc,141670,"{""seq"":866,""x_mg"":388,""y_mg"":-128,""z_mg"":916}"
17.891,left_hand,og,tilt,,"{""roll_deg"":-3.1,""pitch_deg"":3.8,""steady"":true}"
17.891,left_hand,og,acc,141690,"{""seq"":867,""x_mg"":376,""y_mg"":-116,""z_mg"":916}"
17.891,left_hand,og,tilt,,"{""roll_deg"":-3.0,""pitch_deg"":3.8,""steady"":true}"
17.907,left_hand,og,acc,141711,"{""seq"":868,""x_mg"":384,""y_mg"":-116,""z_mg"":908}"
17.907,left_hand,og,tilt,,"{""roll_deg"":-2.8,""pitch_deg"":3.9,""steady"":true}"
17.938,left_hand,og,acc,141731,"{""seq"":869,""x_mg"":376,""y_mg"":-116,""z_mg"":912}"
17.938,left_hand,og,tilt,,"{""roll_deg"":-2.7,""pitch_deg"":3.9,""steady"":true}"
17.969,left_hand,og,acc,141752,"{""seq"":870,""x_mg"":380,""y_mg"":-136,""z_mg"":900}"
17.969,left_hand,og,tilt,,"{""roll_deg"":-2.5,""pitch_deg"":3.8,""steady"":true}"
17.969,left_hand,og,acc,141773,"{""seq"":871,""x_mg"":384,""y_mg"":-128,""z_mg"":900}"
17.969,left_hand,og,tilt,,"{""roll_deg"":-2.3,""pitch_deg"":3.8,""steady"":true}"
18.016,left_hand,og,acc,141793,"{""seq"":872,""x_mg"":388,""y_mg"":-140,""z_mg"":884}"
18.016,left_hand,og,tilt,,"{""roll_deg"":-2.3,""pitch_deg"":3.8,""steady"":true}"
18.047,left_hand,og,acc,141814,"{""seq"":873,""x_mg"":384,""y_mg"":-156,""z_mg"":896}"
18.047,left_hand,og,tilt,,"{""roll_deg"":-2.3,""pitch_deg"":3.9,""steady"":true}"
18.047,left_hand,og,acc,141834,"{""seq"":874,""x_mg"":384,""y_mg"":-156,""z_mg"":900}"
18.047,left_hand,og,tilt,,"{""roll_deg"":-2.4,""pitch_deg"":3.9,""steady"":true}"
18.078,left_hand,og,acc,141855,"{""seq"":875,""x_mg"":380,""y_mg"":-160,""z_mg"":892}"
18.078,left_hand,og,tilt,,"{""roll_deg"":-2.6,""pitch_deg"":3.9,""steady"":true}"
18.078,left_hand,og,acc,141875,"{""seq"":876,""x_mg"":376,""y_mg"":-152,""z_mg"":904}"
18.078,left_hand,og,tilt,,"{""roll_deg"":-2.7,""pitch_deg"":3.9,""steady"":true}"
18.110,left_hand,og,acc,141896,"{""seq"":877,""x_mg"":388,""y_mg"":-164,""z_mg"":916}"
18.110,left_hand,og,tilt,,"{""roll_deg"":-2.9,""pitch_deg"":3.9,""steady"":true}"
18.125,left_hand,og,acc,141916,"{""seq"":878,""x_mg"":388,""y_mg"":-156,""z_mg"":912}"
18.125,left_hand,og,tilt,,"{""roll_deg"":-3.0,""pitch_deg"":3.9,""steady"":true}"
18.125,left_hand,og,acc,141937,"{""seq"":879,""x_mg"":380,""y_mg"":-136,""z_mg"":908}"
18.125,left_hand,og,tilt,,"{""roll_deg"":-3.1,""pitch_deg"":3.9,""steady"":true}"
18.157,left_hand,og,acc,141958,"{""seq"":880,""x_mg"":392,""y_mg"":-144,""z_mg"":920}"
18.157,left_hand,og,tilt,,"{""roll_deg"":-3.1,""pitch_deg"":3.9,""steady"":true}"
18.188,left_hand,og,acc,141978,"{""seq"":881,""x_mg"":388,""y_mg"":-164,""z_mg"":920}"
18.188,left_hand,og,tilt,,"{""roll_deg"":-3.2,""pitch_deg"":3.9,""steady"":true}"
18.219,left_hand,og,acc,141999,"{""seq"":882,""x_mg"":396,""y_mg"":-152,""z_mg"":916}"
18.219,left_hand,og,tremor,,"{""rms_mg"":9.4,""peak_hz"":12.0}"
18.219,left_hand,og,tilt,,"{""roll_deg"":-3.2,""pitch_deg"":3.9,""steady"":true}"
18.219,left_hand,og,acc,142019,"{""seq"":883,""x_mg"":396,""y_mg"":-144,""z_mg"":920}"
18.219,left_hand,og,tilt,,"{""roll_deg"":-3.2,""pitch_deg"":3.9,""steady"":true}"
18.250,left_hand,og,acc,142040,"{""seq"":884,""x_mg"":396,""y_mg"":-124,""z_mg"":904}"
18.250,left_hand,og,tilt,,"{""roll_deg"":-3.1,""pitch_deg"":4.0,""steady"":true}"
18.282,left_hand,og,acc,142060,"{""seq"":885,""x_mg"":388,""y_mg"":-140,""z_mg"":904}"
18.282,left_hand,og,tilt,,"{""roll_deg"":-3.1,""pitch_deg"":4.0,""steady"":true}"
18.282,left_hand,og,acc,142081,"{""seq"":886,""x_mg"":400,""y_mg"":-148,""z_mg"":900}"
18.282,left_hand,og,tilt,,"{""roll_deg"":-3.1,""pitch_deg"":4.0,""steady"":true}"
18.313,left_hand,og,acc,142102,"{""seq"":887,""x_mg"":404,""y_mg"":-156,""z_mg"":892}"
18.313,left_hand,og,tilt,,"{""roll_deg"":-3.1,""pitch_deg"":4.1,""steady"":true}"
18.328,left_hand,og,acc,142122,"{""seq"":888,""x_mg"":392,""y_mg"":-140,""z_mg"":892}"
18.328,left_hand,og,tilt,,"{""roll_deg"":-3.0,""pitch_deg"":4.2,""steady"":true}"
18.328,left_hand,og,acc,142143,"{""seq"":889,""x_mg"":388,""y_mg"":-148,""z_mg"":884}"
18.328,left_hand,og,tilt,,"{""roll_deg"":-3.1,""pitch_deg"":4.2,""steady"":true}"
18.360,left_hand,og,acc,142163,"{""seq"":890,""x_mg"":388,""y_mg"":-132,""z_mg"":900}"
18.360,left_hand,og,tilt,,"{""roll_deg"":-3.1,""pitch_deg"":4.3,""steady"":true}"
18.391,left_hand,og,acc,142184,"{""seq"":891,""x_mg"":384,""y_mg"":-136,""z_mg"":896}"
18.391,left_hand,og,tilt,,"{""roll_deg"":-3.1,""pitch_deg"":4.3,""steady"":true}"
18.422,left_hand,og,acc,142204,"{""seq"":892,""x_mg"":392,""y_mg"":-144,""z_mg"":900}"
18.422,left_hand,og,tilt,,"{""roll_deg"":-3.1,""pitch_deg"":4.3,""steady"":true}"
18.422,left_hand,og,acc,142225,"{""seq"":893,""x_mg"":392,""y_mg"":-152,""z_mg"":884}"
18.422,left_hand,og,tilt,,"{""roll_deg"":-3.1,""pitch_deg"":4.3,""steady"":true}"
18.453,left_hand,og,acc,142246,"{""seq"":894,""x_mg"":392,""y_mg"":-140,""z_mg"":904}"
18.453,left_hand,og,tilt,,"{""roll_deg"":-3.0,""pitch_deg"":4.3,""steady"":true}"
18.485,left_hand,og,acc,142266,"{""seq"":895,""x_mg"":380,""y_mg"":-124,""z_mg"":908}"
18.485,left_hand,og,tilt,,"{""roll_deg"":-3.0,""pitch_deg"":4.3,""steady"":true}"
18.485,left_hand,og,acc,142287,"{""seq"":896,""x_mg"":384,""y_mg"":-148,""z_mg"":904}"
18.485,left_hand,og,tilt,,"{""roll_deg"":-3.0,""pitch_deg"":4.3,""steady"":true}"
18.516,left_hand,og,acc,142307,"{""seq"":897,""x_mg"":392,""y_mg"":-136,""z_mg"":908}"
18.516,left_hand,og,tilt,,"{""roll_deg"":-3.0,""pitch_deg"":4.3,""steady"":true}"
18.547,left_hand,og,acc,142328,"{""seq"":898,""x_mg"":384,""y_mg"":-132,""z_mg"":920}"
18.547,left_hand,og,tilt,,"{""roll_deg"":-2.9,""pitch_deg"":4.3,""steady"":true}"
18.547,left_hand,og,acc,142348,"{""seq"":899,""x_mg"":388,""y_mg"":-124,""z_mg"":920}"
18.547,left_hand,og,tilt,,"{""roll_deg"":-2.8,""pitch_deg"":4.2,""steady"":true}"
18.563,left_hand,og,acc,142369,"{""seq"":900,""x_mg"":384,""y_mg"":-116,""z_mg"":920}"
18.563,left_hand,og,tilt,,"{""roll_deg"":-2.7,""pitch_deg"":4.2,""steady"":true}"
18.610,left_hand,og,acc,142390,"{""seq"":901,""x_mg"":392,""y_mg"":-136,""z_mg"":920}"
18.610,left_hand,og,tilt,,"{""roll_deg"":-2.7,""pitch_deg"":4.1,""steady"":true}"
18.641,left_hand,og,acc,142410,"{""seq"":902,""x_mg"":396,""y_mg"":-132,""z_mg"":896}"
18.641,left_hand,og,tilt,,"{""roll_deg"":-2.6,""pitch_deg"":4.1,""steady"":true}"
18.641,left_hand,og,acc,142431,"{""seq"":903,""x_mg"":396,""y_mg"":-128,""z_mg"":904}"
18.641,left_hand,og,tilt,,"{""roll_deg"":-2.5,""pitch_deg"":4.1,""steady"":true}"
18.672,left_hand,og,acc,142451,"{""seq"":904,""x_mg"":384,""y_mg"":-100,""z_mg"":908}"
18.672,left_hand,og,tilt,,"{""roll_deg"":-2.5,""pitch_deg"":4.1,""steady"":true}"
18.703,left_hand,og,acc,142472,"{""seq"":905,""x_mg"":384,""y_mg"":-116,""z_mg"":908}"
18.703,left_hand,og,tilt,,"{""roll_deg"":-2.4,""pitch_deg"":4.1,""steady"":true}"
18.703,left_hand,og,acc,142492,"{""seq"":906,""x_mg"":384,""y_mg"":-148,""z_mg"":904}"
18.703,left_hand,og,tilt,,"{""roll_deg"":-2.4,""pitch_deg"":4.0,""steady"":true}"
18.735,left_hand,og,acc,142513,"{""seq"":907,""x_mg"":392,""y_mg"":-124,""z_mg"":908}"
18.735,left_hand,og,tilt,,"{""roll_deg"":-2.3,""pitch_deg"":4.0,""steady"":true}"
18.750,left_hand,og,acc,142533,"{""seq"":908,""x_mg"":380,""y_mg"":-116,""z_mg"":916}"
18.750,left_hand,og,tilt,,"{""roll_deg"":-2.2,""pitch_deg"":4.0,""steady"":true}"
18.750,left_hand,og,acc,142554,"{""seq"":909,""x_mg"":384,""y_mg"":-132,""z_mg"":904}"
18.750,left_hand,og,tilt,,"{""roll_deg"":-2.1,""pitch_deg"":4.0,""steady"":true}"
18.782,left_hand,og,acc,142575,"{""seq"":910,""x_mg"":392,""y_mg"":-136,""z_mg"":908}"
18.782,left_hand,og,tilt,,"{""roll_deg"":-2.1,""pitch_deg"":4.0,""steady"":true}"
18.813,left_hand,og,acc,142595,"{""seq"":911,""x_mg"":392,""y_mg"":-112,""z_mg"":924}"
18.813,left_hand,og,tilt,,"{""roll_deg"":-2.1,""pitch_deg"":4.0,""steady"":true}"
18.844,left_hand,og,acc,142616,"{""seq"":912,""x_mg"":396,""y_mg"":-104,""z_mg"":912}"
18.844,left_hand,og,tilt,,"{""roll_deg"":-2.0,""pitch_deg"":4.0,""steady"":true}"
18.844,left_hand,og,acc,142636,"{""seq"":913,""x_mg"":392,""y_mg"":-124,""z_mg"":908}"
18.844,left_hand,og,tilt,,"{""roll_deg"":-2.0,""pitch_deg"":4.0,""steady"":true}"
18.875,left_hand,og,acc,142657,"{""seq"":914,""x_mg"":412,""y_mg"":-140,""z_mg"":908}"
18.875,left_hand,og,tilt,,"{""roll_deg"":-1.9,""pitch_deg"":4.0,""steady"":true}"
18.875,left_hand,og,acc,142677,"{""seq"":915,""x_mg"":404,""y_mg"":-136,""z_mg"":908}"
18.875,left_hand,og,tilt,,"{""roll_deg"":-1.9,""pitch_deg"":4.1,""steady"":true}"
18.907,left_hand,og,acc,142698,"{""seq"":916,""x_mg"":408,""y_mg"":-116,""z_mg"":916}"
18.907,left_hand,og,tilt,,"{""roll_deg"":-1.9,""pitch_deg"":4.2,""steady"":true}"
18.938,left_hand,og,acc,142719,"{""seq"":917,""x_mg"":388,""y_mg"":-124,""z_mg"":924}"
18.938,left_hand,og,tilt,,"{""roll_deg"":-1.9,""pitch_deg"":4.3,""steady"":true}"
18.938,left_hand,og,acc,142739,"{""seq"":918,""x_mg"":384,""y_mg"":-128,""z_mg"":920}"
18.938,left_hand,og,tilt,,"{""roll_deg"":-1.9,""pitch_deg"":4.3,""steady"":true}"
18.953,left_hand,og,acc,142760,"{""seq"":919,""x_mg"":420,""y_mg"":-112,""z_mg"":924}"
18.953,left_hand,og,tilt,,"{""roll_deg"":-1.9,""pitch_deg"":4.4,""steady"":true}"
18.985,left_hand,og,acc,142780,"{""seq"":920,""x_mg"":408,""y_mg"":-136,""z_mg"":920}"
18.985,left_hand,og,tilt,,"{""roll_deg"":-1.8,""pitch_deg"":4.5,""steady"":true}"
19.016,left_hand,og,acc,142801,"{""seq"":921,""x_mg"":412,""y_mg"":-148,""z_mg"":912}"
19.016,left_hand,og,tilt,,"{""roll_deg"":-1.8,""pitch_deg"":4.5,""steady"":true}"
19.016,left_hand,og,acc,142821,"{""seq"":922,""x_mg"":404,""y_mg"":-136,""z_mg"":908}"
19.016,left_hand,og,tilt,,"{""roll_deg"":-1.9,""pitch_deg"":4.6,""steady"":true}"
19.047,left_hand,og,acc,142842,"{""seq"":923,""x_mg"":408,""y_mg"":-124,""z_mg"":904}"
19.047,left_hand,og,tilt,,"{""roll_deg"":-2.0,""pitch_deg"":4.6,""steady"":true}"
19.078,left_hand,og,acc,142863,"{""seq"":924,""x_mg"":400,""y_mg"":-128,""z_mg"":924}"
19.078,left_hand,og,tilt,,"{""roll_deg"":-2.0,""pitch_deg"":4.7,""steady"":true}"
19.078,left_hand,og,acc,142883,"{""seq"":925,""x_mg"":384,""y_mg"":-132,""z_mg"":920}"
19.078,left_hand,og,tilt,,"{""roll_deg"":-2.0,""pitch_deg"":4.7,""steady"":true}"
19.110,left_hand,og,acc,142904,"{""seq"":926,""x_mg"":400,""y_mg"":-132,""z_mg"":920}"
19.110,left_hand,og,tilt,,"{""roll_deg"":-2.0,""pitch_deg"":4.7,""steady"":true}"
19.141,left_hand,og,acc,142924,"{""seq"":927,""x_mg"":396,""y_mg"":-124,""z_mg"":924}"
19.141,left_hand,og,tilt,,"{""roll_deg"":-2.0,""pitch_deg"":4.6,""steady"":true}"
19.141,left_hand,og,acc,142945,"{""seq"":928,""x_mg"":380,""y_mg"":-104,""z_mg"":920}"
19.141,left_hand,og,tilt,,"{""roll_deg"":-2.0,""pitch_deg"":4.6,""steady"":true}"
19.172,left_hand,og,acc,142965,"{""seq"":929,""x_mg"":376,""y_mg"":-132,""z_mg"":900}"
19.172,left_hand,og,tilt,,"{""roll_deg"":-2.0,""pitch_deg"":4.4,""steady"":true}"
19.188,left_hand,og,acc,142986,"{""seq"":930,""x_mg"":372,""y_mg"":-132,""z_mg"":908}"
19.188,left_hand,og,tilt,,"{""roll_deg"":-2.0,""pitch_deg"":4.3,""steady"":true}"
19.219,left_hand,og,acc,143007,"{""seq"":931,""x_mg"":364,""y_mg"":-84,""z_mg"":908}"
19.219,left_hand,og,tilt,,"{""roll_deg"":-2.0,""pitch_deg"":4.2,""steady"":true}"
19.219,left_hand,og,acc,143027,"{""seq"":932,""x_mg"":356,""y_mg"":-76,""z_mg"":904}"
19.219,left_hand,og,tilt,,"{""roll_deg"":-1.8,""pitch_deg"":4.1,""steady"":true}"
19.250,left_hand,og,acc,143048,"{""seq"":933,""x_mg"":368,""y_mg"":-116,""z_mg"":912}"
19.250,left_hand,og,tilt,,"{""roll_deg"":-1.7,""pitch_deg"":4.0,""steady"":true}"
19.297,left_hand,og,acc,143068,"{""seq"":934,""x_mg"":376,""y_mg"":-124,""z_mg"":908}"
19.297,left_hand,og,tilt,,"{""roll_deg"":-1.7,""pitch_deg"":3.8,""steady"":true}"
19.297,left_hand,og,acc,143089,"{""seq"":935,""x_mg"":376,""y_mg"":-120,""z_mg"":908}"
19.297,left_hand,og,tilt,,"{""roll_deg"":-1.6,""pitch_deg"":3.7,""steady"":true}"
19.328,left_hand,og,acc,143109,"{""seq"":936,""x_mg"":392,""y_mg"":-132,""z_mg"":916}"
19.328,left_hand,og,tilt,,"{""roll_deg"":-1.6,""pitch_deg"":3.7,""steady"":true}"
19.360,left_hand,og,acc,143130,"{""seq"":937,""x_mg"":388,""y_mg"":-140,""z_mg"":912}"
19.360,left_hand,og,tilt,,"{""roll_deg"":-1.6,""pitch_deg"":3.6,""steady"":true}"
19.360,left_hand,og,acc,143151,"{""seq"":938,""x_mg"":388,""y_mg"":-128,""z_mg"":916}"
19.360,left_hand,og,tilt,,"{""roll_deg"":-1.7,""pitch_deg"":3.7,""steady"":true}"
19.375,left_hand,og,acc,143171,"{""seq"":939,""x_mg"":392,""y_mg"":-136,""z_mg"":928}"
19.375,left_hand,og,tilt,,"{""roll_deg"":-1.7,""pitch_deg"":3.7,""steady"":true}"
19.407,left_hand,og,acc,143192,"{""seq"":940,""x_mg"":388,""y_mg"":-148,""z_mg"":924}"
19.407,left_hand,og,tilt,,"{""roll_deg"":-1.8,""pitch_deg"":3.7,""steady"":true}"
19.438,left_hand,og,acc,143212,"{""seq"":941,""x_mg"":388,""y_mg"":-148,""z_mg"":928}"
19.438,left_hand,og,tilt,,"{""roll_deg"":-1.9,""pitch_deg"":3.7,""steady"":true}"
19.438,left_hand,og,acc,143233,"{""seq"":942,""x_mg"":400,""y_mg"":-144,""z_mg"":920}"
19.438,left_hand,og,tilt,,"{""roll_deg"":-2.0,""pitch_deg"":3.7,""steady"":true}"
19.469,left_hand,og,acc,143253,"{""seq"":943,""x_mg"":396,""y_mg"":-132,""z_mg"":920}"
19.469,left_hand,og,tilt,,"{""roll_deg"":-2.1,""pitch_deg"":3.7,""steady"":true}"
19.500,left_hand,og,acc,143274,"{""seq"":944,""x_mg"":388,""y_mg"":-116,""z_mg"":920}"
19.500,left_hand,og,tilt,,"{""roll_deg"":-2.2,""pitch_deg"":3.8,""steady"":true}"
19.500,left_hand,og,acc,143295,"{""seq"":945,""x_mg"":384,""y_mg"":-128,""z_mg"":928}"
19.500,left_hand,og,tilt,,"{""roll_deg"":-2.2,""pitch_deg"":3.8,""steady"":true}"
19.532,left_hand,og,acc,143315,"{""seq"":946,""x_mg"":380,""y_mg"":-128,""z_mg"":916}"
19.532,left_hand,og,tilt,,"{""roll_deg"":-2.2,""pitch_deg"":3.8,""steady"":true}"
19.563,left_hand,og,acc,143336,"{""seq"":947,""x_mg"":396,""y_mg"":-116,""z_mg"":904}"
19.563,left_hand,og,tilt,,"{""roll_deg"":-2.1,""pitch_deg"":3.8,""steady"":true}"
19.563,left_hand,og,acc,143356,"{""seq"":948,""x_mg"":396,""y_mg"":-112,""z_mg"":904}"
19.563,left_hand,og,tilt,,"{""roll_deg"":-2.0,""pitch_deg"":3.8,""steady"":true}"
19.578,left_hand,og,acc,143377,"{""seq"":949,""x_mg"":392,""y_mg"":-124,""z_mg"":900}"
19.578,left_hand,og,tilt,,"{""roll_deg"":-2.0,""pitch_deg"":3.8,""steady"":true}"
19.610,left_hand,og,acc,143397,"{""seq"":950,""x_mg"":384,""y_mg"":-116,""z_mg"":896}"
19.610,left_hand,og,tilt,,"{""roll_deg"":-1.9,""pitch_deg"":3.9,""steady"":true}"
19.641,left_hand,og,acc,143418,"{""seq"":951,""x_mg"":392,""y_mg"":-124,""z_mg"":900}"
19.641,left_hand,og,tilt,,"{""roll_deg"":-1.9,""pitch_deg"":4.0,""steady"":true}"
19.641,left_hand,og,acc,143438,"{""seq"":952,""x_mg"":392,""y_mg"":-132,""z_mg"":908}"
19.641,left_hand,og,tilt,,"{""roll_deg"":-1.9,""pitch_deg"":4.0,""steady"":true}"
19.672,left_hand,og,acc,143459,"{""seq"":953,""x_mg"":404,""y_mg"":-124,""z_mg"":904}"
19.672,left_hand,og,tilt,,"{""roll_deg"":-1.9,""pitch_deg"":4.1,""steady"":true}"
19.703,left_hand,og,acc,143480,"{""seq"":954,""x_mg"":388,""y_mg"":-120,""z_mg"":900}"
19.703,left_hand,og,tilt,,"{""roll_deg"":-1.8,""pitch_deg"":4.1,""steady"":true}"
19.703,left_hand,og,acc,143500,"{""seq"":955,""x_mg"":396,""y_mg"":-132,""z_mg"":900}"
19.703,left_hand,og,tilt,,"{""roll_deg"":-1.8,""pitch_deg"":4.2,""steady"":true}"
19.735,left_hand,og,acc,143521,"{""seq"":956,""x_mg"":388,""y_mg"":-120,""z_mg"":924}"
19.735,left_hand,og,tilt,,"{""roll_deg"":-1.8,""pitch_deg"":4.2,""steady"":true}"
19.735,left_hand,og,acc,143541,"{""seq"":957,""x_mg"":372,""y_mg"":-112,""z_mg"":920}"
19.735,left_hand,og,tilt,,"{""roll_deg"":-1.8,""pitch_deg"":4.2,""steady"":true}"
19.766,left_hand,og,acc,143562,"{""seq"":958,""x_mg"":388,""y_mg"":-124,""z_mg"":916}"
19.766,left_hand,og,tilt,,"{""roll_deg"":-1.8,""pitch_deg"":4.1,""steady"":true}"
19.782,left_hand,og,acc,143582,"{""seq"":959,""x_mg"":392,""y_mg"":-148,""z_mg"":908}"
19.782,left_hand,og,tilt,,"{""roll_deg"":-1.8,""pitch_deg"":4.1,""steady"":true}"
19.813,left_hand,og,acc,143603,"{""seq"":960,""x_mg"":380,""y_mg"":-128,""z_mg"":908}"
19.813,left_hand,og,tilt,,"{""roll_deg"":-1.8,""pitch_deg"":4.1,""steady"":true}"
19.844,left_hand,og,acc,143624,"{""seq"":961,""x_mg"":376,""y_mg"":-124,""z_mg"":924}"
19.844,left_hand,og,tilt,,"{""roll_deg"":-1.7,""pitch_deg"":4.0,""steady"":true}"
19.844,left_hand,og,acc,143644,"{""seq"":962,""x_mg"":388,""y_mg"":-120,""z_mg"":928}"
19.844,left_hand,og,tilt,,"{""roll_deg"":-1.7,""pitch_deg"":4.0,""steady"":true}"
19.875,left_hand,og,acc,143665,"{""seq"":963,""x_mg"":392,""y_mg"":-120,""z_mg"":908}"
19.875,left_hand,og,tilt,,"{""roll_deg"":-1.7,""pitch_deg"":3.9,""steady"":true}"
19.875,left_hand,og,acc,143685,"{""seq"":964,""x_mg"":388,""y_mg"":-116,""z_mg"":920}"
19.875,left_hand,og,tilt,,"{""roll_deg"":-1.7,""pitch_deg"":3.9,""steady"":true}"
19.907,left_hand,og,acc,143706,"{""seq"":965,""x_mg"":396,""y_mg"":-104,""z_mg"":920}"
19.907,left_hand,og,tilt,,"{""roll_deg"":-1.7,""pitch_deg"":3.9,""steady"":true}"
19.938,left_hand,og,acc,143726,"{""seq"":966,""x_mg"":388,""y_mg"":-104,""z_mg"":920}"
19.938,left_hand,og,tilt,,"{""roll_deg"":-1.6,""pitch_deg"":3.9,""steady"":true}"
19.938,left_hand,og,acc,143747,"{""seq"":967,""x_mg"":388,""y_mg"":-136,""z_mg"":908}"
19.938,left_hand,og,tilt,,"{""roll_deg"":-1.5,""pitch_deg"":3.9,""steady"":true}"
19.969,left_hand,og,acc,143768,"{""seq"":968,""x_mg"":384,""y_mg"":-140,""z_mg"":924}"
19.969,left_hand,og,tilt,,"{""roll_deg"":-1.5,""pitch_deg"":3.9,""steady"":true}"
20.000,left_hand,og,acc,143788,"{""seq"":969,""x_mg"":372,""y_mg"":-84,""z_mg"":924}"
20.000,left_hand,og,tilt,,"{""roll_deg"":-1.4,""pitch_deg"":3.9,""steady"":true}"
20.000,left_hand,og,acc,143809,"{""seq"":970,""x_mg"":376,""y_mg"":-64,""z_mg"":928}"
20.000,left_hand,og,tilt,,"{""roll_deg"":-1.3,""pitch_deg"":3.8,""steady"":true}"
20.047,left_hand,og,acc,143829,"{""seq"":971,""x_mg"":372,""y_mg"":-64,""z_mg"":924}"
20.047,left_hand,og,tilt,,"{""roll_deg"":-1.0,""pitch_deg"":3.7,""steady"":true}"
20.078,left_hand,og,acc,143850,"{""seq"":972,""x_mg"":372,""y_mg"":-92,""z_mg"":924}"
20.078,left_hand,og,tilt,,"{""roll_deg"":-0.8,""pitch_deg"":3.6,""steady"":true}"
20.078,left_hand,og,acc,143870,"{""seq"":973,""x_mg"":384,""y_mg"":-100,""z_mg"":892}"
20.078,left_hand,og,tilt,,"{""roll_deg"":-0.6,""pitch_deg"":3.5,""steady"":true}"
20.110,left_hand,og,acc,143891,"{""seq"":974,""x_mg"":392,""y_mg"":-76,""z_mg"":900}"
20.110,left_hand,og,tilt,,"{""roll_deg"":-0.4,""pitch_deg"":3.5,""steady"":true}"
20.141,left_hand,og,acc,143911,"{""seq"":975,""x_mg"":368,""y_mg"":-48,""z_mg"":932}"
20.141,left_hand,og,tilt,,"{""roll_deg"":-0.2,""pitch_deg"":3.4,""steady"":true}"
20.141,left_hand,og,acc,143932,"{""seq"":976,""x_mg"":360,""y_mg"":-56,""z_mg"":916}"
20.141,left_hand,og,tilt,,"{""roll_deg"":-0.0,""pitch_deg"":3.3,""steady"":true}"
20.172,left_hand,og,acc,143953,"{""seq"":977,""x_mg"":392,""y_mg"":-84,""z_mg"":920}"
20.172,left_hand,og,tilt,,"{""roll_deg"":0.1,""pitch_deg"":3.4,""steady"":true}"
20.172,left_hand,og,acc,143973,"{""seq"":978,""x_mg"":396,""y_mg"":-96,""z_mg"":924}"
20.172,left_hand,og,tilt,,"{""roll_deg"":0.3,""pitch_deg"":3.5,""steady"":true}"
20.203,left_hand,og,acc,143994,"{""seq"":979,""x_mg"":404,""y_mg"":-112,""z_mg"":928}"
20.203,left_hand,og,tilt,,"{""roll_deg"":0.3,""pitch_deg"":3.5,""steady"":true}"
20.235,left_hand,og,acc,144014,"{""seq"":980,""x_mg"":388,""y_mg"":-88,""z_mg"":928}"
20.235,left_hand,og,tremor,,"{""rms_mg"":9.2,""peak_hz"":12.0}"
20.235,left_hand,og,tilt,,"{""roll_deg"":0.4,""pitch_deg"":3.6,""steady"":true}"
20.235,left_hand,og,acc,144035,"{""seq"":981,""x_mg"":392,""y_mg"":-56,""z_mg"":932}"
20.235,left_hand,og,tilt,,"{""roll_deg"":0.4,""pitch_deg"":3.6,""steady"":true}"
20.266,left_hand,og,acc,144055,"{""seq"":982,""x_mg"":380,""y_mg"":-32,""z_mg"":940}"
20.266,left_hand,og,tilt,,"{""roll_deg"":0.4,""pitch_deg"":3.6,""steady"":true}"
20.297,left_hand,og,acc,144076,"{""seq"":983,""x_mg"":384,""y_mg"":-48,""z_mg"":924}"
20.297,left_hand,og,tilt,,"{""roll_deg"":0.7,""pitch_deg"":3.6,""steady"":true}"
20.297,left_hand,og,acc,144097,"{""seq"":984,""x_mg"":396,""y_mg"":-68,""z_mg"":916}"
20.297,left_hand,og,tilt,,"{""roll_deg"":0.9,""pitch_deg"":3.6,""steady"":true}"
20.328,left_hand,og,acc,144117,"{""seq"":985,""x_mg"":412,""y_mg"":-72,""z_mg"":916}"
20.328,left_hand,og,tilt,,"{""roll_deg"":1.1,""pitch_deg"":3.6,""steady"":true}"
20.360,left_hand,og,acc,144138,"{""seq"":986,""x_mg"":396,""y_mg"":-68,""z_mg"":912}"
20.360,left_hand,og,tilt,,"{""roll_deg"":1.2,""pitch_deg"":3.7,""steady"":true}"
20.360,left_hand,og,acc,144158,"{""seq"":987,""x_mg"":392,""y_mg"":-44,""z_mg"":920}"
20.360,left_hand,og,tilt,,"{""roll_deg"":1.3,""pitch_deg"":3.8,""steady"":true}"
20.391,left_hand,og,acc,144179,"{""seq"":988,""x_mg"":384,""y_mg"":-32,""z_mg"":916}"
20.391,left_hand,og,tilt,,"{""roll_deg"":1.3,""pitch_deg"":3.9,""steady"":true}"
20.407,left_hand,og,acc,144199,"{""seq"":989,""x_mg"":392,""y_mg"":-44,""z_mg"":920}"
20.407,left_hand,og,tilt,,"{""roll_deg"":1.6,""pitch_deg"":3.9,""steady"":true}"
20.407,left_hand,og,acc,144220,"{""seq"":990,""x_mg"":392,""y_mg"":-48,""z_mg"":928}"
20.407,left_hand,og,tilt,,"{""roll_deg"":1.8,""pitch_deg"":3.9,""steady"":true}"
20.438,left_hand,og,acc,144241,"{""seq"":991,""x_mg"":400,""y_mg"":-60,""z_mg"":916}"
20.438,left_hand,og,tilt,,"{""roll_deg"":1.9,""pitch_deg"":3.9,""steady"":true}"
20.469,left_hand,og,acc,144261,"{""seq"":992,""x_mg"":376,""y_mg"":-48,""z_mg"":928}"
20.469,left_hand,og,tilt,,"{""roll_deg"":2.1,""pitch_deg"":3.9,""steady"":true}"
20.500,left_hand,og,acc,144282,"{""seq"":993,""x_mg"":376,""y_mg"":-32,""z_mg"":924}"
20.500,left_hand,og,tilt,,"{""roll_deg"":2.2,""pitch_deg"":3.9,""steady"":true}"
20.500,left_hand,og,acc,144302,"{""seq"":994,""x_mg"":368,""y_mg"":-28,""z_mg"":928}"
20.500,left_hand,og,tilt,,"{""roll_deg"":2.3,""pitch_deg"":3.8,""steady"":true}"
20.532,left_hand,og,acc,144323,"{""seq"":995,""x_mg"":376,""y_mg"":-36,""z_mg"":916}"
20.532,left_hand,og,tilt,,"{""roll_deg"":2.5,""pitch_deg"":3.7,""steady"":true}"
20.563,left_hand,og,acc,144343,"{""seq"":996,""x_mg"":364,""y_mg"":-20,""z_mg"":904}"
20.563,left_hand,og,tilt,,"{""roll_deg"":2.7,""pitch_deg"":3.6,""steady"":true}"
20.563,left_hand,og,acc,144364,"{""seq"":997,""x_mg"":380,""y_mg"":-32,""z_mg"":896}"
20.563,left_hand,og,tilt,,"{""roll_deg"":2.8,""pitch_deg"":3.5,""steady"":true}"
20.594,left_hand,og,acc,144385,"{""seq"":998,""x_mg"":384,""y_mg"":-36,""z_mg"":912}"
20.594,left_hand,og,tilt,,"{""roll_deg"":3.0,""pitch_deg"":3.5,""steady"":true}"
20.610,left_hand,og,acc,144405,"{""seq"":999,""x_mg"":372,""y_mg"":-48,""z_mg"":912}"
20.610,left_hand,og,tilt,,"{""roll_deg"":3.1,""pitch_deg"":3.5,""steady"":true}"
20.610,left_hand,og,acc,144426,"{""seq"":1000,""x_mg"":392,""y_mg"":-48,""z_mg"":928}"
20.610,left_hand,og,tilt,,"{""roll_deg"":3.1,""pitch_deg"":3.5,""steady"":true}"
20.657,left_hand,og,acc,144446,"{""seq"":1001,""x_mg"":388,""y_mg"":-68,""z_mg"":948}"
20.657,left_hand,og,tilt,,"{""roll_deg"":3.1,""pitch_deg"":3.5,""steady"":true}"
20.688,left_hand,og,acc,144467,"{""seq"":1002,""x_mg"":384,""y_mg"":-64,""z_mg"":944}"
20.688,left_hand,og,tilt,,"{""roll_deg"":3.1,""pitch_deg"":3.5,""steady"":true}"
20.719,left_hand,og,acc,144487,"{""seq"":1003,""x_mg"":384,""y_mg"":-68,""z_mg"":932}"
20.719,left_hand,og,tilt,,"{""roll_deg"":3.0,""pitch_deg"":3.5,""steady"":true}"
20.719,left_hand,og,acc,144508,"{""seq"":1004,""x_mg"":392,""y_mg"":-80,""z_mg"":932}"
20.719,left_hand,og,tilt,,"{""roll_deg"":2.9,""pitch_deg"":3.4,""steady"":true}"
20.750,left_hand,og,acc,144528,"{""seq"":1005,""x_mg"":412,""y_mg"":-60,""z_mg"":928}"
20.750,left_hand,og,tilt,,"{""roll_deg"":2.8,""pitch_deg"":3.4,""steady"":true}"
20.750,left_hand,og,acc,144549,"{""seq"":1006,""x_mg"":400,""y_mg"":-48,""z_mg"":932}"
20.750,left_hand,og,tilt,,"{""roll_deg"":2.7,""pitch_deg"":3.5,""steady"":true}"
20.782,left_hand,og,acc,144570,"{""seq"":1007,""x_mg"":396,""y_mg"":-36,""z_mg"":924}"
20.782,left_hand,og,tilt,,"{""roll_deg"":2.6,""pitch_deg"":3.5,""steady"":true}"
20.813,left_hand,og,acc,144590,"{""seq"":1008,""x_mg"":404,""y_mg"":-48,""z_mg"":924}"
20.813,left_hand,og,tilt,,"{""roll_deg"":2.7,""pitch_deg"":3.6,""steady"":true}"
20.813,left_hand,og,acc,144611,"{""seq"":1009,""x_mg"":404,""y_mg"":-64,""z_mg"":928}"
20.813,left_hand,og,tilt,,"{""roll_deg"":2.7,""pitch_deg"":3.7,""steady"":true}"
20.828,left_hand,og,acc,144631,"{""seq"":1010,""x_mg"":412,""y_mg"":-68,""z_mg"":920}"
20.828,left_hand,og,tilt,,"{""roll_deg"":2.8,""pitch_deg"":3.8,""steady"":true}"
20.860,left_hand,og,acc,144652,"{""seq"":1011,""x_mg"":404,""y_mg"":-60,""z_mg"":928}"
20.860,left_hand,og,tilt,,"{""roll_deg"":2.7,""pitch_deg"":3.9,""steady"":true}"
20.891,left_hand,og,acc,144672,"{""seq"":1012,""x_mg"":408,""y_mg"":-68,""z_mg"":928}"
20.891,left_hand,og,tilt,,"{""roll_deg"":2.6,""pitch_deg"":4.0,""steady"":true}"
20.922,left_hand,og,acc,144693,"{""seq"":1013,""x_mg"":400,""y_mg"":-84,""z_mg"":920}"
20.922,left_hand,og,tilt,,"{""roll_deg"":2.5,""pitch_deg"":4.0,""steady"":true}"
20.922,left_hand,og,acc,144714,"{""seq"":1014,""x_mg"":388,""y_mg"":-84,""z_mg"":928}"
20.922,left_hand,og,tilt,,"{""roll_deg"":2.5,""pitch_deg"":4.1,""steady"":true}"
20.953,left_hand,og,acc,144734,"{""seq"":1015,""x_mg"":388,""y_mg"":-84,""z_mg"":912}"
20.953,left_hand,og,tilt,,"{""roll_deg"":2.3,""pitch_deg"":4.1,""steady"":true}"
20.953,left_hand,og,acc,144755,"{""seq"":1016,""x_mg"":384,""y_mg"":-84,""z_mg"":920}"
20.953,left_hand,og,tilt,,"{""roll_deg"":2.1,""pitch_deg"":4.1,""steady"":true}"
20.985,left_hand,og,acc,144775,"{""seq"":1017,""x_mg"":388,""y_mg"":-84,""z_mg"":920}"
20.985,left_hand,og,tilt,,"{""roll_deg"":1.9,""pitch_deg"":4.1,""steady"":true}"
21.016,left_hand,og,acc,144796,"{""seq"":1018,""x_mg"":384,""y_mg"":-80,""z_mg"":912}"
21.016,left_hand,og,tilt,,"{""roll_deg"":1.8,""pitch_deg"":4.0,""steady"":true}"
21.016,left_hand,og,acc,144816,"{""seq"":1019,""x_mg"":384,""y_mg"":-84,""z_mg"":912}"
21.016,left_hand,og,tilt,,"{""roll_deg"":1.7,""pitch_deg"":4.0,""steady"":true}"
21.032,left_hand,og,acc,144837,"{""seq"":1020,""x_mg"":392,""y_mg"":-96,""z_mg"":904}"
21.032,left_hand,og,tilt,,"{""roll_deg"":1.6,""pitch_deg"":4.0,""steady"":true}"
21.063,left_hand,og,acc,144858,"{""seq"":1021,""x_mg"":400,""y_mg"":-96,""z_mg"":912}"
21.063,left_hand,og,tilt,,"{""roll_deg"":1.5,""pitch_deg"":3.9,""steady"":true}"
21.094,left_hand,og,acc,144878,"{""seq"":1022,""x_mg"":400,""y_mg"":-108,""z_mg"":912}"
21.094,left_hand,og,tilt,,"{""roll_deg"":1.3,""pitch_deg"":4.0,""steady"":true}"
21.125,left_hand,og,acc,144899,"{""seq"":1023,""x_mg"":392,""y_mg"":-100,""z_mg"":900}"
21.125,left_hand,og,tilt,,"{""roll_deg"":1.1,""pitch_deg"":4.0,""steady"":true}"
21.125,left_hand,og,acc,144919,"{""seq"":1024,""x_mg"":400,""y_mg"":-76,""z_mg"":912}"
21.125,left_hand,og,tilt,,"{""roll_deg"":1.0,""pitch_deg"":4.1,""steady"":true}"
21.157,left_hand,og,acc,144940,"{""seq"":1025,""x_mg"":400,""y_mg"":-96,""z_mg"":928}"
21.157,left_hand,og,tilt,,"{""roll_deg"":0.9,""pitch_deg"":4.2,""steady"":true}"
21.157,left_hand,og,acc,144960,"{""seq"":1026,""x_mg"":392,""y_mg"":-100,""z_mg"":912}"
21.157,left_hand,og,tilt,,"{""roll_deg"":0.7,""pitch_deg"":4.2,""steady"":true}"
21.188,left_hand,og,acc,144981,"{""seq"":1027,""x_mg"":392,""y_mg"":-76,""z_mg"":916}"
21.188,left_hand,og,tilt,,"{""roll_deg"":0.7,""pitch_deg"":4.2,""steady"":true}"
21.219,left_hand,og,acc,145001,"{""seq"":1028,""x_mg"":404,""y_mg"":-76,""z_mg"":916}"
21.219,left_hand,og,tilt,,"{""roll_deg"":0.7,""pitch_deg"":4.2,""steady"":true}"
21.219,left_hand,og,acc,145022,"{""seq"":1029,""x_mg"":400,""y_mg"":-80,""z_mg"":908}"
21.219,left_hand,og,tilt,,"{""roll_deg"":0.8,""pitch_deg"":4.2,""steady"":true}"
21.235,left_hand,og,acc,145043,"{""seq"":1030,""x_mg"":420,""y_mg"":-108,""z_mg"":916}"
21.235,left_hand,og,tilt,,"{""roll_deg"":0.8,""pitch_deg"":4.3,""steady"":true}"
21.266,left_hand,og,acc,145063,"{""seq"":1031,""x_mg"":412,""y_mg"":-104,""z_mg"":904}"
21.266,left_hand,og,tilt,,"{""roll_deg"":0.8,""pitch_deg"":4.3,""steady"":true}"
21.297,left_hand,og,acc,145084,"{""seq"":1032,""x_mg"":412,""y_mg"":-96,""z_mg"":920}"
21.297,left_hand,og,tilt,,"{""roll_deg"":0.7,""pitch_deg"":4.4,""steady"":true}"
21.297,left_hand,og,acc,145104,"{""seq"":1033,""x_mg"":416,""y_mg"":-80,""z_mg"":904}"
21.297,left_hand,og,tilt,,"{""roll_deg"":0.6,""pitch_deg"":4.5,""steady"":true}"
21.328,left_hand,og,acc,145125,"{""seq"":1034,""x_mg"":416,""y_mg"":-80,""z_mg"":908}"
21.328,left_hand,og,tilt,,"{""roll_deg"":0.6,""pitch_deg"":4.6,""steady"":true}"
21.360,left_hand,og,acc,145145,"{""seq"":1035,""x_mg"":412,""y_mg"":-92,""z_mg"":924}"
21.360,left_hand,og,tilt,,"{""roll_deg"":0.5,""pitch_deg"":4.7,""steady"":true}"
21.360,left_hand,og,acc,145166,"{""seq"":1036,""x_mg"":408,""y_mg"":-80,""z_mg"":912}"
21.360,left_hand,og,tilt,,"{""roll_deg"":0.6,""pitch_deg"":4.8,""steady"":true}"
21.407,left_hand,og,acc,145187,"{""seq"":1037,""x_mg"":400,""y_mg"":-68,""z_mg"":908}"
21.407,left_hand,og,tilt,,"{""roll_deg"":0.6,""pitch_deg"":4.8,""steady"":true}"
21.438,left_hand,og,acc,145207,"{""seq"":1038,""x_mg"":408,""y_mg"":-72,""z_mg"":908}"
21.438,left_hand,og,tilt,,"{""roll_deg"":0.7,""pitch_deg"":4.8,""steady"":true}"
21.438,left_hand,og,acc,145228,"{""seq"":1039,""x_mg"":416,""y_mg"":-80,""z_mg"":892}"
21.438,left_hand,og,tilt,,"{""roll_deg"":0.7,""pitch_deg"":4.9,""steady"":true}"
21.453,left_hand,og,acc,145248,"{""seq"":1040,""x_mg"":400,""y_mg"":-88,""z_mg"":924}"
21.453,left_hand,og,tilt,,"{""roll_deg"":0.8,""pitch_deg"":4.9,""steady"":true}"
21.485,left_hand,og,acc,145269,"{""seq"":1041,""x_mg"":412,""y_mg"":-100,""z_mg"":900}"
21.485,left_hand,og,tilt,,"{""roll_deg"":0.8,""pitch_deg"":4.9,""steady"":true}"
21.516,left_hand,og,acc,145289,"{""seq"":1042,""x_mg"":420,""y_mg"":-100,""z_mg"":896}"
21.516,left_hand,og,tilt,,"{""roll_deg"":0.8,""pitch_deg"":5.0,""steady"":true}"
21.516,left_hand,og,acc,145310,"{""seq"":1043,""x_mg"":404,""y_mg"":-84,""z_mg"":908}"
21.516,left_hand,og,tilt,,"{""roll_deg"":0.7,""pitch_deg"":5.0,""steady"":true}"
21.547,left_hand,og,acc,145330,"{""seq"":1044,""x_mg"":408,""y_mg"":-72,""z_mg"":892}"
21.547,left_hand,og,tilt,,"{""roll_deg"":0.7,""pitch_deg"":5.1,""steady"":true}"
21.578,left_hand,og,acc,145351,"{""seq"":1045,""x_mg"":412,""y_mg"":-84,""z_mg"":912}"
21.578,left_hand,og,tilt,,"{""roll_deg"":0.7,""pitch_deg"":5.1,""steady"":true}"
21.578,left_hand,og,acc,145372,"{""seq"":1046,""x_mg"":404,""y_mg"":-108,""z_mg"":900}"
21.578,left_hand,og,tilt,,"{""roll_deg"":0.7,""pitch_deg"":5.2,""steady"":true}"
21.610,left_hand,og,acc,145392,"{""seq"":1047,""x_mg"":408,""y_mg"":-100,""z_mg"":896}"
21.610,left_hand,og,tilt,,"{""roll_deg"":0.7,""pitch_deg"":5.2,""steady"":true}"
21.641,left_hand,og,acc,145413,"{""seq"":1048,""x_mg"":412,""y_mg"":-88,""z_mg"":892}"
21.641,left_hand,og,tilt,,"{""roll_deg"":0.7,""pitch_deg"":5.2,""steady"":true}"
21.641,left_hand,og,acc,145433,"{""seq"":1049,""x_mg"":396,""y_mg"":-104,""z_mg"":900}"
21.641,left_hand,og,tilt,,"{""roll_deg"":0.6,""pitch_deg"":5.2,""steady"":true}"
21.657,,game,hold_complete,,"{""tx"":1,""ty"":5,""mean_dist_deg"":1.83,""tolerance"":3.0}"
21.657,left_hand,og,acc,145454,"{""seq"":1050,""x_mg"":420,""y_mg"":-80,""z_mg"":900}"
21.657,left_hand,og,tilt,,"{""roll_deg"":0.4,""pitch_deg"":5.2,""steady"":true}"
21.688,left_hand,og,acc,145474,"{""seq"":1051,""x_mg"":412,""y_mg"":-92,""z_mg"":908}"
21.688,left_hand,og,tilt,,"{""roll_deg"":0.4,""pitch_deg"":5.2,""steady"":true}"
21.719,left_hand,og,acc,145495,"{""seq"":1052,""x_mg"":424,""y_mg"":-100,""z_mg"":904}"
21.719,left_hand,og,tilt,,"{""roll_deg"":0.4,""pitch_deg"":5.3,""steady"":true}"
21.719,left_hand,og,acc,145516,"{""seq"":1053,""x_mg"":416,""y_mg"":-88,""z_mg"":900}"
21.719,left_hand,og,tilt,,"{""roll_deg"":0.4,""pitch_deg"":5.3,""steady"":true}"
21.750,left_hand,og,acc,145536,"{""seq"":1054,""x_mg"":416,""y_mg"":-100,""z_mg"":912}"
21.750,left_hand,og,tilt,,"{""roll_deg"":0.4,""pitch_deg"":5.4,""steady"":true}"
21.750,left_hand,og,acc,145557,"{""seq"":1055,""x_mg"":416,""y_mg"":-108,""z_mg"":900}"
21.750,left_hand,og,tilt,,"{""roll_deg"":0.3,""pitch_deg"":5.4,""steady"":true}"
21.782,left_hand,og,acc,145577,"{""seq"":1056,""x_mg"":420,""y_mg"":-96,""z_mg"":880}"
21.782,left_hand,og,tilt,,"{""roll_deg"":0.2,""pitch_deg"":5.5,""steady"":true}"
21.813,left_hand,og,acc,145598,"{""seq"":1057,""x_mg"":412,""y_mg"":-76,""z_mg"":888}"
21.813,left_hand,og,tilt,,"{""roll_deg"":0.2,""pitch_deg"":5.5,""steady"":true}"
21.813,left_hand,og,acc,145618,"{""seq"":1058,""x_mg"":420,""y_mg"":-84,""z_mg"":904}"
21.813,left_hand,og,tilt,,"{""roll_deg"":0.1,""pitch_deg"":5.5,""steady"":true}"
21.844,left_hand,og,acc,145639,"{""seq"":1059,""x_mg"":412,""y_mg"":-104,""z_mg"":904}"
21.844,left_hand,og,tilt,,"{""roll_deg"":0.1,""pitch_deg"":5.6,""steady"":true}"
21.875,left_hand,og,acc,145660,"{""seq"":1060,""x_mg"":408,""y_mg"":-96,""z_mg"":908}"
21.875,left_hand,og,tilt,,"{""roll_deg"":0.1,""pitch_deg"":5.6,""steady"":true}"
21.875,left_hand,og,acc,145680,"{""seq"":1061,""x_mg"":428,""y_mg"":-108,""z_mg"":912}"
21.875,left_hand,og,tilt,,"{""roll_deg"":0.1,""pitch_deg"":5.6,""steady"":true}"
21.907,left_hand,og,acc,145701,"{""seq"":1062,""x_mg"":436,""y_mg"":-76,""z_mg"":892}"
21.907,left_hand,og,tilt,,"{""roll_deg"":0.1,""pitch_deg"":5.6,""steady"":true}"
21.938,left_hand,og,acc,145721,"{""seq"":1063,""x_mg"":424,""y_mg"":-72,""z_mg"":904}"
21.938,left_hand,og,tilt,,"{""roll_deg"":0.0,""pitch_deg"":5.7,""steady"":true}"
21.938,left_hand,og,acc,145742,"{""seq"":1064,""x_mg"":416,""y_mg"":-96,""z_mg"":908}"
21.938,left_hand,og,tilt,,"{""roll_deg"":0.0,""pitch_deg"":5.7,""steady"":true}"
21.969,left_hand,og,acc,145762,"{""seq"":1065,""x_mg"":412,""y_mg"":-112,""z_mg"":916}"
21.969,left_hand,og,tilt,,"{""roll_deg"":0.0,""pitch_deg"":5.8,""steady"":true}"
22.000,left_hand,og,acc,145783,"{""seq"":1066,""x_mg"":428,""y_mg"":-96,""z_mg"":896}"
22.000,left_hand,og,tilt,,"{""roll_deg"":0.0,""pitch_deg"":5.8,""steady"":true}"
22.000,left_hand,og,acc,145804,"{""seq"":1067,""x_mg"":424,""y_mg"":-80,""z_mg"":916}"
22.000,left_hand,og,tilt,,"{""roll_deg"":0.0,""pitch_deg"":5.8,""steady"":true}"
22.032,left_hand,og,acc,145824,"{""seq"":1068,""x_mg"":408,""y_mg"":-80,""z_mg"":908}"
22.032,left_hand,og,tilt,,"{""roll_deg"":0.0,""pitch_deg"":5.8,""steady"":true}"
22.063,left_hand,og,acc,145845,"{""seq"":1069,""x_mg"":420,""y_mg"":-100,""z_mg"":912}"
22.063,left_hand,og,tilt,,"{""roll_deg"":0.0,""pitch_deg"":5.8,""steady"":true}"
22.063,left_hand,og,acc,145865,"{""seq"":1070,""x_mg"":428,""y_mg"":-104,""z_mg"":912}"
22.063,left_hand,og,tilt,,"{""roll_deg"":-0.0,""pitch_deg"":5.8,""steady"":true}"
22.094,left_hand,og,acc,145886,"{""seq"":1071,""x_mg"":416,""y_mg"":-92,""z_mg"":908}"
22.094,left_hand,og,tilt,,"{""roll_deg"":0.0,""pitch_deg"":5.7,""steady"":true}"
22.110,left_hand,og,acc,145906,"{""seq"":1072,""x_mg"":408,""y_mg"":-112,""z_mg"":904}"
22.110,left_hand,og,tilt,,"{""roll_deg"":-0.0,""pitch_deg"":5.7,""steady"":true}"
22.141,left_hand,og,acc,145927,"{""seq"":1073,""x_mg"":404,""y_mg"":-104,""z_mg"":896}"
22.141,left_hand,og,tilt,,"{""roll_deg"":-0.1,""pitch_deg"":5.7,""steady"":true}"
22.141,left_hand,og,acc,145947,"{""seq"":1074,""x_mg"":396,""y_mg"":-92,""z_mg"":900}"
22.141,left_hand,og,tilt,,"{""roll_deg"":-0.1,""pitch_deg"":5.6,""steady"":true}"
22.172,left_hand,og,acc,145968,"{""seq"":1075,""x_mg"":404,""y_mg"":-116,""z_mg"":904}"
22.172,left_hand,og,tilt,,"{""roll_deg"":-0.2,""pitch_deg"":5.6,""steady"":true}"
22.219,left_hand,og,acc,145989,"{""seq"":1076,""x_mg"":396,""y_mg"":-128,""z_mg"":884}"
22.219,left_hand,og,tilt,,"{""roll_deg"":-0.3,""pitch_deg"":5.5,""steady"":true}"
22.219,left_hand,og,acc,146009,"{""seq"":1077,""x_mg"":396,""y_mg"":-100,""z_mg"":888}"
22.219,left_hand,og,tilt,,"{""roll_deg"":-0.3,""pitch_deg"":5.5,""steady"":true}"
22.250,left_hand,og,acc,146030,"{""seq"":1078,""x_mg"":400,""y_mg"":-72,""z_mg"":884}"
22.250,left_hand,og,tremor,,"{""rms_mg"":13.9,""peak_hz"":7.6}"
22.250,left_hand,og,tilt,,"{""roll_deg"":-0.3,""pitch_deg"":5.4,""steady"":true}"
22.282,left_hand,og,acc,146050,"{""seq"":1079,""x_mg"":392,""y_mg"":-84,""z_mg"":888}"
22.282,left_hand,og,tilt,,"{""roll_deg"":-0.3,""pitch_deg"":5.3,""steady"":true}"
22.282,left_hand,og,acc,146071,"{""seq"":1080,""x_mg"":408,""y_mg"":-104,""z_mg"":884}"
22.282,left_hand,og,tilt,,"{""roll_deg"":-0.3,""pitch_deg"":5.3,""steady"":true}"
22.297,left_hand,og,acc,146091,"{""seq"":1081,""x_mg"":404,""y_mg"":-80,""z_mg"":888}"
22.297,left_hand,og,tilt,,"{""roll_deg"":-0.2,""pitch_deg"":5.3,""steady"":true}"
22.328,left_hand,og,acc,146112,"{""seq"":1082,""x_mg"":392,""y_mg"":-72,""z_mg"":880}"
22.328,left_hand,og,tilt,,"{""roll_deg"":-0.1,""pitch_deg"":5.3,""steady"":true}"
22.360,left_hand,og,acc,146132,"{""seq"":1083,""x_mg"":408,""y_mg"":-76,""z_mg"":888}"
22.360,left_hand,og,tilt,,"{""roll_deg"":0.0,""pitch_deg"":5.3,""steady"":true}"
22.360,left_hand,og,acc,146153,"{""seq"":1084,""x_mg"":420,""y_mg"":-76,""z_mg"":900}"
22.360,left_hand,og,tilt,,"{""roll_deg"":0.2,""pitch_deg"":5.3,""steady"":true}"
22.391,left_hand,og,acc,146174,"{""seq"":1085,""x_mg"":432,""y_mg"":-88,""z_mg"":904}"
22.391,left_hand,og,tilt,,"{""roll_deg"":0.3,""pitch_deg"":5.4,""steady"":true}"
22.422,left_hand,og,acc,146194,"{""seq"":1086,""x_mg"":428,""y_mg"":-88,""z_mg"":904}"
22.422,left_hand,og,tilt,,"{""roll_deg"":0.4,""pitch_deg"":5.4,""steady"":true}"
22.422,left_hand,og,acc,146215,"{""seq"":1087,""x_mg"":416,""y_mg"":-68,""z_mg"":916}"
22.422,left_hand,og,tilt,,"{""roll_deg"":0.5,""pitch_deg"":5.5,""steady"":true}"
22.453,left_hand,og,acc,146235,"{""seq"":1088,""x_mg"":420,""y_mg"":-52,""z_mg"":932}"
22.453,left_hand,og,tilt,,"{""roll_deg"":0.6,""pitch_deg"":5.6,""steady"":true}"
22.453,left_hand,og,acc,146256,"{""seq"":1089,""x_mg"":448,""y_mg"":-60,""z_mg"":936}"
22.453,left_hand,og,tilt,,"{""roll_deg"":0.7,""pitch_deg"":5.6,""steady"":true}"
22.485,left_hand,og,acc,146277,"{""seq"":1090,""x_mg"":424,""y_mg"":-64,""z_mg"":932}"
22.485,left_hand,og,tilt,,"{""roll_deg"":0.9,""pitch_deg"":5.6,""steady"":true}"
22.500,left_hand,og,acc,146297,"{""seq"":1091,""x_mg"":412,""y_mg"":-40,""z_mg"":924}"
22.500,left_hand,og,tilt,,"{""roll_deg"":1.0,""pitch_deg"":5.6,""steady"":true}"
22.532,left_hand,og,acc,146318,"{""seq"":1092,""x_mg"":400,""y_mg"":-44,""z_mg"":936}"
22.532,left_hand,og,tilt,,"{""roll_deg"":1.3,""pitch_deg"":5.5,""steady"":true}"
22.563,left_hand,og,acc,146338,"{""seq"":1093,""x_mg"":412,""y_mg"":-64,""z_mg"":932}"
22.563,left_hand,og,tilt,,"{""roll_deg"":1.4,""pitch_deg"":5.5,""steady"":true}"
22.563,left_hand,og,acc,146359,"{""seq"":1094,""x_mg"":388,""y_mg"":-56,""z_mg"":908}"
22.563,left_hand,og,tilt,,"{""roll_deg"":1.5,""pitch_deg"":5.4,""steady"":true}"
22.594,left_hand,og,acc,146379,"{""seq"":1095,""x_mg"":368,""y_mg"":-36,""z_mg"":892}"
22.594,left_hand,og,tilt,,"{""roll_deg"":1.7,""pitch_deg"":5.2,""steady"":true}"
22.594,left_hand,og,acc,146400,"{""seq"":1096,""x_mg"":360,""y_mg"":-40,""z_mg"":896}"
22.594,left_hand,og,tilt,,"{""roll_deg"":1.9,""pitch_deg"":5.1,""steady"":true}"
22.625,left_hand,og,acc,146420,"{""seq"":1097,""x_mg"":364,""y_mg"":-40,""z_mg"":888}"
22.625,left_hand,og,tilt,,"{""roll_deg"":2.1,""pitch_deg"":4.9,""steady"":true}"
22.657,left_hand,og,acc,146441,"{""seq"":1098,""x_mg"":360,""y_mg"":-40,""z_mg"":892}"
22.657,left_hand,og,tilt,,"{""roll_deg"":2.3,""pitch_deg"":4.7,""steady"":true}"
22.657,left_hand,og,acc,146462,"{""seq"":1099,""x_mg"":376,""y_mg"":-40,""z_mg"":892}"
22.657,left_hand,og,tilt,,"{""roll_deg"":2.4,""pitch_deg"":4.5,""steady"":true}"
22.688,left_hand,og,acc,146482,"{""seq"":1100,""x_mg"":412,""y_mg"":-36,""z_mg"":904}"
22.688,left_hand,og,tilt,,"{""roll_deg"":2.5,""pitch_deg"":4.3,""steady"":true}"
22.703,left_hand,og,acc,146503,"{""seq"":1101,""x_mg"":412,""y_mg"":-16,""z_mg"":912}"
22.703,left_hand,og,tilt,,"{""roll_deg"":2.6,""pitch_deg"":4.3,""steady"":true}"
22.703,left_hand,og,acc,146523,"{""seq"":1102,""x_mg"":392,""y_mg"":-12,""z_mg"":928}"
22.703,left_hand,og,tilt,,"{""roll_deg"":2.8,""pitch_deg"":4.2,""steady"":true}"
22.735,left_hand,og,acc,146544,"{""seq"":1103,""x_mg"":388,""y_mg"":-8,""z_mg"":956}"
22.735,left_hand,og,tilt,,"{""roll_deg"":3.0,""pitch_deg"":4.2,""steady"":true}"
22.766,left_hand,og,acc,146564,"{""seq"":1104,""x_mg"":392,""y_mg"":-12,""z_mg"":956}"
22.766,left_hand,og,tilt,,"{""roll_deg"":3.3,""pitch_deg"":4.1,""steady"":true}"
22.797,left_hand,og,acc,146585,"{""seq"":1105,""x_mg"":412,""y_mg"":-20,""z_mg"":948}"
22.813,left_hand,og,tilt,,"{""roll_deg"":3.6,""pitch_deg"":4.1,""steady"":true}"
22.813,left_hand,og,acc,146606,"{""seq"":1106,""x_mg"":408,""y_mg"":-40,""z_mg"":940}"
22.813,left_hand,og,tilt,,"{""roll_deg"":3.8,""pitch_deg"":4.1,""steady"":true}"
22.844,left_hand,og,acc,146626,"{""seq"":1107,""x_mg"":408,""y_mg"":-28,""z_mg"":952}"
22.844,left_hand,og,tilt,,"{""roll_deg"":3.9,""pitch_deg"":4.1,""steady"":true}"
22.875,left_hand,og,acc,146647,"{""seq"":1108,""x_mg"":412,""y_mg"":-16,""z_mg"":924}"
22.875,left_hand,og,tilt,,"{""roll_deg"":4.0,""pitch_deg"":4.1,""steady"":true}"
22.875,left_hand,og,acc,146667,"{""seq"":1109,""x_mg"":436,""y_mg"":-36,""z_mg"":920}"
22.875,left_hand,og,tilt,,"{""roll_deg"":4.0,""pitch_deg"":4.1,""steady"":true}"
22.907,left_hand,og,acc,146688,"{""seq"":1110,""x_mg"":440,""y_mg"":-24,""z_mg"":924}"
22.907,left_hand,og,tilt,,"{""roll_deg"":4.1,""pitch_deg"":4.2,""steady"":true}"
22.922,left_hand,og,acc,146708,"{""seq"":1111,""x_mg"":420,""y_mg"":-16,""z_mg"":920}"
22.922,left_hand,og,tilt,,"{""roll_deg"":4.1,""pitch_deg"":4.4,""steady"":true}"
22.922,left_hand,og,acc,146729,"{""seq"":1112,""x_mg"":416,""y_mg"":-20,""z_mg"":912}"
22.922,left_hand,og,tilt,,"{""roll_deg"":4.2,""pitch_deg"":4.5,""steady"":true}"
22.953,left_hand,og,acc,146749,"{""seq"":1113,""x_mg"":384,""y_mg"":-24,""z_mg"":896}"
22.953,left_hand,og,tilt,,"{""roll_deg"":4.2,""pitch_deg"":4.6,""steady"":true}"
22.985,left_hand,og,acc,146770,"{""seq"":1114,""x_mg"":364,""y_mg"":-16,""z_mg"":908}"
22.985,left_hand,og,tilt,,"{""roll_deg"":4.3,""pitch_deg"":4.7,""steady"":true}"
23.016,left_hand,og,acc,146791,"{""seq"":1115,""x_mg"":356,""y_mg"":-12,""z_mg"":900}"
23.016,left_hand,og,tilt,,"{""roll_deg"":4.4,""pitch_deg"":4.6,""steady"":true}"
23.016,left_hand,og,acc,146811,"{""seq"":1116,""x_mg"":368,""y_mg"":-24,""z_mg"":884}"
23.016,left_hand,og,tilt,,"{""roll_deg"":4.4,""pitch_deg"":4.5,""steady"":true}"
23.047,left_hand,og,acc,146832,"{""seq"":1117,""x_mg"":392,""y_mg"":-12,""z_mg"":892}"
23.047,left_hand,og,tilt,,"{""roll_deg"":4.5,""pitch_deg"":4.4,""steady"":true}"
23.078,left_hand,og,acc,146852,"{""seq"":1118,""x_mg"":392,""y_mg"":0,""z_mg"":896}"
23.078,left_hand,og,tilt,,"{""roll_deg"":4.6,""pitch_deg"":4.3,""steady"":true}"
23.078,left_hand,og,acc,146873,"{""seq"":1119,""x_mg"":420,""y_mg"":16,""z_mg"":880}"
23.078,left_hand,og,tilt,,"{""roll_deg"":4.7,""pitch_deg"":4.3,""steady"":true}"
23.110,left_hand,og,acc,146893,"{""seq"":1120,""x_mg"":352,""y_mg"":24,""z_mg"":888}"
23.110,left_hand,og,tilt,,"{""roll_deg"":4.8,""pitch_deg"":4.3,""steady"":true}"
23.141,left_hand,og,acc,146914,"{""seq"":1121,""x_mg"":400,""y_mg"":12,""z_mg"":912}"
23.141,left_hand,og,tilt,,"{""roll_deg"":5.1,""pitch_deg"":4.4,""steady"":true}"
23.141,left_hand,og,acc,146935,"{""seq"":1122,""x_mg"":440,""y_mg"":-8,""z_mg"":960}"
23.141,left_hand,og,tilt,,"{""roll_deg"":5.3,""pitch_deg"":4.4,""steady"":true}"
23.157,left_hand,og,acc,146955,"{""seq"":1123,""x_mg"":392,""y_mg"":-20,""z_mg"":960}"
23.157,left_hand,og,tilt,,"{""roll_deg"":5.5,""pitch_deg"":4.4,""steady"":true}"
23.188,left_hand,og,acc,146976,"{""seq"":1124,""x_mg"":412,""y_mg"":-24,""z_mg"":932}"
23.188,left_hand,og,tilt,,"{""roll_deg"":5.5,""pitch_deg"":4.4,""steady"":true}"
23.219,left_hand,og,acc,146996,"{""seq"":1125,""x_mg"":432,""y_mg"":-32,""z_mg"":920}"
23.219,left_hand,og,tilt,,"{""roll_deg"":5.4,""pitch_deg"":4.5,""steady"":true}"
23.219,left_hand,og,acc,147017,"{""seq"":1126,""x_mg"":408,""y_mg"":-12,""z_mg"":908}"
23.219,left_hand,og,tilt,,"{""roll_deg"":5.3,""pitch_deg"":4.6,""steady"":true}"
23.250,left_hand,og,acc,147037,"{""seq"":1127,""x_mg"":420,""y_mg"":20,""z_mg"":908}"
23.250,left_hand,og,tilt,,"{""roll_deg"":5.3,""pitch_deg"":4.6,""steady"":true}"
23.282,left_hand,og,acc,147058,"{""seq"":1128,""x_mg"":420,""y_mg"":24,""z_mg"":900}"
23.282,left_hand,og,tilt,,"{""roll_deg"":5.3,""pitch_deg"":4.8,""steady"":true}"
23.282,left_hand,og,acc,147078,"{""seq"":1129,""x_mg"":424,""y_mg"":28,""z_mg"":884}"
23.282,left_hand,og,tilt,,"{""roll_deg"":5.5,""pitch_deg"":4.9,""steady"":true}"
23.313,left_hand,og,acc,147099,"{""seq"":1130,""x_mg"":416,""y_mg"":20,""z_mg"":888}"
23.313,left_hand,og,tilt,,"{""roll_deg"":5.7,""pitch_deg"":5.0,""steady"":true}"
23.313,left_hand,og,acc,147120,"{""seq"":1131,""x_mg"":420,""y_mg"":16,""z_mg"":872}"
23.313,left_hand,og,tilt,,"{""roll_deg"":5.9,""pitch_deg"":5.1,""steady"":true}"
23.344,left_hand,og,acc,147140,"{""seq"":1132,""x_mg"":400,""y_mg"":28,""z_mg"":880}"
23.344,left_hand,og,tilt,,"{""roll_deg"":6.1,""pitch_deg"":5.2,""steady"":true}"
23.360,left_hand,og,acc,147161,"{""seq"":1133,""x_mg"":432,""y_mg"":28,""z_mg"":888}"
23.360,left_hand,og,tilt,,"{""roll_deg"":6.3,""pitch_deg"":5.4,""steady"":true}"
23.391,left_hand,og,acc,147181,"{""seq"":1134,""x_mg"":444,""y_mg"":20,""z_mg"":876}"
23.391,left_hand,og,tilt,,"{""roll_deg"":6.4,""pitch_deg"":5.6,""steady"":true}"
23.422,left_hand,og,acc,147202,"{""seq"":1135,""x_mg"":436,""y_mg"":20,""z_mg"":884}"
23.422,left_hand,og,tilt,,"{""roll_deg"":6.5,""pitch_deg"":5.7,""steady"":true}"
23.422,left_hand,og,acc,147222,"{""seq"":1136,""x_mg"":444,""y_mg"":0,""z_mg"":888}"
23.422,left_hand,og,tilt,,"{""roll_deg"":6.6,""pitch_deg"":5.9,""steady"":true}"
23.453,left_hand,og,acc,147243,"{""seq"":1137,""x_mg"":448,""y_mg"":4,""z_mg"":884}"
23.453,left_hand,og,tilt,,"{""roll_deg"":6.7,""pitch_deg"":6.1,""steady"":true}"
23.485,left_hand,og,acc,147264,"{""seq"":1138,""x_mg"":444,""y_mg"":32,""z_mg"":884}"
23.485,left_hand,og,tilt,,"{""roll_deg"":6.8,""pitch_deg"":6.3,""steady"":true}"
23.485,left_hand,og,acc,147284,"{""seq"":1139,""x_mg"":420,""y_mg"":36,""z_mg"":872}"
23.485,left_hand,og,tilt,,"{""roll_deg"":6.9,""pitch_deg"":6.4,""steady"":true}"
23.516,left_hand,og,acc,147305,"{""seq"":1140,""x_mg"":424,""y_mg"":20,""z_mg"":896}"
23.516,left_hand,og,tilt,,"{""roll_deg"":6.9,""pitch_deg"":6.5,""steady"":true}"
23.516,left_hand,og,acc,147325,"{""seq"":1141,""x_mg"":444,""y_mg"":16,""z_mg"":888}"
23.516,left_hand,og,tilt,,"{""roll_deg"":7.0,""pitch_deg"":6.6,""steady"":true}"
23.532,left_hand,og,acc,147346,"{""seq"":1142,""x_mg"":452,""y_mg"":20,""z_mg"":880}"
23.532,left_hand,og,tilt,,"{""roll_deg"":7.0,""pitch_deg"":6.7,""steady"":true}"
23.578,left_hand,og,acc,147366,"{""seq"":1143,""x_mg"":452,""y_mg"":24,""z_mg"":892}"
23.578,left_hand,og,tilt,,"{""roll_deg"":7.0,""pitch_deg"":6.8,""steady"":true}"
23.610,left_hand,og,acc,147387,"{""seq"":1144,""x_mg"":448,""y_mg"":24,""z_mg"":888}"
23.610,left_hand,og,tilt,,"{""roll_deg"":7.1,""pitch_deg"":6.9,""steady"":true}"
23.610,left_hand,og,acc,147408,"{""seq"":1145,""x_mg"":468,""y_mg"":28,""z_mg"":880}"
23.610,left_hand,og,tilt,,"{""roll_deg"":7.1,""pitch_deg"":7.0,""steady"":true}"
23.641,left_hand,og,acc,147428,"{""seq"":1146,""x_mg"":464,""y_mg"":44,""z_mg"":872}"
23.641,left_hand,og,tilt,,"{""roll_deg"":7.2,""pitch_deg"":7.2,""steady"":true}"
23.672,left_hand,og,acc,147449,"{""seq"":1147,""x_mg"":436,""y_mg"":68,""z_mg"":880}"
23.672,left_hand,og,tilt,,"{""roll_deg"":7.3,""pitch_deg"":7.2,""steady"":true}"
23.672,left_hand,og,acc,147469,"{""seq"":1148,""x_mg"":412,""y_mg"":68,""z_mg"":912}"
23.672,left_hand,og,tilt,,"{""roll_deg"":7.5,""pitch_deg"":7.3,""steady"":true}"
23.703,left_hand,og,acc,147490,"{""seq"":1149,""x_mg"":396,""y_mg"":44,""z_mg"":916}"
23.703,left_hand,og,tilt,,"{""roll_deg"":7.6,""pitch_deg"":7.3,""steady"":true}"
23.735,left_hand,og,acc,147510,"{""seq"":1150,""x_mg"":404,""y_mg"":32,""z_mg"":916}"
23.735,left_hand,og,tilt,,"{""roll_deg"":7.8,""pitch_deg"":7.0,""steady"":true}"
23.735,left_hand,og,acc,147531,"{""seq"":1151,""x_mg"":384,""y_mg"":64,""z_mg"":916}"
23.735,left_hand,og,tilt,,"{""roll_deg"":8.1,""pitch_deg"":6.8,""steady"":true}"
23.750,left_hand,og,acc,147551,"{""seq"":1152,""x_mg"":360,""y_mg"":60,""z_mg"":920}"
23.750,left_hand,og,tilt,,"{""roll_deg"":8.3,""pitch_deg"":6.5,""steady"":true}"
23.782,left_hand,og,acc,147572,"{""seq"":1153,""x_mg"":360,""y_mg"":40,""z_mg"":896}"
23.782,left_hand,og,tilt,,"{""roll_deg"":8.3,""pitch_deg"":6.1,""steady"":true}"
23.813,left_hand,og,acc,147593,"{""seq"":1154,""x_mg"":364,""y_mg"":56,""z_mg"":920}"
23.813,left_hand,og,tilt,,"{""roll_deg"":8.5,""pitch_deg"":5.7,""steady"":true}"
23.813,left_hand,og,acc,147613,"{""seq"":1155,""x_mg"":356,""y_mg"":48,""z_mg"":924}"
23.813,left_hand,og,tilt,,"{""roll_deg"":8.6,""pitch_deg"":5.3,""steady"":true}"
23.844,left_hand,og,acc,147634,"{""seq"":1156,""x_mg"":332,""y_mg"":84,""z_mg"":972}"
23.844,left_hand,og,tilt,,"{""roll_deg"":8.7,""pitch_deg"":5.0,""steady"":true}"
23.875,left_hand,og,acc,147654,"{""seq"":1157,""x_mg"":368,""y_mg"":24,""z_mg"":960}"
23.875,left_hand,og,tilt,,"{""roll_deg"":8.7,""pitch_deg"":4.6,""steady"":true}"
23.875,left_hand,og,acc,147675,"{""seq"":1158,""x_mg"":376,""y_mg"":-36,""z_mg"":956}"
23.875,left_hand,og,tilt,,"{""roll_deg"":8.8,""pitch_deg"":4.3,""steady"":true}"
23.907,left_hand,og,acc,147695,"{""seq"":1159,""x_mg"":340,""y_mg"":0,""z_mg"":932}"
23.907,left_hand,og,tilt,,"{""roll_deg"":8.6,""pitch_deg"":4.0,""steady"":true}"
23.938,left_hand,og,acc,147716,"{""seq"":1160,""x_mg"":288,""y_mg"":36,""z_mg"":916}"
23.938,left_hand,og,tilt,,"{""roll_deg"":8.5,""pitch_deg"":3.6,""steady"":true}"
23.938,left_hand,og,acc,147736,"{""seq"":1161,""x_mg"":272,""y_mg"":44,""z_mg"":940}"
23.938,left_hand,og,tilt,,"{""roll_deg"":8.3,""pitch_deg"":3.3,""steady"":true}"
23.969,left_hand,og,acc,147757,"{""seq"":1162,""x_mg"":328,""y_mg"":20,""z_mg"":944}"
23.969,left_hand,og,tilt,,"{""roll_deg"":8.2,""pitch_deg"":2.9,""steady"":true}"
23.985,left_hand,og,acc,147778,"{""seq"":1163,""x_mg"":356,""y_mg"":48,""z_mg"":920}"
23.985,left_hand,og,tilt,,"{""roll_deg"":8.2,""pitch_deg"":2.6,""steady"":true}"
24.016,left_hand,og,acc,147798,"{""seq"":1164,""x_mg"":332,""y_mg"":80,""z_mg"":924}"
24.016,left_hand,og,tilt,,"{""roll_deg"":8.3,""pitch_deg"":2.3,""steady"":true}"
24.016,left_hand,og,acc,147819,"{""seq"":1165,""x_mg"":324,""y_mg"":108,""z_mg"":932}"
24.016,left_hand,og,tilt,,"{""roll_deg"":8.4,""pitch_deg"":2.0,""steady"":true}"
24.047,left_hand,og,acc,147839,"{""seq"":1166,""x_mg"":364,""y_mg"":72,""z_mg"":920}"
24.047,left_hand,og,tilt,,"{""roll_deg"":8.6,""pitch_deg"":1.9,""steady"":true}"
24.078,left_hand,og,acc,147860,"{""seq"":1167,""x_mg"":384,""y_mg"":32,""z_mg"":924}"
24.078,left_hand,og,tilt,,"{""roll_deg"":8.8,""pitch_deg"":1.9,""steady"":true}"
24.078,left_hand,og,acc,147880,"{""seq"":1168,""x_mg"":384,""y_mg"":12,""z_mg"":944}"
24.078,left_hand,og,tilt,,"{""roll_deg"":9.0,""pitch_deg"":2.0,""steady"":true}"
24.110,left_hand,og,acc,147901,"{""seq"":1169,""x_mg"":376,""y_mg"":16,""z_mg"":940}"
24.110,left_hand,og,tilt,,"{""roll_deg"":8.9,""pitch_deg"":2.1,""steady"":true}"
24.157,left_hand,og,acc,147922,"{""seq"":1170,""x_mg"":352,""y_mg"":36,""z_mg"":960}"
24.157,left_hand,og,tilt,,"{""roll_deg"":8.8,""pitch_deg"":2.1,""steady"":true}"
24.157,left_hand,og,acc,147942,"{""seq"":1171,""x_mg"":324,""y_mg"":56,""z_mg"":980}"
24.157,left_hand,og,tilt,,"{""roll_deg"":8.7,""pitch_deg"":2.2,""steady"":true}"
24.172,left_hand,og,acc,147963,"{""seq"":1172,""x_mg"":336,""y_mg"":64,""z_mg"":980}"
24.172,left_hand,og,tilt,,"{""roll_deg"":8.6,""pitch_deg"":2.1,""steady"":true}"
24.203,left_hand,og,acc,147983,"{""seq"":1173,""x_mg"":344,""y_mg"":72,""z_mg"":984}"
24.203,left_hand,og,tilt,,"{""roll_deg"":8.7,""pitch_deg"":1.8,""steady"":true}"
24.235,left_hand,og,acc,148004,"{""seq"":1174,""x_mg"":332,""y_mg"":88,""z_mg"":956}"
24.235,left_hand,og,tilt,,"{""roll_deg"":8.8,""pitch_deg"":1.6,""steady"":true}"
24.235,left_hand,og,acc,148024,"{""seq"":1175,""x_mg"":304,""y_mg"":64,""z_mg"":952}"
24.235,left_hand,og,tilt,,"{""roll_deg"":9.0,""pitch_deg"":1.4,""steady"":true}"
24.266,left_hand,og,acc,148045,"{""seq"":1176,""x_mg"":268,""y_mg"":8,""z_mg"":968}"
24.266,left_hand,og,tremor,,"{""rms_mg"":13.3,""peak_hz"":4.4}"
24.266,left_hand,og,tilt,,"{""roll_deg"":9.1,""pitch_deg"":1.2,""steady"":true}"
24.297,left_hand,og,acc,148066,"{""seq"":1177,""x_mg"":268,""y_mg"":16,""z_mg"":960}"
24.297,left_hand,og,tilt,,"{""roll_deg"":9.2,""pitch_deg"":0.9,""steady"":true}"
24.297,left_hand,og,acc,148086,"{""seq"":1178,""x_mg"":264,""y_mg"":76,""z_mg"":936}"
24.297,left_hand,og,tilt,,"{""roll_deg"":9.3,""pitch_deg"":0.4,""steady"":true}"
24.328,left_hand,og,acc,148107,"{""seq"":1179,""x_mg"":268,""y_mg"":56,""z_mg"":920}"
24.328,left_hand,og,tilt,,"{""roll_deg"":9.3,""pitch_deg"":-0.0,""steady"":true}"
24.328,left_hand,og,acc,148127,"{""seq"":1180,""x_mg"":244,""y_mg"":48,""z_mg"":928}"
24.328,left_hand,og,tilt,,"{""roll_deg"":9.3,""pitch_deg"":-0.5,""steady"":true}"
24.360,left_hand,og,acc,148148,"{""seq"":1181,""x_mg"":240,""y_mg"":68,""z_mg"":908}"
24.360,left_hand,og,tilt,,"{""roll_deg"":9.3,""pitch_deg"":-0.8,""steady"":true}"
24.375,left_hand,og,acc,148168,"{""seq"":1182,""x_mg"":240,""y_mg"":60,""z_mg"":872}"
24.375,left_hand,og,tilt,,"{""roll_deg"":9.4,""pitch_deg"":-1.2,""steady"":true}"
24.407,left_hand,og,acc,148189,"{""seq"":1183,""x_mg"":228,""y_mg"":68,""z_mg"":900}"
24.407,left_hand,og,tilt,,"{""roll_deg"":9.4,""pitch_deg"":-1.5,""steady"":true}"
24.438,left_hand,og,acc,148210,"{""seq"":1184,""x_mg"":216,""y_mg"":76,""z_mg"":924}"
24.438,left_hand,og,tilt,,"{""roll_deg"":9.5,""pitch_deg"":-1.9,""steady"":true}"
24.438,left_hand,og,acc,148230,"{""seq"":1185,""x_mg"":232,""y_mg"":20,""z_mg"":940}"
24.438,left_hand,og,tilt,,"{""roll_deg"":9.6,""pitch_deg"":-2.2,""steady"":true}"
24.469,left_hand,og,acc,148251,"{""seq"":1186,""x_mg"":264,""y_mg"":-8,""z_mg"":940}"
24.469,left_hand,og,tilt,,"{""roll_deg"":9.7,""pitch_deg"":-2.6,""steady"":true}"
24.469,left_hand,og,acc,148271,"{""seq"":1187,""x_mg"":268,""y_mg"":20,""z_mg"":924}"
24.469,left_hand,og,tilt,,"{""roll_deg"":9.4,""pitch_deg"":-2.8,""steady"":true}"
24.500,left_hand,og,acc,148292,"{""seq"":1188,""x_mg"":256,""y_mg"":32,""z_mg"":932}"
24.500,left_hand,og,tilt,,"{""roll_deg"":9.1,""pitch_deg"":-2.9,""steady"":true}"
24.532,left_hand,og,acc,148312,"{""seq"":1189,""x_mg"":260,""y_mg"":32,""z_mg"":932}"
24.532,left_hand,og,tilt,,"{""roll_deg"":8.9,""pitch_deg"":-3.0,""steady"":true}"
24.532,left_hand,og,acc,148333,"{""seq"":1190,""x_mg"":244,""y_mg"":28,""z_mg"":984}"
24.532,left_hand,og,tilt,,"{""roll_deg"":8.8,""pitch_deg"":-3.1,""steady"":true}"
24.563,left_hand,og,acc,148354,"{""seq"":1191,""x_mg"":248,""y_mg"":48,""z_mg"":992}"
24.563,left_hand,og,tilt,,"{""roll_deg"":8.7,""pitch_deg"":-3.1,""steady"":true}"
24.578,left_hand,og,acc,148374,"{""seq"":1192,""x_mg"":256,""y_mg"":44,""z_mg"":996}"
24.578,left_hand,og,tilt,,"{""roll_deg"":8.6,""pitch_deg"":-3.3,""steady"":true}"
24.578,left_hand,og,acc,148395,"{""seq"":1193,""x_mg"":256,""y_mg"":56,""z_mg"":1004}"
24.578,left_hand,og,tilt,,"{""roll_deg"":8.6,""pitch_deg"":-3.5,""steady"":true}"
24.610,left_hand,og,acc,148415,"{""seq"":1194,""x_mg"":244,""y_mg"":48,""z_mg"":992}"
24.610,left_hand,og,tilt,,"{""roll_deg"":8.6,""pitch_deg"":-3.7,""steady"":true}"
24.641,left_hand,og,acc,148436,"{""seq"":1195,""x_mg"":240,""y_mg"":84,""z_mg"":1000}"
24.641,left_hand,og,tilt,,"{""roll_deg"":8.6,""pitch_deg"":-3.9,""steady"":true}"
24.672,left_hand,og,acc,148456,"{""seq"":1196,""x_mg"":220,""y_mg"":80,""z_mg"":1000}"
24.672,left_hand,og,tilt,,"{""roll_deg"":8.7,""pitch_deg"":-4.0,""steady"":true}"
24.672,left_hand,og,acc,148477,"{""seq"":1197,""x_mg"":208,""y_mg"":68,""z_mg"":1004}"
24.672,left_hand,og,tilt,,"{""roll_deg"":8.8,""pitch_deg"":-4.2,""steady"":true}"
24.703,left_hand,og,acc,148497,"{""seq"":1198,""x_mg"":192,""y_mg"":68,""z_mg"":1028}"
24.703,left_hand,og,tilt,,"{""roll_deg"":9.0,""pitch_deg"":-4.5,""steady"":true}"
24.735,left_hand,og,acc,148518,"{""seq"":1199,""x_mg"":184,""y_mg"":28,""z_mg"":988}"
24.735,left_hand,og,tilt,,"{""roll_deg"":9.1,""pitch_deg"":-4.9,""steady"":true}"
24.735,left_hand,og,acc,148539,"{""seq"":1200,""x_mg"":180,""y_mg"":32,""z_mg"":980}"
24.735,left_hand,og,tilt,,"{""roll_deg"":9.2,""pitch_deg"":-5.3,""steady"":true}"
24.766,left_hand,og,acc,148559,"{""seq"":1201,""x_mg"":180,""y_mg"":72,""z_mg"":948}"
24.766,left_hand,og,tilt,,"{""roll_deg"":9.2,""pitch_deg"":-5.7,""steady"":true}"
24.797,left_hand,og,acc,148580,"{""seq"":1202,""x_mg"":180,""y_mg"":60,""z_mg"":960}"
24.797,left_hand,og,tilt,,"{""roll_deg"":9.3,""pitch_deg"":-6.0,""steady"":true}"
24.828,left_hand,og,acc,148600,"{""seq"":1203,""x_mg"":176,""y_mg"":16,""z_mg"":948}"
24.828,left_hand,og,tilt,,"{""roll_deg"":9.1,""pitch_deg"":-6.3,""steady"":true}"
24.828,left_hand,og,acc,148621,"{""seq"":1204,""x_mg"":156,""y_mg"":24,""z_mg"":952}"
24.828,left_hand,og,tilt,,"{""roll_deg"":9.0,""pitch_deg"":-6.6,""steady"":true}"
24.860,left_hand,og,acc,148641,"{""seq"":1205,""x_mg"":148,""y_mg"":32,""z_mg"":960}"
24.860,left_hand,og,tilt,,"{""roll_deg"":8.8,""pitch_deg"":-6.8,""steady"":true}"
24.891,left_hand,og,acc,148662,"{""seq"":1206,""x_mg"":156,""y_mg"":32,""z_mg"":960}"
24.891,left_hand,og,tilt,,"{""roll_deg"":8.7,""pitch_deg"":-7.2,""steady"":true}"
24.891,left_hand,og,acc,148683,"{""seq"":1207,""x_mg"":184,""y_mg"":44,""z_mg"":956}"
24.891,left_hand,og,tilt,,"{""roll_deg"":8.6,""pitch_deg"":-7.5,""steady"":true}"
24.922,left_hand,og,acc,148703,"{""seq"":1208,""x_mg"":188,""y_mg"":68,""z_mg"":960}"
24.922,left_hand,og,tilt,,"{""roll_deg"":8.6,""pitch_deg"":-7.8,""steady"":true}"
24.953,left_hand,og,acc,148724,"{""seq"":1209,""x_mg"":192,""y_mg"":68,""z_mg"":956}"
24.953,left_hand,og,tilt,,"{""roll_deg"":8.6,""pitch_deg"":-7.8,""steady"":true}"
24.953,left_hand,og,acc,148744,"{""seq"":1210,""x_mg"":184,""y_mg"":52,""z_mg"":948}"
24.953,left_hand,og,tilt,,"{""roll_deg"":8.6,""pitch_deg"":-7.9,""steady"":true}"
24.985,left_hand,og,acc,148765,"{""seq"":1211,""x_mg"":188,""y_mg"":48,""z_mg"":972}"
24.985,left_hand,og,tilt,,"{""roll_deg"":8.7,""pitch_deg"":-7.9,""steady"":true}"
24.985,left_hand,og,acc,148785,"{""seq"":1212,""x_mg"":204,""y_mg"":76,""z_mg"":968}"
24.985,left_hand,og,tilt,,"{""roll_deg"":8.9,""pitch_deg"":-7.9,""steady"":true}"
25.016,left_hand,og,acc,148806,"{""seq"":1213,""x_mg"":216,""y_mg"":72,""z_mg"":984}"
25.016,left_hand,og,tilt,,"{""roll_deg"":9.0,""pitch_deg"":-7.9,""steady"":true}"
25.032,left_hand,og,acc,148826,"{""seq"":1214,""x_mg"":212,""y_mg"":56,""z_mg"":988}"
25.032,left_hand,og,tilt,,"{""roll_deg"":9.0,""pitch_deg"":-7.8,""steady"":true}"
25.063,left_hand,og,acc,148847,"{""seq"":1215,""x_mg"":204,""y_mg"":64,""z_mg"":1000}"
25.063,left_hand,og,tilt,,"{""roll_deg"":9.1,""pitch_deg"":-7.7,""steady"":true}"
25.094,left_hand,og,acc,148868,"{""seq"":1216,""x_mg"":208,""y_mg"":60,""z_mg"":1004}"
25.094,left_hand,og,tilt,,"{""roll_deg"":9.2,""pitch_deg"":-7.7,""steady"":true}"
25.094,left_hand,og,acc,148888,"{""seq"":1217,""x_mg"":204,""y_mg"":52,""z_mg"":992}"
25.094,left_hand,og,tilt,,"{""roll_deg"":9.2,""pitch_deg"":-7.6,""steady"":true}"
25.125,left_hand,og,acc,148909,"{""seq"":1218,""x_mg"":176,""y_mg"":68,""z_mg"":988}"
25.125,left_hand,og,tilt,,"{""roll_deg"":9.2,""pitch_deg"":-7.6,""steady"":true}"
25.125,left_hand,og,acc,148929,"{""seq"":1219,""x_mg"":168,""y_mg"":36,""z_mg"":976}"
25.125,left_hand,og,tilt,,"{""roll_deg"":9.3,""pitch_deg"":-7.6,""steady"":true}"
25.157,left_hand,og,acc,148950,"{""seq"":1220,""x_mg"":180,""y_mg"":20,""z_mg"":992}"
25.157,left_hand,og,tilt,,"{""roll_deg"":9.2,""pitch_deg"":-7.7,""steady"":true}"
25.188,left_hand,og,acc,148970,"{""seq"":1221,""x_mg"":172,""y_mg"":24,""z_mg"":988}"
25.188,left_hand,og,tilt,,"{""roll_deg"":9.1,""pitch_deg"":-7.9,""steady"":true}"
25.188,left_hand,og,acc,148991,"{""seq"":1222,""x_mg"":164,""y_mg"":52,""z_mg"":968}"
25.188,left_hand,og,tilt,,"{""roll_deg"":9.0,""pitch_deg"":-8.0,""steady"":true}"
25.219,left_hand,og,acc,149012,"{""seq"":1223,""x_mg"":156,""y_mg"":56,""z_mg"":968}"
25.219,left_hand,og,tilt,,"{""roll_deg"":8.9,""pitch_deg"":-8.2,""steady"":true}"
25.235,left_hand,og,acc,149032,"{""seq"":1224,""x_mg"":160,""y_mg"":48,""z_mg"":964}"
25.235,left_hand,og,tilt,,"{""roll_deg"":8.9,""pitch_deg"":-8.4,""steady"":true}"
25.266,left_hand,og,acc,149053,"{""seq"":1225,""x_mg"":156,""y_mg"":24,""z_mg"":968}"
25.266,left_hand,og,tilt,,"{""roll_deg"":8.9,""pitch_deg"":-8.5,""steady"":true}"
25.266,left_hand,og,acc,149073,"{""seq"":1226,""x_mg"":164,""y_mg"":32,""z_mg"":964}"
25.266,left_hand,og,tilt,,"{""roll_deg"":8.9,""pitch_deg"":-8.6,""steady"":true}"
25.297,left_hand,og,acc,149094,"{""seq"":1227,""x_mg"":176,""y_mg"":48,""z_mg"":944}"
25.297,left_hand,og,tilt,,"{""roll_deg"":8.9,""pitch_deg"":-8.8,""steady"":true}"
25.344,left_hand,og,acc,149114,"{""seq"":1228,""x_mg"":172,""y_mg"":68,""z_mg"":964}"
25.344,left_hand,og,tilt,,"{""roll_deg"":8.9,""pitch_deg"":-8.8,""steady"":true}"
25.344,left_hand,og,acc,149135,"{""seq"":1229,""x_mg"":184,""y_mg"":28,""z_mg"":988}"
25.344,left_hand,og,tilt,,"{""roll_deg"":8.8,""pitch_deg"":-8.9,""steady"":true}"
25.375,left_hand,og,acc,149156,"{""seq"":1230,""x_mg"":180,""y_mg"":36,""z_mg"":980}"
25.375,left_hand,og,tilt,,"{""roll_deg"":8.7,""pitch_deg"":-8.8,""steady"":true}"
25.407,left_hand,og,acc,149176,"{""seq"":1231,""x_mg"":180,""y_mg"":44,""z_mg"":992}"
25.407,left_hand,og,tilt,,"{""roll_deg"":8.7,""pitch_deg"":-8.8,""steady"":true}"
25.407,left_hand,og,acc,149197,"{""seq"":1232,""x_mg"":188,""y_mg"":44,""z_mg"":988}"
25.407,left_hand,og,tilt,,"{""roll_deg"":8.7,""pitch_deg"":-8.8,""steady"":true}"
25.422,left_hand,og,acc,149217,"{""seq"":1233,""x_mg"":188,""y_mg"":48,""z_mg"":976}"
25.422,left_hand,og,tilt,,"{""roll_deg"":8.6,""pitch_deg"":-8.8,""steady"":true}"
25.453,left_hand,og,acc,149238,"{""seq"":1234,""x_mg"":192,""y_mg"":44,""z_mg"":984}"
25.453,left_hand,og,tilt,,"{""roll_deg"":8.6,""pitch_deg"":-8.7,""steady"":true}"
25.485,left_hand,og,acc,149258,"{""seq"":1235,""x_mg"":180,""y_mg"":40,""z_mg"":984}"
25.485,left_hand,og,tilt,,"{""roll_deg"":8.6,""pitch_deg"":-8.7,""steady"":true}"
25.485,left_hand,og,acc,149279,"{""seq"":1236,""x_mg"":176,""y_mg"":40,""z_mg"":976}"
25.485,left_hand,og,tilt,,"{""roll_deg"":8.6,""pitch_deg"":-8.6,""steady"":true}"
25.516,left_hand,og,acc,149300,"{""seq"":1237,""x_mg"":180,""y_mg"":48,""z_mg"":976}"
25.516,left_hand,og,tilt,,"{""roll_deg"":8.6,""pitch_deg"":-8.6,""steady"":true}"
25.547,left_hand,og,acc,149320,"{""seq"":1238,""x_mg"":180,""y_mg"":40,""z_mg"":968}"
25.547,left_hand,og,tilt,,"{""roll_deg"":8.6,""pitch_deg"":-8.6,""steady"":true}"
25.547,left_hand,og,acc,149341,"{""seq"":1239,""x_mg"":180,""y_mg"":48,""z_mg"":960}"
25.547,left_hand,og,tilt,,"{""roll_deg"":8.6,""pitch_deg"":-8.6,""steady"":true}"
25.578,left_hand,og,acc,149361,"{""seq"":1240,""x_mg"":180,""y_mg"":28,""z_mg"":964}"
25.578,left_hand,og,tilt,,"{""roll_deg"":8.5,""pitch_deg"":-8.6,""steady"":true}"
25.610,left_hand,og,acc,149382,"{""seq"":1241,""x_mg"":176,""y_mg"":52,""z_mg"":980}"
25.610,left_hand,og,tilt,,"{""roll_deg"":8.6,""pitch_deg"":-8.6,""steady"":true}"
25.610,left_hand,og,acc,149402,"{""seq"":1242,""x_mg"":164,""y_mg"":52,""z_mg"":964}"
25.610,left_hand,og,tilt,,"{""roll_deg"":8.6,""pitch_deg"":-8.6,""steady"":true}"
25.641,left_hand,og,acc,149423,"{""seq"":1243,""x_mg"":180,""y_mg"":36,""z_mg"":976}"
25.641,left_hand,og,tilt,,"{""roll_deg"":8.6,""pitch_deg"":-8.6,""steady"":true}"
25.657,left_hand,og,acc,149443,"{""seq"":1244,""x_mg"":184,""y_mg"":24,""z_mg"":968}"
25.657,left_hand,og,tilt,,"{""roll_deg"":8.6,""pitch_deg"":-8.6,""steady"":true}"
25.688,left_hand,og,acc,149464,"{""seq"":1245,""x_mg"":200,""y_mg"":36,""z_mg"":968}"
25.688,left_hand,og,tilt,,"{""roll_deg"":8.5,""pitch_deg"":-8.6,""steady"":true}"
25.688,left_hand,og,acc,149485,"{""seq"":1246,""x_mg"":196,""y_mg"":52,""z_mg"":956}"
25.688,left_hand,og,tilt,,"{""roll_deg"":8.5,""pitch_deg"":-8.6,""steady"":true}"
25.719,left_hand,og,acc,149505,"{""seq"":1247,""x_mg"":180,""y_mg"":36,""z_mg"":972}"
25.719,left_hand,og,tilt,,"{""roll_deg"":8.4,""pitch_deg"":-8.5,""steady"":true}"
25.750,left_hand,og,acc,149526,"{""seq"":1248,""x_mg"":188,""y_mg"":36,""z_mg"":964}"
25.750,left_hand,og,tilt,,"{""roll_deg"":8.4,""pitch_deg"":-8.5,""steady"":true}"
25.750,left_hand,og,acc,149546,"{""seq"":1249,""x_mg"":196,""y_mg"":36,""z_mg"":972}"
25.750,left_hand,og,tilt,,"{""roll_deg"":8.4,""pitch_deg"":-8.4,""steady"":true}"
25.782,left_hand,og,acc,149567,"{""seq"":1250,""x_mg"":184,""y_mg"":48,""z_mg"":964}"
25.782,left_hand,og,tilt,,"{""roll_deg"":8.4,""pitch_deg"":-8.4,""steady"":true}"
25.782,left_hand,og,acc,149587,"{""seq"":1251,""x_mg"":176,""y_mg"":40,""z_mg"":976}"
25.782,left_hand,og,tilt,,"{""roll_deg"":8.3,""pitch_deg"":-8.3,""steady"":true}"
25.813,left_hand,og,acc,149608,"{""seq"":1252,""x_mg"":188,""y_mg"":36,""z_mg"":972}"
25.813,left_hand,og,tilt,,"{""roll_deg"":8.3,""pitch_deg"":-8.3,""steady"":true}"
25.828,left_hand,og,acc,149629,"{""seq"":1253,""x_mg"":180,""y_mg"":36,""z_mg"":976}"
25.828,left_hand,og,tilt,,"{""roll_deg"":8.3,""pitch_deg"":-8.3,""steady"":true}"
25.860,left_hand,og,acc,149649,"{""seq"":1254,""x_mg"":176,""y_mg"":32,""z_mg"":976}"
25.860,left_hand,og,tilt,,"{""roll_deg"":8.3,""pitch_deg"":-8.4,""steady"":true}"
25.891,left_hand,og,acc,149670,"{""seq"":1255,""x_mg"":180,""y_mg"":36,""z_mg"":968}"
25.891,left_hand,og,tilt,,"{""roll_deg"":8.3,""pitch_deg"":-8.4,""steady"":true}"
25.891,left_hand,og,acc,149690,"{""seq"":1256,""x_mg"":180,""y_mg"":48,""z_mg"":972}"
25.891,left_hand,og,tilt,,"{""roll_deg"":8.2,""pitch_deg"":-8.4,""steady"":true}"
25.922,left_hand,og,acc,149711,"{""seq"":1257,""x_mg"":180,""y_mg"":40,""z_mg"":976}"
25.922,left_hand,og,tilt,,"{""roll_deg"":8.2,""pitch_deg"":-8.4,""steady"":true}"
25.922,left_hand,og,acc,149731,"{""seq"":1258,""x_mg"":204,""y_mg"":24,""z_mg"":968}"
25.922,left_hand,og,tilt,,"{""roll_deg"":8.2,""pitch_deg"":-8.5,""steady"":true}"
25.953,left_hand,og,acc,149752,"{""seq"":1259,""x_mg"":180,""y_mg"":40,""z_mg"":968}"
25.953,left_hand,og,tilt,,"{""roll_deg"":8.2,""pitch_deg"":-8.5,""steady"":true}"
25.985,left_hand,og,acc,149773,"{""seq"":1260,""x_mg"":184,""y_mg"":24,""z_mg"":976}"
25.985,left_hand,og,tilt,,"{""roll_deg"":8.3,""pitch_deg"":-8.5,""steady"":true}"
25.985,left_hand,og,acc,149793,"{""seq"":1261,""x_mg"":176,""y_mg"":36,""z_mg"":964}"
25.985,left_hand,og,tilt,,"{""roll_deg"":8.2,""pitch_deg"":-8.5,""steady"":true}"
26.016,left_hand,og,acc,149814,"{""seq"":1262,""x_mg"":200,""y_mg"":32,""z_mg"":968}"
26.016,left_hand,og,tilt,,"{""roll_deg"":8.2,""pitch_deg"":-8.5,""steady"":true}"
26.032,left_hand,og,acc,149834,"{""seq"":1263,""x_mg"":180,""y_mg"":32,""z_mg"":964}"
26.032,left_hand,og,tilt,,"{""roll_deg"":8.2,""pitch_deg"":-8.5,""steady"":true}"
26.032,left_hand,og,acc,149855,"{""seq"":1264,""x_mg"":184,""y_mg"":44,""z_mg"":968}"
26.032,left_hand,og,tilt,,"{""roll_deg"":8.1,""pitch_deg"":-8.5,""steady"":true}"
26.078,left_hand,og,acc,149875,"{""seq"":1265,""x_mg"":184,""y_mg"":36,""z_mg"":976}"
26.078,left_hand,og,tilt,,"{""roll_deg"":8.1,""pitch_deg"":-8.5,""steady"":true}"
26.110,left_hand,og,acc,149896,"{""seq"":1266,""x_mg"":180,""y_mg"":32,""z_mg"":984}"
26.110,left_hand,og,tilt,,"{""roll_deg"":8.1,""pitch_deg"":-8.5,""steady"":true}"
26.141,left_hand,og,acc,149917,"{""seq"":1267,""x_mg"":184,""y_mg"":24,""z_mg"":984}"
26.141,left_hand,og,tilt,,"{""roll_deg"":8.1,""pitch_deg"":-8.5,""steady"":true}"
26.141,left_hand,og,acc,149937,"{""seq"":1268,""x_mg"":180,""y_mg"":32,""z_mg"":980}"
26.141,left_hand,og,tilt,,"{""roll_deg"":8.1,""pitch_deg"":-8.5,""steady"":true}"
26.172,left_hand,og,acc,149958,"{""seq"":1269,""x_mg"":192,""y_mg"":48,""z_mg"":972}"
26.172,left_hand,og,tilt,,"{""roll_deg"":8.0,""pitch_deg"":-8.5,""steady"":true}"
26.203,left_hand,og,acc,149978,"{""seq"":1270,""x_mg"":188,""y_mg"":44,""z_mg"":972}"
26.203,left_hand,og,tilt,,"{""roll_deg"":8.0,""pitch_deg"":-8.5,""steady"":true}"
26.203,left_hand,og,acc,149999,"{""seq"":1271,""x_mg"":188,""y_mg"":12,""z_mg"":980}"
26.203,left_hand,og,tilt,,"{""roll_deg"":8.0,""pitch_deg"":-8.4,""steady"":true}"
26.235,left_hand,og,acc,150019,"{""seq"":1272,""x_mg"":188,""y_mg"":44,""z_mg"":980}"
26.235,left_hand,og,tilt,,"{""roll_deg"":8.1,""pitch_deg"":-8.4,""steady"":true}"
26.235,left_hand,og,acc,150040,"{""seq"":1273,""x_mg"":176,""y_mg"":40,""z_mg"":972}"
26.235,left_hand,og,tilt,,"{""roll_deg"":8.1,""pitch_deg"":-8.4,""steady"":true}"
26.266,left_hand,og,acc,150061,"{""seq"":1274,""x_mg"":188,""y_mg"":32,""z_mg"":972}"
26.266,left_hand,og,tremor,,"{""rms_mg"":24.7,""peak_hz"":5.5}"
26.266,left_hand,og,tilt,,"{""roll_deg"":8.2,""pitch_deg"":-8.4,""steady"":true}"
26.297,left_hand,og,acc,150081,"{""seq"":1275,""x_mg"":196,""y_mg"":24,""z_mg"":964}"
26.297,left_hand,og,tilt,,"{""roll_deg"":8.1,""pitch_deg"":-8.4,""steady"":true}"
26.328,left_hand,og,acc,150102,"{""seq"":1276,""x_mg"":192,""y_mg"":36,""z_mg"":960}"
26.328,left_hand,og,tilt,,"{""roll_deg"":8.1,""pitch_deg"":-8.3,""steady"":true}"
26.328,left_hand,og,acc,150122,"{""seq"":1277,""x_mg"":188,""y_mg"":44,""z_mg"":960}"
26.328,left_hand,og,tilt,,"{""roll_deg"":8.1,""pitch_deg"":-8.3,""steady"":true}"
26.360,left_hand,og,acc,150143,"{""seq"":1278,""x_mg"":196,""y_mg"":52,""z_mg"":956}"
26.360,left_hand,og,tilt,,"{""roll_deg"":8.1,""pitch_deg"":-8.2,""steady"":true}"
26.360,left_hand,og,acc,150163,"{""seq"":1279,""x_mg"":196,""y_mg"":32,""z_mg"":976}"
26.360,left_hand,og,tilt,,"{""roll_deg"":8.2,""pitch_deg"":-8.2,""steady"":true}"
26.391,left_hand,og,acc,150184,"{""seq"":1280,""x_mg"":192,""y_mg"":24,""z_mg"":960}"
26.391,left_hand,og,tilt,,"{""roll_deg"":8.2,""pitch_deg"":-8.1,""steady"":true}"
26.422,left_hand,og,acc,150204,"{""seq"":1281,""x_mg"":192,""y_mg"":32,""z_mg"":952}"
26.422,left_hand,og,tilt,,"{""roll_deg"":8.1,""pitch_deg"":-8.1,""steady"":true}"
26.422,left_hand,og,acc,150225,"{""seq"":1282,""x_mg"":200,""y_mg"":48,""z_mg"":968}"
26.422,left_hand,og,tilt,,"{""roll_deg"":8.1,""pitch_deg"":-8.0,""steady"":true}"
26.453,left_hand,og,acc,150246,"{""seq"":1283,""x_mg"":192,""y_mg"":32,""z_mg"":984}"
26.453,left_hand,og,tilt,,"{""roll_deg"":8.1,""pitch_deg"":-8.0,""steady"":true}"
26.469,left_hand,og,acc,150266,"{""seq"":1284,""x_mg"":180,""y_mg"":36,""z_mg"":972}"
26.469,left_hand,og,tilt,,"{""roll_deg"":8.1,""pitch_deg"":-8.0,""steady"":true}"
26.500,left_hand,og,acc,150287,"{""seq"":1285,""x_mg"":196,""y_mg"":36,""z_mg"":972}"
26.500,left_hand,og,tilt,,"{""roll_deg"":8.1,""pitch_deg"":-7.9,""steady"":true}"
26.500,left_hand,og,acc,150307,"{""seq"":1286,""x_mg"":184,""y_mg"":28,""z_mg"":972}"
26.500,left_hand,og,tilt,,"{""roll_deg"":8.1,""pitch_deg"":-7.9,""steady"":true}"
26.532,left_hand,og,acc,150328,"{""seq"":1287,""x_mg"":188,""y_mg"":20,""z_mg"":980}"
26.532,left_hand,og,tilt,,"{""roll_deg"":8.1,""pitch_deg"":-8.0,""steady"":true}"
26.563,left_hand,og,acc,150348,"{""seq"":1288,""x_mg"":192,""y_mg"":16,""z_mg"":976}"
26.563,left_hand,og,tilt,,"{""roll_deg"":8.0,""pitch_deg"":-8.0,""steady"":true}"
26.563,left_hand,og,acc,150369,"{""seq"":1289,""x_mg"":192,""y_mg"":36,""z_mg"":972}"
26.563,left_hand,og,tilt,,"{""roll_deg"":8.0,""pitch_deg"":-8.0,""steady"":true}"
26.594,left_hand,og,acc,150390,"{""seq"":1290,""x_mg"":176,""y_mg"":40,""z_mg"":968}"
26.594,left_hand,og,tilt,,"{""roll_deg"":7.9,""pitch_deg"":-8.0,""steady"":true}"
26.625,left_hand,og,acc,150410,"{""seq"":1291,""x_mg"":192,""y_mg"":32,""z_mg"":968}"
26.625,left_hand,og,tilt,,"{""roll_deg"":7.9,""pitch_deg"":-8.0,""steady"":true}"
26.625,left_hand,og,acc,150431,"{""seq"":1292,""x_mg"":192,""y_mg"":32,""z_mg"":976}"
26.625,left_hand,og,tilt,,"{""roll_deg"":7.9,""pitch_deg"":-8.0,""steady"":true}"
26.657,left_hand,og,acc,150451,"{""seq"":1293,""x_mg"":188,""y_mg"":32,""z_mg"":972}"
26.657,left_hand,og,tilt,,"{""roll_deg"":7.9,""pitch_deg"":-8.0,""steady"":true}"
26.672,left_hand,og,acc,150472,"{""seq"":1294,""x_mg"":184,""y_mg"":32,""z_mg"":976}"
26.672,left_hand,og,tilt,,"{""roll_deg"":7.9,""pitch_deg"":-8.0,""steady"":true}"
26.719,left_hand,og,acc,150492,"{""seq"":1295,""x_mg"":192,""y_mg"":36,""z_mg"":968}"
26.719,left_hand,og,tilt,,"{""roll_deg"":7.9,""pitch_deg"":-8.0,""steady"":true}"
26.719,left_hand,og,acc,150513,"{""seq"":1296,""x_mg"":192,""y_mg"":32,""z_mg"":952}"
26.719,left_hand,og,tilt,,"{""roll_deg"":7.9,""pitch_deg"":-8.0,""steady"":true}"
26.750,,game,hold_complete,,"{""tx"":8,""ty"":-8,""mean_dist_deg"":0.75,""tolerance"":3.0}"
26.750,left_hand,og,acc,150534,"{""seq"":1297,""x_mg"":196,""y_mg"":32,""z_mg"":972}"
26.750,left_hand,og,tilt,,"{""roll_deg"":7.9,""pitch_deg"":-8.0,""steady"":true}"
26.782,left_hand,og,acc,150554,"{""seq"":1298,""x_mg"":184,""y_mg"":28,""z_mg"":960}"
26.782,left_hand,og,tilt,,"{""roll_deg"":7.9,""pitch_deg"":-8.0,""steady"":true}"
26.782,left_hand,og,acc,150575,"{""seq"":1299,""x_mg"":188,""y_mg"":24,""z_mg"":968}"
26.782,left_hand,og,tilt,,"{""roll_deg"":7.9,""pitch_deg"":-8.0,""steady"":true}"
26.813,left_hand,og,acc,150595,"{""seq"":1300,""x_mg"":196,""y_mg"":28,""z_mg"":976}"
26.813,left_hand,og,tilt,,"{""roll_deg"":7.9,""pitch_deg"":-7.9,""steady"":true}"
26.844,left_hand,og,acc,150616,"{""seq"":1301,""x_mg"":184,""y_mg"":44,""z_mg"":964}"
26.844,left_hand,og,tilt,,"{""roll_deg"":7.9,""pitch_deg"":-8.0,""steady"":true}"
26.844,left_hand,og,acc,150636,"{""seq"":1302,""x_mg"":184,""y_mg"":44,""z_mg"":972}"
26.844,left_hand,og,tilt,,"{""roll_deg"":7.8,""pitch_deg"":-8.0,""steady"":true}"
26.860,left_hand,og,acc,150657,"{""seq"":1303,""x_mg"":188,""y_mg"":32,""z_mg"":976}"
26.860,left_hand,og,tilt,,"{""roll_deg"":7.9,""pitch_deg"":-8.0,""steady"":true}"
26.891,left_hand,og,acc,150678,"{""seq"":1304,""x_mg"":196,""y_mg"":28,""z_mg"":972}"
26.891,left_hand,og,tilt,,"{""roll_deg"":7.9,""pitch_deg"":-8.0,""steady"":true}"
26.922,left_hand,og,acc,150698,"{""seq"":1305,""x_mg"":196,""y_mg"":32,""z_mg"":976}"
26.922,left_hand,og,tilt,,"{""roll_deg"":7.9,""pitch_deg"":-8.0,""steady"":true}"
26.922,left_hand,og,acc,150719,"{""seq"":1306,""x_mg"":184,""y_mg"":44,""z_mg"":968}"
26.922,left_hand,og,tilt,,"{""roll_deg"":7.9,""pitch_deg"":-8.1,""steady"":true}"
26.953,left_hand,og,acc,150739,"{""seq"":1307,""x_mg"":192,""y_mg"":48,""z_mg"":980}"
26.953,left_hand,og,tilt,,"{""roll_deg"":7.9,""pitch_deg"":-8.1,""steady"":true}"
26.985,left_hand,og,acc,150760,"{""seq"":1308,""x_mg"":184,""y_mg"":40,""z_mg"":988}"
26.985,left_hand,og,tilt,,"{""roll_deg"":7.9,""pitch_deg"":-8.1,""steady"":true}"
26.985,left_hand,og,acc,150780,"{""seq"":1309,""x_mg"":188,""y_mg"":44,""z_mg"":996}"
26.985,left_hand,og,tilt,,"{""roll_deg"":8.0,""pitch_deg"":-8.1,""steady"":true}"
27.016,left_hand,og,acc,150801,"{""seq"":1310,""x_mg"":200,""y_mg"":32,""z_mg"":988}"
27.016,left_hand,og,tilt,,"{""roll_deg"":8.1,""pitch_deg"":-8.1,""steady"":true}"
27.047,left_hand,og,acc,150821,"{""seq"":1311,""x_mg"":200,""y_mg"":36,""z_mg"":992}"
27.047,left_hand,og,tilt,,"{""roll_deg"":8.1,""pitch_deg"":-8.1,""steady"":true}"
27.047,left_hand,og,acc,150842,"{""seq"":1312,""x_mg"":204,""y_mg"":32,""z_mg"":1008}"
27.047,left_hand,og,tilt,,"{""roll_deg"":8.1,""pitch_deg"":-8.0,""steady"":true}"
27.078,left_hand,og,acc,150863,"{""seq"":1313,""x_mg"":204,""y_mg"":32,""z_mg"":1004}"
27.078,left_hand,og,tilt,,"{""roll_deg"":8.1,""pitch_deg"":-8.0,""steady"":true}"
27.110,left_hand,og,acc,150883,"{""seq"":1314,""x_mg"":216,""y_mg"":40,""z_mg"":992}"
27.110,left_hand,og,tilt,,"{""roll_deg"":8.1,""pitch_deg"":-8.0,""steady"":true}"
27.110,left_hand,og,acc,150904,"{""seq"":1315,""x_mg"":212,""y_mg"":40,""z_mg"":976}"
27.110,left_hand,og,tilt,,"{""roll_deg"":8.1,""pitch_deg"":-7.9,""steady"":true}"
27.141,left_hand,og,acc,150924,"{""seq"":1316,""x_mg"":200,""y_mg"":56,""z_mg"":980}"
27.141,left_hand,og,tilt,,"{""roll_deg"":8.1,""pitch_deg"":-7.9,""steady"":true}"
27.141,left_hand,og,acc,150945,"{""seq"":1317,""x_mg"":200,""y_mg"":56,""z_mg"":976}"
27.141,left_hand,og,tilt,,"{""roll_deg"":8.1,""pitch_deg"":-7.8,""steady"":true}"
27.172,left_hand,og,acc,150965,"{""seq"":1318,""x_mg"":200,""y_mg"":60,""z_mg"":992}"
27.172,left_hand,og,tilt,,"{""roll_deg"":8.3,""pitch_deg"":-7.8,""steady"":true}"
27.203,left_hand,og,acc,150986,"{""seq"":1319,""x_mg"":216,""y_mg"":76,""z_mg"":1008}"
27.203,left_hand,og,tilt,,"{""roll_deg"":8.4,""pitch_deg"":-7.8,""steady"":true}"
27.203,left_hand,og,acc,151007,"{""seq"":1320,""x_mg"":224,""y_mg"":52,""z_mg"":996}"
27.203,left_hand,og,tilt,,"{""roll_deg"":8.5,""pitch_deg"":-7.7,""steady"":true}"
27.235,left_hand,og,acc,151027,"{""seq"":1321,""x_mg"":236,""y_mg"":44,""z_mg"":992}"
27.235,left_hand,og,tilt,,"{""roll_deg"":8.6,""pitch_deg"":-7.6,""steady"":true}"
27.266,left_hand,og,acc,151048,"{""seq"":1322,""x_mg"":244,""y_mg"":56,""z_mg"":992}"
27.266,left_hand,og,tilt,,"{""roll_deg"":8.7,""pitch_deg"":-7.5,""steady"":true}"
27.266,left_hand,og,acc,151068,"{""seq"":1323,""x_mg"":264,""y_mg"":80,""z_mg"":1020}"
27.266,left_hand,og,tilt,,"{""roll_deg"":8.7,""pitch_deg"":-7.3,""steady"":true}"
27.297,left_hand,og,acc,151089,"{""seq"":1324,""x_mg"":272,""y_mg"":92,""z_mg"":1048}"
27.297,left_hand,og,tilt,,"{""roll_deg"":8.8,""pitch_deg"":-7.0,""steady"":true}"
27.297,left_hand,og,acc,151109,"{""seq"":1325,""x_mg"":272,""y_mg"":80,""z_mg"":1036}"
27.297,left_hand,og,tilt,,"{""roll_deg"":9.0,""pitch_deg"":-6.7,""steady"":true}"
27.344,left_hand,og,acc,151130,"{""seq"":1326,""x_mg"":276,""y_mg"":68,""z_mg"":1020}"
27.344,left_hand,og,tilt,,"{""roll_deg"":9.2,""pitch_deg"":-6.5,""steady"":true}"
27.375,left_hand,og,acc,151151,"{""seq"":1327,""x_mg"":292,""y_mg"":36,""z_mg"":1004}"
27.375,left_hand,og,tilt,,"{""roll_deg"":9.3,""pitch_deg"":-6.2,""steady"":true}"
27.375,left_hand,og,acc,151171,"{""seq"":1328,""x_mg"":312,""y_mg"":32,""z_mg"":988}"
27.375,left_hand,og,tilt,,"{""roll_deg"":9.4,""pitch_deg"":-5.9,""steady"":true}"
27.407,left_hand,og,acc,151192,"{""seq"":1329,""x_mg"":296,""y_mg"":28,""z_mg"":984}"
27.407,left_hand,og,tilt,,"{""roll_deg"":9.2,""pitch_deg"":-5.6,""steady"":true}"
27.438,left_hand,og,acc,151212,"{""seq"":1330,""x_mg"":308,""y_mg"":28,""z_mg"":928}"
27.438,left_hand,og,tilt,,"{""roll_deg"":9.1,""pitch_deg"":-5.2,""steady"":true}"
27.438,left_hand,og,acc,151233,"{""seq"":1331,""x_mg"":332,""y_mg"":4,""z_mg"":904}"
27.438,left_hand,og,tilt,,"{""roll_deg"":8.9,""pitch_deg"":-4.8,""steady"":true}"
27.469,left_hand,og,acc,151253,"{""seq"":1332,""x_mg"":328,""y_mg"":-24,""z_mg"":904}"
27.469,left_hand,og,tilt,,"{""roll_deg"":8.8,""pitch_deg"":-4.3,""steady"":true}"
27.485,left_hand,og,acc,151274,"{""seq"":1333,""x_mg"":328,""y_mg"":-16,""z_mg"":900}"
27.485,left_hand,og,tilt,,"{""roll_deg"":8.5,""pitch_deg"":-3.7,""steady"":true}"
27.485,left_hand,og,acc,151294,"{""seq"":1334,""x_mg"":312,""y_mg"":-16,""z_mg"":892}"
27.485,left_hand,og,tilt,,"{""roll_deg"":8.0,""pitch_deg"":-3.1,""steady"":true}"
27.516,left_hand,og,acc,151315,"{""seq"":1335,""x_mg"":316,""y_mg"":-44,""z_mg"":884}"
27.516,left_hand,og,tilt,,"{""roll_deg"":7.7,""pitch_deg"":-2.6,""steady"":true}"
27.547,left_hand,og,acc,151336,"{""seq"":1336,""x_mg"":328,""y_mg"":-52,""z_mg"":880}"
27.547,left_hand,og,tilt,,"{""roll_deg"":7.3,""pitch_deg"":-2.2,""steady"":true}"
27.578,left_hand,og,acc,151356,"{""seq"":1337,""x_mg"":344,""y_mg"":-52,""z_mg"":872}"
27.578,left_hand,og,tilt,,"{""roll_deg"":6.8,""pitch_deg"":-1.8,""steady"":true}"
27.578,left_hand,og,acc,151377,"{""seq"":1338,""x_mg"":320,""y_mg"":-48,""z_mg"":876}"
27.578,left_hand,og,tilt,,"{""roll_deg"":6.3,""pitch_deg"":-1.5,""steady"":true}"
27.610,left_hand,og,acc,151397,"{""seq"":1339,""x_mg"":304,""y_mg"":-36,""z_mg"":872}"
27.610,left_hand,og,tilt,,"{""roll_deg"":5.9,""pitch_deg"":-1.2,""steady"":true}"
27.641,left_hand,og,acc,151418,"{""seq"":1340,""x_mg"":292,""y_mg"":-36,""z_mg"":872}"
27.641,left_hand,og,tilt,,"{""roll_deg"":5.6,""pitch_deg"":-0.9,""steady"":true}"
27.641,left_hand,og,acc,151438,"{""seq"":1341,""x_mg"":296,""y_mg"":-56,""z_mg"":888}"
27.641,left_hand,og,tilt,,"{""roll_deg"":5.2,""pitch_deg"":-0.8,""steady"":true}"
27.672,left_hand,og,acc,151459,"{""seq"":1342,""x_mg"":296,""y_mg"":-52,""z_mg"":900}"
27.672,left_hand,og,tilt,,"{""roll_deg"":5.0,""pitch_deg"":-0.8,""steady"":true}"
27.703,left_hand,og,acc,151480,"{""seq"":1343,""x_mg"":308,""y_mg"":-40,""z_mg"":924}"
27.703,left_hand,og,tilt,,"{""roll_deg"":4.8,""pitch_deg"":-0.8,""steady"":true}"
27.703,left_hand,og,acc,151500,"{""seq"":1344,""x_mg"":308,""y_mg"":-60,""z_mg"":920}"
27.703,left_hand,og,tilt,,"{""roll_deg"":4.5,""pitch_deg"":-0.8,""steady"":true}"
27.719,left_hand,og,acc,151521,"{""seq"":1345,""x_mg"":328,""y_mg"":-64,""z_mg"":932}"
27.719,left_hand,og,tilt,,"{""roll_deg"":4.3,""pitch_deg"":-0.7,""steady"":true}"
27.750,left_hand,og,acc,151541,"{""seq"":1346,""x_mg"":328,""y_mg"":-68,""z_mg"":932}"
27.750,left_hand,og,tilt,,"{""roll_deg"":4.0,""pitch_deg"":-0.7,""steady"":true}"
27.782,left_hand,og,acc,151562,"{""seq"":1347,""x_mg"":320,""y_mg"":-88,""z_mg"":936}"
27.782,left_hand,og,tilt,,"{""roll_deg"":3.8,""pitch_deg"":-0.7,""steady"":true}"
27.782,left_hand,og,acc,151582,"{""seq"":1348,""x_mg"":332,""y_mg"":-80,""z_mg"":924}"
27.782,left_hand,og,tilt,,"{""roll_deg"":3.6,""pitch_deg"":-0.5,""steady"":true}"
27.813,left_hand,og,acc,151603,"{""seq"":1349,""x_mg"":348,""y_mg"":-76,""z_mg"":932}"
27.813,left_hand,og,tilt,,"{""roll_deg"":3.3,""pitch_deg"":-0.4,""steady"":true}"
27.844,left_hand,og,acc,151624,"{""seq"":1350,""x_mg"":340,""y_mg"":-52,""z_mg"":948}"
27.844,left_hand,og,tilt,,"{""roll_deg"":3.1,""pitch_deg"":-0.3,""steady"":true}"
27.844,left_hand,og,acc,151644,"{""seq"":1351,""x_mg"":320,""y_mg"":-76,""z_mg"":956}"
27.844,left_hand,og,tilt,,"{""roll_deg"":2.9,""pitch_deg"":-0.2,""steady"":true}"
27.875,left_hand,og,acc,151665,"{""seq"":1352,""x_mg"":336,""y_mg"":-92,""z_mg"":956}"
27.875,left_hand,og,tilt,,"{""roll_deg"":2.7,""pitch_deg"":-0.1,""steady"":true}"
27.875,left_hand,og,acc,151685,"{""seq"":1353,""x_mg"":364,""y_mg"":-80,""z_mg"":972}"
27.875,left_hand,og,tilt,,"{""roll_deg"":2.5,""pitch_deg"":-0.0,""steady"":true}"
27.907,left_hand,og,acc,151706,"{""seq"":1354,""x_mg"":368,""y_mg"":-72,""z_mg"":968}"
27.907,left_hand,og,tilt,,"{""roll_deg"":2.4,""pitch_deg"":0.1,""steady"":true}"
27.938,left_hand,og,acc,151726,"{""seq"":1355,""x_mg"":364,""y_mg"":-60,""z_mg"":948}"
27.938,left_hand,og,tilt,,"{""roll_deg"":2.3,""pitch_deg"":0.2,""steady"":true}"
27.938,left_hand,og,acc,151747,"{""seq"":1356,""x_mg"":364,""y_mg"":-68,""z_mg"":940}"
27.938,left_hand,og,tilt,,"{""roll_deg"":2.2,""pitch_deg"":0.4,""steady"":true}"
27.969,left_hand,og,acc,151767,"{""seq"":1357,""x_mg"":380,""y_mg"":-76,""z_mg"":944}"
27.969,left_hand,og,tilt,,"{""roll_deg"":2.2,""pitch_deg"":0.6,""steady"":true}"
28.000,left_hand,og,acc,151788,"{""seq"":1358,""x_mg"":388,""y_mg"":-64,""z_mg"":924}"
28.000,left_hand,og,tilt,,"{""roll_deg"":2.1,""pitch_deg"":0.8,""steady"":true}"
28.000,left_hand,og,acc,151809,"{""seq"":1359,""x_mg"":396,""y_mg"":-48,""z_mg"":928}"
28.000,left_hand,og,tilt,,"{""roll_deg"":2.1,""pitch_deg"":1.0,""steady"":true}"
28.047,left_hand,og,acc,151829,"{""seq"":1360,""x_mg"":384,""y_mg"":-56,""z_mg"":920}"
28.047,left_hand,og,tilt,,"{""roll_deg"":2.1,""pitch_deg"":1.3,""steady"":true}"
28.078,left_hand,og,acc,151850,"{""seq"":1361,""x_mg"":368,""y_mg"":-76,""z_mg"":916}"
28.078,left_hand,og,tilt,,"{""roll_deg"":2.1,""pitch_deg"":1.6,""steady"":true}"
28.078,left_hand,og,acc,151870,"{""seq"":1362,""x_mg"":400,""y_mg"":-76,""z_mg"":908}"
28.078,left_hand,og,tilt,,"{""roll_deg"":2.1,""pitch_deg"":1.8,""steady"":true}"
28.110,left_hand,og,acc,151891,"{""seq"":1363,""x_mg"":388,""y_mg"":-60,""z_mg"":912}"
28.110,left_hand,og,tilt,,"{""roll_deg"":2.1,""pitch_deg"":2.1,""steady"":true}"
28.141,left_hand,og,acc,151911,"{""seq"":1364,""x_mg"":352,""y_mg"":-68,""z_mg"":908}"
28.141,left_hand,og,tilt,,"{""roll_deg"":2.1,""pitch_deg"":2.3,""steady"":true}"
28.141,left_hand,og,acc,151932,"{""seq"":1365,""x_mg"":360,""y_mg"":-76,""z_mg"":912}"
28.141,left_hand,og,tilt,,"{""roll_deg"":2.0,""pitch_deg"":2.3,""steady"":true}"
28.172,left_hand,og,acc,151953,"{""seq"":1366,""x_mg"":376,""y_mg"":-68,""z_mg"":924}"
28.172,left_hand,og,tilt,,"{""roll_deg"":2.0,""pitch_deg"":2.4,""steady"":true}"
28.203,left_hand,og,acc,151973,"{""seq"":1367,""x_mg"":368,""y_mg"":-64,""z_mg"":924}"
28.203,left_hand,og,tilt,,"{""roll_deg"":1.9,""pitch_deg"":2.5,""steady"":true}"
28.203,left_hand,og,acc,151994,"{""seq"":1368,""x_mg"":340,""y_mg"":-60,""z_mg"":908}"
28.203,left_hand,og,tilt,,"{""roll_deg"":1.9,""pitch_deg"":2.5,""steady"":true}"
28.235,left_hand,og,acc,152014,"{""seq"":1369,""x_mg"":344,""y_mg"":-84,""z_mg"":920}"
28.235,left_hand,og,tilt,,"{""roll_deg"":1.9,""pitch_deg"":2.5,""steady"":true}"
28.235,left_hand,og,acc,152035,"{""seq"":1370,""x_mg"":364,""y_mg"":-92,""z_mg"":924}"
28.235,left_hand,og,tilt,,"{""roll_deg"":1.9,""pitch_deg"":2.4,""steady"":true}"
28.266,left_hand,og,acc,152055,"{""seq"":1371,""x_mg"":376,""y_mg"":-80,""z_mg"":932}"
28.266,left_hand,og,tilt,,"{""roll_deg"":1.8,""pitch_deg"":2.4,""steady"":true}"
28.297,left_hand,og,acc,152076,"{""seq"":1372,""x_mg"":360,""y_mg"":-68,""z_mg"":912}"
28.297,left_hand,og,tremor,,"{""rms_mg"":13.2,""peak_hz"":10.8}"
28.297,left_hand,og,tilt,,"{""roll_deg"":1.7,""pitch_deg"":2.4,""steady"":true}"
28.297,left_hand,og,acc,152097,"{""seq"":1373,""x_mg"":356,""y_mg"":-80,""z_mg"":920}"
28.297,left_hand,og,tilt,,"{""roll_deg"":1.6,""pitch_deg"":2.4,""steady"":true}"
28.313,left_hand,og,acc,152117,"{""seq"":1374,""x_mg"":368,""y_mg"":-88,""z_mg"":916}"
28.313,left_hand,og,tilt,,"{""roll_deg"":1.6,""pitch_deg"":2.4,""steady"":true}"
28.344,left_hand,og,acc,152138,"{""seq"":1375,""x_mg"":384,""y_mg"":-84,""z_mg"":924}"
28.344,left_hand,og,tilt,,"{""roll_deg"":1.5,""pitch_deg"":2.5,""steady"":true}"
28.375,left_hand,og,acc,152158,"{""seq"":1376,""x_mg"":380,""y_mg"":-80,""z_mg"":924}"
28.375,left_hand,og,tilt,,"{""roll_deg"":1.5,""pitch_deg"":2.5,""steady"":true}"
28.375,left_hand,og,acc,152179,"{""seq"":1377,""x_mg"":380,""y_mg"":-96,""z_mg"":912}"
28.375,left_hand,og,tilt,,"{""roll_deg"":1.4,""pitch_deg"":2.6,""steady"":true}"
28.407,left_hand,og,acc,152199,"{""seq"":1378,""x_mg"":380,""y_mg"":-108,""z_mg"":904}"
28.407,left_hand,og,tilt,,"{""roll_deg"":1.3,""pitch_deg"":2.7,""steady"":true}"
28.438,left_hand,og,acc,152220,"{""seq"":1379,""x_mg"":396,""y_mg"":-100,""z_mg"":912}"
28.438,left_hand,og,tilt,,"{""roll_deg"":1.1,""pitch_deg"":2.8,""steady"":true}"
28.438,left_hand,og,acc,152241,"{""seq"":1380,""x_mg"":376,""y_mg"":-104,""z_mg"":900}"
28.438,left_hand,og,tilt,,"{""roll_deg"":1.0,""pitch_deg"":2.9,""steady"":true}"
28.469,left_hand,og,acc,152261,"{""seq"":1381,""x_mg"":376,""y_mg"":-116,""z_mg"":912}"
28.469,left_hand,og,tilt,,"{""roll_deg"":0.8,""pitch_deg"":3.0,""steady"":true}"
28.500,left_hand,og,acc,152282,"{""seq"":1382,""x_mg"":396,""y_mg"":-124,""z_mg"":924}"
28.500,left_hand,og,tilt,,"{""roll_deg"":0.6,""pitch_deg"":3.1,""steady"":true}"
28.500,left_hand,og,acc,152302,"{""seq"":1383,""x_mg"":392,""y_mg"":-124,""z_mg"":928}"
28.500,left_hand,og,tilt,,"{""roll_deg"":0.4,""pitch_deg"":3.2,""steady"":true}"
28.532,left_hand,og,acc,152323,"{""seq"":1384,""x_mg"":380,""y_mg"":-120,""z_mg"":932}"
28.532,left_hand,og,tilt,,"{""roll_deg"":0.2,""pitch_deg"":3.2,""steady"":true}"
28.563,left_hand,og,acc,152343,"{""seq"":1385,""x_mg"":384,""y_mg"":-112,""z_mg"":936}"
28.563,left_hand,og,tilt,,"{""roll_deg"":-0.0,""pitch_deg"":3.2,""steady"":true}"
28.563,left_hand,og,acc,152364,"{""seq"":1386,""x_mg"":392,""y_mg"":-112,""z_mg"":936}"
28.563,left_hand,og,tilt,,"{""roll_deg"":-0.2,""pitch_deg"":3.3,""steady"":true}"
28.610,left_hand,og,acc,152384,"{""seq"":1387,""x_mg"":388,""y_mg"":-120,""z_mg"":920}"
28.610,left_hand,og,tilt,,"{""roll_deg"":-0.3,""pitch_deg"":3.3,""steady"":true}"
28.610,left_hand,og,acc,152405,"{""seq"":1388,""x_mg"":384,""y_mg"":-124,""z_mg"":924}"
28.610,left_hand,og,tilt,,"{""roll_deg"":-0.4,""pitch_deg"":3.3,""steady"":true}"
28.641,left_hand,og,acc,152426,"{""seq"":1389,""x_mg"":368,""y_mg"":-116,""z_mg"":916}"
28.641,left_hand,og,tilt,,"{""roll_deg"":-0.5,""pitch_deg"":3.4,""steady"":true}"
28.672,left_hand,og,acc,152446,"{""seq"":1390,""x_mg"":376,""y_mg"":-120,""z_mg"":920}"
28.672,left_hand,og,tilt,,"{""roll_deg"":-0.6,""pitch_deg"":3.4,""steady"":true}"
28.672,left_hand,og,acc,152467,"{""seq"":1391,""x_mg"":384,""y_mg"":-116,""z_mg"":924}"
28.672,left_hand,og,tilt,,"{""roll_deg"":-0.7,""pitch_deg"":3.4,""steady"":true}"
28.703,left_hand,og,acc,152487,"{""seq"":1392,""x_mg"":384,""y_mg"":-132,""z_mg"":912}"
28.703,left_hand,og,tilt,,"{""roll_deg"":-0.8,""pitch_deg"":3.4,""steady"":true}"
28.719,left_hand,og,acc,152508,"{""seq"":1393,""x_mg"":396,""y_mg"":-124,""z_mg"":912}"
28.719,left_hand,og,tilt,,"{""roll_deg"":-0.9,""pitch_deg"":3.4,""steady"":true}"
28.750,left_hand,og,acc,152528,"{""seq"":1394,""x_mg"":396,""y_mg"":-124,""z_mg"":916}"
28.750,left_hand,og,tilt,,"{""roll_deg"":-1.0,""pitch_deg"":3.4,""steady"":true}"
28.750,left_hand,og,acc,152549,"{""seq"":1395,""x_mg"":388,""y_mg"":-120,""z_mg"":912}"
28.750,left_hand,og,tilt,,"{""roll_deg"":-1.1,""pitch_deg"":3.5,""steady"":true}"
28.782,left_hand,og,acc,152570,"{""seq"":1396,""x_mg"":400,""y_mg"":-116,""z_mg"":912}"
28.782,left_hand,og,tilt,,"{""roll_deg"":-1.1,""pitch_deg"":3.6,""steady"":true}"
28.813,left_hand,og,acc,152590,"{""seq"":1397,""x_mg"":392,""y_mg"":-128,""z_mg"":908}"
28.813,left_hand,og,tilt,,"{""roll_deg"":-1.2,""pitch_deg"":3.7,""steady"":true}"
28.813,left_hand,og,acc,152611,"{""seq"":1398,""x_mg"":360,""y_mg"":-124,""z_mg"":920}"
28.813,left_hand,og,tilt,,"{""roll_deg"":-1.3,""pitch_deg"":3.8,""steady"":true}"
28.844,left_hand,og,acc,152631,"{""seq"":1399,""x_mg"":384,""y_mg"":-144,""z_mg"":892}"
28.844,left_hand,og,tilt,,"{""roll_deg"":-1.3,""pitch_deg"":3.8,""steady"":true}"
28.875,left_hand,og,acc,152652,"{""seq"":1400,""x_mg"":404,""y_mg"":-132,""z_mg"":892}"
28.875,left_hand,og,tilt,,"{""roll_deg"":-1.4,""pitch_deg"":3.9,""steady"":true}"
28.875,left_hand,og,acc,152672,"{""seq"":1401,""x_mg"":384,""y_mg"":-148,""z_mg"":896}"
28.875,left_hand,og,tilt,,"{""roll_deg"":-1.5,""pitch_deg"":3.9,""steady"":true}"
28.907,left_hand,og,acc,152693,"{""seq"":1402,""x_mg"":384,""y_mg"":-160,""z_mg"":904}"
28.907,left_hand,og,tilt,,"{""roll_deg"":-1.7,""pitch_deg"":3.9,""steady"":true}"
28.907,left_hand,og,acc,152713,"{""seq"":1403,""x_mg"":408,""y_mg"":-140,""z_mg"":904}"
28.907,left_hand,og,tilt,,"{""roll_deg"":-1.9,""pitch_deg"":4.0,""steady"":true}"
28.938,left_hand,og,acc,152734,"{""seq"":1404,""x_mg"":396,""y_mg"":-140,""z_mg"":908}"
28.938,left_hand,og,tilt,,"{""roll_deg"":-2.0,""pitch_deg"":4.0,""steady"":true}"
28.953,left_hand,og,acc,152755,"{""seq"":1405,""x_mg"":392,""y_mg"":-152,""z_mg"":896}"
28.953,left_hand,og,tilt,,"{""roll_deg"":-2.2,""pitch_deg"":4.1,""steady"":true}"
28.985,left_hand,og,acc,152775,"{""seq"":1406,""x_mg"":408,""y_mg"":-144,""z_mg"":900}"
28.985,left_hand,og,tilt,,"{""roll_deg"":-2.3,""pitch_deg"":4.1,""steady"":true}"
29.016,left_hand,og,acc,152796,"{""seq"":1407,""x_mg"":436,""y_mg"":-144,""z_mg"":912}"
29.016,left_hand,og,tilt,,"{""roll_deg"":-2.3,""pitch_deg"":4.3,""steady"":true}"
29.016,left_hand,og,acc,152816,"{""seq"":1408,""x_mg"":428,""y_mg"":-148,""z_mg"":916}"
29.016,left_hand,og,tilt,,"{""roll_deg"":-2.4,""pitch_deg"":4.4,""steady"":true}"
29.047,left_hand,og,acc,152837,"{""seq"":1409,""x_mg"":412,""y_mg"":-148,""z_mg"":912}"
29.047,left_hand,og,tilt,,"{""roll_deg"":-2.5,""pitch_deg"":4.5,""steady"":true}"
29.078,left_hand,og,acc,152857,"{""seq"":1410,""x_mg"":396,""y_mg"":-144,""z_mg"":920}"
29.078,left_hand,og,tilt,,"{""roll_deg"":-2.6,""pitch_deg"":4.6,""steady"":true}"
29.078,left_hand,og,acc,152878,"{""seq"":1411,""x_mg"":408,""y_mg"":-136,""z_mg"":924}"
29.078,left_hand,og,tilt,,"{""roll_deg"":-2.6,""pitch_deg"":4.7,""steady"":true}"
29.110,left_hand,og,acc,152899,"{""seq"":1412,""x_mg"":416,""y_mg"":-156,""z_mg"":904}"
29.110,left_hand,og,tilt,,"{""roll_deg"":-2.7,""pitch_deg"":4.7,""steady"":true}"
29.110,left_hand,og,acc,152919,"{""seq"":1413,""x_mg"":424,""y_mg"":-160,""z_mg"":900}"
29.110,left_hand,og,tilt,,"{""roll_deg"":-2.8,""pitch_deg"":4.8,""steady"":true}"
29.141,left_hand,og,acc,152940,"{""seq"":1414,""x_mg"":416,""y_mg"":-164,""z_mg"":892}"
29.141,left_hand,og,tilt,,"{""roll_deg"":-2.9,""pitch_deg"":4.9,""steady"":true}"
29.157,left_hand,og,acc,152960,"{""seq"":1415,""x_mg"":424,""y_mg"":-168,""z_mg"":884}"
29.157,left_hand,og,tilt,,"{""roll_deg"":-3.0,""pitch_deg"":5.0,""steady"":true}"
29.188,left_hand,og,acc,152981,"{""seq"":1416,""x_mg"":428,""y_mg"":-164,""z_mg"":888}"
29.188,left_hand,og,tilt,,"{""roll_deg"":-3.2,""pitch_deg"":5.2,""steady"":true}"
29.219,left_hand,og,acc,153001,"{""seq"":1417,""x_mg"":428,""y_mg"":-164,""z_mg"":888}"
29.219,left_hand,og,tilt,,"{""roll_deg"":-3.3,""pitch_deg"":5.3,""steady"":true}"
29.219,left_hand,og,acc,153022,"{""seq"":1418,""x_mg"":432,""y_mg"":-152,""z_mg"":892}"
29.219,left_hand,og,tilt,,"{""roll_deg"":-3.5,""pitch_deg"":5.5,""steady"":true}"
29.266,left_hand,og,acc,153043,"{""seq"":1419,""x_mg"":400,""y_mg"":-156,""z_mg"":888}"
29.266,left_hand,og,tilt,,"{""roll_deg"":-3.6,""pitch_deg"":5.6,""steady"":true}"
29.266,left_hand,og,acc,153063,"{""seq"":1420,""x_mg"":412,""y_mg"":-180,""z_mg"":896}"
29.266,left_hand,og,tilt,,"{""roll_deg"":-3.7,""pitch_deg"":5.7,""steady"":true}"
29.297,left_hand,og,acc,153084,"{""seq"":1421,""x_mg"":420,""y_mg"":-176,""z_mg"":892}"
29.297,left_hand,og,tilt,,"{""roll_deg"":-3.8,""pitch_deg"":5.8,""steady"":true}"
29.328,left_hand,og,acc,153104,"{""seq"":1422,""x_mg"":408,""y_mg"":-164,""z_mg"":896}"
29.328,left_hand,og,tilt,,"{""roll_deg"":-3.8,""pitch_deg"":5.8,""steady"":true}"
29.328,left_hand,og,acc,153125,"{""seq"":1423,""x_mg"":384,""y_mg"":-176,""z_mg"":884}"
29.328,left_hand,og,tilt,,"{""roll_deg"":-4.0,""pitch_deg"":5.7,""steady"":true}"
29.344,left_hand,og,acc,153145,"{""seq"":1424,""x_mg"":388,""y_mg"":-184,""z_mg"":876}"
29.344,left_hand,og,tilt,,"{""roll_deg"":-4.1,""pitch_deg"":5.7,""steady"":true}"
29.375,left_hand,og,acc,153166,"{""seq"":1425,""x_mg"":400,""y_mg"":-180,""z_mg"":880}"
29.375,left_hand,og,tilt,,"{""roll_deg"":-4.3,""pitch_deg"":5.6,""steady"":true}"
29.407,left_hand,og,acc,153187,"{""seq"":1426,""x_mg"":396,""y_mg"":-180,""z_mg"":880}"
29.407,left_hand,og,tilt,,"{""roll_deg"":-4.4,""pitch_deg"":5.6,""steady"":true}"
29.407,left_hand,og,acc,153207,"{""seq"":1427,""x_mg"":408,""y_mg"":-172,""z_mg"":876}"
29.407,left_hand,og,tilt,,"{""roll_deg"":-4.6,""pitch_deg"":5.5,""steady"":true}"
29.438,left_hand,og,acc,153228,"{""seq"":1428,""x_mg"":412,""y_mg"":-176,""z_mg"":880}"
29.438,left_hand,og,tilt,,"{""roll_deg"":-4.7,""pitch_deg"":5.5,""steady"":true}"
29.469,left_hand,og,acc,153248,"{""seq"":1429,""x_mg"":416,""y_mg"":-184,""z_mg"":896}"
29.469,left_hand,og,tilt,,"{""roll_deg"":-4.8,""pitch_deg"":5.5,""steady"":true}"
29.469,left_hand,og,acc,153269,"{""seq"":1430,""x_mg"":408,""y_mg"":-204,""z_mg"":888}"
29.469,left_hand,og,tilt,,"{""roll_deg"":-4.9,""pitch_deg"":5.6,""steady"":true}"
29.500,left_hand,og,acc,153289,"{""seq"":1431,""x_mg"":412,""y_mg"":-192,""z_mg"":876}"
29.500,left_hand,og,tilt,,"{""roll_deg"":-5.0,""pitch_deg"":5.6,""steady"":true}"
29.532,left_hand,og,acc,153310,"{""seq"":1432,""x_mg"":404,""y_mg"":-188,""z_mg"":876}"
29.532,left_hand,og,tilt,,"{""roll_deg"":-5.1,""pitch_deg"":5.6,""steady"":true}"
29.532,left_hand,og,acc,153330,"{""seq"":1433,""x_mg"":408,""y_mg"":-184,""z_mg"":884}"
29.532,left_hand,og,tilt,,"{""roll_deg"":-5.2,""pitch_deg"":5.6,""steady"":true}"
29.547,left_hand,og,acc,153351,"{""seq"":1434,""x_mg"":432,""y_mg"":-188,""z_mg"":880}"
29.547,left_hand,og,tilt,,"{""roll_deg"":-5.3,""pitch_deg"":5.7,""steady"":true}"
29.578,left_hand,og,acc,153372,"{""seq"":1435,""x_mg"":428,""y_mg"":-208,""z_mg"":884}"
29.578,left_hand,og,tilt,,"{""roll_deg"":-5.4,""pitch_deg"":5.7,""steady"":true}"
29.610,left_hand,og,acc,153392,"{""seq"":1436,""x_mg"":420,""y_mg"":-180,""z_mg"":888}"
29.610,left_hand,og,tilt,,"{""roll_deg"":-5.5,""pitch_deg"":5.8,""steady"":true}"
29.610,left_hand,og,acc,153413,"{""seq"":1437,""x_mg"":440,""y_mg"":-176,""z_mg"":884}"
29.610,left_hand,og,tilt,,"{""roll_deg"":-5.5,""pitch_deg"":5.9,""steady"":true}"
29.641,left_hand,og,acc,153433,"{""seq"":1438,""x_mg"":436,""y_mg"":-196,""z_mg"":888}"
29.641,left_hand,og,tilt,,"{""roll_deg"":-5.6,""pitch_deg"":6.0,""steady"":true}"
29.672,left_hand,og,acc,153454,"{""seq"":1439,""x_mg"":436,""y_mg"":-208,""z_mg"":896}"
29.672,left_hand,og,tilt,,"{""roll_deg"":-5.7,""pitch_deg"":6.1,""steady"":true}"
29.672,left_hand,og,acc,153474,"{""seq"":1440,""x_mg"":436,""y_mg"":-196,""z_mg"":900}"
29.672,left_hand,og,tilt,,"{""roll_deg"":-5.8,""pitch_deg"":6.2,""steady"":true}"
29.703,left_hand,og,acc,153495,"{""seq"":1441,""x_mg"":444,""y_mg"":-200,""z_mg"":888}"
29.703,left_hand,og,tilt,,"{""roll_deg"":-5.8,""pitch_deg"":6.3,""steady"":true}"
29.735,left_hand,og,acc,153516,"{""seq"":1442,""x_mg"":456,""y_mg"":-200,""z_mg"":888}"
29.735,left_hand,og,tilt,,"{""roll_deg"":-5.9,""pitch_deg"":6.4,""steady"":true}"
29.735,left_hand,og,acc,153536,"{""seq"":1443,""x_mg"":428,""y_mg"":-204,""z_mg"":872}"
29.735,left_hand,og,tilt,,"{""roll_deg"":-6.0,""pitch_deg"":6.5,""steady"":true}"
29.750,left_hand,og,acc,153557,"{""seq"":1444,""x_mg"":420,""y_mg"":-204,""z_mg"":868}"
29.750,left_hand,og,tilt,,"{""roll_deg"":-6.1,""pitch_deg"":6.6,""steady"":true}"
29.782,left_hand,og,acc,153577,"{""seq"":1445,""x_mg"":444,""y_mg"":-208,""z_mg"":872}"
29.782,left_hand,og,tilt,,"{""roll_deg"":-6.2,""pitch_deg"":6.7,""steady"":true}"
29.813,left_hand,og,acc,153598,"{""seq"":1446,""x_mg"":436,""y_mg"":-212,""z_mg"":872}"
29.813,left_hand,og,tilt,,"{""roll_deg"":-6.3,""pitch_deg"":6.8,""steady"":true}"
29.813,left_hand,og,acc,153618,"{""seq"":1447,""x_mg"":428,""y_mg"":-216,""z_mg"":872}"
29.813,left_hand,og,tilt,,"{""roll_deg"":-6.5,""pitch_deg"":6.8,""steady"":true}"
29.860,left_hand,og,acc,153639,"{""seq"":1448,""x_mg"":432,""y_mg"":-212,""z_mg"":864}"
29.860,left_hand,og,tilt,,"{""roll_deg"":-6.6,""pitch_deg"":6.9,""steady"":true}"
29.891,left_hand,og,acc,153659,"{""seq"":1449,""x_mg"":416,""y_mg"":-204,""z_mg"":864}"
29.891,left_hand,og,tilt,,"{""roll_deg"":-6.7,""pitch_deg"":7.0,""steady"":true}"
29.891,left_hand,og,acc,153680,"{""seq"":1450,""x_mg"":412,""y_mg"":-200,""z_mg"":872}"
29.891,left_hand,og,tilt,,"{""roll_deg"":-6.8,""pitch_deg"":7.0,""steady"":true}"
29.922,left_hand,og,acc,153701,"{""seq"":1451,""x_mg"":400,""y_mg"":-220,""z_mg"":852}"
29.922,left_hand,og,tilt,,"{""roll_deg"":-7.0,""pitch_deg"":6.9,""steady"":true}"
29.922,left_hand,og,acc,153721,"{""seq"":1452,""x_mg"":420,""y_mg"":-232,""z_mg"":872}"
29.922,left_hand,og,tilt,,"{""roll_deg"":-7.1,""pitch_deg"":6.9,""steady"":true}"
29.953,left_hand,og,acc,153742,"{""seq"":1453,""x_mg"":420,""y_mg"":-200,""z_mg"":868}"
29.953,left_hand,og,tilt,,"{""roll_deg"":-7.1,""pitch_deg"":6.9,""steady"":true}"
29.969,left_hand,og,acc,153762,"{""seq"":1454,""x_mg"":404,""y_mg"":-208,""z_mg"":872}"
29.969,left_hand,og,tilt,,"{""roll_deg"":-7.1,""pitch_deg"":6.8,""steady"":true}"
30.000,left_hand,og,acc,153783,"{""seq"":1455,""x_mg"":412,""y_mg"":-216,""z_mg"":876}"
30.000,left_hand,og,tilt,,"{""roll_deg"":-7.2,""pitch_deg"":6.7,""steady"":true}"
30.032,left_hand,og,acc,153803,"{""seq"":1456,""x_mg"":444,""y_mg"":-216,""z_mg"":880}"
30.032,left_hand,og,tilt,,"{""roll_deg"":-7.3,""pitch_deg"":6.7,""steady"":true}"
30.032,left_hand,og,acc,153824,"{""seq"":1457,""x_mg"":456,""y_mg"":-196,""z_mg"":884}"
30.032,left_hand,og,tilt,,"{""roll_deg"":-7.3,""pitch_deg"":6.7,""steady"":true}"
30.063,left_hand,og,acc,153845,"{""seq"":1458,""x_mg"":432,""y_mg"":-192,""z_mg"":880}"
30.063,left_hand,og,tilt,,"{""roll_deg"":-7.3,""pitch_deg"":6.7,""steady"":true}"
30.063,left_hand,og,acc,153865,"{""seq"":1459,""x_mg"":444,""y_mg"":-192,""z_mg"":880}"
30.063,left_hand,og,tilt,,"{""roll_deg"":-7.2,""pitch_deg"":6.9,""steady"":true}"
30.094,left_hand,og,acc,153886,"{""seq"":1460,""x_mg"":448,""y_mg"":-180,""z_mg"":880}"
30.094,left_hand,og,tilt,,"{""roll_deg"":-7.1,""pitch_deg"":7.0,""steady"":true}"
30.125,left_hand,og,acc,153906,"{""seq"":1461,""x_mg"":452,""y_mg"":-200,""z_mg"":880}"
30.125,left_hand,og,tilt,,"{""roll_deg"":-7.0,""pitch_deg"":7.1,""steady"":true}"
30.125,left_hand,og,acc,153927,"{""seq"":1462,""x_mg"":444,""y_mg"":-228,""z_mg"":876}"
30.125,left_hand,og,tilt,,"{""roll_deg"":-6.9,""pitch_deg"":7.2,""steady"":true}"
30.157,left_hand,og,acc,153947,"{""seq"":1463,""x_mg"":444,""y_mg"":-224,""z_mg"":868}"
30.157,left_hand,og,tilt,,"{""roll_deg"":-6.9,""pitch_deg"":7.2,""steady"":true}"
30.188,left_hand,og,acc,153968,"{""seq"":1464,""x_mg"":448,""y_mg"":-208,""z_mg"":872}"
30.188,left_hand,og,tilt,,"{""roll_deg"":-7.0,""pitch_deg"":7.3,""steady"":true}"
30.188,left_hand,og,acc,153989,"{""seq"":1465,""x_mg"":468,""y_mg"":-216,""z_mg"":876}"
30.188,left_hand,og,tilt,,"{""roll_deg"":-7.1,""pitch_deg"":7.4,""steady"":true}"
30.203,left_hand,og,acc,154009,"{""seq"":1466,""x_mg"":448,""y_mg"":-236,""z_mg"":884}"
30.203,left_hand,og,tilt,,"{""roll_deg"":-7.2,""pitch_deg"":7.5,""steady"":true}"
30.235,left_hand,og,acc,154030,"{""seq"":1467,""x_mg"":440,""y_mg"":-224,""z_mg"":880}"
30.235,left_hand,og,tilt,,"{""roll_deg"":-7.3,""pitch_deg"":7.6,""steady"":true}"
30.266,left_hand,og,acc,154050,"{""seq"":1468,""x_mg"":440,""y_mg"":-216,""z_mg"":864}"
30.266,left_hand,og,tilt,,"{""roll_deg"":-7.4,""pitch_deg"":7.6,""steady"":true}"
30.266,left_hand,og,acc,154071,"{""seq"":1469,""x_mg"":436,""y_mg"":-228,""z_mg"":872}"
30.266,left_hand,og,tilt,,"{""roll_deg"":-7.5,""pitch_deg"":7.6,""steady"":true}"
30.297,left_hand,og,acc,154091,"{""seq"":1470,""x_mg"":444,""y_mg"":-240,""z_mg"":872}"
30.297,left_hand,og,tremor,,"{""rms_mg"":13.7,""peak_hz"":11.6}"
30.297,left_hand,og,tilt,,"{""roll_deg"":-7.7,""pitch_deg"":7.6,""steady"":true}"
30.328,left_hand,og,acc,154112,"{""seq"":1471,""x_mg"":448,""y_mg"":-224,""z_mg"":868}"
30.328,left_hand,og,tilt,,"{""roll_deg"":-7.8,""pitch_deg"":7.7,""steady"":true}"
30.328,left_hand,og,acc,154132,"{""seq"":1472,""x_mg"":436,""y_mg"":-220,""z_mg"":868}"
30.328,left_hand,og,tilt,,"{""roll_deg"":-7.8,""pitch_deg"":7.7,""steady"":true}"
30.360,left_hand,og,acc,154153,"{""seq"":1473,""x_mg"":428,""y_mg"":-208,""z_mg"":868}"
30.360,left_hand,og,tilt,,"{""roll_deg"":-7.9,""pitch_deg"":7.7,""steady"":true}"
30.391,left_hand,og,acc,154174,"{""seq"":1474,""x_mg"":432,""y_mg"":-200,""z_mg"":852}"
30.391,left_hand,og,tilt,,"{""roll_deg"":-7.9,""pitch_deg"":7.7,""steady"":true}"
30.391,left_hand,og,acc,154194,"{""seq"":1475,""x_mg"":440,""y_mg"":-216,""z_mg"":848}"
30.391,left_hand,og,tilt,,"{""roll_deg"":-8.0,""pitch_deg"":7.7,""steady"":true}"
30.422,left_hand,og,acc,154215,"{""seq"":1476,""x_mg"":444,""y_mg"":-228,""z_mg"":856}"
30.422,left_hand,og,tilt,,"{""roll_deg"":-8.0,""pitch_deg"":7.7,""steady"":true}"
30.453,left_hand,og,acc,154235,"{""seq"":1477,""x_mg"":436,""y_mg"":-228,""z_mg"":860}"
30.453,left_hand,og,tilt,,"{""roll_deg"":-8.0,""pitch_deg"":7.7,""steady"":true}"
30.453,left_hand,og,acc,154256,"{""seq"":1478,""x_mg"":444,""y_mg"":-224,""z_mg"":856}"
30.453,left_hand,og,tilt,,"{""roll_deg"":-8.1,""pitch_deg"":7.8,""steady"":true}"
30.485,left_hand,og,acc,154276,"{""seq"":1479,""x_mg"":440,""y_mg"":-232,""z_mg"":864}"
30.485,left_hand,og,tilt,,"{""roll_deg"":-8.2,""pitch_deg"":7.9,""steady"":true}"
30.532,left_hand,og,acc,154297,"{""seq"":1480,""x_mg"":432,""y_mg"":-232,""z_mg"":864}"
30.532,left_hand,og,tilt,,"{""roll_deg"":-8.3,""pitch_deg"":7.9,""steady"":true}"
30.532,left_hand,og,acc,154318,"{""seq"":1481,""x_mg"":444,""y_mg"":-224,""z_mg"":868}"
30.532,left_hand,og,tilt,,"{""roll_deg"":-8.3,""pitch_deg"":7.9,""steady"":true}"
30.563,left_hand,og,acc,154338,"{""seq"":1482,""x_mg"":444,""y_mg"":-224,""z_mg"":872}"
30.563,left_hand,og,tilt,,"{""roll_deg"":-8.4,""pitch_deg"":7.9,""steady"":true}"
30.563,left_hand,og,acc,154359,"{""seq"":1483,""x_mg"":440,""y_mg"":-224,""z_mg"":860}"
30.563,left_hand,og,tilt,,"{""roll_deg"":-8.4,""pitch_deg"":7.9,""steady"":true}"
30.594,left_hand,og,acc,154379,"{""seq"":1484,""x_mg"":428,""y_mg"":-228,""z_mg"":880}"
30.594,left_hand,og,tilt,,"{""roll_deg"":-8.4,""pitch_deg"":7.9,""steady"":true}"
30.625,left_hand,og,acc,154400,"{""seq"":1485,""x_mg"":436,""y_mg"":-216,""z_mg"":884}"
30.625,left_hand,og,tilt,,"{""roll_deg"":-8.4,""pitch_deg"":7.9,""steady"":true}"
30.625,left_hand,og,acc,154420,"{""seq"":1486,""x_mg"":444,""y_mg"":-224,""z_mg"":880}"
30.625,left_hand,og,tilt,,"{""roll_deg"":-8.4,""pitch_deg"":7.9,""steady"":true}"
30.657,left_hand,og,acc,154441,"{""seq"":1487,""x_mg"":436,""y_mg"":-216,""z_mg"":880}"
30.657,left_hand,og,tilt,,"{""roll_deg"":-8.4,""pitch_deg"":7.8,""steady"":true}"
30.688,left_hand,og,acc,154462,"{""seq"":1488,""x_mg"":440,""y_mg"":-204,""z_mg"":868}"
30.688,left_hand,og,tilt,,"{""roll_deg"":-8.3,""pitch_deg"":7.7,""steady"":true}"
30.688,left_hand,og,acc,154482,"{""seq"":1489,""x_mg"":460,""y_mg"":-192,""z_mg"":864}"
30.688,left_hand,og,tilt,,"{""roll_deg"":-8.2,""pitch_deg"":7.7,""steady"":true}"
30.719,left_hand,og,acc,154503,"{""seq"":1490,""x_mg"":448,""y_mg"":-200,""z_mg"":884}"
30.719,left_hand,og,tilt,,"{""roll_deg"":-8.1,""pitch_deg"":7.7,""steady"":true}"
30.750,left_hand,og,acc,154523,"{""seq"":1491,""x_mg"":428,""y_mg"":-208,""z_mg"":864}"
30.750,left_hand,og,tilt,,"{""roll_deg"":-8.0,""pitch_deg"":7.7,""steady"":true}"
30.750,left_hand,og,acc,154544,"{""seq"":1492,""x_mg"":452,""y_mg"":-196,""z_mg"":868}"
30.750,left_hand,og,tilt,,"{""roll_deg"":-7.9,""pitch_deg"":7.7,""steady"":true}"
30.782,left_hand,og,acc,154564,"{""seq"":1493,""x_mg"":456,""y_mg"":-188,""z_mg"":864}"
30.782,left_hand,og,tilt,,"{""roll_deg"":-7.7,""pitch_deg"":7.8,""steady"":true}"
30.782,left_hand,og,acc,154585,"{""seq"":1494,""x_mg"":432,""y_mg"":-192,""z_mg"":880}"
30.782,left_hand,og,tilt,,"{""roll_deg"":-7.6,""pitch_deg"":7.8,""steady"":true}"
30.797,left_hand,og,acc,154605,"{""seq"":1495,""x_mg"":444,""y_mg"":-236,""z_mg"":868}"
30.797,left_hand,og,tilt,,"{""roll_deg"":-7.5,""pitch_deg"":7.8,""steady"":true}"
30.828,left_hand,og,acc,154626,"{""seq"":1496,""x_mg"":432,""y_mg"":-228,""z_mg"":868}"
30.828,left_hand,og,tilt,,"{""roll_deg"":-7.4,""pitch_deg"":7.9,""steady"":true}"
30.860,left_hand,og,acc,154647,"{""seq"":1497,""x_mg"":444,""y_mg"":-212,""z_mg"":872}"
30.860,left_hand,og,tilt,,"{""roll_deg"":-7.4,""pitch_deg"":7.9,""steady"":true}"
30.891,left_hand,og,acc,154667,"{""seq"":1498,""x_mg"":440,""y_mg"":-216,""z_mg"":876}"
30.891,left_hand,og,tilt,,"{""roll_deg"":-7.5,""pitch_deg"":7.8,""steady"":true}"
30.891,left_hand,og,acc,154688,"{""seq"":1499,""x_mg"":424,""y_mg"":-232,""z_mg"":876}"
30.891,left_hand,og,tilt,,"{""roll_deg"":-7.6,""pitch_deg"":7.8,""steady"":true}"
30.922,left_hand,og,acc,154708,"{""seq"":1500,""x_mg"":448,""y_mg"":-236,""z_mg"":872}"
30.922,left_hand,og,tilt,,"{""roll_deg"":-7.7,""pitch_deg"":7.8,""steady"":true}"
30.922,left_hand,og,acc,154729,"{""seq"":1501,""x_mg"":440,""y_mg"":-224,""z_mg"":872}"
30.922,left_hand,og,tilt,,"{""roll_deg"":-7.8,""pitch_deg"":7.8,""steady"":true}"
30.953,left_hand,og,acc,154749,"{""seq"":1502,""x_mg"":444,""y_mg"":-236,""z_mg"":868}"
30.953,left_hand,og,tilt,,"{""roll_deg"":-7.9,""pitch_deg"":7.8,""steady"":true}"
30.985,left_hand,og,acc,154770,"{""seq"":1503,""x_mg"":444,""y_mg"":-228,""z_mg"":880}"
30.985,left_hand,og,tilt,,"{""roll_deg"":-8.0,""pitch_deg"":7.7,""steady"":true}"
30.985,left_hand,og,acc,154791,"{""seq"":1504,""x_mg"":444,""y_mg"":-216,""z_mg"":864}"
30.985,left_hand,og,tilt,,"{""roll_deg"":-8.1,""pitch_deg"":7.8,""steady"":true}"
31.016,left_hand,og,acc,154811,"{""seq"":1505,""x_mg"":432,""y_mg"":-224,""z_mg"":864}"
31.016,left_hand,og,tilt,,"{""roll_deg"":-8.2,""pitch_deg"":7.8,""steady"":true}"
31.032,left_hand,og,acc,154832,"{""seq"":1506,""x_mg"":452,""y_mg"":-220,""z_mg"":856}"
31.032,left_hand,og,tilt,,"{""roll_deg"":-8.2,""pitch_deg"":7.8,""steady"":true}"
31.063,left_hand,og,acc,154852,"{""seq"":1507,""x_mg"":452,""y_mg"":-204,""z_mg"":876}"
31.063,left_hand,og,tilt,,"{""roll_deg"":-8.2,""pitch_deg"":7.8,""steady"":true}"
31.063,left_hand,og,acc,154873,"{""seq"":1508,""x_mg"":456,""y_mg"":-232,""z_mg"":872}"
31.063,left_hand,og,tilt,,"{""roll_deg"":-8.2,""pitch_deg"":7.9,""steady"":true}"
31.094,left_hand,og,acc,154893,"{""seq"":1509,""x_mg"":456,""y_mg"":-208,""z_mg"":872}"
31.094,left_hand,og,tilt,,"{""roll_deg"":-8.3,""pitch_deg"":8.0,""steady"":true}"
31.141,left_hand,og,acc,154914,"{""seq"":1510,""x_mg"":452,""y_mg"":-192,""z_mg"":864}"
31.141,left_hand,og,tilt,,"{""roll_deg"":-8.2,""pitch_deg"":8.0,""steady"":true}"
31.141,left_hand,og,acc,154934,"{""seq"":1511,""x_mg"":448,""y_mg"":-188,""z_mg"":872}"
31.141,left_hand,og,tilt,,"{""roll_deg"":-8.0,""pitch_deg"":8.1,""steady"":true}"
31.172,left_hand,og,acc,154955,"{""seq"":1512,""x_mg"":444,""y_mg"":-212,""z_mg"":884}"
31.172,left_hand,og,tilt,,"{""roll_deg"":-7.9,""pitch_deg"":8.1,""steady"":true}"
31.203,left_hand,og,acc,154976,"{""seq"":1513,""x_mg"":448,""y_mg"":-220,""z_mg"":872}"
31.203,left_hand,og,tilt,,"{""roll_deg"":-7.9,""pitch_deg"":8.1,""steady"":true}"
31.203,left_hand,og,acc,154996,"{""seq"":1514,""x_mg"":452,""y_mg"":-224,""z_mg"":872}"
31.203,left_hand,og,tilt,,"{""roll_deg"":-7.8,""pitch_deg"":8.1,""steady"":true}"
31.219,left_hand,og,acc,155017,"{""seq"":1515,""x_mg"":456,""y_mg"":-224,""z_mg"":872}"
31.219,left_hand,og,tilt,,"{""roll_deg"":-7.9,""pitch_deg"":8.1,""steady"":true}"
31.250,left_hand,og,acc,155037,"{""seq"":1516,""x_mg"":448,""y_mg"":-212,""z_mg"":868}"
31.250,left_hand,og,tilt,,"{""roll_deg"":-7.9,""pitch_deg"":8.1,""steady"":true}"
31.282,left_hand,og,acc,155058,"{""seq"":1517,""x_mg"":424,""y_mg"":-228,""z_mg"":872}"
31.282,left_hand,og,tilt,,"{""roll_deg"":-8.0,""pitch_deg"":8.1,""steady"":true}"
31.282,left_hand,og,acc,155078,"{""seq"":1518,""x_mg"":444,""y_mg"":-244,""z_mg"":876}"
31.282,left_hand,og,tilt,,"{""roll_deg"":-8.0,""pitch_deg"":8.2,""steady"":true}"
31.313,left_hand,og,acc,155099,"{""seq"":1519,""x_mg"":432,""y_mg"":-244,""z_mg"":872}"
31.313,left_hand,og,tilt,,"{""roll_deg"":-8.1,""pitch_deg"":8.1,""steady"":true}"
31.344,left_hand,og,acc,155120,"{""seq"":1520,""x_mg"":428,""y_mg"":-228,""z_mg"":864}"
31.344,left_hand,og,tilt,,"{""roll_deg"":-8.2,""pitch_deg"":8.0,""steady"":true}"
31.344,left_hand,og,acc,155140,"{""seq"":1521,""x_mg"":424,""y_mg"":-224,""z_mg"":860}"
31.344,left_hand,og,tilt,,"{""roll_deg"":-8.2,""pitch_deg"":7.9,""steady"":true}"
31.375,left_hand,og,acc,155161,"{""seq"":1522,""x_mg"":424,""y_mg"":-228,""z_mg"":856}"
31.375,left_hand,og,tilt,,"{""roll_deg"":-8.3,""pitch_deg"":7.8,""steady"":true}"
31.407,left_hand,og,acc,155181,"{""seq"":1523,""x_mg"":428,""y_mg"":-236,""z_mg"":860}"
31.407,left_hand,og,tilt,,"{""roll_deg"":-8.4,""pitch_deg"":7.8,""steady"":true}"
31.407,left_hand,og,acc,155202,"{""seq"":1524,""x_mg"":428,""y_mg"":-240,""z_mg"":848}"
31.407,left_hand,og,tilt,,"{""roll_deg"":-8.4,""pitch_deg"":7.7,""steady"":true}"
31.422,left_hand,og,acc,155222,"{""seq"":1525,""x_mg"":440,""y_mg"":-220,""z_mg"":856}"
31.422,left_hand,og,tilt,,"{""roll_deg"":-8.5,""pitch_deg"":7.7,""steady"":true}"
31.453,left_hand,og,acc,155243,"{""seq"":1526,""x_mg"":448,""y_mg"":-216,""z_mg"":860}"
31.453,left_hand,og,tilt,,"{""roll_deg"":-8.5,""pitch_deg"":7.7,""steady"":true}"
31.485,left_hand,og,acc,155264,"{""seq"":1527,""x_mg"":444,""y_mg"":-216,""z_mg"":856}"
31.485,left_hand,og,tilt,,"{""roll_deg"":-8.5,""pitch_deg"":7.7,""steady"":true}"
31.485,left_hand,og,acc,155284,"{""seq"":1528,""x_mg"":448,""y_mg"":-220,""z_mg"":852}"
31.485,left_hand,og,tilt,,"{""roll_deg"":-8.5,""pitch_deg"":7.8,""steady"":true}"
31.516,left_hand,og,acc,155305,"{""seq"":1529,""x_mg"":436,""y_mg"":-212,""z_mg"":864}"
31.516,left_hand,og,tilt,,"{""roll_deg"":-8.5,""pitch_deg"":7.9,""steady"":true}"
31.547,left_hand,og,acc,155325,"{""seq"":1530,""x_mg"":440,""y_mg"":-220,""z_mg"":856}"
31.547,left_hand,og,tilt,,"{""roll_deg"":-8.4,""pitch_deg"":7.9,""steady"":true}"
31.547,left_hand,og,acc,155346,"{""seq"":1531,""x_mg"":444,""y_mg"":-224,""z_mg"":872}"
31.547,left_hand,og,tilt,,"{""roll_deg"":-8.4,""pitch_deg"":7.9,""steady"":true}"
31.578,left_hand,og,acc,155366,"{""seq"":1532,""x_mg"":428,""y_mg"":-212,""z_mg"":868}"
31.578,left_hand,og,tilt,,"{""roll_deg"":-8.4,""pitch_deg"":7.9,""steady"":true}"
31.610,left_hand,og,acc,155387,"{""seq"":1533,""x_mg"":428,""y_mg"":-208,""z_mg"":872}"
31.610,left_hand,og,tilt,,"{""roll_deg"":-8.3,""pitch_deg"":7.9,""steady"":true}"
31.610,left_hand,og,acc,155407,"{""seq"":1534,""x_mg"":432,""y_mg"":-220,""z_mg"":880}"
31.610,left_hand,og,tilt,,"{""roll_deg"":-8.3,""pitch_deg"":7.8,""steady"":true}"
31.625,left_hand,og,acc,155428,"{""seq"":1535,""x_mg"":432,""y_mg"":-220,""z_mg"":876}"
31.625,left_hand,og,tilt,,"{""roll_deg"":-8.3,""pitch_deg"":7.7,""steady"":true}"
31.657,left_hand,og,acc,155449,"{""seq"":1536,""x_mg"":424,""y_mg"":-228,""z_mg"":872}"
31.657,left_hand,og,tilt,,"{""roll_deg"":-8.2,""pitch_deg"":7.7,""steady"":true}"
31.688,left_hand,og,acc,155469,"{""seq"":1537,""x_mg"":440,""y_mg"":-224,""z_mg"":868}"
31.688,left_hand,og,tilt,,"{""roll_deg"":-8.2,""pitch_deg"":7.6,""steady"":true}"
31.688,left_hand,og,acc,155490,"{""seq"":1538,""x_mg"":440,""y_mg"":-212,""z_mg"":864}"
31.688,left_hand,og,tilt,,"{""roll_deg"":-8.2,""pitch_deg"":7.5,""steady"":true}"
31.719,left_hand,og,acc,155510,"{""seq"":1539,""x_mg"":432,""y_mg"":-216,""z_mg"":872}"
31.719,left_hand,og,tilt,,"{""roll_deg"":-8.2,""pitch_deg"":7.5,""steady"":true}"
31.750,left_hand,og,acc,155531,"{""seq"":1540,""x_mg"":440,""y_mg"":-196,""z_mg"":868}"
31.750,left_hand,og,tilt,,"{""roll_deg"":-8.2,""pitch_deg"":7.5,""steady"":true}"
31.750,left_hand,og,acc,155551,"{""seq"":1541,""x_mg"":444,""y_mg"":-160,""z_mg"":864}"
31.750,left_hand,og,tilt,,"{""roll_deg"":-8.1,""pitch_deg"":7.6,""steady"":true}"
31.797,left_hand,og,acc,155572,"{""seq"":1542,""x_mg"":424,""y_mg"":-172,""z_mg"":880}"
31.797,left_hand,og,tilt,,"{""roll_deg"":-7.9,""pitch_deg"":7.6,""steady"":true}"
31.797,left_hand,og,acc,155593,"{""seq"":1543,""x_mg"":440,""y_mg"":-176,""z_mg"":868}"
31.797,left_hand,og,tilt,,"{""roll_deg"":-7.6,""pitch_deg"":7.6,""steady"":true}"
31.828,left_hand,og,acc,155613,"{""seq"":1544,""x_mg"":448,""y_mg"":-176,""z_mg"":880}"
31.828,left_hand,og,tilt,,"{""roll_deg"":-7.4,""pitch_deg"":7.6,""steady"":true}"
31.844,left_hand,og,acc,155634,"{""seq"":1545,""x_mg"":440,""y_mg"":-152,""z_mg"":876}"
31.844,left_hand,og,tilt,,"{""roll_deg"":-7.1,""pitch_deg"":7.7,""steady"":true}"
31.875,left_hand,og,acc,155654,"{""seq"":1546,""x_mg"":432,""y_mg"":-140,""z_mg"":888}"
31.875,left_hand,og,tilt,,"{""roll_deg"":-6.8,""pitch_deg"":7.7,""steady"":true}"
31.875,left_hand,og,acc,155675,"{""seq"":1547,""x_mg"":436,""y_mg"":-132,""z_mg"":896}"
31.875,left_hand,og,tilt,,"{""roll_deg"":-6.5,""pitch_deg"":7.6,""steady"":true}"
31.907,left_hand,og,acc,155695,"{""seq"":1548,""x_mg"":436,""y_mg"":-144,""z_mg"":900}"
31.907,left_hand,og,tilt,,"{""roll_deg"":-6.1,""pitch_deg"":7.5,""steady"":true}"
31.938,left_hand,og,acc,155716,"{""seq"":1549,""x_mg"":428,""y_mg"":-160,""z_mg"":920}"
31.938,left_hand,og,tilt,,"{""roll_deg"":-5.7,""pitch_deg"":7.5,""steady"":true}"
31.938,left_hand,og,acc,155736,"{""seq"":1550,""x_mg"":460,""y_mg"":-148,""z_mg"":920}"
31.938,left_hand,og,tilt,,"{""roll_deg"":-5.4,""pitch_deg"":7.4,""steady"":true}"
31.969,left_hand,og,acc,155757,"{""seq"":1551,""x_mg"":452,""y_mg"":-144,""z_mg"":916}"
31.969,left_hand,og,tilt,,"{""roll_deg"":-5.1,""pitch_deg"":7.3,""steady"":true}"
32.000,left_hand,og,acc,155778,"{""seq"":1552,""x_mg"":428,""y_mg"":-160,""z_mg"":908}"
32.000,left_hand,og,tilt,,"{""roll_deg"":-4.9,""pitch_deg"":7.3,""steady"":true}"
32.000,left_hand,og,acc,155798,"{""seq"":1553,""x_mg"":440,""y_mg"":-168,""z_mg"":928}"
32.000,left_hand,og,tilt,,"{""roll_deg"":-4.7,""pitch_deg"":7.1,""steady"":true}"
32.032,left_hand,og,acc,155819,"{""seq"":1554,""x_mg"":416,""y_mg"":-156,""z_mg"":896}"
32.032,left_hand,og,tilt,,"{""roll_deg"":-4.6,""pitch_deg"":7.0,""steady"":true}"
32.063,left_hand,og,acc,155839,"{""seq"":1555,""x_mg"":404,""y_mg"":-160,""z_mg"":888}"
32.063,left_hand,og,tilt,,"{""roll_deg"":-4.6,""pitch_deg"":6.9,""steady"":true}"
32.063,left_hand,og,acc,155860,"{""seq"":1556,""x_mg"":424,""y_mg"":-156,""z_mg"":884}"
32.063,left_hand,og,tilt,,"{""roll_deg"":-4.5,""pitch_deg"":6.8,""steady"":true}"
32.078,left_hand,og,acc,155880,"{""seq"":1557,""x_mg"":428,""y_mg"":-144,""z_mg"":904}"
32.078,left_hand,og,tilt,,"{""roll_deg"":-4.4,""pitch_deg"":6.8,""steady"":true}"
32.110,left_hand,og,acc,155901,"{""seq"":1558,""x_mg"":428,""y_mg"":-96,""z_mg"":880}"
32.110,left_hand,og,tilt,,"{""roll_deg"":-4.4,""pitch_deg"":6.7,""steady"":true}"
32.141,left_hand,og,acc,155922,"{""seq"":1559,""x_mg"":432,""y_mg"":-88,""z_mg"":892}"
32.141,left_hand,og,tilt,,"{""roll_deg"":-4.2,""pitch_deg"":6.7,""steady"":true}"
32.141,left_hand,og,acc,155942,"{""seq"":1560,""x_mg"":440,""y_mg"":-76,""z_mg"":884}"
32.141,left_hand,og,tilt,,"{""roll_deg"":-3.7,""pitch_deg"":6.7,""steady"":true}"
32.172,left_hand,og,acc,155963,"{""seq"":1561,""x_mg"":436,""y_mg"":-88,""z_mg"":896}"
32.172,left_hand,og,tilt,,"{""roll_deg"":-3.2,""pitch_deg"":6.7,""steady"":true}"
32.203,left_hand,og,acc,155983,"{""seq"":1562,""x_mg"":444,""y_mg"":-72,""z_mg"":916}"
32.203,left_hand,og,tilt,,"{""roll_deg"":-2.8,""pitch_deg"":6.7,""steady"":true}"
32.203,left_hand,og,acc,156004,"{""seq"":1563,""x_mg"":452,""y_mg"":-84,""z_mg"":908}"
32.203,left_hand,og,tilt,,"{""roll_deg"":-2.4,""pitch_deg"":6.7,""steady"":true}"
32.235,left_hand,og,acc,156024,"{""seq"":1564,""x_mg"":464,""y_mg"":-76,""z_mg"":904}"
32.235,left_hand,og,tilt,,"{""roll_deg"":-2.0,""pitch_deg"":6.8,""steady"":true}"
32.266,left_hand,og,acc,156045,"{""seq"":1565,""x_mg"":460,""y_mg"":-80,""z_mg"":900}"
32.266,left_hand,og,tilt,,"{""roll_deg"":-1.6,""pitch_deg"":6.9,""steady"":true}"
32.266,left_hand,og,acc,156066,"{""seq"":1566,""x_mg"":460,""y_mg"":-88,""z_mg"":916}"
32.266,left_hand,og,tilt,,"{""roll_deg"":-1.3,""pitch_deg"":7.0,""steady"":true}"
32.282,left_hand,og,acc,156086,"{""seq"":1567,""x_mg"":460,""y_mg"":-116,""z_mg"":900}"
32.282,left_hand,og,tilt,,"{""roll_deg"":-1.1,""pitch_deg"":7.1,""steady"":true}"
32.313,left_hand,og,acc,156107,"{""seq"":1568,""x_mg"":460,""y_mg"":-112,""z_mg"":908}"
32.313,left_hand,og,tremor,,"{""rms_mg"":10.8,""peak_hz"":4.7}"
32.313,left_hand,og,tilt,,"{""roll_deg"":-0.9,""pitch_deg"":7.2,""steady"":true}"
32.344,left_hand,og,acc,156127,"{""seq"":1569,""x_mg"":460,""y_mg"":-100,""z_mg"":912}"
32.344,left_hand,og,tilt,,"{""roll_deg"":-0.8,""pitch_deg"":7.3,""steady"":true}"
32.344,left_hand,og,acc,156148,"{""seq"":1570,""x_mg"":464,""y_mg"":-104,""z_mg"":916}"
32.344,left_hand,og,tilt,,"{""roll_deg"":-0.7,""pitch_deg"":7.3,""steady"":true}"
32.375,left_hand,og,acc,156168,"{""seq"":1571,""x_mg"":456,""y_mg"":-116,""z_mg"":908}"
32.375,left_hand,og,tilt,,"{""roll_deg"":-0.8,""pitch_deg"":7.4,""steady"":true}"
32.422,left_hand,og,acc,156189,"{""seq"":1572,""x_mg"":452,""y_mg"":-120,""z_mg"":908}"
32.422,left_hand,og,tilt,,"{""roll_deg"":-0.8,""pitch_deg"":7.4,""steady"":true}"
32.422,left_hand,og,acc,156209,"{""seq"":1573,""x_mg"":460,""y_mg"":-120,""z_mg"":904}"
32.422,left_hand,og,tilt,,"{""roll_deg"":-0.9,""pitch_deg"":7.5,""steady"":true}"
32.453,left_hand,og,acc,156230,"{""seq"":1574,""x_mg"":460,""y_mg"":-116,""z_mg"":892}"
32.453,left_hand,og,tilt,,"{""roll_deg"":-0.9,""pitch_deg"":7.5,""steady"":true}"
32.453,left_hand,og,acc,156251,"{""seq"":1575,""x_mg"":448,""y_mg"":-124,""z_mg"":892}"
32.453,left_hand,og,tilt,,"{""roll_deg"":-1.0,""pitch_deg"":7.5,""steady"":true}"
32.469,left_hand,og,acc,156271,"{""seq"":1576,""x_mg"":436,""y_mg"":-116,""z_mg"":900}"
32.469,left_hand,og,tilt,,"{""roll_deg"":-1.1,""pitch_deg"":7.5,""steady"":true}"
32.500,left_hand,og,acc,156292,"{""seq"":1577,""x_mg"":448,""y_mg"":-120,""z_mg"":892}"
32.500,left_hand,og,tilt,,"{""roll_deg"":-1.1,""pitch_deg"":7.5,""steady"":true}"
32.532,left_hand,og,acc,156312,"{""seq"":1578,""x_mg"":416,""y_mg"":-140,""z_mg"":888}"
32.532,left_hand,og,tilt,,"{""roll_deg"":-1.2,""pitch_deg"":7.5,""steady"":true}"
32.563,left_hand,og,acc,156333,"{""seq"":1579,""x_mg"":424,""y_mg"":-144,""z_mg"":884}"
32.563,left_hand,og,tilt,,"{""roll_deg"":-1.3,""pitch_deg"":7.4,""steady"":true}"
32.563,left_hand,og,acc,156353,"{""seq"":1580,""x_mg"":428,""y_mg"":-128,""z_mg"":884}"
32.563,left_hand,og,tilt,,"{""roll_deg"":-1.4,""pitch_deg"":7.4,""steady"":true}"
32.594,left_hand,og,acc,156374,"{""seq"":1581,""x_mg"":416,""y_mg"":-124,""z_mg"":880}"
32.594,left_hand,og,tilt,,"{""roll_deg"":-1.5,""pitch_deg"":7.3,""steady"":true}"
32.594,left_hand,og,acc,156395,"{""seq"":1582,""x_mg"":420,""y_mg"":-140,""z_mg"":880}"
32.594,left_hand,og,tilt,,"{""roll_deg"":-1.7,""pitch_deg"":7.2,""steady"":true}"
32.625,left_hand,og,acc,156415,"{""seq"":1583,""x_mg"":424,""y_mg"":-156,""z_mg"":880}"
32.625,left_hand,og,tilt,,"{""roll_deg"":-1.8,""pitch_deg"":7.1,""steady"":true}"
32.657,left_hand,og,acc,156436,"{""seq"":1584,""x_mg"":420,""y_mg"":-160,""z_mg"":876}"
32.657,left_hand,og,tilt,,"{""roll_deg"":-2.0,""pitch_deg"":7.0,""steady"":true}"
32.657,left_hand,og,acc,156456,"{""seq"":1585,""x_mg"":420,""y_mg"":-136,""z_mg"":876}"
32.657,left_hand,og,tilt,,"{""roll_deg"":-2.1,""pitch_deg"":7.0,""steady"":true}"
32.672,left_hand,og,acc,156477,"{""seq"":1586,""x_mg"":428,""y_mg"":-144,""z_mg"":884}"
32.672,left_hand,og,tilt,,"{""roll_deg"":-2.2,""pitch_deg"":6.9,""steady"":true}"
32.703,left_hand,og,acc,156497,"{""seq"":1587,""x_mg"":432,""y_mg"":-164,""z_mg"":880}"
32.703,left_hand,og,tilt,,"{""roll_deg"":-2.4,""pitch_deg"":6.9,""steady"":true}"
32.735,left_hand,og,acc,156518,"{""seq"":1588,""x_mg"":440,""y_mg"":-180,""z_mg"":876}"
32.735,left_hand,og,tilt,,"{""roll_deg"":-2.7,""pitch_deg"":6.9,""steady"":true}"
32.735,left_hand,og,acc,156538,"{""seq"":1589,""x_mg"":456,""y_mg"":-176,""z_mg"":880}"
32.735,left_hand,og,tilt,,"{""roll_deg"":-2.9,""pitch_deg"":6.9,""steady"":true}"
32.766,left_hand,og,acc,156559,"{""seq"":1590,""x_mg"":456,""y_mg"":-172,""z_mg"":884}"
32.766,left_hand,og,tilt,,"{""roll_deg"":-3.1,""pitch_deg"":7.0,""steady"":true}"
32.797,left_hand,og,acc,156580,"{""seq"":1591,""x_mg"":432,""y_mg"":-172,""z_mg"":876}"
32.797,left_hand,og,tilt,,"{""roll_deg"":-3.4,""pitch_deg"":7.0,""steady"":true}"
32.797,left_hand,og,acc,156600,"{""seq"":1592,""x_mg"":440,""y_mg"":-160,""z_mg"":876}"
32.797,left_hand,og,tilt,,"{""roll_deg"":-3.6,""pitch_deg"":7.1,""steady"":true}"
32.828,left_hand,og,acc,156621,"{""seq"":1593,""x_mg"":440,""y_mg"":-164,""z_mg"":888}"
32.828,left_hand,og,tilt,,"{""roll_deg"":-3.8,""pitch_deg"":7.2,""steady"":true}"
32.860,left_hand,og,acc,156641,"{""seq"":1594,""x_mg"":448,""y_mg"":-188,""z_mg"":896}"
32.860,left_hand,og,tilt,,"{""roll_deg"":-3.9,""pitch_deg"":7.2,""steady"":true}"
32.860,left_hand,og,acc,156662,"{""seq"":1595,""x_mg"":440,""y_mg"":-180,""z_mg"":892}"
32.860,left_hand,og,tilt,,"{""roll_deg"":-4.0,""pitch_deg"":7.2,""steady"":true}"
32.891,left_hand,og,acc,156682,"{""seq"":1596,""x_mg"":444,""y_mg"":-160,""z_mg"":892}"
32.891,left_hand,og,tilt,,"{""roll_deg"":-4.1,""pitch_deg"":7.2,""steady"":true}"
32.907,left_hand,og,acc,156703,"{""seq"":1597,""x_mg"":440,""y_mg"":-168,""z_mg"":888}"
32.907,left_hand,og,tilt,,"{""roll_deg"":-4.2,""pitch_deg"":7.2,""steady"":true}"
32.938,left_hand,og,acc,156724,"{""seq"":1598,""x_mg"":448,""y_mg"":-180,""z_mg"":880}"
32.938,left_hand,og,tilt,,"{""roll_deg"":-4.3,""pitch_deg"":7.3,""steady"":true}"
32.938,left_hand,og,acc,156744,"{""seq"":1599,""x_mg"":436,""y_mg"":-176,""z_mg"":884}"
32.938,left_hand,og,tilt,,"{""roll_deg"":-4.4,""pitch_deg"":7.3,""steady"":true}"
32.969,left_hand,og,acc,156765,"{""seq"":1600,""x_mg"":436,""y_mg"":-172,""z_mg"":888}"
32.969,left_hand,og,tilt,,"{""roll_deg"":-4.5,""pitch_deg"":7.3,""steady"":true}"
33.000,left_hand,og,acc,156785,"{""seq"":1601,""x_mg"":436,""y_mg"":-196,""z_mg"":872}"
33.000,left_hand,og,tilt,,"{""roll_deg"":-4.6,""pitch_deg"":7.3,""steady"":true}"
33.000,left_hand,og,acc,156806,"{""seq"":1602,""x_mg"":424,""y_mg"":-176,""z_mg"":864}"
33.000,left_hand,og,tilt,,"{""roll_deg"":-4.7,""pitch_deg"":7.2,""steady"":true}"
33.032,left_hand,og,acc,156826,"{""seq"":1603,""x_mg"":440,""y_mg"":-188,""z_mg"":876}"
33.032,left_hand,og,tilt,,"{""roll_deg"":-4.8,""pitch_deg"":7.2,""steady"":true}"
33.063,left_hand,og,acc,156847,"{""seq"":1604,""x_mg"":420,""y_mg"":-180,""z_mg"":868}"
33.063,left_hand,og,tilt,,"{""roll_deg"":-4.9,""pitch_deg"":7.2,""steady"":true}"
33.063,left_hand,og,acc,156868,"{""seq"":1605,""x_mg"":420,""y_mg"":-160,""z_mg"":876}"
33.063,left_hand,og,tilt,,"{""roll_deg"":-5.0,""pitch_deg"":7.2,""steady"":true}"
33.094,left_hand,og,acc,156888,"{""seq"":1606,""x_mg"":416,""y_mg"":-184,""z_mg"":884}"
33.094,left_hand,og,tilt,,"{""roll_deg"":-5.1,""pitch_deg"":7.1,""steady"":true}"
33.125,left_hand,og,acc,156909,"{""seq"":1607,""x_mg"":432,""y_mg"":-200,""z_mg"":872}"
33.125,left_hand,og,tilt,,"{""roll_deg"":-5.2,""pitch_deg"":7.1,""steady"":true}"
33.125,left_hand,og,acc,156929,"{""seq"":1608,""x_mg"":428,""y_mg"":-184,""z_mg"":880}"
33.125,left_hand,og,tilt,,"{""roll_deg"":-5.2,""pitch_deg"":7.1,""steady"":true}"
33.157,left_hand,og,acc,156950,"{""seq"":1609,""x_mg"":428,""y_mg"":-164,""z_mg"":880}"
33.157,left_hand,og,tilt,,"{""roll_deg"":-5.3,""pitch_deg"":7.0,""steady"":true}"
33.203,left_hand,og,acc,156970,"{""seq"":1610,""x_mg"":436,""y_mg"":-188,""z_mg"":884}"
33.203,left_hand,og,tilt,,"{""roll_deg"":-5.3,""pitch_deg"":7.0,""steady"":true}"
33.203,left_hand,og,acc,156991,"{""seq"":1611,""x_mg"":436,""y_mg"":-184,""z_mg"":876}"
33.203,left_hand,og,tilt,,"{""roll_deg"":-5.4,""pitch_deg"":7.0,""steady"":true}"
33.235,left_hand,og,acc,157011,"{""seq"":1612,""x_mg"":436,""y_mg"":-188,""z_mg"":876}"
33.235,left_hand,og,tilt,,"{""roll_deg"":-5.5,""pitch_deg"":7.0,""steady"":true}"
33.235,left_hand,og,acc,157032,"{""seq"":1613,""x_mg"":436,""y_mg"":-180,""z_mg"":880}"
33.235,left_hand,og,tilt,,"{""roll_deg"":-5.5,""pitch_deg"":7.1,""steady"":true}"
33.266,left_hand,og,acc,157053,"{""seq"":1614,""x_mg"":448,""y_mg"":-188,""z_mg"":872}"
33.266,left_hand,og,tilt,,"{""roll_deg"":-5.6,""pitch_deg"":7.1,""steady"":true}"
33.297,left_hand,og,acc,157073,"{""seq"":1615,""x_mg"":448,""y_mg"":-184,""z_mg"":872}"
33.297,left_hand,og,tilt,,"{""roll_deg"":-5.6,""pitch_deg"":7.1,""steady"":true}"
33.297,left_hand,og,acc,157094,"{""seq"":1616,""x_mg"":448,""y_mg"":-192,""z_mg"":868}"
33.297,left_hand,og,tilt,,"{""roll_deg"":-5.7,""pitch_deg"":7.3,""steady"":true}"
33.328,left_hand,og,acc,157114,"{""seq"":1617,""x_mg"":448,""y_mg"":-172,""z_mg"":872}"
33.328,left_hand,og,tilt,,"{""roll_deg"":-5.7,""pitch_deg"":7.4,""steady"":true}"
33.360,left_hand,og,acc,157135,"{""seq"":1618,""x_mg"":440,""y_mg"":-180,""z_mg"":872}"
33.360,left_hand,og,tilt,,"{""roll_deg"":-5.7,""pitch_deg"":7.4,""steady"":true}"
33.360,left_hand,og,acc,157155,"{""seq"":1619,""x_mg"":440,""y_mg"":-188,""z_mg"":880}"
33.360,left_hand,og,tilt,,"{""roll_deg"":-5.7,""pitch_deg"":7.5,""steady"":true}"
33.391,left_hand,og,acc,157176,"{""seq"":1620,""x_mg"":448,""y_mg"":-176,""z_mg"":876}"
33.391,left_hand,og,tilt,,"{""roll_deg"":-5.7,""pitch_deg"":7.6,""steady"":true}"
33.422,left_hand,og,acc,157197,"{""seq"":1621,""x_mg"":456,""y_mg"":-180,""z_mg"":876}"
33.422,left_hand,og,tilt,,"{""roll_deg"":-5.7,""pitch_deg"":7.6,""steady"":true}"
33.422,left_hand,og,acc,157217,"{""seq"":1622,""x_mg"":448,""y_mg"":-180,""z_mg"":876}"
33.422,left_hand,og,tilt,,"{""roll_deg"":-5.7,""pitch_deg"":7.7,""steady"":true}"
33.453,left_hand,og,acc,157238,"{""seq"":1623,""x_mg"":460,""y_mg"":-180,""z_mg"":868}"
33.453,left_hand,og,tilt,,"{""roll_deg"":-5.7,""pitch_deg"":7.7,""steady"":true}"
33.453,left_hand,og,acc,157258,"{""seq"":1624,""x_mg"":452,""y_mg"":-172,""z_mg"":872}"
33.453,left_hand,og,tilt,,"{""roll_deg"":-5.7,""pitch_deg"":7.8,""steady"":true}"
33.485,left_hand,og,acc,157279,"{""seq"":1625,""x_mg"":444,""y_mg"":-188,""z_mg"":876}"
33.485,left_hand,og,tilt,,"{""roll_deg"":-5.7,""pitch_deg"":7.9,""steady"":true}"
33.516,left_hand,og,acc,157299,"{""seq"":1626,""x_mg"":440,""y_mg"":-192,""z_mg"":876}"
33.516,left_hand,og,tilt,,"{""roll_deg"":-5.7,""pitch_deg"":7.9,""steady"":true}"
33.532,left_hand,og,acc,157320,"{""seq"":1627,""x_mg"":448,""y_mg"":-180,""z_mg"":868}"
33.532,left_hand,og,tilt,,"{""roll_deg"":-5.7,""pitch_deg"":7.9,""steady"":true}"
33.563,left_hand,og,acc,157341,"{""seq"":1628,""x_mg"":444,""y_mg"":-168,""z_mg"":872}"
33.563,left_hand,og,tilt,,"{""roll_deg"":-5.7,""pitch_deg"":7.9,""steady"":true}"
33.563,left_hand,og,acc,157361,"{""seq"":1629,""x_mg"":452,""y_mg"":-192,""z_mg"":872}"
33.563,left_hand,og,tilt,,"{""roll_deg"":-5.7,""pitch_deg"":7.9,""steady"":true}"
33.594,left_hand,og,acc,157382,"{""seq"":1630,""x_mg"":448,""y_mg"":-192,""z_mg"":884}"
33.594,left_hand,og,tilt,,"{""roll_deg"":-5.8,""pitch_deg"":7.9,""steady"":true}"
33.594,left_hand,og,acc,157402,"{""seq"":1631,""x_mg"":444,""y_mg"":-180,""z_mg"":880}"
33.594,left_hand,og,tilt,,"{""roll_deg"":-5.8,""pitch_deg"":7.9,""steady"":true}"
33.625,left_hand,og,acc,157423,"{""seq"":1632,""x_mg"":444,""y_mg"":-188,""z_mg"":880}"
33.625,left_hand,og,tilt,,"{""roll_deg"":-5.8,""pitch_deg"":7.9,""steady"":true}"
33.657,left_hand,og,acc,157443,"{""seq"":1633,""x_mg"":452,""y_mg"":-188,""z_mg"":868}"
33.657,left_hand,og,tilt,,"{""roll_deg"":-5.9,""pitch_deg"":7.9,""steady"":true}"
33.657,left_hand,og,acc,157464,"{""seq"":1634,""x_mg"":432,""y_mg"":-176,""z_mg"":880}"
33.657,left_hand,og,tilt,,"{""roll_deg"":-5.9,""pitch_deg"":7.9,""steady"":true}"
33.688,left_hand,og,acc,157484,"{""seq"":1635,""x_mg"":436,""y_mg"":-184,""z_mg"":876}"
33.688,left_hand,og,tilt,,"{""roll_deg"":-5.9,""pitch_deg"":7.8,""steady"":true}"
33.719,left_hand,og,acc,157505,"{""seq"":1636,""x_mg"":440,""y_mg"":-192,""z_mg"":876}"
33.719,left_hand,og,tilt,,"{""roll_deg"":-5.9,""pitch_deg"":7.8,""steady"":true}"
33.735,left_hand,og,acc,157526,"{""seq"":1637,""x_mg"":436,""y_mg"":-184,""z_mg"":876}"
33.735,left_hand,og,tilt,,"{""roll_deg"":-5.9,""pitch_deg"":7.8,""steady"":true}"
33.766,left_hand,og,acc,157546,"{""seq"":1638,""x_mg"":448,""y_mg"":-184,""z_mg"":880}"
33.766,left_hand,og,tilt,,"{""roll_deg"":-5.9,""pitch_deg"":7.7,""steady"":true}"
33.766,left_hand,og,acc,157567,"{""seq"":1639,""x_mg"":436,""y_mg"":-180,""z_mg"":872}"
33.766,left_hand,og,tilt,,"{""roll_deg"":-5.9,""pitch_deg"":7.7,""steady"":true}"
33.797,left_hand,og,acc,157587,"{""seq"":1640,""x_mg"":452,""y_mg"":-188,""z_mg"":876}"
33.797,left_hand,og,tilt,,"{""roll_deg"":-5.9,""pitch_deg"":7.7,""steady"":true}"
33.797,left_hand,og,acc,157608,"{""seq"":1641,""x_mg"":456,""y_mg"":-196,""z_mg"":864}"
33.797,left_hand,og,tilt,,"{""roll_deg"":-5.9,""pitch_deg"":7.7,""steady"":true}"
33.844,left_hand,og,acc,157628,"{""seq"":1642,""x_mg"":444,""y_mg"":-196,""z_mg"":872}"
33.844,left_hand,og,tilt,,"{""roll_deg"":-5.9,""pitch_deg"":7.7,""steady"":true}"
33.875,left_hand,og,acc,157649,"{""seq"":1643,""x_mg"":448,""y_mg"":-176,""z_mg"":856}"
33.875,left_hand,og,tilt,,"{""roll_deg"":-5.9,""pitch_deg"":7.8,""steady"":true}"
33.875,left_hand,og,acc,157670,"{""seq"":1644,""x_mg"":444,""y_mg"":-180,""z_mg"":872}"
33.875,left_hand,og,tilt,,"{""roll_deg"":-5.9,""pitch_deg"":7.8,""steady"":true}"
33.907,left_hand,og,acc,157690,"{""seq"":1645,""x_mg"":452,""y_mg"":-196,""z_mg"":868}"
33.907,left_hand,og,tilt,,"{""roll_deg"":-6.0,""pitch_deg"":7.9,""steady"":true}"
33.922,left_hand,og,acc,157711,"{""seq"":1646,""x_mg"":448,""y_mg"":-184,""z_mg"":872}"
33.922,left_hand,og,tilt,,"{""roll_deg"":-6.0,""pitch_deg"":7.9,""steady"":true}"
33.922,left_hand,og,acc,157731,"{""seq"":1647,""x_mg"":452,""y_mg"":-172,""z_mg"":880}"
33.922,left_hand,og,tilt,,"{""roll_deg"":-6.0,""pitch_deg"":7.9,""steady"":true}"
33.953,left_hand,og,acc,157752,"{""seq"":1648,""x_mg"":448,""y_mg"":-176,""z_mg"":880}"
33.953,left_hand,og,tilt,,"{""roll_deg"":-5.9,""pitch_deg"":8.0,""steady"":true}"
33.985,left_hand,og,acc,157772,"{""seq"":1649,""x_mg"":452,""y_mg"":-196,""z_mg"":888}"
33.985,left_hand,og,tilt,,"{""roll_deg"":-5.9,""pitch_deg"":8.0,""steady"":true}"
34.016,left_hand,og,acc,157793,"{""seq"":1650,""x_mg"":456,""y_mg"":-192,""z_mg"":868}"
34.016,left_hand,og,tilt,,"{""roll_deg"":-5.9,""pitch_deg"":8.0,""steady"":true}"
34.016,left_hand,og,acc,157814,"{""seq"":1651,""x_mg"":448,""y_mg"":-184,""z_mg"":876}"
34.016,left_hand,og,tilt,,"{""roll_deg"":-5.9,""pitch_deg"":8.0,""steady"":true}"
34.047,left_hand,og,acc,157834,"{""seq"":1652,""x_mg"":460,""y_mg"":-196,""z_mg"":876}"
34.047,left_hand,og,tilt,,"{""roll_deg"":-6.0,""pitch_deg"":8.0,""steady"":true}"
34.078,left_hand,og,acc,157855,"{""seq"":1653,""x_mg"":472,""y_mg"":-180,""z_mg"":872}"
34.078,left_hand,og,tilt,,"{""roll_deg"":-6.0,""pitch_deg"":8.1,""steady"":true}"
34.078,left_hand,og,acc,157875,"{""seq"":1654,""x_mg"":452,""y_mg"":-180,""z_mg"":868}"
34.078,left_hand,og,tilt,,"{""roll_deg"":-6.0,""pitch_deg"":8.1,""steady"":true}"
34.110,left_hand,og,acc,157896,"{""seq"":1655,""x_mg"":448,""y_mg"":-188,""z_mg"":876}"
34.110,left_hand,og,tilt,,"{""roll_deg"":-6.0,""pitch_deg"":8.2,""steady"":true}"
34.125,left_hand,og,acc,157916,"{""seq"":1656,""x_mg"":460,""y_mg"":-184,""z_mg"":880}"
34.125,left_hand,og,tilt,,"{""roll_deg"":-6.0,""pitch_deg"":8.2,""steady"":true}"
34.125,left_hand,og,acc,157937,"{""seq"":1657,""x_mg"":444,""y_mg"":-184,""z_mg"":880}"
34.125,left_hand,og,tilt,,"{""roll_deg"":-5.9,""pitch_deg"":8.2,""steady"":true}"
34.157,left_hand,og,acc,157957,"{""seq"":1658,""x_mg"":460,""y_mg"":-200,""z_mg"":876}"
34.157,left_hand,og,tilt,,"{""roll_deg"":-5.9,""pitch_deg"":8.3,""steady"":true}"
34.188,left_hand,og,acc,157978,"{""seq"":1659,""x_mg"":448,""y_mg"":-196,""z_mg"":864}"
34.188,left_hand,og,tilt,,"{""roll_deg"":-5.9,""pitch_deg"":8.3,""steady"":true}"
34.219,left_hand,og,acc,157999,"{""seq"":1660,""x_mg"":452,""y_mg"":-180,""z_mg"":872}"
34.219,left_hand,og,tilt,,"{""roll_deg"":-5.9,""pitch_deg"":8.3,""steady"":true}"
34.219,left_hand,og,acc,158019,"{""seq"":1661,""x_mg"":452,""y_mg"":-176,""z_mg"":868}"
34.219,left_hand,og,tilt,,"{""roll_deg"":-5.9,""pitch_deg"":8.3,""steady"":true}"
34.250,left_hand,og,acc,158040,"{""seq"":1662,""x_mg"":452,""y_mg"":-184,""z_mg"":864}"
34.250,left_hand,og,tilt,,"{""roll_deg"":-5.9,""pitch_deg"":8.3,""steady"":true}"
34.282,left_hand,og,acc,158060,"{""seq"":1663,""x_mg"":456,""y_mg"":-196,""z_mg"":872}"
34.282,left_hand,og,tilt,,"{""roll_deg"":-5.9,""pitch_deg"":8.3,""steady"":true}"
34.282,left_hand,og,acc,158081,"{""seq"":1664,""x_mg"":452,""y_mg"":-188,""z_mg"":864}"
34.282,left_hand,og,tilt,,"{""roll_deg"":-5.9,""pitch_deg"":8.3,""steady"":true}"
34.313,left_hand,og,acc,158101,"{""seq"":1665,""x_mg"":456,""y_mg"":-180,""z_mg"":864}"
34.313,left_hand,og,tilt,,"{""roll_deg"":-5.9,""pitch_deg"":8.4,""steady"":true}"
34.313,left_hand,og,acc,158122,"{""seq"":1666,""x_mg"":456,""y_mg"":-180,""z_mg"":864}"
34.313,left_hand,og,tremor,,"{""rms_mg"":10.1,""peak_hz"":7.8}"
34.313,left_hand,og,tilt,,"{""roll_deg"":-6.0,""pitch_deg"":8.4,""steady"":true}"
34.344,left_hand,og,acc,158143,"{""seq"":1667,""x_mg"":452,""y_mg"":-188,""z_mg"":872}"
34.344,left_hand,og,tilt,,"{""roll_deg"":-6.0,""pitch_deg"":8.4,""steady"":true}"
34.360,left_hand,og,acc,158163,"{""seq"":1668,""x_mg"":452,""y_mg"":-188,""z_mg"":872}"
34.360,left_hand,og,tilt,,"{""roll_deg"":-6.0,""pitch_deg"":8.4,""steady"":true}"
34.391,left_hand,og,acc,158184,"{""seq"":1669,""x_mg"":460,""y_mg"":-184,""z_mg"":872}"
34.391,left_hand,og,tilt,,"{""roll_deg"":-6.0,""pitch_deg"":8.5,""steady"":true}"
34.422,left_hand,og,acc,158204,"{""seq"":1670,""x_mg"":464,""y_mg"":-176,""z_mg"":872}"
34.422,left_hand,og,tilt,,"{""roll_deg"":-6.0,""pitch_deg"":8.5,""steady"":true}"
34.422,left_hand,og,acc,158225,"{""seq"":1671,""x_mg"":460,""y_mg"":-192,""z_mg"":872}"
34.422,left_hand,og,tilt,,"{""roll_deg"":-6.0,""pitch_deg"":8.5,""steady"":true}"
34.453,left_hand,og,acc,158245,"{""seq"":1672,""x_mg"":464,""y_mg"":-200,""z_mg"":876}"
34.453,left_hand,og,tilt,,"{""roll_deg"":-6.0,""pitch_deg"":8.5,""steady"":true}"
34.453,left_hand,og,acc,158266,"{""seq"":1673,""x_mg"":456,""y_mg"":-180,""z_mg"":860}"
34.453,left_hand,og,tilt,,"{""roll_deg"":-6.0,""pitch_deg"":8.6,""steady"":true}"
34.485,left_hand,og,acc,158287,"{""seq"":1674,""x_mg"":456,""y_mg"":-180,""z_mg"":860}"
34.485,left_hand,og,tilt,,"{""roll_deg"":-6.0,""pitch_deg"":8.6,""steady"":true}"
34.532,left_hand,og,acc,158307,"{""seq"":1675,""x_mg"":460,""y_mg"":-180,""z_mg"":872}"
34.532,left_hand,og,tilt,,"{""roll_deg"":-6.0,""pitch_deg"":8.6,""steady"":true}"
34.532,left_hand,og,acc,158328,"{""seq"":1676,""x_mg"":464,""y_mg"":-184,""z_mg"":876}"
34.532,left_hand,og,tilt,,"{""roll_deg"":-5.9,""pitch_deg"":8.7,""steady"":true}"
34.547,left_hand,og,acc,158348,"{""seq"":1677,""x_mg"":452,""y_mg"":-196,""z_mg"":880}"
34.547,left_hand,og,tilt,,"{""roll_deg"":-5.9,""pitch_deg"":8.7,""steady"":true}"
34.578,left_hand,og,acc,158369,"{""seq"":1678,""x_mg"":448,""y_mg"":-188,""z_mg"":876}"
34.578,left_hand,og,tilt,,"{""roll_deg"":-5.9,""pitch_deg"":8.7,""steady"":true}"
34.610,left_hand,og,acc,158389,"{""seq"":1679,""x_mg"":456,""y_mg"":-172,""z_mg"":860}"
34.610,left_hand,og,tilt,,"{""roll_deg"":-5.9,""pitch_deg"":8.7,""steady"":true}"
34.641,left_hand,og,acc,158410,"{""seq"":1680,""x_mg"":448,""y_mg"":-180,""z_mg"":856}"
34.641,left_hand,og,tilt,,"{""roll_deg"":-5.9,""pitch_deg"":8.7,""steady"":true}"
34.641,left_hand,og,acc,158430,"{""seq"":1681,""x_mg"":456,""y_mg"":-192,""z_mg"":868}"
34.641,left_hand,og,tilt,,"{""roll_deg"":-5.9,""pitch_deg"":8.7,""steady"":true}"
34.672,left_hand,og,acc,158451,"{""seq"":1682,""x_mg"":456,""y_mg"":-192,""z_mg"":864}"
34.672,left_hand,og,tilt,,"{""roll_deg"":-5.9,""pitch_deg"":8.7,""steady"":true}"
34.672,left_hand,og,acc,158472,"{""seq"":1683,""x_mg"":452,""y_mg"":-176,""z_mg"":864}"
34.672,left_hand,og,tilt,,"{""roll_deg"":-5.9,""pitch_deg"":8.6,""steady"":true}"
34.672,,game,hold_complete,,"{""tx"":-5,""ty"":8,""mean_dist_deg"":1.65,""tolerance"":3.0}"
34.703,left_hand,og,acc,158492,"{""seq"":1684,""x_mg"":456,""y_mg"":-200,""z_mg"":872}"
34.703,left_hand,og,tilt,,"{""roll_deg"":-6.0,""pitch_deg"":8.6,""steady"":true}"
34.735,left_hand,og,acc,158513,"{""seq"":1685,""x_mg"":456,""y_mg"":-188,""z_mg"":876}"
34.735,left_hand,og,tilt,,"{""roll_deg"":-6.0,""pitch_deg"":8.6,""steady"":true}"
34.735,left_hand,og,acc,158533,"{""seq"":1686,""x_mg"":456,""y_mg"":-176,""z_mg"":868}"
34.735,left_hand,og,tilt,,"{""roll_deg"":-6.1,""pitch_deg"":8.6,""steady"":true}"
34.750,left_hand,og,acc,158554,"{""seq"":1687,""x_mg"":448,""y_mg"":-184,""z_mg"":868}"
34.750,left_hand,og,tilt,,"{""roll_deg"":-6.0,""pitch_deg"":8.6,""steady"":true}"
34.782,left_hand,og,acc,158574,"{""seq"":1688,""x_mg"":452,""y_mg"":-196,""z_mg"":868}"
34.782,left_hand,og,tilt,,"{""roll_deg"":-6.0,""pitch_deg"":8.6,""steady"":true}"
34.813,left_hand,og,acc,158595,"{""seq"":1689,""x_mg"":464,""y_mg"":-188,""z_mg"":864}"
34.813,left_hand,og,tilt,,"{""roll_deg"":-6.1,""pitch_deg"":8.6,""steady"":true}"
34.813,left_hand,og,acc,158616,"{""seq"":1690,""x_mg"":472,""y_mg"":-176,""z_mg"":876}"
34.813,left_hand,og,tilt,,"{""roll_deg"":-6.0,""pitch_deg"":8.6,""steady"":true}"
34.844,left_hand,og,acc,158636,"{""seq"":1691,""x_mg"":460,""y_mg"":-168,""z_mg"":876}"
34.844,left_hand,og,tilt,,"{""roll_deg"":-6.0,""pitch_deg"":8.6,""steady"":true}"
34.875,left_hand,og,acc,158657,"{""seq"":1692,""x_mg"":456,""y_mg"":-176,""z_mg"":884}"
34.875,left_hand,og,tilt,,"{""roll_deg"":-5.9,""pitch_deg"":8.6,""steady"":true}"
34.875,left_hand,og,acc,158677,"{""seq"":1693,""x_mg"":456,""y_mg"":-200,""z_mg"":876}"
34.875,left_hand,og,tilt,,"{""roll_deg"":-5.9,""pitch_deg"":8.6,""steady"":true}"
34.907,left_hand,og,acc,158698,"{""seq"":1694,""x_mg"":456,""y_mg"":-196,""z_mg"":880}"
34.907,left_hand,og,tilt,,"{""roll_deg"":-5.8,""pitch_deg"":8.6,""steady"":true}"
34.938,left_hand,og,acc,158718,"{""seq"":1695,""x_mg"":468,""y_mg"":-180,""z_mg"":868}"
34.938,left_hand,og,tilt,,"{""roll_deg"":-5.8,""pitch_deg"":8.5,""steady"":true}"
34.938,left_hand,og,acc,158739,"{""seq"":1696,""x_mg"":460,""y_mg"":-180,""z_mg"":860}"
34.938,left_hand,og,tilt,,"{""roll_deg"":-5.8,""pitch_deg"":8.5,""steady"":true}"
34.969,left_hand,og,acc,158759,"{""seq"":1697,""x_mg"":464,""y_mg"":-184,""z_mg"":864}"
34.969,left_hand,og,tilt,,"{""roll_deg"":-5.8,""pitch_deg"":8.6,""steady"":true}"
34.985,left_hand,og,acc,158780,"{""seq"":1698,""x_mg"":456,""y_mg"":-188,""z_mg"":864}"
34.985,left_hand,og,tilt,,"{""roll_deg"":-5.8,""pitch_deg"":8.6,""steady"":true}"
35.016,left_hand,og,acc,158801,"{""seq"":1699,""x_mg"":452,""y_mg"":-184,""z_mg"":868}"
35.016,left_hand,og,tilt,,"{""roll_deg"":-5.9,""pitch_deg"":8.7,""steady"":true}"
35.016,left_hand,og,acc,158821,"{""seq"":1700,""x_mg"":440,""y_mg"":-176,""z_mg"":868}"
35.016,left_hand,og,tilt,,"{""roll_deg"":-5.9,""pitch_deg"":8.7,""steady"":true}"
35.047,left_hand,og,acc,158842,"{""seq"":1701,""x_mg"":444,""y_mg"":-184,""z_mg"":864}"
35.047,left_hand,og,tilt,,"{""roll_deg"":-5.9,""pitch_deg"":8.7,""steady"":true}"
35.078,left_hand,og,acc,158862,"{""seq"":1702,""x_mg"":432,""y_mg"":-196,""z_mg"":864}"
35.078,left_hand,og,tilt,,"{""roll_deg"":-5.9,""pitch_deg"":8.6,""steady"":true}"
35.078,left_hand,og,acc,158883,"{""seq"":1703,""x_mg"":432,""y_mg"":-188,""z_mg"":860}"
35.078,left_hand,og,tilt,,"{""roll_deg"":-5.9,""pitch_deg"":8.5,""steady"":true}"
35.110,left_hand,og,acc,158903,"{""seq"":1704,""x_mg"":412,""y_mg"":-176,""z_mg"":860}"
35.110,left_hand,og,tilt,,"{""roll_deg"":-5.9,""pitch_deg"":8.4,""steady"":true}"
35.141,left_hand,og,acc,158924,"{""seq"":1705,""x_mg"":412,""y_mg"":-200,""z_mg"":860}"
35.141,left_hand,og,tilt,,"{""roll_deg"":-6.0,""pitch_deg"":8.3,""steady"":true}"
35.141,left_hand,og,acc,158945,"{""seq"":1706,""x_mg"":416,""y_mg"":-196,""z_mg"":856}"
35.141,left_hand,og,tilt,,"{""roll_deg"":-6.1,""pitch_deg"":8.1,""steady"":true}"
35.172,left_hand,og,acc,158965,"{""seq"":1707,""x_mg"":428,""y_mg"":-188,""z_mg"":856}"
35.172,left_hand,og,tilt,,"{""roll_deg"":-6.1,""pitch_deg"":8.0,""steady"":true}"
35.203,left_hand,og,acc,158986,"{""seq"":1708,""x_mg"":416,""y_mg"":-184,""z_mg"":860}"
35.203,left_hand,og,tilt,,"{""roll_deg"":-6.1,""pitch_deg"":7.8,""steady"":true}"
35.203,left_hand,og,acc,159006,"{""seq"":1709,""x_mg"":404,""y_mg"":-180,""z_mg"":860}"
35.203,left_hand,og,tilt,,"{""roll_deg"":-6.2,""pitch_deg"":7.7,""steady"":true}"
35.235,left_hand,og,acc,159027,"{""seq"":1710,""x_mg"":408,""y_mg"":-180,""z_mg"":864}"
35.235,left_hand,og,tilt,,"{""roll_deg"":-6.1,""pitch_deg"":7.6,""steady"":true}"
35.266,left_hand,og,acc,159047,"{""seq"":1711,""x_mg"":396,""y_mg"":-164,""z_mg"":872}"
35.266,left_hand,og,tilt,,"{""roll_deg"":-6.1,""pitch_deg"":7.4,""steady"":true}"
35.266,left_hand,og,acc,159068,"{""seq"":1712,""x_mg"":384,""y_mg"":-164,""z_mg"":860}"
35.266,left_hand,og,tilt,,"{""roll_deg"":-6.1,""pitch_deg"":7.2,""steady"":true}"
35.313,left_hand,og,acc,159089,"{""seq"":1713,""x_mg"":384,""y_mg"":-148,""z_mg"":868}"
35.313,left_hand,og,tilt,,"{""roll_deg"":-5.9,""pitch_deg"":7.0,""steady"":true}"
35.313,left_hand,og,acc,159109,"{""seq"":1714,""x_mg"":420,""y_mg"":-152,""z_mg"":856}"
35.313,left_hand,og,tilt,,"{""roll_deg"":-5.8,""pitch_deg"":6.8,""steady"":true}"
35.344,left_hand,og,acc,159130,"{""seq"":1715,""x_mg"":436,""y_mg"":-176,""z_mg"":864}"
35.344,left_hand,og,tilt,,"{""roll_deg"":-5.6,""pitch_deg"":6.6,""steady"":true}"
35.375,left_hand,og,acc,159150,"{""seq"":1716,""x_mg"":440,""y_mg"":-184,""z_mg"":872}"
35.375,left_hand,og,tilt,,"{""roll_deg"":-5.5,""pitch_deg"":6.7,""steady"":true}"
35.375,left_hand,og,acc,159171,"{""seq"":1717,""x_mg"":432,""y_mg"":-176,""z_mg"":872}"
35.375,left_hand,og,tilt,,"{""roll_deg"":-5.5,""pitch_deg"":6.8,""steady"":true}"
35.407,left_hand,og,acc,159191,"{""seq"":1718,""x_mg"":400,""y_mg"":-168,""z_mg"":884}"
35.407,left_hand,og,tilt,,"{""roll_deg"":-5.5,""pitch_deg"":6.8,""steady"":true}"
35.438,left_hand,og,acc,159212,"{""seq"":1719,""x_mg"":416,""y_mg"":-180,""z_mg"":920}"
35.438,left_hand,og,tilt,,"{""roll_deg"":-5.5,""pitch_deg"":6.9,""steady"":true}"
35.438,left_hand,og,acc,159232,"{""seq"":1720,""x_mg"":448,""y_mg"":-140,""z_mg"":888}"
35.438,left_hand,og,tilt,,"{""roll_deg"":-5.4,""pitch_deg"":6.9,""steady"":true}"
35.469,left_hand,og,acc,159253,"{""seq"":1721,""x_mg"":448,""y_mg"":-144,""z_mg"":892}"
35.469,left_hand,og,tilt,,"{""roll_deg"":-5.3,""pitch_deg"":7.0,""steady"":true}"
35.500,left_hand,og,acc,159274,"{""seq"":1722,""x_mg"":432,""y_mg"":-140,""z_mg"":904}"
35.500,left_hand,og,tilt,,"{""roll_deg"":-5.1,""pitch_deg"":6.9,""steady"":true}"
35.500,left_hand,og,acc,159294,"{""seq"":1723,""x_mg"":480,""y_mg"":-116,""z_mg"":900}"
35.500,left_hand,og,tilt,,"{""roll_deg"":-4.8,""pitch_deg"":7.0,""steady"":true}"
35.532,left_hand,og,acc,159315,"{""seq"":1724,""x_mg"":476,""y_mg"":-160,""z_mg"":904}"
35.532,left_hand,og,tilt,,"{""roll_deg"":-4.6,""pitch_deg"":7.1,""steady"":true}"
35.532,left_hand,og,acc,159335,"{""seq"":1725,""x_mg"":464,""y_mg"":-120,""z_mg"":912}"
35.532,left_hand,og,tilt,,"{""roll_deg"":-4.4,""pitch_deg"":7.2,""steady"":true}"
35.563,left_hand,og,acc,159356,"{""seq"":1726,""x_mg"":456,""y_mg"":-116,""z_mg"":904}"
35.563,left_hand,og,tilt,,"{""roll_deg"":-4.0,""pitch_deg"":7.3,""steady"":true}"
35.594,left_hand,og,acc,159376,"{""seq"":1727,""x_mg"":456,""y_mg"":-108,""z_mg"":904}"
35.594,left_hand,og,tilt,,"{""roll_deg"":-3.7,""pitch_deg"":7.3,""steady"":true}"
35.610,left_hand,og,acc,159397,"{""seq"":1728,""x_mg"":512,""y_mg"":-96,""z_mg"":904}"
35.610,left_hand,og,tilt,,"{""roll_deg"":-3.4,""pitch_deg"":7.4,""steady"":true}"
35.641,left_hand,og,acc,159418,"{""seq"":1729,""x_mg"":520,""y_mg"":-84,""z_mg"":896}"
35.641,left_hand,og,tilt,,"{""roll_deg"":-3.1,""pitch_deg"":7.5,""steady"":true}"
35.641,left_hand,og,acc,159438,"{""seq"":1730,""x_mg"":500,""y_mg"":-56,""z_mg"":900}"
35.641,left_hand,og,tilt,,"{""roll_deg"":-2.7,""pitch_deg"":7.8,""steady"":true}"
35.672,left_hand,og,acc,159459,"{""seq"":1731,""x_mg"":480,""y_mg"":-32,""z_mg"":892}"
35.672,left_hand,og,tilt,,"{""roll_deg"":-2.3,""pitch_deg"":8.0,""steady"":true}"
35.672,left_hand,og,acc,159479,"{""seq"":1732,""x_mg"":472,""y_mg"":-48,""z_mg"":892}"
35.672,left_hand,og,tilt,,"{""roll_deg"":-1.8,""pitch_deg"":8.3,""steady"":true}"
35.703,left_hand,og,acc,159500,"{""seq"":1733,""x_mg"":464,""y_mg"":-64,""z_mg"":896}"
35.703,left_hand,og,tilt,,"{""roll_deg"":-1.2,""pitch_deg"":8.4,""steady"":true}"
35.735,left_hand,og,acc,159520,"{""seq"":1734,""x_mg"":476,""y_mg"":-72,""z_mg"":884}"
35.735,left_hand,og,tilt,,"{""roll_deg"":-0.8,""pitch_deg"":8.5,""steady"":true}"
35.735,left_hand,og,acc,159541,"{""seq"":1735,""x_mg"":472,""y_mg"":-68,""z_mg"":884}"
35.735,left_hand,og,tilt,,"{""roll_deg"":-0.5,""pitch_deg"":8.5,""steady"":true}"
35.766,left_hand,og,acc,159562,"{""seq"":1736,""x_mg"":476,""y_mg"":-64,""z_mg"":892}"
35.766,left_hand,og,tilt,,"{""roll_deg"":-0.2,""pitch_deg"":8.6,""steady"":true}"
35.782,left_hand,og,acc,159582,"{""seq"":1737,""x_mg"":472,""y_mg"":-72,""z_mg"":896}"
35.782,left_hand,og,tilt,,"{""roll_deg"":0.0,""pitch_deg"":8.6,""steady"":true}"
35.813,left_hand,og,acc,159603,"{""seq"":1738,""x_mg"":464,""y_mg"":-68,""z_mg"":892}"
35.813,left_hand,og,tilt,,"{""roll_deg"":0.2,""pitch_deg"":8.7,""steady"":true}"
35.813,left_hand,og,acc,159623,"{""seq"":1739,""x_mg"":452,""y_mg"":-64,""z_mg"":880}"
35.813,left_hand,og,tilt,,"{""roll_deg"":0.4,""pitch_deg"":8.7,""steady"":true}"
35.844,left_hand,og,acc,159644,"{""seq"":1740,""x_mg"":448,""y_mg"":-76,""z_mg"":888}"
35.844,left_hand,og,tilt,,"{""roll_deg"":0.5,""pitch_deg"":8.6,""steady"":true}"
35.891,left_hand,og,acc,159664,"{""seq"":1741,""x_mg"":464,""y_mg"":-76,""z_mg"":872}"
35.891,left_hand,og,tilt,,"{""roll_deg"":0.7,""pitch_deg"":8.6,""steady"":true}"
35.891,left_hand,og,acc,159685,"{""seq"":1742,""x_mg"":440,""y_mg"":-16,""z_mg"":876}"
35.891,left_hand,og,tilt,,"{""roll_deg"":0.8,""pitch_deg"":8.6,""steady"":true}"
35.922,left_hand,og,acc,159705,"{""seq"":1743,""x_mg"":420,""y_mg"":-12,""z_mg"":872}"
35.922,left_hand,og,tilt,,"{""roll_deg"":0.9,""pitch_deg"":8.5,""steady"":true}"
35.953,left_hand,og,acc,159726,"{""seq"":1744,""x_mg"":404,""y_mg"":-28,""z_mg"":888}"
35.953,left_hand,og,tilt,,"{""roll_deg"":1.3,""pitch_deg"":8.3,""steady"":true}"
35.953,left_hand,og,acc,159747,"{""seq"":1745,""x_mg"":424,""y_mg"":-48,""z_mg"":888}"
35.953,left_hand,og,tilt,,"{""roll_deg"":1.7,""pitch_deg"":8.1,""steady"":true}"
35.985,left_hand,og,acc,159767,"{""seq"":1746,""x_mg"":448,""y_mg"":-64,""z_mg"":888}"
35.985,left_hand,og,tilt,,"{""roll_deg"":2.0,""pitch_deg"":8.0,""steady"":true}"
36.000,left_hand,og,acc,159788,"{""seq"":1747,""x_mg"":448,""y_mg"":-48,""z_mg"":884}"
36.000,left_hand,og,tilt,,"{""roll_deg"":2.1,""pitch_deg"":7.8,""steady"":true}"
36.000,left_hand,og,acc,159808,"{""seq"":1748,""x_mg"":432,""y_mg"":-44,""z_mg"":884}"
36.000,left_hand,og,tilt,,"{""roll_deg"":2.2,""pitch_deg"":7.7,""steady"":true}"
36.032,left_hand,og,acc,159829,"{""seq"":1749,""x_mg"":436,""y_mg"":-44,""z_mg"":892}"
36.032,left_hand,og,tilt,,"{""roll_deg"":2.3,""pitch_deg"":7.6,""steady"":true}"
36.063,left_hand,og,acc,159849,"{""seq"":1750,""x_mg"":424,""y_mg"":-40,""z_mg"":888}"
36.063,left_hand,og,tilt,,"{""roll_deg"":2.4,""pitch_deg"":7.5,""steady"":true}"
36.094,left_hand,og,acc,159870,"{""seq"":1751,""x_mg"":412,""y_mg"":-32,""z_mg"":912}"
36.094,left_hand,og,tilt,,"{""roll_deg"":2.5,""pitch_deg"":7.5,""steady"":true}"
36.094,left_hand,og,acc,159891,"{""seq"":1752,""x_mg"":404,""y_mg"":-48,""z_mg"":900}"
36.094,left_hand,og,tilt,,"{""roll_deg"":2.6,""pitch_deg"":7.3,""steady"":true}"
36.125,left_hand,og,acc,159911,"{""seq"":1753,""x_mg"":408,""y_mg"":-52,""z_mg"":900}"
36.125,left_hand,og,tilt,,"{""roll_deg"":2.6,""pitch_deg"":7.1,""steady"":true}"
36.157,left_hand,og,acc,159932,"{""seq"":1754,""x_mg"":416,""y_mg"":-64,""z_mg"":896}"
36.157,left_hand,og,tilt,,"{""roll_deg"":2.7,""pitch_deg"":6.9,""steady"":true}"
36.157,left_hand,og,acc,159952,"{""seq"":1755,""x_mg"":448,""y_mg"":-64,""z_mg"":900}"
36.157,left_hand,og,tilt,,"{""roll_deg"":2.7,""pitch_deg"":6.7,""steady"":true}"
36.188,left_hand,og,acc,159973,"{""seq"":1756,""x_mg"":476,""y_mg"":-56,""z_mg"":932}"
36.188,left_hand,og,tilt,,"{""roll_deg"":2.7,""pitch_deg"":6.6,""steady"":true}"
36.219,left_hand,og,acc,159993,"{""seq"":1757,""x_mg"":496,""y_mg"":-64,""z_mg"":916}"
36.219,left_hand,og,tilt,,"{""roll_deg"":2.6,""pitch_deg"":6.7,""steady"":true}"
36.219,left_hand,og,acc,160014,"{""seq"":1758,""x_mg"":484,""y_mg"":-36,""z_mg"":904}"
36.219,left_hand,og,tilt,,"{""roll_deg"":2.5,""pitch_deg"":6.8,""steady"":true}"
36.235,left_hand,og,acc,160035,"{""seq"":1759,""x_mg"":460,""y_mg"":-28,""z_mg"":892}"
36.235,left_hand,og,tilt,,"{""roll_deg"":2.5,""pitch_deg"":7.0,""steady"":true}"
36.266,left_hand,og,acc,160055,"{""seq"":1760,""x_mg"":464,""y_mg"":-24,""z_mg"":904}"
36.266,left_hand,og,tilt,,"{""roll_deg"":2.7,""pitch_deg"":7.1,""steady"":true}"
36.297,left_hand,og,acc,160076,"{""seq"":1761,""x_mg"":436,""y_mg"":0,""z_mg"":896}"
36.297,left_hand,og,tilt,,"{""roll_deg"":2.9,""pitch_deg"":7.3,""steady"":true}"
36.297,left_hand,og,acc,160096,"{""seq"":1762,""x_mg"":412,""y_mg"":8,""z_mg"":932}"
36.297,left_hand,og,tilt,,"{""roll_deg"":3.1,""pitch_deg"":7.4,""steady"":true}"
36.328,left_hand,og,acc,160117,"{""seq"":1763,""x_mg"":404,""y_mg"":-20,""z_mg"":956}"
36.328,left_hand,og,tilt,,"{""roll_deg"":3.3,""pitch_deg"":7.3,""steady"":true}"
36.360,left_hand,og,acc,160137,"{""seq"":1764,""x_mg"":412,""y_mg"":-44,""z_mg"":908}"
36.360,left_hand,og,tremor,,"{""rms_mg"":8.6,""peak_hz"":11.2}"
36.360,left_hand,og,tilt,,"{""roll_deg"":3.5,""pitch_deg"":7.1,""steady"":true}"
36.360,left_hand,og,acc,160158,"{""seq"":1765,""x_mg"":396,""y_mg"":-56,""z_mg"":880}"
36.360,left_hand,og,tilt,,"{""roll_deg"":3.6,""pitch_deg"":6.8,""steady"":true}"
36.391,left_hand,og,acc,160178,"{""seq"":1766,""x_mg"":396,""y_mg"":-44,""z_mg"":928}"
36.391,left_hand,og,tilt,,"{""roll_deg"":3.6,""pitch_deg"":6.6,""steady"":true}"
36.407,left_hand,og,acc,160199,"{""seq"":1767,""x_mg"":440,""y_mg"":-32,""z_mg"":912}"
36.407,left_hand,og,tilt,,"{""roll_deg"":3.6,""pitch_deg"":6.4,""steady"":true}"
36.407,left_hand,og,acc,160220,"{""seq"":1768,""x_mg"":460,""y_mg"":16,""z_mg"":900}"
36.407,left_hand,og,tilt,,"{""roll_deg"":3.5,""pitch_deg"":6.3,""steady"":true}"
36.438,left_hand,og,acc,160240,"{""seq"":1769,""x_mg"":432,""y_mg"":32,""z_mg"":896}"
36.438,left_hand,og,tilt,,"{""roll_deg"":3.6,""pitch_deg"":6.3,""steady"":true}"
36.469,left_hand,og,acc,160261,"{""seq"":1770,""x_mg"":416,""y_mg"":28,""z_mg"":920}"
36.469,left_hand,og,tilt,,"{""roll_deg"":4.0,""pitch_deg"":6.4,""steady"":true}"
36.500,left_hand,og,acc,160281,"{""seq"":1771,""x_mg"":400,""y_mg"":-12,""z_mg"":940}"
36.500,left_hand,og,tilt,,"{""roll_deg"":4.4,""pitch_deg"":6.4,""steady"":true}"
36.500,left_hand,og,acc,160302,"{""seq"":1772,""x_mg"":388,""y_mg"":-4,""z_mg"":936}"
36.500,left_hand,og,tilt,,"{""roll_deg"":4.7,""pitch_deg"":6.3,""steady"":true}"
36.532,left_hand,og,acc,160322,"{""seq"":1773,""x_mg"":372,""y_mg"":12,""z_mg"":928}"
36.532,left_hand,og,tilt,,"{""roll_deg"":4.9,""pitch_deg"":6.0,""steady"":true}"
36.532,left_hand,og,acc,160343,"{""seq"":1774,""x_mg"":336,""y_mg"":-4,""z_mg"":928}"
36.532,left_hand,og,tilt,,"{""roll_deg"":5.0,""pitch_deg"":5.7,""steady"":true}"
36.563,left_hand,og,acc,160364,"{""seq"":1775,""x_mg"":336,""y_mg"":-24,""z_mg"":932}"
36.563,left_hand,og,tilt,,"{""roll_deg"":5.1,""pitch_deg"":5.3,""steady"":true}"
36.610,left_hand,og,acc,160384,"{""seq"":1776,""x_mg"":340,""y_mg"":-36,""z_mg"":928}"
36.610,left_hand,og,tilt,,"{""roll_deg"":5.2,""pitch_deg"":4.8,""steady"":true}"
36.610,left_hand,og,acc,160405,"{""seq"":1777,""x_mg"":332,""y_mg"":-40,""z_mg"":908}"
36.610,left_hand,og,tilt,,"{""roll_deg"":5.1,""pitch_deg"":4.4,""steady"":true}"
36.625,left_hand,og,acc,160425,"{""seq"":1778,""x_mg"":320,""y_mg"":-12,""z_mg"":864}"
36.625,left_hand,og,tilt,,"{""roll_deg"":5.1,""pitch_deg"":4.0,""steady"":true}"
36.657,left_hand,og,acc,160446,"{""seq"":1779,""x_mg"":304,""y_mg"":-8,""z_mg"":884}"
36.657,left_hand,og,tilt,,"{""roll_deg"":5.0,""pitch_deg"":3.6,""steady"":true}"
36.688,left_hand,og,acc,160466,"{""seq"":1780,""x_mg"":316,""y_mg"":-8,""z_mg"":876}"
36.688,left_hand,og,tilt,,"{""roll_deg"":5.0,""pitch_deg"":3.3,""steady"":true}"
36.688,left_hand,og,acc,160487,"{""seq"":1781,""x_mg"":304,""y_mg"":4,""z_mg"":900}"
36.688,left_hand,og,tilt,,"{""roll_deg"":5.1,""pitch_deg"":3.0,""steady"":true}"
36.719,left_hand,og,acc,160508,"{""seq"":1782,""x_mg"":328,""y_mg"":8,""z_mg"":912}"
36.719,left_hand,og,tilt,,"{""roll_deg"":5.1,""pitch_deg"":2.7,""steady"":true}"
36.750,left_hand,og,acc,160528,"{""seq"":1783,""x_mg"":348,""y_mg"":28,""z_mg"":896}"
36.750,left_hand,og,tilt,,"{""roll_deg"":5.3,""pitch_deg"":2.5,""steady"":true}"
36.750,left_hand,og,acc,160549,"{""seq"":1784,""x_mg"":388,""y_mg"":-20,""z_mg"":876}"
36.750,left_hand,og,tilt,,"{""roll_deg"":5.4,""pitch_deg"":2.3,""steady"":true}"
36.782,left_hand,og,acc,160569,"{""seq"":1785,""x_mg"":356,""y_mg"":-28,""z_mg"":936}"
36.782,left_hand,og,tilt,,"{""roll_deg"":5.5,""pitch_deg"":2.2,""steady"":true}"
36.813,left_hand,og,acc,160590,"{""seq"":1786,""x_mg"":352,""y_mg"":-24,""z_mg"":948}"
36.813,left_hand,og,tilt,,"{""roll_deg"":5.4,""pitch_deg"":2.1,""steady"":true}"
36.813,left_hand,og,acc,160610,"{""seq"":1787,""x_mg"":368,""y_mg"":-56,""z_mg"":952}"
36.813,left_hand,og,tilt,,"{""roll_deg"":5.3,""pitch_deg"":2.1,""steady"":true}"
36.844,left_hand,og,acc,160631,"{""seq"":1788,""x_mg"":364,""y_mg"":-60,""z_mg"":980}"
36.844,left_hand,og,tilt,,"{""roll_deg"":5.2,""pitch_deg"":2.1,""steady"":true}"
36.875,left_hand,og,acc,160651,"{""seq"":1789,""x_mg"":356,""y_mg"":-20,""z_mg"":1004}"
36.875,left_hand,og,tilt,,"{""roll_deg"":5.1,""pitch_deg"":2.0,""steady"":true}"
36.875,left_hand,og,acc,160672,"{""seq"":1790,""x_mg"":336,""y_mg"":16,""z_mg"":996}"
36.875,left_hand,og,tilt,,"{""roll_deg"":5.0,""pitch_deg"":1.9,""steady"":true}"
36.907,left_hand,og,acc,160693,"{""seq"":1791,""x_mg"":328,""y_mg"":8,""z_mg"":1004}"
36.907,left_hand,og,tilt,,"{""roll_deg"":5.0,""pitch_deg"":1.7,""steady"":true}"
36.938,left_hand,og,acc,160713,"{""seq"":1792,""x_mg"":332,""y_mg"":16,""z_mg"":1008}"
36.938,left_hand,og,tilt,,"{""roll_deg"":5.2,""pitch_deg"":1.5,""steady"":true}"
36.938,left_hand,og,acc,160734,"{""seq"":1793,""x_mg"":332,""y_mg"":4,""z_mg"":1000}"
36.938,left_hand,og,tilt,,"{""roll_deg"":5.3,""pitch_deg"":1.2,""steady"":true}"
36.969,left_hand,og,acc,160754,"{""seq"":1794,""x_mg"":320,""y_mg"":28,""z_mg"":976}"
36.969,left_hand,og,tilt,,"{""roll_deg"":5.5,""pitch_deg"":1.0,""steady"":true}"
36.969,left_hand,og,acc,160775,"{""seq"":1795,""x_mg"":312,""y_mg"":48,""z_mg"":964}"
36.969,left_hand,og,tilt,,"{""roll_deg"":5.7,""pitch_deg"":0.7,""steady"":true}"
37.000,left_hand,og,acc,160795,"{""seq"":1796,""x_mg"":308,""y_mg"":68,""z_mg"":984}"
37.000,left_hand,og,tilt,,"{""roll_deg"":5.9,""pitch_deg"":0.5,""steady"":true}"
37.032,left_hand,og,acc,160816,"{""seq"":1797,""x_mg"":292,""y_mg"":52,""z_mg"":920}"
37.032,left_hand,og,tilt,,"{""roll_deg"":6.3,""pitch_deg"":0.3,""steady"":true}"
37.032,left_hand,og,acc,160837,"{""seq"":1798,""x_mg"":272,""y_mg"":40,""z_mg"":912}"
37.032,left_hand,og,tilt,,"{""roll_deg"":6.6,""pitch_deg"":0.1,""steady"":true}"
37.063,left_hand,og,acc,160857,"{""seq"":1799,""x_mg"":248,""y_mg"":12,""z_mg"":952}"
37.063,left_hand,og,tilt,,"{""roll_deg"":6.9,""pitch_deg"":-0.1,""steady"":true}"
37.094,left_hand,og,acc,160878,"{""seq"":1800,""x_mg"":236,""y_mg"":-8,""z_mg"":948}"
37.094,left_hand,og,tilt,,"{""roll_deg"":7.1,""pitch_deg"":-0.4,""steady"":true}"
37.094,left_hand,og,acc,160898,"{""seq"":1801,""x_mg"":248,""y_mg"":32,""z_mg"":896}"
37.094,left_hand,og,tilt,,"{""roll_deg"":7.2,""pitch_deg"":-0.8,""steady"":true}"
37.125,left_hand,og,acc,160919,"{""seq"":1802,""x_mg"":244,""y_mg"":72,""z_mg"":900}"
37.125,left_hand,og,tilt,,"{""roll_deg"":7.3,""pitch_deg"":-1.2,""steady"":true}"
37.157,left_hand,og,acc,160939,"{""seq"":1803,""x_mg"":232,""y_mg"":28,""z_mg"":924}"
37.157,left_hand,og,tilt,,"{""roll_deg"":7.3,""pitch_deg"":-1.6,""steady"":true}"
37.157,left_hand,og,acc,160960,"{""seq"":1804,""x_mg"":244,""y_mg"":-28,""z_mg"":920}"
37.157,left_hand,og,tilt,,"{""roll_deg"":7.4,""pitch_deg"":-1.9,""steady"":true}"
37.188,left_hand,og,acc,160981,"{""seq"":1805,""x_mg"":240,""y_mg"":4,""z_mg"":960}"
37.188,left_hand,og,tilt,,"{""roll_deg"":7.4,""pitch_deg"":-2.2,""steady"":true}"
37.235,left_hand,og,acc,161001,"{""seq"":1806,""x_mg"":232,""y_mg"":56,""z_mg"":964}"
37.235,left_hand,og,tilt,,"{""roll_deg"":7.5,""pitch_deg"":-2.5,""steady"":true}"
37.235,left_hand,og,acc,161022,"{""seq"":1807,""x_mg"":252,""y_mg"":48,""z_mg"":956}"
37.235,left_hand,og,tilt,,"{""roll_deg"":7.5,""pitch_deg"":-2.8,""steady"":true}"
37.250,left_hand,og,acc,161042,"{""seq"":1808,""x_mg"":268,""y_mg"":28,""z_mg"":952}"
37.250,left_hand,og,tilt,,"{""roll_deg"":7.5,""pitch_deg"":-3.0,""steady"":true}"
37.282,left_hand,og,acc,161063,"{""seq"":1809,""x_mg"":268,""y_mg"":4,""z_mg"":960}"
37.282,left_hand,og,tilt,,"{""roll_deg"":7.6,""pitch_deg"":-3.1,""steady"":true}"
37.313,left_hand,og,acc,161083,"{""seq"":1810,""x_mg"":268,""y_mg"":0,""z_mg"":980}"
37.313,left_hand,og,tilt,,"{""roll_deg"":7.6,""pitch_deg"":-3.2,""steady"":true}"
37.313,left_hand,og,acc,161104,"{""seq"":1811,""x_mg"":272,""y_mg"":24,""z_mg"":984}"
37.313,left_hand,og,tilt,,"{""roll_deg"":7.6,""pitch_deg"":-3.3,""steady"":true}"
37.344,left_hand,og,acc,161124,"{""seq"":1812,""x_mg"":264,""y_mg"":24,""z_mg"":952}"
37.344,left_hand,og,tilt,,"{""roll_deg"":7.5,""pitch_deg"":-3.3,""steady"":true}"
37.375,left_hand,og,acc,161145,"{""seq"":1813,""x_mg"":248,""y_mg"":-108,""z_mg"":984}"
37.375,left_hand,og,tilt,,"{""roll_deg"":7.4,""pitch_deg"":-3.3,""steady"":true}"
37.375,left_hand,og,acc,161166,"{""seq"":1814,""x_mg"":232,""y_mg"":-152,""z_mg"":992}"
37.375,left_hand,og,tilt,,"{""roll_deg"":7.2,""pitch_deg"":-3.4,""steady"":true}"
37.407,left_hand,og,acc,161186,"{""seq"":1815,""x_mg"":224,""y_mg"":-144,""z_mg"":1008}"
37.407,left_hand,og,tilt,,"{""roll_deg"":6.3,""pitch_deg"":-3.6,""steady"":true}"
37.407,left_hand,og,acc,161207,"{""seq"":1816,""x_mg"":216,""y_mg"":-124,""z_mg"":1008}"
37.407,left_hand,og,tilt,,"{""roll_deg"":5.4,""pitch_deg"":-3.9,""steady"":true}"
37.438,left_hand,og,acc,161227,"{""seq"":1817,""x_mg"":220,""y_mg"":-64,""z_mg"":1012}"
37.438,left_hand,og,tilt,,"{""roll_deg"":4.7,""pitch_deg"":-4.2,""steady"":true}"
37.453,left_hand,og,acc,161248,"{""seq"":1818,""x_mg"":204,""y_mg"":-88,""z_mg"":1012}"
37.453,left_hand,og,tilt,,"{""roll_deg"":4.0,""pitch_deg"":-4.5,""steady"":true}"
37.485,left_hand,og,acc,161268,"{""seq"":1819,""x_mg"":200,""y_mg"":-188,""z_mg"":992}"
37.485,left_hand,og,tilt,,"{""roll_deg"":3.4,""pitch_deg"":-4.8,""steady"":true}"
37.516,left_hand,og,acc,161289,"{""seq"":1820,""x_mg"":184,""y_mg"":-200,""z_mg"":988}"
37.516,left_hand,og,tilt,,"{""roll_deg"":2.9,""pitch_deg"":-5.1,""steady"":true}"
37.516,left_hand,og,acc,161310,"{""seq"":1821,""x_mg"":192,""y_mg"":-92,""z_mg"":996}"
37.516,left_hand,og,tilt,,"{""roll_deg"":2.6,""pitch_deg"":-5.5,""steady"":true}"
37.547,left_hand,og,acc,161330,"{""seq"":1822,""x_mg"":176,""y_mg"":-124,""z_mg"":968}"
37.547,left_hand,og,tilt,,"{""roll_deg"":2.1,""pitch_deg"":-5.8,""steady"":true}"
37.547,left_hand,og,acc,161351,"{""seq"":1823,""x_mg"":184,""y_mg"":-208,""z_mg"":944}"
37.547,left_hand,og,tilt,,"{""roll_deg"":1.3,""pitch_deg"":-6.1,""steady"":true}"
37.578,left_hand,og,acc,161371,"{""seq"":1824,""x_mg"":180,""y_mg"":-216,""z_mg"":952}"
37.578,left_hand,og,tilt,,"{""roll_deg"":0.5,""pitch_deg"":-6.3,""steady"":true}"
37.610,left_hand,og,acc,161392,"{""seq"":1825,""x_mg"":184,""y_mg"":-88,""z_mg"":980}"
37.610,left_hand,og,tilt,,"{""roll_deg"":0.3,""pitch_deg"":-6.6,""steady"":true}"
37.610,left_hand,og,acc,161412,"{""seq"":1826,""x_mg"":184,""y_mg"":-124,""z_mg"":956}"
37.610,left_hand,og,tilt,,"{""roll_deg"":0.1,""pitch_deg"":-6.8,""steady"":true}"
37.641,left_hand,og,acc,161433,"{""seq"":1827,""x_mg"":168,""y_mg"":-216,""z_mg"":944}"
37.641,left_hand,og,tilt,,"{""roll_deg"":-0.7,""pitch_deg"":-7.0,""steady"":true}"
37.657,left_hand,og,acc,161453,"{""seq"":1828,""x_mg"":168,""y_mg"":-224,""z_mg"":956}"
37.657,left_hand,og,tilt,,"{""roll_deg"":-1.4,""pitch_deg"":-7.2,""steady"":true}"
37.688,left_hand,og,acc,161474,"{""seq"":1829,""x_mg"":188,""y_mg"":-168,""z_mg"":956}"
37.688,left_hand,og,tilt,,"{""roll_deg"":-1.7,""pitch_deg"":-7.3,""steady"":true}"
37.688,left_hand,og,acc,161495,"{""seq"":1830,""x_mg"":200,""y_mg"":-184,""z_mg"":964}"
37.688,left_hand,og,tilt,,"{""roll_deg"":-2.1,""pitch_deg"":-7.4,""steady"":true}"
37.719,left_hand,og,acc,161515,"{""seq"":1831,""x_mg"":192,""y_mg"":-208,""z_mg"":996}"
37.719,left_hand,og,tilt,,"{""roll_deg"":-2.5,""pitch_deg"":-7.5,""steady"":true}"
37.750,left_hand,og,acc,161536,"{""seq"":1832,""x_mg"":164,""y_mg"":-188,""z_mg"":984}"
37.750,left_hand,og,tilt,,"{""roll_deg"":-2.8,""pitch_deg"":-7.6,""steady"":true}"
37.750,left_hand,og,acc,161556,"{""seq"":1833,""x_mg"":176,""y_mg"":-232,""z_mg"":984}"
37.750,left_hand,og,tilt,,"{""roll_deg"":-3.0,""pitch_deg"":-7.7,""steady"":true}"
37.782,left_hand,og,acc,161577,"{""seq"":1834,""x_mg"":184,""y_mg"":-244,""z_mg"":1020}"
37.782,left_hand,og,tilt,,"{""roll_deg"":-3.4,""pitch_deg"":-7.8,""steady"":true}"
37.813,left_hand,og,acc,161597,"{""seq"":1835,""x_mg"":200,""y_mg"":-216,""z_mg"":1004}"
37.813,left_hand,og,tilt,,"{""roll_deg"":-3.7,""pitch_deg"":-7.9,""steady"":true}"
37.813,left_hand,og,acc,161618,"{""seq"":1836,""x_mg"":204,""y_mg"":-216,""z_mg"":988}"
37.813,left_hand,og,tilt,,"{""roll_deg"":-4.0,""pitch_deg"":-8.0,""steady"":true}"
37.844,left_hand,og,acc,161639,"{""seq"":1837,""x_mg"":212,""y_mg"":-188,""z_mg"":964}"
37.844,left_hand,og,tilt,,"{""roll_deg"":-4.3,""pitch_deg"":-8.0,""steady"":true}"
37.875,left_hand,og,acc,161659,"{""seq"":1838,""x_mg"":212,""y_mg"":-164,""z_mg"":960}"
37.875,left_hand,og,tilt,,"{""roll_deg"":-4.5,""pitch_deg"":-7.9,""steady"":true}"
37.907,left_hand,og,acc,161680,"{""seq"":1839,""x_mg"":204,""y_mg"":-172,""z_mg"":964}"
37.907,left_hand,og,tilt,,"{""roll_deg"":-4.6,""pitch_deg"":-7.8,""steady"":true}"
37.907,left_hand,og,acc,161700,"{""seq"":1840,""x_mg"":204,""y_mg"":-192,""z_mg"":964}"
37.907,left_hand,og,tilt,,"{""roll_deg"":-4.6,""pitch_deg"":-7.8,""steady"":true}"
37.938,left_hand,og,acc,161721,"{""seq"":1841,""x_mg"":204,""y_mg"":-204,""z_mg"":944}"
37.938,left_hand,og,tilt,,"{""roll_deg"":-4.7,""pitch_deg"":-7.7,""steady"":true}"
37.969,left_hand,og,acc,161741,"{""seq"":1842,""x_mg"":208,""y_mg"":-216,""z_mg"":948}"
37.969,left_hand,og,tilt,,"{""roll_deg"":-4.7,""pitch_deg"":-7.6,""steady"":true}"
37.969,left_hand,og,acc,161762,"{""seq"":1843,""x_mg"":224,""y_mg"":-188,""z_mg"":956}"
37.969,left_hand,og,tilt,,"{""roll_deg"":-4.8,""pitch_deg"":-7.5,""steady"":true}"
38.000,left_hand,og,acc,161783,"{""seq"":1844,""x_mg"":224,""y_mg"":-140,""z_mg"":948}"
38.000,left_hand,og,tilt,,"{""roll_deg"":-4.9,""pitch_deg"":-7.4,""steady"":true}"
38.032,left_hand,og,acc,161803,"{""seq"":1845,""x_mg"":232,""y_mg"":-192,""z_mg"":932}"
38.032,left_hand,og,tilt,,"{""roll_deg"":-4.9,""pitch_deg"":-7.2,""steady"":true}"
38.032,left_hand,og,acc,161824,"{""seq"":1846,""x_mg"":224,""y_mg"":-220,""z_mg"":932}"
38.032,left_hand,og,tilt,,"{""roll_deg"":-5.0,""pitch_deg"":-7.0,""steady"":true}"
38.063,left_hand,og,acc,161844,"{""seq"":1847,""x_mg"":228,""y_mg"":-204,""z_mg"":944}"
38.063,left_hand,og,tilt,,"{""roll_deg"":-5.1,""pitch_deg"":-6.9,""steady"":true}"
38.063,left_hand,og,acc,161865,"{""seq"":1848,""x_mg"":240,""y_mg"":-196,""z_mg"":952}"
38.063,left_hand,og,tilt,,"{""roll_deg"":-5.2,""pitch_deg"":-6.7,""steady"":true}"
38.078,left_hand,og,acc,161885,"{""seq"":1849,""x_mg"":244,""y_mg"":-184,""z_mg"":948}"
38.078,left_hand,og,tilt,,"{""roll_deg"":-5.2,""pitch_deg"":-6.5,""steady"":true}"
38.110,left_hand,og,acc,161906,"{""seq"":1850,""x_mg"":240,""y_mg"":-196,""z_mg"":940}"
38.110,left_hand,og,tilt,,"{""roll_deg"":-5.3,""pitch_deg"":-6.3,""steady"":true}"
38.141,left_hand,og,acc,161926,"{""seq"":1851,""x_mg"":252,""y_mg"":-196,""z_mg"":928}"
38.141,left_hand,og,tilt,,"{""roll_deg"":-5.3,""pitch_deg"":-6.1,""steady"":true}"
38.172,left_hand,og,acc,161947,"{""seq"":1852,""x_mg"":244,""y_mg"":-188,""z_mg"":948}"
38.172,left_hand,og,tilt,,"{""roll_deg"":-5.4,""pitch_deg"":-6.0,""steady"":true}"
38.172,left_hand,og,acc,161968,"{""seq"":1853,""x_mg"":244,""y_mg"":-168,""z_mg"":960}"
38.172,left_hand,og,tilt,,"{""roll_deg"":-5.3,""pitch_deg"":-5.8,""steady"":true}"
38.203,left_hand,og,acc,161988,"{""seq"":1854,""x_mg"":264,""y_mg"":-168,""z_mg"":972}"
38.203,left_hand,og,tilt,,"{""roll_deg"":-5.3,""pitch_deg"":-5.7,""steady"":true}"
38.203,left_hand,og,acc,162009,"{""seq"":1855,""x_mg"":264,""y_mg"":-176,""z_mg"":948}"
38.203,left_hand,og,tilt,,"{""roll_deg"":-5.2,""pitch_deg"":-5.5,""steady"":true}"
38.235,left_hand,og,acc,162029,"{""seq"":1856,""x_mg"":264,""y_mg"":-172,""z_mg"":924}"
38.235,left_hand,og,tilt,,"{""roll_deg"":-5.1,""pitch_deg"":-5.3,""steady"":true}"
38.266,left_hand,og,acc,162050,"{""seq"":1857,""x_mg"":264,""y_mg"":-180,""z_mg"":916}"
38.266,left_hand,og,tilt,,"{""roll_deg"":-5.1,""pitch_deg"":-5.1,""steady"":true}"
38.266,left_hand,og,acc,162070,"{""seq"":1858,""x_mg"":260,""y_mg"":-164,""z_mg"":908}"
38.266,left_hand,og,tilt,,"{""roll_deg"":-5.0,""pitch_deg"":-4.8,""steady"":true}"
38.297,left_hand,og,acc,162091,"{""seq"":1859,""x_mg"":260,""y_mg"":-168,""z_mg"":916}"
38.297,left_hand,og,tilt,,"{""roll_deg"":-4.9,""pitch_deg"":-4.6,""steady"":true}"
38.313,left_hand,og,acc,162112,"{""seq"":1860,""x_mg"":252,""y_mg"":-180,""z_mg"":916}"
38.313,left_hand,og,tilt,,"{""roll_deg"":-4.9,""pitch_deg"":-4.4,""steady"":true}"
38.344,left_hand,og,acc,162132,"{""seq"":1861,""x_mg"":260,""y_mg"":-204,""z_mg"":924}"
38.344,left_hand,og,tilt,,"{""roll_deg"":-4.9,""pitch_deg"":-4.3,""steady"":true}"
38.344,left_hand,og,acc,162153,"{""seq"":1862,""x_mg"":260,""y_mg"":-204,""z_mg"":932}"
38.344,left_hand,og,tremor,,"{""rms_mg"":21.6,""peak_hz"":4.9}"
38.344,left_hand,og,tilt,,"{""roll_deg"":-4.9,""pitch_deg"":-4.2,""steady"":true}"
38.375,left_hand,og,acc,162173,"{""seq"":1863,""x_mg"":260,""y_mg"":-212,""z_mg"":924}"
38.375,left_hand,og,tilt,,"{""roll_deg"":-5.1,""pitch_deg"":-4.1,""steady"":true}"
38.407,left_hand,og,acc,162194,"{""seq"":1864,""x_mg"":260,""y_mg"":-232,""z_mg"":928}"
38.407,left_hand,og,tilt,,"{""roll_deg"":-5.3,""pitch_deg"":-4.0,""steady"":true}"
38.407,left_hand,og,acc,162214,"{""seq"":1865,""x_mg"":256,""y_mg"":-248,""z_mg"":952}"
38.407,left_hand,og,tilt,,"{""roll_deg"":-5.5,""pitch_deg"":-3.9,""steady"":true}"
38.438,left_hand,og,acc,162235,"{""seq"":1866,""x_mg"":264,""y_mg"":-240,""z_mg"":932}"
38.438,left_hand,og,tilt,,"{""roll_deg"":-5.8,""pitch_deg"":-3.9,""steady"":true}"
38.469,left_hand,og,acc,162255,"{""seq"":1867,""x_mg"":272,""y_mg"":-216,""z_mg"":936}"
38.469,left_hand,og,tilt,,"{""roll_deg"":-6.0,""pitch_deg"":-3.8,""steady"":true}"
38.469,left_hand,og,acc,162276,"{""seq"":1868,""x_mg"":288,""y_mg"":-208,""z_mg"":956}"
38.469,left_hand,og,tilt,,"{""roll_deg"":-6.3,""pitch_deg"":-3.8,""steady"":true}"
38.500,left_hand,og,acc,162297,"{""seq"":1869,""x_mg"":288,""y_mg"":-204,""z_mg"":940}"
38.500,left_hand,og,tilt,,"{""roll_deg"":-6.4,""pitch_deg"":-3.6,""steady"":true}"
38.516,left_hand,og,acc,162317,"{""seq"":1870,""x_mg"":284,""y_mg"":-204,""z_mg"":920}"
38.516,left_hand,og,tilt,,"{""roll_deg"":-6.4,""pitch_deg"":-3.5,""steady"":true}"
38.547,left_hand,og,acc,162338,"{""seq"":1871,""x_mg"":292,""y_mg"":-208,""z_mg"":908}"
38.547,left_hand,og,tilt,,"{""roll_deg"":-6.4,""pitch_deg"":-3.3,""steady"":true}"
38.547,left_hand,og,acc,162358,"{""seq"":1872,""x_mg"":280,""y_mg"":-224,""z_mg"":916}"
38.547,left_hand,og,tilt,,"{""roll_deg"":-6.4,""pitch_deg"":-3.2,""steady"":true}"
38.594,left_hand,og,acc,162379,"{""seq"":1873,""x_mg"":280,""y_mg"":-244,""z_mg"":928}"
38.594,left_hand,og,tilt,,"{""roll_deg"":-6.5,""pitch_deg"":-3.0,""steady"":true}"
38.625,left_hand,og,acc,162399,"{""seq"":1874,""x_mg"":292,""y_mg"":-252,""z_mg"":920}"
38.625,left_hand,og,tilt,,"{""roll_deg"":-6.6,""pitch_deg"":-2.9,""steady"":true}"
38.625,left_hand,og,acc,162420,"{""seq"":1875,""x_mg"":300,""y_mg"":-224,""z_mg"":924}"
38.625,left_hand,og,tilt,,"{""roll_deg"":-6.7,""pitch_deg"":-2.7,""steady"":true}"
38.657,left_hand,og,acc,162441,"{""seq"":1876,""x_mg"":284,""y_mg"":-208,""z_mg"":912}"
38.657,left_hand,og,tilt,,"{""roll_deg"":-6.9,""pitch_deg"":-2.6,""steady"":true}"
38.688,left_hand,og,acc,162461,"{""seq"":1877,""x_mg"":276,""y_mg"":-240,""z_mg"":920}"
38.688,left_hand,og,tilt,,"{""roll_deg"":-7.1,""pitch_deg"":-2.5,""steady"":true}"
38.688,left_hand,og,acc,162482,"{""seq"":1878,""x_mg"":276,""y_mg"":-252,""z_mg"":920}"
38.688,left_hand,og,tilt,,"{""roll_deg"":-7.3,""pitch_deg"":-2.4,""steady"":true}"
38.703,left_hand,og,acc,162502,"{""seq"":1879,""x_mg"":280,""y_mg"":-240,""z_mg"":916}"
38.703,left_hand,og,tilt,,"{""roll_deg"":-7.4,""pitch_deg"":-2.4,""steady"":true}"
38.735,left_hand,og,acc,162523,"{""seq"":1880,""x_mg"":260,""y_mg"":-208,""z_mg"":952}"
38.735,left_hand,og,tilt,,"{""roll_deg"":-7.6,""pitch_deg"":-2.4,""steady"":true}"
38.766,left_hand,og,acc,162543,"{""seq"":1881,""x_mg"":268,""y_mg"":-180,""z_mg"":912}"
38.766,left_hand,og,tilt,,"{""roll_deg"":-7.7,""pitch_deg"":-2.4,""steady"":true}"
38.766,left_hand,og,acc,162564,"{""seq"":1882,""x_mg"":280,""y_mg"":-176,""z_mg"":916}"
38.766,left_hand,og,tilt,,"{""roll_deg"":-7.5,""pitch_deg"":-2.4,""steady"":true}"
38.797,left_hand,og,acc,162585,"{""seq"":1883,""x_mg"":268,""y_mg"":-216,""z_mg"":944}"
38.797,left_hand,og,tilt,,"{""roll_deg"":-7.4,""pitch_deg"":-2.4,""steady"":true}"
38.828,left_hand,og,acc,162605,"{""seq"":1884,""x_mg"":280,""y_mg"":-200,""z_mg"":920}"
38.828,left_hand,og,tilt,,"{""roll_deg"":-7.2,""pitch_deg"":-2.5,""steady"":true}"
38.828,left_hand,og,acc,162626,"{""seq"":1885,""x_mg"":264,""y_mg"":-188,""z_mg"":940}"
38.828,left_hand,og,tilt,,"{""roll_deg"":-7.0,""pitch_deg"":-2.5,""steady"":true}"
38.860,left_hand,og,acc,162646,"{""seq"":1886,""x_mg"":260,""y_mg"":-172,""z_mg"":948}"
38.860,left_hand,og,tilt,,"{""roll_deg"":-6.8,""pitch_deg"":-2.6,""steady"":true}"
38.891,left_hand,og,acc,162667,"{""seq"":1887,""x_mg"":280,""y_mg"":-204,""z_mg"":940}"
38.891,left_hand,og,tilt,,"{""roll_deg"":-6.7,""pitch_deg"":-2.7,""steady"":true}"
38.891,left_hand,og,acc,162687,"{""seq"":1888,""x_mg"":280,""y_mg"":-224,""z_mg"":936}"
38.891,left_hand,og,tilt,,"{""roll_deg"":-6.7,""pitch_deg"":-2.6,""steady"":true}"
38.907,left_hand,og,acc,162708,"{""seq"":1889,""x_mg"":280,""y_mg"":-184,""z_mg"":952}"
38.907,left_hand,og,tilt,,"{""roll_deg"":-6.5,""pitch_deg"":-2.6,""steady"":true}"
38.938,left_hand,og,acc,162729,"{""seq"":1890,""x_mg"":288,""y_mg"":-196,""z_mg"":932}"
38.938,left_hand,og,tilt,,"{""roll_deg"":-6.4,""pitch_deg"":-2.6,""steady"":true}"
38.969,left_hand,og,acc,162749,"{""seq"":1891,""x_mg"":284,""y_mg"":-212,""z_mg"":932}"
38.969,left_hand,og,tilt,,"{""roll_deg"":-6.4,""pitch_deg"":-2.6,""steady"":true}"
38.969,left_hand,og,acc,162770,"{""seq"":1892,""x_mg"":292,""y_mg"":-212,""z_mg"":944}"
38.969,left_hand,og,tilt,,"{""roll_deg"":-6.4,""pitch_deg"":-2.5,""steady"":true}"
39.000,left_hand,og,acc,162790,"{""seq"":1893,""x_mg"":316,""y_mg"":-216,""z_mg"":908}"
39.000,left_hand,og,tilt,,"{""roll_deg"":-6.5,""pitch_deg"":-2.5,""steady"":true}"
39.032,left_hand,og,acc,162811,"{""seq"":1894,""x_mg"":296,""y_mg"":-200,""z_mg"":900}"
39.032,left_hand,og,tilt,,"{""roll_deg"":-6.5,""pitch_deg"":-2.4,""steady"":true}"
39.032,left_hand,og,acc,162831,"{""seq"":1895,""x_mg"":300,""y_mg"":-192,""z_mg"":928}"
39.032,left_hand,og,tilt,,"{""roll_deg"":-6.5,""pitch_deg"":-2.3,""steady"":true}"
39.063,left_hand,og,acc,162852,"{""seq"":1896,""x_mg"":300,""y_mg"":-228,""z_mg"":916}"
39.063,left_hand,og,tilt,,"{""roll_deg"":-6.5,""pitch_deg"":-2.1,""steady"":true}"
39.094,left_hand,og,acc,162872,"{""seq"":1897,""x_mg"":320,""y_mg"":-228,""z_mg"":932}"
39.094,left_hand,og,tilt,,"{""roll_deg"":-6.6,""pitch_deg"":-2.0,""steady"":true}"
39.094,left_hand,og,acc,162893,"{""seq"":1898,""x_mg"":332,""y_mg"":-200,""z_mg"":916}"
39.094,left_hand,og,tilt,,"{""roll_deg"":-6.6,""pitch_deg"":-1.8,""steady"":true}"
39.110,left_hand,og,acc,162914,"{""seq"":1899,""x_mg"":332,""y_mg"":-188,""z_mg"":916}"
39.110,left_hand,og,tilt,,"{""roll_deg"":-6.6,""pitch_deg"":-1.6,""steady"":true}"
39.141,left_hand,og,acc,162934,"{""seq"":1900,""x_mg"":328,""y_mg"":-196,""z_mg"":932}"
39.141,left_hand,og,tilt,,"{""roll_deg"":-6.5,""pitch_deg"":-1.4,""steady"":true}"
39.172,left_hand,og,acc,162955,"{""seq"":1901,""x_mg"":328,""y_mg"":-176,""z_mg"":940}"
39.172,left_hand,og,tilt,,"{""roll_deg"":-6.5,""pitch_deg"":-1.2,""steady"":true}"
39.172,left_hand,og,acc,162975,"{""seq"":1902,""x_mg"":316,""y_mg"":-132,""z_mg"":952}"
39.172,left_hand,og,tilt,,"{""roll_deg"":-6.3,""pitch_deg"":-1.0,""steady"":true}"
39.203,left_hand,og,acc,162996,"{""seq"":1903,""x_mg"":324,""y_mg"":-172,""z_mg"":964}"
39.203,left_hand,og,tilt,,"{""roll_deg"":-6.1,""pitch_deg"":-0.9,""steady"":true}"
39.203,left_hand,og,acc,163016,"{""seq"":1904,""x_mg"":328,""y_mg"":-188,""z_mg"":948}"
39.203,left_hand,og,tilt,,"{""roll_deg"":-5.9,""pitch_deg"":-0.8,""steady"":true}"
39.235,left_hand,og,acc,163037,"{""seq"":1905,""x_mg"":320,""y_mg"":-140,""z_mg"":928}"
39.235,left_hand,og,tilt,,"{""roll_deg"":-5.7,""pitch_deg"":-0.7,""steady"":true}"
39.282,left_hand,og,acc,163058,"{""seq"":1906,""x_mg"":320,""y_mg"":-140,""z_mg"":952}"
39.282,left_hand,og,tilt,,"{""roll_deg"":-5.3,""pitch_deg"":-0.7,""steady"":true}"
39.282,left_hand,og,acc,163078,"{""seq"":1907,""x_mg"":320,""y_mg"":-200,""z_mg"":916}"
39.282,left_hand,og,tilt,,"{""roll_deg"":-5.2,""pitch_deg"":-0.6,""steady"":true}"
39.313,left_hand,og,acc,163099,"{""seq"":1908,""x_mg"":320,""y_mg"":-208,""z_mg"":896}"
39.313,left_hand,og,tilt,,"{""roll_deg"":-5.2,""pitch_deg"":-0.5,""steady"":true}"
39.328,left_hand,og,acc,163119,"{""seq"":1909,""x_mg"":304,""y_mg"":-164,""z_mg"":912}"
39.328,left_hand,og,tilt,,"{""roll_deg"":-5.1,""pitch_deg"":-0.5,""steady"":true}"
39.328,left_hand,og,acc,163140,"{""seq"":1910,""x_mg"":280,""y_mg"":-120,""z_mg"":944}"
39.328,left_hand,og,tilt,,"{""roll_deg"":-5.0,""pitch_deg"":-0.5,""steady"":true}"
39.360,left_hand,og,acc,163160,"{""seq"":1911,""x_mg"":276,""y_mg"":-176,""z_mg"":952}"
39.360,left_hand,og,tilt,,"{""roll_deg"":-4.9,""pitch_deg"":-0.5,""steady"":true}"
39.391,left_hand,og,acc,163181,"{""seq"":1912,""x_mg"":280,""y_mg"":-212,""z_mg"":932}"
39.391,left_hand,og,tilt,,"{""roll_deg"":-4.8,""pitch_deg"":-0.7,""steady"":true}"
39.422,left_hand,og,acc,163202,"{""seq"":1913,""x_mg"":292,""y_mg"":-180,""z_mg"":924}"
39.422,left_hand,og,tilt,,"{""roll_deg"":-4.8,""pitch_deg"":-0.9,""steady"":true}"
39.422,left_hand,og,acc,163222,"{""seq"":1914,""x_mg"":292,""y_mg"":-140,""z_mg"":928}"
39.422,left_hand,og,tilt,,"{""roll_deg"":-4.8,""pitch_deg"":-1.1,""steady"":true}"
39.453,left_hand,og,acc,163243,"{""seq"":1915,""x_mg"":280,""y_mg"":-136,""z_mg"":920}"
39.453,left_hand,og,tilt,,"{""roll_deg"":-4.7,""pitch_deg"":-1.2,""steady"":true}"
39.485,left_hand,og,acc,163263,"{""seq"":1916,""x_mg"":280,""y_mg"":-156,""z_mg"":928}"
39.485,left_hand,og,tilt,,"{""roll_deg"":-4.6,""pitch_deg"":-1.3,""steady"":true}"
39.485,left_hand,og,acc,163284,"{""seq"":1917,""x_mg"":300,""y_mg"":-164,""z_mg"":936}"
39.485,left_hand,og,tilt,,"{""roll_deg"":-4.5,""pitch_deg"":-1.4,""steady"":true}"
39.516,left_hand,og,acc,163304,"{""seq"":1918,""x_mg"":280,""y_mg"":-128,""z_mg"":956}"
39.516,left_hand,og,tilt,,"{""roll_deg"":-4.2,""pitch_deg"":-1.5,""steady"":true}"
39.532,left_hand,og,acc,163325,"{""seq"":1919,""x_mg"":280,""y_mg"":-124,""z_mg"":964}"
39.532,left_hand,og,tilt,,"{""roll_deg"":-4.0,""pitch_deg"":-1.6,""steady"":true}"
39.532,left_hand,og,acc,163345,"{""seq"":1920,""x_mg"":296,""y_mg"":-156,""z_mg"":960}"
39.532,left_hand,og,tilt,,"{""roll_deg"":-3.9,""pitch_deg"":-1.6,""steady"":true}"
39.563,left_hand,og,acc,163366,"{""seq"":1921,""x_mg"":296,""y_mg"":-140,""z_mg"":932}"
39.563,left_hand,og,tilt,,"{""roll_deg"":-3.7,""pitch_deg"":-1.7,""steady"":true}"
39.594,left_hand,og,acc,163387,"{""seq"":1922,""x_mg"":288,""y_mg"":-120,""z_mg"":944}"
39.594,left_hand,og,tilt,,"{""roll_deg"":-3.5,""pitch_deg"":-1.7,""steady"":true}"
39.625,left_hand,og,acc,163407,"{""seq"":1923,""x_mg"":284,""y_mg"":-160,""z_mg"":940}"
39.625,left_hand,og,tilt,,"{""roll_deg"":-3.4,""pitch_deg"":-1.8,""steady"":true}"
39.625,left_hand,og,acc,163428,"{""seq"":1924,""x_mg"":292,""y_mg"":-204,""z_mg"":948}"
39.625,left_hand,og,tilt,,"{""roll_deg"":-3.4,""pitch_deg"":-1.8,""steady"":true}"
39.657,left_hand,og,acc,163448,"{""seq"":1925,""x_mg"":284,""y_mg"":-204,""z_mg"":948}"
39.657,left_hand,og,tilt,,"{""roll_deg"":-3.4,""pitch_deg"":-1.8,""steady"":true}"
39.688,left_hand,og,acc,163469,"{""seq"":1926,""x_mg"":292,""y_mg"":-180,""z_mg"":952}"
39.688,left_hand,og,tilt,,"{""roll_deg"":-3.5,""pitch_deg"":-1.9,""steady"":true}"
39.688,left_hand,og,acc,163489,"{""seq"":1927,""x_mg"":276,""y_mg"":-168,""z_mg"":936}"
39.688,left_hand,og,tilt,,"{""roll_deg"":-3.7,""pitch_deg"":-1.9,""steady"":true}"
39.719,left_hand,og,acc,163510,"{""seq"":1928,""x_mg"":280,""y_mg"":-188,""z_mg"":940}"
39.719,left_hand,og,tilt,,"{""roll_deg"":-3.9,""pitch_deg"":-2.0,""steady"":true}"
39.735,left_hand,og,acc,163530,"{""seq"":1929,""x_mg"":276,""y_mg"":-192,""z_mg"":952}"
39.735,left_hand,og,tilt,,"{""roll_deg"":-4.0,""pitch_deg"":-2.0,""steady"":true}"
39.735,left_hand,og,acc,163551,"{""seq"":1930,""x_mg"":276,""y_mg"":-148,""z_mg"":952}"
39.735,left_hand,og,tilt,,"{""roll_deg"":-4.1,""pitch_deg"":-2.1,""steady"":true}"
39.766,left_hand,og,acc,163572,"{""seq"":1931,""x_mg"":288,""y_mg"":-160,""z_mg"":948}"
39.766,left_hand,og,tilt,,"{""roll_deg"":-4.1,""pitch_deg"":-2.2,""steady"":true}"
39.797,left_hand,og,acc,163592,"{""seq"":1932,""x_mg"":292,""y_mg"":-196,""z_mg"":928}"
39.797,left_hand,og,tilt,,"{""roll_deg"":-4.3,""pitch_deg"":-2.2,""steady"":true}"
39.828,left_hand,og,acc,163613,"{""seq"":1933,""x_mg"":284,""y_mg"":-168,""z_mg"":944}"
39.828,left_hand,og,tilt,,"{""roll_deg"":-4.2,""pitch_deg"":-2.2,""steady"":true}"
39.828,left_hand,og,acc,163633,"{""seq"":1934,""x_mg"":268,""y_mg"":-144,""z_mg"":952}"
39.828,left_hand,og,tilt,,"{""roll_deg"":-4.2,""pitch_deg"":-2.2,""steady"":true}"
39.860,left_hand,og,acc,163654,"{""seq"":1935,""x_mg"":276,""y_mg"":-144,""z_mg"":960}"
39.860,left_hand,og,tilt,,"{""roll_deg"":-4.1,""pitch_deg"":-2.3,""steady"":true}"
39.891,left_hand,og,acc,163674,"{""seq"":1936,""x_mg"":276,""y_mg"":-168,""z_mg"":956}"
39.891,left_hand,og,tilt,,"{""roll_deg"":-4.1,""pitch_deg"":-2.3,""steady"":true}"
39.891,left_hand,og,acc,163695,"{""seq"":1937,""x_mg"":284,""y_mg"":-176,""z_mg"":956}"
39.891,left_hand,og,tilt,,"{""roll_deg"":-4.1,""pitch_deg"":-2.4,""steady"":true}"
39.922,left_hand,og,acc,163716,"{""seq"":1938,""x_mg"":284,""y_mg"":-180,""z_mg"":936}"
39.922,left_hand,og,tilt,,"{""roll_deg"":-4.0,""pitch_deg"":-2.5,""steady"":true}"
39.938,left_hand,og,acc,163736,"{""seq"":1939,""x_mg"":288,""y_mg"":-180,""z_mg"":924}"
39.938,left_hand,og,tilt,,"{""roll_deg"":-4.1,""pitch_deg"":-2.5,""steady"":true}"
39.969,left_hand,og,acc,163757,"{""seq"":1940,""x_mg"":292,""y_mg"":-192,""z_mg"":936}"
39.969,left_hand,og,tilt,,"{""roll_deg"":-4.2,""pitch_deg"":-2.5,""steady"":true}"
39.969,left_hand,og,acc,163777,"{""seq"":1941,""x_mg"":288,""y_mg"":-200,""z_mg"":932}"
39.969,left_hand,og,tilt,,"{""roll_deg"":-4.3,""pitch_deg"":-2.4,""steady"":true}"
40.000,left_hand,og,acc,163798,"{""seq"":1942,""x_mg"":284,""y_mg"":-200,""z_mg"":944}"
40.000,left_hand,og,tilt,,"{""roll_deg"":-4.4,""pitch_deg"":-2.3,""steady"":true}"
40.032,left_hand,og,acc,163818,"{""seq"":1943,""x_mg"":276,""y_mg"":-196,""z_mg"":932}"
40.032,left_hand,og,tilt,,"{""roll_deg"":-4.6,""pitch_deg"":-2.3,""steady"":true}"
40.032,left_hand,og,acc,163839,"{""seq"":1944,""x_mg"":280,""y_mg"":-188,""z_mg"":928}"
40.032,left_hand,og,tilt,,"{""roll_deg"":-4.8,""pitch_deg"":-2.3,""steady"":true}"
40.078,left_hand,og,acc,163860,"{""seq"":1945,""x_mg"":292,""y_mg"":-212,""z_mg"":940}"
40.078,left_hand,og,tilt,,"{""roll_deg"":-4.9,""pitch_deg"":-2.3,""steady"":true}"
40.094,left_hand,og,acc,163880,"{""seq"":1946,""x_mg"":280,""y_mg"":-188,""z_mg"":948}"
40.094,left_hand,og,tilt,,"{""roll_deg"":-5.0,""pitch_deg"":-2.3,""steady"":true}"
40.094,left_hand,og,acc,163901,"{""seq"":1947,""x_mg"":256,""y_mg"":-132,""z_mg"":948}"
40.094,left_hand,og,tilt,,"{""roll_deg"":-5.1,""pitch_deg"":-2.3,""steady"":true}"
40.141,left_hand,og,acc,163921,"{""seq"":1948,""x_mg"":256,""y_mg"":-96,""z_mg"":960}"
40.141,left_hand,og,tilt,,"{""roll_deg"":-5.1,""pitch_deg"":-2.4,""steady"":true}"
40.157,left_hand,og,acc,163942,"{""seq"":1949,""x_mg"":268,""y_mg"":-152,""z_mg"":956}"
40.157,left_hand,og,tilt,,"{""roll_deg"":-4.8,""pitch_deg"":-2.5,""steady"":true}"
40.157,left_hand,og,acc,163962,"{""seq"":1950,""x_mg"":280,""y_mg"":-188,""z_mg"":928}"
40.157,left_hand,og,tilt,,"{""roll_deg"":-4.6,""pitch_deg"":-2.6,""steady"":true}"
40.188,left_hand,og,acc,163983,"{""seq"":1951,""x_mg"":284,""y_mg"":-160,""z_mg"":904}"
40.188,left_hand,og,tilt,,"{""roll_deg"":-4.4,""pitch_deg"":-2.7,""steady"":true}"
40.219,left_hand,og,acc,164004,"{""seq"":1952,""x_mg"":276,""y_mg"":-160,""z_mg"":912}"
40.219,left_hand,og,tilt,,"{""roll_deg"":-4.4,""pitch_deg"":-2.7,""steady"":true}"
40.250,left_hand,og,acc,164024,"{""seq"":1953,""x_mg"":280,""y_mg"":-184,""z_mg"":912}"
40.250,left_hand,og,tilt,,"{""roll_deg"":-4.3,""pitch_deg"":-2.6,""steady"":true}"
40.250,left_hand,og,acc,164045,"{""seq"":1954,""x_mg"":280,""y_mg"":-228,""z_mg"":912}"
40.250,left_hand,og,tilt,,"{""roll_deg"":-4.4,""pitch_deg"":-2.5,""steady"":true}"
40.282,left_hand,og,acc,164065,"{""seq"":1955,""x_mg"":288,""y_mg"":-228,""z_mg"":900}"
40.282,left_hand,og,tilt,,"{""roll_deg"":-4.6,""pitch_deg"":-2.5,""steady"":true}"
40.313,left_hand,og,acc,164086,"{""seq"":1956,""x_mg"":280,""y_mg"":-192,""z_mg"":900}"
40.313,left_hand,og,tilt,,"{""roll_deg"":-4.7,""pitch_deg"":-2.4,""steady"":true}"
40.313,left_hand,og,acc,164106,"{""seq"":1957,""x_mg"":260,""y_mg"":-176,""z_mg"":936}"
40.313,left_hand,og,tilt,,"{""roll_deg"":-4.9,""pitch_deg"":-2.4,""steady"":true}"
40.344,left_hand,og,acc,164127,"{""seq"":1958,""x_mg"":260,""y_mg"":-180,""z_mg"":944}"
40.344,left_hand,og,tilt,,"{""roll_deg"":-5.0,""pitch_deg"":-2.3,""steady"":true}"
40.344,left_hand,og,acc,164147,"{""seq"":1959,""x_mg"":272,""y_mg"":-176,""z_mg"":940}"
40.344,left_hand,og,tilt,,"{""roll_deg"":-5.0,""pitch_deg"":-2.4,""steady"":true}"
40.360,left_hand,og,acc,164168,"{""seq"":1960,""x_mg"":280,""y_mg"":-184,""z_mg"":928}"
40.360,left_hand,og,tremor,,"{""rms_mg"":26.3,""peak_hz"":10.4}"
40.360,left_hand,og,tilt,,"{""roll_deg"":-5.0,""pitch_deg"":-2.5,""steady"":true}"
40.391,left_hand,og,acc,164189,"{""seq"":1961,""x_mg"":260,""y_mg"":-140,""z_mg"":976}"
40.391,left_hand,og,tilt,,"{""roll_deg"":-4.9,""pitch_deg"":-2.6,""steady"":true}"
40.422,left_hand,og,acc,164209,"{""seq"":1962,""x_mg"":232,""y_mg"":-76,""z_mg"":988}"
40.422,left_hand,og,tilt,,"{""roll_deg"":-4.9,""pitch_deg"":-2.7,""steady"":true}"
40.453,left_hand,og,acc,164230,"{""seq"":1963,""x_mg"":244,""y_mg"":-96,""z_mg"":988}"
40.453,left_hand,og,tilt,,"{""roll_deg"":-4.6,""pitch_deg"":-2.9,""steady"":true}"
40.453,left_hand,og,acc,164250,"{""seq"":1964,""x_mg"":256,""y_mg"":-120,""z_mg"":988}"
40.453,left_hand,og,tilt,,"{""roll_deg"":-4.1,""pitch_deg"":-3.1,""steady"":true}"
40.485,left_hand,og,acc,164271,"{""seq"":1965,""x_mg"":268,""y_mg"":-116,""z_mg"":972}"
40.485,left_hand,og,tilt,,"{""roll_deg"":-3.7,""pitch_deg"":-3.3,""steady"":true}"
40.485,left_hand,og,acc,164291,"{""seq"":1966,""x_mg"":276,""y_mg"":-148,""z_mg"":940}"
40.485,left_hand,og,tilt,,"{""roll_deg"":-3.4,""pitch_deg"":-3.4,""steady"":true}"
40.516,left_hand,og,acc,164312,"{""seq"":1967,""x_mg"":264,""y_mg"":-124,""z_mg"":936}"
40.516,left_hand,og,tilt,,"{""roll_deg"":-3.1,""pitch_deg"":-3.5,""steady"":true}"
40.547,left_hand,og,acc,164333,"{""seq"":1968,""x_mg"":248,""y_mg"":-108,""z_mg"":932}"
40.547,left_hand,og,tilt,,"{""roll_deg"":-2.8,""pitch_deg"":-3.5,""steady"":true}"
40.547,left_hand,og,acc,164353,"{""seq"":1969,""x_mg"":268,""y_mg"":-160,""z_mg"":936}"
40.547,left_hand,og,tilt,,"{""roll_deg"":-2.7,""pitch_deg"":-3.5,""steady"":true}"
40.578,left_hand,og,acc,164374,"{""seq"":1970,""x_mg"":264,""y_mg"":-192,""z_mg"":948}"
40.578,left_hand,og,tilt,,"{""roll_deg"":-2.7,""pitch_deg"":-3.5,""steady"":true}"
40.594,left_hand,og,acc,164394,"{""seq"":1971,""x_mg"":256,""y_mg"":-208,""z_mg"":948}"
40.594,left_hand,og,tilt,,"{""roll_deg"":-2.8,""pitch_deg"":-3.5,""steady"":true}"
40.625,left_hand,og,acc,164415,"{""seq"":1972,""x_mg"":244,""y_mg"":-160,""z_mg"":940}"
40.625,left_hand,og,tilt,,"{""roll_deg"":-2.9,""pitch_deg"":-3.5,""steady"":true}"
40.625,left_hand,og,acc,164435,"{""seq"":1973,""x_mg"":236,""y_mg"":-60,""z_mg"":964}"
40.625,left_hand,og,tilt,,"{""roll_deg"":-3.0,""pitch_deg"":-3.6,""steady"":true}"
40.657,left_hand,og,acc,164456,"{""seq"":1974,""x_mg"":248,""y_mg"":-140,""z_mg"":956}"
40.657,left_hand,og,tilt,,"{""roll_deg"":-3.1,""pitch_deg"":-3.7,""steady"":true}"
40.688,left_hand,og,acc,164476,"{""seq"":1975,""x_mg"":256,""y_mg"":-260,""z_mg"":952}"
40.688,left_hand,og,tilt,,"{""roll_deg"":-3.1,""pitch_deg"":-3.8,""steady"":true}"
40.688,left_hand,og,acc,164497,"{""seq"":1976,""x_mg"":216,""y_mg"":-216,""z_mg"":964}"
40.688,left_hand,og,tilt,,"{""roll_deg"":-3.2,""pitch_deg"":-3.9,""steady"":true}"
40.735,left_hand,og,acc,164518,"{""seq"":1977,""x_mg"":176,""y_mg"":124,""z_mg"":980}"
40.735,left_hand,og,tilt,,"{""roll_deg"":-3.1,""pitch_deg"":-4.1,""steady"":true}"
40.766,left_hand,og,acc,164538,"{""seq"":1978,""x_mg"":180,""y_mg"":272,""z_mg"":996}"
40.766,left_hand,og,tilt,,"{""roll_deg"":-3.0,""pitch_deg"":-4.3,""steady"":true}"
40.766,left_hand,og,acc,164559,"{""seq"":1979,""x_mg"":188,""y_mg"":140,""z_mg"":1012}"
40.766,left_hand,og,tilt,,"{""roll_deg"":-1.1,""pitch_deg"":-4.8,""steady"":true}"
40.782,left_hand,og,acc,164579,"{""seq"":1980,""x_mg"":208,""y_mg"":-52,""z_mg"":1008}"
40.782,left_hand,og,tilt,,"{""roll_deg"":0.7,""pitch_deg"":-5.3,""steady"":true}"
40.813,left_hand,og,acc,164600,"{""seq"":1981,""x_mg"":232,""y_mg"":-56,""z_mg"":1004}"
40.813,left_hand,og,tilt,,"{""roll_deg"":2.2,""pitch_deg"":-5.7,""steady"":true}"
40.844,left_hand,og,acc,164620,"{""seq"":1982,""x_mg"":220,""y_mg"":44,""z_mg"":984}"
40.844,left_hand,og,tilt,,"{""roll_deg"":2.9,""pitch_deg"":-5.9,""steady"":true}"
40.844,left_hand,og,acc,164641,"{""seq"":1983,""x_mg"":224,""y_mg"":112,""z_mg"":1008}"
40.844,left_hand,og,tilt,,"{""roll_deg"":3.6,""pitch_deg"":-6.0,""steady"":true}"
40.875,left_hand,og,acc,164662,"{""seq"":1984,""x_mg"":236,""y_mg"":-32,""z_mg"":980}"
40.875,left_hand,og,tilt,,"{""roll_deg"":3.7,""pitch_deg"":-6.0,""steady"":true}"
40.907,left_hand,og,acc,164682,"{""seq"":1985,""x_mg"":244,""y_mg"":-76,""z_mg"":980}"
40.907,left_hand,og,tilt,,"{""roll_deg"":3.7,""pitch_deg"":-6.0,""steady"":true}"
40.907,left_hand,og,acc,164703,"{""seq"":1986,""x_mg"":240,""y_mg"":-20,""z_mg"":988}"
40.907,left_hand,og,tilt,,"{""roll_deg"":3.9,""pitch_deg"":-6.0,""steady"":true}"
40.938,left_hand,og,acc,164723,"{""seq"":1987,""x_mg"":240,""y_mg"":-16,""z_mg"":988}"
40.938,left_hand,og,tilt,,"{""roll_deg"":4.0,""pitch_deg"":-5.9,""steady"":true}"
40.969,left_hand,og,acc,164744,"{""seq"":1988,""x_mg"":236,""y_mg"":-76,""z_mg"":984}"
40.969,left_hand,og,tilt,,"{""roll_deg"":4.0,""pitch_deg"":-5.9,""steady"":true}"
40.969,left_hand,og,acc,164764,"{""seq"":1989,""x_mg"":236,""y_mg"":-28,""z_mg"":988}"
40.969,left_hand,og,tilt,,"{""roll_deg"":4.1,""pitch_deg"":-5.8,""steady"":true}"
40.985,left_hand,og,acc,164785,"{""seq"":1990,""x_mg"":224,""y_mg"":80,""z_mg"":940}"
40.985,left_hand,og,tilt,,"{""roll_deg"":4.2,""pitch_deg"":-5.8,""steady"":true}"
41.016,left_hand,og,acc,164805,"{""seq"":1991,""x_mg"":208,""y_mg"":136,""z_mg"":972}"
41.016,left_hand,og,tilt,,"{""roll_deg"":4.3,""pitch_deg"":-5.8,""steady"":true}"
41.047,left_hand,og,acc,164826,"{""seq"":1992,""x_mg"":236,""y_mg"":68,""z_mg"":976}"
41.047,left_hand,og,tilt,,"{""roll_deg"":5.0,""pitch_deg"":-5.8,""steady"":true}"
41.047,left_hand,og,acc,164847,"{""seq"":1993,""x_mg"":224,""y_mg"":8,""z_mg"":964}"
41.047,left_hand,og,tilt,,"{""roll_deg"":5.6,""pitch_deg"":-5.7,""steady"":true}"
41.078,left_hand,og,acc,164867,"{""seq"":1994,""x_mg"":224,""y_mg"":56,""z_mg"":984}"
41.078,left_hand,og,tilt,,"{""roll_deg"":6.1,""pitch_deg"":-5.8,""steady"":true}"
41.110,left_hand,og,acc,164888,"{""seq"":1995,""x_mg"":224,""y_mg"":88,""z_mg"":976}"
41.110,left_hand,og,tilt,,"{""roll_deg"":6.6,""pitch_deg"":-5.8,""steady"":true}"
41.110,left_hand,og,acc,164908,"{""seq"":1996,""x_mg"":216,""y_mg"":60,""z_mg"":972}"
41.110,left_hand,og,tilt,,"{""roll_deg"":6.9,""pitch_deg"":-5.9,""steady"":true}"
41.141,left_hand,og,acc,164929,"{""seq"":1997,""x_mg"":220,""y_mg"":72,""z_mg"":980}"
41.141,left_hand,og,tilt,,"{""roll_deg"":7.2,""pitch_deg"":-5.9,""steady"":true}"
41.172,left_hand,og,acc,164949,"{""seq"":1998,""x_mg"":232,""y_mg"":44,""z_mg"":960}"
41.172,left_hand,og,tilt,,"{""roll_deg"":7.5,""pitch_deg"":-6.0,""steady"":true}"
41.172,left_hand,og,acc,164970,"{""seq"":1999,""x_mg"":256,""y_mg"":-40,""z_mg"":968}"
41.172,left_hand,og,tilt,,"{""roll_deg"":7.8,""pitch_deg"":-6.0,""steady"":true}"
41.188,left_hand,og,acc,164991,"{""seq"":2000,""x_mg"":256,""y_mg"":-32,""z_mg"":972}"
41.188,left_hand,og,tilt,,"{""roll_deg"":7.9,""pitch_deg"":-5.9,""steady"":true}"
41.235,left_hand,og,acc,165011,"{""seq"":2001,""x_mg"":228,""y_mg"":48,""z_mg"":972}"
41.235,left_hand,og,tilt,,"{""roll_deg"":8.0,""pitch_deg"":-5.9,""steady"":true}"
41.235,left_hand,og,acc,165032,"{""seq"":2002,""x_mg"":248,""y_mg"":44,""z_mg"":960}"
41.235,left_hand,og,tilt,,"{""roll_deg"":8.0,""pitch_deg"":-5.7,""steady"":true}"
41.266,left_hand,og,acc,165052,"{""seq"":2003,""x_mg"":252,""y_mg"":-32,""z_mg"":956}"
41.266,left_hand,og,tilt,,"{""roll_deg"":7.6,""pitch_deg"":-5.6,""steady"":true}"
41.266,left_hand,og,acc,165073,"{""seq"":2004,""x_mg"":268,""y_mg"":-84,""z_mg"":984}"
41.266,left_hand,og,tilt,,"{""roll_deg"":7.2,""pitch_deg"":-5.4,""steady"":true}"
41.297,left_hand,og,acc,165093,"{""seq"":2005,""x_mg"":272,""y_mg"":-72,""z_mg"":972}"
41.297,left_hand,og,tilt,,"{""roll_deg"":6.8,""pitch_deg"":-5.3,""steady"":true}"
41.328,left_hand,og,acc,165114,"{""seq"":2006,""x_mg"":252,""y_mg"":20,""z_mg"":984}"
41.328,left_hand,og,tilt,,"{""roll_deg"":6.5,""pitch_deg"":-5.2,""steady"":true}"
41.328,left_hand,og,acc,165135,"{""seq"":2007,""x_mg"":260,""y_mg"":16,""z_mg"":980}"
41.328,left_hand,og,tilt,,"{""roll_deg"":6.2,""pitch_deg"":-5.0,""steady"":true}"
41.360,left_hand,og,acc,165155,"{""seq"":2008,""x_mg"":260,""y_mg"":4,""z_mg"":980}"
41.360,left_hand,og,tilt,,"{""roll_deg"":6.2,""pitch_deg"":-4.9,""steady"":true}"
41.391,left_hand,og,acc,165176,"{""seq"":2009,""x_mg"":260,""y_mg"":-24,""z_mg"":984}"
41.391,left_hand,og,tilt,,"{""roll_deg"":6.2,""pitch_deg"":-4.9,""steady"":true}"
41.391,left_hand,og,acc,165196,"{""seq"":2010,""x_mg"":276,""y_mg"":-76,""z_mg"":972}"
41.391,left_hand,og,tilt,,"{""roll_deg"":6.2,""pitch_deg"":-4.8,""steady"":true}"
41.422,left_hand,og,acc,165217,"{""seq"":2011,""x_mg"":276,""y_mg"":-64,""z_mg"":972}"
41.422,left_hand,og,tilt,,"{""roll_deg"":6.0,""pitch_deg"":-4.7,""steady"":true}"
41.453,left_hand,og,acc,165237,"{""seq"":2012,""x_mg"":252,""y_mg"":4,""z_mg"":948}"
41.453,left_hand,og,tilt,,"{""roll_deg"":5.9,""pitch_deg"":-4.7,""steady"":true}"
41.453,left_hand,og,acc,165258,"{""seq"":2013,""x_mg"":252,""y_mg"":-20,""z_mg"":928}"
41.453,left_hand,og,tilt,,"{""roll_deg"":5.7,""pitch_deg"":-4.6,""steady"":true}"
41.500,left_hand,og,acc,165279,"{""seq"":2014,""x_mg"":264,""y_mg"":-92,""z_mg"":948}"
41.500,left_hand,og,tilt,,"{""roll_deg"":5.3,""pitch_deg"":-4.4,""steady"":true}"
41.500,left_hand,og,acc,165299,"{""seq"":2015,""x_mg"":276,""y_mg"":-116,""z_mg"":940}"
41.500,left_hand,og,tilt,,"{""roll_deg"":4.9,""pitch_deg"":-4.3,""steady"":true}"
41.532,left_hand,og,acc,165320,"{""seq"":2016,""x_mg"":276,""y_mg"":-40,""z_mg"":936}"
41.532,left_hand,og,tilt,,"{""roll_deg"":4.8,""pitch_deg"":-4.2,""steady"":true}"
41.563,left_hand,og,acc,165340,"{""seq"":2017,""x_mg"":268,""y_mg"":-24,""z_mg"":940}"
41.563,left_hand,og,tilt,,"{""roll_deg"":4.6,""pitch_deg"":-4.1,""steady"":true}"
41.563,left_hand,og,acc,165361,"{""seq"":2018,""x_mg"":248,""y_mg"":-80,""z_mg"":932}"
41.563,left_hand,og,tilt,,"{""roll_deg"":4.2,""pitch_deg"":-4.0,""steady"":true}"
41.594,left_hand,og,acc,165381,"{""seq"":2019,""x_mg"":252,""y_mg"":-96,""z_mg"":936}"
41.594,left_hand,og,tilt,,"{""roll_deg"":3.8,""pitch_deg"":-3.9,""steady"":true}"
41.610,left_hand,og,acc,165402,"{""seq"":2020,""x_mg"":272,""y_mg"":-96,""z_mg"":928}"
41.610,left_hand,og,tilt,,"{""roll_deg"":3.5,""pitch_deg"":-3.8,""steady"":true}"
41.641,left_hand,og,acc,165422,"{""seq"":2021,""x_mg"":288,""y_mg"":-88,""z_mg"":964}"
41.641,left_hand,og,tilt,,"{""roll_deg"":3.2,""pitch_deg"":-3.7,""steady"":true}"
41.672,left_hand,og,acc,165443,"{""seq"":2022,""x_mg"":284,""y_mg"":-72,""z_mg"":984}"
41.672,left_hand,og,tilt,,"{""roll_deg"":2.9,""pitch_deg"":-3.6,""steady"":true}"
41.672,left_hand,og,acc,165464,"{""seq"":2023,""x_mg"":260,""y_mg"":-28,""z_mg"":948}"
41.672,left_hand,og,tilt,,"{""roll_deg"":2.6,""pitch_deg"":-3.6,""steady"":true}"
41.703,left_hand,og,acc,165484,"{""seq"":2024,""x_mg"":284,""y_mg"":-56,""z_mg"":916}"
41.703,left_hand,og,tilt,,"{""roll_deg"":2.5,""pitch_deg"":-3.5,""steady"":true}"
41.703,left_hand,og,acc,165505,"{""seq"":2025,""x_mg"":280,""y_mg"":-76,""z_mg"":940}"
41.703,left_hand,og,tilt,,"{""roll_deg"":2.5,""pitch_deg"":-3.3,""steady"":true}"
41.735,left_hand,og,acc,165525,"{""seq"":2026,""x_mg"":276,""y_mg"":-76,""z_mg"":972}"
41.735,left_hand,og,tilt,,"{""roll_deg"":2.4,""pitch_deg"":-3.3,""steady"":true}"
41.766,left_hand,og,acc,165546,"{""seq"":2027,""x_mg"":272,""y_mg"":-56,""z_mg"":988}"
41.766,left_hand,og,tilt,,"{""roll_deg"":2.4,""pitch_deg"":-3.3,""steady"":true}"
41.766,left_hand,og,acc,165566,"{""seq"":2028,""x_mg"":280,""y_mg"":-72,""z_mg"":976}"
41.766,left_hand,og,tilt,,"{""roll_deg"":2.3,""pitch_deg"":-3.3,""steady"":true}"
41.797,left_hand,og,acc,165587,"{""seq"":2029,""x_mg"":284,""y_mg"":-96,""z_mg"":948}"
41.797,left_hand,og,tilt,,"{""roll_deg"":2.2,""pitch_deg"":-3.2,""steady"":true}"
41.813,left_hand,og,acc,165608,"{""seq"":2030,""x_mg"":292,""y_mg"":-116,""z_mg"":944}"
41.813,left_hand,og,tilt,,"{""roll_deg"":2.2,""pitch_deg"":-3.2,""steady"":true}"
41.813,left_hand,og,acc,165628,"{""seq"":2031,""x_mg"":296,""y_mg"":-112,""z_mg"":940}"
41.813,left_hand,og,tilt,,"{""roll_deg"":1.9,""pitch_deg"":-3.1,""steady"":true}"
41.844,left_hand,og,acc,165649,"{""seq"":2032,""x_mg"":304,""y_mg"":-96,""z_mg"":956}"
41.844,left_hand,og,tilt,,"{""roll_deg"":1.7,""pitch_deg"":-3.0,""steady"":true}"
41.875,left_hand,og,acc,165669,"{""seq"":2033,""x_mg"":292,""y_mg"":-52,""z_mg"":964}"
41.875,left_hand,og,tilt,,"{""roll_deg"":1.5,""pitch_deg"":-2.9,""steady"":true}"
41.907,left_hand,og,acc,165690,"{""seq"":2034,""x_mg"":280,""y_mg"":-60,""z_mg"":944}"
41.907,left_hand,og,tilt,,"{""roll_deg"":1.4,""pitch_deg"":-2.7,""steady"":true}"
41.907,left_hand,og,acc,165710,"{""seq"":2035,""x_mg"":300,""y_mg"":-124,""z_mg"":940}"
41.907,left_hand,og,tilt,,"{""roll_deg"":1.3,""pitch_deg"":-2.6,""steady"":true}"
41.938,left_hand,og,acc,165731,"{""seq"":2036,""x_mg"":304,""y_mg"":-160,""z_mg"":944}"
41.938,left_hand,og,tilt,,"{""roll_deg"":1.1,""pitch_deg"":-2.5,""steady"":true}"
41.969,left_hand,og,acc,165752,"{""seq"":2037,""x_mg"":292,""y_mg"":-108,""z_mg"":952}"
41.969,left_hand,og,tilt,,"{""roll_deg"":1.0,""pitch_deg"":-2.4,""steady"":true}"
41.969,left_hand,og,acc,165772,"{""seq"":2038,""x_mg"":280,""y_mg"":-76,""z_mg"":936}"
41.969,left_hand,og,tilt,,"{""roll_deg"":0.8,""pitch_deg"":-2.4,""steady"":true}"
42.000,left_hand,og,acc,165793,"{""seq"":2039,""x_mg"":292,""y_mg"":-88,""z_mg"":936}"
42.000,left_hand,og,tilt,,"{""roll_deg"":0.6,""pitch_deg"":-2.3,""steady"":true}"
42.016,left_hand,og,acc,165813,"{""seq"":2040,""x_mg"":288,""y_mg"":-124,""z_mg"":944}"
42.016,left_hand,og,tilt,,"{""roll_deg"":0.5,""pitch_deg"":-2.3,""steady"":true}"
42.047,left_hand,og,acc,165834,"{""seq"":2041,""x_mg"":292,""y_mg"":-128,""z_mg"":944}"
42.047,left_hand,og,tilt,,"{""roll_deg"":0.4,""pitch_deg"":-2.2,""steady"":true}"
42.047,left_hand,og,acc,165854,"{""seq"":2042,""x_mg"":288,""y_mg"":-100,""z_mg"":928}"
42.047,left_hand,og,tilt,,"{""roll_deg"":0.3,""pitch_deg"":-2.2,""steady"":true}"
42.078,left_hand,og,acc,165875,"{""seq"":2043,""x_mg"":280,""y_mg"":-80,""z_mg"":960}"
42.078,left_hand,og,tilt,,"{""roll_deg"":0.3,""pitch_deg"":-2.2,""steady"":true}"
42.110,left_hand,og,acc,165896,"{""seq"":2044,""x_mg"":284,""y_mg"":-88,""z_mg"":936}"
42.110,left_hand,og,tilt,,"{""roll_deg"":0.2,""pitch_deg"":-2.2,""steady"":true}"
42.110,left_hand,og,acc,165916,"{""seq"":2045,""x_mg"":284,""y_mg"":-112,""z_mg"":948}"
42.110,left_hand,og,tilt,,"{""roll_deg"":0.2,""pitch_deg"":-2.2,""steady"":true}"
42.141,left_hand,og,acc,165937,"{""seq"":2046,""x_mg"":296,""y_mg"":-108,""z_mg"":948}"
42.141,left_hand,og,tilt,,"{""roll_deg"":0.1,""pitch_deg"":-2.2,""steady"":true}"
42.172,left_hand,og,acc,165957,"{""seq"":2047,""x_mg"":284,""y_mg"":-88,""z_mg"":944}"
42.172,left_hand,og,tilt,,"{""roll_deg"":0.2,""pitch_deg"":-2.2,""steady"":true}"
42.172,left_hand,og,acc,165978,"{""seq"":2048,""x_mg"":300,""y_mg"":-112,""z_mg"":948}"
42.172,left_hand,og,tilt,,"{""roll_deg"":0.1,""pitch_deg"":-2.2,""steady"":true}"
42.203,left_hand,og,acc,165998,"{""seq"":2049,""x_mg"":292,""y_mg"":-124,""z_mg"":956}"
42.203,left_hand,og,tilt,,"{""roll_deg"":0.0,""pitch_deg"":-2.2,""steady"":true}"
42.235,left_hand,og,acc,166019,"{""seq"":2050,""x_mg"":284,""y_mg"":-120,""z_mg"":964}"
42.235,left_hand,og,tilt,,"{""roll_deg"":-0.1,""pitch_deg"":-2.2,""steady"":true}"
42.235,left_hand,og,acc,166039,"{""seq"":2051,""x_mg"":288,""y_mg"":-104,""z_mg"":948}"
42.235,left_hand,og,tilt,,"{""roll_deg"":-0.1,""pitch_deg"":-2.2,""steady"":true}"
42.250,left_hand,og,acc,166060,"{""seq"":2052,""x_mg"":312,""y_mg"":-84,""z_mg"":940}"
42.250,left_hand,og,tilt,,"{""roll_deg"":-0.2,""pitch_deg"":-2.2,""steady"":true}"
42.297,left_hand,og,acc,166081,"{""seq"":2053,""x_mg"":292,""y_mg"":-100,""z_mg"":948}"
42.297,left_hand,og,tilt,,"{""roll_deg"":-0.2,""pitch_deg"":-2.2,""steady"":true}"
42.328,left_hand,og,acc,166101,"{""seq"":2054,""x_mg"":296,""y_mg"":-104,""z_mg"":944}"
42.328,left_hand,og,tilt,,"{""roll_deg"":-0.2,""pitch_deg"":-2.1,""steady"":true}"
42.328,left_hand,og,acc,166122,"{""seq"":2055,""x_mg"":292,""y_mg"":-100,""z_mg"":956}"
42.328,left_hand,og,tilt,,"{""roll_deg"":-0.2,""pitch_deg"":-2.1,""steady"":true}"
42.360,left_hand,og,acc,166142,"{""seq"":2056,""x_mg"":284,""y_mg"":-108,""z_mg"":960}"
42.360,left_hand,og,tilt,,"{""roll_deg"":-0.2,""pitch_deg"":-2.1,""steady"":true}"
42.391,left_hand,og,acc,166163,"{""seq"":2057,""x_mg"":292,""y_mg"":-108,""z_mg"":944}"
42.391,left_hand,og,tilt,,"{""roll_deg"":-0.2,""pitch_deg"":-2.1,""steady"":true}"
42.391,left_hand,og,acc,166183,"{""seq"":2058,""x_mg"":296,""y_mg"":-88,""z_mg"":940}"
42.391,left_hand,og,tremor,,"{""rms_mg"":38.0,""peak_hz"":10.1}"
42.391,left_hand,og,tilt,,"{""roll_deg"":-0.2,""pitch_deg"":-2.1,""steady"":true}"
42.422,left_hand,og,acc,166204,"{""seq"":2059,""x_mg"":288,""y_mg"":-104,""z_mg"":948}"
42.422,left_hand,og,tilt,,"{""roll_deg"":-0.2,""pitch_deg"":-2.1,""steady"":true}"
42.438,left_hand,og,acc,166225,"{""seq"":2060,""x_mg"":300,""y_mg"":-104,""z_mg"":948}"
42.438,left_hand,og,tilt,,"{""roll_deg"":-0.2,""pitch_deg"":-2.0,""steady"":true}"
42.438,left_hand,og,acc,166245,"{""seq"":2061,""x_mg"":292,""y_mg"":-96,""z_mg"":948}"
42.438,left_hand,og,tilt,,"{""roll_deg"":-0.2,""pitch_deg"":-2.0,""steady"":true}"
42.469,left_hand,og,acc,166266,"{""seq"":2062,""x_mg"":308,""y_mg"":-88,""z_mg"":952}"
42.469,left_hand,og,tilt,,"{""roll_deg"":-0.2,""pitch_deg"":-2.0,""steady"":true}"
42.500,left_hand,og,acc,166286,"{""seq"":2063,""x_mg"":292,""y_mg"":-92,""z_mg"":944}"
42.500,left_hand,og,tilt,,"{""roll_deg"":-0.1,""pitch_deg"":-2.0,""steady"":true}"
42.532,left_hand,og,acc,166307,"{""seq"":2064,""x_mg"":296,""y_mg"":-104,""z_mg"":956}"
42.532,left_hand,og,tilt,,"{""roll_deg"":-0.1,""pitch_deg"":-2.0,""steady"":true}"
42.532,left_hand,og,acc,166327,"{""seq"":2065,""x_mg"":292,""y_mg"":-100,""z_mg"":940}"
42.532,left_hand,og,tilt,,"{""roll_deg"":-0.0,""pitch_deg"":-1.9,""steady"":true}"
42.563,left_hand,og,acc,166348,"{""seq"":2066,""x_mg"":292,""y_mg"":-92,""z_mg"":948}"
42.563,left_hand,og,tilt,,"{""roll_deg"":0.0,""pitch_deg"":-1.9,""steady"":true}"
42.594,left_hand,og,acc,166368,"{""seq"":2067,""x_mg"":292,""y_mg"":-88,""z_mg"":948}"
42.594,left_hand,og,tilt,,"{""roll_deg"":0.1,""pitch_deg"":-1.9,""steady"":true}"
42.594,left_hand,og,acc,166389,"{""seq"":2068,""x_mg"":296,""y_mg"":-96,""z_mg"":956}"
42.594,left_hand,og,tilt,,"{""roll_deg"":0.1,""pitch_deg"":-1.9,""steady"":true}"
42.625,left_hand,og,acc,166410,"{""seq"":2069,""x_mg"":292,""y_mg"":-108,""z_mg"":960}"
42.625,left_hand,og,tilt,,"{""roll_deg"":0.1,""pitch_deg"":-1.9,""steady"":true}"
42.625,left_hand,og,acc,166430,"{""seq"":2070,""x_mg"":288,""y_mg"":-92,""z_mg"":956}"
42.625,left_hand,og,tilt,,"{""roll_deg"":0.2,""pitch_deg"":-1.9,""steady"":true}"
42.657,left_hand,og,acc,166451,"{""seq"":2071,""x_mg"":296,""y_mg"":-96,""z_mg"":956}"
42.657,left_hand,og,tilt,,"{""roll_deg"":0.2,""pitch_deg"":-1.9,""steady"":true}"
42.672,left_hand,og,acc,166471,"{""seq"":2072,""x_mg"":296,""y_mg"":-96,""z_mg"":968}"
42.672,left_hand,og,tilt,,"{""roll_deg"":0.2,""pitch_deg"":-2.0,""steady"":true}"
42.703,left_hand,og,acc,166492,"{""seq"":2073,""x_mg"":292,""y_mg"":-100,""z_mg"":944}"
42.703,left_hand,og,tilt,,"{""roll_deg"":0.2,""pitch_deg"":-2.0,""steady"":true}"
42.735,left_hand,og,acc,166512,"{""seq"":2074,""x_mg"":296,""y_mg"":-108,""z_mg"":948}"
42.735,left_hand,og,tilt,,"{""roll_deg"":0.2,""pitch_deg"":-2.0,""steady"":true}"
42.735,left_hand,og,acc,166533,"{""seq"":2075,""x_mg"":300,""y_mg"":-104,""z_mg"":932}"
42.735,left_hand,og,tilt,,"{""roll_deg"":0.2,""pitch_deg"":-2.0,""steady"":true}"
42.766,left_hand,og,acc,166554,"{""seq"":2076,""x_mg"":300,""y_mg"":-84,""z_mg"":948}"
42.766,left_hand,og,tilt,,"{""roll_deg"":0.2,""pitch_deg"":-1.9,""steady"":true}"
42.766,left_hand,og,acc,166574,"{""seq"":2077,""x_mg"":296,""y_mg"":-96,""z_mg"":952}"
42.766,left_hand,og,tilt,,"{""roll_deg"":0.1,""pitch_deg"":-1.9,""steady"":true}"
42.797,left_hand,og,acc,166595,"{""seq"":2078,""x_mg"":292,""y_mg"":-100,""z_mg"":952}"
42.797,left_hand,og,tilt,,"{""roll_deg"":0.1,""pitch_deg"":-1.9,""steady"":true}"
42.828,left_hand,og,acc,166615,"{""seq"":2079,""x_mg"":296,""y_mg"":-104,""z_mg"":956}"
42.828,left_hand,og,tilt,,"{""roll_deg"":0.1,""pitch_deg"":-1.9,""steady"":true}"
42.828,left_hand,og,acc,166636,"{""seq"":2080,""x_mg"":288,""y_mg"":-108,""z_mg"":952}"
42.828,left_hand,og,tilt,,"{""roll_deg"":0.1,""pitch_deg"":-1.9,""steady"":true}"
42.860,left_hand,og,acc,166656,"{""seq"":2081,""x_mg"":296,""y_mg"":-88,""z_mg"":940}"
42.860,left_hand,og,tilt,,"{""roll_deg"":0.1,""pitch_deg"":-1.9,""steady"":true}"
42.891,left_hand,og,acc,166677,"{""seq"":2082,""x_mg"":304,""y_mg"":-88,""z_mg"":956}"
42.891,left_hand,og,tilt,,"{""roll_deg"":0.1,""pitch_deg"":-1.9,""steady"":true}"
42.922,left_hand,og,acc,166697,"{""seq"":2083,""x_mg"":296,""y_mg"":-92,""z_mg"":940}"
42.922,left_hand,og,tilt,,"{""roll_deg"":0.1,""pitch_deg"":-1.8,""steady"":true}"
42.922,left_hand,og,acc,166718,"{""seq"":2084,""x_mg"":288,""y_mg"":-116,""z_mg"":968}"
42.922,left_hand,og,tilt,,"{""roll_deg"":0.2,""pitch_deg"":-1.8,""steady"":true}"
42.953,left_hand,og,acc,166739,"{""seq"":2085,""x_mg"":300,""y_mg"":-108,""z_mg"":960}"
42.953,left_hand,og,tilt,,"{""roll_deg"":0.2,""pitch_deg"":-1.8,""steady"":true}"
42.985,left_hand,og,acc,166759,"{""seq"":2086,""x_mg"":292,""y_mg"":-96,""z_mg"":948}"
42.985,left_hand,og,tilt,,"{""roll_deg"":0.2,""pitch_deg"":-1.8,""steady"":true}"
42.985,left_hand,og,acc,166780,"{""seq"":2087,""x_mg"":292,""y_mg"":-76,""z_mg"":944}"
42.985,left_hand,og,tilt,,"{""roll_deg"":0.2,""pitch_deg"":-1.8,""steady"":true}"
43.016,left_hand,og,acc,166800,"{""seq"":2088,""x_mg"":292,""y_mg"":-76,""z_mg"":952}"
43.016,left_hand,og,tilt,,"{""roll_deg"":0.2,""pitch_deg"":-1.8,""steady"":true}"
43.047,left_hand,og,acc,166821,"{""seq"":2089,""x_mg"":304,""y_mg"":-108,""z_mg"":940}"
43.047,left_hand,og,tilt,,"{""roll_deg"":0.2,""pitch_deg"":-1.8,""steady"":true}"
43.047,left_hand,og,acc,166841,"{""seq"":2090,""x_mg"":300,""y_mg"":-92,""z_mg"":956}"
43.047,left_hand,og,tilt,,"{""roll_deg"":0.3,""pitch_deg"":-1.8,""steady"":true}"
43.063,left_hand,og,acc,166862,"{""seq"":2091,""x_mg"":300,""y_mg"":-96,""z_mg"":956}"
43.063,left_hand,og,tilt,,"{""roll_deg"":0.3,""pitch_deg"":-1.8,""steady"":true}"
43.094,left_hand,og,acc,166883,"{""seq"":2092,""x_mg"":300,""y_mg"":-88,""z_mg"":956}"
43.094,left_hand,og,tilt,,"{""roll_deg"":0.3,""pitch_deg"":-1.8,""steady"":true}"
43.125,left_hand,og,acc,166903,"{""seq"":2093,""x_mg"":304,""y_mg"":-88,""z_mg"":940}"
43.125,left_hand,og,tilt,,"{""roll_deg"":0.3,""pitch_deg"":-1.8,""steady"":true}"
43.125,left_hand,og,acc,166924,"{""seq"":2094,""x_mg"":300,""y_mg"":-96,""z_mg"":952}"
43.125,left_hand,og,tilt,,"{""roll_deg"":0.4,""pitch_deg"":-1.8,""steady"":true}"
43.157,left_hand,og,acc,166944,"{""seq"":2095,""x_mg"":296,""y_mg"":-100,""z_mg"":956}"
43.157,left_hand,og,tilt,,"{""roll_deg"":0.4,""pitch_deg"":-1.8,""steady"":true}"
43.188,left_hand,og,acc,166965,"{""seq"":2096,""x_mg"":292,""y_mg"":-96,""z_mg"":960}"
43.188,left_hand,og,tilt,,"{""roll_deg"":0.3,""pitch_deg"":-1.7,""steady"":true}"
43.188,left_hand,og,acc,166985,"{""seq"":2097,""x_mg"":292,""y_mg"":-100,""z_mg"":960}"
43.188,left_hand,og,tilt,,"{""roll_deg"":0.3,""pitch_deg"":-1.8,""steady"":true}"
43.219,left_hand,og,acc,167006,"{""seq"":2098,""x_mg"":300,""y_mg"":-96,""z_mg"":944}"
43.219,left_hand,og,tilt,,"{""roll_deg"":0.3,""pitch_deg"":-1.8,""steady"":true}"
43.250,left_hand,og,acc,167027,"{""seq"":2099,""x_mg"":300,""y_mg"":-84,""z_mg"":948}"
43.250,left_hand,og,tilt,,"{""roll_deg"":0.3,""pitch_deg"":-1.8,""steady"":true}"
43.250,left_hand,og,acc,167047,"{""seq"":2100,""x_mg"":292,""y_mg"":-96,""z_mg"":948}"
43.250,left_hand,og,tilt,,"{""roll_deg"":0.3,""pitch_deg"":-1.8,""steady"":true}"
43.266,left_hand,og,acc,167068,"{""seq"":2101,""x_mg"":300,""y_mg"":-88,""z_mg"":940}"
43.266,left_hand,og,tilt,,"{""roll_deg"":0.3,""pitch_deg"":-1.8,""steady"":true}"
43.297,left_hand,og,acc,167088,"{""seq"":2102,""x_mg"":296,""y_mg"":-92,""z_mg"":948}"
43.297,left_hand,og,tilt,,"{""roll_deg"":0.3,""pitch_deg"":-1.7,""steady"":true}"
43.328,left_hand,og,acc,167109,"{""seq"":2103,""x_mg"":292,""y_mg"":-104,""z_mg"":948}"
43.328,left_hand,og,tilt,,"{""roll_deg"":0.3,""pitch_deg"":-1.7,""steady"":true}"
43.328,left_hand,og,acc,167129,"{""seq"":2104,""x_mg"":300,""y_mg"":-108,""z_mg"":948}"
43.328,left_hand,og,tilt,,"{""roll_deg"":0.3,""pitch_deg"":-1.7,""steady"":true}"
43.360,left_hand,og,acc,167150,"{""seq"":2105,""x_mg"":296,""y_mg"":-92,""z_mg"":960}"
43.360,left_hand,og,tilt,,"{""roll_deg"":0.3,""pitch_deg"":-1.7,""steady"":true}"
43.391,left_hand,og,acc,167170,"{""seq"":2106,""x_mg"":284,""y_mg"":-108,""z_mg"":948}"
43.391,left_hand,og,tilt,,"{""roll_deg"":0.3,""pitch_deg"":-1.8,""steady"":true}"
43.391,left_hand,og,acc,167191,"{""seq"":2107,""x_mg"":300,""y_mg"":-104,""z_mg"":952}"
43.391,left_hand,og,tilt,,"{""roll_deg"":0.2,""pitch_deg"":-1.8,""steady"":true}"
43.422,left_hand,og,acc,167212,"{""seq"":2108,""x_mg"":312,""y_mg"":-84,""z_mg"":952}"
43.422,left_hand,og,tilt,,"{""roll_deg"":0.2,""pitch_deg"":-1.8,""steady"":true}"
43.422,left_hand,og,acc,167232,"{""seq"":2109,""x_mg"":300,""y_mg"":-100,""z_mg"":952}"
43.422,left_hand,og,tilt,,"{""roll_deg"":0.1,""pitch_deg"":-1.7,""steady"":true}"
43.453,left_hand,og,acc,167253,"{""seq"":2110,""x_mg"":300,""y_mg"":-104,""z_mg"":944}"
43.453,left_hand,og,tilt,,"{""roll_deg"":0.1,""pitch_deg"":-1.7,""steady"":true}"
43.485,left_hand,og,acc,167273,"{""seq"":2111,""x_mg"":300,""y_mg"":-100,""z_mg"":948}"
43.485,left_hand,og,tilt,,"{""roll_deg"":0.1,""pitch_deg"":-1.7,""steady"":true}"
43.500,left_hand,og,acc,167294,"{""seq"":2112,""x_mg"":296,""y_mg"":-88,""z_mg"":952}"
43.500,left_hand,og,tilt,,"{""roll_deg"":0.1,""pitch_deg"":-1.7,""steady"":true}"
43.532,left_hand,og,acc,167314,"{""seq"":2113,""x_mg"":296,""y_mg"":-96,""z_mg"":952}"
43.532,left_hand,og,tilt,,"{""roll_deg"":0.1,""pitch_deg"":-1.7,""steady"":true}"
43.532,left_hand,og,acc,167335,"{""seq"":2114,""x_mg"":300,""y_mg"":-100,""z_mg"":964}"
43.532,left_hand,og,tilt,,"{""roll_deg"":0.1,""pitch_deg"":-1.7,""steady"":true}"
43.578,left_hand,og,acc,167356,"{""seq"":2115,""x_mg"":304,""y_mg"":-104,""z_mg"":948}"
43.578,left_hand,og,tilt,,"{""roll_deg"":0.1,""pitch_deg"":-1.7,""steady"":true}"
43.578,left_hand,og,acc,167376,"{""seq"":2116,""x_mg"":308,""y_mg"":-96,""z_mg"":948}"
43.578,left_hand,og,tilt,,"{""roll_deg"":0.1,""pitch_deg"":-1.7,""steady"":true}"
43.610,left_hand,og,acc,167397,"{""seq"":2117,""x_mg"":304,""y_mg"":-92,""z_mg"":948}"
43.610,left_hand,og,tilt,,"{""roll_deg"":0.1,""pitch_deg"":-1.7,""steady"":true}"
43.641,left_hand,og,acc,167417,"{""seq"":2118,""x_mg"":296,""y_mg"":-116,""z_mg"":948}"
43.641,left_hand,og,tilt,,"{""roll_deg"":0.1,""pitch_deg"":-1.6,""steady"":true}"
43.641,left_hand,og,acc,167438,"{""seq"":2119,""x_mg"":304,""y_mg"":-108,""z_mg"":936}"
43.641,left_hand,og,tilt,,"{""roll_deg"":0.1,""pitch_deg"":-1.6,""steady"":true}"
43.672,left_hand,og,acc,167458,"{""seq"":2120,""x_mg"":296,""y_mg"":-108,""z_mg"":940}"
43.672,left_hand,og,tilt,,"{""roll_deg"":-0.0,""pitch_deg"":-1.5,""steady"":true}"
43.688,,game,hold_complete,,"{""tx"":0,""ty"":-2,""mean_dist_deg"":0.54,""tolerance"":3.0}"
43.688,left_hand,og,acc,167479,"{""seq"":2121,""x_mg"":296,""y_mg"":-96,""z_mg"":948}"
43.688,left_hand,og,tilt,,"{""roll_deg"":-0.1,""pitch_deg"":-1.6,""steady"":true}"
43.688,left_hand,og,acc,167499,"{""seq"":2122,""x_mg"":292,""y_mg"":-96,""z_mg"":948}"
43.688,left_hand,og,tilt,,"{""roll_deg"":-0.1,""pitch_deg"":-1.6,""steady"":true}"
43.719,left_hand,og,acc,167520,"{""seq"":2123,""x_mg"":300,""y_mg"":-88,""z_mg"":940}"
43.719,left_hand,og,tilt,,"{""roll_deg"":-0.1,""pitch_deg"":-1.6,""steady"":true}"
43.750,left_hand,og,acc,167541,"{""seq"":2124,""x_mg"":292,""y_mg"":-88,""z_mg"":948}"
43.750,left_hand,og,tilt,,"{""roll_deg"":-0.0,""pitch_deg"":-1.6,""steady"":true}"
43.782,left_hand,og,acc,167561,"{""seq"":2125,""x_mg"":300,""y_mg"":-104,""z_mg"":948}"
43.782,left_hand,og,tilt,,"{""roll_deg"":-0.0,""pitch_deg"":-1.6,""steady"":true}"
43.782,left_hand,og,acc,167582,"{""seq"":2126,""x_mg"":304,""y_mg"":-104,""z_mg"":948}"
43.782,left_hand,og,tilt,,"{""roll_deg"":0.0,""pitch_deg"":-1.6,""steady"":true}"
43.813,left_hand,og,acc,167602,"{""seq"":2127,""x_mg"":304,""y_mg"":-88,""z_mg"":936}"
43.813,left_hand,og,tilt,,"{""roll_deg"":0.1,""pitch_deg"":-1.6,""steady"":true}"
43.844,left_hand,og,acc,167623,"{""seq"":2128,""x_mg"":296,""y_mg"":-88,""z_mg"":952}"
43.844,left_hand,og,tilt,,"{""roll_deg"":0.2,""pitch_deg"":-1.6,""steady"":true}"
43.844,left_hand,og,acc,167643,"{""seq"":2129,""x_mg"":300,""y_mg"":-100,""z_mg"":956}"
43.844,left_hand,og,tilt,,"{""roll_deg"":0.2,""pitch_deg"":-1.6,""steady"":true}"
43.875,left_hand,og,acc,167664,"{""seq"":2130,""x_mg"":296,""y_mg"":-112,""z_mg"":960}"
43.875,left_hand,og,tilt,,"{""roll_deg"":0.1,""pitch_deg"":-1.6,""steady"":true}"
43.907,left_hand,og,acc,167685,"{""seq"":2131,""x_mg"":304,""y_mg"":-112,""z_mg"":952}"
43.907,left_hand,og,tilt,,"{""roll_deg"":0.1,""pitch_deg"":-1.6,""steady"":true}"
43.907,left_hand,og,acc,167705,"{""seq"":2132,""x_mg"":296,""y_mg"":-88,""z_mg"":936}"
43.907,left_hand,og,tilt,,"{""roll_deg"":0.1,""pitch_deg"":-1.6,""steady"":true}"
43.922,left_hand,og,acc,167726,"{""seq"":2133,""x_mg"":304,""y_mg"":-88,""z_mg"":944}"
43.922,left_hand,og,tilt,,"{""roll_deg"":0.1,""pitch_deg"":-1.6,""steady"":true}"
43.953,left_hand,og,acc,167746,"{""seq"":2134,""x_mg"":296,""y_mg"":-104,""z_mg"":964}"
43.953,left_hand,og,tilt,,"{""roll_deg"":0.1,""pitch_deg"":-1.6,""steady"":true}"
43.985,left_hand,og,acc,167767,"{""seq"":2135,""x_mg"":292,""y_mg"":-120,""z_mg"":956}"
43.985,left_hand,og,tilt,,"{""roll_deg"":0.1,""pitch_deg"":-1.6,""steady"":true}"
43.985,left_hand,og,acc,167787,"{""seq"":2136,""x_mg"":292,""y_mg"":-104,""z_mg"":960}"
43.985,left_hand,og,tilt,,"{""roll_deg"":0.0,""pitch_deg"":-1.6,""steady"":true}"
44.016,left_hand,og,acc,167808,"{""seq"":2137,""x_mg"":292,""y_mg"":-96,""z_mg"":960}"
44.016,left_hand,og,tilt,,"{""roll_deg"":0.0,""pitch_deg"":-1.7,""steady"":true}"
44.047,left_hand,og,acc,167828,"{""seq"":2138,""x_mg"":300,""y_mg"":-92,""z_mg"":932}"
44.047,left_hand,og,tilt,,"{""roll_deg"":-0.0,""pitch_deg"":-1.7,""steady"":true}"
44.047,left_hand,og,acc,167849,"{""seq"":2139,""x_mg"":300,""y_mg"":-76,""z_mg"":944}"
44.047,left_hand,og,tilt,,"{""roll_deg"":0.0,""pitch_deg"":-1.8,""steady"":true}"
44.078,left_hand,og,acc,167870,"{""seq"":2140,""x_mg"":288,""y_mg"":-100,""z_mg"":964}"
44.078,left_hand,og,tilt,,"{""roll_deg"":0.1,""pitch_deg"":-1.8,""steady"":true}"
44.078,left_hand,og,acc,167890,"{""seq"":2141,""x_mg"":300,""y_mg"":-116,""z_mg"":964}"
44.078,left_hand,og,tilt,,"{""roll_deg"":0.1,""pitch_deg"":-1.8,""steady"":true}"
44.110,left_hand,og,acc,167911,"{""seq"":2142,""x_mg"":308,""y_mg"":-96,""z_mg"":952}"
44.110,left_hand,og,tilt,,"{""roll_deg"":0.1,""pitch_deg"":-1.8,""steady"":true}"
44.141,left_hand,og,acc,167931,"{""seq"":2143,""x_mg"":316,""y_mg"":-84,""z_mg"":940}"
44.141,left_hand,og,tilt,,"{""roll_deg"":0.1,""pitch_deg"":-1.7,""steady"":true}"
44.172,left_hand,og,acc,167952,"{""seq"":2144,""x_mg"":308,""y_mg"":-88,""z_mg"":964}"
44.172,left_hand,og,tilt,,"{""roll_deg"":0.1,""pitch_deg"":-1.7,""steady"":true}"
44.172,left_hand,og,acc,167972,"{""seq"":2145,""x_mg"":308,""y_mg"":-104,""z_mg"":956}"
44.172,left_hand,og,tilt,,"{""roll_deg"":0.2,""pitch_deg"":-1.6,""steady"":true}"
44.203,left_hand,og,acc,167993,"{""seq"":2146,""x_mg"":312,""y_mg"":-108,""z_mg"":964}"
44.203,left_hand,og,tilt,,"{""roll_deg"":0.2,""pitch_deg"":-1.6,""steady"":true}"
44.235,left_hand,og,acc,168014,"{""seq"":2147,""x_mg"":316,""y_mg"":-104,""z_mg"":968}"
44.235,left_hand,og,tilt,,"{""roll_deg"":0.1,""pitch_deg"":-1.5,""steady"":true}"
44.235,left_hand,og,acc,168034,"{""seq"":2148,""x_mg"":304,""y_mg"":-108,""z_mg"":976}"
44.235,left_hand,og,tilt,,"{""roll_deg"":0.1,""pitch_deg"":-1.5,""steady"":true}"
44.266,left_hand,og,acc,168055,"{""seq"":2149,""x_mg"":312,""y_mg"":-104,""z_mg"":976}"
44.266,left_hand,og,tilt,,"{""roll_deg"":0.1,""pitch_deg"":-1.5,""steady"":true}"
44.297,left_hand,og,acc,168075,"{""seq"":2150,""x_mg"":324,""y_mg"":-108,""z_mg"":972}"
44.297,left_hand,og,tilt,,"{""roll_deg"":0.0,""pitch_deg"":-1.4,""steady"":true}"
44.297,left_hand,og,acc,168096,"{""seq"":2151,""x_mg"":324,""y_mg"":-104,""z_mg"":964}"
44.297,left_hand,og,tilt,,"{""roll_deg"":0.0,""pitch_deg"":-1.4,""steady"":true}"
44.313,left_hand,og,acc,168116,"{""seq"":2152,""x_mg"":336,""y_mg"":-120,""z_mg"":960}"
44.313,left_hand,og,tilt,,"{""roll_deg"":-0.0,""pitch_deg"":-1.3,""steady"":true}"
44.344,left_hand,og,acc,168137,"{""seq"":2153,""x_mg"":320,""y_mg"":-92,""z_mg"":992}"
44.344,left_hand,og,tilt,,"{""roll_deg"":-0.0,""pitch_deg"":-1.2,""steady"":true}"
44.375,left_hand,og,acc,168158,"{""seq"":2154,""x_mg"":328,""y_mg"":-128,""z_mg"":976}"
44.375,left_hand,og,tilt,,"{""roll_deg"":-0.1,""pitch_deg"":-1.1,""steady"":true}"
44.375,left_hand,og,acc,168178,"{""seq"":2155,""x_mg"":336,""y_mg"":-148,""z_mg"":932}"
44.375,left_hand,og,tilt,,"{""roll_deg"":-0.2,""pitch_deg"":-1.1,""steady"":true}"
44.407,left_hand,og,acc,168199,"{""seq"":2156,""x_mg"":332,""y_mg"":-148,""z_mg"":932}"
44.407,left_hand,og,tremor,,"{""rms_mg"":38.6,""peak_hz"":9.7}"
44.407,left_hand,og,tilt,,"{""roll_deg"":-0.4,""pitch_deg"":-0.9,""steady"":true}"
44.438,left_hand,og,acc,168219,"{""seq"":2157,""x_mg"":352,""y_mg"":-136,""z_mg"":892}"
44.438,left_hand,og,tilt,,"{""roll_deg"":-0.6,""pitch_deg"":-0.7,""steady"":true}"
44.438,left_hand,og,acc,168240,"{""seq"":2158,""x_mg"":328,""y_mg"":-56,""z_mg"":916}"
44.438,left_hand,og,tilt,,"{""roll_deg"":-0.9,""pitch_deg"":-0.6,""steady"":true}"
44.469,left_hand,og,acc,168260,"{""seq"":2159,""x_mg"":332,""y_mg"":-108,""z_mg"":956}"
44.469,left_hand,og,tilt,,"{""roll_deg"":-1.1,""pitch_deg"":-0.4,""steady"":true}"
44.500,left_hand,og,acc,168281,"{""seq"":2160,""x_mg"":348,""y_mg"":-176,""z_mg"":924}"
44.500,left_hand,og,tilt,,"{""roll_deg"":-1.3,""pitch_deg"":-0.3,""steady"":true}"
44.500,left_hand,og,acc,168301,"{""seq"":2161,""x_mg"":328,""y_mg"":-156,""z_mg"":896}"
44.500,left_hand,og,tilt,,"{""roll_deg"":-1.4,""pitch_deg"":-0.1,""steady"":true}"
44.532,left_hand,og,acc,168322,"{""seq"":2162,""x_mg"":332,""y_mg"":-104,""z_mg"":908}"
44.532,left_hand,og,tilt,,"{""roll_deg"":-1.3,""pitch_deg"":-0.0,""steady"":true}"
44.563,left_hand,og,acc,168343,"{""seq"":2163,""x_mg"":344,""y_mg"":-124,""z_mg"":924}"
44.563,left_hand,og,tilt,,"{""roll_deg"":-1.4,""pitch_deg"":0.1,""steady"":true}"
44.563,left_hand,og,acc,168363,"{""seq"":2164,""x_mg"":352,""y_mg"":-172,""z_mg"":912}"
44.563,left_hand,og,tilt,,"{""roll_deg"":-1.7,""pitch_deg"":0.3,""steady"":true}"
44.594,left_hand,og,acc,168384,"{""seq"":2165,""x_mg"":348,""y_mg"":-156,""z_mg"":900}"
44.594,left_hand,og,tilt,,"{""roll_deg"":-1.9,""pitch_deg"":0.4,""steady"":true}"
44.625,left_hand,og,acc,168404,"{""seq"":2166,""x_mg"":336,""y_mg"":-144,""z_mg"":912}"
44.625,left_hand,og,tilt,,"{""roll_deg"":-2.0,""pitch_deg"":0.5,""steady"":true}"
44.625,left_hand,og,acc,168425,"{""seq"":2167,""x_mg"":332,""y_mg"":-148,""z_mg"":912}"
44.625,left_hand,og,tilt,,"{""roll_deg"":-2.2,""pitch_deg"":0.6,""steady"":true}"
44.657,left_hand,og,acc,168445,"{""seq"":2168,""x_mg"":332,""y_mg"":-164,""z_mg"":904}"
44.657,left_hand,og,tilt,,"{""roll_deg"":-2.4,""pitch_deg"":0.7,""steady"":true}"
44.657,left_hand,og,acc,168466,"{""seq"":2169,""x_mg"":348,""y_mg"":-172,""z_mg"":916}"
44.657,left_hand,og,tilt,,"{""roll_deg"":-2.5,""pitch_deg"":0.7,""steady"":true}"
44.688,left_hand,og,acc,168487,"{""seq"":2170,""x_mg"":352,""y_mg"":-148,""z_mg"":940}"
44.688,left_hand,og,tilt,,"{""roll_deg"":-2.6,""pitch_deg"":0.8,""steady"":true}"
44.719,left_hand,og,acc,168507,"{""seq"":2171,""x_mg"":344,""y_mg"":-144,""z_mg"":904}"
44.719,left_hand,og,tilt,,"{""roll_deg"":-2.7,""pitch_deg"":0.9,""steady"":true}"
44.719,left_hand,og,acc,168528,"{""seq"":2172,""x_mg"":356,""y_mg"":-172,""z_mg"":924}"
44.719,left_hand,og,tilt,,"{""roll_deg"":-2.9,""pitch_deg"":1.0,""steady"":true}"
44.750,left_hand,og,acc,168548,"{""seq"":2173,""x_mg"":400,""y_mg"":-196,""z_mg"":936}"
44.750,left_hand,og,tilt,,"{""roll_deg"":-3.1,""pitch_deg"":1.1,""steady"":true}"
44.782,left_hand,og,acc,168569,"{""seq"":2174,""x_mg"":396,""y_mg"":-192,""z_mg"":932}"
44.782,left_hand,og,tilt,,"{""roll_deg"":-3.3,""pitch_deg"":1.2,""steady"":true}"
44.782,left_hand,og,acc,168589,"{""seq"":2175,""x_mg"":400,""y_mg"":-192,""z_mg"":932}"
44.782,left_hand,og,tilt,,"{""roll_deg"":-3.5,""pitch_deg"":1.5,""steady"":true}"
44.828,left_hand,og,acc,168610,"{""seq"":2176,""x_mg"":384,""y_mg"":-180,""z_mg"":928}"
44.828,left_hand,og,tilt,,"{""roll_deg"":-3.8,""pitch_deg"":1.8,""steady"":true}"
44.860,left_hand,og,acc,168631,"{""seq"":2177,""x_mg"":384,""y_mg"":-128,""z_mg"":928}"
44.860,left_hand,og,tilt,,"{""roll_deg"":-4.0,""pitch_deg"":2.0,""steady"":true}"
44.860,left_hand,og,acc,168651,"{""seq"":2178,""x_mg"":392,""y_mg"":-152,""z_mg"":904}"
44.860,left_hand,og,tilt,,"{""roll_deg"":-4.1,""pitch_deg"":2.3,""steady"":true}"
44.891,left_hand,og,acc,168672,"{""seq"":2179,""x_mg"":404,""y_mg"":-196,""z_mg"":888}"
44.891,left_hand,og,tilt,,"{""roll_deg"":-4.2,""pitch_deg"":2.5,""steady"":true}"
44.922,left_hand,og,acc,168692,"{""seq"":2180,""x_mg"":416,""y_mg"":-196,""z_mg"":888}"
44.922,left_hand,og,tilt,,"{""roll_deg"":-4.3,""pitch_deg"":2.7,""steady"":true}"
44.922,left_hand,og,acc,168713,"{""seq"":2181,""x_mg"":408,""y_mg"":-172,""z_mg"":872}"
44.922,left_hand,og,tilt,,"{""roll_deg"":-4.4,""pitch_deg"":3.0,""steady"":true}"
44.938,left_hand,og,acc,168733,"{""seq"":2182,""x_mg"":380,""y_mg"":-140,""z_mg"":860}"
44.938,left_hand,og,tilt,,"{""roll_deg"":-4.5,""pitch_deg"":3.3,""steady"":true}"
44.969,left_hand,og,acc,168754,"{""seq"":2183,""x_mg"":368,""y_mg"":-72,""z_mg"":916}"
44.969,left_hand,og,tilt,,"{""roll_deg"":-4.6,""pitch_deg"":3.6,""steady"":true}"
45.000,left_hand,og,acc,168774,"{""seq"":2184,""x_mg"":372,""y_mg"":-84,""z_mg"":928}"
45.000,left_hand,og,tilt,,"{""roll_deg"":-4.4,""pitch_deg"":3.7,""steady"":true}"
45.000,left_hand,og,acc,168795,"{""seq"":2185,""x_mg"":380,""y_mg"":-136,""z_mg"":888}"
45.000,left_hand,og,tilt,,"{""roll_deg"":-4.2,""pitch_deg"":3.8,""steady"":true}"
45.032,left_hand,og,acc,168816,"{""seq"":2186,""x_mg"":380,""y_mg"":-164,""z_mg"":896}"
45.032,left_hand,og,tilt,,"{""roll_deg"":-4.0,""pitch_deg"":3.8,""steady"":true}"
45.032,left_hand,og,acc,168836,"{""seq"":2187,""x_mg"":392,""y_mg"":-124,""z_mg"":912}"
45.032,left_hand,og,tilt,,"{""roll_deg"":-3.7,""pitch_deg"":3.8,""steady"":true}"
45.063,left_hand,og,acc,168857,"{""seq"":2188,""x_mg"":380,""y_mg"":-108,""z_mg"":916}"
45.063,left_hand,og,tilt,,"{""roll_deg"":-3.5,""pitch_deg"":3.8,""steady"":true}"
45.094,left_hand,og,acc,168877,"{""seq"":2189,""x_mg"":364,""y_mg"":-108,""z_mg"":924}"
45.094,left_hand,og,tilt,,"{""roll_deg"":-3.3,""pitch_deg"":3.8,""steady"":true}"
45.094,left_hand,og,acc,168898,"{""seq"":2190,""x_mg"":368,""y_mg"":-124,""z_mg"":912}"
45.094,left_hand,og,tilt,,"{""roll_deg"":-3.1,""pitch_deg"":3.8,""steady"":true}"
45.125,left_hand,og,acc,168918,"{""seq"":2191,""x_mg"":376,""y_mg"":-140,""z_mg"":908}"
45.125,left_hand,og,tilt,,"{""roll_deg"":-2.9,""pitch_deg"":3.7,""steady"":true}"
45.141,left_hand,og,acc,168939,"{""seq"":2192,""x_mg"":388,""y_mg"":-148,""z_mg"":880}"
45.141,left_hand,og,tilt,,"{""roll_deg"":-2.8,""pitch_deg"":3.7,""steady"":true}"
45.172,left_hand,og,acc,168960,"{""seq"":2193,""x_mg"":384,""y_mg"":-136,""z_mg"":884}"
45.172,left_hand,og,tilt,,"{""roll_deg"":-2.8,""pitch_deg"":3.7,""steady"":true}"
45.172,left_hand,og,acc,168980,"{""seq"":2194,""x_mg"":384,""y_mg"":-124,""z_mg"":904}"
45.172,left_hand,og,tilt,,"{""roll_deg"":-2.8,""pitch_deg"":3.7,""steady"":true}"
45.203,left_hand,og,acc,169001,"{""seq"":2195,""x_mg"":384,""y_mg"":-108,""z_mg"":888}"
45.203,left_hand,og,tilt,,"{""roll_deg"":-2.8,""pitch_deg"":3.8,""steady"":true}"
45.235,left_hand,og,acc,169021,"{""seq"":2196,""x_mg"":384,""y_mg"":-112,""z_mg"":896}"
45.235,left_hand,og,tilt,,"{""roll_deg"":-2.7,""pitch_deg"":3.8,""steady"":true}"
45.235,left_hand,og,acc,169042,"{""seq"":2197,""x_mg"":392,""y_mg"":-144,""z_mg"":888}"
45.235,left_hand,og,tilt,,"{""roll_deg"":-2.5,""pitch_deg"":3.9,""steady"":true}"
45.266,left_hand,og,acc,169062,"{""seq"":2198,""x_mg"":400,""y_mg"":-164,""z_mg"":912}"
45.266,left_hand,og,tilt,,"{""roll_deg"":-2.5,""pitch_deg"":3.9,""steady"":true}"
45.297,left_hand,og,acc,169083,"{""seq"":2199,""x_mg"":412,""y_mg"":-152,""z_mg"":900}"
45.297,left_hand,og,tilt,,"{""roll_deg"":-2.5,""pitch_deg"":4.0,""steady"":true}"
45.297,left_hand,og,acc,169103,"{""seq"":2200,""x_mg"":404,""y_mg"":-136,""z_mg"":924}"
45.297,left_hand,og,tilt,,"{""roll_deg"":-2.6,""pitch_deg"":4.1,""steady"":true}"
45.344,left_hand,og,acc,169124,"{""seq"":2201,""x_mg"":400,""y_mg"":-128,""z_mg"":912}"
45.344,left_hand,og,tilt,,"{""roll_deg"":-2.7,""pitch_deg"":4.1,""steady"":true}"
45.360,left_hand,og,acc,169145,"{""seq"":2202,""x_mg"":404,""y_mg"":-136,""z_mg"":920}"
45.360,left_hand,og,tilt,,"{""roll_deg"":-2.7,""pitch_deg"":4.2,""steady"":true}"
45.360,left_hand,og,acc,169165,"{""seq"":2203,""x_mg"":428,""y_mg"":-152,""z_mg"":904}"
45.360,left_hand,og,tilt,,"{""roll_deg"":-2.6,""pitch_deg"":4.2,""steady"":true}"
45.391,left_hand,og,acc,169186,"{""seq"":2204,""x_mg"":424,""y_mg"":-160,""z_mg"":916}"
45.391,left_hand,og,tilt,,"{""roll_deg"":-2.6,""pitch_deg"":4.3,""steady"":true}"
45.422,left_hand,og,acc,169206,"{""seq"":2205,""x_mg"":420,""y_mg"":-140,""z_mg"":912}"
45.422,left_hand,og,tilt,,"{""roll_deg"":-2.6,""pitch_deg"":4.5,""steady"":true}"
45.453,left_hand,og,acc,169227,"{""seq"":2206,""x_mg"":412,""y_mg"":-140,""z_mg"":928}"
45.453,left_hand,og,tilt,,"{""roll_deg"":-2.6,""pitch_deg"":4.6,""steady"":true}"
45.453,left_hand,og,acc,169247,"{""seq"":2207,""x_mg"":412,""y_mg"":-160,""z_mg"":900}"
45.453,left_hand,og,tilt,,"{""roll_deg"":-2.7,""pitch_deg"":4.7,""steady"":true}"
45.485,left_hand,og,acc,169268,"{""seq"":2208,""x_mg"":408,""y_mg"":-144,""z_mg"":904}"
45.485,left_hand,og,tilt,,"{""roll_deg"":-2.8,""pitch_deg"":4.8,""steady"":true}"
45.516,left_hand,og,acc,169289,"{""seq"":2209,""x_mg"":404,""y_mg"":-140,""z_mg"":908}"
45.516,left_hand,og,tilt,,"{""roll_deg"":-2.8,""pitch_deg"":4.9,""steady"":true}"
45.516,left_hand,og,acc,169309,"{""seq"":2210,""x_mg"":404,""y_mg"":-160,""z_mg"":916}"
45.516,left_hand,og,tilt,,"{""roll_deg"":-2.8,""pitch_deg"":4.9,""steady"":true}"
45.547,left_hand,og,acc,169330,"{""seq"":2211,""x_mg"":392,""y_mg"":-176,""z_mg"":900}"
45.547,left_hand,og,tilt,,"{""roll_deg"":-2.9,""pitch_deg"":4.9,""steady"":true}"
45.547,left_hand,og,acc,169350,"{""seq"":2212,""x_mg"":408,""y_mg"":-160,""z_mg"":888}"
45.547,left_hand,og,tilt,,"{""roll_deg"":-3.0,""pitch_deg"":4.9,""steady"":true}"
45.563,left_hand,og,acc,169371,"{""seq"":2213,""x_mg"":412,""y_mg"":-168,""z_mg"":876}"
45.563,left_hand,og,tilt,,"{""roll_deg"":-3.2,""pitch_deg"":4.9,""steady"":true}"
45.594,left_hand,og,acc,169391,"{""seq"":2214,""x_mg"":408,""y_mg"":-156,""z_mg"":892}"
45.594,left_hand,og,tilt,,"{""roll_deg"":-3.3,""pitch_deg"":5.0,""steady"":true}"
45.625,left_hand,og,acc,169412,"{""seq"":2215,""x_mg"":404,""y_mg"":-156,""z_mg"":888}"
45.625,left_hand,og,tilt,,"{""roll_deg"":-3.4,""pitch_deg"":5.0,""steady"":true}"
45.625,left_hand,og,acc,169433,"{""seq"":2216,""x_mg"":404,""y_mg"":-148,""z_mg"":872}"
45.625,left_hand,og,tilt,,"{""roll_deg"":-3.5,""pitch_deg"":5.1,""steady"":true}"
45.657,left_hand,og,acc,169453,"{""seq"":2217,""x_mg"":404,""y_mg"":-152,""z_mg"":876}"
45.657,left_hand,og,tilt,,"{""roll_deg"":-3.5,""pitch_deg"":5.2,""steady"":true}"
45.688,left_hand,og,acc,169474,"{""seq"":2218,""x_mg"":400,""y_mg"":-140,""z_mg"":884}"
45.688,left_hand,og,tilt,,"{""roll_deg"":-3.6,""pitch_deg"":5.2,""steady"":true}"
45.688,left_hand,og,acc,169494,"{""seq"":2219,""x_mg"":392,""y_mg"":-144,""z_mg"":888}"
45.688,left_hand,og,tilt,,"{""roll_deg"":-3.6,""pitch_deg"":5.2,""steady"":true}"
45.719,left_hand,og,acc,169515,"{""seq"":2220,""x_mg"":412,""y_mg"":-148,""z_mg"":892}"
45.719,left_hand,og,tilt,,"{""roll_deg"":-3.5,""pitch_deg"":5.3,""steady"":true}"
45.750,left_hand,og,acc,169535,"{""seq"":2221,""x_mg"":408,""y_mg"":-156,""z_mg"":888}"
45.750,left_hand,og,tilt,,"{""roll_deg"":-3.5,""pitch_deg"":5.3,""steady"":true}"
45.750,left_hand,og,acc,169556,"{""seq"":2222,""x_mg"":408,""y_mg"":-148,""z_mg"":880}"
45.750,left_hand,og,tilt,,"{""roll_deg"":-3.5,""pitch_deg"":5.3,""steady"":true}"
45.782,left_hand,og,acc,169577,"{""seq"":2223,""x_mg"":400,""y_mg"":-140,""z_mg"":880}"
45.782,left_hand,og,tilt,,"{""roll_deg"":-3.5,""pitch_deg"":5.4,""steady"":true}"
45.797,left_hand,og,acc,169597,"{""seq"":2224,""x_mg"":408,""y_mg"":-168,""z_mg"":908}"
45.797,left_hand,og,tilt,,"{""roll_deg"":-3.5,""pitch_deg"":5.4,""steady"":true}"
45.828,left_hand,og,acc,169618,"{""seq"":2225,""x_mg"":416,""y_mg"":-168,""z_mg"":900}"
45.828,left_hand,og,tilt,,"{""roll_deg"":-3.6,""pitch_deg"":5.4,""steady"":true}"
45.828,left_hand,og,acc,169638,"{""seq"":2226,""x_mg"":420,""y_mg"":-164,""z_mg"":896}"
45.828,left_hand,og,tilt,,"{""roll_deg"":-3.7,""pitch_deg"":5.5,""steady"":true}"
45.860,left_hand,og,acc,169659,"{""seq"":2227,""x_mg"":416,""y_mg"":-152,""z_mg"":892}"
45.860,left_hand,og,tilt,,"{""roll_deg"":-3.7,""pitch_deg"":5.5,""steady"":true}"
45.891,left_hand,og,acc,169679,"{""seq"":2228,""x_mg"":420,""y_mg"":-160,""z_mg"":892}"
45.891,left_hand,og,tilt,,"{""roll_deg"":-3.8,""pitch_deg"":5.5,""steady"":true}"
45.891,left_hand,og,acc,169700,"{""seq"":2229,""x_mg"":420,""y_mg"":-168,""z_mg"":884}"
45.891,left_hand,og,tilt,,"{""roll_deg"":-3.9,""pitch_deg"":5.6,""steady"":true}"
45.922,left_hand,og,acc,169721,"{""seq"":2230,""x_mg"":412,""y_mg"":-164,""z_mg"":892}"
45.922,left_hand,og,tilt,,"{""roll_deg"":-3.9,""pitch_deg"":5.7,""steady"":true}"
45.953,left_hand,og,acc,169741,"{""seq"":2231,""x_mg"":416,""y_mg"":-160,""z_mg"":892}"
45.953,left_hand,og,tilt,,"{""roll_deg"":-4.0,""pitch_deg"":5.7,""steady"":true}"
45.953,left_hand,og,acc,169762,"{""seq"":2232,""x_mg"":412,""y_mg"":-156,""z_mg"":888}"
45.953,left_hand,og,tilt,,"{""roll_deg"":-4.0,""pitch_deg"":5.7,""steady"":true}"
45.969,left_hand,og,acc,169782,"{""seq"":2233,""x_mg"":416,""y_mg"":-152,""z_mg"":892}"
45.969,left_hand,og,tilt,,"{""roll_deg"":-4.0,""pitch_deg"":5.7,""steady"":true}"
46.000,left_hand,og,acc,169803,"{""seq"":2234,""x_mg"":420,""y_mg"":-144,""z_mg"":896}"
46.000,left_hand,og,tilt,,"{""roll_deg"":-4.0,""pitch_deg"":5.8,""steady"":true}"
46.032,left_hand,og,acc,169823,"{""seq"":2235,""x_mg"":412,""y_mg"":-140,""z_mg"":896}"
46.032,left_hand,og,tilt,,"{""roll_deg"":-4.0,""pitch_deg"":5.8,""steady"":true}"
46.063,left_hand,og,acc,169844,"{""seq"":2236,""x_mg"":424,""y_mg"":-144,""z_mg"":892}"
46.063,left_hand,og,tilt,,"{""roll_deg"":-3.9,""pitch_deg"":5.8,""steady"":true}"
46.063,left_hand,og,acc,169865,"{""seq"":2237,""x_mg"":420,""y_mg"":-160,""z_mg"":884}"
46.063,left_hand,og,tilt,,"{""roll_deg"":-3.8,""pitch_deg"":5.8,""steady"":true}"
46.094,left_hand,og,acc,169885,"{""seq"":2238,""x_mg"":424,""y_mg"":-140,""z_mg"":892}"
46.094,left_hand,og,tilt,,"{""roll_deg"":-3.7,""pitch_deg"":5.9,""steady"":true}"
46.094,left_hand,og,acc,169906,"{""seq"":2239,""x_mg"":424,""y_mg"":-144,""z_mg"":892}"
46.094,left_hand,og,tilt,,"{""roll_deg"":-3.6,""pitch_deg"":5.9,""steady"":true}"
46.125,left_hand,og,acc,169926,"{""seq"":2240,""x_mg"":420,""y_mg"":-140,""z_mg"":900}"
46.125,left_hand,og,tilt,,"{""roll_deg"":-3.6,""pitch_deg"":6.0,""steady"":true}"
46.157,left_hand,og,acc,169947,"{""seq"":2241,""x_mg"":428,""y_mg"":-148,""z_mg"":892}"
46.157,left_hand,og,tilt,,"{""roll_deg"":-3.5,""pitch_deg"":6.0,""steady"":true}"
46.157,left_hand,og,acc,169967,"{""seq"":2242,""x_mg"":420,""y_mg"":-168,""z_mg"":884}"
46.157,left_hand,og,tilt,,"{""roll_deg"":-3.5,""pitch_deg"":6.1,""steady"":true}"
46.188,left_hand,og,acc,169988,"{""seq"":2243,""x_mg"":420,""y_mg"":-140,""z_mg"":896}"
46.188,left_hand,og,tilt,,"{""roll_deg"":-3.4,""pitch_deg"":6.1,""steady"":true}"
46.219,left_hand,og,acc,170008,"{""seq"":2244,""x_mg"":420,""y_mg"":-148,""z_mg"":896}"
46.219,left_hand,og,tilt,,"{""roll_deg"":-3.4,""pitch_deg"":6.1,""steady"":true}"
46.250,left_hand,og,acc,170029,"{""seq"":2245,""x_mg"":420,""y_mg"":-168,""z_mg"":896}"
46.250,left_hand,og,tilt,,"{""roll_deg"":-3.4,""pitch_deg"":6.1,""steady"":true}"
46.250,left_hand,og,acc,170050,"{""seq"":2246,""x_mg"":432,""y_mg"":-160,""z_mg"":888}"
46.250,left_hand,og,tilt,,"{""roll_deg"":-3.5,""pitch_deg"":6.1,""steady"":true}"
46.282,left_hand,og,acc,170070,"{""seq"":2247,""x_mg"":432,""y_mg"":-152,""z_mg"":884}"
46.282,left_hand,og,tilt,,"{""roll_deg"":-3.5,""pitch_deg"":6.1,""steady"":true}"
46.313,left_hand,og,acc,170091,"{""seq"":2248,""x_mg"":424,""y_mg"":-140,""z_mg"":884}"
46.313,left_hand,og,tilt,,"{""roll_deg"":-3.6,""pitch_deg"":6.1,""steady"":true}"
46.313,left_hand,og,acc,170111,"{""seq"":2249,""x_mg"":416,""y_mg"":-136,""z_mg"":900}"
46.313,left_hand,og,tilt,,"{""roll_deg"":-3.6,""pitch_deg"":6.2,""steady"":true}"
46.344,left_hand,og,acc,170132,"{""seq"":2250,""x_mg"":424,""y_mg"":-144,""z_mg"":912}"
46.344,left_hand,og,tilt,,"{""roll_deg"":-3.5,""pitch_deg"":6.2,""steady"":true}"
46.375,left_hand,og,acc,170152,"{""seq"":2251,""x_mg"":424,""y_mg"":-152,""z_mg"":904}"
46.375,left_hand,og,tilt,,"{""roll_deg"":-3.4,""pitch_deg"":6.2,""steady"":true}"
46.375,left_hand,og,acc,170173,"{""seq"":2252,""x_mg"":416,""y_mg"":-156,""z_mg"":896}"
46.375,left_hand,og,tilt,,"{""roll_deg"":-3.4,""pitch_deg"":6.2,""steady"":true}"
46.391,left_hand,og,acc,170194,"{""seq"":2253,""x_mg"":416,""y_mg"":-152,""z_mg"":900}"
46.391,left_hand,og,tilt,,"{""roll_deg"":-3.4,""pitch_deg"":6.1,""steady"":true}"
46.422,left_hand,og,acc,170214,"{""seq"":2254,""x_mg"":432,""y_mg"":-148,""z_mg"":892}"
46.422,left_hand,og,tremor,,"{""rms_mg"":16.1,""peak_hz"":9.7}"
46.422,left_hand,og,tilt,,"{""roll_deg"":-3.4,""pitch_deg"":6.1,""steady"":true}"
46.453,left_hand,og,acc,170235,"{""seq"":2255,""x_mg"":432,""y_mg"":-168,""z_mg"":900}"
46.453,left_hand,og,tilt,,"{""roll_deg"":-3.4,""pitch_deg"":6.1,""steady"":true}"
46.453,left_hand,og,acc,170255,"{""seq"":2256,""x_mg"":428,""y_mg"":-160,""z_mg"":888}"
46.453,left_hand,og,tilt,,"{""roll_deg"":-3.5,""pitch_deg"":6.1,""steady"":true}"
46.485,left_hand,og,acc,170276,"{""seq"":2257,""x_mg"":424,""y_mg"":-156,""z_mg"":888}"
46.485,left_hand,og,tilt,,"{""roll_deg"":-3.5,""pitch_deg"":6.2,""steady"":true}"
46.516,left_hand,og,acc,170296,"{""seq"":2258,""x_mg"":424,""y_mg"":-152,""z_mg"":896}"
46.516,left_hand,og,tilt,,"{""roll_deg"":-3.6,""pitch_deg"":6.2,""steady"":true}"
46.516,left_hand,og,acc,170317,"{""seq"":2259,""x_mg"":424,""y_mg"":-148,""z_mg"":884}"
46.516,left_hand,og,tilt,,"{""roll_deg"":-3.6,""pitch_deg"":6.3,""steady"":true}"
46.547,left_hand,og,acc,170337,"{""seq"":2260,""x_mg"":428,""y_mg"":-172,""z_mg"":888}"
46.547,left_hand,og,tilt,,"{""roll_deg"":-3.7,""pitch_deg"":6.3,""steady"":true}"
46.578,left_hand,og,acc,170358,"{""seq"":2261,""x_mg"":440,""y_mg"":-172,""z_mg"":884}"
46.578,left_hand,og,tilt,,"{""roll_deg"":-3.7,""pitch_deg"":6.3,""steady"":true}"
46.578,left_hand,og,acc,170379,"{""seq"":2262,""x_mg"":436,""y_mg"":-152,""z_mg"":888}"
46.578,left_hand,og,tilt,,"{""roll_deg"":-3.7,""pitch_deg"":6.4,""steady"":true}"
46.610,left_hand,og,acc,170399,"{""seq"":2263,""x_mg"":424,""y_mg"":-128,""z_mg"":888}"
46.610,left_hand,og,tilt,,"{""roll_deg"":-3.7,""pitch_deg"":6.4,""steady"":true}"
46.625,left_hand,og,acc,170420,"{""seq"":2264,""x_mg"":428,""y_mg"":-124,""z_mg"":876}"
46.625,left_hand,og,tilt,,"{""roll_deg"":-3.7,""pitch_deg"":6.5,""steady"":true}"
46.657,left_hand,og,acc,170440,"{""seq"":2265,""x_mg"":432,""y_mg"":-160,""z_mg"":872}"
46.657,left_hand,og,tilt,,"{""roll_deg"":-3.7,""pitch_deg"":6.5,""steady"":true}"
46.657,left_hand,og,acc,170461,"{""seq"":2266,""x_mg"":428,""y_mg"":-140,""z_mg"":892}"
46.657,left_hand,og,tilt,,"{""roll_deg"":-3.6,""pitch_deg"":6.6,""steady"":true}"
46.688,left_hand,og,acc,170481,"{""seq"":2267,""x_mg"":424,""y_mg"":-140,""z_mg"":892}"
46.688,left_hand,og,tilt,,"{""roll_deg"":-3.5,""pitch_deg"":6.6,""steady"":true}"
46.719,left_hand,og,acc,170502,"{""seq"":2268,""x_mg"":420,""y_mg"":-144,""z_mg"":880}"
46.719,left_hand,og,tilt,,"{""roll_deg"":-3.4,""pitch_deg"":6.6,""steady"":true}"
46.719,left_hand,og,acc,170523,"{""seq"":2269,""x_mg"":424,""y_mg"":-132,""z_mg"":868}"
46.719,left_hand,og,tilt,,"{""roll_deg"":-3.4,""pitch_deg"":6.6,""steady"":true}"
46.750,left_hand,og,acc,170543,"{""seq"":2270,""x_mg"":420,""y_mg"":-136,""z_mg"":884}"
46.750,left_hand,og,tilt,,"{""roll_deg"":-3.3,""pitch_deg"":6.6,""steady"":true}"
46.782,left_hand,og,acc,170564,"{""seq"":2271,""x_mg"":432,""y_mg"":-172,""z_mg"":880}"
46.782,left_hand,og,tilt,,"{""roll_deg"":-3.3,""pitch_deg"":6.5,""steady"":true}"
46.782,left_hand,og,acc,170584,"{""seq"":2272,""x_mg"":432,""y_mg"":-160,""z_mg"":900}"
46.782,left_hand,og,tilt,,"{""roll_deg"":-3.3,""pitch_deg"":6.5,""steady"":true}"
46.813,left_hand,og,acc,170605,"{""seq"":2273,""x_mg"":436,""y_mg"":-148,""z_mg"":896}"
46.813,left_hand,og,tilt,,"{""roll_deg"":-3.3,""pitch_deg"":6.6,""steady"":true}"
46.828,left_hand,og,acc,170625,"{""seq"":2274,""x_mg"":424,""y_mg"":-152,""z_mg"":888}"
46.828,left_hand,og,tilt,,"{""roll_deg"":-3.3,""pitch_deg"":6.6,""steady"":true}"
46.860,left_hand,og,acc,170646,"{""seq"":2275,""x_mg"":428,""y_mg"":-152,""z_mg"":888}"
46.860,left_hand,og,tilt,,"{""roll_deg"":-3.4,""pitch_deg"":6.6,""steady"":true}"
46.860,left_hand,og,acc,170667,"{""seq"":2276,""x_mg"":424,""y_mg"":-136,""z_mg"":896}"
46.860,left_hand,og,tilt,,"{""roll_deg"":-3.4,""pitch_deg"":6.6,""steady"":true}"
46.891,left_hand,og,acc,170687,"{""seq"":2277,""x_mg"":440,""y_mg"":-156,""z_mg"":892}"
46.891,left_hand,og,tilt,,"{""roll_deg"":-3.4,""pitch_deg"":6.6,""steady"":true}"
46.938,left_hand,og,acc,170708,"{""seq"":2278,""x_mg"":424,""y_mg"":-168,""z_mg"":904}"
46.938,left_hand,og,tilt,,"{""roll_deg"":-3.5,""pitch_deg"":6.6,""steady"":true}"
46.938,left_hand,og,acc,170728,"{""seq"":2279,""x_mg"":428,""y_mg"":-148,""z_mg"":896}"
46.938,left_hand,og,tilt,,"{""roll_deg"":-3.5,""pitch_deg"":6.6,""steady"":true}"
46.969,left_hand,og,acc,170749,"{""seq"":2280,""x_mg"":428,""y_mg"":-136,""z_mg"":908}"
46.969,left_hand,og,tilt,,"{""roll_deg"":-3.5,""pitch_deg"":6.5,""steady"":true}"
47.000,left_hand,og,acc,170769,"{""seq"":2281,""x_mg"":424,""y_mg"":-152,""z_mg"":876}"
47.000,left_hand,og,tilt,,"{""roll_deg"":-3.5,""pitch_deg"":6.5,""steady"":true}"
47.000,left_hand,og,acc,170790,"{""seq"":2282,""x_mg"":432,""y_mg"":-152,""z_mg"":888}"
47.000,left_hand,og,tilt,,"{""roll_deg"":-3.5,""pitch_deg"":6.5,""steady"":true}"
47.016,left_hand,og,acc,170811,"{""seq"":2283,""x_mg"":428,""y_mg"":-156,""z_mg"":900}"
47.016,left_hand,og,tilt,,"{""roll_deg"":-3.6,""pitch_deg"":6.5,""steady"":true}"
47.047,left_hand,og,acc,170831,"{""seq"":2284,""x_mg"":436,""y_mg"":-160,""z_mg"":892}"
47.047,left_hand,og,tilt,,"{""roll_deg"":-3.6,""pitch_deg"":6.5,""steady"":true}"
47.078,left_hand,og,acc,170852,"{""seq"":2285,""x_mg"":432,""y_mg"":-160,""z_mg"":892}"
47.078,left_hand,og,tilt,,"{""roll_deg"":-3.6,""pitch_deg"":6.6,""steady"":true}"
47.078,left_hand,og,acc,170872,"{""seq"":2286,""x_mg"":428,""y_mg"":-148,""z_mg"":888}"
47.078,left_hand,og,tilt,,"{""roll_deg"":-3.6,""pitch_deg"":6.6,""steady"":true}"
47.110,left_hand,og,acc,170893,"{""seq"":2287,""x_mg"":436,""y_mg"":-140,""z_mg"":880}"
47.110,left_hand,og,tilt,,"{""roll_deg"":-3.7,""pitch_deg"":6.6,""steady"":true}"
47.141,left_hand,og,acc,170913,"{""seq"":2288,""x_mg"":432,""y_mg"":-148,""z_mg"":884}"
47.141,left_hand,og,tilt,,"{""roll_deg"":-3.6,""pitch_deg"":6.6,""steady"":true}"
47.141,left_hand,og,acc,170934,"{""seq"":2289,""x_mg"":428,""y_mg"":-172,""z_mg"":888}"
47.141,left_hand,og,tilt,,"{""roll_deg"":-3.6,""pitch_deg"":6.7,""steady"":true}"
47.172,left_hand,og,acc,170955,"{""seq"":2290,""x_mg"":436,""y_mg"":-152,""z_mg"":884}"
47.172,left_hand,og,tilt,,"{""roll_deg"":-3.6,""pitch_deg"":6.7,""steady"":true}"
47.172,left_hand,og,acc,170975,"{""seq"":2291,""x_mg"":428,""y_mg"":-144,""z_mg"":888}"
47.172,left_hand,og,tilt,,"{""roll_deg"":-3.6,""pitch_deg"":6.7,""steady"":true}"
47.203,left_hand,og,acc,170996,"{""seq"":2292,""x_mg"":428,""y_mg"":-152,""z_mg"":896}"
47.203,left_hand,og,tilt,,"{""roll_deg"":-3.6,""pitch_deg"":6.7,""steady"":true}"
47.219,left_hand,og,acc,171016,"{""seq"":2293,""x_mg"":432,""y_mg"":-152,""z_mg"":892}"
47.219,left_hand,og,tilt,,"{""roll_deg"":-3.6,""pitch_deg"":6.7,""steady"":true}"
47.250,left_hand,og,acc,171037,"{""seq"":2294,""x_mg"":440,""y_mg"":-168,""z_mg"":892}"
47.250,left_hand,og,tilt,,"{""roll_deg"":-3.6,""pitch_deg"":6.7,""steady"":true}"
47.250,left_hand,og,acc,171057,"{""seq"":2295,""x_mg"":436,""y_mg"":-160,""z_mg"":888}"
47.250,left_hand,og,tilt,,"{""roll_deg"":-3.6,""pitch_deg"":6.7,""steady"":true}"
47.266,,game,hold_complete,,"{""tx"":-2,""ty"":7,""mean_dist_deg"":1.97,""tolerance"":3.0}"
47.282,left_hand,og,acc,171078,"{""seq"":2296,""x_mg"":432,""y_mg"":-144,""z_mg"":880}"
47.282,left_hand,og,tilt,,"{""roll_deg"":-3.6,""pitch_deg"":6.8,""steady"":true}"
47.313,left_hand,og,acc,171099,"{""seq"":2297,""x_mg"":428,""y_mg"":-136,""z_mg"":876}"
47.313,left_hand,og,tilt,,"{""roll_deg"":-3.6,""pitch_deg"":6.8,""steady"":true}"
47.313,left_hand,og,acc,171119,"{""seq"":2298,""x_mg"":428,""y_mg"":-144,""z_mg"":876}"
47.313,left_hand,og,tilt,,"{""roll_deg"":-3.6,""pitch_deg"":6.8,""steady"":true}"
47.344,left_hand,og,acc,171140,"{""seq"":2299,""x_mg"":440,""y_mg"":-156,""z_mg"":876}"
47.344,left_hand,og,tilt,,"{""roll_deg"":-3.6,""pitch_deg"":6.9,""steady"":true}"
47.375,left_hand,og,acc,171160,"{""seq"":2300,""x_mg"":432,""y_mg"":-168,""z_mg"":880}"
47.375,left_hand,og,tilt,,"{""roll_deg"":-3.5,""pitch_deg"":6.9,""steady"":true}"
47.375,left_hand,og,acc,171181,"{""seq"":2301,""x_mg"":436,""y_mg"":-156,""z_mg"":880}"
47.375,left_hand,og,tilt,,"{""roll_deg"":-3.6,""pitch_deg"":6.9,""steady"":true}"
47.407,left_hand,og,acc,171201,"{""seq"":2302,""x_mg"":440,""y_mg"":-156,""z_mg"":884}"
47.407,left_hand,og,tilt,,"{""roll_deg"":-3.6,""pitch_deg"":6.9,""steady"":true}"
47.422,left_hand,og,acc,171222,"{""seq"":2303,""x_mg"":432,""y_mg"":-148,""z_mg"":884}"
47.422,left_hand,og,tilt,,"{""roll_deg"":-3.7,""pitch_deg"":7.0,""steady"":true}"
47.438,left_hand,og,acc,171242,"{""seq"":2304,""x_mg"":444,""y_mg"":-152,""z_mg"":884}"
47.438,left_hand,og,tilt,,"{""roll_deg"":-3.7,""pitch_deg"":7.0,""steady"":true}"
47.453,left_hand,og,acc,171263,"{""seq"":2305,""x_mg"":436,""y_mg"":-160,""z_mg"":876}"
47.453,left_hand,og,tilt,,"{""roll_deg"":-3.8,""pitch_deg"":7.1,""steady"":true}"
47.485,left_hand,og,acc,171284,"{""seq"":2306,""x_mg"":420,""y_mg"":-156,""z_mg"":888}"
47.485,left_hand,og,tilt,,"{""roll_deg"":-3.8,""pitch_deg"":7.1,""steady"":true}"
47.532,left_hand,og,acc,171304,"{""seq"":2307,""x_mg"":432,""y_mg"":-152,""z_mg"":888}"
47.532,left_hand,og,tilt,,"{""roll_deg"":-3.8,""pitch_deg"":7.1,""steady"":true}"
47.532,left_hand,og,acc,171325,"{""seq"":2308,""x_mg"":420,""y_mg"":-148,""z_mg"":884}"
47.532,left_hand,og,tilt,,"{""roll_deg"":-3.8,""pitch_deg"":7.1,""steady"":true}"
47.563,left_hand,og,acc,171345,"{""seq"":2309,""x_mg"":412,""y_mg"":-152,""z_mg"":880}"
47.563,left_hand,og,tilt,,"{""roll_deg"":-3.8,""pitch_deg"":7.0,""steady"":true}"
47.594,left_hand,og,acc,171366,"{""seq"":2310,""x_mg"":420,""y_mg"":-160,""z_mg"":880}"
47.594,left_hand,og,tilt,,"{""roll_deg"":-3.8,""pitch_deg"":6.9,""steady"":true}"
47.594,left_hand,og,acc,171386,"{""seq"":2311,""x_mg"":412,""y_mg"":-180,""z_mg"":880}"
47.594,left_hand,og,tilt,,"{""roll_deg"":-3.8,""pitch_deg"":6.8,""steady"":true}"
47.625,left_hand,og,acc,171407,"{""seq"":2312,""x_mg"":412,""y_mg"":-156,""z_mg"":876}"
47.625,left_hand,og,tilt,,"{""roll_deg"":-3.8,""pitch_deg"":6.7,""steady"":true}"
47.641,left_hand,og,acc,171428,"{""seq"":2313,""x_mg"":412,""y_mg"":-156,""z_mg"":876}"
47.641,left_hand,og,tilt,,"{""roll_deg"":-3.8,""pitch_deg"":6.7,""steady"":true}"
47.641,left_hand,og,acc,171448,"{""seq"":2314,""x_mg"":420,""y_mg"":-160,""z_mg"":876}"
47.641,left_hand,og,tilt,,"{""roll_deg"":-3.9,""pitch_deg"":6.6,""steady"":true}"
47.672,left_hand,og,acc,171469,"{""seq"":2315,""x_mg"":428,""y_mg"":-160,""z_mg"":880}"
47.672,left_hand,og,tilt,,"{""roll_deg"":-3.9,""pitch_deg"":6.5,""steady"":true}"
47.703,left_hand,og,acc,171489,"{""seq"":2316,""x_mg"":428,""y_mg"":-152,""z_mg"":876}"
47.703,left_hand,og,tilt,,"{""roll_deg"":-4.0,""pitch_deg"":6.5,""steady"":true}"
47.735,left_hand,og,acc,171510,"{""seq"":2317,""x_mg"":432,""y_mg"":-152,""z_mg"":884}"
47.735,left_hand,og,tilt,,"{""roll_deg"":-4.0,""pitch_deg"":6.6,""steady"":true}"
47.735,left_hand,og,acc,171530,"{""seq"":2318,""x_mg"":440,""y_mg"":-152,""z_mg"":872}"
47.735,left_hand,og,tilt,,"{""roll_deg"":-4.0,""pitch_deg"":6.6,""steady"":true}"
47.766,left_hand,og,acc,171551,"{""seq"":2319,""x_mg"":452,""y_mg"":-148,""z_mg"":888}"
47.766,left_hand,og,tilt,,"{""roll_deg"":-3.9,""pitch_deg"":6.7,""steady"":true}"
47.766,left_hand,og,acc,171572,"{""seq"":2320,""x_mg"":456,""y_mg"":-148,""z_mg"":904}"
47.766,left_hand,og,tilt,,"{""roll_deg"":-3.9,""pitch_deg"":6.8,""steady"":true}"
47.797,left_hand,og,acc,171592,"{""seq"":2321,""x_mg"":448,""y_mg"":-136,""z_mg"":904}"
47.797,left_hand,og,tilt,,"{""roll_deg"":-3.9,""pitch_deg"":6.9,""steady"":true}"
47.828,left_hand,og,acc,171613,"{""seq"":2322,""x_mg"":448,""y_mg"":-140,""z_mg"":892}"
47.828,left_hand,og,tilt,,"{""roll_deg"":-3.8,""pitch_deg"":7.0,""steady"":true}"
47.828,left_hand,og,acc,171633,"{""seq"":2323,""x_mg"":432,""y_mg"":-144,""z_mg"":908}"
47.828,left_hand,og,tilt,,"{""roll_deg"":-3.7,""pitch_deg"":7.1,""steady"":true}"
47.860,left_hand,og,acc,171654,"{""seq"":2324,""x_mg"":444,""y_mg"":-140,""z_mg"":900}"
47.860,left_hand,og,tilt,,"{""roll_deg"":-3.6,""pitch_deg"":7.1,""steady"":true}"
47.875,left_hand,og,acc,171674,"{""seq"":2325,""x_mg"":444,""y_mg"":-144,""z_mg"":896}"
47.875,left_hand,og,tilt,,"{""roll_deg"":-3.5,""pitch_deg"":7.1,""steady"":true}"
47.907,left_hand,og,acc,171695,"{""seq"":2326,""x_mg"":452,""y_mg"":-148,""z_mg"":880}"
47.907,left_hand,og,tilt,,"{""roll_deg"":-3.5,""pitch_deg"":7.1,""steady"":true}"
47.938,left_hand,og,acc,171715,"{""seq"":2327,""x_mg"":432,""y_mg"":-132,""z_mg"":876}"
47.938,left_hand,og,tilt,,"{""roll_deg"":-3.4,""pitch_deg"":7.1,""steady"":true}"
47.938,left_hand,og,acc,171736,"{""seq"":2328,""x_mg"":412,""y_mg"":-116,""z_mg"":876}"
47.938,left_hand,og,tilt,,"{""roll_deg"":-3.3,""pitch_deg"":7.1,""steady"":true}"
47.969,left_hand,og,acc,171757,"{""seq"":2329,""x_mg"":416,""y_mg"":-144,""z_mg"":892}"
47.969,left_hand,og,tilt,,"{""roll_deg"":-3.3,""pitch_deg"":7.1,""steady"":true}"
47.969,left_hand,og,acc,171777,"{""seq"":2330,""x_mg"":416,""y_mg"":-152,""z_mg"":896}"
47.969,left_hand,og,tilt,,"{""roll_deg"":-3.3,""pitch_deg"":7.0,""steady"":true}"
48.000,left_hand,og,acc,171798,"{""seq"":2331,""x_mg"":416,""y_mg"":-128,""z_mg"":876}"
48.000,left_hand,og,tilt,,"{""roll_deg"":-3.2,""pitch_deg"":6.9,""steady"":true}"
48.032,left_hand,og,acc,171818,"{""seq"":2332,""x_mg"":416,""y_mg"":-120,""z_mg"":880}"
48.032,left_hand,og,tilt,,"{""roll_deg"":-3.1,""pitch_deg"":6.8,""steady"":true}"
48.032,left_hand,og,acc,171839,"{""seq"":2333,""x_mg"":428,""y_mg"":-140,""z_mg"":872}"
48.032,left_hand,og,tilt,,"{""roll_deg"":-3.1,""pitch_deg"":6.7,""steady"":true}"
48.047,left_hand,og,acc,171859,"{""seq"":2334,""x_mg"":428,""y_mg"":-108,""z_mg"":892}"
48.047,left_hand,og,tilt,,"{""roll_deg"":-3.0,""pitch_deg"":6.7,""steady"":true}"
48.078,left_hand,og,acc,171880,"{""seq"":2335,""x_mg"":428,""y_mg"":-88,""z_mg"":896}"
48.078,left_hand,og,tilt,,"{""roll_deg"":-2.8,""pitch_deg"":6.7,""steady"":true}"
48.110,left_hand,og,acc,171901,"{""seq"":2336,""x_mg"":436,""y_mg"":-56,""z_mg"":900}"
48.110,left_hand,og,tilt,,"{""roll_deg"":-2.6,""pitch_deg"":6.6,""steady"":true}"
48.110,left_hand,og,acc,171921,"{""seq"":2337,""x_mg"":428,""y_mg"":-16,""z_mg"":896}"
48.110,left_hand,og,tilt,,"{""roll_deg"":-2.2,""pitch_deg"":6.6,""steady"":true}"
48.141,left_hand,og,acc,171942,"{""seq"":2338,""x_mg"":432,""y_mg"":12,""z_mg"":904}"
48.141,left_hand,og,tilt,,"{""roll_deg"":-1.7,""pitch_deg"":6.6,""steady"":true}"
48.172,left_hand,og,acc,171962,"{""seq"":2339,""x_mg"":432,""y_mg"":12,""z_mg"":912}"
48.172,left_hand,og,tilt,,"{""roll_deg"":-0.9,""pitch_deg"":6.6,""steady"":true}"
48.172,left_hand,og,acc,171983,"{""seq"":2340,""x_mg"":428,""y_mg"":-28,""z_mg"":936}"
48.172,left_hand,og,tilt,,"{""roll_deg"":-0.2,""pitch_deg"":6.6,""steady"":true}"
48.203,left_hand,og,acc,172003,"{""seq"":2341,""x_mg"":460,""y_mg"":-148,""z_mg"":920}"
48.203,left_hand,og,tilt,,"{""roll_deg"":0.4,""pitch_deg"":6.6,""steady"":true}"
48.235,left_hand,og,acc,172024,"{""seq"":2342,""x_mg"":432,""y_mg"":-64,""z_mg"":920}"
48.235,left_hand,og,tilt,,"{""roll_deg"":0.9,""pitch_deg"":6.5,""steady"":true}"
48.235,left_hand,og,acc,172045,"{""seq"":2343,""x_mg"":408,""y_mg"":100,""z_mg"":912}"
48.235,left_hand,og,tilt,,"{""roll_deg"":1.3,""pitch_deg"":6.5,""steady"":true}"
48.266,left_hand,og,acc,172065,"{""seq"":2344,""x_mg"":408,""y_mg"":148,""z_mg"":908}"
48.266,left_hand,og,tilt,,"{""roll_deg"":1.7,""pitch_deg"":6.4,""steady"":true}"
48.297,left_hand,og,acc,172086,"{""seq"":2345,""x_mg"":404,""y_mg"":104,""z_mg"":904}"
48.297,left_hand,og,tilt,,"{""roll_deg"":2.9,""pitch_deg"":6.2,""steady"":true}"
48.328,left_hand,og,acc,172106,"{""seq"":2346,""x_mg"":412,""y_mg"":0,""z_mg"":912}"
48.328,left_hand,og,tilt,,"{""roll_deg"":4.1,""pitch_deg"":6.1,""steady"":true}"
48.328,left_hand,og,acc,172127,"{""seq"":2347,""x_mg"":436,""y_mg"":-48,""z_mg"":912}"
48.328,left_hand,og,tilt,,"{""roll_deg"":5.1,""pitch_deg"":6.0,""steady"":true}"
48.360,left_hand,og,acc,172147,"{""seq"":2348,""x_mg"":424,""y_mg"":-8,""z_mg"":904}"
48.360,left_hand,og,tilt,,"{""roll_deg"":5.2,""pitch_deg"":5.9,""steady"":true}"
48.391,left_hand,og,acc,172168,"{""seq"":2349,""x_mg"":420,""y_mg"":48,""z_mg"":904}"
48.391,left_hand,og,tilt,,"{""roll_deg"":5.3,""pitch_deg"":5.9,""steady"":true}"
48.391,left_hand,og,acc,172189,"{""seq"":2350,""x_mg"":400,""y_mg"":64,""z_mg"":896}"
48.391,left_hand,og,tilt,,"{""roll_deg"":5.4,""pitch_deg"":5.9,""steady"":true}"
48.422,left_hand,og,acc,172209,"{""seq"":2351,""x_mg"":408,""y_mg"":40,""z_mg"":900}"
48.422,left_hand,og,tilt,,"{""roll_deg"":5.7,""pitch_deg"":5.9,""steady"":true}"
48.453,left_hand,og,acc,172230,"{""seq"":2352,""x_mg"":404,""y_mg"":44,""z_mg"":912}"
48.453,left_hand,og,tremor,,"{""rms_mg"":15.5,""peak_hz"":8.0}"
48.453,left_hand,og,tilt,,"{""roll_deg"":6.1,""pitch_deg"":5.8,""steady"":true}"
48.453,left_hand,og,acc,172250,"{""seq"":2353,""x_mg"":408,""y_mg"":16,""z_mg"":912}"
48.453,left_hand,og,tilt,,"{""roll_deg"":6.4,""pitch_deg"":5.7,""steady"":true}"
48.485,left_hand,og,acc,172271,"{""seq"":2354,""x_mg"":420,""y_mg"":12,""z_mg"":896}"
48.485,left_hand,og,tilt,,"{""roll_deg"":6.7,""pitch_deg"":5.6,""steady"":true}"
48.500,left_hand,og,acc,172291,"{""seq"":2355,""x_mg"":416,""y_mg"":12,""z_mg"":896}"
48.500,left_hand,og,tilt,,"{""roll_deg"":6.7,""pitch_deg"":5.6,""steady"":true}"
48.532,left_hand,og,acc,172312,"{""seq"":2356,""x_mg"":424,""y_mg"":12,""z_mg"":916}"
48.532,left_hand,og,tilt,,"{""roll_deg"":6.7,""pitch_deg"":5.6,""steady"":true}"
48.532,left_hand,og,acc,172332,"{""seq"":2357,""x_mg"":416,""y_mg"":20,""z_mg"":904}"
48.532,left_hand,og,tilt,,"{""roll_deg"":6.7,""pitch_deg"":5.6,""steady"":true}"
48.563,left_hand,og,acc,172353,"{""seq"":2358,""x_mg"":420,""y_mg"":16,""z_mg"":912}"
48.563,left_hand,og,tilt,,"{""roll_deg"":6.7,""pitch_deg"":5.6,""steady"":true}"
48.594,left_hand,og,acc,172374,"{""seq"":2359,""x_mg"":412,""y_mg"":20,""z_mg"":908}"
48.594,left_hand,og,tilt,,"{""roll_deg"":6.8,""pitch_deg"":5.6,""steady"":true}"
48.594,left_hand,og,acc,172394,"{""seq"":2360,""x_mg"":416,""y_mg"":20,""z_mg"":920}"
48.594,left_hand,og,tilt,,"{""roll_deg"":6.8,""pitch_deg"":5.6,""steady"":true}"
48.625,left_hand,og,acc,172415,"{""seq"":2361,""x_mg"":408,""y_mg"":0,""z_mg"":924}"
48.625,left_hand,og,tilt,,"{""roll_deg"":6.9,""pitch_deg"":5.6,""steady"":true}"
48.657,left_hand,og,acc,172435,"{""seq"":2362,""x_mg"":408,""y_mg"":-8,""z_mg"":924}"
48.657,left_hand,og,tilt,,"{""roll_deg"":6.9,""pitch_deg"":5.6,""steady"":true}"
48.657,left_hand,og,acc,172456,"{""seq"":2363,""x_mg"":420,""y_mg"":0,""z_mg"":908}"
48.657,left_hand,og,tilt,,"{""roll_deg"":6.8,""pitch_deg"":5.5,""steady"":true}"
48.672,left_hand,og,acc,172476,"{""seq"":2364,""x_mg"":416,""y_mg"":12,""z_mg"":900}"
48.672,left_hand,og,tilt,,"{""roll_deg"":6.7,""pitch_deg"":5.5,""steady"":true}"
48.703,left_hand,og,acc,172497,"{""seq"":2365,""x_mg"":416,""y_mg"":-8,""z_mg"":912}"
48.703,left_hand,og,tilt,,"{""roll_deg"":6.6,""pitch_deg"":5.5,""steady"":true}"
48.735,left_hand,og,acc,172518,"{""seq"":2366,""x_mg"":416,""y_mg"":-12,""z_mg"":908}"
48.735,left_hand,og,tilt,,"{""roll_deg"":6.5,""pitch_deg"":5.5,""steady"":true}"
48.735,left_hand,og,acc,172538,"{""seq"":2367,""x_mg"":420,""y_mg"":-4,""z_mg"":904}"
48.735,left_hand,og,tilt,,"{""roll_deg"":6.4,""pitch_deg"":5.5,""steady"":true}"
48.766,left_hand,og,acc,172559,"{""seq"":2368,""x_mg"":420,""y_mg"":12,""z_mg"":908}"
48.766,left_hand,og,tilt,,"{""roll_deg"":6.3,""pitch_deg"":5.5,""steady"":true}"
48.797,left_hand,og,acc,172579,"{""seq"":2369,""x_mg"":412,""y_mg"":4,""z_mg"":908}"
48.797,left_hand,og,tilt,,"{""roll_deg"":6.3,""pitch_deg"":5.5,""steady"":true}"
48.797,left_hand,og,acc,172600,"{""seq"":2370,""x_mg"":408,""y_mg"":-4,""z_mg"":892}"
48.797,left_hand,og,tilt,,"{""roll_deg"":6.2,""pitch_deg"":5.5,""steady"":true}"
48.828,left_hand,og,acc,172620,"{""seq"":2371,""x_mg"":424,""y_mg"":-4,""z_mg"":892}"
48.828,left_hand,og,tilt,,"{""roll_deg"":6.2,""pitch_deg"":5.6,""steady"":true}"
48.828,left_hand,og,acc,172641,"{""seq"":2372,""x_mg"":428,""y_mg"":16,""z_mg"":884}"
48.828,left_hand,og,tilt,,"{""roll_deg"":6.2,""pitch_deg"":5.6,""steady"":true}"
48.875,left_hand,og,acc,172662,"{""seq"":2373,""x_mg"":424,""y_mg"":8,""z_mg"":892}"
48.875,left_hand,og,tilt,,"{""roll_deg"":6.2,""pitch_deg"":5.7,""steady"":true}"
48.891,left_hand,og,acc,172682,"{""seq"":2374,""x_mg"":416,""y_mg"":-8,""z_mg"":904}"
48.891,left_hand,og,tilt,,"{""roll_deg"":6.1,""pitch_deg"":5.8,""steady"":true}"
48.922,left_hand,og,acc,172703,"{""seq"":2375,""x_mg"":424,""y_mg"":-12,""z_mg"":900}"
48.922,left_hand,og,tilt,,"{""roll_deg"":6.1,""pitch_deg"":5.8,""steady"":true}"
48.953,left_hand,og,acc,172723,"{""seq"":2376,""x_mg"":436,""y_mg"":-4,""z_mg"":896}"
48.953,left_hand,og,tilt,,"{""roll_deg"":6.0,""pitch_deg"":5.9,""steady"":true}"
48.953,left_hand,og,acc,172744,"{""seq"":2377,""x_mg"":428,""y_mg"":16,""z_mg"":896}"
48.953,left_hand,og,tilt,,"{""roll_deg"":6.0,""pitch_deg"":5.9,""steady"":true}"
48.985,left_hand,og,acc,172764,"{""seq"":2378,""x_mg"":416,""y_mg"":20,""z_mg"":900}"
48.985,left_hand,og,tilt,,"{""roll_deg"":6.0,""pitch_deg"":6.0,""steady"":true}"
48.985,left_hand,og,acc,172785,"{""seq"":2379,""x_mg"":428,""y_mg"":-12,""z_mg"":896}"
48.985,left_hand,og,tilt,,"{""roll_deg"":6.0,""pitch_deg"":6.0,""steady"":true}"
49.016,left_hand,og,acc,172806,"{""seq"":2380,""x_mg"":428,""y_mg"":-12,""z_mg"":904}"
49.016,left_hand,og,tilt,,"{""roll_deg"":5.9,""pitch_deg"":6.1,""steady"":true}"
49.047,left_hand,og,acc,172826,"{""seq"":2381,""x_mg"":424,""y_mg"":4,""z_mg"":892}"
49.047,left_hand,og,tilt,,"{""roll_deg"":6.0,""pitch_deg"":6.1,""steady"":true}"
49.047,left_hand,og,acc,172847,"{""seq"":2382,""x_mg"":420,""y_mg"":8,""z_mg"":892}"
49.047,left_hand,og,tilt,,"{""roll_deg"":6.0,""pitch_deg"":6.1,""steady"":true}"
49.078,left_hand,og,acc,172867,"{""seq"":2383,""x_mg"":424,""y_mg"":12,""z_mg"":900}"
49.078,left_hand,og,tilt,,"{""roll_deg"":6.0,""pitch_deg"":6.1,""steady"":true}"
49.094,left_hand,og,acc,172888,"{""seq"":2384,""x_mg"":416,""y_mg"":8,""z_mg"":896}"
49.094,left_hand,og,tilt,,"{""roll_deg"":6.1,""pitch_deg"":6.1,""steady"":true}"
49.094,left_hand,og,acc,172908,"{""seq"":2385,""x_mg"":428,""y_mg"":-12,""z_mg"":900}"
49.094,left_hand,og,tilt,,"{""roll_deg"":6.2,""pitch_deg"":6.1,""steady"":true}"
49.125,left_hand,og,acc,172929,"{""seq"":2386,""x_mg"":424,""y_mg"":-8,""z_mg"":908}"
49.125,left_hand,og,tilt,,"{""roll_deg"":6.2,""pitch_deg"":6.1,""steady"":true}"
49.157,left_hand,og,acc,172949,"{""seq"":2387,""x_mg"":428,""y_mg"":-20,""z_mg"":904}"
49.157,left_hand,og,tilt,,"{""roll_deg"":6.1,""pitch_deg"":6.1,""steady"":true}"
49.188,left_hand,og,acc,172970,"{""seq"":2388,""x_mg"":416,""y_mg"":0,""z_mg"":888}"
49.188,left_hand,og,tilt,,"{""roll_deg"":6.0,""pitch_deg"":6.1,""steady"":true}"
49.188,left_hand,og,acc,172991,"{""seq"":2389,""x_mg"":420,""y_mg"":4,""z_mg"":896}"
49.188,left_hand,og,tilt,,"{""roll_deg"":6.0,""pitch_deg"":6.1,""steady"":true}"
49.219,left_hand,og,acc,173011,"{""seq"":2390,""x_mg"":416,""y_mg"":8,""z_mg"":892}"
49.219,left_hand,og,tilt,,"{""roll_deg"":6.0,""pitch_deg"":6.1,""steady"":true}"
49.250,left_hand,og,acc,173032,"{""seq"":2391,""x_mg"":420,""y_mg"":-4,""z_mg"":892}"
49.250,left_hand,og,tilt,,"{""roll_deg"":6.0,""pitch_deg"":6.1,""steady"":true}"
49.250,left_hand,og,acc,173052,"{""seq"":2392,""x_mg"":436,""y_mg"":-20,""z_mg"":908}"
49.250,left_hand,og,tilt,,"{""roll_deg"":6.0,""pitch_deg"":6.1,""steady"":true}"
49.282,left_hand,og,acc,173073,"{""seq"":2393,""x_mg"":424,""y_mg"":-12,""z_mg"":904}"
49.282,left_hand,og,tilt,,"{""roll_deg"":6.0,""pitch_deg"":6.1,""steady"":true}"
49.297,left_hand,og,acc,173093,"{""seq"":2394,""x_mg"":428,""y_mg"":4,""z_mg"":904}"
49.297,left_hand,og,tilt,,"{""roll_deg"":5.9,""pitch_deg"":6.1,""steady"":true}"
49.328,left_hand,og,acc,173114,"{""seq"":2395,""x_mg"":436,""y_mg"":-12,""z_mg"":892}"
49.328,left_hand,og,tilt,,"{""roll_deg"":5.9,""pitch_deg"":6.1,""steady"":true}"
49.328,left_hand,og,acc,173135,"{""seq"":2396,""x_mg"":420,""y_mg"":4,""z_mg"":896}"
49.328,left_hand,og,tilt,,"{""roll_deg"":5.8,""pitch_deg"":6.1,""steady"":true}"
49.360,left_hand,og,acc,173155,"{""seq"":2397,""x_mg"":428,""y_mg"":-12,""z_mg"":908}"
49.360,left_hand,og,tilt,,"{""roll_deg"":5.7,""pitch_deg"":6.1,""steady"":true}"
49.391,left_hand,og,acc,173176,"{""seq"":2398,""x_mg"":420,""y_mg"":-16,""z_mg"":920}"
49.391,left_hand,og,tilt,,"{""roll_deg"":5.7,""pitch_deg"":6.1,""steady"":true}"
49.391,left_hand,og,acc,173196,"{""seq"":2399,""x_mg"":424,""y_mg"":-16,""z_mg"":916}"
49.391,left_hand,og,tilt,,"{""roll_deg"":5.6,""pitch_deg"":6.1,""steady"":true}"
49.422,left_hand,og,acc,173217,"{""seq"":2400,""x_mg"":416,""y_mg"":0,""z_mg"":912}"
49.422,left_hand,og,tilt,,"{""roll_deg"":5.6,""pitch_deg"":6.1,""steady"":true}"
49.453,left_hand,og,acc,173237,"{""seq"":2401,""x_mg"":432,""y_mg"":8,""z_mg"":892}"
49.453,left_hand,og,tilt,,"{""roll_deg"":5.5,""pitch_deg"":6.0,""steady"":true}"
49.453,left_hand,og,acc,173258,"{""seq"":2402,""x_mg"":420,""y_mg"":16,""z_mg"":900}"
49.453,left_hand,og,tilt,,"{""roll_deg"":5.6,""pitch_deg"":6.0,""steady"":true}"
49.485,left_hand,og,acc,173278,"{""seq"":2403,""x_mg"":436,""y_mg"":-12,""z_mg"":908}"
49.485,left_hand,og,tilt,,"{""roll_deg"":5.6,""pitch_deg"":6.0,""steady"":true}"
49.516,left_hand,og,acc,173299,"{""seq"":2404,""x_mg"":416,""y_mg"":-32,""z_mg"":904}"
49.516,left_hand,og,tilt,,"{""roll_deg"":5.7,""pitch_deg"":6.0,""steady"":true}"
49.516,left_hand,og,acc,173320,"{""seq"":2405,""x_mg"":424,""y_mg"":-4,""z_mg"":904}"
49.516,left_hand,og,tilt,,"{""roll_deg"":5.7,""pitch_deg"":6.0,""steady"":true}"
49.532,left_hand,og,acc,173340,"{""seq"":2406,""x_mg"":432,""y_mg"":-4,""z_mg"":904}"
49.532,left_hand,og,tilt,,"{""roll_deg"":5.7,""pitch_deg"":6.0,""steady"":true}"
49.563,left_hand,og,acc,173361,"{""seq"":2407,""x_mg"":420,""y_mg"":-12,""z_mg"":908}"
49.563,left_hand,og,tilt,,"{""roll_deg"":5.7,""pitch_deg"":6.0,""steady"":true}"
49.610,left_hand,og,acc,173381,"{""seq"":2408,""x_mg"":428,""y_mg"":-12,""z_mg"":916}"
49.610,left_hand,og,tilt,,"{""roll_deg"":5.6,""pitch_deg"":6.0,""steady"":true}"
49.610,left_hand,og,acc,173402,"{""seq"":2409,""x_mg"":412,""y_mg"":-28,""z_mg"":908}"
49.610,left_hand,og,tilt,,"{""roll_deg"":5.6,""pitch_deg"":6.0,""steady"":true}"
49.641,left_hand,og,acc,173422,"{""seq"":2410,""x_mg"":428,""y_mg"":-8,""z_mg"":904}"
49.641,left_hand,og,tilt,,"{""roll_deg"":5.5,""pitch_deg"":6.0,""steady"":true}"
49.672,left_hand,og,acc,173443,"{""seq"":2411,""x_mg"":424,""y_mg"":-12,""z_mg"":920}"
49.672,left_hand,og,tilt,,"{""roll_deg"":5.5,""pitch_deg"":6.0,""steady"":true}"
49.672,left_hand,og,acc,173464,"{""seq"":2412,""x_mg"":424,""y_mg"":8,""z_mg"":900}"
49.672,left_hand,og,tilt,,"{""roll_deg"":5.5,""pitch_deg"":6.0,""steady"":true}"
49.703,left_hand,og,acc,173484,"{""seq"":2413,""x_mg"":424,""y_mg"":-16,""z_mg"":904}"
49.703,left_hand,og,tilt,,"{""roll_deg"":5.5,""pitch_deg"":6.0,""steady"":true}"
49.703,left_hand,og,acc,173505,"{""seq"":2414,""x_mg"":428,""y_mg"":-36,""z_mg"":900}"
49.703,left_hand,og,tilt,,"{""roll_deg"":5.4,""pitch_deg"":6.0,""steady"":true}"
49.719,left_hand,og,acc,173525,"{""seq"":2415,""x_mg"":420,""y_mg"":-16,""z_mg"":900}"
49.719,left_hand,og,tilt,,"{""roll_deg"":5.4,""pitch_deg"":6.0,""steady"":true}"
49.750,left_hand,og,acc,173546,"{""seq"":2416,""x_mg"":428,""y_mg"":4,""z_mg"":896}"
49.750,left_hand,og,tilt,,"{""roll_deg"":5.3,""pitch_deg"":6.0,""steady"":true}"
49.782,left_hand,og,acc,173566,"{""seq"":2417,""x_mg"":424,""y_mg"":0,""z_mg"":896}"
49.782,left_hand,og,tilt,,"{""roll_deg"":5.3,""pitch_deg"":6.0,""steady"":true}"
49.813,left_hand,og,acc,173587,"{""seq"":2418,""x_mg"":428,""y_mg"":-8,""z_mg"":900}"
49.813,left_hand,og,tilt,,"{""roll_deg"":5.3,""pitch_deg"":6.1,""steady"":true}"
49.813,left_hand,og,acc,173608,"{""seq"":2419,""x_mg"":428,""y_mg"":-24,""z_mg"":908}"
49.813,left_hand,og,tilt,,"{""roll_deg"":5.3,""pitch_deg"":6.1,""steady"":true}"
49.844,left_hand,og,acc,173628,"{""seq"":2420,""x_mg"":432,""y_mg"":4,""z_mg"":900}"
49.844,left_hand,og,tilt,,"{""roll_deg"":5.4,""pitch_deg"":6.1,""steady"":true}"
49.844,left_hand,og,acc,173649,"{""seq"":2421,""x_mg"":412,""y_mg"":4,""z_mg"":904}"
49.844,left_hand,og,tilt,,"{""roll_deg"":5.5,""pitch_deg"":6.1,""steady"":true}"
49.875,left_hand,og,acc,173669,"{""seq"":2422,""x_mg"":424,""y_mg"":-16,""z_mg"":892}"
49.875,left_hand,og,tilt,,"{""roll_deg"":5.5,""pitch_deg"":6.2,""steady"":true}"
49.907,left_hand,og,acc,173690,"{""seq"":2423,""x_mg"":436,""y_mg"":-12,""z_mg"":904}"
49.907,left_hand,og,tilt,,"{""roll_deg"":5.5,""pitch_deg"":6.2,""steady"":true}"
49.907,left_hand,og,acc,173710,"{""seq"":2424,""x_mg"":432,""y_mg"":-8,""z_mg"":896}"
49.907,left_hand,og,tilt,,"{""roll_deg"":5.5,""pitch_deg"":6.2,""steady"":true}"
49.922,left_hand,og,acc,173731,"{""seq"":2425,""x_mg"":432,""y_mg"":-12,""z_mg"":904}"
49.922,left_hand,og,tilt,,"{""roll_deg"":5.4,""pitch_deg"":6.3,""steady"":true}"
49.953,left_hand,og,acc,173752,"{""seq"":2426,""x_mg"":424,""y_mg"":-8,""z_mg"":896}"
49.953,left_hand,og,tilt,,"{""roll_deg"":5.4,""pitch_deg"":6.3,""steady"":true}"
49.985,left_hand,og,acc,173772,"{""seq"":2427,""x_mg"":432,""y_mg"":-16,""z_mg"":892}"
49.985,left_hand,og,tilt,,"{""roll_deg"":5.4,""pitch_deg"":6.3,""steady"":true}"
49.985,left_hand,og,acc,173793,"{""seq"":2428,""x_mg"":420,""y_mg"":-16,""z_mg"":900}"
49.985,left_hand,og,tilt,,"{""roll_deg"":5.4,""pitch_deg"":6.3,""steady"":true}"
50.016,left_hand,og,acc,173813,"{""seq"":2429,""x_mg"":424,""y_mg"":-16,""z_mg"":908}"
50.016,left_hand,og,tilt,,"{""roll_deg"":5.3,""pitch_deg"":6.3,""steady"":true}"
50.047,left_hand,og,acc,173834,"{""seq"":2430,""x_mg"":420,""y_mg"":0,""z_mg"":908}"
50.047,left_hand,og,tilt,,"{""roll_deg"":5.3,""pitch_deg"":6.3,""steady"":true}"
50.047,left_hand,og,acc,173854,"{""seq"":2431,""x_mg"":412,""y_mg"":0,""z_mg"":908}"
50.047,left_hand,og,tilt,,"{""roll_deg"":5.3,""pitch_deg"":6.2,""steady"":true}"
50.078,left_hand,og,acc,173875,"{""seq"":2432,""x_mg"":420,""y_mg"":-8,""z_mg"":908}"
50.078,left_hand,og,tilt,,"{""roll_deg"":5.3,""pitch_deg"":6.2,""steady"":true}"
50.110,left_hand,og,acc,173895,"{""seq"":2433,""x_mg"":424,""y_mg"":-16,""z_mg"":912}"
50.110,left_hand,og,tilt,,"{""roll_deg"":5.3,""pitch_deg"":6.1,""steady"":true}"
50.110,left_hand,og,acc,173916,"{""seq"":2434,""x_mg"":432,""y_mg"":-12,""z_mg"":904}"
50.110,left_hand,og,tilt,,"{""roll_deg"":5.3,""pitch_deg"":6.1,""steady"":true}"
50.141,left_hand,og,acc,173937,"{""seq"":2435,""x_mg"":424,""y_mg"":-8,""z_mg"":908}"
50.141,left_hand,og,tilt,,"{""roll_deg"":5.4,""pitch_deg"":6.1,""steady"":true}"
50.157,left_hand,og,acc,173957,"{""seq"":2436,""x_mg"":428,""y_mg"":-16,""z_mg"":896}"
50.157,left_hand,og,tilt,,"{""roll_deg"":5.4,""pitch_deg"":6.0,""steady"":true}"
50.188,left_hand,og,acc,173978,"{""seq"":2437,""x_mg"":416,""y_mg"":-20,""z_mg"":900}"
50.188,left_hand,og,tilt,,"{""roll_deg"":5.3,""pitch_deg"":6.0,""steady"":true}"
50.188,left_hand,og,acc,173998,"{""seq"":2438,""x_mg"":436,""y_mg"":-16,""z_mg"":904}"
50.188,left_hand,og,tilt,,"{""roll_deg"":5.3,""pitch_deg"":6.1,""steady"":true}"
50.219,left_hand,og,acc,174019,"{""seq"":2439,""x_mg"":424,""y_mg"":-4,""z_mg"":912}"
50.219,left_hand,og,tilt,,"{""roll_deg"":5.2,""pitch_deg"":6.1,""steady"":true}"
50.250,left_hand,og,acc,174039,"{""seq"":2440,""x_mg"":432,""y_mg"":-12,""z_mg"":900}"
50.250,left_hand,og,tilt,,"{""roll_deg"":5.2,""pitch_deg"":6.1,""steady"":true}"
50.250,left_hand,og,acc,174060,"{""seq"":2441,""x_mg"":428,""y_mg"":-12,""z_mg"":896}"
50.250,left_hand,og,tilt,,"{""roll_deg"":5.2,""pitch_deg"":6.1,""steady"":true}"
50.282,,game,hold_complete,,"{""tx"":4,""ty"":5,""mean_dist_deg"":2.11,""tolerance"":3.0}"
50.297,left_hand,og,acc,174081,"{""seq"":2442,""x_mg"":428,""y_mg"":-16,""z_mg"":896}"
50.297,left_hand,og,tilt,,"{""roll_deg"":5.2,""pitch_deg"":6.2,""steady"":true}"
50.328,left_hand,og,acc,174101,"{""seq"":2443,""x_mg"":424,""y_mg"":-4,""z_mg"":904}"
50.328,left_hand,og,tilt,,"{""roll_deg"":5.2,""pitch_deg"":6.2,""steady"":true}"
50.328,left_hand,og,acc,174122,"{""seq"":2444,""x_mg"":428,""y_mg"":-8,""z_mg"":900}"
50.328,left_hand,og,tilt,,"{""roll_deg"":5.2,""pitch_deg"":6.2,""steady"":true}"
50.344,left_hand,og,acc,174142,"{""seq"":2445,""x_mg"":416,""y_mg"":-8,""z_mg"":900}"
50.344,left_hand,og,tilt,,"{""roll_deg"":5.3,""pitch_deg"":6.3,""steady"":true}"
50.375,left_hand,og,acc,174163,"{""seq"":2446,""x_mg"":432,""y_mg"":-12,""z_mg"":896}"
50.375,left_hand,og,tilt,,"{""roll_deg"":5.3,""pitch_deg"":6.3,""steady"":true}"
50.407,left_hand,og,acc,174183,"{""seq"":2447,""x_mg"":424,""y_mg"":-16,""z_mg"":900}"
50.407,left_hand,og,tilt,,"{""roll_deg"":5.3,""pitch_deg"":6.3,""steady"":true}"
50.407,left_hand,og,acc,174204,"{""seq"":2448,""x_mg"":432,""y_mg"":-4,""z_mg"":908}"
50.407,left_hand,og,tilt,,"{""roll_deg"":5.3,""pitch_deg"":6.3,""steady"":true}"
50.438,left_hand,og,acc,174224,"{""seq"":2449,""x_mg"":432,""y_mg"":-24,""z_mg"":892}"
50.438,left_hand,og,tilt,,"{""roll_deg"":5.3,""pitch_deg"":6.3,""steady"":true}"
50.469,left_hand,og,acc,174245,"{""seq"":2450,""x_mg"":432,""y_mg"":-12,""z_mg"":900}"
50.469,left_hand,og,tremor,,"{""rms_mg"":27.2,""peak_hz"":8.5}"
50.469,left_hand,og,tilt,,"{""roll_deg"":5.3,""pitch_deg"":6.3,""steady"":true}"
50.469,left_hand,og,acc,174266,"{""seq"":2451,""x_mg"":440,""y_mg"":-12,""z_mg"":900}"
50.469,left_hand,og,tilt,,"{""roll_deg"":5.3,""pitch_deg"":6.3,""steady"":true}"
50.500,left_hand,og,acc,174286,"{""seq"":2452,""x_mg"":416,""y_mg"":-12,""z_mg"":908}"
50.500,left_hand,og,tilt,,"{""roll_deg"":5.3,""pitch_deg"":6.4,""steady"":true}"
50.532,left_hand,og,acc,174307,"{""seq"":2453,""x_mg"":428,""y_mg"":-12,""z_mg"":912}"
50.532,left_hand,og,tilt,,"{""roll_deg"":5.3,""pitch_deg"":6.4,""steady"":true}"
50.532,left_hand,og,acc,174327,"{""seq"":2454,""x_mg"":416,""y_mg"":4,""z_mg"":908}"
50.532,left_hand,og,tilt,,"{""roll_deg"":5.3,""pitch_deg"":6.3,""steady"":true}"
50.547,left_hand,og,acc,174348,"{""seq"":2455,""x_mg"":416,""y_mg"":12,""z_mg"":896}"
50.547,left_hand,og,tilt,,"{""roll_deg"":5.3,""pitch_deg"":6.3,""steady"":true}"
50.578,left_hand,og,acc,174368,"{""seq"":2456,""x_mg"":412,""y_mg"":16,""z_mg"":900}"
50.578,left_hand,og,tilt,,"{""roll_deg"":5.4,""pitch_deg"":6.2,""steady"":true}"
50.610,left_hand,og,acc,174389,"{""seq"":2457,""x_mg"":416,""y_mg"":12,""z_mg"":892}"
50.610,left_hand,og,tilt,,"{""roll_deg"":5.6,""pitch_deg"":6.1,""steady"":true}"
50.610,left_hand,og,acc,174410,"{""seq"":2458,""x_mg"":436,""y_mg"":-76,""z_mg"":896}"
50.610,left_hand,og,tilt,,"{""roll_deg"":5.7,""pitch_deg"":6.1,""steady"":true}"
50.641,left_hand,og,acc,174430,"{""seq"":2459,""x_mg"":436,""y_mg"":-100,""z_mg"":900}"
50.641,left_hand,og,tilt,,"{""roll_deg"":5.9,""pitch_deg"":6.1,""steady"":true}"
50.672,left_hand,og,acc,174451,"{""seq"":2460,""x_mg"":432,""y_mg"":-56,""z_mg"":896}"
50.672,left_hand,og,tilt,,"{""roll_deg"":5.4,""pitch_deg"":6.2,""steady"":true}"
50.672,left_hand,og,acc,174471,"{""seq"":2461,""x_mg"":424,""y_mg"":4,""z_mg"":900}"
50.672,left_hand,og,tilt,,"{""roll_deg"":5.1,""pitch_deg"":6.2,""steady"":true}"
50.703,left_hand,og,acc,174492,"{""seq"":2462,""x_mg"":416,""y_mg"":-4,""z_mg"":896}"
50.703,left_hand,og,tilt,,"{""roll_deg"":4.8,""pitch_deg"":6.3,""steady"":true}"
50.735,left_hand,og,acc,174512,"{""seq"":2463,""x_mg"":404,""y_mg"":8,""z_mg"":888}"
50.735,left_hand,og,tilt,,"{""roll_deg"":4.9,""pitch_deg"":6.3,""steady"":true}"
50.735,left_hand,og,acc,174533,"{""seq"":2464,""x_mg"":420,""y_mg"":-36,""z_mg"":880}"
50.735,left_hand,og,tilt,,"{""roll_deg"":5.0,""pitch_deg"":6.2,""steady"":true}"
50.766,left_hand,og,acc,174554,"{""seq"":2465,""x_mg"":440,""y_mg"":-116,""z_mg"":900}"
50.766,left_hand,og,tilt,,"{""roll_deg"":5.1,""pitch_deg"":6.2,""steady"":true}"
50.782,left_hand,og,acc,174574,"{""seq"":2466,""x_mg"":432,""y_mg"":-132,""z_mg"":900}"
50.782,left_hand,og,tilt,,"{""roll_deg"":4.9,""pitch_deg"":6.3,""steady"":true}"
50.813,left_hand,og,acc,174595,"{""seq"":2467,""x_mg"":416,""y_mg"":-68,""z_mg"":904}"
50.813,left_hand,og,tilt,,"{""roll_deg"":4.5,""pitch_deg"":6.3,""steady"":true}"
50.813,left_hand,og,acc,174615,"{""seq"":2468,""x_mg"":404,""y_mg"":76,""z_mg"":884}"
50.813,left_hand,og,tilt,,"{""roll_deg"":4.2,""pitch_deg"":6.3,""steady"":true}"
50.844,left_hand,og,acc,174636,"{""seq"":2469,""x_mg"":404,""y_mg"":80,""z_mg"":888}"
50.844,left_hand,og,tilt,,"{""roll_deg"":3.9,""pitch_deg"":6.2,""steady"":true}"
50.844,left_hand,og,acc,174656,"{""seq"":2470,""x_mg"":452,""y_mg"":-236,""z_mg"":888}"
50.844,left_hand,og,tilt,,"{""roll_deg"":3.6,""pitch_deg"":6.1,""steady"":true}"
50.875,left_hand,og,acc,174677,"{""seq"":2471,""x_mg"":444,""y_mg"":-348,""z_mg"":896}"
50.875,left_hand,og,tilt,,"{""roll_deg"":3.4,""pitch_deg"":6.1,""steady"":true}"
50.907,left_hand,og,acc,174697,"{""seq"":2472,""x_mg"":436,""y_mg"":-304,""z_mg"":904}"
50.907,left_hand,og,tilt,,"{""roll_deg"":1.9,""pitch_deg"":6.1,""steady"":true}"
50.907,left_hand,og,acc,174718,"{""seq"":2473,""x_mg"":444,""y_mg"":-188,""z_mg"":904}"
50.907,left_hand,og,tilt,,"{""roll_deg"":0.6,""pitch_deg"":6.3,""steady"":true}"
50.953,left_hand,og,acc,174739,"{""seq"":2474,""x_mg"":440,""y_mg"":-124,""z_mg"":904}"
50.953,left_hand,og,tilt,,"{""roll_deg"":-0.5,""pitch_deg"":6.4,""steady"":true}"
50.969,left_hand,og,acc,174759,"{""seq"":2475,""x_mg"":432,""y_mg"":-112,""z_mg"":896}"
50.969,left_hand,og,tilt,,"{""roll_deg"":-1.1,""pitch_deg"":6.4,""steady"":true}"
50.969,left_hand,og,acc,174780,"{""seq"":2476,""x_mg"":432,""y_mg"":-108,""z_mg"":912}"
50.969,left_hand,og,tilt,,"{""roll_deg"":-1.2,""pitch_deg"":6.4,""steady"":true}"
51.000,left_hand,og,acc,174800,"{""seq"":2477,""x_mg"":436,""y_mg"":-128,""z_mg"":916}"
51.000,left_hand,og,tilt,,"{""roll_deg"":-1.3,""pitch_deg"":6.5,""steady"":true}"
51.032,left_hand,og,acc,174821,"{""seq"":2478,""x_mg"":436,""y_mg"":-172,""z_mg"":904}"
51.032,left_hand,og,tilt,,"{""roll_deg"":-1.3,""pitch_deg"":6.5,""steady"":true}"
51.063,left_hand,og,acc,174841,"{""seq"":2479,""x_mg"":436,""y_mg"":-172,""z_mg"":904}"
51.063,left_hand,og,tilt,,"{""roll_deg"":-1.4,""pitch_deg"":6.5,""steady"":true}"
51.063,left_hand,og,acc,174862,"{""seq"":2480,""x_mg"":424,""y_mg"":-140,""z_mg"":892}"
51.063,left_hand,og,tilt,,"{""roll_deg"":-1.6,""pitch_deg"":6.5,""steady"":true}"
51.094,left_hand,og,acc,174883,"{""seq"":2481,""x_mg"":428,""y_mg"":-140,""z_mg"":892}"
51.094,left_hand,og,tilt,,"{""roll_deg"":-1.7,""pitch_deg"":6.5,""steady"":true}"
51.125,left_hand,og,acc,174903,"{""seq"":2482,""x_mg"":424,""y_mg"":-132,""z_mg"":884}"
51.125,left_hand,og,tilt,,"{""roll_deg"":-1.9,""pitch_deg"":6.5,""steady"":true}"
51.125,left_hand,og,acc,174924,"{""seq"":2483,""x_mg"":416,""y_mg"":-116,""z_mg"":888}"
51.125,left_hand,og,tilt,,"{""roll_deg"":-2.0,""pitch_deg"":6.5,""steady"":true}"
51.157,left_hand,og,acc,174944,"{""seq"":2484,""x_mg"":424,""y_mg"":-140,""z_mg"":876}"
51.157,left_hand,og,tilt,,"{""roll_deg"":-2.1,""pitch_deg"":6.5,""steady"":true}"
51.172,left_hand,og,acc,174965,"{""seq"":2485,""x_mg"":412,""y_mg"":-152,""z_mg"":876}"
51.172,left_hand,og,tilt,,"{""roll_deg"":-2.2,""pitch_deg"":6.5,""steady"":true}"
51.203,left_hand,og,acc,174985,"{""seq"":2486,""x_mg"":408,""y_mg"":-124,""z_mg"":896}"
51.203,left_hand,og,tilt,,"{""roll_deg"":-2.2,""pitch_deg"":6.5,""steady"":true}"
51.203,left_hand,og,acc,175006,"{""seq"":2487,""x_mg"":404,""y_mg"":-120,""z_mg"":876}"
51.203,left_hand,og,tilt,,"{""roll_deg"":-2.2,""pitch_deg"":6.4,""steady"":true}"
51.235,left_hand,og,acc,175027,"{""seq"":2488,""x_mg"":392,""y_mg"":-136,""z_mg"":876}"
51.235,left_hand,og,tilt,,"{""roll_deg"":-2.3,""pitch_deg"":6.3,""steady"":true}"
51.266,left_hand,og,acc,175047,"{""seq"":2489,""x_mg"":396,""y_mg"":-136,""z_mg"":876}"
51.266,left_hand,og,tilt,,"{""roll_deg"":-2.3,""pitch_deg"":6.2,""steady"":true}"
51.266,left_hand,og,acc,175068,"{""seq"":2490,""x_mg"":396,""y_mg"":-112,""z_mg"":880}"
51.266,left_hand,og,tilt,,"{""roll_deg"":-2.3,""pitch_deg"":6.1,""steady"":true}"
51.297,left_hand,og,acc,175088,"{""seq"":2491,""x_mg"":400,""y_mg"":-124,""z_mg"":864}"
51.297,left_hand,og,tilt,,"{""roll_deg"":-2.3,""pitch_deg"":6.0,""steady"":true}"
51.328,left_hand,og,acc,175109,"{""seq"":2492,""x_mg"":392,""y_mg"":-132,""z_mg"":876}"
51.328,left_hand,og,tilt,,"{""roll_deg"":-2.3,""pitch_deg"":5.9,""steady"":true}"
51.328,left_hand,og,acc,175129,"{""seq"":2493,""x_mg"":404,""y_mg"":-124,""z_mg"":888}"
51.328,left_hand,og,tilt,,"{""roll_deg"":-2.3,""pitch_deg"":5.8,""steady"":true}"
51.360,left_hand,og,acc,175150,"{""seq"":2494,""x_mg"":440,""y_mg"":-152,""z_mg"":884}"
51.360,left_hand,og,tilt,,"{""roll_deg"":-2.3,""pitch_deg"":5.8,""steady"":true}"
51.391,left_hand,og,acc,175171,"{""seq"":2495,""x_mg"":448,""y_mg"":-128,""z_mg"":892}"
51.391,left_hand,og,tilt,,"{""roll_deg"":-2.2,""pitch_deg"":5.8,""steady"":true}"
51.391,left_hand,og,acc,175191,"{""seq"":2496,""x_mg"":440,""y_mg"":-124,""z_mg"":900}"
51.391,left_hand,og,tilt,,"{""roll_deg"":-2.2,""pitch_deg"":5.9,""steady"":true}"
51.407,left_hand,og,acc,175212,"{""seq"":2497,""x_mg"":424,""y_mg"":-100,""z_mg"":924}"
51.407,left_hand,og,tilt,,"{""roll_deg"":-2.2,""pitch_deg"":6.0,""steady"":true}"
51.438,left_hand,og,acc,175232,"{""seq"":2498,""x_mg"":440,""y_mg"":-84,""z_mg"":912}"
51.438,left_hand,og,tilt,,"{""roll_deg"":-2.2,""pitch_deg"":6.1,""steady"":true}"
51.469,left_hand,og,acc,175253,"{""seq"":2499,""x_mg"":432,""y_mg"":-88,""z_mg"":904}"
51.469,left_hand,og,tilt,,"{""roll_deg"":-1.9,""pitch_deg"":6.2,""steady"":true}"
51.469,left_hand,og,acc,175273,"{""seq"":2500,""x_mg"":440,""y_mg"":-84,""z_mg"":920}"
51.469,left_hand,og,tilt,,"{""roll_deg"":-1.6,""pitch_deg"":6.2,""steady"":true}"
51.500,left_hand,og,acc,175294,"{""seq"":2501,""x_mg"":448,""y_mg"":-92,""z_mg"":908}"
51.500,left_hand,og,tilt,,"{""roll_deg"":-1.4,""pitch_deg"":6.3,""steady"":true}"
51.532,left_hand,og,acc,175315,"{""seq"":2502,""x_mg"":432,""y_mg"":-76,""z_mg"":928}"
51.532,left_hand,og,tilt,,"{""roll_deg"":-1.1,""pitch_deg"":6.3,""steady"":true}"
51.532,left_hand,og,acc,175335,"{""seq"":2503,""x_mg"":416,""y_mg"":-56,""z_mg"":932}"
51.532,left_hand,og,tilt,,"{""roll_deg"":-0.9,""pitch_deg"":6.3,""steady"":true}"
51.563,left_hand,og,acc,175356,"{""seq"":2504,""x_mg"":408,""y_mg"":-48,""z_mg"":944}"
51.563,left_hand,og,tilt,,"{""roll_deg"":-0.6,""pitch_deg"":6.3,""steady"":true}"
51.594,left_hand,og,acc,175376,"{""seq"":2505,""x_mg"":440,""y_mg"":-80,""z_mg"":912}"
51.594,left_hand,og,tilt,,"{""roll_deg"":-0.4,""pitch_deg"":6.2,""steady"":true}"
51.594,left_hand,og,acc,175397,"{""seq"":2506,""x_mg"":424,""y_mg"":-84,""z_mg"":912}"
51.594,left_hand,og,tilt,,"{""roll_deg"":-0.2,""pitch_deg"":6.2,""steady"":true}"
51.610,left_hand,og,acc,175417,"{""seq"":2507,""x_mg"":424,""y_mg"":-56,""z_mg"":900}"
51.610,left_hand,og,tilt,,"{""roll_deg"":0.1,""pitch_deg"":6.1,""steady"":true}"
51.641,left_hand,og,acc,175438,"{""seq"":2508,""x_mg"":412,""y_mg"":-36,""z_mg"":920}"
51.641,left_hand,og,tilt,,"{""roll_deg"":0.4,""pitch_deg"":6.1,""steady"":true}"
51.688,left_hand,og,acc,175458,"{""seq"":2509,""x_mg"":416,""y_mg"":-56,""z_mg"":916}"
51.688,left_hand,og,tilt,,"{""roll_deg"":0.7,""pitch_deg"":6.1,""steady"":true}"
51.688,left_hand,og,acc,175479,"{""seq"":2510,""x_mg"":408,""y_mg"":-88,""z_mg"":912}"
51.688,left_hand,og,tilt,,"{""roll_deg"":0.9,""pitch_deg"":6.0,""steady"":true}"
51.719,left_hand,og,acc,175500,"{""seq"":2511,""x_mg"":416,""y_mg"":-56,""z_mg"":900}"
51.719,left_hand,og,tilt,,"{""roll_deg"":1.1,""pitch_deg"":5.9,""steady"":true}"
51.750,left_hand,og,acc,175520,"{""seq"":2512,""x_mg"":420,""y_mg"":-64,""z_mg"":900}"
51.750,left_hand,og,tilt,,"{""roll_deg"":1.2,""pitch_deg"":5.8,""steady"":true}"
51.750,left_hand,og,acc,175541,"{""seq"":2513,""x_mg"":408,""y_mg"":-56,""z_mg"":904}"
51.750,left_hand,og,tilt,,"{""roll_deg"":1.4,""pitch_deg"":5.8,""steady"":true}"
51.782,left_hand,og,acc,175561,"{""seq"":2514,""x_mg"":412,""y_mg"":-48,""z_mg"":916}"
51.782,left_hand,og,tilt,,"{""roll_deg"":1.5,""pitch_deg"":5.7,""steady"":true}"
51.782,left_hand,og,acc,175582,"{""seq"":2515,""x_mg"":408,""y_mg"":-76,""z_mg"":916}"
51.782,left_hand,og,tilt,,"{""roll_deg"":1.6,""pitch_deg"":5.6,""steady"":true}"
51.797,left_hand,og,acc,175602,"{""seq"":2516,""x_mg"":416,""y_mg"":-84,""z_mg"":908}"
51.797,left_hand,og,tilt,,"{""roll_deg"":1.7,""pitch_deg"":5.6,""steady"":true}"
51.828,left_hand,og,acc,175623,"{""seq"":2517,""x_mg"":408,""y_mg"":-52,""z_mg"":908}"
51.828,left_hand,og,tilt,,"{""roll_deg"":1.8,""pitch_deg"":5.5,""steady"":true}"
51.860,left_hand,og,acc,175644,"{""seq"":2518,""x_mg"":396,""y_mg"":-44,""z_mg"":916}"
51.860,left_hand,og,tilt,,"{""roll_deg"":1.9,""pitch_deg"":5.5,""steady"":true}"
51.860,left_hand,og,acc,175664,"{""seq"":2519,""x_mg"":400,""y_mg"":-60,""z_mg"":908}"
51.860,left_hand,og,tilt,,"{""roll_deg"":1.9,""pitch_deg"":5.4,""steady"":true}"
51.891,left_hand,og,acc,175685,"{""seq"":2520,""x_mg"":400,""y_mg"":-80,""z_mg"":912}"
51.891,left_hand,og,tilt,,"{""roll_deg"":2.0,""pitch_deg"":5.3,""steady"":true}"
51.922,left_hand,og,acc,175705,"{""seq"":2521,""x_mg"":404,""y_mg"":-84,""z_mg"":908}"
51.922,left_hand,og,tilt,,"{""roll_deg"":2.0,""pitch_deg"":5.3,""steady"":true}"
51.922,left_hand,og,acc,175726,"{""seq"":2522,""x_mg"":404,""y_mg"":-56,""z_mg"":908}"
51.922,left_hand,og,tilt,,"{""roll_deg"":2.0,""pitch_deg"":5.2,""steady"":true}"
51.953,left_hand,og,acc,175746,"{""seq"":2523,""x_mg"":412,""y_mg"":-44,""z_mg"":892}"
51.953,left_hand,og,tilt,,"{""roll_deg"":2.1,""pitch_deg"":5.2,""steady"":true}"
51.985,left_hand,og,acc,175767,"{""seq"":2524,""x_mg"":424,""y_mg"":-60,""z_mg"":916}"
51.985,left_hand,og,tilt,,"{""roll_deg"":2.1,""pitch_deg"":5.1,""steady"":true}"
51.985,left_hand,og,acc,175788,"{""seq"":2525,""x_mg"":420,""y_mg"":-84,""z_mg"":928}"
51.985,left_hand,og,tilt,,"{""roll_deg"":2.1,""pitch_deg"":5.1,""steady"":true}"
52.016,left_hand,og,acc,175808,"{""seq"":2526,""x_mg"":396,""y_mg"":-56,""z_mg"":904}"
52.016,left_hand,og,tilt,,"{""roll_deg"":2.1,""pitch_deg"":5.2,""steady"":true}"
52.032,left_hand,og,acc,175829,"{""seq"":2527,""x_mg"":412,""y_mg"":-68,""z_mg"":912}"
52.032,left_hand,og,tilt,,"{""roll_deg"":2.2,""pitch_deg"":5.2,""steady"":true}"
52.063,left_hand,og,acc,175849,"{""seq"":2528,""x_mg"":420,""y_mg"":-96,""z_mg"":924}"
52.063,left_hand,og,tilt,,"{""roll_deg"":2.1,""pitch_deg"":5.2,""steady"":true}"
52.063,left_hand,og,acc,175870,"{""seq"":2529,""x_mg"":404,""y_mg"":-64,""z_mg"":916}"
52.063,left_hand,og,tilt,,"{""roll_deg"":2.1,""pitch_deg"":5.2,""steady"":true}"
52.094,left_hand,og,acc,175890,"{""seq"":2530,""x_mg"":404,""y_mg"":-40,""z_mg"":900}"
52.094,left_hand,og,tilt,,"{""roll_deg"":2.1,""pitch_deg"":5.2,""steady"":true}"
52.125,left_hand,og,acc,175911,"{""seq"":2531,""x_mg"":400,""y_mg"":-64,""z_mg"":912}"
52.125,left_hand,og,tilt,,"{""roll_deg"":2.1,""pitch_deg"":5.2,""steady"":true}"
52.125,left_hand,og,acc,175932,"{""seq"":2532,""x_mg"":400,""y_mg"":-84,""z_mg"":900}"
52.125,left_hand,og,tilt,,"{""roll_deg"":2.1,""pitch_deg"":5.1,""steady"":true}"
52.172,left_hand,og,acc,175952,"{""seq"":2533,""x_mg"":412,""y_mg"":-80,""z_mg"":908}"
52.172,left_hand,og,tilt,,"{""roll_deg"":2.0,""pitch_deg"":5.1,""steady"":true}"
52.203,left_hand,og,acc,175973,"{""seq"":2534,""x_mg"":400,""y_mg"":-48,""z_mg"":884}"
52.203,left_hand,og,tilt,,"{""roll_deg"":2.0,""pitch_deg"":5.1,""steady"":true}"
52.203,left_hand,og,acc,175993,"{""seq"":2535,""x_mg"":396,""y_mg"":-36,""z_mg"":904}"
52.203,left_hand,og,tilt,,"{""roll_deg"":2.0,""pitch_deg"":5.1,""steady"":true}"
52.219,left_hand,og,acc,176014,"{""seq"":2536,""x_mg"":392,""y_mg"":-76,""z_mg"":904}"
52.219,left_hand,og,tilt,,"{""roll_deg"":1.9,""pitch_deg"":5.0,""steady"":true}"
52.250,left_hand,og,acc,176034,"{""seq"":2537,""x_mg"":388,""y_mg"":-92,""z_mg"":916}"
52.250,left_hand,og,tilt,,"{""roll_deg"":1.9,""pitch_deg"":5.0,""steady"":true}"
52.282,left_hand,og,acc,176055,"{""seq"":2538,""x_mg"":364,""y_mg"":-52,""z_mg"":936}"
52.282,left_hand,og,tilt,,"{""roll_deg"":2.0,""pitch_deg"":4.9,""steady"":true}"
52.282,left_hand,og,acc,176076,"{""seq"":2539,""x_mg"":368,""y_mg"":-56,""z_mg"":952}"
52.282,left_hand,og,tilt,,"{""roll_deg"":2.1,""pitch_deg"":4.8,""steady"":true}"
52.313,left_hand,og,acc,176096,"{""seq"":2540,""x_mg"":356,""y_mg"":-56,""z_mg"":912}"
52.313,left_hand,og,tilt,,"{""roll_deg"":2.1,""pitch_deg"":4.5,""steady"":true}"
52.344,left_hand,og,acc,176117,"{""seq"":2541,""x_mg"":356,""y_mg"":-68,""z_mg"":892}"
52.344,left_hand,og,tilt,,"{""roll_deg"":2.2,""pitch_deg"":4.2,""steady"":true}"
52.344,left_hand,og,acc,176137,"{""seq"":2542,""x_mg"":360,""y_mg"":-60,""z_mg"":876}"
52.344,left_hand,og,tilt,,"{""roll_deg"":2.2,""pitch_deg"":4.0,""steady"":true}"
52.375,left_hand,og,acc,176158,"{""seq"":2543,""x_mg"":360,""y_mg"":-48,""z_mg"":916}"
52.375,left_hand,og,tilt,,"{""roll_deg"":2.2,""pitch_deg"":3.8,""steady"":true}"
52.375,left_hand,og,acc,176178,"{""seq"":2544,""x_mg"":380,""y_mg"":-44,""z_mg"":908}"
52.375,left_hand,og,tilt,,"{""roll_deg"":2.3,""pitch_deg"":3.7,""steady"":true}"
52.407,left_hand,og,acc,176199,"{""seq"":2545,""x_mg"":364,""y_mg"":-44,""z_mg"":924}"
52.407,left_hand,og,tilt,,"{""roll_deg"":2.4,""pitch_deg"":3.5,""steady"":true}"
52.438,left_hand,og,acc,176219,"{""seq"":2546,""x_mg"":396,""y_mg"":-56,""z_mg"":1024}"
52.438,left_hand,og,tilt,,"{""roll_deg"":2.4,""pitch_deg"":3.4,""steady"":true}"
52.453,left_hand,og,acc,176240,"{""seq"":2547,""x_mg"":432,""y_mg"":-96,""z_mg"":892}"
52.453,left_hand,og,tilt,,"{""roll_deg"":2.5,""pitch_deg"":3.3,""steady"":true}"
52.453,left_hand,og,acc,176261,"{""seq"":2548,""x_mg"":388,""y_mg"":-80,""z_mg"":876}"
52.453,left_hand,og,tremor,,"{""rms_mg"":31.0,""peak_hz"":7.4}"
52.453,left_hand,og,tilt,,"{""roll_deg"":2.6,""pitch_deg"":3.3,""steady"":true}"
52.485,left_hand,og,acc,176281,"{""seq"":2549,""x_mg"":412,""y_mg"":-16,""z_mg"":892}"
52.485,left_hand,og,tilt,,"{""roll_deg"":2.6,""pitch_deg"":3.5,""steady"":true}"
52.516,left_hand,og,acc,176302,"{""seq"":2550,""x_mg"":400,""y_mg"":-20,""z_mg"":912}"
52.516,left_hand,og,tilt,,"{""roll_deg"":2.6,""pitch_deg"":3.7,""steady"":true}"
52.547,left_hand,og,acc,176322,"{""seq"":2551,""x_mg"":408,""y_mg"":-48,""z_mg"":924}"
52.547,left_hand,og,tilt,,"{""roll_deg"":2.7,""pitch_deg"":3.8,""steady"":true}"
52.547,left_hand,og,acc,176343,"{""seq"":2552,""x_mg"":440,""y_mg"":-72,""z_mg"":932}"
52.547,left_hand,og,tilt,,"{""roll_deg"":2.7,""pitch_deg"":3.9,""steady"":true}"
52.578,left_hand,og,acc,176363,"{""seq"":2553,""x_mg"":420,""y_mg"":-52,""z_mg"":924}"
52.578,left_hand,og,tilt,,"{""roll_deg"":2.8,""pitch_deg"":4.1,""steady"":true}"
52.578,left_hand,og,acc,176384,"{""seq"":2554,""x_mg"":428,""y_mg"":-28,""z_mg"":932}"
52.578,left_hand,og,tilt,,"{""roll_deg"":2.8,""pitch_deg"":4.2,""steady"":true}"
52.610,left_hand,og,acc,176405,"{""seq"":2555,""x_mg"":456,""y_mg"":-44,""z_mg"":920}"
52.610,left_hand,og,tilt,,"{""roll_deg"":2.8,""pitch_deg"":4.4,""steady"":true}"
52.641,left_hand,og,acc,176425,"{""seq"":2556,""x_mg"":456,""y_mg"":-60,""z_mg"":908}"
52.641,left_hand,og,tilt,,"{""roll_deg"":2.8,""pitch_deg"":4.6,""steady"":true}"
52.657,left_hand,og,acc,176446,"{""seq"":2557,""x_mg"":444,""y_mg"":-48,""z_mg"":912}"
52.657,left_hand,og,tilt,,"{""roll_deg"":2.8,""pitch_deg"":4.9,""steady"":true}"
52.688,left_hand,og,acc,176466,"{""seq"":2558,""x_mg"":452,""y_mg"":-28,""z_mg"":892}"
52.688,left_hand,og,tilt,,"{""roll_deg"":2.9,""pitch_deg"":5.2,""steady"":true}"
52.688,left_hand,og,acc,176487,"{""seq"":2559,""x_mg"":428,""y_mg"":-24,""z_mg"":880}"
52.688,left_hand,og,tilt,,"{""roll_deg"":2.9,""pitch_deg"":5.4,""steady"":true}"
52.719,left_hand,og,acc,176507,"{""seq"":2560,""x_mg"":420,""y_mg"":-24,""z_mg"":932}"
52.719,left_hand,og,tilt,,"{""roll_deg"":3.1,""pitch_deg"":5.6,""steady"":true}"
52.719,left_hand,og,acc,176528,"{""seq"":2561,""x_mg"":420,""y_mg"":-56,""z_mg"":912}"
52.719,left_hand,og,tilt,,"{""roll_deg"":3.2,""pitch_deg"":5.8,""steady"":true}"
52.750,left_hand,og,acc,176549,"{""seq"":2562,""x_mg"":380,""y_mg"":-48,""z_mg"":900}"
52.750,left_hand,og,tilt,,"{""roll_deg"":3.4,""pitch_deg"":5.7,""steady"":true}"
52.782,left_hand,og,acc,176569,"{""seq"":2563,""x_mg"":372,""y_mg"":-24,""z_mg"":884}"
52.782,left_hand,og,tilt,,"{""roll_deg"":3.5,""pitch_deg"":5.7,""steady"":true}"
52.782,left_hand,og,acc,176590,"{""seq"":2564,""x_mg"":360,""y_mg"":-36,""z_mg"":880}"
52.782,left_hand,og,tilt,,"{""roll_deg"":3.5,""pitch_deg"":5.4,""steady"":true}"
52.813,left_hand,og,acc,176610,"{""seq"":2565,""x_mg"":356,""y_mg"":-44,""z_mg"":912}"
52.813,left_hand,og,tilt,,"{""roll_deg"":3.5,""pitch_deg"":5.2,""steady"":true}"
52.844,left_hand,og,acc,176631,"{""seq"":2566,""x_mg"":352,""y_mg"":-32,""z_mg"":892}"
52.844,left_hand,og,tilt,,"{""roll_deg"":3.5,""pitch_deg"":5.0,""steady"":true}"
52.844,left_hand,og,acc,176651,"{""seq"":2567,""x_mg"":344,""y_mg"":-28,""z_mg"":880}"
52.844,left_hand,og,tilt,,"{""roll_deg"":3.6,""pitch_deg"":4.7,""steady"":true}"
52.875,left_hand,og,acc,176672,"{""seq"":2568,""x_mg"":332,""y_mg"":-32,""z_mg"":904}"
52.875,left_hand,og,tilt,,"{""roll_deg"":3.6,""pitch_deg"":4.4,""steady"":true}"
52.922,left_hand,og,acc,176692,"{""seq"":2569,""x_mg"":352,""y_mg"":-36,""z_mg"":904}"
52.922,left_hand,og,tilt,,"{""roll_deg"":3.7,""pitch_deg"":4.1,""steady"":true}"
52.922,left_hand,og,acc,176713,"{""seq"":2570,""x_mg"":344,""y_mg"":-44,""z_mg"":892}"
52.922,left_hand,og,tilt,,"{""roll_deg"":3.7,""pitch_deg"":3.9,""steady"":true}"
52.953,left_hand,og,acc,176734,"{""seq"":2571,""x_mg"":356,""y_mg"":-60,""z_mg"":900}"
52.953,left_hand,og,tilt,,"{""roll_deg"":3.7,""pitch_deg"":3.7,""steady"":true}"
52.985,left_hand,og,acc,176754,"{""seq"":2572,""x_mg"":344,""y_mg"":-52,""z_mg"":900}"
52.985,left_hand,og,tilt,,"{""roll_deg"":3.6,""pitch_deg"":3.5,""steady"":true}"
52.985,left_hand,og,acc,176775,"{""seq"":2573,""x_mg"":348,""y_mg"":-8,""z_mg"":916}"
52.985,left_hand,og,tilt,,"{""roll_deg"":3.6,""pitch_deg"":3.3,""steady"":true}"
53.016,left_hand,og,acc,176795,"{""seq"":2574,""x_mg"":348,""y_mg"":-36,""z_mg"":940}"
53.016,left_hand,og,tilt,,"{""roll_deg"":3.5,""pitch_deg"":3.1,""steady"":true}"
53.016,left_hand,og,acc,176816,"{""seq"":2575,""x_mg"":340,""y_mg"":-48,""z_mg"":928}"
53.016,left_hand,og,tilt,,"{""roll_deg"":3.5,""pitch_deg"":3.0,""steady"":true}"
53.047,left_hand,og,acc,176836,"{""seq"":2576,""x_mg"":328,""y_mg"":-44,""z_mg"":940}"
53.047,left_hand,og,tilt,,"{""roll_deg"":3.5,""pitch_deg"":2.8,""steady"":true}"
53.078,left_hand,og,acc,176857,"{""seq"":2577,""x_mg"":344,""y_mg"":-40,""z_mg"":948}"
53.078,left_hand,og,tilt,,"{""roll_deg"":3.5,""pitch_deg"":2.6,""steady"":true}"
53.078,left_hand,og,acc,176878,"{""seq"":2578,""x_mg"":340,""y_mg"":-28,""z_mg"":980}"
53.078,left_hand,og,tilt,,"{""roll_deg"":3.5,""pitch_deg"":2.3,""steady"":true}"
53.110,left_hand,og,acc,176898,"{""seq"":2579,""x_mg"":348,""y_mg"":-36,""z_mg"":980}"
53.110,left_hand,og,tilt,,"{""roll_deg"":3.5,""pitch_deg"":2.1,""steady"":true}"
53.141,left_hand,og,acc,176919,"{""seq"":2580,""x_mg"":344,""y_mg"":-40,""z_mg"":964}"
53.141,left_hand,og,tilt,,"{""roll_deg"":3.5,""pitch_deg"":1.9,""steady"":true}"
53.141,left_hand,og,acc,176939,"{""seq"":2581,""x_mg"":340,""y_mg"":-28,""z_mg"":968}"
53.141,left_hand,og,tilt,,"{""roll_deg"":3.6,""pitch_deg"":1.7,""steady"":true}"
53.172,left_hand,og,acc,176960,"{""seq"":2582,""x_mg"":320,""y_mg"":-12,""z_mg"":972}"
53.172,left_hand,og,tilt,,"{""roll_deg"":3.7,""pitch_deg"":1.6,""steady"":true}"
53.203,left_hand,og,acc,176980,"{""seq"":2583,""x_mg"":300,""y_mg"":4,""z_mg"":984}"
53.203,left_hand,og,tilt,,"{""roll_deg"":3.8,""pitch_deg"":1.4,""steady"":true}"
53.203,left_hand,og,acc,177001,"{""seq"":2584,""x_mg"":312,""y_mg"":-20,""z_mg"":988}"
53.203,left_hand,og,tilt,,"{""roll_deg"":3.9,""pitch_deg"":1.1,""steady"":true}"
53.235,left_hand,og,acc,177022,"{""seq"":2585,""x_mg"":308,""y_mg"":-56,""z_mg"":988}"
53.235,left_hand,og,tilt,,"{""roll_deg"":4.0,""pitch_deg"":0.8,""steady"":true}"
53.235,left_hand,og,acc,177042,"{""seq"":2586,""x_mg"":312,""y_mg"":-40,""z_mg"":992}"
53.235,left_hand,og,tilt,,"{""roll_deg"":4.1,""pitch_deg"":0.5,""steady"":true}"
53.250,left_hand,og,acc,177063,"{""seq"":2587,""x_mg"":280,""y_mg"":4,""z_mg"":968}"
53.250,left_hand,og,tilt,,"{""roll_deg"":4.2,""pitch_deg"":0.2,""steady"":true}"
53.282,left_hand,og,acc,177083,"{""seq"":2588,""x_mg"":272,""y_mg"":4,""z_mg"":980}"
53.282,left_hand,og,tilt,,"{""roll_deg"":4.3,""pitch_deg"":0.0,""steady"":true}"
53.313,left_hand,og,acc,177104,"{""seq"":2589,""x_mg"":276,""y_mg"":-44,""z_mg"":976}"
53.313,left_hand,og,tilt,,"{""roll_deg"":4.2,""pitch_deg"":-0.3,""steady"":true}"
53.313,left_hand,og,acc,177124,"{""seq"":2590,""x_mg"":284,""y_mg"":-88,""z_mg"":968}"
53.313,left_hand,og,tilt,,"{""roll_deg"":4.1,""pitch_deg"":-0.7,""steady"":true}"
53.344,left_hand,og,acc,177145,"{""seq"":2591,""x_mg"":272,""y_mg"":-104,""z_mg"":976}"
53.344,left_hand,og,tilt,,"{""roll_deg"":4.1,""pitch_deg"":-1.0,""steady"":true}"
53.375,left_hand,og,acc,177166,"{""seq"":2592,""x_mg"":260,""y_mg"":-92,""z_mg"":980}"
53.375,left_hand,og,tilt,,"{""roll_deg"":3.7,""pitch_deg"":-1.3,""steady"":true}"
53.375,left_hand,og,acc,177186,"{""seq"":2593,""x_mg"":268,""y_mg"":-44,""z_mg"":984}"
53.375,left_hand,og,tilt,,"{""roll_deg"":3.3,""pitch_deg"":-1.5,""steady"":true}"
53.407,left_hand,og,acc,177207,"{""seq"":2594,""x_mg"":264,""y_mg"":-48,""z_mg"":972}"
53.407,left_hand,og,tilt,,"{""roll_deg"":3.0,""pitch_deg"":-1.8,""steady"":true}"
53.453,left_hand,og,acc,177227,"{""seq"":2595,""x_mg"":260,""y_mg"":-72,""z_mg"":952}"
53.453,left_hand,og,tilt,,"{""roll_deg"":2.9,""pitch_deg"":-2.1,""steady"":true}"
53.453,left_hand,og,acc,177248,"{""seq"":2596,""x_mg"":264,""y_mg"":-108,""z_mg"":972}"
53.453,left_hand,og,tilt,,"{""roll_deg"":2.7,""pitch_deg"":-2.3,""steady"":true}"
53.469,left_hand,og,acc,177268,"{""seq"":2597,""x_mg"":268,""y_mg"":-72,""z_mg"":956}"
53.469,left_hand,og,tilt,,"{""roll_deg"":2.6,""pitch_deg"":-2.5,""steady"":true}"
53.500,left_hand,og,acc,177289,"{""seq"":2598,""x_mg"":272,""y_mg"":-32,""z_mg"":972}"
53.500,left_hand,og,tilt,,"{""roll_deg"":2.5,""pitch_deg"":-2.6,""steady"":true}"
53.532,left_hand,og,acc,177310,"{""seq"":2599,""x_mg"":260,""y_mg"":-48,""z_mg"":952}"
53.532,left_hand,og,tilt,,"{""roll_deg"":2.4,""pitch_deg"":-2.8,""steady"":true}"
53.532,left_hand,og,acc,177330,"{""seq"":2600,""x_mg"":268,""y_mg"":-112,""z_mg"":956}"
53.532,left_hand,og,tilt,,"{""roll_deg"":2.3,""pitch_deg"":-2.9,""steady"":true}"
53.563,left_hand,og,acc,177351,"{""seq"":2601,""x_mg"":268,""y_mg"":-136,""z_mg"":960}"
53.563,left_hand,og,tilt,,"{""roll_deg"":2.3,""pitch_deg"":-2.9,""steady"":true}"
53.594,left_hand,og,acc,177371,"{""seq"":2602,""x_mg"":264,""y_mg"":-108,""z_mg"":968}"
53.594,left_hand,og,tilt,,"{""roll_deg"":1.9,""pitch_deg"":-3.0,""steady"":true}"
53.594,left_hand,og,acc,177392,"{""seq"":2603,""x_mg"":264,""y_mg"":-56,""z_mg"":980}"
53.594,left_hand,og,tilt,,"{""roll_deg"":1.7,""pitch_deg"":-3.1,""steady"":true}"
53.625,left_hand,og,acc,177412,"{""seq"":2604,""x_mg"":260,""y_mg"":-72,""z_mg"":976}"
53.625,left_hand,og,tilt,,"{""roll_deg"":1.4,""pitch_deg"":-3.2,""steady"":true}"
53.657,left_hand,og,acc,177433,"{""seq"":2605,""x_mg"":260,""y_mg"":-92,""z_mg"":988}"
53.657,left_hand,og,tilt,,"{""roll_deg"":1.3,""pitch_deg"":-3.3,""steady"":true}"
53.657,left_hand,og,acc,177454,"{""seq"":2606,""x_mg"":268,""y_mg"":-120,""z_mg"":996}"
53.657,left_hand,og,tilt,,"{""roll_deg"":1.3,""pitch_deg"":-3.4,""steady"":true}"
53.688,left_hand,og,acc,177474,"{""seq"":2607,""x_mg"":272,""y_mg"":-140,""z_mg"":976}"
53.688,left_hand,og,tilt,,"{""roll_deg"":1.2,""pitch_deg"":-3.4,""steady"":true}"
53.719,left_hand,og,acc,177495,"{""seq"":2608,""x_mg"":272,""y_mg"":-112,""z_mg"":992}"
53.719,left_hand,og,tilt,,"{""roll_deg"":1.0,""pitch_deg"":-3.5,""steady"":true}"
53.719,left_hand,og,acc,177515,"{""seq"":2609,""x_mg"":280,""y_mg"":-56,""z_mg"":988}"
53.719,left_hand,og,tilt,,"{""roll_deg"":0.8,""pitch_deg"":-3.5,""steady"":true}"
53.750,left_hand,og,acc,177536,"{""seq"":2610,""x_mg"":284,""y_mg"":-96,""z_mg"":976}"
53.750,left_hand,og,tilt,,"{""roll_deg"":0.7,""pitch_deg"":-3.5,""steady"":true}"
53.750,left_hand,og,acc,177556,"{""seq"":2611,""x_mg"":288,""y_mg"":-88,""z_mg"":972}"
53.750,left_hand,og,tilt,,"{""roll_deg"":0.6,""pitch_deg"":-3.5,""steady"":true}"
53.782,left_hand,og,acc,177577,"{""seq"":2612,""x_mg"":284,""y_mg"":-88,""z_mg"":960}"
53.782,left_hand,og,tilt,,"{""roll_deg"":0.7,""pitch_deg"":-3.4,""steady"":true}"
53.813,left_hand,og,acc,177598,"{""seq"":2613,""x_mg"":284,""y_mg"":-96,""z_mg"":956}"
53.813,left_hand,og,tilt,,"{""roll_deg"":0.7,""pitch_deg"":-3.3,""steady"":true}"
53.813,left_hand,og,acc,177618,"{""seq"":2614,""x_mg"":292,""y_mg"":-120,""z_mg"":956}"
53.813,left_hand,og,tilt,,"{""roll_deg"":0.6,""pitch_deg"":-3.2,""steady"":true}"
53.844,left_hand,og,acc,177639,"{""seq"":2615,""x_mg"":292,""y_mg"":-120,""z_mg"":972}"
53.844,left_hand,og,tilt,,"{""roll_deg"":0.6,""pitch_deg"":-3.2,""steady"":true}"
53.875,left_hand,og,acc,177659,"{""seq"":2616,""x_mg"":284,""y_mg"":-96,""z_mg"":948}"
53.875,left_hand,og,tilt,,"{""roll_deg"":0.6,""pitch_deg"":-3.1,""steady"":true}"
53.875,left_hand,og,acc,177680,"{""seq"":2617,""x_mg"":280,""y_mg"":-96,""z_mg"":940}"
53.875,left_hand,og,tilt,,"{""roll_deg"":0.5,""pitch_deg"":-3.0,""steady"":true}"
53.907,left_hand,og,acc,177700,"{""seq"":2618,""x_mg"":304,""y_mg"":-124,""z_mg"":968}"
53.907,left_hand,og,tilt,,"{""roll_deg"":0.3,""pitch_deg"":-2.9,""steady"":true}"
53.938,left_hand,og,acc,177721,"{""seq"":2619,""x_mg"":292,""y_mg"":-136,""z_mg"":960}"
53.938,left_hand,og,tilt,,"{""roll_deg"":0.2,""pitch_deg"":-2.8,""steady"":true}"
53.938,left_hand,og,acc,177741,"{""seq"":2620,""x_mg"":296,""y_mg"":-116,""z_mg"":944}"
53.938,left_hand,og,tilt,,"{""roll_deg"":0.0,""pitch_deg"":-2.8,""steady"":true}"
53.969,left_hand,og,acc,177762,"{""seq"":2621,""x_mg"":288,""y_mg"":-72,""z_mg"":952}"
53.969,left_hand,og,tilt,,"{""roll_deg"":-0.1,""pitch_deg"":-2.7,""steady"":true}"
54.000,left_hand,og,acc,177783,"{""seq"":2622,""x_mg"":300,""y_mg"":-96,""z_mg"":932}"
54.000,left_hand,og,tilt,,"{""roll_deg"":-0.2,""pitch_deg"":-2.6,""steady"":true}"
54.000,left_hand,og,acc,177803,"{""seq"":2623,""x_mg"":292,""y_mg"":-112,""z_mg"":928}"
54.000,left_hand,og,tilt,,"{""roll_deg"":-0.3,""pitch_deg"":-2.5,""steady"":true}"
54.032,left_hand,og,acc,177824,"{""seq"":2624,""x_mg"":312,""y_mg"":-108,""z_mg"":940}"
54.032,left_hand,og,tilt,,"{""roll_deg"":-0.3,""pitch_deg"":-2.4,""steady"":true}"
54.063,left_hand,og,acc,177844,"{""seq"":2625,""x_mg"":304,""y_mg"":-112,""z_mg"":924}"
54.063,left_hand,og,tilt,,"{""roll_deg"":-0.3,""pitch_deg"":-2.2,""steady"":true}"
54.063,left_hand,og,acc,177865,"{""seq"":2626,""x_mg"":308,""y_mg"":-116,""z_mg"":916}"
54.063,left_hand,og,tilt,,"{""roll_deg"":-0.4,""pitch_deg"":-2.1,""steady"":true}"
54.094,left_hand,og,acc,177885,"{""seq"":2627,""x_mg"":304,""y_mg"":-100,""z_mg"":932}"
54.094,left_hand,og,tilt,,"{""roll_deg"":-0.5,""pitch_deg"":-1.9,""steady"":true}"
54.110,left_hand,og,acc,177906,"{""seq"":2628,""x_mg"":304,""y_mg"":-104,""z_mg"":936}"
54.110,left_hand,og,tilt,,"{""roll_deg"":-0.5,""pitch_deg"":-1.8,""steady"":true}"
54.141,left_hand,og,acc,177927,"{""seq"":2629,""x_mg"":308,""y_mg"":-116,""z_mg"":936}"
54.141,left_hand,og,tilt,,"{""roll_deg"":-0.5,""pitch_deg"":-1.7,""steady"":true}"
54.141,left_hand,og,acc,177947,"{""seq"":2630,""x_mg"":316,""y_mg"":-108,""z_mg"":932}"
54.141,left_hand,og,tilt,,"{""roll_deg"":-0.5,""pitch_deg"":-1.6,""steady"":true}"
54.188,left_hand,og,acc,177968,"{""seq"":2631,""x_mg"":308,""y_mg"":-124,""z_mg"":924}"
54.188,left_hand,og,tilt,,"{""roll_deg"":-0.5,""pitch_deg"":-1.5,""steady"":true}"
54.219,left_hand,og,acc,177988,"{""seq"":2632,""x_mg"":320,""y_mg"":-108,""z_mg"":936}"
54.219,left_hand,og,tilt,,"{""roll_deg"":-0.5,""pitch_deg"":-1.4,""steady"":true}"
54.219,left_hand,og,acc,178009,"{""seq"":2633,""x_mg"":328,""y_mg"":-152,""z_mg"":936}"
54.219,left_hand,og,tilt,,"{""roll_deg"":-0.6,""pitch_deg"":-1.3,""steady"":true}"
54.250,left_hand,og,acc,178029,"{""seq"":2634,""x_mg"":320,""y_mg"":-140,""z_mg"":928}"
54.250,left_hand,og,tilt,,"{""roll_deg"":-0.7,""pitch_deg"":-1.1,""steady"":true}"
54.250,left_hand,og,acc,178050,"{""seq"":2635,""x_mg"":324,""y_mg"":-120,""z_mg"":940}"
54.250,left_hand,og,tilt,,"{""roll_deg"":-0.8,""pitch_deg"":-1.0,""steady"":true}"
54.282,left_hand,og,acc,178071,"{""seq"":2636,""x_mg"":324,""y_mg"":-108,""z_mg"":940}"
54.282,left_hand,og,tilt,,"{""roll_deg"":-0.9,""pitch_deg"":-0.9,""steady"":true}"
54.313,left_hand,og,acc,178091,"{""seq"":2637,""x_mg"":340,""y_mg"":-132,""z_mg"":928}"
54.313,left_hand,og,tilt,,"{""roll_deg"":-1.0,""pitch_deg"":-0.8,""steady"":true}"
54.313,left_hand,og,acc,178112,"{""seq"":2638,""x_mg"":344,""y_mg"":-140,""z_mg"":944}"
54.313,left_hand,og,tilt,,"{""roll_deg"":-1.1,""pitch_deg"":-0.7,""steady"":true}"
54.344,left_hand,og,acc,178132,"{""seq"":2639,""x_mg"":336,""y_mg"":-120,""z_mg"":932}"
54.344,left_hand,og,tilt,,"{""roll_deg"":-1.2,""pitch_deg"":-0.5,""steady"":true}"
54.375,left_hand,og,acc,178153,"{""seq"":2640,""x_mg"":320,""y_mg"":-108,""z_mg"":940}"
54.375,left_hand,og,tilt,,"{""roll_deg"":-1.2,""pitch_deg"":-0.4,""steady"":true}"
54.375,left_hand,og,acc,178173,"{""seq"":2641,""x_mg"":332,""y_mg"":-132,""z_mg"":928}"
54.375,left_hand,og,tilt,,"{""roll_deg"":-1.3,""pitch_deg"":-0.3,""steady"":true}"
54.407,left_hand,og,acc,178194,"{""seq"":2642,""x_mg"":340,""y_mg"":-140,""z_mg"":924}"
54.407,left_hand,og,tilt,,"{""roll_deg"":-1.4,""pitch_deg"":-0.1,""steady"":true}"
54.438,left_hand,og,acc,178214,"{""seq"":2643,""x_mg"":340,""y_mg"":-136,""z_mg"":932}"
54.438,left_hand,og,tilt,,"{""roll_deg"":-1.5,""pitch_deg"":-0.0,""steady"":true}"
54.438,left_hand,og,acc,178235,"{""seq"":2644,""x_mg"":324,""y_mg"":-104,""z_mg"":920}"
54.438,left_hand,og,tilt,,"{""roll_deg"":-1.5,""pitch_deg"":0.0,""steady"":true}"
54.469,left_hand,og,acc,178256,"{""seq"":2645,""x_mg"":328,""y_mg"":-104,""z_mg"":924}"
54.469,left_hand,og,tilt,,"{""roll_deg"":-1.6,""pitch_deg"":0.1,""steady"":true}"
54.469,left_hand,og,acc,178276,"{""seq"":2646,""x_mg"":320,""y_mg"":-104,""z_mg"":928}"
54.469,left_hand,og,tremor,,"{""rms_mg"":33.2,""peak_hz"":7.8}"
54.469,left_hand,og,tilt,,"{""roll_deg"":-1.5,""pitch_deg"":0.2,""steady"":true}"
54.500,left_hand,og,acc,178297,"{""seq"":2647,""x_mg"":332,""y_mg"":-116,""z_mg"":932}"
54.500,left_hand,og,tilt,,"{""roll_deg"":-1.3,""pitch_deg"":0.2,""steady"":true}"
54.532,left_hand,og,acc,178317,"{""seq"":2648,""x_mg"":332,""y_mg"":-120,""z_mg"":920}"
54.532,left_hand,og,tilt,,"{""roll_deg"":-1.2,""pitch_deg"":0.2,""steady"":true}"
54.532,left_hand,og,acc,178338,"{""seq"":2649,""x_mg"":324,""y_mg"":-104,""z_mg"":932}"
54.532,left_hand,og,tilt,,"{""roll_deg"":-1.1,""pitch_deg"":0.3,""steady"":true}"
54.563,left_hand,og,acc,178358,"{""seq"":2650,""x_mg"":332,""y_mg"":-128,""z_mg"":928}"
54.563,left_hand,og,tilt,,"{""roll_deg"":-1.1,""pitch_deg"":0.3,""steady"":true}"
54.594,left_hand,og,acc,178379,"{""seq"":2651,""x_mg"":332,""y_mg"":-124,""z_mg"":936}"
54.594,left_hand,og,tilt,,"{""roll_deg"":-1.2,""pitch_deg"":0.3,""steady"":true}"
54.594,left_hand,og,acc,178400,"{""seq"":2652,""x_mg"":336,""y_mg"":-124,""z_mg"":936}"
54.594,left_hand,og,tilt,,"{""roll_deg"":-1.2,""pitch_deg"":0.3,""steady"":true}"
54.625,left_hand,og,acc,178420,"{""seq"":2653,""x_mg"":340,""y_mg"":-120,""z_mg"":940}"
54.625,left_hand,og,tilt,,"{""roll_deg"":-1.2,""pitch_deg"":0.4,""steady"":true}"
54.657,left_hand,og,acc,178441,"{""seq"":2654,""x_mg"":332,""y_mg"":-124,""z_mg"":924}"
54.657,left_hand,og,tilt,,"{""roll_deg"":-1.3,""pitch_deg"":0.4,""steady"":true}"
54.657,left_hand,og,acc,178461,"{""seq"":2655,""x_mg"":348,""y_mg"":-124,""z_mg"":924}"
54.657,left_hand,og,tilt,,"{""roll_deg"":-1.3,""pitch_deg"":0.4,""steady"":true}"
54.703,left_hand,og,acc,178482,"{""seq"":2656,""x_mg"":340,""y_mg"":-116,""z_mg"":920}"
54.703,left_hand,og,tilt,,"{""roll_deg"":-1.3,""pitch_deg"":0.5,""steady"":true}"
54.703,left_hand,og,acc,178502,"{""seq"":2657,""x_mg"":340,""y_mg"":-104,""z_mg"":936}"
54.703,left_hand,og,tilt,,"{""roll_deg"":-1.3,""pitch_deg"":0.5,""steady"":true}"
54.719,left_hand,og,acc,178523,"{""seq"":2658,""x_mg"":348,""y_mg"":-108,""z_mg"":940}"
54.719,left_hand,og,tilt,,"{""roll_deg"":-1.3,""pitch_deg"":0.6,""steady"":true}"
54.750,left_hand,og,acc,178544,"{""seq"":2659,""x_mg"":340,""y_mg"":-120,""z_mg"":936}"
54.750,left_hand,og,tilt,,"{""roll_deg"":-1.3,""pitch_deg"":0.7,""steady"":true}"
54.782,left_hand,og,acc,178564,"{""seq"":2660,""x_mg"":340,""y_mg"":-128,""z_mg"":928}"
54.782,left_hand,og,tilt,,"{""roll_deg"":-1.3,""pitch_deg"":0.7,""steady"":true}"
54.813,left_hand,og,acc,178585,"{""seq"":2661,""x_mg"":332,""y_mg"":-108,""z_mg"":936}"
54.813,left_hand,og,tilt,,"{""roll_deg"":-1.2,""pitch_deg"":0.7,""steady"":true}"
54.813,left_hand,og,acc,178605,"{""seq"":2662,""x_mg"":348,""y_mg"":-116,""z_mg"":924}"
54.813,left_hand,og,tilt,,"{""roll_deg"":-1.2,""pitch_deg"":0.8,""steady"":true}"
54.844,left_hand,og,acc,178626,"{""seq"":2663,""x_mg"":356,""y_mg"":-116,""z_mg"":936}"
54.844,left_hand,og,tilt,,"{""roll_deg"":-1.2,""pitch_deg"":0.8,""steady"":true}"
54.875,left_hand,og,acc,178646,"{""seq"":2664,""x_mg"":352,""y_mg"":-132,""z_mg"":928}"
54.875,left_hand,og,tilt,,"{""roll_deg"":-1.2,""pitch_deg"":0.9,""steady"":true}"
54.875,left_hand,og,acc,178667,"{""seq"":2665,""x_mg"":352,""y_mg"":-108,""z_mg"":932}"
54.875,left_hand,og,tilt,,"{""roll_deg"":-1.2,""pitch_deg"":1.0,""steady"":true}"
54.907,left_hand,og,acc,178688,"{""seq"":2666,""x_mg"":356,""y_mg"":-112,""z_mg"":932}"
54.907,left_hand,og,tilt,,"{""roll_deg"":-1.1,""pitch_deg"":1.1,""steady"":true}"
54.907,left_hand,og,acc,178708,"{""seq"":2667,""x_mg"":344,""y_mg"":-100,""z_mg"":924}"
54.907,left_hand,og,tilt,,"{""roll_deg"":-1.1,""pitch_deg"":1.1,""steady"":true}"
54.922,left_hand,og,acc,178729,"{""seq"":2668,""x_mg"":344,""y_mg"":-120,""z_mg"":948}"
54.922,left_hand,og,tilt,,"{""roll_deg"":-1.1,""pitch_deg"":1.2,""steady"":true}"
54.953,left_hand,og,acc,178749,"{""seq"":2669,""x_mg"":344,""y_mg"":-124,""z_mg"":928}"
54.953,left_hand,og,tilt,,"{""roll_deg"":-1.0,""pitch_deg"":1.2,""steady"":true}"
54.985,left_hand,og,acc,178770,"{""seq"":2670,""x_mg"":348,""y_mg"":-116,""z_mg"":944}"
54.985,left_hand,og,tilt,,"{""roll_deg"":-1.0,""pitch_deg"":1.2,""steady"":true}"
55.016,left_hand,og,acc,178790,"{""seq"":2671,""x_mg"":364,""y_mg"":-124,""z_mg"":932}"
55.016,left_hand,og,tilt,,"{""roll_deg"":-1.1,""pitch_deg"":1.2,""steady"":true}"
55.016,left_hand,og,acc,178811,"{""seq"":2672,""x_mg"":356,""y_mg"":-100,""z_mg"":932}"
55.016,left_hand,og,tilt,,"{""roll_deg"":-1.1,""pitch_deg"":1.2,""steady"":true}"
55.047,left_hand,og,acc,178832,"{""seq"":2673,""x_mg"":344,""y_mg"":-100,""z_mg"":932}"
55.047,left_hand,og,tilt,,"{""roll_deg"":-1.1,""pitch_deg"":1.2,""steady"":true}"
55.047,left_hand,og,acc,178852,"{""seq"":2674,""x_mg"":348,""y_mg"":-108,""z_mg"":916}"
55.047,left_hand,og,tilt,,"{""roll_deg"":-1.0,""pitch_deg"":1.3,""steady"":true}"
55.078,left_hand,og,acc,178873,"{""seq"":2675,""x_mg"":348,""y_mg"":-112,""z_mg"":932}"
55.078,left_hand,og,tilt,,"{""roll_deg"":-1.0,""pitch_deg"":1.3,""steady"":true}"
55.110,left_hand,og,acc,178893,"{""seq"":2676,""x_mg"":352,""y_mg"":-120,""z_mg"":928}"
55.110,left_hand,og,tilt,,"{""roll_deg"":-0.9,""pitch_deg"":1.4,""steady"":true}"
55.110,left_hand,og,acc,178914,"{""seq"":2677,""x_mg"":352,""y_mg"":-104,""z_mg"":928}"
55.110,left_hand,og,tilt,,"{""roll_deg"":-0.9,""pitch_deg"":1.4,""steady"":true}"
55.125,left_hand,og,acc,178934,"{""seq"":2678,""x_mg"":356,""y_mg"":-108,""z_mg"":916}"
55.125,left_hand,og,tilt,,"{""roll_deg"":-0.9,""pitch_deg"":1.5,""steady"":true}"
55.157,left_hand,og,acc,178955,"{""seq"":2679,""x_mg"":344,""y_mg"":-112,""z_mg"":920}"
55.157,left_hand,og,tilt,,"{""roll_deg"":-0.9,""pitch_deg"":1.5,""steady"":true}"
55.188,left_hand,og,acc,178975,"{""seq"":2680,""x_mg"":356,""y_mg"":-120,""z_mg"":924}"
55.188,left_hand,og,tilt,,"{""roll_deg"":-0.9,""pitch_deg"":1.5,""steady"":true}"
55.219,left_hand,og,acc,178996,"{""seq"":2681,""x_mg"":344,""y_mg"":-132,""z_mg"":928}"
55.219,left_hand,og,tilt,,"{""roll_deg"":-0.9,""pitch_deg"":1.5,""steady"":true}"
55.219,left_hand,og,acc,179017,"{""seq"":2682,""x_mg"":336,""y_mg"":-128,""z_mg"":944}"
55.219,left_hand,og,tilt,,"{""roll_deg"":-1.0,""pitch_deg"":1.5,""steady"":true}"
55.250,left_hand,og,acc,179037,"{""seq"":2683,""x_mg"":356,""y_mg"":-132,""z_mg"":928}"
55.250,left_hand,og,tilt,,"{""roll_deg"":-1.0,""pitch_deg"":1.5,""steady"":true}"
55.250,left_hand,og,acc,179058,"{""seq"":2684,""x_mg"":344,""y_mg"":-116,""z_mg"":920}"
55.250,left_hand,og,tilt,,"{""roll_deg"":-1.1,""pitch_deg"":1.5,""steady"":true}"
55.282,left_hand,og,acc,179078,"{""seq"":2685,""x_mg"":360,""y_mg"":-112,""z_mg"":936}"
55.282,left_hand,og,tilt,,"{""roll_deg"":-1.2,""pitch_deg"":1.5,""steady"":true}"
55.313,left_hand,og,acc,179099,"{""seq"":2686,""x_mg"":344,""y_mg"":-108,""z_mg"":924}"
55.313,left_hand,og,tilt,,"{""roll_deg"":-1.2,""pitch_deg"":1.5,""steady"":true}"
55.313,left_hand,og,acc,179119,"{""seq"":2687,""x_mg"":352,""y_mg"":-120,""z_mg"":928}"
55.313,left_hand,og,tilt,,"{""roll_deg"":-1.2,""pitch_deg"":1.5,""steady"":true}"
55.328,left_hand,og,acc,179140,"{""seq"":2688,""x_mg"":352,""y_mg"":-120,""z_mg"":932}"
55.328,left_hand,og,tilt,,"{""roll_deg"":-1.2,""pitch_deg"":1.5,""steady"":true}"
55.360,left_hand,og,acc,179161,"{""seq"":2689,""x_mg"":344,""y_mg"":-100,""z_mg"":944}"
55.360,left_hand,og,tilt,,"{""roll_deg"":-1.1,""pitch_deg"":1.5,""steady"":true}"
55.391,left_hand,og,acc,179181,"{""seq"":2690,""x_mg"":352,""y_mg"":-120,""z_mg"":940}"
55.391,left_hand,og,tilt,,"{""roll_deg"":-1.2,""pitch_deg"":1.5,""steady"":true}"
55.391,left_hand,og,acc,179202,"{""seq"":2691,""x_mg"":352,""y_mg"":-136,""z_mg"":936}"
55.391,left_hand,og,tilt,,"{""roll_deg"":-1.2,""pitch_deg"":1.5,""steady"":true}"
55.422,left_hand,og,acc,179222,"{""seq"":2692,""x_mg"":364,""y_mg"":-112,""z_mg"":928}"
55.422,left_hand,og,tilt,,"{""roll_deg"":-1.2,""pitch_deg"":1.5,""steady"":true}"
55.453,left_hand,og,acc,179243,"{""seq"":2693,""x_mg"":356,""y_mg"":-100,""z_mg"":920}"
55.453,left_hand,og,tilt,,"{""roll_deg"":-1.1,""pitch_deg"":1.5,""steady"":true}"
55.453,left_hand,og,acc,179263,"{""seq"":2694,""x_mg"":344,""y_mg"":-104,""z_mg"":912}"
55.453,left_hand,og,tilt,,"{""roll_deg"":-1.1,""pitch_deg"":1.5,""steady"":true}"
55.485,left_hand,og,acc,179284,"{""seq"":2695,""x_mg"":352,""y_mg"":-120,""z_mg"":924}"
55.485,left_hand,og,tilt,,"{""roll_deg"":-1.1,""pitch_deg"":1.6,""steady"":true}"
55.532,left_hand,og,acc,179305,"{""seq"":2696,""x_mg"":348,""y_mg"":-120,""z_mg"":928}"
55.532,left_hand,og,tilt,,"{""roll_deg"":-1.1,""pitch_deg"":1.6,""steady"":true}"
55.532,left_hand,og,acc,179325,"{""seq"":2697,""x_mg"":356,""y_mg"":-124,""z_mg"":928}"
55.532,left_hand,og,tilt,,"{""roll_deg"":-1.1,""pitch_deg"":1.6,""steady"":true}"
55.547,left_hand,og,acc,179346,"{""seq"":2698,""x_mg"":352,""y_mg"":-112,""z_mg"":940}"
55.547,left_hand,og,tilt,,"{""roll_deg"":-1.1,""pitch_deg"":1.6,""steady"":true}"
55.578,left_hand,og,acc,179366,"{""seq"":2699,""x_mg"":348,""y_mg"":-120,""z_mg"":928}"
55.578,left_hand,og,tilt,,"{""roll_deg"":-1.1,""pitch_deg"":1.6,""steady"":true}"
55.610,left_hand,og,acc,179387,"{""seq"":2700,""x_mg"":356,""y_mg"":-124,""z_mg"":928}"
55.610,left_hand,og,tilt,,"{""roll_deg"":-1.2,""pitch_deg"":1.6,""steady"":true}"
55.610,left_hand,og,acc,179407,"{""seq"":2701,""x_mg"":356,""y_mg"":-112,""z_mg"":928}"
55.610,left_hand,og,tilt,,"{""roll_deg"":-1.2,""pitch_deg"":1.6,""steady"":true}"
55.641,left_hand,og,acc,179428,"{""seq"":2702,""x_mg"":348,""y_mg"":-124,""z_mg"":932}"
55.641,left_hand,og,tilt,,"{""roll_deg"":-1.2,""pitch_deg"":1.6,""steady"":true}"
55.672,left_hand,og,acc,179449,"{""seq"":2703,""x_mg"":344,""y_mg"":-124,""z_mg"":916}"
55.672,left_hand,og,tilt,,"{""roll_deg"":-1.3,""pitch_deg"":1.6,""steady"":true}"
55.672,left_hand,og,acc,179469,"{""seq"":2704,""x_mg"":360,""y_mg"":-112,""z_mg"":928}"
55.672,left_hand,og,tilt,,"{""roll_deg"":-1.3,""pitch_deg"":1.6,""steady"":true}"
55.703,left_hand,og,acc,179490,"{""seq"":2705,""x_mg"":364,""y_mg"":-128,""z_mg"":924}"
55.703,left_hand,og,tilt,,"{""roll_deg"":-1.3,""pitch_deg"":1.7,""steady"":true}"
55.735,left_hand,og,acc,179510,"{""seq"":2706,""x_mg"":356,""y_mg"":-132,""z_mg"":928}"
55.735,left_hand,og,tilt,,"{""roll_deg"":-1.4,""pitch_deg"":1.7,""steady"":true}"
55.735,left_hand,og,acc,179531,"{""seq"":2707,""x_mg"":348,""y_mg"":-112,""z_mg"":928}"
55.735,left_hand,og,tilt,,"{""roll_deg"":-1.4,""pitch_deg"":1.7,""steady"":true}"
55.766,left_hand,og,acc,179551,"{""seq"":2708,""x_mg"":344,""y_mg"":-112,""z_mg"":928}"
55.766,left_hand,og,tilt,,"{""roll_deg"":-1.3,""pitch_deg"":1.7,""steady"":true}"
55.782,left_hand,og,acc,179572,"{""seq"":2709,""x_mg"":352,""y_mg"":-112,""z_mg"":924}"
55.782,left_hand,og,tilt,,"{""roll_deg"":-1.3,""pitch_deg"":1.7,""steady"":true}"
55.813,left_hand,og,acc,179593,"{""seq"":2710,""x_mg"":348,""y_mg"":-120,""z_mg"":924}"
55.813,left_hand,og,tilt,,"{""roll_deg"":-1.2,""pitch_deg"":1.7,""steady"":true}"
55.813,left_hand,og,acc,179613,"{""seq"":2711,""x_mg"":360,""y_mg"":-128,""z_mg"":924}"
55.813,left_hand,og,tilt,,"{""roll_deg"":-1.2,""pitch_deg"":1.7,""steady"":true}"
55.844,left_hand,og,acc,179634,"{""seq"":2712,""x_mg"":344,""y_mg"":-108,""z_mg"":920}"
55.844,left_hand,og,tilt,,"{""roll_deg"":-1.2,""pitch_deg"":1.7,""steady"":true}"
55.875,left_hand,og,acc,179654,"{""seq"":2713,""x_mg"":356,""y_mg"":-124,""z_mg"":924}"
55.875,left_hand,og,tilt,,"{""roll_deg"":-1.2,""pitch_deg"":1.7,""steady"":true}"
55.875,left_hand,og,acc,179675,"{""seq"":2714,""x_mg"":348,""y_mg"":-112,""z_mg"":936}"
55.875,left_hand,og,tilt,,"{""roll_deg"":-1.2,""pitch_deg"":1.7,""steady"":true}"
55.907,left_hand,og,acc,179695,"{""seq"":2715,""x_mg"":352,""y_mg"":-112,""z_mg"":928}"
55.907,left_hand,og,tilt,,"{""roll_deg"":-1.2,""pitch_deg"":1.7,""steady"":true}"
55.907,left_hand,og,acc,179716,"{""seq"":2716,""x_mg"":356,""y_mg"":-124,""z_mg"":920}"
55.907,left_hand,og,tilt,,"{""roll_deg"":-1.1,""pitch_deg"":1.7,""steady"":true}"
55.938,left_hand,og,acc,179737,"{""seq"":2717,""x_mg"":352,""y_mg"":-124,""z_mg"":932}"
55.938,left_hand,og,tilt,,"{""roll_deg"":-1.2,""pitch_deg"":1.7,""steady"":true}"
55.953,left_hand,og,acc,179757,"{""seq"":2718,""x_mg"":352,""y_mg"":-108,""z_mg"":932}"
55.953,left_hand,og,tilt,,"{""roll_deg"":-1.1,""pitch_deg"":1.7,""steady"":true}"
55.985,left_hand,og,acc,179778,"{""seq"":2719,""x_mg"":352,""y_mg"":-116,""z_mg"":932}"
55.985,left_hand,og,tilt,,"{""roll_deg"":-1.1,""pitch_deg"":1.7,""steady"":true}"
56.016,left_hand,og,acc,179798,"{""seq"":2720,""x_mg"":348,""y_mg"":-112,""z_mg"":924}"
56.016,left_hand,og,tilt,,"{""roll_deg"":-1.1,""pitch_deg"":1.7,""steady"":true}"
56.016,left_hand,og,acc,179819,"{""seq"":2721,""x_mg"":356,""y_mg"":-120,""z_mg"":936}"
56.016,left_hand,og,tilt,,"{""roll_deg"":-1.1,""pitch_deg"":1.6,""steady"":true}"
56.047,left_hand,og,acc,179839,"{""seq"":2722,""x_mg"":356,""y_mg"":-120,""z_mg"":928}"
56.047,left_hand,og,tilt,,"{""roll_deg"":-1.1,""pitch_deg"":1.6,""steady"":true}"
56.078,left_hand,og,acc,179860,"{""seq"":2723,""x_mg"":344,""y_mg"":-124,""z_mg"":924}"
56.078,left_hand,og,tilt,,"{""roll_deg"":-1.1,""pitch_deg"":1.6,""steady"":true}"
56.078,left_hand,og,acc,179880,"{""seq"":2724,""x_mg"":360,""y_mg"":-132,""z_mg"":924}"
56.078,left_hand,og,tilt,,"{""roll_deg"":-1.2,""pitch_deg"":1.7,""steady"":true}"
56.110,left_hand,og,acc,179901,"{""seq"":2725,""x_mg"":356,""y_mg"":-120,""z_mg"":920}"
56.110,left_hand,og,tilt,,"{""roll_deg"":-1.2,""pitch_deg"":1.7,""steady"":true}"
56.110,left_hand,og,acc,179922,"{""seq"":2726,""x_mg"":344,""y_mg"":-116,""z_mg"":928}"
56.110,left_hand,og,tilt,,"{""roll_deg"":-1.2,""pitch_deg"":1.7,""steady"":true}"
56.125,,game,hold_complete,,"{""tx"":0,""ty"":1,""mean_dist_deg"":1.44,""tolerance"":3.0}"
56.141,left_hand,og,acc,179942,"{""seq"":2727,""x_mg"":344,""y_mg"":-124,""z_mg"":928}"
56.141,left_hand,og,tilt,,"{""roll_deg"":-1.3,""pitch_deg"":1.7,""steady"":true}"
56.172,left_hand,og,acc,179963,"{""seq"":2728,""x_mg"":344,""y_mg"":-92,""z_mg"":928}"
56.172,left_hand,og,tilt,,"{""roll_deg"":-1.3,""pitch_deg"":1.6,""steady"":true}"
56.172,left_hand,og,acc,179983,"{""seq"":2729,""x_mg"":348,""y_mg"":-124,""z_mg"":928}"
56.172,left_hand,og,tilt,,"{""roll_deg"":-1.3,""pitch_deg"":1.6,""steady"":true}"
56.235,left_hand,og,acc,180004,"{""seq"":2730,""x_mg"":356,""y_mg"":-128,""z_mg"":920}"
56.235,left_hand,og,tilt,,"{""roll_deg"":-1.3,""pitch_deg"":1.5,""steady"":true}"
56.235,left_hand,og,acc,180024,"{""seq"":2731,""x_mg"":356,""y_mg"":-128,""z_mg"":920}"
56.235,left_hand,og,tilt,,"{""roll_deg"":-1.4,""pitch_deg"":1.5,""steady"":true}"
56.266,left_hand,og,acc,180045,"{""seq"":2732,""x_mg"":348,""y_mg"":-124,""z_mg"":924}"
56.266,left_hand,og,tilt,,"{""roll_deg"":-1.4,""pitch_deg"":1.5,""steady"":true}"
56.266,left_hand,og,acc,180066,"{""seq"":2733,""x_mg"":340,""y_mg"":-120,""z_mg"":924}"
56.266,left_hand,og,tilt,,"{""roll_deg"":-1.4,""pitch_deg"":1.5,""steady"":true}"
56.297,left_hand,og,acc,180086,"{""seq"":2734,""x_mg"":348,""y_mg"":-112,""z_mg"":924}"
56.297,left_hand,og,tilt,,"{""roll_deg"":-1.4,""pitch_deg"":1.5,""steady"":true}"
56.328,left_hand,og,acc,180107,"{""seq"":2735,""x_mg"":356,""y_mg"":-96,""z_mg"":936}"
56.328,left_hand,og,tilt,,"{""roll_deg"":-1.4,""pitch_deg"":1.5,""steady"":true}"
56.328,left_hand,og,acc,180127,"{""seq"":2736,""x_mg"":352,""y_mg"":-132,""z_mg"":932}"
56.328,left_hand,og,tilt,,"{""roll_deg"":-1.4,""pitch_deg"":1.5,""steady"":true}"
56.360,left_hand,og,acc,180148,"{""seq"":2737,""x_mg"":356,""y_mg"":-132,""z_mg"":928}"
56.360,left_hand,og,tilt,,"{""roll_deg"":-1.4,""pitch_deg"":1.5,""steady"":true}"
56.375,left_hand,og,acc,180168,"{""seq"":2738,""x_mg"":352,""y_mg"":-112,""z_mg"":928}"
56.375,left_hand,og,tilt,,"{""roll_deg"":-1.4,""pitch_deg"":1.6,""steady"":true}"
56.375,left_hand,og,acc,180189,"{""seq"":2739,""x_mg"":348,""y_mg"":-104,""z_mg"":944}"
56.375,left_hand,og,tilt,,"{""roll_deg"":-1.3,""pitch_deg"":1.6,""steady"":true}"
56.407,left_hand,og,acc,180210,"{""seq"":2740,""x_mg"":364,""y_mg"":-116,""z_mg"":964}"
56.407,left_hand,og,tilt,,"{""roll_deg"":-1.2,""pitch_deg"":1.6,""steady"":true}"
56.438,left_hand,og,acc,180230,"{""seq"":2741,""x_mg"":364,""y_mg"":-116,""z_mg"":992}"
56.438,left_hand,og,tilt,,"{""roll_deg"":-1.2,""pitch_deg"":1.6,""steady"":true}"
56.469,left_hand,og,acc,180251,"{""seq"":2742,""x_mg"":352,""y_mg"":-80,""z_mg"":1004}"
56.469,left_hand,og,tilt,,"{""roll_deg"":-1.1,""pitch_deg"":1.5,""steady"":true}"
56.469,left_hand,og,acc,180271,"{""seq"":2743,""x_mg"":372,""y_mg"":-84,""z_mg"":1004}"
56.469,left_hand,og,tilt,,"{""roll_deg"":-1.0,""pitch_deg"":1.5,""steady"":true}"
56.500,left_hand,og,acc,180292,"{""seq"":2744,""x_mg"":372,""y_mg"":-68,""z_mg"":1008}"
56.500,left_hand,og,tremor,,"{""rms_mg"":18.8,""peak_hz"":10.1}"
56.500,left_hand,og,tilt,,"{""roll_deg"":-0.8,""pitch_deg"":1.4,""steady"":true}"
56.532,left_hand,og,acc,180312,"{""seq"":2745,""x_mg"":392,""y_mg"":-44,""z_mg"":1028}"
56.532,left_hand,og,tilt,,"{""roll_deg"":-0.5,""pitch_deg"":1.4,""steady"":true}"
56.532,left_hand,og,acc,180333,"{""seq"":2746,""x_mg"":400,""y_mg"":-48,""z_mg"":1068}"
56.532,left_hand,og,tilt,,"{""roll_deg"":-0.2,""pitch_deg"":1.4,""steady"":true}"
56.563,left_hand,og,acc,180354,"{""seq"":2747,""x_mg"":432,""y_mg"":-64,""z_mg"":1052}"
56.563,left_hand,og,tilt,,"{""roll_deg"":0.2,""pitch_deg"":1.4,""steady"":true}"
56.578,left_hand,og,acc,180374,"{""seq"":2748,""x_mg"":472,""y_mg"":-52,""z_mg"":1016}"
56.578,left_hand,og,tilt,,"{""roll_deg"":0.5,""pitch_deg"":1.4,""steady"":true}"
56.578,left_hand,og,acc,180395,"{""seq"":2749,""x_mg"":520,""y_mg"":-36,""z_mg"":964}"
56.578,left_hand,og,tilt,,"{""roll_deg"":0.9,""pitch_deg"":1.7,""steady"":true}"
56.610,left_hand,og,acc,180415,"{""seq"":2750,""x_mg"":540,""y_mg"":24,""z_mg"":908}"
56.610,left_hand,og,tilt,,"{""roll_deg"":1.2,""pitch_deg"":2.2,""steady"":true}"
56.641,left_hand,og,acc,180436,"{""seq"":2751,""x_mg"":540,""y_mg"":24,""z_mg"":880}"
56.641,left_hand,og,tilt,,"{""roll_deg"":1.5,""pitch_deg"":3.0,""steady"":true}"
56.672,left_hand,og,acc,180456,"{""seq"":2752,""x_mg"":548,""y_mg"":-8,""z_mg"":864}"
56.672,left_hand,og,tilt,,"{""roll_deg"":2.0,""pitch_deg"":4.1,""steady"":true}"
56.672,left_hand,og,acc,180477,"{""seq"":2753,""x_mg"":564,""y_mg"":-32,""z_mg"":844}"
56.672,left_hand,og,tilt,,"{""roll_deg"":2.4,""pitch_deg"":5.1,""steady"":true}"
56.703,left_hand,og,acc,180498,"{""seq"":2754,""x_mg"":584,""y_mg"":-48,""z_mg"":820}"
56.703,left_hand,og,tilt,,"{""roll_deg"":2.8,""pitch_deg"":6.0,""steady"":true}"
56.735,left_hand,og,acc,180518,"{""seq"":2755,""x_mg"":588,""y_mg"":-52,""z_mg"":792}"
56.735,left_hand,og,tilt,,"{""roll_deg"":2.9,""pitch_deg"":7.1,""steady"":true}"
56.735,left_hand,og,acc,180539,"{""seq"":2756,""x_mg"":608,""y_mg"":-44,""z_mg"":768}"
56.735,left_hand,og,tilt,,"{""roll_deg"":2.9,""pitch_deg"":8.2,""steady"":true}"
56.766,left_hand,og,acc,180559,"{""seq"":2757,""x_mg"":620,""y_mg"":-24,""z_mg"":788}"
56.766,left_hand,og,tilt,,"{""roll_deg"":2.9,""pitch_deg"":9.3,""steady"":true}"
56.766,left_hand,og,acc,180580,"{""seq"":2758,""x_mg"":612,""y_mg"":-48,""z_mg"":788}"
56.766,left_hand,og,tilt,,"{""roll_deg"":2.8,""pitch_deg"":10.4,""steady"":true}"
56.797,left_hand,og,acc,180600,"{""seq"":2759,""x_mg"":612,""y_mg"":-56,""z_mg"":772}"
56.797,left_hand,og,tilt,,"{""roll_deg"":2.8,""pitch_deg"":11.5,""steady"":true}"
56.828,left_hand,og,acc,180621,"{""seq"":2760,""x_mg"":608,""y_mg"":-56,""z_mg"":740}"
56.828,left_hand,og,tilt,,"{""roll_deg"":2.8,""pitch_deg"":12.4,""steady"":true}"
56.860,left_hand,og,acc,180641,"{""seq"":2761,""x_mg"":600,""y_mg"":-56,""z_mg"":748}"
56.860,left_hand,og,tilt,,"{""roll_deg"":2.7,""pitch_deg"":13.2,""steady"":true}"
56.891,left_hand,og,acc,180662,"{""seq"":2762,""x_mg"":576,""y_mg"":-56,""z_mg"":784}"
56.891,left_hand,og,tilt,,"{""roll_deg"":2.6,""pitch_deg"":14.0,""steady"":true}"
56.891,left_hand,og,acc,180683,"{""seq"":2763,""x_mg"":580,""y_mg"":-128,""z_mg"":748}"
56.891,left_hand,og,tilt,,"{""roll_deg"":2.5,""pitch_deg"":14.6,""steady"":true}"
56.922,left_hand,og,acc,180703,"{""seq"":2764,""x_mg"":588,""y_mg"":-152,""z_mg"":712}"
56.922,left_hand,og,tilt,,"{""roll_deg"":2.4,""pitch_deg"":15.2,""steady"":true}"
56.922,left_hand,og,acc,180724,"{""seq"":2765,""x_mg"":568,""y_mg"":-152,""z_mg"":712}"
56.922,left_hand,og,tilt,,"{""roll_deg"":1.6,""pitch_deg"":15.7,""steady"":true}"
56.953,left_hand,og,acc,180744,"{""seq"":2766,""x_mg"":548,""y_mg"":-108,""z_mg"":748}"
56.953,left_hand,og,tilt,,"{""roll_deg"":1.0,""pitch_deg"":16.1,""steady"":true}"
56.985,left_hand,og,acc,180765,"{""seq"":2767,""x_mg"":532,""y_mg"":-36,""z_mg"":768}"
56.985,left_hand,og,tilt,,"{""roll_deg"":0.4,""pitch_deg"":16.4,""steady"":true}"
56.985,left_hand,og,acc,180785,"{""seq"":2768,""x_mg"":472,""y_mg"":-4,""z_mg"":804}"
56.985,left_hand,og,tilt,,"{""roll_deg"":0.1,""pitch_deg"":16.5,""steady"":true}"
57.000,left_hand,og,acc,180806,"{""seq"":2769,""x_mg"":384,""y_mg"":36,""z_mg"":848}"
57.000,left_hand,og,tilt,,"{""roll_deg"":0.5,""pitch_deg"":16.4,""steady"":true}"
57.032,left_hand,og,acc,180827,"{""seq"":2770,""x_mg"":360,""y_mg"":-4,""z_mg"":860}"
57.032,left_hand,og,tilt,,"{""roll_deg"":1.1,""pitch_deg"":15.8,""steady"":true}"
57.063,left_hand,og,acc,180847,"{""seq"":2771,""x_mg"":348,""y_mg"":-108,""z_mg"":860}"
57.063,left_hand,og,tilt,,"{""roll_deg"":1.7,""pitch_deg"":14.5,""steady"":true}"
57.063,left_hand,og,acc,180868,"{""seq"":2772,""x_mg"":276,""y_mg"":-180,""z_mg"":828}"
57.063,left_hand,og,tilt,,"{""roll_deg"":2.2,""pitch_deg"":13.2,""steady"":true}"
57.094,left_hand,og,acc,180888,"{""seq"":2773,""x_mg"":228,""y_mg"":-252,""z_mg"":812}"
57.094,left_hand,og,tilt,,"{""roll_deg"":1.8,""pitch_deg"":12.0,""steady"":true}"
57.125,left_hand,og,acc,180909,"{""seq"":2774,""x_mg"":184,""y_mg"":-304,""z_mg"":860}"
57.125,left_hand,og,tilt,,"{""roll_deg"":0.8,""pitch_deg"":10.5,""steady"":true}"
57.125,left_hand,og,acc,180929,"{""seq"":2775,""x_mg"":112,""y_mg"":-344,""z_mg"":900}"
57.125,left_hand,og,tilt,,"{""roll_deg"":-0.6,""pitch_deg"":8.8,""steady"":true}"
57.157,left_hand,og,acc,180950,"{""seq"":2776,""x_mg"":60,""y_mg"":-352,""z_mg"":868}"
57.157,left_hand,og,tilt,,"{""roll_deg"":-2.2,""pitch_deg"":6.9,""steady"":true}"
57.188,left_hand,og,acc,180971,"{""seq"":2777,""x_mg"":20,""y_mg"":-344,""z_mg"":840}"
57.188,left_hand,og,tilt,,"{""roll_deg"":-3.7,""pitch_deg"":4.6,""steady"":true}"
57.188,left_hand,og,acc,180991,"{""seq"":2778,""x_mg"":-8,""y_mg"":-344,""z_mg"":876}"
57.188,left_hand,og,tilt,,"{""roll_deg"":-5.1,""pitch_deg"":2.3,""steady"":true}"
57.203,left_hand,og,acc,181012,"{""seq"":2779,""x_mg"":-24,""y_mg"":-388,""z_mg"":964}"
57.203,left_hand,og,tilt,,"{""roll_deg"":-6.4,""pitch_deg"":-0.1,""steady"":true}"
57.235,left_hand,og,acc,181032,"{""seq"":2780,""x_mg"":-72,""y_mg"":-296,""z_mg"":1032}"
57.235,left_hand,og,tilt,,"{""roll_deg"":-7.5,""pitch_deg"":-2.5,""steady"":true}"
57.266,left_hand,og,acc,181053,"{""seq"":2781,""x_mg"":-120,""y_mg"":-292,""z_mg"":1060}"
57.266,left_hand,og,tilt,,"{""roll_deg"":-8.5,""pitch_deg"":-4.6,""steady"":true}"
57.266,left_hand,og,acc,181073,"{""seq"":2782,""x_mg"":-128,""y_mg"":-324,""z_mg"":1116}"
57.266,left_hand,og,tilt,,"{""roll_deg"":-8.7,""pitch_deg"":-6.8,""steady"":true}"
57.297,left_hand,og,acc,181094,"{""seq"":2783,""x_mg"":-96,""y_mg"":-332,""z_mg"":1116}"
57.297,left_hand,og,tilt,,"{""roll_deg"":-8.9,""pitch_deg"":-8.9,""steady"":true}"
57.328,left_hand,og,acc,181114,"{""seq"":2784,""x_mg"":-40,""y_mg"":-420,""z_mg"":1112}"
57.328,left_hand,og,tilt,,"{""roll_deg"":-9.0,""pitch_deg"":-10.7,""steady"":true}"
57.328,left_hand,og,acc,181135,"{""seq"":2785,""x_mg"":96,""y_mg"":-252,""z_mg"":1068}"
57.328,left_hand,og,tilt,,"{""roll_deg"":-9.2,""pitch_deg"":-12.3,""steady"":true}"
57.360,left_hand,og,acc,181156,"{""seq"":2786,""x_mg"":188,""y_mg"":-196,""z_mg"":948}"
57.360,left_hand,og,tilt,,"{""roll_deg"":-9.3,""pitch_deg"":-13.4,""steady"":true}"
57.391,left_hand,og,acc,181176,"{""seq"":2787,""x_mg"":216,""y_mg"":-236,""z_mg"":836}"
57.391,left_hand,og,tilt,,"{""roll_deg"":-9.3,""pitch_deg"":-13.4,""steady"":true}"
57.407,left_hand,og,acc,181197,"{""seq"":2788,""x_mg"":224,""y_mg"":-356,""z_mg"":848}"
57.407,left_hand,og,tilt,,"{""roll_deg"":-9.4,""pitch_deg"":-12.8,""steady"":true}"
57.438,left_hand,og,acc,181217,"{""seq"":2789,""x_mg"":216,""y_mg"":-520,""z_mg"":884}"
57.438,left_hand,og,tilt,,"{""roll_deg"":-9.4,""pitch_deg"":-11.9,""steady"":true}"
57.438,left_hand,og,acc,181238,"{""seq"":2790,""x_mg"":180,""y_mg"":-464,""z_mg"":920}"
57.438,left_hand,og,tilt,,"{""roll_deg"":-10.3,""pitch_deg"":-11.1,""steady"":true}"
57.469,left_hand,og,acc,181258,"{""seq"":2791,""x_mg"":184,""y_mg"":-240,""z_mg"":956}"
57.469,left_hand,og,tilt,,"{""roll_deg"":-11.1,""pitch_deg"":-10.4,""steady"":true}"
57.485,left_hand,og,acc,181279,"{""seq"":2792,""x_mg"":216,""y_mg"":-156,""z_mg"":968}"
57.485,left_hand,og,tilt,,"{""roll_deg"":-11.8,""pitch_deg"":-9.9,""steady"":true}"
57.500,left_hand,og,acc,181300,"{""seq"":2793,""x_mg"":212,""y_mg"":-168,""z_mg"":980}"
57.500,left_hand,og,tilt,,"{""roll_deg"":-11.3,""pitch_deg"":-9.6,""steady"":true}"
57.532,left_hand,og,acc,181320,"{""seq"":2794,""x_mg"":224,""y_mg"":-216,""z_mg"":1032}"
57.532,left_hand,og,tilt,,"{""roll_deg"":-10.7,""pitch_deg"":-9.3,""steady"":true}"
57.532,left_hand,og,acc,181341,"{""seq"":2795,""x_mg"":220,""y_mg"":-208,""z_mg"":1024}"
57.532,left_hand,og,tilt,,"{""roll_deg"":-10.0,""pitch_deg"":-9.0,""steady"":true}"
57.563,left_hand,og,acc,181361,"{""seq"":2796,""x_mg"":236,""y_mg"":-184,""z_mg"":1020}"
57.563,left_hand,og,tilt,,"{""roll_deg"":-9.3,""pitch_deg"":-8.7,""steady"":true}"
57.594,left_hand,og,acc,181382,"{""seq"":2797,""x_mg"":244,""y_mg"":-208,""z_mg"":940}"
57.594,left_hand,og,tilt,,"{""roll_deg"":-8.9,""pitch_deg"":-8.5,""steady"":true}"
57.610,left_hand,og,acc,181402,"{""seq"":2798,""x_mg"":260,""y_mg"":-212,""z_mg"":944}"
57.610,left_hand,og,tilt,,"{""roll_deg"":-8.5,""pitch_deg"":-8.2,""steady"":true}"
57.641,left_hand,og,acc,181423,"{""seq"":2799,""x_mg"":248,""y_mg"":-224,""z_mg"":924}"
57.641,left_hand,og,tilt,,"{""roll_deg"":-8.3,""pitch_deg"":-7.8,""steady"":true}"
57.641,left_hand,og,acc,181444,"{""seq"":2800,""x_mg"":212,""y_mg"":-240,""z_mg"":924}"
57.641,left_hand,og,tilt,,"{""roll_deg"":-8.1,""pitch_deg"":-7.4,""steady"":true}"
57.657,left_hand,og,acc,181464,"{""seq"":2801,""x_mg"":184,""y_mg"":-272,""z_mg"":948}"
57.657,left_hand,og,tilt,,"{""roll_deg"":-8.0,""pitch_deg"":-7.0,""steady"":true}"
57.688,left_hand,og,acc,181485,"{""seq"":2802,""x_mg"":172,""y_mg"":-312,""z_mg"":984}"
57.688,left_hand,og,tilt,,"{""roll_deg"":-8.1,""pitch_deg"":-6.9,""steady"":true}"
57.703,left_hand,og,acc,181505,"{""seq"":2803,""x_mg"":192,""y_mg"":-312,""z_mg"":992}"
57.703,left_hand,og,tilt,,"{""roll_deg"":-8.3,""pitch_deg"":-7.1,""steady"":true}"
57.719,left_hand,og,acc,181526,"{""seq"":2804,""x_mg"":172,""y_mg"":-256,""z_mg"":928}"
57.719,left_hand,og,tilt,,"{""roll_deg"":-8.5,""pitch_deg"":-7.2,""steady"":true}"
57.735,left_hand,og,acc,181546,"{""seq"":2805,""x_mg"":188,""y_mg"":-228,""z_mg"":924}"
57.735,left_hand,og,tilt,,"{""roll_deg"":-8.7,""pitch_deg"":-7.3,""steady"":true}"
57.782,left_hand,og,acc,181567,"{""seq"":2806,""x_mg"":212,""y_mg"":-212,""z_mg"":920}"
57.782,left_hand,og,tilt,,"{""roll_deg"":-8.8,""pitch_deg"":-7.4,""steady"":true}"
57.782,left_hand,og,acc,181587,"{""seq"":2807,""x_mg"":228,""y_mg"":-216,""z_mg"":936}"
57.782,left_hand,og,tilt,,"{""roll_deg"":-8.7,""pitch_deg"":-7.4,""steady"":true}"
57.813,left_hand,og,acc,181608,"{""seq"":2808,""x_mg"":208,""y_mg"":-240,""z_mg"":956}"
57.813,left_hand,og,tilt,,"{""roll_deg"":-8.6,""pitch_deg"":-7.4,""steady"":true}"
57.844,left_hand,og,acc,181629,"{""seq"":2809,""x_mg"":220,""y_mg"":-264,""z_mg"":944}"
57.844,left_hand,og,tilt,,"{""roll_deg"":-8.5,""pitch_deg"":-7.2,""steady"":true}"
57.844,left_hand,og,acc,181649,"{""seq"":2810,""x_mg"":216,""y_mg"":-252,""z_mg"":936}"
57.844,left_hand,og,tilt,,"{""roll_deg"":-8.4,""pitch_deg"":-7.1,""steady"":true}"
57.875,left_hand,og,acc,181670,"{""seq"":2811,""x_mg"":220,""y_mg"":-272,""z_mg"":940}"
57.875,left_hand,og,tilt,,"{""roll_deg"":-8.5,""pitch_deg"":-6.9,""steady"":true}"
57.907,left_hand,og,acc,181690,"{""seq"":2812,""x_mg"":220,""y_mg"":-280,""z_mg"":944}"
57.907,left_hand,og,tilt,,"{""roll_deg"":-8.6,""pitch_deg"":-6.8,""steady"":true}"
57.907,left_hand,og,acc,181711,"{""seq"":2813,""x_mg"":212,""y_mg"":-244,""z_mg"":940}"
57.907,left_hand,og,tilt,,"{""roll_deg"":-8.7,""pitch_deg"":-6.7,""steady"":true}"
57.938,left_hand,og,acc,181731,"{""seq"":2814,""x_mg"":212,""y_mg"":-232,""z_mg"":972}"
57.938,left_hand,og,tilt,,"{""roll_deg"":-8.8,""pitch_deg"":-6.6,""steady"":true}"
57.938,left_hand,og,acc,181752,"{""seq"":2815,""x_mg"":204,""y_mg"":-228,""z_mg"":956}"
57.938,left_hand,og,tilt,,"{""roll_deg"":-8.8,""pitch_deg"":-6.6,""steady"":true}"
57.969,left_hand,og,acc,181773,"{""seq"":2816,""x_mg"":216,""y_mg"":-220,""z_mg"":960}"
57.969,left_hand,og,tilt,,"{""roll_deg"":-8.6,""pitch_deg"":-6.6,""steady"":true}"
58.000,left_hand,og,acc,181793,"{""seq"":2817,""x_mg"":216,""y_mg"":-256,""z_mg"":948}"
58.000,left_hand,og,tilt,,"{""roll_deg"":-8.4,""pitch_deg"":-6.6,""steady"":true}"
58.032,left_hand,og,acc,181814,"{""seq"":2818,""x_mg"":240,""y_mg"":-256,""z_mg"":952}"
58.032,left_hand,og,tilt,,"{""roll_deg"":-8.3,""pitch_deg"":-6.5,""steady"":true}"
58.032,left_hand,og,acc,181834,"{""seq"":2819,""x_mg"":224,""y_mg"":-236,""z_mg"":936}"
58.032,left_hand,og,tilt,,"{""roll_deg"":-8.3,""pitch_deg"":-6.5,""steady"":true}"
58.047,left_hand,og,acc,181855,"{""seq"":2820,""x_mg"":232,""y_mg"":-224,""z_mg"":932}"
58.047,left_hand,og,tilt,,"{""roll_deg"":-8.3,""pitch_deg"":-6.4,""steady"":true}"
58.078,left_hand,og,acc,181875,"{""seq"":2821,""x_mg"":220,""y_mg"":-252,""z_mg"":940}"
58.078,left_hand,og,tilt,,"{""roll_deg"":-8.4,""pitch_deg"":-6.3,""steady"":true}"
58.110,left_hand,og,acc,181896,"{""seq"":2822,""x_mg"":216,""y_mg"":-264,""z_mg"":944}"
58.110,left_hand,og,tilt,,"{""roll_deg"":-8.4,""pitch_deg"":-6.2,""steady"":true}"
58.141,left_hand,og,acc,181917,"{""seq"":2823,""x_mg"":224,""y_mg"":-256,""z_mg"":932}"
58.141,left_hand,og,tilt,,"{""roll_deg"":-8.5,""pitch_deg"":-6.2,""steady"":true}"
58.141,left_hand,og,acc,181937,"{""seq"":2824,""x_mg"":232,""y_mg"":-256,""z_mg"":948}"
58.141,left_hand,og,tilt,,"{""roll_deg"":-8.6,""pitch_deg"":-6.1,""steady"":true}"
58.172,left_hand,og,acc,181958,"{""seq"":2825,""x_mg"":220,""y_mg"":-240,""z_mg"":980}"
58.172,left_hand,og,tilt,,"{""roll_deg"":-8.6,""pitch_deg"":-6.1,""steady"":true}"
